Random seed: 456789
00:00.186	ID:13	[INFO: Main      ] Starting Contiki-NG-release/v5.1-199-g2d20e000c-dirty
00:00.186	ID:13	[INFO: Main      ] - Routing: RPL Lite
00:00.186	ID:13	[INFO: Main      ] - Net: sicslowpan
00:00.186	ID:13	[INFO: Main      ] - MAC: CSMA
00:00.186	ID:13	[INFO: Main      ] - 802.15.4 PANID: 0xabcd
00:00.186	ID:13	[INFO: Main      ] - 802.15.4 Default channel: 26
00:00.186	ID:13	[INFO: Main      ] Node ID: 13
00:00.186	ID:13	[INFO: Main      ] Link-layer address: 000d.000d.000d.000d
00:00.186	ID:13	[INFO: Main      ] Tentative link-local IPv6 address: fe80::20d:d:d:d
00:00.232	ID:6	[INFO: Main      ] Starting Contiki-NG-release/v5.1-199-g2d20e000c-dirty
00:00.232	ID:6	[INFO: Main      ] - Routing: RPL Lite
00:00.232	ID:6	[INFO: Main      ] - Net: sicslowpan
00:00.232	ID:6	[INFO: Main      ] - MAC: CSMA
00:00.232	ID:6	[INFO: Main      ] - 802.15.4 PANID: 0xabcd
00:00.232	ID:6	[INFO: Main      ] - 802.15.4 Default channel: 26
00:00.232	ID:6	[INFO: Main      ] Node ID: 6
00:00.232	ID:6	[INFO: Main      ] Link-layer address: 0006.0006.0006.0006
00:00.232	ID:6	[INFO: Main      ] Tentative link-local IPv6 address: fe80::206:6:6:6
00:00.235	ID:10	[INFO: Main      ] Starting Contiki-NG-release/v5.1-199-g2d20e000c-dirty
00:00.235	ID:10	[INFO: Main      ] - Routing: RPL Lite
00:00.235	ID:10	[INFO: Main      ] - Net: sicslowpan
00:00.235	ID:10	[INFO: Main      ] - MAC: CSMA
00:00.235	ID:10	[INFO: Main      ] - 802.15.4 PANID: 0xabcd
00:00.235	ID:10	[INFO: Main      ] - 802.15.4 Default channel: 26
00:00.235	ID:10	[INFO: Main      ] Node ID: 10
00:00.235	ID:10	[INFO: Main      ] Link-layer address: 000a.000a.000a.000a
00:00.235	ID:10	[INFO: Main      ] Tentative link-local IPv6 address: fe80::20a:a:a:a
00:00.254	ID:12	[INFO: Main      ] Starting Contiki-NG-release/v5.1-199-g2d20e000c-dirty
00:00.254	ID:12	[INFO: Main      ] - Routing: RPL Lite
00:00.254	ID:12	[INFO: Main      ] - Net: sicslowpan
00:00.254	ID:12	[INFO: Main      ] - MAC: CSMA
00:00.254	ID:12	[INFO: Main      ] - 802.15.4 PANID: 0xabcd
00:00.254	ID:12	[INFO: Main      ] - 802.15.4 Default channel: 26
00:00.254	ID:12	[INFO: Main      ] Node ID: 12
00:00.254	ID:12	[INFO: Main      ] Link-layer address: 000c.000c.000c.000c
00:00.254	ID:12	[INFO: Main      ] Tentative link-local IPv6 address: fe80::20c:c:c:c
00:00.261	ID:2	[INFO: Main      ] Starting Contiki-NG-release/v5.1-199-g2d20e000c-dirty
00:00.261	ID:2	[INFO: Main      ] - Routing: RPL Lite
00:00.261	ID:2	[INFO: Main      ] - Net: sicslowpan
00:00.261	ID:2	[INFO: Main      ] - MAC: CSMA
00:00.261	ID:2	[INFO: Main      ] - 802.15.4 PANID: 0xabcd
00:00.261	ID:2	[INFO: Main      ] - 802.15.4 Default channel: 26
00:00.261	ID:2	[INFO: Main      ] Node ID: 2
00:00.261	ID:2	[INFO: Main      ] Link-layer address: 0002.0002.0002.0002
00:00.261	ID:2	[INFO: Main      ] Tentative link-local IPv6 address: fe80::202:2:2:2
00:00.343	ID:16	[INFO: Main      ] Starting Contiki-NG-release/v5.1-199-g2d20e000c-dirty
00:00.343	ID:16	[INFO: Main      ] - Routing: RPL Lite
00:00.343	ID:16	[INFO: Main      ] - Net: sicslowpan
00:00.343	ID:16	[INFO: Main      ] - MAC: CSMA
00:00.343	ID:16	[INFO: Main      ] - 802.15.4 PANID: 0xabcd
00:00.343	ID:16	[INFO: Main      ] - 802.15.4 Default channel: 26
00:00.343	ID:16	[INFO: Main      ] Node ID: 16
00:00.343	ID:16	[INFO: Main      ] Link-layer address: 0010.0010.0010.0010
00:00.343	ID:16	[INFO: Main      ] Tentative link-local IPv6 address: fe80::210:10:10:10
00:00.343	ID:16	[INFO: SINKHOLE  ] SINKHOLE ROUTER: started, attack disabled
00:00.389	ID:14	[INFO: Main      ] Starting Contiki-NG-release/v5.1-199-g2d20e000c-dirty
00:00.389	ID:14	[INFO: Main      ] - Routing: RPL Lite
00:00.389	ID:14	[INFO: Main      ] - Net: sicslowpan
00:00.389	ID:14	[INFO: Main      ] - MAC: CSMA
00:00.389	ID:14	[INFO: Main      ] - 802.15.4 PANID: 0xabcd
00:00.389	ID:14	[INFO: Main      ] - 802.15.4 Default channel: 26
00:00.389	ID:14	[INFO: Main      ] Node ID: 14
00:00.389	ID:14	[INFO: Main      ] Link-layer address: 000e.000e.000e.000e
00:00.389	ID:14	[INFO: Main      ] Tentative link-local IPv6 address: fe80::20e:e:e:e
00:00.476	ID:15	[INFO: Main      ] Starting Contiki-NG-release/v5.1-199-g2d20e000c-dirty
00:00.476	ID:15	[INFO: Main      ] - Routing: RPL Lite
00:00.476	ID:15	[INFO: Main      ] - Net: sicslowpan
00:00.476	ID:15	[INFO: Main      ] - MAC: CSMA
00:00.476	ID:15	[INFO: Main      ] - 802.15.4 PANID: 0xabcd
00:00.476	ID:15	[INFO: Main      ] - 802.15.4 Default channel: 26
00:00.476	ID:15	[INFO: Main      ] Node ID: 15
00:00.476	ID:15	[INFO: Main      ] Link-layer address: 000f.000f.000f.000f
00:00.476	ID:15	[INFO: Main      ] Tentative link-local IPv6 address: fe80::20f:f:f:f
00:00.501	ID:3	[INFO: Main      ] Starting Contiki-NG-release/v5.1-199-g2d20e000c-dirty
00:00.501	ID:3	[INFO: Main      ] - Routing: RPL Lite
00:00.501	ID:3	[INFO: Main      ] - Net: sicslowpan
00:00.501	ID:3	[INFO: Main      ] - MAC: CSMA
00:00.501	ID:3	[INFO: Main      ] - 802.15.4 PANID: 0xabcd
00:00.501	ID:3	[INFO: Main      ] - 802.15.4 Default channel: 26
00:00.501	ID:3	[INFO: Main      ] Node ID: 3
00:00.501	ID:3	[INFO: Main      ] Link-layer address: 0003.0003.0003.0003
00:00.501	ID:3	[INFO: Main      ] Tentative link-local IPv6 address: fe80::203:3:3:3
00:00.507	ID:5	[INFO: Main      ] Starting Contiki-NG-release/v5.1-199-g2d20e000c-dirty
00:00.507	ID:5	[INFO: Main      ] - Routing: RPL Lite
00:00.507	ID:5	[INFO: Main      ] - Net: sicslowpan
00:00.507	ID:5	[INFO: Main      ] - MAC: CSMA
00:00.507	ID:5	[INFO: Main      ] - 802.15.4 PANID: 0xabcd
00:00.507	ID:5	[INFO: Main      ] - 802.15.4 Default channel: 26
00:00.507	ID:5	[INFO: Main      ] Node ID: 5
00:00.507	ID:5	[INFO: Main      ] Link-layer address: 0005.0005.0005.0005
00:00.507	ID:5	[INFO: Main      ] Tentative link-local IPv6 address: fe80::205:5:5:5
00:00.549	ID:8	[INFO: Main      ] Starting Contiki-NG-release/v5.1-199-g2d20e000c-dirty
00:00.549	ID:8	[INFO: Main      ] - Routing: RPL Lite
00:00.549	ID:8	[INFO: Main      ] - Net: sicslowpan
00:00.549	ID:8	[INFO: Main      ] - MAC: CSMA
00:00.549	ID:8	[INFO: Main      ] - 802.15.4 PANID: 0xabcd
00:00.549	ID:8	[INFO: Main      ] - 802.15.4 Default channel: 26
00:00.549	ID:8	[INFO: Main      ] Node ID: 8
00:00.549	ID:8	[INFO: Main      ] Link-layer address: 0008.0008.0008.0008
00:00.549	ID:8	[INFO: Main      ] Tentative link-local IPv6 address: fe80::208:8:8:8
00:00.656	ID:9	[INFO: Main      ] Starting Contiki-NG-release/v5.1-199-g2d20e000c-dirty
00:00.656	ID:9	[INFO: Main      ] - Routing: RPL Lite
00:00.656	ID:9	[INFO: Main      ] - Net: sicslowpan
00:00.656	ID:9	[INFO: Main      ] - MAC: CSMA
00:00.656	ID:9	[INFO: Main      ] - 802.15.4 PANID: 0xabcd
00:00.656	ID:9	[INFO: Main      ] - 802.15.4 Default channel: 26
00:00.656	ID:9	[INFO: Main      ] Node ID: 9
00:00.656	ID:9	[INFO: Main      ] Link-layer address: 0009.0009.0009.0009
00:00.656	ID:9	[INFO: Main      ] Tentative link-local IPv6 address: fe80::209:9:9:9
00:00.696	ID:4	[INFO: Main      ] Starting Contiki-NG-release/v5.1-199-g2d20e000c-dirty
00:00.696	ID:4	[INFO: Main      ] - Routing: RPL Lite
00:00.696	ID:4	[INFO: Main      ] - Net: sicslowpan
00:00.696	ID:4	[INFO: Main      ] - MAC: CSMA
00:00.696	ID:4	[INFO: Main      ] - 802.15.4 PANID: 0xabcd
00:00.696	ID:4	[INFO: Main      ] - 802.15.4 Default channel: 26
00:00.696	ID:4	[INFO: Main      ] Node ID: 4
00:00.696	ID:4	[INFO: Main      ] Link-layer address: 0004.0004.0004.0004
00:00.696	ID:4	[INFO: Main      ] Tentative link-local IPv6 address: fe80::204:4:4:4
00:00.782	ID:7	[INFO: Main      ] Starting Contiki-NG-release/v5.1-199-g2d20e000c-dirty
00:00.782	ID:7	[INFO: Main      ] - Routing: RPL Lite
00:00.782	ID:7	[INFO: Main      ] - Net: sicslowpan
00:00.782	ID:7	[INFO: Main      ] - MAC: CSMA
00:00.782	ID:7	[INFO: Main      ] - 802.15.4 PANID: 0xabcd
00:00.782	ID:7	[INFO: Main      ] - 802.15.4 Default channel: 26
00:00.782	ID:7	[INFO: Main      ] Node ID: 7
00:00.782	ID:7	[INFO: Main      ] Link-layer address: 0007.0007.0007.0007
00:00.782	ID:7	[INFO: Main      ] Tentative link-local IPv6 address: fe80::207:7:7:7
00:00.809	ID:1	[INFO: Main      ] Starting Contiki-NG-release/v5.1-199-g2d20e000c-dirty
00:00.809	ID:1	[INFO: Main      ] - Routing: RPL Lite
00:00.809	ID:1	[INFO: Main      ] - Net: sicslowpan
00:00.809	ID:1	[INFO: Main      ] - MAC: CSMA
00:00.809	ID:1	[INFO: Main      ] - 802.15.4 PANID: 0xabcd
00:00.809	ID:1	[INFO: Main      ] - 802.15.4 Default channel: 26
00:00.809	ID:1	[INFO: Main      ] Node ID: 1
00:00.809	ID:1	[INFO: Main      ] Link-layer address: 0001.0001.0001.0001
00:00.809	ID:1	[INFO: Main      ] Tentative link-local IPv6 address: fe80::201:1:1:1
00:00.873	ID:11	[INFO: Main      ] Starting Contiki-NG-release/v5.1-199-g2d20e000c-dirty
00:00.873	ID:11	[INFO: Main      ] - Routing: RPL Lite
00:00.873	ID:11	[INFO: Main      ] - Net: sicslowpan
00:00.873	ID:11	[INFO: Main      ] - MAC: CSMA
00:00.873	ID:11	[INFO: Main      ] - 802.15.4 PANID: 0xabcd
00:00.873	ID:11	[INFO: Main      ] - 802.15.4 Default channel: 26
00:00.873	ID:11	[INFO: Main      ] Node ID: 11
00:00.873	ID:11	[INFO: Main      ] Link-layer address: 000b.000b.000b.000b
00:00.873	ID:11	[INFO: Main      ] Tentative link-local IPv6 address: fe80::20b:b:b:b
00:01.359	ID:2	[INFO: App       ] Not reachable yet
00:01.448	ID:5	[INFO: App       ] Not reachable yet
00:02.289	ID:14	[INFO: App       ] Not reachable yet
00:02.366	ID:6	[INFO: App       ] Not reachable yet
00:03.984	ID:12	[INFO: App       ] Not reachable yet
00:04.212	ID:9	[INFO: App       ] Not reachable yet
00:04.801	ID:16	[WARN: RPL       ] just joined, no parent yet, setting timer for leaving
00:05.066	ID:10	[INFO: App       ] Not reachable yet
00:05.854	ID:15	[INFO: App       ] Not reachable yet
00:08.122	ID:3	[INFO: App       ] Not reachable yet
00:08.622	ID:4	[INFO: App       ] Not reachable yet
00:08.940	ID:11	[INFO: App       ] Not reachable yet
00:09.865	ID:7	[INFO: App       ] Not reachable yet
00:09.887	ID:13	[INFO: App       ] Not reachable yet
00:10.293	ID:8	[INFO: App       ] Not reachable yet
00:10.904	ID:5	[INFO: App       ] Not reachable yet
00:11.198	ID:2	[INFO: App       ] Not reachable yet
00:11.701	ID:6	[INFO: App       ] Not reachable yet
00:11.747	ID:14	[INFO: App       ] Not reachable yet
00:13.610	ID:16	[WARN: RPL       ] found parent: fe80::201:1:1:1, staying in DAG
00:14.781	ID:12	[INFO: App       ] Not reachable yet
00:14.904	ID:9	[INFO: App       ] Not reachable yet
00:15.303	ID:10	[INFO: App       ] Not reachable yet
00:15.319	ID:2	[WARN: RPL       ] dis_input: not in an instance yet, discard
00:15.319	ID:3	[WARN: RPL       ] dis_input: not in an instance yet, discard
00:15.319	ID:7	[WARN: RPL       ] dis_input: not in an instance yet, discard
00:15.319	ID:8	[WARN: RPL       ] dis_input: not in an instance yet, discard
00:15.319	ID:9	[WARN: RPL       ] dis_input: not in an instance yet, discard
00:15.319	ID:12	[WARN: RPL       ] dis_input: not in an instance yet, discard
00:15.319	ID:13	[WARN: RPL       ] dis_input: not in an instance yet, discard
00:15.540	ID:15	[INFO: App       ] Not reachable yet
00:15.613	ID:8	[WARN: RPL       ] dis_input: not in an instance yet, discard
00:15.613	ID:9	[WARN: RPL       ] dis_input: not in an instance yet, discard
00:15.613	ID:10	[WARN: RPL       ] dis_input: not in an instance yet, discard
00:15.613	ID:11	[WARN: RPL       ] dis_input: not in an instance yet, discard
00:15.613	ID:12	[WARN: RPL       ] dis_input: not in an instance yet, discard
00:15.613	ID:13	[WARN: RPL       ] dis_input: not in an instance yet, discard
00:15.613	ID:14	[WARN: RPL       ] dis_input: not in an instance yet, discard
00:16.150	ID:6	[WARN: RPL       ] dis_input: not in an instance yet, discard
00:16.150	ID:7	[WARN: RPL       ] dis_input: not in an instance yet, discard
00:16.150	ID:8	[WARN: RPL       ] dis_input: not in an instance yet, discard
00:16.150	ID:9	[WARN: RPL       ] dis_input: not in an instance yet, discard
00:16.150	ID:10	[WARN: RPL       ] dis_input: not in an instance yet, discard
00:16.150	ID:12	[WARN: RPL       ] dis_input: not in an instance yet, discard
00:16.150	ID:14	[WARN: RPL       ] dis_input: not in an instance yet, discard
00:16.150	ID:15	[WARN: RPL       ] dis_input: not in an instance yet, discard
00:17.546	ID:3	[INFO: App       ] Not reachable yet
00:18.241	ID:11	[INFO: App       ] Not reachable yet
00:18.561	ID:4	[INFO: App       ] Not reachable yet
00:19.000	ID:2	[WARN: RPL       ] just joined, no parent yet, setting timer for leaving
00:19.000	ID:3	[WARN: RPL       ] just joined, no parent yet, setting timer for leaving
00:19.000	ID:4	[WARN: RPL       ] just joined, no parent yet, setting timer for leaving
00:19.000	ID:5	[WARN: RPL       ] just joined, no parent yet, setting timer for leaving
00:20.038	ID:7	[INFO: App       ] Not reachable yet
00:20.203	ID:13	[INFO: App       ] Not reachable yet
00:20.911	ID:14	[INFO: App       ] Not reachable yet
00:21.042	ID:8	[INFO: App       ] Not reachable yet
00:21.211	ID:5	[INFO: App       ] Not reachable yet
00:21.370	ID:2	[INFO: App       ] Not reachable yet
00:21.768	ID:6	[INFO: App       ] Not reachable yet
00:24.317	ID:10	[INFO: App       ] Not reachable yet
00:24.630	ID:3	[WARN: RPL       ] found parent: fe80::210:10:10:10, staying in DAG
00:24.855	ID:9	[INFO: App       ] Not reachable yet
00:24.872	ID:12	[INFO: App       ] Not reachable yet
00:24.927	ID:15	[INFO: App       ] Not reachable yet
00:25.232	ID:4	[WARN: RPL       ] found parent: fe80::210:10:10:10, staying in DAG
00:25.672	ID:6	[WARN: RPL       ] dis_input: not in an instance yet, discard
00:25.672	ID:8	[WARN: RPL       ] dis_input: not in an instance yet, discard
00:25.672	ID:9	[WARN: RPL       ] dis_input: not in an instance yet, discard
00:25.672	ID:10	[WARN: RPL       ] dis_input: not in an instance yet, discard
00:25.672	ID:12	[WARN: RPL       ] dis_input: not in an instance yet, discard
00:25.672	ID:13	[WARN: RPL       ] dis_input: not in an instance yet, discard
00:25.672	ID:14	[WARN: RPL       ] dis_input: not in an instance yet, discard
00:26.550	ID:2	[WARN: RPL       ] found parent: fe80::210:10:10:10, staying in DAG
00:27.146	ID:3	[INFO: App       ] Not reachable yet
00:27.595	ID:6	[WARN: RPL       ] dis_input: not in an instance yet, discard
00:27.595	ID:7	[WARN: RPL       ] dis_input: not in an instance yet, discard
00:27.595	ID:9	[WARN: RPL       ] dis_input: not in an instance yet, discard
00:27.595	ID:10	[WARN: RPL       ] dis_input: not in an instance yet, discard
00:27.595	ID:11	[WARN: RPL       ] dis_input: not in an instance yet, discard
00:27.595	ID:12	[WARN: RPL       ] dis_input: not in an instance yet, discard
00:27.595	ID:13	[WARN: RPL       ] dis_input: not in an instance yet, discard
00:27.595	ID:14	[WARN: RPL       ] dis_input: not in an instance yet, discard
00:27.595	ID:15	[WARN: RPL       ] dis_input: not in an instance yet, discard
00:27.620	ID:4	[INFO: App       ] Not reachable yet
00:27.910	ID:11	[INFO: App       ] Not reachable yet
00:28.294	ID:5	[WARN: RPL       ] found parent: fe80::210:10:10:10, staying in DAG
00:29.712	ID:7	[INFO: App       ] Not reachable yet
00:30.072	ID:8	[INFO: App       ] Not reachable yet
00:30.340	ID:13	[INFO: App       ] Not reachable yet
00:30.349	ID:5	[INFO: App       ] Not reachable yet
00:30.366	ID:7	[WARN: RPL       ] dis_input: not in an instance yet, discard
00:30.366	ID:8	[WARN: RPL       ] dis_input: not in an instance yet, discard
00:30.366	ID:9	[WARN: RPL       ] dis_input: not in an instance yet, discard
00:30.366	ID:12	[WARN: RPL       ] dis_input: not in an instance yet, discard
00:30.366	ID:13	[WARN: RPL       ] dis_input: not in an instance yet, discard
00:30.657	ID:14	[INFO: App       ] Not reachable yet
00:30.884	ID:6	[INFO: App       ] Not reachable yet
00:31.776	ID:6	[WARN: RPL       ] just joined, no parent yet, setting timer for leaving
00:31.776	ID:7	[WARN: RPL       ] just joined, no parent yet, setting timer for leaving
00:31.776	ID:8	[WARN: RPL       ] just joined, no parent yet, setting timer for leaving
00:31.776	ID:9	[WARN: RPL       ] just joined, no parent yet, setting timer for leaving
00:31.776	ID:10	[WARN: RPL       ] just joined, no parent yet, setting timer for leaving
00:32.039	ID:2	[INFO: App       ] Tx/Rx/MissedTx: 0/0/0
00:32.039	ID:2	[INFO: App       ] Sending request 0 to fd00::201:1:1:1
00:32.083	ID:1	[INFO: App       ] Received request 'hello 0' from fd00::202:2:2:2
00:32.083	ID:1	[INFO: App       ] Sending response.
00:32.129	ID:2	[INFO: App       ] Received response 'hello 0' from fd00::201:1:1:1
00:32.312	ID:11	[WARN: RPL       ] just joined, no parent yet, setting timer for leaving
00:34.254	ID:15	[INFO: App       ] Not reachable yet
00:34.410	ID:9	[INFO: App       ] Not reachable yet
00:34.755	ID:12	[WARN: RPL       ] dis_input: not in an instance yet, discard
00:34.755	ID:13	[WARN: RPL       ] dis_input: not in an instance yet, discard
00:34.755	ID:15	[WARN: RPL       ] dis_input: not in an instance yet, discard
00:34.971	ID:10	[INFO: App       ] Not reachable yet
00:35.374	ID:13	[WARN: RPL       ] dis_input: not in an instance yet, discard
00:35.374	ID:14	[WARN: RPL       ] dis_input: not in an instance yet, discard
00:35.374	ID:15	[WARN: RPL       ] dis_input: not in an instance yet, discard
00:35.565	ID:12	[INFO: App       ] Not reachable yet
00:37.950	ID:12	[WARN: RPL       ] dis_input: not in an instance yet, discard
00:37.950	ID:14	[WARN: RPL       ] dis_input: not in an instance yet, discard
00:37.950	ID:15	[WARN: RPL       ] dis_input: not in an instance yet, discard
00:38.141	ID:3	[INFO: App       ] Tx/Rx/MissedTx: 0/0/0
00:38.141	ID:3	[INFO: App       ] Sending request 0 to fd00::201:1:1:1
00:38.221	ID:1	[INFO: App       ] Received request 'hello 0' from fd00::203:3:3:3
00:38.221	ID:1	[INFO: App       ] Sending response.
00:38.235	ID:3	[INFO: App       ] Received response 'hello 0' from fd00::201:1:1:1
00:38.472	ID:11	[INFO: App       ] Not reachable yet
00:38.614	ID:4	[INFO: App       ] Tx/Rx/MissedTx: 0/0/0
00:38.614	ID:4	[INFO: App       ] Sending request 0 to fd00::201:1:1:1
00:38.644	ID:1	[INFO: App       ] Received request 'hello 0' from fd00::204:4:4:4
00:38.644	ID:1	[INFO: App       ] Sending response.
00:38.697	ID:4	[INFO: App       ] Received response 'hello 0' from fd00::201:1:1:1
00:38.892	ID:10	[WARN: RPL       ] found parent: fe80::203:3:3:3, staying in DAG
00:39.331	ID:8	[INFO: App       ] Not reachable yet
00:39.567	ID:6	[WARN: RPL       ] found parent: fe80::203:3:3:3, staying in DAG
00:40.133	ID:7	[INFO: App       ] Not reachable yet
00:40.369	ID:5	[INFO: App       ] Tx/Rx/MissedTx: 0/0/0
00:40.369	ID:5	[INFO: App       ] Sending request 0 to fd00::201:1:1:1
00:40.399	ID:1	[INFO: App       ] Received request 'hello 0' from fd00::205:5:5:5
00:40.399	ID:1	[INFO: App       ] Sending response.
00:40.424	ID:6	[INFO: App       ] Not reachable yet
00:40.446	ID:5	[INFO: App       ] Received response 'hello 0' from fd00::201:1:1:1
00:40.752	ID:13	[INFO: App       ] Not reachable yet
00:40.864	ID:14	[INFO: App       ] Not reachable yet
00:42.073	ID:8	[WARN: RPL       ] found parent: fe80::203:3:3:3, staying in DAG
00:42.089	ID:2	[INFO: App       ] Sending request 1 to fd00::201:1:1:1
00:42.141	ID:1	[INFO: App       ] Received request 'hello 1' from fd00::202:2:2:2
00:42.141	ID:1	[INFO: App       ] Sending response.
00:42.217	ID:2	[INFO: App       ] Received response 'hello 1' from fd00::201:1:1:1
00:43.989	ID:10	[INFO: App       ] Tx/Rx/MissedTx: 0/0/0
00:43.989	ID:10	[INFO: App       ] Sending request 0 to fd00::201:1:1:1
00:44.062	ID:1	[INFO: App       ] Received request 'hello 0' from fd00::20a:a:a:a
00:44.062	ID:1	[INFO: App       ] Sending response.
00:44.136	ID:10	[INFO: App       ] Received response 'hello 0' from fd00::201:1:1:1
00:44.183	ID:15	[INFO: App       ] Not reachable yet
00:44.213	ID:12	[WARN: RPL       ] just joined, no parent yet, setting timer for leaving
00:44.213	ID:13	[WARN: RPL       ] just joined, no parent yet, setting timer for leaving
00:44.263	ID:9	[INFO: App       ] Not reachable yet
00:44.454	ID:11	[WARN: RPL       ] found parent: fe80::204:4:4:4, staying in DAG
00:44.665	ID:9	[WARN: RPL       ] found parent: fe80::202:2:2:2, staying in DAG
00:45.283	ID:7	[WARN: RPL       ] found parent: fe80::204:4:4:4, staying in DAG
00:45.339	ID:12	[INFO: App       ] Not reachable yet
00:47.296	ID:14	[WARN: RPL       ] just joined, no parent yet, setting timer for leaving
00:47.296	ID:15	[WARN: RPL       ] just joined, no parent yet, setting timer for leaving
00:48.258	ID:11	[INFO: App       ] Not reachable yet
00:48.710	ID:4	[INFO: App       ] Sending request 1 to fd00::201:1:1:1
00:48.755	ID:1	[INFO: App       ] Received request 'hello 1' from fd00::204:4:4:4
00:48.755	ID:1	[INFO: App       ] Sending response.
00:48.836	ID:4	[INFO: App       ] Received response 'hello 1' from fd00::201:1:1:1
00:48.848	ID:8	[INFO: App       ] Tx/Rx/MissedTx: 0/0/0
00:48.848	ID:8	[INFO: App       ] Sending request 0 to fd00::201:1:1:1
00:48.957	ID:1	[INFO: App       ] Received request 'hello 0' from fd00::208:8:8:8
00:48.957	ID:1	[INFO: App       ] Sending response.
00:49.028	ID:8	[INFO: App       ] Received response 'hello 0' from fd00::201:1:1:1
00:49.029	ID:3	[INFO: App       ] Sending request 1 to fd00::201:1:1:1
00:49.086	ID:1	[INFO: App       ] Received request 'hello 1' from fd00::203:3:3:3
00:49.086	ID:1	[INFO: App       ] Sending response.
00:49.140	ID:3	[INFO: App       ] Received response 'hello 1' from fd00::201:1:1:1
00:49.610	ID:5	[INFO: App       ] Sending request 1 to fd00::201:1:1:1
00:49.690	ID:1	[INFO: App       ] Received request 'hello 1' from fd00::205:5:5:5
00:49.690	ID:1	[INFO: App       ] Sending response.
00:49.758	ID:5	[INFO: App       ] Received response 'hello 1' from fd00::201:1:1:1
00:50.695	ID:12	[WARN: RPL       ] found parent: fe80::206:6:6:6, staying in DAG
00:50.779	ID:6	[INFO: App       ] Tx/Rx/MissedTx: 0/0/0
00:50.779	ID:6	[INFO: App       ] Sending request 0 to fd00::201:1:1:1
00:50.851	ID:1	[INFO: App       ] Received request 'hello 0' from fd00::206:6:6:6
00:50.851	ID:1	[INFO: App       ] Sending response.
00:50.909	ID:6	[INFO: App       ] Received response 'hello 0' from fd00::201:1:1:1
00:51.132	ID:7	[INFO: App       ] Tx/Rx/MissedTx: 0/0/0
00:51.132	ID:7	[INFO: App       ] Sending request 0 to fd00::201:1:1:1
00:51.209	ID:1	[INFO: App       ] Received request 'hello 0' from fd00::207:7:7:7
00:51.209	ID:1	[INFO: App       ] Sending response.
00:51.222	ID:13	[INFO: App       ] Not reachable yet
00:51.225	ID:14	[INFO: App       ] Not reachable yet
00:51.330	ID:7	[INFO: App       ] Received response 'hello 0' from fd00::201:1:1:1
00:51.923	ID:2	[INFO: App       ] Sending request 2 to fd00::201:1:1:1
00:51.963	ID:1	[INFO: App       ] Received request 'hello 2' from fd00::202:2:2:2
00:51.963	ID:1	[INFO: App       ] Sending response.
00:52.016	ID:2	[INFO: App       ] Received response 'hello 2' from fd00::201:1:1:1
00:53.077	ID:13	[WARN: RPL       ] found parent: fe80::206:6:6:6, staying in DAG
00:53.350	ID:14	[WARN: RPL       ] found parent: fe80::208:8:8:8, staying in DAG
00:53.604	ID:15	[INFO: App       ] Not reachable yet
00:54.225	ID:9	[INFO: App       ] Tx/Rx/MissedTx: 0/0/0
00:54.225	ID:9	[INFO: App       ] Sending request 0 to fd00::201:1:1:1
00:54.303	ID:1	[INFO: App       ] Received request 'hello 0' from fd00::209:9:9:9
00:54.303	ID:1	[INFO: App       ] Sending response.
00:54.379	ID:9	[INFO: App       ] Received response 'hello 0' from fd00::201:1:1:1
00:54.590	ID:15	[WARN: RPL       ] found parent: fe80::208:8:8:8, staying in DAG
00:54.738	ID:12	[INFO: App       ] Not reachable yet
00:54.762	ID:10	[INFO: App       ] Sending request 1 to fd00::201:1:1:1
00:54.862	ID:1	[INFO: App       ] Received request 'hello 1' from fd00::20a:a:a:a
00:54.862	ID:1	[INFO: App       ] Sending response.
00:54.932	ID:10	[INFO: App       ] Received response 'hello 1' from fd00::201:1:1:1
00:58.538	ID:11	[INFO: App       ] Tx/Rx/MissedTx: 0/0/0
00:58.538	ID:11	[INFO: App       ] Sending request 0 to fd00::201:1:1:1
00:58.578	ID:1	[INFO: App       ] Received request 'hello 0' from fd00::20b:b:b:b
00:58.578	ID:1	[INFO: App       ] Sending response.
00:58.667	ID:11	[INFO: App       ] Received response 'hello 0' from fd00::201:1:1:1
00:58.727	ID:8	[INFO: App       ] Sending request 1 to fd00::201:1:1:1
00:58.750	ID:3	[INFO: App       ] Sending request 2 to fd00::201:1:1:1
00:58.819	ID:1	[INFO: App       ] Received request 'hello 1' from fd00::208:8:8:8
00:58.819	ID:1	[INFO: App       ] Sending response.
00:58.861	ID:1	[INFO: App       ] Received request 'hello 2' from fd00::203:3:3:3
00:58.861	ID:1	[INFO: App       ] Sending response.
00:58.951	ID:3	[INFO: App       ] Received response 'hello 2' from fd00::201:1:1:1
00:58.956	ID:8	[INFO: App       ] Received response 'hello 1' from fd00::201:1:1:1
00:59.019	ID:5	[INFO: App       ] Sending request 2 to fd00::201:1:1:1
00:59.075	ID:1	[INFO: App       ] Received request 'hello 2' from fd00::205:5:5:5
00:59.075	ID:1	[INFO: App       ] Sending response.
00:59.138	ID:5	[INFO: App       ] Received response 'hello 2' from fd00::201:1:1:1
00:59.590	ID:4	[INFO: App       ] Sending request 2 to fd00::201:1:1:1
00:59.623	ID:1	[INFO: App       ] Received request 'hello 2' from fd00::204:4:4:4
00:59.623	ID:1	[INFO: App       ] Sending response.
00:59.656	ID:4	[INFO: App       ] Received response 'hello 2' from fd00::201:1:1:1
01:00.238	ID:6	[INFO: App       ] Sending request 1 to fd00::201:1:1:1
01:00.323	ID:1	[INFO: App       ] Received request 'hello 1' from fd00::206:6:6:6
01:00.323	ID:1	[INFO: App       ] Sending response.
01:00.418	ID:6	[INFO: App       ] Received response 'hello 1' from fd00::201:1:1:1
01:01.205	ID:13	[INFO: App       ] Tx/Rx/MissedTx: 0/0/0
01:01.205	ID:13	[INFO: App       ] Sending request 0 to fd00::201:1:1:1
01:01.332	ID:1	[INFO: App       ] Received request 'hello 0' from fd00::20d:d:d:d
01:01.332	ID:1	[INFO: App       ] Sending response.
01:01.343	ID:2	[INFO: App       ] Sending request 3 to fd00::201:1:1:1
01:01.420	ID:1	[INFO: App       ] Received request 'hello 3' from fd00::202:2:2:2
01:01.420	ID:1	[INFO: App       ] Sending response.
01:01.450	ID:13	[INFO: App       ] Received response 'hello 0' from fd00::201:1:1:1
01:01.526	ID:14	[INFO: App       ] Tx/Rx/MissedTx: 0/0/0
01:01.526	ID:14	[INFO: App       ] Sending request 0 to fd00::201:1:1:1
01:01.601	ID:2	[INFO: App       ] Received response 'hello 3' from fd00::201:1:1:1
01:01.632	ID:1	[INFO: App       ] Received request 'hello 0' from fd00::20e:e:e:e
01:01.632	ID:1	[INFO: App       ] Sending response.
01:01.730	ID:14	[INFO: App       ] Received response 'hello 0' from fd00::201:1:1:1
01:01.894	ID:7	[INFO: App       ] Sending request 1 to fd00::201:1:1:1
01:01.964	ID:1	[INFO: App       ] Received request 'hello 1' from fd00::207:7:7:7
01:01.964	ID:1	[INFO: App       ] Sending response.
01:02.030	ID:7	[INFO: App       ] Received response 'hello 1' from fd00::201:1:1:1
01:03.767	ID:15	[INFO: App       ] Tx/Rx/MissedTx: 0/0/0
01:03.767	ID:15	[INFO: App       ] Sending request 0 to fd00::201:1:1:1
01:03.843	ID:1	[INFO: App       ] Received request 'hello 0' from fd00::20f:f:f:f
01:03.843	ID:1	[INFO: App       ] Sending response.
01:03.873	ID:9	[INFO: App       ] Sending request 1 to fd00::201:1:1:1
01:03.982	ID:15	[INFO: App       ] Received response 'hello 0' from fd00::201:1:1:1
01:03.994	ID:1	[INFO: App       ] Received request 'hello 1' from fd00::209:9:9:9
01:03.994	ID:1	[INFO: App       ] Sending response.
01:04.039	ID:9	[INFO: App       ] Received response 'hello 1' from fd00::201:1:1:1
01:04.863	ID:10	[INFO: App       ] Sending request 2 to fd00::201:1:1:1
01:04.890	ID:1	[INFO: App       ] Received request 'hello 2' from fd00::20a:a:a:a
01:04.890	ID:1	[INFO: App       ] Sending response.
01:04.981	ID:10	[INFO: App       ] Received response 'hello 2' from fd00::201:1:1:1
01:05.057	ID:12	[INFO: App       ] Tx/Rx/MissedTx: 0/0/0
01:05.057	ID:12	[INFO: App       ] Sending request 0 to fd00::201:1:1:1
01:05.143	ID:1	[INFO: App       ] Received request 'hello 0' from fd00::20c:c:c:c
01:05.143	ID:1	[INFO: App       ] Sending response.
01:05.256	ID:12	[INFO: App       ] Received response 'hello 0' from fd00::201:1:1:1
01:07.865	ID:11	[INFO: App       ] Sending request 1 to fd00::201:1:1:1
01:07.950	ID:1	[INFO: App       ] Received request 'hello 1' from fd00::20b:b:b:b
01:07.950	ID:1	[INFO: App       ] Sending response.
01:08.068	ID:11	[INFO: App       ] Received response 'hello 1' from fd00::201:1:1:1
01:08.838	ID:3	[INFO: App       ] Sending request 3 to fd00::201:1:1:1
01:08.871	ID:1	[INFO: App       ] Received request 'hello 3' from fd00::203:3:3:3
01:08.871	ID:1	[INFO: App       ] Sending response.
01:08.940	ID:3	[INFO: App       ] Received response 'hello 3' from fd00::201:1:1:1
01:09.555	ID:8	[INFO: App       ] Sending request 2 to fd00::201:1:1:1
01:09.613	ID:1	[INFO: App       ] Received request 'hello 2' from fd00::208:8:8:8
01:09.613	ID:1	[INFO: App       ] Sending response.
01:09.643	ID:6	[INFO: App       ] Sending request 2 to fd00::201:1:1:1
01:09.673	ID:8	[INFO: App       ] Received response 'hello 2' from fd00::201:1:1:1
01:09.700	ID:1	[INFO: App       ] Received request 'hello 2' from fd00::206:6:6:6
01:09.700	ID:1	[INFO: App       ] Sending response.
01:09.718	ID:5	[INFO: App       ] Sending request 3 to fd00::201:1:1:1
01:09.760	ID:1	[INFO: App       ] Received request 'hello 3' from fd00::205:5:5:5
01:09.760	ID:1	[INFO: App       ] Sending response.
01:09.785	ID:6	[INFO: App       ] Received response 'hello 2' from fd00::201:1:1:1
01:09.841	ID:5	[INFO: App       ] Received response 'hello 3' from fd00::201:1:1:1
01:10.321	ID:4	[INFO: App       ] Sending request 3 to fd00::201:1:1:1
01:10.404	ID:1	[INFO: App       ] Received request 'hello 3' from fd00::204:4:4:4
01:10.404	ID:1	[INFO: App       ] Sending response.
01:10.438	ID:4	[INFO: App       ] Received response 'hello 3' from fd00::201:1:1:1
01:10.897	ID:2	[INFO: App       ] Sending request 4 to fd00::201:1:1:1
01:10.956	ID:1	[INFO: App       ] Received request 'hello 4' from fd00::202:2:2:2
01:10.956	ID:1	[INFO: App       ] Sending response.
01:11.000	ID:2	[INFO: App       ] Received response 'hello 4' from fd00::201:1:1:1
01:11.190	ID:13	[INFO: App       ] Sending request 1 to fd00::201:1:1:1
01:11.249	ID:1	[INFO: App       ] Received request 'hello 1' from fd00::20d:d:d:d
01:11.249	ID:1	[INFO: App       ] Sending response.
01:11.388	ID:13	[INFO: App       ] Received response 'hello 1' from fd00::201:1:1:1
01:11.422	ID:14	[INFO: App       ] Sending request 1 to fd00::201:1:1:1
01:11.506	ID:1	[INFO: App       ] Received request 'hello 1' from fd00::20e:e:e:e
01:11.506	ID:1	[INFO: App       ] Sending response.
01:11.608	ID:14	[INFO: App       ] Received response 'hello 1' from fd00::201:1:1:1
01:11.878	ID:7	[INFO: App       ] Sending request 2 to fd00::201:1:1:1
01:11.961	ID:1	[INFO: App       ] Received request 'hello 2' from fd00::207:7:7:7
01:11.961	ID:1	[INFO: App       ] Sending response.
01:12.010	ID:7	[INFO: App       ] Received response 'hello 2' from fd00::201:1:1:1
01:12.924	ID:9	[INFO: App       ] Sending request 2 to fd00::201:1:1:1
01:13.002	ID:1	[INFO: App       ] Received request 'hello 2' from fd00::209:9:9:9
01:13.002	ID:1	[INFO: App       ] Sending response.
01:13.085	ID:9	[INFO: App       ] Received response 'hello 2' from fd00::201:1:1:1
01:13.594	ID:15	[INFO: App       ] Sending request 1 to fd00::201:1:1:1
01:13.681	ID:1	[INFO: App       ] Received request 'hello 1' from fd00::20f:f:f:f
01:13.681	ID:1	[INFO: App       ] Sending response.
01:13.774	ID:15	[INFO: App       ] Received response 'hello 1' from fd00::201:1:1:1
01:14.260	ID:12	[INFO: App       ] Sending request 1 to fd00::201:1:1:1
01:14.355	ID:1	[INFO: App       ] Received request 'hello 1' from fd00::20c:c:c:c
01:14.355	ID:1	[INFO: App       ] Sending response.
01:14.460	ID:10	[INFO: App       ] Sending request 3 to fd00::201:1:1:1
01:14.488	ID:12	[INFO: App       ] Received response 'hello 1' from fd00::201:1:1:1
01:14.580	ID:1	[INFO: App       ] Received request 'hello 3' from fd00::20a:a:a:a
01:14.580	ID:1	[INFO: App       ] Sending response.
01:14.650	ID:10	[INFO: App       ] Received response 'hello 3' from fd00::201:1:1:1
01:17.947	ID:3	[INFO: App       ] Sending request 4 to fd00::201:1:1:1
01:17.984	ID:1	[INFO: App       ] Received request 'hello 4' from fd00::203:3:3:3
01:17.984	ID:1	[INFO: App       ] Sending response.
01:18.001	ID:3	[INFO: App       ] Received response 'hello 4' from fd00::201:1:1:1
01:18.336	ID:11	[INFO: App       ] Sending request 2 to fd00::201:1:1:1
01:18.389	ID:1	[INFO: App       ] Received request 'hello 2' from fd00::20b:b:b:b
01:18.389	ID:1	[INFO: App       ] Sending response.
01:18.439	ID:11	[INFO: App       ] Received response 'hello 2' from fd00::201:1:1:1
01:18.858	ID:8	[INFO: App       ] Sending request 3 to fd00::201:1:1:1
01:18.967	ID:1	[INFO: App       ] Received request 'hello 3' from fd00::208:8:8:8
01:18.967	ID:1	[INFO: App       ] Sending response.
01:19.050	ID:8	[INFO: App       ] Received response 'hello 3' from fd00::201:1:1:1
01:19.294	ID:6	[INFO: App       ] Sending request 3 to fd00::201:1:1:1
01:19.377	ID:1	[INFO: App       ] Received request 'hello 3' from fd00::206:6:6:6
01:19.377	ID:1	[INFO: App       ] Sending response.
01:19.472	ID:5	[INFO: App       ] Sending request 4 to fd00::201:1:1:1
01:19.494	ID:6	[INFO: App       ] Received response 'hello 3' from fd00::201:1:1:1
01:19.542	ID:1	[INFO: App       ] Received request 'hello 4' from fd00::205:5:5:5
01:19.542	ID:1	[INFO: App       ] Sending response.
01:19.583	ID:5	[INFO: App       ] Received response 'hello 4' from fd00::201:1:1:1
01:20.457	ID:13	[INFO: App       ] Sending request 2 to fd00::201:1:1:1
01:20.504	ID:2	[INFO: App       ] Sending request 5 to fd00::201:1:1:1
01:20.550	ID:1	[INFO: App       ] Received request 'hello 2' from fd00::20d:d:d:d
01:20.550	ID:1	[INFO: App       ] Sending response.
01:20.562	ID:1	[INFO: App       ] Received request 'hello 5' from fd00::202:2:2:2
01:20.562	ID:1	[INFO: App       ] Sending response.
01:20.619	ID:2	[INFO: App       ] Received response 'hello 5' from fd00::201:1:1:1
01:20.707	ID:13	[INFO: App       ] Received response 'hello 2' from fd00::201:1:1:1
01:21.056	ID:4	[INFO: App       ] Sending request 4 to fd00::201:1:1:1
01:21.112	ID:1	[INFO: App       ] Received request 'hello 4' from fd00::204:4:4:4
01:21.112	ID:1	[INFO: App       ] Sending response.
01:21.160	ID:4	[INFO: App       ] Received response 'hello 4' from fd00::201:1:1:1
01:22.037	ID:7	[INFO: App       ] Sending request 3 to fd00::201:1:1:1
01:22.095	ID:1	[INFO: App       ] Received request 'hello 3' from fd00::207:7:7:7
01:22.095	ID:1	[INFO: App       ] Sending response.
01:22.149	ID:14	[INFO: App       ] Sending request 2 to fd00::201:1:1:1
01:22.213	ID:7	[INFO: App       ] Received response 'hello 3' from fd00::201:1:1:1
01:22.246	ID:1	[INFO: App       ] Received request 'hello 2' from fd00::20e:e:e:e
01:22.246	ID:1	[INFO: App       ] Sending response.
01:22.346	ID:14	[INFO: App       ] Received response 'hello 2' from fd00::201:1:1:1
01:23.022	ID:9	[INFO: App       ] Sending request 3 to fd00::201:1:1:1
01:23.095	ID:1	[INFO: App       ] Received request 'hello 3' from fd00::209:9:9:9
01:23.095	ID:1	[INFO: App       ] Sending response.
01:23.171	ID:9	[INFO: App       ] Received response 'hello 3' from fd00::201:1:1:1
01:23.325	ID:12	[INFO: App       ] Sending request 2 to fd00::201:1:1:1
01:23.399	ID:15	[INFO: App       ] Sending request 2 to fd00::201:1:1:1
01:23.407	ID:1	[INFO: App       ] Received request 'hello 2' from fd00::20c:c:c:c
01:23.407	ID:1	[INFO: App       ] Sending response.
01:23.512	ID:12	[INFO: App       ] Received response 'hello 2' from fd00::201:1:1:1
01:23.520	ID:1	[INFO: App       ] Received request 'hello 2' from fd00::20f:f:f:f
01:23.520	ID:1	[INFO: App       ] Sending response.
01:23.648	ID:15	[INFO: App       ] Received response 'hello 2' from fd00::201:1:1:1
01:23.984	ID:10	[INFO: App       ] Sending request 4 to fd00::201:1:1:1
01:24.046	ID:1	[INFO: App       ] Received request 'hello 4' from fd00::20a:a:a:a
01:24.046	ID:1	[INFO: App       ] Sending response.
01:24.117	ID:10	[INFO: App       ] Received response 'hello 4' from fd00::201:1:1:1
01:27.636	ID:3	[INFO: App       ] Sending request 5 to fd00::201:1:1:1
01:27.676	ID:1	[INFO: App       ] Received request 'hello 5' from fd00::203:3:3:3
01:27.676	ID:1	[INFO: App       ] Sending response.
01:27.755	ID:3	[INFO: App       ] Received response 'hello 5' from fd00::201:1:1:1
01:28.665	ID:6	[INFO: App       ] Sending request 4 to fd00::201:1:1:1
01:28.740	ID:11	[INFO: App       ] Sending request 3 to fd00::201:1:1:1
01:28.748	ID:1	[INFO: App       ] Received request 'hello 4' from fd00::206:6:6:6
01:28.748	ID:1	[INFO: App       ] Sending response.
01:28.802	ID:1	[INFO: App       ] Received request 'hello 3' from fd00::20b:b:b:b
01:28.802	ID:1	[INFO: App       ] Sending response.
01:28.868	ID:11	[INFO: App       ] Received response 'hello 3' from fd00::201:1:1:1
01:29.075	ID:6	[INFO: App       ] Received response 'hello 4' from fd00::201:1:1:1
01:29.235	ID:8	[INFO: App       ] Sending request 4 to fd00::201:1:1:1
01:29.299	ID:1	[INFO: App       ] Received request 'hello 4' from fd00::208:8:8:8
01:29.299	ID:1	[INFO: App       ] Sending response.
01:29.408	ID:8	[INFO: App       ] Received response 'hello 4' from fd00::201:1:1:1
01:29.410	ID:5	[INFO: App       ] Sending request 5 to fd00::201:1:1:1
01:29.458	ID:1	[INFO: App       ] Received request 'hello 5' from fd00::205:5:5:5
01:29.458	ID:1	[INFO: App       ] Sending response.
01:29.512	ID:5	[INFO: App       ] Received response 'hello 5' from fd00::201:1:1:1
01:30.291	ID:2	[INFO: App       ] Sending request 6 to fd00::201:1:1:1
01:30.315	ID:1	[INFO: App       ] Received request 'hello 6' from fd00::202:2:2:2
01:30.315	ID:1	[INFO: App       ] Sending response.
01:30.400	ID:2	[INFO: App       ] Received response 'hello 6' from fd00::201:1:1:1
01:30.449	ID:13	[INFO: App       ] Sending request 3 to fd00::201:1:1:1
01:30.530	ID:1	[INFO: App       ] Received request 'hello 3' from fd00::20d:d:d:d
01:30.530	ID:1	[INFO: App       ] Sending response.
01:30.621	ID:13	[INFO: App       ] Received response 'hello 3' from fd00::201:1:1:1
01:30.805	ID:4	[INFO: App       ] Sending request 5 to fd00::201:1:1:1
01:30.878	ID:1	[INFO: App       ] Received request 'hello 5' from fd00::204:4:4:4
01:30.878	ID:1	[INFO: App       ] Sending response.
01:30.929	ID:4	[INFO: App       ] Received response 'hello 5' from fd00::201:1:1:1
01:31.092	ID:7	[INFO: App       ] Sending request 4 to fd00::201:1:1:1
01:31.198	ID:1	[INFO: App       ] Received request 'hello 4' from fd00::207:7:7:7
01:31.198	ID:1	[INFO: App       ] Sending response.
01:31.278	ID:7	[INFO: App       ] Received response 'hello 4' from fd00::201:1:1:1
01:32.449	ID:15	[INFO: App       ] Sending request 3 to fd00::201:1:1:1
01:32.487	ID:1	[INFO: App       ] Received request 'hello 3' from fd00::20f:f:f:f
01:32.487	ID:1	[INFO: App       ] Sending response.
01:32.553	ID:15	[INFO: App       ] Received response 'hello 3' from fd00::201:1:1:1
01:32.599	ID:14	[INFO: App       ] Sending request 3 to fd00::201:1:1:1
01:32.693	ID:1	[INFO: App       ] Received request 'hello 3' from fd00::20e:e:e:e
01:32.693	ID:1	[INFO: App       ] Sending response.
01:32.798	ID:14	[INFO: App       ] Received response 'hello 3' from fd00::201:1:1:1
01:33.223	ID:9	[INFO: App       ] Sending request 4 to fd00::201:1:1:1
01:33.304	ID:1	[INFO: App       ] Received request 'hello 4' from fd00::209:9:9:9
01:33.304	ID:1	[INFO: App       ] Sending response.
01:33.359	ID:9	[INFO: App       ] Received response 'hello 4' from fd00::201:1:1:1
01:33.394	ID:12	[INFO: App       ] Sending request 3 to fd00::201:1:1:1
01:33.530	ID:1	[INFO: App       ] Received request 'hello 3' from fd00::20c:c:c:c
01:33.530	ID:1	[INFO: App       ] Sending response.
01:33.598	ID:12	[INFO: App       ] Received response 'hello 3' from fd00::201:1:1:1
01:34.871	ID:10	[INFO: App       ] Sending request 5 to fd00::201:1:1:1
01:34.930	ID:1	[INFO: App       ] Received request 'hello 5' from fd00::20a:a:a:a
01:34.930	ID:1	[INFO: App       ] Sending response.
01:35.036	ID:10	[INFO: App       ] Received response 'hello 5' from fd00::201:1:1:1
01:37.450	ID:3	[INFO: App       ] Sending request 6 to fd00::201:1:1:1
01:37.487	ID:1	[INFO: App       ] Received request 'hello 6' from fd00::203:3:3:3
01:37.487	ID:1	[INFO: App       ] Sending response.
01:37.544	ID:3	[INFO: App       ] Received response 'hello 6' from fd00::201:1:1:1
01:38.821	ID:6	[INFO: App       ] Sending request 5 to fd00::201:1:1:1
01:38.879	ID:1	[INFO: App       ] Received request 'hello 5' from fd00::206:6:6:6
01:38.879	ID:1	[INFO: App       ] Sending response.
01:38.956	ID:6	[INFO: App       ] Received response 'hello 5' from fd00::201:1:1:1
01:39.111	ID:11	[INFO: App       ] Sending request 4 to fd00::201:1:1:1
01:39.133	ID:5	[INFO: App       ] Sending request 6 to fd00::201:1:1:1
01:39.165	ID:1	[INFO: App       ] Received request 'hello 6' from fd00::205:5:5:5
01:39.165	ID:1	[INFO: App       ] Sending response.
01:39.195	ID:1	[INFO: App       ] Received request 'hello 4' from fd00::20b:b:b:b
01:39.195	ID:1	[INFO: App       ] Sending response.
01:39.202	ID:5	[INFO: App       ] Received response 'hello 6' from fd00::201:1:1:1
01:39.321	ID:11	[INFO: App       ] Received response 'hello 4' from fd00::201:1:1:1
01:39.862	ID:8	[INFO: App       ] Sending request 5 to fd00::201:1:1:1
01:39.941	ID:1	[INFO: App       ] Received request 'hello 5' from fd00::208:8:8:8
01:39.941	ID:1	[INFO: App       ] Sending response.
01:40.001	ID:8	[INFO: App       ] Received response 'hello 5' from fd00::201:1:1:1
01:40.243	ID:2	[INFO: App       ] Sending request 7 to fd00::201:1:1:1
01:40.293	ID:1	[INFO: App       ] Received request 'hello 7' from fd00::202:2:2:2
01:40.293	ID:1	[INFO: App       ] Sending response.
01:40.354	ID:2	[INFO: App       ] Received response 'hello 7' from fd00::201:1:1:1
01:40.745	ID:13	[INFO: App       ] Sending request 4 to fd00::201:1:1:1
01:40.830	ID:4	[INFO: App       ] Sending request 6 to fd00::201:1:1:1
01:40.878	ID:1	[INFO: App       ] Received request 'hello 4' from fd00::20d:d:d:d
01:40.878	ID:1	[INFO: App       ] Sending response.
01:40.907	ID:1	[INFO: App       ] Received request 'hello 6' from fd00::204:4:4:4
01:40.907	ID:1	[INFO: App       ] Sending response.
01:40.952	ID:4	[INFO: App       ] Received response 'hello 6' from fd00::201:1:1:1
01:41.021	ID:13	[INFO: App       ] Received response 'hello 4' from fd00::201:1:1:1
01:41.644	ID:14	[INFO: App       ] Sending request 4 to fd00::201:1:1:1
01:41.645	ID:7	[INFO: App       ] Sending request 5 to fd00::201:1:1:1
01:41.833	ID:1	[INFO: App       ] Received request 'hello 4' from fd00::20e:e:e:e
01:41.833	ID:1	[INFO: App       ] Sending response.
01:41.863	ID:1	[INFO: App       ] Received request 'hello 5' from fd00::207:7:7:7
01:41.863	ID:1	[INFO: App       ] Sending response.
01:41.939	ID:7	[INFO: App       ] Received response 'hello 5' from fd00::201:1:1:1
01:41.945	ID:14	[INFO: App       ] Received response 'hello 4' from fd00::201:1:1:1
01:42.794	ID:15	[INFO: App       ] Sending request 4 to fd00::201:1:1:1
01:42.841	ID:9	[INFO: App       ] Sending request 5 to fd00::201:1:1:1
01:42.859	ID:1	[INFO: App       ] Received request 'hello 4' from fd00::20f:f:f:f
01:42.859	ID:1	[INFO: App       ] Sending response.
01:42.926	ID:15	[INFO: App       ] Received response 'hello 4' from fd00::201:1:1:1
01:42.931	ID:1	[INFO: App       ] Received request 'hello 5' from fd00::209:9:9:9
01:42.931	ID:1	[INFO: App       ] Sending response.
01:43.083	ID:9	[INFO: App       ] Received response 'hello 5' from fd00::201:1:1:1
01:43.952	ID:10	[INFO: App       ] Sending request 6 to fd00::201:1:1:1
01:44.013	ID:1	[INFO: App       ] Received request 'hello 6' from fd00::20a:a:a:a
01:44.013	ID:1	[INFO: App       ] Sending response.
01:44.072	ID:10	[INFO: App       ] Received response 'hello 6' from fd00::201:1:1:1
01:44.145	ID:12	[INFO: App       ] Sending request 4 to fd00::201:1:1:1
01:44.252	ID:1	[INFO: App       ] Received request 'hello 4' from fd00::20c:c:c:c
01:44.252	ID:1	[INFO: App       ] Sending response.
01:44.399	ID:12	[INFO: App       ] Received response 'hello 4' from fd00::201:1:1:1
01:47.121	ID:3	[INFO: App       ] Sending request 7 to fd00::201:1:1:1
01:47.190	ID:1	[INFO: App       ] Received request 'hello 7' from fd00::203:3:3:3
01:47.190	ID:1	[INFO: App       ] Sending response.
01:47.239	ID:3	[INFO: App       ] Received response 'hello 7' from fd00::201:1:1:1
01:48.729	ID:6	[INFO: App       ] Sending request 6 to fd00::201:1:1:1
01:48.835	ID:1	[INFO: App       ] Received request 'hello 6' from fd00::206:6:6:6
01:48.835	ID:1	[INFO: App       ] Sending response.
01:48.881	ID:8	[INFO: App       ] Sending request 6 to fd00::201:1:1:1
01:48.884	ID:6	[INFO: App       ] Received response 'hello 6' from fd00::201:1:1:1
01:48.971	ID:1	[INFO: App       ] Received request 'hello 6' from fd00::208:8:8:8
01:48.971	ID:1	[INFO: App       ] Sending response.
01:49.039	ID:5	[INFO: App       ] Sending request 7 to fd00::201:1:1:1
01:49.056	ID:8	[INFO: App       ] Received response 'hello 6' from fd00::201:1:1:1
01:49.160	ID:1	[INFO: App       ] Received request 'hello 7' from fd00::205:5:5:5
01:49.160	ID:1	[INFO: App       ] Sending response.
01:49.216	ID:5	[INFO: App       ] Received response 'hello 7' from fd00::201:1:1:1
01:49.452	ID:11	[INFO: App       ] Sending request 5 to fd00::201:1:1:1
01:49.533	ID:1	[INFO: App       ] Received request 'hello 5' from fd00::20b:b:b:b
01:49.533	ID:1	[INFO: App       ] Sending response.
01:49.618	ID:11	[INFO: App       ] Received response 'hello 5' from fd00::201:1:1:1
01:50.525	ID:2	[INFO: App       ] Sending request 8 to fd00::201:1:1:1
01:50.562	ID:1	[INFO: App       ] Received request 'hello 8' from fd00::202:2:2:2
01:50.562	ID:1	[INFO: App       ] Sending response.
01:50.624	ID:2	[INFO: App       ] Received response 'hello 8' from fd00::201:1:1:1
01:51.000	ID:7	[INFO: App       ] Sending request 6 to fd00::201:1:1:1
01:51.058	ID:4	[INFO: App       ] Sending request 7 to fd00::201:1:1:1
01:51.071	ID:13	[INFO: App       ] Sending request 5 to fd00::201:1:1:1
01:51.095	ID:1	[INFO: App       ] Received request 'hello 6' from fd00::207:7:7:7
01:51.095	ID:1	[INFO: App       ] Sending response.
01:51.106	ID:1	[INFO: App       ] Received request 'hello 7' from fd00::204:4:4:4
01:51.106	ID:1	[INFO: App       ] Sending response.
01:51.137	ID:1	[INFO: App       ] Received request 'hello 5' from fd00::20d:d:d:d
01:51.137	ID:1	[INFO: App       ] Sending response.
01:51.278	ID:7	[INFO: App       ] Received response 'hello 6' from fd00::201:1:1:1
01:51.291	ID:4	[INFO: App       ] Received response 'hello 7' from fd00::201:1:1:1
01:51.342	ID:13	[INFO: App       ] Received response 'hello 5' from fd00::201:1:1:1
01:52.052	ID:14	[INFO: App       ] Sending request 5 to fd00::201:1:1:1
01:52.158	ID:1	[INFO: App       ] Received request 'hello 5' from fd00::20e:e:e:e
01:52.158	ID:1	[INFO: App       ] Sending response.
01:52.244	ID:14	[INFO: App       ] Received response 'hello 5' from fd00::201:1:1:1
01:52.890	ID:9	[INFO: App       ] Sending request 6 to fd00::201:1:1:1
01:52.977	ID:1	[INFO: App       ] Received request 'hello 6' from fd00::209:9:9:9
01:52.977	ID:1	[INFO: App       ] Sending response.
01:53.027	ID:9	[INFO: App       ] Received response 'hello 6' from fd00::201:1:1:1
01:53.072	ID:15	[INFO: App       ] Sending request 5 to fd00::201:1:1:1
01:53.160	ID:1	[INFO: App       ] Received request 'hello 5' from fd00::20f:f:f:f
01:53.160	ID:1	[INFO: App       ] Sending response.
01:53.265	ID:15	[INFO: App       ] Received response 'hello 5' from fd00::201:1:1:1
01:53.853	ID:10	[INFO: App       ] Sending request 7 to fd00::201:1:1:1
01:53.943	ID:1	[INFO: App       ] Received request 'hello 7' from fd00::20a:a:a:a
01:53.943	ID:1	[INFO: App       ] Sending response.
01:54.027	ID:10	[INFO: App       ] Received response 'hello 7' from fd00::201:1:1:1
01:55.127	ID:12	[INFO: App       ] Sending request 5 to fd00::201:1:1:1
01:55.208	ID:1	[INFO: App       ] Received request 'hello 5' from fd00::20c:c:c:c
01:55.208	ID:1	[INFO: App       ] Sending response.
01:55.312	ID:12	[INFO: App       ] Received response 'hello 5' from fd00::201:1:1:1
01:57.447	ID:3	[INFO: App       ] Sending request 8 to fd00::201:1:1:1
01:57.498	ID:1	[INFO: App       ] Received request 'hello 8' from fd00::203:3:3:3
01:57.498	ID:1	[INFO: App       ] Sending response.
01:57.521	ID:3	[INFO: App       ] Received response 'hello 8' from fd00::201:1:1:1
01:58.090	ID:5	[INFO: App       ] Sending request 8 to fd00::201:1:1:1
01:58.108	ID:1	[INFO: App       ] Received request 'hello 8' from fd00::205:5:5:5
01:58.108	ID:1	[INFO: App       ] Sending response.
01:58.157	ID:5	[INFO: App       ] Received response 'hello 8' from fd00::201:1:1:1
01:58.183	ID:6	[INFO: App       ] Sending request 7 to fd00::201:1:1:1
01:58.277	ID:1	[INFO: App       ] Received request 'hello 7' from fd00::206:6:6:6
01:58.277	ID:1	[INFO: App       ] Sending response.
01:58.373	ID:6	[INFO: App       ] Received response 'hello 7' from fd00::201:1:1:1
01:58.728	ID:8	[INFO: App       ] Sending request 7 to fd00::201:1:1:1
01:58.821	ID:1	[INFO: App       ] Received request 'hello 7' from fd00::208:8:8:8
01:58.821	ID:1	[INFO: App       ] Sending response.
01:58.880	ID:8	[INFO: App       ] Received response 'hello 7' from fd00::201:1:1:1
01:59.588	ID:11	[INFO: App       ] Sending request 6 to fd00::201:1:1:1
01:59.705	ID:1	[INFO: App       ] Received request 'hello 6' from fd00::20b:b:b:b
01:59.705	ID:1	[INFO: App       ] Sending response.
01:59.813	ID:11	[INFO: App       ] Received response 'hello 6' from fd00::201:1:1:1
01:59.958	ID:2	[INFO: App       ] Sending request 9 to fd00::201:1:1:1
02:00.021	ID:1	[INFO: App       ] Received request 'hello 9' from fd00::202:2:2:2
02:00.021	ID:1	[INFO: App       ] Sending response.
02:00.077	ID:2	[INFO: App       ] Received response 'hello 9' from fd00::201:1:1:1
02:00.108	ID:4	[INFO: App       ] Sending request 8 to fd00::201:1:1:1
02:00.124	ID:13	[INFO: App       ] Sending request 6 to fd00::201:1:1:1
02:00.150	ID:1	[INFO: App       ] Received request 'hello 8' from fd00::204:4:4:4
02:00.150	ID:1	[INFO: App       ] Sending response.
02:00.162	ID:4	[INFO: App       ] Received response 'hello 8' from fd00::201:1:1:1
02:00.259	ID:1	[INFO: App       ] Received request 'hello 6' from fd00::20d:d:d:d
02:00.259	ID:1	[INFO: App       ] Sending response.
02:00.341	ID:7	[INFO: App       ] Sending request 7 to fd00::201:1:1:1
02:00.406	ID:1	[INFO: App       ] Received request 'hello 7' from fd00::207:7:7:7
02:00.406	ID:1	[INFO: App       ] Sending response.
02:00.409	ID:13	[INFO: App       ] Received response 'hello 6' from fd00::201:1:1:1
02:00.471	ID:7	[INFO: App       ] Received response 'hello 7' from fd00::201:1:1:1
02:02.059	ID:9	[INFO: App       ] Sending request 7 to fd00::201:1:1:1
02:02.161	ID:1	[INFO: App       ] Received request 'hello 7' from fd00::209:9:9:9
02:02.161	ID:1	[INFO: App       ] Sending response.
02:02.226	ID:9	[INFO: App       ] Received response 'hello 7' from fd00::201:1:1:1
02:02.742	ID:14	[INFO: App       ] Sending request 6 to fd00::201:1:1:1
02:02.807	ID:1	[INFO: App       ] Received request 'hello 6' from fd00::20e:e:e:e
02:02.807	ID:1	[INFO: App       ] Sending response.
02:02.906	ID:14	[INFO: App       ] Received response 'hello 6' from fd00::201:1:1:1
02:04.040	ID:15	[INFO: App       ] Sending request 6 to fd00::201:1:1:1
02:04.094	ID:1	[INFO: App       ] Received request 'hello 6' from fd00::20f:f:f:f
02:04.094	ID:1	[INFO: App       ] Sending response.
02:04.209	ID:15	[INFO: App       ] Received response 'hello 6' from fd00::201:1:1:1
02:04.682	ID:10	[INFO: App       ] Sending request 8 to fd00::201:1:1:1
02:04.775	ID:1	[INFO: App       ] Received request 'hello 8' from fd00::20a:a:a:a
02:04.775	ID:1	[INFO: App       ] Sending response.
02:04.824	ID:10	[INFO: App       ] Received response 'hello 8' from fd00::201:1:1:1
02:06.010	ID:12	[INFO: App       ] Sending request 6 to fd00::201:1:1:1
02:06.130	ID:1	[INFO: App       ] Received request 'hello 6' from fd00::20c:c:c:c
02:06.130	ID:1	[INFO: App       ] Sending response.
02:06.230	ID:12	[INFO: App       ] Received response 'hello 6' from fd00::201:1:1:1
02:07.941	ID:5	[INFO: App       ] Sending request 9 to fd00::201:1:1:1
02:07.989	ID:1	[INFO: App       ] Received request 'hello 9' from fd00::205:5:5:5
02:07.989	ID:1	[INFO: App       ] Sending response.
02:08.023	ID:5	[INFO: App       ] Received response 'hello 9' from fd00::201:1:1:1
02:08.244	ID:3	[INFO: App       ] Sending request 9 to fd00::201:1:1:1
02:08.281	ID:1	[INFO: App       ] Received request 'hello 9' from fd00::203:3:3:3
02:08.281	ID:1	[INFO: App       ] Sending response.
02:08.315	ID:3	[INFO: App       ] Received response 'hello 9' from fd00::201:1:1:1
02:08.357	ID:8	[INFO: App       ] Sending request 8 to fd00::201:1:1:1
02:08.398	ID:1	[INFO: App       ] Received request 'hello 8' from fd00::208:8:8:8
02:08.398	ID:1	[INFO: App       ] Sending response.
02:08.477	ID:8	[INFO: App       ] Received response 'hello 8' from fd00::201:1:1:1
02:08.636	ID:6	[INFO: App       ] Sending request 8 to fd00::201:1:1:1
02:08.707	ID:1	[INFO: App       ] Received request 'hello 8' from fd00::206:6:6:6
02:08.707	ID:1	[INFO: App       ] Sending response.
02:08.779	ID:6	[INFO: App       ] Received response 'hello 8' from fd00::201:1:1:1
02:09.369	ID:13	[INFO: App       ] Sending request 7 to fd00::201:1:1:1
02:09.465	ID:1	[INFO: App       ] Received request 'hello 7' from fd00::20d:d:d:d
02:09.465	ID:1	[INFO: App       ] Sending response.
02:09.558	ID:13	[INFO: App       ] Received response 'hello 7' from fd00::201:1:1:1
02:09.640	ID:4	[INFO: App       ] Sending request 9 to fd00::201:1:1:1
02:09.691	ID:1	[INFO: App       ] Received request 'hello 9' from fd00::204:4:4:4
02:09.691	ID:1	[INFO: App       ] Sending response.
02:09.758	ID:4	[INFO: App       ] Received response 'hello 9' from fd00::201:1:1:1
02:09.854	ID:7	[INFO: App       ] Sending request 8 to fd00::201:1:1:1
02:09.904	ID:11	[INFO: App       ] Sending request 7 to fd00::201:1:1:1
02:09.939	ID:1	[INFO: App       ] Received request 'hello 8' from fd00::207:7:7:7
02:09.939	ID:1	[INFO: App       ] Sending response.
02:10.009	ID:1	[INFO: App       ] Received request 'hello 7' from fd00::20b:b:b:b
02:10.009	ID:1	[INFO: App       ] Sending response.
02:10.038	ID:7	[INFO: App       ] Received response 'hello 8' from fd00::201:1:1:1
02:10.059	ID:11	[INFO: App       ] Received response 'hello 7' from fd00::201:1:1:1
02:10.769	ID:2	[INFO: App       ] Tx/Rx/MissedTx: 10/10/0
02:10.769	ID:2	[INFO: App       ] Sending request 10 to fd00::201:1:1:1
02:10.827	ID:1	[INFO: App       ] Received request 'hello 10' from fd00::202:2:2:2
02:10.827	ID:1	[INFO: App       ] Sending response.
02:10.873	ID:2	[INFO: App       ] Received response 'hello 10' from fd00::201:1:1:1
02:12.990	ID:9	[INFO: App       ] Sending request 8 to fd00::201:1:1:1
02:13.091	ID:1	[INFO: App       ] Received request 'hello 8' from fd00::209:9:9:9
02:13.091	ID:1	[INFO: App       ] Sending response.
02:13.175	ID:9	[INFO: App       ] Received response 'hello 8' from fd00::201:1:1:1
02:13.635	ID:14	[INFO: App       ] Sending request 7 to fd00::201:1:1:1
02:13.700	ID:10	[INFO: App       ] Sending request 9 to fd00::201:1:1:1
02:13.743	ID:1	[INFO: App       ] Received request 'hello 7' from fd00::20e:e:e:e
02:13.743	ID:1	[INFO: App       ] Sending response.
02:13.808	ID:14	[INFO: App       ] Received response 'hello 7' from fd00::201:1:1:1
02:13.855	ID:1	[INFO: App       ] Received request 'hello 9' from fd00::20a:a:a:a
02:13.855	ID:1	[INFO: App       ] Sending response.
02:13.889	ID:10	[INFO: App       ] Received response 'hello 9' from fd00::201:1:1:1
02:14.315	ID:15	[INFO: App       ] Sending request 7 to fd00::201:1:1:1
02:14.403	ID:1	[INFO: App       ] Received request 'hello 7' from fd00::20f:f:f:f
02:14.403	ID:1	[INFO: App       ] Sending response.
02:14.522	ID:15	[INFO: App       ] Received response 'hello 7' from fd00::201:1:1:1
02:15.528	ID:12	[INFO: App       ] Sending request 7 to fd00::201:1:1:1
02:15.623	ID:1	[INFO: App       ] Received request 'hello 7' from fd00::20c:c:c:c
02:15.623	ID:1	[INFO: App       ] Sending response.
02:15.754	ID:12	[INFO: App       ] Received response 'hello 7' from fd00::201:1:1:1
02:17.375	ID:3	[INFO: App       ] Tx/Rx/MissedTx: 10/10/0
02:17.375	ID:3	[INFO: App       ] Sending request 10 to fd00::201:1:1:1
02:17.415	ID:1	[INFO: App       ] Received request 'hello 10' from fd00::203:3:3:3
02:17.415	ID:1	[INFO: App       ] Sending response.
02:17.458	ID:3	[INFO: App       ] Received response 'hello 10' from fd00::201:1:1:1
02:18.299	ID:5	[INFO: App       ] Tx/Rx/MissedTx: 10/10/0
02:18.299	ID:5	[INFO: App       ] Sending request 10 to fd00::201:1:1:1
02:18.339	ID:1	[INFO: App       ] Received request 'hello 10' from fd00::205:5:5:5
02:18.339	ID:1	[INFO: App       ] Sending response.
02:18.409	ID:5	[INFO: App       ] Received response 'hello 10' from fd00::201:1:1:1
02:19.019	ID:8	[INFO: App       ] Sending request 9 to fd00::201:1:1:1
02:19.102	ID:1	[INFO: App       ] Received request 'hello 9' from fd00::208:8:8:8
02:19.102	ID:1	[INFO: App       ] Sending response.
02:19.193	ID:8	[INFO: App       ] Received response 'hello 9' from fd00::201:1:1:1
02:19.261	ID:13	[INFO: App       ] Sending request 8 to fd00::201:1:1:1
02:19.285	ID:6	[INFO: App       ] Sending request 9 to fd00::201:1:1:1
02:19.337	ID:1	[INFO: App       ] Received request 'hello 9' from fd00::206:6:6:6
02:19.337	ID:1	[INFO: App       ] Sending response.
02:19.392	ID:6	[INFO: App       ] Received response 'hello 9' from fd00::201:1:1:1
02:19.493	ID:1	[INFO: App       ] Received request 'hello 8' from fd00::20d:d:d:d
02:19.493	ID:1	[INFO: App       ] Sending response.
02:19.562	ID:13	[INFO: App       ] Received response 'hello 8' from fd00::201:1:1:1
02:19.618	ID:4	[INFO: App       ] Tx/Rx/MissedTx: 10/10/0
02:19.618	ID:4	[INFO: App       ] Sending request 10 to fd00::201:1:1:1
02:19.646	ID:1	[INFO: App       ] Received request 'hello 10' from fd00::204:4:4:4
02:19.646	ID:1	[INFO: App       ] Sending response.
02:19.693	ID:4	[INFO: App       ] Received response 'hello 10' from fd00::201:1:1:1
02:19.796	ID:7	[INFO: App       ] Sending request 9 to fd00::201:1:1:1
02:19.869	ID:1	[INFO: App       ] Received request 'hello 9' from fd00::207:7:7:7
02:19.869	ID:1	[INFO: App       ] Sending response.
02:19.963	ID:7	[INFO: App       ] Received response 'hello 9' from fd00::201:1:1:1
02:20.079	ID:2	[INFO: App       ] Sending request 11 to fd00::201:1:1:1
02:20.125	ID:1	[INFO: App       ] Received request 'hello 11' from fd00::202:2:2:2
02:20.125	ID:1	[INFO: App       ] Sending response.
02:20.197	ID:2	[INFO: App       ] Received response 'hello 11' from fd00::201:1:1:1
02:20.293	ID:11	[INFO: App       ] Sending request 8 to fd00::201:1:1:1
02:20.345	ID:1	[INFO: App       ] Received request 'hello 8' from fd00::20b:b:b:b
02:20.345	ID:1	[INFO: App       ] Sending response.
02:20.401	ID:11	[INFO: App       ] Received response 'hello 8' from fd00::201:1:1:1
02:22.442	ID:9	[INFO: App       ] Sending request 9 to fd00::201:1:1:1
02:22.516	ID:1	[INFO: App       ] Received request 'hello 9' from fd00::209:9:9:9
02:22.516	ID:1	[INFO: App       ] Sending response.
02:22.629	ID:9	[INFO: App       ] Received response 'hello 9' from fd00::201:1:1:1
02:23.352	ID:15	[INFO: App       ] Sending request 8 to fd00::201:1:1:1
02:23.455	ID:10	[INFO: App       ] Tx/Rx/MissedTx: 10/10/0
02:23.455	ID:10	[INFO: App       ] Sending request 10 to fd00::201:1:1:1
02:23.462	ID:1	[INFO: App       ] Received request 'hello 8' from fd00::20f:f:f:f
02:23.462	ID:1	[INFO: App       ] Sending response.
02:23.533	ID:1	[INFO: App       ] Received request 'hello 10' from fd00::20a:a:a:a
02:23.533	ID:1	[INFO: App       ] Sending response.
02:23.574	ID:15	[INFO: App       ] Received response 'hello 8' from fd00::201:1:1:1
02:23.616	ID:10	[INFO: App       ] Received response 'hello 10' from fd00::201:1:1:1
02:24.178	ID:14	[INFO: App       ] Sending request 8 to fd00::201:1:1:1
02:24.260	ID:1	[INFO: App       ] Received request 'hello 8' from fd00::20e:e:e:e
02:24.260	ID:1	[INFO: App       ] Sending response.
02:24.332	ID:14	[INFO: App       ] Received response 'hello 8' from fd00::201:1:1:1
02:26.487	ID:12	[INFO: App       ] Sending request 8 to fd00::201:1:1:1
02:26.556	ID:1	[INFO: App       ] Received request 'hello 8' from fd00::20c:c:c:c
02:26.556	ID:1	[INFO: App       ] Sending response.
02:26.691	ID:12	[INFO: App       ] Received response 'hello 8' from fd00::201:1:1:1
02:27.313	ID:5	[INFO: App       ] Sending request 11 to fd00::201:1:1:1
02:27.353	ID:1	[INFO: App       ] Received request 'hello 11' from fd00::205:5:5:5
02:27.353	ID:1	[INFO: App       ] Sending response.
02:27.406	ID:5	[INFO: App       ] Received response 'hello 11' from fd00::201:1:1:1
02:28.048	ID:8	[INFO: App       ] Tx/Rx/MissedTx: 10/10/0
02:28.048	ID:8	[INFO: App       ] Sending request 10 to fd00::201:1:1:1
02:28.136	ID:1	[INFO: App       ] Received request 'hello 10' from fd00::208:8:8:8
02:28.136	ID:1	[INFO: App       ] Sending response.
02:28.196	ID:8	[INFO: App       ] Received response 'hello 10' from fd00::201:1:1:1
02:28.338	ID:3	[INFO: App       ] Sending request 11 to fd00::201:1:1:1
02:28.411	ID:1	[INFO: App       ] Received request 'hello 11' from fd00::203:3:3:3
02:28.411	ID:1	[INFO: App       ] Sending response.
02:28.431	ID:3	[INFO: App       ] Received response 'hello 11' from fd00::201:1:1:1
02:29.191	ID:13	[INFO: App       ] Sending request 9 to fd00::201:1:1:1
02:29.268	ID:1	[INFO: App       ] Received request 'hello 9' from fd00::20d:d:d:d
02:29.268	ID:1	[INFO: App       ] Sending response.
02:29.418	ID:13	[INFO: App       ] Received response 'hello 9' from fd00::201:1:1:1
02:29.857	ID:4	[INFO: App       ] Sending request 11 to fd00::201:1:1:1
02:29.887	ID:6	[INFO: App       ] Tx/Rx/MissedTx: 10/10/0
02:29.887	ID:6	[INFO: App       ] Sending request 10 to fd00::201:1:1:1
02:29.931	ID:1	[INFO: App       ] Received request 'hello 11' from fd00::204:4:4:4
02:29.931	ID:1	[INFO: App       ] Sending response.
02:29.948	ID:1	[INFO: App       ] Received request 'hello 10' from fd00::206:6:6:6
02:29.948	ID:1	[INFO: App       ] Sending response.
02:29.988	ID:11	[INFO: App       ] Sending request 9 to fd00::201:1:1:1
02:30.000	ID:4	[INFO: App       ] Received response 'hello 11' from fd00::201:1:1:1
02:30.082	ID:6	[INFO: App       ] Received response 'hello 10' from fd00::201:1:1:1
02:30.110	ID:1	[INFO: App       ] Received request 'hello 9' from fd00::20b:b:b:b
02:30.110	ID:1	[INFO: App       ] Sending response.
02:30.194	ID:11	[INFO: App       ] Received response 'hello 9' from fd00::201:1:1:1
02:30.682	ID:2	[INFO: App       ] Sending request 12 to fd00::201:1:1:1
02:30.725	ID:1	[INFO: App       ] Received request 'hello 12' from fd00::202:2:2:2
02:30.725	ID:1	[INFO: App       ] Sending response.
02:30.728	ID:7	[INFO: App       ] Tx/Rx/MissedTx: 10/10/0
02:30.728	ID:7	[INFO: App       ] Sending request 10 to fd00::201:1:1:1
02:30.795	ID:2	[INFO: App       ] Received response 'hello 12' from fd00::201:1:1:1
02:30.822	ID:1	[INFO: App       ] Received request 'hello 10' from fd00::207:7:7:7
02:30.822	ID:1	[INFO: App       ] Sending response.
02:30.902	ID:7	[INFO: App       ] Received response 'hello 10' from fd00::201:1:1:1
02:33.148	ID:9	[INFO: App       ] Tx/Rx/MissedTx: 10/10/0
02:33.148	ID:9	[INFO: App       ] Sending request 10 to fd00::201:1:1:1
02:33.217	ID:1	[INFO: App       ] Received request 'hello 10' from fd00::209:9:9:9
02:33.217	ID:1	[INFO: App       ] Sending response.
02:33.306	ID:9	[INFO: App       ] Received response 'hello 10' from fd00::201:1:1:1
02:33.675	ID:15	[INFO: App       ] Sending request 9 to fd00::201:1:1:1
02:33.880	ID:1	[INFO: App       ] Received request 'hello 9' from fd00::20f:f:f:f
02:33.880	ID:1	[INFO: App       ] Sending response.
02:33.965	ID:15	[INFO: App       ] Received response 'hello 9' from fd00::201:1:1:1
02:34.300	ID:10	[INFO: App       ] Sending request 11 to fd00::201:1:1:1
02:34.365	ID:1	[INFO: App       ] Received request 'hello 11' from fd00::20a:a:a:a
02:34.365	ID:1	[INFO: App       ] Sending response.
02:34.437	ID:10	[INFO: App       ] Received response 'hello 11' from fd00::201:1:1:1
02:34.517	ID:14	[INFO: App       ] Sending request 9 to fd00::201:1:1:1
02:34.565	ID:1	[INFO: App       ] Received request 'hello 9' from fd00::20e:e:e:e
02:34.565	ID:1	[INFO: App       ] Sending response.
02:34.706	ID:14	[INFO: App       ] Received response 'hello 9' from fd00::201:1:1:1
02:37.343	ID:12	[INFO: App       ] Sending request 9 to fd00::201:1:1:1
02:37.416	ID:1	[INFO: App       ] Received request 'hello 9' from fd00::20c:c:c:c
02:37.416	ID:1	[INFO: App       ] Sending response.
02:37.521	ID:12	[INFO: App       ] Received response 'hello 9' from fd00::201:1:1:1
02:37.546	ID:5	[INFO: App       ] Sending request 12 to fd00::201:1:1:1
02:37.585	ID:1	[INFO: App       ] Received request 'hello 12' from fd00::205:5:5:5
02:37.585	ID:1	[INFO: App       ] Sending response.
02:37.610	ID:5	[INFO: App       ] Received response 'hello 12' from fd00::201:1:1:1
02:38.254	ID:3	[INFO: App       ] Sending request 12 to fd00::201:1:1:1
02:38.320	ID:1	[INFO: App       ] Received request 'hello 12' from fd00::203:3:3:3
02:38.320	ID:1	[INFO: App       ] Sending response.
02:38.394	ID:3	[INFO: App       ] Received response 'hello 12' from fd00::201:1:1:1
02:38.594	ID:8	[INFO: App       ] Sending request 11 to fd00::201:1:1:1
02:38.695	ID:1	[INFO: App       ] Received request 'hello 11' from fd00::208:8:8:8
02:38.695	ID:1	[INFO: App       ] Sending response.
02:38.746	ID:8	[INFO: App       ] Received response 'hello 11' from fd00::201:1:1:1
02:38.760	ID:13	[INFO: App       ] Tx/Rx/MissedTx: 10/10/0
02:38.760	ID:13	[INFO: App       ] Sending request 10 to fd00::201:1:1:1
02:38.825	ID:1	[INFO: App       ] Received request 'hello 10' from fd00::20d:d:d:d
02:38.825	ID:1	[INFO: App       ] Sending response.
02:38.926	ID:13	[INFO: App       ] Received response 'hello 10' from fd00::201:1:1:1
02:39.087	ID:11	[INFO: App       ] Tx/Rx/MissedTx: 10/10/0
02:39.087	ID:11	[INFO: App       ] Sending request 10 to fd00::201:1:1:1
02:39.143	ID:1	[INFO: App       ] Received request 'hello 10' from fd00::20b:b:b:b
02:39.143	ID:1	[INFO: App       ] Sending response.
02:39.241	ID:11	[INFO: App       ] Received response 'hello 10' from fd00::201:1:1:1
02:39.453	ID:6	[INFO: App       ] Sending request 11 to fd00::201:1:1:1
02:39.573	ID:1	[INFO: App       ] Received request 'hello 11' from fd00::206:6:6:6
02:39.573	ID:1	[INFO: App       ] Sending response.
02:39.666	ID:6	[INFO: App       ] Received response 'hello 11' from fd00::201:1:1:1
02:39.900	ID:7	[INFO: App       ] Sending request 11 to fd00::201:1:1:1
02:40.005	ID:1	[INFO: App       ] Received request 'hello 11' from fd00::207:7:7:7
02:40.005	ID:1	[INFO: App       ] Sending response.
02:40.066	ID:4	[INFO: App       ] Sending request 12 to fd00::201:1:1:1
02:40.077	ID:7	[INFO: App       ] Received response 'hello 11' from fd00::201:1:1:1
02:40.111	ID:1	[INFO: App       ] Received request 'hello 12' from fd00::204:4:4:4
02:40.111	ID:1	[INFO: App       ] Sending response.
02:40.148	ID:4	[INFO: App       ] Received response 'hello 12' from fd00::201:1:1:1
02:41.058	ID:2	[INFO: App       ] Sending request 13 to fd00::201:1:1:1
02:41.096	ID:1	[INFO: App       ] Received request 'hello 13' from fd00::202:2:2:2
02:41.096	ID:1	[INFO: App       ] Sending response.
02:41.143	ID:2	[INFO: App       ] Received response 'hello 13' from fd00::201:1:1:1
02:42.750	ID:15	[INFO: App       ] Tx/Rx/MissedTx: 10/10/0
02:42.750	ID:15	[INFO: App       ] Sending request 10 to fd00::201:1:1:1
02:42.860	ID:1	[INFO: App       ] Received request 'hello 10' from fd00::20f:f:f:f
02:42.860	ID:1	[INFO: App       ] Sending response.
02:42.976	ID:15	[INFO: App       ] Received response 'hello 10' from fd00::201:1:1:1
02:43.487	ID:9	[INFO: App       ] Sending request 11 to fd00::201:1:1:1
02:43.557	ID:1	[INFO: App       ] Received request 'hello 11' from fd00::209:9:9:9
02:43.557	ID:1	[INFO: App       ] Sending response.
02:43.619	ID:9	[INFO: App       ] Received response 'hello 11' from fd00::201:1:1:1
02:43.707	ID:14	[INFO: App       ] Tx/Rx/MissedTx: 10/10/0
02:43.707	ID:14	[INFO: App       ] Sending request 10 to fd00::201:1:1:1
02:43.811	ID:1	[INFO: App       ] Received request 'hello 10' from fd00::20e:e:e:e
02:43.811	ID:1	[INFO: App       ] Sending response.
02:43.928	ID:14	[INFO: App       ] Received response 'hello 10' from fd00::201:1:1:1
02:45.161	ID:10	[INFO: App       ] Sending request 12 to fd00::201:1:1:1
02:45.220	ID:1	[INFO: App       ] Received request 'hello 12' from fd00::20a:a:a:a
02:45.220	ID:1	[INFO: App       ] Sending response.
02:45.324	ID:10	[INFO: App       ] Received response 'hello 12' from fd00::201:1:1:1
02:46.780	ID:5	[INFO: App       ] Sending request 13 to fd00::201:1:1:1
02:46.818	ID:1	[INFO: App       ] Received request 'hello 13' from fd00::205:5:5:5
02:46.818	ID:1	[INFO: App       ] Sending response.
02:46.863	ID:5	[INFO: App       ] Received response 'hello 13' from fd00::201:1:1:1
02:47.045	ID:12	[INFO: App       ] Tx/Rx/MissedTx: 10/10/0
02:47.045	ID:12	[INFO: App       ] Sending request 10 to fd00::201:1:1:1
02:47.150	ID:1	[INFO: App       ] Received request 'hello 10' from fd00::20c:c:c:c
02:47.150	ID:1	[INFO: App       ] Sending response.
02:47.196	ID:12	[INFO: App       ] Received response 'hello 10' from fd00::201:1:1:1
02:48.707	ID:3	[INFO: App       ] Sending request 13 to fd00::201:1:1:1
02:48.787	ID:1	[INFO: App       ] Received request 'hello 13' from fd00::203:3:3:3
02:48.787	ID:1	[INFO: App       ] Sending response.
02:48.835	ID:3	[INFO: App       ] Received response 'hello 13' from fd00::201:1:1:1
02:48.887	ID:6	[INFO: App       ] Sending request 12 to fd00::201:1:1:1
02:48.900	ID:13	[INFO: App       ] Sending request 11 to fd00::201:1:1:1
02:48.959	ID:1	[INFO: App       ] Received request 'hello 12' from fd00::206:6:6:6
02:48.959	ID:1	[INFO: App       ] Sending response.
02:49.036	ID:6	[INFO: App       ] Received response 'hello 12' from fd00::201:1:1:1
02:49.043	ID:11	[INFO: App       ] Sending request 11 to fd00::201:1:1:1
02:49.100	ID:1	[INFO: App       ] Received request 'hello 11' from fd00::20d:d:d:d
02:49.100	ID:1	[INFO: App       ] Sending response.
02:49.147	ID:1	[INFO: App       ] Received request 'hello 11' from fd00::20b:b:b:b
02:49.147	ID:1	[INFO: App       ] Sending response.
02:49.213	ID:13	[INFO: App       ] Received response 'hello 11' from fd00::201:1:1:1
02:49.268	ID:11	[INFO: App       ] Received response 'hello 11' from fd00::201:1:1:1
02:49.448	ID:8	[INFO: App       ] Sending request 12 to fd00::201:1:1:1
02:49.521	ID:1	[INFO: App       ] Received request 'hello 12' from fd00::208:8:8:8
02:49.521	ID:1	[INFO: App       ] Sending response.
02:49.581	ID:8	[INFO: App       ] Received response 'hello 12' from fd00::201:1:1:1
02:49.646	ID:4	[INFO: App       ] Sending request 13 to fd00::201:1:1:1
02:49.660	ID:7	[INFO: App       ] Sending request 12 to fd00::201:1:1:1
02:49.680	ID:1	[INFO: App       ] Received request 'hello 13' from fd00::204:4:4:4
02:49.680	ID:1	[INFO: App       ] Sending response.
02:49.771	ID:4	[INFO: App       ] Received response 'hello 13' from fd00::201:1:1:1
02:49.814	ID:1	[INFO: App       ] Received request 'hello 12' from fd00::207:7:7:7
02:49.814	ID:1	[INFO: App       ] Sending response.
02:49.904	ID:7	[INFO: App       ] Received response 'hello 12' from fd00::201:1:1:1
02:51.504	ID:2	[INFO: App       ] Sending request 14 to fd00::201:1:1:1
02:51.543	ID:1	[INFO: App       ] Received request 'hello 14' from fd00::202:2:2:2
02:51.543	ID:1	[INFO: App       ] Sending response.
02:51.569	ID:2	[INFO: App       ] Received response 'hello 14' from fd00::201:1:1:1
02:51.776	ID:15	[INFO: App       ] Sending request 11 to fd00::201:1:1:1
02:51.905	ID:1	[INFO: App       ] Received request 'hello 11' from fd00::20f:f:f:f
02:51.905	ID:1	[INFO: App       ] Sending response.
02:51.987	ID:15	[INFO: App       ] Received response 'hello 11' from fd00::201:1:1:1
02:52.920	ID:9	[INFO: App       ] Sending request 12 to fd00::201:1:1:1
02:52.985	ID:1	[INFO: App       ] Received request 'hello 12' from fd00::209:9:9:9
02:52.985	ID:1	[INFO: App       ] Sending response.
02:53.024	ID:9	[INFO: App       ] Received response 'hello 12' from fd00::201:1:1:1
02:53.231	ID:14	[INFO: App       ] Sending request 11 to fd00::201:1:1:1
02:53.349	ID:1	[INFO: App       ] Received request 'hello 11' from fd00::20e:e:e:e
02:53.349	ID:1	[INFO: App       ] Sending response.
02:53.441	ID:14	[INFO: App       ] Received response 'hello 11' from fd00::201:1:1:1
02:54.606	ID:10	[INFO: App       ] Sending request 13 to fd00::201:1:1:1
02:54.705	ID:1	[INFO: App       ] Received request 'hello 13' from fd00::20a:a:a:a
02:54.705	ID:1	[INFO: App       ] Sending response.
02:54.769	ID:10	[INFO: App       ] Received response 'hello 13' from fd00::201:1:1:1
02:56.874	ID:5	[INFO: App       ] Sending request 14 to fd00::201:1:1:1
02:56.896	ID:1	[INFO: App       ] Received request 'hello 14' from fd00::205:5:5:5
02:56.896	ID:1	[INFO: App       ] Sending response.
02:56.958	ID:12	[INFO: App       ] Sending request 11 to fd00::201:1:1:1
02:56.965	ID:5	[INFO: App       ] Received response 'hello 14' from fd00::201:1:1:1
02:57.089	ID:1	[INFO: App       ] Received request 'hello 11' from fd00::20c:c:c:c
02:57.089	ID:1	[INFO: App       ] Sending response.
02:57.221	ID:12	[INFO: App       ] Received response 'hello 11' from fd00::201:1:1:1
02:57.901	ID:6	[INFO: App       ] Sending request 13 to fd00::201:1:1:1
02:57.985	ID:13	[INFO: App       ] Sending request 12 to fd00::201:1:1:1
02:57.999	ID:1	[INFO: App       ] Received request 'hello 13' from fd00::206:6:6:6
02:57.999	ID:1	[INFO: App       ] Sending response.
02:58.074	ID:1	[INFO: App       ] Received request 'hello 12' from fd00::20d:d:d:d
02:58.074	ID:1	[INFO: App       ] Sending response.
02:58.100	ID:6	[INFO: App       ] Received response 'hello 13' from fd00::201:1:1:1
02:58.203	ID:13	[INFO: App       ] Received response 'hello 12' from fd00::201:1:1:1
02:58.463	ID:3	[INFO: App       ] Sending request 14 to fd00::201:1:1:1
02:58.515	ID:1	[INFO: App       ] Received request 'hello 14' from fd00::203:3:3:3
02:58.515	ID:1	[INFO: App       ] Sending response.
02:58.540	ID:3	[INFO: App       ] Received response 'hello 14' from fd00::201:1:1:1
02:58.944	ID:11	[INFO: App       ] Sending request 12 to fd00::201:1:1:1
02:59.002	ID:1	[INFO: App       ] Received request 'hello 12' from fd00::20b:b:b:b
02:59.002	ID:1	[INFO: App       ] Sending response.
02:59.074	ID:11	[INFO: App       ] Received response 'hello 12' from fd00::201:1:1:1
02:59.274	ID:4	[INFO: App       ] Sending request 14 to fd00::201:1:1:1
02:59.336	ID:1	[INFO: App       ] Received request 'hello 14' from fd00::204:4:4:4
02:59.336	ID:1	[INFO: App       ] Sending response.
02:59.397	ID:7	[INFO: App       ] Sending request 13 to fd00::201:1:1:1
02:59.400	ID:4	[INFO: App       ] Received response 'hello 14' from fd00::201:1:1:1
02:59.444	ID:1	[INFO: App       ] Received request 'hello 13' from fd00::207:7:7:7
02:59.444	ID:1	[INFO: App       ] Sending response.
02:59.540	ID:7	[INFO: App       ] Received response 'hello 13' from fd00::201:1:1:1
02:59.820	ID:8	[INFO: App       ] Sending request 13 to fd00::201:1:1:1
02:59.884	ID:1	[INFO: App       ] Received request 'hello 13' from fd00::208:8:8:8
02:59.884	ID:1	[INFO: App       ] Sending response.
02:59.927	ID:8	[INFO: App       ] Received response 'hello 13' from fd00::201:1:1:1
03:01.110	ID:2	[INFO: App       ] Sending request 15 to fd00::201:1:1:1
03:01.161	ID:1	[INFO: App       ] Received request 'hello 15' from fd00::202:2:2:2
03:01.161	ID:1	[INFO: App       ] Sending response.
03:01.230	ID:2	[INFO: App       ] Received response 'hello 15' from fd00::201:1:1:1
03:02.132	ID:15	[INFO: App       ] Sending request 12 to fd00::201:1:1:1
03:02.262	ID:1	[INFO: App       ] Received request 'hello 12' from fd00::20f:f:f:f
03:02.262	ID:1	[INFO: App       ] Sending response.
03:02.355	ID:15	[INFO: App       ] Received response 'hello 12' from fd00::201:1:1:1
03:03.134	ID:14	[INFO: App       ] Sending request 12 to fd00::201:1:1:1
03:03.228	ID:1	[INFO: App       ] Received request 'hello 12' from fd00::20e:e:e:e
03:03.228	ID:1	[INFO: App       ] Sending response.
03:03.308	ID:14	[INFO: App       ] Received response 'hello 12' from fd00::201:1:1:1
03:03.309	ID:9	[INFO: App       ] Sending request 13 to fd00::201:1:1:1
03:03.373	ID:1	[INFO: App       ] Received request 'hello 13' from fd00::209:9:9:9
03:03.373	ID:1	[INFO: App       ] Sending response.
03:03.466	ID:9	[INFO: App       ] Received response 'hello 13' from fd00::201:1:1:1
03:03.794	ID:10	[INFO: App       ] Sending request 14 to fd00::201:1:1:1
03:03.859	ID:1	[INFO: App       ] Received request 'hello 14' from fd00::20a:a:a:a
03:03.859	ID:1	[INFO: App       ] Sending response.
03:03.941	ID:10	[INFO: App       ] Received response 'hello 14' from fd00::201:1:1:1
03:06.452	ID:12	[INFO: App       ] Sending request 12 to fd00::201:1:1:1
03:06.553	ID:1	[INFO: App       ] Received request 'hello 12' from fd00::20c:c:c:c
03:06.553	ID:1	[INFO: App       ] Sending response.
03:06.699	ID:12	[INFO: App       ] Received response 'hello 12' from fd00::201:1:1:1
03:07.561	ID:5	[INFO: App       ] Sending request 15 to fd00::201:1:1:1
03:07.582	ID:3	[INFO: App       ] Sending request 15 to fd00::201:1:1:1
03:07.594	ID:1	[INFO: App       ] Received request 'hello 15' from fd00::205:5:5:5
03:07.594	ID:1	[INFO: App       ] Sending response.
03:07.632	ID:1	[INFO: App       ] Received request 'hello 15' from fd00::203:3:3:3
03:07.632	ID:1	[INFO: App       ] Sending response.
03:07.681	ID:5	[INFO: App       ] Received response 'hello 15' from fd00::201:1:1:1
03:07.726	ID:3	[INFO: App       ] Received response 'hello 15' from fd00::201:1:1:1
03:08.245	ID:13	[INFO: App       ] Sending request 13 to fd00::201:1:1:1
03:08.354	ID:1	[INFO: App       ] Received request 'hello 13' from fd00::20d:d:d:d
03:08.354	ID:1	[INFO: App       ] Sending response.
03:08.401	ID:6	[INFO: App       ] Sending request 14 to fd00::201:1:1:1
03:08.470	ID:1	[INFO: App       ] Received request 'hello 14' from fd00::206:6:6:6
03:08.470	ID:1	[INFO: App       ] Sending response.
03:08.546	ID:13	[INFO: App       ] Received response 'hello 13' from fd00::201:1:1:1
03:08.556	ID:6	[INFO: App       ] Received response 'hello 14' from fd00::201:1:1:1
03:08.752	ID:4	[INFO: App       ] Sending request 15 to fd00::201:1:1:1
03:08.781	ID:7	[INFO: App       ] Sending request 14 to fd00::201:1:1:1
03:08.801	ID:1	[INFO: App       ] Received request 'hello 15' from fd00::204:4:4:4
03:08.801	ID:1	[INFO: App       ] Sending response.
03:08.840	ID:4	[INFO: App       ] Received response 'hello 15' from fd00::201:1:1:1
03:08.846	ID:1	[INFO: App       ] Received request 'hello 14' from fd00::207:7:7:7
03:08.846	ID:1	[INFO: App       ] Sending response.
03:08.950	ID:7	[INFO: App       ] Received response 'hello 14' from fd00::201:1:1:1
03:09.348	ID:11	[INFO: App       ] Sending request 13 to fd00::201:1:1:1
03:09.367	ID:8	[INFO: App       ] Sending request 14 to fd00::201:1:1:1
03:09.400	ID:1	[INFO: App       ] Received request 'hello 13' from fd00::20b:b:b:b
03:09.400	ID:1	[INFO: App       ] Sending response.
03:09.439	ID:1	[INFO: App       ] Received request 'hello 14' from fd00::208:8:8:8
03:09.439	ID:1	[INFO: App       ] Sending response.
03:09.492	ID:11	[INFO: App       ] Received response 'hello 13' from fd00::201:1:1:1
03:09.540	ID:8	[INFO: App       ] Received response 'hello 14' from fd00::201:1:1:1
03:10.963	ID:2	[INFO: App       ] Sending request 16 to fd00::201:1:1:1
03:11.010	ID:1	[INFO: App       ] Received request 'hello 16' from fd00::202:2:2:2
03:11.010	ID:1	[INFO: App       ] Sending response.
03:11.085	ID:2	[INFO: App       ] Received response 'hello 16' from fd00::201:1:1:1
03:12.805	ID:15	[INFO: App       ] Sending request 13 to fd00::201:1:1:1
03:12.904	ID:1	[INFO: App       ] Received request 'hello 13' from fd00::20f:f:f:f
03:12.904	ID:1	[INFO: App       ] Sending response.
03:12.963	ID:14	[INFO: App       ] Sending request 13 to fd00::201:1:1:1
03:13.017	ID:15	[INFO: App       ] Received response 'hello 13' from fd00::201:1:1:1
03:13.097	ID:1	[INFO: App       ] Received request 'hello 13' from fd00::20e:e:e:e
03:13.097	ID:1	[INFO: App       ] Sending response.
03:13.167	ID:14	[INFO: App       ] Received response 'hello 13' from fd00::201:1:1:1
03:13.399	ID:10	[INFO: App       ] Sending request 15 to fd00::201:1:1:1
03:13.499	ID:1	[INFO: App       ] Received request 'hello 15' from fd00::20a:a:a:a
03:13.499	ID:1	[INFO: App       ] Sending response.
03:13.565	ID:10	[INFO: App       ] Received response 'hello 15' from fd00::201:1:1:1
03:13.693	ID:9	[INFO: App       ] Sending request 14 to fd00::201:1:1:1
03:13.768	ID:1	[INFO: App       ] Received request 'hello 14' from fd00::209:9:9:9
03:13.768	ID:1	[INFO: App       ] Sending response.
03:13.831	ID:9	[INFO: App       ] Received response 'hello 14' from fd00::201:1:1:1
03:16.999	ID:12	[INFO: App       ] Sending request 13 to fd00::201:1:1:1
03:17.092	ID:1	[INFO: App       ] Received request 'hello 13' from fd00::20c:c:c:c
03:17.092	ID:1	[INFO: App       ] Sending response.
03:17.160	ID:5	[INFO: App       ] Sending request 16 to fd00::201:1:1:1
03:17.193	ID:1	[INFO: App       ] Received request 'hello 16' from fd00::205:5:5:5
03:17.193	ID:1	[INFO: App       ] Sending response.
03:17.227	ID:12	[INFO: App       ] Received response 'hello 13' from fd00::201:1:1:1
03:17.239	ID:5	[INFO: App       ] Received response 'hello 16' from fd00::201:1:1:1
03:17.765	ID:3	[INFO: App       ] Sending request 16 to fd00::201:1:1:1
03:17.811	ID:1	[INFO: App       ] Received request 'hello 16' from fd00::203:3:3:3
03:17.811	ID:1	[INFO: App       ] Sending response.
03:17.861	ID:3	[INFO: App       ] Received response 'hello 16' from fd00::201:1:1:1
03:17.991	ID:6	[INFO: App       ] Sending request 15 to fd00::201:1:1:1
03:18.056	ID:1	[INFO: App       ] Received request 'hello 15' from fd00::206:6:6:6
03:18.056	ID:1	[INFO: App       ] Sending response.
03:18.178	ID:6	[INFO: App       ] Received response 'hello 15' from fd00::201:1:1:1
03:18.373	ID:7	[INFO: App       ] Sending request 15 to fd00::201:1:1:1
03:18.437	ID:1	[INFO: App       ] Received request 'hello 15' from fd00::207:7:7:7
03:18.437	ID:1	[INFO: App       ] Sending response.
03:18.570	ID:7	[INFO: App       ] Received response 'hello 15' from fd00::201:1:1:1
03:18.808	ID:13	[INFO: App       ] Sending request 14 to fd00::201:1:1:1
03:18.930	ID:1	[INFO: App       ] Received request 'hello 14' from fd00::20d:d:d:d
03:18.930	ID:1	[INFO: App       ] Sending response.
03:18.990	ID:13	[INFO: App       ] Received response 'hello 14' from fd00::201:1:1:1
03:19.115	ID:4	[INFO: App       ] Sending request 16 to fd00::201:1:1:1
03:19.163	ID:1	[INFO: App       ] Received request 'hello 16' from fd00::204:4:4:4
03:19.163	ID:1	[INFO: App       ] Sending response.
03:19.233	ID:4	[INFO: App       ] Received response 'hello 16' from fd00::201:1:1:1
03:19.470	ID:8	[INFO: App       ] Sending request 15 to fd00::201:1:1:1
03:19.518	ID:1	[INFO: App       ] Received request 'hello 15' from fd00::208:8:8:8
03:19.518	ID:1	[INFO: App       ] Sending response.
03:19.598	ID:8	[INFO: App       ] Received response 'hello 15' from fd00::201:1:1:1
03:19.856	ID:11	[INFO: App       ] Sending request 14 to fd00::201:1:1:1
03:19.915	ID:1	[INFO: App       ] Received request 'hello 14' from fd00::20b:b:b:b
03:19.915	ID:1	[INFO: App       ] Sending response.
03:20.007	ID:11	[INFO: App       ] Received response 'hello 14' from fd00::201:1:1:1
03:21.402	ID:2	[INFO: App       ] Sending request 17 to fd00::201:1:1:1
03:21.489	ID:1	[INFO: App       ] Received request 'hello 17' from fd00::202:2:2:2
03:21.489	ID:1	[INFO: App       ] Sending response.
03:21.567	ID:2	[INFO: App       ] Received response 'hello 17' from fd00::201:1:1:1
03:22.579	ID:10	[INFO: App       ] Sending request 16 to fd00::201:1:1:1
03:22.664	ID:1	[INFO: App       ] Received request 'hello 16' from fd00::20a:a:a:a
03:22.664	ID:1	[INFO: App       ] Sending response.
03:22.727	ID:10	[INFO: App       ] Received response 'hello 16' from fd00::201:1:1:1
03:22.848	ID:15	[INFO: App       ] Sending request 14 to fd00::201:1:1:1
03:22.974	ID:1	[INFO: App       ] Received request 'hello 14' from fd00::20f:f:f:f
03:22.974	ID:1	[INFO: App       ] Sending response.
03:23.039	ID:15	[INFO: App       ] Received response 'hello 14' from fd00::201:1:1:1
03:23.187	ID:14	[INFO: App       ] Sending request 14 to fd00::201:1:1:1
03:23.273	ID:1	[INFO: App       ] Received request 'hello 14' from fd00::20e:e:e:e
03:23.273	ID:1	[INFO: App       ] Sending response.
03:23.415	ID:14	[INFO: App       ] Received response 'hello 14' from fd00::201:1:1:1
03:24.585	ID:9	[INFO: App       ] Sending request 15 to fd00::201:1:1:1
03:24.628	ID:1	[INFO: App       ] Received request 'hello 15' from fd00::209:9:9:9
03:24.628	ID:1	[INFO: App       ] Sending response.
03:24.691	ID:9	[INFO: App       ] Received response 'hello 15' from fd00::201:1:1:1
03:26.233	ID:12	[INFO: App       ] Sending request 14 to fd00::201:1:1:1
03:26.342	ID:1	[INFO: App       ] Received request 'hello 14' from fd00::20c:c:c:c
03:26.342	ID:1	[INFO: App       ] Sending response.
03:26.438	ID:12	[INFO: App       ] Received response 'hello 14' from fd00::201:1:1:1
03:27.587	ID:5	[INFO: App       ] Sending request 17 to fd00::201:1:1:1
03:27.652	ID:1	[INFO: App       ] Received request 'hello 17' from fd00::205:5:5:5
03:27.652	ID:1	[INFO: App       ] Sending response.
03:27.730	ID:5	[INFO: App       ] Received response 'hello 17' from fd00::201:1:1:1
03:28.016	ID:3	[INFO: App       ] Sending request 17 to fd00::201:1:1:1
03:28.097	ID:1	[INFO: App       ] Received request 'hello 17' from fd00::203:3:3:3
03:28.097	ID:1	[INFO: App       ] Sending response.
03:28.127	ID:3	[INFO: App       ] Received response 'hello 17' from fd00::201:1:1:1
03:28.131	ID:13	[INFO: App       ] Sending request 15 to fd00::201:1:1:1
03:28.241	ID:1	[INFO: App       ] Received request 'hello 15' from fd00::20d:d:d:d
03:28.241	ID:1	[INFO: App       ] Sending response.
03:28.366	ID:13	[INFO: App       ] Received response 'hello 15' from fd00::201:1:1:1
03:28.523	ID:8	[INFO: App       ] Sending request 16 to fd00::201:1:1:1
03:28.553	ID:1	[INFO: App       ] Received request 'hello 16' from fd00::208:8:8:8
03:28.553	ID:1	[INFO: App       ] Sending response.
03:28.581	ID:8	[INFO: App       ] Received response 'hello 16' from fd00::201:1:1:1
03:28.644	ID:4	[INFO: App       ] Sending request 17 to fd00::201:1:1:1
03:28.703	ID:1	[INFO: App       ] Received request 'hello 17' from fd00::204:4:4:4
03:28.703	ID:1	[INFO: App       ] Sending response.
03:28.733	ID:6	[INFO: App       ] Sending request 16 to fd00::201:1:1:1
03:28.770	ID:1	[INFO: App       ] Received request 'hello 16' from fd00::206:6:6:6
03:28.770	ID:1	[INFO: App       ] Sending response.
03:28.775	ID:4	[INFO: App       ] Received response 'hello 17' from fd00::201:1:1:1
03:28.839	ID:6	[INFO: App       ] Received response 'hello 16' from fd00::201:1:1:1
03:29.018	ID:11	[INFO: App       ] Sending request 15 to fd00::201:1:1:1
03:29.102	ID:1	[INFO: App       ] Received request 'hello 15' from fd00::20b:b:b:b
03:29.102	ID:1	[INFO: App       ] Sending response.
03:29.162	ID:7	[INFO: App       ] Sending request 16 to fd00::201:1:1:1
03:29.189	ID:11	[INFO: App       ] Received response 'hello 15' from fd00::201:1:1:1
03:29.308	ID:1	[INFO: App       ] Received request 'hello 16' from fd00::207:7:7:7
03:29.308	ID:1	[INFO: App       ] Sending response.
03:29.392	ID:7	[INFO: App       ] Received response 'hello 16' from fd00::201:1:1:1
03:30.941	ID:2	[INFO: App       ] Sending request 18 to fd00::201:1:1:1
03:31.006	ID:1	[INFO: App       ] Received request 'hello 18' from fd00::202:2:2:2
03:31.006	ID:1	[INFO: App       ] Sending response.
03:31.075	ID:2	[INFO: App       ] Received response 'hello 18' from fd00::201:1:1:1
03:32.082	ID:10	[INFO: App       ] Sending request 17 to fd00::201:1:1:1
03:32.135	ID:1	[INFO: App       ] Received request 'hello 17' from fd00::20a:a:a:a
03:32.135	ID:1	[INFO: App       ] Sending response.
03:32.187	ID:10	[INFO: App       ] Received response 'hello 17' from fd00::201:1:1:1
03:33.409	ID:15	[INFO: App       ] Sending request 15 to fd00::201:1:1:1
03:33.472	ID:14	[INFO: App       ] Sending request 15 to fd00::201:1:1:1
03:33.483	ID:1	[INFO: App       ] Received request 'hello 15' from fd00::20f:f:f:f
03:33.483	ID:1	[INFO: App       ] Sending response.
03:33.541	ID:1	[INFO: App       ] Received request 'hello 15' from fd00::20e:e:e:e
03:33.541	ID:1	[INFO: App       ] Sending response.
03:33.595	ID:15	[INFO: App       ] Received response 'hello 15' from fd00::201:1:1:1
03:33.653	ID:14	[INFO: App       ] Received response 'hello 15' from fd00::201:1:1:1
03:33.805	ID:9	[INFO: App       ] Sending request 16 to fd00::201:1:1:1
03:33.837	ID:1	[INFO: App       ] Received request 'hello 16' from fd00::209:9:9:9
03:33.837	ID:1	[INFO: App       ] Sending response.
03:33.914	ID:9	[INFO: App       ] Received response 'hello 16' from fd00::201:1:1:1
03:37.084	ID:12	[INFO: App       ] Sending request 15 to fd00::201:1:1:1
03:37.090	ID:3	[INFO: App       ] Sending request 18 to fd00::201:1:1:1
03:37.125	ID:1	[INFO: App       ] Received request 'hello 18' from fd00::203:3:3:3
03:37.125	ID:1	[INFO: App       ] Sending response.
03:37.251	ID:3	[INFO: App       ] Received response 'hello 18' from fd00::201:1:1:1
03:37.295	ID:1	[INFO: App       ] Received request 'hello 15' from fd00::20c:c:c:c
03:37.295	ID:1	[INFO: App       ] Sending response.
03:37.403	ID:12	[INFO: App       ] Received response 'hello 15' from fd00::201:1:1:1
03:37.524	ID:8	[INFO: App       ] Sending request 17 to fd00::201:1:1:1
03:37.549	ID:13	[INFO: App       ] Sending request 16 to fd00::201:1:1:1
03:37.633	ID:1	[INFO: App       ] Received request 'hello 17' from fd00::208:8:8:8
03:37.633	ID:1	[INFO: App       ] Sending response.
03:37.642	ID:1	[INFO: App       ] Received request 'hello 16' from fd00::20d:d:d:d
03:37.642	ID:1	[INFO: App       ] Sending response.
03:37.708	ID:8	[INFO: App       ] Received response 'hello 17' from fd00::201:1:1:1
03:37.752	ID:5	[INFO: App       ] Sending request 18 to fd00::201:1:1:1
03:37.804	ID:1	[INFO: App       ] Received request 'hello 18' from fd00::205:5:5:5
03:37.804	ID:1	[INFO: App       ] Sending response.
03:37.806	ID:13	[INFO: App       ] Received response 'hello 16' from fd00::201:1:1:1
03:37.864	ID:5	[INFO: App       ] Received response 'hello 18' from fd00::201:1:1:1
03:38.354	ID:4	[INFO: App       ] Sending request 18 to fd00::201:1:1:1
03:38.435	ID:1	[INFO: App       ] Received request 'hello 18' from fd00::204:4:4:4
03:38.435	ID:1	[INFO: App       ] Sending response.
03:38.471	ID:4	[INFO: App       ] Received response 'hello 18' from fd00::201:1:1:1
03:38.521	ID:11	[INFO: App       ] Sending request 16 to fd00::201:1:1:1
03:38.588	ID:1	[INFO: App       ] Received request 'hello 16' from fd00::20b:b:b:b
03:38.588	ID:1	[INFO: App       ] Sending response.
03:38.631	ID:7	[INFO: App       ] Sending request 17 to fd00::201:1:1:1
03:38.692	ID:11	[INFO: App       ] Received response 'hello 16' from fd00::201:1:1:1
03:38.740	ID:1	[INFO: App       ] Received request 'hello 17' from fd00::207:7:7:7
03:38.740	ID:1	[INFO: App       ] Sending response.
03:38.817	ID:7	[INFO: App       ] Received response 'hello 17' from fd00::201:1:1:1
03:39.098	ID:6	[INFO: App       ] Sending request 17 to fd00::201:1:1:1
03:39.134	ID:1	[INFO: App       ] Received request 'hello 17' from fd00::206:6:6:6
03:39.134	ID:1	[INFO: App       ] Sending response.
03:39.188	ID:6	[INFO: App       ] Received response 'hello 17' from fd00::201:1:1:1
03:40.500	ID:2	[INFO: App       ] Sending request 19 to fd00::201:1:1:1
03:40.522	ID:1	[INFO: App       ] Received request 'hello 19' from fd00::202:2:2:2
03:40.522	ID:1	[INFO: App       ] Sending response.
03:40.557	ID:2	[INFO: App       ] Received response 'hello 19' from fd00::201:1:1:1
03:42.572	ID:14	[INFO: App       ] Sending request 16 to fd00::201:1:1:1
03:42.662	ID:1	[INFO: App       ] Received request 'hello 16' from fd00::20e:e:e:e
03:42.662	ID:1	[INFO: App       ] Sending response.
03:42.791	ID:14	[INFO: App       ] Received response 'hello 16' from fd00::201:1:1:1
03:42.947	ID:10	[INFO: App       ] Sending request 18 to fd00::201:1:1:1
03:43.027	ID:1	[INFO: App       ] Received request 'hello 18' from fd00::20a:a:a:a
03:43.027	ID:1	[INFO: App       ] Sending response.
03:43.104	ID:10	[INFO: App       ] Received response 'hello 18' from fd00::201:1:1:1
03:43.515	ID:15	[INFO: App       ] Sending request 16 to fd00::201:1:1:1
03:43.622	ID:1	[INFO: App       ] Received request 'hello 16' from fd00::20f:f:f:f
03:43.622	ID:1	[INFO: App       ] Sending response.
03:43.699	ID:15	[INFO: App       ] Received response 'hello 16' from fd00::201:1:1:1
03:44.132	ID:9	[INFO: App       ] Sending request 17 to fd00::201:1:1:1
03:44.245	ID:1	[INFO: App       ] Received request 'hello 17' from fd00::209:9:9:9
03:44.245	ID:1	[INFO: App       ] Sending response.
03:44.359	ID:9	[INFO: App       ] Received response 'hello 17' from fd00::201:1:1:1
03:46.123	ID:3	[INFO: App       ] Sending request 19 to fd00::201:1:1:1
03:46.153	ID:1	[INFO: App       ] Received request 'hello 19' from fd00::203:3:3:3
03:46.153	ID:1	[INFO: App       ] Sending response.
03:46.229	ID:3	[INFO: App       ] Received response 'hello 19' from fd00::201:1:1:1
03:46.258	ID:12	[INFO: App       ] Sending request 16 to fd00::201:1:1:1
03:46.379	ID:1	[INFO: App       ] Received request 'hello 16' from fd00::20c:c:c:c
03:46.379	ID:1	[INFO: App       ] Sending response.
03:46.472	ID:12	[INFO: App       ] Received response 'hello 16' from fd00::201:1:1:1
03:46.709	ID:13	[INFO: App       ] Sending request 17 to fd00::201:1:1:1
03:46.811	ID:1	[INFO: App       ] Received request 'hello 17' from fd00::20d:d:d:d
03:46.811	ID:1	[INFO: App       ] Sending response.
03:46.964	ID:13	[INFO: App       ] Received response 'hello 17' from fd00::201:1:1:1
03:47.633	ID:4	[INFO: App       ] Sending request 19 to fd00::201:1:1:1
03:47.698	ID:1	[INFO: App       ] Received request 'hello 19' from fd00::204:4:4:4
03:47.698	ID:1	[INFO: App       ] Sending response.
03:47.737	ID:4	[INFO: App       ] Received response 'hello 19' from fd00::201:1:1:1
03:48.020	ID:5	[INFO: App       ] Sending request 19 to fd00::201:1:1:1
03:48.096	ID:1	[INFO: App       ] Received request 'hello 19' from fd00::205:5:5:5
03:48.096	ID:1	[INFO: App       ] Sending response.
03:48.134	ID:7	[INFO: App       ] Sending request 18 to fd00::201:1:1:1
03:48.139	ID:5	[INFO: App       ] Received response 'hello 19' from fd00::201:1:1:1
03:48.187	ID:1	[INFO: App       ] Received request 'hello 18' from fd00::207:7:7:7
03:48.187	ID:1	[INFO: App       ] Sending response.
03:48.219	ID:11	[INFO: App       ] Sending request 17 to fd00::201:1:1:1
03:48.228	ID:7	[INFO: App       ] Received response 'hello 18' from fd00::201:1:1:1
03:48.306	ID:1	[INFO: App       ] Received request 'hello 17' from fd00::20b:b:b:b
03:48.306	ID:1	[INFO: App       ] Sending response.
03:48.361	ID:11	[INFO: App       ] Received response 'hello 17' from fd00::201:1:1:1
03:48.396	ID:8	[INFO: App       ] Sending request 18 to fd00::201:1:1:1
03:48.456	ID:1	[INFO: App       ] Received request 'hello 18' from fd00::208:8:8:8
03:48.456	ID:1	[INFO: App       ] Sending response.
03:48.526	ID:8	[INFO: App       ] Received response 'hello 18' from fd00::201:1:1:1
03:49.628	ID:6	[INFO: App       ] Sending request 18 to fd00::201:1:1:1
03:49.673	ID:1	[INFO: App       ] Received request 'hello 18' from fd00::206:6:6:6
03:49.673	ID:1	[INFO: App       ] Sending response.
03:49.744	ID:6	[INFO: App       ] Received response 'hello 18' from fd00::201:1:1:1
03:50.696	ID:2	[INFO: App       ] Tx/Rx/MissedTx: 20/20/0
03:50.696	ID:2	[INFO: App       ] Sending request 20 to fd00::201:1:1:1
03:50.722	ID:1	[INFO: App       ] Received request 'hello 20' from fd00::202:2:2:2
03:50.722	ID:1	[INFO: App       ] Sending response.
03:50.776	ID:2	[INFO: App       ] Received response 'hello 20' from fd00::201:1:1:1
03:51.874	ID:14	[INFO: App       ] Sending request 17 to fd00::201:1:1:1
03:51.979	ID:1	[INFO: App       ] Received request 'hello 17' from fd00::20e:e:e:e
03:51.979	ID:1	[INFO: App       ] Sending response.
03:52.091	ID:14	[INFO: App       ] Received response 'hello 17' from fd00::201:1:1:1
03:53.353	ID:10	[INFO: App       ] Sending request 19 to fd00::201:1:1:1
03:53.402	ID:1	[INFO: App       ] Received request 'hello 19' from fd00::20a:a:a:a
03:53.402	ID:1	[INFO: App       ] Sending response.
03:53.477	ID:10	[INFO: App       ] Received response 'hello 19' from fd00::201:1:1:1
03:54.012	ID:15	[INFO: App       ] Sending request 17 to fd00::201:1:1:1
03:54.152	ID:1	[INFO: App       ] Received request 'hello 17' from fd00::20f:f:f:f
03:54.152	ID:1	[INFO: App       ] Sending response.
03:54.274	ID:15	[INFO: App       ] Received response 'hello 17' from fd00::201:1:1:1
03:55.093	ID:9	[INFO: App       ] Sending request 18 to fd00::201:1:1:1
03:55.160	ID:1	[INFO: App       ] Received request 'hello 18' from fd00::209:9:9:9
03:55.160	ID:1	[INFO: App       ] Sending response.
03:55.259	ID:9	[INFO: App       ] Received response 'hello 18' from fd00::201:1:1:1
03:55.553	ID:3	[INFO: App       ] Tx/Rx/MissedTx: 20/20/0
03:55.553	ID:3	[INFO: App       ] Sending request 20 to fd00::201:1:1:1
03:55.608	ID:1	[INFO: App       ] Received request 'hello 20' from fd00::203:3:3:3
03:55.608	ID:1	[INFO: App       ] Sending response.
03:55.661	ID:3	[INFO: App       ] Received response 'hello 20' from fd00::201:1:1:1
03:56.609	ID:12	[INFO: App       ] Sending request 17 to fd00::201:1:1:1
03:56.735	ID:1	[INFO: App       ] Received request 'hello 17' from fd00::20c:c:c:c
03:56.735	ID:1	[INFO: App       ] Sending response.
03:56.836	ID:12	[INFO: App       ] Received response 'hello 17' from fd00::201:1:1:1
03:56.959	ID:13	[INFO: App       ] Sending request 18 to fd00::201:1:1:1
03:57.042	ID:5	[INFO: App       ] Tx/Rx/MissedTx: 20/20/0
03:57.042	ID:5	[INFO: App       ] Sending request 20 to fd00::201:1:1:1
03:57.068	ID:1	[INFO: App       ] Received request 'hello 18' from fd00::20d:d:d:d
03:57.068	ID:1	[INFO: App       ] Sending response.
03:57.175	ID:13	[INFO: App       ] Received response 'hello 18' from fd00::201:1:1:1
03:57.202	ID:1	[INFO: App       ] Received request 'hello 20' from fd00::205:5:5:5
03:57.202	ID:1	[INFO: App       ] Sending response.
03:57.270	ID:5	[INFO: App       ] Received response 'hello 20' from fd00::201:1:1:1
03:57.610	ID:4	[INFO: App       ] Tx/Rx/MissedTx: 20/20/0
03:57.610	ID:4	[INFO: App       ] Sending request 20 to fd00::201:1:1:1
03:57.678	ID:1	[INFO: App       ] Received request 'hello 20' from fd00::204:4:4:4
03:57.678	ID:1	[INFO: App       ] Sending response.
03:57.717	ID:4	[INFO: App       ] Received response 'hello 20' from fd00::201:1:1:1
03:57.978	ID:7	[INFO: App       ] Sending request 19 to fd00::201:1:1:1
03:57.991	ID:11	[INFO: App       ] Sending request 18 to fd00::201:1:1:1
03:58.089	ID:1	[INFO: App       ] Received request 'hello 19' from fd00::207:7:7:7
03:58.089	ID:1	[INFO: App       ] Sending response.
03:58.109	ID:1	[INFO: App       ] Received request 'hello 18' from fd00::20b:b:b:b
03:58.109	ID:1	[INFO: App       ] Sending response.
03:58.200	ID:7	[INFO: App       ] Received response 'hello 19' from fd00::201:1:1:1
03:58.245	ID:11	[INFO: App       ] Received response 'hello 18' from fd00::201:1:1:1
03:59.249	ID:8	[INFO: App       ] Sending request 19 to fd00::201:1:1:1
03:59.288	ID:6	[INFO: App       ] Sending request 19 to fd00::201:1:1:1
03:59.321	ID:1	[INFO: App       ] Received request 'hello 19' from fd00::208:8:8:8
03:59.321	ID:1	[INFO: App       ] Sending response.
03:59.360	ID:1	[INFO: App       ] Received request 'hello 19' from fd00::206:6:6:6
03:59.360	ID:1	[INFO: App       ] Sending response.
03:59.473	ID:8	[INFO: App       ] Received response 'hello 19' from fd00::201:1:1:1
03:59.494	ID:6	[INFO: App       ] Received response 'hello 19' from fd00::201:1:1:1
04:00.343	ID:16	[WARN: SINKHOLE  ] SINKHOLE ATTACK: enabled
04:00.343	ID:16	[WARN: RPL       ] SINKHOLE: advertising rank 128 instead of 256
04:01.134	ID:2	[INFO: App       ] Sending request 21 to fd00::201:1:1:1
04:01.212	ID:1	[INFO: App       ] Received request 'hello 21' from fd00::202:2:2:2
04:01.212	ID:1	[INFO: App       ] Sending response.
04:01.245	ID:2	[INFO: App       ] Received response 'hello 21' from fd00::201:1:1:1
04:01.467	ID:14	[INFO: App       ] Sending request 18 to fd00::201:1:1:1
04:01.574	ID:1	[INFO: App       ] Received request 'hello 18' from fd00::20e:e:e:e
04:01.574	ID:1	[INFO: App       ] Sending response.
04:01.657	ID:14	[INFO: App       ] Received response 'hello 18' from fd00::201:1:1:1
04:02.594	ID:10	[INFO: App       ] Tx/Rx/MissedTx: 20/20/0
04:02.594	ID:10	[INFO: App       ] Sending request 20 to fd00::201:1:1:1
04:02.664	ID:1	[INFO: App       ] Received request 'hello 20' from fd00::20a:a:a:a
04:02.664	ID:1	[INFO: App       ] Sending response.
04:02.702	ID:10	[INFO: App       ] Received response 'hello 20' from fd00::201:1:1:1
04:03.565	ID:15	[INFO: App       ] Sending request 18 to fd00::201:1:1:1
04:03.667	ID:1	[INFO: App       ] Received request 'hello 18' from fd00::20f:f:f:f
04:03.667	ID:1	[INFO: App       ] Sending response.
04:03.800	ID:15	[INFO: App       ] Received response 'hello 18' from fd00::201:1:1:1
04:04.631	ID:3	[INFO: App       ] Sending request 21 to fd00::201:1:1:1
04:04.655	ID:1	[INFO: App       ] Received request 'hello 21' from fd00::203:3:3:3
04:04.655	ID:1	[INFO: App       ] Sending response.
04:04.698	ID:3	[INFO: App       ] Received response 'hello 21' from fd00::201:1:1:1
04:05.399	ID:9	[INFO: App       ] Sending request 19 to fd00::201:1:1:1
04:05.444	ID:1	[INFO: App       ] Received request 'hello 19' from fd00::209:9:9:9
04:05.444	ID:1	[INFO: App       ] Sending response.
04:05.552	ID:9	[INFO: App       ] Received response 'hello 19' from fd00::201:1:1:1
04:06.716	ID:12	[INFO: App       ] Sending request 18 to fd00::201:1:1:1
04:06.828	ID:1	[INFO: App       ] Received request 'hello 18' from fd00::20c:c:c:c
04:06.828	ID:1	[INFO: App       ] Sending response.
04:06.935	ID:12	[INFO: App       ] Received response 'hello 18' from fd00::201:1:1:1
04:07.254	ID:4	[INFO: App       ] Sending request 21 to fd00::201:1:1:1
04:07.311	ID:1	[INFO: App       ] Received request 'hello 21' from fd00::204:4:4:4
04:07.311	ID:1	[INFO: App       ] Sending response.
04:07.313	ID:7	[INFO: App       ] Tx/Rx/MissedTx: 20/20/0
04:07.313	ID:7	[INFO: App       ] Sending request 20 to fd00::201:1:1:1
04:07.360	ID:4	[INFO: App       ] Received response 'hello 21' from fd00::201:1:1:1
04:07.376	ID:13	[INFO: App       ] Sending request 19 to fd00::201:1:1:1
04:07.376	ID:1	[INFO: App       ] Received request 'hello 20' from fd00::207:7:7:7
04:07.376	ID:1	[INFO: App       ] Sending response.
04:07.464	ID:7	[INFO: App       ] Received response 'hello 20' from fd00::201:1:1:1
04:07.597	ID:1	[INFO: App       ] Received request 'hello 19' from fd00::20d:d:d:d
04:07.597	ID:1	[INFO: App       ] Sending response.
04:07.615	ID:5	[INFO: App       ] Sending request 21 to fd00::201:1:1:1
04:07.661	ID:1	[INFO: App       ] Received request 'hello 21' from fd00::205:5:5:5
04:07.661	ID:1	[INFO: App       ] Sending response.
04:07.697	ID:5	[INFO: App       ] Received response 'hello 21' from fd00::201:1:1:1
04:07.712	ID:13	[INFO: App       ] Received response 'hello 19' from fd00::201:1:1:1
04:08.689	ID:8	[INFO: App       ] Tx/Rx/MissedTx: 20/20/0
04:08.689	ID:8	[INFO: App       ] Sending request 20 to fd00::201:1:1:1
04:08.781	ID:1	[INFO: App       ] Received request 'hello 20' from fd00::208:8:8:8
04:08.781	ID:1	[INFO: App       ] Sending response.
04:08.873	ID:8	[INFO: App       ] Received response 'hello 20' from fd00::201:1:1:1
04:08.899	ID:11	[INFO: App       ] Sending request 19 to fd00::201:1:1:1
04:08.979	ID:1	[INFO: App       ] Received request 'hello 19' from fd00::20b:b:b:b
04:08.979	ID:1	[INFO: App       ] Sending response.
04:09.046	ID:11	[INFO: App       ] Received response 'hello 19' from fd00::201:1:1:1
04:09.460	ID:6	[INFO: App       ] Tx/Rx/MissedTx: 20/20/0
04:09.460	ID:6	[INFO: App       ] Sending request 20 to fd00::201:1:1:1
04:09.523	ID:1	[INFO: App       ] Received request 'hello 20' from fd00::206:6:6:6
04:09.523	ID:1	[INFO: App       ] Sending response.
04:09.604	ID:6	[INFO: App       ] Received response 'hello 20' from fd00::201:1:1:1
04:11.517	ID:2	[INFO: App       ] Sending request 22 to fd00::201:1:1:1
04:11.558	ID:1	[INFO: App       ] Received request 'hello 22' from fd00::202:2:2:2
04:11.558	ID:1	[INFO: App       ] Sending response.
04:11.606	ID:2	[INFO: App       ] Received response 'hello 22' from fd00::201:1:1:1
04:12.398	ID:14	[INFO: App       ] Sending request 19 to fd00::201:1:1:1
04:12.457	ID:1	[INFO: App       ] Received request 'hello 19' from fd00::20e:e:e:e
04:12.457	ID:1	[INFO: App       ] Sending response.
04:12.566	ID:14	[INFO: App       ] Received response 'hello 19' from fd00::201:1:1:1
04:12.784	ID:15	[INFO: App       ] Sending request 19 to fd00::201:1:1:1
04:12.856	ID:1	[INFO: App       ] Received request 'hello 19' from fd00::20f:f:f:f
04:12.856	ID:1	[INFO: App       ] Sending response.
04:12.964	ID:15	[INFO: App       ] Received response 'hello 19' from fd00::201:1:1:1
04:13.532	ID:10	[INFO: App       ] Sending request 21 to fd00::201:1:1:1
04:13.593	ID:1	[INFO: App       ] Received request 'hello 21' from fd00::20a:a:a:a
04:13.593	ID:1	[INFO: App       ] Sending response.
04:13.682	ID:10	[INFO: App       ] Received response 'hello 21' from fd00::201:1:1:1
04:14.855	ID:3	[INFO: App       ] Sending request 22 to fd00::201:1:1:1
04:14.880	ID:1	[INFO: App       ] Received request 'hello 22' from fd00::203:3:3:3
04:14.880	ID:1	[INFO: App       ] Sending response.
04:14.934	ID:3	[INFO: App       ] Received response 'hello 22' from fd00::201:1:1:1
04:15.835	ID:9	[INFO: App       ] Tx/Rx/MissedTx: 20/20/0
04:15.835	ID:9	[INFO: App       ] Sending request 20 to fd00::201:1:1:1
04:15.929	ID:1	[INFO: App       ] Received request 'hello 20' from fd00::209:9:9:9
04:15.929	ID:1	[INFO: App       ] Sending response.
04:15.994	ID:9	[INFO: App       ] Received response 'hello 20' from fd00::201:1:1:1
04:16.254	ID:12	[INFO: App       ] Sending request 19 to fd00::201:1:1:1
04:16.363	ID:1	[INFO: App       ] Received request 'hello 19' from fd00::20c:c:c:c
04:16.363	ID:1	[INFO: App       ] Sending response.
04:16.459	ID:12	[INFO: App       ] Received response 'hello 19' from fd00::201:1:1:1
04:16.959	ID:4	[INFO: App       ] Sending request 22 to fd00::201:1:1:1
04:17.015	ID:1	[INFO: App       ] Received request 'hello 22' from fd00::204:4:4:4
04:17.015	ID:1	[INFO: App       ] Sending response.
04:17.072	ID:4	[INFO: App       ] Received response 'hello 22' from fd00::201:1:1:1
04:17.237	ID:13	[INFO: App       ] Tx/Rx/MissedTx: 20/20/0
04:17.237	ID:13	[INFO: App       ] Sending request 20 to fd00::201:1:1:1
04:17.353	ID:1	[INFO: App       ] Received request 'hello 20' from fd00::20d:d:d:d
04:17.353	ID:1	[INFO: App       ] Sending response.
04:17.461	ID:13	[INFO: App       ] Received response 'hello 20' from fd00::201:1:1:1
04:18.195	ID:5	[INFO: App       ] Sending request 22 to fd00::201:1:1:1
04:18.252	ID:1	[INFO: App       ] Received request 'hello 22' from fd00::205:5:5:5
04:18.252	ID:1	[INFO: App       ] Sending response.
04:18.268	ID:5	[INFO: App       ] Received response 'hello 22' from fd00::201:1:1:1
04:18.286	ID:7	[INFO: App       ] Sending request 21 to fd00::201:1:1:1
04:18.367	ID:1	[INFO: App       ] Received request 'hello 21' from fd00::207:7:7:7
04:18.367	ID:1	[INFO: App       ] Sending response.
04:18.454	ID:7	[INFO: App       ] Received response 'hello 21' from fd00::201:1:1:1
04:19.430	ID:8	[INFO: App       ] Sending request 21 to fd00::201:1:1:1
04:19.479	ID:1	[INFO: App       ] Received request 'hello 21' from fd00::208:8:8:8
04:19.479	ID:1	[INFO: App       ] Sending response.
04:19.571	ID:8	[INFO: App       ] Received response 'hello 21' from fd00::201:1:1:1
04:19.613	ID:11	[INFO: App       ] Tx/Rx/MissedTx: 20/20/0
04:19.613	ID:11	[INFO: App       ] Sending request 20 to fd00::201:1:1:1
04:19.712	ID:1	[INFO: App       ] Received request 'hello 20' from fd00::20b:b:b:b
04:19.712	ID:1	[INFO: App       ] Sending response.
04:19.814	ID:11	[INFO: App       ] Received response 'hello 20' from fd00::201:1:1:1
04:20.382	ID:6	[INFO: App       ] Sending request 21 to fd00::201:1:1:1
04:20.454	ID:1	[INFO: App       ] Received request 'hello 21' from fd00::206:6:6:6
04:20.454	ID:1	[INFO: App       ] Sending response.
04:20.503	ID:6	[INFO: App       ] Received response 'hello 21' from fd00::201:1:1:1
04:21.081	ID:2	[INFO: App       ] Sending request 23 to fd00::201:1:1:1
04:21.115	ID:1	[INFO: App       ] Received request 'hello 23' from fd00::202:2:2:2
04:21.115	ID:1	[INFO: App       ] Sending response.
04:21.132	ID:2	[INFO: App       ] Received response 'hello 23' from fd00::201:1:1:1
04:21.633	ID:14	[INFO: App       ] Tx/Rx/MissedTx: 20/20/0
04:21.633	ID:14	[INFO: App       ] Sending request 20 to fd00::201:1:1:1
04:21.724	ID:1	[INFO: App       ] Received request 'hello 20' from fd00::20e:e:e:e
04:21.724	ID:1	[INFO: App       ] Sending response.
04:21.827	ID:14	[INFO: App       ] Received response 'hello 20' from fd00::201:1:1:1
04:23.258	ID:10	[INFO: App       ] Sending request 22 to fd00::201:1:1:1
04:23.346	ID:1	[INFO: App       ] Received request 'hello 22' from fd00::20a:a:a:a
04:23.346	ID:1	[INFO: App       ] Sending response.
04:23.411	ID:10	[INFO: App       ] Received response 'hello 22' from fd00::201:1:1:1
04:23.512	ID:15	[INFO: App       ] Tx/Rx/MissedTx: 20/20/0
04:23.512	ID:15	[INFO: App       ] Sending request 20 to fd00::201:1:1:1
04:23.640	ID:1	[INFO: App       ] Received request 'hello 20' from fd00::20f:f:f:f
04:23.640	ID:1	[INFO: App       ] Sending response.
04:23.748	ID:15	[INFO: App       ] Received response 'hello 20' from fd00::201:1:1:1
04:23.932	ID:3	[INFO: App       ] Sending request 23 to fd00::201:1:1:1
04:23.977	ID:1	[INFO: App       ] Received request 'hello 23' from fd00::203:3:3:3
04:23.977	ID:1	[INFO: App       ] Sending response.
04:24.012	ID:3	[INFO: App       ] Received response 'hello 23' from fd00::201:1:1:1
04:25.388	ID:9	[INFO: App       ] Sending request 21 to fd00::201:1:1:1
04:25.496	ID:1	[INFO: App       ] Received request 'hello 21' from fd00::209:9:9:9
04:25.496	ID:1	[INFO: App       ] Sending response.
04:25.578	ID:9	[INFO: App       ] Received response 'hello 21' from fd00::201:1:1:1
04:26.011	ID:4	[INFO: App       ] Sending request 23 to fd00::201:1:1:1
04:26.063	ID:1	[INFO: App       ] Received request 'hello 23' from fd00::204:4:4:4
04:26.063	ID:1	[INFO: App       ] Sending response.
04:26.089	ID:4	[INFO: App       ] Received response 'hello 23' from fd00::201:1:1:1
04:27.210	ID:12	[INFO: App       ] Tx/Rx/MissedTx: 20/20/0
04:27.210	ID:12	[INFO: App       ] Sending request 20 to fd00::201:1:1:1
04:27.294	ID:1	[INFO: App       ] Received request 'hello 20' from fd00::20c:c:c:c
04:27.294	ID:1	[INFO: App       ] Sending response.
04:27.297	ID:13	[INFO: App       ] Sending request 21 to fd00::201:1:1:1
04:27.354	ID:12	[INFO: App       ] Received response 'hello 20' from fd00::201:1:1:1
04:27.383	ID:1	[INFO: App       ] Received request 'hello 21' from fd00::20d:d:d:d
04:27.383	ID:1	[INFO: App       ] Sending response.
04:27.500	ID:13	[INFO: App       ] Received response 'hello 21' from fd00::201:1:1:1
04:27.975	ID:7	[INFO: App       ] Sending request 22 to fd00::201:1:1:1
04:28.037	ID:1	[INFO: App       ] Received request 'hello 22' from fd00::207:7:7:7
04:28.037	ID:1	[INFO: App       ] Sending response.
04:28.100	ID:7	[INFO: App       ] Received response 'hello 22' from fd00::201:1:1:1
04:28.256	ID:5	[INFO: App       ] Sending request 23 to fd00::201:1:1:1
04:28.304	ID:1	[INFO: App       ] Received request 'hello 23' from fd00::205:5:5:5
04:28.304	ID:1	[INFO: App       ] Sending response.
04:28.363	ID:5	[INFO: App       ] Received response 'hello 23' from fd00::201:1:1:1
04:29.655	ID:8	[INFO: App       ] Sending request 22 to fd00::201:1:1:1
04:29.758	ID:1	[INFO: App       ] Received request 'hello 22' from fd00::208:8:8:8
04:29.758	ID:1	[INFO: App       ] Sending response.
04:29.782	ID:6	[INFO: App       ] Sending request 22 to fd00::201:1:1:1
04:29.868	ID:8	[INFO: App       ] Received response 'hello 22' from fd00::201:1:1:1
04:29.939	ID:1	[INFO: App       ] Received request 'hello 22' from fd00::206:6:6:6
04:29.939	ID:1	[INFO: App       ] Sending response.
04:30.052	ID:6	[INFO: App       ] Received response 'hello 22' from fd00::201:1:1:1
04:30.590	ID:11	[INFO: App       ] Sending request 21 to fd00::201:1:1:1
04:30.659	ID:1	[INFO: App       ] Received request 'hello 21' from fd00::20b:b:b:b
04:30.659	ID:1	[INFO: App       ] Sending response.
04:30.769	ID:11	[INFO: App       ] Received response 'hello 21' from fd00::201:1:1:1
04:31.505	ID:14	[INFO: App       ] Sending request 21 to fd00::201:1:1:1
04:31.618	ID:1	[INFO: App       ] Received request 'hello 21' from fd00::20e:e:e:e
04:31.618	ID:1	[INFO: App       ] Sending response.
04:31.663	ID:2	[INFO: App       ] Sending request 24 to fd00::201:1:1:1
04:31.719	ID:14	[INFO: App       ] Received response 'hello 21' from fd00::201:1:1:1
04:31.782	ID:1	[INFO: App       ] Received request 'hello 24' from fd00::202:2:2:2
04:31.782	ID:1	[INFO: App       ] Sending response.
04:31.817	ID:2	[INFO: App       ] Received response 'hello 24' from fd00::201:1:1:1
04:33.570	ID:3	[INFO: App       ] Sending request 24 to fd00::201:1:1:1
04:33.604	ID:1	[INFO: App       ] Received request 'hello 24' from fd00::203:3:3:3
04:33.604	ID:1	[INFO: App       ] Sending response.
04:33.608	ID:10	[INFO: App       ] Sending request 23 to fd00::201:1:1:1
04:33.674	ID:3	[INFO: App       ] Received response 'hello 24' from fd00::201:1:1:1
04:33.701	ID:1	[INFO: App       ] Received request 'hello 23' from fd00::20a:a:a:a
04:33.701	ID:1	[INFO: App       ] Sending response.
04:33.829	ID:10	[INFO: App       ] Received response 'hello 23' from fd00::201:1:1:1
04:34.403	ID:15	[INFO: App       ] Sending request 21 to fd00::201:1:1:1
04:34.506	ID:1	[INFO: App       ] Received request 'hello 21' from fd00::20f:f:f:f
04:34.506	ID:1	[INFO: App       ] Sending response.
04:34.590	ID:15	[INFO: App       ] Received response 'hello 21' from fd00::201:1:1:1
04:35.901	ID:9	[INFO: App       ] Sending request 22 to fd00::201:1:1:1
04:35.977	ID:1	[INFO: App       ] Received request 'hello 22' from fd00::209:9:9:9
04:35.977	ID:1	[INFO: App       ] Sending response.
04:36.050	ID:9	[INFO: App       ] Received response 'hello 22' from fd00::201:1:1:1
04:36.268	ID:4	[INFO: App       ] Sending request 24 to fd00::201:1:1:1
04:36.301	ID:1	[INFO: App       ] Received request 'hello 24' from fd00::204:4:4:4
04:36.301	ID:1	[INFO: App       ] Sending response.
04:36.351	ID:4	[INFO: App       ] Received response 'hello 24' from fd00::201:1:1:1
04:37.065	ID:13	[INFO: App       ] Sending request 22 to fd00::201:1:1:1
04:37.173	ID:1	[INFO: App       ] Received request 'hello 22' from fd00::20d:d:d:d
04:37.173	ID:1	[INFO: App       ] Sending response.
04:37.271	ID:13	[INFO: App       ] Received response 'hello 22' from fd00::201:1:1:1
04:37.339	ID:7	[INFO: App       ] Sending request 23 to fd00::201:1:1:1
04:37.437	ID:1	[INFO: App       ] Received request 'hello 23' from fd00::207:7:7:7
04:37.437	ID:1	[INFO: App       ] Sending response.
04:37.560	ID:7	[INFO: App       ] Received response 'hello 23' from fd00::201:1:1:1
04:38.037	ID:12	[INFO: App       ] Sending request 21 to fd00::201:1:1:1
04:38.137	ID:1	[INFO: App       ] Received request 'hello 21' from fd00::20c:c:c:c
04:38.137	ID:1	[INFO: App       ] Sending response.
04:38.243	ID:12	[INFO: App       ] Received response 'hello 21' from fd00::201:1:1:1
04:39.123	ID:5	[INFO: App       ] Sending request 24 to fd00::201:1:1:1
04:39.167	ID:1	[INFO: App       ] Received request 'hello 24' from fd00::205:5:5:5
04:39.167	ID:1	[INFO: App       ] Sending response.
04:39.233	ID:5	[INFO: App       ] Received response 'hello 24' from fd00::201:1:1:1
04:39.872	ID:6	[INFO: App       ] Sending request 23 to fd00::201:1:1:1
04:39.931	ID:1	[INFO: App       ] Received request 'hello 23' from fd00::206:6:6:6
04:39.931	ID:1	[INFO: App       ] Sending response.
04:40.045	ID:6	[INFO: App       ] Received response 'hello 23' from fd00::201:1:1:1
04:40.351	ID:8	[INFO: App       ] Sending request 23 to fd00::201:1:1:1
04:40.396	ID:11	[INFO: App       ] Sending request 22 to fd00::201:1:1:1
04:40.457	ID:1	[INFO: App       ] Received request 'hello 23' from fd00::208:8:8:8
04:40.457	ID:1	[INFO: App       ] Sending response.
04:40.478	ID:1	[INFO: App       ] Received request 'hello 22' from fd00::20b:b:b:b
04:40.478	ID:1	[INFO: App       ] Sending response.
04:40.555	ID:11	[INFO: App       ] Received response 'hello 22' from fd00::201:1:1:1
04:40.572	ID:8	[INFO: App       ] Received response 'hello 23' from fd00::201:1:1:1
04:41.362	ID:2	[INFO: App       ] Sending request 25 to fd00::201:1:1:1
04:41.401	ID:1	[INFO: App       ] Received request 'hello 25' from fd00::202:2:2:2
04:41.401	ID:1	[INFO: App       ] Sending response.
04:41.423	ID:2	[INFO: App       ] Received response 'hello 25' from fd00::201:1:1:1
04:42.004	ID:14	[INFO: App       ] Sending request 22 to fd00::201:1:1:1
04:42.064	ID:1	[INFO: App       ] Received request 'hello 22' from fd00::20e:e:e:e
04:42.064	ID:1	[INFO: App       ] Sending response.
04:42.155	ID:14	[INFO: App       ] Received response 'hello 22' from fd00::201:1:1:1
04:43.716	ID:3	[INFO: App       ] Sending request 25 to fd00::201:1:1:1
04:43.767	ID:1	[INFO: App       ] Received request 'hello 25' from fd00::203:3:3:3
04:43.767	ID:1	[INFO: App       ] Sending response.
04:43.804	ID:3	[INFO: App       ] Received response 'hello 25' from fd00::201:1:1:1
04:44.228	ID:15	[INFO: App       ] Sending request 22 to fd00::201:1:1:1
04:44.232	ID:10	[INFO: App       ] Sending request 24 to fd00::201:1:1:1
04:44.308	ID:1	[INFO: App       ] Received request 'hello 22' from fd00::20f:f:f:f
04:44.308	ID:1	[INFO: App       ] Sending response.
04:44.379	ID:1	[INFO: App       ] Received request 'hello 24' from fd00::20a:a:a:a
04:44.379	ID:1	[INFO: App       ] Sending response.
04:44.391	ID:15	[INFO: App       ] Received response 'hello 22' from fd00::201:1:1:1
04:44.444	ID:10	[INFO: App       ] Received response 'hello 24' from fd00::201:1:1:1
04:46.144	ID:9	[INFO: App       ] Sending request 23 to fd00::201:1:1:1
04:46.198	ID:4	[INFO: App       ] Sending request 25 to fd00::201:1:1:1
04:46.201	ID:1	[INFO: App       ] Received request 'hello 23' from fd00::209:9:9:9
04:46.201	ID:1	[INFO: App       ] Sending response.
04:46.259	ID:1	[INFO: App       ] Received request 'hello 25' from fd00::204:4:4:4
04:46.259	ID:1	[INFO: App       ] Sending response.
04:46.289	ID:4	[INFO: App       ] Received response 'hello 25' from fd00::201:1:1:1
04:46.331	ID:9	[INFO: App       ] Received response 'hello 23' from fd00::201:1:1:1
04:46.598	ID:13	[INFO: App       ] Sending request 23 to fd00::201:1:1:1
04:46.666	ID:1	[INFO: App       ] Received request 'hello 23' from fd00::20d:d:d:d
04:46.666	ID:1	[INFO: App       ] Sending response.
04:46.772	ID:13	[INFO: App       ] Received response 'hello 23' from fd00::201:1:1:1
04:46.851	ID:7	[INFO: App       ] Sending request 24 to fd00::201:1:1:1
04:46.904	ID:1	[INFO: App       ] Received request 'hello 24' from fd00::207:7:7:7
04:46.904	ID:1	[INFO: App       ] Sending response.
04:46.993	ID:7	[INFO: App       ] Received response 'hello 24' from fd00::201:1:1:1
04:47.946	ID:12	[INFO: App       ] Sending request 22 to fd00::201:1:1:1
04:48.069	ID:1	[INFO: App       ] Received request 'hello 22' from fd00::20c:c:c:c
04:48.069	ID:1	[INFO: App       ] Sending response.
04:48.173	ID:12	[INFO: App       ] Received response 'hello 22' from fd00::201:1:1:1
04:48.853	ID:5	[INFO: App       ] Sending request 25 to fd00::201:1:1:1
04:48.899	ID:1	[INFO: App       ] Received request 'hello 25' from fd00::205:5:5:5
04:48.899	ID:1	[INFO: App       ] Sending response.
04:48.925	ID:5	[INFO: App       ] Received response 'hello 25' from fd00::201:1:1:1
04:49.313	ID:6	[INFO: App       ] Sending request 24 to fd00::201:1:1:1
04:49.406	ID:1	[INFO: App       ] Received request 'hello 24' from fd00::206:6:6:6
04:49.406	ID:1	[INFO: App       ] Sending response.
04:49.498	ID:6	[INFO: App       ] Received response 'hello 24' from fd00::201:1:1:1
04:50.980	ID:8	[INFO: App       ] Sending request 24 to fd00::201:1:1:1
04:51.020	ID:1	[INFO: App       ] Received request 'hello 24' from fd00::208:8:8:8
04:51.020	ID:1	[INFO: App       ] Sending response.
04:51.067	ID:8	[INFO: App       ] Received response 'hello 24' from fd00::201:1:1:1
04:51.277	ID:11	[INFO: App       ] Sending request 23 to fd00::201:1:1:1
04:51.315	ID:1	[INFO: App       ] Received request 'hello 23' from fd00::20b:b:b:b
04:51.315	ID:1	[INFO: App       ] Sending response.
04:51.347	ID:2	[INFO: App       ] Sending request 26 to fd00::201:1:1:1
04:51.392	ID:1	[INFO: App       ] Received request 'hello 26' from fd00::202:2:2:2
04:51.392	ID:1	[INFO: App       ] Sending response.
04:51.399	ID:11	[INFO: App       ] Received response 'hello 23' from fd00::201:1:1:1
04:51.444	ID:2	[INFO: App       ] Received response 'hello 26' from fd00::201:1:1:1
04:52.159	ID:14	[INFO: App       ] Sending request 23 to fd00::201:1:1:1
04:52.290	ID:1	[INFO: App       ] Received request 'hello 23' from fd00::20e:e:e:e
04:52.290	ID:1	[INFO: App       ] Sending response.
04:52.375	ID:14	[INFO: App       ] Received response 'hello 23' from fd00::201:1:1:1
04:53.685	ID:3	[INFO: App       ] Sending request 26 to fd00::201:1:1:1
04:53.755	ID:1	[INFO: App       ] Received request 'hello 26' from fd00::203:3:3:3
04:53.755	ID:1	[INFO: App       ] Sending response.
04:53.802	ID:3	[INFO: App       ] Received response 'hello 26' from fd00::201:1:1:1
04:54.010	ID:15	[INFO: App       ] Sending request 23 to fd00::201:1:1:1
04:54.135	ID:1	[INFO: App       ] Received request 'hello 23' from fd00::20f:f:f:f
04:54.135	ID:1	[INFO: App       ] Sending response.
04:54.220	ID:15	[INFO: App       ] Received response 'hello 23' from fd00::201:1:1:1
04:54.713	ID:10	[INFO: App       ] Sending request 25 to fd00::201:1:1:1
04:54.819	ID:1	[INFO: App       ] Received request 'hello 25' from fd00::20a:a:a:a
04:54.819	ID:1	[INFO: App       ] Sending response.
04:54.896	ID:10	[INFO: App       ] Received response 'hello 25' from fd00::201:1:1:1
04:55.177	ID:9	[INFO: App       ] Sending request 24 to fd00::201:1:1:1
04:55.256	ID:1	[INFO: App       ] Received request 'hello 24' from fd00::209:9:9:9
04:55.256	ID:1	[INFO: App       ] Sending response.
04:55.300	ID:9	[INFO: App       ] Received response 'hello 24' from fd00::201:1:1:1
04:55.681	ID:4	[INFO: App       ] Sending request 26 to fd00::201:1:1:1
04:55.718	ID:1	[INFO: App       ] Received request 'hello 26' from fd00::204:4:4:4
04:55.718	ID:1	[INFO: App       ] Sending response.
04:55.734	ID:4	[INFO: App       ] Received response 'hello 26' from fd00::201:1:1:1
04:56.998	ID:7	[INFO: App       ] Sending request 25 to fd00::201:1:1:1
04:57.095	ID:1	[INFO: App       ] Received request 'hello 25' from fd00::207:7:7:7
04:57.095	ID:1	[INFO: App       ] Sending response.
04:57.165	ID:7	[INFO: App       ] Received response 'hello 25' from fd00::201:1:1:1
04:57.528	ID:13	[INFO: App       ] Sending request 24 to fd00::201:1:1:1
04:57.659	ID:1	[INFO: App       ] Received request 'hello 24' from fd00::20d:d:d:d
04:57.659	ID:1	[INFO: App       ] Sending response.
04:57.754	ID:13	[INFO: App       ] Received response 'hello 24' from fd00::201:1:1:1
04:57.889	ID:12	[INFO: App       ] Sending request 23 to fd00::201:1:1:1
04:57.894	ID:5	[INFO: App       ] Sending request 26 to fd00::201:1:1:1
04:57.966	ID:1	[INFO: App       ] Received request 'hello 26' from fd00::205:5:5:5
04:57.966	ID:1	[INFO: App       ] Sending response.
04:57.975	ID:1	[INFO: App       ] Received request 'hello 23' from fd00::20c:c:c:c
04:57.975	ID:1	[INFO: App       ] Sending response.
04:58.003	ID:5	[INFO: App       ] Received response 'hello 26' from fd00::201:1:1:1
04:58.135	ID:12	[INFO: App       ] Received response 'hello 23' from fd00::201:1:1:1
04:59.222	ID:6	[INFO: App       ] Sending request 25 to fd00::201:1:1:1
04:59.277	ID:1	[INFO: App       ] Received request 'hello 25' from fd00::206:6:6:6
04:59.277	ID:1	[INFO: App       ] Sending response.
04:59.361	ID:6	[INFO: App       ] Received response 'hello 25' from fd00::201:1:1:1
05:00.367	ID:11	[INFO: App       ] Sending request 24 to fd00::201:1:1:1
05:00.436	ID:1	[INFO: App       ] Received request 'hello 24' from fd00::20b:b:b:b
05:00.436	ID:1	[INFO: App       ] Sending response.
05:00.545	ID:11	[INFO: App       ] Received response 'hello 24' from fd00::201:1:1:1
05:01.130	ID:8	[INFO: App       ] Sending request 25 to fd00::201:1:1:1
05:01.184	ID:1	[INFO: App       ] Received request 'hello 25' from fd00::208:8:8:8
05:01.184	ID:1	[INFO: App       ] Sending response.
05:01.300	ID:8	[INFO: App       ] Received response 'hello 25' from fd00::201:1:1:1
05:01.425	ID:14	[INFO: App       ] Sending request 24 to fd00::201:1:1:1
05:01.529	ID:1	[INFO: App       ] Received request 'hello 24' from fd00::20e:e:e:e
05:01.529	ID:1	[INFO: App       ] Sending response.
05:01.638	ID:2	[INFO: App       ] Sending request 27 to fd00::201:1:1:1
05:01.646	ID:14	[INFO: App       ] Received response 'hello 24' from fd00::201:1:1:1
05:01.698	ID:1	[INFO: App       ] Received request 'hello 27' from fd00::202:2:2:2
05:01.698	ID:1	[INFO: App       ] Sending response.
05:01.753	ID:2	[INFO: App       ] Received response 'hello 27' from fd00::201:1:1:1
05:04.369	ID:15	[INFO: App       ] Sending request 24 to fd00::201:1:1:1
05:04.478	ID:1	[INFO: App       ] Received request 'hello 24' from fd00::20f:f:f:f
05:04.478	ID:1	[INFO: App       ] Sending response.
05:04.490	ID:3	[INFO: App       ] Sending request 27 to fd00::201:1:1:1
05:04.550	ID:1	[INFO: App       ] Received request 'hello 27' from fd00::203:3:3:3
05:04.550	ID:1	[INFO: App       ] Sending response.
05:04.572	ID:15	[INFO: App       ] Received response 'hello 24' from fd00::201:1:1:1
05:04.591	ID:3	[INFO: App       ] Received response 'hello 27' from fd00::201:1:1:1
05:05.069	ID:10	[INFO: App       ] Sending request 26 to fd00::201:1:1:1
05:05.127	ID:1	[INFO: App       ] Received request 'hello 26' from fd00::20a:a:a:a
05:05.127	ID:1	[INFO: App       ] Sending response.
05:05.218	ID:10	[INFO: App       ] Received response 'hello 26' from fd00::201:1:1:1
05:06.044	ID:4	[INFO: App       ] Sending request 27 to fd00::201:1:1:1
05:06.114	ID:1	[INFO: App       ] Received request 'hello 27' from fd00::204:4:4:4
05:06.114	ID:1	[INFO: App       ] Sending response.
05:06.129	ID:9	[INFO: App       ] Sending request 25 to fd00::201:1:1:1
05:06.169	ID:1	[INFO: App       ] Received request 'hello 25' from fd00::209:9:9:9
05:06.169	ID:1	[INFO: App       ] Sending response.
05:06.192	ID:4	[INFO: App       ] Received response 'hello 27' from fd00::201:1:1:1
05:06.230	ID:9	[INFO: App       ] Received response 'hello 25' from fd00::201:1:1:1
05:06.880	ID:7	[INFO: App       ] Sending request 26 to fd00::201:1:1:1
05:06.957	ID:1	[INFO: App       ] Received request 'hello 26' from fd00::207:7:7:7
05:06.957	ID:1	[INFO: App       ] Sending response.
05:06.987	ID:5	[INFO: App       ] Sending request 27 to fd00::201:1:1:1
05:07.001	ID:7	[INFO: App       ] Received response 'hello 26' from fd00::201:1:1:1
05:07.039	ID:1	[INFO: App       ] Received request 'hello 27' from fd00::205:5:5:5
05:07.039	ID:1	[INFO: App       ] Sending response.
05:07.071	ID:5	[INFO: App       ] Received response 'hello 27' from fd00::201:1:1:1
05:07.097	ID:13	[INFO: App       ] Sending request 25 to fd00::201:1:1:1
05:07.201	ID:1	[INFO: App       ] Received request 'hello 25' from fd00::20d:d:d:d
05:07.201	ID:1	[INFO: App       ] Sending response.
05:07.286	ID:13	[INFO: App       ] Received response 'hello 25' from fd00::201:1:1:1
05:08.485	ID:12	[INFO: App       ] Sending request 24 to fd00::201:1:1:1
05:08.613	ID:1	[INFO: App       ] Received request 'hello 24' from fd00::20c:c:c:c
05:08.613	ID:1	[INFO: App       ] Sending response.
05:08.677	ID:12	[INFO: App       ] Received response 'hello 24' from fd00::201:1:1:1
05:08.678	ID:6	[INFO: App       ] Sending request 26 to fd00::201:1:1:1
05:08.736	ID:1	[INFO: App       ] Received request 'hello 26' from fd00::206:6:6:6
05:08.736	ID:1	[INFO: App       ] Sending response.
05:08.816	ID:6	[INFO: App       ] Received response 'hello 26' from fd00::201:1:1:1
05:10.610	ID:8	[INFO: App       ] Sending request 26 to fd00::201:1:1:1
05:10.644	ID:2	[INFO: App       ] Sending request 28 to fd00::201:1:1:1
05:10.663	ID:1	[INFO: App       ] Received request 'hello 26' from fd00::208:8:8:8
05:10.663	ID:1	[INFO: App       ] Sending response.
05:10.688	ID:1	[INFO: App       ] Received request 'hello 28' from fd00::202:2:2:2
05:10.688	ID:1	[INFO: App       ] Sending response.
05:10.736	ID:8	[INFO: App       ] Received response 'hello 26' from fd00::201:1:1:1
05:10.761	ID:2	[INFO: App       ] Received response 'hello 28' from fd00::201:1:1:1
05:10.888	ID:11	[INFO: App       ] Sending request 25 to fd00::201:1:1:1
05:10.942	ID:1	[INFO: App       ] Received request 'hello 25' from fd00::20b:b:b:b
05:10.942	ID:1	[INFO: App       ] Sending response.
05:11.029	ID:11	[INFO: App       ] Received response 'hello 25' from fd00::201:1:1:1
05:12.075	ID:14	[INFO: App       ] Sending request 25 to fd00::201:1:1:1
05:12.239	ID:1	[INFO: App       ] Received request 'hello 25' from fd00::20e:e:e:e
05:12.239	ID:1	[INFO: App       ] Sending response.
05:12.332	ID:14	[INFO: App       ] Received response 'hello 25' from fd00::201:1:1:1
05:14.070	ID:15	[INFO: App       ] Sending request 25 to fd00::201:1:1:1
05:14.170	ID:1	[INFO: App       ] Received request 'hello 25' from fd00::20f:f:f:f
05:14.170	ID:1	[INFO: App       ] Sending response.
05:14.319	ID:15	[INFO: App       ] Received response 'hello 25' from fd00::201:1:1:1
05:14.396	ID:3	[INFO: App       ] Sending request 28 to fd00::201:1:1:1
05:14.433	ID:1	[INFO: App       ] Received request 'hello 28' from fd00::203:3:3:3
05:14.433	ID:1	[INFO: App       ] Sending response.
05:14.510	ID:3	[INFO: App       ] Received response 'hello 28' from fd00::201:1:1:1
05:15.398	ID:10	[INFO: App       ] Sending request 27 to fd00::201:1:1:1
05:15.415	ID:9	[INFO: App       ] Sending request 26 to fd00::201:1:1:1
05:15.477	ID:1	[INFO: App       ] Received request 'hello 27' from fd00::20a:a:a:a
05:15.477	ID:1	[INFO: App       ] Sending response.
05:15.574	ID:10	[INFO: App       ] Received response 'hello 27' from fd00::201:1:1:1
05:15.613	ID:1	[INFO: App       ] Received request 'hello 26' from fd00::209:9:9:9
05:15.613	ID:1	[INFO: App       ] Sending response.
05:15.690	ID:9	[INFO: App       ] Received response 'hello 26' from fd00::201:1:1:1
05:15.905	ID:4	[INFO: App       ] Sending request 28 to fd00::201:1:1:1
05:15.965	ID:1	[INFO: App       ] Received request 'hello 28' from fd00::204:4:4:4
05:15.965	ID:1	[INFO: App       ] Sending response.
05:15.983	ID:4	[INFO: App       ] Received response 'hello 28' from fd00::201:1:1:1
05:16.709	ID:7	[INFO: App       ] Sending request 27 to fd00::201:1:1:1
05:16.764	ID:1	[INFO: App       ] Received request 'hello 27' from fd00::207:7:7:7
05:16.764	ID:1	[INFO: App       ] Sending response.
05:16.829	ID:7	[INFO: App       ] Received response 'hello 27' from fd00::201:1:1:1
05:17.211	ID:5	[INFO: App       ] Sending request 28 to fd00::201:1:1:1
05:17.283	ID:1	[INFO: App       ] Received request 'hello 28' from fd00::205:5:5:5
05:17.283	ID:1	[INFO: App       ] Sending response.
05:17.330	ID:5	[INFO: App       ] Received response 'hello 28' from fd00::201:1:1:1
05:17.476	ID:13	[INFO: App       ] Sending request 26 to fd00::201:1:1:1
05:17.597	ID:1	[INFO: App       ] Received request 'hello 26' from fd00::20d:d:d:d
05:17.597	ID:1	[INFO: App       ] Sending response.
05:17.697	ID:13	[INFO: App       ] Received response 'hello 26' from fd00::201:1:1:1
05:17.947	ID:6	[INFO: App       ] Sending request 27 to fd00::201:1:1:1
05:18.046	ID:1	[INFO: App       ] Received request 'hello 27' from fd00::206:6:6:6
05:18.046	ID:1	[INFO: App       ] Sending response.
05:18.151	ID:6	[INFO: App       ] Received response 'hello 27' from fd00::201:1:1:1
05:18.570	ID:12	[INFO: App       ] Sending request 25 to fd00::201:1:1:1
05:18.647	ID:1	[INFO: App       ] Received request 'hello 25' from fd00::20c:c:c:c
05:18.647	ID:1	[INFO: App       ] Sending response.
05:18.751	ID:12	[INFO: App       ] Received response 'hello 25' from fd00::201:1:1:1
05:20.949	ID:8	[INFO: App       ] Sending request 27 to fd00::201:1:1:1
05:21.018	ID:1	[INFO: App       ] Received request 'hello 27' from fd00::208:8:8:8
05:21.018	ID:1	[INFO: App       ] Sending response.
05:21.102	ID:8	[INFO: App       ] Received response 'hello 27' from fd00::201:1:1:1
05:21.244	ID:2	[INFO: App       ] Sending request 29 to fd00::201:1:1:1
05:21.303	ID:1	[INFO: App       ] Received request 'hello 29' from fd00::202:2:2:2
05:21.303	ID:1	[INFO: App       ] Sending response.
05:21.344	ID:2	[INFO: App       ] Received response 'hello 29' from fd00::201:1:1:1
05:21.394	ID:11	[INFO: App       ] Sending request 26 to fd00::201:1:1:1
05:21.473	ID:1	[INFO: App       ] Received request 'hello 26' from fd00::20b:b:b:b
05:21.473	ID:1	[INFO: App       ] Sending response.
05:21.532	ID:11	[INFO: App       ] Received response 'hello 26' from fd00::201:1:1:1
05:21.671	ID:14	[INFO: App       ] Sending request 26 to fd00::201:1:1:1
05:21.795	ID:1	[INFO: App       ] Received request 'hello 26' from fd00::20e:e:e:e
05:21.795	ID:1	[INFO: App       ] Sending response.
05:21.902	ID:14	[INFO: App       ] Received response 'hello 26' from fd00::201:1:1:1
05:23.980	ID:15	[INFO: App       ] Sending request 26 to fd00::201:1:1:1
05:24.107	ID:1	[INFO: App       ] Received request 'hello 26' from fd00::20f:f:f:f
05:24.107	ID:1	[INFO: App       ] Sending response.
05:24.196	ID:15	[INFO: App       ] Received response 'hello 26' from fd00::201:1:1:1
05:24.563	ID:3	[INFO: App       ] Sending request 29 to fd00::201:1:1:1
05:24.622	ID:1	[INFO: App       ] Received request 'hello 29' from fd00::203:3:3:3
05:24.622	ID:1	[INFO: App       ] Sending response.
05:24.686	ID:3	[INFO: App       ] Received response 'hello 29' from fd00::201:1:1:1
05:25.147	ID:10	[INFO: App       ] Sending request 28 to fd00::201:1:1:1
05:25.209	ID:1	[INFO: App       ] Received request 'hello 28' from fd00::20a:a:a:a
05:25.209	ID:1	[INFO: App       ] Sending response.
05:25.256	ID:4	[INFO: App       ] Sending request 29 to fd00::201:1:1:1
05:25.315	ID:1	[INFO: App       ] Received request 'hello 29' from fd00::204:4:4:4
05:25.315	ID:1	[INFO: App       ] Sending response.
05:25.357	ID:10	[INFO: App       ] Received response 'hello 28' from fd00::201:1:1:1
05:25.374	ID:4	[INFO: App       ] Received response 'hello 29' from fd00::201:1:1:1
05:25.523	ID:9	[INFO: App       ] Sending request 27 to fd00::201:1:1:1
05:25.617	ID:1	[INFO: App       ] Received request 'hello 27' from fd00::209:9:9:9
05:25.617	ID:1	[INFO: App       ] Sending response.
05:25.684	ID:9	[INFO: App       ] Received response 'hello 27' from fd00::201:1:1:1
05:26.078	ID:7	[INFO: App       ] Sending request 28 to fd00::201:1:1:1
05:26.130	ID:1	[INFO: App       ] Received request 'hello 28' from fd00::207:7:7:7
05:26.130	ID:1	[INFO: App       ] Sending response.
05:26.212	ID:7	[INFO: App       ] Received response 'hello 28' from fd00::201:1:1:1
05:26.586	ID:13	[INFO: App       ] Sending request 27 to fd00::201:1:1:1
05:26.669	ID:1	[INFO: App       ] Received request 'hello 27' from fd00::20d:d:d:d
05:26.669	ID:1	[INFO: App       ] Sending response.
05:26.707	ID:5	[INFO: App       ] Sending request 29 to fd00::201:1:1:1
05:26.763	ID:13	[INFO: App       ] Received response 'hello 27' from fd00::201:1:1:1
05:26.790	ID:1	[INFO: App       ] Received request 'hello 29' from fd00::205:5:5:5
05:26.790	ID:1	[INFO: App       ] Sending response.
05:26.839	ID:5	[INFO: App       ] Received response 'hello 29' from fd00::201:1:1:1
05:27.410	ID:6	[INFO: App       ] Sending request 28 to fd00::201:1:1:1
05:27.495	ID:1	[INFO: App       ] Received request 'hello 28' from fd00::206:6:6:6
05:27.495	ID:1	[INFO: App       ] Sending response.
05:27.538	ID:6	[INFO: App       ] Received response 'hello 28' from fd00::201:1:1:1
05:28.963	ID:12	[INFO: App       ] Sending request 26 to fd00::201:1:1:1
05:29.063	ID:1	[INFO: App       ] Received request 'hello 26' from fd00::20c:c:c:c
05:29.063	ID:1	[INFO: App       ] Sending response.
05:29.150	ID:12	[INFO: App       ] Received response 'hello 26' from fd00::201:1:1:1
05:31.305	ID:8	[INFO: App       ] Sending request 28 to fd00::201:1:1:1
05:31.398	ID:1	[INFO: App       ] Received request 'hello 28' from fd00::208:8:8:8
05:31.398	ID:1	[INFO: App       ] Sending response.
05:31.480	ID:8	[INFO: App       ] Received response 'hello 28' from fd00::201:1:1:1
05:31.700	ID:2	[INFO: App       ] Tx/Rx/MissedTx: 30/30/0
05:31.700	ID:2	[INFO: App       ] Sending request 30 to fd00::201:1:1:1
05:31.770	ID:1	[INFO: App       ] Received request 'hello 30' from fd00::202:2:2:2
05:31.770	ID:1	[INFO: App       ] Sending response.
05:31.804	ID:2	[INFO: App       ] Received response 'hello 30' from fd00::201:1:1:1
05:32.204	ID:11	[INFO: App       ] Sending request 27 to fd00::201:1:1:1
05:32.281	ID:1	[INFO: App       ] Received request 'hello 27' from fd00::20b:b:b:b
05:32.281	ID:1	[INFO: App       ] Sending response.
05:32.346	ID:11	[INFO: App       ] Received response 'hello 27' from fd00::201:1:1:1
05:32.572	ID:14	[INFO: App       ] Sending request 27 to fd00::201:1:1:1
05:32.659	ID:1	[INFO: App       ] Received request 'hello 27' from fd00::20e:e:e:e
05:32.659	ID:1	[INFO: App       ] Sending response.
05:32.798	ID:14	[INFO: App       ] Received response 'hello 27' from fd00::201:1:1:1
05:34.122	ID:15	[INFO: App       ] Sending request 27 to fd00::201:1:1:1
05:34.226	ID:1	[INFO: App       ] Received request 'hello 27' from fd00::20f:f:f:f
05:34.226	ID:1	[INFO: App       ] Sending response.
05:34.316	ID:15	[INFO: App       ] Received response 'hello 27' from fd00::201:1:1:1
05:34.728	ID:10	[INFO: App       ] Sending request 29 to fd00::201:1:1:1
05:34.811	ID:1	[INFO: App       ] Received request 'hello 29' from fd00::20a:a:a:a
05:34.811	ID:1	[INFO: App       ] Sending response.
05:34.898	ID:10	[INFO: App       ] Received response 'hello 29' from fd00::201:1:1:1
05:34.927	ID:3	[INFO: App       ] Tx/Rx/MissedTx: 30/30/0
05:34.927	ID:3	[INFO: App       ] Sending request 30 to fd00::201:1:1:1
05:34.983	ID:1	[INFO: App       ] Received request 'hello 30' from fd00::203:3:3:3
05:34.983	ID:1	[INFO: App       ] Sending response.
05:35.049	ID:3	[INFO: App       ] Received response 'hello 30' from fd00::201:1:1:1
05:35.358	ID:4	[INFO: App       ] Tx/Rx/MissedTx: 30/30/0
05:35.358	ID:4	[INFO: App       ] Sending request 30 to fd00::201:1:1:1
05:35.400	ID:1	[INFO: App       ] Received request 'hello 30' from fd00::204:4:4:4
05:35.400	ID:1	[INFO: App       ] Sending response.
05:35.426	ID:4	[INFO: App       ] Received response 'hello 30' from fd00::201:1:1:1
05:35.763	ID:7	[INFO: App       ] Sending request 29 to fd00::201:1:1:1
05:35.840	ID:1	[INFO: App       ] Received request 'hello 29' from fd00::207:7:7:7
05:35.840	ID:1	[INFO: App       ] Sending response.
05:35.910	ID:7	[INFO: App       ] Received response 'hello 29' from fd00::201:1:1:1
05:35.951	ID:9	[INFO: App       ] Sending request 28 to fd00::201:1:1:1
05:36.055	ID:1	[INFO: App       ] Received request 'hello 28' from fd00::209:9:9:9
05:36.055	ID:1	[INFO: App       ] Sending response.
05:36.124	ID:5	[INFO: App       ] Tx/Rx/MissedTx: 30/30/0
05:36.124	ID:5	[INFO: App       ] Sending request 30 to fd00::201:1:1:1
05:36.141	ID:9	[INFO: App       ] Received response 'hello 28' from fd00::201:1:1:1
05:36.184	ID:1	[INFO: App       ] Received request 'hello 30' from fd00::205:5:5:5
05:36.184	ID:1	[INFO: App       ] Sending response.
05:36.258	ID:5	[INFO: App       ] Received response 'hello 30' from fd00::201:1:1:1
05:37.487	ID:13	[INFO: App       ] Sending request 28 to fd00::201:1:1:1
05:37.558	ID:1	[INFO: App       ] Received request 'hello 28' from fd00::20d:d:d:d
05:37.558	ID:1	[INFO: App       ] Sending response.
05:37.640	ID:13	[INFO: App       ] Received response 'hello 28' from fd00::201:1:1:1
05:37.913	ID:6	[INFO: App       ] Sending request 29 to fd00::201:1:1:1
05:37.997	ID:1	[INFO: App       ] Received request 'hello 29' from fd00::206:6:6:6
05:37.997	ID:1	[INFO: App       ] Sending response.
05:38.072	ID:6	[INFO: App       ] Received response 'hello 29' from fd00::201:1:1:1
05:38.948	ID:12	[INFO: App       ] Sending request 27 to fd00::201:1:1:1
05:39.037	ID:1	[INFO: App       ] Received request 'hello 27' from fd00::20c:c:c:c
05:39.037	ID:1	[INFO: App       ] Sending response.
05:39.140	ID:12	[INFO: App       ] Received response 'hello 27' from fd00::201:1:1:1
05:40.596	ID:8	[INFO: App       ] Sending request 29 to fd00::201:1:1:1
05:40.667	ID:1	[INFO: App       ] Received request 'hello 29' from fd00::208:8:8:8
05:40.667	ID:1	[INFO: App       ] Sending response.
05:40.770	ID:8	[INFO: App       ] Received response 'hello 29' from fd00::201:1:1:1
05:41.902	ID:2	[INFO: App       ] Sending request 31 to fd00::201:1:1:1
05:41.958	ID:1	[INFO: App       ] Received request 'hello 31' from fd00::202:2:2:2
05:41.958	ID:1	[INFO: App       ] Sending response.
05:42.020	ID:2	[INFO: App       ] Received response 'hello 31' from fd00::201:1:1:1
05:42.734	ID:11	[INFO: App       ] Sending request 28 to fd00::201:1:1:1
05:42.820	ID:1	[INFO: App       ] Received request 'hello 28' from fd00::20b:b:b:b
05:42.820	ID:1	[INFO: App       ] Sending response.
05:42.901	ID:11	[INFO: App       ] Received response 'hello 28' from fd00::201:1:1:1
05:42.961	ID:14	[INFO: App       ] Sending request 28 to fd00::201:1:1:1
05:43.034	ID:1	[INFO: App       ] Received request 'hello 28' from fd00::20e:e:e:e
05:43.034	ID:1	[INFO: App       ] Sending response.
05:43.157	ID:14	[INFO: App       ] Received response 'hello 28' from fd00::201:1:1:1
05:44.649	ID:15	[INFO: App       ] Sending request 28 to fd00::201:1:1:1
05:44.739	ID:1	[INFO: App       ] Received request 'hello 28' from fd00::20f:f:f:f
05:44.739	ID:1	[INFO: App       ] Sending response.
05:44.867	ID:15	[INFO: App       ] Received response 'hello 28' from fd00::201:1:1:1
05:45.112	ID:4	[INFO: App       ] Sending request 31 to fd00::201:1:1:1
05:45.133	ID:3	[INFO: App       ] Sending request 31 to fd00::201:1:1:1
05:45.143	ID:1	[INFO: App       ] Received request 'hello 31' from fd00::204:4:4:4
05:45.143	ID:1	[INFO: App       ] Sending response.
05:45.177	ID:10	[INFO: App       ] Tx/Rx/MissedTx: 30/30/0
05:45.177	ID:10	[INFO: App       ] Sending request 30 to fd00::201:1:1:1
05:45.189	ID:4	[INFO: App       ] Received response 'hello 31' from fd00::201:1:1:1
05:45.261	ID:1	[INFO: App       ] Received request 'hello 31' from fd00::203:3:3:3
05:45.261	ID:1	[INFO: App       ] Sending response.
05:45.282	ID:1	[INFO: App       ] Received request 'hello 30' from fd00::20a:a:a:a
05:45.282	ID:1	[INFO: App       ] Sending response.
05:45.341	ID:3	[INFO: App       ] Received response 'hello 31' from fd00::201:1:1:1
05:45.423	ID:10	[INFO: App       ] Received response 'hello 30' from fd00::201:1:1:1
05:45.744	ID:9	[INFO: App       ] Sending request 29 to fd00::201:1:1:1
05:45.828	ID:1	[INFO: App       ] Received request 'hello 29' from fd00::209:9:9:9
05:45.828	ID:1	[INFO: App       ] Sending response.
05:45.884	ID:9	[INFO: App       ] Received response 'hello 29' from fd00::201:1:1:1
05:46.298	ID:5	[INFO: App       ] Sending request 31 to fd00::201:1:1:1
05:46.349	ID:1	[INFO: App       ] Received request 'hello 31' from fd00::205:5:5:5
05:46.349	ID:1	[INFO: App       ] Sending response.
05:46.397	ID:5	[INFO: App       ] Received response 'hello 31' from fd00::201:1:1:1
05:46.705	ID:7	[INFO: App       ] Tx/Rx/MissedTx: 30/30/0
05:46.705	ID:7	[INFO: App       ] Sending request 30 to fd00::201:1:1:1
05:46.779	ID:1	[INFO: App       ] Received request 'hello 30' from fd00::207:7:7:7
05:46.779	ID:1	[INFO: App       ] Sending response.
05:46.847	ID:7	[INFO: App       ] Received response 'hello 30' from fd00::201:1:1:1
05:47.529	ID:13	[INFO: App       ] Sending request 29 to fd00::201:1:1:1
05:47.572	ID:6	[INFO: App       ] Tx/Rx/MissedTx: 30/30/0
05:47.572	ID:6	[INFO: App       ] Sending request 30 to fd00::201:1:1:1
05:47.590	ID:1	[INFO: App       ] Received request 'hello 29' from fd00::20d:d:d:d
05:47.590	ID:1	[INFO: App       ] Sending response.
05:47.649	ID:1	[INFO: App       ] Received request 'hello 30' from fd00::206:6:6:6
05:47.649	ID:1	[INFO: App       ] Sending response.
05:47.693	ID:13	[INFO: App       ] Received response 'hello 29' from fd00::201:1:1:1
05:47.767	ID:6	[INFO: App       ] Received response 'hello 30' from fd00::201:1:1:1
05:48.253	ID:12	[INFO: App       ] Sending request 28 to fd00::201:1:1:1
05:48.379	ID:1	[INFO: App       ] Received request 'hello 28' from fd00::20c:c:c:c
05:48.379	ID:1	[INFO: App       ] Sending response.
05:48.486	ID:12	[INFO: App       ] Received response 'hello 28' from fd00::201:1:1:1
05:49.986	ID:8	[INFO: App       ] Tx/Rx/MissedTx: 30/30/0
05:49.986	ID:8	[INFO: App       ] Sending request 30 to fd00::201:1:1:1
05:50.078	ID:1	[INFO: App       ] Received request 'hello 30' from fd00::208:8:8:8
05:50.078	ID:1	[INFO: App       ] Sending response.
05:50.145	ID:8	[INFO: App       ] Received response 'hello 30' from fd00::201:1:1:1
05:51.402	ID:2	[INFO: App       ] Sending request 32 to fd00::201:1:1:1
05:51.475	ID:1	[INFO: App       ] Received request 'hello 32' from fd00::202:2:2:2
05:51.475	ID:1	[INFO: App       ] Sending response.
05:51.519	ID:2	[INFO: App       ] Received response 'hello 32' from fd00::201:1:1:1
05:52.873	ID:14	[INFO: App       ] Sending request 29 to fd00::201:1:1:1
05:52.901	ID:11	[INFO: App       ] Sending request 29 to fd00::201:1:1:1
05:52.978	ID:1	[INFO: App       ] Received request 'hello 29' from fd00::20e:e:e:e
05:52.978	ID:1	[INFO: App       ] Sending response.
05:53.065	ID:1	[INFO: App       ] Received request 'hello 29' from fd00::20b:b:b:b
05:53.065	ID:1	[INFO: App       ] Sending response.
05:53.097	ID:14	[INFO: App       ] Received response 'hello 29' from fd00::201:1:1:1
05:53.176	ID:11	[INFO: App       ] Received response 'hello 29' from fd00::201:1:1:1
05:54.324	ID:3	[INFO: App       ] Sending request 32 to fd00::201:1:1:1
05:54.355	ID:1	[INFO: App       ] Received request 'hello 32' from fd00::203:3:3:3
05:54.355	ID:1	[INFO: App       ] Sending response.
05:54.423	ID:3	[INFO: App       ] Received response 'hello 32' from fd00::201:1:1:1
05:54.473	ID:10	[INFO: App       ] Sending request 31 to fd00::201:1:1:1
05:54.524	ID:1	[INFO: App       ] Received request 'hello 31' from fd00::20a:a:a:a
05:54.524	ID:1	[INFO: App       ] Sending response.
05:54.614	ID:10	[INFO: App       ] Received response 'hello 31' from fd00::201:1:1:1
05:54.923	ID:15	[INFO: App       ] Sending request 29 to fd00::201:1:1:1
05:55.000	ID:1	[INFO: App       ] Received request 'hello 29' from fd00::20f:f:f:f
05:55.000	ID:1	[INFO: App       ] Sending response.
05:55.079	ID:15	[INFO: App       ] Received response 'hello 29' from fd00::201:1:1:1
05:55.461	ID:5	[INFO: App       ] Sending request 32 to fd00::201:1:1:1
05:55.527	ID:1	[INFO: App       ] Received request 'hello 32' from fd00::205:5:5:5
05:55.527	ID:1	[INFO: App       ] Sending response.
05:55.563	ID:5	[INFO: App       ] Received response 'hello 32' from fd00::201:1:1:1
05:55.727	ID:7	[INFO: App       ] Sending request 31 to fd00::201:1:1:1
05:55.831	ID:1	[INFO: App       ] Received request 'hello 31' from fd00::207:7:7:7
05:55.831	ID:1	[INFO: App       ] Sending response.
05:55.893	ID:7	[INFO: App       ] Received response 'hello 31' from fd00::201:1:1:1
05:55.994	ID:4	[INFO: App       ] Sending request 32 to fd00::201:1:1:1
05:56.042	ID:1	[INFO: App       ] Received request 'hello 32' from fd00::204:4:4:4
05:56.042	ID:1	[INFO: App       ] Sending response.
05:56.094	ID:4	[INFO: App       ] Received response 'hello 32' from fd00::201:1:1:1
05:56.339	ID:9	[INFO: App       ] Tx/Rx/MissedTx: 30/30/0
05:56.339	ID:9	[INFO: App       ] Sending request 30 to fd00::201:1:1:1
05:56.438	ID:1	[INFO: App       ] Received request 'hello 30' from fd00::209:9:9:9
05:56.438	ID:1	[INFO: App       ] Sending response.
05:56.536	ID:9	[INFO: App       ] Received response 'hello 30' from fd00::201:1:1:1
05:57.771	ID:6	[INFO: App       ] Sending request 31 to fd00::201:1:1:1
05:57.778	ID:13	[INFO: App       ] Tx/Rx/MissedTx: 30/30/0
05:57.778	ID:13	[INFO: App       ] Sending request 30 to fd00::201:1:1:1
05:57.842	ID:1	[INFO: App       ] Received request 'hello 31' from fd00::206:6:6:6
05:57.842	ID:1	[INFO: App       ] Sending response.
05:57.940	ID:6	[INFO: App       ] Received response 'hello 31' from fd00::201:1:1:1
05:57.966	ID:1	[INFO: App       ] Received request 'hello 30' from fd00::20d:d:d:d
05:57.966	ID:1	[INFO: App       ] Sending response.
05:58.066	ID:13	[INFO: App       ] Received response 'hello 30' from fd00::201:1:1:1
05:58.907	ID:12	[INFO: App       ] Sending request 29 to fd00::201:1:1:1
05:58.992	ID:1	[INFO: App       ] Received request 'hello 29' from fd00::20c:c:c:c
05:58.992	ID:1	[INFO: App       ] Sending response.
05:59.071	ID:12	[INFO: App       ] Received response 'hello 29' from fd00::201:1:1:1
06:00.608	ID:8	[INFO: App       ] Sending request 31 to fd00::201:1:1:1
06:00.667	ID:1	[INFO: App       ] Received request 'hello 31' from fd00::208:8:8:8
06:00.667	ID:1	[INFO: App       ] Sending response.
06:00.727	ID:8	[INFO: App       ] Received response 'hello 31' from fd00::201:1:1:1
06:01.781	ID:2	[INFO: App       ] Sending request 33 to fd00::201:1:1:1
06:01.822	ID:1	[INFO: App       ] Received request 'hello 33' from fd00::202:2:2:2
06:01.822	ID:1	[INFO: App       ] Sending response.
06:01.849	ID:2	[INFO: App       ] Received response 'hello 33' from fd00::201:1:1:1
06:02.337	ID:14	[INFO: App       ] Tx/Rx/MissedTx: 30/30/0
06:02.337	ID:14	[INFO: App       ] Sending request 30 to fd00::201:1:1:1
06:02.433	ID:1	[INFO: App       ] Received request 'hello 30' from fd00::20e:e:e:e
06:02.433	ID:1	[INFO: App       ] Sending response.
06:02.485	ID:14	[INFO: App       ] Received response 'hello 30' from fd00::201:1:1:1
06:03.477	ID:11	[INFO: App       ] Tx/Rx/MissedTx: 30/30/0
06:03.477	ID:11	[INFO: App       ] Sending request 30 to fd00::201:1:1:1
06:03.556	ID:1	[INFO: App       ] Received request 'hello 30' from fd00::20b:b:b:b
06:03.556	ID:1	[INFO: App       ] Sending response.
06:03.613	ID:11	[INFO: App       ] Received response 'hello 30' from fd00::201:1:1:1
06:04.307	ID:15	[INFO: App       ] Tx/Rx/MissedTx: 30/30/0
06:04.307	ID:15	[INFO: App       ] Sending request 30 to fd00::201:1:1:1
06:04.353	ID:1	[INFO: App       ] Received request 'hello 30' from fd00::20f:f:f:f
06:04.353	ID:1	[INFO: App       ] Sending response.
06:04.465	ID:15	[INFO: App       ] Received response 'hello 30' from fd00::201:1:1:1
06:04.639	ID:10	[INFO: App       ] Sending request 32 to fd00::201:1:1:1
06:04.683	ID:1	[INFO: App       ] Received request 'hello 32' from fd00::20a:a:a:a
06:04.683	ID:1	[INFO: App       ] Sending response.
06:04.800	ID:10	[INFO: App       ] Received response 'hello 32' from fd00::201:1:1:1
06:05.070	ID:3	[INFO: App       ] Sending request 33 to fd00::201:1:1:1
06:05.138	ID:1	[INFO: App       ] Received request 'hello 33' from fd00::203:3:3:3
06:05.138	ID:1	[INFO: App       ] Sending response.
06:05.177	ID:3	[INFO: App       ] Received response 'hello 33' from fd00::201:1:1:1
06:05.317	ID:7	[INFO: App       ] Sending request 32 to fd00::201:1:1:1
06:05.403	ID:1	[INFO: App       ] Received request 'hello 32' from fd00::207:7:7:7
06:05.403	ID:1	[INFO: App       ] Sending response.
06:05.480	ID:7	[INFO: App       ] Received response 'hello 32' from fd00::201:1:1:1
06:05.907	ID:4	[INFO: App       ] Sending request 33 to fd00::201:1:1:1
06:05.917	ID:5	[INFO: App       ] Sending request 33 to fd00::201:1:1:1
06:05.926	ID:1	[INFO: App       ] Received request 'hello 33' from fd00::204:4:4:4
06:05.926	ID:1	[INFO: App       ] Sending response.
06:05.981	ID:1	[INFO: App       ] Received request 'hello 33' from fd00::205:5:5:5
06:05.981	ID:1	[INFO: App       ] Sending response.
06:06.059	ID:4	[INFO: App       ] Received response 'hello 33' from fd00::201:1:1:1
06:06.071	ID:5	[INFO: App       ] Received response 'hello 33' from fd00::201:1:1:1
06:06.951	ID:9	[INFO: App       ] Sending request 31 to fd00::201:1:1:1
06:07.040	ID:1	[INFO: App       ] Received request 'hello 31' from fd00::209:9:9:9
06:07.040	ID:1	[INFO: App       ] Sending response.
06:07.144	ID:9	[INFO: App       ] Received response 'hello 31' from fd00::201:1:1:1
06:07.292	ID:6	[INFO: App       ] Sending request 32 to fd00::201:1:1:1
06:07.417	ID:1	[INFO: App       ] Received request 'hello 32' from fd00::206:6:6:6
06:07.417	ID:1	[INFO: App       ] Sending response.
06:07.448	ID:6	[INFO: App       ] Received response 'hello 32' from fd00::201:1:1:1
06:08.771	ID:13	[INFO: App       ] Sending request 31 to fd00::201:1:1:1
06:08.896	ID:1	[INFO: App       ] Received request 'hello 31' from fd00::20d:d:d:d
06:08.896	ID:1	[INFO: App       ] Sending response.
06:08.972	ID:13	[INFO: App       ] Received response 'hello 31' from fd00::201:1:1:1
06:09.208	ID:12	[INFO: App       ] Tx/Rx/MissedTx: 30/30/0
06:09.208	ID:12	[INFO: App       ] Sending request 30 to fd00::201:1:1:1
06:09.312	ID:1	[INFO: App       ] Received request 'hello 30' from fd00::20c:c:c:c
06:09.312	ID:1	[INFO: App       ] Sending response.
06:09.397	ID:12	[INFO: App       ] Received response 'hello 30' from fd00::201:1:1:1
06:10.396	ID:8	[INFO: App       ] Sending request 32 to fd00::201:1:1:1
06:10.485	ID:1	[INFO: App       ] Received request 'hello 32' from fd00::208:8:8:8
06:10.485	ID:1	[INFO: App       ] Sending response.
06:10.530	ID:8	[INFO: App       ] Received response 'hello 32' from fd00::201:1:1:1
06:11.563	ID:14	[INFO: App       ] Sending request 31 to fd00::201:1:1:1
06:11.651	ID:1	[INFO: App       ] Received request 'hello 31' from fd00::20e:e:e:e
06:11.651	ID:1	[INFO: App       ] Sending response.
06:11.736	ID:14	[INFO: App       ] Received response 'hello 31' from fd00::201:1:1:1
06:12.340	ID:2	[INFO: App       ] Sending request 34 to fd00::201:1:1:1
06:12.393	ID:1	[INFO: App       ] Received request 'hello 34' from fd00::202:2:2:2
06:12.393	ID:1	[INFO: App       ] Sending response.
06:12.427	ID:2	[INFO: App       ] Received response 'hello 34' from fd00::201:1:1:1
06:13.216	ID:11	[INFO: App       ] Sending request 31 to fd00::201:1:1:1
06:13.305	ID:1	[INFO: App       ] Received request 'hello 31' from fd00::20b:b:b:b
06:13.305	ID:1	[INFO: App       ] Sending response.
06:13.349	ID:11	[INFO: App       ] Received response 'hello 31' from fd00::201:1:1:1
06:14.078	ID:10	[INFO: App       ] Sending request 33 to fd00::201:1:1:1
06:14.171	ID:1	[INFO: App       ] Received request 'hello 33' from fd00::20a:a:a:a
06:14.171	ID:1	[INFO: App       ] Sending response.
06:14.250	ID:10	[INFO: App       ] Received response 'hello 33' from fd00::201:1:1:1
06:14.653	ID:3	[INFO: App       ] Sending request 34 to fd00::201:1:1:1
06:14.703	ID:1	[INFO: App       ] Received request 'hello 34' from fd00::203:3:3:3
06:14.703	ID:1	[INFO: App       ] Sending response.
06:14.752	ID:15	[INFO: App       ] Sending request 31 to fd00::201:1:1:1
06:14.755	ID:3	[INFO: App       ] Received response 'hello 34' from fd00::201:1:1:1
06:14.841	ID:1	[INFO: App       ] Received request 'hello 31' from fd00::20f:f:f:f
06:14.841	ID:1	[INFO: App       ] Sending response.
06:14.895	ID:15	[INFO: App       ] Received response 'hello 31' from fd00::201:1:1:1
06:15.052	ID:5	[INFO: App       ] Sending request 34 to fd00::201:1:1:1
06:15.056	ID:4	[INFO: App       ] Sending request 34 to fd00::201:1:1:1
06:15.065	ID:1	[INFO: App       ] Received request 'hello 34' from fd00::205:5:5:5
06:15.065	ID:1	[INFO: App       ] Sending response.
06:15.106	ID:1	[INFO: App       ] Received request 'hello 34' from fd00::204:4:4:4
06:15.106	ID:1	[INFO: App       ] Sending response.
06:15.133	ID:5	[INFO: App       ] Received response 'hello 34' from fd00::201:1:1:1
06:15.154	ID:4	[INFO: App       ] Received response 'hello 34' from fd00::201:1:1:1
06:16.227	ID:7	[INFO: App       ] Sending request 33 to fd00::201:1:1:1
06:16.289	ID:1	[INFO: App       ] Received request 'hello 33' from fd00::207:7:7:7
06:16.289	ID:1	[INFO: App       ] Sending response.
06:16.362	ID:7	[INFO: App       ] Received response 'hello 33' from fd00::201:1:1:1
06:16.370	ID:9	[INFO: App       ] Sending request 32 to fd00::201:1:1:1
06:16.452	ID:1	[INFO: App       ] Received request 'hello 32' from fd00::209:9:9:9
06:16.452	ID:1	[INFO: App       ] Sending response.
06:16.517	ID:6	[INFO: App       ] Sending request 33 to fd00::201:1:1:1
06:16.562	ID:9	[INFO: App       ] Received response 'hello 32' from fd00::201:1:1:1
06:16.593	ID:1	[INFO: App       ] Received request 'hello 33' from fd00::206:6:6:6
06:16.593	ID:1	[INFO: App       ] Sending response.
06:16.684	ID:6	[INFO: App       ] Received response 'hello 33' from fd00::201:1:1:1
06:18.775	ID:12	[INFO: App       ] Sending request 31 to fd00::201:1:1:1
06:18.862	ID:1	[INFO: App       ] Received request 'hello 31' from fd00::20c:c:c:c
06:18.862	ID:1	[INFO: App       ] Sending response.
06:18.953	ID:12	[INFO: App       ] Received response 'hello 31' from fd00::201:1:1:1
06:19.442	ID:13	[INFO: App       ] Sending request 32 to fd00::201:1:1:1
06:19.500	ID:1	[INFO: App       ] Received request 'hello 32' from fd00::20d:d:d:d
06:19.500	ID:1	[INFO: App       ] Sending response.
06:19.609	ID:13	[INFO: App       ] Received response 'hello 32' from fd00::201:1:1:1
06:19.929	ID:8	[INFO: App       ] Sending request 33 to fd00::201:1:1:1
06:20.004	ID:1	[INFO: App       ] Received request 'hello 33' from fd00::208:8:8:8
06:20.004	ID:1	[INFO: App       ] Sending response.
06:20.076	ID:8	[INFO: App       ] Received response 'hello 33' from fd00::201:1:1:1
06:22.230	ID:14	[INFO: App       ] Sending request 32 to fd00::201:1:1:1
06:22.298	ID:2	[INFO: App       ] Sending request 35 to fd00::201:1:1:1
06:22.321	ID:1	[INFO: App       ] Received request 'hello 32' from fd00::20e:e:e:e
06:22.321	ID:1	[INFO: App       ] Sending response.
06:22.386	ID:1	[INFO: App       ] Received request 'hello 35' from fd00::202:2:2:2
06:22.386	ID:1	[INFO: App       ] Sending response.
06:22.414	ID:14	[INFO: App       ] Received response 'hello 32' from fd00::201:1:1:1
06:22.444	ID:2	[INFO: App       ] Received response 'hello 35' from fd00::201:1:1:1
06:23.947	ID:11	[INFO: App       ] Sending request 32 to fd00::201:1:1:1
06:24.000	ID:1	[INFO: App       ] Received request 'hello 32' from fd00::20b:b:b:b
06:24.000	ID:1	[INFO: App       ] Sending response.
06:24.089	ID:11	[INFO: App       ] Received response 'hello 32' from fd00::201:1:1:1
06:24.263	ID:3	[INFO: App       ] Sending request 35 to fd00::201:1:1:1
06:24.330	ID:1	[INFO: App       ] Received request 'hello 35' from fd00::203:3:3:3
06:24.330	ID:1	[INFO: App       ] Sending response.
06:24.400	ID:3	[INFO: App       ] Received response 'hello 35' from fd00::201:1:1:1
06:24.589	ID:5	[INFO: App       ] Sending request 35 to fd00::201:1:1:1
06:24.617	ID:10	[INFO: App       ] Sending request 34 to fd00::201:1:1:1
06:24.653	ID:1	[INFO: App       ] Received request 'hello 35' from fd00::205:5:5:5
06:24.653	ID:1	[INFO: App       ] Sending response.
06:24.683	ID:5	[INFO: App       ] Received response 'hello 35' from fd00::201:1:1:1
06:24.696	ID:1	[INFO: App       ] Received request 'hello 34' from fd00::20a:a:a:a
06:24.696	ID:1	[INFO: App       ] Sending response.
06:24.854	ID:10	[INFO: App       ] Received response 'hello 34' from fd00::201:1:1:1
06:25.179	ID:4	[INFO: App       ] Sending request 35 to fd00::201:1:1:1
06:25.221	ID:1	[INFO: App       ] Received request 'hello 35' from fd00::204:4:4:4
06:25.221	ID:1	[INFO: App       ] Sending response.
06:25.302	ID:4	[INFO: App       ] Received response 'hello 35' from fd00::201:1:1:1
06:25.398	ID:15	[INFO: App       ] Sending request 32 to fd00::201:1:1:1
06:25.475	ID:1	[INFO: App       ] Received request 'hello 32' from fd00::20f:f:f:f
06:25.475	ID:1	[INFO: App       ] Sending response.
06:25.584	ID:15	[INFO: App       ] Received response 'hello 32' from fd00::201:1:1:1
06:25.939	ID:6	[INFO: App       ] Sending request 34 to fd00::201:1:1:1
06:26.035	ID:1	[INFO: App       ] Received request 'hello 34' from fd00::206:6:6:6
06:26.035	ID:1	[INFO: App       ] Sending response.
06:26.088	ID:6	[INFO: App       ] Received response 'hello 34' from fd00::201:1:1:1
06:26.091	ID:7	[INFO: App       ] Sending request 34 to fd00::201:1:1:1
06:26.176	ID:1	[INFO: App       ] Received request 'hello 34' from fd00::207:7:7:7
06:26.176	ID:1	[INFO: App       ] Sending response.
06:26.209	ID:7	[INFO: App       ] Received response 'hello 34' from fd00::201:1:1:1
06:26.365	ID:9	[INFO: App       ] Sending request 33 to fd00::201:1:1:1
06:26.453	ID:1	[INFO: App       ] Received request 'hello 33' from fd00::209:9:9:9
06:26.453	ID:1	[INFO: App       ] Sending response.
06:26.510	ID:9	[INFO: App       ] Received response 'hello 33' from fd00::201:1:1:1
06:27.986	ID:12	[INFO: App       ] Sending request 32 to fd00::201:1:1:1
06:28.079	ID:1	[INFO: App       ] Received request 'hello 32' from fd00::20c:c:c:c
06:28.079	ID:1	[INFO: App       ] Sending response.
06:28.198	ID:12	[INFO: App       ] Received response 'hello 32' from fd00::201:1:1:1
06:29.256	ID:8	[INFO: App       ] Sending request 34 to fd00::201:1:1:1
06:29.334	ID:1	[INFO: App       ] Received request 'hello 34' from fd00::208:8:8:8
06:29.334	ID:1	[INFO: App       ] Sending response.
06:29.429	ID:8	[INFO: App       ] Received response 'hello 34' from fd00::201:1:1:1
06:30.234	ID:13	[INFO: App       ] Sending request 33 to fd00::201:1:1:1
06:30.340	ID:1	[INFO: App       ] Received request 'hello 33' from fd00::20d:d:d:d
06:30.340	ID:1	[INFO: App       ] Sending response.
06:30.460	ID:13	[INFO: App       ] Received response 'hello 33' from fd00::201:1:1:1
06:31.709	ID:14	[INFO: App       ] Sending request 33 to fd00::201:1:1:1
06:31.811	ID:1	[INFO: App       ] Received request 'hello 33' from fd00::20e:e:e:e
06:31.811	ID:1	[INFO: App       ] Sending response.
06:31.885	ID:14	[INFO: App       ] Received response 'hello 33' from fd00::201:1:1:1
06:33.200	ID:2	[INFO: App       ] Sending request 36 to fd00::201:1:1:1
06:33.253	ID:1	[INFO: App       ] Received request 'hello 36' from fd00::202:2:2:2
06:33.253	ID:1	[INFO: App       ] Sending response.
06:33.324	ID:2	[INFO: App       ] Received response 'hello 36' from fd00::201:1:1:1
06:33.877	ID:5	[INFO: App       ] Sending request 36 to fd00::201:1:1:1
06:33.914	ID:1	[INFO: App       ] Received request 'hello 36' from fd00::205:5:5:5
06:33.914	ID:1	[INFO: App       ] Sending response.
06:33.958	ID:5	[INFO: App       ] Received response 'hello 36' from fd00::201:1:1:1
06:34.483	ID:10	[INFO: App       ] Sending request 35 to fd00::201:1:1:1
06:34.488	ID:11	[INFO: App       ] Sending request 33 to fd00::201:1:1:1
06:34.555	ID:1	[INFO: App       ] Received request 'hello 33' from fd00::20b:b:b:b
06:34.555	ID:1	[INFO: App       ] Sending response.
06:34.644	ID:11	[INFO: App       ] Received response 'hello 33' from fd00::201:1:1:1
06:34.658	ID:1	[INFO: App       ] Received request 'hello 35' from fd00::20a:a:a:a
06:34.658	ID:1	[INFO: App       ] Sending response.
06:34.704	ID:15	[INFO: App       ] Sending request 33 to fd00::201:1:1:1
06:34.733	ID:10	[INFO: App       ] Received response 'hello 35' from fd00::201:1:1:1
06:34.811	ID:1	[INFO: App       ] Received request 'hello 33' from fd00::20f:f:f:f
06:34.811	ID:1	[INFO: App       ] Sending response.
06:34.894	ID:15	[INFO: App       ] Received response 'hello 33' from fd00::201:1:1:1
06:35.010	ID:3	[INFO: App       ] Sending request 36 to fd00::201:1:1:1
06:35.034	ID:1	[INFO: App       ] Received request 'hello 36' from fd00::203:3:3:3
06:35.034	ID:1	[INFO: App       ] Sending response.
06:35.050	ID:3	[INFO: App       ] Received response 'hello 36' from fd00::201:1:1:1
06:35.148	ID:6	[INFO: App       ] Sending request 35 to fd00::201:1:1:1
06:35.273	ID:1	[INFO: App       ] Received request 'hello 35' from fd00::206:6:6:6
06:35.273	ID:1	[INFO: App       ] Sending response.
06:35.309	ID:6	[INFO: App       ] Received response 'hello 35' from fd00::201:1:1:1
06:35.464	ID:9	[INFO: App       ] Sending request 34 to fd00::201:1:1:1
06:35.552	ID:1	[INFO: App       ] Received request 'hello 34' from fd00::209:9:9:9
06:35.552	ID:1	[INFO: App       ] Sending response.
06:35.581	ID:7	[INFO: App       ] Sending request 35 to fd00::201:1:1:1
06:35.651	ID:9	[INFO: App       ] Received response 'hello 34' from fd00::201:1:1:1
06:35.690	ID:1	[INFO: App       ] Received request 'hello 35' from fd00::207:7:7:7
06:35.690	ID:1	[INFO: App       ] Sending response.
06:35.770	ID:7	[INFO: App       ] Received response 'hello 35' from fd00::201:1:1:1
06:35.962	ID:4	[INFO: App       ] Sending request 36 to fd00::201:1:1:1
06:35.991	ID:1	[INFO: App       ] Received request 'hello 36' from fd00::204:4:4:4
06:35.991	ID:1	[INFO: App       ] Sending response.
06:36.042	ID:4	[INFO: App       ] Received response 'hello 36' from fd00::201:1:1:1
06:37.428	ID:12	[INFO: App       ] Sending request 33 to fd00::201:1:1:1
06:37.549	ID:1	[INFO: App       ] Received request 'hello 33' from fd00::20c:c:c:c
06:37.549	ID:1	[INFO: App       ] Sending response.
06:37.634	ID:12	[INFO: App       ] Received response 'hello 33' from fd00::201:1:1:1
06:39.430	ID:8	[INFO: App       ] Sending request 35 to fd00::201:1:1:1
06:39.479	ID:1	[INFO: App       ] Received request 'hello 35' from fd00::208:8:8:8
06:39.479	ID:1	[INFO: App       ] Sending response.
06:39.597	ID:8	[INFO: App       ] Received response 'hello 35' from fd00::201:1:1:1
06:40.797	ID:13	[INFO: App       ] Sending request 34 to fd00::201:1:1:1
06:40.892	ID:1	[INFO: App       ] Received request 'hello 34' from fd00::20d:d:d:d
06:40.892	ID:1	[INFO: App       ] Sending response.
06:40.968	ID:13	[INFO: App       ] Received response 'hello 34' from fd00::201:1:1:1
06:41.061	ID:14	[INFO: App       ] Sending request 34 to fd00::201:1:1:1
06:41.130	ID:1	[INFO: App       ] Received request 'hello 34' from fd00::20e:e:e:e
06:41.130	ID:1	[INFO: App       ] Sending response.
06:41.250	ID:14	[INFO: App       ] Received response 'hello 34' from fd00::201:1:1:1
06:42.682	ID:2	[INFO: App       ] Sending request 37 to fd00::201:1:1:1
06:42.714	ID:1	[INFO: App       ] Received request 'hello 37' from fd00::202:2:2:2
06:42.714	ID:1	[INFO: App       ] Sending response.
06:42.774	ID:2	[INFO: App       ] Received response 'hello 37' from fd00::201:1:1:1
06:43.580	ID:5	[INFO: App       ] Sending request 37 to fd00::201:1:1:1
06:43.618	ID:1	[INFO: App       ] Received request 'hello 37' from fd00::205:5:5:5
06:43.618	ID:1	[INFO: App       ] Sending response.
06:43.705	ID:5	[INFO: App       ] Received response 'hello 37' from fd00::201:1:1:1
06:44.286	ID:10	[INFO: App       ] Sending request 36 to fd00::201:1:1:1
06:44.366	ID:1	[INFO: App       ] Received request 'hello 36' from fd00::20a:a:a:a
06:44.366	ID:1	[INFO: App       ] Sending response.
06:44.467	ID:10	[INFO: App       ] Received response 'hello 36' from fd00::201:1:1:1
06:44.562	ID:15	[INFO: App       ] Sending request 34 to fd00::201:1:1:1
06:44.655	ID:1	[INFO: App       ] Received request 'hello 34' from fd00::20f:f:f:f
06:44.655	ID:1	[INFO: App       ] Sending response.
06:44.731	ID:15	[INFO: App       ] Received response 'hello 34' from fd00::201:1:1:1
06:44.924	ID:11	[INFO: App       ] Sending request 34 to fd00::201:1:1:1
06:44.995	ID:1	[INFO: App       ] Received request 'hello 34' from fd00::20b:b:b:b
06:44.995	ID:1	[INFO: App       ] Sending response.
06:45.065	ID:11	[INFO: App       ] Received response 'hello 34' from fd00::201:1:1:1
06:45.073	ID:4	[INFO: App       ] Sending request 37 to fd00::201:1:1:1
06:45.109	ID:1	[INFO: App       ] Received request 'hello 37' from fd00::204:4:4:4
06:45.109	ID:1	[INFO: App       ] Sending response.
06:45.156	ID:4	[INFO: App       ] Received response 'hello 37' from fd00::201:1:1:1
06:45.689	ID:6	[INFO: App       ] Sending request 36 to fd00::201:1:1:1
06:45.772	ID:1	[INFO: App       ] Received request 'hello 36' from fd00::206:6:6:6
06:45.772	ID:1	[INFO: App       ] Sending response.
06:45.855	ID:6	[INFO: App       ] Received response 'hello 36' from fd00::201:1:1:1
06:46.001	ID:3	[INFO: App       ] Sending request 37 to fd00::201:1:1:1
06:46.034	ID:1	[INFO: App       ] Received request 'hello 37' from fd00::203:3:3:3
06:46.034	ID:1	[INFO: App       ] Sending response.
06:46.096	ID:3	[INFO: App       ] Received response 'hello 37' from fd00::201:1:1:1
06:46.148	ID:9	[INFO: App       ] Sending request 35 to fd00::201:1:1:1
06:46.200	ID:1	[INFO: App       ] Received request 'hello 35' from fd00::209:9:9:9
06:46.200	ID:1	[INFO: App       ] Sending response.
06:46.227	ID:7	[INFO: App       ] Sending request 36 to fd00::201:1:1:1
06:46.282	ID:9	[INFO: App       ] Received response 'hello 35' from fd00::201:1:1:1
06:46.297	ID:1	[INFO: App       ] Received request 'hello 36' from fd00::207:7:7:7
06:46.297	ID:1	[INFO: App       ] Sending response.
06:46.357	ID:7	[INFO: App       ] Received response 'hello 36' from fd00::201:1:1:1
06:47.699	ID:12	[INFO: App       ] Sending request 34 to fd00::201:1:1:1
06:47.787	ID:1	[INFO: App       ] Received request 'hello 34' from fd00::20c:c:c:c
06:47.787	ID:1	[INFO: App       ] Sending response.
06:47.913	ID:12	[INFO: App       ] Received response 'hello 34' from fd00::201:1:1:1
06:48.843	ID:8	[INFO: App       ] Sending request 36 to fd00::201:1:1:1
06:48.902	ID:1	[INFO: App       ] Received request 'hello 36' from fd00::208:8:8:8
06:48.902	ID:1	[INFO: App       ] Sending response.
06:48.979	ID:8	[INFO: App       ] Received response 'hello 36' from fd00::201:1:1:1
06:50.884	ID:13	[INFO: App       ] Sending request 35 to fd00::201:1:1:1
06:50.955	ID:1	[INFO: App       ] Received request 'hello 35' from fd00::20d:d:d:d
06:50.955	ID:1	[INFO: App       ] Sending response.
06:51.073	ID:13	[INFO: App       ] Received response 'hello 35' from fd00::201:1:1:1
06:51.891	ID:14	[INFO: App       ] Sending request 35 to fd00::201:1:1:1
06:51.945	ID:1	[INFO: App       ] Received request 'hello 35' from fd00::20e:e:e:e
06:51.945	ID:1	[INFO: App       ] Sending response.
06:52.062	ID:14	[INFO: App       ] Received response 'hello 35' from fd00::201:1:1:1
06:52.649	ID:2	[INFO: App       ] Sending request 38 to fd00::201:1:1:1
06:52.700	ID:1	[INFO: App       ] Received request 'hello 38' from fd00::202:2:2:2
06:52.700	ID:1	[INFO: App       ] Sending response.
06:52.771	ID:2	[INFO: App       ] Received response 'hello 38' from fd00::201:1:1:1
06:53.439	ID:5	[INFO: App       ] Sending request 38 to fd00::201:1:1:1
06:53.482	ID:1	[INFO: App       ] Received request 'hello 38' from fd00::205:5:5:5
06:53.482	ID:1	[INFO: App       ] Sending response.
06:53.561	ID:5	[INFO: App       ] Received response 'hello 38' from fd00::201:1:1:1
06:53.673	ID:15	[INFO: App       ] Sending request 35 to fd00::201:1:1:1
06:53.800	ID:1	[INFO: App       ] Received request 'hello 35' from fd00::20f:f:f:f
06:53.800	ID:1	[INFO: App       ] Sending response.
06:53.881	ID:15	[INFO: App       ] Received response 'hello 35' from fd00::201:1:1:1
06:54.777	ID:4	[INFO: App       ] Sending request 38 to fd00::201:1:1:1
06:54.804	ID:1	[INFO: App       ] Received request 'hello 38' from fd00::204:4:4:4
06:54.804	ID:1	[INFO: App       ] Sending response.
06:54.874	ID:4	[INFO: App       ] Received response 'hello 38' from fd00::201:1:1:1
06:55.057	ID:10	[INFO: App       ] Sending request 37 to fd00::201:1:1:1
06:55.122	ID:6	[INFO: App       ] Sending request 37 to fd00::201:1:1:1
06:55.155	ID:1	[INFO: App       ] Received request 'hello 37' from fd00::20a:a:a:a
06:55.155	ID:1	[INFO: App       ] Sending response.
06:55.216	ID:10	[INFO: App       ] Received response 'hello 37' from fd00::201:1:1:1
06:55.246	ID:1	[INFO: App       ] Received request 'hello 37' from fd00::206:6:6:6
06:55.246	ID:1	[INFO: App       ] Sending response.
06:55.334	ID:6	[INFO: App       ] Received response 'hello 37' from fd00::201:1:1:1
06:55.804	ID:11	[INFO: App       ] Sending request 35 to fd00::201:1:1:1
06:55.881	ID:1	[INFO: App       ] Received request 'hello 35' from fd00::20b:b:b:b
06:55.881	ID:1	[INFO: App       ] Sending response.
06:55.921	ID:11	[INFO: App       ] Received response 'hello 35' from fd00::201:1:1:1
06:56.327	ID:3	[INFO: App       ] Sending request 38 to fd00::201:1:1:1
06:56.353	ID:1	[INFO: App       ] Received request 'hello 38' from fd00::203:3:3:3
06:56.353	ID:1	[INFO: App       ] Sending response.
06:56.408	ID:3	[INFO: App       ] Received response 'hello 38' from fd00::201:1:1:1
06:56.573	ID:9	[INFO: App       ] Sending request 36 to fd00::201:1:1:1
06:56.682	ID:1	[INFO: App       ] Received request 'hello 36' from fd00::209:9:9:9
06:56.682	ID:1	[INFO: App       ] Sending response.
06:56.773	ID:9	[INFO: App       ] Received response 'hello 36' from fd00::201:1:1:1
06:56.848	ID:7	[INFO: App       ] Sending request 37 to fd00::201:1:1:1
06:56.906	ID:1	[INFO: App       ] Received request 'hello 37' from fd00::207:7:7:7
06:56.906	ID:1	[INFO: App       ] Sending response.
06:56.994	ID:7	[INFO: App       ] Received response 'hello 37' from fd00::201:1:1:1
06:58.094	ID:12	[INFO: App       ] Sending request 35 to fd00::201:1:1:1
06:58.140	ID:1	[INFO: App       ] Received request 'hello 35' from fd00::20c:c:c:c
06:58.140	ID:1	[INFO: App       ] Sending response.
06:58.206	ID:12	[INFO: App       ] Received response 'hello 35' from fd00::201:1:1:1
06:59.655	ID:8	[INFO: App       ] Sending request 37 to fd00::201:1:1:1
06:59.721	ID:1	[INFO: App       ] Received request 'hello 37' from fd00::208:8:8:8
06:59.721	ID:1	[INFO: App       ] Sending response.
06:59.808	ID:8	[INFO: App       ] Received response 'hello 37' from fd00::201:1:1:1
07:00.456	ID:13	[INFO: App       ] Sending request 36 to fd00::201:1:1:1
07:00.563	ID:1	[INFO: App       ] Received request 'hello 36' from fd00::20d:d:d:d
07:00.563	ID:1	[INFO: App       ] Sending response.
07:00.678	ID:13	[INFO: App       ] Received response 'hello 36' from fd00::201:1:1:1
07:02.080	ID:14	[INFO: App       ] Sending request 36 to fd00::201:1:1:1
07:02.199	ID:1	[INFO: App       ] Received request 'hello 36' from fd00::20e:e:e:e
07:02.199	ID:1	[INFO: App       ] Sending response.
07:02.268	ID:14	[INFO: App       ] Received response 'hello 36' from fd00::201:1:1:1
07:02.694	ID:2	[INFO: App       ] Sending request 39 to fd00::201:1:1:1
07:02.775	ID:1	[INFO: App       ] Received request 'hello 39' from fd00::202:2:2:2
07:02.775	ID:1	[INFO: App       ] Sending response.
07:02.819	ID:2	[INFO: App       ] Received response 'hello 39' from fd00::201:1:1:1
07:02.910	ID:5	[INFO: App       ] Sending request 39 to fd00::201:1:1:1
07:02.921	ID:1	[INFO: App       ] Received request 'hello 39' from fd00::205:5:5:5
07:02.921	ID:1	[INFO: App       ] Sending response.
07:02.959	ID:5	[INFO: App       ] Received response 'hello 39' from fd00::201:1:1:1
07:04.163	ID:10	[INFO: App       ] Sending request 38 to fd00::201:1:1:1
07:04.242	ID:1	[INFO: App       ] Received request 'hello 38' from fd00::20a:a:a:a
07:04.242	ID:1	[INFO: App       ] Sending response.
07:04.317	ID:10	[INFO: App       ] Received response 'hello 38' from fd00::201:1:1:1
07:04.388	ID:15	[INFO: App       ] Sending request 36 to fd00::201:1:1:1
07:04.523	ID:1	[INFO: App       ] Received request 'hello 36' from fd00::20f:f:f:f
07:04.523	ID:1	[INFO: App       ] Sending response.
07:04.610	ID:15	[INFO: App       ] Received response 'hello 36' from fd00::201:1:1:1
07:05.339	ID:4	[INFO: App       ] Sending request 39 to fd00::201:1:1:1
07:05.385	ID:1	[INFO: App       ] Received request 'hello 39' from fd00::204:4:4:4
07:05.385	ID:1	[INFO: App       ] Sending response.
07:05.434	ID:4	[INFO: App       ] Received response 'hello 39' from fd00::201:1:1:1
07:05.672	ID:6	[INFO: App       ] Sending request 38 to fd00::201:1:1:1
07:05.702	ID:1	[INFO: App       ] Received request 'hello 38' from fd00::206:6:6:6
07:05.702	ID:1	[INFO: App       ] Sending response.
07:05.757	ID:6	[INFO: App       ] Received response 'hello 38' from fd00::201:1:1:1
07:05.974	ID:3	[INFO: App       ] Sending request 39 to fd00::201:1:1:1
07:06.054	ID:1	[INFO: App       ] Received request 'hello 39' from fd00::203:3:3:3
07:06.054	ID:1	[INFO: App       ] Sending response.
07:06.120	ID:3	[INFO: App       ] Received response 'hello 39' from fd00::201:1:1:1
07:06.154	ID:11	[INFO: App       ] Sending request 36 to fd00::201:1:1:1
07:06.255	ID:1	[INFO: App       ] Received request 'hello 36' from fd00::20b:b:b:b
07:06.255	ID:1	[INFO: App       ] Sending response.
07:06.307	ID:11	[INFO: App       ] Received response 'hello 36' from fd00::201:1:1:1
07:06.724	ID:7	[INFO: App       ] Sending request 38 to fd00::201:1:1:1
07:06.793	ID:1	[INFO: App       ] Received request 'hello 38' from fd00::207:7:7:7
07:06.793	ID:1	[INFO: App       ] Sending response.
07:06.857	ID:9	[INFO: App       ] Sending request 37 to fd00::201:1:1:1
07:06.864	ID:7	[INFO: App       ] Received response 'hello 38' from fd00::201:1:1:1
07:06.907	ID:1	[INFO: App       ] Received request 'hello 37' from fd00::209:9:9:9
07:06.907	ID:1	[INFO: App       ] Sending response.
07:06.997	ID:9	[INFO: App       ] Received response 'hello 37' from fd00::201:1:1:1
07:07.979	ID:12	[INFO: App       ] Sending request 36 to fd00::201:1:1:1
07:08.103	ID:1	[INFO: App       ] Received request 'hello 36' from fd00::20c:c:c:c
07:08.103	ID:1	[INFO: App       ] Sending response.
07:08.216	ID:12	[INFO: App       ] Received response 'hello 36' from fd00::201:1:1:1
07:08.687	ID:8	[INFO: App       ] Sending request 38 to fd00::201:1:1:1
07:08.730	ID:1	[INFO: App       ] Received request 'hello 38' from fd00::208:8:8:8
07:08.730	ID:1	[INFO: App       ] Sending response.
07:08.762	ID:8	[INFO: App       ] Received response 'hello 38' from fd00::201:1:1:1
07:11.330	ID:13	[INFO: App       ] Sending request 37 to fd00::201:1:1:1
07:11.439	ID:1	[INFO: App       ] Received request 'hello 37' from fd00::20d:d:d:d
07:11.439	ID:1	[INFO: App       ] Sending response.
07:11.541	ID:13	[INFO: App       ] Received response 'hello 37' from fd00::201:1:1:1
07:11.989	ID:14	[INFO: App       ] Sending request 37 to fd00::201:1:1:1
07:12.064	ID:1	[INFO: App       ] Received request 'hello 37' from fd00::20e:e:e:e
07:12.064	ID:1	[INFO: App       ] Sending response.
07:12.192	ID:14	[INFO: App       ] Received response 'hello 37' from fd00::201:1:1:1
07:12.656	ID:5	[INFO: App       ] Tx/Rx/MissedTx: 40/40/0
07:12.656	ID:5	[INFO: App       ] Sending request 40 to fd00::201:1:1:1
07:12.691	ID:1	[INFO: App       ] Received request 'hello 40' from fd00::205:5:5:5
07:12.691	ID:1	[INFO: App       ] Sending response.
07:12.754	ID:5	[INFO: App       ] Received response 'hello 40' from fd00::201:1:1:1
07:12.821	ID:2	[INFO: App       ] Tx/Rx/MissedTx: 40/40/0
07:12.821	ID:2	[INFO: App       ] Sending request 40 to fd00::201:1:1:1
07:12.868	ID:1	[INFO: App       ] Received request 'hello 40' from fd00::202:2:2:2
07:12.868	ID:1	[INFO: App       ] Sending response.
07:12.904	ID:2	[INFO: App       ] Received response 'hello 40' from fd00::201:1:1:1
07:13.909	ID:10	[INFO: App       ] Sending request 39 to fd00::201:1:1:1
07:13.977	ID:1	[INFO: App       ] Received request 'hello 39' from fd00::20a:a:a:a
07:13.977	ID:1	[INFO: App       ] Sending response.
07:14.038	ID:10	[INFO: App       ] Received response 'hello 39' from fd00::201:1:1:1
07:14.782	ID:6	[INFO: App       ] Sending request 39 to fd00::201:1:1:1
07:14.847	ID:1	[INFO: App       ] Received request 'hello 39' from fd00::206:6:6:6
07:14.847	ID:1	[INFO: App       ] Sending response.
07:14.918	ID:6	[INFO: App       ] Received response 'hello 39' from fd00::201:1:1:1
07:15.046	ID:15	[INFO: App       ] Sending request 37 to fd00::201:1:1:1
07:15.144	ID:1	[INFO: App       ] Received request 'hello 37' from fd00::20f:f:f:f
07:15.144	ID:1	[INFO: App       ] Sending response.
07:15.214	ID:15	[INFO: App       ] Received response 'hello 37' from fd00::201:1:1:1
07:15.727	ID:11	[INFO: App       ] Sending request 37 to fd00::201:1:1:1
07:15.809	ID:1	[INFO: App       ] Received request 'hello 37' from fd00::20b:b:b:b
07:15.809	ID:1	[INFO: App       ] Sending response.
07:15.851	ID:11	[INFO: App       ] Received response 'hello 37' from fd00::201:1:1:1
07:16.031	ID:7	[INFO: App       ] Sending request 39 to fd00::201:1:1:1
07:16.132	ID:1	[INFO: App       ] Received request 'hello 39' from fd00::207:7:7:7
07:16.132	ID:1	[INFO: App       ] Sending response.
07:16.222	ID:7	[INFO: App       ] Received response 'hello 39' from fd00::201:1:1:1
07:16.243	ID:4	[INFO: App       ] Tx/Rx/MissedTx: 40/40/0
07:16.243	ID:4	[INFO: App       ] Sending request 40 to fd00::201:1:1:1
07:16.292	ID:1	[INFO: App       ] Received request 'hello 40' from fd00::204:4:4:4
07:16.292	ID:1	[INFO: App       ] Sending response.
07:16.356	ID:4	[INFO: App       ] Received response 'hello 40' from fd00::201:1:1:1
07:16.543	ID:3	[INFO: App       ] Tx/Rx/MissedTx: 40/40/0
07:16.543	ID:3	[INFO: App       ] Sending request 40 to fd00::201:1:1:1
07:16.578	ID:1	[INFO: App       ] Received request 'hello 40' from fd00::203:3:3:3
07:16.578	ID:1	[INFO: App       ] Sending response.
07:16.649	ID:3	[INFO: App       ] Received response 'hello 40' from fd00::201:1:1:1
07:17.514	ID:12	[INFO: App       ] Sending request 37 to fd00::201:1:1:1
07:17.602	ID:9	[INFO: App       ] Sending request 38 to fd00::201:1:1:1
07:17.616	ID:1	[INFO: App       ] Received request 'hello 37' from fd00::20c:c:c:c
07:17.616	ID:1	[INFO: App       ] Sending response.
07:17.691	ID:1	[INFO: App       ] Received request 'hello 38' from fd00::209:9:9:9
07:17.691	ID:1	[INFO: App       ] Sending response.
07:17.696	ID:12	[INFO: App       ] Received response 'hello 37' from fd00::201:1:1:1
07:17.759	ID:9	[INFO: App       ] Received response 'hello 38' from fd00::201:1:1:1
07:18.352	ID:8	[INFO: App       ] Sending request 39 to fd00::201:1:1:1
07:18.401	ID:1	[INFO: App       ] Received request 'hello 39' from fd00::208:8:8:8
07:18.401	ID:1	[INFO: App       ] Sending response.
07:18.470	ID:8	[INFO: App       ] Received response 'hello 39' from fd00::201:1:1:1
07:21.093	ID:14	[INFO: App       ] Sending request 38 to fd00::201:1:1:1
07:21.211	ID:1	[INFO: App       ] Received request 'hello 38' from fd00::20e:e:e:e
07:21.211	ID:1	[INFO: App       ] Sending response.
07:21.287	ID:14	[INFO: App       ] Received response 'hello 38' from fd00::201:1:1:1
07:22.303	ID:13	[INFO: App       ] Sending request 38 to fd00::201:1:1:1
07:22.385	ID:5	[INFO: App       ] Sending request 41 to fd00::201:1:1:1
07:22.435	ID:1	[INFO: App       ] Received request 'hello 38' from fd00::20d:d:d:d
07:22.435	ID:1	[INFO: App       ] Sending response.
07:22.507	ID:1	[INFO: App       ] Received request 'hello 41' from fd00::205:5:5:5
07:22.507	ID:1	[INFO: App       ] Sending response.
07:22.550	ID:5	[INFO: App       ] Received response 'hello 41' from fd00::201:1:1:1
07:22.576	ID:13	[INFO: App       ] Received response 'hello 38' from fd00::201:1:1:1
07:23.554	ID:2	[INFO: App       ] Sending request 41 to fd00::201:1:1:1
07:23.584	ID:1	[INFO: App       ] Received request 'hello 41' from fd00::202:2:2:2
07:23.584	ID:1	[INFO: App       ] Sending response.
07:23.616	ID:2	[INFO: App       ] Received response 'hello 41' from fd00::201:1:1:1
07:24.542	ID:10	[INFO: App       ] Tx/Rx/MissedTx: 40/40/0
07:24.542	ID:10	[INFO: App       ] Sending request 40 to fd00::201:1:1:1
07:24.615	ID:1	[INFO: App       ] Received request 'hello 40' from fd00::20a:a:a:a
07:24.615	ID:1	[INFO: App       ] Sending response.
07:24.722	ID:10	[INFO: App       ] Received response 'hello 40' from fd00::201:1:1:1
07:25.504	ID:15	[INFO: App       ] Sending request 38 to fd00::201:1:1:1
07:25.563	ID:6	[INFO: App       ] Tx/Rx/MissedTx: 40/40/0
07:25.563	ID:6	[INFO: App       ] Sending request 40 to fd00::201:1:1:1
07:25.624	ID:1	[INFO: App       ] Received request 'hello 38' from fd00::20f:f:f:f
07:25.624	ID:1	[INFO: App       ] Sending response.
07:25.644	ID:1	[INFO: App       ] Received request 'hello 40' from fd00::206:6:6:6
07:25.644	ID:1	[INFO: App       ] Sending response.
07:25.662	ID:11	[INFO: App       ] Sending request 38 to fd00::201:1:1:1
07:25.747	ID:15	[INFO: App       ] Received response 'hello 38' from fd00::201:1:1:1
07:25.753	ID:6	[INFO: App       ] Received response 'hello 40' from fd00::201:1:1:1
07:25.758	ID:1	[INFO: App       ] Received request 'hello 38' from fd00::20b:b:b:b
07:25.758	ID:1	[INFO: App       ] Sending response.
07:25.835	ID:11	[INFO: App       ] Received response 'hello 38' from fd00::201:1:1:1
07:26.082	ID:3	[INFO: App       ] Sending request 41 to fd00::201:1:1:1
07:26.156	ID:1	[INFO: App       ] Received request 'hello 41' from fd00::203:3:3:3
07:26.156	ID:1	[INFO: App       ] Sending response.
07:26.197	ID:3	[INFO: App       ] Received response 'hello 41' from fd00::201:1:1:1
07:26.306	ID:7	[INFO: App       ] Tx/Rx/MissedTx: 40/40/0
07:26.306	ID:7	[INFO: App       ] Sending request 40 to fd00::201:1:1:1
07:26.401	ID:1	[INFO: App       ] Received request 'hello 40' from fd00::207:7:7:7
07:26.401	ID:1	[INFO: App       ] Sending response.
07:26.498	ID:7	[INFO: App       ] Received response 'hello 40' from fd00::201:1:1:1
07:26.634	ID:4	[INFO: App       ] Sending request 41 to fd00::201:1:1:1
07:26.693	ID:1	[INFO: App       ] Received request 'hello 41' from fd00::204:4:4:4
07:26.693	ID:1	[INFO: App       ] Sending response.
07:26.722	ID:4	[INFO: App       ] Received response 'hello 41' from fd00::201:1:1:1
07:27.169	ID:12	[INFO: App       ] Sending request 38 to fd00::201:1:1:1
07:27.276	ID:1	[INFO: App       ] Received request 'hello 38' from fd00::20c:c:c:c
07:27.276	ID:1	[INFO: App       ] Sending response.
07:27.410	ID:12	[INFO: App       ] Received response 'hello 38' from fd00::201:1:1:1
07:27.700	ID:9	[INFO: App       ] Sending request 39 to fd00::201:1:1:1
07:27.808	ID:1	[INFO: App       ] Received request 'hello 39' from fd00::209:9:9:9
07:27.808	ID:1	[INFO: App       ] Sending response.
07:27.894	ID:9	[INFO: App       ] Received response 'hello 39' from fd00::201:1:1:1
07:28.451	ID:8	[INFO: App       ] Tx/Rx/MissedTx: 40/40/0
07:28.451	ID:8	[INFO: App       ] Sending request 40 to fd00::201:1:1:1
07:28.545	ID:1	[INFO: App       ] Received request 'hello 40' from fd00::208:8:8:8
07:28.545	ID:1	[INFO: App       ] Sending response.
07:28.607	ID:8	[INFO: App       ] Received response 'hello 40' from fd00::201:1:1:1
07:31.155	ID:14	[INFO: App       ] Sending request 39 to fd00::201:1:1:1
07:31.264	ID:1	[INFO: App       ] Received request 'hello 39' from fd00::20e:e:e:e
07:31.264	ID:1	[INFO: App       ] Sending response.
07:31.379	ID:14	[INFO: App       ] Received response 'hello 39' from fd00::201:1:1:1
07:31.841	ID:13	[INFO: App       ] Sending request 39 to fd00::201:1:1:1
07:31.958	ID:1	[INFO: App       ] Received request 'hello 39' from fd00::20d:d:d:d
07:31.958	ID:1	[INFO: App       ] Sending response.
07:32.042	ID:13	[INFO: App       ] Received response 'hello 39' from fd00::201:1:1:1
07:33.125	ID:5	[INFO: App       ] Sending request 42 to fd00::201:1:1:1
07:33.161	ID:1	[INFO: App       ] Received request 'hello 42' from fd00::205:5:5:5
07:33.161	ID:1	[INFO: App       ] Sending response.
07:33.194	ID:5	[INFO: App       ] Received response 'hello 42' from fd00::201:1:1:1
07:33.278	ID:2	[INFO: App       ] Sending request 42 to fd00::201:1:1:1
07:33.358	ID:1	[INFO: App       ] Received request 'hello 42' from fd00::202:2:2:2
07:33.358	ID:1	[INFO: App       ] Sending response.
07:33.412	ID:2	[INFO: App       ] Received response 'hello 42' from fd00::201:1:1:1
07:33.681	ID:10	[INFO: App       ] Sending request 41 to fd00::201:1:1:1
07:33.743	ID:1	[INFO: App       ] Received request 'hello 41' from fd00::20a:a:a:a
07:33.743	ID:1	[INFO: App       ] Sending response.
07:33.797	ID:10	[INFO: App       ] Received response 'hello 41' from fd00::201:1:1:1
07:35.753	ID:4	[INFO: App       ] Sending request 42 to fd00::201:1:1:1
07:35.787	ID:1	[INFO: App       ] Received request 'hello 42' from fd00::204:4:4:4
07:35.787	ID:1	[INFO: App       ] Sending response.
07:35.824	ID:11	[INFO: App       ] Sending request 39 to fd00::201:1:1:1
07:35.833	ID:4	[INFO: App       ] Received response 'hello 42' from fd00::201:1:1:1
07:35.889	ID:3	[INFO: App       ] Sending request 42 to fd00::201:1:1:1
07:35.908	ID:1	[INFO: App       ] Received request 'hello 39' from fd00::20b:b:b:b
07:35.908	ID:1	[INFO: App       ] Sending response.
07:35.920	ID:1	[INFO: App       ] Received request 'hello 42' from fd00::203:3:3:3
07:35.920	ID:1	[INFO: App       ] Sending response.
07:35.992	ID:11	[INFO: App       ] Received response 'hello 39' from fd00::201:1:1:1
07:36.002	ID:3	[INFO: App       ] Received response 'hello 42' from fd00::201:1:1:1
07:36.125	ID:6	[INFO: App       ] Sending request 41 to fd00::201:1:1:1
07:36.231	ID:1	[INFO: App       ] Received request 'hello 41' from fd00::206:6:6:6
07:36.231	ID:1	[INFO: App       ] Sending response.
07:36.298	ID:6	[INFO: App       ] Received response 'hello 41' from fd00::201:1:1:1
07:36.338	ID:15	[INFO: App       ] Sending request 39 to fd00::201:1:1:1
07:36.415	ID:1	[INFO: App       ] Received request 'hello 39' from fd00::20f:f:f:f
07:36.415	ID:1	[INFO: App       ] Sending response.
07:36.522	ID:15	[INFO: App       ] Received response 'hello 39' from fd00::201:1:1:1
07:36.764	ID:9	[INFO: App       ] Tx/Rx/MissedTx: 40/40/0
07:36.764	ID:9	[INFO: App       ] Sending request 40 to fd00::201:1:1:1
07:36.809	ID:1	[INFO: App       ] Received request 'hello 40' from fd00::209:9:9:9
07:36.809	ID:1	[INFO: App       ] Sending response.
07:36.826	ID:7	[INFO: App       ] Sending request 41 to fd00::201:1:1:1
07:36.886	ID:9	[INFO: App       ] Received response 'hello 40' from fd00::201:1:1:1
07:36.905	ID:1	[INFO: App       ] Received request 'hello 41' from fd00::207:7:7:7
07:36.905	ID:1	[INFO: App       ] Sending response.
07:36.994	ID:7	[INFO: App       ] Received response 'hello 41' from fd00::201:1:1:1
07:37.080	ID:12	[INFO: App       ] Sending request 39 to fd00::201:1:1:1
07:37.169	ID:1	[INFO: App       ] Received request 'hello 39' from fd00::20c:c:c:c
07:37.169	ID:1	[INFO: App       ] Sending response.
07:37.294	ID:12	[INFO: App       ] Received response 'hello 39' from fd00::201:1:1:1
07:39.389	ID:8	[INFO: App       ] Sending request 41 to fd00::201:1:1:1
07:39.492	ID:1	[INFO: App       ] Received request 'hello 41' from fd00::208:8:8:8
07:39.492	ID:1	[INFO: App       ] Sending response.
07:39.545	ID:8	[INFO: App       ] Received response 'hello 41' from fd00::201:1:1:1
07:41.886	ID:13	[INFO: App       ] Tx/Rx/MissedTx: 40/40/0
07:41.886	ID:13	[INFO: App       ] Sending request 40 to fd00::201:1:1:1
07:41.924	ID:14	[INFO: App       ] Tx/Rx/MissedTx: 40/40/0
07:41.924	ID:14	[INFO: App       ] Sending request 40 to fd00::201:1:1:1
07:41.996	ID:1	[INFO: App       ] Received request 'hello 40' from fd00::20e:e:e:e
07:41.996	ID:1	[INFO: App       ] Sending response.
07:42.025	ID:1	[INFO: App       ] Received request 'hello 40' from fd00::20d:d:d:d
07:42.025	ID:1	[INFO: App       ] Sending response.
07:42.083	ID:14	[INFO: App       ] Received response 'hello 40' from fd00::201:1:1:1
07:42.105	ID:13	[INFO: App       ] Received response 'hello 40' from fd00::201:1:1:1
07:43.538	ID:2	[INFO: App       ] Sending request 43 to fd00::201:1:1:1
07:43.589	ID:1	[INFO: App       ] Received request 'hello 43' from fd00::202:2:2:2
07:43.589	ID:1	[INFO: App       ] Sending response.
07:43.639	ID:2	[INFO: App       ] Received response 'hello 43' from fd00::201:1:1:1
07:43.703	ID:10	[INFO: App       ] Sending request 42 to fd00::201:1:1:1
07:43.791	ID:1	[INFO: App       ] Received request 'hello 42' from fd00::20a:a:a:a
07:43.791	ID:1	[INFO: App       ] Sending response.
07:43.868	ID:10	[INFO: App       ] Received response 'hello 42' from fd00::201:1:1:1
07:44.104	ID:5	[INFO: App       ] Sending request 43 to fd00::201:1:1:1
07:44.141	ID:1	[INFO: App       ] Received request 'hello 43' from fd00::205:5:5:5
07:44.141	ID:1	[INFO: App       ] Sending response.
07:44.187	ID:5	[INFO: App       ] Received response 'hello 43' from fd00::201:1:1:1
07:44.945	ID:11	[INFO: App       ] Tx/Rx/MissedTx: 40/40/0
07:44.945	ID:11	[INFO: App       ] Sending request 40 to fd00::201:1:1:1
07:44.986	ID:1	[INFO: App       ] Received request 'hello 40' from fd00::20b:b:b:b
07:44.986	ID:1	[INFO: App       ] Sending response.
07:45.065	ID:11	[INFO: App       ] Received response 'hello 40' from fd00::201:1:1:1
07:45.117	ID:4	[INFO: App       ] Sending request 43 to fd00::201:1:1:1
07:45.180	ID:1	[INFO: App       ] Received request 'hello 43' from fd00::204:4:4:4
07:45.180	ID:1	[INFO: App       ] Sending response.
07:45.236	ID:4	[INFO: App       ] Received response 'hello 43' from fd00::201:1:1:1
07:45.648	ID:3	[INFO: App       ] Sending request 43 to fd00::201:1:1:1
07:45.716	ID:1	[INFO: App       ] Received request 'hello 43' from fd00::203:3:3:3
07:45.716	ID:1	[INFO: App       ] Sending response.
07:45.789	ID:3	[INFO: App       ] Received response 'hello 43' from fd00::201:1:1:1
07:46.043	ID:7	[INFO: App       ] Sending request 42 to fd00::201:1:1:1
07:46.048	ID:15	[INFO: App       ] Tx/Rx/MissedTx: 40/40/0
07:46.048	ID:15	[INFO: App       ] Sending request 40 to fd00::201:1:1:1
07:46.100	ID:1	[INFO: App       ] Received request 'hello 42' from fd00::207:7:7:7
07:46.100	ID:1	[INFO: App       ] Sending response.
07:46.143	ID:7	[INFO: App       ] Received response 'hello 42' from fd00::201:1:1:1
07:46.152	ID:1	[INFO: App       ] Received request 'hello 40' from fd00::20f:f:f:f
07:46.152	ID:1	[INFO: App       ] Sending response.
07:46.296	ID:15	[INFO: App       ] Received response 'hello 40' from fd00::201:1:1:1
07:46.436	ID:9	[INFO: App       ] Sending request 41 to fd00::201:1:1:1
07:46.529	ID:1	[INFO: App       ] Received request 'hello 41' from fd00::209:9:9:9
07:46.529	ID:1	[INFO: App       ] Sending response.
07:46.619	ID:9	[INFO: App       ] Received response 'hello 41' from fd00::201:1:1:1
07:46.814	ID:12	[INFO: App       ] Tx/Rx/MissedTx: 40/40/0
07:46.814	ID:12	[INFO: App       ] Sending request 40 to fd00::201:1:1:1
07:46.829	ID:6	[INFO: App       ] Sending request 42 to fd00::201:1:1:1
07:46.892	ID:1	[INFO: App       ] Received request 'hello 40' from fd00::20c:c:c:c
07:46.892	ID:1	[INFO: App       ] Sending response.
07:46.987	ID:1	[INFO: App       ] Received request 'hello 42' from fd00::206:6:6:6
07:46.987	ID:1	[INFO: App       ] Sending response.
07:47.060	ID:6	[INFO: App       ] Received response 'hello 42' from fd00::201:1:1:1
07:47.140	ID:12	[INFO: App       ] Received response 'hello 40' from fd00::201:1:1:1
07:48.886	ID:8	[INFO: App       ] Sending request 42 to fd00::201:1:1:1
07:48.939	ID:1	[INFO: App       ] Received request 'hello 42' from fd00::208:8:8:8
07:48.939	ID:1	[INFO: App       ] Sending response.
07:49.004	ID:8	[INFO: App       ] Received response 'hello 42' from fd00::201:1:1:1
07:51.321	ID:13	[INFO: App       ] Sending request 41 to fd00::201:1:1:1
07:51.354	ID:1	[INFO: App       ] Received request 'hello 41' from fd00::20d:d:d:d
07:51.354	ID:1	[INFO: App       ] Sending response.
07:51.487	ID:13	[INFO: App       ] Received response 'hello 41' from fd00::201:1:1:1
07:52.719	ID:14	[INFO: App       ] Sending request 41 to fd00::201:1:1:1
07:52.821	ID:1	[INFO: App       ] Received request 'hello 41' from fd00::20e:e:e:e
07:52.821	ID:1	[INFO: App       ] Sending response.
07:52.887	ID:14	[INFO: App       ] Received response 'hello 41' from fd00::201:1:1:1
07:52.995	ID:10	[INFO: App       ] Sending request 43 to fd00::201:1:1:1
07:53.068	ID:1	[INFO: App       ] Received request 'hello 43' from fd00::20a:a:a:a
07:53.068	ID:1	[INFO: App       ] Sending response.
07:53.152	ID:10	[INFO: App       ] Received response 'hello 43' from fd00::201:1:1:1
07:53.246	ID:2	[INFO: App       ] Sending request 44 to fd00::201:1:1:1
07:53.273	ID:1	[INFO: App       ] Received request 'hello 44' from fd00::202:2:2:2
07:53.273	ID:1	[INFO: App       ] Sending response.
07:53.301	ID:2	[INFO: App       ] Received response 'hello 44' from fd00::201:1:1:1
07:54.728	ID:5	[INFO: App       ] Sending request 44 to fd00::201:1:1:1
07:54.801	ID:1	[INFO: App       ] Received request 'hello 44' from fd00::205:5:5:5
07:54.801	ID:1	[INFO: App       ] Sending response.
07:54.859	ID:5	[INFO: App       ] Received response 'hello 44' from fd00::201:1:1:1
07:55.267	ID:11	[INFO: App       ] Sending request 41 to fd00::201:1:1:1
07:55.327	ID:1	[INFO: App       ] Received request 'hello 41' from fd00::20b:b:b:b
07:55.327	ID:1	[INFO: App       ] Sending response.
07:55.391	ID:11	[INFO: App       ] Received response 'hello 41' from fd00::201:1:1:1
07:55.728	ID:15	[INFO: App       ] Sending request 41 to fd00::201:1:1:1
07:55.820	ID:1	[INFO: App       ] Received request 'hello 41' from fd00::20f:f:f:f
07:55.820	ID:1	[INFO: App       ] Sending response.
07:55.884	ID:4	[INFO: App       ] Sending request 44 to fd00::201:1:1:1
07:55.902	ID:15	[INFO: App       ] Received response 'hello 41' from fd00::201:1:1:1
07:55.962	ID:1	[INFO: App       ] Received request 'hello 44' from fd00::204:4:4:4
07:55.962	ID:1	[INFO: App       ] Sending response.
07:55.987	ID:4	[INFO: App       ] Received response 'hello 44' from fd00::201:1:1:1
07:56.059	ID:12	[INFO: App       ] Sending request 41 to fd00::201:1:1:1
07:56.065	ID:9	[INFO: App       ] Sending request 42 to fd00::201:1:1:1
07:56.094	ID:3	[INFO: App       ] Sending request 44 to fd00::201:1:1:1
07:56.132	ID:1	[INFO: App       ] Received request 'hello 42' from fd00::209:9:9:9
07:56.132	ID:1	[INFO: App       ] Sending response.
07:56.160	ID:1	[INFO: App       ] Received request 'hello 44' from fd00::203:3:3:3
07:56.160	ID:1	[INFO: App       ] Sending response.
07:56.182	ID:1	[INFO: App       ] Received request 'hello 41' from fd00::20c:c:c:c
07:56.182	ID:1	[INFO: App       ] Sending response.
07:56.248	ID:9	[INFO: App       ] Received response 'hello 42' from fd00::201:1:1:1
07:56.332	ID:3	[INFO: App       ] Received response 'hello 44' from fd00::201:1:1:1
07:56.426	ID:12	[INFO: App       ] Received response 'hello 41' from fd00::201:1:1:1
07:56.683	ID:7	[INFO: App       ] Sending request 43 to fd00::201:1:1:1
07:56.785	ID:1	[INFO: App       ] Received request 'hello 43' from fd00::207:7:7:7
07:56.785	ID:1	[INFO: App       ] Sending response.
07:56.863	ID:7	[INFO: App       ] Received response 'hello 43' from fd00::201:1:1:1
07:57.388	ID:6	[INFO: App       ] Sending request 43 to fd00::201:1:1:1
07:57.483	ID:1	[INFO: App       ] Received request 'hello 43' from fd00::206:6:6:6
07:57.483	ID:1	[INFO: App       ] Sending response.
07:57.605	ID:6	[INFO: App       ] Received response 'hello 43' from fd00::201:1:1:1
07:59.259	ID:8	[INFO: App       ] Sending request 43 to fd00::201:1:1:1
07:59.361	ID:1	[INFO: App       ] Received request 'hello 43' from fd00::208:8:8:8
07:59.361	ID:1	[INFO: App       ] Sending response.
07:59.403	ID:8	[INFO: App       ] Received response 'hello 43' from fd00::201:1:1:1
08:02.141	ID:13	[INFO: App       ] Sending request 42 to fd00::201:1:1:1
08:02.197	ID:10	[INFO: App       ] Sending request 44 to fd00::201:1:1:1
08:02.200	ID:14	[INFO: App       ] Sending request 42 to fd00::201:1:1:1
08:02.215	ID:1	[INFO: App       ] Received request 'hello 42' from fd00::20d:d:d:d
08:02.215	ID:1	[INFO: App       ] Sending response.
08:02.310	ID:1	[INFO: App       ] Received request 'hello 44' from fd00::20a:a:a:a
08:02.310	ID:1	[INFO: App       ] Sending response.
08:02.328	ID:1	[INFO: App       ] Received request 'hello 42' from fd00::20e:e:e:e
08:02.328	ID:1	[INFO: App       ] Sending response.
08:02.406	ID:13	[INFO: App       ] Received response 'hello 42' from fd00::201:1:1:1
08:02.423	ID:10	[INFO: App       ] Received response 'hello 44' from fd00::201:1:1:1
08:02.489	ID:14	[INFO: App       ] Received response 'hello 42' from fd00::201:1:1:1
08:03.215	ID:2	[INFO: App       ] Sending request 45 to fd00::201:1:1:1
08:03.265	ID:1	[INFO: App       ] Received request 'hello 45' from fd00::202:2:2:2
08:03.265	ID:1	[INFO: App       ] Sending response.
08:03.307	ID:2	[INFO: App       ] Received response 'hello 45' from fd00::201:1:1:1
08:04.278	ID:5	[INFO: App       ] Sending request 45 to fd00::201:1:1:1
08:04.303	ID:1	[INFO: App       ] Received request 'hello 45' from fd00::205:5:5:5
08:04.303	ID:1	[INFO: App       ] Sending response.
08:04.392	ID:5	[INFO: App       ] Received response 'hello 45' from fd00::201:1:1:1
08:04.866	ID:15	[INFO: App       ] Sending request 42 to fd00::201:1:1:1
08:04.956	ID:1	[INFO: App       ] Received request 'hello 42' from fd00::20f:f:f:f
08:04.956	ID:1	[INFO: App       ] Sending response.
08:05.045	ID:15	[INFO: App       ] Received response 'hello 42' from fd00::201:1:1:1
08:05.227	ID:11	[INFO: App       ] Sending request 42 to fd00::201:1:1:1
08:05.306	ID:1	[INFO: App       ] Received request 'hello 42' from fd00::20b:b:b:b
08:05.306	ID:1	[INFO: App       ] Sending response.
08:05.373	ID:11	[INFO: App       ] Received response 'hello 42' from fd00::201:1:1:1
08:05.411	ID:3	[INFO: App       ] Sending request 45 to fd00::201:1:1:1
08:05.432	ID:1	[INFO: App       ] Received request 'hello 45' from fd00::203:3:3:3
08:05.432	ID:1	[INFO: App       ] Sending response.
08:05.502	ID:3	[INFO: App       ] Received response 'hello 45' from fd00::201:1:1:1
08:05.596	ID:9	[INFO: App       ] Sending request 43 to fd00::201:1:1:1
08:05.685	ID:1	[INFO: App       ] Received request 'hello 43' from fd00::209:9:9:9
08:05.685	ID:1	[INFO: App       ] Sending response.
08:05.747	ID:9	[INFO: App       ] Received response 'hello 43' from fd00::201:1:1:1
08:05.871	ID:12	[INFO: App       ] Sending request 42 to fd00::201:1:1:1
08:05.973	ID:1	[INFO: App       ] Received request 'hello 42' from fd00::20c:c:c:c
08:05.973	ID:1	[INFO: App       ] Sending response.
08:06.058	ID:12	[INFO: App       ] Received response 'hello 42' from fd00::201:1:1:1
08:06.311	ID:7	[INFO: App       ] Sending request 44 to fd00::201:1:1:1
08:06.390	ID:1	[INFO: App       ] Received request 'hello 44' from fd00::207:7:7:7
08:06.390	ID:1	[INFO: App       ] Sending response.
08:06.452	ID:7	[INFO: App       ] Received response 'hello 44' from fd00::201:1:1:1
08:06.735	ID:4	[INFO: App       ] Sending request 45 to fd00::201:1:1:1
08:06.776	ID:1	[INFO: App       ] Received request 'hello 45' from fd00::204:4:4:4
08:06.776	ID:1	[INFO: App       ] Sending response.
08:06.812	ID:4	[INFO: App       ] Received response 'hello 45' from fd00::201:1:1:1
08:07.695	ID:6	[INFO: App       ] Sending request 44 to fd00::201:1:1:1
08:07.779	ID:1	[INFO: App       ] Received request 'hello 44' from fd00::206:6:6:6
08:07.779	ID:1	[INFO: App       ] Sending response.
08:07.873	ID:6	[INFO: App       ] Received response 'hello 44' from fd00::201:1:1:1
08:08.552	ID:8	[INFO: App       ] Sending request 44 to fd00::201:1:1:1
08:08.641	ID:1	[INFO: App       ] Received request 'hello 44' from fd00::208:8:8:8
08:08.641	ID:1	[INFO: App       ] Sending response.
08:08.665	ID:8	[INFO: App       ] Received response 'hello 44' from fd00::201:1:1:1
08:11.324	ID:14	[INFO: App       ] Sending request 43 to fd00::201:1:1:1
08:11.420	ID:1	[INFO: App       ] Received request 'hello 43' from fd00::20e:e:e:e
08:11.420	ID:1	[INFO: App       ] Sending response.
08:11.539	ID:14	[INFO: App       ] Received response 'hello 43' from fd00::201:1:1:1
08:12.000	ID:10	[INFO: App       ] Sending request 45 to fd00::201:1:1:1
08:12.048	ID:1	[INFO: App       ] Received request 'hello 45' from fd00::20a:a:a:a
08:12.048	ID:1	[INFO: App       ] Sending response.
08:12.109	ID:10	[INFO: App       ] Received response 'hello 45' from fd00::201:1:1:1
08:12.485	ID:13	[INFO: App       ] Sending request 43 to fd00::201:1:1:1
08:12.542	ID:1	[INFO: App       ] Received request 'hello 43' from fd00::20d:d:d:d
08:12.542	ID:1	[INFO: App       ] Sending response.
08:12.591	ID:13	[INFO: App       ] Received response 'hello 43' from fd00::201:1:1:1
08:13.013	ID:2	[INFO: App       ] Sending request 46 to fd00::201:1:1:1
08:13.035	ID:1	[INFO: App       ] Received request 'hello 46' from fd00::202:2:2:2
08:13.035	ID:1	[INFO: App       ] Sending response.
08:13.096	ID:2	[INFO: App       ] Received response 'hello 46' from fd00::201:1:1:1
08:13.920	ID:15	[INFO: App       ] Sending request 43 to fd00::201:1:1:1
08:14.021	ID:1	[INFO: App       ] Received request 'hello 43' from fd00::20f:f:f:f
08:14.021	ID:1	[INFO: App       ] Sending response.
08:14.147	ID:15	[INFO: App       ] Received response 'hello 43' from fd00::201:1:1:1
08:14.756	ID:9	[INFO: App       ] Sending request 44 to fd00::201:1:1:1
08:14.817	ID:1	[INFO: App       ] Received request 'hello 44' from fd00::209:9:9:9
08:14.817	ID:1	[INFO: App       ] Sending response.
08:14.877	ID:9	[INFO: App       ] Received response 'hello 44' from fd00::201:1:1:1
08:14.933	ID:3	[INFO: App       ] Sending request 46 to fd00::201:1:1:1
08:14.996	ID:1	[INFO: App       ] Received request 'hello 46' from fd00::203:3:3:3
08:14.996	ID:1	[INFO: App       ] Sending response.
08:15.060	ID:3	[INFO: App       ] Received response 'hello 46' from fd00::201:1:1:1
08:15.163	ID:5	[INFO: App       ] Sending request 46 to fd00::201:1:1:1
08:15.230	ID:1	[INFO: App       ] Received request 'hello 46' from fd00::205:5:5:5
08:15.230	ID:1	[INFO: App       ] Sending response.
08:15.245	ID:11	[INFO: App       ] Sending request 43 to fd00::201:1:1:1
08:15.265	ID:5	[INFO: App       ] Received response 'hello 46' from fd00::201:1:1:1
08:15.356	ID:1	[INFO: App       ] Received request 'hello 43' from fd00::20b:b:b:b
08:15.356	ID:1	[INFO: App       ] Sending response.
08:15.427	ID:11	[INFO: App       ] Received response 'hello 43' from fd00::201:1:1:1
08:15.793	ID:4	[INFO: App       ] Sending request 46 to fd00::201:1:1:1
08:15.810	ID:1	[INFO: App       ] Received request 'hello 46' from fd00::204:4:4:4
08:15.810	ID:1	[INFO: App       ] Sending response.
08:15.836	ID:4	[INFO: App       ] Received response 'hello 46' from fd00::201:1:1:1
08:15.870	ID:7	[INFO: App       ] Sending request 45 to fd00::201:1:1:1
08:15.920	ID:1	[INFO: App       ] Received request 'hello 45' from fd00::207:7:7:7
08:15.920	ID:1	[INFO: App       ] Sending response.
08:16.042	ID:7	[INFO: App       ] Received response 'hello 45' from fd00::201:1:1:1
08:16.447	ID:12	[INFO: App       ] Sending request 43 to fd00::201:1:1:1
08:16.583	ID:1	[INFO: App       ] Received request 'hello 43' from fd00::20c:c:c:c
08:16.583	ID:1	[INFO: App       ] Sending response.
08:16.689	ID:12	[INFO: App       ] Received response 'hello 43' from fd00::201:1:1:1
08:17.832	ID:6	[INFO: App       ] Sending request 45 to fd00::201:1:1:1
08:17.892	ID:1	[INFO: App       ] Received request 'hello 45' from fd00::206:6:6:6
08:17.892	ID:1	[INFO: App       ] Sending response.
08:17.895	ID:8	[INFO: App       ] Sending request 45 to fd00::201:1:1:1
08:17.943	ID:1	[INFO: App       ] Received request 'hello 45' from fd00::208:8:8:8
08:17.943	ID:1	[INFO: App       ] Sending response.
08:17.987	ID:6	[INFO: App       ] Received response 'hello 45' from fd00::201:1:1:1
08:18.057	ID:8	[INFO: App       ] Received response 'hello 45' from fd00::201:1:1:1
08:20.712	ID:14	[INFO: App       ] Sending request 44 to fd00::201:1:1:1
08:20.774	ID:1	[INFO: App       ] Received request 'hello 44' from fd00::20e:e:e:e
08:20.774	ID:1	[INFO: App       ] Sending response.
08:20.909	ID:14	[INFO: App       ] Received response 'hello 44' from fd00::201:1:1:1
08:22.426	ID:13	[INFO: App       ] Sending request 44 to fd00::201:1:1:1
08:22.491	ID:10	[INFO: App       ] Sending request 46 to fd00::201:1:1:1
08:22.517	ID:1	[INFO: App       ] Received request 'hello 44' from fd00::20d:d:d:d
08:22.517	ID:1	[INFO: App       ] Sending response.
08:22.594	ID:1	[INFO: App       ] Received request 'hello 46' from fd00::20a:a:a:a
08:22.594	ID:1	[INFO: App       ] Sending response.
08:22.645	ID:13	[INFO: App       ] Received response 'hello 44' from fd00::201:1:1:1
08:22.684	ID:10	[INFO: App       ] Received response 'hello 46' from fd00::201:1:1:1
08:23.481	ID:2	[INFO: App       ] Sending request 47 to fd00::201:1:1:1
08:23.514	ID:1	[INFO: App       ] Received request 'hello 47' from fd00::202:2:2:2
08:23.514	ID:1	[INFO: App       ] Sending response.
08:23.577	ID:2	[INFO: App       ] Received response 'hello 47' from fd00::201:1:1:1
08:24.310	ID:15	[INFO: App       ] Sending request 44 to fd00::201:1:1:1
08:24.409	ID:1	[INFO: App       ] Received request 'hello 44' from fd00::20f:f:f:f
08:24.409	ID:1	[INFO: App       ] Sending response.
08:24.486	ID:15	[INFO: App       ] Received response 'hello 44' from fd00::201:1:1:1
08:24.559	ID:9	[INFO: App       ] Sending request 45 to fd00::201:1:1:1
08:24.637	ID:1	[INFO: App       ] Received request 'hello 45' from fd00::209:9:9:9
08:24.637	ID:1	[INFO: App       ] Sending response.
08:24.699	ID:9	[INFO: App       ] Received response 'hello 45' from fd00::201:1:1:1
08:25.217	ID:11	[INFO: App       ] Sending request 44 to fd00::201:1:1:1
08:25.329	ID:1	[INFO: App       ] Received request 'hello 44' from fd00::20b:b:b:b
08:25.329	ID:1	[INFO: App       ] Sending response.
08:25.413	ID:11	[INFO: App       ] Received response 'hello 44' from fd00::201:1:1:1
08:25.582	ID:3	[INFO: App       ] Sending request 47 to fd00::201:1:1:1
08:25.617	ID:1	[INFO: App       ] Received request 'hello 47' from fd00::203:3:3:3
08:25.617	ID:1	[INFO: App       ] Sending response.
08:25.631	ID:4	[INFO: App       ] Sending request 47 to fd00::201:1:1:1
08:25.645	ID:3	[INFO: App       ] Received response 'hello 47' from fd00::201:1:1:1
08:25.680	ID:1	[INFO: App       ] Received request 'hello 47' from fd00::204:4:4:4
08:25.680	ID:1	[INFO: App       ] Sending response.
08:25.704	ID:5	[INFO: App       ] Sending request 47 to fd00::201:1:1:1
08:25.740	ID:1	[INFO: App       ] Received request 'hello 47' from fd00::205:5:5:5
08:25.740	ID:1	[INFO: App       ] Sending response.
08:25.750	ID:4	[INFO: App       ] Received response 'hello 47' from fd00::201:1:1:1
08:25.808	ID:5	[INFO: App       ] Received response 'hello 47' from fd00::201:1:1:1
08:25.892	ID:12	[INFO: App       ] Sending request 44 to fd00::201:1:1:1
08:26.010	ID:1	[INFO: App       ] Received request 'hello 44' from fd00::20c:c:c:c
08:26.010	ID:1	[INFO: App       ] Sending response.
08:26.125	ID:7	[INFO: App       ] Sending request 46 to fd00::201:1:1:1
08:26.151	ID:12	[INFO: App       ] Received response 'hello 44' from fd00::201:1:1:1
08:26.221	ID:1	[INFO: App       ] Received request 'hello 46' from fd00::207:7:7:7
08:26.221	ID:1	[INFO: App       ] Sending response.
08:26.310	ID:7	[INFO: App       ] Received response 'hello 46' from fd00::201:1:1:1
08:27.287	ID:6	[INFO: App       ] Sending request 46 to fd00::201:1:1:1
08:27.340	ID:1	[INFO: App       ] Received request 'hello 46' from fd00::206:6:6:6
08:27.340	ID:1	[INFO: App       ] Sending response.
08:27.395	ID:6	[INFO: App       ] Received response 'hello 46' from fd00::201:1:1:1
08:28.461	ID:8	[INFO: App       ] Sending request 46 to fd00::201:1:1:1
08:28.562	ID:1	[INFO: App       ] Received request 'hello 46' from fd00::208:8:8:8
08:28.562	ID:1	[INFO: App       ] Sending response.
08:28.638	ID:8	[INFO: App       ] Received response 'hello 46' from fd00::201:1:1:1
08:31.214	ID:14	[INFO: App       ] Sending request 45 to fd00::201:1:1:1
08:31.320	ID:1	[INFO: App       ] Received request 'hello 45' from fd00::20e:e:e:e
08:31.320	ID:1	[INFO: App       ] Sending response.
08:31.429	ID:14	[INFO: App       ] Received response 'hello 45' from fd00::201:1:1:1
08:31.722	ID:10	[INFO: App       ] Sending request 47 to fd00::201:1:1:1
08:31.837	ID:1	[INFO: App       ] Received request 'hello 47' from fd00::20a:a:a:a
08:31.837	ID:1	[INFO: App       ] Sending response.
08:31.900	ID:10	[INFO: App       ] Received response 'hello 47' from fd00::201:1:1:1
08:32.832	ID:13	[INFO: App       ] Sending request 45 to fd00::201:1:1:1
08:32.962	ID:1	[INFO: App       ] Received request 'hello 45' from fd00::20d:d:d:d
08:32.962	ID:1	[INFO: App       ] Sending response.
08:33.070	ID:13	[INFO: App       ] Received response 'hello 45' from fd00::201:1:1:1
08:33.445	ID:2	[INFO: App       ] Sending request 48 to fd00::201:1:1:1
08:33.501	ID:1	[INFO: App       ] Received request 'hello 48' from fd00::202:2:2:2
08:33.501	ID:1	[INFO: App       ] Sending response.
08:33.537	ID:2	[INFO: App       ] Received response 'hello 48' from fd00::201:1:1:1
08:33.698	ID:15	[INFO: App       ] Sending request 45 to fd00::201:1:1:1
08:33.789	ID:1	[INFO: App       ] Received request 'hello 45' from fd00::20f:f:f:f
08:33.789	ID:1	[INFO: App       ] Sending response.
08:33.866	ID:15	[INFO: App       ] Received response 'hello 45' from fd00::201:1:1:1
08:35.102	ID:3	[INFO: App       ] Sending request 48 to fd00::201:1:1:1
08:35.182	ID:1	[INFO: App       ] Received request 'hello 48' from fd00::203:3:3:3
08:35.182	ID:1	[INFO: App       ] Sending response.
08:35.234	ID:3	[INFO: App       ] Received response 'hello 48' from fd00::201:1:1:1
08:35.345	ID:9	[INFO: App       ] Sending request 46 to fd00::201:1:1:1
08:35.378	ID:1	[INFO: App       ] Received request 'hello 46' from fd00::209:9:9:9
08:35.378	ID:1	[INFO: App       ] Sending response.
08:35.452	ID:9	[INFO: App       ] Received response 'hello 46' from fd00::201:1:1:1
08:35.691	ID:11	[INFO: App       ] Sending request 45 to fd00::201:1:1:1
08:35.731	ID:1	[INFO: App       ] Received request 'hello 45' from fd00::20b:b:b:b
08:35.731	ID:1	[INFO: App       ] Sending response.
08:35.761	ID:5	[INFO: App       ] Sending request 48 to fd00::201:1:1:1
08:35.805	ID:1	[INFO: App       ] Received request 'hello 48' from fd00::205:5:5:5
08:35.805	ID:1	[INFO: App       ] Sending response.
08:35.892	ID:5	[INFO: App       ] Received response 'hello 48' from fd00::201:1:1:1
08:35.909	ID:11	[INFO: App       ] Received response 'hello 45' from fd00::201:1:1:1
08:35.955	ID:12	[INFO: App       ] Sending request 45 to fd00::201:1:1:1
08:36.028	ID:1	[INFO: App       ] Received request 'hello 45' from fd00::20c:c:c:c
08:36.028	ID:1	[INFO: App       ] Sending response.
08:36.078	ID:4	[INFO: App       ] Sending request 48 to fd00::201:1:1:1
08:36.123	ID:12	[INFO: App       ] Received response 'hello 45' from fd00::201:1:1:1
08:36.129	ID:1	[INFO: App       ] Received request 'hello 48' from fd00::204:4:4:4
08:36.129	ID:1	[INFO: App       ] Sending response.
08:36.169	ID:4	[INFO: App       ] Received response 'hello 48' from fd00::201:1:1:1
08:36.497	ID:7	[INFO: App       ] Sending request 47 to fd00::201:1:1:1
08:36.567	ID:1	[INFO: App       ] Received request 'hello 47' from fd00::207:7:7:7
08:36.567	ID:1	[INFO: App       ] Sending response.
08:36.611	ID:7	[INFO: App       ] Received response 'hello 47' from fd00::201:1:1:1
08:37.556	ID:8	[INFO: App       ] Sending request 47 to fd00::201:1:1:1
08:37.629	ID:1	[INFO: App       ] Received request 'hello 47' from fd00::208:8:8:8
08:37.629	ID:1	[INFO: App       ] Sending response.
08:37.706	ID:8	[INFO: App       ] Received response 'hello 47' from fd00::201:1:1:1
08:38.170	ID:6	[INFO: App       ] Sending request 47 to fd00::201:1:1:1
08:38.223	ID:1	[INFO: App       ] Received request 'hello 47' from fd00::206:6:6:6
08:38.223	ID:1	[INFO: App       ] Sending response.
08:38.301	ID:6	[INFO: App       ] Received response 'hello 47' from fd00::201:1:1:1
08:41.245	ID:10	[INFO: App       ] Sending request 48 to fd00::201:1:1:1
08:41.354	ID:1	[INFO: App       ] Received request 'hello 48' from fd00::20a:a:a:a
08:41.354	ID:1	[INFO: App       ] Sending response.
08:41.361	ID:14	[INFO: App       ] Sending request 46 to fd00::201:1:1:1
08:41.429	ID:10	[INFO: App       ] Received response 'hello 48' from fd00::201:1:1:1
08:41.436	ID:1	[INFO: App       ] Received request 'hello 46' from fd00::20e:e:e:e
08:41.436	ID:1	[INFO: App       ] Sending response.
08:41.575	ID:14	[INFO: App       ] Received response 'hello 46' from fd00::201:1:1:1
08:42.067	ID:13	[INFO: App       ] Sending request 46 to fd00::201:1:1:1
08:42.127	ID:1	[INFO: App       ] Received request 'hello 46' from fd00::20d:d:d:d
08:42.127	ID:1	[INFO: App       ] Sending response.
08:42.263	ID:13	[INFO: App       ] Received response 'hello 46' from fd00::201:1:1:1
08:44.437	ID:2	[INFO: App       ] Sending request 49 to fd00::201:1:1:1
08:44.456	ID:1	[INFO: App       ] Received request 'hello 49' from fd00::202:2:2:2
08:44.456	ID:1	[INFO: App       ] Sending response.
08:44.483	ID:2	[INFO: App       ] Received response 'hello 49' from fd00::201:1:1:1
08:44.489	ID:15	[INFO: App       ] Sending request 46 to fd00::201:1:1:1
08:44.568	ID:1	[INFO: App       ] Received request 'hello 46' from fd00::20f:f:f:f
08:44.568	ID:1	[INFO: App       ] Sending response.
08:44.661	ID:15	[INFO: App       ] Received response 'hello 46' from fd00::201:1:1:1
08:45.394	ID:3	[INFO: App       ] Sending request 49 to fd00::201:1:1:1
08:45.428	ID:1	[INFO: App       ] Received request 'hello 49' from fd00::203:3:3:3
08:45.428	ID:1	[INFO: App       ] Sending response.
08:45.464	ID:3	[INFO: App       ] Received response 'hello 49' from fd00::201:1:1:1
08:45.565	ID:5	[INFO: App       ] Sending request 49 to fd00::201:1:1:1
08:45.613	ID:1	[INFO: App       ] Received request 'hello 49' from fd00::205:5:5:5
08:45.613	ID:1	[INFO: App       ] Sending response.
08:45.680	ID:5	[INFO: App       ] Received response 'hello 49' from fd00::201:1:1:1
08:45.699	ID:11	[INFO: App       ] Sending request 46 to fd00::201:1:1:1
08:45.759	ID:1	[INFO: App       ] Received request 'hello 46' from fd00::20b:b:b:b
08:45.759	ID:1	[INFO: App       ] Sending response.
08:45.828	ID:9	[INFO: App       ] Sending request 47 to fd00::201:1:1:1
08:45.837	ID:11	[INFO: App       ] Received response 'hello 46' from fd00::201:1:1:1
08:45.914	ID:1	[INFO: App       ] Received request 'hello 47' from fd00::209:9:9:9
08:45.914	ID:1	[INFO: App       ] Sending response.
08:45.972	ID:12	[INFO: App       ] Sending request 46 to fd00::201:1:1:1
08:46.032	ID:9	[INFO: App       ] Received response 'hello 47' from fd00::201:1:1:1
08:46.070	ID:1	[INFO: App       ] Received request 'hello 46' from fd00::20c:c:c:c
08:46.070	ID:1	[INFO: App       ] Sending response.
08:46.190	ID:12	[INFO: App       ] Received response 'hello 46' from fd00::201:1:1:1
08:46.247	ID:7	[INFO: App       ] Sending request 48 to fd00::201:1:1:1
08:46.277	ID:1	[INFO: App       ] Received request 'hello 48' from fd00::207:7:7:7
08:46.277	ID:1	[INFO: App       ] Sending response.
08:46.348	ID:7	[INFO: App       ] Received response 'hello 48' from fd00::201:1:1:1
08:46.650	ID:4	[INFO: App       ] Sending request 49 to fd00::201:1:1:1
08:46.690	ID:1	[INFO: App       ] Received request 'hello 49' from fd00::204:4:4:4
08:46.690	ID:1	[INFO: App       ] Sending response.
08:46.770	ID:4	[INFO: App       ] Received response 'hello 49' from fd00::201:1:1:1
08:47.750	ID:8	[INFO: App       ] Sending request 48 to fd00::201:1:1:1
08:47.831	ID:1	[INFO: App       ] Received request 'hello 48' from fd00::208:8:8:8
08:47.831	ID:1	[INFO: App       ] Sending response.
08:47.913	ID:8	[INFO: App       ] Received response 'hello 48' from fd00::201:1:1:1
08:48.101	ID:6	[INFO: App       ] Sending request 48 to fd00::201:1:1:1
08:48.176	ID:1	[INFO: App       ] Received request 'hello 48' from fd00::206:6:6:6
08:48.176	ID:1	[INFO: App       ] Sending response.
08:48.259	ID:6	[INFO: App       ] Received response 'hello 48' from fd00::201:1:1:1
08:51.363	ID:10	[INFO: App       ] Sending request 49 to fd00::201:1:1:1
08:51.397	ID:14	[INFO: App       ] Sending request 47 to fd00::201:1:1:1
08:51.409	ID:1	[INFO: App       ] Received request 'hello 49' from fd00::20a:a:a:a
08:51.409	ID:1	[INFO: App       ] Sending response.
08:51.512	ID:10	[INFO: App       ] Received response 'hello 49' from fd00::201:1:1:1
08:51.516	ID:1	[INFO: App       ] Received request 'hello 47' from fd00::20e:e:e:e
08:51.516	ID:1	[INFO: App       ] Sending response.
08:51.651	ID:14	[INFO: App       ] Received response 'hello 47' from fd00::201:1:1:1
08:51.878	ID:13	[INFO: App       ] Sending request 47 to fd00::201:1:1:1
08:51.972	ID:1	[INFO: App       ] Received request 'hello 47' from fd00::20d:d:d:d
08:51.972	ID:1	[INFO: App       ] Sending response.
08:52.074	ID:13	[INFO: App       ] Received response 'hello 47' from fd00::201:1:1:1
08:54.605	ID:3	[INFO: App       ] Tx/Rx/MissedTx: 50/50/0
08:54.605	ID:3	[INFO: App       ] Sending request 50 to fd00::201:1:1:1
08:54.623	ID:1	[INFO: App       ] Received request 'hello 50' from fd00::203:3:3:3
08:54.623	ID:1	[INFO: App       ] Sending response.
08:54.647	ID:3	[INFO: App       ] Received response 'hello 50' from fd00::201:1:1:1
08:54.784	ID:15	[INFO: App       ] Sending request 47 to fd00::201:1:1:1
08:54.911	ID:1	[INFO: App       ] Received request 'hello 47' from fd00::20f:f:f:f
08:54.911	ID:1	[INFO: App       ] Sending response.
08:54.980	ID:15	[INFO: App       ] Received response 'hello 47' from fd00::201:1:1:1
08:55.165	ID:12	[INFO: App       ] Sending request 47 to fd00::201:1:1:1
08:55.259	ID:2	[INFO: App       ] Tx/Rx/MissedTx: 50/50/0
08:55.259	ID:2	[INFO: App       ] Sending request 50 to fd00::201:1:1:1
08:55.293	ID:1	[INFO: App       ] Received request 'hello 47' from fd00::20c:c:c:c
08:55.293	ID:1	[INFO: App       ] Sending response.
08:55.389	ID:1	[INFO: App       ] Received request 'hello 50' from fd00::202:2:2:2
08:55.389	ID:1	[INFO: App       ] Sending response.
08:55.412	ID:12	[INFO: App       ] Received response 'hello 47' from fd00::201:1:1:1
08:55.428	ID:5	[INFO: App       ] Tx/Rx/MissedTx: 50/50/0
08:55.428	ID:5	[INFO: App       ] Sending request 50 to fd00::201:1:1:1
08:55.435	ID:2	[INFO: App       ] Received response 'hello 50' from fd00::201:1:1:1
08:55.472	ID:1	[INFO: App       ] Received request 'hello 50' from fd00::205:5:5:5
08:55.472	ID:1	[INFO: App       ] Sending response.
08:55.556	ID:5	[INFO: App       ] Received response 'hello 50' from fd00::201:1:1:1
08:55.698	ID:9	[INFO: App       ] Sending request 48 to fd00::201:1:1:1
08:55.741	ID:1	[INFO: App       ] Received request 'hello 48' from fd00::209:9:9:9
08:55.741	ID:1	[INFO: App       ] Sending response.
08:55.804	ID:9	[INFO: App       ] Received response 'hello 48' from fd00::201:1:1:1
08:55.816	ID:11	[INFO: App       ] Sending request 47 to fd00::201:1:1:1
08:55.891	ID:1	[INFO: App       ] Received request 'hello 47' from fd00::20b:b:b:b
08:55.891	ID:1	[INFO: App       ] Sending response.
08:55.955	ID:11	[INFO: App       ] Received response 'hello 47' from fd00::201:1:1:1
08:56.665	ID:4	[INFO: App       ] Tx/Rx/MissedTx: 50/50/0
08:56.665	ID:4	[INFO: App       ] Sending request 50 to fd00::201:1:1:1
08:56.685	ID:1	[INFO: App       ] Received request 'hello 50' from fd00::204:4:4:4
08:56.685	ID:1	[INFO: App       ] Sending response.
08:56.717	ID:4	[INFO: App       ] Received response 'hello 50' from fd00::201:1:1:1
08:56.910	ID:7	[INFO: App       ] Sending request 49 to fd00::201:1:1:1
08:57.028	ID:1	[INFO: App       ] Received request 'hello 49' from fd00::207:7:7:7
08:57.028	ID:1	[INFO: App       ] Sending response.
08:57.105	ID:7	[INFO: App       ] Received response 'hello 49' from fd00::201:1:1:1
08:57.287	ID:8	[INFO: App       ] Sending request 49 to fd00::201:1:1:1
08:57.382	ID:1	[INFO: App       ] Received request 'hello 49' from fd00::208:8:8:8
08:57.382	ID:1	[INFO: App       ] Sending response.
08:57.488	ID:8	[INFO: App       ] Received response 'hello 49' from fd00::201:1:1:1
08:58.689	ID:6	[INFO: App       ] Sending request 49 to fd00::201:1:1:1
08:58.768	ID:1	[INFO: App       ] Received request 'hello 49' from fd00::206:6:6:6
08:58.768	ID:1	[INFO: App       ] Sending response.
08:58.826	ID:6	[INFO: App       ] Received response 'hello 49' from fd00::201:1:1:1
RADIO_COUNT	8943
TEST OK
Test ended at simulation time: 540000000
