Random seed: 234567
00:00.098	ID:9	[INFO: Main      ] Starting Contiki-NG-release/v5.1-199-g2d20e000c-dirty
00:00.098	ID:9	[INFO: Main      ] - Routing: RPL Lite
00:00.098	ID:9	[INFO: Main      ] - Net: sicslowpan
00:00.098	ID:9	[INFO: Main      ] - MAC: CSMA
00:00.098	ID:9	[INFO: Main      ] - 802.15.4 PANID: 0xabcd
00:00.098	ID:9	[INFO: Main      ] - 802.15.4 Default channel: 26
00:00.098	ID:9	[INFO: Main      ] Node ID: 9
00:00.098	ID:9	[INFO: Main      ] Link-layer address: 0009.0009.0009.0009
00:00.098	ID:9	[INFO: Main      ] Tentative link-local IPv6 address: fe80::209:9:9:9
00:00.099	ID:12	[INFO: Main      ] Starting Contiki-NG-release/v5.1-199-g2d20e000c-dirty
00:00.099	ID:12	[INFO: Main      ] - Routing: RPL Lite
00:00.099	ID:12	[INFO: Main      ] - Net: sicslowpan
00:00.099	ID:12	[INFO: Main      ] - MAC: CSMA
00:00.099	ID:12	[INFO: Main      ] - 802.15.4 PANID: 0xabcd
00:00.099	ID:12	[INFO: Main      ] - 802.15.4 Default channel: 26
00:00.099	ID:12	[INFO: Main      ] Node ID: 12
00:00.099	ID:12	[INFO: Main      ] Link-layer address: 000c.000c.000c.000c
00:00.099	ID:12	[INFO: Main      ] Tentative link-local IPv6 address: fe80::20c:c:c:c
00:00.142	ID:13	[INFO: Main      ] Starting Contiki-NG-release/v5.1-199-g2d20e000c-dirty
00:00.142	ID:13	[INFO: Main      ] - Routing: RPL Lite
00:00.142	ID:13	[INFO: Main      ] - Net: sicslowpan
00:00.142	ID:13	[INFO: Main      ] - MAC: CSMA
00:00.142	ID:13	[INFO: Main      ] - 802.15.4 PANID: 0xabcd
00:00.142	ID:13	[INFO: Main      ] - 802.15.4 Default channel: 26
00:00.142	ID:13	[INFO: Main      ] Node ID: 13
00:00.142	ID:13	[INFO: Main      ] Link-layer address: 000d.000d.000d.000d
00:00.142	ID:13	[INFO: Main      ] Tentative link-local IPv6 address: fe80::20d:d:d:d
00:00.155	ID:14	[INFO: Main      ] Starting Contiki-NG-release/v5.1-199-g2d20e000c-dirty
00:00.155	ID:14	[INFO: Main      ] - Routing: RPL Lite
00:00.155	ID:14	[INFO: Main      ] - Net: sicslowpan
00:00.155	ID:14	[INFO: Main      ] - MAC: CSMA
00:00.155	ID:14	[INFO: Main      ] - 802.15.4 PANID: 0xabcd
00:00.155	ID:14	[INFO: Main      ] - 802.15.4 Default channel: 26
00:00.155	ID:14	[INFO: Main      ] Node ID: 14
00:00.155	ID:14	[INFO: Main      ] Link-layer address: 000e.000e.000e.000e
00:00.155	ID:14	[INFO: Main      ] Tentative link-local IPv6 address: fe80::20e:e:e:e
00:00.202	ID:1	[INFO: Main      ] Starting Contiki-NG-release/v5.1-199-g2d20e000c-dirty
00:00.202	ID:1	[INFO: Main      ] - Routing: RPL Lite
00:00.202	ID:1	[INFO: Main      ] - Net: sicslowpan
00:00.202	ID:1	[INFO: Main      ] - MAC: CSMA
00:00.202	ID:1	[INFO: Main      ] - 802.15.4 PANID: 0xabcd
00:00.202	ID:1	[INFO: Main      ] - 802.15.4 Default channel: 26
00:00.202	ID:1	[INFO: Main      ] Node ID: 1
00:00.202	ID:1	[INFO: Main      ] Link-layer address: 0001.0001.0001.0001
00:00.202	ID:1	[INFO: Main      ] Tentative link-local IPv6 address: fe80::201:1:1:1
00:00.337	ID:7	[INFO: Main      ] Starting Contiki-NG-release/v5.1-199-g2d20e000c-dirty
00:00.337	ID:7	[INFO: Main      ] - Routing: RPL Lite
00:00.337	ID:7	[INFO: Main      ] - Net: sicslowpan
00:00.337	ID:7	[INFO: Main      ] - MAC: CSMA
00:00.337	ID:7	[INFO: Main      ] - 802.15.4 PANID: 0xabcd
00:00.337	ID:7	[INFO: Main      ] - 802.15.4 Default channel: 26
00:00.337	ID:7	[INFO: Main      ] Node ID: 7
00:00.337	ID:7	[INFO: Main      ] Link-layer address: 0007.0007.0007.0007
00:00.337	ID:7	[INFO: Main      ] Tentative link-local IPv6 address: fe80::207:7:7:7
00:00.466	ID:15	[INFO: Main      ] Starting Contiki-NG-release/v5.1-199-g2d20e000c-dirty
00:00.466	ID:15	[INFO: Main      ] - Routing: RPL Lite
00:00.466	ID:15	[INFO: Main      ] - Net: sicslowpan
00:00.466	ID:15	[INFO: Main      ] - MAC: CSMA
00:00.466	ID:15	[INFO: Main      ] - 802.15.4 PANID: 0xabcd
00:00.466	ID:15	[INFO: Main      ] - 802.15.4 Default channel: 26
00:00.466	ID:15	[INFO: Main      ] Node ID: 15
00:00.466	ID:15	[INFO: Main      ] Link-layer address: 000f.000f.000f.000f
00:00.466	ID:15	[INFO: Main      ] Tentative link-local IPv6 address: fe80::20f:f:f:f
00:00.493	ID:2	[INFO: Main      ] Starting Contiki-NG-release/v5.1-199-g2d20e000c-dirty
00:00.493	ID:2	[INFO: Main      ] - Routing: RPL Lite
00:00.493	ID:2	[INFO: Main      ] - Net: sicslowpan
00:00.493	ID:2	[INFO: Main      ] - MAC: CSMA
00:00.493	ID:2	[INFO: Main      ] - 802.15.4 PANID: 0xabcd
00:00.493	ID:2	[INFO: Main      ] - 802.15.4 Default channel: 26
00:00.493	ID:2	[INFO: Main      ] Node ID: 2
00:00.493	ID:2	[INFO: Main      ] Link-layer address: 0002.0002.0002.0002
00:00.493	ID:2	[INFO: Main      ] Tentative link-local IPv6 address: fe80::202:2:2:2
00:00.494	ID:10	[INFO: Main      ] Starting Contiki-NG-release/v5.1-199-g2d20e000c-dirty
00:00.494	ID:10	[INFO: Main      ] - Routing: RPL Lite
00:00.494	ID:10	[INFO: Main      ] - Net: sicslowpan
00:00.494	ID:10	[INFO: Main      ] - MAC: CSMA
00:00.494	ID:10	[INFO: Main      ] - 802.15.4 PANID: 0xabcd
00:00.494	ID:10	[INFO: Main      ] - 802.15.4 Default channel: 26
00:00.494	ID:10	[INFO: Main      ] Node ID: 10
00:00.494	ID:10	[INFO: Main      ] Link-layer address: 000a.000a.000a.000a
00:00.494	ID:10	[INFO: Main      ] Tentative link-local IPv6 address: fe80::20a:a:a:a
00:00.494	ID:11	[INFO: Main      ] Starting Contiki-NG-release/v5.1-199-g2d20e000c-dirty
00:00.494	ID:11	[INFO: Main      ] - Routing: RPL Lite
00:00.494	ID:11	[INFO: Main      ] - Net: sicslowpan
00:00.494	ID:11	[INFO: Main      ] - MAC: CSMA
00:00.494	ID:11	[INFO: Main      ] - 802.15.4 PANID: 0xabcd
00:00.494	ID:11	[INFO: Main      ] - 802.15.4 Default channel: 26
00:00.494	ID:11	[INFO: Main      ] Node ID: 11
00:00.494	ID:11	[INFO: Main      ] Link-layer address: 000b.000b.000b.000b
00:00.494	ID:11	[INFO: Main      ] Tentative link-local IPv6 address: fe80::20b:b:b:b
00:00.533	ID:4	[INFO: Main      ] Starting Contiki-NG-release/v5.1-199-g2d20e000c-dirty
00:00.533	ID:4	[INFO: Main      ] - Routing: RPL Lite
00:00.533	ID:4	[INFO: Main      ] - Net: sicslowpan
00:00.533	ID:4	[INFO: Main      ] - MAC: CSMA
00:00.533	ID:4	[INFO: Main      ] - 802.15.4 PANID: 0xabcd
00:00.533	ID:4	[INFO: Main      ] - 802.15.4 Default channel: 26
00:00.533	ID:4	[INFO: Main      ] Node ID: 4
00:00.533	ID:4	[INFO: Main      ] Link-layer address: 0004.0004.0004.0004
00:00.533	ID:4	[INFO: Main      ] Tentative link-local IPv6 address: fe80::204:4:4:4
00:00.593	ID:6	[INFO: Main      ] Starting Contiki-NG-release/v5.1-199-g2d20e000c-dirty
00:00.593	ID:6	[INFO: Main      ] - Routing: RPL Lite
00:00.593	ID:6	[INFO: Main      ] - Net: sicslowpan
00:00.593	ID:6	[INFO: Main      ] - MAC: CSMA
00:00.593	ID:6	[INFO: Main      ] - 802.15.4 PANID: 0xabcd
00:00.593	ID:6	[INFO: Main      ] - 802.15.4 Default channel: 26
00:00.593	ID:6	[INFO: Main      ] Node ID: 6
00:00.593	ID:6	[INFO: Main      ] Link-layer address: 0006.0006.0006.0006
00:00.593	ID:6	[INFO: Main      ] Tentative link-local IPv6 address: fe80::206:6:6:6
00:00.816	ID:3	[INFO: Main      ] Starting Contiki-NG-release/v5.1-199-g2d20e000c-dirty
00:00.816	ID:3	[INFO: Main      ] - Routing: RPL Lite
00:00.816	ID:3	[INFO: Main      ] - Net: sicslowpan
00:00.816	ID:3	[INFO: Main      ] - MAC: CSMA
00:00.816	ID:3	[INFO: Main      ] - 802.15.4 PANID: 0xabcd
00:00.816	ID:3	[INFO: Main      ] - 802.15.4 Default channel: 26
00:00.816	ID:3	[INFO: Main      ] Node ID: 3
00:00.816	ID:3	[INFO: Main      ] Link-layer address: 0003.0003.0003.0003
00:00.816	ID:3	[INFO: Main      ] Tentative link-local IPv6 address: fe80::203:3:3:3
00:00.820	ID:13	[INFO: App       ] Not reachable yet
00:00.921	ID:16	[INFO: Main      ] Starting Contiki-NG-release/v5.1-199-g2d20e000c-dirty
00:00.921	ID:16	[INFO: Main      ] - Routing: RPL Lite
00:00.921	ID:16	[INFO: Main      ] - Net: sicslowpan
00:00.921	ID:16	[INFO: Main      ] - MAC: CSMA
00:00.921	ID:16	[INFO: Main      ] - 802.15.4 PANID: 0xabcd
00:00.921	ID:16	[INFO: Main      ] - 802.15.4 Default channel: 26
00:00.921	ID:16	[INFO: Main      ] Node ID: 16
00:00.921	ID:16	[INFO: Main      ] Link-layer address: 0010.0010.0010.0010
00:00.921	ID:16	[INFO: Main      ] Tentative link-local IPv6 address: fe80::210:10:10:10
00:00.921	ID:16	[INFO: SINKHOLE  ] SINKHOLE ROUTER: started, attack disabled
00:00.965	ID:5	[INFO: Main      ] Starting Contiki-NG-release/v5.1-199-g2d20e000c-dirty
00:00.965	ID:5	[INFO: Main      ] - Routing: RPL Lite
00:00.965	ID:5	[INFO: Main      ] - Net: sicslowpan
00:00.965	ID:5	[INFO: Main      ] - MAC: CSMA
00:00.965	ID:5	[INFO: Main      ] - 802.15.4 PANID: 0xabcd
00:00.965	ID:5	[INFO: Main      ] - 802.15.4 Default channel: 26
00:00.965	ID:5	[INFO: Main      ] Node ID: 5
00:00.965	ID:5	[INFO: Main      ] Link-layer address: 0005.0005.0005.0005
00:00.965	ID:5	[INFO: Main      ] Tentative link-local IPv6 address: fe80::205:5:5:5
00:00.999	ID:8	[INFO: Main      ] Starting Contiki-NG-release/v5.1-199-g2d20e000c-dirty
00:00.999	ID:8	[INFO: Main      ] - Routing: RPL Lite
00:00.999	ID:8	[INFO: Main      ] - Net: sicslowpan
00:00.999	ID:8	[INFO: Main      ] - MAC: CSMA
00:00.999	ID:8	[INFO: Main      ] - 802.15.4 PANID: 0xabcd
00:00.999	ID:8	[INFO: Main      ] - 802.15.4 Default channel: 26
00:00.999	ID:8	[INFO: Main      ] Node ID: 8
00:00.999	ID:8	[INFO: Main      ] Link-layer address: 0008.0008.0008.0008
00:00.999	ID:8	[INFO: Main      ] Tentative link-local IPv6 address: fe80::208:8:8:8
00:01.452	ID:7	[INFO: App       ] Not reachable yet
00:01.843	ID:10	[INFO: App       ] Not reachable yet
00:02.284	ID:14	[INFO: App       ] Not reachable yet
00:02.743	ID:5	[INFO: App       ] Not reachable yet
00:02.786	ID:16	[WARN: RPL       ] just joined, no parent yet, setting timer for leaving
00:02.978	ID:9	[INFO: App       ] Not reachable yet
00:04.918	ID:6	[INFO: App       ] Not reachable yet
00:05.352	ID:15	[INFO: App       ] Not reachable yet
00:05.604	ID:8	[INFO: App       ] Not reachable yet
00:05.619	ID:2	[INFO: App       ] Not reachable yet
00:06.843	ID:12	[INFO: App       ] Not reachable yet
00:07.426	ID:4	[INFO: App       ] Not reachable yet
00:07.455	ID:3	[INFO: App       ] Not reachable yet
00:07.791	ID:11	[INFO: App       ] Not reachable yet
00:10.337	ID:16	[WARN: RPL       ] found parent: fe80::201:1:1:1, staying in DAG
00:10.443	ID:13	[INFO: App       ] Not reachable yet
00:10.832	ID:7	[INFO: App       ] Not reachable yet
00:11.467	ID:10	[INFO: App       ] Not reachable yet
00:12.050	ID:9	[INFO: App       ] Not reachable yet
00:13.108	ID:14	[INFO: App       ] Not reachable yet
00:13.258	ID:5	[INFO: App       ] Not reachable yet
00:14.824	ID:6	[INFO: App       ] Not reachable yet
00:14.869	ID:15	[INFO: App       ] Not reachable yet
00:15.066	ID:8	[INFO: App       ] Not reachable yet
00:15.599	ID:2	[WARN: RPL       ] dis_input: not in an instance yet, discard
00:15.599	ID:3	[WARN: RPL       ] dis_input: not in an instance yet, discard
00:15.599	ID:4	[WARN: RPL       ] dis_input: not in an instance yet, discard
00:15.599	ID:6	[WARN: RPL       ] dis_input: not in an instance yet, discard
00:15.599	ID:8	[WARN: RPL       ] dis_input: not in an instance yet, discard
00:15.599	ID:9	[WARN: RPL       ] dis_input: not in an instance yet, discard
00:15.599	ID:10	[WARN: RPL       ] dis_input: not in an instance yet, discard
00:15.599	ID:12	[WARN: RPL       ] dis_input: not in an instance yet, discard
00:15.599	ID:13	[WARN: RPL       ] dis_input: not in an instance yet, discard
00:15.599	ID:14	[WARN: RPL       ] dis_input: not in an instance yet, discard
00:15.724	ID:2	[INFO: App       ] Not reachable yet
00:16.932	ID:12	[INFO: App       ] Not reachable yet
00:17.561	ID:4	[INFO: App       ] Not reachable yet
00:17.635	ID:11	[INFO: App       ] Not reachable yet
00:18.154	ID:2	[WARN: RPL       ] just joined, no parent yet, setting timer for leaving
00:18.154	ID:3	[WARN: RPL       ] just joined, no parent yet, setting timer for leaving
00:18.154	ID:4	[WARN: RPL       ] just joined, no parent yet, setting timer for leaving
00:18.154	ID:5	[WARN: RPL       ] just joined, no parent yet, setting timer for leaving
00:18.235	ID:3	[INFO: App       ] Not reachable yet
00:18.745	ID:6	[WARN: RPL       ] dis_input: not in an instance yet, discard
00:18.745	ID:7	[WARN: RPL       ] dis_input: not in an instance yet, discard
00:18.745	ID:8	[WARN: RPL       ] dis_input: not in an instance yet, discard
00:18.745	ID:9	[WARN: RPL       ] dis_input: not in an instance yet, discard
00:18.745	ID:10	[WARN: RPL       ] dis_input: not in an instance yet, discard
00:18.745	ID:12	[WARN: RPL       ] dis_input: not in an instance yet, discard
00:18.745	ID:14	[WARN: RPL       ] dis_input: not in an instance yet, discard
00:18.745	ID:15	[WARN: RPL       ] dis_input: not in an instance yet, discard
00:19.545	ID:6	[WARN: RPL       ] dis_input: not in an instance yet, discard
00:19.545	ID:7	[WARN: RPL       ] dis_input: not in an instance yet, discard
00:19.545	ID:8	[WARN: RPL       ] dis_input: not in an instance yet, discard
00:19.545	ID:9	[WARN: RPL       ] dis_input: not in an instance yet, discard
00:19.545	ID:13	[WARN: RPL       ] dis_input: not in an instance yet, discard
00:19.545	ID:14	[WARN: RPL       ] dis_input: not in an instance yet, discard
00:19.545	ID:15	[WARN: RPL       ] dis_input: not in an instance yet, discard
00:19.943	ID:7	[INFO: App       ] Not reachable yet
00:20.803	ID:13	[INFO: App       ] Not reachable yet
00:20.949	ID:7	[WARN: RPL       ] dis_input: not in an instance yet, discard
00:20.949	ID:8	[WARN: RPL       ] dis_input: not in an instance yet, discard
00:20.949	ID:9	[WARN: RPL       ] dis_input: not in an instance yet, discard
00:20.949	ID:10	[WARN: RPL       ] dis_input: not in an instance yet, discard
00:20.949	ID:11	[WARN: RPL       ] dis_input: not in an instance yet, discard
00:20.949	ID:12	[WARN: RPL       ] dis_input: not in an instance yet, discard
00:20.949	ID:13	[WARN: RPL       ] dis_input: not in an instance yet, discard
00:20.949	ID:15	[WARN: RPL       ] dis_input: not in an instance yet, discard
00:21.125	ID:5	[WARN: RPL       ] found parent: fe80::210:10:10:10, staying in DAG
00:21.913	ID:10	[INFO: App       ] Not reachable yet
00:22.166	ID:9	[INFO: App       ] Not reachable yet
00:22.920	ID:5	[INFO: App       ] Not reachable yet
00:23.191	ID:14	[INFO: App       ] Not reachable yet
00:23.839	ID:2	[WARN: RPL       ] found parent: fe80::210:10:10:10, staying in DAG
00:24.698	ID:15	[INFO: App       ] Not reachable yet
00:24.954	ID:2	[INFO: App       ] Not reachable yet
00:24.963	ID:7	[WARN: RPL       ] dis_input: not in an instance yet, discard
00:24.963	ID:8	[WARN: RPL       ] dis_input: not in an instance yet, discard
00:24.963	ID:9	[WARN: RPL       ] dis_input: not in an instance yet, discard
00:24.963	ID:10	[WARN: RPL       ] dis_input: not in an instance yet, discard
00:24.963	ID:11	[WARN: RPL       ] dis_input: not in an instance yet, discard
00:25.213	ID:6	[INFO: App       ] Not reachable yet
00:25.458	ID:8	[WARN: RPL       ] dis_input: not in an instance yet, discard
00:25.458	ID:9	[WARN: RPL       ] dis_input: not in an instance yet, discard
00:25.458	ID:10	[WARN: RPL       ] dis_input: not in an instance yet, discard
00:25.458	ID:11	[WARN: RPL       ] dis_input: not in an instance yet, discard
00:25.458	ID:12	[WARN: RPL       ] dis_input: not in an instance yet, discard
00:25.458	ID:13	[WARN: RPL       ] dis_input: not in an instance yet, discard
00:25.458	ID:14	[WARN: RPL       ] dis_input: not in an instance yet, discard
00:25.746	ID:7	[WARN: RPL       ] dis_input: not in an instance yet, discard
00:25.746	ID:8	[WARN: RPL       ] dis_input: not in an instance yet, discard
00:25.746	ID:9	[WARN: RPL       ] dis_input: not in an instance yet, discard
00:25.746	ID:11	[WARN: RPL       ] dis_input: not in an instance yet, discard
00:25.746	ID:13	[WARN: RPL       ] dis_input: not in an instance yet, discard
00:25.746	ID:14	[WARN: RPL       ] dis_input: not in an instance yet, discard
00:25.746	ID:15	[WARN: RPL       ] dis_input: not in an instance yet, discard
00:25.786	ID:8	[INFO: App       ] Not reachable yet
00:26.966	ID:3	[WARN: RPL       ] found parent: fe80::210:10:10:10, staying in DAG
00:27.007	ID:4	[WARN: RPL       ] found parent: fe80::210:10:10:10, staying in DAG
00:27.048	ID:4	[INFO: App       ] Not reachable yet
00:27.873	ID:12	[INFO: App       ] Not reachable yet
00:28.152	ID:8	[WARN: RPL       ] just joined, no parent yet, setting timer for leaving
00:28.152	ID:9	[WARN: RPL       ] just joined, no parent yet, setting timer for leaving
00:28.152	ID:10	[WARN: RPL       ] just joined, no parent yet, setting timer for leaving
00:28.152	ID:11	[WARN: RPL       ] just joined, no parent yet, setting timer for leaving
00:28.158	ID:3	[INFO: App       ] Not reachable yet
00:28.241	ID:11	[INFO: App       ] Not reachable yet
00:29.617	ID:7	[INFO: App       ] Not reachable yet
00:29.774	ID:7	[WARN: RPL       ] dis_input: not in an instance yet, discard
00:29.774	ID:12	[WARN: RPL       ] dis_input: not in an instance yet, discard
00:29.774	ID:13	[WARN: RPL       ] dis_input: not in an instance yet, discard
00:30.324	ID:13	[INFO: App       ] Not reachable yet
00:31.185	ID:6	[WARN: RPL       ] just joined, no parent yet, setting timer for leaving
00:31.185	ID:7	[WARN: RPL       ] just joined, no parent yet, setting timer for leaving
00:31.273	ID:9	[INFO: App       ] Not reachable yet
00:31.532	ID:11	[WARN: RPL       ] found parent: fe80::205:5:5:5, staying in DAG
00:31.537	ID:10	[INFO: App       ] Not reachable yet
00:32.082	ID:5	[INFO: App       ] Tx/Rx/MissedTx: 0/0/0
00:32.082	ID:5	[INFO: App       ] Sending request 0 to fd00::201:1:1:1
00:32.159	ID:1	[INFO: App       ] Received request 'hello 0' from fd00::205:5:5:5
00:32.159	ID:1	[INFO: App       ] Sending response.
00:32.200	ID:5	[INFO: App       ] Received response 'hello 0' from fd00::201:1:1:1
00:33.456	ID:14	[INFO: App       ] Not reachable yet
00:34.243	ID:15	[INFO: App       ] Not reachable yet
00:34.522	ID:6	[INFO: App       ] Not reachable yet
00:34.535	ID:12	[WARN: RPL       ] dis_input: not in an instance yet, discard
00:34.535	ID:14	[WARN: RPL       ] dis_input: not in an instance yet, discard
00:34.535	ID:15	[WARN: RPL       ] dis_input: not in an instance yet, discard
00:35.484	ID:2	[INFO: App       ] Tx/Rx/MissedTx: 0/0/0
00:35.484	ID:2	[INFO: App       ] Sending request 0 to fd00::201:1:1:1
00:35.541	ID:1	[INFO: App       ] Received request 'hello 0' from fd00::202:2:2:2
00:35.541	ID:1	[INFO: App       ] Sending response.
00:35.586	ID:2	[INFO: App       ] Received response 'hello 0' from fd00::201:1:1:1
00:36.140	ID:8	[INFO: App       ] Not reachable yet
00:36.363	ID:8	[WARN: RPL       ] found parent: fe80::205:5:5:5, staying in DAG
00:36.588	ID:10	[WARN: RPL       ] found parent: fe80::205:5:5:5, staying in DAG
00:37.150	ID:4	[INFO: App       ] Tx/Rx/MissedTx: 0/0/0
00:37.150	ID:4	[INFO: App       ] Sending request 0 to fd00::201:1:1:1
00:37.199	ID:1	[INFO: App       ] Received request 'hello 0' from fd00::204:4:4:4
00:37.199	ID:1	[INFO: App       ] Sending response.
00:37.216	ID:3	[INFO: App       ] Tx/Rx/MissedTx: 0/0/0
00:37.216	ID:3	[INFO: App       ] Sending request 0 to fd00::201:1:1:1
00:37.244	ID:4	[INFO: App       ] Received response 'hello 0' from fd00::201:1:1:1
00:37.279	ID:1	[INFO: App       ] Received request 'hello 0' from fd00::203:3:3:3
00:37.279	ID:1	[INFO: App       ] Sending response.
00:37.330	ID:3	[INFO: App       ] Received response 'hello 0' from fd00::201:1:1:1
00:37.605	ID:12	[WARN: RPL       ] dis_input: not in an instance yet, discard
00:37.605	ID:13	[WARN: RPL       ] dis_input: not in an instance yet, discard
00:37.605	ID:14	[WARN: RPL       ] dis_input: not in an instance yet, discard
00:37.605	ID:15	[WARN: RPL       ] dis_input: not in an instance yet, discard
00:37.693	ID:11	[INFO: App       ] Tx/Rx/MissedTx: 0/0/0
00:37.693	ID:11	[INFO: App       ] Sending request 0 to fd00::201:1:1:1
00:37.753	ID:1	[INFO: App       ] Received request 'hello 0' from fd00::20b:b:b:b
00:37.753	ID:1	[INFO: App       ] Sending response.
00:37.824	ID:11	[INFO: App       ] Received response 'hello 0' from fd00::201:1:1:1
00:38.538	ID:14	[WARN: RPL       ] just joined, no parent yet, setting timer for leaving
00:38.538	ID:15	[WARN: RPL       ] just joined, no parent yet, setting timer for leaving
00:38.779	ID:12	[INFO: App       ] Not reachable yet
00:39.199	ID:9	[WARN: RPL       ] found parent: fe80::205:5:5:5, staying in DAG
00:39.629	ID:7	[WARN: RPL       ] found parent: fe80::204:4:4:4, staying in DAG
00:39.711	ID:13	[WARN: RPL       ] dis_input: not in an instance yet, discard
00:40.182	ID:7	[INFO: App       ] Not reachable yet
00:40.319	ID:13	[INFO: App       ] Not reachable yet
00:41.294	ID:9	[INFO: App       ] Not reachable yet
00:41.425	ID:15	[WARN: RPL       ] found parent: fe80::20b:b:b:b, staying in DAG
00:41.426	ID:6	[WARN: RPL       ] found parent: fe80::202:2:2:2, staying in DAG
00:41.984	ID:10	[INFO: App       ] Tx/Rx/MissedTx: 0/0/0
00:41.984	ID:10	[INFO: App       ] Sending request 0 to fd00::201:1:1:1
00:42.041	ID:1	[INFO: App       ] Received request 'hello 0' from fd00::20a:a:a:a
00:42.041	ID:1	[INFO: App       ] Sending response.
00:42.120	ID:10	[INFO: App       ] Received response 'hello 0' from fd00::201:1:1:1
00:42.353	ID:5	[INFO: App       ] Sending request 1 to fd00::201:1:1:1
00:42.467	ID:1	[INFO: App       ] Received request 'hello 1' from fd00::205:5:5:5
00:42.467	ID:1	[INFO: App       ] Sending response.
00:42.507	ID:5	[INFO: App       ] Received response 'hello 1' from fd00::201:1:1:1
00:43.240	ID:14	[WARN: RPL       ] found parent: fe80::20b:b:b:b, staying in DAG
00:43.722	ID:13	[WARN: RPL       ] just joined, no parent yet, setting timer for leaving
00:43.793	ID:14	[INFO: App       ] Not reachable yet
00:43.864	ID:6	[INFO: App       ] Not reachable yet
00:44.032	ID:15	[INFO: App       ] Not reachable yet
00:44.240	ID:12	[WARN: RPL       ] just joined, no parent yet, setting timer for leaving
00:45.604	ID:8	[INFO: App       ] Tx/Rx/MissedTx: 0/0/0
00:45.604	ID:8	[INFO: App       ] Sending request 0 to fd00::201:1:1:1
00:45.646	ID:1	[INFO: App       ] Received request 'hello 0' from fd00::208:8:8:8
00:45.646	ID:1	[INFO: App       ] Sending response.
00:45.728	ID:8	[INFO: App       ] Received response 'hello 0' from fd00::201:1:1:1
00:46.025	ID:2	[INFO: App       ] Sending request 1 to fd00::201:1:1:1
00:46.059	ID:1	[INFO: App       ] Received request 'hello 1' from fd00::202:2:2:2
00:46.059	ID:1	[INFO: App       ] Sending response.
00:46.127	ID:2	[INFO: App       ] Received response 'hello 1' from fd00::201:1:1:1
00:46.731	ID:3	[INFO: App       ] Sending request 1 to fd00::201:1:1:1
00:46.766	ID:1	[INFO: App       ] Received request 'hello 1' from fd00::203:3:3:3
00:46.766	ID:1	[INFO: App       ] Sending response.
00:46.837	ID:3	[INFO: App       ] Received response 'hello 1' from fd00::201:1:1:1
00:47.180	ID:4	[INFO: App       ] Sending request 1 to fd00::201:1:1:1
00:47.226	ID:1	[INFO: App       ] Received request 'hello 1' from fd00::204:4:4:4
00:47.226	ID:1	[INFO: App       ] Sending response.
00:47.266	ID:4	[INFO: App       ] Received response 'hello 1' from fd00::201:1:1:1
00:47.458	ID:11	[INFO: App       ] Sending request 1 to fd00::201:1:1:1
00:47.571	ID:1	[INFO: App       ] Received request 'hello 1' from fd00::20b:b:b:b
00:47.571	ID:1	[INFO: App       ] Sending response.
00:47.691	ID:11	[INFO: App       ] Received response 'hello 1' from fd00::201:1:1:1
00:47.895	ID:12	[INFO: App       ] Not reachable yet
00:50.562	ID:13	[INFO: App       ] Not reachable yet
00:50.595	ID:7	[INFO: App       ] Tx/Rx/MissedTx: 0/0/0
00:50.595	ID:7	[INFO: App       ] Sending request 0 to fd00::201:1:1:1
00:50.650	ID:1	[INFO: App       ] Received request 'hello 0' from fd00::207:7:7:7
00:50.650	ID:1	[INFO: App       ] Sending response.
00:50.714	ID:7	[INFO: App       ] Received response 'hello 0' from fd00::201:1:1:1
00:50.897	ID:9	[INFO: App       ] Tx/Rx/MissedTx: 0/0/0
00:50.897	ID:9	[INFO: App       ] Sending request 0 to fd00::201:1:1:1
00:50.976	ID:1	[INFO: App       ] Received request 'hello 0' from fd00::209:9:9:9
00:50.976	ID:1	[INFO: App       ] Sending response.
00:51.055	ID:9	[INFO: App       ] Received response 'hello 0' from fd00::201:1:1:1
00:51.200	ID:12	[WARN: RPL       ] found parent: fe80::208:8:8:8, staying in DAG
00:52.308	ID:5	[INFO: App       ] Sending request 2 to fd00::201:1:1:1
00:52.377	ID:1	[INFO: App       ] Received request 'hello 2' from fd00::205:5:5:5
00:52.377	ID:1	[INFO: App       ] Sending response.
00:52.424	ID:5	[INFO: App       ] Received response 'hello 2' from fd00::201:1:1:1
00:52.784	ID:13	[WARN: RPL       ] found parent: fe80::20a:a:a:a, staying in DAG
00:52.870	ID:10	[INFO: App       ] Sending request 1 to fd00::201:1:1:1
00:52.949	ID:1	[INFO: App       ] Received request 'hello 1' from fd00::20a:a:a:a
00:52.949	ID:1	[INFO: App       ] Sending response.
00:53.037	ID:10	[INFO: App       ] Received response 'hello 1' from fd00::201:1:1:1
00:53.375	ID:14	[INFO: App       ] Tx/Rx/MissedTx: 0/0/0
00:53.375	ID:14	[INFO: App       ] Sending request 0 to fd00::201:1:1:1
00:53.448	ID:1	[INFO: App       ] Received request 'hello 0' from fd00::20e:e:e:e
00:53.448	ID:1	[INFO: App       ] Sending response.
00:53.549	ID:14	[INFO: App       ] Received response 'hello 0' from fd00::201:1:1:1
00:53.716	ID:15	[INFO: App       ] Tx/Rx/MissedTx: 0/0/0
00:53.716	ID:15	[INFO: App       ] Sending request 0 to fd00::201:1:1:1
00:53.782	ID:1	[INFO: App       ] Received request 'hello 0' from fd00::20f:f:f:f
00:53.782	ID:1	[INFO: App       ] Sending response.
00:53.901	ID:15	[INFO: App       ] Received response 'hello 0' from fd00::201:1:1:1
00:54.632	ID:6	[INFO: App       ] Tx/Rx/MissedTx: 0/0/0
00:54.632	ID:6	[INFO: App       ] Sending request 0 to fd00::201:1:1:1
00:54.748	ID:1	[INFO: App       ] Received request 'hello 0' from fd00::206:6:6:6
00:54.748	ID:1	[INFO: App       ] Sending response.
00:54.819	ID:6	[INFO: App       ] Received response 'hello 0' from fd00::201:1:1:1
00:55.626	ID:8	[INFO: App       ] Sending request 1 to fd00::201:1:1:1
00:55.685	ID:1	[INFO: App       ] Received request 'hello 1' from fd00::208:8:8:8
00:55.685	ID:1	[INFO: App       ] Sending response.
00:55.749	ID:8	[INFO: App       ] Received response 'hello 1' from fd00::201:1:1:1
00:55.986	ID:2	[INFO: App       ] Sending request 2 to fd00::201:1:1:1
00:56.058	ID:1	[INFO: App       ] Received request 'hello 2' from fd00::202:2:2:2
00:56.058	ID:1	[INFO: App       ] Sending response.
00:56.105	ID:2	[INFO: App       ] Received response 'hello 2' from fd00::201:1:1:1
00:56.401	ID:3	[INFO: App       ] Sending request 2 to fd00::201:1:1:1
00:56.427	ID:1	[INFO: App       ] Received request 'hello 2' from fd00::203:3:3:3
00:56.427	ID:1	[INFO: App       ] Sending response.
00:56.486	ID:3	[INFO: App       ] Received response 'hello 2' from fd00::201:1:1:1
00:56.542	ID:11	[INFO: App       ] Sending request 2 to fd00::201:1:1:1
00:56.634	ID:1	[INFO: App       ] Received request 'hello 2' from fd00::20b:b:b:b
00:56.634	ID:1	[INFO: App       ] Sending response.
00:56.714	ID:11	[INFO: App       ] Received response 'hello 2' from fd00::201:1:1:1
00:57.982	ID:4	[INFO: App       ] Sending request 2 to fd00::201:1:1:1
00:57.999	ID:1	[INFO: App       ] Received request 'hello 2' from fd00::204:4:4:4
00:57.999	ID:1	[INFO: App       ] Sending response.
00:58.026	ID:4	[INFO: App       ] Received response 'hello 2' from fd00::201:1:1:1
00:58.331	ID:12	[INFO: App       ] Tx/Rx/MissedTx: 0/0/0
00:58.331	ID:12	[INFO: App       ] Sending request 0 to fd00::201:1:1:1
00:58.438	ID:1	[INFO: App       ] Received request 'hello 0' from fd00::20c:c:c:c
00:58.438	ID:1	[INFO: App       ] Sending response.
00:58.537	ID:12	[INFO: App       ] Received response 'hello 0' from fd00::201:1:1:1
01:00.133	ID:9	[INFO: App       ] Sending request 1 to fd00::201:1:1:1
01:00.222	ID:1	[INFO: App       ] Received request 'hello 1' from fd00::209:9:9:9
01:00.222	ID:1	[INFO: App       ] Sending response.
01:00.270	ID:9	[INFO: App       ] Received response 'hello 1' from fd00::201:1:1:1
01:00.524	ID:13	[INFO: App       ] Tx/Rx/MissedTx: 0/0/0
01:00.524	ID:13	[INFO: App       ] Sending request 0 to fd00::201:1:1:1
01:00.624	ID:1	[INFO: App       ] Received request 'hello 0' from fd00::20d:d:d:d
01:00.624	ID:1	[INFO: App       ] Sending response.
01:00.729	ID:13	[INFO: App       ] Received response 'hello 0' from fd00::201:1:1:1
01:00.872	ID:7	[INFO: App       ] Sending request 1 to fd00::201:1:1:1
01:00.948	ID:1	[INFO: App       ] Received request 'hello 1' from fd00::207:7:7:7
01:00.948	ID:1	[INFO: App       ] Sending response.
01:01.076	ID:7	[INFO: App       ] Received response 'hello 1' from fd00::201:1:1:1
01:02.097	ID:5	[INFO: App       ] Sending request 3 to fd00::201:1:1:1
01:02.120	ID:1	[INFO: App       ] Received request 'hello 3' from fd00::205:5:5:5
01:02.120	ID:1	[INFO: App       ] Sending response.
01:02.183	ID:5	[INFO: App       ] Received response 'hello 3' from fd00::201:1:1:1
01:02.807	ID:10	[INFO: App       ] Sending request 2 to fd00::201:1:1:1
01:02.837	ID:1	[INFO: App       ] Received request 'hello 2' from fd00::20a:a:a:a
01:02.837	ID:1	[INFO: App       ] Sending response.
01:02.893	ID:10	[INFO: App       ] Received response 'hello 2' from fd00::201:1:1:1
01:03.767	ID:14	[INFO: App       ] Sending request 1 to fd00::201:1:1:1
01:03.888	ID:1	[INFO: App       ] Received request 'hello 1' from fd00::20e:e:e:e
01:03.888	ID:1	[INFO: App       ] Sending response.
01:03.994	ID:14	[INFO: App       ] Received response 'hello 1' from fd00::201:1:1:1
01:04.133	ID:15	[INFO: App       ] Sending request 1 to fd00::201:1:1:1
01:04.223	ID:1	[INFO: App       ] Received request 'hello 1' from fd00::20f:f:f:f
01:04.223	ID:1	[INFO: App       ] Sending response.
01:04.342	ID:15	[INFO: App       ] Received response 'hello 1' from fd00::201:1:1:1
01:04.542	ID:6	[INFO: App       ] Sending request 1 to fd00::201:1:1:1
01:04.588	ID:1	[INFO: App       ] Received request 'hello 1' from fd00::206:6:6:6
01:04.588	ID:1	[INFO: App       ] Sending response.
01:04.621	ID:6	[INFO: App       ] Received response 'hello 1' from fd00::201:1:1:1
01:05.046	ID:8	[INFO: App       ] Sending request 2 to fd00::201:1:1:1
01:05.138	ID:1	[INFO: App       ] Received request 'hello 2' from fd00::208:8:8:8
01:05.138	ID:1	[INFO: App       ] Sending response.
01:05.265	ID:8	[INFO: App       ] Received response 'hello 2' from fd00::201:1:1:1
01:06.255	ID:3	[INFO: App       ] Sending request 3 to fd00::201:1:1:1
01:06.328	ID:1	[INFO: App       ] Received request 'hello 3' from fd00::203:3:3:3
01:06.328	ID:1	[INFO: App       ] Sending response.
01:06.395	ID:3	[INFO: App       ] Received response 'hello 3' from fd00::201:1:1:1
01:06.690	ID:11	[INFO: App       ] Sending request 3 to fd00::201:1:1:1
01:06.744	ID:2	[INFO: App       ] Sending request 3 to fd00::201:1:1:1
01:06.770	ID:1	[INFO: App       ] Received request 'hello 3' from fd00::20b:b:b:b
01:06.770	ID:1	[INFO: App       ] Sending response.
01:06.820	ID:1	[INFO: App       ] Received request 'hello 3' from fd00::202:2:2:2
01:06.820	ID:1	[INFO: App       ] Sending response.
01:06.867	ID:2	[INFO: App       ] Received response 'hello 3' from fd00::201:1:1:1
01:06.909	ID:11	[INFO: App       ] Received response 'hello 3' from fd00::201:1:1:1
01:08.166	ID:4	[INFO: App       ] Sending request 3 to fd00::201:1:1:1
01:08.245	ID:1	[INFO: App       ] Received request 'hello 3' from fd00::204:4:4:4
01:08.245	ID:1	[INFO: App       ] Sending response.
01:08.261	ID:12	[INFO: App       ] Sending request 1 to fd00::201:1:1:1
01:08.278	ID:4	[INFO: App       ] Received response 'hello 3' from fd00::201:1:1:1
01:08.388	ID:1	[INFO: App       ] Received request 'hello 1' from fd00::20c:c:c:c
01:08.388	ID:1	[INFO: App       ] Sending response.
01:08.522	ID:12	[INFO: App       ] Received response 'hello 1' from fd00::201:1:1:1
01:09.364	ID:9	[INFO: App       ] Sending request 2 to fd00::201:1:1:1
01:09.436	ID:1	[INFO: App       ] Received request 'hello 2' from fd00::209:9:9:9
01:09.436	ID:1	[INFO: App       ] Sending response.
01:09.494	ID:9	[INFO: App       ] Received response 'hello 2' from fd00::201:1:1:1
01:09.780	ID:13	[INFO: App       ] Sending request 1 to fd00::201:1:1:1
01:09.927	ID:1	[INFO: App       ] Received request 'hello 1' from fd00::20d:d:d:d
01:09.927	ID:1	[INFO: App       ] Sending response.
01:09.993	ID:13	[INFO: App       ] Received response 'hello 1' from fd00::201:1:1:1
01:10.399	ID:7	[INFO: App       ] Sending request 2 to fd00::201:1:1:1
01:10.491	ID:1	[INFO: App       ] Received request 'hello 2' from fd00::207:7:7:7
01:10.491	ID:1	[INFO: App       ] Sending response.
01:10.590	ID:7	[INFO: App       ] Received response 'hello 2' from fd00::201:1:1:1
01:12.074	ID:5	[INFO: App       ] Sending request 4 to fd00::201:1:1:1
01:12.159	ID:1	[INFO: App       ] Received request 'hello 4' from fd00::205:5:5:5
01:12.159	ID:1	[INFO: App       ] Sending response.
01:12.202	ID:5	[INFO: App       ] Received response 'hello 4' from fd00::201:1:1:1
01:13.095	ID:10	[INFO: App       ] Sending request 3 to fd00::201:1:1:1
01:13.180	ID:1	[INFO: App       ] Received request 'hello 3' from fd00::20a:a:a:a
01:13.180	ID:1	[INFO: App       ] Sending response.
01:13.263	ID:10	[INFO: App       ] Received response 'hello 3' from fd00::201:1:1:1
01:13.781	ID:6	[INFO: App       ] Sending request 2 to fd00::201:1:1:1
01:13.882	ID:1	[INFO: App       ] Received request 'hello 2' from fd00::206:6:6:6
01:13.882	ID:1	[INFO: App       ] Sending response.
01:13.930	ID:6	[INFO: App       ] Received response 'hello 2' from fd00::201:1:1:1
01:14.332	ID:14	[INFO: App       ] Sending request 2 to fd00::201:1:1:1
01:14.453	ID:1	[INFO: App       ] Received request 'hello 2' from fd00::20e:e:e:e
01:14.453	ID:1	[INFO: App       ] Sending response.
01:14.567	ID:14	[INFO: App       ] Received response 'hello 2' from fd00::201:1:1:1
01:15.133	ID:15	[INFO: App       ] Sending request 2 to fd00::201:1:1:1
01:15.248	ID:1	[INFO: App       ] Received request 'hello 2' from fd00::20f:f:f:f
01:15.248	ID:1	[INFO: App       ] Sending response.
01:15.335	ID:15	[INFO: App       ] Received response 'hello 2' from fd00::201:1:1:1
01:15.611	ID:8	[INFO: App       ] Sending request 3 to fd00::201:1:1:1
01:15.702	ID:1	[INFO: App       ] Received request 'hello 3' from fd00::208:8:8:8
01:15.702	ID:1	[INFO: App       ] Sending response.
01:15.779	ID:8	[INFO: App       ] Received response 'hello 3' from fd00::201:1:1:1
01:16.198	ID:11	[INFO: App       ] Sending request 4 to fd00::201:1:1:1
01:16.287	ID:1	[INFO: App       ] Received request 'hello 4' from fd00::20b:b:b:b
01:16.287	ID:1	[INFO: App       ] Sending response.
01:16.375	ID:11	[INFO: App       ] Received response 'hello 4' from fd00::201:1:1:1
01:16.427	ID:3	[INFO: App       ] Sending request 4 to fd00::201:1:1:1
01:16.457	ID:1	[INFO: App       ] Received request 'hello 4' from fd00::203:3:3:3
01:16.457	ID:1	[INFO: App       ] Sending response.
01:16.525	ID:3	[INFO: App       ] Received response 'hello 4' from fd00::201:1:1:1
01:16.697	ID:2	[INFO: App       ] Sending request 4 to fd00::201:1:1:1
01:16.770	ID:1	[INFO: App       ] Received request 'hello 4' from fd00::202:2:2:2
01:16.770	ID:1	[INFO: App       ] Sending response.
01:16.814	ID:2	[INFO: App       ] Received response 'hello 4' from fd00::201:1:1:1
01:17.370	ID:4	[INFO: App       ] Sending request 4 to fd00::201:1:1:1
01:17.445	ID:1	[INFO: App       ] Received request 'hello 4' from fd00::204:4:4:4
01:17.445	ID:1	[INFO: App       ] Sending response.
01:17.459	ID:4	[INFO: App       ] Received response 'hello 4' from fd00::201:1:1:1
01:18.261	ID:12	[INFO: App       ] Sending request 2 to fd00::201:1:1:1
01:18.357	ID:1	[INFO: App       ] Received request 'hello 2' from fd00::20c:c:c:c
01:18.357	ID:1	[INFO: App       ] Sending response.
01:18.492	ID:12	[INFO: App       ] Received response 'hello 2' from fd00::201:1:1:1
01:18.629	ID:9	[INFO: App       ] Sending request 3 to fd00::201:1:1:1
01:18.706	ID:1	[INFO: App       ] Received request 'hello 3' from fd00::209:9:9:9
01:18.706	ID:1	[INFO: App       ] Sending response.
01:18.739	ID:9	[INFO: App       ] Received response 'hello 3' from fd00::201:1:1:1
01:19.620	ID:13	[INFO: App       ] Sending request 2 to fd00::201:1:1:1
01:19.701	ID:1	[INFO: App       ] Received request 'hello 2' from fd00::20d:d:d:d
01:19.701	ID:1	[INFO: App       ] Sending response.
01:19.795	ID:13	[INFO: App       ] Received response 'hello 2' from fd00::201:1:1:1
01:20.852	ID:7	[INFO: App       ] Sending request 3 to fd00::201:1:1:1
01:20.955	ID:1	[INFO: App       ] Received request 'hello 3' from fd00::207:7:7:7
01:20.955	ID:1	[INFO: App       ] Sending response.
01:21.058	ID:7	[INFO: App       ] Received response 'hello 3' from fd00::201:1:1:1
01:22.502	ID:10	[INFO: App       ] Sending request 4 to fd00::201:1:1:1
01:22.548	ID:1	[INFO: App       ] Received request 'hello 4' from fd00::20a:a:a:a
01:22.548	ID:1	[INFO: App       ] Sending response.
01:22.659	ID:10	[INFO: App       ] Received response 'hello 4' from fd00::201:1:1:1
01:23.071	ID:5	[INFO: App       ] Sending request 5 to fd00::201:1:1:1
01:23.140	ID:1	[INFO: App       ] Received request 'hello 5' from fd00::205:5:5:5
01:23.140	ID:1	[INFO: App       ] Sending response.
01:23.188	ID:5	[INFO: App       ] Received response 'hello 5' from fd00::201:1:1:1
01:23.505	ID:6	[INFO: App       ] Sending request 3 to fd00::201:1:1:1
01:23.544	ID:1	[INFO: App       ] Received request 'hello 3' from fd00::206:6:6:6
01:23.544	ID:1	[INFO: App       ] Sending response.
01:23.641	ID:6	[INFO: App       ] Received response 'hello 3' from fd00::201:1:1:1
01:24.476	ID:15	[INFO: App       ] Sending request 3 to fd00::201:1:1:1
01:24.537	ID:1	[INFO: App       ] Received request 'hello 3' from fd00::20f:f:f:f
01:24.537	ID:1	[INFO: App       ] Sending response.
01:24.602	ID:15	[INFO: App       ] Received response 'hello 3' from fd00::201:1:1:1
01:24.874	ID:14	[INFO: App       ] Sending request 3 to fd00::201:1:1:1
01:24.986	ID:1	[INFO: App       ] Received request 'hello 3' from fd00::20e:e:e:e
01:24.986	ID:1	[INFO: App       ] Sending response.
01:25.058	ID:14	[INFO: App       ] Received response 'hello 3' from fd00::201:1:1:1
01:25.650	ID:11	[INFO: App       ] Sending request 5 to fd00::201:1:1:1
01:25.744	ID:1	[INFO: App       ] Received request 'hello 5' from fd00::20b:b:b:b
01:25.744	ID:1	[INFO: App       ] Sending response.
01:25.750	ID:8	[INFO: App       ] Sending request 4 to fd00::201:1:1:1
01:25.828	ID:11	[INFO: App       ] Received response 'hello 5' from fd00::201:1:1:1
01:25.861	ID:1	[INFO: App       ] Received request 'hello 4' from fd00::208:8:8:8
01:25.861	ID:1	[INFO: App       ] Sending response.
01:25.951	ID:8	[INFO: App       ] Received response 'hello 4' from fd00::201:1:1:1
01:26.392	ID:2	[INFO: App       ] Sending request 5 to fd00::201:1:1:1
01:26.441	ID:1	[INFO: App       ] Received request 'hello 5' from fd00::202:2:2:2
01:26.441	ID:1	[INFO: App       ] Sending response.
01:26.457	ID:2	[INFO: App       ] Received response 'hello 5' from fd00::201:1:1:1
01:26.856	ID:3	[INFO: App       ] Sending request 5 to fd00::201:1:1:1
01:26.909	ID:1	[INFO: App       ] Received request 'hello 5' from fd00::203:3:3:3
01:26.909	ID:1	[INFO: App       ] Sending response.
01:26.974	ID:3	[INFO: App       ] Received response 'hello 5' from fd00::201:1:1:1
01:28.074	ID:4	[INFO: App       ] Sending request 5 to fd00::201:1:1:1
01:28.150	ID:1	[INFO: App       ] Received request 'hello 5' from fd00::204:4:4:4
01:28.150	ID:1	[INFO: App       ] Sending response.
01:28.192	ID:4	[INFO: App       ] Received response 'hello 5' from fd00::201:1:1:1
01:28.360	ID:9	[INFO: App       ] Sending request 4 to fd00::201:1:1:1
01:28.408	ID:12	[INFO: App       ] Sending request 3 to fd00::201:1:1:1
01:28.457	ID:1	[INFO: App       ] Received request 'hello 4' from fd00::209:9:9:9
01:28.457	ID:1	[INFO: App       ] Sending response.
01:28.481	ID:1	[INFO: App       ] Received request 'hello 3' from fd00::20c:c:c:c
01:28.481	ID:1	[INFO: App       ] Sending response.
01:28.539	ID:9	[INFO: App       ] Received response 'hello 4' from fd00::201:1:1:1
01:28.598	ID:12	[INFO: App       ] Received response 'hello 3' from fd00::201:1:1:1
01:29.592	ID:13	[INFO: App       ] Sending request 3 to fd00::201:1:1:1
01:29.696	ID:1	[INFO: App       ] Received request 'hello 3' from fd00::20d:d:d:d
01:29.696	ID:1	[INFO: App       ] Sending response.
01:29.774	ID:13	[INFO: App       ] Received response 'hello 3' from fd00::201:1:1:1
01:30.117	ID:7	[INFO: App       ] Sending request 4 to fd00::201:1:1:1
01:30.206	ID:1	[INFO: App       ] Received request 'hello 4' from fd00::207:7:7:7
01:30.206	ID:1	[INFO: App       ] Sending response.
01:30.283	ID:7	[INFO: App       ] Received response 'hello 4' from fd00::201:1:1:1
01:32.723	ID:10	[INFO: App       ] Sending request 5 to fd00::201:1:1:1
01:32.792	ID:1	[INFO: App       ] Received request 'hello 5' from fd00::20a:a:a:a
01:32.792	ID:1	[INFO: App       ] Sending response.
01:32.826	ID:10	[INFO: App       ] Received response 'hello 5' from fd00::201:1:1:1
01:33.219	ID:5	[INFO: App       ] Sending request 6 to fd00::201:1:1:1
01:33.249	ID:6	[INFO: App       ] Sending request 4 to fd00::201:1:1:1
01:33.260	ID:1	[INFO: App       ] Received request 'hello 6' from fd00::205:5:5:5
01:33.260	ID:1	[INFO: App       ] Sending response.
01:33.336	ID:5	[INFO: App       ] Received response 'hello 6' from fd00::201:1:1:1
01:33.359	ID:1	[INFO: App       ] Received request 'hello 4' from fd00::206:6:6:6
01:33.359	ID:1	[INFO: App       ] Sending response.
01:33.410	ID:6	[INFO: App       ] Received response 'hello 4' from fd00::201:1:1:1
01:35.181	ID:15	[INFO: App       ] Sending request 4 to fd00::201:1:1:1
01:35.290	ID:1	[INFO: App       ] Received request 'hello 4' from fd00::20f:f:f:f
01:35.290	ID:1	[INFO: App       ] Sending response.
01:35.428	ID:15	[INFO: App       ] Received response 'hello 4' from fd00::201:1:1:1
01:35.485	ID:2	[INFO: App       ] Sending request 6 to fd00::201:1:1:1
01:35.533	ID:1	[INFO: App       ] Received request 'hello 6' from fd00::202:2:2:2
01:35.533	ID:1	[INFO: App       ] Sending response.
01:35.577	ID:2	[INFO: App       ] Received response 'hello 6' from fd00::201:1:1:1
01:35.840	ID:14	[INFO: App       ] Sending request 4 to fd00::201:1:1:1
01:35.975	ID:1	[INFO: App       ] Received request 'hello 4' from fd00::20e:e:e:e
01:35.975	ID:1	[INFO: App       ] Sending response.
01:36.081	ID:14	[INFO: App       ] Received response 'hello 4' from fd00::201:1:1:1
01:36.131	ID:11	[INFO: App       ] Sending request 6 to fd00::201:1:1:1
01:36.145	ID:3	[INFO: App       ] Sending request 6 to fd00::201:1:1:1
01:36.172	ID:1	[INFO: App       ] Received request 'hello 6' from fd00::20b:b:b:b
01:36.172	ID:1	[INFO: App       ] Sending response.
01:36.216	ID:1	[INFO: App       ] Received request 'hello 6' from fd00::203:3:3:3
01:36.216	ID:1	[INFO: App       ] Sending response.
01:36.240	ID:11	[INFO: App       ] Received response 'hello 6' from fd00::201:1:1:1
01:36.278	ID:3	[INFO: App       ] Received response 'hello 6' from fd00::201:1:1:1
01:36.594	ID:8	[INFO: App       ] Sending request 5 to fd00::201:1:1:1
01:36.665	ID:1	[INFO: App       ] Received request 'hello 5' from fd00::208:8:8:8
01:36.665	ID:1	[INFO: App       ] Sending response.
01:36.721	ID:8	[INFO: App       ] Received response 'hello 5' from fd00::201:1:1:1
01:37.340	ID:4	[INFO: App       ] Sending request 6 to fd00::201:1:1:1
01:37.418	ID:1	[INFO: App       ] Received request 'hello 6' from fd00::204:4:4:4
01:37.418	ID:1	[INFO: App       ] Sending response.
01:37.491	ID:4	[INFO: App       ] Received response 'hello 6' from fd00::201:1:1:1
01:37.551	ID:9	[INFO: App       ] Sending request 5 to fd00::201:1:1:1
01:37.625	ID:1	[INFO: App       ] Received request 'hello 5' from fd00::209:9:9:9
01:37.625	ID:1	[INFO: App       ] Sending response.
01:37.682	ID:9	[INFO: App       ] Received response 'hello 5' from fd00::201:1:1:1
01:38.579	ID:12	[INFO: App       ] Sending request 4 to fd00::201:1:1:1
01:38.666	ID:1	[INFO: App       ] Received request 'hello 4' from fd00::20c:c:c:c
01:38.666	ID:1	[INFO: App       ] Sending response.
01:38.777	ID:12	[INFO: App       ] Received response 'hello 4' from fd00::201:1:1:1
01:40.065	ID:13	[INFO: App       ] Sending request 4 to fd00::201:1:1:1
01:40.196	ID:1	[INFO: App       ] Received request 'hello 4' from fd00::20d:d:d:d
01:40.196	ID:1	[INFO: App       ] Sending response.
01:40.277	ID:13	[INFO: App       ] Received response 'hello 4' from fd00::201:1:1:1
01:40.962	ID:7	[INFO: App       ] Sending request 5 to fd00::201:1:1:1
01:41.090	ID:1	[INFO: App       ] Received request 'hello 5' from fd00::207:7:7:7
01:41.090	ID:1	[INFO: App       ] Sending response.
01:41.209	ID:7	[INFO: App       ] Received response 'hello 5' from fd00::201:1:1:1
01:42.830	ID:5	[INFO: App       ] Sending request 7 to fd00::201:1:1:1
01:42.866	ID:1	[INFO: App       ] Received request 'hello 7' from fd00::205:5:5:5
01:42.866	ID:1	[INFO: App       ] Sending response.
01:42.880	ID:5	[INFO: App       ] Received response 'hello 7' from fd00::201:1:1:1
01:43.068	ID:10	[INFO: App       ] Sending request 6 to fd00::201:1:1:1
01:43.155	ID:1	[INFO: App       ] Received request 'hello 6' from fd00::20a:a:a:a
01:43.155	ID:1	[INFO: App       ] Sending response.
01:43.196	ID:10	[INFO: App       ] Received response 'hello 6' from fd00::201:1:1:1
01:43.667	ID:6	[INFO: App       ] Sending request 5 to fd00::201:1:1:1
01:43.767	ID:1	[INFO: App       ] Received request 'hello 5' from fd00::206:6:6:6
01:43.767	ID:1	[INFO: App       ] Sending response.
01:43.847	ID:6	[INFO: App       ] Received response 'hello 5' from fd00::201:1:1:1
01:44.673	ID:2	[INFO: App       ] Sending request 7 to fd00::201:1:1:1
01:44.701	ID:1	[INFO: App       ] Received request 'hello 7' from fd00::202:2:2:2
01:44.701	ID:1	[INFO: App       ] Sending response.
01:44.744	ID:2	[INFO: App       ] Received response 'hello 7' from fd00::201:1:1:1
01:44.935	ID:14	[INFO: App       ] Sending request 5 to fd00::201:1:1:1
01:44.999	ID:1	[INFO: App       ] Received request 'hello 5' from fd00::20e:e:e:e
01:44.999	ID:1	[INFO: App       ] Sending response.
01:45.063	ID:14	[INFO: App       ] Received response 'hello 5' from fd00::201:1:1:1
01:45.176	ID:15	[INFO: App       ] Sending request 5 to fd00::201:1:1:1
01:45.296	ID:1	[INFO: App       ] Received request 'hello 5' from fd00::20f:f:f:f
01:45.296	ID:1	[INFO: App       ] Sending response.
01:45.371	ID:15	[INFO: App       ] Received response 'hello 5' from fd00::201:1:1:1
01:45.912	ID:3	[INFO: App       ] Sending request 7 to fd00::201:1:1:1
01:45.961	ID:1	[INFO: App       ] Received request 'hello 7' from fd00::203:3:3:3
01:45.961	ID:1	[INFO: App       ] Sending response.
01:45.984	ID:3	[INFO: App       ] Received response 'hello 7' from fd00::201:1:1:1
01:46.018	ID:8	[INFO: App       ] Sending request 6 to fd00::201:1:1:1
01:46.093	ID:1	[INFO: App       ] Received request 'hello 6' from fd00::208:8:8:8
01:46.093	ID:1	[INFO: App       ] Sending response.
01:46.168	ID:8	[INFO: App       ] Received response 'hello 6' from fd00::201:1:1:1
01:46.870	ID:11	[INFO: App       ] Sending request 7 to fd00::201:1:1:1
01:46.896	ID:1	[INFO: App       ] Received request 'hello 7' from fd00::20b:b:b:b
01:46.896	ID:1	[INFO: App       ] Sending response.
01:46.989	ID:11	[INFO: App       ] Received response 'hello 7' from fd00::201:1:1:1
01:47.307	ID:4	[INFO: App       ] Sending request 7 to fd00::201:1:1:1
01:47.382	ID:1	[INFO: App       ] Received request 'hello 7' from fd00::204:4:4:4
01:47.382	ID:1	[INFO: App       ] Sending response.
01:47.442	ID:4	[INFO: App       ] Received response 'hello 7' from fd00::201:1:1:1
01:48.549	ID:9	[INFO: App       ] Sending request 6 to fd00::201:1:1:1
01:48.623	ID:1	[INFO: App       ] Received request 'hello 6' from fd00::209:9:9:9
01:48.623	ID:1	[INFO: App       ] Sending response.
01:48.712	ID:9	[INFO: App       ] Received response 'hello 6' from fd00::201:1:1:1
01:49.416	ID:12	[INFO: App       ] Sending request 5 to fd00::201:1:1:1
01:49.540	ID:1	[INFO: App       ] Received request 'hello 5' from fd00::20c:c:c:c
01:49.540	ID:1	[INFO: App       ] Sending response.
01:49.627	ID:12	[INFO: App       ] Received response 'hello 5' from fd00::201:1:1:1
01:50.232	ID:7	[INFO: App       ] Sending request 6 to fd00::201:1:1:1
01:50.301	ID:1	[INFO: App       ] Received request 'hello 6' from fd00::207:7:7:7
01:50.301	ID:1	[INFO: App       ] Sending response.
01:50.374	ID:7	[INFO: App       ] Received response 'hello 6' from fd00::201:1:1:1
01:50.595	ID:13	[INFO: App       ] Sending request 5 to fd00::201:1:1:1
01:50.702	ID:1	[INFO: App       ] Received request 'hello 5' from fd00::20d:d:d:d
01:50.702	ID:1	[INFO: App       ] Sending response.
01:50.819	ID:13	[INFO: App       ] Received response 'hello 5' from fd00::201:1:1:1
01:52.215	ID:10	[INFO: App       ] Sending request 7 to fd00::201:1:1:1
01:52.286	ID:1	[INFO: App       ] Received request 'hello 7' from fd00::20a:a:a:a
01:52.286	ID:1	[INFO: App       ] Sending response.
01:52.378	ID:10	[INFO: App       ] Received response 'hello 7' from fd00::201:1:1:1
01:52.592	ID:5	[INFO: App       ] Sending request 8 to fd00::201:1:1:1
01:52.626	ID:1	[INFO: App       ] Received request 'hello 8' from fd00::205:5:5:5
01:52.626	ID:1	[INFO: App       ] Sending response.
01:52.707	ID:5	[INFO: App       ] Received response 'hello 8' from fd00::201:1:1:1
01:53.205	ID:6	[INFO: App       ] Sending request 6 to fd00::201:1:1:1
01:53.283	ID:1	[INFO: App       ] Received request 'hello 6' from fd00::206:6:6:6
01:53.283	ID:1	[INFO: App       ] Sending response.
01:53.329	ID:6	[INFO: App       ] Received response 'hello 6' from fd00::201:1:1:1
01:54.378	ID:14	[INFO: App       ] Sending request 6 to fd00::201:1:1:1
01:54.487	ID:1	[INFO: App       ] Received request 'hello 6' from fd00::20e:e:e:e
01:54.487	ID:1	[INFO: App       ] Sending response.
01:54.569	ID:14	[INFO: App       ] Received response 'hello 6' from fd00::201:1:1:1
01:55.054	ID:3	[INFO: App       ] Sending request 8 to fd00::201:1:1:1
01:55.096	ID:1	[INFO: App       ] Received request 'hello 8' from fd00::203:3:3:3
01:55.096	ID:1	[INFO: App       ] Sending response.
01:55.149	ID:3	[INFO: App       ] Received response 'hello 8' from fd00::201:1:1:1
01:55.201	ID:8	[INFO: App       ] Sending request 7 to fd00::201:1:1:1
01:55.264	ID:1	[INFO: App       ] Received request 'hello 7' from fd00::208:8:8:8
01:55.264	ID:1	[INFO: App       ] Sending response.
01:55.345	ID:8	[INFO: App       ] Received response 'hello 7' from fd00::201:1:1:1
01:55.480	ID:15	[INFO: App       ] Sending request 6 to fd00::201:1:1:1
01:55.539	ID:2	[INFO: App       ] Sending request 8 to fd00::201:1:1:1
01:55.578	ID:1	[INFO: App       ] Received request 'hello 8' from fd00::202:2:2:2
01:55.578	ID:1	[INFO: App       ] Sending response.
01:55.616	ID:1	[INFO: App       ] Received request 'hello 6' from fd00::20f:f:f:f
01:55.616	ID:1	[INFO: App       ] Sending response.
01:55.644	ID:2	[INFO: App       ] Received response 'hello 8' from fd00::201:1:1:1
01:55.699	ID:15	[INFO: App       ] Received response 'hello 6' from fd00::201:1:1:1
01:57.787	ID:11	[INFO: App       ] Sending request 8 to fd00::201:1:1:1
01:57.830	ID:1	[INFO: App       ] Received request 'hello 8' from fd00::20b:b:b:b
01:57.830	ID:1	[INFO: App       ] Sending response.
01:57.906	ID:11	[INFO: App       ] Received response 'hello 8' from fd00::201:1:1:1
01:57.952	ID:9	[INFO: App       ] Sending request 7 to fd00::201:1:1:1
01:58.016	ID:1	[INFO: App       ] Received request 'hello 7' from fd00::209:9:9:9
01:58.016	ID:1	[INFO: App       ] Sending response.
01:58.059	ID:9	[INFO: App       ] Received response 'hello 7' from fd00::201:1:1:1
01:58.078	ID:4	[INFO: App       ] Sending request 8 to fd00::201:1:1:1
01:58.113	ID:1	[INFO: App       ] Received request 'hello 8' from fd00::204:4:4:4
01:58.113	ID:1	[INFO: App       ] Sending response.
01:58.179	ID:4	[INFO: App       ] Received response 'hello 8' from fd00::201:1:1:1
01:59.569	ID:7	[INFO: App       ] Sending request 7 to fd00::201:1:1:1
01:59.619	ID:1	[INFO: App       ] Received request 'hello 7' from fd00::207:7:7:7
01:59.619	ID:1	[INFO: App       ] Sending response.
01:59.691	ID:7	[INFO: App       ] Received response 'hello 7' from fd00::201:1:1:1
02:00.128	ID:12	[INFO: App       ] Sending request 6 to fd00::201:1:1:1
02:00.251	ID:1	[INFO: App       ] Received request 'hello 6' from fd00::20c:c:c:c
02:00.251	ID:1	[INFO: App       ] Sending response.
02:00.379	ID:12	[INFO: App       ] Received response 'hello 6' from fd00::201:1:1:1
02:00.906	ID:13	[INFO: App       ] Sending request 6 to fd00::201:1:1:1
02:01.006	ID:1	[INFO: App       ] Received request 'hello 6' from fd00::20d:d:d:d
02:01.006	ID:1	[INFO: App       ] Sending response.
02:01.055	ID:13	[INFO: App       ] Received response 'hello 6' from fd00::201:1:1:1
02:01.244	ID:10	[INFO: App       ] Sending request 8 to fd00::201:1:1:1
02:01.342	ID:1	[INFO: App       ] Received request 'hello 8' from fd00::20a:a:a:a
02:01.342	ID:1	[INFO: App       ] Sending response.
02:01.452	ID:10	[INFO: App       ] Received response 'hello 8' from fd00::201:1:1:1
02:03.587	ID:5	[INFO: App       ] Sending request 9 to fd00::201:1:1:1
02:03.624	ID:6	[INFO: App       ] Sending request 7 to fd00::201:1:1:1
02:03.656	ID:1	[INFO: App       ] Received request 'hello 9' from fd00::205:5:5:5
02:03.656	ID:1	[INFO: App       ] Sending response.
02:03.736	ID:1	[INFO: App       ] Received request 'hello 7' from fd00::206:6:6:6
02:03.736	ID:1	[INFO: App       ] Sending response.
02:03.738	ID:14	[INFO: App       ] Sending request 7 to fd00::201:1:1:1
02:03.742	ID:5	[INFO: App       ] Received response 'hello 9' from fd00::201:1:1:1
02:03.831	ID:1	[INFO: App       ] Received request 'hello 7' from fd00::20e:e:e:e
02:03.831	ID:1	[INFO: App       ] Sending response.
02:03.849	ID:6	[INFO: App       ] Received response 'hello 7' from fd00::201:1:1:1
02:03.962	ID:14	[INFO: App       ] Received response 'hello 7' from fd00::201:1:1:1
02:04.786	ID:8	[INFO: App       ] Sending request 8 to fd00::201:1:1:1
02:04.857	ID:1	[INFO: App       ] Received request 'hello 8' from fd00::208:8:8:8
02:04.857	ID:1	[INFO: App       ] Sending response.
02:04.925	ID:8	[INFO: App       ] Received response 'hello 8' from fd00::201:1:1:1
02:05.060	ID:2	[INFO: App       ] Sending request 9 to fd00::201:1:1:1
02:05.091	ID:1	[INFO: App       ] Received request 'hello 9' from fd00::202:2:2:2
02:05.091	ID:1	[INFO: App       ] Sending response.
02:05.165	ID:2	[INFO: App       ] Received response 'hello 9' from fd00::201:1:1:1
02:05.621	ID:3	[INFO: App       ] Sending request 9 to fd00::201:1:1:1
02:05.674	ID:1	[INFO: App       ] Received request 'hello 9' from fd00::203:3:3:3
02:05.674	ID:1	[INFO: App       ] Sending response.
02:05.715	ID:3	[INFO: App       ] Received response 'hello 9' from fd00::201:1:1:1
02:06.418	ID:15	[INFO: App       ] Sending request 7 to fd00::201:1:1:1
02:06.503	ID:1	[INFO: App       ] Received request 'hello 7' from fd00::20f:f:f:f
02:06.503	ID:1	[INFO: App       ] Sending response.
02:06.629	ID:15	[INFO: App       ] Received response 'hello 7' from fd00::201:1:1:1
02:07.181	ID:4	[INFO: App       ] Sending request 9 to fd00::201:1:1:1
02:07.211	ID:1	[INFO: App       ] Received request 'hello 9' from fd00::204:4:4:4
02:07.211	ID:1	[INFO: App       ] Sending response.
02:07.275	ID:4	[INFO: App       ] Received response 'hello 9' from fd00::201:1:1:1
02:07.721	ID:9	[INFO: App       ] Sending request 8 to fd00::201:1:1:1
02:07.794	ID:1	[INFO: App       ] Received request 'hello 8' from fd00::209:9:9:9
02:07.794	ID:1	[INFO: App       ] Sending response.
02:07.874	ID:11	[INFO: App       ] Sending request 9 to fd00::201:1:1:1
02:07.892	ID:9	[INFO: App       ] Received response 'hello 8' from fd00::201:1:1:1
02:07.939	ID:1	[INFO: App       ] Received request 'hello 9' from fd00::20b:b:b:b
02:07.939	ID:1	[INFO: App       ] Sending response.
02:07.993	ID:11	[INFO: App       ] Received response 'hello 9' from fd00::201:1:1:1
02:09.858	ID:7	[INFO: App       ] Sending request 8 to fd00::201:1:1:1
02:09.918	ID:1	[INFO: App       ] Received request 'hello 8' from fd00::207:7:7:7
02:09.918	ID:1	[INFO: App       ] Sending response.
02:10.048	ID:7	[INFO: App       ] Received response 'hello 8' from fd00::201:1:1:1
02:10.337	ID:10	[INFO: App       ] Sending request 9 to fd00::201:1:1:1
02:10.422	ID:1	[INFO: App       ] Received request 'hello 9' from fd00::20a:a:a:a
02:10.422	ID:1	[INFO: App       ] Sending response.
02:10.454	ID:13	[INFO: App       ] Sending request 7 to fd00::201:1:1:1
02:10.486	ID:10	[INFO: App       ] Received response 'hello 9' from fd00::201:1:1:1
02:10.555	ID:1	[INFO: App       ] Received request 'hello 7' from fd00::20d:d:d:d
02:10.555	ID:1	[INFO: App       ] Sending response.
02:10.689	ID:13	[INFO: App       ] Received response 'hello 7' from fd00::201:1:1:1
02:10.764	ID:12	[INFO: App       ] Sending request 7 to fd00::201:1:1:1
02:10.883	ID:1	[INFO: App       ] Received request 'hello 7' from fd00::20c:c:c:c
02:10.883	ID:1	[INFO: App       ] Sending response.
02:10.995	ID:12	[INFO: App       ] Received response 'hello 7' from fd00::201:1:1:1
02:13.215	ID:14	[INFO: App       ] Sending request 8 to fd00::201:1:1:1
02:13.286	ID:1	[INFO: App       ] Received request 'hello 8' from fd00::20e:e:e:e
02:13.286	ID:1	[INFO: App       ] Sending response.
02:13.395	ID:14	[INFO: App       ] Received response 'hello 8' from fd00::201:1:1:1
02:13.460	ID:5	[INFO: App       ] Tx/Rx/MissedTx: 10/10/0
02:13.460	ID:5	[INFO: App       ] Sending request 10 to fd00::201:1:1:1
02:13.497	ID:1	[INFO: App       ] Received request 'hello 10' from fd00::205:5:5:5
02:13.497	ID:1	[INFO: App       ] Sending response.
02:13.572	ID:5	[INFO: App       ] Received response 'hello 10' from fd00::201:1:1:1
02:14.298	ID:6	[INFO: App       ] Sending request 8 to fd00::201:1:1:1
02:14.370	ID:1	[INFO: App       ] Received request 'hello 8' from fd00::206:6:6:6
02:14.370	ID:1	[INFO: App       ] Sending response.
02:14.497	ID:6	[INFO: App       ] Received response 'hello 8' from fd00::201:1:1:1
02:14.777	ID:8	[INFO: App       ] Sending request 9 to fd00::201:1:1:1
02:14.859	ID:1	[INFO: App       ] Received request 'hello 9' from fd00::208:8:8:8
02:14.859	ID:1	[INFO: App       ] Sending response.
02:14.935	ID:8	[INFO: App       ] Received response 'hello 9' from fd00::201:1:1:1
02:15.694	ID:2	[INFO: App       ] Tx/Rx/MissedTx: 10/10/0
02:15.694	ID:2	[INFO: App       ] Sending request 10 to fd00::201:1:1:1
02:15.725	ID:1	[INFO: App       ] Received request 'hello 10' from fd00::202:2:2:2
02:15.725	ID:1	[INFO: App       ] Sending response.
02:15.766	ID:2	[INFO: App       ] Received response 'hello 10' from fd00::201:1:1:1
02:16.207	ID:4	[INFO: App       ] Tx/Rx/MissedTx: 10/10/0
02:16.207	ID:4	[INFO: App       ] Sending request 10 to fd00::201:1:1:1
02:16.272	ID:1	[INFO: App       ] Received request 'hello 10' from fd00::204:4:4:4
02:16.272	ID:1	[INFO: App       ] Sending response.
02:16.283	ID:3	[INFO: App       ] Tx/Rx/MissedTx: 10/10/0
02:16.283	ID:3	[INFO: App       ] Sending request 10 to fd00::201:1:1:1
02:16.290	ID:4	[INFO: App       ] Received response 'hello 10' from fd00::201:1:1:1
02:16.336	ID:1	[INFO: App       ] Received request 'hello 10' from fd00::203:3:3:3
02:16.336	ID:1	[INFO: App       ] Sending response.
02:16.405	ID:3	[INFO: App       ] Received response 'hello 10' from fd00::201:1:1:1
02:16.514	ID:15	[INFO: App       ] Sending request 8 to fd00::201:1:1:1
02:16.594	ID:1	[INFO: App       ] Received request 'hello 8' from fd00::20f:f:f:f
02:16.594	ID:1	[INFO: App       ] Sending response.
02:16.660	ID:15	[INFO: App       ] Received response 'hello 8' from fd00::201:1:1:1
02:17.068	ID:11	[INFO: App       ] Tx/Rx/MissedTx: 10/10/0
02:17.068	ID:11	[INFO: App       ] Sending request 10 to fd00::201:1:1:1
02:17.148	ID:1	[INFO: App       ] Received request 'hello 10' from fd00::20b:b:b:b
02:17.148	ID:1	[INFO: App       ] Sending response.
02:17.229	ID:11	[INFO: App       ] Received response 'hello 10' from fd00::201:1:1:1
02:18.517	ID:9	[INFO: App       ] Sending request 9 to fd00::201:1:1:1
02:18.593	ID:1	[INFO: App       ] Received request 'hello 9' from fd00::209:9:9:9
02:18.593	ID:1	[INFO: App       ] Sending response.
02:18.680	ID:9	[INFO: App       ] Received response 'hello 9' from fd00::201:1:1:1
02:19.639	ID:10	[INFO: App       ] Tx/Rx/MissedTx: 10/10/0
02:19.639	ID:10	[INFO: App       ] Sending request 10 to fd00::201:1:1:1
02:19.700	ID:1	[INFO: App       ] Received request 'hello 10' from fd00::20a:a:a:a
02:19.700	ID:1	[INFO: App       ] Sending response.
02:19.747	ID:10	[INFO: App       ] Received response 'hello 10' from fd00::201:1:1:1
02:19.816	ID:7	[INFO: App       ] Sending request 9 to fd00::201:1:1:1
02:19.817	ID:12	[INFO: App       ] Sending request 8 to fd00::201:1:1:1
02:19.892	ID:1	[INFO: App       ] Received request 'hello 8' from fd00::20c:c:c:c
02:19.892	ID:1	[INFO: App       ] Sending response.
02:19.919	ID:1	[INFO: App       ] Received request 'hello 9' from fd00::207:7:7:7
02:19.919	ID:1	[INFO: App       ] Sending response.
02:19.983	ID:7	[INFO: App       ] Received response 'hello 9' from fd00::201:1:1:1
02:20.063	ID:12	[INFO: App       ] Received response 'hello 8' from fd00::201:1:1:1
02:20.483	ID:13	[INFO: App       ] Sending request 8 to fd00::201:1:1:1
02:20.555	ID:1	[INFO: App       ] Received request 'hello 8' from fd00::20d:d:d:d
02:20.555	ID:1	[INFO: App       ] Sending response.
02:20.704	ID:13	[INFO: App       ] Received response 'hello 8' from fd00::201:1:1:1
02:22.505	ID:5	[INFO: App       ] Sending request 11 to fd00::201:1:1:1
02:22.556	ID:1	[INFO: App       ] Received request 'hello 11' from fd00::205:5:5:5
02:22.556	ID:1	[INFO: App       ] Sending response.
02:22.634	ID:5	[INFO: App       ] Received response 'hello 11' from fd00::201:1:1:1
02:23.414	ID:14	[INFO: App       ] Sending request 9 to fd00::201:1:1:1
02:23.513	ID:1	[INFO: App       ] Received request 'hello 9' from fd00::20e:e:e:e
02:23.513	ID:1	[INFO: App       ] Sending response.
02:23.611	ID:14	[INFO: App       ] Received response 'hello 9' from fd00::201:1:1:1
02:23.969	ID:6	[INFO: App       ] Sending request 9 to fd00::201:1:1:1
02:24.003	ID:1	[INFO: App       ] Received request 'hello 9' from fd00::206:6:6:6
02:24.003	ID:1	[INFO: App       ] Sending response.
02:24.108	ID:6	[INFO: App       ] Received response 'hello 9' from fd00::201:1:1:1
02:25.080	ID:8	[INFO: App       ] Tx/Rx/MissedTx: 10/10/0
02:25.080	ID:8	[INFO: App       ] Sending request 10 to fd00::201:1:1:1
02:25.158	ID:1	[INFO: App       ] Received request 'hello 10' from fd00::208:8:8:8
02:25.158	ID:1	[INFO: App       ] Sending response.
02:25.259	ID:8	[INFO: App       ] Received response 'hello 10' from fd00::201:1:1:1
02:25.355	ID:2	[INFO: App       ] Sending request 11 to fd00::201:1:1:1
02:25.408	ID:1	[INFO: App       ] Received request 'hello 11' from fd00::202:2:2:2
02:25.408	ID:1	[INFO: App       ] Sending response.
02:25.473	ID:2	[INFO: App       ] Received response 'hello 11' from fd00::201:1:1:1
02:25.715	ID:4	[INFO: App       ] Sending request 11 to fd00::201:1:1:1
02:25.834	ID:1	[INFO: App       ] Received request 'hello 11' from fd00::204:4:4:4
02:25.834	ID:1	[INFO: App       ] Sending response.
02:25.883	ID:4	[INFO: App       ] Received response 'hello 11' from fd00::201:1:1:1
02:26.154	ID:3	[INFO: App       ] Sending request 11 to fd00::201:1:1:1
02:26.212	ID:1	[INFO: App       ] Received request 'hello 11' from fd00::203:3:3:3
02:26.212	ID:1	[INFO: App       ] Sending response.
02:26.273	ID:3	[INFO: App       ] Received response 'hello 11' from fd00::201:1:1:1
02:27.003	ID:11	[INFO: App       ] Sending request 11 to fd00::201:1:1:1
02:27.087	ID:1	[INFO: App       ] Received request 'hello 11' from fd00::20b:b:b:b
02:27.087	ID:1	[INFO: App       ] Sending response.
02:27.168	ID:11	[INFO: App       ] Received response 'hello 11' from fd00::201:1:1:1
02:27.198	ID:15	[INFO: App       ] Sending request 9 to fd00::201:1:1:1
02:27.300	ID:1	[INFO: App       ] Received request 'hello 9' from fd00::20f:f:f:f
02:27.300	ID:1	[INFO: App       ] Sending response.
02:27.433	ID:15	[INFO: App       ] Received response 'hello 9' from fd00::201:1:1:1
02:28.789	ID:10	[INFO: App       ] Sending request 11 to fd00::201:1:1:1
02:28.847	ID:1	[INFO: App       ] Received request 'hello 11' from fd00::20a:a:a:a
02:28.847	ID:1	[INFO: App       ] Sending response.
02:28.964	ID:10	[INFO: App       ] Received response 'hello 11' from fd00::201:1:1:1
02:29.024	ID:9	[INFO: App       ] Tx/Rx/MissedTx: 10/10/0
02:29.024	ID:9	[INFO: App       ] Sending request 10 to fd00::201:1:1:1
02:29.073	ID:12	[INFO: App       ] Sending request 9 to fd00::201:1:1:1
02:29.206	ID:1	[INFO: App       ] Received request 'hello 10' from fd00::209:9:9:9
02:29.206	ID:1	[INFO: App       ] Sending response.
02:29.233	ID:1	[INFO: App       ] Received request 'hello 9' from fd00::20c:c:c:c
02:29.233	ID:1	[INFO: App       ] Sending response.
02:29.276	ID:9	[INFO: App       ] Received response 'hello 10' from fd00::201:1:1:1
02:29.418	ID:12	[INFO: App       ] Received response 'hello 9' from fd00::201:1:1:1
02:29.823	ID:7	[INFO: App       ] Tx/Rx/MissedTx: 10/10/0
02:29.823	ID:7	[INFO: App       ] Sending request 10 to fd00::201:1:1:1
02:29.925	ID:1	[INFO: App       ] Received request 'hello 10' from fd00::207:7:7:7
02:29.925	ID:1	[INFO: App       ] Sending response.
02:30.034	ID:7	[INFO: App       ] Received response 'hello 10' from fd00::201:1:1:1
02:30.903	ID:13	[INFO: App       ] Sending request 9 to fd00::201:1:1:1
02:30.983	ID:1	[INFO: App       ] Received request 'hello 9' from fd00::20d:d:d:d
02:30.983	ID:1	[INFO: App       ] Sending response.
02:31.132	ID:13	[INFO: App       ] Received response 'hello 9' from fd00::201:1:1:1
02:33.137	ID:5	[INFO: App       ] Sending request 12 to fd00::201:1:1:1
02:33.189	ID:1	[INFO: App       ] Received request 'hello 12' from fd00::205:5:5:5
02:33.189	ID:1	[INFO: App       ] Sending response.
02:33.223	ID:5	[INFO: App       ] Received response 'hello 12' from fd00::201:1:1:1
02:34.392	ID:14	[INFO: App       ] Tx/Rx/MissedTx: 10/10/0
02:34.392	ID:14	[INFO: App       ] Sending request 10 to fd00::201:1:1:1
02:34.395	ID:6	[INFO: App       ] Tx/Rx/MissedTx: 10/10/0
02:34.395	ID:6	[INFO: App       ] Sending request 10 to fd00::201:1:1:1
02:34.439	ID:1	[INFO: App       ] Received request 'hello 10' from fd00::206:6:6:6
02:34.439	ID:1	[INFO: App       ] Sending response.
02:34.510	ID:6	[INFO: App       ] Received response 'hello 10' from fd00::201:1:1:1
02:34.526	ID:1	[INFO: App       ] Received request 'hello 10' from fd00::20e:e:e:e
02:34.526	ID:1	[INFO: App       ] Sending response.
02:34.643	ID:14	[INFO: App       ] Received response 'hello 10' from fd00::201:1:1:1
02:34.688	ID:8	[INFO: App       ] Sending request 11 to fd00::201:1:1:1
02:34.758	ID:1	[INFO: App       ] Received request 'hello 11' from fd00::208:8:8:8
02:34.758	ID:1	[INFO: App       ] Sending response.
02:34.835	ID:8	[INFO: App       ] Received response 'hello 11' from fd00::201:1:1:1
02:34.893	ID:2	[INFO: App       ] Sending request 12 to fd00::201:1:1:1
02:34.947	ID:1	[INFO: App       ] Received request 'hello 12' from fd00::202:2:2:2
02:34.947	ID:1	[INFO: App       ] Sending response.
02:34.980	ID:2	[INFO: App       ] Received response 'hello 12' from fd00::201:1:1:1
02:35.342	ID:4	[INFO: App       ] Sending request 12 to fd00::201:1:1:1
02:35.410	ID:1	[INFO: App       ] Received request 'hello 12' from fd00::204:4:4:4
02:35.410	ID:1	[INFO: App       ] Sending response.
02:35.456	ID:4	[INFO: App       ] Received response 'hello 12' from fd00::201:1:1:1
02:36.538	ID:11	[INFO: App       ] Sending request 12 to fd00::201:1:1:1
02:36.597	ID:1	[INFO: App       ] Received request 'hello 12' from fd00::20b:b:b:b
02:36.597	ID:1	[INFO: App       ] Sending response.
02:36.688	ID:11	[INFO: App       ] Received response 'hello 12' from fd00::201:1:1:1
02:36.721	ID:3	[INFO: App       ] Sending request 12 to fd00::201:1:1:1
02:36.761	ID:1	[INFO: App       ] Received request 'hello 12' from fd00::203:3:3:3
02:36.761	ID:1	[INFO: App       ] Sending response.
02:36.819	ID:3	[INFO: App       ] Received response 'hello 12' from fd00::201:1:1:1
02:37.678	ID:15	[INFO: App       ] Tx/Rx/MissedTx: 10/10/0
02:37.678	ID:15	[INFO: App       ] Sending request 10 to fd00::201:1:1:1
02:37.744	ID:1	[INFO: App       ] Received request 'hello 10' from fd00::20f:f:f:f
02:37.744	ID:1	[INFO: App       ] Sending response.
02:37.857	ID:15	[INFO: App       ] Received response 'hello 10' from fd00::201:1:1:1
02:38.616	ID:10	[INFO: App       ] Sending request 12 to fd00::201:1:1:1
02:38.700	ID:1	[INFO: App       ] Received request 'hello 12' from fd00::20a:a:a:a
02:38.700	ID:1	[INFO: App       ] Sending response.
02:38.788	ID:10	[INFO: App       ] Received response 'hello 12' from fd00::201:1:1:1
02:38.970	ID:12	[INFO: App       ] Tx/Rx/MissedTx: 10/10/0
02:38.970	ID:12	[INFO: App       ] Sending request 10 to fd00::201:1:1:1
02:39.098	ID:1	[INFO: App       ] Received request 'hello 10' from fd00::20c:c:c:c
02:39.098	ID:1	[INFO: App       ] Sending response.
02:39.214	ID:12	[INFO: App       ] Received response 'hello 10' from fd00::201:1:1:1
02:39.580	ID:9	[INFO: App       ] Sending request 11 to fd00::201:1:1:1
02:39.617	ID:1	[INFO: App       ] Received request 'hello 11' from fd00::209:9:9:9
02:39.617	ID:1	[INFO: App       ] Sending response.
02:39.685	ID:9	[INFO: App       ] Received response 'hello 11' from fd00::201:1:1:1
02:40.305	ID:7	[INFO: App       ] Sending request 11 to fd00::201:1:1:1
02:40.373	ID:1	[INFO: App       ] Received request 'hello 11' from fd00::207:7:7:7
02:40.373	ID:1	[INFO: App       ] Sending response.
02:40.469	ID:7	[INFO: App       ] Received response 'hello 11' from fd00::201:1:1:1
02:41.502	ID:13	[INFO: App       ] Tx/Rx/MissedTx: 10/10/0
02:41.502	ID:13	[INFO: App       ] Sending request 10 to fd00::201:1:1:1
02:41.586	ID:1	[INFO: App       ] Received request 'hello 10' from fd00::20d:d:d:d
02:41.586	ID:1	[INFO: App       ] Sending response.
02:41.737	ID:13	[INFO: App       ] Received response 'hello 10' from fd00::201:1:1:1
02:43.813	ID:5	[INFO: App       ] Sending request 13 to fd00::201:1:1:1
02:43.860	ID:1	[INFO: App       ] Received request 'hello 13' from fd00::205:5:5:5
02:43.860	ID:1	[INFO: App       ] Sending response.
02:43.904	ID:5	[INFO: App       ] Received response 'hello 13' from fd00::201:1:1:1
02:44.458	ID:2	[INFO: App       ] Sending request 13 to fd00::201:1:1:1
02:44.509	ID:1	[INFO: App       ] Received request 'hello 13' from fd00::202:2:2:2
02:44.509	ID:1	[INFO: App       ] Sending response.
02:44.551	ID:2	[INFO: App       ] Received response 'hello 13' from fd00::201:1:1:1
02:45.019	ID:8	[INFO: App       ] Sending request 12 to fd00::201:1:1:1
02:45.060	ID:1	[INFO: App       ] Received request 'hello 12' from fd00::208:8:8:8
02:45.060	ID:1	[INFO: App       ] Sending response.
02:45.068	ID:14	[INFO: App       ] Sending request 11 to fd00::201:1:1:1
02:45.132	ID:8	[INFO: App       ] Received response 'hello 12' from fd00::201:1:1:1
02:45.235	ID:1	[INFO: App       ] Received request 'hello 11' from fd00::20e:e:e:e
02:45.235	ID:1	[INFO: App       ] Sending response.
02:45.332	ID:14	[INFO: App       ] Received response 'hello 11' from fd00::201:1:1:1
02:45.358	ID:6	[INFO: App       ] Sending request 11 to fd00::201:1:1:1
02:45.436	ID:1	[INFO: App       ] Received request 'hello 11' from fd00::206:6:6:6
02:45.436	ID:1	[INFO: App       ] Sending response.
02:45.485	ID:6	[INFO: App       ] Received response 'hello 11' from fd00::201:1:1:1
02:45.590	ID:4	[INFO: App       ] Sending request 13 to fd00::201:1:1:1
02:45.663	ID:1	[INFO: App       ] Received request 'hello 13' from fd00::204:4:4:4
02:45.663	ID:1	[INFO: App       ] Sending response.
02:45.718	ID:4	[INFO: App       ] Received response 'hello 13' from fd00::201:1:1:1
02:45.837	ID:3	[INFO: App       ] Sending request 13 to fd00::201:1:1:1
02:45.906	ID:1	[INFO: App       ] Received request 'hello 13' from fd00::203:3:3:3
02:45.906	ID:1	[INFO: App       ] Sending response.
02:45.971	ID:3	[INFO: App       ] Received response 'hello 13' from fd00::201:1:1:1
02:47.013	ID:11	[INFO: App       ] Sending request 13 to fd00::201:1:1:1
02:47.124	ID:1	[INFO: App       ] Received request 'hello 13' from fd00::20b:b:b:b
02:47.124	ID:1	[INFO: App       ] Sending response.
02:47.212	ID:11	[INFO: App       ] Received response 'hello 13' from fd00::201:1:1:1
02:47.734	ID:10	[INFO: App       ] Sending request 13 to fd00::201:1:1:1
02:47.834	ID:1	[INFO: App       ] Received request 'hello 13' from fd00::20a:a:a:a
02:47.834	ID:1	[INFO: App       ] Sending response.
02:47.878	ID:10	[INFO: App       ] Received response 'hello 13' from fd00::201:1:1:1
02:48.444	ID:15	[INFO: App       ] Sending request 11 to fd00::201:1:1:1
02:48.564	ID:1	[INFO: App       ] Received request 'hello 11' from fd00::20f:f:f:f
02:48.564	ID:1	[INFO: App       ] Sending response.
02:48.669	ID:15	[INFO: App       ] Received response 'hello 11' from fd00::201:1:1:1
02:48.776	ID:12	[INFO: App       ] Sending request 11 to fd00::201:1:1:1
02:48.900	ID:1	[INFO: App       ] Received request 'hello 11' from fd00::20c:c:c:c
02:48.900	ID:1	[INFO: App       ] Sending response.
02:48.996	ID:12	[INFO: App       ] Received response 'hello 11' from fd00::201:1:1:1
02:49.377	ID:7	[INFO: App       ] Sending request 12 to fd00::201:1:1:1
02:49.469	ID:1	[INFO: App       ] Received request 'hello 12' from fd00::207:7:7:7
02:49.469	ID:1	[INFO: App       ] Sending response.
02:49.542	ID:7	[INFO: App       ] Received response 'hello 12' from fd00::201:1:1:1
02:50.337	ID:9	[INFO: App       ] Sending request 12 to fd00::201:1:1:1
02:50.391	ID:1	[INFO: App       ] Received request 'hello 12' from fd00::209:9:9:9
02:50.391	ID:1	[INFO: App       ] Sending response.
02:50.438	ID:9	[INFO: App       ] Received response 'hello 12' from fd00::201:1:1:1
02:51.832	ID:13	[INFO: App       ] Sending request 11 to fd00::201:1:1:1
02:51.936	ID:1	[INFO: App       ] Received request 'hello 11' from fd00::20d:d:d:d
02:51.936	ID:1	[INFO: App       ] Sending response.
02:52.055	ID:13	[INFO: App       ] Received response 'hello 11' from fd00::201:1:1:1
02:54.263	ID:2	[INFO: App       ] Sending request 14 to fd00::201:1:1:1
02:54.305	ID:1	[INFO: App       ] Received request 'hello 14' from fd00::202:2:2:2
02:54.305	ID:1	[INFO: App       ] Sending response.
02:54.354	ID:2	[INFO: App       ] Received response 'hello 14' from fd00::201:1:1:1
02:54.422	ID:5	[INFO: App       ] Sending request 14 to fd00::201:1:1:1
02:54.448	ID:1	[INFO: App       ] Received request 'hello 14' from fd00::205:5:5:5
02:54.448	ID:1	[INFO: App       ] Sending response.
02:54.500	ID:5	[INFO: App       ] Received response 'hello 14' from fd00::201:1:1:1
02:54.888	ID:14	[INFO: App       ] Sending request 12 to fd00::201:1:1:1
02:55.006	ID:1	[INFO: App       ] Received request 'hello 12' from fd00::20e:e:e:e
02:55.006	ID:1	[INFO: App       ] Sending response.
02:55.080	ID:14	[INFO: App       ] Received response 'hello 12' from fd00::201:1:1:1
02:55.337	ID:4	[INFO: App       ] Sending request 14 to fd00::201:1:1:1
02:55.372	ID:6	[INFO: App       ] Sending request 12 to fd00::201:1:1:1
02:55.388	ID:1	[INFO: App       ] Received request 'hello 14' from fd00::204:4:4:4
02:55.388	ID:1	[INFO: App       ] Sending response.
02:55.429	ID:4	[INFO: App       ] Received response 'hello 14' from fd00::201:1:1:1
02:55.466	ID:1	[INFO: App       ] Received request 'hello 12' from fd00::206:6:6:6
02:55.466	ID:1	[INFO: App       ] Sending response.
02:55.557	ID:6	[INFO: App       ] Received response 'hello 12' from fd00::201:1:1:1
02:55.680	ID:3	[INFO: App       ] Sending request 14 to fd00::201:1:1:1
02:55.698	ID:8	[INFO: App       ] Sending request 13 to fd00::201:1:1:1
02:55.728	ID:1	[INFO: App       ] Received request 'hello 14' from fd00::203:3:3:3
02:55.728	ID:1	[INFO: App       ] Sending response.
02:55.804	ID:3	[INFO: App       ] Received response 'hello 14' from fd00::201:1:1:1
02:55.821	ID:1	[INFO: App       ] Received request 'hello 13' from fd00::208:8:8:8
02:55.821	ID:1	[INFO: App       ] Sending response.
02:55.864	ID:8	[INFO: App       ] Received response 'hello 13' from fd00::201:1:1:1
02:56.752	ID:10	[INFO: App       ] Sending request 14 to fd00::201:1:1:1
02:56.806	ID:1	[INFO: App       ] Received request 'hello 14' from fd00::20a:a:a:a
02:56.806	ID:1	[INFO: App       ] Sending response.
02:56.882	ID:10	[INFO: App       ] Received response 'hello 14' from fd00::201:1:1:1
02:57.447	ID:11	[INFO: App       ] Sending request 14 to fd00::201:1:1:1
02:57.508	ID:15	[INFO: App       ] Sending request 12 to fd00::201:1:1:1
02:57.516	ID:1	[INFO: App       ] Received request 'hello 14' from fd00::20b:b:b:b
02:57.516	ID:1	[INFO: App       ] Sending response.
02:57.606	ID:11	[INFO: App       ] Received response 'hello 14' from fd00::201:1:1:1
02:57.671	ID:1	[INFO: App       ] Received request 'hello 12' from fd00::20f:f:f:f
02:57.671	ID:1	[INFO: App       ] Sending response.
02:57.771	ID:15	[INFO: App       ] Received response 'hello 12' from fd00::201:1:1:1
02:59.165	ID:12	[INFO: App       ] Sending request 12 to fd00::201:1:1:1
02:59.248	ID:1	[INFO: App       ] Received request 'hello 12' from fd00::20c:c:c:c
02:59.248	ID:1	[INFO: App       ] Sending response.
02:59.350	ID:12	[INFO: App       ] Received response 'hello 12' from fd00::201:1:1:1
02:59.805	ID:9	[INFO: App       ] Sending request 13 to fd00::201:1:1:1
02:59.861	ID:1	[INFO: App       ] Received request 'hello 13' from fd00::209:9:9:9
02:59.861	ID:1	[INFO: App       ] Sending response.
02:59.969	ID:9	[INFO: App       ] Received response 'hello 13' from fd00::201:1:1:1
03:00.169	ID:7	[INFO: App       ] Sending request 13 to fd00::201:1:1:1
03:00.260	ID:1	[INFO: App       ] Received request 'hello 13' from fd00::207:7:7:7
03:00.260	ID:1	[INFO: App       ] Sending response.
03:00.338	ID:7	[INFO: App       ] Received response 'hello 13' from fd00::201:1:1:1
03:01.086	ID:13	[INFO: App       ] Sending request 12 to fd00::201:1:1:1
03:01.198	ID:1	[INFO: App       ] Received request 'hello 12' from fd00::20d:d:d:d
03:01.198	ID:1	[INFO: App       ] Sending response.
03:01.323	ID:13	[INFO: App       ] Received response 'hello 12' from fd00::201:1:1:1
03:04.240	ID:5	[INFO: App       ] Sending request 15 to fd00::201:1:1:1
03:04.280	ID:1	[INFO: App       ] Received request 'hello 15' from fd00::205:5:5:5
03:04.280	ID:1	[INFO: App       ] Sending response.
03:04.314	ID:5	[INFO: App       ] Received response 'hello 15' from fd00::201:1:1:1
03:04.483	ID:14	[INFO: App       ] Sending request 13 to fd00::201:1:1:1
03:04.523	ID:2	[INFO: App       ] Sending request 15 to fd00::201:1:1:1
03:04.579	ID:1	[INFO: App       ] Received request 'hello 15' from fd00::202:2:2:2
03:04.579	ID:1	[INFO: App       ] Sending response.
03:04.613	ID:1	[INFO: App       ] Received request 'hello 13' from fd00::20e:e:e:e
03:04.613	ID:1	[INFO: App       ] Sending response.
03:04.628	ID:2	[INFO: App       ] Received response 'hello 15' from fd00::201:1:1:1
03:04.726	ID:14	[INFO: App       ] Received response 'hello 13' from fd00::201:1:1:1
03:05.154	ID:3	[INFO: App       ] Sending request 15 to fd00::201:1:1:1
03:05.190	ID:1	[INFO: App       ] Received request 'hello 15' from fd00::203:3:3:3
03:05.190	ID:1	[INFO: App       ] Sending response.
03:05.257	ID:3	[INFO: App       ] Received response 'hello 15' from fd00::201:1:1:1
03:05.472	ID:4	[INFO: App       ] Sending request 15 to fd00::201:1:1:1
03:05.515	ID:1	[INFO: App       ] Received request 'hello 15' from fd00::204:4:4:4
03:05.515	ID:1	[INFO: App       ] Sending response.
03:05.584	ID:4	[INFO: App       ] Received response 'hello 15' from fd00::201:1:1:1
03:05.702	ID:6	[INFO: App       ] Sending request 13 to fd00::201:1:1:1
03:05.770	ID:1	[INFO: App       ] Received request 'hello 13' from fd00::206:6:6:6
03:05.770	ID:1	[INFO: App       ] Sending response.
03:05.879	ID:6	[INFO: App       ] Received response 'hello 13' from fd00::201:1:1:1
03:06.210	ID:8	[INFO: App       ] Sending request 14 to fd00::201:1:1:1
03:06.259	ID:1	[INFO: App       ] Received request 'hello 14' from fd00::208:8:8:8
03:06.259	ID:1	[INFO: App       ] Sending response.
03:06.302	ID:8	[INFO: App       ] Received response 'hello 14' from fd00::201:1:1:1
03:06.620	ID:11	[INFO: App       ] Sending request 15 to fd00::201:1:1:1
03:06.685	ID:1	[INFO: App       ] Received request 'hello 15' from fd00::20b:b:b:b
03:06.685	ID:1	[INFO: App       ] Sending response.
03:06.771	ID:11	[INFO: App       ] Received response 'hello 15' from fd00::201:1:1:1
03:07.619	ID:10	[INFO: App       ] Sending request 15 to fd00::201:1:1:1
03:07.722	ID:1	[INFO: App       ] Received request 'hello 15' from fd00::20a:a:a:a
03:07.722	ID:1	[INFO: App       ] Sending response.
03:07.786	ID:10	[INFO: App       ] Received response 'hello 15' from fd00::201:1:1:1
03:08.254	ID:15	[INFO: App       ] Sending request 13 to fd00::201:1:1:1
03:08.341	ID:1	[INFO: App       ] Received request 'hello 13' from fd00::20f:f:f:f
03:08.341	ID:1	[INFO: App       ] Sending response.
03:08.417	ID:15	[INFO: App       ] Received response 'hello 13' from fd00::201:1:1:1
03:09.228	ID:12	[INFO: App       ] Sending request 13 to fd00::201:1:1:1
03:09.295	ID:1	[INFO: App       ] Received request 'hello 13' from fd00::20c:c:c:c
03:09.295	ID:1	[INFO: App       ] Sending response.
03:09.379	ID:12	[INFO: App       ] Received response 'hello 13' from fd00::201:1:1:1
03:09.642	ID:7	[INFO: App       ] Sending request 14 to fd00::201:1:1:1
03:09.759	ID:1	[INFO: App       ] Received request 'hello 14' from fd00::207:7:7:7
03:09.759	ID:1	[INFO: App       ] Sending response.
03:09.820	ID:7	[INFO: App       ] Received response 'hello 14' from fd00::201:1:1:1
03:09.925	ID:9	[INFO: App       ] Sending request 14 to fd00::201:1:1:1
03:09.990	ID:1	[INFO: App       ] Received request 'hello 14' from fd00::209:9:9:9
03:09.990	ID:1	[INFO: App       ] Sending response.
03:10.055	ID:9	[INFO: App       ] Received response 'hello 14' from fd00::201:1:1:1
03:11.702	ID:13	[INFO: App       ] Sending request 13 to fd00::201:1:1:1
03:11.816	ID:1	[INFO: App       ] Received request 'hello 13' from fd00::20d:d:d:d
03:11.816	ID:1	[INFO: App       ] Sending response.
03:11.902	ID:13	[INFO: App       ] Received response 'hello 13' from fd00::201:1:1:1
03:13.583	ID:14	[INFO: App       ] Sending request 14 to fd00::201:1:1:1
03:13.686	ID:1	[INFO: App       ] Received request 'hello 14' from fd00::20e:e:e:e
03:13.686	ID:1	[INFO: App       ] Sending response.
03:13.770	ID:14	[INFO: App       ] Received response 'hello 14' from fd00::201:1:1:1
03:14.531	ID:5	[INFO: App       ] Sending request 16 to fd00::201:1:1:1
03:14.586	ID:1	[INFO: App       ] Received request 'hello 16' from fd00::205:5:5:5
03:14.586	ID:1	[INFO: App       ] Sending response.
03:14.638	ID:5	[INFO: App       ] Received response 'hello 16' from fd00::201:1:1:1
03:14.821	ID:4	[INFO: App       ] Sending request 16 to fd00::201:1:1:1
03:14.868	ID:1	[INFO: App       ] Received request 'hello 16' from fd00::204:4:4:4
03:14.868	ID:1	[INFO: App       ] Sending response.
03:14.905	ID:4	[INFO: App       ] Received response 'hello 16' from fd00::201:1:1:1
03:15.211	ID:2	[INFO: App       ] Sending request 16 to fd00::201:1:1:1
03:15.274	ID:1	[INFO: App       ] Received request 'hello 16' from fd00::202:2:2:2
03:15.274	ID:1	[INFO: App       ] Sending response.
03:15.324	ID:2	[INFO: App       ] Received response 'hello 16' from fd00::201:1:1:1
03:15.375	ID:3	[INFO: App       ] Sending request 16 to fd00::201:1:1:1
03:15.433	ID:1	[INFO: App       ] Received request 'hello 16' from fd00::203:3:3:3
03:15.433	ID:1	[INFO: App       ] Sending response.
03:15.506	ID:3	[INFO: App       ] Received response 'hello 16' from fd00::201:1:1:1
03:15.668	ID:11	[INFO: App       ] Sending request 16 to fd00::201:1:1:1
03:15.719	ID:1	[INFO: App       ] Received request 'hello 16' from fd00::20b:b:b:b
03:15.719	ID:1	[INFO: App       ] Sending response.
03:15.791	ID:11	[INFO: App       ] Received response 'hello 16' from fd00::201:1:1:1
03:15.811	ID:6	[INFO: App       ] Sending request 14 to fd00::201:1:1:1
03:15.848	ID:1	[INFO: App       ] Received request 'hello 14' from fd00::206:6:6:6
03:15.848	ID:1	[INFO: App       ] Sending response.
03:15.946	ID:6	[INFO: App       ] Received response 'hello 14' from fd00::201:1:1:1
03:16.461	ID:8	[INFO: App       ] Sending request 15 to fd00::201:1:1:1
03:16.523	ID:1	[INFO: App       ] Received request 'hello 15' from fd00::208:8:8:8
03:16.523	ID:1	[INFO: App       ] Sending response.
03:16.629	ID:8	[INFO: App       ] Received response 'hello 15' from fd00::201:1:1:1
03:17.718	ID:15	[INFO: App       ] Sending request 14 to fd00::201:1:1:1
03:17.796	ID:1	[INFO: App       ] Received request 'hello 14' from fd00::20f:f:f:f
03:17.796	ID:1	[INFO: App       ] Sending response.
03:17.856	ID:10	[INFO: App       ] Sending request 16 to fd00::201:1:1:1
03:17.884	ID:15	[INFO: App       ] Received response 'hello 14' from fd00::201:1:1:1
03:17.950	ID:1	[INFO: App       ] Received request 'hello 16' from fd00::20a:a:a:a
03:17.950	ID:1	[INFO: App       ] Sending response.
03:18.044	ID:10	[INFO: App       ] Received response 'hello 16' from fd00::201:1:1:1
03:18.912	ID:12	[INFO: App       ] Sending request 14 to fd00::201:1:1:1
03:19.042	ID:7	[INFO: App       ] Sending request 15 to fd00::201:1:1:1
03:19.080	ID:1	[INFO: App       ] Received request 'hello 14' from fd00::20c:c:c:c
03:19.080	ID:1	[INFO: App       ] Sending response.
03:19.151	ID:1	[INFO: App       ] Received request 'hello 15' from fd00::207:7:7:7
03:19.151	ID:1	[INFO: App       ] Sending response.
03:19.200	ID:12	[INFO: App       ] Received response 'hello 14' from fd00::201:1:1:1
03:19.205	ID:7	[INFO: App       ] Received response 'hello 15' from fd00::201:1:1:1
03:19.977	ID:9	[INFO: App       ] Sending request 15 to fd00::201:1:1:1
03:20.025	ID:1	[INFO: App       ] Received request 'hello 15' from fd00::209:9:9:9
03:20.025	ID:1	[INFO: App       ] Sending response.
03:20.122	ID:9	[INFO: App       ] Received response 'hello 15' from fd00::201:1:1:1
03:22.194	ID:13	[INFO: App       ] Sending request 14 to fd00::201:1:1:1
03:22.246	ID:1	[INFO: App       ] Received request 'hello 14' from fd00::20d:d:d:d
03:22.246	ID:1	[INFO: App       ] Sending response.
03:22.374	ID:13	[INFO: App       ] Received response 'hello 14' from fd00::201:1:1:1
03:24.298	ID:5	[INFO: App       ] Sending request 17 to fd00::201:1:1:1
03:24.306	ID:4	[INFO: App       ] Sending request 17 to fd00::201:1:1:1
03:24.346	ID:1	[INFO: App       ] Received request 'hello 17' from fd00::205:5:5:5
03:24.346	ID:1	[INFO: App       ] Sending response.
03:24.369	ID:1	[INFO: App       ] Received request 'hello 17' from fd00::204:4:4:4
03:24.369	ID:1	[INFO: App       ] Sending response.
03:24.373	ID:14	[INFO: App       ] Sending request 15 to fd00::201:1:1:1
03:24.414	ID:5	[INFO: App       ] Received response 'hello 17' from fd00::201:1:1:1
03:24.460	ID:4	[INFO: App       ] Received response 'hello 17' from fd00::201:1:1:1
03:24.543	ID:1	[INFO: App       ] Received request 'hello 15' from fd00::20e:e:e:e
03:24.543	ID:1	[INFO: App       ] Sending response.
03:24.692	ID:14	[INFO: App       ] Received response 'hello 15' from fd00::201:1:1:1
03:24.718	ID:11	[INFO: App       ] Sending request 17 to fd00::201:1:1:1
03:24.770	ID:1	[INFO: App       ] Received request 'hello 17' from fd00::20b:b:b:b
03:24.770	ID:1	[INFO: App       ] Sending response.
03:24.876	ID:11	[INFO: App       ] Received response 'hello 17' from fd00::201:1:1:1
03:25.344	ID:3	[INFO: App       ] Sending request 17 to fd00::201:1:1:1
03:25.383	ID:1	[INFO: App       ] Received request 'hello 17' from fd00::203:3:3:3
03:25.383	ID:1	[INFO: App       ] Sending response.
03:25.456	ID:3	[INFO: App       ] Received response 'hello 17' from fd00::201:1:1:1
03:25.788	ID:2	[INFO: App       ] Sending request 17 to fd00::201:1:1:1
03:25.816	ID:1	[INFO: App       ] Received request 'hello 17' from fd00::202:2:2:2
03:25.816	ID:1	[INFO: App       ] Sending response.
03:25.862	ID:2	[INFO: App       ] Received response 'hello 17' from fd00::201:1:1:1
03:26.529	ID:6	[INFO: App       ] Sending request 15 to fd00::201:1:1:1
03:26.641	ID:1	[INFO: App       ] Received request 'hello 15' from fd00::206:6:6:6
03:26.641	ID:1	[INFO: App       ] Sending response.
03:26.723	ID:6	[INFO: App       ] Received response 'hello 15' from fd00::201:1:1:1
03:26.736	ID:8	[INFO: App       ] Sending request 16 to fd00::201:1:1:1
03:26.760	ID:1	[INFO: App       ] Received request 'hello 16' from fd00::208:8:8:8
03:26.760	ID:1	[INFO: App       ] Sending response.
03:26.834	ID:8	[INFO: App       ] Received response 'hello 16' from fd00::201:1:1:1
03:27.682	ID:10	[INFO: App       ] Sending request 17 to fd00::201:1:1:1
03:27.787	ID:1	[INFO: App       ] Received request 'hello 17' from fd00::20a:a:a:a
03:27.787	ID:1	[INFO: App       ] Sending response.
03:27.877	ID:10	[INFO: App       ] Received response 'hello 17' from fd00::201:1:1:1
03:27.905	ID:15	[INFO: App       ] Sending request 15 to fd00::201:1:1:1
03:28.024	ID:1	[INFO: App       ] Received request 'hello 15' from fd00::20f:f:f:f
03:28.024	ID:1	[INFO: App       ] Sending response.
03:28.119	ID:15	[INFO: App       ] Received response 'hello 15' from fd00::201:1:1:1
03:28.596	ID:7	[INFO: App       ] Sending request 16 to fd00::201:1:1:1
03:28.693	ID:1	[INFO: App       ] Received request 'hello 16' from fd00::207:7:7:7
03:28.693	ID:1	[INFO: App       ] Sending response.
03:28.770	ID:7	[INFO: App       ] Received response 'hello 16' from fd00::201:1:1:1
03:29.034	ID:12	[INFO: App       ] Sending request 15 to fd00::201:1:1:1
03:29.074	ID:9	[INFO: App       ] Sending request 16 to fd00::201:1:1:1
03:29.159	ID:1	[INFO: App       ] Received request 'hello 15' from fd00::20c:c:c:c
03:29.159	ID:1	[INFO: App       ] Sending response.
03:29.246	ID:1	[INFO: App       ] Received request 'hello 16' from fd00::209:9:9:9
03:29.246	ID:1	[INFO: App       ] Sending response.
03:29.265	ID:12	[INFO: App       ] Received response 'hello 15' from fd00::201:1:1:1
03:29.358	ID:9	[INFO: App       ] Received response 'hello 16' from fd00::201:1:1:1
03:32.020	ID:13	[INFO: App       ] Sending request 15 to fd00::201:1:1:1
03:32.133	ID:1	[INFO: App       ] Received request 'hello 15' from fd00::20d:d:d:d
03:32.133	ID:1	[INFO: App       ] Sending response.
03:32.219	ID:13	[INFO: App       ] Received response 'hello 15' from fd00::201:1:1:1
03:33.470	ID:4	[INFO: App       ] Sending request 18 to fd00::201:1:1:1
03:33.506	ID:5	[INFO: App       ] Sending request 18 to fd00::201:1:1:1
03:33.536	ID:1	[INFO: App       ] Received request 'hello 18' from fd00::204:4:4:4
03:33.536	ID:1	[INFO: App       ] Sending response.
03:33.616	ID:1	[INFO: App       ] Received request 'hello 18' from fd00::205:5:5:5
03:33.616	ID:1	[INFO: App       ] Sending response.
03:33.625	ID:4	[INFO: App       ] Received response 'hello 18' from fd00::201:1:1:1
03:33.637	ID:5	[INFO: App       ] Received response 'hello 18' from fd00::201:1:1:1
03:34.892	ID:11	[INFO: App       ] Sending request 18 to fd00::201:1:1:1
03:34.974	ID:1	[INFO: App       ] Received request 'hello 18' from fd00::20b:b:b:b
03:34.974	ID:1	[INFO: App       ] Sending response.
03:35.039	ID:14	[INFO: App       ] Sending request 16 to fd00::201:1:1:1
03:35.111	ID:1	[INFO: App       ] Received request 'hello 16' from fd00::20e:e:e:e
03:35.111	ID:1	[INFO: App       ] Sending response.
03:35.263	ID:11	[INFO: App       ] Received response 'hello 18' from fd00::201:1:1:1
03:35.306	ID:14	[INFO: App       ] Received response 'hello 16' from fd00::201:1:1:1
03:36.059	ID:2	[INFO: App       ] Sending request 18 to fd00::201:1:1:1
03:36.087	ID:1	[INFO: App       ] Received request 'hello 18' from fd00::202:2:2:2
03:36.087	ID:1	[INFO: App       ] Sending response.
03:36.135	ID:3	[INFO: App       ] Sending request 18 to fd00::201:1:1:1
03:36.166	ID:2	[INFO: App       ] Received response 'hello 18' from fd00::201:1:1:1
03:36.191	ID:1	[INFO: App       ] Received request 'hello 18' from fd00::203:3:3:3
03:36.191	ID:1	[INFO: App       ] Sending response.
03:36.236	ID:3	[INFO: App       ] Received response 'hello 18' from fd00::201:1:1:1
03:36.978	ID:6	[INFO: App       ] Sending request 16 to fd00::201:1:1:1
03:37.043	ID:1	[INFO: App       ] Received request 'hello 16' from fd00::206:6:6:6
03:37.043	ID:1	[INFO: App       ] Sending response.
03:37.102	ID:6	[INFO: App       ] Received response 'hello 16' from fd00::201:1:1:1
03:37.363	ID:8	[INFO: App       ] Sending request 17 to fd00::201:1:1:1
03:37.444	ID:1	[INFO: App       ] Received request 'hello 17' from fd00::208:8:8:8
03:37.444	ID:1	[INFO: App       ] Sending response.
03:37.537	ID:8	[INFO: App       ] Received response 'hello 17' from fd00::201:1:1:1
03:37.678	ID:10	[INFO: App       ] Sending request 18 to fd00::201:1:1:1
03:37.781	ID:1	[INFO: App       ] Received request 'hello 18' from fd00::20a:a:a:a
03:37.781	ID:1	[INFO: App       ] Sending response.
03:37.873	ID:10	[INFO: App       ] Received response 'hello 18' from fd00::201:1:1:1
03:38.381	ID:9	[INFO: App       ] Sending request 17 to fd00::201:1:1:1
03:38.446	ID:1	[INFO: App       ] Received request 'hello 17' from fd00::209:9:9:9
03:38.446	ID:1	[INFO: App       ] Sending response.
03:38.478	ID:9	[INFO: App       ] Received response 'hello 17' from fd00::201:1:1:1
03:38.539	ID:15	[INFO: App       ] Sending request 16 to fd00::201:1:1:1
03:38.607	ID:1	[INFO: App       ] Received request 'hello 16' from fd00::20f:f:f:f
03:38.607	ID:1	[INFO: App       ] Sending response.
03:38.678	ID:15	[INFO: App       ] Received response 'hello 16' from fd00::201:1:1:1
03:38.839	ID:12	[INFO: App       ] Sending request 16 to fd00::201:1:1:1
03:38.957	ID:1	[INFO: App       ] Received request 'hello 16' from fd00::20c:c:c:c
03:38.957	ID:1	[INFO: App       ] Sending response.
03:39.044	ID:12	[INFO: App       ] Received response 'hello 16' from fd00::201:1:1:1
03:39.570	ID:7	[INFO: App       ] Sending request 17 to fd00::201:1:1:1
03:39.624	ID:1	[INFO: App       ] Received request 'hello 17' from fd00::207:7:7:7
03:39.624	ID:1	[INFO: App       ] Sending response.
03:39.684	ID:7	[INFO: App       ] Received response 'hello 17' from fd00::201:1:1:1
03:42.074	ID:13	[INFO: App       ] Sending request 16 to fd00::201:1:1:1
03:42.168	ID:1	[INFO: App       ] Received request 'hello 16' from fd00::20d:d:d:d
03:42.168	ID:1	[INFO: App       ] Sending response.
03:42.289	ID:13	[INFO: App       ] Received response 'hello 16' from fd00::201:1:1:1
03:44.109	ID:5	[INFO: App       ] Sending request 19 to fd00::201:1:1:1
03:44.164	ID:1	[INFO: App       ] Received request 'hello 19' from fd00::205:5:5:5
03:44.164	ID:1	[INFO: App       ] Sending response.
03:44.216	ID:5	[INFO: App       ] Received response 'hello 19' from fd00::201:1:1:1
03:44.278	ID:4	[INFO: App       ] Sending request 19 to fd00::201:1:1:1
03:44.331	ID:1	[INFO: App       ] Received request 'hello 19' from fd00::204:4:4:4
03:44.331	ID:1	[INFO: App       ] Sending response.
03:44.401	ID:4	[INFO: App       ] Received response 'hello 19' from fd00::201:1:1:1
03:44.739	ID:11	[INFO: App       ] Sending request 19 to fd00::201:1:1:1
03:44.771	ID:14	[INFO: App       ] Sending request 17 to fd00::201:1:1:1
03:44.813	ID:1	[INFO: App       ] Received request 'hello 19' from fd00::20b:b:b:b
03:44.813	ID:1	[INFO: App       ] Sending response.
03:44.920	ID:1	[INFO: App       ] Received request 'hello 17' from fd00::20e:e:e:e
03:44.920	ID:1	[INFO: App       ] Sending response.
03:44.987	ID:11	[INFO: App       ] Received response 'hello 19' from fd00::201:1:1:1
03:45.049	ID:14	[INFO: App       ] Received response 'hello 17' from fd00::201:1:1:1
03:46.465	ID:3	[INFO: App       ] Sending request 19 to fd00::201:1:1:1
03:46.475	ID:2	[INFO: App       ] Sending request 19 to fd00::201:1:1:1
03:46.515	ID:1	[INFO: App       ] Received request 'hello 19' from fd00::202:2:2:2
03:46.515	ID:1	[INFO: App       ] Sending response.
03:46.543	ID:1	[INFO: App       ] Received request 'hello 19' from fd00::203:3:3:3
03:46.543	ID:1	[INFO: App       ] Sending response.
03:46.595	ID:3	[INFO: App       ] Received response 'hello 19' from fd00::201:1:1:1
03:46.638	ID:2	[INFO: App       ] Received response 'hello 19' from fd00::201:1:1:1
03:47.111	ID:6	[INFO: App       ] Sending request 17 to fd00::201:1:1:1
03:47.206	ID:1	[INFO: App       ] Received request 'hello 17' from fd00::206:6:6:6
03:47.206	ID:1	[INFO: App       ] Sending response.
03:47.272	ID:6	[INFO: App       ] Received response 'hello 17' from fd00::201:1:1:1
03:47.608	ID:10	[INFO: App       ] Sending request 19 to fd00::201:1:1:1
03:47.679	ID:1	[INFO: App       ] Received request 'hello 19' from fd00::20a:a:a:a
03:47.679	ID:1	[INFO: App       ] Sending response.
03:47.773	ID:10	[INFO: App       ] Received response 'hello 19' from fd00::201:1:1:1
03:47.996	ID:8	[INFO: App       ] Sending request 18 to fd00::201:1:1:1
03:48.035	ID:15	[INFO: App       ] Sending request 17 to fd00::201:1:1:1
03:48.062	ID:1	[INFO: App       ] Received request 'hello 18' from fd00::208:8:8:8
03:48.062	ID:1	[INFO: App       ] Sending response.
03:48.098	ID:1	[INFO: App       ] Received request 'hello 17' from fd00::20f:f:f:f
03:48.098	ID:1	[INFO: App       ] Sending response.
03:48.208	ID:8	[INFO: App       ] Received response 'hello 18' from fd00::201:1:1:1
03:48.234	ID:15	[INFO: App       ] Received response 'hello 17' from fd00::201:1:1:1
03:49.162	ID:12	[INFO: App       ] Sending request 17 to fd00::201:1:1:1
03:49.231	ID:9	[INFO: App       ] Sending request 18 to fd00::201:1:1:1
03:49.259	ID:1	[INFO: App       ] Received request 'hello 17' from fd00::20c:c:c:c
03:49.259	ID:1	[INFO: App       ] Sending response.
03:49.303	ID:1	[INFO: App       ] Received request 'hello 18' from fd00::209:9:9:9
03:49.303	ID:1	[INFO: App       ] Sending response.
03:49.376	ID:12	[INFO: App       ] Received response 'hello 17' from fd00::201:1:1:1
03:49.387	ID:9	[INFO: App       ] Received response 'hello 18' from fd00::201:1:1:1
03:49.600	ID:7	[INFO: App       ] Sending request 18 to fd00::201:1:1:1
03:49.651	ID:1	[INFO: App       ] Received request 'hello 18' from fd00::207:7:7:7
03:49.651	ID:1	[INFO: App       ] Sending response.
03:49.729	ID:7	[INFO: App       ] Received response 'hello 18' from fd00::201:1:1:1
03:51.539	ID:13	[INFO: App       ] Sending request 17 to fd00::201:1:1:1
03:51.611	ID:1	[INFO: App       ] Received request 'hello 17' from fd00::20d:d:d:d
03:51.611	ID:1	[INFO: App       ] Sending response.
03:51.695	ID:13	[INFO: App       ] Received response 'hello 17' from fd00::201:1:1:1
03:54.274	ID:4	[INFO: App       ] Tx/Rx/MissedTx: 20/20/0
03:54.274	ID:4	[INFO: App       ] Sending request 20 to fd00::201:1:1:1
03:54.319	ID:1	[INFO: App       ] Received request 'hello 20' from fd00::204:4:4:4
03:54.319	ID:1	[INFO: App       ] Sending response.
03:54.352	ID:4	[INFO: App       ] Received response 'hello 20' from fd00::201:1:1:1
03:54.402	ID:5	[INFO: App       ] Tx/Rx/MissedTx: 20/20/0
03:54.402	ID:5	[INFO: App       ] Sending request 20 to fd00::201:1:1:1
03:54.427	ID:1	[INFO: App       ] Received request 'hello 20' from fd00::205:5:5:5
03:54.427	ID:1	[INFO: App       ] Sending response.
03:54.494	ID:5	[INFO: App       ] Received response 'hello 20' from fd00::201:1:1:1
03:54.762	ID:11	[INFO: App       ] Tx/Rx/MissedTx: 20/20/0
03:54.762	ID:11	[INFO: App       ] Sending request 20 to fd00::201:1:1:1
03:54.837	ID:1	[INFO: App       ] Received request 'hello 20' from fd00::20b:b:b:b
03:54.837	ID:1	[INFO: App       ] Sending response.
03:54.926	ID:11	[INFO: App       ] Received response 'hello 20' from fd00::201:1:1:1
03:55.024	ID:14	[INFO: App       ] Sending request 18 to fd00::201:1:1:1
03:55.135	ID:1	[INFO: App       ] Received request 'hello 18' from fd00::20e:e:e:e
03:55.135	ID:1	[INFO: App       ] Sending response.
03:55.196	ID:14	[INFO: App       ] Received response 'hello 18' from fd00::201:1:1:1
03:56.142	ID:3	[INFO: App       ] Tx/Rx/MissedTx: 20/20/0
03:56.142	ID:3	[INFO: App       ] Sending request 20 to fd00::201:1:1:1
03:56.213	ID:1	[INFO: App       ] Received request 'hello 20' from fd00::203:3:3:3
03:56.213	ID:1	[INFO: App       ] Sending response.
03:56.276	ID:3	[INFO: App       ] Received response 'hello 20' from fd00::201:1:1:1
03:56.740	ID:6	[INFO: App       ] Sending request 18 to fd00::201:1:1:1
03:56.831	ID:1	[INFO: App       ] Received request 'hello 18' from fd00::206:6:6:6
03:56.831	ID:1	[INFO: App       ] Sending response.
03:56.922	ID:6	[INFO: App       ] Received response 'hello 18' from fd00::201:1:1:1
03:56.966	ID:10	[INFO: App       ] Tx/Rx/MissedTx: 20/20/0
03:56.966	ID:10	[INFO: App       ] Sending request 20 to fd00::201:1:1:1
03:57.028	ID:1	[INFO: App       ] Received request 'hello 20' from fd00::20a:a:a:a
03:57.028	ID:1	[INFO: App       ] Sending response.
03:57.119	ID:10	[INFO: App       ] Received response 'hello 20' from fd00::201:1:1:1
03:57.139	ID:2	[INFO: App       ] Tx/Rx/MissedTx: 20/20/0
03:57.139	ID:2	[INFO: App       ] Sending request 20 to fd00::201:1:1:1
03:57.213	ID:1	[INFO: App       ] Received request 'hello 20' from fd00::202:2:2:2
03:57.213	ID:1	[INFO: App       ] Sending response.
03:57.265	ID:2	[INFO: App       ] Received response 'hello 20' from fd00::201:1:1:1
03:57.281	ID:15	[INFO: App       ] Sending request 18 to fd00::201:1:1:1
03:57.377	ID:1	[INFO: App       ] Received request 'hello 18' from fd00::20f:f:f:f
03:57.377	ID:1	[INFO: App       ] Sending response.
03:57.501	ID:15	[INFO: App       ] Received response 'hello 18' from fd00::201:1:1:1
03:58.270	ID:8	[INFO: App       ] Sending request 19 to fd00::201:1:1:1
03:58.341	ID:1	[INFO: App       ] Received request 'hello 19' from fd00::208:8:8:8
03:58.341	ID:1	[INFO: App       ] Sending response.
03:58.432	ID:8	[INFO: App       ] Received response 'hello 19' from fd00::201:1:1:1
03:59.688	ID:12	[INFO: App       ] Sending request 18 to fd00::201:1:1:1
03:59.766	ID:1	[INFO: App       ] Received request 'hello 18' from fd00::20c:c:c:c
03:59.766	ID:1	[INFO: App       ] Sending response.
03:59.776	ID:9	[INFO: App       ] Sending request 19 to fd00::201:1:1:1
03:59.850	ID:12	[INFO: App       ] Received response 'hello 18' from fd00::201:1:1:1
03:59.908	ID:1	[INFO: App       ] Received request 'hello 19' from fd00::209:9:9:9
03:59.908	ID:1	[INFO: App       ] Sending response.
04:00.034	ID:9	[INFO: App       ] Received response 'hello 19' from fd00::201:1:1:1
04:00.368	ID:7	[INFO: App       ] Sending request 19 to fd00::201:1:1:1
04:00.454	ID:1	[INFO: App       ] Received request 'hello 19' from fd00::207:7:7:7
04:00.454	ID:1	[INFO: App       ] Sending response.
04:00.520	ID:7	[INFO: App       ] Received response 'hello 19' from fd00::201:1:1:1
04:00.798	ID:13	[INFO: App       ] Sending request 18 to fd00::201:1:1:1
04:00.919	ID:1	[INFO: App       ] Received request 'hello 18' from fd00::20d:d:d:d
04:00.919	ID:1	[INFO: App       ] Sending response.
04:00.921	ID:16	[WARN: SINKHOLE  ] SINKHOLE ATTACK: enabled
04:00.921	ID:16	[WARN: RPL       ] SINKHOLE: advertising rank 128 instead of 256
04:01.051	ID:13	[INFO: App       ] Received response 'hello 18' from fd00::201:1:1:1
04:03.609	ID:4	[INFO: App       ] Sending request 21 to fd00::201:1:1:1
04:03.635	ID:1	[INFO: App       ] Received request 'hello 21' from fd00::204:4:4:4
04:03.635	ID:1	[INFO: App       ] Sending response.
04:03.696	ID:4	[INFO: App       ] Received response 'hello 21' from fd00::201:1:1:1
04:04.207	ID:5	[INFO: App       ] Sending request 21 to fd00::201:1:1:1
04:04.252	ID:1	[INFO: App       ] Received request 'hello 21' from fd00::205:5:5:5
04:04.252	ID:1	[INFO: App       ] Sending response.
04:04.292	ID:5	[INFO: App       ] Received response 'hello 21' from fd00::201:1:1:1
04:04.697	ID:14	[INFO: App       ] Sending request 19 to fd00::201:1:1:1
04:04.786	ID:1	[INFO: App       ] Received request 'hello 19' from fd00::20e:e:e:e
04:04.786	ID:1	[INFO: App       ] Sending response.
04:04.871	ID:11	[INFO: App       ] Sending request 21 to fd00::201:1:1:1
04:04.901	ID:14	[INFO: App       ] Received response 'hello 19' from fd00::201:1:1:1
04:04.973	ID:1	[INFO: App       ] Received request 'hello 21' from fd00::20b:b:b:b
04:04.973	ID:1	[INFO: App       ] Sending response.
04:05.050	ID:11	[INFO: App       ] Received response 'hello 21' from fd00::201:1:1:1
04:06.275	ID:3	[INFO: App       ] Sending request 21 to fd00::201:1:1:1
04:06.310	ID:1	[INFO: App       ] Received request 'hello 21' from fd00::203:3:3:3
04:06.310	ID:1	[INFO: App       ] Sending response.
04:06.347	ID:3	[INFO: App       ] Received response 'hello 21' from fd00::201:1:1:1
04:06.773	ID:6	[INFO: App       ] Sending request 19 to fd00::201:1:1:1
04:06.844	ID:1	[INFO: App       ] Received request 'hello 19' from fd00::206:6:6:6
04:06.844	ID:1	[INFO: App       ] Sending response.
04:06.872	ID:10	[INFO: App       ] Sending request 21 to fd00::201:1:1:1
04:06.918	ID:6	[INFO: App       ] Received response 'hello 19' from fd00::201:1:1:1
04:06.968	ID:1	[INFO: App       ] Received request 'hello 21' from fd00::20a:a:a:a
04:06.968	ID:1	[INFO: App       ] Sending response.
04:07.091	ID:10	[INFO: App       ] Received response 'hello 21' from fd00::201:1:1:1
04:07.458	ID:15	[INFO: App       ] Sending request 19 to fd00::201:1:1:1
04:07.507	ID:2	[INFO: App       ] Sending request 21 to fd00::201:1:1:1
04:07.544	ID:1	[INFO: App       ] Received request 'hello 19' from fd00::20f:f:f:f
04:07.544	ID:1	[INFO: App       ] Sending response.
04:07.574	ID:1	[INFO: App       ] Received request 'hello 21' from fd00::202:2:2:2
04:07.574	ID:1	[INFO: App       ] Sending response.
04:07.596	ID:2	[INFO: App       ] Received response 'hello 21' from fd00::201:1:1:1
04:07.633	ID:15	[INFO: App       ] Received response 'hello 19' from fd00::201:1:1:1
04:09.031	ID:12	[INFO: App       ] Sending request 19 to fd00::201:1:1:1
04:09.108	ID:1	[INFO: App       ] Received request 'hello 19' from fd00::20c:c:c:c
04:09.108	ID:1	[INFO: App       ] Sending response.
04:09.118	ID:8	[INFO: App       ] Tx/Rx/MissedTx: 20/20/0
04:09.118	ID:8	[INFO: App       ] Sending request 20 to fd00::201:1:1:1
04:09.191	ID:1	[INFO: App       ] Received request 'hello 20' from fd00::208:8:8:8
04:09.191	ID:1	[INFO: App       ] Sending response.
04:09.233	ID:12	[INFO: App       ] Received response 'hello 19' from fd00::201:1:1:1
04:09.292	ID:8	[INFO: App       ] Received response 'hello 20' from fd00::201:1:1:1
04:10.651	ID:9	[INFO: App       ] Tx/Rx/MissedTx: 20/20/0
04:10.651	ID:9	[INFO: App       ] Sending request 20 to fd00::201:1:1:1
04:10.737	ID:1	[INFO: App       ] Received request 'hello 20' from fd00::209:9:9:9
04:10.737	ID:1	[INFO: App       ] Sending response.
04:10.818	ID:9	[INFO: App       ] Received response 'hello 20' from fd00::201:1:1:1
04:10.885	ID:7	[INFO: App       ] Tx/Rx/MissedTx: 20/20/0
04:10.885	ID:7	[INFO: App       ] Sending request 20 to fd00::201:1:1:1
04:10.922	ID:13	[INFO: App       ] Sending request 19 to fd00::201:1:1:1
04:10.981	ID:1	[INFO: App       ] Received request 'hello 20' from fd00::207:7:7:7
04:10.981	ID:1	[INFO: App       ] Sending response.
04:11.033	ID:1	[INFO: App       ] Received request 'hello 19' from fd00::20d:d:d:d
04:11.033	ID:1	[INFO: App       ] Sending response.
04:11.058	ID:7	[INFO: App       ] Received response 'hello 20' from fd00::201:1:1:1
04:11.201	ID:13	[INFO: App       ] Received response 'hello 19' from fd00::201:1:1:1
04:13.829	ID:4	[INFO: App       ] Sending request 22 to fd00::201:1:1:1
04:13.881	ID:1	[INFO: App       ] Received request 'hello 22' from fd00::204:4:4:4
04:13.881	ID:1	[INFO: App       ] Sending response.
04:13.912	ID:4	[INFO: App       ] Received response 'hello 22' from fd00::201:1:1:1
04:13.925	ID:11	[INFO: App       ] Sending request 22 to fd00::201:1:1:1
04:13.991	ID:1	[INFO: App       ] Received request 'hello 22' from fd00::20b:b:b:b
04:13.991	ID:1	[INFO: App       ] Sending response.
04:14.028	ID:11	[INFO: App       ] Received response 'hello 22' from fd00::201:1:1:1
04:14.506	ID:14	[INFO: App       ] Tx/Rx/MissedTx: 20/20/0
04:14.506	ID:14	[INFO: App       ] Sending request 20 to fd00::201:1:1:1
04:14.609	ID:1	[INFO: App       ] Received request 'hello 20' from fd00::20e:e:e:e
04:14.609	ID:1	[INFO: App       ] Sending response.
04:14.719	ID:14	[INFO: App       ] Received response 'hello 20' from fd00::201:1:1:1
04:14.971	ID:5	[INFO: App       ] Sending request 22 to fd00::201:1:1:1
04:15.026	ID:1	[INFO: App       ] Received request 'hello 22' from fd00::205:5:5:5
04:15.026	ID:1	[INFO: App       ] Sending response.
04:15.085	ID:5	[INFO: App       ] Received response 'hello 22' from fd00::201:1:1:1
04:16.578	ID:3	[INFO: App       ] Sending request 22 to fd00::201:1:1:1
04:16.642	ID:1	[INFO: App       ] Received request 'hello 22' from fd00::203:3:3:3
04:16.642	ID:1	[INFO: App       ] Sending response.
04:16.680	ID:3	[INFO: App       ] Received response 'hello 22' from fd00::201:1:1:1
04:16.931	ID:6	[INFO: App       ] Tx/Rx/MissedTx: 20/20/0
04:16.931	ID:6	[INFO: App       ] Sending request 20 to fd00::201:1:1:1
04:17.032	ID:1	[INFO: App       ] Received request 'hello 20' from fd00::206:6:6:6
04:17.032	ID:1	[INFO: App       ] Sending response.
04:17.077	ID:6	[INFO: App       ] Received response 'hello 20' from fd00::201:1:1:1
04:17.144	ID:15	[INFO: App       ] Tx/Rx/MissedTx: 20/20/0
04:17.144	ID:15	[INFO: App       ] Sending request 20 to fd00::201:1:1:1
04:17.266	ID:1	[INFO: App       ] Received request 'hello 20' from fd00::20f:f:f:f
04:17.266	ID:1	[INFO: App       ] Sending response.
04:17.316	ID:10	[INFO: App       ] Sending request 22 to fd00::201:1:1:1
04:17.336	ID:15	[INFO: App       ] Received response 'hello 20' from fd00::201:1:1:1
04:17.438	ID:1	[INFO: App       ] Received request 'hello 22' from fd00::20a:a:a:a
04:17.438	ID:1	[INFO: App       ] Sending response.
04:17.467	ID:2	[INFO: App       ] Sending request 22 to fd00::201:1:1:1
04:17.489	ID:10	[INFO: App       ] Received response 'hello 22' from fd00::201:1:1:1
04:17.526	ID:1	[INFO: App       ] Received request 'hello 22' from fd00::202:2:2:2
04:17.526	ID:1	[INFO: App       ] Sending response.
04:17.543	ID:2	[INFO: App       ] Received response 'hello 22' from fd00::201:1:1:1
04:18.766	ID:8	[INFO: App       ] Sending request 21 to fd00::201:1:1:1
04:18.837	ID:1	[INFO: App       ] Received request 'hello 21' from fd00::208:8:8:8
04:18.837	ID:1	[INFO: App       ] Sending response.
04:18.905	ID:8	[INFO: App       ] Received response 'hello 21' from fd00::201:1:1:1
04:19.209	ID:12	[INFO: App       ] Tx/Rx/MissedTx: 20/20/0
04:19.209	ID:12	[INFO: App       ] Sending request 20 to fd00::201:1:1:1
04:19.318	ID:1	[INFO: App       ] Received request 'hello 20' from fd00::20c:c:c:c
04:19.318	ID:1	[INFO: App       ] Sending response.
04:19.441	ID:12	[INFO: App       ] Received response 'hello 20' from fd00::201:1:1:1
04:20.503	ID:7	[INFO: App       ] Sending request 21 to fd00::201:1:1:1
04:20.551	ID:1	[INFO: App       ] Received request 'hello 21' from fd00::207:7:7:7
04:20.551	ID:1	[INFO: App       ] Sending response.
04:20.600	ID:7	[INFO: App       ] Received response 'hello 21' from fd00::201:1:1:1
04:21.028	ID:9	[INFO: App       ] Sending request 21 to fd00::201:1:1:1
04:21.143	ID:1	[INFO: App       ] Received request 'hello 21' from fd00::209:9:9:9
04:21.143	ID:1	[INFO: App       ] Sending response.
04:21.203	ID:9	[INFO: App       ] Received response 'hello 21' from fd00::201:1:1:1
04:21.210	ID:13	[INFO: App       ] Tx/Rx/MissedTx: 20/20/0
04:21.210	ID:13	[INFO: App       ] Sending request 20 to fd00::201:1:1:1
04:21.310	ID:1	[INFO: App       ] Received request 'hello 20' from fd00::20d:d:d:d
04:21.310	ID:1	[INFO: App       ] Sending response.
04:21.438	ID:13	[INFO: App       ] Received response 'hello 20' from fd00::201:1:1:1
04:23.375	ID:4	[INFO: App       ] Sending request 23 to fd00::201:1:1:1
04:23.404	ID:1	[INFO: App       ] Received request 'hello 23' from fd00::204:4:4:4
04:23.404	ID:1	[INFO: App       ] Sending response.
04:23.462	ID:4	[INFO: App       ] Received response 'hello 23' from fd00::201:1:1:1
04:23.629	ID:11	[INFO: App       ] Sending request 23 to fd00::201:1:1:1
04:23.741	ID:1	[INFO: App       ] Received request 'hello 23' from fd00::20b:b:b:b
04:23.741	ID:1	[INFO: App       ] Sending response.
04:23.827	ID:11	[INFO: App       ] Received response 'hello 23' from fd00::201:1:1:1
04:24.432	ID:14	[INFO: App       ] Sending request 21 to fd00::201:1:1:1
04:24.571	ID:1	[INFO: App       ] Received request 'hello 21' from fd00::20e:e:e:e
04:24.571	ID:1	[INFO: App       ] Sending response.
04:24.724	ID:14	[INFO: App       ] Received response 'hello 21' from fd00::201:1:1:1
04:25.921	ID:5	[INFO: App       ] Sending request 23 to fd00::201:1:1:1
04:25.987	ID:1	[INFO: App       ] Received request 'hello 23' from fd00::205:5:5:5
04:25.987	ID:1	[INFO: App       ] Sending response.
04:26.059	ID:5	[INFO: App       ] Received response 'hello 23' from fd00::201:1:1:1
04:26.743	ID:15	[INFO: App       ] Sending request 21 to fd00::201:1:1:1
04:26.873	ID:1	[INFO: App       ] Received request 'hello 21' from fd00::20f:f:f:f
04:26.873	ID:1	[INFO: App       ] Sending response.
04:26.912	ID:3	[INFO: App       ] Sending request 23 to fd00::201:1:1:1
04:26.957	ID:15	[INFO: App       ] Received response 'hello 21' from fd00::201:1:1:1
04:26.981	ID:6	[INFO: App       ] Sending request 21 to fd00::201:1:1:1
04:27.042	ID:1	[INFO: App       ] Received request 'hello 21' from fd00::206:6:6:6
04:27.042	ID:1	[INFO: App       ] Sending response.
04:27.103	ID:10	[INFO: App       ] Sending request 23 to fd00::201:1:1:1
04:27.106	ID:6	[INFO: App       ] Received response 'hello 21' from fd00::201:1:1:1
04:27.133	ID:1	[INFO: App       ] Received request 'hello 23' from fd00::203:3:3:3
04:27.133	ID:1	[INFO: App       ] Sending response.
04:27.182	ID:3	[INFO: App       ] Received response 'hello 23' from fd00::201:1:1:1
04:27.227	ID:1	[INFO: App       ] Received request 'hello 23' from fd00::20a:a:a:a
04:27.227	ID:1	[INFO: App       ] Sending response.
04:27.308	ID:10	[INFO: App       ] Received response 'hello 23' from fd00::201:1:1:1
04:27.573	ID:2	[INFO: App       ] Sending request 23 to fd00::201:1:1:1
04:27.647	ID:1	[INFO: App       ] Received request 'hello 23' from fd00::202:2:2:2
04:27.647	ID:1	[INFO: App       ] Sending response.
04:27.686	ID:2	[INFO: App       ] Received response 'hello 23' from fd00::201:1:1:1
04:28.718	ID:12	[INFO: App       ] Sending request 21 to fd00::201:1:1:1
04:28.813	ID:1	[INFO: App       ] Received request 'hello 21' from fd00::20c:c:c:c
04:28.813	ID:1	[INFO: App       ] Sending response.
04:28.916	ID:12	[INFO: App       ] Received response 'hello 21' from fd00::201:1:1:1
04:29.136	ID:8	[INFO: App       ] Sending request 22 to fd00::201:1:1:1
04:29.240	ID:1	[INFO: App       ] Received request 'hello 22' from fd00::208:8:8:8
04:29.240	ID:1	[INFO: App       ] Sending response.
04:29.329	ID:8	[INFO: App       ] Received response 'hello 22' from fd00::201:1:1:1
04:29.591	ID:7	[INFO: App       ] Sending request 22 to fd00::201:1:1:1
04:29.642	ID:1	[INFO: App       ] Received request 'hello 22' from fd00::207:7:7:7
04:29.642	ID:1	[INFO: App       ] Sending response.
04:29.729	ID:7	[INFO: App       ] Received response 'hello 22' from fd00::201:1:1:1
04:30.765	ID:9	[INFO: App       ] Sending request 22 to fd00::201:1:1:1
04:30.784	ID:13	[INFO: App       ] Sending request 21 to fd00::201:1:1:1
04:30.845	ID:1	[INFO: App       ] Received request 'hello 22' from fd00::209:9:9:9
04:30.845	ID:1	[INFO: App       ] Sending response.
04:30.883	ID:1	[INFO: App       ] Received request 'hello 21' from fd00::20d:d:d:d
04:30.883	ID:1	[INFO: App       ] Sending response.
04:30.926	ID:9	[INFO: App       ] Received response 'hello 22' from fd00::201:1:1:1
04:31.012	ID:13	[INFO: App       ] Received response 'hello 21' from fd00::201:1:1:1
04:33.438	ID:11	[INFO: App       ] Sending request 24 to fd00::201:1:1:1
04:33.507	ID:1	[INFO: App       ] Received request 'hello 24' from fd00::20b:b:b:b
04:33.507	ID:1	[INFO: App       ] Sending response.
04:33.616	ID:11	[INFO: App       ] Received response 'hello 24' from fd00::201:1:1:1
04:33.989	ID:4	[INFO: App       ] Sending request 24 to fd00::201:1:1:1
04:34.041	ID:1	[INFO: App       ] Received request 'hello 24' from fd00::204:4:4:4
04:34.041	ID:1	[INFO: App       ] Sending response.
04:34.072	ID:4	[INFO: App       ] Received response 'hello 24' from fd00::201:1:1:1
04:34.311	ID:14	[INFO: App       ] Sending request 22 to fd00::201:1:1:1
04:34.448	ID:1	[INFO: App       ] Received request 'hello 22' from fd00::20e:e:e:e
04:34.448	ID:1	[INFO: App       ] Sending response.
04:34.547	ID:14	[INFO: App       ] Received response 'hello 22' from fd00::201:1:1:1
04:36.236	ID:3	[INFO: App       ] Sending request 24 to fd00::201:1:1:1
04:36.298	ID:1	[INFO: App       ] Received request 'hello 24' from fd00::203:3:3:3
04:36.298	ID:1	[INFO: App       ] Sending response.
04:36.353	ID:3	[INFO: App       ] Received response 'hello 24' from fd00::201:1:1:1
04:36.756	ID:5	[INFO: App       ] Sending request 24 to fd00::201:1:1:1
04:36.791	ID:1	[INFO: App       ] Received request 'hello 24' from fd00::205:5:5:5
04:36.791	ID:1	[INFO: App       ] Sending response.
04:36.829	ID:5	[INFO: App       ] Received response 'hello 24' from fd00::201:1:1:1
04:36.869	ID:15	[INFO: App       ] Sending request 22 to fd00::201:1:1:1
04:36.984	ID:1	[INFO: App       ] Received request 'hello 22' from fd00::20f:f:f:f
04:36.984	ID:1	[INFO: App       ] Sending response.
04:37.081	ID:15	[INFO: App       ] Received response 'hello 22' from fd00::201:1:1:1
04:37.098	ID:10	[INFO: App       ] Sending request 24 to fd00::201:1:1:1
04:37.123	ID:6	[INFO: App       ] Sending request 22 to fd00::201:1:1:1
04:37.163	ID:1	[INFO: App       ] Received request 'hello 24' from fd00::20a:a:a:a
04:37.163	ID:1	[INFO: App       ] Sending response.
04:37.196	ID:1	[INFO: App       ] Received request 'hello 22' from fd00::206:6:6:6
04:37.196	ID:1	[INFO: App       ] Sending response.
04:37.285	ID:10	[INFO: App       ] Received response 'hello 24' from fd00::201:1:1:1
04:37.337	ID:6	[INFO: App       ] Received response 'hello 22' from fd00::201:1:1:1
04:38.251	ID:8	[INFO: App       ] Sending request 23 to fd00::201:1:1:1
04:38.311	ID:1	[INFO: App       ] Received request 'hello 23' from fd00::208:8:8:8
04:38.311	ID:1	[INFO: App       ] Sending response.
04:38.388	ID:8	[INFO: App       ] Received response 'hello 23' from fd00::201:1:1:1
04:38.444	ID:2	[INFO: App       ] Sending request 24 to fd00::201:1:1:1
04:38.498	ID:1	[INFO: App       ] Received request 'hello 24' from fd00::202:2:2:2
04:38.498	ID:1	[INFO: App       ] Sending response.
04:38.565	ID:2	[INFO: App       ] Received response 'hello 24' from fd00::201:1:1:1
04:38.717	ID:12	[INFO: App       ] Sending request 22 to fd00::201:1:1:1
04:38.798	ID:1	[INFO: App       ] Received request 'hello 22' from fd00::20c:c:c:c
04:38.798	ID:1	[INFO: App       ] Sending response.
04:38.885	ID:12	[INFO: App       ] Received response 'hello 22' from fd00::201:1:1:1
04:39.985	ID:7	[INFO: App       ] Sending request 23 to fd00::201:1:1:1
04:40.059	ID:1	[INFO: App       ] Received request 'hello 23' from fd00::207:7:7:7
04:40.059	ID:1	[INFO: App       ] Sending response.
04:40.139	ID:7	[INFO: App       ] Received response 'hello 23' from fd00::201:1:1:1
04:40.310	ID:13	[INFO: App       ] Sending request 22 to fd00::201:1:1:1
04:40.409	ID:1	[INFO: App       ] Received request 'hello 22' from fd00::20d:d:d:d
04:40.409	ID:1	[INFO: App       ] Sending response.
04:40.530	ID:13	[INFO: App       ] Received response 'hello 22' from fd00::201:1:1:1
04:40.615	ID:9	[INFO: App       ] Sending request 23 to fd00::201:1:1:1
04:40.696	ID:1	[INFO: App       ] Received request 'hello 23' from fd00::209:9:9:9
04:40.696	ID:1	[INFO: App       ] Sending response.
04:40.806	ID:9	[INFO: App       ] Received response 'hello 23' from fd00::201:1:1:1
04:43.514	ID:11	[INFO: App       ] Sending request 25 to fd00::201:1:1:1
04:43.584	ID:1	[INFO: App       ] Received request 'hello 25' from fd00::20b:b:b:b
04:43.584	ID:1	[INFO: App       ] Sending response.
04:43.647	ID:11	[INFO: App       ] Received response 'hello 25' from fd00::201:1:1:1
04:44.416	ID:4	[INFO: App       ] Sending request 25 to fd00::201:1:1:1
04:44.469	ID:1	[INFO: App       ] Received request 'hello 25' from fd00::204:4:4:4
04:44.469	ID:1	[INFO: App       ] Sending response.
04:44.509	ID:4	[INFO: App       ] Received response 'hello 25' from fd00::201:1:1:1
04:44.815	ID:14	[INFO: App       ] Sending request 23 to fd00::201:1:1:1
04:44.908	ID:1	[INFO: App       ] Received request 'hello 23' from fd00::20e:e:e:e
04:44.908	ID:1	[INFO: App       ] Sending response.
04:45.021	ID:14	[INFO: App       ] Received response 'hello 23' from fd00::201:1:1:1
04:46.124	ID:15	[INFO: App       ] Sending request 23 to fd00::201:1:1:1
04:46.195	ID:1	[INFO: App       ] Received request 'hello 23' from fd00::20f:f:f:f
04:46.195	ID:1	[INFO: App       ] Sending response.
04:46.215	ID:3	[INFO: App       ] Sending request 25 to fd00::201:1:1:1
04:46.288	ID:1	[INFO: App       ] Received request 'hello 25' from fd00::203:3:3:3
04:46.288	ID:1	[INFO: App       ] Sending response.
04:46.292	ID:15	[INFO: App       ] Received response 'hello 23' from fd00::201:1:1:1
04:46.317	ID:3	[INFO: App       ] Received response 'hello 25' from fd00::201:1:1:1
04:46.907	ID:5	[INFO: App       ] Sending request 25 to fd00::201:1:1:1
04:46.935	ID:1	[INFO: App       ] Received request 'hello 25' from fd00::205:5:5:5
04:46.935	ID:1	[INFO: App       ] Sending response.
04:46.963	ID:5	[INFO: App       ] Received response 'hello 25' from fd00::201:1:1:1
04:47.062	ID:10	[INFO: App       ] Sending request 25 to fd00::201:1:1:1
04:47.154	ID:1	[INFO: App       ] Received request 'hello 25' from fd00::20a:a:a:a
04:47.154	ID:1	[INFO: App       ] Sending response.
04:47.216	ID:10	[INFO: App       ] Received response 'hello 25' from fd00::201:1:1:1
04:47.570	ID:2	[INFO: App       ] Sending request 25 to fd00::201:1:1:1
04:47.584	ID:1	[INFO: App       ] Received request 'hello 25' from fd00::202:2:2:2
04:47.584	ID:1	[INFO: App       ] Sending response.
04:47.627	ID:2	[INFO: App       ] Received response 'hello 25' from fd00::201:1:1:1
04:47.821	ID:8	[INFO: App       ] Sending request 24 to fd00::201:1:1:1
04:47.854	ID:6	[INFO: App       ] Sending request 23 to fd00::201:1:1:1
04:47.888	ID:1	[INFO: App       ] Received request 'hello 24' from fd00::208:8:8:8
04:47.888	ID:1	[INFO: App       ] Sending response.
04:47.963	ID:1	[INFO: App       ] Received request 'hello 23' from fd00::206:6:6:6
04:47.963	ID:1	[INFO: App       ] Sending response.
04:48.000	ID:8	[INFO: App       ] Received response 'hello 24' from fd00::201:1:1:1
04:48.039	ID:6	[INFO: App       ] Received response 'hello 23' from fd00::201:1:1:1
04:49.452	ID:12	[INFO: App       ] Sending request 23 to fd00::201:1:1:1
04:49.513	ID:1	[INFO: App       ] Received request 'hello 23' from fd00::20c:c:c:c
04:49.513	ID:1	[INFO: App       ] Sending response.
04:49.592	ID:12	[INFO: App       ] Received response 'hello 23' from fd00::201:1:1:1
04:49.915	ID:9	[INFO: App       ] Sending request 24 to fd00::201:1:1:1
04:49.963	ID:1	[INFO: App       ] Received request 'hello 24' from fd00::209:9:9:9
04:49.963	ID:1	[INFO: App       ] Sending response.
04:50.059	ID:9	[INFO: App       ] Received response 'hello 24' from fd00::201:1:1:1
04:50.674	ID:7	[INFO: App       ] Sending request 24 to fd00::201:1:1:1
04:50.782	ID:1	[INFO: App       ] Received request 'hello 24' from fd00::207:7:7:7
04:50.782	ID:1	[INFO: App       ] Sending response.
04:50.887	ID:7	[INFO: App       ] Received response 'hello 24' from fd00::201:1:1:1
04:51.132	ID:13	[INFO: App       ] Sending request 23 to fd00::201:1:1:1
04:51.222	ID:1	[INFO: App       ] Received request 'hello 23' from fd00::20d:d:d:d
04:51.222	ID:1	[INFO: App       ] Sending response.
04:51.256	ID:13	[INFO: App       ] Received response 'hello 23' from fd00::201:1:1:1
04:53.459	ID:11	[INFO: App       ] Sending request 26 to fd00::201:1:1:1
04:53.521	ID:1	[INFO: App       ] Received request 'hello 26' from fd00::20b:b:b:b
04:53.521	ID:1	[INFO: App       ] Sending response.
04:53.585	ID:11	[INFO: App       ] Received response 'hello 26' from fd00::201:1:1:1
04:54.543	ID:14	[INFO: App       ] Sending request 24 to fd00::201:1:1:1
04:54.669	ID:1	[INFO: App       ] Received request 'hello 24' from fd00::20e:e:e:e
04:54.669	ID:1	[INFO: App       ] Sending response.
04:54.787	ID:14	[INFO: App       ] Received response 'hello 24' from fd00::201:1:1:1
04:54.831	ID:4	[INFO: App       ] Sending request 26 to fd00::201:1:1:1
04:54.894	ID:1	[INFO: App       ] Received request 'hello 26' from fd00::204:4:4:4
04:54.894	ID:1	[INFO: App       ] Sending response.
04:54.956	ID:4	[INFO: App       ] Received response 'hello 26' from fd00::201:1:1:1
04:55.506	ID:15	[INFO: App       ] Sending request 24 to fd00::201:1:1:1
04:55.593	ID:1	[INFO: App       ] Received request 'hello 24' from fd00::20f:f:f:f
04:55.593	ID:1	[INFO: App       ] Sending response.
04:55.706	ID:15	[INFO: App       ] Received response 'hello 24' from fd00::201:1:1:1
04:56.555	ID:3	[INFO: App       ] Sending request 26 to fd00::201:1:1:1
04:56.608	ID:1	[INFO: App       ] Received request 'hello 26' from fd00::203:3:3:3
04:56.608	ID:1	[INFO: App       ] Sending response.
04:56.656	ID:3	[INFO: App       ] Received response 'hello 26' from fd00::201:1:1:1
04:56.765	ID:5	[INFO: App       ] Sending request 26 to fd00::201:1:1:1
04:56.815	ID:1	[INFO: App       ] Received request 'hello 26' from fd00::205:5:5:5
04:56.815	ID:1	[INFO: App       ] Sending response.
04:56.854	ID:5	[INFO: App       ] Received response 'hello 26' from fd00::201:1:1:1
04:57.313	ID:10	[INFO: App       ] Sending request 26 to fd00::201:1:1:1
04:57.374	ID:8	[INFO: App       ] Sending request 25 to fd00::201:1:1:1
04:57.430	ID:1	[INFO: App       ] Received request 'hello 26' from fd00::20a:a:a:a
04:57.430	ID:1	[INFO: App       ] Sending response.
04:57.435	ID:2	[INFO: App       ] Sending request 26 to fd00::201:1:1:1
04:57.456	ID:1	[INFO: App       ] Received request 'hello 25' from fd00::208:8:8:8
04:57.456	ID:1	[INFO: App       ] Sending response.
04:57.469	ID:1	[INFO: App       ] Received request 'hello 26' from fd00::202:2:2:2
04:57.469	ID:1	[INFO: App       ] Sending response.
04:57.476	ID:10	[INFO: App       ] Received response 'hello 26' from fd00::201:1:1:1
04:57.561	ID:8	[INFO: App       ] Received response 'hello 25' from fd00::201:1:1:1
04:57.570	ID:2	[INFO: App       ] Received response 'hello 26' from fd00::201:1:1:1
04:57.728	ID:6	[INFO: App       ] Sending request 24 to fd00::201:1:1:1
04:57.793	ID:1	[INFO: App       ] Received request 'hello 24' from fd00::206:6:6:6
04:57.793	ID:1	[INFO: App       ] Sending response.
04:57.866	ID:6	[INFO: App       ] Received response 'hello 24' from fd00::201:1:1:1
04:59.234	ID:9	[INFO: App       ] Sending request 25 to fd00::201:1:1:1
04:59.316	ID:1	[INFO: App       ] Received request 'hello 25' from fd00::209:9:9:9
04:59.316	ID:1	[INFO: App       ] Sending response.
04:59.330	ID:12	[INFO: App       ] Sending request 24 to fd00::201:1:1:1
04:59.402	ID:9	[INFO: App       ] Received response 'hello 25' from fd00::201:1:1:1
04:59.412	ID:1	[INFO: App       ] Received request 'hello 24' from fd00::20c:c:c:c
04:59.412	ID:1	[INFO: App       ] Sending response.
04:59.513	ID:12	[INFO: App       ] Received response 'hello 24' from fd00::201:1:1:1
05:00.165	ID:13	[INFO: App       ] Sending request 24 to fd00::201:1:1:1
05:00.270	ID:1	[INFO: App       ] Received request 'hello 24' from fd00::20d:d:d:d
05:00.270	ID:1	[INFO: App       ] Sending response.
05:00.339	ID:13	[INFO: App       ] Received response 'hello 24' from fd00::201:1:1:1
05:01.606	ID:7	[INFO: App       ] Sending request 25 to fd00::201:1:1:1
05:01.681	ID:1	[INFO: App       ] Received request 'hello 25' from fd00::207:7:7:7
05:01.681	ID:1	[INFO: App       ] Sending response.
05:01.723	ID:7	[INFO: App       ] Received response 'hello 25' from fd00::201:1:1:1
05:02.783	ID:11	[INFO: App       ] Sending request 27 to fd00::201:1:1:1
05:02.888	ID:1	[INFO: App       ] Received request 'hello 27' from fd00::20b:b:b:b
05:02.888	ID:1	[INFO: App       ] Sending response.
05:02.951	ID:11	[INFO: App       ] Received response 'hello 27' from fd00::201:1:1:1
05:03.925	ID:4	[INFO: App       ] Sending request 27 to fd00::201:1:1:1
05:03.980	ID:14	[INFO: App       ] Sending request 25 to fd00::201:1:1:1
05:03.985	ID:1	[INFO: App       ] Received request 'hello 27' from fd00::204:4:4:4
05:03.985	ID:1	[INFO: App       ] Sending response.
05:04.050	ID:1	[INFO: App       ] Received request 'hello 25' from fd00::20e:e:e:e
05:04.050	ID:1	[INFO: App       ] Sending response.
05:04.065	ID:4	[INFO: App       ] Received response 'hello 27' from fd00::201:1:1:1
05:04.158	ID:14	[INFO: App       ] Received response 'hello 25' from fd00::201:1:1:1
05:05.533	ID:15	[INFO: App       ] Sending request 25 to fd00::201:1:1:1
05:05.619	ID:1	[INFO: App       ] Received request 'hello 25' from fd00::20f:f:f:f
05:05.619	ID:1	[INFO: App       ] Sending response.
05:05.675	ID:15	[INFO: App       ] Received response 'hello 25' from fd00::201:1:1:1
05:05.899	ID:5	[INFO: App       ] Sending request 27 to fd00::201:1:1:1
05:05.922	ID:1	[INFO: App       ] Received request 'hello 27' from fd00::205:5:5:5
05:05.922	ID:1	[INFO: App       ] Sending response.
05:05.949	ID:5	[INFO: App       ] Received response 'hello 27' from fd00::201:1:1:1
05:06.692	ID:3	[INFO: App       ] Sending request 27 to fd00::201:1:1:1
05:06.735	ID:1	[INFO: App       ] Received request 'hello 27' from fd00::203:3:3:3
05:06.735	ID:1	[INFO: App       ] Sending response.
05:06.747	ID:10	[INFO: App       ] Sending request 27 to fd00::201:1:1:1
05:06.811	ID:3	[INFO: App       ] Received response 'hello 27' from fd00::201:1:1:1
05:06.861	ID:1	[INFO: App       ] Received request 'hello 27' from fd00::20a:a:a:a
05:06.861	ID:1	[INFO: App       ] Sending response.
05:06.941	ID:10	[INFO: App       ] Received response 'hello 27' from fd00::201:1:1:1
05:07.508	ID:6	[INFO: App       ] Sending request 25 to fd00::201:1:1:1
05:07.568	ID:2	[INFO: App       ] Sending request 27 to fd00::201:1:1:1
05:07.632	ID:1	[INFO: App       ] Received request 'hello 25' from fd00::206:6:6:6
05:07.632	ID:1	[INFO: App       ] Sending response.
05:07.641	ID:1	[INFO: App       ] Received request 'hello 27' from fd00::202:2:2:2
05:07.641	ID:1	[INFO: App       ] Sending response.
05:07.671	ID:8	[INFO: App       ] Sending request 26 to fd00::201:1:1:1
05:07.750	ID:6	[INFO: App       ] Received response 'hello 25' from fd00::201:1:1:1
05:07.760	ID:2	[INFO: App       ] Received response 'hello 27' from fd00::201:1:1:1
05:07.793	ID:1	[INFO: App       ] Received request 'hello 26' from fd00::208:8:8:8
05:07.793	ID:1	[INFO: App       ] Sending response.
05:07.820	ID:8	[INFO: App       ] Received response 'hello 26' from fd00::201:1:1:1
05:08.646	ID:12	[INFO: App       ] Sending request 25 to fd00::201:1:1:1
05:08.768	ID:1	[INFO: App       ] Received request 'hello 25' from fd00::20c:c:c:c
05:08.768	ID:1	[INFO: App       ] Sending response.
05:08.872	ID:12	[INFO: App       ] Received response 'hello 25' from fd00::201:1:1:1
05:09.087	ID:9	[INFO: App       ] Sending request 26 to fd00::201:1:1:1
05:09.179	ID:1	[INFO: App       ] Received request 'hello 26' from fd00::209:9:9:9
05:09.179	ID:1	[INFO: App       ] Sending response.
05:09.231	ID:9	[INFO: App       ] Received response 'hello 26' from fd00::201:1:1:1
05:09.564	ID:13	[INFO: App       ] Sending request 25 to fd00::201:1:1:1
05:09.672	ID:1	[INFO: App       ] Received request 'hello 25' from fd00::20d:d:d:d
05:09.672	ID:1	[INFO: App       ] Sending response.
05:09.749	ID:13	[INFO: App       ] Received response 'hello 25' from fd00::201:1:1:1
05:12.063	ID:7	[INFO: App       ] Sending request 26 to fd00::201:1:1:1
05:12.128	ID:1	[INFO: App       ] Received request 'hello 26' from fd00::207:7:7:7
05:12.128	ID:1	[INFO: App       ] Sending response.
05:12.215	ID:7	[INFO: App       ] Received response 'hello 26' from fd00::201:1:1:1
05:12.277	ID:11	[INFO: App       ] Sending request 28 to fd00::201:1:1:1
05:12.375	ID:1	[INFO: App       ] Received request 'hello 28' from fd00::20b:b:b:b
05:12.375	ID:1	[INFO: App       ] Sending response.
05:12.479	ID:11	[INFO: App       ] Received response 'hello 28' from fd00::201:1:1:1
05:13.335	ID:14	[INFO: App       ] Sending request 26 to fd00::201:1:1:1
05:13.397	ID:4	[INFO: App       ] Sending request 28 to fd00::201:1:1:1
05:13.462	ID:1	[INFO: App       ] Received request 'hello 28' from fd00::204:4:4:4
05:13.462	ID:1	[INFO: App       ] Sending response.
05:13.500	ID:1	[INFO: App       ] Received request 'hello 26' from fd00::20e:e:e:e
05:13.500	ID:1	[INFO: App       ] Sending response.
05:13.532	ID:4	[INFO: App       ] Received response 'hello 28' from fd00::201:1:1:1
05:13.577	ID:14	[INFO: App       ] Received response 'hello 26' from fd00::201:1:1:1
05:15.088	ID:15	[INFO: App       ] Sending request 26 to fd00::201:1:1:1
05:15.175	ID:1	[INFO: App       ] Received request 'hello 26' from fd00::20f:f:f:f
05:15.175	ID:1	[INFO: App       ] Sending response.
05:15.269	ID:15	[INFO: App       ] Received response 'hello 26' from fd00::201:1:1:1
05:15.407	ID:5	[INFO: App       ] Sending request 28 to fd00::201:1:1:1
05:15.448	ID:1	[INFO: App       ] Received request 'hello 28' from fd00::205:5:5:5
05:15.448	ID:1	[INFO: App       ] Sending response.
05:15.508	ID:5	[INFO: App       ] Received response 'hello 28' from fd00::201:1:1:1
05:16.714	ID:10	[INFO: App       ] Sending request 28 to fd00::201:1:1:1
05:16.816	ID:1	[INFO: App       ] Received request 'hello 28' from fd00::20a:a:a:a
05:16.816	ID:1	[INFO: App       ] Sending response.
05:16.912	ID:10	[INFO: App       ] Received response 'hello 28' from fd00::201:1:1:1
05:17.626	ID:3	[INFO: App       ] Sending request 28 to fd00::201:1:1:1
05:17.679	ID:1	[INFO: App       ] Received request 'hello 28' from fd00::203:3:3:3
05:17.679	ID:1	[INFO: App       ] Sending response.
05:17.717	ID:3	[INFO: App       ] Received response 'hello 28' from fd00::201:1:1:1
05:17.862	ID:8	[INFO: App       ] Sending request 27 to fd00::201:1:1:1
05:17.949	ID:1	[INFO: App       ] Received request 'hello 27' from fd00::208:8:8:8
05:17.949	ID:1	[INFO: App       ] Sending response.
05:17.999	ID:8	[INFO: App       ] Received response 'hello 27' from fd00::201:1:1:1
05:18.143	ID:6	[INFO: App       ] Sending request 26 to fd00::201:1:1:1
05:18.195	ID:1	[INFO: App       ] Received request 'hello 26' from fd00::206:6:6:6
05:18.195	ID:1	[INFO: App       ] Sending response.
05:18.267	ID:6	[INFO: App       ] Received response 'hello 26' from fd00::201:1:1:1
05:18.539	ID:2	[INFO: App       ] Sending request 28 to fd00::201:1:1:1
05:18.563	ID:1	[INFO: App       ] Received request 'hello 28' from fd00::202:2:2:2
05:18.563	ID:1	[INFO: App       ] Sending response.
05:18.567	ID:12	[INFO: App       ] Sending request 26 to fd00::201:1:1:1
05:18.606	ID:13	[INFO: App       ] Sending request 26 to fd00::201:1:1:1
05:18.622	ID:2	[INFO: App       ] Received response 'hello 28' from fd00::201:1:1:1
05:18.637	ID:1	[INFO: App       ] Received request 'hello 26' from fd00::20c:c:c:c
05:18.637	ID:1	[INFO: App       ] Sending response.
05:18.738	ID:12	[INFO: App       ] Received response 'hello 26' from fd00::201:1:1:1
05:18.742	ID:1	[INFO: App       ] Received request 'hello 26' from fd00::20d:d:d:d
05:18.742	ID:1	[INFO: App       ] Sending response.
05:18.865	ID:13	[INFO: App       ] Received response 'hello 26' from fd00::201:1:1:1
05:19.427	ID:9	[INFO: App       ] Sending request 27 to fd00::201:1:1:1
05:19.548	ID:1	[INFO: App       ] Received request 'hello 27' from fd00::209:9:9:9
05:19.548	ID:1	[INFO: App       ] Sending response.
05:19.610	ID:9	[INFO: App       ] Received response 'hello 27' from fd00::201:1:1:1
05:22.920	ID:7	[INFO: App       ] Sending request 27 to fd00::201:1:1:1
05:22.943	ID:11	[INFO: App       ] Sending request 29 to fd00::201:1:1:1
05:23.022	ID:1	[INFO: App       ] Received request 'hello 27' from fd00::207:7:7:7
05:23.022	ID:1	[INFO: App       ] Sending response.
05:23.088	ID:1	[INFO: App       ] Received request 'hello 29' from fd00::20b:b:b:b
05:23.088	ID:1	[INFO: App       ] Sending response.
05:23.103	ID:7	[INFO: App       ] Received response 'hello 27' from fd00::201:1:1:1
05:23.160	ID:14	[INFO: App       ] Sending request 27 to fd00::201:1:1:1
05:23.175	ID:11	[INFO: App       ] Received response 'hello 29' from fd00::201:1:1:1
05:23.260	ID:4	[INFO: App       ] Sending request 29 to fd00::201:1:1:1
05:23.300	ID:1	[INFO: App       ] Received request 'hello 29' from fd00::204:4:4:4
05:23.300	ID:1	[INFO: App       ] Sending response.
05:23.347	ID:4	[INFO: App       ] Received response 'hello 29' from fd00::201:1:1:1
05:23.353	ID:1	[INFO: App       ] Received request 'hello 27' from fd00::20e:e:e:e
05:23.353	ID:1	[INFO: App       ] Sending response.
05:23.503	ID:14	[INFO: App       ] Received response 'hello 27' from fd00::201:1:1:1
05:25.231	ID:15	[INFO: App       ] Sending request 27 to fd00::201:1:1:1
05:25.331	ID:1	[INFO: App       ] Received request 'hello 27' from fd00::20f:f:f:f
05:25.331	ID:1	[INFO: App       ] Sending response.
05:25.466	ID:15	[INFO: App       ] Received response 'hello 27' from fd00::201:1:1:1
05:26.021	ID:5	[INFO: App       ] Sending request 29 to fd00::201:1:1:1
05:26.071	ID:1	[INFO: App       ] Received request 'hello 29' from fd00::205:5:5:5
05:26.071	ID:1	[INFO: App       ] Sending response.
05:26.113	ID:5	[INFO: App       ] Received response 'hello 29' from fd00::201:1:1:1
05:27.230	ID:10	[INFO: App       ] Sending request 29 to fd00::201:1:1:1
05:27.308	ID:1	[INFO: App       ] Received request 'hello 29' from fd00::20a:a:a:a
05:27.308	ID:1	[INFO: App       ] Sending response.
05:27.352	ID:8	[INFO: App       ] Sending request 28 to fd00::201:1:1:1
05:27.418	ID:10	[INFO: App       ] Received response 'hello 29' from fd00::201:1:1:1
05:27.430	ID:1	[INFO: App       ] Received request 'hello 28' from fd00::208:8:8:8
05:27.430	ID:1	[INFO: App       ] Sending response.
05:27.525	ID:6	[INFO: App       ] Sending request 27 to fd00::201:1:1:1
05:27.536	ID:8	[INFO: App       ] Received response 'hello 28' from fd00::201:1:1:1
05:27.569	ID:3	[INFO: App       ] Sending request 29 to fd00::201:1:1:1
05:27.596	ID:1	[INFO: App       ] Received request 'hello 27' from fd00::206:6:6:6
05:27.596	ID:1	[INFO: App       ] Sending response.
05:27.611	ID:1	[INFO: App       ] Received request 'hello 29' from fd00::203:3:3:3
05:27.611	ID:1	[INFO: App       ] Sending response.
05:27.633	ID:3	[INFO: App       ] Received response 'hello 29' from fd00::201:1:1:1
05:27.726	ID:6	[INFO: App       ] Received response 'hello 27' from fd00::201:1:1:1
05:27.762	ID:2	[INFO: App       ] Sending request 29 to fd00::201:1:1:1
05:27.798	ID:1	[INFO: App       ] Received request 'hello 29' from fd00::202:2:2:2
05:27.798	ID:1	[INFO: App       ] Sending response.
05:27.883	ID:2	[INFO: App       ] Received response 'hello 29' from fd00::201:1:1:1
05:29.295	ID:13	[INFO: App       ] Sending request 27 to fd00::201:1:1:1
05:29.386	ID:1	[INFO: App       ] Received request 'hello 27' from fd00::20d:d:d:d
05:29.386	ID:1	[INFO: App       ] Sending response.
05:29.503	ID:12	[INFO: App       ] Sending request 27 to fd00::201:1:1:1
05:29.574	ID:1	[INFO: App       ] Received request 'hello 27' from fd00::20c:c:c:c
05:29.574	ID:1	[INFO: App       ] Sending response.
05:29.690	ID:12	[INFO: App       ] Received response 'hello 27' from fd00::201:1:1:1
05:29.711	ID:13	[INFO: App       ] Received response 'hello 27' from fd00::201:1:1:1
05:30.371	ID:9	[INFO: App       ] Sending request 28 to fd00::201:1:1:1
05:30.453	ID:1	[INFO: App       ] Received request 'hello 28' from fd00::209:9:9:9
05:30.453	ID:1	[INFO: App       ] Sending response.
05:30.537	ID:9	[INFO: App       ] Received response 'hello 28' from fd00::201:1:1:1
05:32.207	ID:11	[INFO: App       ] Tx/Rx/MissedTx: 30/30/0
05:32.207	ID:11	[INFO: App       ] Sending request 30 to fd00::201:1:1:1
05:32.260	ID:1	[INFO: App       ] Received request 'hello 30' from fd00::20b:b:b:b
05:32.260	ID:1	[INFO: App       ] Sending response.
05:32.305	ID:11	[INFO: App       ] Received response 'hello 30' from fd00::201:1:1:1
05:32.330	ID:7	[INFO: App       ] Sending request 28 to fd00::201:1:1:1
05:32.385	ID:1	[INFO: App       ] Received request 'hello 28' from fd00::207:7:7:7
05:32.385	ID:1	[INFO: App       ] Sending response.
05:32.438	ID:7	[INFO: App       ] Received response 'hello 28' from fd00::201:1:1:1
05:33.374	ID:4	[INFO: App       ] Tx/Rx/MissedTx: 30/30/0
05:33.374	ID:4	[INFO: App       ] Sending request 30 to fd00::201:1:1:1
05:33.429	ID:1	[INFO: App       ] Received request 'hello 30' from fd00::204:4:4:4
05:33.429	ID:1	[INFO: App       ] Sending response.
05:33.494	ID:4	[INFO: App       ] Received response 'hello 30' from fd00::201:1:1:1
05:33.811	ID:14	[INFO: App       ] Sending request 28 to fd00::201:1:1:1
05:33.919	ID:1	[INFO: App       ] Received request 'hello 28' from fd00::20e:e:e:e
05:33.919	ID:1	[INFO: App       ] Sending response.
05:34.010	ID:14	[INFO: App       ] Received response 'hello 28' from fd00::201:1:1:1
05:35.228	ID:15	[INFO: App       ] Sending request 28 to fd00::201:1:1:1
05:35.334	ID:1	[INFO: App       ] Received request 'hello 28' from fd00::20f:f:f:f
05:35.334	ID:1	[INFO: App       ] Sending response.
05:35.455	ID:15	[INFO: App       ] Received response 'hello 28' from fd00::201:1:1:1
05:36.534	ID:10	[INFO: App       ] Tx/Rx/MissedTx: 30/30/0
05:36.534	ID:10	[INFO: App       ] Sending request 30 to fd00::201:1:1:1
05:36.613	ID:1	[INFO: App       ] Received request 'hello 30' from fd00::20a:a:a:a
05:36.613	ID:1	[INFO: App       ] Sending response.
05:36.723	ID:5	[INFO: App       ] Tx/Rx/MissedTx: 30/30/0
05:36.723	ID:5	[INFO: App       ] Sending request 30 to fd00::201:1:1:1
05:36.731	ID:10	[INFO: App       ] Received response 'hello 30' from fd00::201:1:1:1
05:36.781	ID:1	[INFO: App       ] Received request 'hello 30' from fd00::205:5:5:5
05:36.781	ID:1	[INFO: App       ] Sending response.
05:36.829	ID:5	[INFO: App       ] Received response 'hello 30' from fd00::201:1:1:1
05:36.928	ID:3	[INFO: App       ] Tx/Rx/MissedTx: 30/30/0
05:36.928	ID:3	[INFO: App       ] Sending request 30 to fd00::201:1:1:1
05:36.977	ID:1	[INFO: App       ] Received request 'hello 30' from fd00::203:3:3:3
05:36.977	ID:1	[INFO: App       ] Sending response.
05:37.039	ID:3	[INFO: App       ] Received response 'hello 30' from fd00::201:1:1:1
05:37.101	ID:2	[INFO: App       ] Tx/Rx/MissedTx: 30/30/0
05:37.101	ID:2	[INFO: App       ] Sending request 30 to fd00::201:1:1:1
05:37.157	ID:1	[INFO: App       ] Received request 'hello 30' from fd00::202:2:2:2
05:37.157	ID:1	[INFO: App       ] Sending response.
05:37.194	ID:2	[INFO: App       ] Received response 'hello 30' from fd00::201:1:1:1
05:37.222	ID:6	[INFO: App       ] Sending request 28 to fd00::201:1:1:1
05:37.271	ID:1	[INFO: App       ] Received request 'hello 28' from fd00::206:6:6:6
05:37.271	ID:1	[INFO: App       ] Sending response.
05:37.338	ID:8	[INFO: App       ] Sending request 29 to fd00::201:1:1:1
05:37.380	ID:6	[INFO: App       ] Received response 'hello 28' from fd00::201:1:1:1
05:37.419	ID:1	[INFO: App       ] Received request 'hello 29' from fd00::208:8:8:8
05:37.419	ID:1	[INFO: App       ] Sending response.
05:37.487	ID:8	[INFO: App       ] Received response 'hello 29' from fd00::201:1:1:1
05:39.257	ID:13	[INFO: App       ] Sending request 28 to fd00::201:1:1:1
05:39.359	ID:1	[INFO: App       ] Received request 'hello 28' from fd00::20d:d:d:d
05:39.359	ID:1	[INFO: App       ] Sending response.
05:39.431	ID:13	[INFO: App       ] Received response 'hello 28' from fd00::201:1:1:1
05:39.859	ID:12	[INFO: App       ] Sending request 28 to fd00::201:1:1:1
05:39.912	ID:1	[INFO: App       ] Received request 'hello 28' from fd00::20c:c:c:c
05:39.912	ID:1	[INFO: App       ] Sending response.
05:40.074	ID:12	[INFO: App       ] Received response 'hello 28' from fd00::201:1:1:1
05:41.208	ID:9	[INFO: App       ] Sending request 29 to fd00::201:1:1:1
05:41.290	ID:1	[INFO: App       ] Received request 'hello 29' from fd00::209:9:9:9
05:41.290	ID:1	[INFO: App       ] Sending response.
05:41.347	ID:9	[INFO: App       ] Received response 'hello 29' from fd00::201:1:1:1
05:41.647	ID:11	[INFO: App       ] Sending request 31 to fd00::201:1:1:1
05:41.713	ID:1	[INFO: App       ] Received request 'hello 31' from fd00::20b:b:b:b
05:41.713	ID:1	[INFO: App       ] Sending response.
05:41.791	ID:11	[INFO: App       ] Received response 'hello 31' from fd00::201:1:1:1
05:42.055	ID:7	[INFO: App       ] Sending request 29 to fd00::201:1:1:1
05:42.140	ID:1	[INFO: App       ] Received request 'hello 29' from fd00::207:7:7:7
05:42.140	ID:1	[INFO: App       ] Sending response.
05:42.168	ID:7	[INFO: App       ] Received response 'hello 29' from fd00::201:1:1:1
05:43.775	ID:4	[INFO: App       ] Sending request 31 to fd00::201:1:1:1
05:43.833	ID:1	[INFO: App       ] Received request 'hello 31' from fd00::204:4:4:4
05:43.833	ID:1	[INFO: App       ] Sending response.
05:43.888	ID:4	[INFO: App       ] Received response 'hello 31' from fd00::201:1:1:1
05:44.625	ID:14	[INFO: App       ] Sending request 29 to fd00::201:1:1:1
05:44.753	ID:1	[INFO: App       ] Received request 'hello 29' from fd00::20e:e:e:e
05:44.753	ID:1	[INFO: App       ] Sending response.
05:44.912	ID:14	[INFO: App       ] Received response 'hello 29' from fd00::201:1:1:1
05:45.784	ID:15	[INFO: App       ] Sending request 29 to fd00::201:1:1:1
05:45.916	ID:1	[INFO: App       ] Received request 'hello 29' from fd00::20f:f:f:f
05:45.916	ID:1	[INFO: App       ] Sending response.
05:45.978	ID:15	[INFO: App       ] Received response 'hello 29' from fd00::201:1:1:1
05:46.194	ID:10	[INFO: App       ] Sending request 31 to fd00::201:1:1:1
05:46.308	ID:1	[INFO: App       ] Received request 'hello 31' from fd00::20a:a:a:a
05:46.308	ID:1	[INFO: App       ] Sending response.
05:46.365	ID:10	[INFO: App       ] Received response 'hello 31' from fd00::201:1:1:1
05:46.831	ID:6	[INFO: App       ] Sending request 29 to fd00::201:1:1:1
05:46.858	ID:5	[INFO: App       ] Sending request 31 to fd00::201:1:1:1
05:46.870	ID:1	[INFO: App       ] Received request 'hello 31' from fd00::205:5:5:5
05:46.870	ID:1	[INFO: App       ] Sending response.
05:46.892	ID:5	[INFO: App       ] Received response 'hello 31' from fd00::201:1:1:1
05:47.002	ID:1	[INFO: App       ] Received request 'hello 29' from fd00::206:6:6:6
05:47.002	ID:1	[INFO: App       ] Sending response.
05:47.092	ID:6	[INFO: App       ] Received response 'hello 29' from fd00::201:1:1:1
05:47.163	ID:2	[INFO: App       ] Sending request 31 to fd00::201:1:1:1
05:47.170	ID:3	[INFO: App       ] Sending request 31 to fd00::201:1:1:1
05:47.206	ID:1	[INFO: App       ] Received request 'hello 31' from fd00::202:2:2:2
05:47.206	ID:1	[INFO: App       ] Sending response.
05:47.285	ID:2	[INFO: App       ] Received response 'hello 31' from fd00::201:1:1:1
05:47.291	ID:1	[INFO: App       ] Received request 'hello 31' from fd00::203:3:3:3
05:47.291	ID:1	[INFO: App       ] Sending response.
05:47.362	ID:3	[INFO: App       ] Received response 'hello 31' from fd00::201:1:1:1
05:47.716	ID:8	[INFO: App       ] Tx/Rx/MissedTx: 30/30/0
05:47.716	ID:8	[INFO: App       ] Sending request 30 to fd00::201:1:1:1
05:47.802	ID:1	[INFO: App       ] Received request 'hello 30' from fd00::208:8:8:8
05:47.802	ID:1	[INFO: App       ] Sending response.
05:47.864	ID:8	[INFO: App       ] Received response 'hello 30' from fd00::201:1:1:1
05:49.630	ID:12	[INFO: App       ] Sending request 29 to fd00::201:1:1:1
05:49.729	ID:1	[INFO: App       ] Received request 'hello 29' from fd00::20c:c:c:c
05:49.729	ID:1	[INFO: App       ] Sending response.
05:49.817	ID:12	[INFO: App       ] Received response 'hello 29' from fd00::201:1:1:1
05:50.048	ID:13	[INFO: App       ] Sending request 29 to fd00::201:1:1:1
05:50.144	ID:1	[INFO: App       ] Received request 'hello 29' from fd00::20d:d:d:d
05:50.144	ID:1	[INFO: App       ] Sending response.
05:50.231	ID:13	[INFO: App       ] Received response 'hello 29' from fd00::201:1:1:1
05:50.949	ID:11	[INFO: App       ] Sending request 32 to fd00::201:1:1:1
05:51.013	ID:1	[INFO: App       ] Received request 'hello 32' from fd00::20b:b:b:b
05:51.013	ID:1	[INFO: App       ] Sending response.
05:51.071	ID:9	[INFO: App       ] Tx/Rx/MissedTx: 30/30/0
05:51.071	ID:9	[INFO: App       ] Sending request 30 to fd00::201:1:1:1
05:51.098	ID:11	[INFO: App       ] Received response 'hello 32' from fd00::201:1:1:1
05:51.129	ID:1	[INFO: App       ] Received request 'hello 30' from fd00::209:9:9:9
05:51.129	ID:1	[INFO: App       ] Sending response.
05:51.176	ID:9	[INFO: App       ] Received response 'hello 30' from fd00::201:1:1:1
05:52.515	ID:7	[INFO: App       ] Tx/Rx/MissedTx: 30/30/0
05:52.515	ID:7	[INFO: App       ] Sending request 30 to fd00::201:1:1:1
05:52.598	ID:1	[INFO: App       ] Received request 'hello 30' from fd00::207:7:7:7
05:52.598	ID:1	[INFO: App       ] Sending response.
05:52.700	ID:7	[INFO: App       ] Received response 'hello 30' from fd00::201:1:1:1
05:53.397	ID:4	[INFO: App       ] Sending request 32 to fd00::201:1:1:1
05:53.431	ID:1	[INFO: App       ] Received request 'hello 32' from fd00::204:4:4:4
05:53.431	ID:1	[INFO: App       ] Sending response.
05:53.489	ID:4	[INFO: App       ] Received response 'hello 32' from fd00::201:1:1:1
05:54.397	ID:14	[INFO: App       ] Tx/Rx/MissedTx: 30/30/0
05:54.397	ID:14	[INFO: App       ] Sending request 30 to fd00::201:1:1:1
05:54.521	ID:1	[INFO: App       ] Received request 'hello 30' from fd00::20e:e:e:e
05:54.521	ID:1	[INFO: App       ] Sending response.
05:54.590	ID:14	[INFO: App       ] Received response 'hello 30' from fd00::201:1:1:1
05:55.231	ID:15	[INFO: App       ] Tx/Rx/MissedTx: 30/30/0
05:55.231	ID:15	[INFO: App       ] Sending request 30 to fd00::201:1:1:1
05:55.355	ID:1	[INFO: App       ] Received request 'hello 30' from fd00::20f:f:f:f
05:55.355	ID:1	[INFO: App       ] Sending response.
05:55.443	ID:15	[INFO: App       ] Received response 'hello 30' from fd00::201:1:1:1
05:56.509	ID:10	[INFO: App       ] Sending request 32 to fd00::201:1:1:1
05:56.603	ID:1	[INFO: App       ] Received request 'hello 32' from fd00::20a:a:a:a
05:56.603	ID:1	[INFO: App       ] Sending response.
05:56.684	ID:10	[INFO: App       ] Received response 'hello 32' from fd00::201:1:1:1
05:56.709	ID:2	[INFO: App       ] Sending request 32 to fd00::201:1:1:1
05:56.780	ID:1	[INFO: App       ] Received request 'hello 32' from fd00::202:2:2:2
05:56.780	ID:1	[INFO: App       ] Sending response.
05:56.803	ID:3	[INFO: App       ] Sending request 32 to fd00::201:1:1:1
05:56.852	ID:1	[INFO: App       ] Received request 'hello 32' from fd00::203:3:3:3
05:56.852	ID:1	[INFO: App       ] Sending response.
05:56.858	ID:2	[INFO: App       ] Received response 'hello 32' from fd00::201:1:1:1
05:56.902	ID:3	[INFO: App       ] Received response 'hello 32' from fd00::201:1:1:1
05:57.078	ID:6	[INFO: App       ] Tx/Rx/MissedTx: 30/30/0
05:57.078	ID:6	[INFO: App       ] Sending request 30 to fd00::201:1:1:1
05:57.162	ID:1	[INFO: App       ] Received request 'hello 30' from fd00::206:6:6:6
05:57.162	ID:1	[INFO: App       ] Sending response.
05:57.245	ID:6	[INFO: App       ] Received response 'hello 30' from fd00::201:1:1:1
05:57.665	ID:5	[INFO: App       ] Sending request 32 to fd00::201:1:1:1
05:57.701	ID:1	[INFO: App       ] Received request 'hello 32' from fd00::205:5:5:5
05:57.701	ID:1	[INFO: App       ] Sending response.
05:57.739	ID:5	[INFO: App       ] Received response 'hello 32' from fd00::201:1:1:1
05:57.989	ID:8	[INFO: App       ] Sending request 31 to fd00::201:1:1:1
05:58.064	ID:1	[INFO: App       ] Received request 'hello 31' from fd00::208:8:8:8
05:58.064	ID:1	[INFO: App       ] Sending response.
05:58.138	ID:8	[INFO: App       ] Received response 'hello 31' from fd00::201:1:1:1
05:59.029	ID:12	[INFO: App       ] Tx/Rx/MissedTx: 30/30/0
05:59.029	ID:12	[INFO: App       ] Sending request 30 to fd00::201:1:1:1
05:59.112	ID:1	[INFO: App       ] Received request 'hello 30' from fd00::20c:c:c:c
05:59.112	ID:1	[INFO: App       ] Sending response.
05:59.219	ID:12	[INFO: App       ] Received response 'hello 30' from fd00::201:1:1:1
06:00.495	ID:13	[INFO: App       ] Tx/Rx/MissedTx: 30/30/0
06:00.495	ID:13	[INFO: App       ] Sending request 30 to fd00::201:1:1:1
06:00.592	ID:1	[INFO: App       ] Received request 'hello 30' from fd00::20d:d:d:d
06:00.592	ID:1	[INFO: App       ] Sending response.
06:00.690	ID:13	[INFO: App       ] Received response 'hello 30' from fd00::201:1:1:1
06:01.458	ID:11	[INFO: App       ] Sending request 33 to fd00::201:1:1:1
06:01.557	ID:1	[INFO: App       ] Received request 'hello 33' from fd00::20b:b:b:b
06:01.557	ID:1	[INFO: App       ] Sending response.
06:01.598	ID:11	[INFO: App       ] Received response 'hello 33' from fd00::201:1:1:1
06:02.062	ID:9	[INFO: App       ] Sending request 31 to fd00::201:1:1:1
06:02.138	ID:1	[INFO: App       ] Received request 'hello 31' from fd00::209:9:9:9
06:02.138	ID:1	[INFO: App       ] Sending response.
06:02.189	ID:9	[INFO: App       ] Received response 'hello 31' from fd00::201:1:1:1
06:02.718	ID:7	[INFO: App       ] Sending request 31 to fd00::201:1:1:1
06:02.822	ID:1	[INFO: App       ] Received request 'hello 31' from fd00::207:7:7:7
06:02.822	ID:1	[INFO: App       ] Sending response.
06:02.914	ID:7	[INFO: App       ] Received response 'hello 31' from fd00::201:1:1:1
06:03.098	ID:4	[INFO: App       ] Sending request 33 to fd00::201:1:1:1
06:03.141	ID:1	[INFO: App       ] Received request 'hello 33' from fd00::204:4:4:4
06:03.141	ID:1	[INFO: App       ] Sending response.
06:03.226	ID:4	[INFO: App       ] Received response 'hello 33' from fd00::201:1:1:1
06:04.400	ID:15	[INFO: App       ] Sending request 31 to fd00::201:1:1:1
06:04.520	ID:1	[INFO: App       ] Received request 'hello 31' from fd00::20f:f:f:f
06:04.520	ID:1	[INFO: App       ] Sending response.
06:04.569	ID:14	[INFO: App       ] Sending request 31 to fd00::201:1:1:1
06:04.614	ID:15	[INFO: App       ] Received response 'hello 31' from fd00::201:1:1:1
06:04.744	ID:1	[INFO: App       ] Received request 'hello 31' from fd00::20e:e:e:e
06:04.744	ID:1	[INFO: App       ] Sending response.
06:04.880	ID:14	[INFO: App       ] Received response 'hello 31' from fd00::201:1:1:1
06:06.420	ID:3	[INFO: App       ] Sending request 33 to fd00::201:1:1:1
06:06.483	ID:1	[INFO: App       ] Received request 'hello 33' from fd00::203:3:3:3
06:06.483	ID:1	[INFO: App       ] Sending response.
06:06.534	ID:3	[INFO: App       ] Received response 'hello 33' from fd00::201:1:1:1
06:07.143	ID:5	[INFO: App       ] Sending request 33 to fd00::201:1:1:1
06:07.172	ID:1	[INFO: App       ] Received request 'hello 33' from fd00::205:5:5:5
06:07.172	ID:1	[INFO: App       ] Sending response.
06:07.235	ID:5	[INFO: App       ] Received response 'hello 33' from fd00::201:1:1:1
06:07.468	ID:2	[INFO: App       ] Sending request 33 to fd00::201:1:1:1
06:07.480	ID:10	[INFO: App       ] Sending request 33 to fd00::201:1:1:1
06:07.543	ID:1	[INFO: App       ] Received request 'hello 33' from fd00::202:2:2:2
06:07.543	ID:1	[INFO: App       ] Sending response.
06:07.556	ID:1	[INFO: App       ] Received request 'hello 33' from fd00::20a:a:a:a
06:07.556	ID:1	[INFO: App       ] Sending response.
06:07.563	ID:2	[INFO: App       ] Received response 'hello 33' from fd00::201:1:1:1
06:07.593	ID:8	[INFO: App       ] Sending request 32 to fd00::201:1:1:1
06:07.640	ID:1	[INFO: App       ] Received request 'hello 32' from fd00::208:8:8:8
06:07.640	ID:1	[INFO: App       ] Sending response.
06:07.692	ID:10	[INFO: App       ] Received response 'hello 33' from fd00::201:1:1:1
06:07.815	ID:8	[INFO: App       ] Received response 'hello 32' from fd00::201:1:1:1
06:07.941	ID:6	[INFO: App       ] Sending request 31 to fd00::201:1:1:1
06:08.026	ID:1	[INFO: App       ] Received request 'hello 31' from fd00::206:6:6:6
06:08.026	ID:1	[INFO: App       ] Sending response.
06:08.087	ID:6	[INFO: App       ] Received response 'hello 31' from fd00::201:1:1:1
06:09.471	ID:12	[INFO: App       ] Sending request 31 to fd00::201:1:1:1
06:09.602	ID:1	[INFO: App       ] Received request 'hello 31' from fd00::20c:c:c:c
06:09.602	ID:1	[INFO: App       ] Sending response.
06:09.732	ID:12	[INFO: App       ] Received response 'hello 31' from fd00::201:1:1:1
06:10.980	ID:13	[INFO: App       ] Sending request 31 to fd00::201:1:1:1
06:11.078	ID:1	[INFO: App       ] Received request 'hello 31' from fd00::20d:d:d:d
06:11.078	ID:1	[INFO: App       ] Sending response.
06:11.174	ID:13	[INFO: App       ] Received response 'hello 31' from fd00::201:1:1:1
06:11.534	ID:11	[INFO: App       ] Sending request 34 to fd00::201:1:1:1
06:11.587	ID:1	[INFO: App       ] Received request 'hello 34' from fd00::20b:b:b:b
06:11.587	ID:1	[INFO: App       ] Sending response.
06:11.692	ID:11	[INFO: App       ] Received response 'hello 34' from fd00::201:1:1:1
06:12.688	ID:9	[INFO: App       ] Sending request 32 to fd00::201:1:1:1
06:12.761	ID:1	[INFO: App       ] Received request 'hello 32' from fd00::209:9:9:9
06:12.761	ID:1	[INFO: App       ] Sending response.
06:12.850	ID:9	[INFO: App       ] Received response 'hello 32' from fd00::201:1:1:1
06:12.947	ID:4	[INFO: App       ] Sending request 34 to fd00::201:1:1:1
06:12.997	ID:1	[INFO: App       ] Received request 'hello 34' from fd00::204:4:4:4
06:12.997	ID:1	[INFO: App       ] Sending response.
06:13.036	ID:4	[INFO: App       ] Received response 'hello 34' from fd00::201:1:1:1
06:13.382	ID:7	[INFO: App       ] Sending request 32 to fd00::201:1:1:1
06:13.456	ID:1	[INFO: App       ] Received request 'hello 32' from fd00::207:7:7:7
06:13.456	ID:1	[INFO: App       ] Sending response.
06:13.538	ID:7	[INFO: App       ] Received response 'hello 32' from fd00::201:1:1:1
06:13.767	ID:15	[INFO: App       ] Sending request 32 to fd00::201:1:1:1
06:13.883	ID:1	[INFO: App       ] Received request 'hello 32' from fd00::20f:f:f:f
06:13.883	ID:1	[INFO: App       ] Sending response.
06:13.943	ID:14	[INFO: App       ] Sending request 32 to fd00::201:1:1:1
06:13.965	ID:15	[INFO: App       ] Received response 'hello 32' from fd00::201:1:1:1
06:14.012	ID:1	[INFO: App       ] Received request 'hello 32' from fd00::20e:e:e:e
06:14.012	ID:1	[INFO: App       ] Sending response.
06:14.113	ID:14	[INFO: App       ] Received response 'hello 32' from fd00::201:1:1:1
06:16.660	ID:2	[INFO: App       ] Sending request 34 to fd00::201:1:1:1
06:16.741	ID:1	[INFO: App       ] Received request 'hello 34' from fd00::202:2:2:2
06:16.741	ID:1	[INFO: App       ] Sending response.
06:16.791	ID:2	[INFO: App       ] Received response 'hello 34' from fd00::201:1:1:1
06:17.373	ID:3	[INFO: App       ] Sending request 34 to fd00::201:1:1:1
06:17.420	ID:1	[INFO: App       ] Received request 'hello 34' from fd00::203:3:3:3
06:17.420	ID:1	[INFO: App       ] Sending response.
06:17.470	ID:3	[INFO: App       ] Received response 'hello 34' from fd00::201:1:1:1
06:17.601	ID:5	[INFO: App       ] Sending request 34 to fd00::201:1:1:1
06:17.661	ID:1	[INFO: App       ] Received request 'hello 34' from fd00::205:5:5:5
06:17.661	ID:1	[INFO: App       ] Sending response.
06:17.694	ID:5	[INFO: App       ] Received response 'hello 34' from fd00::201:1:1:1
06:17.962	ID:10	[INFO: App       ] Sending request 34 to fd00::201:1:1:1
06:18.029	ID:1	[INFO: App       ] Received request 'hello 34' from fd00::20a:a:a:a
06:18.029	ID:1	[INFO: App       ] Sending response.
06:18.090	ID:10	[INFO: App       ] Received response 'hello 34' from fd00::201:1:1:1
06:18.501	ID:8	[INFO: App       ] Sending request 33 to fd00::201:1:1:1
06:18.578	ID:1	[INFO: App       ] Received request 'hello 33' from fd00::208:8:8:8
06:18.578	ID:1	[INFO: App       ] Sending response.
06:18.689	ID:8	[INFO: App       ] Received response 'hello 33' from fd00::201:1:1:1
06:18.794	ID:6	[INFO: App       ] Sending request 32 to fd00::201:1:1:1
06:18.888	ID:1	[INFO: App       ] Received request 'hello 32' from fd00::206:6:6:6
06:18.888	ID:1	[INFO: App       ] Sending response.
06:18.997	ID:6	[INFO: App       ] Received response 'hello 32' from fd00::201:1:1:1
06:20.147	ID:12	[INFO: App       ] Sending request 32 to fd00::201:1:1:1
06:20.259	ID:1	[INFO: App       ] Received request 'hello 32' from fd00::20c:c:c:c
06:20.259	ID:1	[INFO: App       ] Sending response.
06:20.348	ID:12	[INFO: App       ] Received response 'hello 32' from fd00::201:1:1:1
06:21.431	ID:13	[INFO: App       ] Sending request 32 to fd00::201:1:1:1
06:21.532	ID:1	[INFO: App       ] Received request 'hello 32' from fd00::20d:d:d:d
06:21.532	ID:1	[INFO: App       ] Sending response.
06:21.653	ID:13	[INFO: App       ] Received response 'hello 32' from fd00::201:1:1:1
06:21.973	ID:11	[INFO: App       ] Sending request 35 to fd00::201:1:1:1
06:22.034	ID:1	[INFO: App       ] Received request 'hello 35' from fd00::20b:b:b:b
06:22.034	ID:1	[INFO: App       ] Sending response.
06:22.057	ID:4	[INFO: App       ] Sending request 35 to fd00::201:1:1:1
06:22.114	ID:1	[INFO: App       ] Received request 'hello 35' from fd00::204:4:4:4
06:22.114	ID:1	[INFO: App       ] Sending response.
06:22.119	ID:11	[INFO: App       ] Received response 'hello 35' from fd00::201:1:1:1
06:22.146	ID:4	[INFO: App       ] Received response 'hello 35' from fd00::201:1:1:1
06:22.486	ID:9	[INFO: App       ] Sending request 33 to fd00::201:1:1:1
06:22.563	ID:1	[INFO: App       ] Received request 'hello 33' from fd00::209:9:9:9
06:22.563	ID:1	[INFO: App       ] Sending response.
06:22.641	ID:9	[INFO: App       ] Received response 'hello 33' from fd00::201:1:1:1
06:23.633	ID:7	[INFO: App       ] Sending request 33 to fd00::201:1:1:1
06:23.676	ID:14	[INFO: App       ] Sending request 33 to fd00::201:1:1:1
06:23.684	ID:1	[INFO: App       ] Received request 'hello 33' from fd00::207:7:7:7
06:23.684	ID:1	[INFO: App       ] Sending response.
06:23.754	ID:7	[INFO: App       ] Received response 'hello 33' from fd00::201:1:1:1
06:23.772	ID:1	[INFO: App       ] Received request 'hello 33' from fd00::20e:e:e:e
06:23.772	ID:1	[INFO: App       ] Sending response.
06:23.851	ID:14	[INFO: App       ] Received response 'hello 33' from fd00::201:1:1:1
06:24.109	ID:15	[INFO: App       ] Sending request 33 to fd00::201:1:1:1
06:24.226	ID:1	[INFO: App       ] Received request 'hello 33' from fd00::20f:f:f:f
06:24.226	ID:1	[INFO: App       ] Sending response.
06:24.317	ID:15	[INFO: App       ] Received response 'hello 33' from fd00::201:1:1:1
06:26.527	ID:3	[INFO: App       ] Sending request 35 to fd00::201:1:1:1
06:26.563	ID:1	[INFO: App       ] Received request 'hello 35' from fd00::203:3:3:3
06:26.563	ID:1	[INFO: App       ] Sending response.
06:26.630	ID:3	[INFO: App       ] Received response 'hello 35' from fd00::201:1:1:1
06:27.024	ID:5	[INFO: App       ] Sending request 35 to fd00::201:1:1:1
06:27.085	ID:1	[INFO: App       ] Received request 'hello 35' from fd00::205:5:5:5
06:27.085	ID:1	[INFO: App       ] Sending response.
06:27.161	ID:5	[INFO: App       ] Received response 'hello 35' from fd00::201:1:1:1
06:27.244	ID:2	[INFO: App       ] Sending request 35 to fd00::201:1:1:1
06:27.258	ID:1	[INFO: App       ] Received request 'hello 35' from fd00::202:2:2:2
06:27.258	ID:1	[INFO: App       ] Sending response.
06:27.323	ID:2	[INFO: App       ] Received response 'hello 35' from fd00::201:1:1:1
06:27.903	ID:10	[INFO: App       ] Sending request 35 to fd00::201:1:1:1
06:27.988	ID:1	[INFO: App       ] Received request 'hello 35' from fd00::20a:a:a:a
06:27.988	ID:1	[INFO: App       ] Sending response.
06:28.061	ID:10	[INFO: App       ] Received response 'hello 35' from fd00::201:1:1:1
06:28.778	ID:6	[INFO: App       ] Sending request 33 to fd00::201:1:1:1
06:28.855	ID:1	[INFO: App       ] Received request 'hello 33' from fd00::206:6:6:6
06:28.855	ID:1	[INFO: App       ] Sending response.
06:28.924	ID:6	[INFO: App       ] Received response 'hello 33' from fd00::201:1:1:1
06:29.239	ID:12	[INFO: App       ] Sending request 33 to fd00::201:1:1:1
06:29.253	ID:8	[INFO: App       ] Sending request 34 to fd00::201:1:1:1
06:29.375	ID:1	[INFO: App       ] Received request 'hello 34' from fd00::208:8:8:8
06:29.375	ID:1	[INFO: App       ] Sending response.
06:29.403	ID:1	[INFO: App       ] Received request 'hello 33' from fd00::20c:c:c:c
06:29.403	ID:1	[INFO: App       ] Sending response.
06:29.439	ID:8	[INFO: App       ] Received response 'hello 34' from fd00::201:1:1:1
06:29.479	ID:12	[INFO: App       ] Received response 'hello 33' from fd00::201:1:1:1
06:31.754	ID:11	[INFO: App       ] Sending request 36 to fd00::201:1:1:1
06:31.849	ID:1	[INFO: App       ] Received request 'hello 36' from fd00::20b:b:b:b
06:31.849	ID:1	[INFO: App       ] Sending response.
06:31.893	ID:13	[INFO: App       ] Sending request 33 to fd00::201:1:1:1
06:31.926	ID:11	[INFO: App       ] Received response 'hello 36' from fd00::201:1:1:1
06:31.978	ID:1	[INFO: App       ] Received request 'hello 33' from fd00::20d:d:d:d
06:31.978	ID:1	[INFO: App       ] Sending response.
06:32.115	ID:13	[INFO: App       ] Received response 'hello 33' from fd00::201:1:1:1
06:32.445	ID:9	[INFO: App       ] Sending request 34 to fd00::201:1:1:1
06:32.501	ID:1	[INFO: App       ] Received request 'hello 34' from fd00::209:9:9:9
06:32.501	ID:1	[INFO: App       ] Sending response.
06:32.573	ID:9	[INFO: App       ] Received response 'hello 34' from fd00::201:1:1:1
06:32.732	ID:4	[INFO: App       ] Sending request 36 to fd00::201:1:1:1
06:32.775	ID:1	[INFO: App       ] Received request 'hello 36' from fd00::204:4:4:4
06:32.775	ID:1	[INFO: App       ] Sending response.
06:32.839	ID:4	[INFO: App       ] Received response 'hello 36' from fd00::201:1:1:1
06:34.213	ID:15	[INFO: App       ] Sending request 34 to fd00::201:1:1:1
06:34.264	ID:1	[INFO: App       ] Received request 'hello 34' from fd00::20f:f:f:f
06:34.264	ID:1	[INFO: App       ] Sending response.
06:34.348	ID:15	[INFO: App       ] Received response 'hello 34' from fd00::201:1:1:1
06:34.481	ID:14	[INFO: App       ] Sending request 34 to fd00::201:1:1:1
06:34.556	ID:7	[INFO: App       ] Sending request 34 to fd00::201:1:1:1
06:34.607	ID:1	[INFO: App       ] Received request 'hello 34' from fd00::20e:e:e:e
06:34.607	ID:1	[INFO: App       ] Sending response.
06:34.647	ID:1	[INFO: App       ] Received request 'hello 34' from fd00::207:7:7:7
06:34.647	ID:1	[INFO: App       ] Sending response.
06:34.722	ID:14	[INFO: App       ] Received response 'hello 34' from fd00::201:1:1:1
06:34.733	ID:7	[INFO: App       ] Received response 'hello 34' from fd00::201:1:1:1
06:36.282	ID:3	[INFO: App       ] Sending request 36 to fd00::201:1:1:1
06:36.324	ID:1	[INFO: App       ] Received request 'hello 36' from fd00::203:3:3:3
06:36.324	ID:1	[INFO: App       ] Sending response.
06:36.379	ID:3	[INFO: App       ] Received response 'hello 36' from fd00::201:1:1:1
06:37.039	ID:10	[INFO: App       ] Sending request 36 to fd00::201:1:1:1
06:37.103	ID:1	[INFO: App       ] Received request 'hello 36' from fd00::20a:a:a:a
06:37.103	ID:1	[INFO: App       ] Sending response.
06:37.200	ID:10	[INFO: App       ] Received response 'hello 36' from fd00::201:1:1:1
06:37.345	ID:5	[INFO: App       ] Sending request 36 to fd00::201:1:1:1
06:37.388	ID:1	[INFO: App       ] Received request 'hello 36' from fd00::205:5:5:5
06:37.388	ID:1	[INFO: App       ] Sending response.
06:37.446	ID:5	[INFO: App       ] Received response 'hello 36' from fd00::201:1:1:1
06:37.858	ID:2	[INFO: App       ] Sending request 36 to fd00::201:1:1:1
06:37.912	ID:1	[INFO: App       ] Received request 'hello 36' from fd00::202:2:2:2
06:37.912	ID:1	[INFO: App       ] Sending response.
06:37.970	ID:2	[INFO: App       ] Received response 'hello 36' from fd00::201:1:1:1
06:38.343	ID:8	[INFO: App       ] Sending request 35 to fd00::201:1:1:1
06:38.446	ID:1	[INFO: App       ] Received request 'hello 35' from fd00::208:8:8:8
06:38.446	ID:1	[INFO: App       ] Sending response.
06:38.529	ID:8	[INFO: App       ] Received response 'hello 35' from fd00::201:1:1:1
06:39.214	ID:6	[INFO: App       ] Sending request 34 to fd00::201:1:1:1
06:39.287	ID:1	[INFO: App       ] Received request 'hello 34' from fd00::206:6:6:6
06:39.287	ID:1	[INFO: App       ] Sending response.
06:39.365	ID:12	[INFO: App       ] Sending request 34 to fd00::201:1:1:1
06:39.384	ID:6	[INFO: App       ] Received response 'hello 34' from fd00::201:1:1:1
06:39.481	ID:1	[INFO: App       ] Received request 'hello 34' from fd00::20c:c:c:c
06:39.481	ID:1	[INFO: App       ] Sending response.
06:39.604	ID:12	[INFO: App       ] Received response 'hello 34' from fd00::201:1:1:1
06:40.798	ID:11	[INFO: App       ] Sending request 37 to fd00::201:1:1:1
06:40.885	ID:1	[INFO: App       ] Received request 'hello 37' from fd00::20b:b:b:b
06:40.885	ID:1	[INFO: App       ] Sending response.
06:40.965	ID:11	[INFO: App       ] Received response 'hello 37' from fd00::201:1:1:1
06:41.887	ID:13	[INFO: App       ] Sending request 34 to fd00::201:1:1:1
06:41.994	ID:1	[INFO: App       ] Received request 'hello 34' from fd00::20d:d:d:d
06:41.994	ID:1	[INFO: App       ] Sending response.
06:42.043	ID:9	[INFO: App       ] Sending request 35 to fd00::201:1:1:1
06:42.086	ID:13	[INFO: App       ] Received response 'hello 34' from fd00::201:1:1:1
06:42.174	ID:1	[INFO: App       ] Received request 'hello 35' from fd00::209:9:9:9
06:42.174	ID:1	[INFO: App       ] Sending response.
06:42.270	ID:9	[INFO: App       ] Received response 'hello 35' from fd00::201:1:1:1
06:43.217	ID:4	[INFO: App       ] Sending request 37 to fd00::201:1:1:1
06:43.241	ID:1	[INFO: App       ] Received request 'hello 37' from fd00::204:4:4:4
06:43.241	ID:1	[INFO: App       ] Sending response.
06:43.299	ID:4	[INFO: App       ] Received response 'hello 37' from fd00::201:1:1:1
06:44.306	ID:7	[INFO: App       ] Sending request 35 to fd00::201:1:1:1
06:44.363	ID:1	[INFO: App       ] Received request 'hello 35' from fd00::207:7:7:7
06:44.363	ID:1	[INFO: App       ] Sending response.
06:44.403	ID:7	[INFO: App       ] Received response 'hello 35' from fd00::201:1:1:1
06:44.524	ID:14	[INFO: App       ] Sending request 35 to fd00::201:1:1:1
06:44.623	ID:1	[INFO: App       ] Received request 'hello 35' from fd00::20e:e:e:e
06:44.623	ID:1	[INFO: App       ] Sending response.
06:44.701	ID:15	[INFO: App       ] Sending request 35 to fd00::201:1:1:1
06:44.775	ID:14	[INFO: App       ] Received response 'hello 35' from fd00::201:1:1:1
06:44.804	ID:1	[INFO: App       ] Received request 'hello 35' from fd00::20f:f:f:f
06:44.804	ID:1	[INFO: App       ] Sending response.
06:44.922	ID:15	[INFO: App       ] Received response 'hello 35' from fd00::201:1:1:1
06:46.401	ID:5	[INFO: App       ] Sending request 37 to fd00::201:1:1:1
06:46.443	ID:3	[INFO: App       ] Sending request 37 to fd00::201:1:1:1
06:46.452	ID:1	[INFO: App       ] Received request 'hello 37' from fd00::205:5:5:5
06:46.452	ID:1	[INFO: App       ] Sending response.
06:46.522	ID:5	[INFO: App       ] Received response 'hello 37' from fd00::201:1:1:1
06:46.564	ID:1	[INFO: App       ] Received request 'hello 37' from fd00::203:3:3:3
06:46.564	ID:1	[INFO: App       ] Sending response.
06:46.624	ID:3	[INFO: App       ] Received response 'hello 37' from fd00::201:1:1:1
06:47.429	ID:10	[INFO: App       ] Sending request 37 to fd00::201:1:1:1
06:47.526	ID:1	[INFO: App       ] Received request 'hello 37' from fd00::20a:a:a:a
06:47.526	ID:1	[INFO: App       ] Sending response.
06:47.644	ID:10	[INFO: App       ] Received response 'hello 37' from fd00::201:1:1:1
06:48.346	ID:2	[INFO: App       ] Sending request 37 to fd00::201:1:1:1
06:48.380	ID:1	[INFO: App       ] Received request 'hello 37' from fd00::202:2:2:2
06:48.380	ID:1	[INFO: App       ] Sending response.
06:48.420	ID:2	[INFO: App       ] Received response 'hello 37' from fd00::201:1:1:1
06:48.872	ID:8	[INFO: App       ] Sending request 36 to fd00::201:1:1:1
06:48.923	ID:1	[INFO: App       ] Received request 'hello 36' from fd00::208:8:8:8
06:48.923	ID:1	[INFO: App       ] Sending response.
06:49.029	ID:8	[INFO: App       ] Received response 'hello 36' from fd00::201:1:1:1
06:49.860	ID:12	[INFO: App       ] Sending request 35 to fd00::201:1:1:1
06:49.965	ID:1	[INFO: App       ] Received request 'hello 35' from fd00::20c:c:c:c
06:49.965	ID:1	[INFO: App       ] Sending response.
06:50.069	ID:12	[INFO: App       ] Received response 'hello 35' from fd00::201:1:1:1
06:50.101	ID:6	[INFO: App       ] Sending request 35 to fd00::201:1:1:1
06:50.184	ID:1	[INFO: App       ] Received request 'hello 35' from fd00::206:6:6:6
06:50.184	ID:1	[INFO: App       ] Sending response.
06:50.296	ID:6	[INFO: App       ] Received response 'hello 35' from fd00::201:1:1:1
06:51.186	ID:13	[INFO: App       ] Sending request 35 to fd00::201:1:1:1
06:51.308	ID:1	[INFO: App       ] Received request 'hello 35' from fd00::20d:d:d:d
06:51.308	ID:1	[INFO: App       ] Sending response.
06:51.368	ID:13	[INFO: App       ] Received response 'hello 35' from fd00::201:1:1:1
06:51.484	ID:11	[INFO: App       ] Sending request 38 to fd00::201:1:1:1
06:51.524	ID:1	[INFO: App       ] Received request 'hello 38' from fd00::20b:b:b:b
06:51.524	ID:1	[INFO: App       ] Sending response.
06:51.588	ID:11	[INFO: App       ] Received response 'hello 38' from fd00::201:1:1:1
06:51.709	ID:9	[INFO: App       ] Sending request 36 to fd00::201:1:1:1
06:51.798	ID:1	[INFO: App       ] Received request 'hello 36' from fd00::209:9:9:9
06:51.798	ID:1	[INFO: App       ] Sending response.
06:51.895	ID:9	[INFO: App       ] Received response 'hello 36' from fd00::201:1:1:1
06:53.219	ID:4	[INFO: App       ] Sending request 38 to fd00::201:1:1:1
06:53.298	ID:1	[INFO: App       ] Received request 'hello 38' from fd00::204:4:4:4
06:53.298	ID:1	[INFO: App       ] Sending response.
06:53.380	ID:4	[INFO: App       ] Received response 'hello 38' from fd00::201:1:1:1
06:53.523	ID:7	[INFO: App       ] Sending request 36 to fd00::201:1:1:1
06:53.551	ID:1	[INFO: App       ] Received request 'hello 36' from fd00::207:7:7:7
06:53.551	ID:1	[INFO: App       ] Sending response.
06:53.630	ID:7	[INFO: App       ] Received response 'hello 36' from fd00::201:1:1:1
06:54.845	ID:14	[INFO: App       ] Sending request 36 to fd00::201:1:1:1
06:54.845	ID:15	[INFO: App       ] Sending request 36 to fd00::201:1:1:1
06:54.933	ID:1	[INFO: App       ] Received request 'hello 36' from fd00::20f:f:f:f
06:54.933	ID:1	[INFO: App       ] Sending response.
06:55.003	ID:1	[INFO: App       ] Received request 'hello 36' from fd00::20e:e:e:e
06:55.003	ID:1	[INFO: App       ] Sending response.
06:55.036	ID:15	[INFO: App       ] Received response 'hello 36' from fd00::201:1:1:1
06:55.142	ID:14	[INFO: App       ] Received response 'hello 36' from fd00::201:1:1:1
06:56.514	ID:3	[INFO: App       ] Sending request 38 to fd00::201:1:1:1
06:56.530	ID:1	[INFO: App       ] Received request 'hello 38' from fd00::203:3:3:3
06:56.530	ID:1	[INFO: App       ] Sending response.
06:56.587	ID:3	[INFO: App       ] Received response 'hello 38' from fd00::201:1:1:1
06:57.047	ID:10	[INFO: App       ] Sending request 38 to fd00::201:1:1:1
06:57.106	ID:5	[INFO: App       ] Sending request 38 to fd00::201:1:1:1
06:57.134	ID:1	[INFO: App       ] Received request 'hello 38' from fd00::20a:a:a:a
06:57.134	ID:1	[INFO: App       ] Sending response.
06:57.160	ID:1	[INFO: App       ] Received request 'hello 38' from fd00::205:5:5:5
06:57.160	ID:1	[INFO: App       ] Sending response.
06:57.196	ID:10	[INFO: App       ] Received response 'hello 38' from fd00::201:1:1:1
06:57.254	ID:5	[INFO: App       ] Received response 'hello 38' from fd00::201:1:1:1
06:57.870	ID:2	[INFO: App       ] Sending request 38 to fd00::201:1:1:1
06:57.910	ID:1	[INFO: App       ] Received request 'hello 38' from fd00::202:2:2:2
06:57.910	ID:1	[INFO: App       ] Sending response.
06:57.971	ID:2	[INFO: App       ] Received response 'hello 38' from fd00::201:1:1:1
06:58.664	ID:8	[INFO: App       ] Sending request 37 to fd00::201:1:1:1
06:58.764	ID:1	[INFO: App       ] Received request 'hello 37' from fd00::208:8:8:8
06:58.764	ID:1	[INFO: App       ] Sending response.
06:58.862	ID:8	[INFO: App       ] Received response 'hello 37' from fd00::201:1:1:1
06:59.295	ID:12	[INFO: App       ] Sending request 36 to fd00::201:1:1:1
06:59.433	ID:1	[INFO: App       ] Received request 'hello 36' from fd00::20c:c:c:c
06:59.433	ID:1	[INFO: App       ] Sending response.
06:59.522	ID:12	[INFO: App       ] Received response 'hello 36' from fd00::201:1:1:1
07:00.920	ID:6	[INFO: App       ] Sending request 36 to fd00::201:1:1:1
07:01.023	ID:1	[INFO: App       ] Received request 'hello 36' from fd00::206:6:6:6
07:01.023	ID:1	[INFO: App       ] Sending response.
07:01.139	ID:6	[INFO: App       ] Received response 'hello 36' from fd00::201:1:1:1
07:01.210	ID:13	[INFO: App       ] Sending request 36 to fd00::201:1:1:1
07:01.212	ID:9	[INFO: App       ] Sending request 37 to fd00::201:1:1:1
07:01.340	ID:1	[INFO: App       ] Received request 'hello 36' from fd00::20d:d:d:d
07:01.340	ID:1	[INFO: App       ] Sending response.
07:01.434	ID:1	[INFO: App       ] Received request 'hello 37' from fd00::209:9:9:9
07:01.434	ID:1	[INFO: App       ] Sending response.
07:01.440	ID:13	[INFO: App       ] Received response 'hello 36' from fd00::201:1:1:1
07:01.524	ID:9	[INFO: App       ] Received response 'hello 37' from fd00::201:1:1:1
07:01.865	ID:11	[INFO: App       ] Sending request 39 to fd00::201:1:1:1
07:01.962	ID:1	[INFO: App       ] Received request 'hello 39' from fd00::20b:b:b:b
07:01.962	ID:1	[INFO: App       ] Sending response.
07:02.072	ID:11	[INFO: App       ] Received response 'hello 39' from fd00::201:1:1:1
07:02.734	ID:7	[INFO: App       ] Sending request 37 to fd00::201:1:1:1
07:02.826	ID:1	[INFO: App       ] Received request 'hello 37' from fd00::207:7:7:7
07:02.826	ID:1	[INFO: App       ] Sending response.
07:02.901	ID:7	[INFO: App       ] Received response 'hello 37' from fd00::201:1:1:1
07:03.206	ID:4	[INFO: App       ] Sending request 39 to fd00::201:1:1:1
07:03.244	ID:1	[INFO: App       ] Received request 'hello 39' from fd00::204:4:4:4
07:03.244	ID:1	[INFO: App       ] Sending response.
07:03.282	ID:4	[INFO: App       ] Received response 'hello 39' from fd00::201:1:1:1
07:05.445	ID:14	[INFO: App       ] Sending request 37 to fd00::201:1:1:1
07:05.541	ID:1	[INFO: App       ] Received request 'hello 37' from fd00::20e:e:e:e
07:05.541	ID:1	[INFO: App       ] Sending response.
07:05.666	ID:14	[INFO: App       ] Received response 'hello 37' from fd00::201:1:1:1
07:05.761	ID:15	[INFO: App       ] Sending request 37 to fd00::201:1:1:1
07:05.921	ID:1	[INFO: App       ] Received request 'hello 37' from fd00::20f:f:f:f
07:05.921	ID:1	[INFO: App       ] Sending response.
07:06.036	ID:15	[INFO: App       ] Received response 'hello 37' from fd00::201:1:1:1
07:06.891	ID:5	[INFO: App       ] Sending request 39 to fd00::201:1:1:1
07:06.964	ID:1	[INFO: App       ] Received request 'hello 39' from fd00::205:5:5:5
07:06.964	ID:1	[INFO: App       ] Sending response.
07:07.025	ID:2	[INFO: App       ] Sending request 39 to fd00::201:1:1:1
07:07.029	ID:5	[INFO: App       ] Received response 'hello 39' from fd00::201:1:1:1
07:07.047	ID:1	[INFO: App       ] Received request 'hello 39' from fd00::202:2:2:2
07:07.047	ID:1	[INFO: App       ] Sending response.
07:07.128	ID:2	[INFO: App       ] Received response 'hello 39' from fd00::201:1:1:1
07:07.313	ID:10	[INFO: App       ] Sending request 39 to fd00::201:1:1:1
07:07.330	ID:3	[INFO: App       ] Sending request 39 to fd00::201:1:1:1
07:07.352	ID:1	[INFO: App       ] Received request 'hello 39' from fd00::203:3:3:3
07:07.352	ID:1	[INFO: App       ] Sending response.
07:07.405	ID:3	[INFO: App       ] Received response 'hello 39' from fd00::201:1:1:1
07:07.434	ID:1	[INFO: App       ] Received request 'hello 39' from fd00::20a:a:a:a
07:07.434	ID:1	[INFO: App       ] Sending response.
07:07.492	ID:10	[INFO: App       ] Received response 'hello 39' from fd00::201:1:1:1
07:08.525	ID:8	[INFO: App       ] Sending request 38 to fd00::201:1:1:1
07:08.592	ID:1	[INFO: App       ] Received request 'hello 38' from fd00::208:8:8:8
07:08.592	ID:1	[INFO: App       ] Sending response.
07:08.643	ID:8	[INFO: App       ] Received response 'hello 38' from fd00::201:1:1:1
07:09.900	ID:12	[INFO: App       ] Sending request 37 to fd00::201:1:1:1
07:10.009	ID:1	[INFO: App       ] Received request 'hello 37' from fd00::20c:c:c:c
07:10.009	ID:1	[INFO: App       ] Sending response.
07:10.128	ID:12	[INFO: App       ] Received response 'hello 37' from fd00::201:1:1:1
07:10.246	ID:9	[INFO: App       ] Sending request 38 to fd00::201:1:1:1
07:10.347	ID:1	[INFO: App       ] Received request 'hello 38' from fd00::209:9:9:9
07:10.347	ID:1	[INFO: App       ] Sending response.
07:10.454	ID:9	[INFO: App       ] Received response 'hello 38' from fd00::201:1:1:1
07:10.907	ID:6	[INFO: App       ] Sending request 37 to fd00::201:1:1:1
07:11.003	ID:1	[INFO: App       ] Received request 'hello 37' from fd00::206:6:6:6
07:11.003	ID:1	[INFO: App       ] Sending response.
07:11.078	ID:6	[INFO: App       ] Received response 'hello 37' from fd00::201:1:1:1
07:11.270	ID:13	[INFO: App       ] Sending request 37 to fd00::201:1:1:1
07:11.355	ID:1	[INFO: App       ] Received request 'hello 37' from fd00::20d:d:d:d
07:11.355	ID:1	[INFO: App       ] Sending response.
07:11.443	ID:11	[INFO: App       ] Tx/Rx/MissedTx: 40/40/0
07:11.443	ID:11	[INFO: App       ] Sending request 40 to fd00::201:1:1:1
07:11.504	ID:1	[INFO: App       ] Received request 'hello 40' from fd00::20b:b:b:b
07:11.504	ID:1	[INFO: App       ] Sending response.
07:11.505	ID:13	[INFO: App       ] Received response 'hello 37' from fd00::201:1:1:1
07:11.551	ID:11	[INFO: App       ] Received response 'hello 40' from fd00::201:1:1:1
07:13.479	ID:7	[INFO: App       ] Sending request 38 to fd00::201:1:1:1
07:13.530	ID:1	[INFO: App       ] Received request 'hello 38' from fd00::207:7:7:7
07:13.530	ID:1	[INFO: App       ] Sending response.
07:13.612	ID:7	[INFO: App       ] Received response 'hello 38' from fd00::201:1:1:1
07:13.729	ID:4	[INFO: App       ] Tx/Rx/MissedTx: 40/40/0
07:13.729	ID:4	[INFO: App       ] Sending request 40 to fd00::201:1:1:1
07:13.743	ID:1	[INFO: App       ] Received request 'hello 40' from fd00::204:4:4:4
07:13.743	ID:1	[INFO: App       ] Sending response.
07:13.825	ID:4	[INFO: App       ] Received response 'hello 40' from fd00::201:1:1:1
07:14.787	ID:15	[INFO: App       ] Sending request 38 to fd00::201:1:1:1
07:14.878	ID:14	[INFO: App       ] Sending request 38 to fd00::201:1:1:1
07:14.892	ID:1	[INFO: App       ] Received request 'hello 38' from fd00::20f:f:f:f
07:14.892	ID:1	[INFO: App       ] Sending response.
07:14.985	ID:15	[INFO: App       ] Received response 'hello 38' from fd00::201:1:1:1
07:15.037	ID:1	[INFO: App       ] Received request 'hello 38' from fd00::20e:e:e:e
07:15.037	ID:1	[INFO: App       ] Sending response.
07:15.168	ID:14	[INFO: App       ] Received response 'hello 38' from fd00::201:1:1:1
07:15.989	ID:5	[INFO: App       ] Tx/Rx/MissedTx: 40/40/0
07:15.989	ID:5	[INFO: App       ] Sending request 40 to fd00::201:1:1:1
07:16.052	ID:1	[INFO: App       ] Received request 'hello 40' from fd00::205:5:5:5
07:16.052	ID:1	[INFO: App       ] Sending response.
07:16.101	ID:5	[INFO: App       ] Received response 'hello 40' from fd00::201:1:1:1
07:16.439	ID:10	[INFO: App       ] Tx/Rx/MissedTx: 40/40/0
07:16.439	ID:10	[INFO: App       ] Sending request 40 to fd00::201:1:1:1
07:16.499	ID:1	[INFO: App       ] Received request 'hello 40' from fd00::20a:a:a:a
07:16.499	ID:1	[INFO: App       ] Sending response.
07:16.598	ID:10	[INFO: App       ] Received response 'hello 40' from fd00::201:1:1:1
07:17.918	ID:2	[INFO: App       ] Tx/Rx/MissedTx: 40/40/0
07:17.918	ID:2	[INFO: App       ] Sending request 40 to fd00::201:1:1:1
07:17.952	ID:1	[INFO: App       ] Received request 'hello 40' from fd00::202:2:2:2
07:17.952	ID:1	[INFO: App       ] Sending response.
07:18.004	ID:2	[INFO: App       ] Received response 'hello 40' from fd00::201:1:1:1
07:18.216	ID:3	[INFO: App       ] Tx/Rx/MissedTx: 40/40/0
07:18.216	ID:3	[INFO: App       ] Sending request 40 to fd00::201:1:1:1
07:18.301	ID:1	[INFO: App       ] Received request 'hello 40' from fd00::203:3:3:3
07:18.301	ID:1	[INFO: App       ] Sending response.
07:18.361	ID:3	[INFO: App       ] Received response 'hello 40' from fd00::201:1:1:1
07:19.000	ID:8	[INFO: App       ] Sending request 39 to fd00::201:1:1:1
07:19.089	ID:1	[INFO: App       ] Received request 'hello 39' from fd00::208:8:8:8
07:19.089	ID:1	[INFO: App       ] Sending response.
07:19.186	ID:8	[INFO: App       ] Received response 'hello 39' from fd00::201:1:1:1
07:20.150	ID:9	[INFO: App       ] Sending request 39 to fd00::201:1:1:1
07:20.248	ID:1	[INFO: App       ] Received request 'hello 39' from fd00::209:9:9:9
07:20.248	ID:1	[INFO: App       ] Sending response.
07:20.340	ID:9	[INFO: App       ] Received response 'hello 39' from fd00::201:1:1:1
07:20.622	ID:12	[INFO: App       ] Sending request 38 to fd00::201:1:1:1
07:20.737	ID:6	[INFO: App       ] Sending request 38 to fd00::201:1:1:1
07:20.742	ID:1	[INFO: App       ] Received request 'hello 38' from fd00::20c:c:c:c
07:20.742	ID:1	[INFO: App       ] Sending response.
07:20.840	ID:1	[INFO: App       ] Received request 'hello 38' from fd00::206:6:6:6
07:20.840	ID:1	[INFO: App       ] Sending response.
07:20.888	ID:12	[INFO: App       ] Received response 'hello 38' from fd00::201:1:1:1
07:20.927	ID:6	[INFO: App       ] Received response 'hello 38' from fd00::201:1:1:1
07:21.288	ID:11	[INFO: App       ] Sending request 41 to fd00::201:1:1:1
07:21.377	ID:1	[INFO: App       ] Received request 'hello 41' from fd00::20b:b:b:b
07:21.377	ID:1	[INFO: App       ] Sending response.
07:21.485	ID:11	[INFO: App       ] Received response 'hello 41' from fd00::201:1:1:1
07:21.600	ID:13	[INFO: App       ] Sending request 38 to fd00::201:1:1:1
07:21.669	ID:1	[INFO: App       ] Received request 'hello 38' from fd00::20d:d:d:d
07:21.669	ID:1	[INFO: App       ] Sending response.
07:21.781	ID:13	[INFO: App       ] Received response 'hello 38' from fd00::201:1:1:1
07:22.859	ID:7	[INFO: App       ] Sending request 39 to fd00::201:1:1:1
07:22.922	ID:1	[INFO: App       ] Received request 'hello 39' from fd00::207:7:7:7
07:22.922	ID:1	[INFO: App       ] Sending response.
07:23.033	ID:7	[INFO: App       ] Received response 'hello 39' from fd00::201:1:1:1
07:24.362	ID:4	[INFO: App       ] Sending request 41 to fd00::201:1:1:1
07:24.397	ID:1	[INFO: App       ] Received request 'hello 41' from fd00::204:4:4:4
07:24.397	ID:1	[INFO: App       ] Sending response.
07:24.439	ID:4	[INFO: App       ] Received response 'hello 41' from fd00::201:1:1:1
07:24.602	ID:14	[INFO: App       ] Sending request 39 to fd00::201:1:1:1
07:24.736	ID:1	[INFO: App       ] Received request 'hello 39' from fd00::20e:e:e:e
07:24.736	ID:1	[INFO: App       ] Sending response.
07:24.849	ID:14	[INFO: App       ] Received response 'hello 39' from fd00::201:1:1:1
07:25.465	ID:15	[INFO: App       ] Sending request 39 to fd00::201:1:1:1
07:25.578	ID:1	[INFO: App       ] Received request 'hello 39' from fd00::20f:f:f:f
07:25.578	ID:1	[INFO: App       ] Sending response.
07:25.702	ID:15	[INFO: App       ] Received response 'hello 39' from fd00::201:1:1:1
07:26.385	ID:5	[INFO: App       ] Sending request 41 to fd00::201:1:1:1
07:26.432	ID:1	[INFO: App       ] Received request 'hello 41' from fd00::205:5:5:5
07:26.432	ID:1	[INFO: App       ] Sending response.
07:26.473	ID:5	[INFO: App       ] Received response 'hello 41' from fd00::201:1:1:1
07:27.183	ID:10	[INFO: App       ] Sending request 41 to fd00::201:1:1:1
07:27.270	ID:1	[INFO: App       ] Received request 'hello 41' from fd00::20a:a:a:a
07:27.270	ID:1	[INFO: App       ] Sending response.
07:27.344	ID:10	[INFO: App       ] Received response 'hello 41' from fd00::201:1:1:1
07:27.506	ID:3	[INFO: App       ] Sending request 41 to fd00::201:1:1:1
07:27.550	ID:1	[INFO: App       ] Received request 'hello 41' from fd00::203:3:3:3
07:27.550	ID:1	[INFO: App       ] Sending response.
07:27.599	ID:3	[INFO: App       ] Received response 'hello 41' from fd00::201:1:1:1
07:28.445	ID:2	[INFO: App       ] Sending request 41 to fd00::201:1:1:1
07:28.531	ID:1	[INFO: App       ] Received request 'hello 41' from fd00::202:2:2:2
07:28.531	ID:1	[INFO: App       ] Sending response.
07:28.565	ID:2	[INFO: App       ] Received response 'hello 41' from fd00::201:1:1:1
07:29.399	ID:8	[INFO: App       ] Tx/Rx/MissedTx: 40/40/0
07:29.399	ID:8	[INFO: App       ] Sending request 40 to fd00::201:1:1:1
07:29.492	ID:1	[INFO: App       ] Received request 'hello 40' from fd00::208:8:8:8
07:29.492	ID:1	[INFO: App       ] Sending response.
07:29.591	ID:8	[INFO: App       ] Received response 'hello 40' from fd00::201:1:1:1
07:30.091	ID:9	[INFO: App       ] Tx/Rx/MissedTx: 40/40/0
07:30.091	ID:9	[INFO: App       ] Sending request 40 to fd00::201:1:1:1
07:30.163	ID:1	[INFO: App       ] Received request 'hello 40' from fd00::209:9:9:9
07:30.163	ID:1	[INFO: App       ] Sending response.
07:30.247	ID:9	[INFO: App       ] Received response 'hello 40' from fd00::201:1:1:1
07:30.561	ID:12	[INFO: App       ] Sending request 39 to fd00::201:1:1:1
07:30.668	ID:11	[INFO: App       ] Sending request 42 to fd00::201:1:1:1
07:30.686	ID:1	[INFO: App       ] Received request 'hello 39' from fd00::20c:c:c:c
07:30.686	ID:1	[INFO: App       ] Sending response.
07:30.743	ID:1	[INFO: App       ] Received request 'hello 42' from fd00::20b:b:b:b
07:30.743	ID:1	[INFO: App       ] Sending response.
07:30.786	ID:12	[INFO: App       ] Received response 'hello 39' from fd00::201:1:1:1
07:30.833	ID:11	[INFO: App       ] Received response 'hello 42' from fd00::201:1:1:1
07:31.575	ID:6	[INFO: App       ] Sending request 39 to fd00::201:1:1:1
07:31.657	ID:1	[INFO: App       ] Received request 'hello 39' from fd00::206:6:6:6
07:31.657	ID:1	[INFO: App       ] Sending response.
07:31.716	ID:6	[INFO: App       ] Received response 'hello 39' from fd00::201:1:1:1
07:32.092	ID:13	[INFO: App       ] Sending request 39 to fd00::201:1:1:1
07:32.255	ID:1	[INFO: App       ] Received request 'hello 39' from fd00::20d:d:d:d
07:32.255	ID:1	[INFO: App       ] Sending response.
07:32.353	ID:13	[INFO: App       ] Received response 'hello 39' from fd00::201:1:1:1
07:33.663	ID:7	[INFO: App       ] Tx/Rx/MissedTx: 40/40/0
07:33.663	ID:7	[INFO: App       ] Sending request 40 to fd00::201:1:1:1
07:33.730	ID:1	[INFO: App       ] Received request 'hello 40' from fd00::207:7:7:7
07:33.730	ID:1	[INFO: App       ] Sending response.
07:33.842	ID:7	[INFO: App       ] Received response 'hello 40' from fd00::201:1:1:1
07:34.510	ID:15	[INFO: App       ] Tx/Rx/MissedTx: 40/40/0
07:34.510	ID:15	[INFO: App       ] Sending request 40 to fd00::201:1:1:1
07:34.629	ID:1	[INFO: App       ] Received request 'hello 40' from fd00::20f:f:f:f
07:34.629	ID:1	[INFO: App       ] Sending response.
07:34.718	ID:15	[INFO: App       ] Received response 'hello 40' from fd00::201:1:1:1
07:34.933	ID:4	[INFO: App       ] Sending request 42 to fd00::201:1:1:1
07:34.981	ID:1	[INFO: App       ] Received request 'hello 42' from fd00::204:4:4:4
07:34.981	ID:1	[INFO: App       ] Sending response.
07:35.039	ID:4	[INFO: App       ] Received response 'hello 42' from fd00::201:1:1:1
07:35.158	ID:14	[INFO: App       ] Tx/Rx/MissedTx: 40/40/0
07:35.158	ID:14	[INFO: App       ] Sending request 40 to fd00::201:1:1:1
07:35.248	ID:1	[INFO: App       ] Received request 'hello 40' from fd00::20e:e:e:e
07:35.248	ID:1	[INFO: App       ] Sending response.
07:35.357	ID:14	[INFO: App       ] Received response 'hello 40' from fd00::201:1:1:1
07:35.617	ID:5	[INFO: App       ] Sending request 42 to fd00::201:1:1:1
07:35.674	ID:1	[INFO: App       ] Received request 'hello 42' from fd00::205:5:5:5
07:35.674	ID:1	[INFO: App       ] Sending response.
07:35.728	ID:5	[INFO: App       ] Received response 'hello 42' from fd00::201:1:1:1
07:37.306	ID:3	[INFO: App       ] Sending request 42 to fd00::201:1:1:1
07:37.387	ID:1	[INFO: App       ] Received request 'hello 42' from fd00::203:3:3:3
07:37.387	ID:1	[INFO: App       ] Sending response.
07:37.420	ID:3	[INFO: App       ] Received response 'hello 42' from fd00::201:1:1:1
07:37.731	ID:10	[INFO: App       ] Sending request 42 to fd00::201:1:1:1
07:37.782	ID:1	[INFO: App       ] Received request 'hello 42' from fd00::20a:a:a:a
07:37.782	ID:1	[INFO: App       ] Sending response.
07:37.867	ID:10	[INFO: App       ] Received response 'hello 42' from fd00::201:1:1:1
07:38.507	ID:2	[INFO: App       ] Sending request 42 to fd00::201:1:1:1
07:38.571	ID:1	[INFO: App       ] Received request 'hello 42' from fd00::202:2:2:2
07:38.571	ID:1	[INFO: App       ] Sending response.
07:38.635	ID:2	[INFO: App       ] Received response 'hello 42' from fd00::201:1:1:1
07:39.294	ID:8	[INFO: App       ] Sending request 41 to fd00::201:1:1:1
07:39.414	ID:1	[INFO: App       ] Received request 'hello 41' from fd00::208:8:8:8
07:39.414	ID:1	[INFO: App       ] Sending response.
07:39.487	ID:8	[INFO: App       ] Received response 'hello 41' from fd00::201:1:1:1
07:40.406	ID:9	[INFO: App       ] Sending request 41 to fd00::201:1:1:1
07:40.502	ID:1	[INFO: App       ] Received request 'hello 41' from fd00::209:9:9:9
07:40.502	ID:1	[INFO: App       ] Sending response.
07:40.550	ID:9	[INFO: App       ] Received response 'hello 41' from fd00::201:1:1:1
07:40.591	ID:6	[INFO: App       ] Tx/Rx/MissedTx: 40/40/0
07:40.591	ID:6	[INFO: App       ] Sending request 40 to fd00::201:1:1:1
07:40.666	ID:1	[INFO: App       ] Received request 'hello 40' from fd00::206:6:6:6
07:40.666	ID:1	[INFO: App       ] Sending response.
07:40.759	ID:6	[INFO: App       ] Received response 'hello 40' from fd00::201:1:1:1
07:40.996	ID:12	[INFO: App       ] Tx/Rx/MissedTx: 40/40/0
07:40.996	ID:12	[INFO: App       ] Sending request 40 to fd00::201:1:1:1
07:41.090	ID:1	[INFO: App       ] Received request 'hello 40' from fd00::20c:c:c:c
07:41.090	ID:1	[INFO: App       ] Sending response.
07:41.155	ID:12	[INFO: App       ] Received response 'hello 40' from fd00::201:1:1:1
07:41.194	ID:11	[INFO: App       ] Sending request 43 to fd00::201:1:1:1
07:41.290	ID:1	[INFO: App       ] Received request 'hello 43' from fd00::20b:b:b:b
07:41.290	ID:1	[INFO: App       ] Sending response.
07:41.375	ID:11	[INFO: App       ] Received response 'hello 43' from fd00::201:1:1:1
07:42.992	ID:13	[INFO: App       ] Tx/Rx/MissedTx: 40/40/0
07:42.992	ID:13	[INFO: App       ] Sending request 40 to fd00::201:1:1:1
07:43.076	ID:1	[INFO: App       ] Received request 'hello 40' from fd00::20d:d:d:d
07:43.076	ID:1	[INFO: App       ] Sending response.
07:43.197	ID:13	[INFO: App       ] Received response 'hello 40' from fd00::201:1:1:1
07:43.775	ID:7	[INFO: App       ] Sending request 41 to fd00::201:1:1:1
07:43.826	ID:1	[INFO: App       ] Received request 'hello 41' from fd00::207:7:7:7
07:43.826	ID:1	[INFO: App       ] Sending response.
07:43.907	ID:15	[INFO: App       ] Sending request 41 to fd00::201:1:1:1
07:43.916	ID:7	[INFO: App       ] Received response 'hello 41' from fd00::201:1:1:1
07:43.993	ID:1	[INFO: App       ] Received request 'hello 41' from fd00::20f:f:f:f
07:43.993	ID:1	[INFO: App       ] Sending response.
07:44.156	ID:15	[INFO: App       ] Received response 'hello 41' from fd00::201:1:1:1
07:44.282	ID:4	[INFO: App       ] Sending request 43 to fd00::201:1:1:1
07:44.321	ID:1	[INFO: App       ] Received request 'hello 43' from fd00::204:4:4:4
07:44.321	ID:1	[INFO: App       ] Sending response.
07:44.375	ID:4	[INFO: App       ] Received response 'hello 43' from fd00::201:1:1:1
07:44.689	ID:14	[INFO: App       ] Sending request 41 to fd00::201:1:1:1
07:44.805	ID:1	[INFO: App       ] Received request 'hello 41' from fd00::20e:e:e:e
07:44.805	ID:1	[INFO: App       ] Sending response.
07:44.945	ID:14	[INFO: App       ] Received response 'hello 41' from fd00::201:1:1:1
07:45.954	ID:5	[INFO: App       ] Sending request 43 to fd00::201:1:1:1
07:45.982	ID:1	[INFO: App       ] Received request 'hello 43' from fd00::205:5:5:5
07:45.982	ID:1	[INFO: App       ] Sending response.
07:46.052	ID:5	[INFO: App       ] Received response 'hello 43' from fd00::201:1:1:1
07:48.241	ID:3	[INFO: App       ] Sending request 43 to fd00::201:1:1:1
07:48.267	ID:1	[INFO: App       ] Received request 'hello 43' from fd00::203:3:3:3
07:48.267	ID:1	[INFO: App       ] Sending response.
07:48.317	ID:3	[INFO: App       ] Received response 'hello 43' from fd00::201:1:1:1
07:48.497	ID:10	[INFO: App       ] Sending request 43 to fd00::201:1:1:1
07:48.506	ID:8	[INFO: App       ] Sending request 42 to fd00::201:1:1:1
07:48.592	ID:1	[INFO: App       ] Received request 'hello 42' from fd00::208:8:8:8
07:48.592	ID:1	[INFO: App       ] Sending response.
07:48.634	ID:1	[INFO: App       ] Received request 'hello 43' from fd00::20a:a:a:a
07:48.634	ID:1	[INFO: App       ] Sending response.
07:48.696	ID:8	[INFO: App       ] Received response 'hello 42' from fd00::201:1:1:1
07:48.706	ID:10	[INFO: App       ] Received response 'hello 43' from fd00::201:1:1:1
07:48.792	ID:2	[INFO: App       ] Sending request 43 to fd00::201:1:1:1
07:48.824	ID:1	[INFO: App       ] Received request 'hello 43' from fd00::202:2:2:2
07:48.824	ID:1	[INFO: App       ] Sending response.
07:48.860	ID:2	[INFO: App       ] Received response 'hello 43' from fd00::201:1:1:1
07:49.571	ID:9	[INFO: App       ] Sending request 42 to fd00::201:1:1:1
07:49.636	ID:1	[INFO: App       ] Received request 'hello 42' from fd00::209:9:9:9
07:49.636	ID:1	[INFO: App       ] Sending response.
07:49.698	ID:9	[INFO: App       ] Received response 'hello 42' from fd00::201:1:1:1
07:50.489	ID:6	[INFO: App       ] Sending request 41 to fd00::201:1:1:1
07:50.547	ID:1	[INFO: App       ] Received request 'hello 41' from fd00::206:6:6:6
07:50.547	ID:1	[INFO: App       ] Sending response.
07:50.610	ID:6	[INFO: App       ] Received response 'hello 41' from fd00::201:1:1:1
07:50.635	ID:12	[INFO: App       ] Sending request 41 to fd00::201:1:1:1
07:50.718	ID:1	[INFO: App       ] Received request 'hello 41' from fd00::20c:c:c:c
07:50.718	ID:1	[INFO: App       ] Sending response.
07:50.841	ID:12	[INFO: App       ] Received response 'hello 41' from fd00::201:1:1:1
07:51.771	ID:11	[INFO: App       ] Sending request 44 to fd00::201:1:1:1
07:51.824	ID:1	[INFO: App       ] Received request 'hello 44' from fd00::20b:b:b:b
07:51.824	ID:1	[INFO: App       ] Sending response.
07:51.926	ID:11	[INFO: App       ] Received response 'hello 44' from fd00::201:1:1:1
07:53.321	ID:7	[INFO: App       ] Sending request 42 to fd00::201:1:1:1
07:53.399	ID:1	[INFO: App       ] Received request 'hello 42' from fd00::207:7:7:7
07:53.399	ID:1	[INFO: App       ] Sending response.
07:53.463	ID:7	[INFO: App       ] Received response 'hello 42' from fd00::201:1:1:1
07:53.611	ID:13	[INFO: App       ] Sending request 41 to fd00::201:1:1:1
07:53.688	ID:1	[INFO: App       ] Received request 'hello 41' from fd00::20d:d:d:d
07:53.688	ID:1	[INFO: App       ] Sending response.
07:53.736	ID:4	[INFO: App       ] Sending request 44 to fd00::201:1:1:1
07:53.803	ID:13	[INFO: App       ] Received response 'hello 41' from fd00::201:1:1:1
07:53.803	ID:1	[INFO: App       ] Received request 'hello 44' from fd00::204:4:4:4
07:53.803	ID:1	[INFO: App       ] Sending response.
07:53.866	ID:4	[INFO: App       ] Received response 'hello 44' from fd00::201:1:1:1
07:53.996	ID:14	[INFO: App       ] Sending request 42 to fd00::201:1:1:1
07:54.062	ID:1	[INFO: App       ] Received request 'hello 42' from fd00::20e:e:e:e
07:54.062	ID:1	[INFO: App       ] Sending response.
07:54.189	ID:14	[INFO: App       ] Received response 'hello 42' from fd00::201:1:1:1
07:54.785	ID:15	[INFO: App       ] Sending request 42 to fd00::201:1:1:1
07:54.900	ID:1	[INFO: App       ] Received request 'hello 42' from fd00::20f:f:f:f
07:54.900	ID:1	[INFO: App       ] Sending response.
07:55.035	ID:15	[INFO: App       ] Received response 'hello 42' from fd00::201:1:1:1
07:56.165	ID:5	[INFO: App       ] Sending request 44 to fd00::201:1:1:1
07:56.219	ID:1	[INFO: App       ] Received request 'hello 44' from fd00::205:5:5:5
07:56.219	ID:1	[INFO: App       ] Sending response.
07:56.270	ID:5	[INFO: App       ] Received response 'hello 44' from fd00::201:1:1:1
07:57.880	ID:8	[INFO: App       ] Sending request 43 to fd00::201:1:1:1
07:57.949	ID:1	[INFO: App       ] Received request 'hello 43' from fd00::208:8:8:8
07:57.949	ID:1	[INFO: App       ] Sending response.
07:57.986	ID:8	[INFO: App       ] Received response 'hello 43' from fd00::201:1:1:1
07:58.201	ID:10	[INFO: App       ] Sending request 44 to fd00::201:1:1:1
07:58.267	ID:1	[INFO: App       ] Received request 'hello 44' from fd00::20a:a:a:a
07:58.267	ID:1	[INFO: App       ] Sending response.
07:58.331	ID:10	[INFO: App       ] Received response 'hello 44' from fd00::201:1:1:1
07:58.493	ID:2	[INFO: App       ] Sending request 44 to fd00::201:1:1:1
07:58.539	ID:1	[INFO: App       ] Received request 'hello 44' from fd00::202:2:2:2
07:58.539	ID:1	[INFO: App       ] Sending response.
07:58.569	ID:2	[INFO: App       ] Received response 'hello 44' from fd00::201:1:1:1
07:59.131	ID:9	[INFO: App       ] Sending request 43 to fd00::201:1:1:1
07:59.161	ID:3	[INFO: App       ] Sending request 44 to fd00::201:1:1:1
07:59.168	ID:1	[INFO: App       ] Received request 'hello 43' from fd00::209:9:9:9
07:59.168	ID:1	[INFO: App       ] Sending response.
07:59.208	ID:1	[INFO: App       ] Received request 'hello 44' from fd00::203:3:3:3
07:59.208	ID:1	[INFO: App       ] Sending response.
07:59.250	ID:3	[INFO: App       ] Received response 'hello 44' from fd00::201:1:1:1
07:59.277	ID:9	[INFO: App       ] Received response 'hello 43' from fd00::201:1:1:1
08:00.658	ID:12	[INFO: App       ] Sending request 42 to fd00::201:1:1:1
08:00.788	ID:1	[INFO: App       ] Received request 'hello 42' from fd00::20c:c:c:c
08:00.788	ID:1	[INFO: App       ] Sending response.
08:00.899	ID:12	[INFO: App       ] Received response 'hello 42' from fd00::201:1:1:1
08:01.003	ID:6	[INFO: App       ] Sending request 42 to fd00::201:1:1:1
08:01.092	ID:1	[INFO: App       ] Received request 'hello 42' from fd00::206:6:6:6
08:01.092	ID:1	[INFO: App       ] Sending response.
08:01.216	ID:6	[INFO: App       ] Received response 'hello 42' from fd00::201:1:1:1
08:02.196	ID:11	[INFO: App       ] Sending request 45 to fd00::201:1:1:1
08:02.254	ID:1	[INFO: App       ] Received request 'hello 45' from fd00::20b:b:b:b
08:02.254	ID:1	[INFO: App       ] Sending response.
08:02.355	ID:11	[INFO: App       ] Received response 'hello 45' from fd00::201:1:1:1
08:03.579	ID:7	[INFO: App       ] Sending request 43 to fd00::201:1:1:1
08:03.592	ID:4	[INFO: App       ] Sending request 45 to fd00::201:1:1:1
08:03.597	ID:13	[INFO: App       ] Sending request 42 to fd00::201:1:1:1
08:03.641	ID:1	[INFO: App       ] Received request 'hello 45' from fd00::204:4:4:4
08:03.641	ID:1	[INFO: App       ] Sending response.
08:03.716	ID:1	[INFO: App       ] Received request 'hello 42' from fd00::20d:d:d:d
08:03.716	ID:1	[INFO: App       ] Sending response.
08:03.726	ID:4	[INFO: App       ] Received response 'hello 45' from fd00::201:1:1:1
08:03.732	ID:1	[INFO: App       ] Received request 'hello 43' from fd00::207:7:7:7
08:03.732	ID:1	[INFO: App       ] Sending response.
08:03.811	ID:7	[INFO: App       ] Received response 'hello 43' from fd00::201:1:1:1
08:03.822	ID:14	[INFO: App       ] Sending request 43 to fd00::201:1:1:1
08:03.831	ID:13	[INFO: App       ] Received response 'hello 42' from fd00::201:1:1:1
08:03.916	ID:1	[INFO: App       ] Received request 'hello 43' from fd00::20e:e:e:e
08:03.916	ID:1	[INFO: App       ] Sending response.
08:03.988	ID:14	[INFO: App       ] Received response 'hello 43' from fd00::201:1:1:1
08:04.703	ID:15	[INFO: App       ] Sending request 43 to fd00::201:1:1:1
08:04.791	ID:1	[INFO: App       ] Received request 'hello 43' from fd00::20f:f:f:f
08:04.791	ID:1	[INFO: App       ] Sending response.
08:04.887	ID:15	[INFO: App       ] Received response 'hello 43' from fd00::201:1:1:1
08:05.728	ID:5	[INFO: App       ] Sending request 45 to fd00::201:1:1:1
08:05.766	ID:1	[INFO: App       ] Received request 'hello 45' from fd00::205:5:5:5
08:05.766	ID:1	[INFO: App       ] Sending response.
08:05.811	ID:5	[INFO: App       ] Received response 'hello 45' from fd00::201:1:1:1
08:07.137	ID:8	[INFO: App       ] Sending request 44 to fd00::201:1:1:1
08:07.215	ID:1	[INFO: App       ] Received request 'hello 44' from fd00::208:8:8:8
08:07.215	ID:1	[INFO: App       ] Sending response.
08:07.276	ID:8	[INFO: App       ] Received response 'hello 44' from fd00::201:1:1:1
08:07.674	ID:2	[INFO: App       ] Sending request 45 to fd00::201:1:1:1
08:07.734	ID:1	[INFO: App       ] Received request 'hello 45' from fd00::202:2:2:2
08:07.734	ID:1	[INFO: App       ] Sending response.
08:07.780	ID:2	[INFO: App       ] Received response 'hello 45' from fd00::201:1:1:1
08:09.024	ID:10	[INFO: App       ] Sending request 45 to fd00::201:1:1:1
08:09.094	ID:1	[INFO: App       ] Received request 'hello 45' from fd00::20a:a:a:a
08:09.094	ID:1	[INFO: App       ] Sending response.
08:09.169	ID:10	[INFO: App       ] Received response 'hello 45' from fd00::201:1:1:1
08:09.175	ID:9	[INFO: App       ] Sending request 44 to fd00::201:1:1:1
08:09.240	ID:1	[INFO: App       ] Received request 'hello 44' from fd00::209:9:9:9
08:09.240	ID:1	[INFO: App       ] Sending response.
08:09.327	ID:3	[INFO: App       ] Sending request 45 to fd00::201:1:1:1
08:09.362	ID:9	[INFO: App       ] Received response 'hello 44' from fd00::201:1:1:1
08:09.378	ID:1	[INFO: App       ] Received request 'hello 45' from fd00::203:3:3:3
08:09.378	ID:1	[INFO: App       ] Sending response.
08:09.401	ID:3	[INFO: App       ] Received response 'hello 45' from fd00::201:1:1:1
08:10.006	ID:6	[INFO: App       ] Sending request 43 to fd00::201:1:1:1
08:10.101	ID:1	[INFO: App       ] Received request 'hello 43' from fd00::206:6:6:6
08:10.101	ID:1	[INFO: App       ] Sending response.
08:10.161	ID:6	[INFO: App       ] Received response 'hello 43' from fd00::201:1:1:1
08:10.541	ID:12	[INFO: App       ] Sending request 43 to fd00::201:1:1:1
08:10.577	ID:1	[INFO: App       ] Received request 'hello 43' from fd00::20c:c:c:c
08:10.577	ID:1	[INFO: App       ] Sending response.
08:10.667	ID:12	[INFO: App       ] Received response 'hello 43' from fd00::201:1:1:1
08:11.948	ID:11	[INFO: App       ] Sending request 46 to fd00::201:1:1:1
08:12.028	ID:1	[INFO: App       ] Received request 'hello 46' from fd00::20b:b:b:b
08:12.028	ID:1	[INFO: App       ] Sending response.
08:12.088	ID:11	[INFO: App       ] Received response 'hello 46' from fd00::201:1:1:1
08:13.781	ID:15	[INFO: App       ] Sending request 44 to fd00::201:1:1:1
08:13.787	ID:14	[INFO: App       ] Sending request 44 to fd00::201:1:1:1
08:13.857	ID:1	[INFO: App       ] Received request 'hello 44' from fd00::20f:f:f:f
08:13.857	ID:1	[INFO: App       ] Sending response.
08:13.906	ID:1	[INFO: App       ] Received request 'hello 44' from fd00::20e:e:e:e
08:13.906	ID:1	[INFO: App       ] Sending response.
08:13.918	ID:15	[INFO: App       ] Received response 'hello 44' from fd00::201:1:1:1
08:13.963	ID:7	[INFO: App       ] Sending request 44 to fd00::201:1:1:1
08:13.995	ID:14	[INFO: App       ] Received response 'hello 44' from fd00::201:1:1:1
08:14.048	ID:1	[INFO: App       ] Received request 'hello 44' from fd00::207:7:7:7
08:14.048	ID:1	[INFO: App       ] Sending response.
08:14.133	ID:7	[INFO: App       ] Received response 'hello 44' from fd00::201:1:1:1
08:14.273	ID:13	[INFO: App       ] Sending request 43 to fd00::201:1:1:1
08:14.378	ID:1	[INFO: App       ] Received request 'hello 43' from fd00::20d:d:d:d
08:14.378	ID:1	[INFO: App       ] Sending response.
08:14.447	ID:4	[INFO: App       ] Sending request 46 to fd00::201:1:1:1
08:14.486	ID:13	[INFO: App       ] Received response 'hello 43' from fd00::201:1:1:1
08:14.488	ID:1	[INFO: App       ] Received request 'hello 46' from fd00::204:4:4:4
08:14.488	ID:1	[INFO: App       ] Sending response.
08:14.525	ID:4	[INFO: App       ] Received response 'hello 46' from fd00::201:1:1:1
08:15.595	ID:5	[INFO: App       ] Sending request 46 to fd00::201:1:1:1
08:15.652	ID:1	[INFO: App       ] Received request 'hello 46' from fd00::205:5:5:5
08:15.652	ID:1	[INFO: App       ] Sending response.
08:15.717	ID:5	[INFO: App       ] Received response 'hello 46' from fd00::201:1:1:1
08:17.557	ID:8	[INFO: App       ] Sending request 45 to fd00::201:1:1:1
08:17.658	ID:1	[INFO: App       ] Received request 'hello 45' from fd00::208:8:8:8
08:17.658	ID:1	[INFO: App       ] Sending response.
08:17.719	ID:2	[INFO: App       ] Sending request 46 to fd00::201:1:1:1
08:17.745	ID:8	[INFO: App       ] Received response 'hello 45' from fd00::201:1:1:1
08:17.752	ID:1	[INFO: App       ] Received request 'hello 46' from fd00::202:2:2:2
08:17.752	ID:1	[INFO: App       ] Sending response.
08:17.792	ID:2	[INFO: App       ] Received response 'hello 46' from fd00::201:1:1:1
08:18.484	ID:9	[INFO: App       ] Sending request 45 to fd00::201:1:1:1
08:18.567	ID:1	[INFO: App       ] Received request 'hello 45' from fd00::209:9:9:9
08:18.567	ID:1	[INFO: App       ] Sending response.
08:18.632	ID:9	[INFO: App       ] Received response 'hello 45' from fd00::201:1:1:1
08:18.815	ID:10	[INFO: App       ] Sending request 46 to fd00::201:1:1:1
08:18.892	ID:1	[INFO: App       ] Received request 'hello 46' from fd00::20a:a:a:a
08:18.892	ID:1	[INFO: App       ] Sending response.
08:18.963	ID:10	[INFO: App       ] Received response 'hello 46' from fd00::201:1:1:1
08:19.412	ID:6	[INFO: App       ] Sending request 44 to fd00::201:1:1:1
08:19.474	ID:1	[INFO: App       ] Received request 'hello 44' from fd00::206:6:6:6
08:19.474	ID:1	[INFO: App       ] Sending response.
08:19.517	ID:6	[INFO: App       ] Received response 'hello 44' from fd00::201:1:1:1
08:19.811	ID:3	[INFO: App       ] Sending request 46 to fd00::201:1:1:1
08:19.871	ID:1	[INFO: App       ] Received request 'hello 46' from fd00::203:3:3:3
08:19.871	ID:1	[INFO: App       ] Sending response.
08:19.899	ID:3	[INFO: App       ] Received response 'hello 46' from fd00::201:1:1:1
08:20.290	ID:12	[INFO: App       ] Sending request 44 to fd00::201:1:1:1
08:20.383	ID:1	[INFO: App       ] Received request 'hello 44' from fd00::20c:c:c:c
08:20.383	ID:1	[INFO: App       ] Sending response.
08:20.505	ID:12	[INFO: App       ] Received response 'hello 44' from fd00::201:1:1:1
08:21.056	ID:11	[INFO: App       ] Sending request 47 to fd00::201:1:1:1
08:21.124	ID:1	[INFO: App       ] Received request 'hello 47' from fd00::20b:b:b:b
08:21.124	ID:1	[INFO: App       ] Sending response.
08:21.203	ID:11	[INFO: App       ] Received response 'hello 47' from fd00::201:1:1:1
08:23.067	ID:15	[INFO: App       ] Sending request 45 to fd00::201:1:1:1
08:23.176	ID:1	[INFO: App       ] Received request 'hello 45' from fd00::20f:f:f:f
08:23.176	ID:1	[INFO: App       ] Sending response.
08:23.261	ID:15	[INFO: App       ] Received response 'hello 45' from fd00::201:1:1:1
08:23.858	ID:7	[INFO: App       ] Sending request 45 to fd00::201:1:1:1
08:23.922	ID:1	[INFO: App       ] Received request 'hello 45' from fd00::207:7:7:7
08:23.922	ID:1	[INFO: App       ] Sending response.
08:24.003	ID:7	[INFO: App       ] Received response 'hello 45' from fd00::201:1:1:1
08:24.199	ID:4	[INFO: App       ] Sending request 47 to fd00::201:1:1:1
08:24.238	ID:1	[INFO: App       ] Received request 'hello 47' from fd00::204:4:4:4
08:24.238	ID:1	[INFO: App       ] Sending response.
08:24.266	ID:4	[INFO: App       ] Received response 'hello 47' from fd00::201:1:1:1
08:24.630	ID:14	[INFO: App       ] Sending request 45 to fd00::201:1:1:1
08:24.642	ID:13	[INFO: App       ] Sending request 44 to fd00::201:1:1:1
08:24.711	ID:1	[INFO: App       ] Received request 'hello 44' from fd00::20d:d:d:d
08:24.711	ID:1	[INFO: App       ] Sending response.
08:24.817	ID:13	[INFO: App       ] Received response 'hello 44' from fd00::201:1:1:1
08:24.856	ID:1	[INFO: App       ] Received request 'hello 45' from fd00::20e:e:e:e
08:24.856	ID:1	[INFO: App       ] Sending response.
08:24.964	ID:14	[INFO: App       ] Received response 'hello 45' from fd00::201:1:1:1
08:25.259	ID:5	[INFO: App       ] Sending request 47 to fd00::201:1:1:1
08:25.279	ID:1	[INFO: App       ] Received request 'hello 47' from fd00::205:5:5:5
08:25.279	ID:1	[INFO: App       ] Sending response.
08:25.303	ID:5	[INFO: App       ] Received response 'hello 47' from fd00::201:1:1:1
08:27.344	ID:8	[INFO: App       ] Sending request 46 to fd00::201:1:1:1
08:27.418	ID:1	[INFO: App       ] Received request 'hello 46' from fd00::208:8:8:8
08:27.418	ID:1	[INFO: App       ] Sending response.
08:27.480	ID:8	[INFO: App       ] Received response 'hello 46' from fd00::201:1:1:1
08:27.854	ID:9	[INFO: App       ] Sending request 46 to fd00::201:1:1:1
08:27.947	ID:1	[INFO: App       ] Received request 'hello 46' from fd00::209:9:9:9
08:27.947	ID:1	[INFO: App       ] Sending response.
08:28.017	ID:9	[INFO: App       ] Received response 'hello 46' from fd00::201:1:1:1
08:28.063	ID:2	[INFO: App       ] Sending request 47 to fd00::201:1:1:1
08:28.121	ID:1	[INFO: App       ] Received request 'hello 47' from fd00::202:2:2:2
08:28.121	ID:1	[INFO: App       ] Sending response.
08:28.173	ID:2	[INFO: App       ] Received response 'hello 47' from fd00::201:1:1:1
08:28.595	ID:10	[INFO: App       ] Sending request 47 to fd00::201:1:1:1
08:28.674	ID:1	[INFO: App       ] Received request 'hello 47' from fd00::20a:a:a:a
08:28.674	ID:1	[INFO: App       ] Sending response.
08:28.708	ID:6	[INFO: App       ] Sending request 45 to fd00::201:1:1:1
08:28.779	ID:10	[INFO: App       ] Received response 'hello 47' from fd00::201:1:1:1
08:28.825	ID:1	[INFO: App       ] Received request 'hello 45' from fd00::206:6:6:6
08:28.825	ID:1	[INFO: App       ] Sending response.
08:28.904	ID:6	[INFO: App       ] Received response 'hello 45' from fd00::201:1:1:1
08:29.699	ID:3	[INFO: App       ] Sending request 47 to fd00::201:1:1:1
08:29.735	ID:1	[INFO: App       ] Received request 'hello 47' from fd00::203:3:3:3
08:29.735	ID:1	[INFO: App       ] Sending response.
08:29.793	ID:3	[INFO: App       ] Received response 'hello 47' from fd00::201:1:1:1
08:30.195	ID:12	[INFO: App       ] Sending request 45 to fd00::201:1:1:1
08:30.271	ID:1	[INFO: App       ] Received request 'hello 45' from fd00::20c:c:c:c
08:30.271	ID:1	[INFO: App       ] Sending response.
08:30.392	ID:12	[INFO: App       ] Received response 'hello 45' from fd00::201:1:1:1
08:30.882	ID:11	[INFO: App       ] Sending request 48 to fd00::201:1:1:1
08:30.971	ID:1	[INFO: App       ] Received request 'hello 48' from fd00::20b:b:b:b
08:30.971	ID:1	[INFO: App       ] Sending response.
08:31.092	ID:11	[INFO: App       ] Received response 'hello 48' from fd00::201:1:1:1
08:32.737	ID:15	[INFO: App       ] Sending request 46 to fd00::201:1:1:1
08:32.835	ID:1	[INFO: App       ] Received request 'hello 46' from fd00::20f:f:f:f
08:32.835	ID:1	[INFO: App       ] Sending response.
08:32.929	ID:15	[INFO: App       ] Received response 'hello 46' from fd00::201:1:1:1
08:33.036	ID:7	[INFO: App       ] Sending request 46 to fd00::201:1:1:1
08:33.125	ID:1	[INFO: App       ] Received request 'hello 46' from fd00::207:7:7:7
08:33.125	ID:1	[INFO: App       ] Sending response.
08:33.198	ID:7	[INFO: App       ] Received response 'hello 46' from fd00::201:1:1:1
08:34.740	ID:4	[INFO: App       ] Sending request 48 to fd00::201:1:1:1
08:34.771	ID:14	[INFO: App       ] Sending request 46 to fd00::201:1:1:1
08:34.783	ID:1	[INFO: App       ] Received request 'hello 48' from fd00::204:4:4:4
08:34.783	ID:1	[INFO: App       ] Sending response.
08:34.849	ID:4	[INFO: App       ] Received response 'hello 48' from fd00::201:1:1:1
08:34.865	ID:1	[INFO: App       ] Received request 'hello 46' from fd00::20e:e:e:e
08:34.865	ID:1	[INFO: App       ] Sending response.
08:34.911	ID:13	[INFO: App       ] Sending request 45 to fd00::201:1:1:1
08:34.996	ID:14	[INFO: App       ] Received response 'hello 46' from fd00::201:1:1:1
08:34.999	ID:1	[INFO: App       ] Received request 'hello 45' from fd00::20d:d:d:d
08:34.999	ID:1	[INFO: App       ] Sending response.
08:35.137	ID:13	[INFO: App       ] Received response 'hello 45' from fd00::201:1:1:1
08:35.312	ID:5	[INFO: App       ] Sending request 48 to fd00::201:1:1:1
08:35.389	ID:1	[INFO: App       ] Received request 'hello 48' from fd00::205:5:5:5
08:35.389	ID:1	[INFO: App       ] Sending response.
08:35.424	ID:5	[INFO: App       ] Received response 'hello 48' from fd00::201:1:1:1
08:37.454	ID:9	[INFO: App       ] Sending request 47 to fd00::201:1:1:1
08:37.524	ID:1	[INFO: App       ] Received request 'hello 47' from fd00::209:9:9:9
08:37.524	ID:1	[INFO: App       ] Sending response.
08:37.587	ID:9	[INFO: App       ] Received response 'hello 47' from fd00::201:1:1:1
08:37.855	ID:6	[INFO: App       ] Sending request 46 to fd00::201:1:1:1
08:37.929	ID:1	[INFO: App       ] Received request 'hello 46' from fd00::206:6:6:6
08:37.929	ID:1	[INFO: App       ] Sending response.
08:38.001	ID:6	[INFO: App       ] Received response 'hello 46' from fd00::201:1:1:1
08:38.065	ID:8	[INFO: App       ] Sending request 47 to fd00::201:1:1:1
08:38.168	ID:1	[INFO: App       ] Received request 'hello 47' from fd00::208:8:8:8
08:38.168	ID:1	[INFO: App       ] Sending response.
08:38.243	ID:8	[INFO: App       ] Received response 'hello 47' from fd00::201:1:1:1
08:38.788	ID:10	[INFO: App       ] Sending request 48 to fd00::201:1:1:1
08:38.860	ID:1	[INFO: App       ] Received request 'hello 48' from fd00::20a:a:a:a
08:38.860	ID:1	[INFO: App       ] Sending response.
08:38.945	ID:10	[INFO: App       ] Received response 'hello 48' from fd00::201:1:1:1
08:38.955	ID:2	[INFO: App       ] Sending request 48 to fd00::201:1:1:1
08:39.002	ID:1	[INFO: App       ] Received request 'hello 48' from fd00::202:2:2:2
08:39.002	ID:1	[INFO: App       ] Sending response.
08:39.025	ID:2	[INFO: App       ] Received response 'hello 48' from fd00::201:1:1:1
08:39.893	ID:12	[INFO: App       ] Sending request 46 to fd00::201:1:1:1
08:40.019	ID:1	[INFO: App       ] Received request 'hello 46' from fd00::20c:c:c:c
08:40.019	ID:1	[INFO: App       ] Sending response.
08:40.113	ID:12	[INFO: App       ] Received response 'hello 46' from fd00::201:1:1:1
08:40.535	ID:3	[INFO: App       ] Sending request 48 to fd00::201:1:1:1
08:40.597	ID:1	[INFO: App       ] Received request 'hello 48' from fd00::203:3:3:3
08:40.597	ID:1	[INFO: App       ] Sending response.
08:40.642	ID:3	[INFO: App       ] Received response 'hello 48' from fd00::201:1:1:1
08:40.662	ID:11	[INFO: App       ] Sending request 49 to fd00::201:1:1:1
08:40.750	ID:1	[INFO: App       ] Received request 'hello 49' from fd00::20b:b:b:b
08:40.750	ID:1	[INFO: App       ] Sending response.
08:40.836	ID:11	[INFO: App       ] Received response 'hello 49' from fd00::201:1:1:1
08:42.699	ID:7	[INFO: App       ] Sending request 47 to fd00::201:1:1:1
08:42.785	ID:1	[INFO: App       ] Received request 'hello 47' from fd00::207:7:7:7
08:42.785	ID:1	[INFO: App       ] Sending response.
08:42.850	ID:7	[INFO: App       ] Received response 'hello 47' from fd00::201:1:1:1
08:43.497	ID:15	[INFO: App       ] Sending request 47 to fd00::201:1:1:1
08:43.565	ID:1	[INFO: App       ] Received request 'hello 47' from fd00::20f:f:f:f
08:43.565	ID:1	[INFO: App       ] Sending response.
08:43.678	ID:15	[INFO: App       ] Received response 'hello 47' from fd00::201:1:1:1
08:44.517	ID:14	[INFO: App       ] Sending request 47 to fd00::201:1:1:1
08:44.519	ID:5	[INFO: App       ] Sending request 49 to fd00::201:1:1:1
08:44.673	ID:1	[INFO: App       ] Received request 'hello 49' from fd00::205:5:5:5
08:44.673	ID:1	[INFO: App       ] Sending response.
08:44.698	ID:1	[INFO: App       ] Received request 'hello 47' from fd00::20e:e:e:e
08:44.698	ID:1	[INFO: App       ] Sending response.
08:44.709	ID:5	[INFO: App       ] Received response 'hello 49' from fd00::201:1:1:1
08:44.819	ID:14	[INFO: App       ] Received response 'hello 47' from fd00::201:1:1:1
08:44.847	ID:13	[INFO: App       ] Sending request 46 to fd00::201:1:1:1
08:44.920	ID:1	[INFO: App       ] Received request 'hello 46' from fd00::20d:d:d:d
08:44.920	ID:1	[INFO: App       ] Sending response.
08:45.022	ID:13	[INFO: App       ] Received response 'hello 46' from fd00::201:1:1:1
08:45.553	ID:4	[INFO: App       ] Sending request 49 to fd00::201:1:1:1
08:45.615	ID:1	[INFO: App       ] Received request 'hello 49' from fd00::204:4:4:4
08:45.615	ID:1	[INFO: App       ] Sending response.
08:45.677	ID:4	[INFO: App       ] Received response 'hello 49' from fd00::201:1:1:1
08:47.330	ID:8	[INFO: App       ] Sending request 48 to fd00::201:1:1:1
08:47.399	ID:1	[INFO: App       ] Received request 'hello 48' from fd00::208:8:8:8
08:47.399	ID:1	[INFO: App       ] Sending response.
08:47.440	ID:6	[INFO: App       ] Sending request 47 to fd00::201:1:1:1
08:47.485	ID:8	[INFO: App       ] Received response 'hello 48' from fd00::201:1:1:1
08:47.522	ID:1	[INFO: App       ] Received request 'hello 47' from fd00::206:6:6:6
08:47.522	ID:1	[INFO: App       ] Sending response.
08:47.588	ID:6	[INFO: App       ] Received response 'hello 47' from fd00::201:1:1:1
08:48.131	ID:9	[INFO: App       ] Sending request 48 to fd00::201:1:1:1
08:48.223	ID:1	[INFO: App       ] Received request 'hello 48' from fd00::209:9:9:9
08:48.223	ID:1	[INFO: App       ] Sending response.
08:48.311	ID:9	[INFO: App       ] Received response 'hello 48' from fd00::201:1:1:1
08:49.332	ID:2	[INFO: App       ] Sending request 49 to fd00::201:1:1:1
08:49.391	ID:1	[INFO: App       ] Received request 'hello 49' from fd00::202:2:2:2
08:49.391	ID:1	[INFO: App       ] Sending response.
08:49.454	ID:2	[INFO: App       ] Received response 'hello 49' from fd00::201:1:1:1
08:49.772	ID:10	[INFO: App       ] Sending request 49 to fd00::201:1:1:1
08:49.868	ID:1	[INFO: App       ] Received request 'hello 49' from fd00::20a:a:a:a
08:49.868	ID:1	[INFO: App       ] Sending response.
08:49.885	ID:3	[INFO: App       ] Sending request 49 to fd00::201:1:1:1
08:49.924	ID:10	[INFO: App       ] Received response 'hello 49' from fd00::201:1:1:1
08:49.949	ID:1	[INFO: App       ] Received request 'hello 49' from fd00::203:3:3:3
08:49.949	ID:1	[INFO: App       ] Sending response.
08:49.974	ID:3	[INFO: App       ] Received response 'hello 49' from fd00::201:1:1:1
08:50.019	ID:12	[INFO: App       ] Sending request 47 to fd00::201:1:1:1
08:50.135	ID:1	[INFO: App       ] Received request 'hello 47' from fd00::20c:c:c:c
08:50.135	ID:1	[INFO: App       ] Sending response.
08:50.244	ID:12	[INFO: App       ] Received response 'hello 47' from fd00::201:1:1:1
08:51.209	ID:11	[INFO: App       ] Tx/Rx/MissedTx: 50/50/0
08:51.209	ID:11	[INFO: App       ] Sending request 50 to fd00::201:1:1:1
08:51.294	ID:1	[INFO: App       ] Received request 'hello 50' from fd00::20b:b:b:b
08:51.294	ID:1	[INFO: App       ] Sending response.
08:51.368	ID:11	[INFO: App       ] Received response 'hello 50' from fd00::201:1:1:1
08:53.559	ID:7	[INFO: App       ] Sending request 48 to fd00::201:1:1:1
08:53.580	ID:1	[INFO: App       ] Received request 'hello 48' from fd00::207:7:7:7
08:53.580	ID:1	[INFO: App       ] Sending response.
08:53.658	ID:7	[INFO: App       ] Received response 'hello 48' from fd00::201:1:1:1
08:53.667	ID:5	[INFO: App       ] Tx/Rx/MissedTx: 50/50/0
08:53.667	ID:5	[INFO: App       ] Sending request 50 to fd00::201:1:1:1
08:53.747	ID:1	[INFO: App       ] Received request 'hello 50' from fd00::205:5:5:5
08:53.747	ID:1	[INFO: App       ] Sending response.
08:53.807	ID:5	[INFO: App       ] Received response 'hello 50' from fd00::201:1:1:1
08:54.297	ID:15	[INFO: App       ] Sending request 48 to fd00::201:1:1:1
08:54.377	ID:1	[INFO: App       ] Received request 'hello 48' from fd00::20f:f:f:f
08:54.377	ID:1	[INFO: App       ] Sending response.
08:54.463	ID:15	[INFO: App       ] Received response 'hello 48' from fd00::201:1:1:1
08:54.661	ID:14	[INFO: App       ] Sending request 48 to fd00::201:1:1:1
08:54.738	ID:13	[INFO: App       ] Sending request 47 to fd00::201:1:1:1
08:54.769	ID:1	[INFO: App       ] Received request 'hello 48' from fd00::20e:e:e:e
08:54.769	ID:1	[INFO: App       ] Sending response.
08:54.838	ID:1	[INFO: App       ] Received request 'hello 47' from fd00::20d:d:d:d
08:54.838	ID:1	[INFO: App       ] Sending response.
08:54.906	ID:14	[INFO: App       ] Received response 'hello 48' from fd00::201:1:1:1
08:54.922	ID:13	[INFO: App       ] Received response 'hello 47' from fd00::201:1:1:1
08:56.076	ID:4	[INFO: App       ] Tx/Rx/MissedTx: 50/50/0
08:56.076	ID:4	[INFO: App       ] Sending request 50 to fd00::201:1:1:1
08:56.137	ID:1	[INFO: App       ] Received request 'hello 50' from fd00::204:4:4:4
08:56.137	ID:1	[INFO: App       ] Sending response.
08:56.171	ID:4	[INFO: App       ] Received response 'hello 50' from fd00::201:1:1:1
08:57.483	ID:6	[INFO: App       ] Sending request 48 to fd00::201:1:1:1
08:57.541	ID:8	[INFO: App       ] Sending request 49 to fd00::201:1:1:1
08:57.557	ID:1	[INFO: App       ] Received request 'hello 48' from fd00::206:6:6:6
08:57.557	ID:1	[INFO: App       ] Sending response.
08:57.639	ID:6	[INFO: App       ] Received response 'hello 48' from fd00::201:1:1:1
08:57.644	ID:1	[INFO: App       ] Received request 'hello 49' from fd00::208:8:8:8
08:57.644	ID:1	[INFO: App       ] Sending response.
08:57.743	ID:8	[INFO: App       ] Received response 'hello 49' from fd00::201:1:1:1
08:57.950	ID:9	[INFO: App       ] Sending request 49 to fd00::201:1:1:1
08:58.000	ID:1	[INFO: App       ] Received request 'hello 49' from fd00::209:9:9:9
08:58.000	ID:1	[INFO: App       ] Sending response.
08:58.073	ID:9	[INFO: App       ] Received response 'hello 49' from fd00::201:1:1:1
08:58.869	ID:2	[INFO: App       ] Tx/Rx/MissedTx: 50/50/0
08:58.869	ID:2	[INFO: App       ] Sending request 50 to fd00::201:1:1:1
08:58.906	ID:1	[INFO: App       ] Received request 'hello 50' from fd00::202:2:2:2
08:58.906	ID:1	[INFO: App       ] Sending response.
08:58.947	ID:2	[INFO: App       ] Received response 'hello 50' from fd00::201:1:1:1
08:59.178	ID:3	[INFO: App       ] Tx/Rx/MissedTx: 50/50/0
08:59.178	ID:3	[INFO: App       ] Sending request 50 to fd00::201:1:1:1
08:59.217	ID:12	[INFO: App       ] Sending request 48 to fd00::201:1:1:1
08:59.232	ID:1	[INFO: App       ] Received request 'hello 50' from fd00::203:3:3:3
08:59.232	ID:1	[INFO: App       ] Sending response.
08:59.321	ID:1	[INFO: App       ] Received request 'hello 48' from fd00::20c:c:c:c
08:59.321	ID:1	[INFO: App       ] Sending response.
08:59.357	ID:3	[INFO: App       ] Received response 'hello 50' from fd00::201:1:1:1
08:59.449	ID:12	[INFO: App       ] Received response 'hello 48' from fd00::201:1:1:1
08:59.552	ID:10	[INFO: App       ] Tx/Rx/MissedTx: 50/50/0
08:59.552	ID:10	[INFO: App       ] Sending request 50 to fd00::201:1:1:1
08:59.615	ID:1	[INFO: App       ] Received request 'hello 50' from fd00::20a:a:a:a
08:59.615	ID:1	[INFO: App       ] Sending response.
08:59.709	ID:10	[INFO: App       ] Received response 'hello 50' from fd00::201:1:1:1
RADIO_COUNT	9005
TEST OK
Test ended at simulation time: 540000000
