No.	Time	From	To	Bytes	Interfered
1	00:04.798	1	16	97	0
2	00:06.669	16	1,2,3,4,5	102	2
3	00:06.673	1	16	5	0
4	00:09.167	16	1,2,3,4,5	102	2
5	00:09.171	1	16	5	0
6	00:09.780	16	1,2,3,4,5	102	2
7	00:09.784	1	16	5	0
8	00:11.671	1	16	97	0
9	00:13.606	16	1,2,3,4,5	102	2
10	00:13.610	1	16	5	0
11	00:15.319	6	2,3,7,8,9,12,13	27	2
12	00:15.613	15	8,9,10,11,12,13,14	27	3
13	00:16.094	16	1,2,3,4,5	85	2
14	00:16.097	1	16	5	0
15	00:16.114	1	16	43	0
16	00:16.116	16	1,2,3,4,5	5	2
17	00:16.150	13	6,7,8,9,10,12,14,15	27	4
18	00:18.997	16	1,2,3,4,5	97	2
19	00:19.341	4	2,3,5,7,8,9,10,11,16	102	4
20	00:19.345	16	1,2,3,4,5	5	2
21	00:20.734	3	2,4,5,6,7,8,9,10,16	102	4
22	00:20.738	16	1,2,3,4,5	5	2
23	00:21.084	4	2,3,5,7,8,9,10,11,16	102	4
24	00:21.088	16	1,2,3,4,5	5	2
25	00:21.876	1	16	97	0
26	00:21.988	2	3,4,5,6,7,8,9,16	102	3
27	00:21.992	16	1,2,3,4,5	5	2
28	00:22.457	3	2,4,5,6,7,8,9,10,16	102	4
29	00:22.461	16	1,2,3,4,5	5	2
30	00:22.783	2	3,4,5,6,7,8,9,16	102	3
31	00:22.787	16	1,2,3,4,5	5	2
32	00:22.942	5	2,3,4,8,9,10,11,16	102	3
33	00:22.946	16	1,2,3,4,5	5	2
34	00:24.007	3	2,4,5,6,7,8,9,10,16	102	4
35	00:24.011	16	1,2,3,4,5	5	2
36	00:24.430	2	3,4,5,6,7,8,9,16	102	3
37	00:24.434	16	1,2,3,4,5	5	2
38	00:24.626	3	2,4,5,6,7,8,9,10,16	102	4
39	00:24.630	16	1,2,3,4,5	5	2
40	00:24.975	4	2,3,5,7,8,9,10,11,16	102	4
41	00:24.979	16	1,2,3,4,5	5	2
42	00:25.228	4	2,3,5,7,8,9,10,11,16	102	4
43	00:25.232	16	1,2,3,4,5	5	2
44	00:25.672	7	2,3,4,6,8,9,10,12,13,14	27	2
45	00:26.032	5	2,3,4,8,9,10,11,16	102	3
46	00:26.036	16	1,2,3,4,5	5	2
47	00:26.054	16	1,2,3,4,5	97	2
48	00:26.546	2	3,4,5,6,7,8,9,16	102	3
49	00:26.550	16	1,2,3,4,5	5	2
50	00:27.595	8	2,3,4,5,6,7,9,10,11,12,13,14,15	27	1
51	00:27.788	3	2,4,5,6,7,8,9,10,16	93	4
52	00:27.791	16	1,2,3,4,5	5	2
53	00:27.814	16	1,2,3,4,5	94	2
54	00:27.817	1	16	5	0
55	00:27.825	1	16	51	0
56	00:27.827	16	1,2,3,4,5	5	2
57	00:27.831	16	1,2,3,4,5	60	2
58	00:27.833	3	2,4,5,6,7,8,9,10,16	5	4
59	00:28.015	5	2,3,4,8,9,10,11,16	102	3
60	00:28.019	16	1,2,3,4,5	5	2
61	00:28.289	5	2,3,4,8,9,10,11,16	102	3
62	00:28.293	16	1,2,3,4,5	5	2
63	00:28.549	4	2,3,5,7,8,9,10,11,16	93	4
64	00:28.552	16	1,2,3,4,5	5	2
65	00:28.594	16	1,2,3,4,5	94	2
66	00:28.597	1	16	5	0
67	00:28.617	1	16	51	0
68	00:28.619	16	1,2,3,4,5	5	2
69	00:28.659	16	1,2,3,4,5	60	2
70	00:28.661	4	2,3,5,7,8,9,10,11,16	5	4
71	00:30.366	6	2,3,7,8,9,12,13	27	2
72	00:31.773	3	2,4,5,6,7,8,9,10,16	97	4
73	00:31.868	5	2,3,4,8,9,10,11,16	93	3
74	00:31.871	16	1,2,3,4,5	5	2
75	00:31.886	2	3,4,5,6,7,8,9,16	93	3
76	00:31.889	16	1,2,3,4,5	5	2
77	00:31.913	16	1,2,3,4,5	94	2
78	00:31.916	1	16	5	0
79	00:31.939	16	1,2,3,4,5	94	2
80	00:31.942	1	16	5	0
81	00:31.956	1	16	51	0
82	00:31.958	16	1,2,3,4,5	5	2
83	00:31.978	16	1,2,3,4,5	60	2
84	00:31.980	5	2,3,4,8,9,10,11,16	5	3
85	00:31.999	1	16	51	0
86	00:32.001	16	1,2,3,4,5	5	2
87	00:32.023	16	1,2,3,4,5	60	2
88	00:32.025	2	3,4,5,6,7,8,9,16	5	3
89	00:32.074	2	3,4,5,6,7,8,9,16	56	3
90	00:32.076	16	1,2,3,4,5	5	2
91	00:32.081	16	1,2,3,4,5	57	2
92	00:32.083	1	16	5	0
93	00:32.114	1	16	56	0
94	00:32.116	16	1,2,3,4,5	5	2
95	00:32.126	16	1,2,3,4,5	65	2
96	00:32.129	2	3,4,5,6,7,8,9,16	5	3
97	00:32.309	4	2,3,5,7,8,9,10,11,16	97	4
98	00:32.723	8	2,3,4,5,6,7,9,10,11,12,13,14,15	102	1
99	00:32.727	3	2,4,5,6,7,8,9,10,16	5	4
100	00:32.763	6	2,3,7,8,9,12,13	102	2
101	00:32.767	3	2,4,5,6,7,8,9,10,16	5	4
102	00:33.668	6	2,3,7,8,9,12,13	102	2
103	00:33.672	3	2,4,5,6,7,8,9,10,16	5	4
104	00:34.678	7	2,3,4,6,8,9,10,12,13,14	102	2
105	00:34.682	3	2,4,5,6,7,8,9,10,16	5	4
106	00:34.755	14	7,8,9,10,11,12,13,15	27	4
107	00:35.251	2	3,4,5,6,7,8,9,16	97	3
108	00:35.320	9	2,3,4,5,6,7,8,10,11,12,13,14,15	102	1
109	00:35.324	3	2,4,5,6,7,8,9,10,16	5	4
110	00:35.374	12	6,7,8,9,13,14,15	27	3
111	00:35.563	10	3,4,5,7,8,9,11,13,14,15	102	2
112	00:35.567	3	2,4,5,6,7,8,9,10,16	5	4
113	00:35.947	11	4,5,8,9,10,14,15	102	2
114	00:35.951	4	2,3,5,7,8,9,10,11,16	5	4
115	00:36.013	5	2,3,4,8,9,10,11,16	97	3
116	00:36.383	8	2,3,4,5,6,7,9,10,11,12,13,14,15	102	1
117	00:36.387	3	2,4,5,6,7,8,9,10,16	5	4
118	00:37.147	6	2,3,7,8,9,12,13	102	2
119	00:37.151	3	2,4,5,6,7,8,9,10,16	5	4
120	00:37.181	16	1,2,3,4,5	97	2
121	00:37.643	3	2,4,5,6,7,8,9,10,16	97	4
122	00:37.810	10	3,4,5,7,8,9,11,13,14,15	102	2
123	00:37.814	3	2,4,5,6,7,8,9,10,16	5	4
124	00:37.950	13	6,7,8,9,10,12,14,15	27	4
125	00:38.021	7	2,3,4,6,8,9,10,12,13,14	102	2
126	00:38.025	4	2,3,5,7,8,9,10,11,16	5	4
127	00:38.174	3	2,4,5,6,7,8,9,10,16	56	4
128	00:38.176	16	1,2,3,4,5	5	2
129	00:38.219	16	1,2,3,4,5	57	2
130	00:38.221	1	16	5	0
131	00:38.224	1	16	56	0
132	00:38.227	16	1,2,3,4,5	5	2
133	00:38.232	16	1,2,3,4,5	65	2
134	00:38.235	3	2,4,5,6,7,8,9,10,16	5	4
135	00:38.414	9	2,3,4,5,6,7,8,10,11,12,13,14,15	102	1
136	00:38.418	2	3,4,5,6,7,8,9,16	5	3
137	00:38.598	11	4,5,8,9,10,14,15	102	2
138	00:38.602	4	2,3,5,7,8,9,10,11,16	5	4
139	00:38.621	4	2,3,5,7,8,9,10,11,16	56	4
140	00:38.623	16	1,2,3,4,5	5	2
141	00:38.642	16	1,2,3,4,5	57	2
142	00:38.644	1	16	5	0
143	00:38.670	10	3,4,5,7,8,9,11,13,14,15	102	2
144	00:38.674	3	2,4,5,6,7,8,9,10,16	5	4
145	00:38.685	1	16	56	0
146	00:38.687	16	1,2,3,4,5	5	2
147	00:38.694	16	1,2,3,4,5	65	2
148	00:38.697	4	2,3,5,7,8,9,10,11,16	5	4
149	00:38.888	10	3,4,5,7,8,9,11,13,14,15	102	2
150	00:38.892	3	2,4,5,6,7,8,9,10,16	5	4
151	00:39.019	8	2,3,4,5,6,7,9,10,11,12,13,14,15	102	1
152	00:39.023	3	2,4,5,6,7,8,9,10,16	5	4
153	00:39.061	7	2,3,4,6,8,9,10,12,13,14	102	2
154	00:39.065	4	2,3,5,7,8,9,10,11,16	5	4
155	00:39.075	4	2,3,5,7,8,9,10,11,16	97	4
156	00:39.563	6	2,3,7,8,9,12,13	102	2
157	00:39.567	3	2,4,5,6,7,8,9,10,16	5	4
158	00:40.386	5	2,3,4,8,9,10,11,16	56	3
159	00:40.388	16	1,2,3,4,5	5	2
160	00:40.397	16	1,2,3,4,5	57	2
161	00:40.399	1	16	5	0
162	00:40.409	1	16	56	0
163	00:40.411	16	1,2,3,4,5	5	2
164	00:40.443	16	1,2,3,4,5	65	2
165	00:40.446	5	2,3,4,8,9,10,11,16	5	3
166	00:41.119	11	4,5,8,9,10,14,15	102	2
167	00:41.123	4	2,3,5,7,8,9,10,11,16	5	4
168	00:41.498	7	2,3,4,6,8,9,10,12,13,14	102	2
169	00:41.502	4	2,3,5,7,8,9,10,11,16	5	4
170	00:41.870	6	2,3,7,8,9,12,13	93	2
171	00:41.873	3	2,4,5,6,7,8,9,10,16	5	4
172	00:41.889	3	2,4,5,6,7,8,9,10,16	102	4
173	00:41.893	16	1,2,3,4,5	5	2
174	00:41.924	16	1,2,3,4,5	94	2
175	00:41.927	1	16	5	0
176	00:41.959	1	16	59	0
177	00:41.961	16	1,2,3,4,5	5	2
178	00:41.964	16	1,2,3,4,5	68	2
179	00:41.968	3	2,4,5,6,7,8,9,10,16	5	4
180	00:41.978	3	2,4,5,6,7,8,9,10,16	68	4
181	00:41.981	6	2,3,7,8,9,12,13	5	2
182	00:42.069	8	2,3,4,5,6,7,9,10,11,12,13,14,15	102	1
183	00:42.073	3	2,4,5,6,7,8,9,10,16	5	4
184	00:42.079	9	2,3,4,5,6,7,8,10,11,12,13,14,15	102	1
185	00:42.083	2	3,4,5,6,7,8,9,16	5	3
186	00:42.123	2	3,4,5,6,7,8,9,16	56	3
187	00:42.125	16	1,2,3,4,5	5	2
188	00:42.139	16	1,2,3,4,5	57	2
189	00:42.141	1	16	5	0
190	00:42.171	1	16	56	0
191	00:42.173	16	1,2,3,4,5	5	2
192	00:42.214	16	1,2,3,4,5	65	2
193	00:42.217	2	3,4,5,6,7,8,9,16	5	3
194	00:42.454	2	3,4,5,6,7,8,9,16	97	3
195	00:43.233	5	2,3,4,8,9,10,11,16	97	3
196	00:43.299	9	2,3,4,5,6,7,8,10,11,12,13,14,15	102	1
197	00:43.303	2	3,4,5,6,7,8,9,16	5	3
198	00:43.770	10	3,4,5,7,8,9,11,13,14,15	93	2
199	00:43.773	3	2,4,5,6,7,8,9,10,16	5	4
200	00:43.803	3	2,4,5,6,7,8,9,10,16	102	4
201	00:43.807	16	1,2,3,4,5	5	2
202	00:43.819	16	1,2,3,4,5	94	2
203	00:43.822	1	16	5	0
204	00:43.840	1	16	59	0
205	00:43.842	16	1,2,3,4,5	5	2
206	00:43.880	16	1,2,3,4,5	68	2
207	00:43.883	3	2,4,5,6,7,8,9,10,16	5	4
208	00:43.901	3	2,4,5,6,7,8,9,10,16	68	4
209	00:43.904	10	3,4,5,7,8,9,11,13,14,15	5	2
210	00:44.008	10	3,4,5,7,8,9,11,13,14,15	56	2
211	00:44.010	3	2,4,5,6,7,8,9,10,16	5	4
212	00:44.037	3	2,4,5,6,7,8,9,10,16	65	4
213	00:44.040	16	1,2,3,4,5	5	2
214	00:44.060	16	1,2,3,4,5	57	2
215	00:44.062	1	16	5	0
216	00:44.072	1	16	64	0
217	00:44.074	16	1,2,3,4,5	5	2
218	00:44.112	16	1,2,3,4,5	73	2
219	00:44.115	3	2,4,5,6,7,8,9,10,16	5	4
220	00:44.133	3	2,4,5,6,7,8,9,10,16	73	4
221	00:44.136	10	3,4,5,7,8,9,11,13,14,15	5	2
222	00:44.210	6	2,3,7,8,9,12,13	97	2
223	00:44.364	8	2,3,4,5,6,7,9,10,11,12,13,14,15	93	1
224	00:44.367	3	2,4,5,6,7,8,9,10,16	5	4
225	00:44.379	3	2,4,5,6,7,8,9,10,16	102	4
226	00:44.383	16	1,2,3,4,5	5	2
227	00:44.391	16	1,2,3,4,5	94	2
228	00:44.394	1	16	5	0
229	00:44.430	1	16	59	0
230	00:44.432	16	1,2,3,4,5	5	2
231	00:44.450	11	4,5,8,9,10,14,15	102	2
232	00:44.454	4	2,3,5,7,8,9,10,11,16	5	4
233	00:44.488	16	1,2,3,4,5	68	2
234	00:44.491	3	2,4,5,6,7,8,9,10,16	5	4
235	00:44.518	3	2,4,5,6,7,8,9,10,16	68	4
236	00:44.521	8	2,3,4,5,6,7,9,10,11,12,13,14,15	5	1
237	00:44.661	9	2,3,4,5,6,7,8,10,11,12,13,14,15	102	1
238	00:44.665	2	3,4,5,6,7,8,9,16	5	3
239	00:44.731	13	6,7,8,9,10,12,14,15	102	4
240	00:44.735	6	2,3,7,8,9,12,13	5	2
241	00:45.279	7	2,3,4,6,8,9,10,12,13,14	102	2
242	00:45.283	4	2,3,5,7,8,9,10,11,16	5	4
243	00:47.293	8	2,3,4,5,6,7,9,10,11,12,13,14,15	97	1
244	00:47.301	12	6,7,8,9,13,14,15	102	3
245	00:47.305	6	2,12	5	7
246	00:47.305	10	5,11,15	97	9
247	00:47.331	12	6,7,8,9,13,14,15	102	3
248	00:47.335	6	2,3,7,8,9,12,13	5	2
249	00:47.989	12	6,7,8,9,13,14,15	102	3
250	00:47.993	6	2,3,7,8,9,12,13	5	2
251	00:48.392	3	2,4,5,6,7,8,9,10,16	97	4
252	00:48.486	13	6,7,8,9,10,12,14,15	102	4
253	00:48.490	6	2,3,7,8,9,12,13	5	2
254	00:48.602	15	8,9,10,11,12,13,14	27	3
255	00:48.607	14	7,8,9,10,11,12,13,15	102	4
256	00:48.611	8	2,3,4,5,6,7,9,10,11,12,13,14,15	5	1
257	00:48.696	7	2,3,4,6,8,9,10,12,13,14	93	2
258	00:48.699	4	2,3,5,7,8,9,10,11,16	5	4
259	00:48.705	4	2,3,5,7,8,9,10,11,16	102	4
260	00:48.709	16	1,2,3,4,5	5	2
261	00:48.722	4	2,3,5,7,8,9,10,11,16	56	4
262	00:48.724	16	1,2,3,4,5	5	2
263	00:48.736	16	1,2,3,4,5	94	2
264	00:48.739	1	16	5	0
265	00:48.753	16	1,2,3,4,5	57	2
266	00:48.755	1	16	5	0
267	00:48.763	1	16	59	0
268	00:48.765	16	1,2,3,4,5	5	2
269	00:48.793	16	1,2,3,4,5	68	2
270	00:48.796	4	2,3,5,7,8,9,10,11,16	5	4
271	00:48.806	1	16	56	0
272	00:48.808	16	1,2,3,4,5	5	2
273	00:48.833	16	1,2,3,4,5	65	2
274	00:48.836	4	2,3,5,7,8,9,10,11,16	5	4
275	00:48.865	4	2,3,5,7,8,9,10,11,16	68	4
276	00:48.868	7	2,3,4,6,8,9,10,12,13,14	5	2
277	00:48.881	8	2,3,4,5,6,7,9,10,11,12,13,14,15	56	1
278	00:48.883	3	2,4,5,6,7,8,9,10,16	5	4
279	00:48.919	3	2,4,5,6,7,8,9,10,16	65	4
280	00:48.922	16	1,2,3,4,5	5	2
281	00:48.955	16	1,2,3,4,5	57	2
282	00:48.957	1	16	5	0
283	00:48.986	1	16	64	0
284	00:48.988	16	1,2,3,4,5	5	2
285	00:49.005	16	1,2,3,4,5	73	2
286	00:49.008	3	2,4,5,6,7,8,9,10,16	5	4
287	00:49.025	3	2,4,5,6,7,8,9,10,16	73	4
288	00:49.028	8	2,3,4,5,6,7,9,10,11,12,13,14,15	5	1
289	00:49.051	3	2,4,5,6,7,8,9,10,16	56	4
290	00:49.053	16	1,2,3,4,5	5	2
291	00:49.084	16	1,2,3,4,5	57	2
292	00:49.086	1	16	5	0
293	00:49.111	1	16	56	0
294	00:49.113	16	1,2,3,4,5	5	2
295	00:49.137	16	1,2,3,4,5	65	2
296	00:49.140	3	2,4,5,6,7,8,9,10,16	5	4
297	00:49.161	11	4,5,8,9,10,14,15	93	2
298	00:49.164	4	2,3,5,7,8,9,10,11,16	5	4
299	00:49.181	4	2,3,5,7,8,9,10,11,16	102	4
300	00:49.185	16	1,2,3,4,5	5	2
301	00:49.201	16	1,2,3,4,5	94	2
302	00:49.204	1	16	5	0
303	00:49.247	1	16	59	0
304	00:49.249	16	1,2,3,4,5	5	2
305	00:49.275	16	1,2,3,4,5	68	2
306	00:49.278	4	2,3,5,7,8,9,10,11,16	5	4
307	00:49.304	4	2,3,5,7,8,9,10,11,16	68	4
308	00:49.307	11	4,5,8,9,10,14,15	5	2
309	00:49.653	5	2,3,4,8,9,10,11,16	56	3
310	00:49.655	16	1,2,3,4,5	5	2
311	00:49.688	16	1,2,3,4,5	57	2
312	00:49.690	1	16	5	0
313	00:49.720	1	16	56	0
314	00:49.722	16	1,2,3,4,5	5	2
315	00:49.728	14	7,8,9,10,11,12,13,15	102	4
316	00:49.732	8	2,3,4,5,6,7,9,10,11,12,13,14,15	5	1
317	00:49.755	16	1,2,3,4,5	65	2
318	00:49.758	5	2,3,4,8,9,10,11,16	5	3
319	00:50.250	9	2,3,4,5,6,7,8,10,11,12,13,14,15	93	1
320	00:50.253	2	3,4,5,6,7,8,9,16	5	3
321	00:50.286	2	3,4,5,6,7,8,9,16	102	3
322	00:50.290	16	1,2,3,4,5	5	2
323	00:50.298	16	1,2,3,4,5	94	2
324	00:50.301	1	16	5	0
325	00:50.311	1	16	59	0
326	00:50.313	16	1,2,3,4,5	5	2
327	00:50.318	16	1,2,3,4,5	68	2
328	00:50.321	2	3,4,5,6,7,8,9,16	5	3
329	00:50.352	2	3,4,5,6,7,8,9,16	68	3
330	00:50.355	9	2,3,4,5,6,7,8,10,11,12,13,14,15	5	1
331	00:50.691	12	6,7,8,9,13,14,15	102	3
332	00:50.695	6	2,3,7,8,9,12,13	5	2
333	00:50.782	6	2,3,7,8,9,12,13	56	2
334	00:50.784	3	2,4,5,6,7,8,9,10,16	5	4
335	00:50.826	3	2,4,5,6,7,8,9,10,16	65	4
336	00:50.829	16	1,2,3,4,5	5	2
337	00:50.849	16	1,2,3,4,5	57	2
338	00:50.851	1	16	5	0
339	00:50.860	1	16	64	0
340	00:50.862	16	1,2,3,4,5	5	2
341	00:50.900	16	1,2,3,4,5	73	2
342	00:50.903	3	2,4,5,6,7,8,9,10,16	5	4
343	00:50.906	3	2,4,5,6,7,8,9,10,16	73	4
344	00:50.909	6	2,3,7,8,9,12,13	5	2
345	00:51.027	15	8,9,10,11,12,13,14	102	3
346	00:51.031	8	2,3,4,5,6,7,9,10,11,12,13,14,15	5	1
347	00:51.092	14	7,8,9,10,11,12,13,15	102	4
348	00:51.096	8	2,3,4,5,6,7,9,10,11,12,13,14,15	5	1
349	00:51.153	7	2,3,4,6,8,9,10,12,13,14	56	2
350	00:51.155	4	2,3,5,7,8,9,10,11,16	5	4
351	00:51.164	4	2,3,5,7,8,9,10,11,16	65	4
352	00:51.167	16	1,2,3,4,5	5	2
353	00:51.203	15	8,9,10,11,12,13,14	102	3
354	00:51.207	8	6,7,10,11,12,13,14,15	5	6
355	00:51.207	16	1	57	6
356	00:51.209	1	16	5	0
357	00:51.232	10	3,4,5,7,8,9,11,13,14,15	97	2
358	00:51.237	1	16	64	0
359	00:51.239	16	1,2,3,4,5	5	2
360	00:51.281	16	1,2,3,4,5	73	2
361	00:51.284	4	2,3,5,7,8,9,10,11,16	5	4
362	00:51.327	4	2,3,5,7,8,9,10,11,16	73	4
363	00:51.330	7	2,3,4,6,8,9,10,12,13,14	5	2
364	00:51.487	13	6,7,8,9,10,12,14,15	102	4
365	00:51.491	6	2,3,7,8,9,12,13	5	2
366	00:51.891	11	4,5,8,9,10,14,15	97	2
367	00:51.950	2	3,4,5,6,7,8,9,16	56	3
368	00:51.952	16	1,2,3,4,5	5	2
369	00:51.961	16	1,2,3,4,5	57	2
370	00:51.963	1	16	5	0
371	00:51.974	1	16	97	0
372	00:51.979	7	2,3,4,6,8,9,10,12,13,14	97	2
373	00:51.984	1	16	56	0
374	00:51.986	16	1,2,3,4,5	5	2
375	00:52.013	16	1,2,3,4,5	65	2
376	00:52.016	2	3,4,5,6,7,8,9,16	5	3
377	00:52.165	15	8,9,10,11,12,13,14	102	3
378	00:52.169	8	2,3,4,5,6,7,9,10,11,12,13,14,15	5	1
379	00:52.829	9	2,3,4,5,6,7,8,10,11,12,13,14,15	97	1
380	00:53.073	13	6,7,8,9,10,12,14,15	102	4
381	00:53.077	6	2,3,7,8,9,12,13	5	2
382	00:53.346	14	7,8,9,10,11,12,13,15	102	4
383	00:53.350	8	2,3,4,5,6,7,9,10,11,12,13,14,15	5	1
384	00:54.020	6	2,3,7,8,9,12,13	97	2
385	00:54.245	9	2,3,4,5,6,7,8,10,11,12,13,14,15	56	1
386	00:54.247	2	3,4,5,6,7,8,9,16	5	3
387	00:54.270	2	3,4,5,6,7,8,9,16	65	3
388	00:54.273	16	1,2,3,4,5	5	2
389	00:54.301	16	1,2,3,4,5	57	2
390	00:54.303	1	16	5	0
391	00:54.325	1	16	64	0
392	00:54.327	16	1,2,3,4,5	5	2
393	00:54.352	16	1,2,3,4,5	73	2
394	00:54.355	2	3,4,5,6,7,8,9,16	5	3
395	00:54.376	2	3,4,5,6,7,8,9,16	73	3
396	00:54.379	9	2,3,4,5,6,7,8,10,11,12,13,14,15	5	1
397	00:54.586	15	8,9,10,11,12,13,14	102	3
398	00:54.590	8	2,3,4,5,6,7,9,10,11,12,13,14,15	5	1
399	00:54.694	2	3,4,5,6,7,8,9,16	97	3
400	00:54.789	10	3,4,5,7,8,9,11,13,14,15	56	2
401	00:54.791	3	2,4,5,6,7,8,9,10,16	5	4
402	00:54.833	3	2,4,5,6,7,8,9,10,16	65	4
403	00:54.836	16	1,2,3,4,5	5	2
404	00:54.860	16	1,2,3,4,5	57	2
405	00:54.862	1	16	5	0
406	00:54.872	1	16	64	0
407	00:54.874	16	1,2,3,4,5	5	2
408	00:54.901	16	1,2,3,4,5	73	2
409	00:54.904	3	2,4,5,6,7,8,9,10,16	5	4
410	00:54.929	3	2,4,5,6,7,8,9,10,16	73	4
411	00:54.932	10	3,4,5,7,8,9,11,13,14,15	5	2
412	00:54.998	8	2,3,4,5,6,7,9,10,11,12,13,14,15	97	1
413	00:56.216	12	6,7,8,9,13,14,15	93	3
414	00:56.219	6	2,3,7,8,9,12,13	5	2
415	00:56.251	6	2,3,7,8,9,12,13	102	2
416	00:56.255	3	2,4,5,6,7,8,9,10,16	5	4
417	00:56.262	3	2,4,5,6,7,8,9,10,16	102	4
418	00:56.266	16	1,2,3,4,5	5	2
419	00:56.295	16	1,2,3,4,5	94	2
420	00:56.298	1	16	5	0
421	00:56.342	1	16	67	0
422	00:56.345	16	1,2,3,4,5	5	2
423	00:56.363	16	1,2,3,4,5	76	2
424	00:56.366	3	2,4,5,6,7,8,9,10,16	5	4
425	00:56.394	3	2,4,5,6,7,8,9,10,16	76	4
426	00:56.397	6	2,3,7,8,9,12,13	5	2
427	00:56.401	6	2,3,7,8,9,12,13	76	2
428	00:56.404	12	6,7,8,9,13,14,15	5	3
429	00:56.674	13	6,7,8,9,10,12,14,15	93	4
430	00:56.677	6	2,3,7,8,9,12,13	5	2
431	00:56.689	6	2,3,7,8,9,12,13	102	2
432	00:56.693	3	2,4,5,6,7,8,9,10,16	5	4
433	00:56.707	3	2,4,5,6,7,8,9,10,16	102	4
434	00:56.711	16	1,2,3,4,5	5	2
435	00:56.722	16	1,2,3,4,5	94	2
436	00:56.725	1	16	5	0
437	00:56.747	1	16	67	0
438	00:56.750	16	1,2,3,4,5	5	2
439	00:56.764	16	1,2,3,4,5	76	2
440	00:56.767	3	2,4,5,6,7,8,9,10,16	5	4
441	00:56.804	3	2,4,5,6,7,8,9,10,16	76	4
442	00:56.807	6	2,3,7,8,9,12,13	5	2
443	00:56.818	6	2,3,7,8,9,12,13	76	2
444	00:56.821	13	6,7,8,9,10,12,14,15	5	4
445	00:57.143	5	2,3,4,8,9,10,11,16	97	3
446	00:57.250	15	8,9,10,11,12,13,14	93	3
447	00:57.253	8	2,3,4,5,6,7,9,10,11,12,13,14,15	5	1
448	00:57.267	8	2,3,4,5,6,7,9,10,11,12,13,14,15	102	1
449	00:57.271	3	2,4,5,6,7,8,9,10,16	5	4
450	00:57.290	4	2,3,5,7,8,9,10,11,16	97	4
451	00:57.309	3	2,4,5,6,7,8,9,10,16	102	4
452	00:57.313	16	1,2,3,4,5	5	2
453	00:57.329	16	1,2,3,4,5	94	2
454	00:57.332	1	16	5	0
455	00:57.336	1	16	67	0
456	00:57.339	16	1,2,3,4,5	5	2
457	00:57.379	16	1,2,3,4,5	76	2
458	00:57.382	3	2,4,5,6,7,8,9,10,16	5	4
459	00:57.390	3	2,4,5,6,7,8,9,10,16	76	4
460	00:57.393	8	2,3,4,5,6,7,9,10,11,12,13,14,15	5	1
461	00:57.422	8	2,3,4,5,6,7,9,10,11,12,13,14,15	76	1
462	00:57.425	15	8,9,10,11,12,13,14	5	3
463	00:57.446	10	3,4,5,7,8,9,11,13,14,15	97	2
464	00:58.461	7	2,3,4,6,8,9,10,12,13,14	97	2
465	00:58.541	11	4,5,8,9,10,14,15	56	2
466	00:58.543	4	2,3,5,7,8,9,10,11,16	5	4
467	00:58.550	4	2,3,5,7,8,9,10,11,16	65	4
468	00:58.553	16	1,2,3,4,5	5	2
469	00:58.576	16	1,2,3,4,5	57	2
470	00:58.578	1	16	5	0
471	00:58.621	1	16	64	0
472	00:58.623	16	1,2,3,4,5	5	2
473	00:58.642	16	1,2,3,4,5	73	2
474	00:58.645	4	2,3,5,7,8,9,10,11,16	5	4
475	00:58.664	4	2,3,5,7,8,9,10,11,16	73	4
476	00:58.667	11	4,5,8,9,10,14,15	5	2
477	00:58.735	8	2,3,4,5,6,7,9,10,11,12,13,14,15	56	1
478	00:58.737	3	2,4,5,6,7,8,9,10,16	5	4
479	00:58.773	3	2,4,5,6,7,8,9,10,16	65	4
480	00:58.776	16	1,2,3,4,5	5	2
481	00:58.784	3	2,4,5,6,7,8,9,10,16	56	4
482	00:58.786	16	1,2,3,4,5	5	2
483	00:58.794	14	7,8,9,10,11,12,13,15	93	4
484	00:58.797	8	2,3,4,5,6,7,9,10,11,12,13,14,15	5	1
485	00:58.817	16	1,2,3,4,5	57	2
486	00:58.819	1	16	5	0
487	00:58.822	8	2,3,4,5,6,7,9,10,11,12,13,14,15	102	1
488	00:58.826	3	2,4,5,6,7,8,9,10	5	5
489	00:58.826	1	-	64	1
490	00:58.842	1	-	64	1
491	00:58.842	3	2,4,5,6,7,8,9,10	102	5
492	00:58.859	16	1,2,3,4,5	57	2
493	00:58.861	1	16	5	0
494	00:58.871	1	-	64	1
495	00:58.872	3	2,4,5,6,7,8,9,10	102	5
496	00:58.902	1	16	64	0
497	00:58.904	16	1,2,3,4,5	5	2
498	00:58.915	1	16	56	0
499	00:58.917	16	1,2,3,4,5	5	2
500	00:58.917	3	2,4,5,6,7,8,9,10,16	102	4
501	00:58.922	16	1,2,3,4,5	5	2
502	00:58.934	16	1,2,3,4,5	94	2
503	00:58.937	1	16	5	0
504	00:58.941	16	1,2,3,4,5	73	2
505	00:58.944	3	2,4,5,6,7,8,9,10,16	5	4
506	00:58.948	16	1,2,3,4,5	65	2
507	00:58.951	3	2,4,5,6,7,8,9,10,16	5	4
508	00:58.953	3	2,4,5,6,7,8,9,10,16	73	4
509	00:58.956	8	2,3,4,5,6,7,9,10,11,12,13,14,15	5	1
510	00:58.975	1	16	67	0
511	00:58.978	16	1,2,3,4,5	5	2
512	00:58.984	3	2,4,5,6,7,8,9,10,16	102	4
513	00:58.988	16	1,2,3,4,5	5	2
514	00:58.999	16	1,2,3,4,5	76	2
515	00:59.002	3	2,4,5,6,7,8,9,10,16	5	4
516	00:59.022	3	2,4,5,6,7,8,9,10,16	76	4
517	00:59.025	8	2,3,4,5,6,7,9,10,11,12,13,14,15	5	1
518	00:59.028	5	2,3,4,8,9,10,11,16	56	3
519	00:59.030	16	1,2,3,4,5	5	2
520	00:59.048	8	2,3,4,5,6,7,9,10,11,12,13,14,15	76	1
521	00:59.051	14	7,8,9,10,11,12,13,15	5	4
522	00:59.073	16	1,2,3,4,5	57	2
523	00:59.075	1	16	5	0
524	00:59.113	1	16	56	0
525	00:59.115	16	1,2,3,4,5	5	2
526	00:59.135	16	1,2,3,4,5	65	2
527	00:59.138	5	2,3,4,8,9,10,11,16	5	3
528	00:59.486	12	6,7,8,9,13,14,15	97	3
529	00:59.609	4	2,3,5,7,8,9,10,11,16	56	4
530	00:59.611	16	1,2,3,4,5	5	2
531	00:59.621	16	1,2,3,4,5	57	2
532	00:59.623	1	16	5	0
533	00:59.626	1	16	56	0
534	00:59.629	16	1,2,3,4,5	5	2
535	00:59.653	16	1,2,3,4,5	65	2
536	00:59.656	4	2,3,5,7,8,9,10,11,16	5	4
537	00:59.964	11	4,5,8,9,10,14,15	97	2
538	01:00.277	6	2,3,7,8,9,12,13	56	2
539	01:00.279	3	2,4,5,6,7,8,9,10,16	5	4
540	01:00.313	3	2,4,5,6,7,8,9,10,16	65	4
541	01:00.316	16	1,2,3,4,5	5	2
542	01:00.321	16	1,2,3,4,5	57	2
543	01:00.323	1	16	5	0
544	01:00.361	1	16	64	0
545	01:00.363	16	1,2,3,4,5	5	2
546	01:00.384	16	1,2,3,4,5	73	2
547	01:00.387	3	2,4,5,6,7,8,9,10,16	5	4
548	01:00.415	3	2,4,5,6,7,8,9,10,16	73	4
549	01:00.418	6	2,3,7,8,9,12,13	5	2
550	01:00.834	13	6,7,8,9,10,12,14,15	97	4
551	01:01.047	15	8,9,10,11,12,13,14	97	3
552	01:01.237	13	6,7,8,9,10,12,14,15	56	4
553	01:01.239	6	2,3,7,8,9,12,13	5	2
554	01:01.258	6	2,3,7,8,9,12,13	65	2
555	01:01.261	3	2,4,5,6,7,8,9,10,16	5	4
556	01:01.293	3	2,4,5,6,7,8,9,10,16	65	4
557	01:01.296	16	1,2,3,4,5	5	2
558	01:01.330	16	1,2,3,4,5	57	2
559	01:01.332	1	16	5	0
560	01:01.372	2	3,4,5,6,7,8,9	56	4
561	01:01.372	1	-	72	1
562	01:01.392	2	3,4,5,6,7,8,9,16	56	3
563	01:01.394	16	1,2,3,4,5	5	2
564	01:01.394	1	16	72	0
565	01:01.398	16	1,2,3,4,5	5	2
566	01:01.410	16	1,2,3,4,5	81	2
567	01:01.413	3	2,4,5,6,7,8,9,10,16	5	4
568	01:01.418	16	1,2,3,4,5	57	2
569	01:01.420	1	16	5	0
570	01:01.440	3	2,4,5,6,7,8,9,10,16	81	4
571	01:01.443	6	2,3,7,8,9,12,13	5	2
572	01:01.446	6	2,3,7,8,9,12,13	81	2
573	01:01.450	13	6,7,8,9,10,12,14,15	5	4
574	01:01.540	9	2,3,4,5,6,7,8,10,11,12,13,14,15	97	1
575	01:01.555	1	16	72	0
576	01:01.558	16	1,2,3,4,5	5	2
577	01:01.566	14	7,8,9,10,11,12,13,15	56	4
578	01:01.568	8	2,3,4,5,6,7,9,10,11,12,13,14,15	5	1
579	01:01.575	1	16	56	0
580	01:01.577	16	1,2,3,4,5	5	2
581	01:01.582	8	2,3,4,5,6,7,9,10,11,12,13,14,15	65	1
582	01:01.585	3	2,4,5,6,7,8,9,10,16	5	4
583	01:01.598	16	1,2,3,4,5	65	2
584	01:01.601	2	3,4,5,6,7,8,9,16	5	3
585	01:01.622	3	2,4,5,6,7,8,9,10,16	65	4
586	01:01.625	16	1,2,3,4,5	5	2
587	01:01.630	16	1,2,3,4,5	57	2
588	01:01.632	1	16	5	0
589	01:01.674	1	16	72	0
590	01:01.677	16	1,2,3,4,5	5	2
591	01:01.685	16	1,2,3,4,5	81	2
592	01:01.688	3	2,4,5,6,7,8,9,10,16	5	4
593	01:01.720	3	2,4,5,6,7,8,9,10,16	81	4
594	01:01.723	8	2,3,4,5,6,7,9,10,11,12,13,14,15	5	1
595	01:01.726	8	2,3,4,5,6,7,9,10,11,12,13,14,15	81	1
596	01:01.730	14	7,8,9,10,11,12,13,15	5	4
597	01:01.911	7	2,3,4,6,8,9,10,12,13,14	56	2
598	01:01.913	4	2,3,5,7,8,9,10,11,16	5	4
599	01:01.921	4	2,3,5,7,8,9,10,11,16	65	4
600	01:01.924	16	1,2,3,4,5	5	2
601	01:01.962	16	1,2,3,4,5	57	2
602	01:01.964	1	16	5	0
603	01:01.979	1	16	64	0
604	01:01.981	16	1,2,3,4,5	5	2
605	01:01.989	16	1,2,3,4,5	73	2
606	01:01.992	4	2,3,5,7,8,9,10,11,16	5	4
607	01:02.027	4	2,3,5,7,8,9,10,11,16	73	4
608	01:02.030	7	2,3,4,6,8,9,10,12,13,14	5	2
609	01:02.593	14	7,8,9,10,11,12,13,15	97	4
610	01:03.776	15	8,9,10,11,12,13,14	56	3
611	01:03.778	8	2,3,4,5,6,7,9,10,11,12,13,14,15	5	1
612	01:03.799	8	2,3,4,5,6,7,9,10,11,12,13,14,15	65	1
613	01:03.802	3	2,4,5,6,7,8,9,10,16	5	4
614	01:03.820	3	2,4,5,6,7,8,9,10,16	65	4
615	01:03.823	16	1,2,3,4,5	5	2
616	01:03.841	16	1,2,3,4,5	57	2
617	01:03.843	1	16	5	0
618	01:03.885	1	16	72	0
619	01:03.888	16	1,2,3,4,5	5	2
620	01:03.903	9	2,3,4,5,6,7,8,10,11,12,13,14,15	56	1
621	01:03.905	2	3,4,5,6,7,8,9,16	5	3
622	01:03.921	16	1,2,3,4,5	81	2
623	01:03.924	3	2,4,5,6,7,8,9,10,16	5	4
624	01:03.942	2	3,4,5,6,7,8,9,16	65	3
625	01:03.945	16	1,2,3,4,5	5	2
626	01:03.961	3	2,4,5,6,7,8,9,10,16	81	4
627	01:03.964	8	2,3,4,5,6,7,9,10,11,12,13,14,15	5	1
628	01:03.979	8	2,3,4,5,6,7,9,10,11,12,13,14,15	81	1
629	01:03.982	15	8,9,10,11,12,13,14	5	3
630	01:03.992	16	1,2,3,4,5	57	2
631	01:03.994	1	16	5	0
632	01:03.999	1	16	64	0
633	01:04.001	16	1,2,3,4,5	5	2
634	01:04.030	16	1,2,3,4,5	73	2
635	01:04.033	2	3,4,5,6,7,8,9,16	5	3
636	01:04.036	2	3,4,5,6,7,8,9,16	73	3
637	01:04.039	9	2,3,4,5,6,7,8,10,11,12,13,14,15	5	1
638	01:04.869	10	3,4,5,7,8,9,11,13,14,15	56	2
639	01:04.871	3	2,4,5,6,7,8,9,10,16	5	4
640	01:04.882	3	2,4,5,6,7,8,9,10,16	65	4
641	01:04.885	16	1,2,3,4,5	5	2
642	01:04.888	16	1,2,3,4,5	57	2
643	01:04.890	1	16	5	0
644	01:04.909	1	16	64	0
645	01:04.911	16	1,2,3,4,5	5	2
646	01:04.932	16	1,2,3,4,5	73	2
647	01:04.935	3	2,4,5,6,7,8,9,10,16	5	4
648	01:04.978	3	2,4,5,6,7,8,9,10,16	73	4
649	01:04.981	10	3,4,5,7,8,9,11,13,14,15	5	2
650	01:05.014	8	2,3,4,5,6,7,9,10,11,12,13,14,15	97	1
651	01:05.065	12	6,7,8,9,13,14,15	56	3
652	01:05.067	6	2,3,7,8,9,12,13	5	2
653	01:05.101	6	2,3,7,8,9,12,13	65	2
654	01:05.104	3	2,4,5,6,7,8,9,10,16	5	4
655	01:05.119	3	2,4,5,6,7,8,9,10,16	65	4
656	01:05.122	16	1,2,3,4,5	5	2
657	01:05.141	16	1,2,3,4,5	57	2
658	01:05.143	1	16	5	0
659	01:05.176	1	16	72	0
660	01:05.179	16	1,2,3,4,5	5	2
661	01:05.195	16	1,2,3,4,5	81	2
662	01:05.198	3	2,4,5,6,7,8,9,10,16	5	4
663	01:05.219	3	2,4,5,6,7,8,9,10,16	81	4
664	01:05.222	6	2,3,7,8,9,12,13	5	2
665	01:05.253	6	2,3,7,8,9,12,13	81	2
666	01:05.256	12	6,7,8,9,13,14,15	5	3
667	01:05.632	6	2,3,7,8,9,12,13	97	2
668	01:07.386	13	6,7,8,9,10,12,14,15	97	4
669	01:07.671	15	8,9,10,11,12,13,14	97	3
670	01:07.898	11	4,5,8,9,10,14,15	56	2
671	01:07.900	4	2,3,5,7,8,9,10,11,16	5	4
672	01:07.921	4	2,3,5,7,8,9,10,11,16	65	4
673	01:07.924	16	1,2,3,4,5	5	2
674	01:07.948	16	1,2,3,4,5	57	2
675	01:07.950	1	16	5	0
676	01:07.984	1	16	64	0
677	01:07.986	16	1,2,3,4,5	5	2
678	01:08.028	16	1,2,3,4,5	73	2
679	01:08.031	4	2,3,5,7,8,9,10,11,16	5	4
680	01:08.065	4	2,3,5,7,8,9,10,11,16	73	4
681	01:08.068	11	4,5,8,9,10,14,15	5	2
682	01:08.405	14	7,8,9,10,11,12,13,15	97	4
683	01:08.413	12	6,7,8,9,13,14,15	97	3
684	01:08.848	3	2,4,5,6,7,8,9,10,16	56	4
685	01:08.850	16	1,2,3,4,5	5	2
686	01:08.869	16	1,2,3,4,5	57	2
687	01:08.871	1	16	5	0
688	01:08.912	1	16	56	0
689	01:08.914	16	1,2,3,4,5	5	2
690	01:08.937	16	1,2,3,4,5	65	2
691	01:08.940	3	2,4,5,6,7,8,9,10,16	5	4
692	01:09.558	8	2,3,4,5,6,7,9,10,11,12,13,14,15	56	1
693	01:09.560	3	2,4,5,6,7,8,9,10,16	5	4
694	01:09.601	3	2,4,5,6,7,8,9,10,16	65	4
695	01:09.604	16	1,2,3,4,5	5	2
696	01:09.611	16	1,2,3,4,5	57	2
697	01:09.613	1	16	5	0
698	01:09.616	1	16	64	0
699	01:09.619	16	1,2,3,4,5	5	2
700	01:09.646	6	2,3,7,8,9,12,13	56	2
701	01:09.648	3	2,4,5,6,7,8,9,10,16	5	4
702	01:09.658	16	1,2,3,4,5	73	2
703	01:09.661	3	2,4,5,6,7,8,9,10,16	5	4
704	01:09.670	3	2,4,5,6,7,8,9,10,16	73	4
705	01:09.673	8	2,3,4,5,6,7,9,10,11,12,13,14,15	5	1
706	01:09.679	3	2,4,5,6,7,8,9,10,16	65	4
707	01:09.682	16	1,2,3,4,5	5	2
708	01:09.698	16	1,2,3,4,5	57	2
709	01:09.700	1	16	5	0
710	01:09.721	1	16	64	0
711	01:09.723	16	1,2,3,4,5	5	2
712	01:09.747	5	2,3,4,8,9,10,11,16	56	3
713	01:09.749	16	1,2,3,4,5	5	2
714	01:09.758	16	1,2,3,4,5	57	2
715	01:09.760	1	16	5	0
716	01:09.762	16	1,2,3,4,5	73	2
717	01:09.766	3	2,4,5,6,7,8,9,10,16	5	4
718	01:09.782	3	2,4,5,6,7,8,9,10,16	73	4
719	01:09.785	6	2,3,7,8,9,12,13	5	2
720	01:09.825	1	16	56	0
721	01:09.827	16	1,2,3,4,5	5	2
722	01:09.838	16	1,2,3,4,5	65	2
723	01:09.841	5	2,3,4,8,9,10,11,16	5	3
724	01:10.357	4	2,3,5,7,8,9,10,11,16	56	4
725	01:10.359	16	1,2,3,4,5	5	2
726	01:10.402	16	1,2,3,4,5	57	2
727	01:10.404	1	16	5	0
728	01:10.430	1	16	56	0
729	01:10.432	16	1,2,3,4,5	5	2
730	01:10.435	16	1,2,3,4,5	65	2
731	01:10.438	4	2,3,5,7,8,9,10,11,16	5	4
732	01:10.911	2	3,4,5,6,7,8,9,16	56	3
733	01:10.913	16	1,2,3,4,5	5	2
734	01:10.922	10	3,4,5,7,8,9,11,13,14,15	97	2
735	01:10.954	16	1,2,3,4,5	57	2
736	01:10.956	1	16	5	0
737	01:10.990	1	16	56	0
738	01:10.992	16	1,2,3,4,5	5	2
739	01:10.997	16	1,2,3,4,5	65	2
740	01:11.000	2	3,4,5,6,7,8,9,16	5	3
741	01:11.202	13	6,7,8,9,10,12,14,15	56	4
742	01:11.204	6	2,3,7,8,9,12,13	5	2
743	01:11.208	6	2,3,7,8,9,12,13	65	2
744	01:11.211	3	2,4,5,6,7,8,9,10,16	5	4
745	01:11.218	3	2,4,5,6,7,8,9,10,16	65	4
746	01:11.221	16	1,2,3,4,5	5	2
747	01:11.247	16	1,2,3,4,5	57	2
748	01:11.249	1	16	5	0
749	01:11.279	1	16	72	0
750	01:11.282	16	1,2,3,4,5	5	2
751	01:11.306	16	1,2,3,4,5	81	2
752	01:11.309	3	2,4,5,6,7,8,9,10,16	5	4
753	01:11.352	3	2,4,5,6,7,8,9,10,16	81	4
754	01:11.355	6	2,3,7,8,9,12,13	5	2
755	01:11.385	6	2,3,7,8,9,12,13	81	2
756	01:11.388	13	6,7,8,9,10,12,14,15	5	4
757	01:11.446	14	7,8,9,10,11,12,13,15	56	4
758	01:11.448	8	2,3,4,5,6,7,9,10,11,12,13,14,15	5	1
759	01:11.475	8	2,3,4,5,6,7,9,10,11,12,13,14,15	65	1
760	01:11.478	3	2,4,5,6,7,8,9,10,16	5	4
761	01:11.489	3	2,4,5,6,7,8,9,10,16	65	4
762	01:11.492	16	1,2,3,4,5	5	2
763	01:11.504	16	1,2,3,4,5	57	2
764	01:11.506	1	16	5	0
765	01:11.521	1	16	72	0
766	01:11.524	16	1,2,3,4,5	5	2
767	01:11.561	16	1,2,3,4,5	81	2
768	01:11.564	3	2,4,5,6,7,8,9,10,16	5	4
769	01:11.567	3	2,4,5,6,7,8,9,10,16	81	4
770	01:11.571	8	2,3,4,5,6,7,9,10,11,12,13,14,15	5	1
771	01:11.605	8	2,3,4,5,6,7,9,10,11,12,13,14,15	81	1
772	01:11.608	14	7,8,9,10,11,12,13,15	5	4
773	01:11.919	7	2,3,4,6,8,9,10,12,13,14	56	2
774	01:11.921	4	2,3,5,7,8,9,10,11,16	5	4
775	01:11.935	4	2,3,5,7,8,9,10,11,16	65	4
776	01:11.938	16	1,2,3,4,5	5	2
777	01:11.959	16	1,2,3,4,5	57	2
778	01:11.961	1	16	5	0
779	01:11.966	1	16	64	0
780	01:11.968	16	1,2,3,4,5	5	2
781	01:11.998	16	1,2,3,4,5	73	2
782	01:12.001	4	2,3,5,7,8,9,10,11,16	5	4
783	01:12.007	4	2,3,5,7,8,9,10,11,16	73	4
784	01:12.010	7	2,3,4,6,8,9,10,12,13,14	5	2
785	01:12.468	4	2,3,5,7,8,9,10,11,16	102	4
786	01:12.472	8	2,3,4,5,6,7,9,10,11,12,13,14,15	5	1
787	01:12.945	9	2,3,4,5,6,7,8,10,11,12,13,14,15	56	1
788	01:12.947	2	3,4,5,6,7,8,9,16	5	3
789	01:12.960	2	3,4,5,6,7,8,9,16	65	3
790	01:12.963	16	1,2,3,4,5	5	2
791	01:13.000	16	1,2,3,4,5	57	2
792	01:13.002	1	16	5	0
793	01:13.023	1	16	64	0
794	01:13.025	16	1,2,3,4,5	5	2
795	01:13.065	16	1,2,3,4,5	73	2
796	01:13.068	2	3,4,5,6,7,8,9,16	5	3
797	01:13.082	2	3,4,5,6,7,8,9,16	73	3
798	01:13.085	9	2,3,4,5,6,7,8,10,11,12,13,14,15	5	1
799	01:13.615	15	8,9,10,11,12,13,14	56	3
800	01:13.617	8	2,3,4,5,6,7,9,10,11,12,13,14,15	5	1
801	01:13.655	8	2,3,4,5,6,7,9,10,11,12,13,14,15	65	1
802	01:13.658	3	2,4,5,6,7,8,9,10,16	5	4
803	01:13.670	3	2,4,5,6,7,8,9,10,16	65	4
804	01:13.673	16	1,2,3,4,5	5	2
805	01:13.679	16	1,2,3,4,5	57	2
806	01:13.681	1	16	5	0
807	01:13.685	1	16	72	0
808	01:13.688	16	1,2,3,4,5	5	2
809	01:13.728	16	1,2,3,4,5	81	2
810	01:13.731	3	2,4,5,6,7,8,9,10,16	5	4
811	01:13.749	3	2,4,5,6,7,8,9,10,16	81	4
812	01:13.752	8	2,3,4,5,6,7,9,10,11,12,13,14,15	5	1
813	01:13.771	8	2,3,4,5,6,7,9,10,11,12,13,14,15	81	1
814	01:13.774	15	8,9,10,11,12,13,14	5	3
815	01:13.782	7	2,3,4,6,8,9,10,12,13,14	97	2
816	01:14.271	12	6,7,8,9,13,14,15	56	3
817	01:14.273	6	2,3,7,8,9,12,13	5	2
818	01:14.280	6	2,3,7,8,9,12,13	65	2
819	01:14.283	3	2,4,5,6,7,8,9,10,16	5	4
820	01:14.318	3	2,4,5,6,7,8,9,10,16	65	4
821	01:14.321	16	1,2,3,4,5	5	2
822	01:14.353	16	1,2,3,4,5	57	2
823	01:14.355	1	16	5	0
824	01:14.388	1	16	72	0
825	01:14.391	16	1,2,3,4,5	5	2
826	01:14.432	16	1,2,3,4,5	81	2
827	01:14.435	3	2,4,5,6,7,8,9,10,16	5	4
828	01:14.456	3	2,4,5,6,7,8,9,10,16	81	4
829	01:14.459	6	2,3,7,8,9,12,13	5	2
830	01:14.485	6	2,3,7,8,9,12,13	81	2
831	01:14.488	12	6,7,8,9,13,14,15	5	3
832	01:14.497	10	3,4,5,7,8,9,11,13,14,15	56	2
833	01:14.499	3	2,4,5,6,7,8,9,10,16	5	4
834	01:14.540	3	2,4,5,6,7,8,9,10,16	65	4
835	01:14.543	16	1,2,3,4,5	5	2
836	01:14.578	16	1,2,3,4,5	57	2
837	01:14.580	1	16	5	0
838	01:14.600	1	16	64	0
839	01:14.602	16	1,2,3,4,5	5	2
840	01:14.631	16	1,2,3,4,5	73	2
841	01:14.634	3	2,4,5,6,7,8,9,10,16	5	4
842	01:14.647	3	2,4,5,6,7,8,9,10,16	73	4
843	01:14.650	10	3,4,5,7,8,9,11,13,14,15	5	2
844	01:17.246	16	1,2,3,4,5	97	2
845	01:17.290	9	2,3,4,5,6,7,8,10,11,12,13,14,15	97	1
846	01:17.450	12	6,7,8,9,13,14,15	97	3
847	01:17.901	11	4,5,8,9,10,14,15	97	2
848	01:17.963	3	2,4,5,6,7,8,9,10,16	56	4
849	01:17.965	16	1,2,3,4,5	5	2
850	01:17.982	16	1,2,3,4,5	57	2
851	01:17.984	1	16	5	0
852	01:17.990	1	16	56	0
853	01:17.992	16	1,2,3,4,5	5	2
854	01:17.998	16	1,2,3,4,5	65	2
855	01:18.001	3	2,4,5,6,7,8,9,10,16	5	4
856	01:18.344	11	4,5,8,9,10,14,15	56	2
857	01:18.346	4	2,3,5,7,8,9,10,11,16	5	4
858	01:18.351	4	2,3,5,7,8,9,10,11,16	65	4
859	01:18.354	16	1,2,3,4,5	5	2
860	01:18.387	16	1,2,3,4,5	57	2
861	01:18.389	1	16	5	0
862	01:18.397	1	16	64	0
863	01:18.399	16	1,2,3,4,5	5	2
864	01:18.423	16	1,2,3,4,5	73	2
865	01:18.426	4	2,3,5,7,8,9,10,11,16	5	4
866	01:18.436	4	2,3,5,7,8,9,10,11,16	73	4
867	01:18.439	11	4,5,8,9,10,14,15	5	2
868	01:18.886	8	2,3,4,5,6,7,9,10,11,12,13,14,15	56	1
869	01:18.888	3	2,4,5,6,7,8,9,10,16	5	4
870	01:18.928	3	2,4,5,6,7,8,9,10,16	65	4
871	01:18.931	16	1,2,3,4,5	5	2
872	01:18.965	16	1,2,3,4,5	57	2
873	01:18.967	1	16	5	0
874	01:19.004	1	16	64	0
875	01:19.006	16	1,2,3,4,5	5	2
876	01:19.017	16	1,2,3,4,5	73	2
877	01:19.020	3	2,4,5,6,7,8,9,10,16	5	4
878	01:19.047	3	2,4,5,6,7,8,9,10,16	73	4
879	01:19.050	8	2,3,4,5,6,7,9,10,11,12,13,14,15	5	1
880	01:19.306	6	2,3,7,8,9,12,13	56	2
881	01:19.308	3	2,4,5,6,7,8,9,10,16	5	4
882	01:19.336	3	2,4,5,6,7,8,9,10,16	65	4
883	01:19.339	16	1,2,3,4,5	5	2
884	01:19.375	16	1,2,3,4,5	57	2
885	01:19.377	1	16	5	0
886	01:19.407	1	16	64	0
887	01:19.409	16	1,2,3,4,5	5	2
888	01:19.448	16	1,2,3,4,5	73	2
889	01:19.451	3	2,4,5,6,7,8,9,10,16	5	4
890	01:19.491	3	2,4,5,6,7,8,9,10,16	73	4
891	01:19.494	6	2,3,7,8,9,12,13	5	2
892	01:19.504	5	2,3,4,8,9,10,11,16	56	3
893	01:19.506	16	1,2,3,4,5	5	2
894	01:19.540	16	1,2,3,4,5	57	2
895	01:19.542	1	16	5	0
896	01:19.569	1	16	56	0
897	01:19.571	16	1,2,3,4,5	5	2
898	01:19.580	16	1,2,3,4,5	65	2
899	01:19.583	5	2,3,4,8,9,10,11,16	5	3
900	01:20.469	13	6,7,8,9,10,12,14,15	56	4
901	01:20.471	6	2,3,7,8,9,12,13	5	2
902	01:20.486	6	2,3,7,8,9,12,13	65	2
903	01:20.489	3	2,4,5,6,7,8,9,10,16	5	4
904	01:20.498	3	2,4,5,6,7,8,9,10,16	65	4
905	01:20.501	16	1,2,3,4,5	5	2
906	01:20.517	2	3,4,5,6,7,8,9,16	56	3
907	01:20.519	16	1,2,3,4,5	5	2
908	01:20.548	16	1,2,3,4,5	57	2
909	01:20.550	1	16	5	0
910	01:20.560	16	1,2,3,4,5	57	2
911	01:20.562	1	16	5	0
912	01:20.565	1	16	72	0
913	01:20.569	16	1,2,3,4,5	5	2
914	01:20.589	16	1,2,3,4,5	81	2
915	01:20.592	3	2,4,5,6,7,8,9,10,16	5	4
916	01:20.603	1	16	56	0
917	01:20.605	16	1,2,3,4,5	5	2
918	01:20.616	16	1,2,3,4,5	65	2
919	01:20.619	2	3,4,5,6,7,8,9,16	5	3
920	01:20.691	3	2,4,5,6,7,8,9,10,16	81	4
921	01:20.694	6	2,3,7,8,9,12,13	5	2
922	01:20.704	6	2,3,7,8,9,12,13	81	2
923	01:20.707	13	6,7,8,9,10,12,14,15	5	4
924	01:21.089	4	2,3,5,7,8,9,10,11,16	56	4
925	01:21.091	16	1,2,3,4,5	5	2
926	01:21.110	16	1,2,3,4,5	57	2
927	01:21.112	1	16	5	0
928	01:21.115	1	16	56	0
929	01:21.118	16	1,2,3,4,5	5	2
930	01:21.157	16	1,2,3,4,5	65	2
931	01:21.160	4	2,3,5,7,8,9,10,11,16	5	4
932	01:22.069	7	2,3,4,6,8,9,10,12,13,14	56	2
933	01:22.071	4	2,3,5,7,8,9,10,11,16	5	4
934	01:22.085	4	2,3,5,7,8,9,10,11,16	65	4
935	01:22.088	16	1,2,3,4,5	5	2
936	01:22.093	16	1,2,3,4,5	57	2
937	01:22.095	1	16	5	0
938	01:22.118	1	16	64	0
939	01:22.120	16	1,2,3,4,5	5	2
940	01:22.163	16	1,2,3,4,5	73	2
941	01:22.164	14	7,10,11,12,13,15	56	6
942	01:22.169	14	7,8,9,10,11,12,13,15	56	4
943	01:22.172	8	2,3,4,5,6,7,9,10,11,12,13,14,15	5	1
944	01:22.194	16	1,2,3,4,5	73	2
945	01:22.197	4	2,3,5,7,8,9,10,11,16	5	4
946	01:22.207	8	2,3,4,5,6,7,9,10,11,12,13,14,15	65	1
947	01:22.210	3	2,4,5,6,7,8,9,10,16	5	4
948	01:22.210	4	2,3,5,7,8,9,10,11,16	73	4
949	01:22.213	7	2,3,4,6,8,9,10,12,13,14	5	2
950	01:22.229	3	2,4,5,6,7,8,9,10,16	65	4
951	01:22.232	16	1,2,3,4,5	5	2
952	01:22.242	8	2,3,4,5,6,7,9,10,11,12,13,14,15	65	1
953	01:22.244	16	1,2,3,4,5	57	2
954	01:22.246	1	16	5	0
955	01:22.252	8	2,3,4,5,6,7,9,10,11,12,13,14,15	65	1
956	01:22.252	1	-	72	1
957	01:22.255	3	2,4,5,6,7,8,9,10,16	5	4
958	01:22.266	1	16	72	0
959	01:22.269	16	1,2,3,4,5	5	2
960	01:22.287	4	2,3,5,7,8,9,10,11,16	73	4
961	01:22.290	7	2,3,4,6,8,9,10,12,13,14	5	2
962	01:22.319	16	1,2,3,4,5	81	2
963	01:22.322	3	2,4,5,6,7,8,9,10,16	5	4
964	01:22.328	3	2,4,5,6,7,8,9,10,16	81	4
965	01:22.331	8	2,3,4,5,6,7,9,10,11,12,13,14,15	5	1
966	01:22.343	8	2,3,4,5,6,7,9,10,11,12,13,14,15	81	1
967	01:22.346	14	7,8,9,10,11,12,13,15	5	4
968	01:22.378	15	8,9,10,11,12,13,14	97	3
969	01:23.053	9	2,3,4,5,6,7,8,10,11,12,13,14,15	56	1
970	01:23.055	2	3,4,5,6,7,8,9,16	5	3
971	01:23.080	13	6,7,8,9,10,12,14,15	97	4
972	01:23.087	2	3,4,5,6,7,8,9,16	65	3
973	01:23.090	16	1,2,3,4,5	5	2
974	01:23.093	16	1,2,3,4,5	57	2
975	01:23.095	1	16	5	0
976	01:23.135	1	16	64	0
977	01:23.137	16	1,2,3,4,5	5	2
978	01:23.149	16	1,2,3,4,5	73	2
979	01:23.152	2	3,4,5,6,7,8,9,16	5	3
980	01:23.168	2	3,4,5,6,7,8,9,16	73	3
981	01:23.171	9	2,3,4,5,6,7,8,10,11,12,13,14,15	5	1
982	01:23.205	3	2,4,5,6,7,8,9,10,16	97	4
983	01:23.336	12	6,7,8,9,13,14,15	56	3
984	01:23.338	6	2,3,7,8,9,12,13	5	2
985	01:23.367	6	2,3,7,8,9,12,13	65	2
986	01:23.370	3	2,4,5,6,7,8,9,10,16	5	4
987	01:23.382	3	2,4,5,6,7,8,9,10,16	65	4
988	01:23.385	16	1,2,3,4,5	5	2
989	01:23.405	16	1,2,3,4,5	57	2
990	01:23.407	1	16	5	0
991	01:23.434	15	8,9,10,11,12,13,14	56	3
992	01:23.436	8	2,3,4,5,6,7,9,10,11,12,13,14,15	5	1
993	01:23.437	1	16	72	0
994	01:23.440	16	1,2,3,4,5	5	2
995	01:23.444	8	2,3,4,5,6,7,9,10,11,12,13,14,15	65	1
996	01:23.447	3	2,4,5,6,7,8,9,10,16	5	4
997	01:23.464	16	1,2,3,4,5	81	2
998	01:23.467	3	2,4,5,6,7,8,9,10,16	5	4
999	01:23.480	3	2,4,5,6,7,8,9,10,16	65	4
1000	01:23.483	16	1,2,3,4,5	5	2
1001	01:23.502	3	2,4,5,6,7,8,9,10,16	81	4
1002	01:23.505	6	2,3,7,8,9,12,13	5	2
1003	01:23.509	6	2,3,7,8,9,12,13	81	2
1004	01:23.512	12	6,7,8,9,13,14,15	5	3
1005	01:23.518	16	1,2,3,4,5	57	2
1006	01:23.520	1	16	5	0
1007	01:23.549	1	16	72	0
1008	01:23.552	16	1,2,3,4,5	5	2
1009	01:23.593	16	1,2,3,4,5	81	2
1010	01:23.596	3	2,4,5,6,7,8,9,10,16	5	4
1011	01:23.600	3	2,4,5,6,7,8,9,10,16	81	4
1012	01:23.603	8	2,3,4,5,6,7,9,10,11,12,13,14,15	5	1
1013	01:23.645	8	2,3,4,5,6,7,9,10,11,12,13,14,15	81	1
1014	01:23.648	15	8,9,10,11,12,13,14	5	3
1015	01:23.987	10	3,4,5,7,8,9,11,13,14,15	56	2
1016	01:23.989	3	2,4,5,6,7,8,9,10,16	5	4
1017	01:24.025	3	2,4,5,6,7,8,9,10,16	65	4
1018	01:24.028	16	1,2,3,4,5	5	2
1019	01:24.044	16	1,2,3,4,5	57	2
1020	01:24.046	1	16	5	0
1021	01:24.083	1	16	64	0
1022	01:24.085	16	1,2,3,4,5	5	2
1023	01:24.089	16	1,2,3,4,5	73	2
1024	01:24.092	3	2,4,5,6,7,8,9,10,16	5	4
1025	01:24.114	3	2,4,5,6,7,8,9,10,16	73	4
1026	01:24.117	10	3,4,5,7,8,9,11,13,14,15	5	2
1027	01:24.742	14	7,8,9,10,11,12,13,15	97	4
1028	01:25.391	6	2,3,7,8,9,12,13	102	2
1029	01:25.395	2	3,4,5,6,7,8,9,16	5	3
1030	01:26.980	4	2,3,5,7,8,9,10,11,16	97	4
1031	01:27.648	3	2,4,5,6,7,8,9,10,16	56	4
1032	01:27.650	16	1,2,3,4,5	5	2
1033	01:27.674	16	1,2,3,4,5	57	2
1034	01:27.676	1	16	5	0
1035	01:27.715	1	16	56	0
1036	01:27.717	16	1,2,3,4,5	5	2
1037	01:27.752	16	1,2,3,4,5	65	2
1038	01:27.755	3	2,4,5,6,7,8,9,10,16	5	4
1039	01:28.673	6	2,3,7,8,9,12,13	56	2
1040	01:28.675	3	2,4,5,6,7,8,9,10,16	5	4
1041	01:28.702	3	2,4,5,6,7,8,9,10,16	65	4
1042	01:28.705	16	1,2,3,4,5	5	2
1043	01:28.746	16	1,2,3,4,5	57	2
1044	01:28.748	1	16	5	0
1045	01:28.755	11	4,5,8,9,10,14,15	56	2
1046	01:28.757	4	2,3,5,7,8,9,10,11,16	5	4
1047	01:28.763	4	2,3,5,7,8,9,10,11,16	65	4
1048	01:28.766	16	1,2,3,4,5	5	2
1049	01:28.774	1	16	64	0
1050	01:28.776	16	1,2,3,4,5	5	2
1051	01:28.800	16	1,2,3,4,5	57	2
1052	01:28.802	1	16	5	0
1053	01:28.805	16	1,2,3,4,5	73	2
1054	01:28.809	3	2,4,5,6,7,8,9,10,16	5	4
1055	01:28.835	1	16	64	0
1056	01:28.837	16	1,2,3,4,5	5	2
1057	01:28.848	16	1,2,3,4,5	73	2
1058	01:28.851	4	2,3,5,7,8,9,10,11,16	5	4
1059	01:28.865	4	2,3,5,7,8,9,10,11,16	73	4
1060	01:28.868	11	4,5,8,9,10,14,15	5	2
1061	01:28.898	2	3,4,5,6,7,8,9,16	97	3
1062	01:29.072	3	2,4,5,6,7,8,9,10,16	73	4
1063	01:29.075	6	2,3,7,8,9,12,13	5	2
1064	01:29.238	8	2,3,4,5,6,7,9,10,11,12,13,14,15	56	1
1065	01:29.240	3	2,4,5,6,7,8,9,10,16	5	4
1066	01:29.258	3	2,4,5,6,7,8,9,10,16	65	4
1067	01:29.261	16	1,2,3,4,5	5	2
1068	01:29.297	16	1,2,3,4,5	57	2
1069	01:29.299	1	16	5	0
1070	01:29.326	1	16	64	0
1071	01:29.328	16	1,2,3,4,5	5	2
1072	01:29.367	16	1,2,3,4,5	73	2
1073	01:29.370	3	2,4,5,6,7,8,9,10,16	5	4
1074	01:29.405	3	2,4,5,6,7,8,9,10,16	73	4
1075	01:29.408	8	2,3,4,5,6,7,9,10,11,12,13,14,15	5	1
1076	01:29.416	5	2,3,4,8,9,10,11,16	56	3
1077	01:29.418	16	1,2,3,4,5	5	2
1078	01:29.456	16	1,2,3,4,5	57	2
1079	01:29.458	1	16	5	0
1080	01:29.470	5	2,3,4,8,9,10,11,16	97	3
1081	01:29.481	1	16	56	0
1082	01:29.483	16	1,2,3,4,5	5	2
1083	01:29.509	16	1,2,3,4,5	65	2
1084	01:29.512	5	2,3,4,8,9,10,11,16	5	3
1085	01:30.301	2	3,4,5,6,7,8,9,16	56	3
1086	01:30.303	16	1,2,3,4,5	5	2
1087	01:30.313	16	1,2,3,4,5	57	2
1088	01:30.315	1	16	5	0
1089	01:30.352	1	16	56	0
1090	01:30.354	16	1,2,3,4,5	5	2
1091	01:30.397	16	1,2,3,4,5	65	2
1092	01:30.400	2	3,4,5,6,7,8,9,16	5	3
1093	01:30.458	13	6,7,8,9,10,12,14,15	56	4
1094	01:30.460	6	2,3,7,8,9,12,13	5	2
1095	01:30.483	6	2,3,7,8,9,12,13	65	2
1096	01:30.486	3	2,4,5,6,7,8,9,10,16	5	4
1097	01:30.522	3	2,4,5,6,7,8,9,10,16	65	4
1098	01:30.525	16	1,2,3,4,5	5	2
1099	01:30.528	16	1,2,3,4,5	57	2
1100	01:30.530	1	16	5	0
1101	01:30.535	1	16	72	0
1102	01:30.538	16	1,2,3,4,5	5	2
1103	01:30.572	16	1,2,3,4,5	81	2
1104	01:30.575	3	2,4,5,6,7,8,9,10,16	5	4
1105	01:30.611	3	2,4,5,6,7,8,9,10,16	81	4
1106	01:30.614	6	2,3,7,8,9,12,13	5	2
1107	01:30.617	6	2,3,7,8,9,12,13	81	2
1108	01:30.621	13	6,7,8,9,10,12,14,15	5	4
1109	01:30.839	4	2,3,5,7,8,9,10,11,16	56	4
1110	01:30.841	16	1,2,3,4,5	5	2
1111	01:30.876	16	1,2,3,4,5	57	2
1112	01:30.878	1	16	5	0
1113	01:30.921	1	16	56	0
1114	01:30.923	16	1,2,3,4,5	5	2
1115	01:30.926	16	1,2,3,4,5	65	2
1116	01:30.929	4	2,3,5,7,8,9,10,11,16	5	4
1117	01:31.123	7	2,3,4,6,8,9,10,12,13,14	56	2
1118	01:31.125	4	2,3,5,7,8,9,10,11,16	5	4
1119	01:31.165	4	2,3,5,7,8,9,10,11,16	65	4
1120	01:31.168	16	1,2,3,4,5	5	2
1121	01:31.196	16	1,2,3,4,5	57	2
1122	01:31.198	1	16	5	0
1123	01:31.217	1	16	64	0
1124	01:31.219	16	1,2,3,4,5	5	2
1125	01:31.232	16	1,2,3,4,5	73	2
1126	01:31.235	4	2,3,5,7,8,9,10,11,16	5	4
1127	01:31.275	4	2,3,5,7,8,9,10,11,16	73	4
1128	01:31.278	7	2,3,4,6,8,9,10,12,13,14	5	2
1129	01:32.455	15	8,9,10,11,12,13,14	56	3
1130	01:32.457	8	2,3,4,5,6,7,9,10,11,12,13,14,15	5	1
1131	01:32.470	8	2,3,4,5,6,7,9,10,11,12,13,14,15	65	1
1132	01:32.473	3	2,4,5,6,7,8,9,10,16	5	4
1133	01:32.478	3	2,4,5,6,7,8,9,10,16	65	4
1134	01:32.481	16	1,2,3,4,5	5	2
1135	01:32.485	16	1,2,3,4,5	57	2
1136	01:32.487	1	16	5	0
1137	01:32.500	1	16	72	0
1138	01:32.503	16	1,2,3,4,5	5	2
1139	01:32.529	16	1,2,3,4,5	81	2
1140	01:32.532	3	2,4,5,6,7,8,9,10,16	5	4
1141	01:32.539	3	2,4,5,6,7,8,9,10,16	81	4
1142	01:32.542	8	2,3,4,5,6,7,9,10,11,12,13,14,15	5	1
1143	01:32.550	8	2,3,4,5,6,7,9,10,11,12,13,14,15	81	1
1144	01:32.553	15	8,9,10,11,12,13,14	5	3
1145	01:32.631	14	7,8,9,10,11,12,13,15	56	4
1146	01:32.633	8	2,3,4,5,6,7,9,10,11,12,13,14,15	5	1
1147	01:32.671	8	2,3,4,5,6,7,9,10,11,12,13,14,15	65	1
1148	01:32.674	3	2,4,5,6,7,8,9,10,16	5	4
1149	01:32.685	3	2,4,5,6,7,8,9,10,16	65	4
1150	01:32.688	16	1,2,3,4,5	5	2
1151	01:32.691	16	1,2,3,4,5	57	2
1152	01:32.693	1	16	5	0
1153	01:32.714	1	16	72	0
1154	01:32.717	16	1,2,3,4,5	5	2
1155	01:32.745	16	1,2,3,4,5	81	2
1156	01:32.748	3	2,4,5,6,7,8,9,10,16	5	4
1157	01:32.788	3	2,4,5,6,7,8,9,10,16	81	4
1158	01:32.791	8	2,3,4,5,6,7,9,10,11,12,13,14,15	5	1
1159	01:32.795	8	2,3,4,5,6,7,9,10,11,12,13,14,15	81	1
1160	01:32.798	14	7,8,9,10,11,12,13,15	5	4
1161	01:33.248	9	2,3,4,5,6,7,8,10,11,12,13,14,15	56	1
1162	01:33.250	2	3,4,5,6,7,8,9,16	5	3
1163	01:33.278	2	3,4,5,6,7,8,9,16	65	3
1164	01:33.281	16	1,2,3,4,5	5	2
1165	01:33.302	16	1,2,3,4,5	57	2
1166	01:33.304	1	16	5	0
1167	01:33.315	1	16	64	0
1168	01:33.317	16	1,2,3,4,5	5	2
1169	01:33.339	16	1,2,3,4,5	73	2
1170	01:33.342	2	3,4,5,6,7,8,9,16	5	3
1171	01:33.356	2	3,4,5,6,7,8,9,16	73	3
1172	01:33.359	9	2,3,4,5,6,7,8,10,11,12,13,14,15	5	1
1173	01:33.423	12	6,7,8,9,13,14,15	56	3
1174	01:33.425	6	2,3,7,8,9,12,13	5	2
1175	01:33.446	6	2,3,7,8,9,12,13	65	2
1176	01:33.449	3	2,4,5,6,7,8,9,10,16	5	4
1177	01:33.484	3	2,4,5,6,7,8,9,10,16	65	4
1178	01:33.487	16	1,2,3,4,5	5	2
1179	01:33.528	16	1,2,3,4,5	57	2
1180	01:33.530	1	16	5	0
1181	01:33.556	1	16	72	0
1182	01:33.559	16	1,2,3,4,5	5	2
1183	01:33.567	16	1,2,3,4,5	81	2
1184	01:33.570	3	2,4,5,6,7,8,9,10,16	5	4
1185	01:33.588	3	2,4,5,6,7,8,9,10,16	81	4
1186	01:33.591	6	2,3,7,8,9,12,13	5	2
1187	01:33.595	6	2,3,7,8,9,12,13	81	2
1188	01:33.598	12	6,7,8,9,13,14,15	5	3
1189	01:34.894	10	3,4,5,7,8,9,11,13,14,15	56	2
1190	01:34.896	3	2,4,5,6,7,8,9,10,16	5	4
1191	01:34.905	5	2,3,4,8,9,10,11,16	102	3
1192	01:34.909	8	2,3,4,5,6,7,9,10,11,12,13,14,15	5	1
1193	01:34.913	3	2,4,5,6,7,8,9,10,16	65	4
1194	01:34.916	16	1,2,3,4,5	5	2
1195	01:34.928	16	1,2,3,4,5	57	2
1196	01:34.930	1	16	5	0
1197	01:34.966	1	16	64	0
1198	01:34.968	16	1,2,3,4,5	5	2
1199	01:35.003	16	1,2,3,4,5	73	2
1200	01:35.006	3	2,4,5,6,7,8,9,10,16	5	4
1201	01:35.033	3	2,4,5,6,7,8,9,10,16	73	4
1202	01:35.036	10	3,4,5,7,8,9,11,13,14,15	5	2
1203	01:37.460	3	2,4,5,6,7,8,9,10,16	56	4
1204	01:37.462	16	1,2,3,4,5	5	2
1205	01:37.485	16	1,2,3,4,5	57	2
1206	01:37.487	1	16	5	0
1207	01:37.522	1	16	56	0
1208	01:37.524	16	1,2,3,4,5	5	2
1209	01:37.541	16	1,2,3,4,5	65	2
1210	01:37.544	3	2,4,5,6,7,8,9,10,16	5	4
1211	01:37.589	8	2,3,4,5,6,7,9,10,11,12,13,14,15	97	1
1212	01:37.932	11	4,5,8,9,10,14,15	97	2
1213	01:38.827	6	2,3,7,8,9,12,13	56	2
1214	01:38.829	3	2,4,5,6,7,8,9,10,16	5	4
1215	01:38.843	3	2,4,5,6,7,8,9,10,16	65	4
1216	01:38.846	16	1,2,3,4,5	5	2
1217	01:38.877	16	1,2,3,4,5	57	2
1218	01:38.879	1	16	5	0
1219	01:38.914	1	16	64	0
1220	01:38.916	16	1,2,3,4,5	5	2
1221	01:38.936	16	1,2,3,4,5	73	2
1222	01:38.939	3	2,4,5,6,7,8,9,10,16	5	4
1223	01:38.953	3	2,4,5,6,7,8,9,10,16	73	4
1224	01:38.956	6	2,3,7,8,9,12,13	5	2
1225	01:39.130	11	4,5,8,9,10,14,15	56	2
1226	01:39.132	4	2,3,5,7,8,9,10,11,16	5	4
1227	01:39.137	5	2,3,4,8,9,10,11,16	56	3
1228	01:39.139	16	1,2,3,4,5	5	2
1229	01:39.150	4	2,3,5,7,8,9,10,11,16	65	4
1230	01:39.153	16	1,2,3,4,5	5	2
1231	01:39.163	16	1,2,3,4,5	57	2
1232	01:39.165	1	16	5	0
1233	01:39.186	1	16	56	0
1234	01:39.188	16	1,2,3,4,5	5	2
1235	01:39.193	16	1,2,3,4,5	57	2
1236	01:39.195	1	16	5	0
1237	01:39.199	16	1,2,3,4,5	65	2
1238	01:39.202	5	2,3,4,8,9,10,11,16	5	3
1239	01:39.238	1	16	64	0
1240	01:39.240	16	1,2,3,4,5	5	2
1241	01:39.277	16	1,2,3,4,5	73	2
1242	01:39.280	4	2,3,5,7,8,9,10,11,16	5	4
1243	01:39.318	4	2,3,5,7,8,9,10,11,16	73	4
1244	01:39.321	11	4,5,8,9,10,14,15	5	2
1245	01:39.877	8	2,3,4,5,6,7,9,10,11,12,13,14,15	56	1
1246	01:39.879	3	2,4,5,6,7,8,9,10,16	5	4
1247	01:39.911	3	2,4,5,6,7,8,9,10,16	65	4
1248	01:39.914	16	1,2,3,4,5	5	2
1249	01:39.939	16	1,2,3,4,5	57	2
1250	01:39.941	1	16	5	0
1251	01:39.972	1	16	64	0
1252	01:39.974	16	1,2,3,4,5	5	2
1253	01:39.988	16	1,2,3,4,5	73	2
1254	01:39.991	3	2,4,5,6,7,8,9,10,16	5	4
1255	01:39.998	3	2,4,5,6,7,8,9,10,16	73	4
1256	01:40.001	8	2,3,4,5,6,7,9,10,11,12,13,14,15	5	1
1257	01:40.250	2	3,4,5,6,7,8,9,16	56	3
1258	01:40.252	16	1,2,3,4,5	5	2
1259	01:40.291	16	1,2,3,4,5	57	2
1260	01:40.293	1	16	5	0
1261	01:40.316	1	16	56	0
1262	01:40.318	16	1,2,3,4,5	5	2
1263	01:40.351	16	1,2,3,4,5	65	2
1264	01:40.354	2	3,4,5,6,7,8,9,16	5	3
1265	01:40.783	13	6,7,8,9,10,12,14,15	56	4
1266	01:40.785	6	2,3,7,8,9,12,13	5	2
1267	01:40.827	6	2,3,7,8,9,12,13	65	2
1268	01:40.830	3	2,4,5,6,7,8,9,10,16	5	4
1269	01:40.834	3	2,4,5,6,7,8,9,10,16	65	4
1270	01:40.837	16	1,2,3,4,5	5	2
1271	01:40.870	4	2,3,5,7,8,9,10,11,16	56	4
1272	01:40.872	16	1,2,3,4,5	5	2
1273	01:40.876	16	1,2,3,4,5	57	2
1274	01:40.878	1	16	5	0
1275	01:40.905	16	1,2,3,4,5	57	2
1276	01:40.907	1	16	5	0
1277	01:40.917	1	16	72	0
1278	01:40.920	16	1,2,3,4,5	5	2
1279	01:40.943	1	16	56	0
1280	01:40.945	16	1,2,3,4,5	5	2
1281	01:40.949	16	1,2,3,4,5	65	2
1282	01:40.952	4	2,3,5,7,8,9,10,11,16	5	4
1283	01:40.960	16	1,2,3,4,5	81	2
1284	01:40.963	3	2,4,5,6,7,8,9,10,16	5	4
1285	01:40.991	3	2,4,5,6,7,8,9,10,16	81	4
1286	01:40.994	6	2,3,7,8,9,12,13	5	2
1287	01:41.018	6	2,3,7,8,9,12,13	81	2
1288	01:41.021	13	6,7,8,9,10,12,14,15	5	4
1289	01:41.651	14	7,8,9,10,11,12,13,15	56	4
1290	01:41.653	8	2,3,4,5,6,7,9,10,11,12,13,14,15	5	1
1291	01:41.657	8	2,3,4,5,6,7,9,10,11,12,13,14,15	65	1
1292	01:41.660	3	2,4,5,6,7,8,9,10,16	5	4
1293	01:41.683	7	2,3,4,6,8,9,10,12,13,14	56	2
1294	01:41.685	4	2,3,5,7,8,9,10,11,16	5	4
1295	01:41.696	3	2,4,5,6,7,8,9,10,16	65	4
1296	01:41.699	16	1,2,3,4,5	5	2
1297	01:41.721	4	2,3,5,7,8,9,10,11,16	65	4
1298	01:41.724	16	1,2,3,4,5	5	2
1299	01:41.736	9	2,3,4,5,6,7,8,10,11,12,13,14,15	102	1
1300	01:41.740	3	2,4,5,6,7,8,9,10,16	5	4
1301	01:41.831	16	1,2,3,4,5	57	2
1302	01:41.833	1	16	5	0
1303	01:41.861	16	1,2,3,4,5	57	2
1304	01:41.863	1	16	5	0
1305	01:41.868	1	16	72	0
1306	01:41.871	16	1,2,3,4,5	5	2
1307	01:41.878	1	16	64	0
1308	01:41.880	16	1,2,3,4,5	5	2
1309	01:41.893	16	1,2,3,4,5	81	2
1310	01:41.896	3	2,4,5,6,7,8,9,10,16	5	4
1311	01:41.906	3	2,4,5,6,7,8,9,10,16	81	4
1312	01:41.909	8	2,3,4,5,6,7,9,10,11,12,13,14,15	5	1
1313	01:41.920	16	1,2,3,4,5	73	2
1314	01:41.923	4	2,3,5,7,8,9,10,11,16	5	4
1315	01:41.936	4	2,3,5,7,8,9,10,11,16	73	4
1316	01:41.939	7	2,3,4,6,8,9,10,12,13,14	5	2
1317	01:41.942	8	2,3,4,5,6,7,9,10,11,12,13,14,15	81	1
1318	01:41.945	14	7,8,9,10,11,12,13,15	5	4
1319	01:42.116	6	2,3,7,8,9,12,13	97	2
1320	01:42.595	15	8,9,10,11,12,13,14	97	3
1321	01:42.644	13	6,7,8,9,10,12,14,15	97	4
1322	01:42.806	15	8,9,10,11,12,13,14	56	3
1323	01:42.808	8	2,3,4,5,6,7,9,10,11,12,13,14,15	5	1
1324	01:42.841	8	2,3,4,5,6,7,9,10,11,12,13,14,15	65	1
1325	01:42.844	3	2,4,5,6,7,8,9,10,16	5	4
1326	01:42.848	3	2,4,5,6,7,8,9,10,16	65	4
1327	01:42.851	16	1,2,3,4,5	5	2
1328	01:42.857	16	1,2,3,4,5	57	2
1329	01:42.859	1	16	5	0
1330	01:42.868	9	2,3,4,5,6,7,8,10,11,12,13,14,15	56	1
1331	01:42.870	2	3,4,5,6,7,8,9,16	5	3
1332	01:42.885	1	16	72	0
1333	01:42.888	2	3,4,5,6,7,8,9,16	65	3
1334	01:42.891	16	1,2,3,4,5	5	2
1335	01:42.900	16	1,2,3,4,5	81	2
1336	01:42.903	3	2,4,5,6,7,8,9,10,16	5	4
1337	01:42.907	3	2,4,5,6,7,8,9,10,16	81	4
1338	01:42.910	8	2,3,4,5,6,7,9,10,11,12,13,14,15	5	1
1339	01:42.923	8	2,3,4,5,6,7,9,10,11,12,13,14,15	81	1
1340	01:42.926	15	8,9,10,11,12,13,14	5	3
1341	01:42.929	16	1,2,3,4,5	57	2
1342	01:42.931	1	16	5	0
1343	01:42.962	1	16	72	0
1344	01:42.965	16	1,2,3,4,5	5	2
1345	01:43.006	1	16	64	0
1346	01:43.008	16	1,2,3,4,5	5	2
1347	01:43.041	16	1,2,3,4,5	73	2
1348	01:43.044	2	3,4,5,6,7,8,9,16	5	3
1349	01:43.080	2	3,4,5,6,7,8,9,16	73	3
1350	01:43.083	9	2,3,4,5,6,7,8,10,11,12,13,14,15	5	1
1351	01:43.972	10	3,4,5,7,8,9,11,13,14,15	56	2
1352	01:43.974	3	2,4,5,6,7,8,9,10,16	5	4
1353	01:44.002	3	2,4,5,6,7,8,9,10,16	65	4
1354	01:44.005	16	1,2,3,4,5	5	2
1355	01:44.011	16	1,2,3,4,5	57	2
1356	01:44.013	1	16	5	0
1357	01:44.016	1	16	64	0
1358	01:44.019	16	1,2,3,4,5	5	2
1359	01:44.047	16	1,2,3,4,5	73	2
1360	01:44.050	3	2,4,5,6,7,8,9,10,16	5	4
1361	01:44.069	3	2,4,5,6,7,8,9,10,16	73	4
1362	01:44.072	10	3,4,5,7,8,9,11,13,14,15	5	2
1363	01:44.167	12	6,7,8,9,13,14,15	56	3
1364	01:44.169	6	2,3,7,8,9,12,13	5	2
1365	01:44.203	6	2,3,7,8,9,12,13	65	2
1366	01:44.206	3	2,4,5,6,7,8,9,10,16	5	4
1367	01:44.237	3	2,4,5,6,7,8,9,10,16	65	4
1368	01:44.240	16	1,2,3,4,5	5	2
1369	01:44.250	16	1,2,3,4,5	57	2
1370	01:44.252	1	16	5	0
1371	01:44.291	1	16	72	0
1372	01:44.294	16	1,2,3,4,5	5	2
1373	01:44.331	16	1,2,3,4,5	81	2
1374	01:44.334	3	2,4,5,6,7,8,9,10,16	5	4
1375	01:44.362	3	2,4,5,6,7,8,9,10,16	81	4
1376	01:44.365	6	2,3,7,8,9,12,13	5	2
1377	01:44.396	6	2,3,7,8,9,12,13	81	2
1378	01:44.399	12	6,7,8,9,13,14,15	5	3
1379	01:44.704	9	2,3,4,5,6,7,8,10,11,12,13,14,15	97	1
1380	01:45.549	8	2,3,4,5,6,7,9,10,11,12,13,14,15	102	1
1381	01:45.553	6	2,3,7,8,9,12,13	5	2
1382	01:45.752	7	2,3,4,6,8,9,10,12,13,14	97	2
1383	01:47.086	10	3,4,5,7,8,9,11,13,14,15	102	2
1384	01:47.090	15	8,9,10,11,12,13,14	5	3
1385	01:47.160	3	2,4,5,6,7,8,9,10,16	56	4
1386	01:47.162	16	1,2,3,4,5	5	2
1387	01:47.188	16	1,2,3,4,5	57	2
1388	01:47.190	1	16	5	0
1389	01:47.193	1	16	56	0
1390	01:47.196	16	1,2,3,4,5	5	2
1391	01:47.236	16	1,2,3,4,5	65	2
1392	01:47.239	3	2,4,5,6,7,8,9,10,16	5	4
1393	01:47.779	10	3,4,5,7,8,9,11,13,14,15	97	2
1394	01:48.064	3	2,4,5,6,7,8,9,10,16	102	4
1395	01:48.068	4	2,3,5,7,8,9,10,11,16	5	4
1396	01:48.764	6	2,3,7,8,9,12,13	56	2
1397	01:48.766	3	2,4,5,6,7,8,9,10,16	5	4
1398	01:48.798	3	2,4,5,6,7,8,9,10,16	65	4
1399	01:48.801	16	1,2,3,4,5	5	2
1400	01:48.833	16	1,2,3,4,5	57	2
1401	01:48.835	1	16	5	0
1402	01:48.850	1	16	64	0
1403	01:48.852	16	1,2,3,4,5	5	2
1404	01:48.861	16	1,2,3,4,5	73	2
1405	01:48.864	3	2,4,5,6,7,8,9,10,16	5	4
1406	01:48.881	3	2,4,5,6,7,8,9,10,16	73	4
1407	01:48.884	6	2,3,7,8,9,12,13	5	2
1408	01:48.896	8	2,3,4,5,6,7,9,10,11,12,13,14,15	56	1
1409	01:48.898	3	2,4,5,6,7,8,9,10,16	5	4
1410	01:48.933	3	2,4,5,6,7,8,9,10,16	65	4
1411	01:48.936	16	1,2,3,4,5	5	2
1412	01:48.969	16	1,2,3,4,5	57	2
1413	01:48.971	1	16	5	0
1414	01:49.003	1	16	64	0
1415	01:49.005	16	1,2,3,4,5	5	2
1416	01:49.031	16	1,2,3,4,5	73	2
1417	01:49.034	3	2,4,5,6,7,8,9,10,16	5	4
1418	01:49.053	3	2,4,5,6,7,8,9,10,16	73	4
1419	01:49.056	8	2,3,4,5,6,7,9,10,11,12,13,14,15	5	1
1420	01:49.118	5	2,3,4,8,9,10,11,16	56	3
1421	01:49.120	16	1,2,3,4,5	5	2
1422	01:49.158	16	1,2,3,4,5	57	2
1423	01:49.160	1	16	5	0
1424	01:49.183	1	16	56	0
1425	01:49.185	16	1,2,3,4,5	5	2
1426	01:49.213	16	1,2,3,4,5	65	2
1427	01:49.216	5	2,3,4,8,9,10,11,16	5	3
1428	01:49.464	11	4,5,8,9,10,14,15	56	2
1429	01:49.466	4	2,3,5,7,8,9,10,11,16	5	4
1430	01:49.487	4	2,3,5,7,8,9,10,11,16	65	4
1431	01:49.490	16	1,2,3,4,5	5	2
1432	01:49.531	16	1,2,3,4,5	57	2
1433	01:49.533	1	16	5	0
1434	01:49.544	1	16	64	0
1435	01:49.546	16	1,2,3,4,5	5	2
1436	01:49.588	16	1,2,3,4,5	73	2
1437	01:49.591	4	2,3,5,7,8,9,10,11,16	5	4
1438	01:49.615	4	2,3,5,7,8,9,10,11,16	73	4
1439	01:49.618	11	4,5,8,9,10,14,15	5	2
1440	01:49.739	2	3,4,5,6,7,8,9,16	102	3
1441	01:49.743	5	2,3,4,8,9,10,11,16	5	3
1442	01:50.551	2	3,4,5,6,7,8,9,16	56	3
1443	01:50.553	16	1,2,3,4,5	5	2
1444	01:50.560	16	1,2,3,4,5	57	2
1445	01:50.562	1	16	5	0
1446	01:50.576	1	16	56	0
1447	01:50.578	16	1,2,3,4,5	5	2
1448	01:50.621	16	1,2,3,4,5	65	2
1449	01:50.624	2	3,4,5,6,7,8,9,16	5	3
1450	01:51.030	7	2,3,4,6,8,9,10,12,13,14	56	2
1451	01:51.032	4	2,3,5,7,8,9,10,11,16	5	4
1452	01:51.071	4	2,3,5,7,8,9,10,11,16	65	4
1453	01:51.074	16	1,2,3,4,5	5	2
1454	01:51.077	4	2,3,5,7,8,9,10,11,16	56	4
1455	01:51.079	16	1,2,3,4,5	5	2
1456	01:51.093	16	1,2,3,4,5	57	2
1457	01:51.095	1	16	5	0
1458	01:51.104	16	1,2,3,4,5	57	2
1459	01:51.106	1	16	5	0
1460	01:51.107	13	6,7,8,9,10,12,14,15	56	4
1461	01:51.109	6	2,3,7,8,9,12,13	5	2
1462	01:51.114	6	2,3,7,8,9,12,13	65	2
1463	01:51.117	3	2,4,5,6,7,8,9,10,16	5	4
1464	01:51.129	3	2,4,5,6,7,8,9,10,16	65	4
1465	01:51.132	16	1,2,3,4,5	5	2
1466	01:51.135	16	1,2,3,4,5	57	2
1467	01:51.137	1	16	5	0
1468	01:51.221	1	16	64	0
1469	01:51.223	16	1,2,3,4,5	5	2
1470	01:51.233	1	16	56	0
1471	01:51.235	16	1,2,3,4,5	5	2
1472	01:51.251	16	1,2,3,4,5	73	2
1473	01:51.254	4	2,3,5,7,8,9,10,11,16	5	4
1474	01:51.260	1	16	72	0
1475	01:51.263	16	1,2,3,4,5	5	2
1476	01:51.266	16	1,2,3,4,5	81	2
1477	01:51.269	3	2,4,5,6,7,8,9,10,16	5	4
1478	01:51.275	4	2,3,5,7,8,9,10,11,16	73	4
1479	01:51.278	7	2,3,4,6,8,9,10,12,13,14	5	2
1480	01:51.288	16	1,2,3,4,5	65	2
1481	01:51.291	4	2,3,5,7,8,9,10,11,16	5	4
1482	01:51.312	3	2,4,5,6,7,8,9,10,16	81	4
1483	01:51.315	6	2,3,7,8,9,12,13	5	2
1484	01:51.339	6	2,3,7,8,9,12,13	81	2
1485	01:51.342	13	6,7,8,9,10,12,14,15	5	4
1486	01:52.092	14	7,8,9,10,11,12,13,15	56	4
1487	01:52.094	8	2,3,4,5,6,7,9,10,11,12,13,14,15	5	1
1488	01:52.112	8	2,3,4,5,6,7,9,10,11,12,13,14,15	65	1
1489	01:52.115	3	2,4,5,6,7,8,9,10,16	5	4
1490	01:52.133	3	2,4,5,6,7,8,9,10,16	65	4
1491	01:52.136	16	1,2,3,4,5	5	2
1492	01:52.156	16	1,2,3,4,5	57	2
1493	01:52.158	1	16	5	0
1494	01:52.188	1	16	72	0
1495	01:52.191	16	1,2,3,4,5	5	2
1496	01:52.216	16	1,2,3,4,5	81	2
1497	01:52.219	3	2,4,5,6,7,8,9,10,16	5	4
1498	01:52.229	3	2,4,5,6,7,8,9,10,16	81	4
1499	01:52.232	8	2,3,4,5,6,7,9,10,11,12,13,14,15	5	1
1500	01:52.241	8	2,3,4,5,6,7,9,10,11,12,13,14,15	81	1
1501	01:52.244	14	7,8,9,10,11,12,13,15	5	4
1502	01:52.548	14	7,8,9,10,11,12,13,15	97	4
1503	01:52.853	12	6,7,8,9,13,14,15	97	3
1504	01:52.919	9	2,3,4,5,6,7,8,10,11,12,13,14,15	56	1
1505	01:52.921	2	3,4,5,6,7,8,9,16	5	3
1506	01:52.953	2	3,4,5,6,7,8,9,16	65	3
1507	01:52.956	16	1,2,3,4,5	5	2
1508	01:52.975	16	1,2,3,4,5	57	2
1509	01:52.977	1	16	5	0
1510	01:52.994	1	16	64	0
1511	01:52.996	16	1,2,3,4,5	5	2
1512	01:53.017	16	1,2,3,4,5	73	2
1513	01:53.020	2	3,4,5,6,7,8,9,16	5	3
1514	01:53.024	2	3,4,5,6,7,8,9,16	73	3
1515	01:53.027	9	2,3,4,5,6,7,8,10,11,12,13,14,15	5	1
1516	01:53.093	15	8,9,10,11,12,13,14	56	3
1517	01:53.095	8	2,3,4,5,6,7,9,10,11,12,13,14,15	5	1
1518	01:53.136	8	2,3,4,5,6,7,9,10,11,12,13,14,15	65	1
1519	01:53.139	3	2,4,5,6,7,8,9,10,16	5	4
1520	01:53.142	3	2,4,5,6,7,8,9,10,16	65	4
1521	01:53.145	16	1,2,3,4,5	5	2
1522	01:53.158	16	1,2,3,4,5	57	2
1523	01:53.160	1	16	5	0
1524	01:53.185	1	16	72	0
1525	01:53.188	16	1,2,3,4,5	5	2
1526	01:53.203	16	1,2,3,4,5	81	2
1527	01:53.206	3	2,4,5,6,7,8,9,10,16	5	4
1528	01:53.237	3	2,4,5,6,7,8,9,10,16	81	4
1529	01:53.240	8	2,3,4,5,6,7,9,10,11,12,13,14,15	5	1
1530	01:53.262	8	2,3,4,5,6,7,9,10,11,12,13,14,15	81	1
1531	01:53.265	15	8,9,10,11,12,13,14	5	3
1532	01:53.890	10	3,4,5,7,8,9,11,13,14,15	56	2
1533	01:53.892	3	2,4,5,6,7,8,9,10,16	5	4
1534	01:53.935	3	2,4,5,6,7,8,9,10,16	65	4
1535	01:53.938	16	1,2,3,4,5	5	2
1536	01:53.941	16	1,2,3,4,5	57	2
1537	01:53.943	1	16	5	0
1538	01:53.976	1	16	64	0
1539	01:53.978	16	1,2,3,4,5	5	2
1540	01:53.994	16	1,2,3,4,5	73	2
1541	01:53.997	3	2,4,5,6,7,8,9,10,16	5	4
1542	01:54.024	3	2,4,5,6,7,8,9,10,16	73	4
1543	01:54.027	10	3,4,5,7,8,9,11,13,14,15	5	2
1544	01:55.144	12	6,7,8,9,13,14,15	56	3
1545	01:55.146	6	2,3,7,8,9,12,13	5	2
1546	01:55.169	6	2,3,7,8,9,12,13	65	2
1547	01:55.172	3	2,4,5,6,7,8,9,10,16	5	4
1548	01:55.193	3	2,4,5,6,7,8,9,10,16	65	4
1549	01:55.196	16	1,2,3,4,5	5	2
1550	01:55.206	16	1,2,3,4,5	57	2
1551	01:55.208	1	16	5	0
1552	01:55.234	1	16	72	0
1553	01:55.237	16	1,2,3,4,5	5	2
1554	01:55.261	16	1,2,3,4,5	81	2
1555	01:55.264	3	2,4,5,6,7,8,9,10,16	5	4
1556	01:55.300	3	2,4,5,6,7,8,9,10,16	81	4
1557	01:55.303	6	2,3,7,8,9,12,13	5	2
1558	01:55.309	6	2,3,7,8,9,12,13	81	2
1559	01:55.312	12	6,7,8,9,13,14,15	5	3
1560	01:57.456	3	2,4,5,6,7,8,9,10,16	56	4
1561	01:57.458	16	1,2,3,4,5	5	2
1562	01:57.496	16	1,2,3,4,5	57	2
1563	01:57.498	1	16	5	0
1564	01:57.506	1	16	56	0
1565	01:57.508	16	1,2,3,4,5	5	2
1566	01:57.518	16	1,2,3,4,5	65	2
1567	01:57.521	3	2,4,5,6,7,8,9,10,16	5	4
1568	01:58.100	5	2,3,4,8,9,10,11,16	56	3
1569	01:58.102	16	1,2,3,4,5	5	2
1570	01:58.106	16	1,2,3,4,5	57	2
1571	01:58.108	1	16	5	0
1572	01:58.142	1	16	56	0
1573	01:58.144	16	1,2,3,4,5	5	2
1574	01:58.154	16	1,2,3,4,5	65	2
1575	01:58.157	5	2,3,4,8,9,10,11,16	5	3
1576	01:58.197	6	2,3,7,8,9,12,13	56	2
1577	01:58.199	3	2,4,5,6,7,8,9,10,16	5	4
1578	01:58.235	3	2,4,5,6,7,8,9,10,16	65	4
1579	01:58.238	16	1,2,3,4,5	5	2
1580	01:58.275	16	1,2,3,4,5	57	2
1581	01:58.277	1	16	5	0
1582	01:58.317	1	16	64	0
1583	01:58.319	16	1,2,3,4,5	5	2
1584	01:58.326	16	1,2,3,4,5	73	2
1585	01:58.329	3	2,4,5,6,7,8,9,10,16	5	4
1586	01:58.370	3	2,4,5,6,7,8,9,10,16	73	4
1587	01:58.373	6	2,3,7,8,9,12,13	5	2
1588	01:58.761	8	2,3,4,5,6,7,9,10,11,12,13,14,15	56	1
1589	01:58.763	3	2,4,5,6,7,8,9,10,16	5	4
1590	01:58.789	3	2,4,5,6,7,8,9,10,16	65	4
1591	01:58.792	16	1,2,3,4,5	5	2
1592	01:58.819	16	1,2,3,4,5	57	2
1593	01:58.821	1	16	5	0
1594	01:58.830	1	16	64	0
1595	01:58.832	16	1,2,3,4,5	5	2
1596	01:58.871	16	1,2,3,4,5	73	2
1597	01:58.874	3	2,4,5,6,7,8,9,10,16	5	4
1598	01:58.877	3	2,4,5,6,7,8,9,10,16	73	4
1599	01:58.880	8	2,3,4,5,6,7,9,10,11,12,13,14,15	5	1
1600	01:58.903	12	6,7,8,9,13,14,15	102	3
1601	01:58.907	9	2,3,4,5,6,7,8,10,11,12,13,14,15	5	1
1602	01:59.628	11	4,5,8,9,10,14,15	56	2
1603	01:59.630	4	2,3,5,7,8,9,10,11,16	5	4
1604	01:59.666	4	2,3,5,7,8,9,10,11,16	65	4
1605	01:59.669	16	1,2,3,4,5	5	2
1606	01:59.703	16	1,2,3,4,5	57	2
1607	01:59.705	1	16	5	0
1608	01:59.737	1	16	64	0
1609	01:59.739	16	1,2,3,4,5	5	2
1610	01:59.772	16	1,2,3,4,5	73	2
1611	01:59.775	4	2,3,5,7,8,9,10,11,16	5	4
1612	01:59.810	4	2,3,5,7,8,9,10,11,16	73	4
1613	01:59.813	11	4,5,8,9,10,14,15	5	2
1614	01:59.918	7	2,3,4,6,8,9,10,12,13,14	102	2
1615	01:59.922	6	2,3,7,8,9,12,13	5	2
1616	01:59.994	2	3,4,5,6,7,8,9,16	56	3
1617	01:59.996	16	1,2,3,4,5	5	2
1618	02:00.019	16	1,2,3,4,5	57	2
1619	02:00.021	1	16	5	0
1620	02:00.030	1	16	56	0
1621	02:00.032	16	1,2,3,4,5	5	2
1622	02:00.074	16	1,2,3,4,5	65	2
1623	02:00.077	2	3,4,5,6,7,8,9,16	5	3
1624	02:00.138	4	2,3,5,7,8,9,10,11,16	56	4
1625	02:00.140	16	1,2,3,4,5	5	2
1626	02:00.145	13	6,7,8,9,10,12,14,15	56	4
1627	02:00.147	6	2,3,7,8,9,12,13	5	2
1628	02:00.148	16	1,2,3,4,5	57	2
1629	02:00.150	1	16	5	0
1630	02:00.154	1	16	56	0
1631	02:00.156	16	1,2,3,4,5	5	2
1632	02:00.159	16	1,2,3,4,5	65	2
1633	02:00.162	4	2,3,5,7,8,9,10,11,16	5	4
1634	02:00.185	6	2,3,7,8,9,12,13	65	2
1635	02:00.188	3	2,4,5,6,7,8,9,10,16	5	4
1636	02:00.227	3	2,4,5,6,7,8,9,10,16	65	4
1637	02:00.230	16	1,2,3,4,5	5	2
1638	02:00.257	16	1,2,3,4,5	57	2
1639	02:00.259	1	16	5	0
1640	02:00.274	1	16	72	0
1641	02:00.277	16	1,2,3,4,5	5	2
1642	02:00.317	16	1,2,3,4,5	81	2
1643	02:00.320	3	2,4,5,6,7,8,9,10,16	5	4
1644	02:00.345	3	2,4,5,6,7,8,9,10,16	81	4
1645	02:00.348	6	2,3,7,8,9,12,13	5	2
1646	02:00.381	7	2,3,4,6,8,9,10,12,13,14	56	2
1647	02:00.383	4	2,3,5,7,8,9,10,11,16	5	4
1648	02:00.389	4	5,10,11,16	65	9
1649	02:00.392	16	1,5	5	5
1650	02:00.390	6	12	81	8
1651	02:00.404	16	1,2,3,4,5	57	2
1652	02:00.406	1	16	5	0
1653	02:00.406	6	2,3,7,8,9,12,13	81	2
1654	02:00.409	13	6,7,8,9,10,12,14,15	5	4
1655	02:00.415	1	16	64	0
1656	02:00.417	16	1,2,3,4,5	5	2
1657	02:00.421	16	1,2,3,4,5	73	2
1658	02:00.424	4	2,3,5,7,8,9,10,11,16	5	4
1659	02:00.462	4	2,3,5,7,8,9,10,11,16	65	4
1660	02:00.465	16	1,2,3,4,5	5	2
1661	02:00.468	4	2,3,5,7,8,9,10,11,16	73	4
1662	02:00.471	7	2,3,4,6,8,9,10,12,13,14	5	2
1663	02:02.090	9	2,3,4,5,6,7,8,10,11,12,13,14,15	56	1
1664	02:02.092	2	3,4,5,6,7,8,9,16	5	3
1665	02:02.113	2	3,4,5,6,7,8,9,16	65	3
1666	02:02.116	16	1,2,3,4,5	5	2
1667	02:02.159	16	1,2,3,4,5	57	2
1668	02:02.161	1	16	5	0
1669	02:02.186	1	16	64	0
1670	02:02.188	16	1,2,3,4,5	5	2
1671	02:02.194	16	1,2,3,4,5	73	2
1672	02:02.197	2	3,4,5,6,7,8,9,16	5	3
1673	02:02.223	2	3,4,5,6,7,8,9,16	73	3
1674	02:02.226	9	2,3,4,5,6,7,8,10,11,12,13,14,15	5	1
1675	02:02.751	14	7,8,9,10,11,12,13,15	56	4
1676	02:02.753	8	2,3,4,5,6,7,9,10,11,12,13,14,15	5	1
1677	02:02.766	8	2,3,4,5,6,7,9,10,11,12,13,14,15	65	1
1678	02:02.769	3	2,4,5,6,7,8,9,10,16	5	4
1679	02:02.785	3	2,4,5,6,7,8,9,10,16	65	4
1680	02:02.788	16	1,2,3,4,5	5	2
1681	02:02.805	16	1,2,3,4,5	57	2
1682	02:02.807	1	16	5	0
1683	02:02.834	1	16	72	0
1684	02:02.837	16	1,2,3,4,5	5	2
1685	02:02.846	16	1,2,3,4,5	81	2
1686	02:02.849	3	2,4,5,6,7,8,9,10,16	5	4
1687	02:02.863	3	2,4,5,6,7,8,9,10,16	81	4
1688	02:02.866	8	2,3,4,5,6,7,9,10,11,12,13,14,15	5	1
1689	02:02.903	8	2,3,4,5,6,7,9,10,11,12,13,14,15	81	1
1690	02:02.906	14	7,8,9,10,11,12,13,15	5	4
1691	02:03.434	4	2,3,5,7,8,9,10,11,16	97	4
1692	02:04.043	15	8,9,10,11,12,13,14	56	3
1693	02:04.045	8	2,3,4,5,6,7,9,10,11,12,13,14,15	5	1
1694	02:04.051	8	2,3,4,5,6,7,9,10,11,12,13,14,15	65	1
1695	02:04.054	3	2,4,5,6,7,8,9,10,16	5	4
1696	02:04.059	3	2,4,5,6,7,8,9,10,16	65	4
1697	02:04.062	16	1,2,3,4,5	5	2
1698	02:04.092	16	1,2,3,4,5	57	2
1699	02:04.094	1	16	5	0
1700	02:04.122	1	16	72	0
1701	02:04.125	16	1,2,3,4,5	5	2
1702	02:04.145	16	1,2,3,4,5	81	2
1703	02:04.148	3	2,4,5,6,7,8,9,10,16	5	4
1704	02:04.163	3	2,4,5,6,7,8,9,10,16	81	4
1705	02:04.166	8	2,3,4,5,6,7,9,10,11,12,13,14,15	5	1
1706	02:04.206	8	2,3,4,5,6,7,9,10,11,12,13,14,15	81	1
1707	02:04.209	15	8,9,10,11,12,13,14	5	3
1708	02:04.724	10	3,4,5,7,8,9,11,13,14,15	56	2
1709	02:04.726	3	2,4,5,6,7,8,9,10,16	5	4
1710	02:04.744	3	2,4,5,6,7,8,9,10,16	65	4
1711	02:04.747	16	1,2,3,4,5	5	2
1712	02:04.773	16	1,2,3,4,5	57	2
1713	02:04.775	1	16	5	0
1714	02:04.784	1	16	64	0
1715	02:04.786	16	1,2,3,4,5	5	2
1716	02:04.802	16	1,2,3,4,5	73	2
1717	02:04.805	3	2,4,5,6,7,8,9,10,16	5	4
1718	02:04.821	3	2,4,5,6,7,8,9,10,16	73	4
1719	02:04.824	10	3,4,5,7,8,9,11,13,14,15	5	2
1720	02:06.046	12	6,7,8,9,13,14,15	56	3
1721	02:06.048	6	2,3,7,8,9,12,13	5	2
1722	02:06.057	6	2,3,7,8,9,12,13	65	2
1723	02:06.060	3	2,4,5,6,7,8,9,10,16	5	4
1724	02:06.102	3	2,4,5,6,7,8,9,10,16	65	4
1725	02:06.105	16	1,2,3,4,5	5	2
1726	02:06.128	16	1,2,3,4,5	57	2
1727	02:06.130	1	16	5	0
1728	02:06.162	1	16	72	0
1729	02:06.165	16	1,2,3,4,5	5	2
1730	02:06.196	16	1,2,3,4,5	81	2
1731	02:06.199	3	2,4,5,6,7,8,9,10,16	5	4
1732	02:06.203	3	2,4,5,6,7,8,9,10,16	81	4
1733	02:06.206	6	2,3,7,8,9,12,13	5	2
1734	02:06.227	6	2,3,7,8,9,12,13	81	2
1735	02:06.230	12	6,7,8,9,13,14,15	5	3
1736	02:07.644	1	16	97	0
1737	02:07.954	5	2,3,4,8,9,10,11,16	56	3
1738	02:07.956	16	1,2,3,4,5	5	2
1739	02:07.987	16	1,2,3,4,5	57	2
1740	02:07.989	1	16	5	0
1741	02:08.004	1	16	56	0
1742	02:08.006	16	1,2,3,4,5	5	2
1743	02:08.020	16	1,2,3,4,5	65	2
1744	02:08.023	5	2,3,4,8,9,10,11,16	5	3
1745	02:08.270	3	2,4,5,6,7,8,9,10,16	56	4
1746	02:08.272	16	1,2,3,4,5	5	2
1747	02:08.279	16	1,2,3,4,5	57	2
1748	02:08.281	1	16	5	0
1749	02:08.293	1	16	56	0
1750	02:08.295	16	1,2,3,4,5	5	2
1751	02:08.312	16	1,2,3,4,5	65	2
1752	02:08.315	3	2,4,5,6,7,8,9,10,16	5	4
1753	02:08.367	8	2,3,4,5,6,7,9,10,11,12,13,14,15	56	1
1754	02:08.369	3	2,4,5,6,7,8,9,10,16	5	4
1755	02:08.377	3	2,4,5,6,7,8,9,10,16	65	4
1756	02:08.380	16	1,2,3,4,5	5	2
1757	02:08.396	16	1,2,3,4,5	57	2
1758	02:08.398	1	16	5	0
1759	02:08.425	1	16	64	0
1760	02:08.427	16	1,2,3,4,5	5	2
1761	02:08.447	16	1,2,3,4,5	73	2
1762	02:08.450	3	2,4,5,6,7,8,9,10,16	5	4
1763	02:08.474	3	2,4,5,6,7,8,9,10,16	73	4
1764	02:08.477	8	2,3,4,5,6,7,9,10,11,12,13,14,15	5	1
1765	02:08.646	6	2,3,7,8,9,12,13	56	2
1766	02:08.648	3	2,4,5,6,7,8,9,10,16	5	4
1767	02:08.683	3	2,4,5,6,7,8,9,10,16	65	4
1768	02:08.686	16	1,2,3,4,5	5	2
1769	02:08.705	16	1,2,3,4,5	57	2
1770	02:08.707	1	16	5	0
1771	02:08.736	1	16	64	0
1772	02:08.738	16	1,2,3,4,5	5	2
1773	02:08.763	16	1,2,3,4,5	73	2
1774	02:08.766	3	2,4,5,6,7,8,9,10,16	5	4
1775	02:08.776	3	2,4,5,6,7,8,9,10,16	73	4
1776	02:08.779	6	2,3,7,8,9,12,13	5	2
1777	02:09.378	13	6,7,8,9,10,12,14,15	56	4
1778	02:09.380	6	2,3,7,8,9,12,13	5	2
1779	02:09.406	6	2,3,7,8,9,12,13	65	2
1780	02:09.409	3	2,4,5,6,7,8,9,10,16	5	4
1781	02:09.439	3	2,4,5,6,7,8,9,10,16	65	4
1782	02:09.442	16	1,2,3,4,5	5	2
1783	02:09.463	16	1,2,3,4,5	57	2
1784	02:09.465	1	16	5	0
1785	02:09.482	1	16	72	0
1786	02:09.485	16	1,2,3,4,5	5	2
1787	02:09.498	16	1,2,3,4,5	81	2
1788	02:09.501	3	2,4,5,6,7,8,9,10,16	5	4
1789	02:09.537	3	2,4,5,6,7,8,9,10,16	81	4
1790	02:09.540	6	2,3,7,8,9,12,13	5	2
1791	02:09.555	6	2,3,7,8,9,12,13	81	2
1792	02:09.558	13	6,7,8,9,10,12,14,15	5	4
1793	02:09.681	4	2,3,5,7,8,9,10,11,16	56	4
1794	02:09.683	16	1,2,3,4,5	5	2
1795	02:09.689	16	1,2,3,4,5	57	2
1796	02:09.691	1	16	5	0
1797	02:09.699	2	3,4,5,6,7,8,9,16	97	3
1798	02:09.721	1	16	56	0
1799	02:09.723	16	1,2,3,4,5	5	2
1800	02:09.755	16	1,2,3,4,5	65	2
1801	02:09.758	4	2,3,5,7,8,9,10,11,16	5	4
1802	02:09.887	7	2,3,4,6,8,9,10,12,13,14	56	2
1803	02:09.889	4	2,3,5,7,8,9,10,11,16	5	4
1804	02:09.929	4	2,3,5,7,8,9,10,11,16	65	4
1805	02:09.932	16	1,2,3,4,5	5	2
1806	02:09.937	16	1,2,3,4,5	57	2
1807	02:09.939	1	16	5	0
1808	02:09.945	11	4,5,8,9,10,14,15	56	2
1809	02:09.947	4	2,3,5,7,8,9,10,11,16	5	4
1810	02:09.974	4	2,3,5,7,8,9,10,11,16	65	4
1811	02:09.977	16	1,2,3,4,5	5	2
1812	02:09.980	1	16	64	0
1813	02:09.982	16	1,2,3,4,5	5	2
1814	02:10.000	16	1,2,3,4,5	73	2
1815	02:10.003	4	2,3,5,7,8,9,10,11,16	5	4
1816	02:10.006	16	1,2,3,4,5	57	2
1817	02:10.009	1	16	5	0
1818	02:10.014	1	16	64	0
1819	02:10.016	16	1,2,3,4,5	5	2
1820	02:10.020	16	1,2,3,4,5	73	2
1821	02:10.023	4	2,3,5,7,8,9,10,11,16	5	4
1822	02:10.035	4	2,3,5,7,8,9,10,11,16	73	4
1823	02:10.038	7	2,3,4,6,8,9,10,12,13,14	5	2
1824	02:10.056	4	2,3,5,7,8,9,10,11,16	73	4
1825	02:10.059	11	4,5,8,9,10,14,15	5	2
1826	02:10.805	2	3,4,5,6,7,8,9,16	57	3
1827	02:10.807	16	1,2,3,4,5	5	2
1828	02:10.825	16	1,2,3,4,5	58	2
1829	02:10.827	1	16	5	0
1830	02:10.833	1	16	57	0
1831	02:10.835	16	1,2,3,4,5	5	2
1832	02:10.870	16	1,2,3,4,5	66	2
1833	02:10.873	2	3,4,5,6,7,8,9,16	5	3
1834	02:12.397	13	6,7,8,9,10,12,14,15	102	4
1835	02:12.401	10	3,4,5,7,8,9,11,13,14,15	5	2
1836	02:13.031	9	2,3,4,5,6,7,8,10,11,12,13,14,15	56	1
1837	02:13.033	2	3,4,5,6,7,8,9,16	5	3
1838	02:13.068	2	3,4,5,6,7,8,9,16	65	3
1839	02:13.071	16	1,2,3,4,5	5	2
1840	02:13.089	16	1,2,3,4,5	57	2
1841	02:13.091	1	16	5	0
1842	02:13.108	1	16	64	0
1843	02:13.110	16	1,2,3,4,5	5	2
1844	02:13.128	16	1,2,3,4,5	73	2
1845	02:13.131	2	3,4,5,6,7,8,9,16	5	3
1846	02:13.172	2	3,4,5,6,7,8,9,16	73	3
1847	02:13.175	9	2,3,4,5,6,7,8,10,11,12,13,14,15	5	1
1848	02:13.658	14	7,8,9,10,11,12,13,15	56	4
1849	02:13.660	8	2,3,4,5,6,7,9,10,11,12,13,14,15	5	1
1850	02:13.696	8	2,3,4,5,6,7,9,10,11,12,13,14,15	65	1
1851	02:13.699	3	2,4,5,6,7,8,9,10,16	5	4
1852	02:13.702	3	2,4,5,6,7,8,9,10,16	65	4
1853	02:13.705	16	1,2,3,4,5	5	2
1854	02:13.735	10	3,4,5,7,8,9,11,13,14,15	56	2
1855	02:13.737	3	2,4,5,6,7,8,9,10,16	5	4
1856	02:13.741	16	1,2,3,4,5	57	2
1857	02:13.743	1	16	5	0
1858	02:13.762	3	2,4,5,6,7,8,9,10,16	65	4
1859	02:13.765	16	1,2,3,4,5	5	2
1860	02:13.765	1	16	72	0
1861	02:13.768	16	1,2,3,4,5	5	2
1862	02:13.792	16	1,2,3,4,5	81	2
1863	02:13.795	3	2,4,5,6,7,8,9,10,16	5	4
1864	02:13.798	3	2,4,5,6,7,8,9,10,16	81	4
1865	02:13.802	8	2,3,4,5,6,7,9,10,11,12,13,14,15	5	1
1866	02:13.805	8	2,3,4,5,6,7,9,10,11,12,13,14,15	81	1
1867	02:13.808	14	7,8,9,10,11,12,13,15	5	4
1868	02:13.846	1	16	72	0
1869	02:13.849	16	1,2,3,4,5	5	2
1870	02:13.853	16	1,2,3,4,5	57	2
1871	02:13.855	1	16	5	0
1872	02:13.869	1	16	64	0
1873	02:13.871	16	1,2,3,4,5	5	2
1874	02:13.875	16	1,2,3,4,5	73	2
1875	02:13.878	3	2,4,5,6,7,8,9,10,16	5	4
1876	02:13.886	3	2,4,5,6,7,8,9,10,16	73	4
1877	02:13.889	10	3,4,5,7,8,9,11,13,14,15	5	2
1878	02:14.324	15	8,9,10,11,12,13,14	56	3
1879	02:14.326	8	2,3,4,5,6,7,9,10,11,12,13,14,15	5	1
1880	02:14.349	8	2,3,4,5,6,7,9,10,11,12,13,14,15	65	1
1881	02:14.352	3	2,4,5,6,7,8,9,10,16	5	4
1882	02:14.389	3	2,4,5,6,7,8,9,10,16	65	4
1883	02:14.392	16	1,2,3,4,5	5	2
1884	02:14.401	16	1,2,3,4,5	57	2
1885	02:14.403	1	16	5	0
1886	02:14.420	1	16	72	0
1887	02:14.423	16	1,2,3,4,5	5	2
1888	02:14.463	16	1,2,3,4,5	81	2
1889	02:14.466	3	2,4,5,6,7,8,9,10,16	5	4
1890	02:14.487	3	2,4,5,6,7,8,9,10,16	81	4
1891	02:14.490	8	2,3,4,5,6,7,9,10,11,12,13,14,15	5	1
1892	02:14.519	8	2,3,4,5,6,7,9,10,11,12,13,14,15	81	1
1893	02:14.522	15	8,9,10,11,12,13,14	5	3
1894	02:14.965	15	8,9,10,11,12,13,14	102	3
1895	02:14.969	13	6,7,8,9,10,12,14,15	5	4
1896	02:15.554	12	6,7,8,9,13,14,15	56	3
1897	02:15.556	6	2,3,7,8,9,12,13	5	2
1898	02:15.587	6	2,3,7,8,9,12,13	65	2
1899	02:15.590	3	2,4,5,6,7,8,9,10,16	5	4
1900	02:15.604	3	2,4,5,6,7,8,9,10,16	65	4
1901	02:15.607	16	1,2,3,4,5	5	2
1902	02:15.621	16	1,2,3,4,5	57	2
1903	02:15.623	1	16	5	0
1904	02:15.657	1	16	72	0
1905	02:15.660	16	1,2,3,4,5	5	2
1906	02:15.701	16	1,2,3,4,5	81	2
1907	02:15.704	3	2,4,5,6,7,8,9,10,16	5	4
1908	02:15.725	3	2,4,5,6,7,8,9,10,16	81	4
1909	02:15.728	6	2,3,7,8,9,12,13	5	2
1910	02:15.751	6	2,3,7,8,9,12,13	81	2
1911	02:15.754	12	6,7,8,9,13,14,15	5	3
1912	02:15.946	16	1,2,3,4,5	97	2
1913	02:16.949	3	2,4,5,6,7,8,9,10,16	97	4
1914	02:17.382	3	2,4,5,6,7,8,9,10,16	57	4
1915	02:17.384	16	1,2,3,4,5	5	2
1916	02:17.413	16	1,2,3,4,5	58	2
1917	02:17.415	1	16	5	0
1918	02:17.421	1	16	57	0
1919	02:17.423	16	1,2,3,4,5	5	2
1920	02:17.455	16	1,2,3,4,5	66	2
1921	02:17.458	3	2,4,5,6,7,8,9,10,16	5	4
1922	02:18.326	5	2,3,4,8,9,10,11,16	57	3
1923	02:18.328	16	1,2,3,4,5	5	2
1924	02:18.337	16	1,2,3,4,5	58	2
1925	02:18.339	1	16	5	0
1926	02:18.363	1	16	57	0
1927	02:18.365	16	1,2,3,4,5	5	2
1928	02:18.406	16	1,2,3,4,5	66	2
1929	02:18.409	5	2,3,4,8,9,10,11,16	5	3
1930	02:19.049	8	2,3,4,5,6,7,9,10,11,12,13,14,15	56	1
1931	02:19.051	3	2,4,5,6,7,8,9,10,16	5	4
1932	02:19.071	3	2,4,5,6,7,8,9,10,16	65	4
1933	02:19.074	16	1,2,3,4,5	5	2
1934	02:19.100	16	1,2,3,4,5	57	2
1935	02:19.102	1	16	5	0
1936	02:19.105	1	16	64	0
1937	02:19.108	16	1,2,3,4,5	5	2
1938	02:19.127	6	2,3,7,8,9,12,13	97	2
1939	02:19.148	16	1,2,3,4,5	73	2
1940	02:19.151	3	2,4,5,6,7,8,9,10,16	5	4
1941	02:19.190	3	2,4,5,6,7,8,9,10,16	73	4
1942	02:19.193	8	2,3,4,5,6,7,9,10,11,12,13,14,15	5	1
1943	02:19.288	6	2,3,7,8,9,12,13	56	2
1944	02:19.290	3	2,4,5,6,7,8,9,10,16	5	4
1945	02:19.301	3	2,4,5,6,7,8,9,10,16	65	4
1946	02:19.304	16	1,2,3,4,5	5	2
1947	02:19.335	16	1,2,3,4,5	57	2
1948	02:19.337	1	16	5	0
1949	02:19.356	13	6,7,8,9,10,12,14,15	56	4
1950	02:19.358	6	2,3,7,8,9,12,13	5	2
1951	02:19.361	1	16	64	0
1952	02:19.363	16	1,2,3,4,5	5	2
1953	02:19.376	16	1,2,3,4,5	73	2
1954	02:19.379	3	2,4,5,6,7,8,9,10,16	5	4
1955	02:19.389	3	2,4,5,6,7,8,9,10,16	73	4
1956	02:19.392	6	2,3,7,8,9,12,13	5	2
1957	02:19.450	6	2,3,7,8,9,12,13	65	2
1958	02:19.453	3	2,4,5,6,7,8,9,10,16	5	4
1959	02:19.478	3	2,4,5,6,7,8,9,10,16	65	4
1960	02:19.481	16	1,2,3,4,5	5	2
1961	02:19.491	16	1,2,3,4,5	57	2
1962	02:19.493	1	16	5	0
1963	02:19.505	1	16	72	0
1964	02:19.508	16	1,2,3,4,5	5	2
1965	02:19.519	16	1,2,3,4,5	81	2
1966	02:19.522	3	2,4,5,6,7,8,9,10,16	5	4
1967	02:19.543	3	2,4,5,6,7,8,9,10,16	81	4
1968	02:19.546	6	2,3,7,8,9,12,13	5	2
1969	02:19.559	6	2,3,7,8,9,12,13	81	2
1970	02:19.562	13	6,7,8,9,10,12,14,15	5	4
1971	02:19.622	4	2,3,5,7,8,9,10,11,16	57	4
1972	02:19.624	16	1,2,3,4,5	5	2
1973	02:19.644	16	1,2,3,4,5	58	2
1974	02:19.646	1	16	5	0
1975	02:19.670	1	16	57	0
1976	02:19.672	16	1,2,3,4,5	5	2
1977	02:19.690	16	1,2,3,4,5	66	2
1978	02:19.693	4	2,3,5,7,8,9,10,11,16	5	4
1979	02:19.825	7	2,3,4,6,8,9,10,12,13,14	56	2
1980	02:19.827	4	2,3,5,7,8,9,10,11,16	5	4
1981	02:19.851	4	2,3,5,7,8,9,10,11,16	65	4
1982	02:19.854	16	1,2,3,4,5	5	2
1983	02:19.867	16	1,2,3,4,5	57	2
1984	02:19.869	1	16	5	0
1985	02:19.905	1	16	64	0
1986	02:19.907	16	1,2,3,4,5	5	2
1987	02:19.926	16	1,2,3,4,5	73	2
1988	02:19.929	4	2,3,5,7,8,9,10,11,16	5	4
1989	02:19.960	4	2,3,5,7,8,9,10,11,16	73	4
1990	02:19.963	7	2,3,4,6,8,9,10,12,13,14	5	2
1991	02:20.108	2	3,4,5,6,7,8,9,16	57	3
1992	02:20.110	16	1,2,3,4,5	5	2
1993	02:20.123	16	1,2,3,4,5	58	2
1994	02:20.125	1	16	5	0
1995	02:20.153	1	16	57	0
1996	02:20.155	16	1,2,3,4,5	5	2
1997	02:20.194	16	1,2,3,4,5	66	2
1998	02:20.197	2	3,4,5,6,7,8,9,16	5	3
1999	02:20.301	11	4,5,8,9,10,14,15	56	2
2000	02:20.303	4	2,3,5,7,8,9,10,11,16	5	4
2001	02:20.314	4	2,3,5,7,8,9,10,11,16	65	4
2002	02:20.317	16	1,2,3,4,5	5	2
2003	02:20.343	16	1,2,3,4,5	57	2
2004	02:20.345	1	16	5	0
2005	02:20.366	1	16	64	0
2006	02:20.368	16	1,2,3,4,5	5	2
2007	02:20.392	16	1,2,3,4,5	73	2
2008	02:20.395	4	2,3,5,7,8,9,10,11,16	5	4
2009	02:20.398	4	2,3,5,7,8,9,10,11,16	73	4
2010	02:20.401	11	4,5,8,9,10,14,15	5	2
2011	02:20.839	6	2,3,7,8,9,12,13	102	2
2012	02:20.843	2	3,4,5,6,7,8,9,16	5	3
2013	02:22.453	9	2,3,4,5,6,7,8,10,11,12,13,14,15	56	1
2014	02:22.455	2	3,4,5,6,7,8,9,16	5	3
2015	02:22.477	2	3,4,5,6,7,8,9,16	65	3
2016	02:22.480	16	1,2,3,4,5	5	2
2017	02:22.514	16	1,2,3,4,5	57	2
2018	02:22.516	1	16	5	0
2019	02:22.548	1	16	64	0
2020	02:22.550	16	1,2,3,4,5	5	2
2021	02:22.594	16	1,2,3,4,5	73	2
2022	02:22.597	2	3,4,5,6,7,8,9,16	5	3
2023	02:22.626	2	3,4,5,6,7,8,9,16	73	3
2024	02:22.629	9	2,3,4,5,6,7,8,10,11,12,13,14,15	5	1
2025	02:23.387	15	8,9,10,11,12,13,14	56	3
2026	02:23.389	8	2,3,4,5,6,7,9,10,11,12,13,14,15	5	1
2027	02:23.428	8	2,3,4,5,6,7,9,10,11,12,13,14,15	65	1
2028	02:23.431	3	2,4,5,6,7,8,9,10,16	5	4
2029	02:23.442	3	2,4,5,6,7,8,9,10,16	65	4
2030	02:23.445	16	1,2,3,4,5	5	2
2031	02:23.460	16	1,2	57	5
2032	02:23.460	10	7,11,13,14,15	57	7
2033	02:23.462	1	16	5	0
2034	02:23.482	10	3,4,5,7,8,9,11,13,14,15	57	2
2035	02:23.484	3	2,4,5,6,7,8,9,10,16	5	4
2036	02:23.485	1	16	72	0
2037	02:23.488	16	1,2,3,4,5	5	2
2038	02:23.494	3	2,4,5,6,7,8,9,10,16	66	4
2039	02:23.497	16	1,2,3,4,5	5	2
2040	02:23.518	16	1,2,3,4,5	81	2
2041	02:23.521	3	2,4,5,6,7,8,9,10,16	5	4
2042	02:23.531	16	1,2,3,4,5	58	2
2043	02:23.533	1	16	5	0
2044	02:23.537	3	2,4,5,6,7,8,9,10,16	81	4
2045	02:23.540	8	2,3,4,5,6,7,9,10,11,12,13,14,15	5	1
2046	02:23.561	1	16	65	0
2047	02:23.564	16	1,2,3,4,5	5	2
2048	02:23.571	8	2,3,4,5,6,7,9,10,11,12,13,14,15	81	1
2049	02:23.574	15	8,9,10,11,12,13,14	5	3
2050	02:23.605	16	1,2,3,4,5	74	2
2051	02:23.608	3	2,4,5,6,7,8,9,10,16	5	4
2052	02:23.613	3	2,4,5,6,7,8,9,10,16	74	4
2053	02:23.616	10	3,4,5,7,8,9,11,13,14,15	5	2
2054	02:24.188	14	7,8,9,10,11,12,13,15	56	4
2055	02:24.190	8	2,3,4,5,6,7,9,10,11,12,13,14,15	5	1
2056	02:24.201	8	2,3,4,5,6,7,9,10,11,12,13,14,15	65	1
2057	02:24.204	3	2,4,5,6,7,8,9,10,16	5	4
2058	02:24.215	3	2,4,5,6,7,8,9,10,16	65	4
2059	02:24.218	16	1,2,3,4,5	5	2
2060	02:24.258	16	1,2,3,4,5	57	2
2061	02:24.260	1	16	5	0
2062	02:24.267	1	16	72	0
2063	02:24.270	16	1,2,3,4,5	5	2
2064	02:24.284	16	1,2,3,4,5	81	2
2065	02:24.287	3	2,4,5,6,7,8,9,10,16	5	4
2066	02:24.299	3	2,4,5,6,7,8,9,10,16	81	4
2067	02:24.302	8	2,3,4,5,6,7,9,10,11,12,13,14,15	5	1
2068	02:24.329	8	2,3,4,5,6,7,9,10,11,12,13,14,15	81	1
2069	02:24.332	14	7,8,9,10,11,12,13,15	5	4
2070	02:26.517	12	6,7,8,9,13,14,15	56	3
2071	02:26.519	6	2,3,7,8,9,12,13	5	2
2072	02:26.541	6	2,3,7,8,9,12,13	65	2
2073	02:26.544	3	2,4,5,6,7,8,9,10,16	5	4
2074	02:26.547	3	2,4,5,6,7,8,9,10,16	65	4
2075	02:26.550	16	1,2,3,4,5	5	2
2076	02:26.553	16	1,2,3,4,5	57	2
2077	02:26.555	1	16	5	0
2078	02:26.586	1	16	72	0
2079	02:26.589	16	1,2,3,4,5	5	2
2080	02:26.632	16	1,2,3,4,5	81	2
2081	02:26.635	3	2,4,5,6,7,8,9,10,16	5	4
2082	02:26.656	3	2,4,5,6,7,8,9,10,16	81	4
2083	02:26.659	6	2,3,7,8,9,12,13	5	2
2084	02:26.688	6	2,3,7,8,9,12,13	81	2
2085	02:26.691	12	6,7,8,9,13,14,15	5	3
2086	02:27.341	5	2,3,4,8,9,10,11,16	57	3
2087	02:27.343	16	1,2,3,4,5	5	2
2088	02:27.351	16	1,2,3,4,5	58	2
2089	02:27.353	1	16	5	0
2090	02:27.374	1	16	57	0
2091	02:27.376	16	1,2,3,4,5	5	2
2092	02:27.403	16	1,2,3,4,5	66	2
2093	02:27.406	5	2,3,4,8,9,10,11,16	5	3
2094	02:27.653	10	3,4,5,7,8,9,11,13,14,15	97	2
2095	02:28.083	8	2,3,4,5,6,7,9,10,11,12,13,14,15	57	1
2096	02:28.085	3	2,4,5,6,7,8,9,10,16	5	4
2097	02:28.114	3	2,4,5,6,7,8,9,10,16	66	4
2098	02:28.117	16	1,2,3,4,5	5	2
2099	02:28.134	16	1,2,3,4,5	58	2
2100	02:28.136	1	16	5	0
2101	02:28.141	1	16	65	0
2102	02:28.144	16	1,2,3,4,5	5	2
2103	02:28.167	16	1,2,3,4,5	74	2
2104	02:28.170	3	2,4,5,6,7,8,9,10,16	5	4
2105	02:28.193	3	2,4,5,6,7,8,9,10,16	74	4
2106	02:28.196	8	2,3,4,5,6,7,9,10,11,12,13,14,15	5	1
2107	02:28.372	3	2,4,5,6,7,8,9,10,16	57	4
2108	02:28.374	16	1,2,3,4,5	5	2
2109	02:28.409	16	1,2,3,4,5	58	2
2110	02:28.411	1	16	5	0
2111	02:28.414	1	16	57	0
2112	02:28.417	16	1,2,3,4,5	5	2
2113	02:28.428	16	1,2,3,4,5	66	2
2114	02:28.431	3	2,4,5,6,7,8,9,10,16	5	4
2115	02:29.201	13	6,7,8,9,10,12,14,15	56	4
2116	02:29.203	6	2,3,7,8,9,12,13	5	2
2117	02:29.246	6	2,3,7,8,9,12,13	65	2
2118	02:29.249	3	2,4,5,6,7,8,9,10,16	5	4
2119	02:29.260	3	2,4,5,6,7,8,9,10,16	65	4
2120	02:29.263	16	1,2,3,4,5	5	2
2121	02:29.266	16	1,2,3,4,5	57	2
2122	02:29.268	1	16	5	0
2123	02:29.298	1	16	72	0
2124	02:29.301	16	1,2,3,4,5	5	2
2125	02:29.343	16	1,2,3,4,5	81	2
2126	02:29.346	3	2,4,5,6,7,8,9,10,16	5	4
2127	02:29.385	3	2,4,5,6,7,8,9,10,16	81	4
2128	02:29.388	6	2,3,7,8,9,12,13	5	2
2129	02:29.415	6	2,3,7,8,9,12,13	81	2
2130	02:29.418	13	6,7,8,9,10,12,14,15	5	4
2131	02:29.886	4	2,3,5,7,8,9,10,11,16	57	4
2132	02:29.888	16	1,2,3,4,5	5	2
2133	02:29.894	6	2,3,7,8,9,12,13	57	2
2134	02:29.896	3	2,4,5,6,7,8,9,10,16	5	4
2135	02:29.908	3	2,4,5,6,7,8,9,10,16	66	4
2136	02:29.911	16	1,2,3,4,5	5	2
2137	02:29.929	16	1,2,3,4,5	58	2
2138	02:29.931	1	16	5	0
2139	02:29.946	16	1,2,3,4,5	58	2
2140	02:29.948	1	16	5	0
2141	02:29.970	1	16	57	0
2142	02:29.972	16	1,2,3,4,5	5	2
2143	02:29.997	16	1,2,3,4,5	66	2
2144	02:30.000	4	2,3,5,7,8,9,10,11,16	5	4
2145	02:30.007	1	16	65	0
2146	02:30.010	16	1,2,3,4,5	5	2
2147	02:30.025	11	8,9,10,14,15	56	4
2148	02:30.026	16	1,2	74	5
2149	02:30.038	11	4,5,8,9,10,14,15	102	2
2150	02:30.042	5	2,3,4,8,9,10,11,16	5	3
2151	02:30.045	11	4,5,8,9,10,14,15	56	2
2152	02:30.047	4	2,3,5,7,8,9,10,11,16	5	4
2153	02:30.053	16	1,2,3,4,5	74	2
2154	02:30.056	3	2,4,5,6,7,8,9,10,16	5	4
2155	02:30.065	4	2,3,5,7,8,9,10,11,16	65	4
2156	02:30.068	16	1,2,3,4,5	5	2
2157	02:30.079	3	2,4,5,6,7,8,9,10,16	74	4
2158	02:30.082	6	2,3,7,8,9,12,13	5	2
2159	02:30.108	16	1,2,3,4,5	57	2
2160	02:30.110	1	16	5	0
2161	02:30.134	1	16	64	0
2162	02:30.136	16	1,2,3,4,5	5	2
2163	02:30.177	16	1,2,3,4,5	73	2
2164	02:30.180	4	2,3,5,7,8,9,10,11,16	5	4
2165	02:30.191	4	2,3,5,7,8,9,10,11,16	73	4
2166	02:30.194	11	4,5,8,9,10,14,15	5	2
2167	02:30.689	2	3,4,5,6,7,8,9,16	57	3
2168	02:30.691	16	1,2,3,4,5	5	2
2169	02:30.723	16	1,2,3,4,5	58	2
2170	02:30.725	1	16	5	0
2171	02:30.741	1	16	57	0
2172	02:30.743	16	1,2,3,4,5	5	2
2173	02:30.752	16	1,5	66	5
2174	02:30.753	7	6,10,12,13,14	57	7
2175	02:30.782	7	2,3,4,6,8,9,10,12,13,14	57	2
2176	02:30.784	4	2,3,5,7,8,9,10,11,16	5	4
2177	02:30.792	16	1,2,3,4,5	66	2
2178	02:30.795	2	3,4,5,6,7,8,9,16	5	3
2179	02:30.811	4	2,3,5,7,8,9,10,11,16	66	4
2180	02:30.814	16	1,2,3,4,5	5	2
2181	02:30.820	16	1,2,3,4,5	58	2
2182	02:30.822	1	16	5	0
2183	02:30.864	1	16	65	0
2184	02:30.867	16	1,2,3,4,5	5	2
2185	02:30.893	16	1,2,3,4,5	74	2
2186	02:30.896	4	2,3,5,7,8,9,10,11,16	5	4
2187	02:30.899	4	2,3,5,7,8,9,10,11,16	74	4
2188	02:30.902	7	2,3,4,6,8,9,10,12,13,14	5	2
2189	02:31.083	5	2,3,4,8,9,10,11,16	97	3
2190	02:32.728	7	2,3,4,6,8,9,10,12,13,14	97	2
2191	02:33.180	9	2,3,4,5,6,7,8,10,11,12,13,14,15	57	1
2192	02:33.182	2	3,4,5,6,7,8,9,16	5	3
2193	02:33.185	2	3,4,5,6,7,8,9,16	66	3
2194	02:33.188	16	1,2,3,4,5	5	2
2195	02:33.215	16	1,2,3,4,5	58	2
2196	02:33.217	1	16	5	0
2197	02:33.246	1	16	65	0
2198	02:33.249	16	1,2,3,4,5	5	2
2199	02:33.276	16	1,2,3,4,5	74	2
2200	02:33.279	2	3,4,5,6,7,8,9,16	5	3
2201	02:33.303	2	3,4,5,6,7,8,9,16	74	3
2202	02:33.306	9	2,3,4,5,6,7,8,10,11,12,13,14,15	5	1
2203	02:33.717	15	8,9,10,11,12,13,14	56	3
2204	02:33.719	8	2,3,4,5,6,7,9,10,11,12,13,14,15	5	1
2205	02:33.745	9	2,3,4,5,6,7,8,10,11,12,13,14,15	102	1
2206	02:33.749	3	2,4,5,6,7,8,9,10,16	5	4
2207	02:33.827	8	2,3,4,5,6,7,9,10,11,12,13,14,15	65	1
2208	02:33.830	3	2,4,5,6,7,8,9,10,16	5	4
2209	02:33.853	3	2,4,5,6,7,8,9,10,16	65	4
2210	02:33.856	16	1,2,3,4,5	5	2
2211	02:33.878	16	1,2,3,4,5	57	2
2212	02:33.880	1	16	5	0
2213	02:33.920	1	16	72	0
2214	02:33.923	16	1,2,3,4,5	5	2
2215	02:33.936	16	1,2,3,4,5	81	2
2216	02:33.939	3	2,4,5,6,7,8,9,10,16	5	4
2217	02:33.945	3	2,4,5,6,7,8,9,10,16	81	4
2218	02:33.948	8	2,3,4,5,6,7,9,10,11,12,13,14,15	5	1
2219	02:33.962	8	2,3,4,5,6,7,9,10,11,12,13,14,15	81	1
2220	02:33.965	15	8,9,10,11,12,13,14	5	3
2221	02:33.995	15	8,9,10,11,12,13,14	97	3
2222	02:34.269	4	2,3,5,7,8,9,10,11,16	102	4
2223	02:34.273	3	2,4,5,6,7,8,9,10,16	5	4
2224	02:34.330	10	3,4,5,7,8,9,11,13,14,15	57	2
2225	02:34.332	3	2,4,5,6,7,8,9,10,16	5	4
2226	02:34.348	3	2,4,5,6,7,8,9,10,16	66	4
2227	02:34.351	16	1,2,3,4,5	5	2
2228	02:34.363	16	1,2,3,4,5	58	2
2229	02:34.365	1	16	5	0
2230	02:34.377	1	16	65	0
2231	02:34.380	16	1,2,3,4,5	5	2
2232	02:34.404	16	1,2,3,4,5	74	2
2233	02:34.407	3	2,4,5,6,7,8,9,10,16	5	4
2234	02:34.434	3	2,4,5,6,7,8,9,10,16	74	4
2235	02:34.437	10	3,4,5,7,8,9,11,13,14,15	5	2
2236	02:34.520	14	7,8,9,10,11,12,13,15	56	4
2237	02:34.522	8	2,3,4,5,6,7,9,10,11,12,13,14,15	5	1
2238	02:34.543	8	2,3,4,5,6,7,9,10,11,12,13,14,15	65	1
2239	02:34.546	3	2,4,5,6,7,8,9,10,16	5	4
2240	02:34.556	3	2,4,5,6,7,8,9,10,16	65	4
2241	02:34.559	16	1,2,3,4,5	5	2
2242	02:34.563	16	1,2,3,4,5	57	2
2243	02:34.565	1	16	5	0
2244	02:34.607	1	16	72	0
2245	02:34.610	16	1,2,3,4,5	5	2
2246	02:34.634	16	1,2,3,4,5	81	2
2247	02:34.637	3	2,4,5,6,7,8,9,10,16	5	4
2248	02:34.670	3	2,4,5,6,7,8,9,10,16	81	4
2249	02:34.673	8	2,3,4,5,6,7,9,10,11,12,13,14,15	5	1
2250	02:34.703	8	2,3,4,5,6,7,9,10,11,12,13,14,15	81	1
2251	02:34.706	14	7,8,9,10,11,12,13,15	5	4
2252	02:34.917	8	2,3,4,5,6,7,9,10,11,12,13,14,15	102	1
2253	02:34.921	5	2,3,4,8,9,10,11,16	5	3
2254	02:37.361	12	6,7,8,9,13,14,15	56	3
2255	02:37.363	6	2,3,7,8,9,12,13	5	2
2256	02:37.382	6	2,3,7,8,9,12,13	65	2
2257	02:37.385	3	2,4,5,6,7,8,9,10,16	5	4
2258	02:37.403	3	2,4,5,6,7,8,9,10,16	65	4
2259	02:37.406	16	1,2,3,4,5	5	2
2260	02:37.414	16	1,2,3,4,5	57	2
2261	02:37.416	1	16	5	0
2262	02:37.426	1	16	72	0
2263	02:37.429	16	1,2,3,4,5	5	2
2264	02:37.462	16	1,2,3,4,5	81	2
2265	02:37.465	3	2,4,5,6,7,8,9,10,16	5	4
2266	02:37.486	3	2,4,5,6,7,8,9,10,16	81	4
2267	02:37.489	6	2,3,7,8,9,12,13	5	2
2268	02:37.518	6	2,3,7,8,9,12,13	81	2
2269	02:37.521	12	6,7,8,9,13,14,15	5	3
2270	02:37.557	5	2,3,4,8,9,10,11,16	57	3
2271	02:37.559	16	1,2,3,4,5	5	2
2272	02:37.583	16	1,2,3,4,5	58	2
2273	02:37.585	1	16	5	0
2274	02:37.595	1	16	57	0
2275	02:37.597	16	1,2,3,4,5	5	2
2276	02:37.607	16	1,2,3,4,5	66	2
2277	02:37.610	5	2,3,4,8,9,10,11,16	5	3
2278	02:38.086	14	7,8,9,10,11,12,13,15	102	4
2279	02:38.090	7	2,3,4,6,8,9,10,12,13,14	5	2
2280	02:38.280	3	2,4,5,6,7,8,9,10,16	57	4
2281	02:38.282	16	1,2,3,4,5	5	2
2282	02:38.318	16	1,2,3,4,5	58	2
2283	02:38.320	1	16	5	0
2284	02:38.350	1	16	57	0
2285	02:38.352	16	1,2,3,4,5	5	2
2286	02:38.391	16	1,2,3,4,5	66	2
2287	02:38.394	3	2,4,5,6,7,8,9,10,16	5	4
2288	02:38.629	8	2,3,4,5,6,7,9,10,11,12,13,14,15	57	1
2289	02:38.631	3	2,4,5,6,7,8,9,10,16	5	4
2290	02:38.667	3	2,4,5,6,7,8,9,10,16	66	4
2291	02:38.670	16	1,2,3,4,5	5	2
2292	02:38.693	16	1,2,3,4,5	58	2
2293	02:38.695	1	16	5	0
2294	02:38.718	1	16	65	0
2295	02:38.721	16	1,2,3,4,5	5	2
2296	02:38.725	16	1,2,3,4,5	74	2
2297	02:38.728	3	2,4,5,6,7,8,9,10,16	5	4
2298	02:38.743	3	2,4,5,6,7,8,9,10,16	74	4
2299	02:38.746	8	2,3,4,5,6,7,9,10,11,12,13,14,15	5	1
2300	02:38.790	13	6,7,8,9,10,12,14,15	57	4
2301	02:38.792	6	2,3,7,8,9,12,13	5	2
2302	02:38.798	6	2,3,7,8,9,12,13	66	2
2303	02:38.801	3	2,4,5,6,7,8,9,10,16	5	4
2304	02:38.804	3	2,4,5,6,7,8,9,10,16	66	4
2305	02:38.807	16	1,2,3,4,5	5	2
2306	02:38.823	16	1,2,3,4,5	58	2
2307	02:38.825	1	16	5	0
2308	02:38.834	1	16	73	0
2309	02:38.837	16	1,2,3,4,5	5	2
2310	02:38.862	16	1,2,3,4,5	82	2
2311	02:38.865	3	2,4,5,6,7,8,9,10,16	5	4
2312	02:38.886	3	2,4,5,6,7,8,9,10,16	82	4
2313	02:38.889	6	2,3,7,8,9,12,13	5	2
2314	02:38.923	6	2,3,7,8,9,12,13	82	2
2315	02:38.926	13	6,7,8,9,10,12,14,15	5	4
2316	02:39.110	11	4,5,8,9,10,14,15	57	2
2317	02:39.112	4	2,3,5,7,8,9,10,11,16	5	4
2318	02:39.133	4	2,3,5,7,8,9,10,11,16	66	4
2319	02:39.136	16	1,2,3,4,5	5	2
2320	02:39.141	16	1,2,3,4,5	58	2
2321	02:39.143	1	16	5	0
2322	02:39.184	1	16	65	0
2323	02:39.187	16	1,2,3,4,5	5	2
2324	02:39.227	16	1,2,3,4,5	74	2
2325	02:39.230	4	2,3,5,7,8,9,10,11,16	5	4
2326	02:39.238	4	2,3,5,7,8,9,10,11,16	74	4
2327	02:39.241	11	4,5,8,9,10,14,15	5	2
2328	02:39.496	6	2,3,7,8,9,12,13	57	2
2329	02:39.498	3	2,4,5,6,7,8,9,10,16	5	4
2330	02:39.531	3	2,4,5,6,7,8,9,10,16	66	4
2331	02:39.534	16	1,2,3,4,5	5	2
2332	02:39.571	16	1,2,3,4,5	58	2
2333	02:39.573	1	16	5	0
2334	02:39.606	1	16	65	0
2335	02:39.609	16	1,2,3,4,5	5	2
2336	02:39.645	16	1,2,3,4,5	74	2
2337	02:39.648	3	2,4,5,6,7,8,9,10,16	5	4
2338	02:39.663	3	2,4,5,6,7,8,9,10,16	74	4
2339	02:39.666	6	2,3,7,8,9,12,13	5	2
2340	02:39.942	7	2,3,4,6,8,9,10,12,13,14	57	2
2341	02:39.944	4	2,3,5,7,8,9,10,11,16	5	4
2342	02:39.958	4	2,3,5,7,8,9,10,11,16	66	4
2343	02:39.961	16	1,2,3,4,5	5	2
2344	02:40.003	16	1,2,3,4,5	58	2
2345	02:40.005	1	16	5	0
2346	02:40.018	1	16	65	0
2347	02:40.021	16	1,2,3,4,5	5	2
2348	02:40.037	16	1,2,3,4,5	74	2
2349	02:40.040	4	2,3,5,7,8,9,10,11,16	5	4
2350	02:40.074	4	2,3,5,7,8,9,10,11,16	74	4
2351	02:40.077	7	2,3,4,6,8,9,10,12,13,14	5	2
2352	02:40.095	4	2,3,5,7,8,9,10,11,16	57	4
2353	02:40.097	16	1,2,3,4,5	5	2
2354	02:40.109	16	1,2,3,4,5	58	2
2355	02:40.111	1	16	5	0
2356	02:40.123	1	16	57	0
2357	02:40.125	16	1,2,3,4,5	5	2
2358	02:40.145	16	1,2,3,4,5	66	2
2359	02:40.148	4	2,3,5,7,8,9,10,11,16	5	4
2360	02:40.393	5	2,3,4,8,9,10,11,16	102	3
2361	02:40.397	2	3,4,5,6,7,8,9,16	5	3
2362	02:41.072	2	3,4,5,6,7,8,9,16	57	3
2363	02:41.074	16	1,2,3,4,5	5	2
2364	02:41.094	16	1,2,3,4,5	58	2
2365	02:41.096	1	16	5	0
2366	02:41.129	1	16	57	0
2367	02:41.131	16	1,2,3,4,5	5	2
2368	02:41.140	16	1,2,3,4,5	66	2
2369	02:41.143	2	3,4,5,6,7,8,9,16	5	3
2370	02:42.785	15	8,9,10,11,12,13,14	57	3
2371	02:42.787	8	2,3,4,5,6,7,9,10,11,12,13,14,15	5	1
2372	02:42.801	8	2,3,4,5,6,7,9,10,11,12,13,14,15	66	1
2373	02:42.804	3	2,4,5,6,7,8,9,10,16	5	4
2374	02:42.840	3	2,4,5,6,7,8,9,10,16	66	4
2375	02:42.843	16	1,2,3,4,5	5	2
2376	02:42.858	16	1,2,3,4,5	58	2
2377	02:42.860	1	16	5	0
2378	02:42.898	1	16	73	0
2379	02:42.901	16	1,2,3,4,5	5	2
2380	02:42.922	16	1,2,3,4,5	82	2
2381	02:42.925	3	2,4,5,6,7,8,9,10,16	5	4
2382	02:42.961	3	2,4,5,6,7,8,9,10,16	82	4
2383	02:42.964	8	2,3,4,5,6,7,9,10,11,12,13,14,15	5	1
2384	02:42.973	8	2,3,4,5,6,7,9,10,11,12,13,14,15	82	1
2385	02:42.976	15	8,9,10,11,12,13,14	5	3
2386	02:43.508	9	2,3,4,5,6,7,8,10,11,12,13,14,15	57	1
2387	02:43.510	2	3,4,5,6,7,8,9,16	5	3
2388	02:43.519	2	3,4,5,6,7,8,9,16	66	3
2389	02:43.522	16	1,2,3,4,5	5	2
2390	02:43.555	16	1,2,3,4,5	58	2
2391	02:43.557	1	16	5	0
2392	02:43.563	1	16	65	0
2393	02:43.566	16	1,2,3,4,5	5	2
2394	02:43.609	16	1,2,3,4,5	74	2
2395	02:43.612	2	3,4,5,6,7,8,9,16	5	3
2396	02:43.616	2	3,4,5,6,7,8,9,16	74	3
2397	02:43.619	9	2,3,4,5,6,7,8,10,11,12,13,14,15	5	1
2398	02:43.710	14	7,8,9,10,11,12,13,15	57	4
2399	02:43.712	8	2,3,4,5,6,7,9,10,11,12,13,14,15	5	1
2400	02:43.722	8	2,3,4,5,6,7,9,10,11,12,13,14,15	66	1
2401	02:43.725	3	2,4,5,6,7,8,9,10,16	5	4
2402	02:43.767	3	2,4,5,6,7,8,9,10,16	66	4
2403	02:43.770	16	1,2,3,4,5	5	2
2404	02:43.809	16	1,2,3,4,5	58	2
2405	02:43.811	1	16	5	0
2406	02:43.843	1	16	73	0
2407	02:43.846	16	1,2,3,4,5	5	2
2408	02:43.884	16	1,2,3,4,5	82	2
2409	02:43.887	3	2,4,5,6,7,8,9,10,16	5	4
2410	02:43.898	3	2,4,5,6,7,8,9,10,16	82	4
2411	02:43.901	8	2,3,4,5,6,7,9,10,11,12,13,14,15	5	1
2412	02:43.925	8	2,3,4,5,6,7,9,10,11,12,13,14,15	82	1
2413	02:43.928	14	7,8,9,10,11,12,13,15	5	4
2414	02:45.169	10	3,4,5,7,8,9,11,13,14,15	57	2
2415	02:45.171	3	2,4,5,6,7,8,9,10,16	5	4
2416	02:45.177	3	2,4,5,6,7,8,9,10,16	66	4
2417	02:45.180	16	1,2,3,4,5	5	2
2418	02:45.218	16	1,2,3,4,5	58	2
2419	02:45.220	1	16	5	0
2420	02:45.238	1	16	65	0
2421	02:45.241	16	1,2,3,4,5	5	2
2422	02:45.284	16	1,2,3,4,5	74	2
2423	02:45.287	3	2,4,5,6,7,8,9,10,16	5	4
2424	02:45.321	3	2,4,5,6,7,8,9,10,16	74	4
2425	02:45.324	10	3,4,5,7,8,9,11,13,14,15	5	2
2426	02:45.365	11	4,5,8,9,10,14,15	97	2
2427	02:46.783	5	2,3,4,8,9,10,11,16	57	3
2428	02:46.785	16	1,2,3,4,5	5	2
2429	02:46.816	16	1,2,3,4,5	58	2
2430	02:46.818	1	16	5	0
2431	02:46.854	1	16	57	0
2432	02:46.856	16	1,2,3,4,5	5	2
2433	02:46.860	16	1,2,3,4,5	66	2
2434	02:46.863	5	2,3,4,8,9,10,11,16	5	3
2435	02:47.051	12	6,7,8,9,13,14,15	57	3
2436	02:47.053	6	2,3,7,8,9,12,13	5	2
2437	02:47.071	6	2,3,7,8,9,12,13	66	2
2438	02:47.074	3	2,4,5,6,7,8,9,10,16	5	4
2439	02:47.102	3	2,4,5,6,7,8,9,10,16	66	4
2440	02:47.105	16	1,2,3,4,5	5	2
2441	02:47.148	16	1,2,3,4,5	58	2
2442	02:47.150	1	16	5	0
2443	02:47.167	1	16	73	0
2444	02:47.170	16	1,2,3,4,5	5	2
2445	02:47.180	16	1,2,3,4,5	82	2
2446	02:47.183	3	2,4,5,6,7,8,9,10,16	5	4
2447	02:47.186	3	2,4,5,6,7,8,9,10,16	82	4
2448	02:47.190	6	2,3,7,8,9,12,13	5	2
2449	02:47.193	6	2,3,7,8,9,12,13	82	2
2450	02:47.196	12	6,7,8,9,13,14,15	5	3
2451	02:48.745	3	2,4,5,6,7,8,9,10,16	57	4
2452	02:48.747	16	1,2,3,4,5	5	2
2453	02:48.785	16	1,2,3,4,5	58	2
2454	02:48.787	1	16	5	0
2455	02:48.811	1	16	57	0
2456	02:48.813	16	1,2,3,4,5	5	2
2457	02:48.832	16	1,2,3,4,5	66	2
2458	02:48.835	3	2,4,5,6,7,8,9,10,16	5	4
2459	02:48.925	6	2,3,7,8,9,12,13	57	2
2460	02:48.927	3	2,4,5,6,7,8,9,10,16	5	4
2461	02:48.932	13	6,7,8,9,10,12,14,15	57	4
2462	02:48.934	6	2,3,7,8,9,12,13	5	2
2463	02:48.950	3	2,4,5,6,7,8,9,10,16	66	4
2464	02:48.953	16	1,2,3,4,5	5	2
2465	02:48.956	16	1,2,3,4,5	58	2
2466	02:48.958	1	16	5	0
2467	02:48.974	1	16	65	0
2468	02:48.977	16	1,2,3,4,5	5	2
2469	02:49.009	16	1,2,3,4,5	74	2
2470	02:49.012	3	2,4,5,6,7,8,9,10,16	5	4
2471	02:49.033	3	2,4,5,6,7,8,9,10,16	74	4
2472	02:49.036	6	2,3,7,8,9,12,13	5	2
2473	02:49.041	6	2,3,7,8,9,12,13	66	2
2474	02:49.044	3	2,4,5,6,7,8,9,10,16	5	4
2475	02:49.058	11	14,15	57	7
2476	02:49.058	3	2,6,7,16	66	9
2477	02:49.061	16	1,2,3,4,5	5	2
2478	02:49.098	16	1,2,3,4,5	58	2
2479	02:49.100	1	16	5	0
2480	02:49.101	11	4,5,8,9,10,14,15	57	2
2481	02:49.103	4	2,3,5,7,8,9,10,11,16	5	4
2482	02:49.109	4	2,3,5,7,8,9,10,11,16	66	4
2483	02:49.112	16	1,2,3,4,5	5	2
2484	02:49.117	3	2,4,5,6,7,8,9,10,16	102	4
2485	02:49.121	4	2,3,5,7,8,9,10,11,16	5	4
2486	02:49.131	1	16	73	0
2487	02:49.134	16	1,2,3,4,5	5	2
2488	02:49.145	16	1,2,3,4,5	58	2
2489	02:49.147	1	16	5	0
2490	02:49.159	16	1,2,3,4,5	82	2
2491	02:49.162	3	2,4,5,6,7,8,9,10,16	5	4
2492	02:49.186	1	16	65	0
2493	02:49.189	16	1,2,3,4,5	5	2
2494	02:49.203	3	2,4,5,6,7,8,9,10,16	82	4
2495	02:49.206	6	2,3,7,8,9,12,13	5	2
2496	02:49.208	16	1,4,5	74	4
2497	02:49.209	6	7,12,13	82	6
2498	02:49.213	13	6,7,8,9,10,12,14,15	5	4
2499	02:49.224	16	1,2,3,4,5	74	2
2500	02:49.227	4	2,3,5,7,8,9,10,11,16	5	4
2501	02:49.265	4	2,3,5,7,8,9,10,11,16	74	4
2502	02:49.268	11	4,5,8,9,10,14,15	5	2
2503	02:49.453	8	2,3,4,5,6,7,9,10,11,12,13,14,15	57	1
2504	02:49.455	3	2,4,5,6,7,8,9,10,16	5	4
2505	02:49.494	3	2,4,5,6,7,8,9,10,16	66	4
2506	02:49.497	16	1,2,3,4,5	5	2
2507	02:49.519	16	1,2,3,4,5	58	2
2508	02:49.521	1	16	5	0
2509	02:49.525	1	16	65	0
2510	02:49.528	16	1,2,3,4,5	5	2
2511	02:49.563	16	1,2,3,4,5	74	2
2512	02:49.566	3	2,4,5,6,7,8,9,10,16	5	4
2513	02:49.578	3	2,4,5,6,7,8,9,10,16	74	4
2514	02:49.581	8	2,3,4,5,6,7,9,10,11,12,13,14,15	5	1
2515	02:49.668	4	2,3,5,7,8,9,10,11,16	57	4
2516	02:49.670	16	1,2,3,4,5	5	2
2517	02:49.672	7	2,3,4,6,8,9,10,12,13,14	57	2
2518	02:49.674	4	2,3,5,7,8,9,10,11,16	5	4
2519	02:49.678	16	1,2,3,4,5	58	2
2520	02:49.680	1	16	5	0
2521	02:49.709	1	-	57	1
2522	02:49.710	4	2,3,5,7,8,9,10,11	66	5
2523	02:49.732	4	2,3,5,7,8,9,10,11,16	66	4
2524	02:49.735	16	1,2,3,4,5	5	2
2525	02:49.746	1	16	57	0
2526	02:49.748	16	1,2,3,4,5	5	2
2527	02:49.768	16	1,2,3,4,5	66	2
2528	02:49.771	4	2,3,5,7,8,9,10,11,16	5	4
2529	02:49.812	16	1,2,3,4,5	58	2
2530	02:49.814	1	16	5	0
2531	02:49.834	1	16	65	0
2532	02:49.837	16	1,2,3,4,5	5	2
2533	02:49.867	16	1,2,3,4,5	74	2
2534	02:49.870	4	2,3,5,7,8,9,10,11,16	5	4
2535	02:49.901	4	2,3,5,7,8,9,10,11,16	74	4
2536	02:49.904	7	2,3,4,6,8,9,10,12,13,14	5	2
2537	02:50.858	13	6,7,8,9,10,12,14,15	97	4
2538	02:50.988	8	2,3,4,5,6,7,9,10,11,12,13,14,15	97	1
2539	02:51.508	2	3,4,5,6,7,8,9,16	57	3
2540	02:51.510	16	1,2,3,4,5	5	2
2541	02:51.541	16	1,2,3,4,5	58	2
2542	02:51.543	1	16	5	0
2543	02:51.559	1	16	57	0
2544	02:51.561	16	1,2,3,4,5	5	2
2545	02:51.566	16	1,2,3,4,5	66	2
2546	02:51.569	2	3,4,5,6,7,8,9,16	5	3
2547	02:51.812	15	8,9,10,11,12,13,14	57	3
2548	02:51.814	8	2,3,4,5,6,7,9,10,11,12,13,14,15	5	1
2549	02:51.841	8	2,3,4,5,6,7,9,10,11,12,13,14,15	66	1
2550	02:51.844	3	2,4,5,6,7,8,9,10,16	5	4
2551	02:51.857	3	2,4,5,6,7,8,9,10,16	66	4
2552	02:51.860	16	1,2,3,4,5	5	2
2553	02:51.903	16	1,2,3,4,5	58	2
2554	02:51.905	1	16	5	0
2555	02:51.908	1	16	73	0
2556	02:51.912	16	1,2,3,4,5	5	2
2557	02:51.935	16	1,2,3,4,5	82	2
2558	02:51.938	3	2,4,5,6,7,8,9,10,16	5	4
2559	02:51.949	3	2,4,5,6,7,8,9,10,16	82	4
2560	02:51.952	8	2,3,4,5,6,7,9,10,11,12,13,14,15	5	1
2561	02:51.984	8	2,3,4,5,6,7,9,10,11,12,13,14,15	82	1
2562	02:51.987	15	8,9,10,11,12,13,14	5	3
2563	02:52.946	9	2,3,4,5,6,7,8,10,11,12,13,14,15	57	1
2564	02:52.948	2	3,4,5,6,7,8,9,16	5	3
2565	02:52.976	2	3,4,5,6,7,8,9,16	66	3
2566	02:52.979	16	1,2,3,4,5	5	2
2567	02:52.982	16	1,2,3,4,5	58	2
2568	02:52.984	1	16	5	0
2569	02:52.995	1	16	65	0
2570	02:52.998	16	1,2,3,4,5	5	2
2571	02:53.003	16	1,2,3,4,5	74	2
2572	02:53.006	2	3,4,5,6,7,8,9,16	5	3
2573	02:53.021	2	3,4,5,6,7,8,9,16	74	3
2574	02:53.024	9	2,3,4,5,6,7,8,10,11,12,13,14,15	5	1
2575	02:53.239	14	7,8,9,10,11,12,13,15	57	4
2576	02:53.241	8	2,3,4,5,6,7,9,10,11,12,13,14,15	5	1
2577	02:53.269	8	2,3,4,5,6,7,9,10,11,12,13,14,15	66	1
2578	02:53.272	3	2,4,5,6,7,8,9,10,16	5	4
2579	02:53.307	3	2,4,5,6,7,8,9,10,16	66	4
2580	02:53.310	16	1,2,3,4,5	5	2
2581	02:53.347	16	1,2,3,4,5	58	2
2582	02:53.349	1	16	5	0
2583	02:53.382	1	16	73	0
2584	02:53.385	16	1,2,3,4,5	5	2
2585	02:53.389	16	1,2,3,4,5	82	2
2586	02:53.392	3	2,4,5,6,7,8,9,10,16	5	4
2587	02:53.412	3	2,4,5,6,7,8,9,10,16	82	4
2588	02:53.415	8	2,3,4,5,6,7,9,10,11,12,13,14,15	5	1
2589	02:53.438	8	2,3,4,5,6,7,9,10,11,12,13,14,15	82	1
2590	02:53.441	14	7,8,9,10,11,12,13,15	5	4
2591	02:54.628	10	3,4,5,7,8,9,11,13,14,15	57	2
2592	02:54.630	3	2,4,5,6,7,8,9,10,16	5	4
2593	02:54.660	3	2,4,5,6,7,8,9,10,16	66	4
2594	02:54.663	16	1,2,3,4,5	5	2
2595	02:54.703	16	1,2,3,4,5	58	2
2596	02:54.705	1	16	5	0
2597	02:54.731	1	16	65	0
2598	02:54.734	16	1,2,3,4,5	5	2
2599	02:54.758	16	1,2,3,4,5	74	2
2600	02:54.761	3	2,4,5,6,7,8,9,10,16	5	4
2601	02:54.766	3	2,4,5,6,7,8,9,10,16	74	4
2602	02:54.769	10	3,4,5,7,8,9,11,13,14,15	5	2
2603	02:56.594	9	2,3,4,5,6,7,8,10,11,12,13,14,15	97	1
2604	02:56.884	5	2,3,4,8,9,10,11,16	57	3
2605	02:56.886	16	1,2,3,4,5	5	2
2606	02:56.894	16	1,2,3,4,5	58	2
2607	02:56.896	1	16	5	0
2608	02:56.939	1	16	57	0
2609	02:56.941	16	1,2,3,4,5	5	2
2610	02:56.962	16	1,2,3,4,5	66	2
2611	02:56.965	5	2,3,4,8,9,10,11,16	5	3
2612	02:56.982	12	6,7,8,9,13,14,15	57	3
2613	02:56.984	6	2,3,7,8,9,12,13	5	2
2614	02:57.026	6	2,3,7,8,9,12,13	66	2
2615	02:57.029	3	2,4,5,6,7,8,9,10,16	5	4
2616	02:57.059	3	2,4,5,6,7,8,9,10,16	66	4
2617	02:57.062	16	1,2,3,4,5	5	2
2618	02:57.087	16	1,2,3,4,5	58	2
2619	02:57.089	1	16	5	0
2620	02:57.123	1	16	73	0
2621	02:57.126	16	1,2,3,4,5	5	2
2622	02:57.138	16	1,2,3,4,5	82	2
2623	02:57.141	3	2,4,5,6,7,8,9,10,16	5	4
2624	02:57.180	3	2,4,5,6,7,8,9,10,16	82	4
2625	02:57.183	6	2,3,7,8,9,12,13	5	2
2626	02:57.218	6	2,3,7,8,9,12,13	82	2
2627	02:57.221	12	6,7,8,9,13,14,15	5	3
2628	02:57.394	14	7,8,9,10,11,12,13,15	97	4
2629	02:57.929	6	2,3,7,8,9,12,13	57	2
2630	02:57.931	3	2,4,5,6,7,8,9,10,16	5	4
2631	02:57.962	3	2,4,5,6,7,8,9,10,16	66	4
2632	02:57.965	16	1,2,3,4,5	5	2
2633	02:57.997	16	1,2,3,4,5	58	2
2634	02:57.999	1	16	5	0
2635	02:58.002	13	6,7,8,9,10,12,14,15	57	4
2636	02:58.004	6	2,3,7,8,9,12,13	5	2
2637	02:58.033	6	2,3,7,8,9,12,13	66	2
2638	02:58.036	3	2,4,5,6,7,8,9,10	5	5
2639	02:58.035	1	-	65	1
2640	02:58.049	1	16	65	0
2641	02:58.052	16	1,2,3,4,5	5	2
2642	02:58.060	3	2,4,5,6,7,8,9,10,16	66	4
2643	02:58.063	16	1,2,3,4,5	5	2
2644	02:58.072	16	1,2,3,4,5	58	2
2645	02:58.074	1	16	5	0
2646	02:58.091	16	1,2,3,4,5	74	2
2647	02:58.094	3	2,4,5,6,7,8,9,10,16	5	4
2648	02:58.097	3	2,4,5,6,7,8,9,10,16	74	4
2649	02:58.100	6	2,3,7,8,9,12,13	5	2
2650	02:58.106	1	16	73	0
2651	02:58.109	16	1,2,3,4,5	5	2
2652	02:58.152	16	1,2,3,4,5	82	2
2653	02:58.155	3	2,4,5,6,7,8,9,10,16	5	4
2654	02:58.187	3	2,4,5,6,7,8,9,10,16	82	4
2655	02:58.190	6	2,3,7,8,9,12,13	5	2
2656	02:58.200	6	2,3,7,8,9,12,13	82	2
2657	02:58.203	13	6,7,8,9,10,12,14,15	5	4
2658	02:58.481	3	2,4,5,6,7,8,9,10,16	57	4
2659	02:58.483	16	1,2,3,4,5	5	2
2660	02:58.513	16	1,2,3,4,5	58	2
2661	02:58.515	1	16	5	0
2662	02:58.523	1	16	57	0
2663	02:58.525	16	1,2,3,4,5	5	2
2664	02:58.537	16	1,2,3,4,5	66	2
2665	02:58.540	3	2,4,5,6,7,8,9,10,16	5	4
2666	02:58.954	11	4,5,8,9,10,14,15	57	2
2667	02:58.956	4	2,3,5,7,8,9,10,11,16	5	4
2668	02:58.986	4	2,3,5,7,8,9,10,11,16	66	4
2669	02:58.989	16	1,2,3,4,5	5	2
2670	02:59.000	16	1,2,3,4,5	58	2
2671	02:59.002	1	16	5	0
2672	02:59.025	1	16	65	0
2673	02:59.028	16	1,2,3,4,5	5	2
2674	02:59.033	16	1,2,3,4,5	74	2
2675	02:59.036	4	2,3,5,7,8,9,10,11,16	5	4
2676	02:59.071	4	2,3,5,7,8,9,10,11,16	74	4
2677	02:59.074	11	4,5,8,9,10,14,15	5	2
2678	02:59.308	4	2,3,5,7,8,9,10,11,16	57	4
2679	02:59.310	16	1,2,3,4,5	5	2
2680	02:59.334	16	1,2,3,4,5	58	2
2681	02:59.336	1	16	5	0
2682	02:59.356	1	16	57	0
2683	02:59.358	16	1,2,3,4,5	5	2
2684	02:59.397	16	1,2,3,4,5	66	2
2685	02:59.400	4	2,3,5,7,8,9,10,11,16	5	4
2686	02:59.409	7	2,3,4,6,8,9,10,12,13,14	57	2
2687	02:59.411	4	2,3,5,7,8,9,10,11,16	5	4
2688	02:59.424	4	2,3,5,7,8,9,10,11,16	66	4
2689	02:59.427	16	1,2,3,4,5	5	2
2690	02:59.442	16	1,2,3,4,5	58	2
2691	02:59.444	1	16	5	0
2692	02:59.461	1	16	65	0
2693	02:59.464	16	1,2,3,4,5	5	2
2694	02:59.493	16	1,2,3,4,5	74	2
2695	02:59.496	4	2,3,5,7,8,9,10,11,16	5	4
2696	02:59.537	4	2,3,5,7,8,9,10,11,16	74	4
2697	02:59.540	7	2,3,4,6,8,9,10,12,13,14	5	2
2698	02:59.834	8	2,3,4,5,6,7,9,10,11,12,13,14,15	57	1
2699	02:59.836	3	2,4,5,6,7,8,9,10,16	5	4
2700	02:59.855	3	2,4,5,6,7,8,9,10,16	66	4
2701	02:59.858	16	1,2,3,4,5	5	2
2702	02:59.882	16	1,2,3,4,5	58	2
2703	02:59.884	1	16	5	0
2704	02:59.909	1	16	65	0
2705	02:59.912	16	1,2,3,4,5	5	2
2706	02:59.916	16	1,2,3,4,5	74	2
2707	02:59.919	3	2,4,5,6,7,8,9,10,16	5	4
2708	02:59.924	3	2,4,5,6,7,8,9,10,16	74	4
2709	02:59.927	8	2,3,4,5,6,7,9,10,11,12,13,14,15	5	1
2710	03:01.148	2	3,4,5,6,7,8,9,16	57	3
2711	03:01.150	16	1,2,3,4,5	5	2
2712	03:01.159	16	1,2,3,4,5	58	2
2713	03:01.161	1	16	5	0
2714	03:01.192	1	16	57	0
2715	03:01.194	16	1,2,3,4,5	5	2
2716	03:01.227	16	1,2,3,4,5	66	2
2717	03:01.230	2	3,4,5,6,7,8,9,16	5	3
2718	03:02.154	15	8,9,10,11,12,13,14	57	3
2719	03:02.156	8	2,3,4,5,6,7,9,10,11,12,13,14,15	5	1
2720	03:02.180	8	2,3,4,5,6,7,9,10,11,12,13,14,15	66	1
2721	03:02.183	3	2,4,5,6,7,8,9,10,16	5	4
2722	03:02.222	3	2,4,5,6,7,8,9,10,16	66	4
2723	03:02.225	16	1,2,3,4,5	5	2
2724	03:02.260	16	1,2,3,4,5	58	2
2725	03:02.262	1	16	5	0
2726	03:02.298	1	16	73	0
2727	03:02.301	16	1,2,3,4,5	5	2
2728	03:02.306	16	1,2,3,4,5	82	2
2729	03:02.309	3	2,4,5,6,7,8,9,10,16	5	4
2730	03:02.345	3	2,4,5,6,7,8,9,10,16	82	4
2731	03:02.348	8	2,3,4,5,6,7,9,10,11,12,13,14,15	5	1
2732	03:02.352	8	2,3,4,5,6,7,9,10,11,12,13,14,15	82	1
2733	03:02.355	15	8,9,10,11,12,13,14	5	3
2734	03:02.779	12	6,7,8,9,13,14,15	97	3
2735	03:03.157	14	7,8,9,10,11,12,13,15	57	4
2736	03:03.159	8	2,3,4,5,6,7,9,10,11,12,13,14,15	5	1
2737	03:03.170	8	2,3,4,5,6,7,9,10,11,12,13,14,15	66	1
2738	03:03.173	3	2,4,5,6,7,8,9,10,16	5	4
2739	03:03.190	3	2,4,5,6,7,8,9,10,16	66	4
2740	03:03.193	16	1,2,3,4,5	5	2
2741	03:03.226	16	1,2,3,4,5	58	2
2742	03:03.228	1	16	5	0
2743	03:03.254	1	16	73	0
2744	03:03.257	16	1,2,3,4,5	5	2
2745	03:03.287	16	1,2,3,4,5	82	2
2746	03:03.290	3	2,4,5,6,7,8,9,10,16	5	4
2747	03:03.298	3	2,4,5,6,7,8,9,10,16	82	4
2748	03:03.301	8	2,3,4,5,6,7,9,10,11,12,13,14,15	5	1
2749	03:03.304	8	2,3,4,5,6,7,9,10,11,12,13,14,15	82	1
2750	03:03.308	14	7,8,9,10,11,12,13,15	5	4
2751	03:03.317	9	2,3,4,5,6,7,8,10,11,12,13,14,15	57	1
2752	03:03.319	2	3,4,5,6,7,8,9,16	5	3
2753	03:03.346	2	3,4,5,6,7,8,9,16	66	3
2754	03:03.349	16	1,2,3,4,5	5	2
2755	03:03.371	16	1,2,3,4,5	58	2
2756	03:03.373	1	16	5	0
2757	03:03.412	1	16	65	0
2758	03:03.415	16	1,2,3,4,5	5	2
2759	03:03.424	16	1,2,3,4,5	74	2
2760	03:03.427	2	3,4,5,6,7,8,9,16	5	3
2761	03:03.463	2	3,4,5,6,7,8,9,16	74	3
2762	03:03.466	9	2,3,4,5,6,7,8,10,11,12,13,14,15	5	1
2763	03:03.815	10	3,4,5,7,8,9,11,13,14,15	57	2
2764	03:03.817	3	2,4,5,6,7,8,9,10,16	5	4
2765	03:03.842	3	2,4,5,6,7,8,9,10,16	66	4
2766	03:03.845	16	1,2,3,4,5	5	2
2767	03:03.857	16	1,2,3,4,5	58	2
2768	03:03.859	1	16	5	0
2769	03:03.899	1	16	65	0
2770	03:03.902	16	1,2,3,4,5	5	2
2771	03:03.907	16	1,2,3,4,5	74	2
2772	03:03.910	3	2,4,5,6,7,8,9,10,16	5	4
2773	03:03.938	3	2,4,5,6,7,8,9,10,16	74	4
2774	03:03.941	10	3,4,5,7,8,9,11,13,14,15	5	2
2775	03:04.291	12	6,7,8,9,13,14,15	102	3
2776	03:04.295	15	8,9,10,11,12,13,14	5	3
2777	03:06.468	12	6,7,8,9,13,14,15	57	3
2778	03:06.470	6	2,3,7,8,9,12,13	5	2
2779	03:06.507	6	2,3,7,8,9,12,13	66	2
2780	03:06.510	3	2,4,5,6,7,8,9,10,16	5	4
2781	03:06.519	3	2,4,5,6,7,8,9,10,16	66	4
2782	03:06.522	16	1,2,3,4,5	5	2
2783	03:06.551	16	1,2,3,4,5	58	2
2784	03:06.553	1	16	5	0
2785	03:06.587	1	16	73	0
2786	03:06.590	16	1,2,3,4,5	5	2
2787	03:06.612	16	1,2,3,4,5	82	2
2788	03:06.615	3	2,4,5,6,7,8,9,10,16	5	4
2789	03:06.656	3	2,4,5,6,7,8,9,10,16	82	4
2790	03:06.659	6	2,3,7,8,9,12,13	5	2
2791	03:06.696	6	2,3,7,8,9,12,13	82	2
2792	03:06.699	12	6,7,8,9,13,14,15	5	3
2793	03:07.573	5	2,3,4,8,9,10,11,16	57	3
2794	03:07.575	16	1,2,3,4,5	5	2
2795	03:07.586	3	2,4,5,6,7,8,9,10,16	57	4
2796	03:07.588	16	1,2,3,4,5	5	2
2797	03:07.592	16	1,2,3,4,5	58	2
2798	03:07.594	1	16	5	0
2799	03:07.630	16	1,2,3,4,5	58	2
2800	03:07.632	1	16	5	0
2801	03:07.649	1	16	57	0
2802	03:07.651	16	1,2,3,4,5	5	2
2803	03:07.678	16	1,2,3,4,5	66	2
2804	03:07.681	5	2,3,4,8,9,10,11,16	5	3
2805	03:07.691	1	16	57	0
2806	03:07.693	16	1,2,3,4,5	5	2
2807	03:07.723	16	1,2,3,4,5	66	2
2808	03:07.726	3	2,4,5,6,7,8,9,10,16	5	4
2809	03:08.287	13	6,7,8,9,10,12,14,15	57	4
2810	03:08.289	6	2,3,7,8,9,12,13	5	2
2811	03:08.300	6	2,3,7,8,9,12,13	66	2
2812	03:08.303	3	2,4,5,6,7,8,9,10,16	5	4
2813	03:08.325	3	2,4,5,6,7,8,9,10,16	66	4
2814	03:08.328	16	1,2,3,4,5	5	2
2815	03:08.352	16	1,2,3,4,5	58	2
2816	03:08.354	1	16	5	0
2817	03:08.393	1	16	73	0
2818	03:08.396	16	1,2,3,4,5	5	2
2819	03:08.412	16	1,2,3,4,5	82	2
2820	03:08.415	3	2,4,5,6,7,8,9,10,16	5	4
2821	03:08.430	6	2,3,7,8,9,12,13	57	2
2822	03:08.432	3	2,4,5,6,7,8,9,10,16	5	4
2823	03:08.457	3	2,4,5,6,7,8,9,10,16	66	4
2824	03:08.460	16	1,2,3,4,5	5	2
2825	03:08.468	16	1,2,3,4,5	58	2
2826	03:08.470	1	16	5	0
2827	03:08.477	1	16	65	0
2828	03:08.480	16	1,2,3,4,5	5	2
2829	03:08.500	16	1,2,3,4,5	74	2
2830	03:08.503	3	2,4,5,6,7,8,9,10,16	5	4
2831	03:08.516	3	2,4,5,6,7,8,9,10,16	82	4
2832	03:08.519	6	2,3,7,8,9,12,13	5	2
2833	03:08.543	6	2,3,7,8,9,12,13	82	2
2834	03:08.546	13	6,7,8,9,10,12,14,15	5	4
2835	03:08.553	3	2,4,5,6,7,8,9,10,16	74	4
2836	03:08.556	6	2,3,7,8,9,12,13	5	2
2837	03:08.724	2	3,4,5,6,7,8,9,16	102	3
2838	03:08.728	6	2,3,7,8,9,12,13	5	2
2839	03:08.766	4	2,3,5,7,8,9,10,11,16	57	4
2840	03:08.768	16	1,2,3,4,5	5	2
2841	03:08.799	16	1,2,3,4,5	58	2
2842	03:08.801	1	16	5	0
2843	03:08.809	7	2,3,4,6,8,9,10,12,13,14	57	2
2844	03:08.811	4	2,3,5,7,8,9,10,11,16	5	4
2845	03:08.817	4	2,3,5,7,8,9,10,11,16	66	4
2846	03:08.820	1	16	57	0
2847	03:08.822	16	1,2,3,4,5	5	2
2848	03:08.828	4	2,3,5,7,8,9,10,11,16	66	4
2849	03:08.831	16	1,2,3,4,5	5	2
2850	03:08.837	16	1,2,3,4,5	66	2
2851	03:08.840	4	2,3,5,7,8,9,10,11,16	5	4
2852	03:08.843	16	1,2,3,4,5	58	2
2853	03:08.845	1	16	5	0
2854	03:08.874	1	16	65	0
2855	03:08.877	16	1,2,3,4,5	5	2
2856	03:08.903	16	1,2,3,4,5	74	2
2857	03:08.906	4	2,3,5,7,8,9,10,11,16	5	4
2858	03:08.947	4	2,3,5,7,8,9,10,11,16	74	4
2859	03:08.950	7	2,3,4,6,8,9,10,12,13,14	5	2
2860	03:09.381	11	4,5,8,9,10,14,15	57	2
2861	03:09.383	4	2,3,5,7,8,9,10,11,16	5	4
2862	03:09.389	4	2,3,5,7,8,9,10,11,16	66	4
2863	03:09.392	16	1,2,3,4,5	5	2
2864	03:09.398	16	1,2,3,4,5	58	2
2865	03:09.400	1	16	5	0
2866	03:09.417	8	2,3,4,5,6,7,9,10,11,12,13,14,15	57	1
2867	03:09.419	3	2,4,5,6,7,8,9,10,16	5	4
2868	03:09.424	3	2,4,5,6,7,8,9,10,16	66	4
2869	03:09.427	1	16	65	0
2870	03:09.430	16	1,2,3,4,5	5	2
2871	03:09.437	16	1,2,3,4,5	58	2
2872	03:09.439	1	16	5	0
2873	03:09.442	16	1,2,3,4,5	74	2
2874	03:09.446	4	2,3,5,7,8,9,10,11,16	5	4
2875	03:09.468	3	2,4,5,6,7,8,9,10,16	66	4
2876	03:09.471	16	1,2,3,4,5	5	2
2877	03:09.476	1	16	65	0
2878	03:09.479	16	1,2,3,4,5	5	2
2879	03:09.489	4	2,3,5,7,8,9,10,11,16	74	4
2880	03:09.492	11	4,5,8,9,10,14,15	5	2
2881	03:09.522	16	1,2,3,4,5	74	2
2882	03:09.525	3	2,4,5,6,7,8,9,10,16	5	4
2883	03:09.537	3	2,4,5,6,7,8,9,10,16	74	4
2884	03:09.540	8	2,3,4,5,6,7,9,10,11,12,13,14,15	5	1
2885	03:10.971	2	3,4,5,6,7,8,9,16	57	3
2886	03:10.973	16	1,2,3,4,5	5	2
2887	03:11.008	16	1,2,3,4,5	58	2
2888	03:11.010	1	16	5	0
2889	03:11.047	1	16	57	0
2890	03:11.049	16	1,2,3,4,5	5	2
2891	03:11.082	16	1,2,3,4,5	66	2
2892	03:11.085	2	3,4,5,6,7,8,9,16	5	3
2893	03:12.847	15	8,9,10,11,12,13,14	57	3
2894	03:12.849	8	2,3,4,5,6,7,9,10,11,12,13,14,15	5	1
2895	03:12.864	8	2,3,4,5,6,7,9,10,11,12,13,14,15	66	1
2896	03:12.867	3	2,4,5,6,7,8,9,10,16	5	4
2897	03:12.886	3	2,4,5,6,7,8,9,10,16	66	4
2898	03:12.889	16	1,2,3,4,5	5	2
2899	03:12.902	16	1,2,3,4,5	58	2
2900	03:12.904	1	16	5	0
2901	03:12.924	1	16	73	0
2902	03:12.927	16	1,2,3,4,5	5	2
2903	03:12.945	16	1,2,3,4,5	82	2
2904	03:12.948	3	2,4,5,6,7,8,9,10,16	5	4
2905	03:12.986	3	2,4,5,6,7,8,9,10,16	82	4
2906	03:12.989	8	2,3,4,5,6,7,9,10,11,12,13,14,15	5	1
2907	03:13.000	14	7,8,9,10,11,12,13,15	57	4
2908	03:13.002	8	2,3,4,5,6,7,9,10,11,12,13,14,15	5	1
2909	03:13.014	8	2,3,4,5,6,7,9,10,11,12,13,14,15	82	1
2910	03:13.017	15	8,9,10,11,12,13,14	5	3
2911	03:13.020	8	2,3,4,5,6,7,9,10,11,12,13,14,15	66	1
2912	03:13.023	3	2,4,5,6,7,8,9,10,16	5	4
2913	03:13.055	3	2,4,5,6,7,8,9,10,16	66	4
2914	03:13.058	16	1,2,3,4,5	5	2
2915	03:13.095	16	1,2,3,4,5	58	2
2916	03:13.097	1	16	5	0
2917	03:13.109	1	16	73	0
2918	03:13.112	16	1,2,3,4,5	5	2
2919	03:13.131	16	1,2,3,4,5	82	2
2920	03:13.134	3	2,4,5,6,7,8,9,10,16	5	4
2921	03:13.145	3	2,4,5,6,7,8,9,10,16	82	4
2922	03:13.148	8	2,3,4,5,6,7,9,10,11,12,13,14,15	5	1
2923	03:13.164	8	2,3,4,5,6,7,9,10,11,12,13,14,15	82	1
2924	03:13.167	14	7,8,9,10,11,12,13,15	5	4
2925	03:13.439	10	3,4,5,7,8,9,11,13,14,15	57	2
2926	03:13.441	3	2,4,5,6,7,8,9,10,16	5	4
2927	03:13.477	3	2,4,5,6,7,8,9,10,16	66	4
2928	03:13.480	16	1,2,3,4,5	5	2
2929	03:13.497	16	1,2,3,4,5	58	2
2930	03:13.499	1	16	5	0
2931	03:13.509	1	16	65	0
2932	03:13.512	16	1,2,3,4,5	5	2
2933	03:13.518	16	1,2,3,4,5	74	2
2934	03:13.521	3	2,4,5,6,7,8,9,10,16	5	4
2935	03:13.562	3	2,4,5,6,7,8,9,10,16	74	4
2936	03:13.565	10	3,4,5,7,8,9,11,13,14,15	5	2
2937	03:13.734	9	2,3,4,5,6,7,8,10,11,12,13,14,15	57	1
2938	03:13.736	2	3,4,5,6,7,8,9,16	5	3
2939	03:13.752	2	3,4,5,6,7,8,9,16	66	3
2940	03:13.755	16	1,2,3,4,5	5	2
2941	03:13.766	16	1,2,3,4,5	58	2
2942	03:13.768	1	16	5	0
2943	03:13.780	1	16	65	0
2944	03:13.783	16	1,2,3,4,5	5	2
2945	03:13.819	16	1,2,3,4,5	74	2
2946	03:13.822	2	3,4,5,6,7,8,9,16	5	3
2947	03:13.828	2	3,4,5,6,7,8,9,16	74	3
2948	03:13.831	9	2,3,4,5,6,7,8,10,11,12,13,14,15	5	1
2949	03:17.004	12	6,7,8,9,13,14,15	57	3
2950	03:17.006	6	2,3,7,8,9,12,13	5	2
2951	03:17.049	6	2,3,7,8,9,12,13	66	2
2952	03:17.052	3	2,4,5,6,7,8,9,10,16	5	4
2953	03:17.063	3	2,4,5,6,7,8,9,10,16	66	4
2954	03:17.066	16	1,2,3,4,5	5	2
2955	03:17.090	16	1,2,3,4,5	58	2
2956	03:17.092	1	16	5	0
2957	03:17.131	1	16	73	0
2958	03:17.134	16	1,2,3,4,5	5	2
2959	03:17.146	16	1,2,3,4,5	82	2
2960	03:17.149	3	2,4,5,6,7,8,9,10,16	5	4
2961	03:17.176	5	2,3,4,8,9,10,11,16	57	3
2962	03:17.178	16	1,2,3,4,5	5	2
2963	03:17.183	3	2,4,5,6,7,8,9,10,16	82	4
2964	03:17.186	6	2,3,7,8,9,12,13	5	2
2965	03:17.191	16	1,2,3,4,5	58	2
2966	03:17.193	1	16	5	0
2967	03:17.210	1	16	57	0
2968	03:17.212	16	1,2,3,4,5	5	2
2969	03:17.224	6	2,3,7,8,9,12,13	82	2
2970	03:17.227	12	6,7,8,9,13,14,15	5	3
2971	03:17.236	16	1,2,3,4,5	66	2
2972	03:17.239	5	2,3,4,8,9,10,11,16	5	3
2973	03:17.774	3	2,4,5,6,7,8,9,10,16	57	4
2974	03:17.776	16	1,2,3,4,5	5	2
2975	03:17.809	16	1,2,3,4,5	58	2
2976	03:17.811	1	16	5	0
2977	03:17.836	1	16	57	0
2978	03:17.838	16	1,2,3,4,5	5	2
2979	03:17.858	16	1,2,3,4,5	66	2
2980	03:17.861	3	2,4,5,6,7,8,9,10,16	5	4
2981	03:18.004	6	2,3,7,8,9,12,13	57	2
2982	03:18.006	3	2,4,5,6,7,8,9,10,16	5	4
2983	03:18.013	3	2,4,5,6,7,8,9,10,16	66	4
2984	03:18.016	16	1,2,3,4,5	5	2
2985	03:18.054	16	1,2,3,4,5	58	2
2986	03:18.056	1	16	5	0
2987	03:18.087	1	16	65	0
2988	03:18.090	16	1,2,3,4,5	5	2
2989	03:18.131	16	1,2,3,4,5	74	2
2990	03:18.134	3	2,4,5,6,7,8,9,10,16	5	4
2991	03:18.175	3	2,4,5,6,7,8,9,10,16	74	4
2992	03:18.178	6	2,3,7,8,9,12,13	5	2
2993	03:18.394	7	2,3,4,6,8,9,10,12,13,14	57	2
2994	03:18.396	4	2,3,5,7,8,9,10,11,16	5	4
2995	03:18.401	4	2,3,5,7,8,9,10,11,16	66	4
2996	03:18.404	16	1,2,3,4,5	5	2
2997	03:18.435	16	1,2,3,4,5	58	2
2998	03:18.437	1	16	5	0
2999	03:18.480	1	16	65	0
3000	03:18.483	16	1,2,3,4,5	5	2
3001	03:18.526	16	1,2,3,4,5	74	2
3002	03:18.529	4	2,3,5,7,8,9,10,11,16	5	4
3003	03:18.567	4	2,3,5,7,8,9,10,11,16	74	4
3004	03:18.570	7	2,3,4,6,8,9,10,12,13,14	5	2
3005	03:18.830	13	6,7,8,9,10,12,14,15	57	4
3006	03:18.832	6	2,3,7,8,9,12,13	5	2
3007	03:18.870	6	2,3,7,8,9,12,13	66	2
3008	03:18.873	3	2,4,5,6,7,8,9,10,16	5	4
3009	03:18.896	3	2,4,5,6,7,8,9,10,16	66	4
3010	03:18.899	16	1,2,3,4,5	5	2
3011	03:18.928	16	1,2,3,4,5	58	2
3012	03:18.930	1	16	5	0
3013	03:18.934	1	16	73	0
3014	03:18.937	16	1,2,3,4,5	5	2
3015	03:18.946	16	1,2,3,4,5	82	2
3016	03:18.949	3	2,4,5,6,7,8,9,10,16	5	4
3017	03:18.975	3	2,4,5,6,7,8,9,10,16	82	4
3018	03:18.978	6	2,3,7,8,9,12,13	5	2
3019	03:18.987	6	2,3,7,8,9,12,13	82	2
3020	03:18.990	13	6,7,8,9,10,12,14,15	5	4
3021	03:19.152	4	2,3,5,7,8,9,10,11,16	57	4
3022	03:19.154	16	1,2,3,4,5	5	2
3023	03:19.161	16	1,2,3,4,5	58	2
3024	03:19.163	1	16	5	0
3025	03:19.193	1	16	57	0
3026	03:19.195	16	1,2,3,4,5	5	2
3027	03:19.230	16	1,2,3,4,5	66	2
3028	03:19.233	4	2,3,5,7,8,9,10,11,16	5	4
3029	03:19.494	8	2,3,4,5,6,7,9,10,11,12,13,14,15	57	1
3030	03:19.496	3	2,4,5,6,7,8,9,10,16	5	4
3031	03:19.502	3	2,4,5,6,7,8,9,10,16	66	4
3032	03:19.505	16	1,2,3,4,5	5	2
3033	03:19.516	16	1,2,3,4,5	58	2
3034	03:19.518	1	16	5	0
3035	03:19.535	1	16	65	0
3036	03:19.538	16	1,2,3,4,5	5	2
3037	03:19.562	16	1,2,3,4,5	74	2
3038	03:19.565	3	2,4,5,6,7,8,9,10,16	5	4
3039	03:19.595	3	2,4,5,6,7,8,9,10,16	74	4
3040	03:19.598	8	2,3,4,5,6,7,9,10,11,12,13,14,15	5	1
3041	03:19.863	11	4,5,8,9,10,14,15	57	2
3042	03:19.865	4	2,3,5,7,8,9,10,11,16	5	4
3043	03:19.902	4	2,3,5,7,8,9,10,11,16	66	4
3044	03:19.905	16	1,2,3,4,5	5	2
3045	03:19.913	16	1,2,3,4,5	58	2
3046	03:19.915	1	16	5	0
3047	03:19.946	1	16	65	0
3048	03:19.949	16	1,2,3,4,5	5	2
3049	03:19.967	16	1,2,3,4,5	74	2
3050	03:19.970	4	2,3,5,7,8,9,10,11,16	5	4
3051	03:20.004	4	2,3,5,7,8,9,10,11,16	74	4
3052	03:20.007	11	4,5,8,9,10,14,15	5	2
3053	03:20.872	10	3,4,5,7,8,9,11,13,14,15	102	2
3054	03:20.876	4	2,3,5,7,8,9,10,11,16	5	4
3055	03:21.445	2	3,4,5,6,7,8,9,16	57	3
3056	03:21.447	16	1,2,3,4,5	5	2
3057	03:21.487	16	1,2,3,4,5	58	2
3058	03:21.489	1	16	5	0
3059	03:21.521	1	16	57	0
3060	03:21.523	16	1,2,3,4,5	5	2
3061	03:21.564	16	1,2,3,4,5	66	2
3062	03:21.567	2	3,4,5,6,7,8,9,16	5	3
3063	03:22.606	10	3,4,5,7,8,9,11,13,14,15	57	2
3064	03:22.608	3	2,4,5,6,7,8,9,10,16	5	4
3065	03:22.651	3	2,4,5,6,7,8,9,10,16	66	4
3066	03:22.654	16	1,2,3,4,5	5	2
3067	03:22.662	16	1,2,3,4,5	58	2
3068	03:22.664	1	16	5	0
3069	03:22.702	1	16	65	0
3070	03:22.705	16	1,2,3,4,5	5	2
3071	03:22.714	16	1,2,3,4,5	74	2
3072	03:22.717	3	2,4,5,6,7,8,9,10,16	5	4
3073	03:22.724	3	2,4,5,6,7,8,9,10,16	74	4
3074	03:22.727	10	3,4,5,7,8,9,11,13,14,15	5	2
3075	03:22.885	15	8,9,10,11,12,13,14	57	3
3076	03:22.887	8	2,3,4,5,6,7,9,10,11,12,13,14,15	5	1
3077	03:22.918	8	2,3,4,5,6,7,9,10,11,12,13,14,15	66	1
3078	03:22.921	3	2,4,5,6,7,8,9,10,16	5	4
3079	03:22.949	3	2,4,5,6,7,8,9,10,16	66	4
3080	03:22.952	16	1,2,3,4,5	5	2
3081	03:22.972	16	1,2,3,4,5	58	2
3082	03:22.974	1	16	5	0
3083	03:22.986	1	16	73	0
3084	03:22.989	16	1,2,3,4,5	5	2
3085	03:23.009	16	1,2,3,4,5	82	2
3086	03:23.012	3	2,4,5,6,7,8,9,10,16	5	4
3087	03:23.024	3	2,4,5,6,7,8,9,10,16	82	4
3088	03:23.027	8	2,3,4,5,6,7,9,10,11,12,13,14,15	5	1
3089	03:23.036	8	2,3,4,5,6,7,9,10,11,12,13,14,15	82	1
3090	03:23.039	15	8,9,10,11,12,13,14	5	3
3091	03:23.211	14	7,8,9,10,11,12,13,15	57	4
3092	03:23.213	8	2,3,4,5,6,7,9,10,11,12,13,14,15	5	1
3093	03:23.216	8	2,3,4,5,6,7,9,10,11,12,13,14,15	66	1
3094	03:23.219	3	2,4,5,6,7,8,9,10,16	5	4
3095	03:23.263	3	2,4,5,6,7,8,9,10,16	66	4
3096	03:23.266	16	1,2,3,4,5	5	2
3097	03:23.271	16	1,2,3,4,5	58	2
3098	03:23.273	1	16	5	0
3099	03:23.295	4	2,3,5,7,8,9,10,11,16	102	4
3100	03:23.299	2	3,4,5,6,7,8,9	5	4
3101	03:23.299	1	-	73	1
3102	03:23.317	1	16	73	0
3103	03:23.320	16	1,2,3,4,5	5	2
3104	03:23.354	16	1,2,3,4,5	82	2
3105	03:23.357	3	2,4,5,6,7,8,9,10,16	5	4
3106	03:23.377	3	2,4,5,6,7,8,9,10,16	82	4
3107	03:23.380	8	2,3,4,5,6,7,9,10,11,12,13,14,15	5	1
3108	03:23.412	8	2,3,4,5,6,7,9,10,11,12,13,14,15	82	1
3109	03:23.415	14	7,8,9,10,11,12,13,15	5	4
3110	03:24.604	9	2,3,4,5,6,7,8,10,11,12,13,14,15	57	1
3111	03:24.606	2	3,4,5,6,7,8,9,16	5	3
3112	03:24.611	2	3,4,5,6,7,8,9,16	66	3
3113	03:24.614	16	1,2,3,4,5	5	2
3114	03:24.626	16	1,2,3,4,5	58	2
3115	03:24.628	1	16	5	0
3116	03:24.648	1	16	65	0
3117	03:24.651	16	1,2,3,4,5	5	2
3118	03:24.664	16	1,2,3,4,5	74	2
3119	03:24.667	2	3,4,5,6,7,8,9,16	5	3
3120	03:24.688	2	3,4,5,6,7,8,9,16	74	3
3121	03:24.691	9	2,3,4,5,6,7,8,10,11,12,13,14,15	5	1
3122	03:26.258	12	6,7,8,9,13,14,15	57	3
3123	03:26.260	6	2,3,7,8,9,12,13	5	2
3124	03:26.297	6	2,3,7,8,9,12,13	66	2
3125	03:26.300	3	2,4,5,6,7,8,9,10,16	5	4
3126	03:26.307	3	2,4,5,6,7,8,9,10,16	66	4
3127	03:26.310	16	1,2,3,4,5	5	2
3128	03:26.340	16	1,2,3,4,5	58	2
3129	03:26.342	1	16	5	0
3130	03:26.378	1	16	73	0
3131	03:26.381	16	1,2,3,4,5	5	2
3132	03:26.389	16	1,2,3,4,5	82	2
3133	03:26.392	3	2,4,5,6,7,8,9,10,16	5	4
3134	03:26.428	3	2,4,5,6,7,8,9,10,16	82	4
3135	03:26.431	6	2,3,7,8,9,12,13	5	2
3136	03:26.434	6	2,3,7,8,9,12,13	82	2
3137	03:26.438	12	6,7,8,9,13,14,15	5	3
3138	03:26.782	7	2,3,4,6,8,9,10,12,13,14	102	2
3139	03:26.786	13	6,7,8,9,10,12,14,15	5	4
3140	03:27.606	5	2,3,4,8,9,10,11,16	57	3
3141	03:27.608	16	1,2,3,4,5	5	2
3142	03:27.650	16	1,2,3,4,5	58	2
3143	03:27.652	1	16	5	0
3144	03:27.694	1	16	57	0
3145	03:27.696	16	1,2,3,4,5	5	2
3146	03:27.727	16	1,2,3,4,5	66	2
3147	03:27.730	5	2,3,4,8,9,10,11,16	5	3
3148	03:28.054	3	2,4,5,6,7,8,9,10,16	57	4
3149	03:28.056	16	1,2,3,4,5	5	2
3150	03:28.095	16	1,2,3,4,5	58	2
3151	03:28.097	1	16	5	0
3152	03:28.102	1	16	57	0
3153	03:28.104	16	1,2,3,4,5	5	2
3154	03:28.124	16	1,2,3,4,5	66	2
3155	03:28.127	3	2,4,5,6,7,8,9,10,16	5	4
3156	03:28.163	13	6,7,8,9,10,12,14,15	57	4
3157	03:28.165	6	2,3,7,8,9,12,13	5	2
3158	03:28.187	6	2,3,7,8,9,12,13	66	2
3159	03:28.190	3	2,4,5,6,7,8,9,10,16	5	4
3160	03:28.193	3	2,4,5,6,7,8,9,10,16	66	4
3161	03:28.196	16	1,2,3,4,5	5	2
3162	03:28.239	16	1,2,3,4,5	58	2
3163	03:28.241	1	16	5	0
3164	03:28.248	1	16	73	0
3165	03:28.251	16	1,2,3,4,5	5	2
3166	03:28.276	16	1,2,3,4,5	82	2
3167	03:28.279	3	2,4,5,6,7,8,9,10,16	5	4
3168	03:28.319	3	2,4,5,6,7,8,9,10,16	82	4
3169	03:28.322	6	2,3,7,8,9,12,13	5	2
3170	03:28.363	6	2,3,7,8,9,12,13	82	2
3171	03:28.366	13	6,7,8,9,10,12,14,15	5	4
3172	03:28.530	8	2,3,4,5,6,7,9,10,11,12,13,14,15	57	1
3173	03:28.532	3	2,4,5,6,7,8,9,10,16	5	4
3174	03:28.544	3	2,4,5,6,7,8,9,10,16	66	4
3175	03:28.547	16	1,2,3,4,5	5	2
3176	03:28.550	16	1,2,3,4,5	58	2
3177	03:28.552	1	16	5	0
3178	03:28.561	1	16	65	0
3179	03:28.564	16	1,2,3,4,5	5	2
3180	03:28.572	16	1,2,3,4,5	74	2
3181	03:28.575	3	2,4,5,6,7,8,9,10,16	5	4
3182	03:28.578	3	2,4,5,6,7,8,9,10,16	74	4
3183	03:28.581	8	2,3,4,5,6,7,9,10,11,12,13,14,15	5	1
3184	03:28.660	4	2,3,5,7,8,9,10,11,16	57	4
3185	03:28.662	16	1,2,3,4,5	5	2
3186	03:28.701	16	1,2,3,4,5	58	2
3187	03:28.703	1	16	5	0
3188	03:28.726	1	16	57	0
3189	03:28.728	16	1,2,3,4,5	5	2
3190	03:28.742	6	2,3,7,8,9,12,13	57	2
3191	03:28.744	3	2,4,5,6,7,8,9,10,16	5	4
3192	03:28.761	3	2,4,5,6,7,8,9,10,16	66	4
3193	03:28.764	16	1,2,3,4,5	5	2
3194	03:28.767	16	1,2,3,4,5	58	2
3195	03:28.769	1	16	5	0
3196	03:28.772	16	1,2,3,4,5	66	2
3197	03:28.775	4	2,3,5,7,8,9,10,11,16	5	4
3198	03:28.786	1	16	65	0
3199	03:28.789	16	1,2,3,4,5	5	2
3200	03:28.816	16	1,2,3,4,5	74	2
3201	03:28.819	3	2,4,5,6,7,8,9,10,16	5	4
3202	03:28.836	3	2,4,5,6,7,8,9,10,16	74	4
3203	03:28.839	6	2,3,7,8,9,12,13	5	2
3204	03:29.047	11	4,5,8,9,10,14,15	57	2
3205	03:29.049	4	2,3,5,7,8,9,10,11,16	5	4
3206	03:29.069	4	2,3,5,7,8,9,10,11,16	66	4
3207	03:29.072	16	1,2,3,4,5	5	2
3208	03:29.100	16	1,2,3,4,5	58	2
3209	03:29.102	1	16	5	0
3210	03:29.118	1	16	65	0
3211	03:29.121	16	1,2,3,4,5	5	2
3212	03:29.159	16	1,2,3,4,5	74	2
3213	03:29.162	4	2,3,5,7,8,9,10,11,16	5	4
3214	03:29.186	4	2,3,5,7,8,9,10,11,16	74	4
3215	03:29.189	11	4,5,8,9,10,14,15	5	2
3216	03:29.279	7	2,3,4,6,8,9,10,12,13,14	57	2
3217	03:29.281	4	2,3,5,7,8,9,10,11,16	5	4
3218	03:29.297	4	2,3,5,7,8,9,10,11,16	66	4
3219	03:29.300	16	1,2,3,4,5	5	2
3220	03:29.306	16	1,2,3,4,5	58	2
3221	03:29.308	1	16	5	0
3222	03:29.320	1	16	65	0
3223	03:29.323	16	1,2,3,4,5	5	2
3224	03:29.358	16	1,2,3,4,5	74	2
3225	03:29.361	4	2,3,5,7,8,9,10,11,16	5	4
3226	03:29.389	4	2,3,5,7,8,9,10,11,16	74	4
3227	03:29.392	7	2,3,4,6,8,9,10,12,13,14	5	2
3228	03:30.982	2	3,4,5,6,7,8,9,16	57	3
3229	03:30.984	16	1,2,3,4,5	5	2
3230	03:31.004	16	1,2,3,4,5	58	2
3231	03:31.006	1	16	5	0
3232	03:31.042	1	16	57	0
3233	03:31.044	16	1,2,3,4,5	5	2
3234	03:31.072	16	1,2,3,4,5	66	2
3235	03:31.075	2	3,4,5,6,7,8,9,16	5	3
3236	03:32.085	10	3,4,5,7,8,9,11,13,14,15	57	2
3237	03:32.087	3	2,4,5,6,7,8,9,10,16	5	4
3238	03:32.126	3	2,4,5,6,7,8,9,10,16	66	4
3239	03:32.129	16	1,2,3,4,5	5	2
3240	03:32.132	16	1,2,3,4,5	58	2
3241	03:32.134	1	16	5	0
3242	03:32.159	1	16	65	0
3243	03:32.162	16	1,2,3,4,5	5	2
3244	03:32.172	16	1,2,3,4,5	74	2
3245	03:32.175	3	2,4,5,6,7,8,9,10,16	5	4
3246	03:32.184	3	2,4,5,6,7,8,9,10,16	74	4
3247	03:32.187	10	3,4,5,7,8,9,11,13,14,15	5	2
3248	03:33.211	6	2,3,7,8,9,12,13	102	2
3249	03:33.215	2	3,4,5,6,7,8,9,16	5	3
3250	03:33.415	15	8,9,10,11,12,13,14	57	3
3251	03:33.417	8	2,3,4,5,6,7,9,10,11,12,13,14,15	5	1
3252	03:33.434	8	2,3,4,5,6,7,9,10,11,12,13,14,15	66	1
3253	03:33.437	3	2,4,5,6,7,8,9,10,16	5	4
3254	03:33.458	3	2,4,5,6,7,8,9,10,16	66	4
3255	03:33.461	16	1,2,3,4,5	5	2
3256	03:33.479	14	7,8,9,10,11,12,13,15	57	4
3257	03:33.481	8	6,7,10,11,12,13,14,15	5	6
3258	03:33.481	16	1	58	6
3259	03:33.483	1	16	5	0
3260	03:33.493	8	2,3,4,5,6,7,9,10,11,12,13,14,15	66	1
3261	03:33.496	3	2,4,5,6,7,8,9,10,16	5	4
3262	03:33.512	1	16	73	0
3263	03:33.515	16	1,2,3,4,5	5	2
3264	03:33.525	3	2,4,5,6,7,8,9,10,16	66	4
3265	03:33.528	16	1,2,3,4,5	5	2
3266	03:33.539	16	1,2,3,4,5	58	2
3267	03:33.541	1	16	5	0
3268	03:33.544	16	1,2,3,4,5	82	2
3269	03:33.548	3	2,4,5,6,7,8,9,10,16	5	4
3270	03:33.574	1	16	73	0
3271	03:33.577	16	1,2,3,4,5	5	2
3272	03:33.580	3	2,4,5,6,7,8,9,10,16	82	4
3273	03:33.583	8	2,3,4,5,6,7,9,10,11,12,13,14,15	5	1
3274	03:33.592	8	2,3,4,5,6,7,9,10,11,12,13,14,15	82	1
3275	03:33.595	15	8,9,10,11,12,13,14	5	3
3276	03:33.595	16	1,2,3	82	4
3277	03:33.599	3	2,4,5,6,7,8,9,10,16	5	4
3278	03:33.627	3	2,4,5,6,7,8,9,10,16	82	4
3279	03:33.630	8	2,3,4,5,6,7,9,10,11,12,13,14,15	5	1
3280	03:33.638	8	2,3,4,5,6,7,9,10,11,12,13,14,15	82	1
3281	03:33.641	15	8,9,10,11,12,13,14	5	3
3282	03:33.650	8	2,3,4,5,6,7,9,10,11,12,13,14,15	82	1
3283	03:33.653	14	7,8,9,10,11,12,13,15	5	4
3284	03:33.813	9	2,3,4,5,6,7,8,10,11,12,13,14,15	57	1
3285	03:33.815	2	3,4,5,6,7,8,9,16	5	3
3286	03:33.820	2	3,4,5,6,7,8,9,16	66	3
3287	03:33.823	16	1,2,3,4,5	5	2
3288	03:33.835	16	1,2,3,4,5	58	2
3289	03:33.837	1	16	5	0
3290	03:33.869	1	16	65	0
3291	03:33.872	16	1,2,3,4,5	5	2
3292	03:33.899	16	1,2,3,4,5	74	2
3293	03:33.902	2	3,4,5,6,7,8,9,16	5	3
3294	03:33.911	2	3,4,5,6,7,8,9,16	74	3
3295	03:33.914	9	2,3,4,5,6,7,8,10,11,12,13,14,15	5	1
3296	03:37.111	3	2,4,5,6,7,8,9,10,16	57	4
3297	03:37.113	16	1,2,3,4,5	5	2
3298	03:37.123	16	1,2,3,4,5	58	2
3299	03:37.124	12	6,7,13,14,15	57	5
3300	03:37.125	1	16	5	0
3301	03:37.126	6	2,3,7,8,9,12,13	5	2
3302	03:37.164	1	16	57	0
3303	03:37.166	16	1,5	5	5
3304	03:37.165	6	7,8,9,12,13	66	4
3305	03:37.204	16	1,4,5	66	4
3306	03:37.204	6	7,12,13	66	6
3307	03:37.210	16	1,4,5	66	4
3308	03:37.210	6	7,12,13	66	6
3309	03:37.242	6	2,3,7,8,9,12,13	66	2
3310	03:37.245	3	2,4,5,6,7,8,9,10,16	5	4
3311	03:37.248	16	1,2,3,4,5	66	2
3312	03:37.251	3	2,4,5,6,7,8,9,10,16	5	4
3313	03:37.281	3	2,4,5,6,7,8,9,10,16	66	4
3314	03:37.284	16	1,2,3,4,5	5	2
3315	03:37.293	16	1,2,3,4,5	58	2
3316	03:37.295	1	16	5	0
3317	03:37.300	16	1,2,3,4,5	97	2
3318	03:37.320	1	16	73	0
3319	03:37.323	16	1,2,3,4,5	5	2
3320	03:37.347	16	1,2,3,4,5	82	2
3321	03:37.350	3	2,4,5,6,7,8,9,10,16	5	4
3322	03:37.377	3	2,4,5,6,7,8,9,10,16	82	4
3323	03:37.380	6	2,3,7,8,9,12,13	5	2
3324	03:37.400	6	2,3,7,8,9,12,13	82	2
3325	03:37.403	12	6,7,8,9,13,14,15	5	3
3326	03:37.542	8	2,3,4,5,6,7,9,10,11,12,13,14,15	57	1
3327	03:37.544	3	2,4,5,6,7,8,9,10,16	5	4
3328	03:37.566	13	6,7,8,9,10,12,14,15	57	4
3329	03:37.568	6	2,3,7,8,9,12,13	5	2
3330	03:37.585	3	2,4,5,6,7,8,9,10,16	66	4
3331	03:37.588	16	1,2,3,4,5	5	2
3332	03:37.597	6	2,3,7,8,9,12,13	66	2
3333	03:37.600	3	2,4,5,6,7,8,9,10,16	5	4
3334	03:37.624	3	2,4,5,6,7,8,9,10,16	66	4
3335	03:37.627	16	1,2,3,4,5	5	2
3336	03:37.630	16	1,2,3,4,5	58	2
3337	03:37.632	1	16	5	0
3338	03:37.640	16	1,2,3,4,5	58	2
3339	03:37.642	1	16	5	0
3340	03:37.645	1	16	65	0
3341	03:37.648	16	1,2,3,4,5	5	2
3342	03:37.687	16	1,2,3,4,5	74	2
3343	03:37.690	3	2,4,5,6,7,8,9,10,16	5	4
3344	03:37.705	3	2,4,5,6,7,8,9,10,16	74	4
3345	03:37.708	8	2,3,4,5,6,7,9,10,11,12,13,14,15	5	1
3346	03:37.717	1	16	73	0
3347	03:37.720	16	1,2,3,4,5	5	2
3348	03:37.745	16	1,2,3,4,5	82	2
3349	03:37.748	3	2,4,5,6,7,8,9,10,16	5	4
3350	03:37.766	3	2,4,5,6,7,8,9,10,16	82	4
3351	03:37.769	6	2,3,7,8,9,12,13	5	2
3352	03:37.788	5	2,3,4,8,9,10,11,16	57	3
3353	03:37.790	16	1,2,3,4,5	5	2
3354	03:37.802	16	1,4,5	58	4
3355	03:37.804	1	16	5	0
3356	03:37.803	6	7,12,13	82	6
3357	03:37.806	13	6,7,8,9,10,12,14,15	5	4
3358	03:37.825	1	16	57	0
3359	03:37.827	16	1,2,3,4,5	5	2
3360	03:37.835	3	2,4,5,6,7,8,9,10,16	102	4
3361	03:37.839	4	2,3,5,7,8,9,10,11,16	5	4
3362	03:37.861	16	1,2,3,4,5	66	2
3363	03:37.864	5	2,3,4,8,9,10,11,16	5	3
3364	03:38.393	4	2,3,5,7,8,9,10,11,16	57	4
3365	03:38.395	16	1,2,3,4,5	5	2
3366	03:38.433	16	1,2,3,4,5	58	2
3367	03:38.435	1	16	5	0
3368	03:38.455	1	16	57	0
3369	03:38.457	16	1,2,3,4,5	5	2
3370	03:38.468	16	1,2,3,4,5	66	2
3371	03:38.471	4	2,3,5,7,8,9,10,11,16	5	4
3372	03:38.548	11	4,5,8,9,10,14,15	57	2
3373	03:38.550	4	2,3,5,7,8,9,10,11,16	5	4
3374	03:38.558	4	2,3,5,7,8,9,10,11,16	66	4
3375	03:38.561	16	1,2,3,4,5	5	2
3376	03:38.586	16	1,2,3,4,5	58	2
3377	03:38.588	1	16	5	0
3378	03:38.621	1	16	65	0
3379	03:38.624	16	1,2,3,4,5	5	2
3380	03:38.637	7	2,3,4,6,8,9,10,12,13,14	57	2
3381	03:38.639	4	2,3,5,7,8,9,10,11,16	5	4
3382	03:38.649	16	1,2,3,4,5	74	2
3383	03:38.652	4	2,3,5,7,8,9,10,11,16	5	4
3384	03:38.667	4	2,3,5,7,8,9,10,11,16	66	4
3385	03:38.670	16	1,2,3,4,5	5	2
3386	03:38.689	4	2,3,5,7,8,9,10,11,16	74	4
3387	03:38.692	11	4,5,8,9,10,14,15	5	2
3388	03:38.738	16	1,2,3,4,5	58	2
3389	03:38.740	1	16	5	0
3390	03:38.754	1	16	65	0
3391	03:38.757	16	1,2,3,4,5	5	2
3392	03:38.789	16	1,2,3,4,5	74	2
3393	03:38.792	4	2,3,5,7,8,9,10,11,16	5	4
3394	03:38.814	4	2,3,5,7,8,9,10,11,16	74	4
3395	03:38.817	7	2,3,4,6,8,9,10,12,13,14	5	2
3396	03:39.107	6	2,3,7,8,9,12,13	57	2
3397	03:39.109	3	2,4,5,6,7,8,9,10,16	5	4
3398	03:39.113	3	2,4,5,6,7,8,9,10,16	66	4
3399	03:39.116	16	1,2,3,4,5	5	2
3400	03:39.132	16	1,2,3,4,5	58	2
3401	03:39.134	1	16	5	0
3402	03:39.147	1	16	65	0
3403	03:39.150	16	1,2,3,4,5	5	2
3404	03:39.169	16	1,2,3,4,5	74	2
3405	03:39.172	3	2,4,5,6,7,8,9,10,16	5	4
3406	03:39.185	3	2,4,5,6,7,8,9,10,16	74	4
3407	03:39.188	6	2,3,7,8,9,12,13	5	2
3408	03:40.509	2	3,4,5,6,7,8,9,16	57	3
3409	03:40.511	16	1,2,3,4,5	5	2
3410	03:40.520	16	1,2,3,4,5	58	2
3411	03:40.522	1	16	5	0
3412	03:40.525	1	16	57	0
3413	03:40.528	16	1,2,3,4,5	5	2
3414	03:40.554	16	1,2,3,4,5	66	2
3415	03:40.557	2	3,4,5,6,7,8,9,16	5	3
3416	03:42.591	14	7,8,9,10,11,12,13,15	57	4
3417	03:42.593	8	2,3,4,5,6,7,9,10,11,12,13,14,15	5	1
3418	03:42.609	8	2,3,4,5,6,7,9,10,11,12,13,14,15	66	1
3419	03:42.612	3	2,4,5,6,7,8,9,10,16	5	4
3420	03:42.642	3	2,4,5,6,7,8,9,10,16	66	4
3421	03:42.645	16	1,2,3,4,5	5	2
3422	03:42.660	16	1,2,3,4,5	58	2
3423	03:42.662	1	16	5	0
3424	03:42.676	1	16	73	0
3425	03:42.679	16	1,2,3,4,5	5	2
3426	03:42.717	16	1,2,3,4,5	82	2
3427	03:42.720	3	2,4,5,6,7,8,9,10,16	5	4
3428	03:42.757	3	2,4,5,6,7,8,9,10,16	82	4
3429	03:42.760	8	2,3,4,5,6,7,9,10,11,12,13,14,15	5	1
3430	03:42.788	8	2,3,4,5,6,7,9,10,11,12,13,14,15	82	1
3431	03:42.791	14	7,8,9,10,11,12,13,15	5	4
3432	03:42.855	3	2,4,5,6,7,8,9,10,16	97	4
3433	03:42.971	10	3,4,5,7,8,9,11,13,14,15	57	2
3434	03:42.973	3	2,4,5,6,7,8,9,10,16	5	4
3435	03:42.999	3	2,4,5,6,7,8,9,10,16	66	4
3436	03:43.002	16	1,2,3,4,5	5	2
3437	03:43.025	16	1,2,3,4,5	58	2
3438	03:43.027	1	16	5	0
3439	03:43.057	1	16	65	0
3440	03:43.060	16	1,2,3,4,5	5	2
3441	03:43.088	16	1,2,3,4,5	74	2
3442	03:43.091	3	2,4,5,6,7,8,9,10,16	5	4
3443	03:43.101	3	2,4,5,6,7,8,9,10,16	74	4
3444	03:43.104	10	3,4,5,7,8,9,11,13,14,15	5	2
3445	03:43.539	15	8,9,10,11,12,13,14	57	3
3446	03:43.541	8	2,3,4,5,6,7,9,10,11,12,13,14,15	5	1
3447	03:43.567	8	2,3,4,5,6,7,9,10,11,12,13,14,15	66	1
3448	03:43.570	3	2,4,5,6,7,8,9,10,16	5	4
3449	03:43.577	3	2,4,5,6,7,8,9,10,16	66	4
3450	03:43.580	16	1,2,3,4,5	5	2
3451	03:43.610	15	8,9,10,11,12,13,14	102	3
3452	03:43.614	14	7,8,9,10,11,12,13,15	5	4
3453	03:43.620	16	1,2,3,4,5	58	2
3454	03:43.622	1	16	5	0
3455	03:43.642	1	16	73	0
3456	03:43.645	16	1,2,3,4,5	5	2
3457	03:43.650	16	1,2,3,4,5	82	2
3458	03:43.653	3	2,4,5,6,7,8,9,10,16	5	4
3459	03:43.663	3	2,4,5,6,7,8,9,10,16	82	4
3460	03:43.666	8	2,3,4,5,6,7,9,10,11,12,13,14,15	5	1
3461	03:43.696	8	2,3,4,5,6,7,9,10,11,12,13,14,15	82	1
3462	03:43.699	15	8,9,10,11,12,13,14	5	3
3463	03:44.161	9	2,3,4,5,6,7,8,10,11,12,13,14,15	57	1
3464	03:44.163	2	3,4,5,6,7,8,9,16	5	3
3465	03:44.203	2	3,4,5,6,7,8,9,16	66	3
3466	03:44.206	16	1,2,3,4,5	5	2
3467	03:44.243	16	1,2,3,4,5	58	2
3468	03:44.245	1	16	5	0
3469	03:44.285	1	16	65	0
3470	03:44.288	16	1,2,3,4,5	5	2
3471	03:44.318	16	1,2,3,4,5	74	2
3472	03:44.321	2	3,4,5,6,7,8,9,16	5	3
3473	03:44.356	2	3,4,5,6,7,8,9,16	74	3
3474	03:44.359	9	2,3,4,5,6,7,8,10,11,12,13,14,15	5	1
3475	03:45.145	13	6,7,8,9,10,12,14,15	102	4
3476	03:45.149	10	3,4,5,7,8,9,11,13,14,15	5	2
3477	03:46.141	3	2,4,5,6,7,8,9,10,16	57	4
3478	03:46.143	16	1,2,3,4,5	5	2
3479	03:46.151	16	1,2,3,4,5	58	2
3480	03:46.153	1	16	5	0
3481	03:46.185	1	16	57	0
3482	03:46.187	16	1,2,3,4,5	5	2
3483	03:46.226	16	1,2,3,4,5	66	2
3484	03:46.229	3	2,4,5,6,7,8,9,10,16	5	4
3485	03:46.295	12	6,7,8,9,13,14,15	57	3
3486	03:46.297	6	2,3,7,8,9,12,13	5	2
3487	03:46.303	6	2,3,7,8,9,12,13	66	2
3488	03:46.306	3	2,4,5,6,7,8,9,10,16	5	4
3489	03:46.346	3	2,4,5,6,7,8,9,10,16	66	4
3490	03:46.349	16	1,2,3,4,5	5	2
3491	03:46.377	16	1,2,3,4,5	58	2
3492	03:46.379	1	16	5	0
3493	03:46.383	1	16	73	0
3494	03:46.386	16	1,2,3,4,5	5	2
3495	03:46.402	16	1,2,3,4,5	82	2
3496	03:46.405	3	2,4,5,6,7,8,9,10,16	5	4
3497	03:46.409	2	3,4,5,6,7,8,9,16	97	3
3498	03:46.443	3	2,4,5,6,7,8,9,10,16	82	4
3499	03:46.446	6	2,3,7,8,9,12,13	5	2
3500	03:46.469	6	2,3,7,8,9,12,13	82	2
3501	03:46.472	12	6,7,8,9,13,14,15	5	3
3502	03:46.722	13	6,7,8,9,10,12,14,15	57	4
3503	03:46.724	6	2,3,7,8,9,12,13	5	2
3504	03:46.744	6	2,3,7,8,9,12,13	66	2
3505	03:46.747	3	2,4,5,6,7,8,9,10,16	5	4
3506	03:46.776	3	2,4,5,6,7,8,9,10,16	66	4
3507	03:46.779	16	1,2,3,4,5	5	2
3508	03:46.809	16	1,2,3,4,5	58	2
3509	03:46.811	1	16	5	0
3510	03:46.847	1	16	73	0
3511	03:46.850	16	1,2,3,4,5	5	2
3512	03:46.890	16	1,2,3,4,5	82	2
3513	03:46.893	3	2,4,5,6,7,8,9,10,16	5	4
3514	03:46.916	3	2,4,5,6,7,8,9,10,16	82	4
3515	03:46.919	6	2,3,7,8,9,12,13	5	2
3516	03:46.961	6	2,3,7,8,9,12,13	82	2
3517	03:46.964	13	6,7,8,9,10,12,14,15	5	4
3518	03:47.662	4	2,3,5,7,8,9,10,11,16	57	4
3519	03:47.664	16	1,2,3,4,5	5	2
3520	03:47.696	16	1,2,3,4,5	58	2
3521	03:47.698	1	16	5	0
3522	03:47.726	1	16	57	0
3523	03:47.728	16	1,2,3,4,5	5	2
3524	03:47.734	16	1,2,3,4,5	66	2
3525	03:47.737	4	2,3,5,7,8,9,10,11,16	5	4
3526	03:48.055	5	2,3,4,8,9,10,11,16	57	3
3527	03:48.057	16	1,2,3,4,5	5	2
3528	03:48.094	16	1,2,3,4,5	58	2
3529	03:48.096	1	16	5	0
3530	03:48.113	1	16	57	0
3531	03:48.115	16	1,2,3,4,5	5	2
3532	03:48.136	16	1,2,3,4,5	66	2
3533	03:48.139	5	2,3,4,8,9,10,11,16	5	3
3534	03:48.162	7	2,3,4,6,8,9,10,12,13,14	57	2
3535	03:48.164	4	2,3,5,7,8,9,10,11,16	5	4
3536	03:48.177	4	2,3,5,7,8,9,10,11,16	66	4
3537	03:48.180	16	1,2,3,4,5	5	2
3538	03:48.185	16	1,2,3,4,5	58	2
3539	03:48.187	1	16	5	0
3540	03:48.197	1	16	65	0
3541	03:48.200	16	1,2,3,4,5	5	2
3542	03:48.208	16	1,2,3,4,5	74	2
3543	03:48.211	4	2,3,5,7,8,9,10,11,16	5	4
3544	03:48.225	4	2,3,5,7,8,9,10,11,16	74	4
3545	03:48.228	7	2,3,4,6,8,9,10,12,13,14	5	2
3546	03:48.240	11	4,5,8,9,10,14,15	57	2
3547	03:48.242	4	2,3,5,7,8,9,10,11,16	5	4
3548	03:48.282	4	2,3,5,7,8,9,10,11,16	66	4
3549	03:48.285	16	1,2,3,4,5	5	2
3550	03:48.304	16	1,2,3,4,5	58	2
3551	03:48.306	1	16	5	0
3552	03:48.326	1	16	65	0
3553	03:48.329	16	1,2,3,4,5	5	2
3554	03:48.351	16	1,2,3,4,5	74	2
3555	03:48.354	4	2,3,5,7,8,9,10,11,16	5	4
3556	03:48.358	4	2,3,5,7,8,9,10,11,16	74	4
3557	03:48.361	11	4,5,8,9,10,14,15	5	2
3558	03:48.408	8	2,3,4,5,6,7,9,10,11,12,13,14,15	57	1
3559	03:48.410	3	2,4,5,6,7,8,9,10,16	5	4
3560	03:48.440	3	2,4,5,6,7,8,9,10,16	66	4
3561	03:48.443	16	1,2,3,4,5	5	2
3562	03:48.454	16	1,2,3,4,5	58	2
3563	03:48.456	1	16	5	0
3564	03:48.469	1	16	65	0
3565	03:48.472	16	1,2,3,4,5	5	2
3566	03:48.478	16	1,2,3,4,5	74	2
3567	03:48.481	3	2,4,5,6,7,8,9,10,16	5	4
3568	03:48.523	3	2,4,5,6,7,8,9,10,16	74	4
3569	03:48.526	8	2,3,4,5,6,7,9,10,11,12,13,14,15	5	1
3570	03:49.654	6	2,3,7,8,9,12,13	57	2
3571	03:49.656	3	2,4,5,6,7,8,9,10,16	5	4
3572	03:49.662	3	2,4,5,6,7,8,9,10,16	66	4
3573	03:49.665	16	1,2,3,4,5	5	2
3574	03:49.671	16	1,2,3,4,5	58	2
3575	03:49.673	1	16	5	0
3576	03:49.699	1	16	65	0
3577	03:49.702	16	1,2,3,4,5	5	2
3578	03:49.720	16	1,2,3,4,5	74	2
3579	03:49.723	3	2,4,5,6,7,8,9,10,16	5	4
3580	03:49.741	3	2,4,5,6,7,8,9,10,16	74	4
3581	03:49.744	6	2,3,7,8,9,12,13	5	2
3582	03:50.707	2	3,4,5,6,7,8,9,16	57	3
3583	03:50.709	16	1,2,3,4,5	5	2
3584	03:50.720	16	1,2,3,4,5	58	2
3585	03:50.722	1	16	5	0
3586	03:50.730	1	16	57	0
3587	03:50.732	16	1,2,3,4,5	5	2
3588	03:50.773	16	1,2,3,4,5	66	2
3589	03:50.776	2	3,4,5,6,7,8,9,16	5	3
3590	03:51.902	14	7,8,9,10,11,12,13,15	57	4
3591	03:51.904	8	2,3,4,5,6,7,9,10,11,12,13,14,15	5	1
3592	03:51.919	8	2,3,4,5,6,7,9,10,11,12,13,14,15	66	1
3593	03:51.922	3	2,4,5,6,7,8,9,10,16	5	4
3594	03:51.957	3	2,4,5,6,7,8,9,10,16	66	4
3595	03:51.960	16	1,2,3,4,5	5	2
3596	03:51.977	16	1,2,3,4,5	58	2
3597	03:51.979	1	16	5	0
3598	03:52.016	1	16	73	0
3599	03:52.019	16	1,2,3,4,5	5	2
3600	03:52.062	16	1,2,3,4,5	82	2
3601	03:52.065	3	2,4,5,6,7,8,9,10,16	5	4
3602	03:52.076	3	2,4,5,6,7,8,9,10,16	82	4
3603	03:52.079	8	2,3,4,5,6,7,9,10,11,12,13,14,15	5	1
3604	03:52.088	8	2,3,4,5,6,7,9,10,11,12,13,14,15	82	1
3605	03:52.091	14	7,8,9,10,11,12,13,15	5	4
3606	03:53.358	10	3,4,5,7,8,9,11,13,14,15	57	2
3607	03:53.360	3	2,4,5,6,7,8,9,10,16	5	4
3608	03:53.383	3	2,4,5,6,7,8,9,10,16	66	4
3609	03:53.386	16	1,2,3,4,5	5	2
3610	03:53.400	16	1,2,3,4,5	58	2
3611	03:53.402	1	16	5	0
3612	03:53.433	1	16	65	0
3613	03:53.436	16	1,2,3,4,5	5	2
3614	03:53.449	16	1,2,3,4,5	74	2
3615	03:53.452	3	2,4,5,6,7,8,9,10,16	5	4
3616	03:53.474	3	2,4,5,6,7,8,9,10,16	74	4
3617	03:53.477	10	3,4,5,7,8,9,11,13,14,15	5	2
3618	03:54.048	15	8,9,10,11,12,13,14	57	3
3619	03:54.050	8	2,3,4,5,6,7,9,10,11,12,13,14,15	5	1
3620	03:54.081	8	2,3,4,5,6,7,9,10,11,12,13,14,15	66	1
3621	03:54.084	3	2,4,5,6,7,8,9,10,16	5	4
3622	03:54.125	3	2,4,5,6,7,8,9,10,16	66	4
3623	03:54.128	16	1,2,3,4,5	5	2
3624	03:54.150	16	1,2,3,4,5	58	2
3625	03:54.152	1	16	5	0
3626	03:54.193	1	16	73	0
3627	03:54.196	16	1,2,3,4,5	5	2
3628	03:54.214	16	1,2,3,4,5	82	2
3629	03:54.217	3	2,4,5,6,7,8,9,10,16	5	4
3630	03:54.227	3	2,4,5,6,7,8,9,10,16	82	4
3631	03:54.230	8	2,3,4,5,6,7,9,10,11,12,13,14,15	5	1
3632	03:54.271	8	2,3,4,5,6,7,9,10,11,12,13,14,15	82	1
3633	03:54.274	15	8,9,10,11,12,13,14	5	3
3634	03:55.110	9	2,3,4,5,6,7,8,10,11,12,13,14,15	57	1
3635	03:55.112	2	3,4,5,6,7,8,9,16	5	3
3636	03:55.123	2	3,4,5,6,7,8,9,16	66	3
3637	03:55.126	16	1,2,3,4,5	5	2
3638	03:55.158	16	1,2,3,4,5	58	2
3639	03:55.160	1	16	5	0
3640	03:55.200	1	16	65	0
3641	03:55.203	16	1,2,3,4,5	5	2
3642	03:55.229	16	1,2,3,4,5	74	2
3643	03:55.232	2	3,4,5,6,7,8,9,16	5	3
3644	03:55.256	2	3,4,5,6,7,8,9,16	74	3
3645	03:55.259	9	2,3,4,5,6,7,8,10,11,12,13,14,15	5	1
3646	03:55.570	11	4,5,8,9,10,14,15	102	2
3647	03:55.574	5	2,3,4,8,9,10,11,16	5	3
3648	03:55.592	3	2,4,5,6,7,8,9,10,16	57	4
3649	03:55.594	16	1,2,3,4,5	5	2
3650	03:55.606	16	1,2,3,4,5	58	2
3651	03:55.608	1	16	5	0
3652	03:55.627	1	16	57	0
3653	03:55.629	16	1,2,3,4,5	5	2
3654	03:55.658	16	1,2,3,4,5	66	2
3655	03:55.661	3	2,4,5,6,7,8,9,10,16	5	4
3656	03:56.631	12	6,7,8,9,13,14,15	57	3
3657	03:56.633	6	2,3,7,8,9,12,13	5	2
3658	03:56.674	6	2,3,7,8,9,12,13	66	2
3659	03:56.677	3	2,4,5,6,7,8,9,10,16	5	4
3660	03:56.704	3	2,4,5,6,7,8,9,10,16	66	4
3661	03:56.707	16	1,2,3,4,5	5	2
3662	03:56.733	16	1,2,3,4,5	58	2
3663	03:56.735	1	16	5	0
3664	03:56.753	1	16	73	0
3665	03:56.756	16	1,2,3,4,5	5	2
3666	03:56.787	16	1,2,3,4,5	82	2
3667	03:56.790	3	2,4,5,6,7,8,9,10,16	5	4
3668	03:56.806	3	2,4,5,6,7,8,9,10,16	82	4
3669	03:56.809	6	2,3,7,8,9,12,13	5	2
3670	03:56.833	6	2,3,7,8,9,12,13	82	2
3671	03:56.836	12	6,7,8,9,13,14,15	5	3
3672	03:56.997	13	6,7,8,9,10,12,14,15	57	4
3673	03:56.999	6	2,3,7,8,9,12,13	5	2
3674	03:57.009	6	2,3,7,8,9,12,13	66	2
3675	03:57.012	3	2,4,5,6,7,8,9,10,16	5	4
3676	03:57.053	3	2,4,5,6,7,8,9,10,16	66	4
3677	03:57.056	16	1,2,3,4,5	5	2
3678	03:57.066	16	1,2,3,4,5	58	2
3679	03:57.068	1	16	5	0
3680	03:57.079	5	2,3,4,8,9,10,11,16	57	3
3681	03:57.081	16	1,2,3,4,5	5	2
3682	03:57.110	1	16	73	0
3683	03:57.113	16	1,2,3,4,5	5	2
3684	03:57.129	16	1,2,3,4,5	82	2
3685	03:57.132	3	2,4,5,6,7,8,9,10,16	5	4
3686	03:57.135	3	2,4,5,6,7,8,9,10,16	82	4
3687	03:57.139	6	2,3,7,8,9,12,13	5	2
3688	03:57.172	6	2,3,7,8,9,12,13	82	2
3689	03:57.175	13	6,7,8,9,10,12,14,15	5	4
3690	03:57.200	16	1,2,3,4,5	58	2
3691	03:57.202	1	16	5	0
3692	03:57.229	1	16	57	0
3693	03:57.231	16	1,2,3,4,5	5	2
3694	03:57.267	16	1,2,3,4,5	66	2
3695	03:57.270	5	2,3,4,8,9,10,11,16	5	3
3696	03:57.640	4	2,3,5,7,8,9,10,11,16	57	4
3697	03:57.642	16	1,2,3,4,5	5	2
3698	03:57.676	16	1,2,3,4,5	58	2
3699	03:57.678	1	16	5	0
3700	03:57.696	1	16	57	0
3701	03:57.698	16	1,2,3,4,5	5	2
3702	03:57.714	16	1,2,3,4,5	66	2
3703	03:57.717	4	2,3,5,7,8,9,10,11,16	5	4
3704	03:58.011	7	2,3,4,6,8,9,10,12,13,14	57	2
3705	03:58.013	4	2,3,5,7,8,9,10,11,16	5	4
3706	03:58.024	11	4,5,8,9,10,14,15	57	2
3707	03:58.026	4	2,3,5,7,8,9,10,11,16	5	4
3708	03:58.055	4	2,3,5,7,8,9,10,11,16	66	4
3709	03:58.058	16	1,2,3,4,5	5	2
3710	03:58.079	4	2,3,5,7,8,9,10,11,16	66	4
3711	03:58.082	16	1,2,3,4,5	5	2
3712	03:58.087	16	1,2,3,4,5	58	2
3713	03:58.089	1	16	5	0
3714	03:58.107	16	1,2,3,4,5	58	2
3715	03:58.109	1	16	5	0
3716	03:58.121	1	16	65	0
3717	03:58.124	16	1,2,3,4,5	5	2
3718	03:58.145	1	16	65	0
3719	03:58.148	16	1,2,3,4,5	5	2
3720	03:58.164	16	1,2,3,4,5	74	2
3721	03:58.167	4	2,3,5,7,8,9,10,11,16	5	4
3722	03:58.197	4	2,3,5,7,8,9,10,11,16	74	4
3723	03:58.200	7	2,3,4,6,8,9,10,12,13,14	5	2
3724	03:58.207	16	1,2,3,4,5	74	2
3725	03:58.210	4	2,3,5,7,8,9,10,11,16	5	4
3726	03:58.242	4	2,3,5,7,8,9,10,11,16	74	4
3727	03:58.245	11	4,5,8,9,10,14,15	5	2
3728	03:59.255	8	2,3,4,5,6,7,9,10,11,12,13,14,15	57	1
3729	03:59.257	3	2,4,5,6,7,8,9,10,16	5	4
3730	03:59.290	3	2,4,5,6,7,8,9,10,16	66	4
3731	03:59.293	16	1,2,3,4,5	5	2
3732	03:59.318	6	7,8,9,12,13	57	4
3733	03:59.319	16	1,5	58	5
3734	03:59.321	1	16	5	0
3735	03:59.327	1	16	65	0
3736	03:59.330	16	1,2,3,4,5	5	2
3737	03:59.339	6	2,3,7,8,9,12,13	57	2
3738	03:59.341	3	2,4,5,6,7,8,9,10,16	5	4
3739	03:59.344	3	2,4,5,6,7,8,9,10,16	66	4
3740	03:59.347	16	1,2,3,4,5	5	2
3741	03:59.358	16	1,2,3,4,5	58	2
3742	03:59.360	1	16	5	0
3743	03:59.363	1	16	65	0
3744	03:59.366	16	1,2,3,4,5	5	2
3745	03:59.434	16	1,2,3,4,5	74	2
3746	03:59.437	3	2,4,5,6,7,8,9,10,16	5	4
3747	03:59.450	16	1,2,3,4,5	74	2
3748	03:59.453	3	2,4,5,6,7,8,9,10,16	5	4
3749	03:59.470	3	2,4,5,6,7,8,9,10,16	74	4
3750	03:59.473	8	2,3,4,5,6,7,9,10,11,12,13,14,15	5	1
3751	03:59.491	3	2,4,5,6,7,8,9,10,16	74	4
3752	03:59.494	6	2,3,7,8,9,12,13	5	2
3753	04:00.872	8	2,3,4,5,6,7,9,10,11,12,13,14,15	102	1
3754	04:00.876	5	2,3,4,8,9,10,11,16	5	3
3755	04:01.167	2	3,4,5,6,7,8,9,16	57	3
3756	04:01.169	16	1,2,3,4,5	5	2
3757	04:01.494	14	7,8,9,10,11,12,13,15	57	4
3758	04:01.496	8	2,3,4,5,6,7,9,10,11,12,13,14,15	5	1
3759	04:01.532	8	2,3,4,5,6,7,9,10,11,12,13,14,15	66	1
3760	04:01.535	3	2,4,5,6,7,8,9,10,16	5	4
3761	04:01.545	3	2,4,5,6,7,8,9,10,16	66	4
3762	04:01.548	16	1,2,3,4,5	5	2
3763	04:02.019	5	2,3,4,8,9,10,11,16	97	3
3764	04:02.613	10	3,4,5,7,8,9,11,13,14,15	57	2
3765	04:02.615	3	2,4,5,6,7,8,9,10,16	5	4
3766	04:02.629	3	2,4,5,6,7,8,9,10,16	66	4
3767	04:02.632	16	1,2,3,4,5	5	2
3768	04:03.577	15	8,9,10,11,12,13,14	57	3
3769	04:03.579	8	2,3,4,5,6,7,9,10,11,12,13,14,15	5	1
3770	04:03.600	8	2,3,4,5,6,7,9,10,11,12,13,14,15	66	1
3771	04:03.603	3	2,4,5,6,7,8,9,10,16	5	4
3772	04:03.607	3	2,4,5,6,7,8,9,10,16	66	4
3773	04:03.610	16	1,2,3,4,5	5	2
3774	04:04.641	3	2,4,5,6,7,8,9,10,16	57	4
3775	04:04.643	16	1,2,3,4,5	5	2
3776	04:05.405	9	2,3,4,5,6,7,8,10,11,12,13,14,15	57	1
3777	04:05.407	2	3,4,5,6,7,8,9,16	5	3
3778	04:05.415	2	3,4,5,6,7,8,9,16	66	3
3779	04:05.418	16	1,2,3,4,5	5	2
3780	04:05.625	5	2,3,4,8,9,10,11,16	102	3
3781	04:05.629	3	2,4,5,6,7,8,9,10,16	5	4
3782	04:06.740	12	6,7,8,9,13,14,15	57	3
3783	04:06.742	6	2,3,7,8,9,12,13	5	2
3784	04:06.781	6	2,3,7,8,9,12,13	66	2
3785	04:06.784	3	2,4,5,6,7,8,9,10,16	5	4
3786	04:06.820	3	2,4,5,6,7,8,9,10,16	66	4
3787	04:06.823	16	1,2,3,4,5	5	2
3788	04:07.295	4	2,3,5,7,8,9,10,11,16	57	4
3789	04:07.297	16	1,2,3,4,5	5	2
3790	04:07.328	7	2,3,4,6,8,9,10,12,13,14	57	2
3791	04:07.330	4	2,3,5,7,8,9,10,11,16	5	4
3792	04:07.334	4	2,3,5,7,8,9,10,11,16	66	4
3793	04:07.337	16	1,2,3,4,5	5	2
3794	04:07.393	13	6,7,8,9,10,12,14,15	57	4
3795	04:07.395	6	2,3,7,8,9,12,13	5	2
3796	04:07.413	6	2,3,7,8,9,12,13	66	2
3797	04:07.416	3	2,4,5,6,7,8,9,10,16	5	4
3798	04:07.432	3	2,4,5,6,7,8,9,10,16	66	4
3799	04:07.435	16	1,2,3,4,5	5	2
3800	04:07.630	5	2,3,4,8,9,10,11,16	57	3
3801	04:07.632	16	1,2,3,4,5	5	2
3802	04:08.718	8	2,3,4,5,6,7,9,10,11,12,13,14,15	57	1
3803	04:08.720	3	2,4,5,6,7,8,9,10,16	5	4
3804	04:08.737	3	2,4,5,6,7,8,9,10,16	66	4
3805	04:08.740	16	1,2,3,4,5	5	2
3806	04:08.929	11	4,5,8,9,10,14,15	57	2
3807	04:08.931	4	2,3,5,7,8,9,10,11,16	5	4
3808	04:08.968	4	2,3,5,7,8,9,10,11,16	66	4
3809	04:08.971	16	1,2,3,4,5	5	2
3810	04:09.497	6	2,3,7,8,9,12,13	57	2
3811	04:09.499	3	2,4,5,6,7,8,9,10,16	5	4
3812	04:09.534	3	2,4,5,6,7,8,9,10,16	66	4
3813	04:09.537	16	1,2,3,4,5	5	2
3814	04:09.717	1	16	97	0
3815	04:11.547	2	3,4,5,6,7,8,9,16	57	3
3816	04:11.549	16	1,2,3,4,5	5	2
3817	04:12.420	14	7,8,9,10,11,12,13,15	57	4
3818	04:12.422	8	2,3,4,5,6,7,9,10,11,12,13,14,15	5	1
3819	04:12.465	8	2,3,4,5,6,7,9,10,11,12,13,14,15	66	1
3820	04:12.468	3	2,4,5,6,7,8,9,10,16	5	4
3821	04:12.498	3	2,4,5,6,7,8,9,10,16	66	4
3822	04:12.501	16	1,2,3,4,5	5	2
3823	04:12.796	15	8,9,10,11,12,13,14	57	3
3824	04:12.798	8	2,3,4,5,6,7,9,10,11,12,13,14,15	5	1
3825	04:12.826	8	2,3,4,5,6,7,9,10,11,12,13,14,15	66	1
3826	04:12.829	3	2,4,5,6,7,8,9,10,16	5	4
3827	04:12.857	3	2,4,5,6,7,8,9,10,16	66	4
3828	04:12.860	16	1,2,3,4,5	5	2
3829	04:13.326	14	7,8,9,10,11,12,13,15	102	4
3830	04:13.330	15	8,9,10,11,12,13,14	5	3
3831	04:13.551	10	3,4,5,7,8,9,11,13,14,15	57	2
3832	04:13.553	3	2,4,5,6,7,8,9,10,16	5	4
3833	04:13.590	3	2,4,5,6,7,8,9,10,16	66	4
3834	04:13.593	16	1,2,3,4,5	5	2
3835	04:13.601	12	6,7,8,9,13,14,15	102	3
3836	04:13.605	13	6,7,8,9,10,12,14,15	5	4
3837	04:14.700	3	2,4,5,6,7,8,9,10,16	57	4
3838	04:14.702	16	1,2,3,4,5	5	2
3839	04:14.789	6	2,3,7,8,9,12,13	97	2
3840	04:15.853	9	2,3,4,5,6,7,8,10,11,12,13,14,15	57	1
3841	04:15.855	2	3,4,5,6,7,8,9,16	5	3
3842	04:15.888	2	3,4,5,6,7,8,9,16	66	3
3843	04:15.891	16	1,2,3,4,5	5	2
3844	04:16.282	12	6,7,8,9,13,14,15	57	3
3845	04:16.284	6	2,3,7,8,9,12,13	5	2
3846	04:16.301	6	2,3,7,8,9,12,13	66	2
3847	04:16.304	3	2,4,5,6,7,8,9,10,16	5	4
3848	04:16.341	3	2,4,5,6,7,8,9,10,16	66	4
3849	04:16.344	16	1,2,3,4,5	5	2
3850	04:16.436	14	7,8,9,10,11,12,13,15	97	4
3851	04:16.981	4	2,3,5,7,8,9,10,11,16	57	4
3852	04:16.983	16	1,2,3,4,5	5	2
3853	04:17.264	13	6,7,8,9,10,12,14,15	57	4
3854	04:17.266	6	2,3,7,8,9,12,13	5	2
3855	04:17.306	6	2,3,7,8,9,12,13	66	2
3856	04:17.309	3	2,4,5,6,7,8,9,10,16	5	4
3857	04:17.343	3	2,4,5,6,7,8,9,10,16	66	4
3858	04:17.346	16	1,2,3,4,5	5	2
3859	04:18.192	8	2,3,4,5,6,7,9,10,11,12,13,14,15	57	1
3860	04:18.194	3	2,4,5,6,7,8,9,10,16	5	4
3861	04:18.209	3	2,4,5,6,7,8,9,10,16	66	4
3862	04:18.212	16	1,2,3,4,5	5	2
3863	04:18.224	5	2,3,4,8,9,10,11,16	57	3
3864	04:18.226	16	1,2,3,4,5	5	2
3865	04:18.323	7	2,3,4,6,8,9,10,12,13,14	57	2
3866	04:18.325	4	2,3,5,7,8,9,10,11,16	5	4
3867	04:18.344	4	2,3,5,7,8,9,10,11,16	66	4
3868	04:18.347	16	1,2,3,4,5	5	2
3869	04:19.389	6	2,3,7,8,9,12,13	57	2
3870	04:19.391	3	2,4,5,6,7,8,9,10,16	5	4
3871	04:19.406	3	2,4,5,6,7,8,9,10,16	66	4
3872	04:19.409	16	1,2,3,4,5	5	2
3873	04:19.644	11	4,5,8,9,10,14,15	57	2
3874	04:19.646	4	2,3,5,7,8,9,10,11,16	5	4
3875	04:19.657	4	2,3,5,7,8,9,10,11,16	66	4
3876	04:19.660	16	1,2,3,4,5	5	2
3877	04:20.570	2	3,4,5,6,7,8,9,16	57	3
3878	04:20.572	16	1,2,3,4,5	5	2
3879	04:21.658	14	7,8,9,10,11,12,13,15	57	4
3880	04:21.660	8	2,3,4,5,6,7,9,10,11,12,13,14,15	5	1
3881	04:21.679	8	2,3,4,5,6,7,9,10,11,12,13,14,15	66	1
3882	04:21.682	3	2,4,5,6,7,8,9,10,16	5	4
3883	04:21.692	3	2,4,5,6,7,8,9,10,16	66	4
3884	04:21.695	16	1,2,3,4,5	5	2
3885	04:23.261	10	3,4,5,7,8,9,11,13,14,15	57	2
3886	04:23.263	3	2,4,5,6,7,8,9,10,16	5	4
3887	04:23.269	3	2,4,5,6,7,8,9,10,16	66	4
3888	04:23.272	16	1,2,3,4,5	5	2
3889	04:23.555	15	8,9,10,11,12,13,14	57	3
3890	04:23.557	8	2,3,4,5,6,7,9,10,11,12,13,14,15	5	1
3891	04:23.562	8	2,3,4,5,6,7,9,10,11,12,13,14,15	66	1
3892	04:23.565	3	2,4,5,6,7,8,9,10,16	5	4
3893	04:23.593	3	2,4,5,6,7,8,9,10,16	66	4
3894	04:23.596	16	1,2,3,4,5	5	2
3895	04:23.629	9	2,3,4,5,6,7,8,10,11,12,13,14,15	102	1
3896	04:23.633	6	2,3,7,8,9,12,13	5	2
3897	04:24.151	11	4,5,8,9,10,14,15	97	2
3898	04:24.555	3	2,4,5,6,7,8,9,10,16	57	4
3899	04:24.557	16	1,2,3,4,5	5	2
3900	04:24.918	7	2,3,4,6,8,9,10,12,13,14	97	2
3901	04:25.423	9	2,3,4,5,6,7,8,10,11,12,13,14,15	57	1
3902	04:25.425	2	3,4,5,6,7,8,9,16	5	3
3903	04:25.439	2	3,4,5,6,7,8,9,16	66	3
3904	04:25.442	16	1,2,3,4,5	5	2
3905	04:26.299	4	2,3,5,7,8,9,10,11,16	57	4
3906	04:26.301	16	1,2,3,4,5	5	2
3907	04:26.608	13	6,7,8,9,10,12,14,15	97	4
3908	04:27.253	12	6,7,8,9,13,14,15	57	3
3909	04:27.255	6	2,3,7,8,9,12,13	5	2
3910	04:27.267	6	2,3,7,8,9,12,13	66	2
3911	04:27.270	3	2,4,5,6,7,8,9,10,16	5	4
3912	04:27.283	3	2,4,5,6,7,8,9,10,16	66	4
3913	04:27.286	16	1,2,3,4,5	5	2
3914	04:27.332	13	6,7,8,9,10,12,14,15	57	4
3915	04:27.334	6	2,3,7,8,9,12,13	5	2
3916	04:27.366	6	2,3,7,8,9,12,13	66	2
3917	04:27.369	3	2,4,5,6,7,8,9,10,16	5	4
3918	04:27.372	3	2,4,5,6,7,8,9,10,16	66	4
3919	04:27.375	16	1,2,3,4,5	5	2
3920	04:28.007	7	2,3,4,6,8,9,10,12,13,14	57	2
3921	04:28.009	4	2,3,5,7,8,9,10,11,16	5	4
3922	04:28.052	4	2,3,5,7,8,9,10,11,16	66	4
3923	04:28.055	16	1,2,3,4,5	5	2
3924	04:28.284	5	2,3,4,8,9,10,11,16	57	3
3925	04:28.286	16	1,2,3,4,5	5	2
3926	04:28.453	8	2,3,4,5,6,7,9,10,11,12,13,14,15	57	1
3927	04:28.455	3	2,4,5,6,7,8,9,10,16	5	4
3928	04:28.497	3	2,4,5,6,7,8,9,10,16	66	4
3929	04:28.500	16	1,2,3,4,5	5	2
3930	04:29.849	9	2,3,4,5,6,7,8,10,11,12,13,14,15	97	1
3931	04:30.200	2	3,4,5,6,7,8,9,16	57	3
3932	04:30.202	16	1,2,3,4,5	5	2
3933	04:30.220	6	2,3,7,8,9,12,13	57	2
3934	04:30.222	3	2,4,5,6,7,8,9,10,16	5	4
3935	04:30.259	3	2,4,5,6,7,8,9,10,16	66	4
3936	04:30.262	16	1,2,3,4,5	5	2
3937	04:30.610	11	4,5,8,9,10,14,15	57	2
3938	04:30.612	4	2,3,5,7,8,9,10,11,16	5	4
3939	04:30.644	4	2,3,5,7,8,9,10,11,16	66	4
3940	04:30.647	16	1,2,3,4,5	5	2
3941	04:31.542	14	7,8,9,10,11,12,13,15	57	4
3942	04:31.544	8	2,3,4,5,6,7,9,10,11,12,13,14,15	5	1
3943	04:31.548	8	2,3,4,5,6,7,9,10,11,12,13,14,15	66	1
3944	04:31.551	3	2,4,5,6,7,8,9,10,16	5	4
3945	04:31.562	3	2,4,5,6,7,8,9,10,16	66	4
3946	04:31.565	16	1,2,3,4,5	5	2
3947	04:33.631	10	3,4,5,7,8,9,11,13,14,15	57	2
3948	04:33.633	3	2,4,5,6,7,8,9,10,16	5	4
3949	04:33.662	3	2,4,5,6,7,8,9,10,16	66	4
3950	04:33.665	16	1,2,3,4,5	5	2
3951	04:34.442	15	8,9,10,11,12,13,14	57	3
3952	04:34.444	8	2,3,4,5,6,7,9,10,11,12,13,14,15	5	1
3953	04:34.464	3	2,4,5,6,7,8,9,10,16	57	4
3954	04:34.466	16	1,2,3,4,5	5	2
3955	04:34.483	8	2,3,4,5,6,7,9,10,11,12,13,14,15	66	1
3956	04:34.486	3	2,4,5,6,7,8,9,10,16	5	4
3957	04:34.505	3	2,4,5,6,7,8,9,10,16	66	4
3958	04:34.508	16	1,2,3,4,5	5	2
3959	04:35.717	4	2,3,5,7,8,9,10,11,16	57	4
3960	04:35.719	16	1,2,3,4,5	5	2
3961	04:35.921	9	2,3,4,5,6,7,8,10,11,12,13,14,15	57	1
3962	04:35.923	2	3,4,5,6,7,8,9,16	5	3
3963	04:35.943	2	3,4,5,6,7,8,9,16	66	3
3964	04:35.946	16	1,2,3,4,5	5	2
3965	04:36.303	8	2,3,4,5,6,7,9,10,11,12,13,14,15	97	1
3966	04:37.068	13	6,7,8,9,10,12,14,15	57	4
3967	04:37.070	6	2,3,7,8,9,12,13	5	2
3968	04:37.091	6	2,3,7,8,9,12,13	66	2
3969	04:37.094	3	2,4,5,6,7,8,9,10,16	5	4
3970	04:37.119	3	2,4,5,6,7,8,9,10,16	66	4
3971	04:37.122	16	1,2,3,4,5	5	2
3972	04:37.348	7	2,3,4,6,8,9,10,12,13,14	57	2
3973	04:37.350	4	2,3,5,7,8,9,10,11,16	5	4
3974	04:37.360	4	2,3,5,7,8,9,10,11,16	66	4
3975	04:37.363	16	1,2,3,4,5	5	2
3976	04:37.603	4	2,3,5,7,8,9,10,11,16	102	4
3977	04:37.607	5	2,3,4,8,9,10,11,16	5	3
3978	04:38.042	12	6,7,8,9,13,14,15	57	3
3979	04:38.044	6	2,3,7,8,9,12,13	5	2
3980	04:38.065	6	2,3,7,8,9,12,13	66	2
3981	04:38.068	3	2,4,5,6,7,8,9,10,16	5	4
3982	04:38.076	3	2,4,5,6,7,8,9,10,16	66	4
3983	04:38.079	16	1,2,3,4,5	5	2
3984	04:38.675	8	2,3,4,5,6,7,9,10,11,12,13,14,15	57	1
3985	04:38.677	3	2,4,5,6,7,8,9,10,16	5	4
3986	04:38.712	3	2,4,5,6,7,8,9,10,16	66	4
3987	04:38.715	16	1,2,3,4,5	5	2
3988	04:38.721	2	3,4,5,6,7,8,9,16	102	3
3989	04:38.725	7	2,3,4,6,8,9,10,12,13,14	5	2
3990	04:39.126	5	2,3,4,8,9,10,11,16	57	3
3991	04:39.128	16	1,2,3,4,5	5	2
3992	04:39.472	10	3,4,5,7,8,9,11,13,14,15	97	2
3993	04:39.598	6	2,3,7,8,9,12,13	57	2
3994	04:39.600	3	2,4,5,6,7,8,9,10,16	5	4
3995	04:39.612	3	2,4,5,6,7,8,9,10,16	66	4
3996	04:39.615	16	1,2,3,4,5	5	2
3997	04:40.420	11	4,5,8,9,10,14,15	57	2
3998	04:40.422	4	2,3,5,7,8,9,10,11,16	5	4
3999	04:40.436	4	2,3,5,7,8,9,10,11,16	66	4
4000	04:40.439	16	1,2,3,4,5	5	2
4001	04:40.604	2	3,4,5,6,7,8,9,16	57	3
4002	04:40.606	16	1,2,3,4,5	5	2
4003	04:41.687	4	2,3,5,7,8,9,10,11,16	97	4
4004	04:42.028	14	7,8,9,10,11,12,13,15	57	4
4005	04:42.030	8	2,3,4,5,6,7,9,10,11,12,13,14,15	5	1
4006	04:42.041	8	2,3,4,5,6,7,9,10,11,12,13,14,15	66	1
4007	04:42.044	3	2,4,5,6,7,8,9,10,16	5	4
4008	04:42.082	3	2,4,5,6,7,8,9,10,16	66	4
4009	04:42.085	16	1,2,3,4,5	5	2
4010	04:44.231	15	8,9,10,11,12,13,14	57	3
4011	04:44.233	8	2,3,4,5,6,7,9,10,11,12,13,14,15	5	1
4012	04:44.251	8	2,3,4,5,6,7,9,10,11,12,13,14,15	66	1
4013	04:44.254	3	2,4,5,6,7,8,9,10,16	5	4
4014	04:44.282	3	2,4,5,6,7,8,9,10,16	66	4
4015	04:44.285	16	1,2,3,4,5	5	2
4016	04:44.339	10	3,4,5,7,8,9,11,13,14,15	57	2
4017	04:44.341	3	2,4,5,6,7,8,9,10,16	5	4
4018	04:44.369	3	2,4,5,6,7,8,9,10,16	66	4
4019	04:44.372	16	1,2,3,4,5	5	2
4020	04:45.302	3	2,4,5,6,7,8,9,10,16	57	4
4021	04:45.304	16	1,2,3,4,5	5	2
4022	04:45.974	4	2,3,5,7,8,9,10,11,16	57	4
4023	04:45.976	16	1,2,3,4,5	5	2
4024	04:46.147	9	2,3,4,5,6,7,8,10,11,12,13,14,15	57	1
4025	04:46.149	2	3,4,5,6,7,8,9,16	5	3
4026	04:46.156	2	3,4,5,6,7,8,9,16	66	3
4027	04:46.159	16	1,2,3,4,5	5	2
4028	04:46.606	13	6,7,8,9,10,12,14,15	57	4
4029	04:46.608	6	2,3,7,8,9,12,13	5	2
4030	04:46.635	6	2,3,7,8,9,12,13	66	2
4031	04:46.638	3	2,4,5,6,7,8,9,10,16	5	4
4032	04:46.643	3	2,4,5,6,7,8,9,10,16	66	4
4033	04:46.646	16	1,2,3,4,5	5	2
4034	04:46.854	7	2,3,4,6,8,9,10,12,13,14	57	2
4035	04:46.856	4	2,3,5,7,8,9,10,11,16	5	4
4036	04:46.897	4	2,3,5,7,8,9,10,11,16	66	4
4037	04:46.900	16	1,2,3,4,5	5	2
4038	04:47.963	12	6,7,8,9,13,14,15	57	3
4039	04:47.965	6	2,3,7,8,9,12,13	5	2
4040	04:47.970	6	2,3,7,8,9,12,13	66	2
4041	04:47.973	3	2,4,5,6,7,8,9,10,16	5	4
4042	04:47.976	3	2,4,5,6,7,8,9,10,16	66	4
4043	04:47.979	16	1,2,3,4,5	5	2
4044	04:48.878	5	2,3,4,8,9,10,11,16	57	3
4045	04:48.880	16	1,2,3,4,5	5	2
4046	04:48.964	6	2,3,7,8,9,12,13	57	2
4047	04:48.966	3	2,4,5,6,7,8,9,10,16	5	4
4048	04:48.974	3	2,4,5,6,7,8,9,10,16	66	4
4049	04:48.977	16	1,2,3,4,5	5	2
4050	04:49.333	8	2,3,4,5,6,7,9,10,11,12,13,14,15	57	1
4051	04:49.335	3	2,4,5,6,7,8,9,10,16	5	4
4052	04:49.376	3	2,4,5,6,7,8,9,10,16	66	4
4053	04:49.379	16	1,2,3,4,5	5	2
4054	04:51.294	11	4,5,8,9,10,14,15	57	2
4055	04:51.296	4	2,3,5,7,8,9,10,11,16	5	4
4056	04:51.339	4	2,3,5,7,8,9,10,11,16	66	4
4057	04:51.342	16	1,2,3,4,5	5	2
4058	04:51.374	2	3,4,5,6,7,8,9,16	57	3
4059	04:51.376	16	1,2,3,4,5	5	2
4060	04:52.191	14	7,8,9,10,11,12,13,15	57	4
4061	04:52.193	8	2,3,4,5,6,7,9,10,11,12,13,14,15	5	1
4062	04:52.198	8	2,3,4,5,6,7,9,10,11,12,13,14,15	66	1
4063	04:52.201	3	2,4,5,6,7,8,9,10,16	5	4
4064	04:52.244	3	2,4,5,6,7,8,9,10,16	66	4
4065	04:52.247	16	1,2,3,4,5	5	2
4066	04:54.048	15	8,9,10,11,12,13,14	57	3
4067	04:54.050	8	2,3,4,5,6,7,9,10,11,12,13,14,15	5	1
4068	04:54.061	8	2,3,4,5,6,7,9,10,11,12,13,14,15	66	1
4069	04:54.064	3	2,4,5,6,7,8,9,10,16	5	4
4070	04:54.074	3	2,4,5,6,7,8,9,10,16	66	4
4071	04:54.077	16	1,2,3,4,5	5	2
4072	04:54.735	10	3,4,5,7,8,9,11,13,14,15	57	2
4073	04:54.737	3	2,4,5,6,7,8,9,10,16	5	4
4074	04:54.757	3	2,4,5,6,7,8,9,10,16	66	4
4075	04:54.760	16	1,2,3,4,5	5	2
4076	04:55.098	3	2,4,5,6,7,8,9,10,16	57	4
4077	04:55.100	16	1,2,3,4,5	5	2
4078	04:55.195	9	2,3,4,5,6,7,8,10,11,12,13,14,15	57	1
4079	04:55.197	2	3,4,5,6,7,8,9,16	5	3
4080	04:55.204	2	3,4,5,6,7,8,9,16	66	3
4081	04:55.207	16	1,2,3,4,5	5	2
4082	04:55.876	4	2,3,5,7,8,9,10,11,16	57	4
4083	04:55.878	16	1,2,3,4,5	5	2
4084	04:57.017	7	2,3,4,6,8,9,10,12,13,14	57	2
4085	04:57.019	4	2,3,5,7,8,9,10,11,16	5	4
4086	04:57.042	4	2,3,5,7,8,9,10,11,16	66	4
4087	04:57.045	16	1,2,3,4,5	5	2
4088	04:57.559	13	6,7,8,9,10,12,14,15	57	4
4089	04:57.561	6	2,3,7,8,9,12,13	5	2
4090	04:57.590	6	2,3,7,8,9,12,13	66	2
4091	04:57.593	3	2,4,5,6,7,8,9,10,16	5	4
4092	04:57.615	3	2,4,5,6,7,8,9,10,16	66	4
4093	04:57.618	16	1,2,3,4,5	5	2
4094	04:57.908	12	6,7,8,9,13,14,15	57	3
4095	04:57.910	6	2,3,7,8,9,12,13	5	2
4096	04:57.936	5	2,3,4,8,9,10,11,16	57	3
4097	04:57.938	16	1,2,3,4,5	5	2
4098	04:57.946	6	2,3,7,8,9,12,13	66	2
4099	04:57.949	3	2,4,5,6,7,8,9,10,16	5	4
4100	04:57.984	3	2,4,5,6,7,8,9,10,16	66	4
4101	04:57.987	16	1,2,3,4,5	5	2
4102	04:58.898	6	2,3,7,8,9,12,13	57	2
4103	04:58.900	3	2,4,5,6,7,8,9,10,16	5	4
4104	04:58.913	3	2,4,5,6,7,8,9,10,16	66	4
4105	04:58.916	16	1,2,3,4,5	5	2
4106	04:59.669	8	2,3,4,5,6,7,9,10,11,12,13,14,15	102	1
4107	04:59.673	5	2,3,4,8,9,10,11,16	5	3
4108	05:00.257	8	2,3,4,5,6,7,9,10,11,12,13,14,15	57	1
4109	05:00.259	3	2,4,5,6,7,8,9,10,16	5	4
4110	05:00.296	3	2,4,5,6,7,8,9,10,16	66	4
4111	05:00.299	16	1,2,3,4,5	5	2
4112	05:00.391	11	4,5,8,9,10,14,15	57	2
4113	05:00.393	4	2,3,5,7,8,9,10,11,16	5	4
4114	05:00.412	4	2,3,5,7,8,9,10,11,16	66	4
4115	05:00.415	16	1,2,3,4,5	5	2
4116	05:01.356	2	3,4,5,6,7,8,9,16	57	3
4117	05:01.358	16	1,2,3,4,5	5	2
4118	05:01.433	14	7,8,9,10,11,12,13,15	57	4
4119	05:01.435	8	2,3,4,5,6,7,9,10,11,12,13,14,15	5	1
4120	05:01.462	8	2,3,4,5,6,7,9,10,11,12,13,14,15	66	1
4121	05:01.465	3	2,4,5,6,7,8,9,10,16	5	4
4122	05:01.491	3	2,4,5,6,7,8,9,10,16	66	4
4123	05:01.494	16	1,2,3,4,5	5	2
4124	05:01.637	6	2,3,7,8,9,12,13	102	2
4125	05:01.641	2	3,4,5,6,7,8,9,16	5	3
4126	05:01.944	15	8,9,10,11,12,13,14	102	3
4127	05:01.948	9	2,3,4,5,6,7,8,10,11,12,13,14,15	5	1
4128	05:03.947	10	3,4,5,7,8,9,11,13,14,15	102	2
4129	05:03.951	4	2,3,5,7,8,9,10,11,16	5	4
4130	05:04.386	15	8,9,10,11,12,13,14	57	3
4131	05:04.388	8	2,3,4,5,6,7,9,10,11,12,13,14,15	5	1
4132	05:04.403	8	2,3,4,5,6,7,9,10,11,12,13,14,15	66	1
4133	05:04.406	3	2,4,5,6,7,8,9,10,16	5	4
4134	05:04.449	3	2,4,5,6,7,8,9,10,16	66	4
4135	05:04.452	16	1,2,3,4,5	5	2
4136	05:04.732	3	2,4,5,6,7,8,9,10,16	102	4
4137	05:04.736	4	2,3,5,7,8,9,10,11,16	5	4
4138	05:05.087	10	3,4,5,7,8,9,11,13,14,15	57	2
4139	05:05.089	3	2,4,5,6,7,8,9,10,16	5	4
4140	05:05.122	3	2,4,5,6,7,8,9,10,16	66	4
4141	05:05.125	16	1,2,3,4,5	5	2
4142	05:05.600	12	6,7,8,9,13,14,15	97	3
4143	05:05.816	3	2,4,5,6,7,8,9,10,16	57	4
4144	05:05.818	16	1,2,3,4,5	5	2
4145	05:06.134	9	2,3,4,5,6,7,8,10,11,12,13,14,15	57	1
4146	05:06.136	2	3,4,5,6,7,8,9,16	5	3
4147	05:06.149	2	3,4,5,6,7,8,9,16	66	3
4148	05:06.152	16	1,2,3,4,5	5	2
4149	05:06.872	4	2,3,5,7,8,9,10,11,16	57	4
4150	05:06.874	16	1,2,3,4,5	5	2
4151	05:06.922	7	2,3,4,6,8,9,10,12,13,14	57	2
4152	05:06.924	4	2,3,5,7,8,9,10,11,16	5	4
4153	05:06.952	4	2,3,5,7,8,9,10,11,16	66	4
4154	05:06.955	16	1,2,3,4,5	5	2
4155	05:07.017	5	2,3,4,8,9,10,11,16	57	3
4156	05:07.019	16	1,2,3,4,5	5	2
4157	05:07.127	13	6,7,8,9,10,12,14,15	57	4
4158	05:07.129	6	2,3,7,8,9,12,13	5	2
4159	05:07.172	6	2,3,7,8,9,12,13	66	2
4160	05:07.175	3	2,4,5,6,7,8,9,10,16	5	4
4161	05:07.215	3	2,4,5,6,7,8,9,10,16	66	4
4162	05:07.218	16	1,2,3,4,5	5	2
4163	05:08.365	6	2,3,7,8,9,12,13	57	2
4164	05:08.367	3	2,4,5,6,7,8,9,10,16	5	4
4165	05:08.389	3	2,4,5,6,7,8,9,10,16	66	4
4166	05:08.392	16	1,2,3,4,5	5	2
4167	05:08.510	12	6,7,8,9,13,14,15	57	3
4168	05:08.512	6	2,3,7,8,9,12,13	5	2
4169	05:08.545	6	2,3,7,8,9,12,13	66	2
4170	05:08.548	3	2,4,5,6,7,8,9,10,16	5	4
4171	05:08.580	3	2,4,5,6,7,8,9,10,16	66	4
4172	05:08.583	16	1,2,3,4,5	5	2
4173	05:09.645	13	6,7,8,9,10,12,14,15	102	4
4174	05:09.649	10	3,4,5,7,8,9,11,13,14,15	5	2
4175	05:09.880	7	2,3,4,6,8,9,10,12,13,14	102	2
4176	05:09.884	3	2,4,5,6,7,8,9,10,16	5	4
4177	05:10.903	15	8,9,10,11,12,13,14	97	3
4178	05:10.912	11	4,5,8,9,10,14,15	57	2
4179	05:10.914	4	2,3,5,7,8,9,10,11,16	5	4
4180	05:10.944	4	2,3,5,7,8,9,10,11,16	66	4
4181	05:10.947	16	1,2,3,4,5	5	2
4182	05:11.148	8	2,3,4,5,6,7,9,10,11,12,13,14,15	57	1
4183	05:11.150	3	2,4,5,6,7,8,9,10,16	5	4
4184	05:11.184	3	2,4,5,6,7,8,9,10,16	66	4
4185	05:11.187	16	1,2,3,4,5	5	2
4186	05:11.587	2	3,4,5,6,7,8,9,16	57	3
4187	05:11.589	16	1,2,3,4,5	5	2
4188	05:12.115	14	7,8,9,10,11,12,13,15	57	4
4189	05:12.117	8	2,3,4,5,6,7,9,10,11,12,13,14,15	5	1
4190	05:12.160	8	2,3,4,5,6,7,9,10,11,12,13,14,15	66	1
4191	05:12.163	3	2,4,5,6,7,8,9,10,16	5	4
4192	05:12.198	3	2,4,5,6,7,8,9,10,16	66	4
4193	05:12.201	16	1,2,3,4,5	5	2
4194	05:14.105	15	8,9,10,11,12,13,14	57	3
4195	05:14.107	8	2,3,4,5,6,7,9,10,11,12,13,14,15	5	1
4196	05:14.135	8	2,3,4,5,6,7,9,10,11,12,13,14,15	66	1
4197	05:14.138	3	2,4,5,6,7,8,9,10,16	5	4
4198	05:14.178	3	2,4,5,6,7,8,9,10,16	66	4
4199	05:14.181	16	1,2,3,4,5	5	2
4200	05:14.971	3	2,4,5,6,7,8,9,10,16	57	4
4201	05:14.973	16	1,2,3,4,5	5	2
4202	05:15.415	10	3,4,5,7,8,9,11,13,14,15	57	2
4203	05:15.417	3	2,4,5,6,7,8,9,10,16	5	4
4204	05:15.451	9	2,3,4,5,6,7,8,10,11,12,13,14,15	57	1
4205	05:15.453	2	3,4,5,6,7,8,9,16	5	3
4206	05:15.458	3	2,4,5,6,7,8,9,10,16	66	4
4207	05:15.461	16	1,2,3,4,5	5	2
4208	05:15.471	2	3,4,5,6,7,8,9,16	66	3
4209	05:15.474	16	1,2,3,4,5	5	2
4210	05:16.729	7	2,3,4,6,8,9,10,12,13,14	57	2
4211	05:16.731	4	2,3,5,7,8,9,10,11,16	5	4
4212	05:16.738	4	2,3,5,7,8,9,10,11,16	66	4
4213	05:16.741	16	1,2,3,4,5	5	2
4214	05:16.935	4	2,3,5,7,8,9,10,11,16	57	4
4215	05:16.937	16	1,2,3,4,5	5	2
4216	05:17.238	5	2,3,4,8,9,10,11,16	57	3
4217	05:17.240	16	1,2,3,4,5	5	2
4218	05:17.506	13	6,7,8,9,10,12,14,15	57	4
4219	05:17.508	6	2,3,7,8,9,12,13	5	2
4220	05:17.548	6	2,3,7,8,9,12,13	66	2
4221	05:17.551	3	2,4,5,6,7,8,9,10,16	5	4
4222	05:17.589	3	2,4,5,6,7,8,9,10,16	66	4
4223	05:17.592	16	1,2,3,4,5	5	2
4224	05:18.295	6	2,3,7,8,9,12,13	57	2
4225	05:18.297	3	2,4,5,6,7,8,9,10,16	5	4
4226	05:18.302	3	2,4,5,6,7,8,9,10,16	66	4
4227	05:18.305	16	1,2,3,4,5	5	2
4228	05:18.601	12	6,7,8,9,13,14,15	57	3
4229	05:18.603	6	2,3,7,8,9,12,13	5	2
4230	05:18.619	6	2,3,7,8,9,12,13	66	2
4231	05:18.622	3	2,4,5,6,7,8,9,10,16	5	4
4232	05:18.651	3	2,4,5,6,7,8,9,10,16	66	4
4233	05:18.654	16	1,2,3,4,5	5	2
4234	05:19.791	11	4,5,8,9,10,14,15	102	2
4235	05:19.795	15	8,9,10,11,12,13,14	5	3
4236	05:20.422	8	2,3,4,5,6,7,9,10,11,12,13,14,15	57	1
4237	05:20.424	3	2,4,5,6,7,8,9,10,16	5	4
4238	05:20.430	3	2,4,5,6,7,8,9,10,16	66	4
4239	05:20.433	16	1,2,3,4,5	5	2
4240	05:21.423	11	4,5,8,9,10,14,15	57	2
4241	05:21.425	4	2,3,5,7,8,9,10,11,16	5	4
4242	05:21.459	4	2,3,5,7,8,9,10,11,16	66	4
4243	05:21.462	16	1,2,3,4,5	5	2
4244	05:21.708	14	7,8,9,10,11,12,13,15	57	4
4245	05:21.710	8	2,3,4,5,6,7,9,10,11,12,13,14,15	5	1
4246	05:21.745	8	2,3,4,5,6,7,9,10,11,12,13,14,15	66	1
4247	05:21.748	3	2,4,5,6,7,8,9,10,16	5	4
4248	05:21.752	3	2,4,5,6,7,8,9,10,16	66	4
4249	05:21.755	16	1,2,3,4,5	5	2
4250	05:21.878	5	2,3,4,8,9,10,11,16	102	3
4251	05:21.882	4	2,3,5,7,8,9,10,11,16	5	4
4252	05:21.888	2	3,4,5,6,7,8,9,16	57	3
4253	05:21.890	16	1,2,3,4,5	5	2
4254	05:23.387	12	6,7,8,9,13,14,15	102	3
4255	05:23.391	7	2,3,4,6,8,9,10,12,13,14	5	2
4256	05:24.001	15	8,9,10,11,12,13,14	57	3
4257	05:24.003	8	2,3,4,5,6,7,9,10,11,12,13,14,15	5	1
4258	05:24.022	8	2,3,4,5,6,7,9,10,11,12,13,14,15	66	1
4259	05:24.025	3	2,4,5,6,7,8,9,10,16	5	4
4260	05:24.040	3	2,4,5,6,7,8,9,10,16	66	4
4261	05:24.043	16	1,2,3,4,5	5	2
4262	05:25.157	3	2,4,5,6,7,8,9,10,16	57	4
4263	05:25.159	16	1,2,3,4,5	5	2
4264	05:25.164	10	3,4,5,7,8,9,11,13,14,15	57	2
4265	05:25.166	3	2,4,5,6,7,8,9,10,16	5	4
4266	05:25.185	3	2,4,5,6,7,8,9,10,16	66	4
4267	05:25.188	16	1,2,3,4,5	5	2
4268	05:25.533	9	2,3,4,5,6,7,8,10,11,12,13,14,15	57	1
4269	05:25.535	2	3,4,5,6,7,8,9,16	5	3
4270	05:25.566	2	3,4,5,6,7,8,9,16	66	3
4271	05:25.569	16	1,2,3,4,5	5	2
4272	05:26.106	7	2,3,4,6,8,9,10,12,13,14	57	2
4273	05:26.108	4	2,3,5,7,8,9,10,11,16	5	4
4274	05:26.144	4	2,3,5,7,8,9,10,11,16	66	4
4275	05:26.147	16	1,2,3,4,5	5	2
4276	05:26.153	4	2,3,5,7,8,9,10,11,16	57	4
4277	05:26.155	16	1,2,3,4,5	5	2
4278	05:26.618	13	6,7,8,9,10,12,14,15	57	4
4279	05:26.620	6	2,3,7,8,9,12,13	5	2
4280	05:26.657	6	2,3,7,8,9,12,13	66	2
4281	05:26.660	3	2,4,5,6,7,8,9,10,16	5	4
4282	05:26.687	3	2,4,5,6,7,8,9,10,16	66	4
4283	05:26.690	16	1,2,3,4,5	5	2
4284	05:26.720	5	2,3,4,8,9,10,11,16	57	3
4285	05:26.722	16	1,2,3,4,5	5	2
4286	05:28.113	6	2,3,7,8,9,12,13	57	2
4287	05:28.115	3	2,4,5,6,7,8,9,10,16	5	4
4288	05:28.119	3	2,4,5,6,7,8,9,10,16	66	4
4289	05:28.122	16	1,2,3,4,5	5	2
4290	05:28.971	12	6,7,8,9,13,14,15	57	3
4291	05:28.973	6	2,3,7,8,9,12,13	5	2
4292	05:29.005	6	2,3,7,8,9,12,13	66	2
4293	05:29.008	3	2,4,5,6,7,8,9,10,16	5	4
4294	05:29.045	3	2,4,5,6,7,8,9,10,16	66	4
4295	05:29.048	16	1,2,3,4,5	5	2
4296	05:29.072	2	3,4,5,6,7,8,9,16	102	3
4297	05:29.076	5	2,3,4,8,9,10,11,16	5	3
4298	05:30.009	8	2,3,4,5,6,7,9,10,11,12,13,14,15	57	1
4299	05:30.011	3	2,4,5,6,7,8,9,10,16	5	4
4300	05:30.028	3	2,4,5,6,7,8,9,10,16	66	4
4301	05:30.031	16	1,2,3,4,5	5	2
4302	05:32.220	11	4,5,8,9,10,14,15	57	2
4303	05:32.222	4	2,3,5,7,8,9,10,11,16	5	4
4304	05:32.227	2	3,4,5,6,7,8,9,16	57	3
4305	05:32.229	16	1,2,3,4,5	5	2
4306	05:32.265	4	2,3,5,7,8,9,10,11,16	66	4
4307	05:32.268	16	1,2,3,4,5	5	2
4308	05:32.602	14	7,8,9,10,11,12,13,15	57	4
4309	05:32.604	8	2,3,4,5,6,7,9,10,11,12,13,14,15	5	1
4310	05:32.617	8	2,3,4,5,6,7,9,10,11,12,13,14,15	66	1
4311	05:32.620	3	2,4,5,6,7,8,9,10,16	5	4
4312	05:32.649	3	2,4,5,6,7,8,9,10,16	66	4
4313	05:32.652	16	1,2,3,4,5	5	2
4314	05:34.162	15	8,9,10,11,12,13,14	57	3
4315	05:34.164	8	2,3,4,5,6,7,9,10,11,12,13,14,15	5	1
4316	05:34.186	8	2,3,4,5,6,7,9,10,11,12,13,14,15	66	1
4317	05:34.189	3	2,4,5,6,7,8,9,10,16	5	4
4318	05:34.215	3	2,4,5,6,7,8,9,10,16	66	4
4319	05:34.218	16	1,2,3,4,5	5	2
4320	05:34.756	10	3,4,5,7,8,9,11,13,14,15	57	2
4321	05:34.758	3	2,4,5,6,7,8,9,10,16	5	4
4322	05:34.761	3	2,4,5,6,7,8,9,10,16	66	4
4323	05:34.764	16	1,2,3,4,5	5	2
4324	05:35.004	3	2,4,5,6,7,8,9,10,16	57	4
4325	05:35.006	16	1,2,3,4,5	5	2
4326	05:35.173	4	2,3,5,7,8,9,10,11,16	57	4
4327	05:35.175	16	1,2,3,4,5	5	2
4328	05:35.782	7	2,3,4,6,8,9,10,12,13,14	57	2
4329	05:35.784	4	2,3,5,7,8,9,10,11,16	5	4
4330	05:35.788	4	2,3,5,7,8,9,10,11,16	66	4
4331	05:35.791	16	1,2,3,4,5	5	2
4332	05:36.474	9	2,3,4,5,6,7,8,10,11,12,13,14,15	57	1
4333	05:36.476	2	3,4,5,6,7,8,9,16	5	3
4334	05:36.487	2	3,4,5,6,7,8,9,16	66	3
4335	05:36.490	16	1,2,3,4,5	5	2
4336	05:36.783	14	7,8,9,10,11,12,13,15	102	4
4337	05:36.787	13	6,7,8,9,10,12,14,15	5	4
4338	05:36.892	5	2,3,4,8,9,10,11,16	57	3
4339	05:36.894	16	1,2,3,4,5	5	2
4340	05:37.516	13	6,7,8,9,10,12,14,15	57	4
4341	05:37.518	6	2,3,7,8,9,12,13	5	2
4342	05:37.539	6	2,3,7,8,9,12,13	66	2
4343	05:37.542	3	2,4,5,6,7,8,9,10,16	5	4
4344	05:37.550	3	2,4,5,6,7,8,9,10,16	66	4
4345	05:37.553	16	1,2,3,4,5	5	2
4346	05:37.972	6	2,3,7,8,9,12,13	57	2
4347	05:37.974	3	2,4,5,6,7,8,9,10,16	5	4
4348	05:37.986	3	2,4,5,6,7,8,9,10,16	66	4
4349	05:37.989	16	1,2,3,4,5	5	2
4350	05:38.952	12	6,7,8,9,13,14,15	57	3
4351	05:38.954	6	2,3,7,8,9,12,13	5	2
4352	05:38.967	6	2,3,7,8,9,12,13	66	2
4353	05:38.970	3	2,4,5,6,7,8,9,10,16	5	4
4354	05:39.012	3	2,4,5,6,7,8,9,10,16	66	4
4355	05:39.015	16	1,2,3,4,5	5	2
4356	05:40.864	8	2,3,4,5,6,7,9,10,11,12,13,14,15	57	1
4357	05:40.866	3	2,4,5,6,7,8,9,10,16	5	4
4358	05:40.893	3	2,4,5,6,7,8,9,10,16	66	4
4359	05:40.896	16	1,2,3,4,5	5	2
4360	05:42.378	2	3,4,5,6,7,8,9,16	57	3
4361	05:42.380	16	1,2,3,4,5	5	2
4362	05:42.756	11	4,5,8,9,10,14,15	57	2
4363	05:42.758	4	2,3,5,7,8,9,10,11,16	5	4
4364	05:42.771	4	2,3,5,7,8,9,10,11,16	66	4
4365	05:42.774	16	1,2,3,4,5	5	2
4366	05:42.964	14	7,8,9,10,11,12,13,15	57	4
4367	05:42.966	8	2,3,4,5,6,7,9,10,11,12,13,14,15	5	1
4368	05:42.970	8	2,3,4,5,6,7,9,10,11,12,13,14,15	66	1
4369	05:42.973	3	2,4,5,6,7,8,9,10,16	5	4
4370	05:43.003	3	2,4,5,6,7,8,9,10,16	66	4
4371	05:43.006	16	1,2,3,4,5	5	2
4372	05:44.658	15	8,9,10,11,12,13,14	57	3
4373	05:44.660	8	2,3,4,5,6,7,9,10,11,12,13,14,15	5	1
4374	05:44.678	8	2,3,4,5,6,7,9,10,11,12,13,14,15	66	1
4375	05:44.681	3	2,4,5,6,7,8,9,10,16	5	4
4376	05:44.710	3	2,4,5,6,7,8,9,10,16	66	4
4377	05:44.713	16	1,2,3,4,5	5	2
4378	05:45.021	4	2,3,5,7,8,9,10,11,16	57	4
4379	05:45.023	16	1,2,3,4,5	5	2
4380	05:45.193	10	3,4,5,7,8,9,11,13,14,15	57	2
4381	05:45.195	3	2,4,5,6,7,8,9,10,16	5	4
4382	05:45.199	3	2,4,5,6,7,8,9,10,16	66	4
4383	05:45.202	16	1,2,3,4,5	5	2
4384	05:45.789	3	2,4,5,6,7,8,9,10,16	57	4
4385	05:45.791	16	1,2,3,4,5	5	2
4386	05:46.735	7	2,3,4,6,8,9,10,12,13,14	57	2
4387	05:46.737	4	2,3,5,7,8,9,10,11,16	5	4
4388	05:46.780	4	2,3,5,7,8,9,10,11,16	66	4
4389	05:46.783	16	1,2,3,4,5	5	2
4390	05:46.891	9	2,3,4,5,6,7,8,10,11,12,13,14,15	57	1
4391	05:46.893	2	3,4,5,6,7,8,9,16	5	3
4392	05:46.918	2	3,4,5,6,7,8,9,16	66	3
4393	05:46.921	16	1,2,3,4,5	5	2
4394	05:47.089	5	2,3,4,8,9,10,11,16	57	3
4395	05:47.091	16	1,2,3,4,5	5	2
4396	05:47.562	13	6,7,8,9,10,12,14,15	57	4
4397	05:47.564	6	2,3,7,8,9,12,13	5	2
4398	05:47.572	6	2,3,7,8,9,12,13	66	2
4399	05:47.575	3	2,4,5,6,7,8,9,10,16	5	4
4400	05:47.591	3	2,4,5,6,7,8,9,10,16	66	4
4401	05:47.594	16	1,2,3,4,5	5	2
4402	05:48.286	12	6,7,8,9,13,14,15	57	3
4403	05:48.288	6	2,3,7,8,9,12,13	5	2
4404	05:48.300	6	2,3,7,8,9,12,13	66	2
4405	05:48.303	3	2,4,5,6,7,8,9,10,16	5	4
4406	05:48.324	3	2,4,5,6,7,8,9,10,16	66	4
4407	05:48.327	16	1,2,3,4,5	5	2
4408	05:48.751	6	2,3,7,8,9,12,13	57	2
4409	05:48.753	3	2,4,5,6,7,8,9,10,16	5	4
4410	05:48.785	3	2,4,5,6,7,8,9,10,16	66	4
4411	05:48.788	16	1,2,3,4,5	5	2
4412	05:49.126	4	2,3,5,7,8,9,10,11,16	102	4
4413	05:49.130	10	3,4,5,7,8,9,11,13,14,15	5	2
4414	05:51.561	8	2,3,4,5,6,7,9,10,11,12,13,14,15	57	1
4415	05:51.563	3	2,4,5,6,7,8,9,10,16	5	4
4416	05:51.598	3	2,4,5,6,7,8,9,10,16	66	4
4417	05:51.601	16	1,2,3,4,5	5	2
4418	05:52.278	3	2,4,5,6,7,8,9,10,16	102	4
4419	05:52.282	5	2,3,4,8,9,10,11,16	5	3
4420	05:52.816	2	3,4,5,6,7,8,9,16	57	3
4421	05:52.818	16	1,2,3,4,5	5	2
4422	05:52.916	14	7,8,9,10,11,12,13,15	57	4
4423	05:52.918	8	2,3,4,5,6,7,9,10,11,12,13,14,15	5	1
4424	05:52.930	8	2,3,4,5,6,7,9,10,11,12,13,14,15	66	1
4425	05:52.933	3	2,4,5,6,7,8,9,10,16	5	4
4426	05:52.946	3	2,4,5,6,7,8,9,10,16	66	4
4427	05:52.949	16	1,2,3,4,5	5	2
4428	05:52.954	11	4,5,8,9,10,14,15	57	2
4429	05:52.956	4	2,3,5,7,8,9,10,11,16	5	4
4430	05:52.968	4	2,3,5,7,8,9,10,11,16	66	4
4431	05:52.971	16	1,2,3,4,5	5	2
4432	05:54.080	4	2,3,5,7,8,9,10,11,16	57	4
4433	05:54.082	16	1,2,3,4,5	5	2
4434	05:54.486	10	3,4,5,7,8,9,11,13,14,15	57	2
4435	05:54.488	3	2,4,5,6,7,8,9,10,16	5	4
4436	05:54.508	3	2,4,5,6,7,8,9,10,16	66	4
4437	05:54.511	16	1,2,3,4,5	5	2
4438	05:54.806	3	2,4,5,6,7,8,9,10,16	57	4
4439	05:54.808	16	1,2,3,4,5	5	2
4440	05:54.937	15	8,9,10,11,12,13,14	57	3
4441	05:54.939	8	2,3,4,5,6,7,9,10,11,12,13,14,15	5	1
4442	05:54.972	8	2,3,4,5,6,7,9,10,11,12,13,14,15	66	1
4443	05:54.975	3	2,4,5,6,7,8,9,10,16	5	4
4444	05:55.004	3	2,4,5,6,7,8,9,10,16	66	4
4445	05:55.007	16	1,2,3,4,5	5	2
4446	05:55.751	7	2,3,4,6,8,9,10,12,13,14	57	2
4447	05:55.753	4	2,3,5,7,8,9,10,11,16	5	4
4448	05:55.792	4	2,3,5,7,8,9,10,11,16	66	4
4449	05:55.795	16	1,2,3,4,5	5	2
4450	05:56.677	9	2,3,4,5,6,7,8,10,11,12,13,14,15	57	1
4451	05:56.679	2	3,4,5,6,7,8,9,16	5	3
4452	05:56.714	2	3,4,5,6,7,8,9,16	66	3
4453	05:56.717	16	1,2,3,4,5	5	2
4454	05:57.790	13	6,7,8,9,10,12,14,15	57	4
4455	05:57.792	6	2,3,7,8,9,12,13	5	2
4456	05:57.831	6	2,3,7,8,9,12,13	66	2
4457	05:57.834	3	2,4,5,6,7,8,9,10,16	5	4
4458	05:57.837	3	2,4,5,6,7,8,9,10,16	66	4
4459	05:57.840	16	1,2,3,4,5	5	2
4460	05:57.856	5	2,3,4,8,9,10,11,16	57	3
4461	05:57.858	16	1,2,3,4,5	5	2
4462	05:58.424	6	2,3,7,8,9,12,13	57	2
4463	05:58.426	3	2,4,5,6,7,8,9,10,16	5	4
4464	05:58.458	3	2,4,5,6,7,8,9,10,16	66	4
4465	05:58.461	16	1,2,3,4,5	5	2
4466	05:58.940	12	6,7,8,9,13,14,15	57	3
4467	05:58.942	6	2,3,7,8,9,12,13	5	2
4468	05:58.981	6	2,3,7,8,9,12,13	66	2
4469	05:58.984	3	2,4,5,6,7,8,9,10,16	5	4
4470	05:59.016	3	2,4,5,6,7,8,9,10,16	66	4
4471	05:59.019	16	1,2,3,4,5	5	2
4472	05:59.297	13	6,7,8,9,10,12,14,15	102	4
4473	05:59.301	10	3,4,5,7,8,9,11,13,14,15	5	2
4474	06:00.938	9	2,3,4,5,6,7,8,10,11,12,13,14,15	102	1
4475	06:00.942	3	2,4,5,6,7,8,9,10,16	5	4
4476	06:01.002	8	2,3,4,5,6,7,9,10,11,12,13,14,15	57	1
4477	06:01.004	3	2,4,5,6,7,8,9,10,16	5	4
4478	06:01.007	3	2,4,5,6,7,8,9,10,16	66	4
4479	06:01.010	16	1,2,3,4,5	5	2
4480	06:02.343	14	7,8,9,10,11,12,13,15	57	4
4481	06:02.345	8	2,3,4,5,6,7,9,10,11,12,13,14,15	5	1
4482	06:02.382	8	2,3,4,5,6,7,9,10,11,12,13,14,15	66	1
4483	06:02.385	3	2,4,5,6,7,8,9,10,16	5	4
4484	06:02.424	3	2,4,5,6,7,8,9,10,16	66	4
4485	06:02.427	16	1,2,3,4,5	5	2
4486	06:02.606	2	3,4,5,6,7,8,9,16	57	3
4487	06:02.608	16	1,2,3,4,5	5	2
4488	06:03.495	11	4,5,8,9,10,14,15	57	2
4489	06:03.497	4	2,3,5,7,8,9,10,11,16	5	4
4490	06:03.502	4	2,3,5,7,8,9,10,11,16	66	4
4491	06:03.505	16	1,2,3,4,5	5	2
4492	06:04.311	15	8,9,10,11,12,13,14	57	3
4493	06:04.313	8	2,3,4,5,6,7,9,10,11,12,13,14,15	5	1
4494	06:04.333	8	2,3,4,5,6,7,9,10,11,12,13,14,15	66	1
4495	06:04.336	3	2,4,5,6,7,8,9,10,16	5	4
4496	06:04.347	3	2,4,5,6,7,8,9,10,16	66	4
4497	06:04.350	16	1,2,3,4,5	5	2
4498	06:04.412	4	2,3,5,7,8,9,10,11,16	57	4
4499	06:04.414	16	1,2,3,4,5	5	2
4500	06:04.644	10	3,4,5,7,8,9,11,13,14,15	57	2
4501	06:04.646	3	2,4,5,6,7,8,9,10,16	5	4
4502	06:04.678	3	2,4,5,6,7,8,9,10,16	66	4
4503	06:04.681	16	1,2,3,4,5	5	2
4504	06:05.022	3	2,4,5,6,7,8,9,10,16	57	4
4505	06:05.024	16	1,2,3,4,5	5	2
4506	06:05.359	7	2,3,4,6,8,9,10,12,13,14	57	2
4507	06:05.361	4	2,3,5,7,8,9,10,11,16	5	4
4508	06:05.387	4	2,3,5,7,8,9,10,11,16	66	4
4509	06:05.390	16	1,2,3,4,5	5	2
4510	06:07.046	5	2,3,4,8,9,10,11,16	57	3
4511	06:07.048	16	1,2,3,4,5	5	2
4512	06:07.271	9	2,3,4,5,6,7,8,10,11,12,13,14,15	57	1
4513	06:07.273	2	3,4,5,6,7,8,9,16	5	3
4514	06:07.286	2	3,4,5,6,7,8,9,16	66	3
4515	06:07.289	16	1,2,3,4,5	5	2
4516	06:07.713	6	2,3,7,8,9,12,13	57	2
4517	06:07.715	3	2,4,5,6,7,8,9,10,16	5	4
4518	06:07.754	3	2,4,5,6,7,8,9,10,16	66	4
4519	06:07.757	16	1,2,3,4,5	5	2
4520	06:08.804	13	6,7,8,9,10,12,14,15	57	4
4521	06:08.806	6	2,3,7,8,9,12,13	5	2
4522	06:08.835	6	2,3,7,8,9,12,13	66	2
4523	06:08.838	3	2,4,5,6,7,8,9,10,16	5	4
4524	06:08.875	3	2,4,5,6,7,8,9,10,16	66	4
4525	06:08.878	16	1,2,3,4,5	5	2
4526	06:09.248	12	6,7,8,9,13,14,15	57	3
4527	06:09.250	6	2,3,7,8,9,12,13	5	2
4528	06:09.253	6	2,3,7,8,9,12,13	66	2
4529	06:09.256	3	2,4,5,6,7,8,9,10,16	5	4
4530	06:09.291	3	2,4,5,6,7,8,9,10,16	66	4
4531	06:09.294	16	1,2,3,4,5	5	2
4532	06:09.887	15	8,9,10,11,12,13,14	102	3
4533	06:09.891	12	6,7,8,9,13,14,15	5	3
4534	06:11.358	8	2,3,4,5,6,7,9,10,11,12,13,14,15	57	1
4535	06:11.360	3	2,4,5,6,7,8,9,10,16	5	4
4536	06:11.382	3	2,4,5,6,7,8,9,10,16	66	4
4537	06:11.385	16	1,2,3,4,5	5	2
4538	06:11.583	14	7,8,9,10,11,12,13,15	57	4
4539	06:11.585	8	2,3,4,5,6,7,9,10,11,12,13,14,15	5	1
4540	06:11.617	8	2,3,4,5,6,7,9,10,11,12,13,14,15	66	1
4541	06:11.620	3	2,4,5,6,7,8,9,10,16	5	4
4542	06:11.653	3	2,4,5,6,7,8,9,10,16	66	4
4543	06:11.656	16	1,2,3,4,5	5	2
4544	06:13.389	2	3,4,5,6,7,8,9,16	57	3
4545	06:13.391	16	1,2,3,4,5	5	2
4546	06:13.478	6	2,3,7,8,9,12,13	102	2
4547	06:13.482	9	2,3,4,5,6,7,8,10,11,12,13,14,15	5	1
4548	06:14.109	10	3,4,5,7,8,9,11,13,14,15	57	2
4549	06:14.111	3	2,4,5,6,7,8,9,10,16	5	4
4550	06:14.123	3	2,4,5,6,7,8,9,10,16	66	4
4551	06:14.126	16	1,2,3,4,5	5	2
4552	06:14.285	11	4,5,8,9,10,14,15	57	2
4553	06:14.287	4	2,3,5,7,8,9,10,11,16	5	4
4554	06:14.298	4	2,3,5,7,8,9,10,11,16	66	4
4555	06:14.301	16	1,2,3,4,5	5	2
4556	06:14.774	15	8,9,10,11,12,13,14	57	3
4557	06:14.776	8	2,3,4,5,6,7,9,10,11,12,13,14,15	5	1
4558	06:14.788	8	2,3,4,5,6,7,9,10,11,12,13,14,15	66	1
4559	06:14.791	3	2,4,5,6,7,8,9,10,16	5	4
4560	06:14.794	3	2,4,5,6,7,8,9,10,16	66	4
4561	06:14.797	16	1,2,3,4,5	5	2
4562	06:15.265	3	2,4,5,6,7,8,9,10,16	57	4
4563	06:15.267	16	1,2,3,4,5	5	2
4564	06:15.403	4	2,3,5,7,8,9,10,11,16	57	4
4565	06:15.405	16	1,2,3,4,5	5	2
4566	06:15.618	7	2,3,4,6,8,9,10,12,13,14	102	2
4567	06:15.622	8	2,3,4,5,6,7,9,10,11,12,13,14,15	5	1
4568	06:16.242	7	2,3,4,6,8,9,10,12,13,14	57	2
4569	06:16.244	4	2,3,5,7,8,9,10,11,16	5	4
4570	06:16.253	4	2,3,5,7,8,9,10,11,16	66	4
4571	06:16.256	16	1,2,3,4,5	5	2
4572	06:17.381	5	2,3,4,8,9,10,11,16	57	3
4573	06:17.383	16	1,2,3,4,5	5	2
4574	06:17.802	9	2,3,4,5,6,7,8,10,11,12,13,14,15	57	1
4575	06:17.804	2	3,4,5,6,7,8,9,16	5	3
4576	06:17.823	2	3,4,5,6,7,8,9,16	66	3
4577	06:17.826	16	1,2,3,4,5	5	2
4578	06:18.174	6	2,3,7,8,9,12,13	57	2
4579	06:18.176	3	2,4,5,6,7,8,9,10,16	5	4
4580	06:18.190	3	2,4,5,6,7,8,9,10,16	66	4
4581	06:18.193	16	1,2,3,4,5	5	2
4582	06:18.790	12	6,7,8,9,13,14,15	57	3
4583	06:18.792	6	2,3,7,8,9,12,13	5	2
4584	06:18.796	6	2,3,7,8,9,12,13	66	2
4585	06:18.799	3	2,4,5,6,7,8,9,10,16	5	4
4586	06:18.821	3	2,4,5,6,7,8,9,10,16	66	4
4587	06:18.824	16	1,2,3,4,5	5	2
4588	06:19.450	13	6,7,8,9,10,12,14,15	57	4
4589	06:19.452	6	2,3,7,8,9,12,13	5	2
4590	06:19.469	6	2,3,7,8,9,12,13	66	2
4591	06:19.472	3	2,4,5,6,7,8,9,10,16	5	4
4592	06:19.506	3	2,4,5,6,7,8,9,10,16	66	4
4593	06:19.509	16	1,2,3,4,5	5	2
4594	06:21.996	8	2,3,4,5,6,7,9,10,11,12,13,14,15	57	1
4595	06:21.998	3	2,4,5,6,7,8,9,10,16	5	4
4596	06:22.016	3	2,4,5,6,7,8,9,10,16	66	4
4597	06:22.019	16	1,2,3,4,5	5	2
4598	06:22.272	14	7,8,9,10,11,12,13,15	57	4
4599	06:22.274	8	2,3,4,5,6,7,9,10,11,12,13,14,15	5	1
4600	06:22.305	8	2,3,4,5,6,7,9,10,11,12,13,14,15	66	1
4601	06:22.308	3	2,4,5,6,7,8,9,10,16	5	4
4602	06:22.317	3	2,4,5,6,7,8,9,10,16	66	4
4603	06:22.320	16	1,2,3,4,5	5	2
4604	06:23.424	2	3,4,5,6,7,8,9,16	57	3
4605	06:23.426	16	1,2,3,4,5	5	2
4606	06:23.995	11	4,5,8,9,10,14,15	57	2
4607	06:23.997	4	2,3,5,7,8,9,10,11,16	5	4
4608	06:24.020	4	2,3,5,7,8,9,10,11,16	66	4
4609	06:24.023	16	1,2,3,4,5	5	2
4610	06:24.555	4	2,3,5,7,8,9,10,11,16	57	4
4611	06:24.557	16	1,2,3,4,5	5	2
4612	06:24.633	10	3,4,5,7,8,9,11,13,14,15	57	2
4613	06:24.635	3	2,4,5,6,7,8,9,10,16	5	4
4614	06:24.649	3	2,4,5,6,7,8,9,10,16	66	4
4615	06:24.652	16	1,2,3,4,5	5	2
4616	06:25.350	3	2,4,5,6,7,8,9,10,16	57	4
4617	06:25.352	16	1,2,3,4,5	5	2
4618	06:25.416	15	8,9,10,11,12,13,14	57	3
4619	06:25.418	8	2,3,4,5,6,7,9,10,11,12,13,14,15	5	1
4620	06:25.430	8	2,3,4,5,6,7,9,10,11,12,13,14,15	66	1
4621	06:25.433	3	2,4,5,6,7,8,9,10,16	5	4
4622	06:25.446	3	2,4,5,6,7,8,9,10,16	66	4
4623	06:25.449	16	1,2,3,4,5	5	2
4624	06:26.115	7	2,3,4,6,8,9,10,12,13,14	57	2
4625	06:26.117	4	2,3,5,7,8,9,10,11,16	5	4
4626	06:26.152	4	2,3,5,7,8,9,10,11,16	66	4
4627	06:26.155	16	1,2,3,4,5	5	2
4628	06:27.204	9	2,3,4,5,6,7,8,10,11,12,13,14,15	57	1
4629	06:27.206	2	3,4,5,6,7,8,9,16	5	3
4630	06:27.230	2	3,4,5,6,7,8,9,16	66	3
4631	06:27.233	16	1,2,3,4,5	5	2
4632	06:27.259	5	2,3,4,8,9,10,11,16	57	3
4633	06:27.261	16	1,2,3,4,5	5	2
4634	06:28.003	12	6,7,8,9,13,14,15	57	3
4635	06:28.005	6	2,3,7,8,9,12,13	5	2
4636	06:28.033	6	2,3,7,8,9,12,13	66	2
4637	06:28.036	3	2,4,5,6,7,8,9,10,16	5	4
4638	06:28.039	3	2,4,5,6,7,8,9,10,16	66	4
4639	06:28.042	16	1,2,3,4,5	5	2
4640	06:28.156	6	2,3,7,8,9,12,13	57	2
4641	06:28.158	3	2,4,5,6,7,8,9,10,16	5	4
4642	06:28.194	3	2,4,5,6,7,8,9,10,16	66	4
4643	06:28.197	16	1,2,3,4,5	5	2
4644	06:30.262	13	6,7,8,9,10,12,14,15	57	4
4645	06:30.264	6	2,3,7,8,9,12,13	5	2
4646	06:30.292	6	2,3,7,8,9,12,13	66	2
4647	06:30.295	3	2,4,5,6,7,8,9,10,16	5	4
4648	06:30.329	3	2,4,5,6,7,8,9,10,16	66	4
4649	06:30.332	16	1,2,3,4,5	5	2
4650	06:31.736	8	2,3,4,5,6,7,9,10,11,12,13,14,15	57	1
4651	06:31.738	3	2,4,5,6,7,8,9,10,16	5	4
4652	06:31.742	14	7,8,9,10,11,12,13,15	57	4
4653	06:31.744	8	2,3,4,5,6,7,9,10,11,12,13,14,15	5	1
4654	06:31.777	3	2,4,5,6,7,8,9,10,16	66	4
4655	06:31.780	16	1,2,3,4,5	5	2
4656	06:31.781	8	2,3,4,5,6,7,9,10,11,12,13,14,15	66	1
4657	06:31.784	3	2,4,5,6,7,8,9,10,16	5	4
4658	06:31.805	3	2,4,5,6,7,8,9,10,16	66	4
4659	06:31.808	16	1,2,3,4,5	5	2
4660	06:32.985	5	2,3,4,8,9,10,11,16	102	3
4661	06:32.989	10	3,4,5,7,8,9,11,13,14,15	5	2
4662	06:33.804	2	3,4,5,6,7,8,9,16	57	3
4663	06:33.806	16	1,2,3,4,5	5	2
4664	06:33.872	12	6,7,8,9,13,14,15	102	3
4665	06:33.876	8	2,3,4,5,6,7,9,10,11,12,13,14,15	5	1
4666	06:34.072	4	2,3,5,7,8,9,10,11,16	57	4
4667	06:34.074	16	1,2,3,4,5	5	2
4668	06:34.515	10	3,4,5,7,8,9,11,13,14,15	57	2
4669	06:34.517	3	2,4,5,6,7,8,9,10,16	5	4
4670	06:34.547	3	2,4,5,6,7,8,9,10,16	66	4
4671	06:34.550	16	1,2,3,4,5	5	2
4672	06:34.707	15	8,9,10,11,12,13,14	57	3
4673	06:34.709	8	2,3,4,5,6,7,9,10,11,12,13,14,15	5	1
4674	06:34.726	8	2,3,4,5,6,7,9,10,11,12,13,14,15	66	1
4675	06:34.729	3	2,4,5,6,7,8,9,10,16	5	4
4676	06:34.741	11	4,5,8,9,10,14,15	57	2
4677	06:34.743	4	2,3,5,7,8,9,10,11,16	5	4
4678	06:34.762	4	2,3,5,7,8,9,10,11,16	66	4
4679	06:34.765	16	1,2,3,4,5	5	2
4680	06:34.765	3	2,4,5,6,7,8,9,10,16	66	4
4681	06:34.768	16	1,2,3,4,5	5	2
4682	06:34.795	4	2,3,5,7,8,9,10,11,16	66	4
4683	06:34.798	16	1,2,3,4,5	5	2
4684	06:34.850	3	2,4,5,6,7,8,9,10,16	66	4
4685	06:34.853	16	1,2,3,4,5	5	2
4686	06:34.877	3	2,4,5,6,7,8,9,10,16	57	4
4687	06:34.879	16	1,2,3,4,5	5	2
4688	06:34.890	8	2,3,4,5,6,7,9,10,11,12,13,14,15	102	1
4689	06:34.894	5	2,3,4,8,9,10,11,16	5	3
4690	06:35.618	7	2,3,4,6,8,9,10,12,13,14	57	2
4691	06:35.620	4	2,3,5,7,8,9,10,11,16	5	4
4692	06:35.640	4	2,3,5,7,8,9,10,11,16	66	4
4693	06:35.643	16	1,2,3,4,5	5	2
4694	06:36.716	5	2,3,4,8,9,10,11,16	57	3
4695	06:36.718	16	1,2,3,4,5	5	2
4696	06:37.226	9	2,3,4,5,6,7,8,10,11,12,13,14,15	57	1
4697	06:37.228	2	3,4,5,6,7,8,9,16	5	3
4698	06:37.264	2	3,4,5,6,7,8,9,16	66	3
4699	06:37.267	16	1,2,3,4,5	5	2
4700	06:37.464	12	6,7,8,9,13,14,15	57	3
4701	06:37.466	6	2,3,7,8,9,12,13	5	2
4702	06:37.496	6	2,3,7,8,9,12,13	66	2
4703	06:37.499	3	2,4,5,6,7,8,9,10,16	5	4
4704	06:37.522	3	2,4,5,6,7,8,9,10,16	66	4
4705	06:37.525	16	1,2,3,4,5	5	2
4706	06:37.912	6	2,3,7,8,9,12,13	57	2
4707	06:37.914	3	2,4,5,6,7,8,9,10,16	5	4
4708	06:37.920	3	2,4,5,6,7,8,9,10,16	66	4
4709	06:37.923	16	1,2,3,4,5	5	2
4710	06:40.806	13	6,7,8,9,10,12,14,15	57	4
4711	06:40.808	6	2,3,7,8,9,12,13	5	2
4712	06:40.850	6	2,3,7,8,9,12,13	66	2
4713	06:40.853	3	2,4,5,6,7,8,9,10,16	5	4
4714	06:40.894	3	2,4,5,6,7,8,9,10,16	66	4
4715	06:40.897	16	1,2,3,4,5	5	2
4716	06:41.066	14	7,8,9,10,11,12,13,15	57	4
4717	06:41.068	8	2,3,4,5,6,7,9,10,11,12,13,14,15	5	1
4718	06:41.091	8	2,3,4,5,6,7,9,10,11,12,13,14,15	66	1
4719	06:41.094	3	2,4,5,6,7,8,9,10,16	5	4
4720	06:41.115	3	2,4,5,6,7,8,9,10,16	66	4
4721	06:41.118	16	1,2,3,4,5	5	2
4722	06:41.139	8	2,3,4,5,6,7,9,10,11,12,13,14,15	57	1
4723	06:41.141	3	2,4,5,6,7,8,9,10,16	5	4
4724	06:41.165	3	2,4,5,6,7,8,9,10,16	66	4
4725	06:41.168	16	1,2,3,4,5	5	2
4726	06:41.936	14	7,8,9,10,11,12,13,15	102	4
4727	06:41.940	12	6,7,8,9,13,14,15	5	3
4728	06:43.458	2	3,4,5,6,7,8,9,16	57	3
4729	06:43.460	16	1,2,3,4,5	5	2
4730	06:44.078	3	2,4,5,6,7,8,9,10,16	57	4
4731	06:44.080	16	1,2,3,4,5	5	2
4732	06:44.329	10	3,4,5,7,8,9,11,13,14,15	57	2
4733	06:44.331	3	2,4,5,6,7,8,9,10,16	5	4
4734	06:44.370	3	2,4,5,6,7,8,9,10,16	66	4
4735	06:44.373	16	1,2,3,4,5	5	2
4736	06:44.603	15	8,9,10,11,12,13,14	57	3
4737	06:44.605	8	2,3,4,5,6,7,9,10,11,12,13,14,15	5	1
4738	06:44.630	8	2,3,4,5,6,7,9,10,11,12,13,14,15	66	1
4739	06:44.633	3	2,4,5,6,7,8,9,10,16	5	4
4740	06:44.650	3	2,4,5,6,7,8,9,10,16	66	4
4741	06:44.653	16	1,2,3,4,5	5	2
4742	06:44.841	4	2,3,5,7,8,9,10,11,16	57	4
4743	06:44.843	16	1,2,3,4,5	5	2
4744	06:45.294	11	4,5,8,9,10,14,15	57	2
4745	06:45.296	4	2,3,5,7,8,9,10,11,16	5	4
4746	06:45.335	4	2,3,5,7,8,9,10,11,16	66	4
4747	06:45.338	16	1,2,3,4,5	5	2
4748	06:46.240	7	2,3,4,6,8,9,10,12,13,14	57	2
4749	06:46.242	4	2,3,5,7,8,9,10,11,16	5	4
4750	06:46.275	4	2,3,5,7,8,9,10,11,16	66	4
4751	06:46.278	16	1,2,3,4,5	5	2
4752	06:46.329	9	2,3,4,5,6,7,8,10,11,12,13,14,15	57	1
4753	06:46.331	2	3,4,5,6,7,8,9,16	5	3
4754	06:46.337	2	3,4,5,6,7,8,9,16	66	3
4755	06:46.340	16	1,2,3,4,5	5	2
4756	06:46.624	5	2,3,4,8,9,10,11,16	57	3
4757	06:46.626	16	1,2,3,4,5	5	2
4758	06:46.786	9	2,3,4,5,6,7,8,10,11,12,13,14,15	102	1
4759	06:46.790	6	2,3,7,8,9,12,13	5	2
4760	06:47.718	12	6,7,8,9,13,14,15	57	3
4761	06:47.720	6	2,3,7,8,9,12,13	5	2
4762	06:47.752	6	2,3,7,8,9,12,13	66	2
4763	06:47.755	3	2,4,5,6,7,8,9,10,16	5	4
4764	06:47.770	3	2,4,5,6,7,8,9,10,16	66	4
4765	06:47.773	16	1,2,3,4,5	5	2
4766	06:48.070	6	2,3,7,8,9,12,13	57	2
4767	06:48.072	3	2,4,5,6,7,8,9,10,16	5	4
4768	06:48.097	3	2,4,5,6,7,8,9,10,16	66	4
4769	06:48.100	16	1,2,3,4,5	5	2
4770	06:50.855	10	3,4,5,7,8,9,11,13,14,15	102	2
4771	06:50.859	13	6,7,8,9,10,12,14,15	5	4
4772	06:50.895	13	6,7,8,9,10,12,14,15	57	4
4773	06:50.897	6	2,3,7,8,9,12,13	5	2
4774	06:50.924	6	2,3,7,8,9,12,13	66	2
4775	06:50.927	3	2,4,5,6,7,8,9,10,16	5	4
4776	06:50.930	3	2,4,5,6,7,8,9,10,16	66	4
4777	06:50.933	16	1,2,3,4,5	5	2
4778	06:50.936	8	2,3,4,5,6,7,9,10,11,12,13,14,15	57	1
4779	06:50.938	3	2,4,5,6,7,8,9,10,16	5	4
4780	06:50.974	3	2,4,5,6,7,8,9,10,16	66	4
4781	06:50.977	16	1,2,3,4,5	5	2
4782	06:51.894	14	7,8,9,10,11,12,13,15	57	4
4783	06:51.896	8	2,3,4,5,6,7,9,10,11,12,13,14,15	5	1
4784	06:51.907	8	2,3,4,5,6,7,9,10,11,12,13,14,15	66	1
4785	06:51.910	3	2,4,5,6,7,8,9,10,16	5	4
4786	06:51.919	3	2,4,5,6,7,8,9,10,16	66	4
4787	06:51.922	16	1,2,3,4,5	5	2
4788	06:52.916	2	3,4,5,6,7,8,9,16	57	3
4789	06:52.918	16	1,2,3,4,5	5	2
4790	06:53.711	15	8,9,10,11,12,13,14	57	3
4791	06:53.713	8	2,3,4,5,6,7,9,10,11,12,13,14,15	5	1
4792	06:53.739	8	2,3,4,5,6,7,9,10,11,12,13,14,15	66	1
4793	06:53.742	3	2,4,5,6,7,8,9,10,16	5	4
4794	06:53.750	3	2,4,5,6,7,8,9,10,16	66	4
4795	06:53.753	16	1,2,3,4,5	5	2
4796	06:53.844	3	2,4,5,6,7,8,9,10,16	102	4
4797	06:53.848	5	2,3,4,8,9,10,11,16	5	3
4798	06:54.593	3	2,4,5,6,7,8,9,10,16	57	4
4799	06:54.595	16	1,2,3,4,5	5	2
4800	06:55.092	10	3,4,5,7,8,9,11,13,14,15	57	2
4801	06:55.094	3	2,4,5,6,7,8,9,10,16	5	4
4802	06:55.098	3	2,4,5,6,7,8,9,10,16	66	4
4803	06:55.101	16	1,2,3,4,5	5	2
4804	06:55.391	4	2,3,5,7,8,9,10,11,16	57	4
4805	06:55.393	16	1,2,3,4,5	5	2
4806	06:55.705	11	4,5,8,9,10,14,15	57	2
4807	06:55.707	4	2,3,5,7,8,9,10,11,16	5	4
4808	06:55.725	4	2,3,5,7,8,9,10,11,16	66	4
4809	06:55.728	16	1,2,3,4,5	5	2
4810	06:56.883	7	2,3,4,6,8,9,10,12,13,14	57	2
4811	06:56.885	4	2,3,5,7,8,9,10,11,16	5	4
4812	06:56.898	4	2,3,5,7,8,9,10,11,16	66	4
4813	06:56.901	16	1,2,3,4,5	5	2
4814	06:57.008	9	2,3,4,5,6,7,8,10,11,12,13,14,15	57	1
4815	06:57.010	2	3,4,5,6,7,8,9,16	5	3
4816	06:57.046	2	3,4,5,6,7,8,9,16	66	3
4817	06:57.049	16	1,2,3,4,5	5	2
4818	06:57.395	5	2,3,4,8,9,10,11,16	57	3
4819	06:57.397	16	1,2,3,4,5	5	2
4820	06:58.098	12	6,7,8,9,13,14,15	57	3
4821	06:58.100	6	2,3,7,8,9,12,13	5	2
4822	06:58.103	6	2,3,7,8,9,12,13	66	2
4823	06:58.106	3	2,4,5,6,7,8,9,10,16	5	4
4824	06:58.127	3	2,4,5,6,7,8,9,10,16	66	4
4825	06:58.130	16	1,2,3,4,5	5	2
4826	06:58.188	6	2,3,7,8,9,12,13	57	2
4827	06:58.190	3	2,4,5,6,7,8,9,10,16	5	4
4828	06:58.208	3	2,4,5,6,7,8,9,10,16	66	4
4829	06:58.211	16	1,2,3,4,5	5	2
4830	06:59.274	2	3,4,5,6,7,8,9,16	102	3
4831	06:59.278	5	2,3,4,8,9,10,11,16	5	3
4832	07:00.377	8	2,3,4,5,6,7,9,10,11,12,13,14,15	57	1
4833	07:00.379	3	2,4,5,6,7,8,9,10,16	5	4
4834	07:00.395	3	2,4,5,6,7,8,9,10,16	66	4
4835	07:00.398	16	1,2,3,4,5	5	2
4836	07:00.470	13	6,7,8,9,10,12,14,15	57	4
4837	07:00.472	6	2,3,7,8,9,12,13	5	2
4838	07:00.513	6	2,3,7,8,9,12,13	66	2
4839	07:00.516	3	2,4,5,6,7,8,9,10,16	5	4
4840	07:00.537	3	2,4,5,6,7,8,9,10,16	66	4
4841	07:00.540	16	1,2,3,4,5	5	2
4842	07:02.110	14	7,8,9,10,11,12,13,15	57	4
4843	07:02.112	8	2,3,4,5,6,7,9,10,11,12,13,14,15	5	1
4844	07:02.152	8	2,3,4,5,6,7,9,10,11,12,13,14,15	66	1
4845	07:02.155	3	2,4,5,6,7,8,9,10,16	5	4
4846	07:02.181	3	2,4,5,6,7,8,9,10,16	66	4
4847	07:02.184	16	1,2,3,4,5	5	2
4848	07:02.732	2	3,4,5,6,7,8,9,16	57	3
4849	07:02.734	16	1,2,3,4,5	5	2
4850	07:04.193	10	3,4,5,7,8,9,11,13,14,15	57	2
4851	07:04.195	3	2,4,5,6,7,8,9,10,16	5	4
4852	07:04.207	3	2,4,5,6,7,8,9,10,16	57	4
4853	07:04.209	16	1,2,3,4,5	5	2
4854	07:04.213	3	2,4,5,6,7,8,9,10,16	66	4
4855	07:04.216	16	1,2,3,4,5	5	2
4856	07:04.425	15	8,9,10,11,12,13,14	57	3
4857	07:04.427	8	2,3,4,5,6,7,9,10,11,12,13,14,15	5	1
4858	07:04.430	8	2,3,4,5,6,7,9,10,11,12,13,14,15	66	1
4859	07:04.433	3	2,4,5,6,7,8,9,10,16	5	4
4860	07:04.471	3	2,4,5,6,7,8,9,10,16	66	4
4861	07:04.474	16	1,2,3,4,5	5	2
4862	07:04.961	11	4,5,8,9,10,14,15	102	2
4863	07:04.965	8	2,3,4,5,6,7,9,10,11,12,13,14,15	5	1
4864	07:05.287	4	2,3,5,7,8,9,10,11,16	57	4
4865	07:05.289	16	1,2,3,4,5	5	2
4866	07:06.594	11	4,5,8,9,10,14,15	57	2
4867	07:06.596	4	2,3,5,7,8,9,10,11,16	5	4
4868	07:06.599	4	2,3,5,7,8,9,10,11,16	66	4
4869	07:06.602	16	1,2,3,4,5	5	2
4870	07:06.621	5	2,3,4,8,9,10,11,16	57	3
4871	07:06.623	16	1,2,3,4,5	5	2
4872	07:07.176	7	2,3,4,6,8,9,10,12,13,14	57	2
4873	07:07.178	4	2,3,5,7,8,9,10,11,16	5	4
4874	07:07.206	4	2,3,5,7,8,9,10,11,16	66	4
4875	07:07.209	16	1,2,3,4,5	5	2
4876	07:07.278	9	2,3,4,5,6,7,8,10,11,12,13,14,15	57	1
4877	07:07.280	2	3,4,5,6,7,8,9,16	5	3
4878	07:07.307	2	3,4,5,6,7,8,9,16	66	3
4879	07:07.310	16	1,2,3,4,5	5	2
4880	07:07.989	12	6,7,8,9,13,14,15	57	3
4881	07:07.991	6	2,3,7,8,9,12,13	5	2
4882	07:07.995	6	2,3,7,8,9,12,13	66	2
4883	07:07.998	3	2,4,5,6,7,8,9,10,16	5	4
4884	07:08.003	3	2,4,5,6,7,8,9,10,16	66	4
4885	07:08.006	16	1,2,3,4,5	5	2
4886	07:09.183	6	2,3,7,8,9,12,13	57	2
4887	07:09.185	3	2,4,5,6,7,8,9,10,16	5	4
4888	07:09.200	3	2,4,5,6,7,8,9,10,16	66	4
4889	07:09.203	16	1,2,3,4,5	5	2
4890	07:10.153	8	2,3,4,5,6,7,9,10,11,12,13,14,15	57	1
4891	07:10.155	3	2,4,5,6,7,8,9,10,16	5	4
4892	07:10.172	3	2,4,5,6,7,8,9,10,16	66	4
4893	07:10.175	16	1,2,3,4,5	5	2
4894	07:11.371	13	6,7,8,9,10,12,14,15	57	4
4895	07:11.373	6	2,3,7,8,9,12,13	5	2
4896	07:11.380	6	2,3,7,8,9,12,13	66	2
4897	07:11.383	3	2,4,5,6,7,8,9,10,16	5	4
4898	07:11.410	3	2,4,5,6,7,8,9,10,16	66	4
4899	07:11.413	16	1,2,3,4,5	5	2
4900	07:12.028	14	7,8,9,10,11,12,13,15	57	4
4901	07:12.030	8	2,3,4,5,6,7,9,10,11,12,13,14,15	5	1
4902	07:12.070	8	2,3,4,5,6,7,9,10,11,12,13,14,15	66	1
4903	07:12.073	3	2,4,5,6,7,8,9,10,16	5	4
4904	07:12.089	3	2,4,5,6,7,8,9,10,16	66	4
4905	07:12.092	16	1,2,3,4,5	5	2
4906	07:13.392	3	2,4,5,6,7,8,9,10,16	57	4
4907	07:13.394	16	1,2,3,4,5	5	2
4908	07:13.600	2	3,4,5,6,7,8,9,16	57	3
4909	07:13.602	16	1,2,3,4,5	5	2
4910	07:13.921	10	3,4,5,7,8,9,11,13,14,15	57	2
4911	07:13.923	3	2,4,5,6,7,8,9,10,16	5	4
4912	07:13.937	3	2,4,5,6,7,8,9,10,16	66	4
4913	07:13.940	16	1,2,3,4,5	5	2
4914	07:14.837	13	6,7,8,9,10,12,14,15	102	4
4915	07:14.841	15	8,9,10,11,12,13,14	5	3
4916	07:15.060	15	8,9,10,11,12,13,14	57	3
4917	07:15.062	8	2,3,4,5,6,7,9,10,11,12,13,14,15	5	1
4918	07:15.084	8	2,3,4,5,6,7,9,10,11,12,13,14,15	66	1
4919	07:15.087	3	2,4,5,6,7,8,9,10,16	5	4
4920	07:15.108	3	2,4,5,6,7,8,9,10,16	66	4
4921	07:15.111	16	1,2,3,4,5	5	2
4922	07:15.567	4	2,3,5,7,8,9,10,11,16	57	4
4923	07:15.569	16	1,2,3,4,5	5	2
4924	07:15.674	11	4,5,8,9,10,14,15	57	2
4925	07:15.676	4	2,3,5,7,8,9,10,11,16	5	4
4926	07:15.709	4	2,3,5,7,8,9,10,11,16	66	4
4927	07:15.712	16	1,2,3,4,5	5	2
4928	07:16.178	5	2,3,4,8,9,10,11,16	57	3
4929	07:16.180	16	1,2,3,4,5	5	2
4930	07:17.534	12	6,7,8,9,13,14,15	57	3
4931	07:17.536	6	2,3,7,8,9,12,13	5	2
4932	07:17.539	6	2,3,7,8,9,12,13	66	2
4933	07:17.542	3	2,4,5,6,7,8,9,10,16	5	4
4934	07:17.569	9	2,3,4,5,6,7,8,10,11,12,13,14,15	57	1
4935	07:17.571	2	3,4,5,6,7,8,9,16	5	3
4936	07:17.582	3	2,4,5,6,7,8,9,10,16	66	4
4937	07:17.585	16	1,2,3,4,5	5	2
4938	07:17.662	2	3,4,5,6,7,8,9,16	66	3
4939	07:17.665	16	1,2,3,4,5	5	2
4940	07:17.839	7	2,3,4,6,8,9,10,12,13,14	57	2
4941	07:17.841	4	2,3,5,7,8,9,10,11,16	5	4
4942	07:17.867	4	2,3,5,7,8,9,10,11,16	66	4
4943	07:17.870	16	1,2,3,4,5	5	2
4944	07:18.331	6	2,3,7,8,9,12,13	57	2
4945	07:18.333	3	2,4,5,6,7,8,9,10,16	5	4
4946	07:18.350	3	2,4,5,6,7,8,9,10,16	66	4
4947	07:18.353	16	1,2,3,4,5	5	2
4948	07:19.891	8	2,3,4,5,6,7,9,10,11,12,13,14,15	57	1
4949	07:19.893	3	2,4,5,6,7,8,9,10,16	5	4
4950	07:19.901	3	2,4,5,6,7,8,9,10,16	66	4
4951	07:19.904	16	1,2,3,4,5	5	2
4952	07:21.125	14	7,8,9,10,11,12,13,15	57	4
4953	07:21.127	8	2,3,4,5,6,7,9,10,11,12,13,14,15	5	1
4954	07:21.138	8	2,3,4,5,6,7,9,10,11,12,13,14,15	66	1
4955	07:21.141	3	2,4,5,6,7,8,9,10,16	5	4
4956	07:21.156	3	2,4,5,6,7,8,9,10,16	66	4
4957	07:21.159	16	1,2,3,4,5	5	2
4958	07:22.318	13	6,7,8,9,10,12,14,15	57	4
4959	07:22.320	6	2,3,7,8,9,12,13	5	2
4960	07:22.349	6	2,3,7,8,9,12,13	66	2
4961	07:22.352	3	2,4,5,6,7,8,9,10,16	5	4
4962	07:22.379	3	2,4,5,6,7,8,9,10,16	66	4
4963	07:22.382	16	1,2,3,4,5	5	2
4964	07:22.623	3	2,4,5,6,7,8,9,10,16	57	4
4965	07:22.625	16	1,2,3,4,5	5	2
4966	07:24.352	2	3,4,5,6,7,8,9,16	57	3
4967	07:24.354	16	1,2,3,4,5	5	2
4968	07:24.581	10	3,4,5,7,8,9,11,13,14,15	57	2
4969	07:24.583	3	2,4,5,6,7,8,9,10,16	5	4
4970	07:24.594	3	2,4,5,6,7,8,9,10,16	66	4
4971	07:24.597	16	1,2,3,4,5	5	2
4972	07:25.228	4	2,3,5,7,8,9,10,11,16	57	4
4973	07:25.230	16	1,2,3,4,5	5	2
4974	07:25.244	11	4,5,8,9,10,14,15	57	2
4975	07:25.246	4	2,3,5,7,8,9,10,11,16	5	4
4976	07:25.252	4	2,3,5,7,8,9,10,11,16	66	4
4977	07:25.255	16	1,2,3,4,5	5	2
4978	07:25.531	15	8,9,10,11,12,13,14	57	3
4979	07:25.533	8	2,3,4,5,6,7,9,10,11,12,13,14,15	5	1
4980	07:25.546	8	2,3,4,5,6,7,9,10,11,12,13,14,15	66	1
4981	07:25.549	3	2,4,5,6,7,8,9,10,16	5	4
4982	07:25.567	3	2,4,5,6,7,8,9,10,16	66	4
4983	07:25.570	16	1,2,3,4,5	5	2
4984	07:26.665	15	8,9,10,11,12,13,14	97	3
4985	07:26.741	12	6,7,8,9,13,14,15	102	3
4986	07:26.745	9	2,3,4,5,6,7,8,10,11,12,13,14,15	5	1
4987	07:27.161	5	2,3,4,8,9,10,11,16	57	3
4988	07:27.163	16	1,2,3,4,5	5	2
4989	07:27.206	12	6,7,8,9,13,14,15	57	3
4990	07:27.208	6	2,3,7,8,9,12,13	5	2
4991	07:27.218	6	2,3,7,8,9,12,13	66	2
4992	07:27.221	3	2,4,5,6,7,8,9,10,16	5	4
4993	07:27.255	3	2,4,5,6,7,8,9,10,16	66	4
4994	07:27.258	16	1,2,3,4,5	5	2
4995	07:27.746	6	2,3,7,8,9,12,13	57	2
4996	07:27.748	3	2,4,5,6,7,8,9,10,16	5	4
4997	07:27.751	3	2,4,5,6,7,8,9,10,16	66	4
4998	07:27.754	16	1,2,3,4,5	5	2
4999	07:27.793	8	2,3,4,5,6,7,9,10,11,12,13,14,15	102	1
5000	07:27.797	4	2,3,5,7,8,9,10,11,16	5	4
5001	07:27.986	7	2,3,4,6,8,9,10,12,13,14	57	2
5002	07:27.988	4	2,3,5,7,8,9,10,11,16	5	4
5003	07:28.016	4	2,3,5,7,8,9,10,11,16	66	4
5004	07:28.019	16	1,2,3,4,5	5	2
5005	07:28.327	9	2,3,4,5,6,7,8,10,11,12,13,14,15	57	1
5006	07:28.329	2	3,4,5,6,7,8,9,16	5	3
5007	07:28.341	2	3,4,5,6,7,8,9,16	66	3
5008	07:28.344	16	1,2,3,4,5	5	2
5009	07:28.750	6	2,3,7,8,9,12,13	102	2
5010	07:28.754	7	2,3,4,6,8,9,10,12,13,14	5	2
5011	07:29.386	15	8,9,10,11,12,13,14	102	3
5012	07:29.390	9	2,3,4,5,6,7,8,10,11,12,13,14,15	5	1
5013	07:30.435	8	2,3,4,5,6,7,9,10,11,12,13,14,15	57	1
5014	07:30.437	3	2,4,5,6,7,8,9,10,16	5	4
5015	07:30.446	3	2,4,5,6,7,8,9,10,16	66	4
5016	07:30.449	16	1,2,3,4,5	5	2
5017	07:31.165	14	7,8,9,10,11,12,13,15	57	4
5018	07:31.167	8	2,3,4,5,6,7,9,10,11,12,13,14,15	5	1
5019	07:31.173	8	2,3,4,5,6,7,9,10,11,12,13,14,15	66	1
5020	07:31.176	3	2,4,5,6,7,8,9,10,16	5	4
5021	07:31.179	3	2,4,5,6,7,8,9,10,16	66	4
5022	07:31.182	16	1,2,3,4,5	5	2
5023	07:31.880	13	6,7,8,9,10,12,14,15	57	4
5024	07:31.882	6	2,3,7,8,9,12,13	5	2
5025	07:31.902	6	2,3,7,8,9,12,13	66	2
5026	07:31.905	3	2,4,5,6,7,8,9,10,16	5	4
5027	07:31.912	3	2,4,5,6,7,8,9,10,16	66	4
5028	07:31.915	16	1,2,3,4,5	5	2
5029	07:32.998	3	2,4,5,6,7,8,9,10,16	57	4
5030	07:33.000	16	1,2,3,4,5	5	2
5031	07:33.704	10	3,4,5,7,8,9,11,13,14,15	57	2
5032	07:33.706	3	2,4,5,6,7,8,9,10,16	5	4
5033	07:33.734	3	2,4,5,6,7,8,9,10,16	66	4
5034	07:33.737	16	1,2,3,4,5	5	2
5035	07:34.162	2	3,4,5,6,7,8,9,16	57	3
5036	07:34.164	16	1,2,3,4,5	5	2
5037	07:35.158	11	4,5,8,9,10,14,15	57	2
5038	07:35.160	4	2,3,5,7,8,9,10,11,16	5	4
5039	07:35.185	4	2,3,5,7,8,9,10,11,16	66	4
5040	07:35.188	16	1,2,3,4,5	5	2
5041	07:35.351	4	2,3,5,7,8,9,10,11,16	57	4
5042	07:35.353	16	1,2,3,4,5	5	2
5043	07:36.358	15	8,9,10,11,12,13,14	57	3
5044	07:36.360	8	2,3,4,5,6,7,9,10,11,12,13,14,15	5	1
5045	07:36.379	8	2,3,4,5,6,7,9,10,11,12,13,14,15	66	1
5046	07:36.382	3	2,4,5,6,7,8,9,10,16	5	4
5047	07:36.399	3	2,4,5,6,7,8,9,10,16	66	4
5048	07:36.402	16	1,2,3,4,5	5	2
5049	07:36.783	6	2,3,7,8,9,12,13	57	2
5050	07:36.785	3	2,4,5,6,7,8,9,10,16	5	4
5051	07:36.802	3	2,4,5,6,7,8,9,10,16	66	4
5052	07:36.805	16	1,2,3,4,5	5	2
5053	07:37.112	7	2,3,4,6,8,9,10,12,13,14	57	2
5054	07:37.114	4	2,3,5,7,8,9,10,11,16	5	4
5055	07:37.119	4	2,3,5,7,8,9,10,11,16	66	4
5056	07:37.122	16	1,4,5	5	4
5057	07:37.122	12	6,7,8,9,13,14,15	57	3
5058	07:37.124	6	2,3,7,8,9,12,13	5	2
5059	07:37.163	6	2,3,7,8,9,12,13	66	2
5060	07:37.166	3	2,4,5,6,7,8,9,10,16	5	4
5061	07:37.179	3	2,4,5,6,7,8,9,10,16	66	4
5062	07:37.182	16	1,2,3,4,5	5	2
5063	07:38.018	5	2,3,4,8,9,10,11,16	57	3
5064	07:38.020	16	1,2,3,4,5	5	2
5065	07:38.427	9	2,3,4,5,6,7,8,10,11,12,13,14,15	57	1
5066	07:38.429	2	3,4,5,6,7,8,9,16	5	3
5067	07:38.459	2	3,4,5,6,7,8,9,16	66	3
5068	07:38.462	16	1,2,3,4,5	5	2
5069	07:39.025	4	2,3,5,7,8,9,10,11,16	97	4
5070	07:39.116	4	2,3,5,7,8,9,10,11,16	102	4
5071	07:39.120	9	2,3,4,5,6,7,8,10,11,12,13,14,15	5	1
5072	07:40.355	8	2,3,4,5,6,7,9,10,11,12,13,14,15	57	1
5073	07:40.357	3	2,4,5,6,7,8,9,10,16	5	4
5074	07:40.366	3	2,4,5,6,7,8,9,10,16	66	4
5075	07:40.369	16	1,2,3,4,5	5	2
5076	07:41.912	13	6,7,8,9,10,12,14,15	57	4
5077	07:41.914	6	2,3,7,8,9,12,13	5	2
5078	07:41.924	6	2,3,7,8,9,12,13	66	2
5079	07:41.927	3	2,4,5,6,7,8,9,10,16	5	4
5080	07:41.928	14	7,8,9,10,11,12,13,15	57	4
5081	07:41.930	8	2,3,4,5,6,7,9,10,11,12,13,14,15	5	1
5082	07:41.934	8	2,3,4,5,6,7,9,10,11,12,13,14,15	66	1
5083	07:41.937	3	2,4,5,6,7,8,9,10,16	5	4
5084	07:41.959	3	2,4,5,6,7,8,9,10,16	66	4
5085	07:41.962	16	1,2,3,4,5	5	2
5086	07:41.983	3	2,4,5,6,7,8,9,10,16	66	4
5087	07:41.986	16	1,2,3,4,5	5	2
5088	07:42.324	3	2,4,5,6,7,8,9,10,16	57	4
5089	07:42.326	16	1,2,3,4,5	5	2
5090	07:43.738	10	3,4,5,7,8,9,11,13,14,15	57	2
5091	07:43.740	3	2,4,5,6,7,8,9,10,16	5	4
5092	07:43.751	3	2,4,5,6,7,8,9,10,16	66	4
5093	07:43.754	16	1,2,3,4,5	5	2
5094	07:44.064	2	3,4,5,6,7,8,9,16	57	3
5095	07:44.066	16	1,2,3,4,5	5	2
5096	07:45.344	11	4,5,8,9,10,14,15	57	2
5097	07:45.346	4	2,3,5,7,8,9,10,11,16	5	4
5098	07:45.361	4	2,3,5,7,8,9,10,11,16	66	4
5099	07:45.364	16	1,2,3,4,5	5	2
5100	07:46.077	15	8,9,10,11,12,13,14	57	3
5101	07:46.079	8	2,3,4,5,6,7,9,10,11,12,13,14,15	5	1
5102	07:46.120	8	2,3,4,5,6,7,9,10,11,12,13,14,15	66	1
5103	07:46.123	3	2,4,5,6,7,8,9,10,16	5	4
5104	07:46.138	4	5,10,11,16	57	9
5105	07:46.139	6	12	57	8
5106	07:46.140	16	1,5	5	5
5107	07:46.151	3	2,4,5,6,7,8,9,10,16	66	4
5108	07:46.154	16	1,2,3,4,5	5	2
5109	07:46.161	6	2,3,7,8,9,12,13	57	2
5110	07:46.162	4	2,3,5,7,8,9,10,11,16	57	4
5111	07:46.165	16	1,2,3,4,5	5	2
5112	07:46.178	6	2,3,7,8,9,12,13	57	2
5113	07:46.180	3	2,4,5,6,7,8,9,10,16	5	4
5114	07:46.200	3	2,4,5,6,7,8,9,10,16	66	4
5115	07:46.203	16	1,2,3,4,5	5	2
5116	07:46.817	12	6,7,8,9,13,14,15	57	3
5117	07:46.819	6	2,3,7,8,9,12,13	5	2
5118	07:46.848	6	2,3,7,8,9,12,13	66	2
5119	07:46.851	3	2,4,5,6,7,8,9,10,16	5	4
5120	07:46.864	3	2,4,5,6,7,8,9,10,16	66	4
5121	07:46.867	16	1,2,3,4,5	5	2
5122	07:47.457	9	2,3,4,5,6,7,8,10,11,12,13,14,15	57	1
5123	07:47.459	2	3,4,5,6,7,8,9,16	5	3
5124	07:47.502	2	3,4,5,6,7,8,9,16	66	3
5125	07:47.505	16	1,2,3,4,5	5	2
5126	07:47.678	7	2,3,4,6,8,9,10,12,13,14	57	2
5127	07:47.680	4	2,3,5,7,8,9,10,11,16	5	4
5128	07:47.700	4	2,3,5,7,8,9,10,11,16	66	4
5129	07:47.703	16	1,2,3,4,5	5	2
5130	07:48.922	5	2,3,4,8,9,10,11,16	57	3
5131	07:48.924	16	1,2,3,4,5	5	2
5132	07:50.523	8	2,3,4,5,6,7,9,10,11,12,13,14,15	57	1
5133	07:50.525	3	2,4,5,6,7,8,9,10,16	5	4
5134	07:50.554	3	2,4,5,6,7,8,9,10,16	66	4
5135	07:50.557	16	1,2,3,4,5	5	2
5136	07:51.329	13	6,7,8,9,10,12,14,15	57	4
5137	07:51.331	6	2,3,7,8,9,12,13	5	2
5138	07:51.353	6	2,3,7,8,9,12,13	66	2
5139	07:51.356	3	2,4,5,6,7,8,9,10,16	5	4
5140	07:51.372	3	2,4,5,6,7,8,9,10,16	66	4
5141	07:51.375	16	1,2,3,4,5	5	2
5142	07:51.887	9	2,3,4,5,6,7,8,10,11,12,13,14,15	102	1
5143	07:51.891	6	2,3,7,8,9,12,13	5	2
5144	07:52.514	3	2,4,5,6,7,8,9,10,16	57	4
5145	07:52.516	16	1,2,3,4,5	5	2
5146	07:52.726	14	7,8,9,10,11,12,13,15	57	4
5147	07:52.728	8	2,3,4,5,6,7,9,10,11,12,13,14,15	5	1
5148	07:52.746	8	2,3,4,5,6,7,9,10,11,12,13,14,15	66	1
5149	07:52.749	3	2,4,5,6,7,8,9,10,16	5	4
5150	07:52.758	3	2,4,5,6,7,8,9,10,16	66	4
5151	07:52.761	16	1,2,3,4,5	5	2
5152	07:53.015	10	3,4,5,7,8,9,11,13,14,15	57	2
5153	07:53.017	3	2,4,5,6,7,8,9,10,16	5	4
5154	07:53.027	12	6,7,8,9,13,14,15	97	3
5155	07:53.037	3	2,4,5,6,7,8,9,10,16	66	4
5156	07:53.040	16	1,2,3,4,5	5	2
5157	07:53.752	6	2,3,7,8,9,12,13	97	2
5158	07:54.529	11	4,5,8,9,10,14,15	57	2
5159	07:54.531	4	2,3,5,7,8,9,10,11,16	5	4
5160	07:54.547	4	2,3,5,7,8,9,10,11,16	66	4
5161	07:54.550	16	1,2,3,4,5	5	2
5162	07:55.031	2	3,4,5,6,7,8,9,16	57	3
5163	07:55.033	16	1,2,3,4,5	5	2
5164	07:55.288	4	2,3,5,7,8,9,10,11,16	57	4
5165	07:55.290	16	1,2,3,4,5	5	2
5166	07:55.738	15	8,9,10,11,12,13,14	57	3
5167	07:55.740	8	2,3,4,5,6,7,9,10,11,12,13,14,15	5	1
5168	07:55.770	8	2,3,4,5,6,7,9,10,11,12,13,14,15	66	1
5169	07:55.773	3	2,4,5,6,7,8,9,10,16	5	4
5170	07:55.783	3	2,4,5,6,7,8,9,10,16	66	4
5171	07:55.786	16	1,2,3,4,5	5	2
5172	07:55.979	6	2,3,7,8,9,12,13	57	2
5173	07:55.981	3	2,4,5,6,7,8,9,10,16	5	4
5174	07:56.022	3	2,4,5,6,7,8,9,10,16	66	4
5175	07:56.025	16	1,2,3,4,5	5	2
5176	07:56.082	12	6,7,8,9,13,14,15	57	3
5177	07:56.084	6	2,3,7,8,9,12,13	5	2
5178	07:56.104	6	2,3,7,8,9,12,13	66	2
5179	07:56.107	3	2,4,5,6,7,8,9,10,16	5	4
5180	07:56.150	3	2,4,5,6,7,8,9,10,16	66	4
5181	07:56.153	16	1,2,3,4,5	5	2
5182	07:57.164	9	2,3,4,5,6,7,8,10,11,12,13,14,15	57	1
5183	07:57.166	2	3,4,5,6,7,8,9,16	5	3
5184	07:57.179	2	3,4,5,6,7,8,9,16	66	3
5185	07:57.182	16	1,2,3,4,5	5	2
5186	07:57.461	7	2,3,4,6,8,9,10,12,13,14	102	2
5187	07:57.465	3	2,4,5,6,7,8,9,10,16	5	4
5188	07:57.537	7	2,3,4,6,8,9,10,12,13,14	57	2
5189	07:57.539	4	2,3,5,7,8,9,10,11,16	5	4
5190	07:57.547	4	2,3,5,7,8,9,10,11,16	66	4
5191	07:57.550	16	1,2,3,4,5	5	2
5192	07:58.805	5	2,3,4,8,9,10,11,16	57	3
5193	07:58.807	16	1,2,3,4,5	5	2
5194	08:00.061	8	2,3,4,5,6,7,9,10,11,12,13,14,15	57	1
5195	08:00.063	3	2,4,5,6,7,8,9,10,16	5	4
5196	08:00.105	3	2,4,5,6,7,8,9,10,16	66	4
5197	08:00.108	16	1,2,3,4,5	5	2
5198	08:01.314	7	2,3,4,6,8,9,10,12,13,14	97	2
5199	08:01.559	3	2,4,5,6,7,8,9,10,16	57	4
5200	08:01.561	16	1,2,3,4,5	5	2
5201	08:02.147	13	6,7,8,9,10,12,14,15	57	4
5202	08:02.149	6	2,3,7,8,9,12,13	5	2
5203	08:02.159	6	2,3,7,8,9,12,13	66	2
5204	08:02.162	3	2,4,5,6,7,8,9,10,16	5	4
5205	08:02.179	3	2,4,5,6,7,8,9,10,16	66	4
5206	08:02.182	16	1,2,3,4,5	5	2
5207	08:02.208	10	3,4,5,7,8,9,11,13,14,15	102	2
5208	08:02.212	4	2,3,5,7,8,9,10,11,16	5	4
5209	08:02.215	10	3,4,5,7,8,9,11,13,14,15	57	2
5210	08:02.218	3	2,4,5,6,7,8,9,10,16	5	4
5211	08:02.225	14	7,8,9,10,11,12,13,15	57	4
5212	08:02.227	8	2,3,4,5,6,7,9,10,11,12,13,14,15	5	1
5213	08:02.232	8	2,3,4,5,6,7,9,10,11,12,13,14,15	66	1
5214	08:02.235	3	2,4,5,6,7,8,9,10,16	5	4
5215	08:02.247	3	2,4,5,6,7,8,9,10,16	66	4
5216	08:02.250	16	1,2,3,4,5	5	2
5217	08:02.277	3	2,4,5,6,7,8,9,10,16	66	4
5218	08:02.280	16	1,2,3,4,5	5	2
5219	08:02.785	3	2,4,5,6,7,8,9,10,16	102	4
5220	08:02.789	5	2,3,4,8,9,10,11,16	5	3
5221	08:04.425	5	2,3,4,8,9,10,11,16	102	3
5222	08:04.429	2	3,4,5,6,7,8,9,16	5	3
5223	08:04.689	11	4,5,8,9,10,14,15	57	2
5224	08:04.691	4	2,3,5,7,8,9,10,11,16	5	4
5225	08:04.700	4	2,3,5,7,8,9,10,11,16	66	4
5226	08:04.703	16	1,2,3,4,5	5	2
5227	08:05.150	2	3,4,5,6,7,8,9,16	57	3
5228	08:05.152	16	1,2,3,4,5	5	2
5229	08:05.346	6	2,3,7,8,9,12,13	57	2
5230	08:05.348	3	2,4,5,6,7,8,9,10,16	5	4
5231	08:05.364	3	2,4,5,6,7,8,9,10,16	66	4
5232	08:05.367	16	1,2,3,4,5	5	2
5233	08:05.874	12	6,7,8,9,13,14,15	57	3
5234	08:05.876	6	2,3,7,8,9,12,13	5	2
5235	08:05.901	6	2,3,7,8,9,12,13	66	2
5236	08:05.904	3	2,4,5,6,7,8,9,10,16	5	4
5237	08:05.911	3	2,4,5,6,7,8,9,10,16	66	4
5238	08:05.914	16	1,2,3,4,5	5	2
5239	08:06.249	4	2,3,5,7,8,9,10,11,16	57	4
5240	08:06.251	16	1,2,3,4,5	5	2
5241	08:06.262	15	8,9,10,11,12,13,14	57	3
5242	08:06.264	8	2,3,4,5,6,7,9,10,11,12,13,14,15	5	1
5243	08:06.268	8	2,3,4,5,6,7,9,10,11,12,13,14,15	66	1
5244	08:06.271	3	2,4,5,6,7,8,9,10,16	5	4
5245	08:06.298	3	2,4,5,6,7,8,9,10,16	66	4
5246	08:06.301	16	1,2,3,4,5	5	2
5247	08:07.544	9	2,3,4,5,6,7,8,10,11,12,13,14,15	57	1
5248	08:07.546	2	3,4,5,6,7,8,9,16	5	3
5249	08:07.549	2	3,4,5,6,7,8,9,16	66	3
5250	08:07.552	16	1,2,3,4,5	5	2
5251	08:08.233	7	2,3,4,6,8,9,10,12,13,14	57	2
5252	08:08.235	4	2,3,5,7,8,9,10,11,16	5	4
5253	08:08.259	4	2,3,5,7,8,9,10,11,16	66	4
5254	08:08.262	16	1,2,3,4,5	5	2
5255	08:08.399	14	7,8,9,10,11,12,13,15	102	4
5256	08:08.403	10	3,4,5,7,8,9,11,13,14,15	5	2
5257	08:08.634	11	4,5,8,9,10,14,15	97	2
5258	08:08.815	5	2,3,4,8,9,10,11,16	57	3
5259	08:08.817	16	1,2,3,4,5	5	2
5260	08:10.393	8	2,3,4,5,6,7,9,10,11,12,13,14,15	57	1
5261	08:10.395	3	2,4,5,6,7,8,9,10,16	5	4
5262	08:10.428	3	2,4,5,6,7,8,9,10,16	66	4
5263	08:10.431	16	1,2,3,4,5	5	2
5264	08:10.468	16	1,2,3,4,5	97	2
5265	08:10.649	3	2,4,5,6,7,8,9,10,16	57	4
5266	08:10.651	16	1,2,3,4,5	5	2
5267	08:11.344	14	7,8,9,10,11,12,13,15	57	4
5268	08:11.346	8	2,3,4,5,6,7,9,10,11,12,13,14,15	5	1
5269	08:11.370	8	2,3,4,5,6,7,9,10,11,12,13,14,15	66	1
5270	08:11.373	3	2,4,5,6,7,8,9,10,16	5	4
5271	08:11.413	3	2,4,5,6,7,8,9,10,16	66	4
5272	08:11.416	16	1,2,3,4,5	5	2
5273	08:11.534	1	16	97	0
5274	08:11.551	2	3,4,5,6,7,8,9,16	97	3
5275	08:12.041	10	3,4,5,7,8,9,11,13,14,15	57	2
5276	08:12.043	3	2,4,5,6,7,8,9,10,16	5	4
5277	08:12.057	3	2,4,5,6,7,8,9,10,16	66	4
5278	08:12.060	16	1,2,3,4,5	5	2
5279	08:12.494	13	6,7,8,9,10,12,14,15	57	4
5280	08:12.496	6	2,3,7,8,9,12,13	5	2
5281	08:12.523	6	2,3,7,8,9,12,13	66	2
5282	08:12.526	3	2,4,5,6,7,8,9,10,16	5	4
5283	08:12.558	3	2,4,5,6,7,8,9,10,16	66	4
5284	08:12.561	16	1,2,3,4,5	5	2
5285	08:13.524	8	2,3,4,5,6,7,9,10,11,12,13,14,15	102	1
5286	08:13.528	4	2,3,5,7,8,9,10,11,16	5	4
5287	08:14.287	11	4,5,8,9,10,14,15	57	2
5288	08:14.289	4	2,3,5,7,8,9,10,11,16	5	4
5289	08:14.295	4	2,3,5,7,8,9,10,11,16	66	4
5290	08:14.298	16	1,2,3,4,5	5	2
5291	08:15.237	15	8,9,10,11,12,13,14	57	3
5292	08:15.239	8	2,3,4,5,6,7,9,10,11,12,13,14,15	5	1
5293	08:15.246	2	3,4,5,6,7,8,9,16	57	3
5294	08:15.248	16	1,2,3,4,5	5	2
5295	08:15.260	8	2,3,4,5,6,7,9,10,11,12,13,14,15	66	1
5296	08:15.263	3	2,4,5,6,7,8,9,10,16	5	4
5297	08:15.286	3	2,4,5,6,7,8,9,10,16	66	4
5298	08:15.289	16	1,2,3,4,5	5	2
5299	08:15.294	4	2,3,5,7,8,9,10,11,16	57	4
5300	08:15.296	16	1,2,3,4,5	5	2
5301	08:15.377	6	2,3,7,8,9,12,13	57	2
5302	08:15.379	3	2,4,5,6,7,8,9,10,16	5	4
5303	08:15.387	3	2,4,5,6,7,8,9,10,16	66	4
5304	08:15.390	16	1,2,3,4,5	5	2
5305	08:16.053	13	6,7,8,9,10,12,14,15	102	4
5306	08:16.057	7	2,3,4,6,8,9,10,12,13,14	5	2
5307	08:16.481	12	6,7,8,9,13,14,15	57	3
5308	08:16.483	6	2,3,7,8,9,12,13	5	2
5309	08:16.520	6	2,3,7,8,9,12,13	66	2
5310	08:16.523	3	2,4,5,6,7,8,9,10,16	5	4
5311	08:16.561	3	2,4,5,6,7,8,9,10,16	66	4
5312	08:16.564	16	1,2,3,4,5	5	2
5313	08:16.692	9	2,3,4,5,6,7,8,10,11,12,13,14,15	57	1
5314	08:16.694	2	3,4,5,6,7,8,9,16	5	3
5315	08:16.712	2	3,4,5,6,7,8,9,16	66	3
5316	08:16.715	16	1,2,3,4,5	5	2
5317	08:18.482	7	2,3,4,6,8,9,10,12,13,14	57	2
5318	08:18.484	4	2,3,5,7,8,9,10,11,16	5	4
5319	08:18.507	4	2,3,5,7,8,9,10,11,16	66	4
5320	08:18.510	16	1,2,3,4,5	5	2
5321	08:19.295	5	2,3,4,8,9,10,11,16	57	3
5322	08:19.297	16	1,2,3,4,5	5	2
5323	08:20.576	8	2,3,4,5,6,7,9,10,11,12,13,14,15	57	1
5324	08:20.578	3	2,4,5,6,7,8,9,10,16	5	4
5325	08:20.619	3	2,4,5,6,7,8,9,10,16	66	4
5326	08:20.622	16	1,2,3,4,5	5	2
5327	08:20.732	14	7,8,9,10,11,12,13,15	57	4
5328	08:20.734	8	2,3,4,5,6,7,9,10,11,12,13,14,15	5	1
5329	08:20.739	3	2,4,5,6,7,8,9,10,16	57	4
5330	08:20.741	16	1,2,3,4,5	5	2
5331	08:20.772	8	2,3,4,5,6,7,9,10,11,12,13,14,15	66	1
5332	08:20.775	3	2,4,5,6,7,8,9,10,16	5	4
5333	08:20.804	3	2,4,5,6,7,8,9,10,16	66	4
5334	08:20.807	16	1,2,3,4,5	5	2
5335	08:21.564	15	8,9,10,11,12,13,14	102	3
5336	08:21.568	9	2,3,4,5,6,7,8,10,11,12,13,14,15	5	1
5337	08:22.429	13	6,7,8,9,10,12,14,15	57	4
5338	08:22.431	6	2,3,7,8,9,12,13	5	2
5339	08:22.472	6	2,3,7,8,9,12,13	66	2
5340	08:22.475	3	2,4,5,6,7,8,9,10,16	5	4
5341	08:22.506	3	2,4,5,6,7,8,9,10,16	66	4
5342	08:22.509	16	1,2,3,4,5	5	2
5343	08:22.785	10	3,4,5,7,8,9,11,13,14,15	57	2
5344	08:22.787	3	2,4,5,6,7,8,9,10,16	5	4
5345	08:22.810	3	2,4,5,6,7,8,9,10,16	66	4
5346	08:22.813	16	1,2,3,4,5	5	2
5347	08:24.296	11	4,5,8,9,10,14,15	57	2
5348	08:24.298	4	2,3,5,7,8,9,10,11,16	5	4
5349	08:24.340	4	2,3,5,7,8,9,10,11,16	66	4
5350	08:24.343	16	1,2,3,4,5	5	2
5351	08:24.832	6	2,3,7,8,9,12,13	57	2
5352	08:24.834	3	2,4,5,6,7,8,9,10,16	5	4
5353	08:24.857	3	2,4,5,6,7,8,9,10,16	66	4
5354	08:24.860	16	1,2,3,4,5	5	2
5355	08:25.358	8	2,3,4,5,6,7,9,10,11,12,13,14,15	97	1
5356	08:25.824	15	8,9,10,11,12,13,14	57	3
5357	08:25.826	8	2,3,4,5,6,7,9,10,11,12,13,14,15	5	1
5358	08:25.864	8	2,3,4,5,6,7,9,10,11,12,13,14,15	66	1
5359	08:25.867	3	2,4,5,6,7,8,9,10,16	5	4
5360	08:25.901	3	2,4,5,6,7,8,9,10,16	66	4
5361	08:25.904	16	1,2,3,4,5	5	2
5362	08:25.929	12	6,7,8,9,13,14,15	57	3
5363	08:25.931	6	2,3,7,8,9,12,13	5	2
5364	08:25.966	6	2,3,7,8,9,12,13	66	2
5365	08:25.969	3	2,4,5,6,7,8,9,10,16	5	4
5366	08:25.991	2	3,4,5,6,7,8,9,16	57	3
5367	08:25.993	16	1,2,3,4,5	5	2
5368	08:26.006	3	2,4,5,6,7,8,9,10,16	66	4
5369	08:26.009	16	1,2,3,4,5	5	2
5370	08:26.112	9	2,3,4,5,6,7,8,10,11,12,13,14,15	57	1
5371	08:26.114	2	3,4,5,6,7,8,9,16	5	3
5372	08:26.135	2	3,4,5,6,7,8,9,16	66	3
5373	08:26.138	16	1,2,3,4,5	5	2
5374	08:26.180	4	2,3,5,7,8,9,10,11,16	57	4
5375	08:26.182	16	1,2,3,4,5	5	2
5376	08:27.268	2	3,4,5,6,7,8,9,16	102	3
5377	08:27.272	5	2,3,4,8,9,10,11,16	5	3
5378	08:28.271	7	2,3,4,6,8,9,10,12,13,14	57	2
5379	08:28.273	4	2,3,5,7,8,9,10,11,16	5	4
5380	08:28.276	4	2,3,5,7,8,9,10,11,16	66	4
5381	08:28.279	16	1,2,3,4,5	5	2
5382	08:28.354	9	2,3,4,5,6,7,8,10,11,12,13,14,15	97	1
5383	08:29.730	5	2,3,4,8,9,10,11,16	57	3
5384	08:29.732	16	1,2,3,4,5	5	2
5385	08:30.798	8	2,3,4,5,6,7,9,10,11,12,13,14,15	57	1
5386	08:30.800	3	2,4,5,6,7,8,9,10,16	5	4
5387	08:30.805	3	2,4,5,6,7,8,9,10,16	66	4
5388	08:30.808	16	1,2,3,4,5	5	2
5389	08:31.222	14	7,8,9,10,11,12,13,15	57	4
5390	08:31.224	8	2,3,4,5,6,7,9,10,11,12,13,14,15	5	1
5391	08:31.239	8	2,3,4,5,6,7,9,10,11,12,13,14,15	66	1
5392	08:31.242	3	2,4,5,6,7,8,9,10,16	5	4
5393	08:31.271	3	2,4,5,6,7,8,9,10,16	66	4
5394	08:31.274	16	1,2,3,4,5	5	2
5395	08:31.389	3	2,4,5,6,7,8,9,10,16	57	4
5396	08:31.391	16	1,2,3,4,5	5	2
5397	08:32.844	13	6,7,8,9,10,12,14,15	57	4
5398	08:32.846	6	2,3,7,8,9,12,13	5	2
5399	08:32.855	6	2,3,7,8,9,12,13	66	2
5400	08:32.858	3	2,4,5,6,7,8,9,10,16	5	4
5401	08:32.876	3	2,4,5,6,7,8,9,10,16	66	4
5402	08:32.879	16	1,2,3,4,5	5	2
5403	08:33.049	10	3,4,5,7,8,9,11,13,14,15	57	2
5404	08:33.051	3	2,4,5,6,7,8,9,10,16	5	4
5405	08:33.072	3	2,4,5,6,7,8,9,10,16	66	4
5406	08:33.075	16	1,2,3,4,5	5	2
5407	08:33.724	11	4,5,8,9,10,14,15	57	2
5408	08:33.726	4	2,3,5,7,8,9,10,11,16	5	4
5409	08:33.743	4	2,3,5,7,8,9,10,11,16	66	4
5410	08:33.746	16	1,2,3,4,5	5	2
5411	08:33.945	6	2,3,7,8,9,12,13	57	2
5412	08:33.947	3	2,4,5,6,7,8,9,10,16	5	4
5413	08:33.955	3	2,4,5,6,7,8,9,10,16	66	4
5414	08:33.958	16	1,2,3,4,5	5	2
5415	08:35.043	15	8,9,10,11,12,13,14	57	3
5416	08:35.045	8	2,3,4,5,6,7,9,10,11,12,13,14,15	5	1
5417	08:35.049	2	3,4,5,6,7,8,9,16	57	3
5418	08:35.051	16	1,2,3,4,5	5	2
5419	08:35.101	8	2,3,4,5,6,7,9,10,11,12,13,14,15	66	1
5420	08:35.104	3	2,4,5,6,7,8,9,10,16	5	4
5421	08:35.126	3	2,4,5,6,7,8,9,10,16	66	4
5422	08:35.129	16	1,2,3,4,5	5	2
5423	08:35.949	9	2,3,4,5,6,7,8,10,11,12,13,14,15	57	1
5424	08:35.951	2	3,4,5,6,7,8,9,16	5	3
5425	08:35.960	12	6,7,8,9,13,14,15	57	3
5426	08:35.962	6	2,3,7,8,9,12,13	5	2
5427	08:35.971	4	2,3,5,7,8,9,10,11,16	57	4
5428	08:35.973	16	1,2,3,4,5	5	2
5429	08:35.975	6	2,3,7,8,9,12,13	66	2
5430	08:35.978	3	2,4,5,6,7,8,9,10,16	5	4
5431	08:35.992	2	3,4,5,6,7,8,9,16	66	3
5432	08:35.995	16	1,2,3,4,5	5	2
5433	08:36.020	3	2,4,5,6,7,8,9,10,16	66	4
5434	08:36.023	16	1,2,3,4,5	5	2
5435	08:37.769	7	2,3,4,6,8,9,10,12,13,14	57	2
5436	08:37.771	4	2,3,5,7,8,9,10,11,16	5	4
5437	08:37.780	4	2,3,5,7,8,9,10,11,16	66	4
5438	08:37.783	16	1,2,3,4,5	5	2
5439	08:40.029	8	2,3,4,5,6,7,9,10,11,12,13,14,15	57	1
5440	08:40.031	3	2,4,5,6,7,8,9,10,16	5	4
5441	08:40.042	3	2,4,5,6,7,8,9,10,16	66	4
5442	08:40.045	16	1,2,3,4,5	5	2
5443	08:40.573	3	2,4,5,6,7,8,9,10,16	57	4
5444	08:40.575	16	1,2,3,4,5	5	2
5445	08:40.617	5	2,3,4,8,9,10,11,16	57	3
5446	08:40.619	16	1,2,3,4,5	5	2
5447	08:41.369	14	7,8,9,10,11,12,13,15	57	4
5448	08:41.371	8	2,3,4,5,6,7,9,10,11,12,13,14,15	5	1
5449	08:41.385	8	2,3,4,5,6,7,9,10,11,12,13,14,15	66	1
5450	08:41.388	3	2,4,5,6,7,8,9,10,16	5	4
5451	08:41.406	3	2,4,5,6,7,8,9,10,16	66	4
5452	08:41.409	16	1,2,3,4,5	5	2
5453	08:42.079	13	6,7,8,9,10,12,14,15	57	4
5454	08:42.081	6	2,3,7,8,9,12,13	5	2
5455	08:42.087	6	2,3,7,8,9,12,13	66	2
5456	08:42.090	3	2,4,5,6,7,8,9,10,16	5	4
5457	08:42.123	3	2,4,5,6,7,8,9,10,16	66	4
5458	08:42.126	16	1,2,3,4,5	5	2
5459	08:42.258	10	3,4,5,7,8,9,11,13,14,15	57	2
5460	08:42.260	3	2,4,5,6,7,8,9,10,16	5	4
5461	08:42.293	3	2,4,5,6,7,8,9,10,16	66	4
5462	08:42.296	16	1,2,3,4,5	5	2
5463	08:43.088	11	4,5,8,9,10,14,15	57	2
5464	08:43.090	4	2,3,5,7,8,9,10,11,16	5	4
5465	08:43.107	4	2,3,5,7,8,9,10,11,16	66	4
5466	08:43.110	16	1,2,3,4,5	5	2
5467	08:44.614	6	2,3,7,8,9,12,13	57	2
5468	08:44.616	3	2,4,5,6,7,8,9,10,16	5	4
5469	08:44.624	3	2,4,5,6,7,8,9,10,16	66	4
5470	08:44.627	16	1,2,3,4,5	5	2
5471	08:45.197	15	8,9,10,11,12,13,14	57	3
5472	08:45.199	8	2,3,4,5,6,7,9,10,11,12,13,14,15	5	1
5473	08:45.203	8	2,3,4,5,6,7,9,10,11,12,13,14,15	66	1
5474	08:45.206	3	2,4,5,6,7,8,9,10,16	5	4
5475	08:45.224	3	2,4,5,6,7,8,9,10,16	66	4
5476	08:45.227	16	1,2,3,4,5	5	2
5477	08:45.575	2	3,4,5,6,7,8,9,16	57	3
5478	08:45.577	16	1,2,3,4,5	5	2
5479	08:45.683	9	2,3,4,5,6,7,8,10,11,12,13,14,15	57	1
5480	08:45.685	2	3,4,5,6,7,8,9,16	5	3
5481	08:45.688	2	3,4,5,6,7,8,9,16	66	3
5482	08:45.691	16	1,2,3,4,5	5	2
5483	08:45.986	12	6,7,8,9,13,14,15	57	3
5484	08:45.988	6	2,3,7,8,9,12,13	5	2
5485	08:46.027	6	2,3,7,8,9,12,13	66	2
5486	08:46.030	3	2,4,5,6,7,8,9,10,16	5	4
5487	08:46.054	3	2,4,5,6,7,8,9,10,16	66	4
5488	08:46.057	16	1,2,3,4,5	5	2
5489	08:46.774	7	2,3,4,6,8,9,10,12,13,14	57	2
5490	08:46.776	4	2,3,5,7,8,9,10,11,16	5	4
5491	08:46.814	4	2,3,5,7,8,9,10,11,16	66	4
5492	08:46.817	16	1,2,3,4,5	5	2
5493	08:46.893	4	2,3,5,7,8,9,10,11,16	57	4
5494	08:46.895	16	1,2,3,4,5	5	2
5495	08:49.775	8	2,3,4,5,6,7,9,10,11,12,13,14,15	57	1
5496	08:49.777	3	2,4,5,6,7,8,9,10,16	5	4
5497	08:49.786	3	2,4,5,6,7,8,9,10,16	66	4
5498	08:49.789	16	1,2,3,4,5	5	2
5499	08:49.959	5	2,3,4,8,9,10,11,16	57	3
5500	08:49.961	16	1,2,3,4,5	5	2
5501	08:50.530	3	2,4,5,6,7,8,9,10,16	57	4
5502	08:50.532	16	1,2,3,4,5	5	2
5503	08:51.415	14	7,8,9,10,11,12,13,15	57	4
5504	08:51.417	8	2,3,4,5,6,7,9,10,11,12,13,14,15	5	1
5505	08:51.428	8	2,3,4,5,6,7,9,10,11,12,13,14,15	66	1
5506	08:51.431	3	2,4,5,6,7,8,9,10,16	5	4
5507	08:51.450	3	2,4,5,6,7,8,9,10,16	66	4
5508	08:51.453	16	1,2,3,4,5	5	2
5509	08:51.886	13	6,7,8,9,10,12,14,15	57	4
5510	08:51.888	6	2,3,7,8,9,12,13	5	2
5511	08:51.912	6	2,3,7,8,9,12,13	66	2
5512	08:51.915	3	2,4,5,6,7,8,9,10,16	5	4
5513	08:51.946	3	2,4,5,6,7,8,9,10,16	66	4
5514	08:51.949	16	1,2,3,4,5	5	2
5515	08:51.984	11	4,5,8,9,10,14,15	102	2
5516	08:51.988	5	2,3,4,8,9,10,11,16	5	3
5517	08:52.595	11	4,5,8,9,10,14,15	57	2
5518	08:52.597	4	2,3,5,7,8,9,10,11,16	5	4
5519	08:52.618	4	2,3,5,7,8,9,10,11,16	66	4
5520	08:52.621	16	1,2,3,4,5	5	2
5521	08:52.746	10	3,4,5,7,8,9,11,13,14,15	57	2
5522	08:52.748	3	2,4,5,6,7,8,9,10,16	5	4
5523	08:52.785	3	2,4,5,6,7,8,9,10,16	66	4
5524	08:52.788	16	1,2,3,4,5	5	2
5525	08:53.484	4	2,3,5,7,8,9,10,11,16	102	4
5526	08:53.488	2	3,4,5,6,7,8,9,16	5	3
5527	08:54.924	12	6,7,8,9,13,14,15	102	3
5528	08:54.928	9	2,3,4,5,6,7,8,10,11,12,13,14,15	5	1
5529	08:54.968	15	8,9,10,11,12,13,14	57	3
5530	08:54.970	8	2,3,4,5,6,7,9,10,11,12,13,14,15	5	1
5531	08:54.982	8	2,3,4,5,6,7,9,10,11,12,13,14,15	66	1
5532	08:54.985	3	2,4,5,6,7,8,9,10,16	5	4
5533	08:54.989	3	2,4,5,6,7,8,9,10,16	66	4
5534	08:54.992	16	1,2,3,4,5	5	2
5535	08:55.193	12	6,7,8,9,13,14,15	57	3
5536	08:55.195	6	2,3,7,8,9,12,13	5	2
5537	08:55.238	6	2,3,7,8,9,12,13	66	2
5538	08:55.241	3	2,4,5,6,7,8,9,10,16	5	4
5539	08:55.254	3	2,4,5,6,7,8,9,10,16	66	4
5540	08:55.257	16	1,2,3,4,5	5	2
5541	08:55.271	2	3,4,5,6,7,8,9,16	57	3
5542	08:55.273	16	1,2,3,4,5	5	2
5543	08:55.516	6	2,3,7,8,9,12,13	57	2
5544	08:55.518	3	2,4,5,6,7,8,9,10,16	5	4
5545	08:55.542	3	2,4,5,6,7,8,9,10,16	66	4
5546	08:55.545	16	1,2,3,4,5	5	2
5547	08:56.180	9	2,3,4,5,6,7,8,10,11,12,13,14,15	57	1
5548	08:56.182	2	3,4,5,6,7,8,9,16	5	3
5549	08:56.186	2	3,4,5,6,7,8,9,16	66	3
5550	08:56.189	16	1,2,3,4,5	5	2
5551	08:57.301	4	2,3,5,7,8,9,10,11,16	57	4
5552	08:57.303	16	1,2,3,4,5	5	2
5553	08:57.712	7	2,3,4,6,8,9,10,12,13,14	57	2
5554	08:57.714	4	2,3,5,7,8,9,10,11,16	5	4
5555	08:57.717	4	2,3,5,7,8,9,10,11,16	66	4
5556	08:57.720	16	1,2,3,4,5	5	2
5557	08:59.387	14	7,8,9,10,11,12,13,15	97	4
