Random seed: 234567
00:00.098	ID:9	[INFO: Main      ] Starting Contiki-NG-release/v5.1-199-g2d20e000c-dirty
00:00.098	ID:9	[INFO: Main      ] - Routing: RPL Lite
00:00.098	ID:9	[INFO: Main      ] - Net: sicslowpan
00:00.098	ID:9	[INFO: Main      ] - MAC: CSMA
00:00.098	ID:9	[INFO: Main      ] - 802.15.4 PANID: 0xabcd
00:00.098	ID:9	[INFO: Main      ] - 802.15.4 Default channel: 26
00:00.098	ID:9	[INFO: Main      ] Node ID: 9
00:00.098	ID:9	[INFO: Main      ] Link-layer address: 0009.0009.0009.0009
00:00.098	ID:9	[INFO: Main      ] Tentative link-local IPv6 address: fe80::209:9:9:9
00:00.099	ID:12	[INFO: Main      ] Starting Contiki-NG-release/v5.1-199-g2d20e000c-dirty
00:00.099	ID:12	[INFO: Main      ] - Routing: RPL Lite
00:00.099	ID:12	[INFO: Main      ] - Net: sicslowpan
00:00.099	ID:12	[INFO: Main      ] - MAC: CSMA
00:00.099	ID:12	[INFO: Main      ] - 802.15.4 PANID: 0xabcd
00:00.099	ID:12	[INFO: Main      ] - 802.15.4 Default channel: 26
00:00.099	ID:12	[INFO: Main      ] Node ID: 12
00:00.099	ID:12	[INFO: Main      ] Link-layer address: 000c.000c.000c.000c
00:00.099	ID:12	[INFO: Main      ] Tentative link-local IPv6 address: fe80::20c:c:c:c
00:00.142	ID:13	[INFO: Main      ] Starting Contiki-NG-release/v5.1-199-g2d20e000c-dirty
00:00.142	ID:13	[INFO: Main      ] - Routing: RPL Lite
00:00.142	ID:13	[INFO: Main      ] - Net: sicslowpan
00:00.142	ID:13	[INFO: Main      ] - MAC: CSMA
00:00.142	ID:13	[INFO: Main      ] - 802.15.4 PANID: 0xabcd
00:00.142	ID:13	[INFO: Main      ] - 802.15.4 Default channel: 26
00:00.142	ID:13	[INFO: Main      ] Node ID: 13
00:00.142	ID:13	[INFO: Main      ] Link-layer address: 000d.000d.000d.000d
00:00.142	ID:13	[INFO: Main      ] Tentative link-local IPv6 address: fe80::20d:d:d:d
00:00.155	ID:14	[INFO: Main      ] Starting Contiki-NG-release/v5.1-199-g2d20e000c-dirty
00:00.155	ID:14	[INFO: Main      ] - Routing: RPL Lite
00:00.155	ID:14	[INFO: Main      ] - Net: sicslowpan
00:00.155	ID:14	[INFO: Main      ] - MAC: CSMA
00:00.155	ID:14	[INFO: Main      ] - 802.15.4 PANID: 0xabcd
00:00.155	ID:14	[INFO: Main      ] - 802.15.4 Default channel: 26
00:00.155	ID:14	[INFO: Main      ] Node ID: 14
00:00.155	ID:14	[INFO: Main      ] Link-layer address: 000e.000e.000e.000e
00:00.155	ID:14	[INFO: Main      ] Tentative link-local IPv6 address: fe80::20e:e:e:e
00:00.202	ID:1	[INFO: Main      ] Starting Contiki-NG-release/v5.1-199-g2d20e000c-dirty
00:00.202	ID:1	[INFO: Main      ] - Routing: RPL Lite
00:00.202	ID:1	[INFO: Main      ] - Net: sicslowpan
00:00.202	ID:1	[INFO: Main      ] - MAC: CSMA
00:00.202	ID:1	[INFO: Main      ] - 802.15.4 PANID: 0xabcd
00:00.202	ID:1	[INFO: Main      ] - 802.15.4 Default channel: 26
00:00.202	ID:1	[INFO: Main      ] Node ID: 1
00:00.202	ID:1	[INFO: Main      ] Link-layer address: 0001.0001.0001.0001
00:00.202	ID:1	[INFO: Main      ] Tentative link-local IPv6 address: fe80::201:1:1:1
00:00.337	ID:7	[INFO: Main      ] Starting Contiki-NG-release/v5.1-199-g2d20e000c-dirty
00:00.337	ID:7	[INFO: Main      ] - Routing: RPL Lite
00:00.337	ID:7	[INFO: Main      ] - Net: sicslowpan
00:00.337	ID:7	[INFO: Main      ] - MAC: CSMA
00:00.337	ID:7	[INFO: Main      ] - 802.15.4 PANID: 0xabcd
00:00.337	ID:7	[INFO: Main      ] - 802.15.4 Default channel: 26
00:00.337	ID:7	[INFO: Main      ] Node ID: 7
00:00.337	ID:7	[INFO: Main      ] Link-layer address: 0007.0007.0007.0007
00:00.337	ID:7	[INFO: Main      ] Tentative link-local IPv6 address: fe80::207:7:7:7
00:00.466	ID:15	[INFO: Main      ] Starting Contiki-NG-release/v5.1-199-g2d20e000c-dirty
00:00.466	ID:15	[INFO: Main      ] - Routing: RPL Lite
00:00.466	ID:15	[INFO: Main      ] - Net: sicslowpan
00:00.466	ID:15	[INFO: Main      ] - MAC: CSMA
00:00.466	ID:15	[INFO: Main      ] - 802.15.4 PANID: 0xabcd
00:00.466	ID:15	[INFO: Main      ] - 802.15.4 Default channel: 26
00:00.466	ID:15	[INFO: Main      ] Node ID: 15
00:00.466	ID:15	[INFO: Main      ] Link-layer address: 000f.000f.000f.000f
00:00.466	ID:15	[INFO: Main      ] Tentative link-local IPv6 address: fe80::20f:f:f:f
00:00.493	ID:2	[INFO: Main      ] Starting Contiki-NG-release/v5.1-199-g2d20e000c-dirty
00:00.493	ID:2	[INFO: Main      ] - Routing: RPL Lite
00:00.493	ID:2	[INFO: Main      ] - Net: sicslowpan
00:00.493	ID:2	[INFO: Main      ] - MAC: CSMA
00:00.493	ID:2	[INFO: Main      ] - 802.15.4 PANID: 0xabcd
00:00.493	ID:2	[INFO: Main      ] - 802.15.4 Default channel: 26
00:00.493	ID:2	[INFO: Main      ] Node ID: 2
00:00.493	ID:2	[INFO: Main      ] Link-layer address: 0002.0002.0002.0002
00:00.493	ID:2	[INFO: Main      ] Tentative link-local IPv6 address: fe80::202:2:2:2
00:00.494	ID:10	[INFO: Main      ] Starting Contiki-NG-release/v5.1-199-g2d20e000c-dirty
00:00.494	ID:10	[INFO: Main      ] - Routing: RPL Lite
00:00.494	ID:10	[INFO: Main      ] - Net: sicslowpan
00:00.494	ID:10	[INFO: Main      ] - MAC: CSMA
00:00.494	ID:10	[INFO: Main      ] - 802.15.4 PANID: 0xabcd
00:00.494	ID:10	[INFO: Main      ] - 802.15.4 Default channel: 26
00:00.494	ID:10	[INFO: Main      ] Node ID: 10
00:00.494	ID:10	[INFO: Main      ] Link-layer address: 000a.000a.000a.000a
00:00.494	ID:10	[INFO: Main      ] Tentative link-local IPv6 address: fe80::20a:a:a:a
00:00.494	ID:11	[INFO: Main      ] Starting Contiki-NG-release/v5.1-199-g2d20e000c-dirty
00:00.494	ID:11	[INFO: Main      ] - Routing: RPL Lite
00:00.494	ID:11	[INFO: Main      ] - Net: sicslowpan
00:00.494	ID:11	[INFO: Main      ] - MAC: CSMA
00:00.494	ID:11	[INFO: Main      ] - 802.15.4 PANID: 0xabcd
00:00.494	ID:11	[INFO: Main      ] - 802.15.4 Default channel: 26
00:00.494	ID:11	[INFO: Main      ] Node ID: 11
00:00.494	ID:11	[INFO: Main      ] Link-layer address: 000b.000b.000b.000b
00:00.494	ID:11	[INFO: Main      ] Tentative link-local IPv6 address: fe80::20b:b:b:b
00:00.533	ID:4	[INFO: Main      ] Starting Contiki-NG-release/v5.1-199-g2d20e000c-dirty
00:00.533	ID:4	[INFO: Main      ] - Routing: RPL Lite
00:00.533	ID:4	[INFO: Main      ] - Net: sicslowpan
00:00.533	ID:4	[INFO: Main      ] - MAC: CSMA
00:00.533	ID:4	[INFO: Main      ] - 802.15.4 PANID: 0xabcd
00:00.533	ID:4	[INFO: Main      ] - 802.15.4 Default channel: 26
00:00.533	ID:4	[INFO: Main      ] Node ID: 4
00:00.533	ID:4	[INFO: Main      ] Link-layer address: 0004.0004.0004.0004
00:00.533	ID:4	[INFO: Main      ] Tentative link-local IPv6 address: fe80::204:4:4:4
00:00.593	ID:6	[INFO: Main      ] Starting Contiki-NG-release/v5.1-199-g2d20e000c-dirty
00:00.593	ID:6	[INFO: Main      ] - Routing: RPL Lite
00:00.593	ID:6	[INFO: Main      ] - Net: sicslowpan
00:00.593	ID:6	[INFO: Main      ] - MAC: CSMA
00:00.593	ID:6	[INFO: Main      ] - 802.15.4 PANID: 0xabcd
00:00.593	ID:6	[INFO: Main      ] - 802.15.4 Default channel: 26
00:00.593	ID:6	[INFO: Main      ] Node ID: 6
00:00.593	ID:6	[INFO: Main      ] Link-layer address: 0006.0006.0006.0006
00:00.593	ID:6	[INFO: Main      ] Tentative link-local IPv6 address: fe80::206:6:6:6
00:00.816	ID:3	[INFO: Main      ] Starting Contiki-NG-release/v5.1-199-g2d20e000c-dirty
00:00.816	ID:3	[INFO: Main      ] - Routing: RPL Lite
00:00.816	ID:3	[INFO: Main      ] - Net: sicslowpan
00:00.816	ID:3	[INFO: Main      ] - MAC: CSMA
00:00.816	ID:3	[INFO: Main      ] - 802.15.4 PANID: 0xabcd
00:00.816	ID:3	[INFO: Main      ] - 802.15.4 Default channel: 26
00:00.816	ID:3	[INFO: Main      ] Node ID: 3
00:00.816	ID:3	[INFO: Main      ] Link-layer address: 0003.0003.0003.0003
00:00.816	ID:3	[INFO: Main      ] Tentative link-local IPv6 address: fe80::203:3:3:3
00:00.820	ID:13	[INFO: App       ] Not reachable yet
00:00.921	ID:16	[INFO: Main      ] Starting Contiki-NG-release/v5.1-199-g2d20e000c-dirty
00:00.921	ID:16	[INFO: Main      ] - Routing: RPL Lite
00:00.921	ID:16	[INFO: Main      ] - Net: sicslowpan
00:00.921	ID:16	[INFO: Main      ] - MAC: CSMA
00:00.921	ID:16	[INFO: Main      ] - 802.15.4 PANID: 0xabcd
00:00.921	ID:16	[INFO: Main      ] - 802.15.4 Default channel: 26
00:00.921	ID:16	[INFO: Main      ] Node ID: 16
00:00.921	ID:16	[INFO: Main      ] Link-layer address: 0010.0010.0010.0010
00:00.921	ID:16	[INFO: Main      ] Tentative link-local IPv6 address: fe80::210:10:10:10
00:00.921	ID:16	[INFO: BLACKHOLE ] BLACKHOLE ROUTER: started, attack disabled
00:00.965	ID:5	[INFO: Main      ] Starting Contiki-NG-release/v5.1-199-g2d20e000c-dirty
00:00.965	ID:5	[INFO: Main      ] - Routing: RPL Lite
00:00.965	ID:5	[INFO: Main      ] - Net: sicslowpan
00:00.965	ID:5	[INFO: Main      ] - MAC: CSMA
00:00.965	ID:5	[INFO: Main      ] - 802.15.4 PANID: 0xabcd
00:00.965	ID:5	[INFO: Main      ] - 802.15.4 Default channel: 26
00:00.965	ID:5	[INFO: Main      ] Node ID: 5
00:00.965	ID:5	[INFO: Main      ] Link-layer address: 0005.0005.0005.0005
00:00.965	ID:5	[INFO: Main      ] Tentative link-local IPv6 address: fe80::205:5:5:5
00:00.999	ID:8	[INFO: Main      ] Starting Contiki-NG-release/v5.1-199-g2d20e000c-dirty
00:00.999	ID:8	[INFO: Main      ] - Routing: RPL Lite
00:00.999	ID:8	[INFO: Main      ] - Net: sicslowpan
00:00.999	ID:8	[INFO: Main      ] - MAC: CSMA
00:00.999	ID:8	[INFO: Main      ] - 802.15.4 PANID: 0xabcd
00:00.999	ID:8	[INFO: Main      ] - 802.15.4 Default channel: 26
00:00.999	ID:8	[INFO: Main      ] Node ID: 8
00:00.999	ID:8	[INFO: Main      ] Link-layer address: 0008.0008.0008.0008
00:00.999	ID:8	[INFO: Main      ] Tentative link-local IPv6 address: fe80::208:8:8:8
00:01.452	ID:7	[INFO: App       ] Not reachable yet
00:01.843	ID:10	[INFO: App       ] Not reachable yet
00:02.284	ID:14	[INFO: App       ] Not reachable yet
00:02.743	ID:5	[INFO: App       ] Not reachable yet
00:02.978	ID:9	[INFO: App       ] Not reachable yet
00:04.918	ID:6	[INFO: App       ] Not reachable yet
00:05.352	ID:15	[INFO: App       ] Not reachable yet
00:05.604	ID:8	[INFO: App       ] Not reachable yet
00:05.619	ID:2	[INFO: App       ] Not reachable yet
00:06.843	ID:12	[INFO: App       ] Not reachable yet
00:07.426	ID:4	[INFO: App       ] Not reachable yet
00:07.455	ID:3	[INFO: App       ] Not reachable yet
00:07.791	ID:11	[INFO: App       ] Not reachable yet
00:10.443	ID:13	[INFO: App       ] Not reachable yet
00:10.832	ID:7	[INFO: App       ] Not reachable yet
00:11.467	ID:10	[INFO: App       ] Not reachable yet
00:12.050	ID:9	[INFO: App       ] Not reachable yet
00:13.108	ID:14	[INFO: App       ] Not reachable yet
00:13.258	ID:5	[INFO: App       ] Not reachable yet
00:14.824	ID:6	[INFO: App       ] Not reachable yet
00:14.869	ID:15	[INFO: App       ] Not reachable yet
00:15.066	ID:8	[INFO: App       ] Not reachable yet
00:15.724	ID:2	[INFO: App       ] Not reachable yet
00:16.932	ID:12	[INFO: App       ] Not reachable yet
00:17.561	ID:4	[INFO: App       ] Not reachable yet
00:17.635	ID:11	[INFO: App       ] Not reachable yet
00:18.235	ID:3	[INFO: App       ] Not reachable yet
00:19.943	ID:7	[INFO: App       ] Not reachable yet
00:20.803	ID:13	[INFO: App       ] Not reachable yet
00:21.913	ID:10	[INFO: App       ] Not reachable yet
00:22.166	ID:9	[INFO: App       ] Not reachable yet
00:22.920	ID:5	[INFO: App       ] Not reachable yet
00:23.191	ID:14	[INFO: App       ] Not reachable yet
00:24.698	ID:15	[INFO: App       ] Not reachable yet
00:24.954	ID:2	[INFO: App       ] Not reachable yet
00:25.213	ID:6	[INFO: App       ] Not reachable yet
00:25.786	ID:8	[INFO: App       ] Not reachable yet
00:27.048	ID:4	[INFO: App       ] Not reachable yet
00:27.873	ID:12	[INFO: App       ] Not reachable yet
00:28.158	ID:3	[INFO: App       ] Not reachable yet
00:28.241	ID:11	[INFO: App       ] Not reachable yet
00:29.617	ID:7	[INFO: App       ] Not reachable yet
00:30.324	ID:13	[INFO: App       ] Not reachable yet
00:31.273	ID:9	[INFO: App       ] Not reachable yet
00:31.537	ID:10	[INFO: App       ] Not reachable yet
00:32.082	ID:5	[INFO: App       ] Tx/Rx/MissedTx: 0/0/0
00:32.082	ID:5	[INFO: App       ] Sending request 0 to fd00::201:1:1:1
00:32.159	ID:1	[INFO: App       ] Received request 'hello 0' from fd00::205:5:5:5
00:32.159	ID:1	[INFO: App       ] Sending response.
00:32.200	ID:5	[INFO: App       ] Received response 'hello 0' from fd00::201:1:1:1
00:33.456	ID:14	[INFO: App       ] Not reachable yet
00:34.243	ID:15	[INFO: App       ] Not reachable yet
00:34.522	ID:6	[INFO: App       ] Not reachable yet
00:35.484	ID:2	[INFO: App       ] Tx/Rx/MissedTx: 0/0/0
00:35.484	ID:2	[INFO: App       ] Sending request 0 to fd00::201:1:1:1
00:35.541	ID:1	[INFO: App       ] Received request 'hello 0' from fd00::202:2:2:2
00:35.541	ID:1	[INFO: App       ] Sending response.
00:35.586	ID:2	[INFO: App       ] Received response 'hello 0' from fd00::201:1:1:1
00:36.140	ID:8	[INFO: App       ] Not reachable yet
00:37.150	ID:4	[INFO: App       ] Tx/Rx/MissedTx: 0/0/0
00:37.150	ID:4	[INFO: App       ] Sending request 0 to fd00::201:1:1:1
00:37.199	ID:1	[INFO: App       ] Received request 'hello 0' from fd00::204:4:4:4
00:37.199	ID:1	[INFO: App       ] Sending response.
00:37.216	ID:3	[INFO: App       ] Tx/Rx/MissedTx: 0/0/0
00:37.216	ID:3	[INFO: App       ] Sending request 0 to fd00::201:1:1:1
00:37.244	ID:4	[INFO: App       ] Received response 'hello 0' from fd00::201:1:1:1
00:37.279	ID:1	[INFO: App       ] Received request 'hello 0' from fd00::203:3:3:3
00:37.279	ID:1	[INFO: App       ] Sending response.
00:37.330	ID:3	[INFO: App       ] Received response 'hello 0' from fd00::201:1:1:1
00:37.693	ID:11	[INFO: App       ] Tx/Rx/MissedTx: 0/0/0
00:37.693	ID:11	[INFO: App       ] Sending request 0 to fd00::201:1:1:1
00:37.753	ID:1	[INFO: App       ] Received request 'hello 0' from fd00::20b:b:b:b
00:37.753	ID:1	[INFO: App       ] Sending response.
00:37.824	ID:11	[INFO: App       ] Received response 'hello 0' from fd00::201:1:1:1
00:38.779	ID:12	[INFO: App       ] Not reachable yet
00:40.182	ID:7	[INFO: App       ] Not reachable yet
00:40.319	ID:13	[INFO: App       ] Not reachable yet
00:41.294	ID:9	[INFO: App       ] Not reachable yet
00:41.984	ID:10	[INFO: App       ] Tx/Rx/MissedTx: 0/0/0
00:41.984	ID:10	[INFO: App       ] Sending request 0 to fd00::201:1:1:1
00:42.041	ID:1	[INFO: App       ] Received request 'hello 0' from fd00::20a:a:a:a
00:42.041	ID:1	[INFO: App       ] Sending response.
00:42.120	ID:10	[INFO: App       ] Received response 'hello 0' from fd00::201:1:1:1
00:42.353	ID:5	[INFO: App       ] Sending request 1 to fd00::201:1:1:1
00:42.467	ID:1	[INFO: App       ] Received request 'hello 1' from fd00::205:5:5:5
00:42.467	ID:1	[INFO: App       ] Sending response.
00:42.507	ID:5	[INFO: App       ] Received response 'hello 1' from fd00::201:1:1:1
00:43.793	ID:14	[INFO: App       ] Not reachable yet
00:43.864	ID:6	[INFO: App       ] Not reachable yet
00:44.032	ID:15	[INFO: App       ] Not reachable yet
00:45.604	ID:8	[INFO: App       ] Tx/Rx/MissedTx: 0/0/0
00:45.604	ID:8	[INFO: App       ] Sending request 0 to fd00::201:1:1:1
00:45.646	ID:1	[INFO: App       ] Received request 'hello 0' from fd00::208:8:8:8
00:45.646	ID:1	[INFO: App       ] Sending response.
00:45.728	ID:8	[INFO: App       ] Received response 'hello 0' from fd00::201:1:1:1
00:46.025	ID:2	[INFO: App       ] Sending request 1 to fd00::201:1:1:1
00:46.059	ID:1	[INFO: App       ] Received request 'hello 1' from fd00::202:2:2:2
00:46.059	ID:1	[INFO: App       ] Sending response.
00:46.127	ID:2	[INFO: App       ] Received response 'hello 1' from fd00::201:1:1:1
00:46.731	ID:3	[INFO: App       ] Sending request 1 to fd00::201:1:1:1
00:46.766	ID:1	[INFO: App       ] Received request 'hello 1' from fd00::203:3:3:3
00:46.766	ID:1	[INFO: App       ] Sending response.
00:46.837	ID:3	[INFO: App       ] Received response 'hello 1' from fd00::201:1:1:1
00:47.180	ID:4	[INFO: App       ] Sending request 1 to fd00::201:1:1:1
00:47.226	ID:1	[INFO: App       ] Received request 'hello 1' from fd00::204:4:4:4
00:47.226	ID:1	[INFO: App       ] Sending response.
00:47.266	ID:4	[INFO: App       ] Received response 'hello 1' from fd00::201:1:1:1
00:47.458	ID:11	[INFO: App       ] Sending request 1 to fd00::201:1:1:1
00:47.571	ID:1	[INFO: App       ] Received request 'hello 1' from fd00::20b:b:b:b
00:47.571	ID:1	[INFO: App       ] Sending response.
00:47.691	ID:11	[INFO: App       ] Received response 'hello 1' from fd00::201:1:1:1
00:47.895	ID:12	[INFO: App       ] Not reachable yet
00:50.562	ID:13	[INFO: App       ] Not reachable yet
00:50.595	ID:7	[INFO: App       ] Tx/Rx/MissedTx: 0/0/0
00:50.595	ID:7	[INFO: App       ] Sending request 0 to fd00::201:1:1:1
00:50.650	ID:1	[INFO: App       ] Received request 'hello 0' from fd00::207:7:7:7
00:50.650	ID:1	[INFO: App       ] Sending response.
00:50.714	ID:7	[INFO: App       ] Received response 'hello 0' from fd00::201:1:1:1
00:50.897	ID:9	[INFO: App       ] Tx/Rx/MissedTx: 0/0/0
00:50.897	ID:9	[INFO: App       ] Sending request 0 to fd00::201:1:1:1
00:50.976	ID:1	[INFO: App       ] Received request 'hello 0' from fd00::209:9:9:9
00:50.976	ID:1	[INFO: App       ] Sending response.
00:51.055	ID:9	[INFO: App       ] Received response 'hello 0' from fd00::201:1:1:1
00:52.308	ID:5	[INFO: App       ] Sending request 2 to fd00::201:1:1:1
00:52.377	ID:1	[INFO: App       ] Received request 'hello 2' from fd00::205:5:5:5
00:52.377	ID:1	[INFO: App       ] Sending response.
00:52.424	ID:5	[INFO: App       ] Received response 'hello 2' from fd00::201:1:1:1
00:52.870	ID:10	[INFO: App       ] Sending request 1 to fd00::201:1:1:1
00:52.949	ID:1	[INFO: App       ] Received request 'hello 1' from fd00::20a:a:a:a
00:52.949	ID:1	[INFO: App       ] Sending response.
00:53.037	ID:10	[INFO: App       ] Received response 'hello 1' from fd00::201:1:1:1
00:53.375	ID:14	[INFO: App       ] Tx/Rx/MissedTx: 0/0/0
00:53.375	ID:14	[INFO: App       ] Sending request 0 to fd00::201:1:1:1
00:53.448	ID:1	[INFO: App       ] Received request 'hello 0' from fd00::20e:e:e:e
00:53.448	ID:1	[INFO: App       ] Sending response.
00:53.549	ID:14	[INFO: App       ] Received response 'hello 0' from fd00::201:1:1:1
00:53.716	ID:15	[INFO: App       ] Tx/Rx/MissedTx: 0/0/0
00:53.716	ID:15	[INFO: App       ] Sending request 0 to fd00::201:1:1:1
00:53.782	ID:1	[INFO: App       ] Received request 'hello 0' from fd00::20f:f:f:f
00:53.782	ID:1	[INFO: App       ] Sending response.
00:53.901	ID:15	[INFO: App       ] Received response 'hello 0' from fd00::201:1:1:1
00:54.632	ID:6	[INFO: App       ] Tx/Rx/MissedTx: 0/0/0
00:54.632	ID:6	[INFO: App       ] Sending request 0 to fd00::201:1:1:1
00:54.748	ID:1	[INFO: App       ] Received request 'hello 0' from fd00::206:6:6:6
00:54.748	ID:1	[INFO: App       ] Sending response.
00:54.819	ID:6	[INFO: App       ] Received response 'hello 0' from fd00::201:1:1:1
00:55.626	ID:8	[INFO: App       ] Sending request 1 to fd00::201:1:1:1
00:55.685	ID:1	[INFO: App       ] Received request 'hello 1' from fd00::208:8:8:8
00:55.685	ID:1	[INFO: App       ] Sending response.
00:55.749	ID:8	[INFO: App       ] Received response 'hello 1' from fd00::201:1:1:1
00:55.986	ID:2	[INFO: App       ] Sending request 2 to fd00::201:1:1:1
00:56.058	ID:1	[INFO: App       ] Received request 'hello 2' from fd00::202:2:2:2
00:56.058	ID:1	[INFO: App       ] Sending response.
00:56.105	ID:2	[INFO: App       ] Received response 'hello 2' from fd00::201:1:1:1
00:56.401	ID:3	[INFO: App       ] Sending request 2 to fd00::201:1:1:1
00:56.427	ID:1	[INFO: App       ] Received request 'hello 2' from fd00::203:3:3:3
00:56.427	ID:1	[INFO: App       ] Sending response.
00:56.486	ID:3	[INFO: App       ] Received response 'hello 2' from fd00::201:1:1:1
00:56.542	ID:11	[INFO: App       ] Sending request 2 to fd00::201:1:1:1
00:56.634	ID:1	[INFO: App       ] Received request 'hello 2' from fd00::20b:b:b:b
00:56.634	ID:1	[INFO: App       ] Sending response.
00:56.714	ID:11	[INFO: App       ] Received response 'hello 2' from fd00::201:1:1:1
00:57.982	ID:4	[INFO: App       ] Sending request 2 to fd00::201:1:1:1
00:57.999	ID:1	[INFO: App       ] Received request 'hello 2' from fd00::204:4:4:4
00:57.999	ID:1	[INFO: App       ] Sending response.
00:58.026	ID:4	[INFO: App       ] Received response 'hello 2' from fd00::201:1:1:1
00:58.331	ID:12	[INFO: App       ] Tx/Rx/MissedTx: 0/0/0
00:58.331	ID:12	[INFO: App       ] Sending request 0 to fd00::201:1:1:1
00:58.438	ID:1	[INFO: App       ] Received request 'hello 0' from fd00::20c:c:c:c
00:58.438	ID:1	[INFO: App       ] Sending response.
00:58.537	ID:12	[INFO: App       ] Received response 'hello 0' from fd00::201:1:1:1
01:00.133	ID:9	[INFO: App       ] Sending request 1 to fd00::201:1:1:1
01:00.222	ID:1	[INFO: App       ] Received request 'hello 1' from fd00::209:9:9:9
01:00.222	ID:1	[INFO: App       ] Sending response.
01:00.270	ID:9	[INFO: App       ] Received response 'hello 1' from fd00::201:1:1:1
01:00.524	ID:13	[INFO: App       ] Tx/Rx/MissedTx: 0/0/0
01:00.524	ID:13	[INFO: App       ] Sending request 0 to fd00::201:1:1:1
01:00.624	ID:1	[INFO: App       ] Received request 'hello 0' from fd00::20d:d:d:d
01:00.624	ID:1	[INFO: App       ] Sending response.
01:00.729	ID:13	[INFO: App       ] Received response 'hello 0' from fd00::201:1:1:1
01:00.872	ID:7	[INFO: App       ] Sending request 1 to fd00::201:1:1:1
01:00.948	ID:1	[INFO: App       ] Received request 'hello 1' from fd00::207:7:7:7
01:00.948	ID:1	[INFO: App       ] Sending response.
01:01.076	ID:7	[INFO: App       ] Received response 'hello 1' from fd00::201:1:1:1
01:02.097	ID:5	[INFO: App       ] Sending request 3 to fd00::201:1:1:1
01:02.120	ID:1	[INFO: App       ] Received request 'hello 3' from fd00::205:5:5:5
01:02.120	ID:1	[INFO: App       ] Sending response.
01:02.183	ID:5	[INFO: App       ] Received response 'hello 3' from fd00::201:1:1:1
01:02.807	ID:10	[INFO: App       ] Sending request 2 to fd00::201:1:1:1
01:02.837	ID:1	[INFO: App       ] Received request 'hello 2' from fd00::20a:a:a:a
01:02.837	ID:1	[INFO: App       ] Sending response.
01:02.893	ID:10	[INFO: App       ] Received response 'hello 2' from fd00::201:1:1:1
01:03.767	ID:14	[INFO: App       ] Sending request 1 to fd00::201:1:1:1
01:03.888	ID:1	[INFO: App       ] Received request 'hello 1' from fd00::20e:e:e:e
01:03.888	ID:1	[INFO: App       ] Sending response.
01:03.994	ID:14	[INFO: App       ] Received response 'hello 1' from fd00::201:1:1:1
01:04.133	ID:15	[INFO: App       ] Sending request 1 to fd00::201:1:1:1
01:04.223	ID:1	[INFO: App       ] Received request 'hello 1' from fd00::20f:f:f:f
01:04.223	ID:1	[INFO: App       ] Sending response.
01:04.342	ID:15	[INFO: App       ] Received response 'hello 1' from fd00::201:1:1:1
01:04.542	ID:6	[INFO: App       ] Sending request 1 to fd00::201:1:1:1
01:04.588	ID:1	[INFO: App       ] Received request 'hello 1' from fd00::206:6:6:6
01:04.588	ID:1	[INFO: App       ] Sending response.
01:04.621	ID:6	[INFO: App       ] Received response 'hello 1' from fd00::201:1:1:1
01:05.046	ID:8	[INFO: App       ] Sending request 2 to fd00::201:1:1:1
01:05.138	ID:1	[INFO: App       ] Received request 'hello 2' from fd00::208:8:8:8
01:05.138	ID:1	[INFO: App       ] Sending response.
01:05.265	ID:8	[INFO: App       ] Received response 'hello 2' from fd00::201:1:1:1
01:06.255	ID:3	[INFO: App       ] Sending request 3 to fd00::201:1:1:1
01:06.328	ID:1	[INFO: App       ] Received request 'hello 3' from fd00::203:3:3:3
01:06.328	ID:1	[INFO: App       ] Sending response.
01:06.395	ID:3	[INFO: App       ] Received response 'hello 3' from fd00::201:1:1:1
01:06.690	ID:11	[INFO: App       ] Sending request 3 to fd00::201:1:1:1
01:06.744	ID:2	[INFO: App       ] Sending request 3 to fd00::201:1:1:1
01:06.770	ID:1	[INFO: App       ] Received request 'hello 3' from fd00::20b:b:b:b
01:06.770	ID:1	[INFO: App       ] Sending response.
01:06.820	ID:1	[INFO: App       ] Received request 'hello 3' from fd00::202:2:2:2
01:06.820	ID:1	[INFO: App       ] Sending response.
01:06.867	ID:2	[INFO: App       ] Received response 'hello 3' from fd00::201:1:1:1
01:06.909	ID:11	[INFO: App       ] Received response 'hello 3' from fd00::201:1:1:1
01:08.166	ID:4	[INFO: App       ] Sending request 3 to fd00::201:1:1:1
01:08.245	ID:1	[INFO: App       ] Received request 'hello 3' from fd00::204:4:4:4
01:08.245	ID:1	[INFO: App       ] Sending response.
01:08.261	ID:12	[INFO: App       ] Sending request 1 to fd00::201:1:1:1
01:08.278	ID:4	[INFO: App       ] Received response 'hello 3' from fd00::201:1:1:1
01:08.388	ID:1	[INFO: App       ] Received request 'hello 1' from fd00::20c:c:c:c
01:08.388	ID:1	[INFO: App       ] Sending response.
01:08.522	ID:12	[INFO: App       ] Received response 'hello 1' from fd00::201:1:1:1
01:09.364	ID:9	[INFO: App       ] Sending request 2 to fd00::201:1:1:1
01:09.436	ID:1	[INFO: App       ] Received request 'hello 2' from fd00::209:9:9:9
01:09.436	ID:1	[INFO: App       ] Sending response.
01:09.494	ID:9	[INFO: App       ] Received response 'hello 2' from fd00::201:1:1:1
01:09.780	ID:13	[INFO: App       ] Sending request 1 to fd00::201:1:1:1
01:09.927	ID:1	[INFO: App       ] Received request 'hello 1' from fd00::20d:d:d:d
01:09.927	ID:1	[INFO: App       ] Sending response.
01:09.993	ID:13	[INFO: App       ] Received response 'hello 1' from fd00::201:1:1:1
01:10.399	ID:7	[INFO: App       ] Sending request 2 to fd00::201:1:1:1
01:10.491	ID:1	[INFO: App       ] Received request 'hello 2' from fd00::207:7:7:7
01:10.491	ID:1	[INFO: App       ] Sending response.
01:10.590	ID:7	[INFO: App       ] Received response 'hello 2' from fd00::201:1:1:1
01:12.074	ID:5	[INFO: App       ] Sending request 4 to fd00::201:1:1:1
01:12.159	ID:1	[INFO: App       ] Received request 'hello 4' from fd00::205:5:5:5
01:12.159	ID:1	[INFO: App       ] Sending response.
01:12.202	ID:5	[INFO: App       ] Received response 'hello 4' from fd00::201:1:1:1
01:13.095	ID:10	[INFO: App       ] Sending request 3 to fd00::201:1:1:1
01:13.180	ID:1	[INFO: App       ] Received request 'hello 3' from fd00::20a:a:a:a
01:13.180	ID:1	[INFO: App       ] Sending response.
01:13.263	ID:10	[INFO: App       ] Received response 'hello 3' from fd00::201:1:1:1
01:13.781	ID:6	[INFO: App       ] Sending request 2 to fd00::201:1:1:1
01:13.882	ID:1	[INFO: App       ] Received request 'hello 2' from fd00::206:6:6:6
01:13.882	ID:1	[INFO: App       ] Sending response.
01:13.930	ID:6	[INFO: App       ] Received response 'hello 2' from fd00::201:1:1:1
01:14.332	ID:14	[INFO: App       ] Sending request 2 to fd00::201:1:1:1
01:14.453	ID:1	[INFO: App       ] Received request 'hello 2' from fd00::20e:e:e:e
01:14.453	ID:1	[INFO: App       ] Sending response.
01:14.567	ID:14	[INFO: App       ] Received response 'hello 2' from fd00::201:1:1:1
01:15.133	ID:15	[INFO: App       ] Sending request 2 to fd00::201:1:1:1
01:15.248	ID:1	[INFO: App       ] Received request 'hello 2' from fd00::20f:f:f:f
01:15.248	ID:1	[INFO: App       ] Sending response.
01:15.335	ID:15	[INFO: App       ] Received response 'hello 2' from fd00::201:1:1:1
01:15.611	ID:8	[INFO: App       ] Sending request 3 to fd00::201:1:1:1
01:15.702	ID:1	[INFO: App       ] Received request 'hello 3' from fd00::208:8:8:8
01:15.702	ID:1	[INFO: App       ] Sending response.
01:15.779	ID:8	[INFO: App       ] Received response 'hello 3' from fd00::201:1:1:1
01:16.198	ID:11	[INFO: App       ] Sending request 4 to fd00::201:1:1:1
01:16.287	ID:1	[INFO: App       ] Received request 'hello 4' from fd00::20b:b:b:b
01:16.287	ID:1	[INFO: App       ] Sending response.
01:16.375	ID:11	[INFO: App       ] Received response 'hello 4' from fd00::201:1:1:1
01:16.427	ID:3	[INFO: App       ] Sending request 4 to fd00::201:1:1:1
01:16.457	ID:1	[INFO: App       ] Received request 'hello 4' from fd00::203:3:3:3
01:16.457	ID:1	[INFO: App       ] Sending response.
01:16.525	ID:3	[INFO: App       ] Received response 'hello 4' from fd00::201:1:1:1
01:16.697	ID:2	[INFO: App       ] Sending request 4 to fd00::201:1:1:1
01:16.770	ID:1	[INFO: App       ] Received request 'hello 4' from fd00::202:2:2:2
01:16.770	ID:1	[INFO: App       ] Sending response.
01:16.814	ID:2	[INFO: App       ] Received response 'hello 4' from fd00::201:1:1:1
01:17.370	ID:4	[INFO: App       ] Sending request 4 to fd00::201:1:1:1
01:17.445	ID:1	[INFO: App       ] Received request 'hello 4' from fd00::204:4:4:4
01:17.445	ID:1	[INFO: App       ] Sending response.
01:17.459	ID:4	[INFO: App       ] Received response 'hello 4' from fd00::201:1:1:1
01:18.261	ID:12	[INFO: App       ] Sending request 2 to fd00::201:1:1:1
01:18.357	ID:1	[INFO: App       ] Received request 'hello 2' from fd00::20c:c:c:c
01:18.357	ID:1	[INFO: App       ] Sending response.
01:18.492	ID:12	[INFO: App       ] Received response 'hello 2' from fd00::201:1:1:1
01:18.629	ID:9	[INFO: App       ] Sending request 3 to fd00::201:1:1:1
01:18.706	ID:1	[INFO: App       ] Received request 'hello 3' from fd00::209:9:9:9
01:18.706	ID:1	[INFO: App       ] Sending response.
01:18.739	ID:9	[INFO: App       ] Received response 'hello 3' from fd00::201:1:1:1
01:19.620	ID:13	[INFO: App       ] Sending request 2 to fd00::201:1:1:1
01:19.701	ID:1	[INFO: App       ] Received request 'hello 2' from fd00::20d:d:d:d
01:19.701	ID:1	[INFO: App       ] Sending response.
01:19.795	ID:13	[INFO: App       ] Received response 'hello 2' from fd00::201:1:1:1
01:20.852	ID:7	[INFO: App       ] Sending request 3 to fd00::201:1:1:1
01:20.955	ID:1	[INFO: App       ] Received request 'hello 3' from fd00::207:7:7:7
01:20.955	ID:1	[INFO: App       ] Sending response.
01:21.058	ID:7	[INFO: App       ] Received response 'hello 3' from fd00::201:1:1:1
01:22.502	ID:10	[INFO: App       ] Sending request 4 to fd00::201:1:1:1
01:22.548	ID:1	[INFO: App       ] Received request 'hello 4' from fd00::20a:a:a:a
01:22.548	ID:1	[INFO: App       ] Sending response.
01:22.659	ID:10	[INFO: App       ] Received response 'hello 4' from fd00::201:1:1:1
01:23.071	ID:5	[INFO: App       ] Sending request 5 to fd00::201:1:1:1
01:23.140	ID:1	[INFO: App       ] Received request 'hello 5' from fd00::205:5:5:5
01:23.140	ID:1	[INFO: App       ] Sending response.
01:23.188	ID:5	[INFO: App       ] Received response 'hello 5' from fd00::201:1:1:1
01:23.505	ID:6	[INFO: App       ] Sending request 3 to fd00::201:1:1:1
01:23.544	ID:1	[INFO: App       ] Received request 'hello 3' from fd00::206:6:6:6
01:23.544	ID:1	[INFO: App       ] Sending response.
01:23.641	ID:6	[INFO: App       ] Received response 'hello 3' from fd00::201:1:1:1
01:24.476	ID:15	[INFO: App       ] Sending request 3 to fd00::201:1:1:1
01:24.537	ID:1	[INFO: App       ] Received request 'hello 3' from fd00::20f:f:f:f
01:24.537	ID:1	[INFO: App       ] Sending response.
01:24.602	ID:15	[INFO: App       ] Received response 'hello 3' from fd00::201:1:1:1
01:24.874	ID:14	[INFO: App       ] Sending request 3 to fd00::201:1:1:1
01:24.986	ID:1	[INFO: App       ] Received request 'hello 3' from fd00::20e:e:e:e
01:24.986	ID:1	[INFO: App       ] Sending response.
01:25.058	ID:14	[INFO: App       ] Received response 'hello 3' from fd00::201:1:1:1
01:25.650	ID:11	[INFO: App       ] Sending request 5 to fd00::201:1:1:1
01:25.744	ID:1	[INFO: App       ] Received request 'hello 5' from fd00::20b:b:b:b
01:25.744	ID:1	[INFO: App       ] Sending response.
01:25.750	ID:8	[INFO: App       ] Sending request 4 to fd00::201:1:1:1
01:25.828	ID:11	[INFO: App       ] Received response 'hello 5' from fd00::201:1:1:1
01:25.861	ID:1	[INFO: App       ] Received request 'hello 4' from fd00::208:8:8:8
01:25.861	ID:1	[INFO: App       ] Sending response.
01:25.951	ID:8	[INFO: App       ] Received response 'hello 4' from fd00::201:1:1:1
01:26.392	ID:2	[INFO: App       ] Sending request 5 to fd00::201:1:1:1
01:26.441	ID:1	[INFO: App       ] Received request 'hello 5' from fd00::202:2:2:2
01:26.441	ID:1	[INFO: App       ] Sending response.
01:26.457	ID:2	[INFO: App       ] Received response 'hello 5' from fd00::201:1:1:1
01:26.856	ID:3	[INFO: App       ] Sending request 5 to fd00::201:1:1:1
01:26.909	ID:1	[INFO: App       ] Received request 'hello 5' from fd00::203:3:3:3
01:26.909	ID:1	[INFO: App       ] Sending response.
01:26.974	ID:3	[INFO: App       ] Received response 'hello 5' from fd00::201:1:1:1
01:28.074	ID:4	[INFO: App       ] Sending request 5 to fd00::201:1:1:1
01:28.150	ID:1	[INFO: App       ] Received request 'hello 5' from fd00::204:4:4:4
01:28.150	ID:1	[INFO: App       ] Sending response.
01:28.192	ID:4	[INFO: App       ] Received response 'hello 5' from fd00::201:1:1:1
01:28.360	ID:9	[INFO: App       ] Sending request 4 to fd00::201:1:1:1
01:28.408	ID:12	[INFO: App       ] Sending request 3 to fd00::201:1:1:1
01:28.457	ID:1	[INFO: App       ] Received request 'hello 4' from fd00::209:9:9:9
01:28.457	ID:1	[INFO: App       ] Sending response.
01:28.481	ID:1	[INFO: App       ] Received request 'hello 3' from fd00::20c:c:c:c
01:28.481	ID:1	[INFO: App       ] Sending response.
01:28.539	ID:9	[INFO: App       ] Received response 'hello 4' from fd00::201:1:1:1
01:28.598	ID:12	[INFO: App       ] Received response 'hello 3' from fd00::201:1:1:1
01:29.592	ID:13	[INFO: App       ] Sending request 3 to fd00::201:1:1:1
01:29.696	ID:1	[INFO: App       ] Received request 'hello 3' from fd00::20d:d:d:d
01:29.696	ID:1	[INFO: App       ] Sending response.
01:29.774	ID:13	[INFO: App       ] Received response 'hello 3' from fd00::201:1:1:1
01:30.117	ID:7	[INFO: App       ] Sending request 4 to fd00::201:1:1:1
01:30.206	ID:1	[INFO: App       ] Received request 'hello 4' from fd00::207:7:7:7
01:30.206	ID:1	[INFO: App       ] Sending response.
01:30.283	ID:7	[INFO: App       ] Received response 'hello 4' from fd00::201:1:1:1
01:32.723	ID:10	[INFO: App       ] Sending request 5 to fd00::201:1:1:1
01:32.792	ID:1	[INFO: App       ] Received request 'hello 5' from fd00::20a:a:a:a
01:32.792	ID:1	[INFO: App       ] Sending response.
01:32.826	ID:10	[INFO: App       ] Received response 'hello 5' from fd00::201:1:1:1
01:33.219	ID:5	[INFO: App       ] Sending request 6 to fd00::201:1:1:1
01:33.249	ID:6	[INFO: App       ] Sending request 4 to fd00::201:1:1:1
01:33.260	ID:1	[INFO: App       ] Received request 'hello 6' from fd00::205:5:5:5
01:33.260	ID:1	[INFO: App       ] Sending response.
01:33.336	ID:5	[INFO: App       ] Received response 'hello 6' from fd00::201:1:1:1
01:33.359	ID:1	[INFO: App       ] Received request 'hello 4' from fd00::206:6:6:6
01:33.359	ID:1	[INFO: App       ] Sending response.
01:33.410	ID:6	[INFO: App       ] Received response 'hello 4' from fd00::201:1:1:1
01:35.181	ID:15	[INFO: App       ] Sending request 4 to fd00::201:1:1:1
01:35.290	ID:1	[INFO: App       ] Received request 'hello 4' from fd00::20f:f:f:f
01:35.290	ID:1	[INFO: App       ] Sending response.
01:35.428	ID:15	[INFO: App       ] Received response 'hello 4' from fd00::201:1:1:1
01:35.485	ID:2	[INFO: App       ] Sending request 6 to fd00::201:1:1:1
01:35.533	ID:1	[INFO: App       ] Received request 'hello 6' from fd00::202:2:2:2
01:35.533	ID:1	[INFO: App       ] Sending response.
01:35.577	ID:2	[INFO: App       ] Received response 'hello 6' from fd00::201:1:1:1
01:35.840	ID:14	[INFO: App       ] Sending request 4 to fd00::201:1:1:1
01:35.975	ID:1	[INFO: App       ] Received request 'hello 4' from fd00::20e:e:e:e
01:35.975	ID:1	[INFO: App       ] Sending response.
01:36.081	ID:14	[INFO: App       ] Received response 'hello 4' from fd00::201:1:1:1
01:36.131	ID:11	[INFO: App       ] Sending request 6 to fd00::201:1:1:1
01:36.145	ID:3	[INFO: App       ] Sending request 6 to fd00::201:1:1:1
01:36.172	ID:1	[INFO: App       ] Received request 'hello 6' from fd00::20b:b:b:b
01:36.172	ID:1	[INFO: App       ] Sending response.
01:36.216	ID:1	[INFO: App       ] Received request 'hello 6' from fd00::203:3:3:3
01:36.216	ID:1	[INFO: App       ] Sending response.
01:36.240	ID:11	[INFO: App       ] Received response 'hello 6' from fd00::201:1:1:1
01:36.278	ID:3	[INFO: App       ] Received response 'hello 6' from fd00::201:1:1:1
01:36.594	ID:8	[INFO: App       ] Sending request 5 to fd00::201:1:1:1
01:36.665	ID:1	[INFO: App       ] Received request 'hello 5' from fd00::208:8:8:8
01:36.665	ID:1	[INFO: App       ] Sending response.
01:36.721	ID:8	[INFO: App       ] Received response 'hello 5' from fd00::201:1:1:1
01:37.340	ID:4	[INFO: App       ] Sending request 6 to fd00::201:1:1:1
01:37.418	ID:1	[INFO: App       ] Received request 'hello 6' from fd00::204:4:4:4
01:37.418	ID:1	[INFO: App       ] Sending response.
01:37.491	ID:4	[INFO: App       ] Received response 'hello 6' from fd00::201:1:1:1
01:37.551	ID:9	[INFO: App       ] Sending request 5 to fd00::201:1:1:1
01:37.625	ID:1	[INFO: App       ] Received request 'hello 5' from fd00::209:9:9:9
01:37.625	ID:1	[INFO: App       ] Sending response.
01:37.682	ID:9	[INFO: App       ] Received response 'hello 5' from fd00::201:1:1:1
01:38.579	ID:12	[INFO: App       ] Sending request 4 to fd00::201:1:1:1
01:38.666	ID:1	[INFO: App       ] Received request 'hello 4' from fd00::20c:c:c:c
01:38.666	ID:1	[INFO: App       ] Sending response.
01:38.777	ID:12	[INFO: App       ] Received response 'hello 4' from fd00::201:1:1:1
01:40.065	ID:13	[INFO: App       ] Sending request 4 to fd00::201:1:1:1
01:40.196	ID:1	[INFO: App       ] Received request 'hello 4' from fd00::20d:d:d:d
01:40.196	ID:1	[INFO: App       ] Sending response.
01:40.277	ID:13	[INFO: App       ] Received response 'hello 4' from fd00::201:1:1:1
01:40.962	ID:7	[INFO: App       ] Sending request 5 to fd00::201:1:1:1
01:41.090	ID:1	[INFO: App       ] Received request 'hello 5' from fd00::207:7:7:7
01:41.090	ID:1	[INFO: App       ] Sending response.
01:41.209	ID:7	[INFO: App       ] Received response 'hello 5' from fd00::201:1:1:1
01:42.830	ID:5	[INFO: App       ] Sending request 7 to fd00::201:1:1:1
01:42.866	ID:1	[INFO: App       ] Received request 'hello 7' from fd00::205:5:5:5
01:42.866	ID:1	[INFO: App       ] Sending response.
01:42.880	ID:5	[INFO: App       ] Received response 'hello 7' from fd00::201:1:1:1
01:43.068	ID:10	[INFO: App       ] Sending request 6 to fd00::201:1:1:1
01:43.155	ID:1	[INFO: App       ] Received request 'hello 6' from fd00::20a:a:a:a
01:43.155	ID:1	[INFO: App       ] Sending response.
01:43.196	ID:10	[INFO: App       ] Received response 'hello 6' from fd00::201:1:1:1
01:43.667	ID:6	[INFO: App       ] Sending request 5 to fd00::201:1:1:1
01:43.767	ID:1	[INFO: App       ] Received request 'hello 5' from fd00::206:6:6:6
01:43.767	ID:1	[INFO: App       ] Sending response.
01:43.847	ID:6	[INFO: App       ] Received response 'hello 5' from fd00::201:1:1:1
01:44.673	ID:2	[INFO: App       ] Sending request 7 to fd00::201:1:1:1
01:44.701	ID:1	[INFO: App       ] Received request 'hello 7' from fd00::202:2:2:2
01:44.701	ID:1	[INFO: App       ] Sending response.
01:44.744	ID:2	[INFO: App       ] Received response 'hello 7' from fd00::201:1:1:1
01:44.935	ID:14	[INFO: App       ] Sending request 5 to fd00::201:1:1:1
01:44.999	ID:1	[INFO: App       ] Received request 'hello 5' from fd00::20e:e:e:e
01:44.999	ID:1	[INFO: App       ] Sending response.
01:45.063	ID:14	[INFO: App       ] Received response 'hello 5' from fd00::201:1:1:1
01:45.176	ID:15	[INFO: App       ] Sending request 5 to fd00::201:1:1:1
01:45.296	ID:1	[INFO: App       ] Received request 'hello 5' from fd00::20f:f:f:f
01:45.296	ID:1	[INFO: App       ] Sending response.
01:45.371	ID:15	[INFO: App       ] Received response 'hello 5' from fd00::201:1:1:1
01:45.912	ID:3	[INFO: App       ] Sending request 7 to fd00::201:1:1:1
01:45.961	ID:1	[INFO: App       ] Received request 'hello 7' from fd00::203:3:3:3
01:45.961	ID:1	[INFO: App       ] Sending response.
01:45.984	ID:3	[INFO: App       ] Received response 'hello 7' from fd00::201:1:1:1
01:46.018	ID:8	[INFO: App       ] Sending request 6 to fd00::201:1:1:1
01:46.093	ID:1	[INFO: App       ] Received request 'hello 6' from fd00::208:8:8:8
01:46.093	ID:1	[INFO: App       ] Sending response.
01:46.168	ID:8	[INFO: App       ] Received response 'hello 6' from fd00::201:1:1:1
01:46.870	ID:11	[INFO: App       ] Sending request 7 to fd00::201:1:1:1
01:46.896	ID:1	[INFO: App       ] Received request 'hello 7' from fd00::20b:b:b:b
01:46.896	ID:1	[INFO: App       ] Sending response.
01:46.989	ID:11	[INFO: App       ] Received response 'hello 7' from fd00::201:1:1:1
01:47.307	ID:4	[INFO: App       ] Sending request 7 to fd00::201:1:1:1
01:47.382	ID:1	[INFO: App       ] Received request 'hello 7' from fd00::204:4:4:4
01:47.382	ID:1	[INFO: App       ] Sending response.
01:47.442	ID:4	[INFO: App       ] Received response 'hello 7' from fd00::201:1:1:1
01:48.549	ID:9	[INFO: App       ] Sending request 6 to fd00::201:1:1:1
01:48.623	ID:1	[INFO: App       ] Received request 'hello 6' from fd00::209:9:9:9
01:48.623	ID:1	[INFO: App       ] Sending response.
01:48.712	ID:9	[INFO: App       ] Received response 'hello 6' from fd00::201:1:1:1
01:49.416	ID:12	[INFO: App       ] Sending request 5 to fd00::201:1:1:1
01:49.540	ID:1	[INFO: App       ] Received request 'hello 5' from fd00::20c:c:c:c
01:49.540	ID:1	[INFO: App       ] Sending response.
01:49.627	ID:12	[INFO: App       ] Received response 'hello 5' from fd00::201:1:1:1
01:50.232	ID:7	[INFO: App       ] Sending request 6 to fd00::201:1:1:1
01:50.301	ID:1	[INFO: App       ] Received request 'hello 6' from fd00::207:7:7:7
01:50.301	ID:1	[INFO: App       ] Sending response.
01:50.374	ID:7	[INFO: App       ] Received response 'hello 6' from fd00::201:1:1:1
01:50.595	ID:13	[INFO: App       ] Sending request 5 to fd00::201:1:1:1
01:50.702	ID:1	[INFO: App       ] Received request 'hello 5' from fd00::20d:d:d:d
01:50.702	ID:1	[INFO: App       ] Sending response.
01:50.819	ID:13	[INFO: App       ] Received response 'hello 5' from fd00::201:1:1:1
01:52.215	ID:10	[INFO: App       ] Sending request 7 to fd00::201:1:1:1
01:52.286	ID:1	[INFO: App       ] Received request 'hello 7' from fd00::20a:a:a:a
01:52.286	ID:1	[INFO: App       ] Sending response.
01:52.378	ID:10	[INFO: App       ] Received response 'hello 7' from fd00::201:1:1:1
01:52.592	ID:5	[INFO: App       ] Sending request 8 to fd00::201:1:1:1
01:52.626	ID:1	[INFO: App       ] Received request 'hello 8' from fd00::205:5:5:5
01:52.626	ID:1	[INFO: App       ] Sending response.
01:52.707	ID:5	[INFO: App       ] Received response 'hello 8' from fd00::201:1:1:1
01:53.205	ID:6	[INFO: App       ] Sending request 6 to fd00::201:1:1:1
01:53.283	ID:1	[INFO: App       ] Received request 'hello 6' from fd00::206:6:6:6
01:53.283	ID:1	[INFO: App       ] Sending response.
01:53.329	ID:6	[INFO: App       ] Received response 'hello 6' from fd00::201:1:1:1
01:54.378	ID:14	[INFO: App       ] Sending request 6 to fd00::201:1:1:1
01:54.487	ID:1	[INFO: App       ] Received request 'hello 6' from fd00::20e:e:e:e
01:54.487	ID:1	[INFO: App       ] Sending response.
01:54.569	ID:14	[INFO: App       ] Received response 'hello 6' from fd00::201:1:1:1
01:55.054	ID:3	[INFO: App       ] Sending request 8 to fd00::201:1:1:1
01:55.096	ID:1	[INFO: App       ] Received request 'hello 8' from fd00::203:3:3:3
01:55.096	ID:1	[INFO: App       ] Sending response.
01:55.149	ID:3	[INFO: App       ] Received response 'hello 8' from fd00::201:1:1:1
01:55.201	ID:8	[INFO: App       ] Sending request 7 to fd00::201:1:1:1
01:55.264	ID:1	[INFO: App       ] Received request 'hello 7' from fd00::208:8:8:8
01:55.264	ID:1	[INFO: App       ] Sending response.
01:55.345	ID:8	[INFO: App       ] Received response 'hello 7' from fd00::201:1:1:1
01:55.480	ID:15	[INFO: App       ] Sending request 6 to fd00::201:1:1:1
01:55.539	ID:2	[INFO: App       ] Sending request 8 to fd00::201:1:1:1
01:55.578	ID:1	[INFO: App       ] Received request 'hello 8' from fd00::202:2:2:2
01:55.578	ID:1	[INFO: App       ] Sending response.
01:55.616	ID:1	[INFO: App       ] Received request 'hello 6' from fd00::20f:f:f:f
01:55.616	ID:1	[INFO: App       ] Sending response.
01:55.644	ID:2	[INFO: App       ] Received response 'hello 8' from fd00::201:1:1:1
01:55.699	ID:15	[INFO: App       ] Received response 'hello 6' from fd00::201:1:1:1
01:57.787	ID:11	[INFO: App       ] Sending request 8 to fd00::201:1:1:1
01:57.830	ID:1	[INFO: App       ] Received request 'hello 8' from fd00::20b:b:b:b
01:57.830	ID:1	[INFO: App       ] Sending response.
01:57.906	ID:11	[INFO: App       ] Received response 'hello 8' from fd00::201:1:1:1
01:57.952	ID:9	[INFO: App       ] Sending request 7 to fd00::201:1:1:1
01:58.016	ID:1	[INFO: App       ] Received request 'hello 7' from fd00::209:9:9:9
01:58.016	ID:1	[INFO: App       ] Sending response.
01:58.059	ID:9	[INFO: App       ] Received response 'hello 7' from fd00::201:1:1:1
01:58.078	ID:4	[INFO: App       ] Sending request 8 to fd00::201:1:1:1
01:58.113	ID:1	[INFO: App       ] Received request 'hello 8' from fd00::204:4:4:4
01:58.113	ID:1	[INFO: App       ] Sending response.
01:58.179	ID:4	[INFO: App       ] Received response 'hello 8' from fd00::201:1:1:1
01:59.569	ID:7	[INFO: App       ] Sending request 7 to fd00::201:1:1:1
01:59.619	ID:1	[INFO: App       ] Received request 'hello 7' from fd00::207:7:7:7
01:59.619	ID:1	[INFO: App       ] Sending response.
01:59.691	ID:7	[INFO: App       ] Received response 'hello 7' from fd00::201:1:1:1
02:00.128	ID:12	[INFO: App       ] Sending request 6 to fd00::201:1:1:1
02:00.251	ID:1	[INFO: App       ] Received request 'hello 6' from fd00::20c:c:c:c
02:00.251	ID:1	[INFO: App       ] Sending response.
02:00.379	ID:12	[INFO: App       ] Received response 'hello 6' from fd00::201:1:1:1
02:00.906	ID:13	[INFO: App       ] Sending request 6 to fd00::201:1:1:1
02:01.006	ID:1	[INFO: App       ] Received request 'hello 6' from fd00::20d:d:d:d
02:01.006	ID:1	[INFO: App       ] Sending response.
02:01.055	ID:13	[INFO: App       ] Received response 'hello 6' from fd00::201:1:1:1
02:01.244	ID:10	[INFO: App       ] Sending request 8 to fd00::201:1:1:1
02:01.342	ID:1	[INFO: App       ] Received request 'hello 8' from fd00::20a:a:a:a
02:01.342	ID:1	[INFO: App       ] Sending response.
02:01.452	ID:10	[INFO: App       ] Received response 'hello 8' from fd00::201:1:1:1
02:03.587	ID:5	[INFO: App       ] Sending request 9 to fd00::201:1:1:1
02:03.624	ID:6	[INFO: App       ] Sending request 7 to fd00::201:1:1:1
02:03.656	ID:1	[INFO: App       ] Received request 'hello 9' from fd00::205:5:5:5
02:03.656	ID:1	[INFO: App       ] Sending response.
02:03.736	ID:1	[INFO: App       ] Received request 'hello 7' from fd00::206:6:6:6
02:03.736	ID:1	[INFO: App       ] Sending response.
02:03.738	ID:14	[INFO: App       ] Sending request 7 to fd00::201:1:1:1
02:03.742	ID:5	[INFO: App       ] Received response 'hello 9' from fd00::201:1:1:1
02:03.831	ID:1	[INFO: App       ] Received request 'hello 7' from fd00::20e:e:e:e
02:03.831	ID:1	[INFO: App       ] Sending response.
02:03.849	ID:6	[INFO: App       ] Received response 'hello 7' from fd00::201:1:1:1
02:03.962	ID:14	[INFO: App       ] Received response 'hello 7' from fd00::201:1:1:1
02:04.786	ID:8	[INFO: App       ] Sending request 8 to fd00::201:1:1:1
02:04.857	ID:1	[INFO: App       ] Received request 'hello 8' from fd00::208:8:8:8
02:04.857	ID:1	[INFO: App       ] Sending response.
02:04.925	ID:8	[INFO: App       ] Received response 'hello 8' from fd00::201:1:1:1
02:05.060	ID:2	[INFO: App       ] Sending request 9 to fd00::201:1:1:1
02:05.091	ID:1	[INFO: App       ] Received request 'hello 9' from fd00::202:2:2:2
02:05.091	ID:1	[INFO: App       ] Sending response.
02:05.165	ID:2	[INFO: App       ] Received response 'hello 9' from fd00::201:1:1:1
02:05.621	ID:3	[INFO: App       ] Sending request 9 to fd00::201:1:1:1
02:05.674	ID:1	[INFO: App       ] Received request 'hello 9' from fd00::203:3:3:3
02:05.674	ID:1	[INFO: App       ] Sending response.
02:05.715	ID:3	[INFO: App       ] Received response 'hello 9' from fd00::201:1:1:1
02:06.418	ID:15	[INFO: App       ] Sending request 7 to fd00::201:1:1:1
02:06.503	ID:1	[INFO: App       ] Received request 'hello 7' from fd00::20f:f:f:f
02:06.503	ID:1	[INFO: App       ] Sending response.
02:06.629	ID:15	[INFO: App       ] Received response 'hello 7' from fd00::201:1:1:1
02:07.181	ID:4	[INFO: App       ] Sending request 9 to fd00::201:1:1:1
02:07.211	ID:1	[INFO: App       ] Received request 'hello 9' from fd00::204:4:4:4
02:07.211	ID:1	[INFO: App       ] Sending response.
02:07.275	ID:4	[INFO: App       ] Received response 'hello 9' from fd00::201:1:1:1
02:07.721	ID:9	[INFO: App       ] Sending request 8 to fd00::201:1:1:1
02:07.794	ID:1	[INFO: App       ] Received request 'hello 8' from fd00::209:9:9:9
02:07.794	ID:1	[INFO: App       ] Sending response.
02:07.874	ID:11	[INFO: App       ] Sending request 9 to fd00::201:1:1:1
02:07.892	ID:9	[INFO: App       ] Received response 'hello 8' from fd00::201:1:1:1
02:07.939	ID:1	[INFO: App       ] Received request 'hello 9' from fd00::20b:b:b:b
02:07.939	ID:1	[INFO: App       ] Sending response.
02:07.993	ID:11	[INFO: App       ] Received response 'hello 9' from fd00::201:1:1:1
02:09.858	ID:7	[INFO: App       ] Sending request 8 to fd00::201:1:1:1
02:09.918	ID:1	[INFO: App       ] Received request 'hello 8' from fd00::207:7:7:7
02:09.918	ID:1	[INFO: App       ] Sending response.
02:10.048	ID:7	[INFO: App       ] Received response 'hello 8' from fd00::201:1:1:1
02:10.337	ID:10	[INFO: App       ] Sending request 9 to fd00::201:1:1:1
02:10.422	ID:1	[INFO: App       ] Received request 'hello 9' from fd00::20a:a:a:a
02:10.422	ID:1	[INFO: App       ] Sending response.
02:10.454	ID:13	[INFO: App       ] Sending request 7 to fd00::201:1:1:1
02:10.486	ID:10	[INFO: App       ] Received response 'hello 9' from fd00::201:1:1:1
02:10.555	ID:1	[INFO: App       ] Received request 'hello 7' from fd00::20d:d:d:d
02:10.555	ID:1	[INFO: App       ] Sending response.
02:10.689	ID:13	[INFO: App       ] Received response 'hello 7' from fd00::201:1:1:1
02:10.764	ID:12	[INFO: App       ] Sending request 7 to fd00::201:1:1:1
02:10.883	ID:1	[INFO: App       ] Received request 'hello 7' from fd00::20c:c:c:c
02:10.883	ID:1	[INFO: App       ] Sending response.
02:10.995	ID:12	[INFO: App       ] Received response 'hello 7' from fd00::201:1:1:1
02:13.215	ID:14	[INFO: App       ] Sending request 8 to fd00::201:1:1:1
02:13.286	ID:1	[INFO: App       ] Received request 'hello 8' from fd00::20e:e:e:e
02:13.286	ID:1	[INFO: App       ] Sending response.
02:13.395	ID:14	[INFO: App       ] Received response 'hello 8' from fd00::201:1:1:1
02:13.460	ID:5	[INFO: App       ] Tx/Rx/MissedTx: 10/10/0
02:13.460	ID:5	[INFO: App       ] Sending request 10 to fd00::201:1:1:1
02:13.497	ID:1	[INFO: App       ] Received request 'hello 10' from fd00::205:5:5:5
02:13.497	ID:1	[INFO: App       ] Sending response.
02:13.572	ID:5	[INFO: App       ] Received response 'hello 10' from fd00::201:1:1:1
02:14.298	ID:6	[INFO: App       ] Sending request 8 to fd00::201:1:1:1
02:14.370	ID:1	[INFO: App       ] Received request 'hello 8' from fd00::206:6:6:6
02:14.370	ID:1	[INFO: App       ] Sending response.
02:14.497	ID:6	[INFO: App       ] Received response 'hello 8' from fd00::201:1:1:1
02:14.777	ID:8	[INFO: App       ] Sending request 9 to fd00::201:1:1:1
02:14.859	ID:1	[INFO: App       ] Received request 'hello 9' from fd00::208:8:8:8
02:14.859	ID:1	[INFO: App       ] Sending response.
02:14.935	ID:8	[INFO: App       ] Received response 'hello 9' from fd00::201:1:1:1
02:15.694	ID:2	[INFO: App       ] Tx/Rx/MissedTx: 10/10/0
02:15.694	ID:2	[INFO: App       ] Sending request 10 to fd00::201:1:1:1
02:15.725	ID:1	[INFO: App       ] Received request 'hello 10' from fd00::202:2:2:2
02:15.725	ID:1	[INFO: App       ] Sending response.
02:15.766	ID:2	[INFO: App       ] Received response 'hello 10' from fd00::201:1:1:1
02:16.207	ID:4	[INFO: App       ] Tx/Rx/MissedTx: 10/10/0
02:16.207	ID:4	[INFO: App       ] Sending request 10 to fd00::201:1:1:1
02:16.272	ID:1	[INFO: App       ] Received request 'hello 10' from fd00::204:4:4:4
02:16.272	ID:1	[INFO: App       ] Sending response.
02:16.283	ID:3	[INFO: App       ] Tx/Rx/MissedTx: 10/10/0
02:16.283	ID:3	[INFO: App       ] Sending request 10 to fd00::201:1:1:1
02:16.290	ID:4	[INFO: App       ] Received response 'hello 10' from fd00::201:1:1:1
02:16.336	ID:1	[INFO: App       ] Received request 'hello 10' from fd00::203:3:3:3
02:16.336	ID:1	[INFO: App       ] Sending response.
02:16.405	ID:3	[INFO: App       ] Received response 'hello 10' from fd00::201:1:1:1
02:16.514	ID:15	[INFO: App       ] Sending request 8 to fd00::201:1:1:1
02:16.594	ID:1	[INFO: App       ] Received request 'hello 8' from fd00::20f:f:f:f
02:16.594	ID:1	[INFO: App       ] Sending response.
02:16.660	ID:15	[INFO: App       ] Received response 'hello 8' from fd00::201:1:1:1
02:17.068	ID:11	[INFO: App       ] Tx/Rx/MissedTx: 10/10/0
02:17.068	ID:11	[INFO: App       ] Sending request 10 to fd00::201:1:1:1
02:17.148	ID:1	[INFO: App       ] Received request 'hello 10' from fd00::20b:b:b:b
02:17.148	ID:1	[INFO: App       ] Sending response.
02:17.229	ID:11	[INFO: App       ] Received response 'hello 10' from fd00::201:1:1:1
02:18.517	ID:9	[INFO: App       ] Sending request 9 to fd00::201:1:1:1
02:18.593	ID:1	[INFO: App       ] Received request 'hello 9' from fd00::209:9:9:9
02:18.593	ID:1	[INFO: App       ] Sending response.
02:18.680	ID:9	[INFO: App       ] Received response 'hello 9' from fd00::201:1:1:1
02:19.639	ID:10	[INFO: App       ] Tx/Rx/MissedTx: 10/10/0
02:19.639	ID:10	[INFO: App       ] Sending request 10 to fd00::201:1:1:1
02:19.700	ID:1	[INFO: App       ] Received request 'hello 10' from fd00::20a:a:a:a
02:19.700	ID:1	[INFO: App       ] Sending response.
02:19.747	ID:10	[INFO: App       ] Received response 'hello 10' from fd00::201:1:1:1
02:19.816	ID:7	[INFO: App       ] Sending request 9 to fd00::201:1:1:1
02:19.817	ID:12	[INFO: App       ] Sending request 8 to fd00::201:1:1:1
02:19.892	ID:1	[INFO: App       ] Received request 'hello 8' from fd00::20c:c:c:c
02:19.892	ID:1	[INFO: App       ] Sending response.
02:19.919	ID:1	[INFO: App       ] Received request 'hello 9' from fd00::207:7:7:7
02:19.919	ID:1	[INFO: App       ] Sending response.
02:19.983	ID:7	[INFO: App       ] Received response 'hello 9' from fd00::201:1:1:1
02:20.063	ID:12	[INFO: App       ] Received response 'hello 8' from fd00::201:1:1:1
02:20.483	ID:13	[INFO: App       ] Sending request 8 to fd00::201:1:1:1
02:20.555	ID:1	[INFO: App       ] Received request 'hello 8' from fd00::20d:d:d:d
02:20.555	ID:1	[INFO: App       ] Sending response.
02:20.704	ID:13	[INFO: App       ] Received response 'hello 8' from fd00::201:1:1:1
02:22.505	ID:5	[INFO: App       ] Sending request 11 to fd00::201:1:1:1
02:22.556	ID:1	[INFO: App       ] Received request 'hello 11' from fd00::205:5:5:5
02:22.556	ID:1	[INFO: App       ] Sending response.
02:22.634	ID:5	[INFO: App       ] Received response 'hello 11' from fd00::201:1:1:1
02:23.414	ID:14	[INFO: App       ] Sending request 9 to fd00::201:1:1:1
02:23.513	ID:1	[INFO: App       ] Received request 'hello 9' from fd00::20e:e:e:e
02:23.513	ID:1	[INFO: App       ] Sending response.
02:23.611	ID:14	[INFO: App       ] Received response 'hello 9' from fd00::201:1:1:1
02:23.969	ID:6	[INFO: App       ] Sending request 9 to fd00::201:1:1:1
02:24.003	ID:1	[INFO: App       ] Received request 'hello 9' from fd00::206:6:6:6
02:24.003	ID:1	[INFO: App       ] Sending response.
02:24.108	ID:6	[INFO: App       ] Received response 'hello 9' from fd00::201:1:1:1
02:25.080	ID:8	[INFO: App       ] Tx/Rx/MissedTx: 10/10/0
02:25.080	ID:8	[INFO: App       ] Sending request 10 to fd00::201:1:1:1
02:25.158	ID:1	[INFO: App       ] Received request 'hello 10' from fd00::208:8:8:8
02:25.158	ID:1	[INFO: App       ] Sending response.
02:25.259	ID:8	[INFO: App       ] Received response 'hello 10' from fd00::201:1:1:1
02:25.355	ID:2	[INFO: App       ] Sending request 11 to fd00::201:1:1:1
02:25.408	ID:1	[INFO: App       ] Received request 'hello 11' from fd00::202:2:2:2
02:25.408	ID:1	[INFO: App       ] Sending response.
02:25.473	ID:2	[INFO: App       ] Received response 'hello 11' from fd00::201:1:1:1
02:25.715	ID:4	[INFO: App       ] Sending request 11 to fd00::201:1:1:1
02:25.834	ID:1	[INFO: App       ] Received request 'hello 11' from fd00::204:4:4:4
02:25.834	ID:1	[INFO: App       ] Sending response.
02:25.883	ID:4	[INFO: App       ] Received response 'hello 11' from fd00::201:1:1:1
02:26.154	ID:3	[INFO: App       ] Sending request 11 to fd00::201:1:1:1
02:26.212	ID:1	[INFO: App       ] Received request 'hello 11' from fd00::203:3:3:3
02:26.212	ID:1	[INFO: App       ] Sending response.
02:26.273	ID:3	[INFO: App       ] Received response 'hello 11' from fd00::201:1:1:1
02:27.003	ID:11	[INFO: App       ] Sending request 11 to fd00::201:1:1:1
02:27.087	ID:1	[INFO: App       ] Received request 'hello 11' from fd00::20b:b:b:b
02:27.087	ID:1	[INFO: App       ] Sending response.
02:27.168	ID:11	[INFO: App       ] Received response 'hello 11' from fd00::201:1:1:1
02:27.198	ID:15	[INFO: App       ] Sending request 9 to fd00::201:1:1:1
02:27.300	ID:1	[INFO: App       ] Received request 'hello 9' from fd00::20f:f:f:f
02:27.300	ID:1	[INFO: App       ] Sending response.
02:27.433	ID:15	[INFO: App       ] Received response 'hello 9' from fd00::201:1:1:1
02:28.789	ID:10	[INFO: App       ] Sending request 11 to fd00::201:1:1:1
02:28.847	ID:1	[INFO: App       ] Received request 'hello 11' from fd00::20a:a:a:a
02:28.847	ID:1	[INFO: App       ] Sending response.
02:28.964	ID:10	[INFO: App       ] Received response 'hello 11' from fd00::201:1:1:1
02:29.024	ID:9	[INFO: App       ] Tx/Rx/MissedTx: 10/10/0
02:29.024	ID:9	[INFO: App       ] Sending request 10 to fd00::201:1:1:1
02:29.073	ID:12	[INFO: App       ] Sending request 9 to fd00::201:1:1:1
02:29.206	ID:1	[INFO: App       ] Received request 'hello 10' from fd00::209:9:9:9
02:29.206	ID:1	[INFO: App       ] Sending response.
02:29.233	ID:1	[INFO: App       ] Received request 'hello 9' from fd00::20c:c:c:c
02:29.233	ID:1	[INFO: App       ] Sending response.
02:29.276	ID:9	[INFO: App       ] Received response 'hello 10' from fd00::201:1:1:1
02:29.418	ID:12	[INFO: App       ] Received response 'hello 9' from fd00::201:1:1:1
02:29.823	ID:7	[INFO: App       ] Tx/Rx/MissedTx: 10/10/0
02:29.823	ID:7	[INFO: App       ] Sending request 10 to fd00::201:1:1:1
02:29.925	ID:1	[INFO: App       ] Received request 'hello 10' from fd00::207:7:7:7
02:29.925	ID:1	[INFO: App       ] Sending response.
02:30.034	ID:7	[INFO: App       ] Received response 'hello 10' from fd00::201:1:1:1
02:30.903	ID:13	[INFO: App       ] Sending request 9 to fd00::201:1:1:1
02:30.983	ID:1	[INFO: App       ] Received request 'hello 9' from fd00::20d:d:d:d
02:30.983	ID:1	[INFO: App       ] Sending response.
02:31.132	ID:13	[INFO: App       ] Received response 'hello 9' from fd00::201:1:1:1
02:33.137	ID:5	[INFO: App       ] Sending request 12 to fd00::201:1:1:1
02:33.189	ID:1	[INFO: App       ] Received request 'hello 12' from fd00::205:5:5:5
02:33.189	ID:1	[INFO: App       ] Sending response.
02:33.223	ID:5	[INFO: App       ] Received response 'hello 12' from fd00::201:1:1:1
02:34.392	ID:14	[INFO: App       ] Tx/Rx/MissedTx: 10/10/0
02:34.392	ID:14	[INFO: App       ] Sending request 10 to fd00::201:1:1:1
02:34.395	ID:6	[INFO: App       ] Tx/Rx/MissedTx: 10/10/0
02:34.395	ID:6	[INFO: App       ] Sending request 10 to fd00::201:1:1:1
02:34.439	ID:1	[INFO: App       ] Received request 'hello 10' from fd00::206:6:6:6
02:34.439	ID:1	[INFO: App       ] Sending response.
02:34.510	ID:6	[INFO: App       ] Received response 'hello 10' from fd00::201:1:1:1
02:34.526	ID:1	[INFO: App       ] Received request 'hello 10' from fd00::20e:e:e:e
02:34.526	ID:1	[INFO: App       ] Sending response.
02:34.643	ID:14	[INFO: App       ] Received response 'hello 10' from fd00::201:1:1:1
02:34.688	ID:8	[INFO: App       ] Sending request 11 to fd00::201:1:1:1
02:34.758	ID:1	[INFO: App       ] Received request 'hello 11' from fd00::208:8:8:8
02:34.758	ID:1	[INFO: App       ] Sending response.
02:34.835	ID:8	[INFO: App       ] Received response 'hello 11' from fd00::201:1:1:1
02:34.893	ID:2	[INFO: App       ] Sending request 12 to fd00::201:1:1:1
02:34.947	ID:1	[INFO: App       ] Received request 'hello 12' from fd00::202:2:2:2
02:34.947	ID:1	[INFO: App       ] Sending response.
02:34.980	ID:2	[INFO: App       ] Received response 'hello 12' from fd00::201:1:1:1
02:35.342	ID:4	[INFO: App       ] Sending request 12 to fd00::201:1:1:1
02:35.410	ID:1	[INFO: App       ] Received request 'hello 12' from fd00::204:4:4:4
02:35.410	ID:1	[INFO: App       ] Sending response.
02:35.456	ID:4	[INFO: App       ] Received response 'hello 12' from fd00::201:1:1:1
02:36.538	ID:11	[INFO: App       ] Sending request 12 to fd00::201:1:1:1
02:36.597	ID:1	[INFO: App       ] Received request 'hello 12' from fd00::20b:b:b:b
02:36.597	ID:1	[INFO: App       ] Sending response.
02:36.688	ID:11	[INFO: App       ] Received response 'hello 12' from fd00::201:1:1:1
02:36.721	ID:3	[INFO: App       ] Sending request 12 to fd00::201:1:1:1
02:36.761	ID:1	[INFO: App       ] Received request 'hello 12' from fd00::203:3:3:3
02:36.761	ID:1	[INFO: App       ] Sending response.
02:36.819	ID:3	[INFO: App       ] Received response 'hello 12' from fd00::201:1:1:1
02:37.678	ID:15	[INFO: App       ] Tx/Rx/MissedTx: 10/10/0
02:37.678	ID:15	[INFO: App       ] Sending request 10 to fd00::201:1:1:1
02:37.744	ID:1	[INFO: App       ] Received request 'hello 10' from fd00::20f:f:f:f
02:37.744	ID:1	[INFO: App       ] Sending response.
02:37.857	ID:15	[INFO: App       ] Received response 'hello 10' from fd00::201:1:1:1
02:38.616	ID:10	[INFO: App       ] Sending request 12 to fd00::201:1:1:1
02:38.700	ID:1	[INFO: App       ] Received request 'hello 12' from fd00::20a:a:a:a
02:38.700	ID:1	[INFO: App       ] Sending response.
02:38.788	ID:10	[INFO: App       ] Received response 'hello 12' from fd00::201:1:1:1
02:38.970	ID:12	[INFO: App       ] Tx/Rx/MissedTx: 10/10/0
02:38.970	ID:12	[INFO: App       ] Sending request 10 to fd00::201:1:1:1
02:39.098	ID:1	[INFO: App       ] Received request 'hello 10' from fd00::20c:c:c:c
02:39.098	ID:1	[INFO: App       ] Sending response.
02:39.214	ID:12	[INFO: App       ] Received response 'hello 10' from fd00::201:1:1:1
02:39.580	ID:9	[INFO: App       ] Sending request 11 to fd00::201:1:1:1
02:39.617	ID:1	[INFO: App       ] Received request 'hello 11' from fd00::209:9:9:9
02:39.617	ID:1	[INFO: App       ] Sending response.
02:39.685	ID:9	[INFO: App       ] Received response 'hello 11' from fd00::201:1:1:1
02:40.305	ID:7	[INFO: App       ] Sending request 11 to fd00::201:1:1:1
02:40.373	ID:1	[INFO: App       ] Received request 'hello 11' from fd00::207:7:7:7
02:40.373	ID:1	[INFO: App       ] Sending response.
02:40.469	ID:7	[INFO: App       ] Received response 'hello 11' from fd00::201:1:1:1
02:41.502	ID:13	[INFO: App       ] Tx/Rx/MissedTx: 10/10/0
02:41.502	ID:13	[INFO: App       ] Sending request 10 to fd00::201:1:1:1
02:41.586	ID:1	[INFO: App       ] Received request 'hello 10' from fd00::20d:d:d:d
02:41.586	ID:1	[INFO: App       ] Sending response.
02:41.737	ID:13	[INFO: App       ] Received response 'hello 10' from fd00::201:1:1:1
02:43.813	ID:5	[INFO: App       ] Sending request 13 to fd00::201:1:1:1
02:43.860	ID:1	[INFO: App       ] Received request 'hello 13' from fd00::205:5:5:5
02:43.860	ID:1	[INFO: App       ] Sending response.
02:43.904	ID:5	[INFO: App       ] Received response 'hello 13' from fd00::201:1:1:1
02:44.458	ID:2	[INFO: App       ] Sending request 13 to fd00::201:1:1:1
02:44.509	ID:1	[INFO: App       ] Received request 'hello 13' from fd00::202:2:2:2
02:44.509	ID:1	[INFO: App       ] Sending response.
02:44.551	ID:2	[INFO: App       ] Received response 'hello 13' from fd00::201:1:1:1
02:45.019	ID:8	[INFO: App       ] Sending request 12 to fd00::201:1:1:1
02:45.060	ID:1	[INFO: App       ] Received request 'hello 12' from fd00::208:8:8:8
02:45.060	ID:1	[INFO: App       ] Sending response.
02:45.068	ID:14	[INFO: App       ] Sending request 11 to fd00::201:1:1:1
02:45.132	ID:8	[INFO: App       ] Received response 'hello 12' from fd00::201:1:1:1
02:45.235	ID:1	[INFO: App       ] Received request 'hello 11' from fd00::20e:e:e:e
02:45.235	ID:1	[INFO: App       ] Sending response.
02:45.332	ID:14	[INFO: App       ] Received response 'hello 11' from fd00::201:1:1:1
02:45.358	ID:6	[INFO: App       ] Sending request 11 to fd00::201:1:1:1
02:45.436	ID:1	[INFO: App       ] Received request 'hello 11' from fd00::206:6:6:6
02:45.436	ID:1	[INFO: App       ] Sending response.
02:45.485	ID:6	[INFO: App       ] Received response 'hello 11' from fd00::201:1:1:1
02:45.590	ID:4	[INFO: App       ] Sending request 13 to fd00::201:1:1:1
02:45.663	ID:1	[INFO: App       ] Received request 'hello 13' from fd00::204:4:4:4
02:45.663	ID:1	[INFO: App       ] Sending response.
02:45.718	ID:4	[INFO: App       ] Received response 'hello 13' from fd00::201:1:1:1
02:45.837	ID:3	[INFO: App       ] Sending request 13 to fd00::201:1:1:1
02:45.906	ID:1	[INFO: App       ] Received request 'hello 13' from fd00::203:3:3:3
02:45.906	ID:1	[INFO: App       ] Sending response.
02:45.971	ID:3	[INFO: App       ] Received response 'hello 13' from fd00::201:1:1:1
02:47.013	ID:11	[INFO: App       ] Sending request 13 to fd00::201:1:1:1
02:47.124	ID:1	[INFO: App       ] Received request 'hello 13' from fd00::20b:b:b:b
02:47.124	ID:1	[INFO: App       ] Sending response.
02:47.212	ID:11	[INFO: App       ] Received response 'hello 13' from fd00::201:1:1:1
02:47.734	ID:10	[INFO: App       ] Sending request 13 to fd00::201:1:1:1
02:47.834	ID:1	[INFO: App       ] Received request 'hello 13' from fd00::20a:a:a:a
02:47.834	ID:1	[INFO: App       ] Sending response.
02:47.878	ID:10	[INFO: App       ] Received response 'hello 13' from fd00::201:1:1:1
02:48.444	ID:15	[INFO: App       ] Sending request 11 to fd00::201:1:1:1
02:48.564	ID:1	[INFO: App       ] Received request 'hello 11' from fd00::20f:f:f:f
02:48.564	ID:1	[INFO: App       ] Sending response.
02:48.669	ID:15	[INFO: App       ] Received response 'hello 11' from fd00::201:1:1:1
02:48.776	ID:12	[INFO: App       ] Sending request 11 to fd00::201:1:1:1
02:48.900	ID:1	[INFO: App       ] Received request 'hello 11' from fd00::20c:c:c:c
02:48.900	ID:1	[INFO: App       ] Sending response.
02:48.996	ID:12	[INFO: App       ] Received response 'hello 11' from fd00::201:1:1:1
02:49.377	ID:7	[INFO: App       ] Sending request 12 to fd00::201:1:1:1
02:49.469	ID:1	[INFO: App       ] Received request 'hello 12' from fd00::207:7:7:7
02:49.469	ID:1	[INFO: App       ] Sending response.
02:49.542	ID:7	[INFO: App       ] Received response 'hello 12' from fd00::201:1:1:1
02:50.337	ID:9	[INFO: App       ] Sending request 12 to fd00::201:1:1:1
02:50.391	ID:1	[INFO: App       ] Received request 'hello 12' from fd00::209:9:9:9
02:50.391	ID:1	[INFO: App       ] Sending response.
02:50.438	ID:9	[INFO: App       ] Received response 'hello 12' from fd00::201:1:1:1
02:51.832	ID:13	[INFO: App       ] Sending request 11 to fd00::201:1:1:1
02:51.936	ID:1	[INFO: App       ] Received request 'hello 11' from fd00::20d:d:d:d
02:51.936	ID:1	[INFO: App       ] Sending response.
02:52.055	ID:13	[INFO: App       ] Received response 'hello 11' from fd00::201:1:1:1
02:54.263	ID:2	[INFO: App       ] Sending request 14 to fd00::201:1:1:1
02:54.305	ID:1	[INFO: App       ] Received request 'hello 14' from fd00::202:2:2:2
02:54.305	ID:1	[INFO: App       ] Sending response.
02:54.354	ID:2	[INFO: App       ] Received response 'hello 14' from fd00::201:1:1:1
02:54.422	ID:5	[INFO: App       ] Sending request 14 to fd00::201:1:1:1
02:54.448	ID:1	[INFO: App       ] Received request 'hello 14' from fd00::205:5:5:5
02:54.448	ID:1	[INFO: App       ] Sending response.
02:54.500	ID:5	[INFO: App       ] Received response 'hello 14' from fd00::201:1:1:1
02:54.888	ID:14	[INFO: App       ] Sending request 12 to fd00::201:1:1:1
02:55.006	ID:1	[INFO: App       ] Received request 'hello 12' from fd00::20e:e:e:e
02:55.006	ID:1	[INFO: App       ] Sending response.
02:55.080	ID:14	[INFO: App       ] Received response 'hello 12' from fd00::201:1:1:1
02:55.337	ID:4	[INFO: App       ] Sending request 14 to fd00::201:1:1:1
02:55.372	ID:6	[INFO: App       ] Sending request 12 to fd00::201:1:1:1
02:55.388	ID:1	[INFO: App       ] Received request 'hello 14' from fd00::204:4:4:4
02:55.388	ID:1	[INFO: App       ] Sending response.
02:55.429	ID:4	[INFO: App       ] Received response 'hello 14' from fd00::201:1:1:1
02:55.466	ID:1	[INFO: App       ] Received request 'hello 12' from fd00::206:6:6:6
02:55.466	ID:1	[INFO: App       ] Sending response.
02:55.557	ID:6	[INFO: App       ] Received response 'hello 12' from fd00::201:1:1:1
02:55.680	ID:3	[INFO: App       ] Sending request 14 to fd00::201:1:1:1
02:55.698	ID:8	[INFO: App       ] Sending request 13 to fd00::201:1:1:1
02:55.728	ID:1	[INFO: App       ] Received request 'hello 14' from fd00::203:3:3:3
02:55.728	ID:1	[INFO: App       ] Sending response.
02:55.804	ID:3	[INFO: App       ] Received response 'hello 14' from fd00::201:1:1:1
02:55.821	ID:1	[INFO: App       ] Received request 'hello 13' from fd00::208:8:8:8
02:55.821	ID:1	[INFO: App       ] Sending response.
02:55.864	ID:8	[INFO: App       ] Received response 'hello 13' from fd00::201:1:1:1
02:56.752	ID:10	[INFO: App       ] Sending request 14 to fd00::201:1:1:1
02:56.806	ID:1	[INFO: App       ] Received request 'hello 14' from fd00::20a:a:a:a
02:56.806	ID:1	[INFO: App       ] Sending response.
02:56.882	ID:10	[INFO: App       ] Received response 'hello 14' from fd00::201:1:1:1
02:57.447	ID:11	[INFO: App       ] Sending request 14 to fd00::201:1:1:1
02:57.508	ID:15	[INFO: App       ] Sending request 12 to fd00::201:1:1:1
02:57.516	ID:1	[INFO: App       ] Received request 'hello 14' from fd00::20b:b:b:b
02:57.516	ID:1	[INFO: App       ] Sending response.
02:57.606	ID:11	[INFO: App       ] Received response 'hello 14' from fd00::201:1:1:1
02:57.671	ID:1	[INFO: App       ] Received request 'hello 12' from fd00::20f:f:f:f
02:57.671	ID:1	[INFO: App       ] Sending response.
02:57.771	ID:15	[INFO: App       ] Received response 'hello 12' from fd00::201:1:1:1
02:59.165	ID:12	[INFO: App       ] Sending request 12 to fd00::201:1:1:1
02:59.248	ID:1	[INFO: App       ] Received request 'hello 12' from fd00::20c:c:c:c
02:59.248	ID:1	[INFO: App       ] Sending response.
02:59.350	ID:12	[INFO: App       ] Received response 'hello 12' from fd00::201:1:1:1
02:59.805	ID:9	[INFO: App       ] Sending request 13 to fd00::201:1:1:1
02:59.861	ID:1	[INFO: App       ] Received request 'hello 13' from fd00::209:9:9:9
02:59.861	ID:1	[INFO: App       ] Sending response.
02:59.969	ID:9	[INFO: App       ] Received response 'hello 13' from fd00::201:1:1:1
03:00.169	ID:7	[INFO: App       ] Sending request 13 to fd00::201:1:1:1
03:00.260	ID:1	[INFO: App       ] Received request 'hello 13' from fd00::207:7:7:7
03:00.260	ID:1	[INFO: App       ] Sending response.
03:00.338	ID:7	[INFO: App       ] Received response 'hello 13' from fd00::201:1:1:1
03:01.086	ID:13	[INFO: App       ] Sending request 12 to fd00::201:1:1:1
03:01.198	ID:1	[INFO: App       ] Received request 'hello 12' from fd00::20d:d:d:d
03:01.198	ID:1	[INFO: App       ] Sending response.
03:01.323	ID:13	[INFO: App       ] Received response 'hello 12' from fd00::201:1:1:1
03:04.240	ID:5	[INFO: App       ] Sending request 15 to fd00::201:1:1:1
03:04.280	ID:1	[INFO: App       ] Received request 'hello 15' from fd00::205:5:5:5
03:04.280	ID:1	[INFO: App       ] Sending response.
03:04.314	ID:5	[INFO: App       ] Received response 'hello 15' from fd00::201:1:1:1
03:04.483	ID:14	[INFO: App       ] Sending request 13 to fd00::201:1:1:1
03:04.523	ID:2	[INFO: App       ] Sending request 15 to fd00::201:1:1:1
03:04.579	ID:1	[INFO: App       ] Received request 'hello 15' from fd00::202:2:2:2
03:04.579	ID:1	[INFO: App       ] Sending response.
03:04.613	ID:1	[INFO: App       ] Received request 'hello 13' from fd00::20e:e:e:e
03:04.613	ID:1	[INFO: App       ] Sending response.
03:04.628	ID:2	[INFO: App       ] Received response 'hello 15' from fd00::201:1:1:1
03:04.726	ID:14	[INFO: App       ] Received response 'hello 13' from fd00::201:1:1:1
03:05.154	ID:3	[INFO: App       ] Sending request 15 to fd00::201:1:1:1
03:05.190	ID:1	[INFO: App       ] Received request 'hello 15' from fd00::203:3:3:3
03:05.190	ID:1	[INFO: App       ] Sending response.
03:05.257	ID:3	[INFO: App       ] Received response 'hello 15' from fd00::201:1:1:1
03:05.472	ID:4	[INFO: App       ] Sending request 15 to fd00::201:1:1:1
03:05.515	ID:1	[INFO: App       ] Received request 'hello 15' from fd00::204:4:4:4
03:05.515	ID:1	[INFO: App       ] Sending response.
03:05.584	ID:4	[INFO: App       ] Received response 'hello 15' from fd00::201:1:1:1
03:05.702	ID:6	[INFO: App       ] Sending request 13 to fd00::201:1:1:1
03:05.770	ID:1	[INFO: App       ] Received request 'hello 13' from fd00::206:6:6:6
03:05.770	ID:1	[INFO: App       ] Sending response.
03:05.879	ID:6	[INFO: App       ] Received response 'hello 13' from fd00::201:1:1:1
03:06.210	ID:8	[INFO: App       ] Sending request 14 to fd00::201:1:1:1
03:06.259	ID:1	[INFO: App       ] Received request 'hello 14' from fd00::208:8:8:8
03:06.259	ID:1	[INFO: App       ] Sending response.
03:06.302	ID:8	[INFO: App       ] Received response 'hello 14' from fd00::201:1:1:1
03:06.620	ID:11	[INFO: App       ] Sending request 15 to fd00::201:1:1:1
03:06.685	ID:1	[INFO: App       ] Received request 'hello 15' from fd00::20b:b:b:b
03:06.685	ID:1	[INFO: App       ] Sending response.
03:06.771	ID:11	[INFO: App       ] Received response 'hello 15' from fd00::201:1:1:1
03:07.619	ID:10	[INFO: App       ] Sending request 15 to fd00::201:1:1:1
03:07.722	ID:1	[INFO: App       ] Received request 'hello 15' from fd00::20a:a:a:a
03:07.722	ID:1	[INFO: App       ] Sending response.
03:07.786	ID:10	[INFO: App       ] Received response 'hello 15' from fd00::201:1:1:1
03:08.254	ID:15	[INFO: App       ] Sending request 13 to fd00::201:1:1:1
03:08.341	ID:1	[INFO: App       ] Received request 'hello 13' from fd00::20f:f:f:f
03:08.341	ID:1	[INFO: App       ] Sending response.
03:08.417	ID:15	[INFO: App       ] Received response 'hello 13' from fd00::201:1:1:1
03:09.228	ID:12	[INFO: App       ] Sending request 13 to fd00::201:1:1:1
03:09.295	ID:1	[INFO: App       ] Received request 'hello 13' from fd00::20c:c:c:c
03:09.295	ID:1	[INFO: App       ] Sending response.
03:09.379	ID:12	[INFO: App       ] Received response 'hello 13' from fd00::201:1:1:1
03:09.642	ID:7	[INFO: App       ] Sending request 14 to fd00::201:1:1:1
03:09.759	ID:1	[INFO: App       ] Received request 'hello 14' from fd00::207:7:7:7
03:09.759	ID:1	[INFO: App       ] Sending response.
03:09.820	ID:7	[INFO: App       ] Received response 'hello 14' from fd00::201:1:1:1
03:09.925	ID:9	[INFO: App       ] Sending request 14 to fd00::201:1:1:1
03:09.990	ID:1	[INFO: App       ] Received request 'hello 14' from fd00::209:9:9:9
03:09.990	ID:1	[INFO: App       ] Sending response.
03:10.055	ID:9	[INFO: App       ] Received response 'hello 14' from fd00::201:1:1:1
03:11.702	ID:13	[INFO: App       ] Sending request 13 to fd00::201:1:1:1
03:11.816	ID:1	[INFO: App       ] Received request 'hello 13' from fd00::20d:d:d:d
03:11.816	ID:1	[INFO: App       ] Sending response.
03:11.902	ID:13	[INFO: App       ] Received response 'hello 13' from fd00::201:1:1:1
03:13.583	ID:14	[INFO: App       ] Sending request 14 to fd00::201:1:1:1
03:13.686	ID:1	[INFO: App       ] Received request 'hello 14' from fd00::20e:e:e:e
03:13.686	ID:1	[INFO: App       ] Sending response.
03:13.770	ID:14	[INFO: App       ] Received response 'hello 14' from fd00::201:1:1:1
03:14.531	ID:5	[INFO: App       ] Sending request 16 to fd00::201:1:1:1
03:14.586	ID:1	[INFO: App       ] Received request 'hello 16' from fd00::205:5:5:5
03:14.586	ID:1	[INFO: App       ] Sending response.
03:14.638	ID:5	[INFO: App       ] Received response 'hello 16' from fd00::201:1:1:1
03:14.821	ID:4	[INFO: App       ] Sending request 16 to fd00::201:1:1:1
03:14.868	ID:1	[INFO: App       ] Received request 'hello 16' from fd00::204:4:4:4
03:14.868	ID:1	[INFO: App       ] Sending response.
03:14.905	ID:4	[INFO: App       ] Received response 'hello 16' from fd00::201:1:1:1
03:15.211	ID:2	[INFO: App       ] Sending request 16 to fd00::201:1:1:1
03:15.274	ID:1	[INFO: App       ] Received request 'hello 16' from fd00::202:2:2:2
03:15.274	ID:1	[INFO: App       ] Sending response.
03:15.324	ID:2	[INFO: App       ] Received response 'hello 16' from fd00::201:1:1:1
03:15.375	ID:3	[INFO: App       ] Sending request 16 to fd00::201:1:1:1
03:15.433	ID:1	[INFO: App       ] Received request 'hello 16' from fd00::203:3:3:3
03:15.433	ID:1	[INFO: App       ] Sending response.
03:15.506	ID:3	[INFO: App       ] Received response 'hello 16' from fd00::201:1:1:1
03:15.668	ID:11	[INFO: App       ] Sending request 16 to fd00::201:1:1:1
03:15.719	ID:1	[INFO: App       ] Received request 'hello 16' from fd00::20b:b:b:b
03:15.719	ID:1	[INFO: App       ] Sending response.
03:15.791	ID:11	[INFO: App       ] Received response 'hello 16' from fd00::201:1:1:1
03:15.811	ID:6	[INFO: App       ] Sending request 14 to fd00::201:1:1:1
03:15.848	ID:1	[INFO: App       ] Received request 'hello 14' from fd00::206:6:6:6
03:15.848	ID:1	[INFO: App       ] Sending response.
03:15.946	ID:6	[INFO: App       ] Received response 'hello 14' from fd00::201:1:1:1
03:16.461	ID:8	[INFO: App       ] Sending request 15 to fd00::201:1:1:1
03:16.523	ID:1	[INFO: App       ] Received request 'hello 15' from fd00::208:8:8:8
03:16.523	ID:1	[INFO: App       ] Sending response.
03:16.629	ID:8	[INFO: App       ] Received response 'hello 15' from fd00::201:1:1:1
03:17.718	ID:15	[INFO: App       ] Sending request 14 to fd00::201:1:1:1
03:17.796	ID:1	[INFO: App       ] Received request 'hello 14' from fd00::20f:f:f:f
03:17.796	ID:1	[INFO: App       ] Sending response.
03:17.856	ID:10	[INFO: App       ] Sending request 16 to fd00::201:1:1:1
03:17.884	ID:15	[INFO: App       ] Received response 'hello 14' from fd00::201:1:1:1
03:17.950	ID:1	[INFO: App       ] Received request 'hello 16' from fd00::20a:a:a:a
03:17.950	ID:1	[INFO: App       ] Sending response.
03:18.044	ID:10	[INFO: App       ] Received response 'hello 16' from fd00::201:1:1:1
03:18.912	ID:12	[INFO: App       ] Sending request 14 to fd00::201:1:1:1
03:19.042	ID:7	[INFO: App       ] Sending request 15 to fd00::201:1:1:1
03:19.080	ID:1	[INFO: App       ] Received request 'hello 14' from fd00::20c:c:c:c
03:19.080	ID:1	[INFO: App       ] Sending response.
03:19.151	ID:1	[INFO: App       ] Received request 'hello 15' from fd00::207:7:7:7
03:19.151	ID:1	[INFO: App       ] Sending response.
03:19.200	ID:12	[INFO: App       ] Received response 'hello 14' from fd00::201:1:1:1
03:19.205	ID:7	[INFO: App       ] Received response 'hello 15' from fd00::201:1:1:1
03:19.977	ID:9	[INFO: App       ] Sending request 15 to fd00::201:1:1:1
03:20.025	ID:1	[INFO: App       ] Received request 'hello 15' from fd00::209:9:9:9
03:20.025	ID:1	[INFO: App       ] Sending response.
03:20.122	ID:9	[INFO: App       ] Received response 'hello 15' from fd00::201:1:1:1
03:22.194	ID:13	[INFO: App       ] Sending request 14 to fd00::201:1:1:1
03:22.246	ID:1	[INFO: App       ] Received request 'hello 14' from fd00::20d:d:d:d
03:22.246	ID:1	[INFO: App       ] Sending response.
03:22.374	ID:13	[INFO: App       ] Received response 'hello 14' from fd00::201:1:1:1
03:24.298	ID:5	[INFO: App       ] Sending request 17 to fd00::201:1:1:1
03:24.306	ID:4	[INFO: App       ] Sending request 17 to fd00::201:1:1:1
03:24.346	ID:1	[INFO: App       ] Received request 'hello 17' from fd00::205:5:5:5
03:24.346	ID:1	[INFO: App       ] Sending response.
03:24.369	ID:1	[INFO: App       ] Received request 'hello 17' from fd00::204:4:4:4
03:24.369	ID:1	[INFO: App       ] Sending response.
03:24.373	ID:14	[INFO: App       ] Sending request 15 to fd00::201:1:1:1
03:24.414	ID:5	[INFO: App       ] Received response 'hello 17' from fd00::201:1:1:1
03:24.460	ID:4	[INFO: App       ] Received response 'hello 17' from fd00::201:1:1:1
03:24.543	ID:1	[INFO: App       ] Received request 'hello 15' from fd00::20e:e:e:e
03:24.543	ID:1	[INFO: App       ] Sending response.
03:24.692	ID:14	[INFO: App       ] Received response 'hello 15' from fd00::201:1:1:1
03:24.718	ID:11	[INFO: App       ] Sending request 17 to fd00::201:1:1:1
03:24.770	ID:1	[INFO: App       ] Received request 'hello 17' from fd00::20b:b:b:b
03:24.770	ID:1	[INFO: App       ] Sending response.
03:24.876	ID:11	[INFO: App       ] Received response 'hello 17' from fd00::201:1:1:1
03:25.344	ID:3	[INFO: App       ] Sending request 17 to fd00::201:1:1:1
03:25.383	ID:1	[INFO: App       ] Received request 'hello 17' from fd00::203:3:3:3
03:25.383	ID:1	[INFO: App       ] Sending response.
03:25.456	ID:3	[INFO: App       ] Received response 'hello 17' from fd00::201:1:1:1
03:25.788	ID:2	[INFO: App       ] Sending request 17 to fd00::201:1:1:1
03:25.816	ID:1	[INFO: App       ] Received request 'hello 17' from fd00::202:2:2:2
03:25.816	ID:1	[INFO: App       ] Sending response.
03:25.862	ID:2	[INFO: App       ] Received response 'hello 17' from fd00::201:1:1:1
03:26.529	ID:6	[INFO: App       ] Sending request 15 to fd00::201:1:1:1
03:26.641	ID:1	[INFO: App       ] Received request 'hello 15' from fd00::206:6:6:6
03:26.641	ID:1	[INFO: App       ] Sending response.
03:26.723	ID:6	[INFO: App       ] Received response 'hello 15' from fd00::201:1:1:1
03:26.736	ID:8	[INFO: App       ] Sending request 16 to fd00::201:1:1:1
03:26.760	ID:1	[INFO: App       ] Received request 'hello 16' from fd00::208:8:8:8
03:26.760	ID:1	[INFO: App       ] Sending response.
03:26.834	ID:8	[INFO: App       ] Received response 'hello 16' from fd00::201:1:1:1
03:27.682	ID:10	[INFO: App       ] Sending request 17 to fd00::201:1:1:1
03:27.787	ID:1	[INFO: App       ] Received request 'hello 17' from fd00::20a:a:a:a
03:27.787	ID:1	[INFO: App       ] Sending response.
03:27.877	ID:10	[INFO: App       ] Received response 'hello 17' from fd00::201:1:1:1
03:27.905	ID:15	[INFO: App       ] Sending request 15 to fd00::201:1:1:1
03:28.024	ID:1	[INFO: App       ] Received request 'hello 15' from fd00::20f:f:f:f
03:28.024	ID:1	[INFO: App       ] Sending response.
03:28.119	ID:15	[INFO: App       ] Received response 'hello 15' from fd00::201:1:1:1
03:28.596	ID:7	[INFO: App       ] Sending request 16 to fd00::201:1:1:1
03:28.693	ID:1	[INFO: App       ] Received request 'hello 16' from fd00::207:7:7:7
03:28.693	ID:1	[INFO: App       ] Sending response.
03:28.770	ID:7	[INFO: App       ] Received response 'hello 16' from fd00::201:1:1:1
03:29.034	ID:12	[INFO: App       ] Sending request 15 to fd00::201:1:1:1
03:29.074	ID:9	[INFO: App       ] Sending request 16 to fd00::201:1:1:1
03:29.159	ID:1	[INFO: App       ] Received request 'hello 15' from fd00::20c:c:c:c
03:29.159	ID:1	[INFO: App       ] Sending response.
03:29.246	ID:1	[INFO: App       ] Received request 'hello 16' from fd00::209:9:9:9
03:29.246	ID:1	[INFO: App       ] Sending response.
03:29.265	ID:12	[INFO: App       ] Received response 'hello 15' from fd00::201:1:1:1
03:29.358	ID:9	[INFO: App       ] Received response 'hello 16' from fd00::201:1:1:1
03:32.020	ID:13	[INFO: App       ] Sending request 15 to fd00::201:1:1:1
03:32.133	ID:1	[INFO: App       ] Received request 'hello 15' from fd00::20d:d:d:d
03:32.133	ID:1	[INFO: App       ] Sending response.
03:32.219	ID:13	[INFO: App       ] Received response 'hello 15' from fd00::201:1:1:1
03:33.470	ID:4	[INFO: App       ] Sending request 18 to fd00::201:1:1:1
03:33.506	ID:5	[INFO: App       ] Sending request 18 to fd00::201:1:1:1
03:33.536	ID:1	[INFO: App       ] Received request 'hello 18' from fd00::204:4:4:4
03:33.536	ID:1	[INFO: App       ] Sending response.
03:33.616	ID:1	[INFO: App       ] Received request 'hello 18' from fd00::205:5:5:5
03:33.616	ID:1	[INFO: App       ] Sending response.
03:33.625	ID:4	[INFO: App       ] Received response 'hello 18' from fd00::201:1:1:1
03:33.637	ID:5	[INFO: App       ] Received response 'hello 18' from fd00::201:1:1:1
03:34.892	ID:11	[INFO: App       ] Sending request 18 to fd00::201:1:1:1
03:34.974	ID:1	[INFO: App       ] Received request 'hello 18' from fd00::20b:b:b:b
03:34.974	ID:1	[INFO: App       ] Sending response.
03:35.039	ID:14	[INFO: App       ] Sending request 16 to fd00::201:1:1:1
03:35.111	ID:1	[INFO: App       ] Received request 'hello 16' from fd00::20e:e:e:e
03:35.111	ID:1	[INFO: App       ] Sending response.
03:35.263	ID:11	[INFO: App       ] Received response 'hello 18' from fd00::201:1:1:1
03:35.306	ID:14	[INFO: App       ] Received response 'hello 16' from fd00::201:1:1:1
03:36.059	ID:2	[INFO: App       ] Sending request 18 to fd00::201:1:1:1
03:36.087	ID:1	[INFO: App       ] Received request 'hello 18' from fd00::202:2:2:2
03:36.087	ID:1	[INFO: App       ] Sending response.
03:36.135	ID:3	[INFO: App       ] Sending request 18 to fd00::201:1:1:1
03:36.166	ID:2	[INFO: App       ] Received response 'hello 18' from fd00::201:1:1:1
03:36.191	ID:1	[INFO: App       ] Received request 'hello 18' from fd00::203:3:3:3
03:36.191	ID:1	[INFO: App       ] Sending response.
03:36.236	ID:3	[INFO: App       ] Received response 'hello 18' from fd00::201:1:1:1
03:36.978	ID:6	[INFO: App       ] Sending request 16 to fd00::201:1:1:1
03:37.043	ID:1	[INFO: App       ] Received request 'hello 16' from fd00::206:6:6:6
03:37.043	ID:1	[INFO: App       ] Sending response.
03:37.102	ID:6	[INFO: App       ] Received response 'hello 16' from fd00::201:1:1:1
03:37.363	ID:8	[INFO: App       ] Sending request 17 to fd00::201:1:1:1
03:37.444	ID:1	[INFO: App       ] Received request 'hello 17' from fd00::208:8:8:8
03:37.444	ID:1	[INFO: App       ] Sending response.
03:37.537	ID:8	[INFO: App       ] Received response 'hello 17' from fd00::201:1:1:1
03:37.678	ID:10	[INFO: App       ] Sending request 18 to fd00::201:1:1:1
03:37.781	ID:1	[INFO: App       ] Received request 'hello 18' from fd00::20a:a:a:a
03:37.781	ID:1	[INFO: App       ] Sending response.
03:37.873	ID:10	[INFO: App       ] Received response 'hello 18' from fd00::201:1:1:1
03:38.381	ID:9	[INFO: App       ] Sending request 17 to fd00::201:1:1:1
03:38.446	ID:1	[INFO: App       ] Received request 'hello 17' from fd00::209:9:9:9
03:38.446	ID:1	[INFO: App       ] Sending response.
03:38.478	ID:9	[INFO: App       ] Received response 'hello 17' from fd00::201:1:1:1
03:38.539	ID:15	[INFO: App       ] Sending request 16 to fd00::201:1:1:1
03:38.607	ID:1	[INFO: App       ] Received request 'hello 16' from fd00::20f:f:f:f
03:38.607	ID:1	[INFO: App       ] Sending response.
03:38.678	ID:15	[INFO: App       ] Received response 'hello 16' from fd00::201:1:1:1
03:38.839	ID:12	[INFO: App       ] Sending request 16 to fd00::201:1:1:1
03:38.957	ID:1	[INFO: App       ] Received request 'hello 16' from fd00::20c:c:c:c
03:38.957	ID:1	[INFO: App       ] Sending response.
03:39.044	ID:12	[INFO: App       ] Received response 'hello 16' from fd00::201:1:1:1
03:39.570	ID:7	[INFO: App       ] Sending request 17 to fd00::201:1:1:1
03:39.624	ID:1	[INFO: App       ] Received request 'hello 17' from fd00::207:7:7:7
03:39.624	ID:1	[INFO: App       ] Sending response.
03:39.684	ID:7	[INFO: App       ] Received response 'hello 17' from fd00::201:1:1:1
03:42.074	ID:13	[INFO: App       ] Sending request 16 to fd00::201:1:1:1
03:42.168	ID:1	[INFO: App       ] Received request 'hello 16' from fd00::20d:d:d:d
03:42.168	ID:1	[INFO: App       ] Sending response.
03:42.289	ID:13	[INFO: App       ] Received response 'hello 16' from fd00::201:1:1:1
03:44.109	ID:5	[INFO: App       ] Sending request 19 to fd00::201:1:1:1
03:44.164	ID:1	[INFO: App       ] Received request 'hello 19' from fd00::205:5:5:5
03:44.164	ID:1	[INFO: App       ] Sending response.
03:44.216	ID:5	[INFO: App       ] Received response 'hello 19' from fd00::201:1:1:1
03:44.278	ID:4	[INFO: App       ] Sending request 19 to fd00::201:1:1:1
03:44.331	ID:1	[INFO: App       ] Received request 'hello 19' from fd00::204:4:4:4
03:44.331	ID:1	[INFO: App       ] Sending response.
03:44.401	ID:4	[INFO: App       ] Received response 'hello 19' from fd00::201:1:1:1
03:44.739	ID:11	[INFO: App       ] Sending request 19 to fd00::201:1:1:1
03:44.771	ID:14	[INFO: App       ] Sending request 17 to fd00::201:1:1:1
03:44.813	ID:1	[INFO: App       ] Received request 'hello 19' from fd00::20b:b:b:b
03:44.813	ID:1	[INFO: App       ] Sending response.
03:44.920	ID:1	[INFO: App       ] Received request 'hello 17' from fd00::20e:e:e:e
03:44.920	ID:1	[INFO: App       ] Sending response.
03:44.987	ID:11	[INFO: App       ] Received response 'hello 19' from fd00::201:1:1:1
03:45.049	ID:14	[INFO: App       ] Received response 'hello 17' from fd00::201:1:1:1
03:46.465	ID:3	[INFO: App       ] Sending request 19 to fd00::201:1:1:1
03:46.475	ID:2	[INFO: App       ] Sending request 19 to fd00::201:1:1:1
03:46.515	ID:1	[INFO: App       ] Received request 'hello 19' from fd00::202:2:2:2
03:46.515	ID:1	[INFO: App       ] Sending response.
03:46.543	ID:1	[INFO: App       ] Received request 'hello 19' from fd00::203:3:3:3
03:46.543	ID:1	[INFO: App       ] Sending response.
03:46.595	ID:3	[INFO: App       ] Received response 'hello 19' from fd00::201:1:1:1
03:46.638	ID:2	[INFO: App       ] Received response 'hello 19' from fd00::201:1:1:1
03:47.111	ID:6	[INFO: App       ] Sending request 17 to fd00::201:1:1:1
03:47.206	ID:1	[INFO: App       ] Received request 'hello 17' from fd00::206:6:6:6
03:47.206	ID:1	[INFO: App       ] Sending response.
03:47.272	ID:6	[INFO: App       ] Received response 'hello 17' from fd00::201:1:1:1
03:47.608	ID:10	[INFO: App       ] Sending request 19 to fd00::201:1:1:1
03:47.679	ID:1	[INFO: App       ] Received request 'hello 19' from fd00::20a:a:a:a
03:47.679	ID:1	[INFO: App       ] Sending response.
03:47.773	ID:10	[INFO: App       ] Received response 'hello 19' from fd00::201:1:1:1
03:47.996	ID:8	[INFO: App       ] Sending request 18 to fd00::201:1:1:1
03:48.035	ID:15	[INFO: App       ] Sending request 17 to fd00::201:1:1:1
03:48.062	ID:1	[INFO: App       ] Received request 'hello 18' from fd00::208:8:8:8
03:48.062	ID:1	[INFO: App       ] Sending response.
03:48.098	ID:1	[INFO: App       ] Received request 'hello 17' from fd00::20f:f:f:f
03:48.098	ID:1	[INFO: App       ] Sending response.
03:48.208	ID:8	[INFO: App       ] Received response 'hello 18' from fd00::201:1:1:1
03:48.234	ID:15	[INFO: App       ] Received response 'hello 17' from fd00::201:1:1:1
03:49.162	ID:12	[INFO: App       ] Sending request 17 to fd00::201:1:1:1
03:49.231	ID:9	[INFO: App       ] Sending request 18 to fd00::201:1:1:1
03:49.259	ID:1	[INFO: App       ] Received request 'hello 17' from fd00::20c:c:c:c
03:49.259	ID:1	[INFO: App       ] Sending response.
03:49.303	ID:1	[INFO: App       ] Received request 'hello 18' from fd00::209:9:9:9
03:49.303	ID:1	[INFO: App       ] Sending response.
03:49.376	ID:12	[INFO: App       ] Received response 'hello 17' from fd00::201:1:1:1
03:49.387	ID:9	[INFO: App       ] Received response 'hello 18' from fd00::201:1:1:1
03:49.600	ID:7	[INFO: App       ] Sending request 18 to fd00::201:1:1:1
03:49.651	ID:1	[INFO: App       ] Received request 'hello 18' from fd00::207:7:7:7
03:49.651	ID:1	[INFO: App       ] Sending response.
03:49.729	ID:7	[INFO: App       ] Received response 'hello 18' from fd00::201:1:1:1
03:51.539	ID:13	[INFO: App       ] Sending request 17 to fd00::201:1:1:1
03:51.611	ID:1	[INFO: App       ] Received request 'hello 17' from fd00::20d:d:d:d
03:51.611	ID:1	[INFO: App       ] Sending response.
03:51.695	ID:13	[INFO: App       ] Received response 'hello 17' from fd00::201:1:1:1
03:54.274	ID:4	[INFO: App       ] Tx/Rx/MissedTx: 20/20/0
03:54.274	ID:4	[INFO: App       ] Sending request 20 to fd00::201:1:1:1
03:54.319	ID:1	[INFO: App       ] Received request 'hello 20' from fd00::204:4:4:4
03:54.319	ID:1	[INFO: App       ] Sending response.
03:54.352	ID:4	[INFO: App       ] Received response 'hello 20' from fd00::201:1:1:1
03:54.402	ID:5	[INFO: App       ] Tx/Rx/MissedTx: 20/20/0
03:54.402	ID:5	[INFO: App       ] Sending request 20 to fd00::201:1:1:1
03:54.427	ID:1	[INFO: App       ] Received request 'hello 20' from fd00::205:5:5:5
03:54.427	ID:1	[INFO: App       ] Sending response.
03:54.494	ID:5	[INFO: App       ] Received response 'hello 20' from fd00::201:1:1:1
03:54.762	ID:11	[INFO: App       ] Tx/Rx/MissedTx: 20/20/0
03:54.762	ID:11	[INFO: App       ] Sending request 20 to fd00::201:1:1:1
03:54.837	ID:1	[INFO: App       ] Received request 'hello 20' from fd00::20b:b:b:b
03:54.837	ID:1	[INFO: App       ] Sending response.
03:54.926	ID:11	[INFO: App       ] Received response 'hello 20' from fd00::201:1:1:1
03:55.024	ID:14	[INFO: App       ] Sending request 18 to fd00::201:1:1:1
03:55.135	ID:1	[INFO: App       ] Received request 'hello 18' from fd00::20e:e:e:e
03:55.135	ID:1	[INFO: App       ] Sending response.
03:55.196	ID:14	[INFO: App       ] Received response 'hello 18' from fd00::201:1:1:1
03:56.142	ID:3	[INFO: App       ] Tx/Rx/MissedTx: 20/20/0
03:56.142	ID:3	[INFO: App       ] Sending request 20 to fd00::201:1:1:1
03:56.213	ID:1	[INFO: App       ] Received request 'hello 20' from fd00::203:3:3:3
03:56.213	ID:1	[INFO: App       ] Sending response.
03:56.276	ID:3	[INFO: App       ] Received response 'hello 20' from fd00::201:1:1:1
03:56.740	ID:6	[INFO: App       ] Sending request 18 to fd00::201:1:1:1
03:56.831	ID:1	[INFO: App       ] Received request 'hello 18' from fd00::206:6:6:6
03:56.831	ID:1	[INFO: App       ] Sending response.
03:56.922	ID:6	[INFO: App       ] Received response 'hello 18' from fd00::201:1:1:1
03:56.966	ID:10	[INFO: App       ] Tx/Rx/MissedTx: 20/20/0
03:56.966	ID:10	[INFO: App       ] Sending request 20 to fd00::201:1:1:1
03:57.028	ID:1	[INFO: App       ] Received request 'hello 20' from fd00::20a:a:a:a
03:57.028	ID:1	[INFO: App       ] Sending response.
03:57.119	ID:10	[INFO: App       ] Received response 'hello 20' from fd00::201:1:1:1
03:57.139	ID:2	[INFO: App       ] Tx/Rx/MissedTx: 20/20/0
03:57.139	ID:2	[INFO: App       ] Sending request 20 to fd00::201:1:1:1
03:57.213	ID:1	[INFO: App       ] Received request 'hello 20' from fd00::202:2:2:2
03:57.213	ID:1	[INFO: App       ] Sending response.
03:57.265	ID:2	[INFO: App       ] Received response 'hello 20' from fd00::201:1:1:1
03:57.281	ID:15	[INFO: App       ] Sending request 18 to fd00::201:1:1:1
03:57.377	ID:1	[INFO: App       ] Received request 'hello 18' from fd00::20f:f:f:f
03:57.377	ID:1	[INFO: App       ] Sending response.
03:57.501	ID:15	[INFO: App       ] Received response 'hello 18' from fd00::201:1:1:1
03:58.270	ID:8	[INFO: App       ] Sending request 19 to fd00::201:1:1:1
03:58.341	ID:1	[INFO: App       ] Received request 'hello 19' from fd00::208:8:8:8
03:58.341	ID:1	[INFO: App       ] Sending response.
03:58.432	ID:8	[INFO: App       ] Received response 'hello 19' from fd00::201:1:1:1
03:59.688	ID:12	[INFO: App       ] Sending request 18 to fd00::201:1:1:1
03:59.766	ID:1	[INFO: App       ] Received request 'hello 18' from fd00::20c:c:c:c
03:59.766	ID:1	[INFO: App       ] Sending response.
03:59.776	ID:9	[INFO: App       ] Sending request 19 to fd00::201:1:1:1
03:59.850	ID:12	[INFO: App       ] Received response 'hello 18' from fd00::201:1:1:1
03:59.908	ID:1	[INFO: App       ] Received request 'hello 19' from fd00::209:9:9:9
03:59.908	ID:1	[INFO: App       ] Sending response.
04:00.034	ID:9	[INFO: App       ] Received response 'hello 19' from fd00::201:1:1:1
04:00.368	ID:7	[INFO: App       ] Sending request 19 to fd00::201:1:1:1
04:00.454	ID:1	[INFO: App       ] Received request 'hello 19' from fd00::207:7:7:7
04:00.454	ID:1	[INFO: App       ] Sending response.
04:00.520	ID:7	[INFO: App       ] Received response 'hello 19' from fd00::201:1:1:1
04:00.798	ID:13	[INFO: App       ] Sending request 18 to fd00::201:1:1:1
04:00.919	ID:1	[INFO: App       ] Received request 'hello 18' from fd00::20d:d:d:d
04:00.919	ID:1	[INFO: App       ] Sending response.
04:00.921	ID:16	[WARN: BLACKHOLE ] BLACKHOLE ATTACK: enabled
04:01.017	ID:13	[INFO: App       ] Received response 'hello 18' from fd00::201:1:1:1
04:03.609	ID:4	[INFO: App       ] Sending request 21 to fd00::201:1:1:1
04:03.618	ID:16	[WARN: IPv6      ] BLACKHOLE: forward check hit
04:03.618	ID:16	[WARN: IPv6      ] BLACKHOLE: dropping forwarded packet
04:04.207	ID:5	[INFO: App       ] Sending request 21 to fd00::201:1:1:1
04:04.244	ID:16	[WARN: IPv6      ] BLACKHOLE: forward check hit
04:04.244	ID:16	[WARN: IPv6      ] BLACKHOLE: dropping forwarded packet
04:04.697	ID:14	[INFO: App       ] Sending request 19 to fd00::201:1:1:1
04:04.756	ID:16	[WARN: IPv6      ] BLACKHOLE: forward check hit
04:04.756	ID:16	[WARN: IPv6      ] BLACKHOLE: dropping forwarded packet
04:04.871	ID:11	[INFO: App       ] Sending request 21 to fd00::201:1:1:1
04:04.927	ID:16	[WARN: IPv6      ] BLACKHOLE: forward check hit
04:04.927	ID:16	[WARN: IPv6      ] BLACKHOLE: dropping forwarded packet
04:06.275	ID:3	[INFO: App       ] Sending request 21 to fd00::201:1:1:1
04:06.290	ID:16	[WARN: IPv6      ] BLACKHOLE: forward check hit
04:06.290	ID:16	[WARN: IPv6      ] BLACKHOLE: dropping forwarded packet
04:06.773	ID:6	[INFO: App       ] Sending request 19 to fd00::201:1:1:1
04:06.826	ID:16	[WARN: IPv6      ] BLACKHOLE: forward check hit
04:06.826	ID:16	[WARN: IPv6      ] BLACKHOLE: dropping forwarded packet
04:06.872	ID:10	[INFO: App       ] Sending request 21 to fd00::201:1:1:1
04:06.958	ID:16	[WARN: IPv6      ] BLACKHOLE: forward check hit
04:06.958	ID:16	[WARN: IPv6      ] BLACKHOLE: dropping forwarded packet
04:07.458	ID:15	[INFO: App       ] Sending request 19 to fd00::201:1:1:1
04:07.507	ID:2	[INFO: App       ] Sending request 21 to fd00::201:1:1:1
04:07.533	ID:16	[WARN: IPv6      ] BLACKHOLE: forward check hit
04:07.533	ID:16	[WARN: IPv6      ] BLACKHOLE: dropping forwarded packet
04:07.560	ID:16	[WARN: IPv6      ] BLACKHOLE: forward check hit
04:07.560	ID:16	[WARN: IPv6      ] BLACKHOLE: dropping forwarded packet
04:09.031	ID:12	[INFO: App       ] Sending request 19 to fd00::201:1:1:1
04:09.115	ID:16	[WARN: IPv6      ] BLACKHOLE: forward check hit
04:09.115	ID:16	[WARN: IPv6      ] BLACKHOLE: dropping forwarded packet
04:09.118	ID:8	[INFO: App       ] Tx/Rx/MissedTx: 20/20/0
04:09.118	ID:8	[INFO: App       ] Sending request 20 to fd00::201:1:1:1
04:09.161	ID:16	[WARN: IPv6      ] BLACKHOLE: forward check hit
04:09.161	ID:16	[WARN: IPv6      ] BLACKHOLE: dropping forwarded packet
04:10.651	ID:9	[INFO: App       ] Tx/Rx/MissedTx: 20/20/0
04:10.651	ID:9	[INFO: App       ] Sending request 20 to fd00::201:1:1:1
04:10.686	ID:16	[WARN: IPv6      ] BLACKHOLE: forward check hit
04:10.686	ID:16	[WARN: IPv6      ] BLACKHOLE: dropping forwarded packet
04:10.885	ID:7	[INFO: App       ] Tx/Rx/MissedTx: 20/20/0
04:10.885	ID:7	[INFO: App       ] Sending request 20 to fd00::201:1:1:1
04:10.922	ID:13	[INFO: App       ] Sending request 19 to fd00::201:1:1:1
04:10.945	ID:16	[WARN: IPv6      ] BLACKHOLE: forward check hit
04:10.945	ID:16	[WARN: IPv6      ] BLACKHOLE: dropping forwarded packet
04:10.989	ID:16	[WARN: IPv6      ] BLACKHOLE: forward check hit
04:10.989	ID:16	[WARN: IPv6      ] BLACKHOLE: dropping forwarded packet
04:13.829	ID:4	[INFO: App       ] Sending request 22 to fd00::201:1:1:1
04:13.841	ID:16	[WARN: IPv6      ] BLACKHOLE: forward check hit
04:13.841	ID:16	[WARN: IPv6      ] BLACKHOLE: dropping forwarded packet
04:14.506	ID:14	[INFO: App       ] Tx/Rx/MissedTx: 20/19/0
04:14.506	ID:14	[INFO: App       ] Sending request 20 to fd00::201:1:1:1
04:14.579	ID:16	[WARN: IPv6      ] BLACKHOLE: forward check hit
04:14.579	ID:16	[WARN: IPv6      ] BLACKHOLE: dropping forwarded packet
04:14.971	ID:5	[INFO: App       ] Sending request 22 to fd00::201:1:1:1
04:14.982	ID:16	[WARN: IPv6      ] BLACKHOLE: forward check hit
04:14.982	ID:16	[WARN: IPv6      ] BLACKHOLE: dropping forwarded packet
04:15.663	ID:11	[INFO: App       ] Sending request 22 to fd00::201:1:1:1
04:15.720	ID:16	[WARN: IPv6      ] BLACKHOLE: forward check hit
04:15.720	ID:16	[WARN: IPv6      ] BLACKHOLE: dropping forwarded packet
04:16.578	ID:3	[INFO: App       ] Sending request 22 to fd00::201:1:1:1
04:16.614	ID:16	[WARN: IPv6      ] BLACKHOLE: forward check hit
04:16.614	ID:16	[WARN: IPv6      ] BLACKHOLE: dropping forwarded packet
04:16.931	ID:6	[INFO: App       ] Tx/Rx/MissedTx: 20/19/0
04:16.931	ID:6	[INFO: App       ] Sending request 20 to fd00::201:1:1:1
04:16.983	ID:16	[WARN: IPv6      ] BLACKHOLE: forward check hit
04:16.983	ID:16	[WARN: IPv6      ] BLACKHOLE: dropping forwarded packet
04:17.144	ID:15	[INFO: App       ] Tx/Rx/MissedTx: 20/19/0
04:17.144	ID:15	[INFO: App       ] Sending request 20 to fd00::201:1:1:1
04:17.206	ID:16	[WARN: IPv6      ] BLACKHOLE: forward check hit
04:17.206	ID:16	[WARN: IPv6      ] BLACKHOLE: dropping forwarded packet
04:17.316	ID:10	[INFO: App       ] Sending request 22 to fd00::201:1:1:1
04:17.393	ID:16	[WARN: IPv6      ] BLACKHOLE: forward check hit
04:17.393	ID:16	[WARN: IPv6      ] BLACKHOLE: dropping forwarded packet
04:18.397	ID:2	[INFO: App       ] Sending request 22 to fd00::201:1:1:1
04:18.439	ID:16	[WARN: IPv6      ] BLACKHOLE: forward check hit
04:18.439	ID:16	[WARN: IPv6      ] BLACKHOLE: dropping forwarded packet
04:18.766	ID:8	[INFO: App       ] Sending request 21 to fd00::201:1:1:1
04:18.794	ID:16	[WARN: IPv6      ] BLACKHOLE: forward check hit
04:18.794	ID:16	[WARN: IPv6      ] BLACKHOLE: dropping forwarded packet
04:19.209	ID:12	[INFO: App       ] Tx/Rx/MissedTx: 20/19/0
04:19.209	ID:12	[INFO: App       ] Sending request 20 to fd00::201:1:1:1
04:19.299	ID:16	[WARN: IPv6      ] BLACKHOLE: forward check hit
04:19.299	ID:16	[WARN: IPv6      ] BLACKHOLE: dropping forwarded packet
04:20.503	ID:7	[INFO: App       ] Sending request 21 to fd00::201:1:1:1
04:20.552	ID:16	[WARN: IPv6      ] BLACKHOLE: forward check hit
04:20.552	ID:16	[WARN: IPv6      ] BLACKHOLE: dropping forwarded packet
04:21.028	ID:9	[INFO: App       ] Sending request 21 to fd00::201:1:1:1
04:21.106	ID:16	[WARN: IPv6      ] BLACKHOLE: forward check hit
04:21.106	ID:16	[WARN: IPv6      ] BLACKHOLE: dropping forwarded packet
04:21.210	ID:13	[INFO: App       ] Tx/Rx/MissedTx: 20/19/0
04:21.210	ID:13	[INFO: App       ] Sending request 20 to fd00::201:1:1:1
04:21.322	ID:16	[WARN: IPv6      ] BLACKHOLE: forward check hit
04:21.322	ID:16	[WARN: IPv6      ] BLACKHOLE: dropping forwarded packet
04:23.334	ID:4	[INFO: App       ] Sending request 23 to fd00::201:1:1:1
04:23.348	ID:16	[WARN: IPv6      ] BLACKHOLE: forward check hit
04:23.348	ID:16	[WARN: IPv6      ] BLACKHOLE: dropping forwarded packet
04:24.432	ID:14	[INFO: App       ] Sending request 21 to fd00::201:1:1:1
04:24.511	ID:16	[WARN: IPv6      ] BLACKHOLE: forward check hit
04:24.511	ID:16	[WARN: IPv6      ] BLACKHOLE: dropping forwarded packet
04:25.204	ID:5	[INFO: App       ] Sending request 23 to fd00::201:1:1:1
04:25.205	ID:11	[INFO: App       ] Sending request 23 to fd00::201:1:1:1
04:25.209	ID:16	[WARN: IPv6      ] BLACKHOLE: forward check hit
04:25.209	ID:16	[WARN: IPv6      ] BLACKHOLE: dropping forwarded packet
04:25.256	ID:16	[WARN: IPv6      ] BLACKHOLE: forward check hit
04:25.256	ID:16	[WARN: IPv6      ] BLACKHOLE: dropping forwarded packet
04:26.743	ID:15	[INFO: App       ] Sending request 21 to fd00::201:1:1:1
04:26.803	ID:16	[WARN: IPv6      ] BLACKHOLE: forward check hit
04:26.803	ID:16	[WARN: IPv6      ] BLACKHOLE: dropping forwarded packet
04:26.912	ID:3	[INFO: App       ] Sending request 23 to fd00::201:1:1:1
04:26.935	ID:16	[WARN: IPv6      ] BLACKHOLE: forward check hit
04:26.935	ID:16	[WARN: IPv6      ] BLACKHOLE: dropping forwarded packet
04:26.981	ID:6	[INFO: App       ] Sending request 21 to fd00::201:1:1:1
04:27.018	ID:16	[WARN: IPv6      ] BLACKHOLE: forward check hit
04:27.018	ID:16	[WARN: IPv6      ] BLACKHOLE: dropping forwarded packet
04:27.923	ID:8	[INFO: App       ] Sending request 22 to fd00::201:1:1:1
04:27.988	ID:16	[WARN: IPv6      ] BLACKHOLE: forward check hit
04:27.988	ID:16	[WARN: IPv6      ] BLACKHOLE: dropping forwarded packet
04:28.064	ID:10	[INFO: App       ] Sending request 23 to fd00::201:1:1:1
04:28.116	ID:16	[WARN: IPv6      ] BLACKHOLE: forward check hit
04:28.116	ID:16	[WARN: IPv6      ] BLACKHOLE: dropping forwarded packet
04:28.280	ID:2	[INFO: App       ] Sending request 23 to fd00::201:1:1:1
04:28.323	ID:16	[WARN: IPv6      ] BLACKHOLE: forward check hit
04:28.323	ID:16	[WARN: IPv6      ] BLACKHOLE: dropping forwarded packet
04:28.718	ID:12	[INFO: App       ] Sending request 21 to fd00::201:1:1:1
04:28.811	ID:16	[WARN: IPv6      ] BLACKHOLE: forward check hit
04:28.811	ID:16	[WARN: IPv6      ] BLACKHOLE: dropping forwarded packet
04:29.591	ID:7	[INFO: App       ] Sending request 22 to fd00::201:1:1:1
04:29.632	ID:16	[WARN: IPv6      ] BLACKHOLE: forward check hit
04:29.632	ID:16	[WARN: IPv6      ] BLACKHOLE: dropping forwarded packet
04:30.765	ID:9	[INFO: App       ] Sending request 22 to fd00::201:1:1:1
04:30.784	ID:13	[INFO: App       ] Sending request 21 to fd00::201:1:1:1
04:30.800	ID:16	[WARN: IPv6      ] BLACKHOLE: forward check hit
04:30.800	ID:16	[WARN: IPv6      ] BLACKHOLE: dropping forwarded packet
04:30.888	ID:16	[WARN: IPv6      ] BLACKHOLE: forward check hit
04:30.888	ID:16	[WARN: IPv6      ] BLACKHOLE: dropping forwarded packet
04:34.106	ID:4	[INFO: App       ] Sending request 24 to fd00::201:1:1:1
04:34.113	ID:16	[WARN: IPv6      ] BLACKHOLE: forward check hit
04:34.113	ID:16	[WARN: IPv6      ] BLACKHOLE: dropping forwarded packet
04:34.311	ID:14	[INFO: App       ] Sending request 22 to fd00::201:1:1:1
04:34.405	ID:16	[WARN: IPv6      ] BLACKHOLE: forward check hit
04:34.405	ID:16	[WARN: IPv6      ] BLACKHOLE: dropping forwarded packet
04:35.262	ID:5	[INFO: App       ] Sending request 24 to fd00::201:1:1:1
04:35.306	ID:16	[WARN: IPv6      ] BLACKHOLE: forward check hit
04:35.306	ID:16	[WARN: IPv6      ] BLACKHOLE: dropping forwarded packet
04:35.842	ID:11	[INFO: App       ] Sending request 24 to fd00::201:1:1:1
04:35.920	ID:16	[WARN: IPv6      ] BLACKHOLE: forward check hit
04:35.920	ID:16	[WARN: IPv6      ] BLACKHOLE: dropping forwarded packet
04:36.236	ID:3	[INFO: App       ] Sending request 24 to fd00::201:1:1:1
04:36.258	ID:16	[WARN: IPv6      ] BLACKHOLE: forward check hit
04:36.258	ID:16	[WARN: IPv6      ] BLACKHOLE: dropping forwarded packet
04:36.869	ID:15	[INFO: App       ] Sending request 22 to fd00::201:1:1:1
04:36.972	ID:16	[WARN: IPv6      ] BLACKHOLE: forward check hit
04:36.972	ID:16	[WARN: IPv6      ] BLACKHOLE: dropping forwarded packet
04:37.123	ID:6	[INFO: App       ] Sending request 22 to fd00::201:1:1:1
04:37.153	ID:16	[WARN: IPv6      ] BLACKHOLE: forward check hit
04:37.153	ID:16	[WARN: IPv6      ] BLACKHOLE: dropping forwarded packet
04:37.497	ID:10	[INFO: App       ] Sending request 24 to fd00::201:1:1:1
04:37.551	ID:16	[WARN: IPv6      ] BLACKHOLE: forward check hit
04:37.551	ID:16	[WARN: IPv6      ] BLACKHOLE: dropping forwarded packet
04:38.386	ID:2	[INFO: App       ] Sending request 24 to fd00::201:1:1:1
04:38.416	ID:16	[WARN: IPv6      ] BLACKHOLE: forward check hit
04:38.416	ID:16	[WARN: IPv6      ] BLACKHOLE: dropping forwarded packet
04:38.625	ID:8	[INFO: App       ] Sending request 23 to fd00::201:1:1:1
04:38.691	ID:16	[WARN: IPv6      ] BLACKHOLE: forward check hit
04:38.691	ID:16	[WARN: IPv6      ] BLACKHOLE: dropping forwarded packet
04:38.717	ID:12	[INFO: App       ] Sending request 22 to fd00::201:1:1:1
04:38.801	ID:16	[WARN: IPv6      ] BLACKHOLE: forward check hit
04:38.801	ID:16	[WARN: IPv6      ] BLACKHOLE: dropping forwarded packet
04:39.985	ID:7	[INFO: App       ] Sending request 23 to fd00::201:1:1:1
04:40.051	ID:16	[WARN: IPv6      ] BLACKHOLE: forward check hit
04:40.051	ID:16	[WARN: IPv6      ] BLACKHOLE: dropping forwarded packet
04:40.310	ID:13	[INFO: App       ] Sending request 22 to fd00::201:1:1:1
04:40.382	ID:16	[WARN: IPv6      ] BLACKHOLE: forward check hit
04:40.382	ID:16	[WARN: IPv6      ] BLACKHOLE: dropping forwarded packet
04:40.615	ID:9	[INFO: App       ] Sending request 23 to fd00::201:1:1:1
04:40.682	ID:16	[WARN: IPv6      ] BLACKHOLE: forward check hit
04:40.682	ID:16	[WARN: IPv6      ] BLACKHOLE: dropping forwarded packet
04:43.791	ID:4	[INFO: App       ] Sending request 25 to fd00::201:1:1:1
04:43.802	ID:16	[WARN: IPv6      ] BLACKHOLE: forward check hit
04:43.802	ID:16	[WARN: IPv6      ] BLACKHOLE: dropping forwarded packet
04:44.789	ID:5	[INFO: App       ] Sending request 25 to fd00::201:1:1:1
04:44.815	ID:14	[INFO: App       ] Sending request 23 to fd00::201:1:1:1
04:44.832	ID:16	[WARN: IPv6      ] BLACKHOLE: forward check hit
04:44.832	ID:16	[WARN: IPv6      ] BLACKHOLE: dropping forwarded packet
04:44.911	ID:16	[WARN: IPv6      ] BLACKHOLE: forward check hit
04:44.911	ID:16	[WARN: IPv6      ] BLACKHOLE: dropping forwarded packet
04:45.386	ID:11	[INFO: App       ] Sending request 25 to fd00::201:1:1:1
04:45.434	ID:16	[WARN: IPv6      ] BLACKHOLE: forward check hit
04:45.434	ID:16	[WARN: IPv6      ] BLACKHOLE: dropping forwarded packet
04:46.124	ID:15	[INFO: App       ] Sending request 23 to fd00::201:1:1:1
04:46.144	ID:3	[INFO: App       ] Sending request 25 to fd00::201:1:1:1
04:46.161	ID:16	[WARN: IPv6      ] BLACKHOLE: forward check hit
04:46.161	ID:16	[WARN: IPv6      ] BLACKHOLE: dropping forwarded packet
04:46.220	ID:16	[WARN: IPv6      ] BLACKHOLE: forward check hit
04:46.220	ID:16	[WARN: IPv6      ] BLACKHOLE: dropping forwarded packet
04:47.466	ID:2	[INFO: App       ] Sending request 25 to fd00::201:1:1:1
04:47.492	ID:10	[INFO: App       ] Sending request 25 to fd00::201:1:1:1
04:47.496	ID:16	[WARN: IPv6      ] BLACKHOLE: forward check hit
04:47.496	ID:16	[WARN: IPv6      ] BLACKHOLE: dropping forwarded packet
04:47.538	ID:16	[WARN: IPv6      ] BLACKHOLE: forward check hit
04:47.538	ID:16	[WARN: IPv6      ] BLACKHOLE: dropping forwarded packet
04:47.714	ID:8	[INFO: App       ] Sending request 24 to fd00::201:1:1:1
04:47.738	ID:16	[WARN: IPv6      ] BLACKHOLE: forward check hit
04:47.738	ID:16	[WARN: IPv6      ] BLACKHOLE: dropping forwarded packet
04:47.854	ID:6	[INFO: App       ] Sending request 23 to fd00::201:1:1:1
04:47.941	ID:16	[WARN: IPv6      ] BLACKHOLE: forward check hit
04:47.941	ID:16	[WARN: IPv6      ] BLACKHOLE: dropping forwarded packet
04:49.452	ID:12	[INFO: App       ] Sending request 23 to fd00::201:1:1:1
04:49.534	ID:16	[WARN: IPv6      ] BLACKHOLE: forward check hit
04:49.534	ID:16	[WARN: IPv6      ] BLACKHOLE: dropping forwarded packet
04:49.915	ID:9	[INFO: App       ] Sending request 24 to fd00::201:1:1:1
04:49.975	ID:16	[WARN: IPv6      ] BLACKHOLE: forward check hit
04:49.975	ID:16	[WARN: IPv6      ] BLACKHOLE: dropping forwarded packet
04:50.674	ID:7	[INFO: App       ] Sending request 24 to fd00::201:1:1:1
04:50.744	ID:16	[WARN: IPv6      ] BLACKHOLE: forward check hit
04:50.744	ID:16	[WARN: IPv6      ] BLACKHOLE: dropping forwarded packet
04:51.132	ID:13	[INFO: App       ] Sending request 23 to fd00::201:1:1:1
04:51.202	ID:16	[WARN: IPv6      ] BLACKHOLE: forward check hit
04:51.202	ID:16	[WARN: IPv6      ] BLACKHOLE: dropping forwarded packet
04:54.218	ID:4	[INFO: App       ] Sending request 26 to fd00::201:1:1:1
04:54.228	ID:16	[WARN: IPv6      ] BLACKHOLE: forward check hit
04:54.228	ID:16	[WARN: IPv6      ] BLACKHOLE: dropping forwarded packet
04:54.543	ID:14	[INFO: App       ] Sending request 24 to fd00::201:1:1:1
04:54.567	ID:5	[INFO: App       ] Sending request 26 to fd00::201:1:1:1
04:54.574	ID:16	[WARN: IPv6      ] BLACKHOLE: forward check hit
04:54.574	ID:16	[WARN: IPv6      ] BLACKHOLE: dropping forwarded packet
04:54.695	ID:16	[WARN: IPv6      ] BLACKHOLE: forward check hit
04:54.695	ID:16	[WARN: IPv6      ] BLACKHOLE: dropping forwarded packet
04:55.506	ID:15	[INFO: App       ] Sending request 24 to fd00::201:1:1:1
04:55.589	ID:16	[WARN: IPv6      ] BLACKHOLE: forward check hit
04:55.589	ID:16	[WARN: IPv6      ] BLACKHOLE: dropping forwarded packet
04:55.970	ID:11	[INFO: App       ] Sending request 26 to fd00::201:1:1:1
04:56.019	ID:16	[WARN: IPv6      ] BLACKHOLE: forward check hit
04:56.019	ID:16	[WARN: IPv6      ] BLACKHOLE: dropping forwarded packet
04:56.122	ID:3	[INFO: App       ] Sending request 26 to fd00::201:1:1:1
04:56.158	ID:16	[WARN: IPv6      ] BLACKHOLE: forward check hit
04:56.158	ID:16	[WARN: IPv6      ] BLACKHOLE: dropping forwarded packet
04:56.554	ID:10	[INFO: App       ] Sending request 26 to fd00::201:1:1:1
04:56.612	ID:16	[WARN: IPv6      ] BLACKHOLE: forward check hit
04:56.612	ID:16	[WARN: IPv6      ] BLACKHOLE: dropping forwarded packet
04:57.432	ID:8	[INFO: App       ] Sending request 25 to fd00::201:1:1:1
04:57.470	ID:16	[WARN: IPv6      ] BLACKHOLE: forward check hit
04:57.470	ID:16	[WARN: IPv6      ] BLACKHOLE: dropping forwarded packet
04:57.538	ID:2	[INFO: App       ] Sending request 26 to fd00::201:1:1:1
04:57.553	ID:16	[WARN: IPv6      ] BLACKHOLE: forward check hit
04:57.553	ID:16	[WARN: IPv6      ] BLACKHOLE: dropping forwarded packet
04:57.728	ID:6	[INFO: App       ] Sending request 24 to fd00::201:1:1:1
04:57.762	ID:16	[WARN: IPv6      ] BLACKHOLE: forward check hit
04:57.762	ID:16	[WARN: IPv6      ] BLACKHOLE: dropping forwarded packet
04:59.234	ID:9	[INFO: App       ] Sending request 25 to fd00::201:1:1:1
04:59.257	ID:16	[WARN: IPv6      ] BLACKHOLE: forward check hit
04:59.257	ID:16	[WARN: IPv6      ] BLACKHOLE: dropping forwarded packet
04:59.330	ID:12	[INFO: App       ] Sending request 24 to fd00::201:1:1:1
04:59.410	ID:16	[WARN: IPv6      ] BLACKHOLE: forward check hit
04:59.410	ID:16	[WARN: IPv6      ] BLACKHOLE: dropping forwarded packet
05:00.165	ID:13	[INFO: App       ] Sending request 24 to fd00::201:1:1:1
05:00.261	ID:16	[WARN: IPv6      ] BLACKHOLE: forward check hit
05:00.261	ID:16	[WARN: IPv6      ] BLACKHOLE: dropping forwarded packet
05:01.606	ID:7	[INFO: App       ] Sending request 25 to fd00::201:1:1:1
05:01.649	ID:16	[WARN: IPv6      ] BLACKHOLE: forward check hit
05:01.649	ID:16	[WARN: IPv6      ] BLACKHOLE: dropping forwarded packet
05:03.666	ID:4	[INFO: App       ] Sending request 27 to fd00::201:1:1:1
05:03.703	ID:16	[WARN: IPv6      ] BLACKHOLE: forward check hit
05:03.703	ID:16	[WARN: IPv6      ] BLACKHOLE: dropping forwarded packet
05:03.980	ID:14	[INFO: App       ] Sending request 25 to fd00::201:1:1:1
05:04.003	ID:5	[INFO: App       ] Sending request 27 to fd00::201:1:1:1
05:04.040	ID:16	[WARN: IPv6      ] BLACKHOLE: forward check hit
05:04.040	ID:16	[WARN: IPv6      ] BLACKHOLE: dropping forwarded packet
05:04.086	ID:16	[WARN: IPv6      ] BLACKHOLE: forward check hit
05:04.086	ID:16	[WARN: IPv6      ] BLACKHOLE: dropping forwarded packet
05:05.533	ID:15	[INFO: App       ] Sending request 25 to fd00::201:1:1:1
05:05.591	ID:16	[WARN: IPv6      ] BLACKHOLE: forward check hit
05:05.591	ID:16	[WARN: IPv6      ] BLACKHOLE: dropping forwarded packet
05:05.601	ID:10	[INFO: App       ] Sending request 27 to fd00::201:1:1:1
05:05.674	ID:16	[WARN: IPv6      ] BLACKHOLE: forward check hit
05:05.674	ID:16	[WARN: IPv6      ] BLACKHOLE: dropping forwarded packet
05:06.427	ID:3	[INFO: App       ] Sending request 27 to fd00::201:1:1:1
05:06.442	ID:16	[WARN: IPv6      ] BLACKHOLE: forward check hit
05:06.442	ID:16	[WARN: IPv6      ] BLACKHOLE: dropping forwarded packet
05:06.889	ID:11	[INFO: App       ] Sending request 27 to fd00::201:1:1:1
05:06.912	ID:16	[WARN: IPv6      ] BLACKHOLE: forward check hit
05:06.912	ID:16	[WARN: IPv6      ] BLACKHOLE: dropping forwarded packet
05:07.471	ID:8	[INFO: App       ] Sending request 26 to fd00::201:1:1:1
05:07.490	ID:16	[WARN: IPv6      ] BLACKHOLE: forward check hit
05:07.490	ID:16	[WARN: IPv6      ] BLACKHOLE: dropping forwarded packet
05:07.508	ID:6	[INFO: App       ] Sending request 25 to fd00::201:1:1:1
05:07.591	ID:16	[WARN: IPv6      ] BLACKHOLE: forward check hit
05:07.591	ID:16	[WARN: IPv6      ] BLACKHOLE: dropping forwarded packet
05:08.024	ID:2	[INFO: App       ] Sending request 27 to fd00::201:1:1:1
05:08.031	ID:16	[WARN: IPv6      ] BLACKHOLE: forward check hit
05:08.031	ID:16	[WARN: IPv6      ] BLACKHOLE: dropping forwarded packet
05:08.646	ID:12	[INFO: App       ] Sending request 25 to fd00::201:1:1:1
05:08.741	ID:16	[WARN: IPv6      ] BLACKHOLE: forward check hit
05:08.741	ID:16	[WARN: IPv6      ] BLACKHOLE: dropping forwarded packet
05:09.087	ID:9	[INFO: App       ] Sending request 26 to fd00::201:1:1:1
05:09.162	ID:16	[WARN: IPv6      ] BLACKHOLE: forward check hit
05:09.162	ID:16	[WARN: IPv6      ] BLACKHOLE: dropping forwarded packet
05:09.564	ID:13	[INFO: App       ] Sending request 25 to fd00::201:1:1:1
05:09.628	ID:16	[WARN: IPv6      ] BLACKHOLE: forward check hit
05:09.628	ID:16	[WARN: IPv6      ] BLACKHOLE: dropping forwarded packet
05:12.063	ID:7	[INFO: App       ] Sending request 26 to fd00::201:1:1:1
05:12.097	ID:16	[WARN: IPv6      ] BLACKHOLE: forward check hit
05:12.097	ID:16	[WARN: IPv6      ] BLACKHOLE: dropping forwarded packet
05:13.552	ID:4	[INFO: App       ] Sending request 28 to fd00::201:1:1:1
05:13.591	ID:16	[WARN: IPv6      ] BLACKHOLE: forward check hit
05:13.591	ID:16	[WARN: IPv6      ] BLACKHOLE: dropping forwarded packet
05:14.392	ID:5	[INFO: App       ] Sending request 28 to fd00::201:1:1:1
05:14.427	ID:16	[WARN: IPv6      ] BLACKHOLE: forward check hit
05:14.427	ID:16	[WARN: IPv6      ] BLACKHOLE: dropping forwarded packet
05:14.948	ID:14	[INFO: App       ] Sending request 26 to fd00::201:1:1:1
05:15.026	ID:16	[WARN: IPv6      ] BLACKHOLE: forward check hit
05:15.026	ID:16	[WARN: IPv6      ] BLACKHOLE: dropping forwarded packet
05:15.088	ID:15	[INFO: App       ] Sending request 26 to fd00::201:1:1:1
05:15.138	ID:10	[INFO: App       ] Sending request 28 to fd00::201:1:1:1
05:15.138	ID:16	[WARN: IPv6      ] BLACKHOLE: forward check hit
05:15.138	ID:16	[WARN: IPv6      ] BLACKHOLE: dropping forwarded packet
05:15.217	ID:16	[WARN: IPv6      ] BLACKHOLE: forward check hit
05:15.217	ID:16	[WARN: IPv6      ] BLACKHOLE: dropping forwarded packet
05:16.397	ID:11	[INFO: App       ] Sending request 28 to fd00::201:1:1:1
05:16.445	ID:16	[WARN: IPv6      ] BLACKHOLE: forward check hit
05:16.445	ID:16	[WARN: IPv6      ] BLACKHOLE: dropping forwarded packet
05:16.930	ID:3	[INFO: App       ] Sending request 28 to fd00::201:1:1:1
05:16.939	ID:16	[WARN: IPv6      ] BLACKHOLE: forward check hit
05:16.939	ID:16	[WARN: IPv6      ] BLACKHOLE: dropping forwarded packet
05:18.143	ID:6	[INFO: App       ] Sending request 26 to fd00::201:1:1:1
05:18.204	ID:16	[WARN: IPv6      ] BLACKHOLE: forward check hit
05:18.204	ID:16	[WARN: IPv6      ] BLACKHOLE: dropping forwarded packet
05:18.304	ID:2	[INFO: App       ] Sending request 28 to fd00::201:1:1:1
05:18.346	ID:16	[WARN: IPv6      ] BLACKHOLE: forward check hit
05:18.346	ID:16	[WARN: IPv6      ] BLACKHOLE: dropping forwarded packet
05:18.367	ID:8	[INFO: App       ] Sending request 27 to fd00::201:1:1:1
05:18.401	ID:16	[WARN: IPv6      ] BLACKHOLE: forward check hit
05:18.401	ID:16	[WARN: IPv6      ] BLACKHOLE: dropping forwarded packet
05:18.567	ID:12	[INFO: App       ] Sending request 26 to fd00::201:1:1:1
05:18.606	ID:13	[INFO: App       ] Sending request 26 to fd00::201:1:1:1
05:18.636	ID:16	[WARN: IPv6      ] BLACKHOLE: forward check hit
05:18.636	ID:16	[WARN: IPv6      ] BLACKHOLE: dropping forwarded packet
05:18.718	ID:16	[WARN: IPv6      ] BLACKHOLE: forward check hit
05:18.718	ID:16	[WARN: IPv6      ] BLACKHOLE: dropping forwarded packet
05:19.427	ID:9	[INFO: App       ] Sending request 27 to fd00::201:1:1:1
05:19.504	ID:16	[WARN: IPv6      ] BLACKHOLE: forward check hit
05:19.504	ID:16	[WARN: IPv6      ] BLACKHOLE: dropping forwarded packet
05:22.920	ID:7	[INFO: App       ] Sending request 27 to fd00::201:1:1:1
05:22.972	ID:16	[WARN: IPv6      ] BLACKHOLE: forward check hit
05:22.972	ID:16	[WARN: IPv6      ] BLACKHOLE: dropping forwarded packet
05:23.001	ID:4	[INFO: App       ] Sending request 29 to fd00::201:1:1:1
05:23.039	ID:16	[WARN: IPv6      ] BLACKHOLE: forward check hit
05:23.039	ID:16	[WARN: IPv6      ] BLACKHOLE: dropping forwarded packet
05:24.572	ID:10	[INFO: App       ] Sending request 29 to fd00::201:1:1:1
05:24.631	ID:16	[WARN: IPv6      ] BLACKHOLE: forward check hit
05:24.631	ID:16	[WARN: IPv6      ] BLACKHOLE: dropping forwarded packet
05:25.038	ID:5	[INFO: App       ] Sending request 29 to fd00::201:1:1:1
05:25.044	ID:16	[WARN: IPv6      ] BLACKHOLE: forward check hit
05:25.044	ID:16	[WARN: IPv6      ] BLACKHOLE: dropping forwarded packet
05:25.231	ID:15	[INFO: App       ] Sending request 27 to fd00::201:1:1:1
05:25.334	ID:16	[WARN: IPv6      ] BLACKHOLE: forward check hit
05:25.334	ID:16	[WARN: IPv6      ] BLACKHOLE: dropping forwarded packet
05:25.599	ID:14	[INFO: App       ] Sending request 27 to fd00::201:1:1:1
05:25.678	ID:16	[WARN: IPv6      ] BLACKHOLE: forward check hit
05:25.678	ID:16	[WARN: IPv6      ] BLACKHOLE: dropping forwarded packet
05:25.721	ID:11	[INFO: App       ] Sending request 29 to fd00::201:1:1:1
05:25.739	ID:16	[WARN: IPv6      ] BLACKHOLE: forward check hit
05:25.739	ID:16	[WARN: IPv6      ] BLACKHOLE: dropping forwarded packet
05:25.968	ID:3	[INFO: App       ] Sending request 29 to fd00::201:1:1:1
05:26.002	ID:16	[WARN: IPv6      ] BLACKHOLE: forward check hit
05:26.002	ID:16	[WARN: IPv6      ] BLACKHOLE: dropping forwarded packet
05:27.525	ID:6	[INFO: App       ] Sending request 27 to fd00::201:1:1:1
05:27.567	ID:16	[WARN: IPv6      ] BLACKHOLE: forward check hit
05:27.567	ID:16	[WARN: IPv6      ] BLACKHOLE: dropping forwarded packet
05:27.703	ID:8	[INFO: App       ] Sending request 28 to fd00::201:1:1:1
05:27.765	ID:16	[WARN: IPv6      ] BLACKHOLE: forward check hit
05:27.765	ID:16	[WARN: IPv6      ] BLACKHOLE: dropping forwarded packet
05:29.275	ID:2	[INFO: App       ] Sending request 29 to fd00::201:1:1:1
05:29.284	ID:16	[WARN: IPv6      ] BLACKHOLE: forward check hit
05:29.284	ID:16	[WARN: IPv6      ] BLACKHOLE: dropping forwarded packet
05:29.295	ID:13	[INFO: App       ] Sending request 27 to fd00::201:1:1:1
05:29.372	ID:16	[WARN: IPv6      ] BLACKHOLE: forward check hit
05:29.372	ID:16	[WARN: IPv6      ] BLACKHOLE: dropping forwarded packet
05:29.503	ID:12	[INFO: App       ] Sending request 27 to fd00::201:1:1:1
05:29.562	ID:16	[WARN: IPv6      ] BLACKHOLE: forward check hit
05:29.562	ID:16	[WARN: IPv6      ] BLACKHOLE: dropping forwarded packet
05:30.371	ID:9	[INFO: App       ] Sending request 28 to fd00::201:1:1:1
05:30.445	ID:16	[WARN: IPv6      ] BLACKHOLE: forward check hit
05:30.445	ID:16	[WARN: IPv6      ] BLACKHOLE: dropping forwarded packet
05:32.330	ID:7	[INFO: App       ] Sending request 28 to fd00::201:1:1:1
05:32.402	ID:16	[WARN: IPv6      ] BLACKHOLE: forward check hit
05:32.402	ID:16	[WARN: IPv6      ] BLACKHOLE: dropping forwarded packet
05:32.473	ID:4	[INFO: App       ] Tx/Rx/MissedTx: 30/21/0
05:32.473	ID:4	[INFO: App       ] Sending request 30 to fd00::201:1:1:1
05:32.492	ID:16	[WARN: IPv6      ] BLACKHOLE: forward check hit
05:32.492	ID:16	[WARN: IPv6      ] BLACKHOLE: dropping forwarded packet
05:34.301	ID:10	[INFO: App       ] Tx/Rx/MissedTx: 30/21/0
05:34.301	ID:10	[INFO: App       ] Sending request 30 to fd00::201:1:1:1
05:34.353	ID:16	[WARN: IPv6      ] BLACKHOLE: forward check hit
05:34.353	ID:16	[WARN: IPv6      ] BLACKHOLE: dropping forwarded packet
05:35.221	ID:11	[INFO: App       ] Tx/Rx/MissedTx: 30/21/0
05:35.221	ID:11	[INFO: App       ] Sending request 30 to fd00::201:1:1:1
05:35.228	ID:15	[INFO: App       ] Sending request 28 to fd00::201:1:1:1
05:35.276	ID:16	[WARN: IPv6      ] BLACKHOLE: forward check hit
05:35.276	ID:16	[WARN: IPv6      ] BLACKHOLE: dropping forwarded packet
05:35.353	ID:16	[WARN: IPv6      ] BLACKHOLE: forward check hit
05:35.353	ID:16	[WARN: IPv6      ] BLACKHOLE: dropping forwarded packet
05:35.814	ID:5	[INFO: App       ] Tx/Rx/MissedTx: 30/21/0
05:35.814	ID:5	[INFO: App       ] Sending request 30 to fd00::201:1:1:1
05:35.822	ID:16	[WARN: IPv6      ] BLACKHOLE: forward check hit
05:35.822	ID:16	[WARN: IPv6      ] BLACKHOLE: dropping forwarded packet
05:36.413	ID:14	[INFO: App       ] Sending request 28 to fd00::201:1:1:1
05:36.470	ID:16	[WARN: IPv6      ] BLACKHOLE: forward check hit
05:36.470	ID:16	[WARN: IPv6      ] BLACKHOLE: dropping forwarded packet
05:36.866	ID:3	[INFO: App       ] Tx/Rx/MissedTx: 30/21/0
05:36.866	ID:3	[INFO: App       ] Sending request 30 to fd00::201:1:1:1
05:36.876	ID:16	[WARN: IPv6      ] BLACKHOLE: forward check hit
05:36.876	ID:16	[WARN: IPv6      ] BLACKHOLE: dropping forwarded packet
05:37.222	ID:6	[INFO: App       ] Sending request 28 to fd00::201:1:1:1
05:37.296	ID:16	[WARN: IPv6      ] BLACKHOLE: forward check hit
05:37.296	ID:16	[WARN: IPv6      ] BLACKHOLE: dropping forwarded packet
05:37.945	ID:8	[INFO: App       ] Sending request 29 to fd00::201:1:1:1
05:37.973	ID:16	[WARN: IPv6      ] BLACKHOLE: forward check hit
05:37.973	ID:16	[WARN: IPv6      ] BLACKHOLE: dropping forwarded packet
05:38.760	ID:2	[INFO: App       ] Tx/Rx/MissedTx: 30/21/0
05:38.760	ID:2	[INFO: App       ] Sending request 30 to fd00::201:1:1:1
05:38.778	ID:16	[WARN: IPv6      ] BLACKHOLE: forward check hit
05:38.778	ID:16	[WARN: IPv6      ] BLACKHOLE: dropping forwarded packet
05:39.257	ID:13	[INFO: App       ] Sending request 28 to fd00::201:1:1:1
05:39.357	ID:16	[WARN: IPv6      ] BLACKHOLE: forward check hit
05:39.357	ID:16	[WARN: IPv6      ] BLACKHOLE: dropping forwarded packet
05:39.859	ID:12	[INFO: App       ] Sending request 28 to fd00::201:1:1:1
05:39.921	ID:16	[WARN: IPv6      ] BLACKHOLE: forward check hit
05:39.921	ID:16	[WARN: IPv6      ] BLACKHOLE: dropping forwarded packet
05:41.208	ID:9	[INFO: App       ] Sending request 29 to fd00::201:1:1:1
05:41.258	ID:16	[WARN: IPv6      ] BLACKHOLE: forward check hit
05:41.258	ID:16	[WARN: IPv6      ] BLACKHOLE: dropping forwarded packet
05:41.732	ID:4	[INFO: App       ] Sending request 31 to fd00::201:1:1:1
05:41.743	ID:16	[WARN: IPv6      ] BLACKHOLE: forward check hit
05:41.743	ID:16	[WARN: IPv6      ] BLACKHOLE: dropping forwarded packet
05:43.050	ID:7	[INFO: App       ] Sending request 29 to fd00::201:1:1:1
05:43.085	ID:16	[WARN: IPv6      ] BLACKHOLE: forward check hit
05:43.085	ID:16	[WARN: IPv6      ] BLACKHOLE: dropping forwarded packet
05:43.445	ID:10	[INFO: App       ] Sending request 31 to fd00::201:1:1:1
05:43.466	ID:16	[WARN: IPv6      ] BLACKHOLE: forward check hit
05:43.466	ID:16	[WARN: IPv6      ] BLACKHOLE: dropping forwarded packet
05:44.715	ID:11	[INFO: App       ] Sending request 31 to fd00::201:1:1:1
05:44.771	ID:16	[WARN: IPv6      ] BLACKHOLE: forward check hit
05:44.771	ID:16	[WARN: IPv6      ] BLACKHOLE: dropping forwarded packet
05:45.784	ID:15	[INFO: App       ] Sending request 29 to fd00::201:1:1:1
05:45.893	ID:16	[WARN: IPv6      ] BLACKHOLE: forward check hit
05:45.893	ID:16	[WARN: IPv6      ] BLACKHOLE: dropping forwarded packet
05:46.185	ID:14	[INFO: App       ] Sending request 29 to fd00::201:1:1:1
05:46.311	ID:16	[WARN: IPv6      ] BLACKHOLE: forward check hit
05:46.311	ID:16	[WARN: IPv6      ] BLACKHOLE: dropping forwarded packet
05:46.681	ID:5	[INFO: App       ] Sending request 31 to fd00::201:1:1:1
05:46.713	ID:16	[WARN: IPv6      ] BLACKHOLE: forward check hit
05:46.713	ID:16	[WARN: IPv6      ] BLACKHOLE: dropping forwarded packet
05:46.831	ID:6	[INFO: App       ] Sending request 29 to fd00::201:1:1:1
05:46.890	ID:16	[WARN: IPv6      ] BLACKHOLE: forward check hit
05:46.890	ID:16	[WARN: IPv6      ] BLACKHOLE: dropping forwarded packet
05:47.425	ID:3	[INFO: App       ] Sending request 31 to fd00::201:1:1:1
05:47.452	ID:16	[WARN: IPv6      ] BLACKHOLE: forward check hit
05:47.452	ID:16	[WARN: IPv6      ] BLACKHOLE: dropping forwarded packet
05:47.983	ID:2	[INFO: App       ] Sending request 31 to fd00::201:1:1:1
05:48.012	ID:16	[WARN: IPv6      ] BLACKHOLE: forward check hit
05:48.012	ID:16	[WARN: IPv6      ] BLACKHOLE: dropping forwarded packet
05:48.336	ID:8	[INFO: App       ] Tx/Rx/MissedTx: 30/20/0
05:48.336	ID:8	[INFO: App       ] Sending request 30 to fd00::201:1:1:1
05:48.401	ID:16	[WARN: IPv6      ] BLACKHOLE: forward check hit
05:48.401	ID:16	[WARN: IPv6      ] BLACKHOLE: dropping forwarded packet
05:49.630	ID:12	[INFO: App       ] Sending request 29 to fd00::201:1:1:1
05:49.721	ID:16	[WARN: IPv6      ] BLACKHOLE: forward check hit
05:49.721	ID:16	[WARN: IPv6      ] BLACKHOLE: dropping forwarded packet
05:50.048	ID:13	[INFO: App       ] Sending request 29 to fd00::201:1:1:1
05:50.121	ID:16	[WARN: IPv6      ] BLACKHOLE: forward check hit
05:50.121	ID:16	[WARN: IPv6      ] BLACKHOLE: dropping forwarded packet
05:51.071	ID:9	[INFO: App       ] Tx/Rx/MissedTx: 30/20/0
05:51.071	ID:9	[INFO: App       ] Sending request 30 to fd00::201:1:1:1
05:51.128	ID:16	[WARN: IPv6      ] BLACKHOLE: forward check hit
05:51.128	ID:16	[WARN: IPv6      ] BLACKHOLE: dropping forwarded packet
05:52.437	ID:4	[INFO: App       ] Sending request 32 to fd00::201:1:1:1
05:52.473	ID:16	[WARN: IPv6      ] BLACKHOLE: forward check hit
05:52.473	ID:16	[WARN: IPv6      ] BLACKHOLE: dropping forwarded packet
05:52.634	ID:7	[INFO: App       ] Tx/Rx/MissedTx: 30/20/0
05:52.634	ID:7	[INFO: App       ] Sending request 30 to fd00::201:1:1:1
05:52.672	ID:16	[WARN: IPv6      ] BLACKHOLE: forward check hit
05:52.672	ID:16	[WARN: IPv6      ] BLACKHOLE: dropping forwarded packet
05:53.863	ID:10	[INFO: App       ] Sending request 32 to fd00::201:1:1:1
05:53.904	ID:16	[WARN: IPv6      ] BLACKHOLE: forward check hit
05:53.904	ID:16	[WARN: IPv6      ] BLACKHOLE: dropping forwarded packet
05:55.231	ID:15	[INFO: App       ] Tx/Rx/MissedTx: 30/19/0
05:55.231	ID:15	[INFO: App       ] Sending request 30 to fd00::201:1:1:1
05:55.279	ID:16	[WARN: IPv6      ] BLACKHOLE: forward check hit
05:55.279	ID:16	[WARN: IPv6      ] BLACKHOLE: dropping forwarded packet
05:55.299	ID:11	[INFO: App       ] Sending request 32 to fd00::201:1:1:1
05:55.327	ID:16	[WARN: IPv6      ] BLACKHOLE: forward check hit
05:55.327	ID:16	[WARN: IPv6      ] BLACKHOLE: dropping forwarded packet
05:55.932	ID:5	[INFO: App       ] Sending request 32 to fd00::201:1:1:1
05:55.960	ID:16	[WARN: IPv6      ] BLACKHOLE: forward check hit
05:55.960	ID:16	[WARN: IPv6      ] BLACKHOLE: dropping forwarded packet
05:56.357	ID:14	[INFO: App       ] Tx/Rx/MissedTx: 30/19/0
05:56.357	ID:14	[INFO: App       ] Sending request 30 to fd00::201:1:1:1
05:56.459	ID:16	[WARN: IPv6      ] BLACKHOLE: forward check hit
05:56.459	ID:16	[WARN: IPv6      ] BLACKHOLE: dropping forwarded packet
05:57.078	ID:6	[INFO: App       ] Tx/Rx/MissedTx: 30/19/0
05:57.078	ID:6	[INFO: App       ] Sending request 30 to fd00::201:1:1:1
05:57.100	ID:16	[WARN: IPv6      ] BLACKHOLE: forward check hit
05:57.100	ID:16	[WARN: IPv6      ] BLACKHOLE: dropping forwarded packet
05:57.247	ID:3	[INFO: App       ] Sending request 32 to fd00::201:1:1:1
05:57.252	ID:16	[WARN: IPv6      ] BLACKHOLE: forward check hit
05:57.252	ID:16	[WARN: IPv6      ] BLACKHOLE: dropping forwarded packet
05:57.927	ID:2	[INFO: App       ] Sending request 32 to fd00::201:1:1:1
05:57.943	ID:16	[WARN: IPv6      ] BLACKHOLE: forward check hit
05:57.943	ID:16	[WARN: IPv6      ] BLACKHOLE: dropping forwarded packet
05:58.147	ID:8	[INFO: App       ] Sending request 31 to fd00::201:1:1:1
05:58.183	ID:16	[WARN: IPv6      ] BLACKHOLE: forward check hit
05:58.183	ID:16	[WARN: IPv6      ] BLACKHOLE: dropping forwarded packet
05:59.029	ID:12	[INFO: App       ] Tx/Rx/MissedTx: 30/19/0
05:59.029	ID:12	[INFO: App       ] Sending request 30 to fd00::201:1:1:1
05:59.096	ID:16	[WARN: IPv6      ] BLACKHOLE: forward check hit
05:59.096	ID:16	[WARN: IPv6      ] BLACKHOLE: dropping forwarded packet
06:00.495	ID:13	[INFO: App       ] Tx/Rx/MissedTx: 30/19/0
06:00.495	ID:13	[INFO: App       ] Sending request 30 to fd00::201:1:1:1
06:00.589	ID:16	[WARN: IPv6      ] BLACKHOLE: forward check hit
06:00.589	ID:16	[WARN: IPv6      ] BLACKHOLE: dropping forwarded packet
06:02.062	ID:9	[INFO: App       ] Sending request 31 to fd00::201:1:1:1
06:02.091	ID:16	[WARN: IPv6      ] BLACKHOLE: forward check hit
06:02.091	ID:16	[WARN: IPv6      ] BLACKHOLE: dropping forwarded packet
06:02.332	ID:4	[INFO: App       ] Sending request 33 to fd00::201:1:1:1
06:02.352	ID:16	[WARN: IPv6      ] BLACKHOLE: forward check hit
06:02.352	ID:16	[WARN: IPv6      ] BLACKHOLE: dropping forwarded packet
06:02.571	ID:7	[INFO: App       ] Sending request 31 to fd00::201:1:1:1
06:02.598	ID:16	[WARN: IPv6      ] BLACKHOLE: forward check hit
06:02.598	ID:16	[WARN: IPv6      ] BLACKHOLE: dropping forwarded packet
06:04.027	ID:10	[INFO: App       ] Sending request 33 to fd00::201:1:1:1
06:04.062	ID:16	[WARN: IPv6      ] BLACKHOLE: forward check hit
06:04.062	ID:16	[WARN: IPv6      ] BLACKHOLE: dropping forwarded packet
06:04.400	ID:15	[INFO: App       ] Sending request 31 to fd00::201:1:1:1
06:04.496	ID:16	[WARN: IPv6      ] BLACKHOLE: forward check hit
06:04.496	ID:16	[WARN: IPv6      ] BLACKHOLE: dropping forwarded packet
06:05.150	ID:11	[INFO: App       ] Sending request 33 to fd00::201:1:1:1
06:05.186	ID:16	[WARN: IPv6      ] BLACKHOLE: forward check hit
06:05.186	ID:16	[WARN: IPv6      ] BLACKHOLE: dropping forwarded packet
06:05.731	ID:14	[INFO: App       ] Sending request 31 to fd00::201:1:1:1
06:05.816	ID:16	[WARN: IPv6      ] BLACKHOLE: forward check hit
06:05.816	ID:16	[WARN: IPv6      ] BLACKHOLE: dropping forwarded packet
06:06.101	ID:6	[INFO: App       ] Sending request 31 to fd00::201:1:1:1
06:06.169	ID:16	[WARN: IPv6      ] BLACKHOLE: forward check hit
06:06.169	ID:16	[WARN: IPv6      ] BLACKHOLE: dropping forwarded packet
06:06.576	ID:3	[INFO: App       ] Sending request 33 to fd00::201:1:1:1
06:06.597	ID:16	[WARN: IPv6      ] BLACKHOLE: forward check hit
06:06.597	ID:16	[WARN: IPv6      ] BLACKHOLE: dropping forwarded packet
06:06.713	ID:5	[INFO: App       ] Sending request 33 to fd00::201:1:1:1
06:06.737	ID:16	[WARN: IPv6      ] BLACKHOLE: forward check hit
06:06.737	ID:16	[WARN: IPv6      ] BLACKHOLE: dropping forwarded packet
06:07.613	ID:2	[INFO: App       ] Sending request 33 to fd00::201:1:1:1
06:07.649	ID:16	[WARN: IPv6      ] BLACKHOLE: forward check hit
06:07.649	ID:16	[WARN: IPv6      ] BLACKHOLE: dropping forwarded packet
06:08.799	ID:8	[INFO: App       ] Sending request 32 to fd00::201:1:1:1
06:08.876	ID:16	[WARN: IPv6      ] BLACKHOLE: forward check hit
06:08.876	ID:16	[WARN: IPv6      ] BLACKHOLE: dropping forwarded packet
06:09.471	ID:12	[INFO: App       ] Sending request 31 to fd00::201:1:1:1
06:09.551	ID:16	[WARN: IPv6      ] BLACKHOLE: forward check hit
06:09.551	ID:16	[WARN: IPv6      ] BLACKHOLE: dropping forwarded packet
06:10.980	ID:13	[INFO: App       ] Sending request 31 to fd00::201:1:1:1
06:11.091	ID:16	[WARN: IPv6      ] BLACKHOLE: forward check hit
06:11.091	ID:16	[WARN: IPv6      ] BLACKHOLE: dropping forwarded packet
06:12.600	ID:7	[INFO: App       ] Sending request 32 to fd00::201:1:1:1
06:12.661	ID:16	[WARN: IPv6      ] BLACKHOLE: forward check hit
06:12.661	ID:16	[WARN: IPv6      ] BLACKHOLE: dropping forwarded packet
06:12.688	ID:9	[INFO: App       ] Sending request 32 to fd00::201:1:1:1
06:12.761	ID:16	[WARN: IPv6      ] BLACKHOLE: forward check hit
06:12.761	ID:16	[WARN: IPv6      ] BLACKHOLE: dropping forwarded packet
06:13.054	ID:4	[INFO: App       ] Sending request 34 to fd00::201:1:1:1
06:13.062	ID:16	[WARN: IPv6      ] BLACKHOLE: forward check hit
06:13.062	ID:16	[WARN: IPv6      ] BLACKHOLE: dropping forwarded packet
06:13.611	ID:10	[INFO: App       ] Sending request 34 to fd00::201:1:1:1
06:13.664	ID:16	[WARN: IPv6      ] BLACKHOLE: forward check hit
06:13.664	ID:16	[WARN: IPv6      ] BLACKHOLE: dropping forwarded packet
06:13.767	ID:15	[INFO: App       ] Sending request 32 to fd00::201:1:1:1
06:13.867	ID:16	[WARN: IPv6      ] BLACKHOLE: forward check hit
06:13.867	ID:16	[WARN: IPv6      ] BLACKHOLE: dropping forwarded packet
06:15.570	ID:11	[INFO: App       ] Sending request 34 to fd00::201:1:1:1
06:15.641	ID:16	[WARN: IPv6      ] BLACKHOLE: forward check hit
06:15.641	ID:16	[WARN: IPv6      ] BLACKHOLE: dropping forwarded packet
06:16.094	ID:6	[INFO: App       ] Sending request 32 to fd00::201:1:1:1
06:16.118	ID:16	[WARN: IPv6      ] BLACKHOLE: forward check hit
06:16.118	ID:16	[WARN: IPv6      ] BLACKHOLE: dropping forwarded packet
06:16.193	ID:3	[INFO: App       ] Sending request 34 to fd00::201:1:1:1
06:16.228	ID:16	[WARN: IPv6      ] BLACKHOLE: forward check hit
06:16.228	ID:16	[WARN: IPv6      ] BLACKHOLE: dropping forwarded packet
06:16.625	ID:14	[INFO: App       ] Sending request 32 to fd00::201:1:1:1
06:16.690	ID:16	[WARN: IPv6      ] BLACKHOLE: forward check hit
06:16.690	ID:16	[WARN: IPv6      ] BLACKHOLE: dropping forwarded packet
06:16.761	ID:5	[INFO: App       ] Sending request 34 to fd00::201:1:1:1
06:16.774	ID:16	[WARN: IPv6      ] BLACKHOLE: forward check hit
06:16.774	ID:16	[WARN: IPv6      ] BLACKHOLE: dropping forwarded packet
06:17.675	ID:2	[INFO: App       ] Sending request 34 to fd00::201:1:1:1
06:17.695	ID:16	[WARN: IPv6      ] BLACKHOLE: forward check hit
06:17.695	ID:16	[WARN: IPv6      ] BLACKHOLE: dropping forwarded packet
06:18.243	ID:8	[INFO: App       ] Sending request 33 to fd00::201:1:1:1
06:18.318	ID:16	[WARN: IPv6      ] BLACKHOLE: forward check hit
06:18.318	ID:16	[WARN: IPv6      ] BLACKHOLE: dropping forwarded packet
06:20.147	ID:12	[INFO: App       ] Sending request 32 to fd00::201:1:1:1
06:20.227	ID:16	[WARN: IPv6      ] BLACKHOLE: forward check hit
06:20.227	ID:16	[WARN: IPv6      ] BLACKHOLE: dropping forwarded packet
06:21.431	ID:13	[INFO: App       ] Sending request 32 to fd00::201:1:1:1
06:21.502	ID:16	[WARN: IPv6      ] BLACKHOLE: forward check hit
06:21.502	ID:16	[WARN: IPv6      ] BLACKHOLE: dropping forwarded packet
06:22.486	ID:9	[INFO: App       ] Sending request 33 to fd00::201:1:1:1
06:22.568	ID:16	[WARN: IPv6      ] BLACKHOLE: forward check hit
06:22.568	ID:16	[WARN: IPv6      ] BLACKHOLE: dropping forwarded packet
06:23.247	ID:10	[INFO: App       ] Sending request 35 to fd00::201:1:1:1
06:23.318	ID:16	[WARN: IPv6      ] BLACKHOLE: forward check hit
06:23.318	ID:16	[WARN: IPv6      ] BLACKHOLE: dropping forwarded packet
06:23.383	ID:7	[INFO: App       ] Sending request 33 to fd00::201:1:1:1
06:23.432	ID:16	[WARN: IPv6      ] BLACKHOLE: forward check hit
06:23.432	ID:16	[WARN: IPv6      ] BLACKHOLE: dropping forwarded packet
06:23.690	ID:4	[INFO: App       ] Sending request 35 to fd00::201:1:1:1
06:23.728	ID:16	[WARN: IPv6      ] BLACKHOLE: forward check hit
06:23.728	ID:16	[WARN: IPv6      ] BLACKHOLE: dropping forwarded packet
06:24.109	ID:15	[INFO: App       ] Sending request 33 to fd00::201:1:1:1
06:24.183	ID:16	[WARN: IPv6      ] BLACKHOLE: forward check hit
06:24.183	ID:16	[WARN: IPv6      ] BLACKHOLE: dropping forwarded packet
06:25.010	ID:11	[INFO: App       ] Sending request 35 to fd00::201:1:1:1
06:25.055	ID:16	[WARN: IPv6      ] BLACKHOLE: forward check hit
06:25.055	ID:16	[WARN: IPv6      ] BLACKHOLE: dropping forwarded packet
06:26.426	ID:6	[INFO: App       ] Sending request 33 to fd00::201:1:1:1
06:26.460	ID:16	[WARN: IPv6      ] BLACKHOLE: forward check hit
06:26.460	ID:16	[WARN: IPv6      ] BLACKHOLE: dropping forwarded packet
06:27.052	ID:2	[INFO: App       ] Sending request 35 to fd00::201:1:1:1
06:27.063	ID:16	[WARN: IPv6      ] BLACKHOLE: forward check hit
06:27.063	ID:16	[WARN: IPv6      ] BLACKHOLE: dropping forwarded packet
06:27.146	ID:3	[INFO: App       ] Sending request 35 to fd00::201:1:1:1
06:27.187	ID:16	[WARN: IPv6      ] BLACKHOLE: forward check hit
06:27.187	ID:16	[WARN: IPv6      ] BLACKHOLE: dropping forwarded packet
06:27.350	ID:14	[INFO: App       ] Sending request 33 to fd00::201:1:1:1
06:27.417	ID:16	[WARN: IPv6      ] BLACKHOLE: forward check hit
06:27.417	ID:16	[WARN: IPv6      ] BLACKHOLE: dropping forwarded packet
06:27.657	ID:5	[INFO: App       ] Sending request 35 to fd00::201:1:1:1
06:27.667	ID:16	[WARN: IPv6      ] BLACKHOLE: forward check hit
06:27.667	ID:16	[WARN: IPv6      ] BLACKHOLE: dropping forwarded packet
06:28.930	ID:8	[INFO: App       ] Sending request 34 to fd00::201:1:1:1
06:28.988	ID:16	[WARN: IPv6      ] BLACKHOLE: forward check hit
06:28.988	ID:16	[WARN: IPv6      ] BLACKHOLE: dropping forwarded packet
06:29.239	ID:12	[INFO: App       ] Sending request 33 to fd00::201:1:1:1
06:29.333	ID:16	[WARN: IPv6      ] BLACKHOLE: forward check hit
06:29.333	ID:16	[WARN: IPv6      ] BLACKHOLE: dropping forwarded packet
06:31.893	ID:13	[INFO: App       ] Sending request 33 to fd00::201:1:1:1
06:31.963	ID:16	[WARN: IPv6      ] BLACKHOLE: forward check hit
06:31.963	ID:16	[WARN: IPv6      ] BLACKHOLE: dropping forwarded packet
06:32.445	ID:9	[INFO: App       ] Sending request 34 to fd00::201:1:1:1
06:32.470	ID:16	[WARN: IPv6      ] BLACKHOLE: forward check hit
06:32.470	ID:16	[WARN: IPv6      ] BLACKHOLE: dropping forwarded packet
06:33.118	ID:4	[INFO: App       ] Sending request 36 to fd00::201:1:1:1
06:33.123	ID:16	[WARN: IPv6      ] BLACKHOLE: forward check hit
06:33.123	ID:16	[WARN: IPv6      ] BLACKHOLE: dropping forwarded packet
06:33.562	ID:10	[INFO: App       ] Sending request 36 to fd00::201:1:1:1
06:33.628	ID:16	[WARN: IPv6      ] BLACKHOLE: forward check hit
06:33.628	ID:16	[WARN: IPv6      ] BLACKHOLE: dropping forwarded packet
06:33.805	ID:7	[INFO: App       ] Sending request 34 to fd00::201:1:1:1
06:33.835	ID:16	[WARN: IPv6      ] BLACKHOLE: forward check hit
06:33.835	ID:16	[WARN: IPv6      ] BLACKHOLE: dropping forwarded packet
06:34.213	ID:15	[INFO: App       ] Sending request 34 to fd00::201:1:1:1
06:34.283	ID:16	[WARN: IPv6      ] BLACKHOLE: forward check hit
06:34.283	ID:16	[WARN: IPv6      ] BLACKHOLE: dropping forwarded packet
06:35.824	ID:11	[INFO: App       ] Sending request 36 to fd00::201:1:1:1
06:35.882	ID:16	[WARN: IPv6      ] BLACKHOLE: forward check hit
06:35.882	ID:16	[WARN: IPv6      ] BLACKHOLE: dropping forwarded packet
06:36.300	ID:3	[INFO: App       ] Sending request 36 to fd00::201:1:1:1
06:36.305	ID:16	[WARN: IPv6      ] BLACKHOLE: forward check hit
06:36.305	ID:16	[WARN: IPv6      ] BLACKHOLE: dropping forwarded packet
06:37.404	ID:6	[INFO: App       ] Sending request 34 to fd00::201:1:1:1
06:37.422	ID:16	[WARN: IPv6      ] BLACKHOLE: forward check hit
06:37.422	ID:16	[WARN: IPv6      ] BLACKHOLE: dropping forwarded packet
06:37.423	ID:2	[INFO: App       ] Sending request 36 to fd00::201:1:1:1
06:37.462	ID:16	[WARN: IPv6      ] BLACKHOLE: forward check hit
06:37.462	ID:16	[WARN: IPv6      ] BLACKHOLE: dropping forwarded packet
06:37.490	ID:14	[INFO: App       ] Sending request 34 to fd00::201:1:1:1
06:37.594	ID:16	[WARN: IPv6      ] BLACKHOLE: forward check hit
06:37.594	ID:16	[WARN: IPv6      ] BLACKHOLE: dropping forwarded packet
06:38.237	ID:8	[INFO: App       ] Sending request 35 to fd00::201:1:1:1
06:38.288	ID:16	[WARN: IPv6      ] BLACKHOLE: forward check hit
06:38.288	ID:16	[WARN: IPv6      ] BLACKHOLE: dropping forwarded packet
06:38.424	ID:5	[INFO: App       ] Sending request 36 to fd00::201:1:1:1
06:38.466	ID:16	[WARN: IPv6      ] BLACKHOLE: forward check hit
06:38.466	ID:16	[WARN: IPv6      ] BLACKHOLE: dropping forwarded packet
06:39.365	ID:12	[INFO: App       ] Sending request 34 to fd00::201:1:1:1
06:39.471	ID:16	[WARN: IPv6      ] BLACKHOLE: forward check hit
06:39.471	ID:16	[WARN: IPv6      ] BLACKHOLE: dropping forwarded packet
06:41.887	ID:13	[INFO: App       ] Sending request 34 to fd00::201:1:1:1
06:41.920	ID:16	[WARN: IPv6      ] BLACKHOLE: forward check hit
06:41.920	ID:16	[WARN: IPv6      ] BLACKHOLE: dropping forwarded packet
06:42.043	ID:9	[INFO: App       ] Sending request 35 to fd00::201:1:1:1
06:42.068	ID:16	[WARN: IPv6      ] BLACKHOLE: forward check hit
06:42.068	ID:16	[WARN: IPv6      ] BLACKHOLE: dropping forwarded packet
06:42.819	ID:4	[INFO: App       ] Sending request 37 to fd00::201:1:1:1
06:42.849	ID:16	[WARN: IPv6      ] BLACKHOLE: forward check hit
06:42.849	ID:16	[WARN: IPv6      ] BLACKHOLE: dropping forwarded packet
06:43.191	ID:10	[INFO: App       ] Sending request 37 to fd00::201:1:1:1
06:43.229	ID:16	[WARN: IPv6      ] BLACKHOLE: forward check hit
06:43.229	ID:16	[WARN: IPv6      ] BLACKHOLE: dropping forwarded packet
06:43.601	ID:7	[INFO: App       ] Sending request 35 to fd00::201:1:1:1
06:43.619	ID:16	[WARN: IPv6      ] BLACKHOLE: forward check hit
06:43.619	ID:16	[WARN: IPv6      ] BLACKHOLE: dropping forwarded packet
06:44.701	ID:15	[INFO: App       ] Sending request 35 to fd00::201:1:1:1
06:44.729	ID:16	[WARN: IPv6      ] BLACKHOLE: forward check hit
06:44.729	ID:16	[WARN: IPv6      ] BLACKHOLE: dropping forwarded packet
06:46.055	ID:3	[INFO: App       ] Sending request 37 to fd00::201:1:1:1
06:46.069	ID:16	[WARN: IPv6      ] BLACKHOLE: forward check hit
06:46.069	ID:16	[WARN: IPv6      ] BLACKHOLE: dropping forwarded packet
06:46.199	ID:11	[INFO: App       ] Sending request 37 to fd00::201:1:1:1
06:46.258	ID:16	[WARN: IPv6      ] BLACKHOLE: forward check hit
06:46.258	ID:16	[WARN: IPv6      ] BLACKHOLE: dropping forwarded packet
06:47.503	ID:6	[INFO: App       ] Sending request 35 to fd00::201:1:1:1
06:47.547	ID:16	[WARN: IPv6      ] BLACKHOLE: forward check hit
06:47.547	ID:16	[WARN: IPv6      ] BLACKHOLE: dropping forwarded packet
06:47.988	ID:5	[INFO: App       ] Sending request 37 to fd00::201:1:1:1
06:48.009	ID:14	[INFO: App       ] Sending request 35 to fd00::201:1:1:1
06:48.026	ID:16	[WARN: IPv6      ] BLACKHOLE: forward check hit
06:48.026	ID:16	[WARN: IPv6      ] BLACKHOLE: dropping forwarded packet
06:48.087	ID:16	[WARN: IPv6      ] BLACKHOLE: forward check hit
06:48.087	ID:16	[WARN: IPv6      ] BLACKHOLE: dropping forwarded packet
06:48.182	ID:2	[INFO: App       ] Sending request 37 to fd00::201:1:1:1
06:48.191	ID:16	[WARN: IPv6      ] BLACKHOLE: forward check hit
06:48.191	ID:16	[WARN: IPv6      ] BLACKHOLE: dropping forwarded packet
06:48.941	ID:8	[INFO: App       ] Sending request 36 to fd00::201:1:1:1
06:48.977	ID:16	[WARN: IPv6      ] BLACKHOLE: forward check hit
06:48.977	ID:16	[WARN: IPv6      ] BLACKHOLE: dropping forwarded packet
06:49.860	ID:12	[INFO: App       ] Sending request 35 to fd00::201:1:1:1
06:49.957	ID:16	[WARN: IPv6      ] BLACKHOLE: forward check hit
06:49.957	ID:16	[WARN: IPv6      ] BLACKHOLE: dropping forwarded packet
06:51.186	ID:13	[INFO: App       ] Sending request 35 to fd00::201:1:1:1
06:51.302	ID:16	[WARN: IPv6      ] BLACKHOLE: forward check hit
06:51.302	ID:16	[WARN: IPv6      ] BLACKHOLE: dropping forwarded packet
06:51.709	ID:9	[INFO: App       ] Sending request 36 to fd00::201:1:1:1
06:51.766	ID:16	[WARN: IPv6      ] BLACKHOLE: forward check hit
06:51.766	ID:16	[WARN: IPv6      ] BLACKHOLE: dropping forwarded packet
06:52.990	ID:7	[INFO: App       ] Sending request 36 to fd00::201:1:1:1
06:53.055	ID:16	[WARN: IPv6      ] BLACKHOLE: forward check hit
06:53.055	ID:16	[WARN: IPv6      ] BLACKHOLE: dropping forwarded packet
06:53.612	ID:10	[INFO: App       ] Sending request 38 to fd00::201:1:1:1
06:53.633	ID:16	[WARN: IPv6      ] BLACKHOLE: forward check hit
06:53.633	ID:16	[WARN: IPv6      ] BLACKHOLE: dropping forwarded packet
06:53.735	ID:4	[INFO: App       ] Sending request 38 to fd00::201:1:1:1
06:53.760	ID:16	[WARN: IPv6      ] BLACKHOLE: forward check hit
06:53.760	ID:16	[WARN: IPv6      ] BLACKHOLE: dropping forwarded packet
06:54.845	ID:15	[INFO: App       ] Sending request 36 to fd00::201:1:1:1
06:54.896	ID:16	[WARN: IPv6      ] BLACKHOLE: forward check hit
06:54.896	ID:16	[WARN: IPv6      ] BLACKHOLE: dropping forwarded packet
06:55.898	ID:3	[INFO: App       ] Sending request 38 to fd00::201:1:1:1
06:55.907	ID:16	[WARN: IPv6      ] BLACKHOLE: forward check hit
06:55.907	ID:16	[WARN: IPv6      ] BLACKHOLE: dropping forwarded packet
06:56.668	ID:6	[INFO: App       ] Sending request 36 to fd00::201:1:1:1
06:56.708	ID:11	[INFO: App       ] Sending request 38 to fd00::201:1:1:1
06:56.744	ID:16	[WARN: IPv6      ] BLACKHOLE: forward check hit
06:56.744	ID:16	[WARN: IPv6      ] BLACKHOLE: dropping forwarded packet
06:56.814	ID:16	[WARN: IPv6      ] BLACKHOLE: forward check hit
06:56.814	ID:16	[WARN: IPv6      ] BLACKHOLE: dropping forwarded packet
06:57.271	ID:14	[INFO: App       ] Sending request 36 to fd00::201:1:1:1
06:57.327	ID:16	[WARN: IPv6      ] BLACKHOLE: forward check hit
06:57.327	ID:16	[WARN: IPv6      ] BLACKHOLE: dropping forwarded packet
06:57.712	ID:2	[INFO: App       ] Sending request 38 to fd00::201:1:1:1
06:57.753	ID:16	[WARN: IPv6      ] BLACKHOLE: forward check hit
06:57.753	ID:16	[WARN: IPv6      ] BLACKHOLE: dropping forwarded packet
06:57.855	ID:5	[INFO: App       ] Sending request 38 to fd00::201:1:1:1
06:57.881	ID:16	[WARN: IPv6      ] BLACKHOLE: forward check hit
06:57.881	ID:16	[WARN: IPv6      ] BLACKHOLE: dropping forwarded packet
06:58.962	ID:8	[INFO: App       ] Sending request 37 to fd00::201:1:1:1
06:59.023	ID:16	[WARN: IPv6      ] BLACKHOLE: forward check hit
06:59.023	ID:16	[WARN: IPv6      ] BLACKHOLE: dropping forwarded packet
06:59.295	ID:12	[INFO: App       ] Sending request 36 to fd00::201:1:1:1
06:59.385	ID:16	[WARN: IPv6      ] BLACKHOLE: forward check hit
06:59.385	ID:16	[WARN: IPv6      ] BLACKHOLE: dropping forwarded packet
07:01.210	ID:13	[INFO: App       ] Sending request 36 to fd00::201:1:1:1
07:01.212	ID:9	[INFO: App       ] Sending request 37 to fd00::201:1:1:1
07:01.262	ID:16	[WARN: IPv6      ] BLACKHOLE: forward check hit
07:01.262	ID:16	[WARN: IPv6      ] BLACKHOLE: dropping forwarded packet
07:01.312	ID:16	[WARN: IPv6      ] BLACKHOLE: forward check hit
07:01.312	ID:16	[WARN: IPv6      ] BLACKHOLE: dropping forwarded packet
07:03.241	ID:10	[INFO: App       ] Sending request 39 to fd00::201:1:1:1
07:03.318	ID:16	[WARN: IPv6      ] BLACKHOLE: forward check hit
07:03.318	ID:16	[WARN: IPv6      ] BLACKHOLE: dropping forwarded packet
07:03.588	ID:7	[INFO: App       ] Sending request 37 to fd00::201:1:1:1
07:03.671	ID:16	[WARN: IPv6      ] BLACKHOLE: forward check hit
07:03.671	ID:16	[WARN: IPv6      ] BLACKHOLE: dropping forwarded packet
07:04.735	ID:4	[INFO: App       ] Sending request 39 to fd00::201:1:1:1
07:04.757	ID:16	[WARN: IPv6      ] BLACKHOLE: forward check hit
07:04.757	ID:16	[WARN: IPv6      ] BLACKHOLE: dropping forwarded packet
07:05.761	ID:15	[INFO: App       ] Sending request 37 to fd00::201:1:1:1
07:05.842	ID:16	[WARN: IPv6      ] BLACKHOLE: forward check hit
07:05.842	ID:16	[WARN: IPv6      ] BLACKHOLE: dropping forwarded packet
07:05.969	ID:3	[INFO: App       ] Sending request 39 to fd00::201:1:1:1
07:05.975	ID:16	[WARN: IPv6      ] BLACKHOLE: forward check hit
07:05.975	ID:16	[WARN: IPv6      ] BLACKHOLE: dropping forwarded packet
07:06.017	ID:11	[INFO: App       ] Sending request 39 to fd00::201:1:1:1
07:06.084	ID:16	[WARN: IPv6      ] BLACKHOLE: forward check hit
07:06.084	ID:16	[WARN: IPv6      ] BLACKHOLE: dropping forwarded packet
07:06.232	ID:6	[INFO: App       ] Sending request 37 to fd00::201:1:1:1
07:06.305	ID:16	[WARN: IPv6      ] BLACKHOLE: forward check hit
07:06.305	ID:16	[WARN: IPv6      ] BLACKHOLE: dropping forwarded packet
07:06.734	ID:2	[INFO: App       ] Sending request 39 to fd00::201:1:1:1
07:06.742	ID:16	[WARN: IPv6      ] BLACKHOLE: forward check hit
07:06.742	ID:16	[WARN: IPv6      ] BLACKHOLE: dropping forwarded packet
07:07.211	ID:14	[INFO: App       ] Sending request 37 to fd00::201:1:1:1
07:07.299	ID:16	[WARN: IPv6      ] BLACKHOLE: forward check hit
07:07.299	ID:16	[WARN: IPv6      ] BLACKHOLE: dropping forwarded packet
07:07.372	ID:5	[INFO: App       ] Sending request 39 to fd00::201:1:1:1
07:07.377	ID:16	[WARN: IPv6      ] BLACKHOLE: forward check hit
07:07.377	ID:16	[WARN: IPv6      ] BLACKHOLE: dropping forwarded packet
07:09.870	ID:8	[INFO: App       ] Sending request 38 to fd00::201:1:1:1
07:09.900	ID:12	[INFO: App       ] Sending request 37 to fd00::201:1:1:1
07:10.021	ID:16	[WARN: IPv6      ] BLACKHOLE: forward check hit
07:10.021	ID:16	[WARN: IPv6      ] BLACKHOLE: dropping forwarded packet
07:10.056	ID:16	[WARN: IPv6      ] BLACKHOLE: forward check hit
07:10.056	ID:16	[WARN: IPv6      ] BLACKHOLE: dropping forwarded packet
07:10.246	ID:9	[INFO: App       ] Sending request 38 to fd00::201:1:1:1
07:10.300	ID:16	[WARN: IPv6      ] BLACKHOLE: forward check hit
07:10.300	ID:16	[WARN: IPv6      ] BLACKHOLE: dropping forwarded packet
07:11.270	ID:13	[INFO: App       ] Sending request 37 to fd00::201:1:1:1
07:11.317	ID:16	[WARN: IPv6      ] BLACKHOLE: forward check hit
07:11.317	ID:16	[WARN: IPv6      ] BLACKHOLE: dropping forwarded packet
07:12.836	ID:7	[INFO: App       ] Sending request 38 to fd00::201:1:1:1
07:12.863	ID:16	[WARN: IPv6      ] BLACKHOLE: forward check hit
07:12.863	ID:16	[WARN: IPv6      ] BLACKHOLE: dropping forwarded packet
07:14.004	ID:10	[INFO: App       ] Tx/Rx/MissedTx: 40/21/0
07:14.004	ID:10	[INFO: App       ] Sending request 40 to fd00::201:1:1:1
07:14.053	ID:16	[WARN: IPv6      ] BLACKHOLE: forward check hit
07:14.053	ID:16	[WARN: IPv6      ] BLACKHOLE: dropping forwarded packet
07:14.787	ID:15	[INFO: App       ] Sending request 38 to fd00::201:1:1:1
07:14.832	ID:16	[WARN: IPv6      ] BLACKHOLE: forward check hit
07:14.832	ID:16	[WARN: IPv6      ] BLACKHOLE: dropping forwarded packet
07:15.396	ID:3	[INFO: App       ] Tx/Rx/MissedTx: 40/21/0
07:15.396	ID:3	[INFO: App       ] Sending request 40 to fd00::201:1:1:1
07:15.401	ID:16	[WARN: IPv6      ] BLACKHOLE: forward check hit
07:15.401	ID:16	[WARN: IPv6      ] BLACKHOLE: dropping forwarded packet
07:15.410	ID:4	[INFO: App       ] Tx/Rx/MissedTx: 40/21/0
07:15.410	ID:4	[INFO: App       ] Sending request 40 to fd00::201:1:1:1
07:15.441	ID:16	[WARN: IPv6      ] BLACKHOLE: forward check hit
07:15.441	ID:16	[WARN: IPv6      ] BLACKHOLE: dropping forwarded packet
07:16.034	ID:11	[INFO: App       ] Tx/Rx/MissedTx: 40/21/0
07:16.034	ID:11	[INFO: App       ] Sending request 40 to fd00::201:1:1:1
07:16.081	ID:16	[WARN: IPv6      ] BLACKHOLE: forward check hit
07:16.081	ID:16	[WARN: IPv6      ] BLACKHOLE: dropping forwarded packet
07:16.147	ID:6	[INFO: App       ] Sending request 38 to fd00::201:1:1:1
07:16.184	ID:16	[WARN: IPv6      ] BLACKHOLE: forward check hit
07:16.184	ID:16	[WARN: IPv6      ] BLACKHOLE: dropping forwarded packet
07:16.963	ID:14	[INFO: App       ] Sending request 38 to fd00::201:1:1:1
07:17.004	ID:16	[WARN: IPv6      ] BLACKHOLE: forward check hit
07:17.004	ID:16	[WARN: IPv6      ] BLACKHOLE: dropping forwarded packet
07:17.348	ID:2	[INFO: App       ] Tx/Rx/MissedTx: 40/21/0
07:17.348	ID:2	[INFO: App       ] Sending request 40 to fd00::201:1:1:1
07:17.376	ID:16	[WARN: IPv6      ] BLACKHOLE: forward check hit
07:17.376	ID:16	[WARN: IPv6      ] BLACKHOLE: dropping forwarded packet
07:18.179	ID:5	[INFO: App       ] Tx/Rx/MissedTx: 40/21/0
07:18.179	ID:5	[INFO: App       ] Sending request 40 to fd00::201:1:1:1
07:18.198	ID:16	[WARN: IPv6      ] BLACKHOLE: forward check hit
07:18.198	ID:16	[WARN: IPv6      ] BLACKHOLE: dropping forwarded packet
07:19.914	ID:9	[INFO: App       ] Sending request 39 to fd00::201:1:1:1
07:19.966	ID:16	[WARN: IPv6      ] BLACKHOLE: forward check hit
07:19.966	ID:16	[WARN: IPv6      ] BLACKHOLE: dropping forwarded packet
07:20.434	ID:8	[INFO: App       ] Sending request 39 to fd00::201:1:1:1
07:20.480	ID:16	[WARN: IPv6      ] BLACKHOLE: forward check hit
07:20.480	ID:16	[WARN: IPv6      ] BLACKHOLE: dropping forwarded packet
07:20.621	ID:12	[INFO: App       ] Sending request 38 to fd00::201:1:1:1
07:20.657	ID:16	[WARN: IPv6      ] BLACKHOLE: forward check hit
07:20.657	ID:16	[WARN: IPv6      ] BLACKHOLE: dropping forwarded packet
07:21.600	ID:13	[INFO: App       ] Sending request 38 to fd00::201:1:1:1
07:21.696	ID:16	[WARN: IPv6      ] BLACKHOLE: forward check hit
07:21.696	ID:16	[WARN: IPv6      ] BLACKHOLE: dropping forwarded packet
07:23.319	ID:7	[INFO: App       ] Sending request 39 to fd00::201:1:1:1
07:23.345	ID:16	[WARN: IPv6      ] BLACKHOLE: forward check hit
07:23.345	ID:16	[WARN: IPv6      ] BLACKHOLE: dropping forwarded packet
07:23.945	ID:10	[INFO: App       ] Sending request 41 to fd00::201:1:1:1
07:23.998	ID:16	[WARN: IPv6      ] BLACKHOLE: forward check hit
07:23.998	ID:16	[WARN: IPv6      ] BLACKHOLE: dropping forwarded packet
07:25.316	ID:11	[INFO: App       ] Sending request 41 to fd00::201:1:1:1
07:25.357	ID:16	[WARN: IPv6      ] BLACKHOLE: forward check hit
07:25.357	ID:16	[WARN: IPv6      ] BLACKHOLE: dropping forwarded packet
07:25.465	ID:15	[INFO: App       ] Sending request 39 to fd00::201:1:1:1
07:25.535	ID:4	[INFO: App       ] Sending request 41 to fd00::201:1:1:1
07:25.551	ID:16	[WARN: IPv6      ] BLACKHOLE: forward check hit
07:25.551	ID:16	[WARN: IPv6      ] BLACKHOLE: dropping forwarded packet
07:25.559	ID:16	[WARN: IPv6      ] BLACKHOLE: forward check hit
07:25.559	ID:16	[WARN: IPv6      ] BLACKHOLE: dropping forwarded packet
07:26.282	ID:3	[INFO: App       ] Sending request 41 to fd00::201:1:1:1
07:26.326	ID:16	[WARN: IPv6      ] BLACKHOLE: forward check hit
07:26.326	ID:16	[WARN: IPv6      ] BLACKHOLE: dropping forwarded packet
07:26.396	ID:14	[INFO: App       ] Sending request 39 to fd00::201:1:1:1
07:26.445	ID:2	[INFO: App       ] Sending request 41 to fd00::201:1:1:1
07:26.462	ID:16	[WARN: IPv6      ] BLACKHOLE: forward check hit
07:26.462	ID:16	[WARN: IPv6      ] BLACKHOLE: dropping forwarded packet
07:26.527	ID:16	[WARN: IPv6      ] BLACKHOLE: forward check hit
07:26.527	ID:16	[WARN: IPv6      ] BLACKHOLE: dropping forwarded packet
07:26.618	ID:6	[INFO: App       ] Sending request 39 to fd00::201:1:1:1
07:26.688	ID:16	[WARN: IPv6      ] BLACKHOLE: forward check hit
07:26.688	ID:16	[WARN: IPv6      ] BLACKHOLE: dropping forwarded packet
07:28.565	ID:5	[INFO: App       ] Sending request 41 to fd00::201:1:1:1
07:28.599	ID:16	[WARN: IPv6      ] BLACKHOLE: forward check hit
07:28.599	ID:16	[WARN: IPv6      ] BLACKHOLE: dropping forwarded packet
07:30.273	ID:8	[INFO: App       ] Tx/Rx/MissedTx: 40/20/0
07:30.273	ID:8	[INFO: App       ] Sending request 40 to fd00::201:1:1:1
07:30.334	ID:16	[WARN: IPv6      ] BLACKHOLE: forward check hit
07:30.334	ID:16	[WARN: IPv6      ] BLACKHOLE: dropping forwarded packet
07:30.511	ID:9	[INFO: App       ] Tx/Rx/MissedTx: 40/20/0
07:30.511	ID:9	[INFO: App       ] Sending request 40 to fd00::201:1:1:1
07:30.543	ID:16	[WARN: IPv6      ] BLACKHOLE: forward check hit
07:30.543	ID:16	[WARN: IPv6      ] BLACKHOLE: dropping forwarded packet
07:30.560	ID:12	[INFO: App       ] Sending request 39 to fd00::201:1:1:1
07:30.617	ID:16	[WARN: IPv6      ] BLACKHOLE: forward check hit
07:30.617	ID:16	[WARN: IPv6      ] BLACKHOLE: dropping forwarded packet
07:32.092	ID:13	[INFO: App       ] Sending request 39 to fd00::201:1:1:1
07:32.160	ID:16	[WARN: IPv6      ] BLACKHOLE: forward check hit
07:32.160	ID:16	[WARN: IPv6      ] BLACKHOLE: dropping forwarded packet
07:34.051	ID:10	[INFO: App       ] Sending request 42 to fd00::201:1:1:1
07:34.066	ID:7	[INFO: App       ] Tx/Rx/MissedTx: 40/20/0
07:34.066	ID:7	[INFO: App       ] Sending request 40 to fd00::201:1:1:1
07:34.082	ID:16	[WARN: IPv6      ] BLACKHOLE: forward check hit
07:34.082	ID:16	[WARN: IPv6      ] BLACKHOLE: dropping forwarded packet
07:34.133	ID:16	[WARN: IPv6      ] BLACKHOLE: forward check hit
07:34.133	ID:16	[WARN: IPv6      ] BLACKHOLE: dropping forwarded packet
07:34.510	ID:15	[INFO: App       ] Tx/Rx/MissedTx: 40/19/0
07:34.510	ID:15	[INFO: App       ] Sending request 40 to fd00::201:1:1:1
07:34.573	ID:16	[WARN: IPv6      ] BLACKHOLE: forward check hit
07:34.573	ID:16	[WARN: IPv6      ] BLACKHOLE: dropping forwarded packet
07:35.572	ID:3	[INFO: App       ] Sending request 42 to fd00::201:1:1:1
07:35.585	ID:16	[WARN: IPv6      ] BLACKHOLE: forward check hit
07:35.585	ID:16	[WARN: IPv6      ] BLACKHOLE: dropping forwarded packet
07:35.870	ID:11	[INFO: App       ] Sending request 42 to fd00::201:1:1:1
07:35.886	ID:16	[WARN: IPv6      ] BLACKHOLE: forward check hit
07:35.886	ID:16	[WARN: IPv6      ] BLACKHOLE: dropping forwarded packet
07:36.026	ID:4	[INFO: App       ] Sending request 42 to fd00::201:1:1:1
07:36.038	ID:16	[WARN: IPv6      ] BLACKHOLE: forward check hit
07:36.038	ID:16	[WARN: IPv6      ] BLACKHOLE: dropping forwarded packet
07:36.120	ID:14	[INFO: App       ] Tx/Rx/MissedTx: 40/19/0
07:36.120	ID:14	[INFO: App       ] Sending request 40 to fd00::201:1:1:1
07:36.184	ID:16	[WARN: IPv6      ] BLACKHOLE: forward check hit
07:36.184	ID:16	[WARN: IPv6      ] BLACKHOLE: dropping forwarded packet
07:36.577	ID:6	[INFO: App       ] Tx/Rx/MissedTx: 40/19/0
07:36.577	ID:6	[INFO: App       ] Sending request 40 to fd00::201:1:1:1
07:36.632	ID:16	[WARN: IPv6      ] BLACKHOLE: forward check hit
07:36.632	ID:16	[WARN: IPv6      ] BLACKHOLE: dropping forwarded packet
07:37.434	ID:2	[INFO: App       ] Sending request 42 to fd00::201:1:1:1
07:37.439	ID:16	[WARN: IPv6      ] BLACKHOLE: forward check hit
07:37.439	ID:16	[WARN: IPv6      ] BLACKHOLE: dropping forwarded packet
07:38.599	ID:5	[INFO: App       ] Sending request 42 to fd00::201:1:1:1
07:38.636	ID:16	[WARN: IPv6      ] BLACKHOLE: forward check hit
07:38.636	ID:16	[WARN: IPv6      ] BLACKHOLE: dropping forwarded packet
07:39.726	ID:9	[INFO: App       ] Sending request 41 to fd00::201:1:1:1
07:39.784	ID:16	[WARN: IPv6      ] BLACKHOLE: forward check hit
07:39.784	ID:16	[WARN: IPv6      ] BLACKHOLE: dropping forwarded packet
07:40.802	ID:8	[INFO: App       ] Sending request 41 to fd00::201:1:1:1
07:40.841	ID:16	[WARN: IPv6      ] BLACKHOLE: forward check hit
07:40.841	ID:16	[WARN: IPv6      ] BLACKHOLE: dropping forwarded packet
07:40.995	ID:12	[INFO: App       ] Tx/Rx/MissedTx: 40/19/0
07:40.995	ID:12	[INFO: App       ] Sending request 40 to fd00::201:1:1:1
07:41.074	ID:16	[WARN: IPv6      ] BLACKHOLE: forward check hit
07:41.074	ID:16	[WARN: IPv6      ] BLACKHOLE: dropping forwarded packet
07:42.992	ID:13	[INFO: App       ] Tx/Rx/MissedTx: 40/19/0
07:42.992	ID:13	[INFO: App       ] Sending request 40 to fd00::201:1:1:1
07:43.073	ID:16	[WARN: IPv6      ] BLACKHOLE: forward check hit
07:43.073	ID:16	[WARN: IPv6      ] BLACKHOLE: dropping forwarded packet
07:43.286	ID:7	[INFO: App       ] Sending request 41 to fd00::201:1:1:1
07:43.318	ID:16	[WARN: IPv6      ] BLACKHOLE: forward check hit
07:43.318	ID:16	[WARN: IPv6      ] BLACKHOLE: dropping forwarded packet
07:43.725	ID:10	[INFO: App       ] Sending request 43 to fd00::201:1:1:1
07:43.794	ID:16	[WARN: IPv6      ] BLACKHOLE: forward check hit
07:43.794	ID:16	[WARN: IPv6      ] BLACKHOLE: dropping forwarded packet
07:43.907	ID:15	[INFO: App       ] Sending request 41 to fd00::201:1:1:1
07:43.988	ID:16	[WARN: IPv6      ] BLACKHOLE: forward check hit
07:43.988	ID:16	[WARN: IPv6      ] BLACKHOLE: dropping forwarded packet
07:45.372	ID:3	[INFO: App       ] Sending request 43 to fd00::201:1:1:1
07:45.417	ID:16	[WARN: IPv6      ] BLACKHOLE: forward check hit
07:45.417	ID:16	[WARN: IPv6      ] BLACKHOLE: dropping forwarded packet
07:45.535	ID:11	[INFO: App       ] Sending request 43 to fd00::201:1:1:1
07:45.569	ID:16	[WARN: IPv6      ] BLACKHOLE: forward check hit
07:45.569	ID:16	[WARN: IPv6      ] BLACKHOLE: dropping forwarded packet
07:45.651	ID:14	[INFO: App       ] Sending request 41 to fd00::201:1:1:1
07:45.723	ID:16	[WARN: IPv6      ] BLACKHOLE: forward check hit
07:45.723	ID:16	[WARN: IPv6      ] BLACKHOLE: dropping forwarded packet
07:46.927	ID:4	[INFO: App       ] Sending request 43 to fd00::201:1:1:1
07:46.956	ID:16	[WARN: IPv6      ] BLACKHOLE: forward check hit
07:46.956	ID:16	[WARN: IPv6      ] BLACKHOLE: dropping forwarded packet
07:47.021	ID:6	[INFO: App       ] Sending request 41 to fd00::201:1:1:1
07:47.073	ID:16	[WARN: IPv6      ] BLACKHOLE: forward check hit
07:47.073	ID:16	[WARN: IPv6      ] BLACKHOLE: dropping forwarded packet
07:48.058	ID:2	[INFO: App       ] Sending request 43 to fd00::201:1:1:1
07:48.065	ID:16	[WARN: IPv6      ] BLACKHOLE: forward check hit
07:48.065	ID:16	[WARN: IPv6      ] BLACKHOLE: dropping forwarded packet
07:48.669	ID:5	[INFO: App       ] Sending request 43 to fd00::201:1:1:1
07:48.707	ID:16	[WARN: IPv6      ] BLACKHOLE: forward check hit
07:48.707	ID:16	[WARN: IPv6      ] BLACKHOLE: dropping forwarded packet
07:49.156	ID:9	[INFO: App       ] Sending request 42 to fd00::201:1:1:1
07:49.221	ID:16	[WARN: IPv6      ] BLACKHOLE: forward check hit
07:49.221	ID:16	[WARN: IPv6      ] BLACKHOLE: dropping forwarded packet
07:50.007	ID:8	[INFO: App       ] Sending request 42 to fd00::201:1:1:1
07:50.057	ID:16	[WARN: IPv6      ] BLACKHOLE: forward check hit
07:50.057	ID:16	[WARN: IPv6      ] BLACKHOLE: dropping forwarded packet
07:50.634	ID:12	[INFO: App       ] Sending request 41 to fd00::201:1:1:1
07:50.728	ID:16	[WARN: IPv6      ] BLACKHOLE: forward check hit
07:50.728	ID:16	[WARN: IPv6      ] BLACKHOLE: dropping forwarded packet
07:53.038	ID:7	[INFO: App       ] Sending request 42 to fd00::201:1:1:1
07:53.063	ID:16	[WARN: IPv6      ] BLACKHOLE: forward check hit
07:53.063	ID:16	[WARN: IPv6      ] BLACKHOLE: dropping forwarded packet
07:53.098	ID:10	[INFO: App       ] Sending request 44 to fd00::201:1:1:1
07:53.151	ID:16	[WARN: IPv6      ] BLACKHOLE: forward check hit
07:53.151	ID:16	[WARN: IPv6      ] BLACKHOLE: dropping forwarded packet
07:53.611	ID:13	[INFO: App       ] Sending request 41 to fd00::201:1:1:1
07:53.709	ID:16	[WARN: IPv6      ] BLACKHOLE: forward check hit
07:53.709	ID:16	[WARN: IPv6      ] BLACKHOLE: dropping forwarded packet
07:54.785	ID:15	[INFO: App       ] Sending request 42 to fd00::201:1:1:1
07:54.883	ID:16	[WARN: IPv6      ] BLACKHOLE: forward check hit
07:54.883	ID:16	[WARN: IPv6      ] BLACKHOLE: dropping forwarded packet
07:55.808	ID:11	[INFO: App       ] Sending request 44 to fd00::201:1:1:1
07:55.858	ID:16	[WARN: IPv6      ] BLACKHOLE: forward check hit
07:55.858	ID:16	[WARN: IPv6      ] BLACKHOLE: dropping forwarded packet
07:56.238	ID:6	[INFO: App       ] Sending request 42 to fd00::201:1:1:1
07:56.253	ID:4	[INFO: App       ] Sending request 44 to fd00::201:1:1:1
07:56.290	ID:16	[WARN: IPv6      ] BLACKHOLE: forward check hit
07:56.290	ID:16	[WARN: IPv6      ] BLACKHOLE: dropping forwarded packet
07:56.307	ID:3	[INFO: App       ] Sending request 44 to fd00::201:1:1:1
07:56.309	ID:16	[WARN: IPv6      ] BLACKHOLE: forward check hit
07:56.309	ID:16	[WARN: IPv6      ] BLACKHOLE: dropping forwarded packet
07:56.327	ID:16	[WARN: IPv6      ] BLACKHOLE: forward check hit
07:56.327	ID:16	[WARN: IPv6      ] BLACKHOLE: dropping forwarded packet
07:56.545	ID:14	[INFO: App       ] Sending request 42 to fd00::201:1:1:1
07:56.644	ID:16	[WARN: IPv6      ] BLACKHOLE: forward check hit
07:56.644	ID:16	[WARN: IPv6      ] BLACKHOLE: dropping forwarded packet
07:57.880	ID:5	[INFO: App       ] Sending request 44 to fd00::201:1:1:1
07:57.915	ID:16	[WARN: IPv6      ] BLACKHOLE: forward check hit
07:57.915	ID:16	[WARN: IPv6      ] BLACKHOLE: dropping forwarded packet
07:58.093	ID:2	[INFO: App       ] Sending request 44 to fd00::201:1:1:1
07:58.135	ID:16	[WARN: IPv6      ] BLACKHOLE: forward check hit
07:58.135	ID:16	[WARN: IPv6      ] BLACKHOLE: dropping forwarded packet
07:59.425	ID:9	[INFO: App       ] Sending request 43 to fd00::201:1:1:1
07:59.479	ID:16	[WARN: IPv6      ] BLACKHOLE: forward check hit
07:59.479	ID:16	[WARN: IPv6      ] BLACKHOLE: dropping forwarded packet
08:00.269	ID:8	[INFO: App       ] Sending request 43 to fd00::201:1:1:1
08:00.338	ID:16	[WARN: IPv6      ] BLACKHOLE: forward check hit
08:00.338	ID:16	[WARN: IPv6      ] BLACKHOLE: dropping forwarded packet
08:00.657	ID:12	[INFO: App       ] Sending request 42 to fd00::201:1:1:1
08:00.772	ID:16	[WARN: IPv6      ] BLACKHOLE: forward check hit
08:00.772	ID:16	[WARN: IPv6      ] BLACKHOLE: dropping forwarded packet
08:03.597	ID:13	[INFO: App       ] Sending request 42 to fd00::201:1:1:1
08:03.706	ID:16	[WARN: IPv6      ] BLACKHOLE: forward check hit
08:03.706	ID:16	[WARN: IPv6      ] BLACKHOLE: dropping forwarded packet
08:03.753	ID:10	[INFO: App       ] Sending request 45 to fd00::201:1:1:1
08:03.768	ID:16	[WARN: IPv6      ] BLACKHOLE: forward check hit
08:03.768	ID:16	[WARN: IPv6      ] BLACKHOLE: dropping forwarded packet
08:03.909	ID:7	[INFO: App       ] Sending request 43 to fd00::201:1:1:1
08:03.944	ID:16	[WARN: IPv6      ] BLACKHOLE: forward check hit
08:03.944	ID:16	[WARN: IPv6      ] BLACKHOLE: dropping forwarded packet
08:04.703	ID:15	[INFO: App       ] Sending request 43 to fd00::201:1:1:1
08:04.741	ID:16	[WARN: IPv6      ] BLACKHOLE: forward check hit
08:04.741	ID:16	[WARN: IPv6      ] BLACKHOLE: dropping forwarded packet
08:05.773	ID:14	[INFO: App       ] Sending request 43 to fd00::201:1:1:1
08:05.833	ID:6	[INFO: App       ] Sending request 43 to fd00::201:1:1:1
08:05.887	ID:16	[WARN: IPv6      ] BLACKHOLE: forward check hit
08:05.887	ID:16	[WARN: IPv6      ] BLACKHOLE: dropping forwarded packet
08:05.905	ID:16	[WARN: IPv6      ] BLACKHOLE: forward check hit
08:05.905	ID:16	[WARN: IPv6      ] BLACKHOLE: dropping forwarded packet
08:05.999	ID:4	[INFO: App       ] Sending request 45 to fd00::201:1:1:1
08:06.031	ID:16	[WARN: IPv6      ] BLACKHOLE: forward check hit
08:06.031	ID:16	[WARN: IPv6      ] BLACKHOLE: dropping forwarded packet
08:06.722	ID:11	[INFO: App       ] Sending request 45 to fd00::201:1:1:1
08:06.781	ID:16	[WARN: IPv6      ] BLACKHOLE: forward check hit
08:06.781	ID:16	[WARN: IPv6      ] BLACKHOLE: dropping forwarded packet
08:07.227	ID:3	[INFO: App       ] Sending request 45 to fd00::201:1:1:1
08:07.260	ID:16	[WARN: IPv6      ] BLACKHOLE: forward check hit
08:07.260	ID:16	[WARN: IPv6      ] BLACKHOLE: dropping forwarded packet
08:08.211	ID:2	[INFO: App       ] Sending request 45 to fd00::201:1:1:1
08:08.220	ID:16	[WARN: IPv6      ] BLACKHOLE: forward check hit
08:08.220	ID:16	[WARN: IPv6      ] BLACKHOLE: dropping forwarded packet
08:08.820	ID:5	[INFO: App       ] Sending request 45 to fd00::201:1:1:1
08:08.850	ID:16	[WARN: IPv6      ] BLACKHOLE: forward check hit
08:08.850	ID:16	[WARN: IPv6      ] BLACKHOLE: dropping forwarded packet
08:09.237	ID:9	[INFO: App       ] Sending request 44 to fd00::201:1:1:1
08:09.280	ID:16	[WARN: IPv6      ] BLACKHOLE: forward check hit
08:09.280	ID:16	[WARN: IPv6      ] BLACKHOLE: dropping forwarded packet
08:10.540	ID:12	[INFO: App       ] Sending request 43 to fd00::201:1:1:1
08:10.587	ID:16	[WARN: IPv6      ] BLACKHOLE: forward check hit
08:10.587	ID:16	[WARN: IPv6      ] BLACKHOLE: dropping forwarded packet
08:10.645	ID:8	[INFO: App       ] Sending request 44 to fd00::201:1:1:1
08:10.704	ID:16	[WARN: IPv6      ] BLACKHOLE: forward check hit
08:10.704	ID:16	[WARN: IPv6      ] BLACKHOLE: dropping forwarded packet
08:12.830	ID:10	[INFO: App       ] Sending request 46 to fd00::201:1:1:1
08:12.893	ID:16	[WARN: IPv6      ] BLACKHOLE: forward check hit
08:12.893	ID:16	[WARN: IPv6      ] BLACKHOLE: dropping forwarded packet
08:13.620	ID:7	[INFO: App       ] Sending request 44 to fd00::201:1:1:1
08:13.667	ID:16	[WARN: IPv6      ] BLACKHOLE: forward check hit
08:13.667	ID:16	[WARN: IPv6      ] BLACKHOLE: dropping forwarded packet
08:13.781	ID:15	[INFO: App       ] Sending request 44 to fd00::201:1:1:1
08:13.824	ID:16	[WARN: IPv6      ] BLACKHOLE: forward check hit
08:13.824	ID:16	[WARN: IPv6      ] BLACKHOLE: dropping forwarded packet
08:14.274	ID:13	[INFO: App       ] Sending request 43 to fd00::201:1:1:1
08:14.321	ID:16	[WARN: IPv6      ] BLACKHOLE: forward check hit
08:14.321	ID:16	[WARN: IPv6      ] BLACKHOLE: dropping forwarded packet
08:15.509	ID:6	[INFO: App       ] Sending request 44 to fd00::201:1:1:1
08:15.557	ID:16	[WARN: IPv6      ] BLACKHOLE: forward check hit
08:15.557	ID:16	[WARN: IPv6      ] BLACKHOLE: dropping forwarded packet
08:16.522	ID:4	[INFO: App       ] Sending request 46 to fd00::201:1:1:1
08:16.553	ID:16	[WARN: IPv6      ] BLACKHOLE: forward check hit
08:16.553	ID:16	[WARN: IPv6      ] BLACKHOLE: dropping forwarded packet
08:16.769	ID:14	[INFO: App       ] Sending request 44 to fd00::201:1:1:1
08:16.860	ID:16	[WARN: IPv6      ] BLACKHOLE: forward check hit
08:16.860	ID:16	[WARN: IPv6      ] BLACKHOLE: dropping forwarded packet
08:17.062	ID:11	[INFO: App       ] Sending request 46 to fd00::201:1:1:1
08:17.121	ID:16	[WARN: IPv6      ] BLACKHOLE: forward check hit
08:17.121	ID:16	[WARN: IPv6      ] BLACKHOLE: dropping forwarded packet
08:17.733	ID:3	[INFO: App       ] Sending request 46 to fd00::201:1:1:1
08:17.754	ID:16	[WARN: IPv6      ] BLACKHOLE: forward check hit
08:17.754	ID:16	[WARN: IPv6      ] BLACKHOLE: dropping forwarded packet
08:18.147	ID:5	[INFO: App       ] Sending request 46 to fd00::201:1:1:1
08:18.171	ID:16	[WARN: IPv6      ] BLACKHOLE: forward check hit
08:18.171	ID:16	[WARN: IPv6      ] BLACKHOLE: dropping forwarded packet
08:18.883	ID:9	[INFO: App       ] Sending request 45 to fd00::201:1:1:1
08:18.924	ID:16	[WARN: IPv6      ] BLACKHOLE: forward check hit
08:18.924	ID:16	[WARN: IPv6      ] BLACKHOLE: dropping forwarded packet
08:19.104	ID:2	[INFO: App       ] Sending request 46 to fd00::201:1:1:1
08:19.128	ID:16	[WARN: IPv6      ] BLACKHOLE: forward check hit
08:19.128	ID:16	[WARN: IPv6      ] BLACKHOLE: dropping forwarded packet
08:19.676	ID:8	[INFO: App       ] Sending request 45 to fd00::201:1:1:1
08:19.723	ID:16	[WARN: IPv6      ] BLACKHOLE: forward check hit
08:19.723	ID:16	[WARN: IPv6      ] BLACKHOLE: dropping forwarded packet
08:20.289	ID:12	[INFO: App       ] Sending request 44 to fd00::201:1:1:1
08:20.388	ID:16	[WARN: IPv6      ] BLACKHOLE: forward check hit
08:20.388	ID:16	[WARN: IPv6      ] BLACKHOLE: dropping forwarded packet
08:23.067	ID:15	[INFO: App       ] Sending request 45 to fd00::201:1:1:1
08:23.149	ID:16	[WARN: IPv6      ] BLACKHOLE: forward check hit
08:23.149	ID:16	[WARN: IPv6      ] BLACKHOLE: dropping forwarded packet
08:23.755	ID:10	[INFO: App       ] Sending request 47 to fd00::201:1:1:1
08:23.832	ID:16	[WARN: IPv6      ] BLACKHOLE: forward check hit
08:23.832	ID:16	[WARN: IPv6      ] BLACKHOLE: dropping forwarded packet
08:24.354	ID:7	[INFO: App       ] Sending request 45 to fd00::201:1:1:1
08:24.392	ID:16	[WARN: IPv6      ] BLACKHOLE: forward check hit
08:24.392	ID:16	[WARN: IPv6      ] BLACKHOLE: dropping forwarded packet
08:24.643	ID:13	[INFO: App       ] Sending request 44 to fd00::201:1:1:1
08:24.751	ID:16	[WARN: IPv6      ] BLACKHOLE: forward check hit
08:24.751	ID:16	[WARN: IPv6      ] BLACKHOLE: dropping forwarded packet
08:24.818	ID:6	[INFO: App       ] Sending request 45 to fd00::201:1:1:1
08:24.889	ID:16	[WARN: IPv6      ] BLACKHOLE: forward check hit
08:24.889	ID:16	[WARN: IPv6      ] BLACKHOLE: dropping forwarded packet
08:26.967	ID:4	[INFO: App       ] Sending request 47 to fd00::201:1:1:1
08:26.976	ID:16	[WARN: IPv6      ] BLACKHOLE: forward check hit
08:26.976	ID:16	[WARN: IPv6      ] BLACKHOLE: dropping forwarded packet
08:27.001	ID:3	[INFO: App       ] Sending request 47 to fd00::201:1:1:1
08:27.018	ID:16	[WARN: IPv6      ] BLACKHOLE: forward check hit
08:27.018	ID:16	[WARN: IPv6      ] BLACKHOLE: dropping forwarded packet
08:27.106	ID:14	[INFO: App       ] Sending request 45 to fd00::201:1:1:1
08:27.179	ID:16	[WARN: IPv6      ] BLACKHOLE: forward check hit
08:27.179	ID:16	[WARN: IPv6      ] BLACKHOLE: dropping forwarded packet
08:27.758	ID:11	[INFO: App       ] Sending request 47 to fd00::201:1:1:1
08:27.797	ID:16	[WARN: IPv6      ] BLACKHOLE: forward check hit
08:27.797	ID:16	[WARN: IPv6      ] BLACKHOLE: dropping forwarded packet
08:28.217	ID:5	[INFO: App       ] Sending request 47 to fd00::201:1:1:1
08:28.246	ID:16	[WARN: IPv6      ] BLACKHOLE: forward check hit
08:28.246	ID:16	[WARN: IPv6      ] BLACKHOLE: dropping forwarded packet
08:28.313	ID:9	[INFO: App       ] Sending request 46 to fd00::201:1:1:1
08:28.370	ID:16	[WARN: IPv6      ] BLACKHOLE: forward check hit
08:28.370	ID:16	[WARN: IPv6      ] BLACKHOLE: dropping forwarded packet
08:28.654	ID:2	[INFO: App       ] Sending request 47 to fd00::201:1:1:1
08:28.667	ID:16	[WARN: IPv6      ] BLACKHOLE: forward check hit
08:28.667	ID:16	[WARN: IPv6      ] BLACKHOLE: dropping forwarded packet
08:29.471	ID:8	[INFO: App       ] Sending request 46 to fd00::201:1:1:1
08:29.516	ID:16	[WARN: IPv6      ] BLACKHOLE: forward check hit
08:29.516	ID:16	[WARN: IPv6      ] BLACKHOLE: dropping forwarded packet
08:30.194	ID:12	[INFO: App       ] Sending request 45 to fd00::201:1:1:1
08:30.258	ID:16	[WARN: IPv6      ] BLACKHOLE: forward check hit
08:30.258	ID:16	[WARN: IPv6      ] BLACKHOLE: dropping forwarded packet
08:32.737	ID:15	[INFO: App       ] Sending request 46 to fd00::201:1:1:1
08:32.815	ID:16	[WARN: IPv6      ] BLACKHOLE: forward check hit
08:32.815	ID:16	[WARN: IPv6      ] BLACKHOLE: dropping forwarded packet
08:33.484	ID:10	[INFO: App       ] Sending request 48 to fd00::201:1:1:1
08:33.501	ID:16	[WARN: IPv6      ] BLACKHOLE: forward check hit
08:33.501	ID:16	[WARN: IPv6      ] BLACKHOLE: dropping forwarded packet
08:34.912	ID:13	[INFO: App       ] Sending request 45 to fd00::201:1:1:1
08:34.972	ID:16	[WARN: IPv6      ] BLACKHOLE: forward check hit
08:34.972	ID:16	[WARN: IPv6      ] BLACKHOLE: dropping forwarded packet
08:35.300	ID:7	[INFO: App       ] Sending request 46 to fd00::201:1:1:1
08:35.358	ID:16	[WARN: IPv6      ] BLACKHOLE: forward check hit
08:35.358	ID:16	[WARN: IPv6      ] BLACKHOLE: dropping forwarded packet
08:35.571	ID:6	[INFO: App       ] Sending request 46 to fd00::201:1:1:1
08:35.653	ID:16	[WARN: IPv6      ] BLACKHOLE: forward check hit
08:35.653	ID:16	[WARN: IPv6      ] BLACKHOLE: dropping forwarded packet
08:36.721	ID:4	[INFO: App       ] Sending request 48 to fd00::201:1:1:1
08:36.749	ID:16	[WARN: IPv6      ] BLACKHOLE: forward check hit
08:36.749	ID:16	[WARN: IPv6      ] BLACKHOLE: dropping forwarded packet
08:37.245	ID:3	[INFO: App       ] Sending request 48 to fd00::201:1:1:1
08:37.263	ID:16	[WARN: IPv6      ] BLACKHOLE: forward check hit
08:37.263	ID:16	[WARN: IPv6      ] BLACKHOLE: dropping forwarded packet
08:37.666	ID:14	[INFO: App       ] Sending request 46 to fd00::201:1:1:1
08:37.775	ID:16	[WARN: IPv6      ] BLACKHOLE: forward check hit
08:37.775	ID:16	[WARN: IPv6      ] BLACKHOLE: dropping forwarded packet
08:38.272	ID:5	[INFO: App       ] Sending request 48 to fd00::201:1:1:1
08:38.301	ID:16	[WARN: IPv6      ] BLACKHOLE: forward check hit
08:38.301	ID:16	[WARN: IPv6      ] BLACKHOLE: dropping forwarded packet
08:38.495	ID:11	[INFO: App       ] Sending request 48 to fd00::201:1:1:1
08:38.549	ID:16	[WARN: IPv6      ] BLACKHOLE: forward check hit
08:38.549	ID:16	[WARN: IPv6      ] BLACKHOLE: dropping forwarded packet
08:38.565	ID:8	[INFO: App       ] Sending request 47 to fd00::201:1:1:1
08:38.608	ID:16	[WARN: IPv6      ] BLACKHOLE: forward check hit
08:38.608	ID:16	[WARN: IPv6      ] BLACKHOLE: dropping forwarded packet
08:38.676	ID:9	[INFO: App       ] Sending request 47 to fd00::201:1:1:1
08:38.727	ID:16	[WARN: IPv6      ] BLACKHOLE: forward check hit
08:38.727	ID:16	[WARN: IPv6      ] BLACKHOLE: dropping forwarded packet
08:38.944	ID:2	[INFO: App       ] Sending request 48 to fd00::201:1:1:1
08:38.968	ID:16	[WARN: IPv6      ] BLACKHOLE: forward check hit
08:38.968	ID:16	[WARN: IPv6      ] BLACKHOLE: dropping forwarded packet
08:39.892	ID:12	[INFO: App       ] Sending request 46 to fd00::201:1:1:1
08:39.961	ID:16	[WARN: IPv6      ] BLACKHOLE: forward check hit
08:39.961	ID:16	[WARN: IPv6      ] BLACKHOLE: dropping forwarded packet
08:43.497	ID:15	[INFO: App       ] Sending request 47 to fd00::201:1:1:1
08:43.573	ID:16	[WARN: IPv6      ] BLACKHOLE: forward check hit
08:43.573	ID:16	[WARN: IPv6      ] BLACKHOLE: dropping forwarded packet
08:44.228	ID:10	[INFO: App       ] Sending request 49 to fd00::201:1:1:1
08:44.277	ID:16	[WARN: IPv6      ] BLACKHOLE: forward check hit
08:44.277	ID:16	[WARN: IPv6      ] BLACKHOLE: dropping forwarded packet
08:44.848	ID:13	[INFO: App       ] Sending request 46 to fd00::201:1:1:1
08:44.940	ID:16	[WARN: IPv6      ] BLACKHOLE: forward check hit
08:44.940	ID:16	[WARN: IPv6      ] BLACKHOLE: dropping forwarded packet
08:45.090	ID:7	[INFO: App       ] Sending request 47 to fd00::201:1:1:1
08:45.132	ID:16	[WARN: IPv6      ] BLACKHOLE: forward check hit
08:45.132	ID:16	[WARN: IPv6      ] BLACKHOLE: dropping forwarded packet
08:45.621	ID:6	[INFO: App       ] Sending request 47 to fd00::201:1:1:1
08:45.661	ID:16	[WARN: IPv6      ] BLACKHOLE: forward check hit
08:45.661	ID:16	[WARN: IPv6      ] BLACKHOLE: dropping forwarded packet
08:45.981	ID:4	[INFO: App       ] Sending request 49 to fd00::201:1:1:1
08:46.023	ID:16	[WARN: IPv6      ] BLACKHOLE: forward check hit
08:46.023	ID:16	[WARN: IPv6      ] BLACKHOLE: dropping forwarded packet
08:46.527	ID:3	[INFO: App       ] Sending request 49 to fd00::201:1:1:1
08:46.532	ID:16	[WARN: IPv6      ] BLACKHOLE: forward check hit
08:46.532	ID:16	[WARN: IPv6      ] BLACKHOLE: dropping forwarded packet
08:47.604	ID:8	[INFO: App       ] Sending request 48 to fd00::201:1:1:1
08:47.662	ID:16	[WARN: IPv6      ] BLACKHOLE: forward check hit
08:47.662	ID:16	[WARN: IPv6      ] BLACKHOLE: dropping forwarded packet
08:47.807	ID:14	[INFO: App       ] Sending request 47 to fd00::201:1:1:1
08:47.877	ID:16	[WARN: IPv6      ] BLACKHOLE: forward check hit
08:47.877	ID:16	[WARN: IPv6      ] BLACKHOLE: dropping forwarded packet
08:48.037	ID:11	[INFO: App       ] Sending request 49 to fd00::201:1:1:1
08:48.074	ID:16	[WARN: IPv6      ] BLACKHOLE: forward check hit
08:48.074	ID:16	[WARN: IPv6      ] BLACKHOLE: dropping forwarded packet
08:48.109	ID:5	[INFO: App       ] Sending request 49 to fd00::201:1:1:1
08:48.134	ID:16	[WARN: IPv6      ] BLACKHOLE: forward check hit
08:48.134	ID:16	[WARN: IPv6      ] BLACKHOLE: dropping forwarded packet
08:48.297	ID:9	[INFO: App       ] Sending request 48 to fd00::201:1:1:1
08:48.341	ID:16	[WARN: IPv6      ] BLACKHOLE: forward check hit
08:48.341	ID:16	[WARN: IPv6      ] BLACKHOLE: dropping forwarded packet
08:49.229	ID:2	[INFO: App       ] Sending request 49 to fd00::201:1:1:1
08:49.247	ID:16	[WARN: IPv6      ] BLACKHOLE: forward check hit
08:49.247	ID:16	[WARN: IPv6      ] BLACKHOLE: dropping forwarded packet
08:50.018	ID:12	[INFO: App       ] Sending request 47 to fd00::201:1:1:1
08:50.111	ID:16	[WARN: IPv6      ] BLACKHOLE: forward check hit
08:50.111	ID:16	[WARN: IPv6      ] BLACKHOLE: dropping forwarded packet
08:53.588	ID:10	[INFO: App       ] Tx/Rx/MissedTx: 50/21/0
08:53.588	ID:10	[INFO: App       ] Sending request 50 to fd00::201:1:1:1
08:53.642	ID:16	[WARN: IPv6      ] BLACKHOLE: forward check hit
08:53.642	ID:16	[WARN: IPv6      ] BLACKHOLE: dropping forwarded packet
08:54.297	ID:15	[INFO: App       ] Sending request 48 to fd00::201:1:1:1
08:54.363	ID:16	[WARN: IPv6      ] BLACKHOLE: forward check hit
08:54.363	ID:16	[WARN: IPv6      ] BLACKHOLE: dropping forwarded packet
08:54.739	ID:13	[INFO: App       ] Sending request 47 to fd00::201:1:1:1
08:54.827	ID:16	[WARN: IPv6      ] BLACKHOLE: forward check hit
08:54.827	ID:16	[WARN: IPv6      ] BLACKHOLE: dropping forwarded packet
08:55.019	ID:6	[INFO: App       ] Sending request 48 to fd00::201:1:1:1
08:55.079	ID:16	[WARN: IPv6      ] BLACKHOLE: forward check hit
08:55.079	ID:16	[WARN: IPv6      ] BLACKHOLE: dropping forwarded packet
08:55.124	ID:7	[INFO: App       ] Sending request 48 to fd00::201:1:1:1
08:55.198	ID:16	[WARN: IPv6      ] BLACKHOLE: forward check hit
08:55.198	ID:16	[WARN: IPv6      ] BLACKHOLE: dropping forwarded packet
08:55.330	ID:4	[INFO: App       ] Tx/Rx/MissedTx: 50/21/0
08:55.330	ID:4	[INFO: App       ] Sending request 50 to fd00::201:1:1:1
08:55.340	ID:16	[WARN: IPv6      ] BLACKHOLE: forward check hit
08:55.340	ID:16	[WARN: IPv6      ] BLACKHOLE: dropping forwarded packet
08:56.688	ID:3	[INFO: App       ] Tx/Rx/MissedTx: 50/21/0
08:56.688	ID:3	[INFO: App       ] Sending request 50 to fd00::201:1:1:1
08:56.721	ID:16	[WARN: IPv6      ] BLACKHOLE: forward check hit
08:56.721	ID:16	[WARN: IPv6      ] BLACKHOLE: dropping forwarded packet
08:56.816	ID:8	[INFO: App       ] Sending request 49 to fd00::201:1:1:1
08:56.889	ID:16	[WARN: IPv6      ] BLACKHOLE: forward check hit
08:56.889	ID:16	[WARN: IPv6      ] BLACKHOLE: dropping forwarded packet
08:57.088	ID:11	[INFO: App       ] Tx/Rx/MissedTx: 50/21/0
08:57.088	ID:11	[INFO: App       ] Sending request 50 to fd00::201:1:1:1
08:57.115	ID:16	[WARN: IPv6      ] BLACKHOLE: forward check hit
08:57.115	ID:16	[WARN: IPv6      ] BLACKHOLE: dropping forwarded packet
08:57.553	ID:14	[INFO: App       ] Sending request 48 to fd00::201:1:1:1
08:57.628	ID:16	[WARN: IPv6      ] BLACKHOLE: forward check hit
08:57.628	ID:16	[WARN: IPv6      ] BLACKHOLE: dropping forwarded packet
08:57.814	ID:5	[INFO: App       ] Tx/Rx/MissedTx: 50/21/0
08:57.814	ID:5	[INFO: App       ] Sending request 50 to fd00::201:1:1:1
08:57.839	ID:16	[WARN: IPv6      ] BLACKHOLE: forward check hit
08:57.839	ID:16	[WARN: IPv6      ] BLACKHOLE: dropping forwarded packet
08:58.746	ID:2	[INFO: App       ] Tx/Rx/MissedTx: 50/21/0
08:58.746	ID:2	[INFO: App       ] Sending request 50 to fd00::201:1:1:1
08:58.763	ID:16	[WARN: IPv6      ] BLACKHOLE: forward check hit
08:58.763	ID:16	[WARN: IPv6      ] BLACKHOLE: dropping forwarded packet
08:58.791	ID:9	[INFO: App       ] Sending request 49 to fd00::201:1:1:1
08:58.822	ID:16	[WARN: IPv6      ] BLACKHOLE: forward check hit
08:58.822	ID:16	[WARN: IPv6      ] BLACKHOLE: dropping forwarded packet
08:59.216	ID:12	[INFO: App       ] Sending request 48 to fd00::201:1:1:1
08:59.276	ID:16	[WARN: IPv6      ] BLACKHOLE: forward check hit
08:59.276	ID:16	[WARN: IPv6      ] BLACKHOLE: dropping forwarded packet
RADIO_COUNT	5629
TEST OK
Test ended at simulation time: 540000000
