No.	Time	From	To	Bytes	Interfered
1	00:02.783	1	16	97	0
2	00:03.455	16	1,2,3,4,5	102	2
3	00:03.459	1	16	5	0
4	00:06.855	16	1,2,3,4,5	102	2
5	00:06.859	1	16	5	0
6	00:09.424	16	1,2,3,4,5	102	2
7	00:09.428	1	16	5	0
8	00:10.333	16	1,2,3,4,5	102	2
9	00:10.337	1	16	5	0
10	00:11.956	1	16	97	0
11	00:14.207	16	1,2,3,4,5	85	2
12	00:14.210	1	16	5	0
13	00:14.233	1	16	43	0
14	00:14.235	16	1,2,3,4,5	5	2
15	00:15.599	7	2,3,4,6,8,9,10,12,13,14	27	2
16	00:18.151	16	1,2,3,4,5	97	2
17	00:18.372	5	2,3,4,8,9,10,11,16	102	3
18	00:18.376	16	1,2,3,4,5	5	2
19	00:18.745	13	6,7,8,9,10,12,14,15	27	4
20	00:19.312	2	3,4,5,6,7,8,9,16	102	3
21	00:19.316	16	1,2,3,4,5	5	2
22	00:19.545	12	6,7,8,9,13,14,15	27	3
23	00:19.719	5	2,3,4,8,9,10,11,16	102	3
24	00:19.723	16	1,2,3,4,5	5	2
25	00:20.239	5	2,3,4,8,9,10,11,16	102	3
26	00:20.243	16	1,2,3,4,5	5	2
27	00:20.525	2	3,4,5,6,7,8,9,16	102	3
28	00:20.529	16	1,2,3,4,5	5	2
29	00:20.949	14	7,8,9,10,11,12,13,15	27	4
30	00:21.121	5	2,3,4,8,9,10,11,16	102	3
31	00:21.125	16	1,2,3,4,5	5	2
32	00:21.711	3	2,4,5,6,7,8,9,10,16	102	4
33	00:21.715	16	1,2,3,4,5	5	2
34	00:22.087	4	2,3,5,7,8,9,10,11,16	102	4
35	00:22.091	16	1,2,3,4,5	5	2
36	00:23.127	4	2,3,5,7,8,9,10,11,16	102	4
37	00:23.131	16	1,2,3,4,5	5	2
38	00:23.670	2	3,4,5,6,7,8,9,16	102	3
39	00:23.674	16	1,2,3,4,5	5	2
40	00:23.799	4	2,3,5,7,8,9,10,11,16	102	4
41	00:23.803	16	1,2,3,4,5	5	2
42	00:23.835	2	3,4,5,6,7,8,9,16	102	3
43	00:23.839	16	1,2,3,4,5	5	2
44	00:23.903	1	16	97	0
45	00:24.816	3	2,4,5,6,7,8,9,10,16	102	4
46	00:24.820	16	1,2,3,4,5	5	2
47	00:24.963	4	2,3,5,7,8,9,10,11,16	27	4
48	00:25.431	3	2,4,5,6,7,8,9,10,16	102	4
49	00:25.435	16	1,2,3,4,5	5	2
50	00:25.458	15	8,9,10,11,12,13,14	27	3
51	00:25.746	10	3,4,5,7,8,9,11,13,14,15	27	2
52	00:25.910	5	2,3,4,8,9,10,11,16	93	3
53	00:25.913	16	1,2,3,4,5	5	2
54	00:25.941	16	1,2,3,4,5	94	2
55	00:25.944	1	16	5	0
56	00:25.958	1	16	51	0
57	00:25.960	16	1,2,3,4,5	5	2
58	00:25.972	16	1,2,3,4,5	60	2
59	00:25.974	5	2,3,4,8,9,10,11,16	5	3
60	00:26.962	3	2,4,5,6,7,8,9,10,16	102	4
61	00:26.966	16	1,2,3,4,5	5	2
62	00:27.003	4	2,3,5,7,8,9,10,11,16	102	4
63	00:27.007	16	1,2,3,4,5	5	2
64	00:27.137	2	3,4,5,6,7,8,9,16	93	3
65	00:27.140	16	1,2,3,4,5	5	2
66	00:27.169	16	1,2,3,4,5	94	2
67	00:27.172	1	16	5	0
68	00:27.206	1	16	51	0
69	00:27.208	16	1,2,3,4,5	5	2
70	00:27.239	16	1,2,3,4,5	60	2
71	00:27.241	2	3,4,5,6,7,8,9,16	5	3
72	00:28.149	5	2,3,4,8,9,10,11,16	97	3
73	00:28.661	8	2,3,4,5,6,7,9,10,11,12,13,14,15	102	1
74	00:28.665	5	2,3,4,8,9,10,11,16	5	3
75	00:28.921	16	1,2,3,4,5	97	2
76	00:29.284	4	2,3,5,7,8,9,10,11,16	93	4
77	00:29.287	16	1,2,3,4,5	5	2
78	00:29.303	16	1,2,3,4,5	94	2
79	00:29.306	1	16	5	0
80	00:29.337	1	16	51	0
81	00:29.339	16	1,2,3,4,5	5	2
82	00:29.347	16	1,2,3,4,5	60	2
83	00:29.349	4	2,3,5,7,8,9,10,11,16	5	4
84	00:29.436	11	4,5,8,9,10,14,15	102	2
85	00:29.440	5	2,3,4,8,9,10,11,16	5	3
86	00:29.589	11	4,5,8,9,10,14,15	102	2
87	00:29.593	5	2,3,4,8,9,10,11,16	5	3
88	00:29.774	6	2,3,7,8,9,12,13	27	2
89	00:29.984	9	2,3,4,5,6,7,8,10,11,12,13,14,15	102	1
90	00:29.988	5	2,3,4,8,9,10,11,16	5	3
91	00:30.576	11	4,5,8,9,10,14,15	102	2
92	00:30.580	5	2,3,4,8,9,10,11,16	5	3
93	00:30.613	10	3,4,5,7,8,9,11,13,14,15	102	2
94	00:30.617	5	2,3,4,8,9,10,11,16	5	3
95	00:30.829	3	2,4,5,6,7,8,9,10,16	93	4
96	00:30.832	16	1,2,3,4,5	5	2
97	00:30.861	16	1,2,3,4,5	94	2
98	00:30.864	1	16	5	0
99	00:30.901	1	16	51	0
100	00:30.903	16	1,2,3,4,5	5	2
101	00:30.909	16	1,2,3,4,5	60	2
102	00:30.911	3	2,4,5,6,7,8,9,10,16	5	4
103	00:31.182	2	3,4,5,6,7,8,9,16	97	3
104	00:31.372	10	3,4,5,7,8,9,11,13,14,15	102	2
105	00:31.376	5	2,3,4,8,9,10,11,16	5	3
106	00:31.528	11	4,5,8,9,10,14,15	102	2
107	00:31.532	5	2,3,4,8,9,10,11,16	5	3
108	00:32.120	5	2,3,4,8,9,10,11,16	56	3
109	00:32.122	16	1,2,3,4,5	5	2
110	00:32.157	16	1,2,3,4,5	57	2
111	00:32.159	1	16	5	0
112	00:32.192	1	16	56	0
113	00:32.194	16	1,2,3,4,5	5	2
114	00:32.197	16	1,2,3,4,5	65	2
115	00:32.200	5	2,3,4,8,9,10,11,16	5	3
116	00:32.493	9	2,3,4,5,6,7,8,10,11,12,13,14,15	102	1
117	00:32.497	5	2,3,4,8,9,10,11,16	5	3
118	00:32.623	8	2,3,4,5,6,7,9,10,11,12,13,14,15	102	1
119	00:32.627	5	2,3,4,8,9,10,11,16	5	3
120	00:32.964	6	2,3,7,8,9,12,13	102	2
121	00:32.968	2	3,4,5,6,7,8,9,16	5	3
122	00:33.306	16	1,2,3,4,5	97	2
123	00:33.403	4	2,3,5,7,8,9,10,11,16	97	4
124	00:33.521	3	2,4,5,6,7,8,9,10,16	97	4
125	00:33.538	7	2,3,4,6,8,9,10,12,13,14	102	2
126	00:33.542	2	3,4,5,6,7,8,9,16	5	3
127	00:33.663	7	2,3,4,6,8,9,10,12,13,14	102	2
128	00:33.667	4	2,3,5,7,8,9,10,11,16	5	4
129	00:34.535	13	6,7,8,9,10,12,14,15	27	4
130	00:34.715	10	3,4,5,7,8,9,11,13,14,15	102	2
131	00:34.719	5	2,3,4,8,9,10,11,16	5	3
132	00:34.823	8	2,3,4,5,6,7,9,10,11,12,13,14,15	102	1
133	00:34.827	5	2,3,4,8,9,10,11,16	5	3
134	00:34.906	11	4,5,8,9,10,14,15	93	2
135	00:34.909	5	2,3,4,8,9,10,11,16	5	3
136	00:34.943	5	2,3,4,8,9,10,11,16	102	3
137	00:34.947	16	1,2,3,4,5	5	2
138	00:34.957	16	1,2,3,4,5	94	2
139	00:34.960	1	16	5	0
140	00:35.003	1	16	59	0
141	00:35.005	16	1,2,3,4,5	5	2
142	00:35.039	16	1,2,3,4,5	68	2
143	00:35.042	5	2,3,4,8,9,10,11,16	5	3
144	00:35.045	5	2,3,4,8,9,10,11,16	68	3
145	00:35.048	11	4,5,8,9,10,14,15	5	2
146	00:35.474	7	2,3,4,6,8,9,10,12,13,14	102	2
147	00:35.478	4	2,3,5,7,8,9,10,11,16	5	4
148	00:35.510	2	3,4,5,6,7,8,9,16	56	3
149	00:35.512	16	1,2,3,4,5	5	2
150	00:35.539	16	1,2,3,4,5	57	2
151	00:35.541	1	16	5	0
152	00:35.565	1	16	56	0
153	00:35.567	16	1,2,3,4,5	5	2
154	00:35.583	16	1,2,3,4,5	65	2
155	00:35.586	2	3,4,5,6,7,8,9,16	5	3
156	00:35.652	6	2,3,7,8,9,12,13	102	2
157	00:35.656	2	3,4,5,6,7,8,9,16	5	3
158	00:35.964	9	2,3,4,5,6,7,8,10,11,12,13,14,15	102	1
159	00:35.968	5	2,3,4,8,9,10,11,16	5	3
160	00:36.359	8	2,3,4,5,6,7,9,10,11,12,13,14,15	102	1
161	00:36.363	5	2,3,4,8,9,10,11,16	5	3
162	00:36.552	5	2,3,4,8,9,10,11,16	97	3
163	00:36.584	10	3,4,5,7,8,9,11,13,14,15	102	2
164	00:36.588	5	2,3,4,8,9,10,11,16	5	3
165	00:37.185	4	2,3,5,7,8,9,10,11,16	56	4
166	00:37.187	16	1,2,3,4,5	5	2
167	00:37.197	16	1,2,3,4,5	57	2
168	00:37.199	1	16	5	0
169	00:37.203	1	16	56	0
170	00:37.205	16	1,2,3,4,5	5	2
171	00:37.232	3	2,4,5,6,7,8,9,10,16	56	4
172	00:37.234	16	1,2,3,4,5	5	2
173	00:37.241	16	1,2,3,4,5	65	2
174	00:37.244	4	2,3,5,7,8,9,10,11,16	5	4
175	00:37.277	16	1,2,3,4,5	57	2
176	00:37.279	1	16	5	0
177	00:37.298	1	16	56	0
178	00:37.300	16	1,2,3,4,5	5	2
179	00:37.327	16	1,2,3,4,5	65	2
180	00:37.330	3	2,4,5,6,7,8,9,10,16	5	4
181	00:37.342	7	2,3,4,6,8,9,10,12,13,14	102	2
182	00:37.346	4	2,3,5,7,8,9,10,11,16	5	4
183	00:37.605	9	2,3,4,5,6,7,8,10,11,12,13,14,15	27	1
184	00:37.708	11	4,5,8,9,10,14,15	56	2
185	00:37.710	5	2,3,4,8,9,10,11,16	5	3
186	00:37.736	5	2,3,4,8,9,10,11,16	65	3
187	00:37.739	16	1,2,3,4,5	5	2
188	00:37.751	16	1,2,3,4,5	57	2
189	00:37.753	1	16	5	0
190	00:37.758	1	16	64	0
191	00:37.760	16	1,2,3,4,5	5	2
192	00:37.803	16	1,2,3,4,5	73	2
193	00:37.806	5	2,3,4,8,9,10,11,16	5	3
194	00:37.821	5	2,3,4,8,9,10,11,16	73	3
195	00:37.824	11	4,5,8,9,10,14,15	5	2
196	00:38.535	11	4,5,8,9,10,14,15	97	2
197	00:38.805	14	7,8,9,10,11,12,13,15	102	4
198	00:38.809	11	4,5,8,9,10,14,15	5	2
199	00:39.195	9	2,3,4,5,6,7,8,10,11,12,13,14,15	102	1
200	00:39.199	5	2,3,4,8,9,10,11,16	5	3
201	00:39.293	6	2,3,7,8,9,12,13	102	2
202	00:39.297	2	3,4,5,6,7,8,9,16	5	3
203	00:39.625	7	2,3,4,6,8,9,10,12,13,14	102	2
204	00:39.629	4	2,3,5,7,8,9,10,11,16	5	4
205	00:39.711	12	6,7,8,9,13,14,15	27	3
206	00:39.826	10	3,4,5,7,8,9,11,13,14,15	93	2
207	00:39.829	5	2,3,4,8,9,10,11,16	5	3
208	00:39.849	14	7,8,9,10,11,12,13,15	102	4
209	00:39.853	11	4,5,8,9,10,14,15	5	2
210	00:39.853	5	2,3,4,8,9,10,11,16	102	3
211	00:39.857	16	1,2,3,4,5	5	2
212	00:39.860	5	2,3,4,8,9,10,11,16	102	3
213	00:39.864	16	1,2,3,4,5	5	2
214	00:39.873	5	2,3,4,8,9,10,11,16	97	3
215	00:39.891	3	2,4,5,6,7,8,9,10,16	97	4
216	00:40.044	2	3,4,5,6,7,8,9,16	97	3
217	00:40.077	16	1,2,3,4,5	94	2
218	00:40.080	1	16	5	0
219	00:40.110	1	16	59	0
220	00:40.112	16	1,2,3,4,5	5	2
221	00:40.139	16	1,2,3,4,5	68	2
222	00:40.142	5	2,3,4,8,9,10,11,16	5	3
223	00:40.183	5	2,3,4,8,9,10,11,16	68	3
224	00:40.186	10	3,4,5,7,8,9,11,13,14,15	5	2
225	00:40.323	15	8,9,10,11,12,13,14	102	3
226	00:40.327	11	4,5,8,9,10,14,15	5	2
227	00:40.419	15	8,9,10,11,12,13,14	102	3
228	00:40.423	11	4,5,8,9,10,14,15	5	2
229	00:40.560	15	8,9,10,11,12,13,14	102	3
230	00:40.564	11	4,5,8,9,10,14,15	5	2
231	00:41.326	4	2,3,5,7,8,9,10,11,16	97	4
232	00:41.421	15	10,11,14	102	7
233	00:41.422	6	2,3	102	7
234	00:41.425	11	4,5,8,9,10,14,15	5	2
235	00:41.426	2	3,4,5,6,7,8,9,16	5	3
236	00:41.819	8	2,3,4,5,6,7,9,10,11,12,13,14,15	93	1
237	00:41.822	5	2,3,4,8,9,10,11,16	5	3
238	00:41.855	5	2,3,4,8,9,10,11,16	102	3
239	00:41.859	16	1,2,3,4,5	5	2
240	00:41.872	16	1,2,3,4,5	94	2
241	00:41.875	1	16	5	0
242	00:41.902	1	16	59	0
243	00:41.904	16	1,2,3,4,5	5	2
244	00:41.931	14	7,8,9,10,11,12,13,15	102	4
245	00:41.935	11	4,5,8,9,10,14,15	5	2
246	00:41.943	16	1,2,3,4,5	68	2
247	00:41.946	5	2,3,4,8,9,10,11,16	5	3
248	00:41.961	5	2,3,4,8,9,10,11,16	68	3
249	00:41.964	8	2,3,4,5,6,7,9,10,11,12,13,14,15	5	1
250	00:41.992	10	3,4,5,7,8,9,11,13,14,15	56	2
251	00:41.994	5	2,3,4,8,9,10,11,16	5	3
252	00:42.002	5	2,3,4,8,9,10,11,16	65	3
253	00:42.005	16	1,2,3,4,5	5	2
254	00:42.039	16	1,2,3,4,5	57	2
255	00:42.041	1	16	5	0
256	00:42.068	1	16	64	0
257	00:42.070	16	1,2,3,4,5	5	2
258	00:42.081	16	1,2,3,4,5	73	2
259	00:42.084	5	2,3,4,8,9,10,11,16	5	3
260	00:42.117	5	2,3,4,8,9,10,11,16	73	3
261	00:42.120	10	3,4,5,7,8,9,11,13,14,15	5	2
262	00:42.304	7	2,3,4,6,8,9,10,12,13,14	93	2
263	00:42.307	4	2,3,5,7,8,9,10,11,16	5	4
264	00:42.324	4	2,3,5,7,8,9,10,11,16	102	4
265	00:42.328	16	1,2,3,4,5	5	2
266	00:42.366	16	1,2,3,4,5	94	2
267	00:42.369	1	16	5	0
268	00:42.379	5	2,3,4,8,9,10,11,16	56	3
269	00:42.381	16	1,2,3,4,5	5	2
270	00:42.401	1	16	59	0
271	00:42.403	16	1,2,3,4,5	5	2
272	00:42.426	16	1,2,3,4,5	68	2
273	00:42.429	4	2,3,5,7,8,9,10,11,16	5	4
274	00:42.437	4	2,3,5,7,8,9,10,11,16	68	4
275	00:42.440	7	2,3,4,6,8,9,10,12,13,14	5	2
276	00:42.465	16	1,2,3,4,5	57	2
277	00:42.467	1	16	5	0
278	00:42.499	1	16	56	0
279	00:42.501	16	1,2,3,4,5	5	2
280	00:42.504	16	1,2,3,4,5	65	2
281	00:42.507	5	2,3,4,8,9,10,11,16	5	3
282	00:43.236	14	7,8,9,10,11,12,13,15	102	4
283	00:43.240	11	4,5,8,9,10,14,15	5	2
284	00:43.611	9	2,3,4,5,6,7,8,10,11,12,13,14,15	93	1
285	00:43.614	5	2,3,4,8,9,10,11,16	5	3
286	00:43.648	5	2,3,4,8,9,10,11,16	102	3
287	00:43.652	16	1,2,3,4,5	5	2
288	00:43.685	16	1,2,3,4,5	94	2
289	00:43.688	1	16	5	0
290	00:43.710	1	16	59	0
291	00:43.712	16	1,2,3,4,5	5	2
292	00:43.719	10	3,4,5,7,8,9,11,13,14,15	97	2
293	00:43.738	16	1,2,3,4,5	68	2
294	00:43.741	5	2,3,4,8,9,10,11,16	5	3
295	00:43.745	5	2,3,4,8,9,10,11,16	68	3
296	00:43.748	9	2,3,4,5,6,7,8,10,11,12,13,14,15	5	1
297	00:44.237	8	2,3,4,5,6,7,9,10,11,12,13,14,15	97	1
298	00:44.895	11	4,5,8,9,10,14,15	97	2
299	00:45.365	7	2,3,4,6,8,9,10,12,13,14	97	2
300	00:45.628	8	2,3,4,5,6,7,9,10,11,12,13,14,15	56	1
301	00:45.630	5	2,3,4,8,9,10,11,16	5	3
302	00:45.635	5	2,3,4,8,9,10,11,16	65	3
303	00:45.638	16	1,2,3,4,5	5	2
304	00:45.644	16	1,2,3,4,5	57	2
305	00:45.646	1	16	5	0
306	00:45.662	1	16	64	0
307	00:45.664	16	1,2,3,4,5	5	2
308	00:45.679	16	1,2,3,4,5	73	2
309	00:45.682	5	2,3,4,8,9,10,11,16	5	3
310	00:45.725	5	2,3,4,8,9,10,11,16	73	3
311	00:45.728	8	2,3,4,5,6,7,9,10,11,12,13,14,15	5	1
312	00:46.030	2	3,4,5,6,7,8,9,16	56	3
313	00:46.032	16	1,2,3,4,5	5	2
314	00:46.057	16	1,2,3,4,5	57	2
315	00:46.059	1	16	5	0
316	00:46.099	1	16	56	0
317	00:46.101	16	1,2,3,4,5	5	2
318	00:46.124	16	1,2,3,4,5	65	2
319	00:46.127	2	3,4,5,6,7,8,9,16	5	3
320	00:46.188	6	2,3,7,8,9,12,13	93	2
321	00:46.191	2	3,4,5,6,7,8,9,16	5	3
322	00:46.196	2	3,4,5,6,7,8,9,16	102	3
323	00:46.200	16	1,2,3,4,5	5	2
324	00:46.234	16	1,2,3,4,5	94	2
325	00:46.237	1	16	5	0
326	00:46.265	1	16	59	0
327	00:46.267	16	1,2,3,4,5	5	2
328	00:46.277	16	1,2,3,4,5	68	2
329	00:46.280	2	3,4,5,6,7,8,9,16	5	3
330	00:46.304	2	3,4,5,6,7,8,9,16	68	3
331	00:46.307	6	2,3,7,8,9,12,13	5	2
332	00:46.498	1	16	97	0
333	00:46.638	12	6,7,8,9,13,14,15	102	3
334	00:46.642	8	2,3,4,5,6,7,9,10,11,12,13,14,15	5	1
335	00:46.650	15	8,9,10,11,12,13,14	93	3
336	00:46.653	11	4,5,8,9,10,14,15	5	2
337	00:46.669	11	4,5,8,9,10,14,15	102	2
338	00:46.673	5	2,3,4,8,9,10,11,16	5	3
339	00:46.701	5	2,3,4,8,9,10,11,16	102	3
340	00:46.705	16	1,2,3,4,5	5	2
341	00:46.728	16	1,2,3,4,5	94	2
342	00:46.731	1	16	5	0
343	00:46.746	3	2,4,5,6,7,8,9,10,16	56	4
344	00:46.748	16	1,2,3,4,5	5	2
345	00:46.764	16	1,2,3,4,5	57	2
346	00:46.766	1	16	5	0
347	00:46.807	1	16	67	0
348	00:46.810	16	1	5	6
349	00:46.810	9	6,7,8,10,11,12,13,14,15	97	5
350	00:46.817	1	16	56	0
351	00:46.819	16	1,2,3,4,5	5	2
352	00:46.834	16	1,2,3,4,5	65	2
353	00:46.837	3	2,4,5,6,7,8,9,10,16	5	4
354	00:46.840	16	1,2,3,4,5	76	2
355	00:46.843	5	2,3,4,8,9,10,11,16	5	3
356	00:46.877	5	2,3,4,8,9,10,11,16	76	3
357	00:46.880	11	4,5,8,9,10,14,15	5	2
358	00:46.911	11	4,5,8,9,10,14,15	76	2
359	00:46.914	15	8,9,10,11,12,13,14	5	3
360	00:47.201	4	2,3,5,7,8,9,10,11,16	56	4
361	00:47.203	16	1,2,3,4,5	5	2
362	00:47.224	16	1,2,3,4,5	57	2
363	00:47.226	1	16	5	0
364	00:47.252	1	16	56	0
365	00:47.254	16	1,2,3,4,5	5	2
366	00:47.263	16	1,2,3,4,5	65	2
367	00:47.266	4	2,3,5,7,8,9,10,11,16	5	4
368	00:47.501	11	4,5,8,9,10,14,15	56	2
369	00:47.503	5	2,3,4,8,9,10,11,16	5	3
370	00:47.536	5	2,3,4,8,9,10,11,16	65	3
371	00:47.539	16	1,2,3,4,5	5	2
372	00:47.569	16	1,2,3,4,5	57	2
373	00:47.571	1	16	5	0
374	00:47.611	1	16	64	0
375	00:47.613	16	1,2,3,4,5	5	2
376	00:47.656	16	1,2,3,4,5	73	2
377	00:47.659	5	2,3,4,8,9,10,11,16	5	3
378	00:47.681	3	2,4,5,6,7,8,9,10,16	97	4
379	00:47.688	5	2,3,4,8,9,10,11,16	73	3
380	00:47.691	11	4,5,8,9,10,14,15	5	2
381	00:47.734	13	6,7,8,9,10,12,14,15	102	4
382	00:47.738	10	3,4,5,7,8,9,11,13,14,15	5	2
383	00:48.168	2	3,4,5,6,7,8,9,16	97	3
384	00:48.243	4	2,3,5,7,8,9,10,11,16	97	4
385	00:48.320	14	7,8,9,10,11,12,13,15	93	4
386	00:48.323	11	4,5,8,9,10,14,15	5	2
387	00:48.343	11	4,5,8,9,10,14,15	102	2
388	00:48.347	5	2,3,4,8,9,10,11,16	5	3
389	00:48.364	5	2,3,4,8,9,10,11,16	102	3
390	00:48.368	16	1,2,3,4,5	5	2
391	00:48.372	16	1,2,3,4,5	94	2
392	00:48.375	1	16	5	0
393	00:48.392	1	16	67	0
394	00:48.395	16	1,2,3,4,5	5	2
395	00:48.398	16	1,2,3,4,5	76	2
396	00:48.401	5	2,3,4,8,9,10,11,16	5	3
397	00:48.428	5	2,3,4,8,9,10,11,16	76	3
398	00:48.431	11	4,5,8,9,10,14,15	5	2
399	00:48.437	11	4,5,8,9,10,14,15	76	2
400	00:48.440	14	7,8,9,10,11,12,13,15	5	4
401	00:48.800	12	6,7,8,9,13,14,15	102	3
402	00:48.804	8	2,3,4,5,6,7,9,10,11,12,13,14,15	5	1
403	00:48.980	5	2,3,4,8,9,10,11,16	97	3
404	00:49.467	15	8,9,10,11,12,13,14	97	3
405	00:49.683	6	2,3,7,8,9,12,13	97	2
406	00:50.032	13	6,7,8,9,10,12,14,15	102	4
407	00:50.036	10	3,4,5,7,8,9,11,13,14,15	5	2
408	00:50.039	12	6,7,8,9,13,14,15	102	3
409	00:50.043	8	2,3,4,5,6,7,9,10,11,12,13,14,15	5	1
410	00:50.625	7	2,3,4,6,8,9,10,12,13,14	56	2
411	00:50.627	4	2,3,5,7,8,9,10,11,16	5	4
412	00:50.634	4	2,3,5,7,8,9,10,11,16	65	4
413	00:50.637	16	1,2,3,4,5	5	2
414	00:50.648	16	1,2,3,4,5	57	2
415	00:50.650	1	16	5	0
416	00:50.659	1	16	64	0
417	00:50.661	16	1,2,3,4,5	5	2
418	00:50.666	16	1,2,3,4,5	73	2
419	00:50.669	4	2,3,5,7,8,9,10,11,16	5	4
420	00:50.711	4	2,3,5,7,8,9,10,11,16	73	4
421	00:50.714	7	2,3,4,6,8,9,10,12,13,14	5	2
422	00:50.936	9	2,3,4,5,6,7,8,10,11,12,13,14,15	56	1
423	00:50.938	5	2,3,4,8,9,10,11,16	5	3
424	00:50.960	5	2,3,4,8,9,10,11,16	65	3
425	00:50.963	16	1,2,3,4,5	5	2
426	00:50.974	16	1,2,3,4,5	57	2
427	00:50.976	1	16	5	0
428	00:50.984	1	16	64	0
429	00:50.986	16	1,2,3,4,5	5	2
430	00:51.012	16	1,2,3,4,5	73	2
431	00:51.015	5	2,3,4,8,9,10,11,16	5	3
432	00:51.052	5	2,3,4,8,9,10,11,16	73	3
433	00:51.055	9	2,3,4,5,6,7,8,10,11,12,13,14,15	5	1
434	00:51.196	12	6,7,8,9,13,14,15	102	3
435	00:51.200	8	2,3,4,5,6,7,9,10,11,12,13,14,15	5	1
436	00:51.763	10	3,4,5,7,8,9,11,13,14,15	97	2
437	00:51.865	13	6,7,8,9,10,12,14,15	102	4
438	00:51.869	10	3,4,5,7,8,9,11,13,14,15	5	2
439	00:52.333	5	2,3,4,8,9,10,11,16	56	3
440	00:52.335	16	1,2,3,4,5	5	2
441	00:52.375	16	1,2,3,4,5	57	2
442	00:52.377	1	16	5	0
443	00:52.410	1	16	56	0
444	00:52.412	16	1,2,3,4,5	5	2
445	00:52.421	16	1,2,3,4,5	65	2
446	00:52.424	5	2,3,4,8,9,10,11,16	5	3
447	00:52.434	14	7,8,9,10,11,12,13,15	97	4
448	00:52.462	7	2,3,4,6,8,9,10,12,13,14	97	2
449	00:52.557	8	2,3,4,5,6,7,9,10,11,12,13,14,15	97	1
450	00:52.780	13	6,7,8,9,10,12,14,15	102	4
451	00:52.784	10	3,4,5,7,8,9,11,13,14,15	5	2
452	00:52.901	10	3,4,5,7,8,9,11,13,14,15	56	2
453	00:52.903	5	2,3,4,8,9,10,11,16	5	3
454	00:52.912	5	2,3,4,8,9,10,11,16	65	3
455	00:52.915	16	1,2,3,4,5	5	2
456	00:52.947	16	1,2,3,4,5	57	2
457	00:52.949	1	16	5	0
458	00:52.963	1	16	64	0
459	00:52.965	16	1,2,3,4,5	5	2
460	00:52.989	16	1,2,3,4,5	73	2
461	00:52.992	5	2,3,4,8,9,10,11,16	5	3
462	00:53.034	5	2,3,4,8,9,10,11,16	73	3
463	00:53.037	10	3,4,5,7,8,9,11,13,14,15	5	2
464	00:53.380	14	7,8,9,10,11,12,13,15	56	4
465	00:53.382	11	4,5,8,9,10,14,15	5	2
466	00:53.394	11	4,5,8,9,10,14,15	65	2
467	00:53.397	5	2,3,4,8,9,10,11,16	5	3
468	00:53.408	5	2,3,4,8,9,10,11,16	65	3
469	00:53.411	16	1,2,3,4,5	5	2
470	00:53.422	16	1,2,3,4,5	97	2
471	00:53.446	16	1,2,3,4,5	57	2
472	00:53.448	1	16	5	0
473	00:53.475	1	16	72	0
474	00:53.478	16	1,2,3,4,5	5	2
475	00:53.520	16	1,2,3,4,5	81	2
476	00:53.523	5	2,3,4,8,9,10,11,16	5	3
477	00:53.532	5	2,3,4,8,9,10,11,16	81	3
478	00:53.535	11	4,5,8,9,10,14,15	5	2
479	00:53.546	11	4,5,8,9,10,14,15	81	2
480	00:53.549	14	7,8,9,10,11,12,13,15	5	4
481	00:53.719	15	8,9,10,11,12,13,14	56	3
482	00:53.721	11	4,5,8,9,10,14,15	5	2
483	00:53.747	11	4,5,8,9,10,14,15	65	2
484	00:53.750	5	2,3,4,8,9,10,11,16	5	3
485	00:53.774	5	2,3,4,8,9,10,11,16	65	3
486	00:53.777	16	1,2,3,4,5	5	2
487	00:53.780	16	1,2,3,4,5	57	2
488	00:53.782	1	16	5	0
489	00:53.825	1	16	72	0
490	00:53.828	16	1,2,3,4,5	5	2
491	00:53.841	16	1,2,3,4,5	81	2
492	00:53.844	5	2,3,4,8,9,10,11,16	5	3
493	00:53.852	5	2,3,4,8,9,10,11,16	81	3
494	00:53.855	11	4,5,8,9,10,14,15	5	2
495	00:53.898	11	4,5,8,9,10,14,15	81	2
496	00:53.901	15	8,9,10,11,12,13,14	5	3
497	00:54.614	9	2,3,4,5,6,7,8,10,11,12,13,14,15	97	1
498	00:54.674	6	2,3,7,8,9,12,13	56	2
499	00:54.676	2	3,4,5,6,7,8,9,16	5	3
500	00:54.718	2	3,4,5,6,7,8,9,16	65	3
501	00:54.721	16	1,2,3,4,5	5	2
502	00:54.746	16	1,2,3,4,5	57	2
503	00:54.748	1	16	5	0
504	00:54.752	1	16	64	0
505	00:54.754	16	1,2,3,4,5	5	2
506	00:54.774	16	1,2,3,4,5	73	2
507	00:54.777	2	3,4,5,6,7,8,9,16	5	3
508	00:54.816	2	3,4,5,6,7,8,9,16	73	3
509	00:54.819	6	2,3,7,8,9,12,13	5	2
510	00:55.196	12	6,7,8,9,13,14,15	93	3
511	00:55.199	8	2,3,4,5,6,7,9,10,11,12,13,14,15	5	1
512	00:55.219	8	2,3,4,5,6,7,9,10,11,12,13,14,15	102	1
513	00:55.223	5	2,3,4,8,9,10,11,16	5	3
514	00:55.228	5	2,3,4,8,9,10,11,16	102	3
515	00:55.232	16	1,2,3,4,5	5	2
516	00:55.269	16	1,2,3,4,5	94	2
517	00:55.272	1	16	5	0
518	00:55.313	1	16	67	0
519	00:55.316	16	1,2,3,4,5	5	2
520	00:55.332	16	1,2,3,4,5	76	2
521	00:55.335	5	2,3,4,8,9,10,11,16	5	3
522	00:55.365	5	2,3,4,8,9,10,11,16	76	3
523	00:55.368	8	2,3,4,5,6,7,9,10,11,12,13,14,15	5	1
524	00:55.400	8	2,3,4,5,6,7,9,10,11,12,13,14,15	76	1
525	00:55.403	12	6,7,8,9,13,14,15	5	3
526	00:55.635	8	2,3,4,5,6,7,9,10,11,12,13,14,15	56	1
527	00:55.637	5	2,3,4,8,9,10,11,16	5	3
528	00:55.642	5	2,3,4,8,9,10,11,16	65	3
529	00:55.645	16	1,2,3,4,5	5	2
530	00:55.683	16	1,2,3,4,5	57	2
531	00:55.685	1	16	5	0
532	00:55.697	1	16	64	0
533	00:55.699	16	1,2,3,4,5	5	2
534	00:55.725	16	1,2,3,4,5	73	2
535	00:55.728	5	2,3,4,8,9,10,11,16	5	3
536	00:55.746	5	2,3,4,8,9,10,11,16	73	3
537	00:55.749	8	2,3,4,5,6,7,9,10,11,12,13,14,15	5	1
538	00:56.028	2	3,4,5,6,7,8,9,16	56	3
539	00:56.030	16	1,2,3,4,5	5	2
540	00:56.056	16	1,2,3,4,5	57	2
541	00:56.058	1	16	5	0
542	00:56.072	1	16	56	0
543	00:56.074	16	1,2,3,4,5	5	2
544	00:56.102	16	1,2,3,4,5	65	2
545	00:56.105	2	3,4,5,6,7,8,9,16	5	3
546	00:56.148	6	2,3,7,8,9,12,13	97	2
547	00:56.406	3	2,4,5,6,7,8,9,10,16	56	4
548	00:56.408	16	1,2,3,4,5	5	2
549	00:56.425	16	1,2,3,4,5	57	2
550	00:56.427	1	16	5	0
551	00:56.444	1	16	56	0
552	00:56.446	16	1,2,3,4,5	5	2
553	00:56.483	16	1,2,3,4,5	65	2
554	00:56.486	3	2,4,5,6,7,8,9,10,16	5	4
555	00:56.580	11	4,5,8,9,10,14,15	56	2
556	00:56.582	5	2,3,4,8,9,10,11,16	5	3
557	00:56.615	5	2,3,4,8,9,10,11,16	65	3
558	00:56.618	16	1,2,3,4,5	5	2
559	00:56.632	16	1,2,3,4,5	57	2
560	00:56.634	1	16	5	0
561	00:56.657	1	16	64	0
562	00:56.659	16	1,2,3,4,5	5	2
563	00:56.701	16	1,2,3,4,5	73	2
564	00:56.704	5	2,3,4,8,9,10,11,16	5	3
565	00:56.711	5	2,3,4,8,9,10,11,16	73	3
566	00:56.714	11	4,5,8,9,10,14,15	5	2
567	00:57.569	15	8,9,10,11,12,13,14	97	3
568	00:57.987	4	2,3,5,7,8,9,10,11,16	56	4
569	00:57.989	16	1,2,3,4,5	5	2
570	00:57.997	16	1,2,3,4,5	57	2
571	00:57.999	1	16	5	0
572	00:58.004	1	16	56	0
573	00:58.006	16	1,2,3,4,5	5	2
574	00:58.012	14	7,8,9,10,11,12,13,15	97	4
575	00:58.015	16	1,2	65	5
576	00:58.023	16	1,2,3,4,5	65	2
577	00:58.026	4	2,3,5,7,8,9,10,11,16	5	4
578	00:58.043	13	6,7,8,9,10,12,14,15	93	4
579	00:58.046	10	3,4,5,7,8,9,11,13,14,15	5	2
580	00:58.070	10	3,4,5,7,8,9,11,13,14,15	102	2
581	00:58.074	5	2,3,4,8,9,10,11,16	5	3
582	00:58.090	5	2,3,4,8,9,10,11,16	102	3
583	00:58.094	16	1,2,3,4,5	5	2
584	00:58.098	16	1,2,3,4,5	94	2
585	00:58.101	1	16	5	0
586	00:58.142	1	16	67	0
587	00:58.145	16	1,2,3,4,5	5	2
588	00:58.150	16	1,2,3,4,5	76	2
589	00:58.153	5	2,3,4,8,9,10,11,16	5	3
590	00:58.158	5	2,3,4,8,9,10,11,16	76	3
591	00:58.161	10	3,4,5,7,8,9,11,13,14,15	5	2
592	00:58.166	10	3,4,5,7,8,9,11,13,14,15	76	2
593	00:58.169	13	6,7,8,9,10,12,14,15	5	4
594	00:58.352	12	6,7,8,9,13,14,15	56	3
595	00:58.354	8	2,3,4,5,6,7,9,10,11,12,13,14,15	5	1
596	00:58.394	8	2,3,4,5,6,7,9,10,11,12,13,14,15	65	1
597	00:58.397	5	2,3,4,8,9,10,11,16	5	3
598	00:58.428	5	2,3,4,8,9,10,11,16	65	3
599	00:58.431	16	1,2,3,4,5	5	2
600	00:58.436	16	1,2,3,4,5	57	2
601	00:58.438	1	16	5	0
602	00:58.481	1	16	72	0
603	00:58.484	16	1,2,3,4,5	5	2
604	00:58.487	16	1,2,3,4,5	81	2
605	00:58.490	5	2,3,4,8,9,10,11,16	5	3
606	00:58.524	5	2,3,4,8,9,10,11,16	81	3
607	00:58.527	8	2,3,4,5,6,7,9,10,11,12,13,14,15	5	1
608	00:58.534	8	2,3,4,5,6,7,9,10,11,12,13,14,15	81	1
609	00:58.537	12	6,7,8,9,13,14,15	5	3
610	00:59.289	12	6,7,8,9,13,14,15	97	3
611	00:59.478	3	2,4,5,6,7,8,9,10,16	97	4
612	01:00.170	9	2,3,4,5,6,7,8,10,11,12,13,14,15	56	1
613	01:00.172	5	2,3,4,8,9,10,11,16	5	3
614	01:00.211	5	2,3,4,8,9,10,11,16	65	3
615	01:00.214	16	1,2,3,4,5	5	2
616	01:00.220	16	1,2,3,4,5	57	2
617	01:00.222	1	16	5	0
618	01:00.226	1	16	64	0
619	01:00.228	16	1,2,3,4,5	5	2
620	01:00.243	16	1,2,3,4,5	73	2
621	01:00.246	5	2,3,4,8,9,10,11,16	5	3
622	01:00.267	5	2,3,4,8,9,10,11,16	73	3
623	01:00.270	9	2,3,4,5,6,7,8,10,11,12,13,14,15	5	1
624	01:00.538	13	6,7,8,9,10,12,14,15	56	4
625	01:00.540	10	3,4,5,7,8,9,11,13,14,15	5	2
626	01:00.576	10	3,4,5,7,8,9,11,13,14,15	65	2
627	01:00.579	5	2,3,4,8,9,10,11,16	5	3
628	01:00.590	5	2,3,4,8,9,10,11,16	65	3
629	01:00.593	16	1,2,3,4,5	5	2
630	01:00.622	16	1,2,3,4,5	57	2
631	01:00.624	1	16	5	0
632	01:00.656	1	16	72	0
633	01:00.659	16	1,2,3,4,5	5	2
634	01:00.659	5	2,3,4,8,9,10,11,16	97	3
635	01:00.688	16	1,2,3,4,5	81	2
636	01:00.691	5	2,3,4,8,9,10,11,16	5	3
637	01:00.719	5	2,3,4,8,9,10,11,16	81	3
638	01:00.722	10	3,4,5,7,8,9,11,13,14,15	5	2
639	01:00.725	10	3,4,5,7,8,9,11,13,14,15	81	2
640	01:00.729	13	6,7,8,9,10,12,14,15	5	4
641	01:00.830	10	3,4,5,7,8,9,11,13,14,15	97	2
642	01:00.908	7	2,3,4,6,8,9,10,12,13,14	56	2
643	01:00.910	4	2,3,5,7,8,9,10,11,16	5	4
644	01:00.931	4	2,3,5,7,8,9,10,11,16	65	4
645	01:00.934	16	1,2,3,4,5	5	2
646	01:00.946	16	1,2,3,4,5	57	2
647	01:00.948	1	16	5	0
648	01:00.985	1	16	64	0
649	01:00.987	16	1,2,3,4,5	5	2
650	01:01.027	16	1,2,3,4,5	73	2
651	01:01.030	4	2,3,5,7,8,9,10,11,16	5	4
652	01:01.073	4	2,3,5,7,8,9,10,11,16	73	4
653	01:01.076	7	2,3,4,6,8,9,10,12,13,14	5	2
654	01:01.536	13	6,7,8,9,10,12,14,15	97	4
655	01:02.111	5	2,3,4,8,9,10,11,16	56	3
656	01:02.113	16	1,2,3,4,5	5	2
657	01:02.118	16	1,2,3,4,5	57	2
658	01:02.120	1	16	5	0
659	01:02.154	1	16	56	0
660	01:02.156	16	1,2,3,4,5	5	2
661	01:02.180	16	1,2,3,4,5	65	2
662	01:02.183	5	2,3,4,8,9,10,11,16	5	3
663	01:02.816	10	3,4,5,7,8,9,11,13,14,15	56	2
664	01:02.818	5	2,3,4,8,9,10,11,16	5	3
665	01:02.821	5	2,3,4,8,9,10,11,16	65	3
666	01:02.824	16	1,2,3,4,5	5	2
667	01:02.835	16	1,2,3,4,5	57	2
668	01:02.837	1	16	5	0
669	01:02.853	1	16	64	0
670	01:02.855	16	1,2,3,4,5	5	2
671	01:02.859	16	1,2,3,4,5	73	2
672	01:02.862	5	2,3,4,8,9,10,11,16	5	3
673	01:02.890	5	2,3,4,8,9,10,11,16	73	3
674	01:02.893	10	3,4,5,7,8,9,11,13,14,15	5	2
675	01:03.101	11	4,5,8,9,10,14,15	97	2
676	01:03.771	14	7,8,9,10,11,12,13,15	56	4
677	01:03.773	11	4,5,8,9,10,14,15	5	2
678	01:03.813	11	4,5,8,9,10,14,15	65	2
679	01:03.816	5	2,3,4,8,9,10,11,16	5	3
680	01:03.849	5	2,3,4,8,9,10,11,16	65	3
681	01:03.852	16	1,2,3,4,5	5	2
682	01:03.886	16	1,2,3,4,5	57	2
683	01:03.888	1	16	5	0
684	01:03.920	1	16	72	0
685	01:03.923	16	1,2,3,4,5	5	2
686	01:03.959	16	1,2,3,4,5	81	2
687	01:03.962	5	2,3,4,8,9,10,11,16	5	3
688	01:03.979	5	2,3,4,8,9,10,11,16	81	3
689	01:03.982	11	4,5,8,9,10,14,15	5	2
690	01:03.991	11	4,5,8,9,10,14,15	81	2
691	01:03.994	14	7,8,9,10,11,12,13,15	5	4
692	01:04.164	15	8,9,10,11,12,13,14	56	3
693	01:04.166	11	4,5,8,9,10,14,15	5	2
694	01:04.178	11	4,5,8,9,10,14,15	65	2
695	01:04.181	5	2,3,4,8,9,10,11,16	5	3
696	01:04.187	5	2,3,4,8,9,10,11,16	65	3
697	01:04.190	16	1,2,3,4,5	5	2
698	01:04.221	16	1,2,3,4,5	57	2
699	01:04.223	1	16	5	0
700	01:04.239	1	16	72	0
701	01:04.242	16	1,2,3,4,5	5	2
702	01:04.285	16	1,2,3,4,5	81	2
703	01:04.288	5	2,3,4,8,9,10,11,16	5	3
704	01:04.294	5	2,3,4,8,9,10,11,16	81	3
705	01:04.297	11	4,5,8,9,10,14,15	5	2
706	01:04.339	11	4,5,8,9,10,14,15	81	2
707	01:04.342	15	8,9,10,11,12,13,14	5	3
708	01:04.545	6	2,3,7,8,9,12,13	56	2
709	01:04.547	2	3,4,5,6,7,8,9,16	5	3
710	01:04.551	2	3,4,5,6,7,8,9,16	65	3
711	01:04.554	16	1,2,3,4,5	5	2
712	01:04.586	16	1,2,3,4,5	57	2
713	01:04.588	1	16	5	0
714	01:04.604	1	16	64	0
715	01:04.606	16	1,2,3,4,5	5	2
716	01:04.611	16	1,2,3,4,5	73	2
717	01:04.614	2	3,4,5,6,7,8,9,16	5	3
718	01:04.618	2	3,4,5,6,7,8,9,16	73	3
719	01:04.621	6	2,3,7,8,9,12,13	5	2
720	01:04.820	4	2,3,5,7,8,9,10,11,16	97	4
721	01:05.083	8	2,3,4,5,6,7,9,10,11,12,13,14,15	56	1
722	01:05.085	5	2,3,4,8,9,10,11,16	5	3
723	01:05.102	5	2,3,4,8,9,10,11,16	65	3
724	01:05.105	16	1,2,3,4,5	5	2
725	01:05.136	16	1,2,3,4,5	57	2
726	01:05.138	1	16	5	0
727	01:05.165	7	2,3,4,6,8,9,10,12,13,14	97	2
728	01:05.181	1	16	64	0
729	01:05.183	16	1,2,3,4,5	5	2
730	01:05.184	9	2,3,4,5,6,7,8,10,11,12,13,14,15	97	1
731	01:05.216	16	1,2,3,4,5	73	2
732	01:05.219	5	2,3,4,8,9,10,11,16	5	3
733	01:05.262	5	2,3,4,8,9,10,11,16	73	3
734	01:05.265	8	2,3,4,5,6,7,9,10,11,12,13,14,15	5	1
735	01:06.176	2	3,4,5,6,7,8,9,16	97	3
736	01:06.283	3	2,4,5,6,7,8,9,10,16	56	4
737	01:06.285	16	1,2,3,4,5	5	2
738	01:06.326	16	1,2,3,4,5	57	2
739	01:06.328	1	16	5	0
740	01:06.369	1	16	56	0
741	01:06.371	16	1,2,3,4,5	5	2
742	01:06.392	16	1,2,3,4,5	65	2
743	01:06.395	3	2,4,5,6,7,8,9,10,16	5	4
744	01:06.471	8	2,3,4,5,6,7,9,10,11,12,13,14,15	97	1
745	01:06.723	11	4,5,8,9,10,14,15	56	2
746	01:06.725	5	2,3,4,8,9,10,11,16	5	3
747	01:06.747	5	2,3,4,8,9,10,11,16	65	3
748	01:06.750	16	1,2,3,4,5	5	2
749	01:06.768	16	1,2,3,4,5	57	2
750	01:06.770	1	16	5	0
751	01:06.783	2	3,4,5,6,7,8,9,16	56	3
752	01:06.785	1	16	64	0
753	01:06.787	16	1,2,3,4,5	5	2
754	01:06.808	2	3,4,5,6,7,8,9,16	56	3
755	01:06.810	16	1,2,3,4,5	5	2
756	01:06.818	16	1,2,3,4,5	57	2
757	01:06.820	1	16	5	0
758	01:06.853	1	16	56	0
759	01:06.855	16	1,2,3,4,5	5	2
760	01:06.864	16	1,2,3,4,5	65	2
761	01:06.867	2	3,4,5,6,7,8,9,16	5	3
762	01:06.874	16	1,2,3,4,5	73	2
763	01:06.877	5	2,3,4,8,9,10,11,16	5	3
764	01:06.906	5	2,3,4,8,9,10,11,16	73	3
765	01:06.909	11	4,5,8,9,10,14,15	5	2
766	01:06.991	12	6,7,8,9,13,14,15	97	3
767	01:08.130	6	2,3,7,8,9,12,13	97	2
768	01:08.202	4	2,3,5,7,8,9,10,11,16	56	4
769	01:08.204	16	1,2,3,4,5	5	2
770	01:08.243	16	1,2,3,4,5	57	2
771	01:08.245	1	16	5	0
772	01:08.268	1	16	56	0
773	01:08.270	16	1,2,3,4,5	5	2
774	01:08.275	16	1,2,3,4,5	65	2
775	01:08.278	4	2,3,5,7,8,9,10,11,16	5	4
776	01:08.291	12	6,7,8,9,13,14,15	56	3
777	01:08.293	8	2,3,4,5,6,7,9,10,11,12,13,14,15	5	1
778	01:08.316	8	2,3,4,5,6,7,9,10,11,12,13,14,15	65	1
779	01:08.319	5	2,3,4,8,9,10,11,16	5	3
780	01:08.358	5	2,3,4,8,9,10,11,16	65	3
781	01:08.361	16	1,2,3,4,5	5	2
782	01:08.386	16	1,2,3,4,5	57	2
783	01:08.388	1	16	5	0
784	01:08.421	1	16	72	0
785	01:08.424	16	1,2,3,4,5	5	2
786	01:08.464	16	1,2,3,4,5	81	2
787	01:08.467	5	2,3,4,8,9,10,11,16	5	3
788	01:08.490	5	2,3,4,8,9,10,11,16	81	3
789	01:08.493	8	2,3,4,5,6,7,9,10,11,12,13,14,15	5	1
790	01:08.519	8	2,3,4,5,6,7,9,10,11,12,13,14,15	81	1
791	01:08.522	12	6,7,8,9,13,14,15	5	3
792	01:09.383	9	2,3,4,5,6,7,8,10,11,12,13,14,15	56	1
793	01:09.385	5	2,3,4,8,9,10,11,16	5	3
794	01:09.402	5	2,3,4,8,9,10,11,16	65	3
795	01:09.405	16	1,2,3,4,5	5	2
796	01:09.434	16	1,2,3,4,5	57	2
797	01:09.436	1	16	5	0
798	01:09.461	1	16	64	0
799	01:09.463	16	1,2,3,4,5	5	2
800	01:09.468	16	1,2,3,4,5	73	2
801	01:09.471	5	2,3,4,8,9,10,11,16	5	3
802	01:09.491	5	2,3,4,8,9,10,11,16	73	3
803	01:09.494	9	2,3,4,5,6,7,8,10,11,12,13,14,15	5	1
804	01:09.814	13	6,7,8,9,10,12,14,15	56	4
805	01:09.816	10	3,4,5,7,8,9,11,13,14,15	5	2
806	01:09.855	10	3,4,5,7,8,9,11,13,14,15	65	2
807	01:09.858	5	2,3,4,8,9,10,11,16	5	3
808	01:09.886	5	2,3,4,8,9,10,11,16	65	3
809	01:09.889	16	1,2,3,4,5	5	2
810	01:09.925	16	1,2,3,4,5	57	2
811	01:09.927	1	16	5	0
812	01:09.949	1	16	72	0
813	01:09.952	16	1,2,3,4,5	5	2
814	01:09.961	16	1,2,3,4,5	81	2
815	01:09.964	5	2,3,4,8,9,10,11,16	5	3
816	01:09.983	5	2,3,4,8,9,10,11,16	81	3
817	01:09.986	10	3,4,5,7,8,9,11,13,14,15	5	2
818	01:09.990	10	3,4,5,7,8,9,11,13,14,15	81	2
819	01:09.993	13	6,7,8,9,10,12,14,15	5	4
820	01:10.041	13	6,7,8,9,10,12,14,15	97	4
821	01:10.421	7	2,3,4,6,8,9,10,12,13,14	56	2
822	01:10.423	4	2,3,5,7,8,9,10,11,16	5	4
823	01:10.446	4	2,3,5,7,8,9,10,11,16	65	4
824	01:10.449	16	1,2,3,4,5	5	2
825	01:10.489	16	1,2,3,4,5	57	2
826	01:10.491	1	16	5	0
827	01:10.517	1	16	64	0
828	01:10.519	16	1,2,3,4,5	5	2
829	01:10.549	16	1,2,3,4,5	73	2
830	01:10.552	4	2,3,5,7,8,9,10,11,16	5	4
831	01:10.587	4	2,3,5,7,8,9,10,11,16	73	4
832	01:10.590	7	2,3,4,6,8,9,10,12,13,14	5	2
833	01:12.113	5	2,3,4,8,9,10,11,16	56	3
834	01:12.115	16	1,2,3,4,5	5	2
835	01:12.157	16	1,2,3,4,5	57	2
836	01:12.159	1	16	5	0
837	01:12.184	1	16	56	0
838	01:12.186	16	1,2,3,4,5	5	2
839	01:12.199	16	1,2,3,4,5	65	2
840	01:12.202	5	2,3,4,8,9,10,11,16	5	3
841	01:12.605	15	8,9,10,11,12,13,14	97	3
842	01:13.116	10	3,4,5,7,8,9,11,13,14,15	56	2
843	01:13.118	5	2,3,4,8,9,10,11,16	5	3
844	01:13.144	5	2,3,4,8,9,10,11,16	65	3
845	01:13.147	16	1,2,3,4,5	5	2
846	01:13.178	16	1,2,3,4,5	57	2
847	01:13.180	1	16	5	0
848	01:13.216	1	16	64	0
849	01:13.218	16	1,2,3,4,5	5	2
850	01:13.234	16	1,2,3,4,5	73	2
851	01:13.237	5	2,3,4,8,9,10,11,16	5	3
852	01:13.260	5	2,3,4,8,9,10,11,16	73	3
853	01:13.263	10	3,4,5,7,8,9,11,13,14,15	5	2
854	01:13.802	6	2,3,7,8,9,12,13	56	2
855	01:13.804	2	3,4,5,6,7,8,9,16	5	3
856	01:13.837	2	3,4,5,6,7,8,9,16	65	3
857	01:13.840	16	1,2,3,4,5	5	2
858	01:13.880	16	1,2,3,4,5	57	2
859	01:13.882	1	16	5	0
860	01:13.890	1	16	64	0
861	01:13.892	16	1,2,3,4,5	5	2
862	01:13.918	16	1,2,3,4,5	73	2
863	01:13.921	2	3,4,5,6,7,8,9,16	5	3
864	01:13.927	2	3,4,5,6,7,8,9,16	73	3
865	01:13.930	6	2,3,7,8,9,12,13	5	2
866	01:14.158	14	7,8,9,10,11,12,13,15	97	4
867	01:14.371	14	7,8,9,10,11,12,13,15	56	4
868	01:14.373	11	4,5,8,9,10,14,15	5	2
869	01:14.401	11	4,5,8,9,10,14,15	65	2
870	01:14.404	5	2,3,4,8,9,10,11,16	5	3
871	01:14.438	5	2,3,4,8,9,10,11,16	65	3
872	01:14.441	16	1,2,3,4,5	5	2
873	01:14.451	16	1,2,3,4,5	57	2
874	01:14.453	1	16	5	0
875	01:14.478	1	16	72	0
876	01:14.481	16	1,2,3,4,5	5	2
877	01:14.523	16	1,2,3,4,5	81	2
878	01:14.526	5	2,3,4,8,9,10,11,16	5	3
879	01:14.540	5	2,3,4,8,9,10,11,16	81	3
880	01:14.543	11	4,5,8,9,10,14,15	5	2
881	01:14.564	11	4,5,8,9,10,14,15	81	2
882	01:14.567	14	7,8,9,10,11,12,13,15	5	4
883	01:15.174	15	8,9,10,11,12,13,14	56	3
884	01:15.176	11	4,5,8,9,10,14,15	5	2
885	01:15.209	11	4,5,8,9,10,14,15	65	2
886	01:15.212	5	2,3,4,8,9,10,11,16	5	3
887	01:15.240	5	2,3,4,8,9,10,11,16	65	3
888	01:15.243	16	1,2,3,4,5	5	2
889	01:15.246	16	1,2,3,4,5	57	2
890	01:15.248	1	16	5	0
891	01:15.258	1	16	72	0
892	01:15.261	16	1,2,3,4,5	5	2
893	01:15.292	16	1,2,3,4,5	81	2
894	01:15.295	5	2,3,4,8,9,10,11,16	5	3
895	01:15.303	5	2,3,4,8,9,10,11,16	81	3
896	01:15.306	11	4,5,8,9,10,14,15	5	2
897	01:15.332	11	4,5,8,9,10,14,15	81	2
898	01:15.335	15	8,9,10,11,12,13,14	5	3
899	01:15.621	8	2,3,4,5,6,7,9,10,11,12,13,14,15	56	1
900	01:15.623	5	2,3,4,8,9,10,11,16	5	3
901	01:15.656	5	2,3,4,8,9,10,11,16	65	3
902	01:15.659	16	1,2,3,4,5	5	2
903	01:15.700	16	1,2,3,4,5	57	2
904	01:15.702	1	16	5	0
905	01:15.744	1	16	64	0
906	01:15.746	16	1,2,3,4,5	5	2
907	01:15.758	16	1,2,3,4,5	73	2
908	01:15.761	5	2,3,4,8,9,10,11,16	5	3
909	01:15.776	5	2,3,4,8,9,10,11,16	73	3
910	01:15.779	8	2,3,4,5,6,7,9,10,11,12,13,14,15	5	1
911	01:16.201	11	4,5,8,9,10,14,15	56	2
912	01:16.203	5	2,3,4,8,9,10,11,16	5	3
913	01:16.239	5	2,3,4,8,9,10,11,16	65	3
914	01:16.242	16	1,2,3,4,5	5	2
915	01:16.285	16	1,2,3,4,5	57	2
916	01:16.287	1	16	5	0
917	01:16.326	1	16	64	0
918	01:16.328	16	1,2,3,4,5	5	2
919	01:16.355	16	1,2,3,4,5	73	2
920	01:16.358	5	2,3,4,8,9,10,11,16	5	3
921	01:16.372	5	2,3,4,8,9,10,11,16	73	3
922	01:16.375	11	4,5,8,9,10,14,15	5	2
923	01:16.449	3	2,4,5,6,7,8,9,10,16	56	4
924	01:16.451	16	1,2,3,4,5	5	2
925	01:16.454	16	1,2,3,4,5	57	2
926	01:16.457	1	16	5	0
927	01:16.496	1	16	56	0
928	01:16.498	16	1,2,3,4,5	5	2
929	01:16.522	16	1,2,3,4,5	65	2
930	01:16.525	3	2,4,5,6,7,8,9,10,16	5	4
931	01:16.725	2	3,4,5,6,7,8,9,16	56	3
932	01:16.727	16	1,2,3,4,5	5	2
933	01:16.768	16	1,2,3,4,5	57	2
934	01:16.770	1	16	5	0
935	01:16.776	1	16	56	0
936	01:16.778	16	1,2,3,4,5	5	2
937	01:16.811	16	1,2,3,4,5	65	2
938	01:16.814	2	3,4,5,6,7,8,9,16	5	3
939	01:17.400	4	2,3,5,7,8,9,10,11,16	56	4
940	01:17.402	16	1,2,3,4,5	5	2
941	01:17.443	16	1,2,3,4,5	57	2
942	01:17.445	1	16	5	0
943	01:17.449	1	16	56	0
944	01:17.451	16	1,2,3,4,5	5	2
945	01:17.456	16	1,2,3,4,5	65	2
946	01:17.459	4	2,3,5,7,8,9,10,11,16	5	4
947	01:18.286	12	6,7,8,9,13,14,15	56	3
948	01:18.288	8	2,3,4,5,6,7,9,10,11,12,13,14,15	5	1
949	01:18.322	8	2,3,4,5,6,7,9,10,11,12,13,14,15	65	1
950	01:18.325	5	2,3,4,8,9,10,11,16	5	3
951	01:18.333	5	2,3,4,8,9,10,11,16	65	3
952	01:18.336	16	1,2,3,4,5	5	2
953	01:18.355	16	1,2,3,4,5	57	2
954	01:18.357	1	16	5	0
955	01:18.394	1	16	72	0
956	01:18.397	16	1,2,3,4,5	5	2
957	01:18.429	16	1,2,3,4,5	81	2
958	01:18.432	5	2,3,4,8,9,10,11,16	5	3
959	01:18.468	5	2,3,4,8,9,10,11,16	81	3
960	01:18.471	8	2,3,4,5,6,7,9,10,11,12,13,14,15	5	1
961	01:18.489	8	2,3,4,5,6,7,9,10,11,12,13,14,15	81	1
962	01:18.492	12	6,7,8,9,13,14,15	5	3
963	01:18.642	9	2,3,4,5,6,7,8,10,11,12,13,14,15	56	1
964	01:18.644	5	2,3,4,8,9,10,11,16	5	3
965	01:18.674	5	2,3,4,8,9,10,11,16	65	3
966	01:18.677	16	1,2,3,4,5	5	2
967	01:18.704	16	1,2,3,4,5	57	2
968	01:18.706	1	16	5	0
969	01:18.713	1	16	64	0
970	01:18.715	16	1,2,3,4,5	5	2
971	01:18.719	16	1,2,3,4,5	73	2
972	01:18.722	5	2,3,4,8,9,10,11,16	5	3
973	01:18.736	5	2,3,4,8,9,10,11,16	73	3
974	01:18.739	9	2,3,4,5,6,7,8,10,11,12,13,14,15	5	1
975	01:19.627	13	6,7,8,9,10,12,14,15	56	4
976	01:19.629	10	3,4,5,7,8,9,11,13,14,15	5	2
977	01:19.644	10	3,4,5,7,8,9,11,13,14,15	65	2
978	01:19.647	5	2,3,4,8,9,10,11,16	5	3
979	01:19.661	5	2,3,4,8,9,10,11,16	65	3
980	01:19.664	16	1,2,3,4,5	5	2
981	01:19.699	16	1,2,3,4,5	57	2
982	01:19.701	1	16	5	0
983	01:19.718	1	16	72	0
984	01:19.721	16	1,2,3,4,5	5	2
985	01:19.745	16	1,2,3,4,5	81	2
986	01:19.748	5	2,3,4,8,9,10,11,16	5	3
987	01:19.775	5	2,3,4,8,9,10,11,16	81	3
988	01:19.778	10	3,4,5,7,8,9,11,13,14,15	5	2
989	01:19.792	10	3,4,5,7,8,9,11,13,14,15	81	2
990	01:19.795	13	6,7,8,9,10,12,14,15	5	4
991	01:20.886	7	2,3,4,6,8,9,10,12,13,14	56	2
992	01:20.888	4	2,3,5,7,8,9,10,11,16	5	4
993	01:20.916	4	2,3,5,7,8,9,10,11,16	65	4
994	01:20.919	16	1,2,3,4,5	5	2
995	01:20.953	16	1,2,3,4,5	57	2
996	01:20.955	1	16	5	0
997	01:20.991	1	16	64	0
998	01:20.993	16	1,2,3,4,5	5	2
999	01:21.018	16	1,2,3,4,5	73	2
1000	01:21.021	4	2,3,5,7,8,9,10,11,16	5	4
1001	01:21.055	4	2,3,5,7,8,9,10,11,16	73	4
1002	01:21.058	7	2,3,4,6,8,9,10,12,13,14	5	2
1003	01:22.512	10	3,4,5,7,8,9,11,13,14,15	56	2
1004	01:22.514	5	2,3,4,8,9,10,11,16	5	3
1005	01:22.523	5	2,3,4,8,9,10,11,16	65	3
1006	01:22.526	16	1,2,3,4,5	5	2
1007	01:22.546	16	1,2,3,4,5	57	2
1008	01:22.548	1	16	5	0
1009	01:22.589	1	16	64	0
1010	01:22.591	16	1,2,3,4,5	5	2
1011	01:22.620	16	1,2,3,4,5	73	2
1012	01:22.623	5	2,3,4,8,9,10,11,16	5	3
1013	01:22.656	5	2,3,4,8,9,10,11,16	73	3
1014	01:22.659	10	3,4,5,7,8,9,11,13,14,15	5	2
1015	01:22.753	12	6,7,8,9,13,14,15	97	3
1016	01:22.873	13	6,7,8,9,10,12,14,15	97	4
1017	01:23.100	5	2,3,4,8,9,10,11,16	56	3
1018	01:23.102	16	1,2,3,4,5	5	2
1019	01:23.138	16	1,2,3,4,5	57	2
1020	01:23.140	1	16	5	0
1021	01:23.153	1	16	56	0
1022	01:23.155	16	1,2,3,4,5	5	2
1023	01:23.185	16	1,2,3,4,5	65	2
1024	01:23.188	5	2,3,4,8,9,10,11,16	5	3
1025	01:23.509	6	2,3,7,8,9,12,13	56	2
1026	01:23.511	2	3,4,5,6,7,8,9,16	5	3
1027	01:23.530	2	3,4,5,6,7,8,9,16	65	3
1028	01:23.533	16	1,2,3,4,5	5	2
1029	01:23.542	16	1,2,3,4,5	57	2
1030	01:23.544	1	16	5	0
1031	01:23.575	1	16	64	0
1032	01:23.577	16	1,2,3,4,5	5	2
1033	01:23.593	16	1,2,3,4,5	73	2
1034	01:23.596	2	3,4,5,6,7,8,9,16	5	3
1035	01:23.638	2	3,4,5,6,7,8,9,16	73	3
1036	01:23.641	6	2,3,7,8,9,12,13	5	2
1037	01:24.483	15	8,9,10,11,12,13,14	56	3
1038	01:24.485	11	4,5,8,9,10,14,15	5	2
1039	01:24.506	11	4,5,8,9,10,14,15	65	2
1040	01:24.509	5	2,3,4,8,9,10,11,16	5	3
1041	01:24.524	5	2,3,4,8,9,10,11,16	65	3
1042	01:24.527	16	1,2,3,4,5	5	2
1043	01:24.535	16	1,2,3,4,5	57	2
1044	01:24.537	1	16	5	0
1045	01:24.540	1	16	72	0
1046	01:24.544	16	1,2,3,4,5	5	2
1047	01:24.565	16	1,2,3,4,5	81	2
1048	01:24.568	5	2,3,4,8,9,10,11,16	5	3
1049	01:24.585	5	2,3,4,8,9,10,11,16	81	3
1050	01:24.588	11	4,5,8,9,10,14,15	5	2
1051	01:24.599	11	4,5,8,9,10,14,15	81	2
1052	01:24.602	15	8,9,10,11,12,13,14	5	3
1053	01:24.632	16	1,2,3,4,5	97	2
1054	01:24.895	14	7,8,9,10,11,12,13,15	56	4
1055	01:24.897	11	4,5,8,9,10,14,15	5	2
1056	01:24.920	11	4,5,8,9,10,14,15	65	2
1057	01:24.923	5	2,3,4,8,9,10,11,16	5	3
1058	01:24.941	5	2,3,4,8,9,10,11,16	65	3
1059	01:24.944	16	1,2,3,4,5	5	2
1060	01:24.984	16	1,2,3,4,5	57	2
1061	01:24.986	1	16	5	0
1062	01:24.999	1	16	72	0
1063	01:25.002	16	1,2,3,4,5	5	2
1064	01:25.020	16	1,2,3,4,5	81	2
1065	01:25.023	5	2,3,4,8,9,10,11,16	5	3
1066	01:25.044	5	2,3,4,8,9,10,11,16	81	3
1067	01:25.047	11	4,5,8,9,10,14,15	5	2
1068	01:25.055	11	4,5,8,9,10,14,15	81	2
1069	01:25.058	14	7,8,9,10,11,12,13,15	5	4
1070	01:25.687	11	4,5,8,9,10,14,15	56	2
1071	01:25.689	5	2,3,4,8,9,10,11,16	5	3
1072	01:25.719	5	2,3,4,8,9,10,11,16	65	3
1073	01:25.722	16	1,2,3,4,5	5	2
1074	01:25.742	16	1,2,3,4,5	57	2
1075	01:25.744	1	16	5	0
1076	01:25.759	1	16	64	0
1077	01:25.761	16	1,2,3,4,5	5	2
1078	01:25.774	16	1	73	6
1079	01:25.775	8	6,7,10,11,12,13,14,15	56	6
1080	01:25.797	16	1,2,3,4,5	73	2
1081	01:25.800	5	2,3,4,8,9,10,11,16	5	3
1082	01:25.809	8	2,3,4,5,6,7,9,10,11,12,13,14,15	56	1
1083	01:25.811	5	2,3,4,8,9,10,11,16	5	3
1084	01:25.825	5	2,3,4,8,9,10,11,16	73	3
1085	01:25.828	11	4,5,8,9,10,14,15	5	2
1086	01:25.840	5	2,3,4,8,9,10,11,16	65	3
1087	01:25.843	16	1,2,3,4,5	5	2
1088	01:25.859	16	1,2,3,4,5	57	2
1089	01:25.861	1	16	5	0
1090	01:25.887	1	16	64	0
1091	01:25.889	16	1,2,3,4,5	5	2
1092	01:25.924	16	1,2,3,4,5	73	2
1093	01:25.927	5	2,3,4,8,9,10,11,16	5	3
1094	01:25.948	5	2,3,4,8,9,10,11,16	73	3
1095	01:25.951	8	2,3,4,5,6,7,9,10,11,12,13,14,15	5	1
1096	01:26.429	2	3,4,5,6,7,8,9,16	56	3
1097	01:26.431	16	1,2,3,4,5	5	2
1098	01:26.439	16	1,2,3,4,5	57	2
1099	01:26.441	1	16	5	0
1100	01:26.444	1	16	56	0
1101	01:26.447	16	1,2,3,4,5	5	2
1102	01:26.454	16	1,2,3,4,5	65	2
1103	01:26.457	2	3,4,5,6,7,8,9,16	5	3
1104	01:26.522	4	2,3,5,7,8,9,10,11,16	102	4
1105	01:26.526	5	2,3,4,8,9,10,11,16	5	3
1106	01:26.880	3	2,4,5,6,7,8,9,10,16	56	4
1107	01:26.882	16	1,2,3,4,5	5	2
1108	01:26.907	16	1,2,3,4,5	57	2
1109	01:26.909	1	16	5	0
1110	01:26.944	1	16	56	0
1111	01:26.946	16	1,2,3,4,5	5	2
1112	01:26.971	16	1,2,3,4,5	65	2
1113	01:26.974	3	2,4,5,6,7,8,9,10,16	5	4
1114	01:28.104	4	2,3,5,7,8,9,10,11,16	56	4
1115	01:28.106	16	1,2,3,4,5	5	2
1116	01:28.148	16	1,2,3,4,5	57	2
1117	01:28.150	1	16	5	0
1118	01:28.179	1	16	56	0
1119	01:28.181	16	1,2,3,4,5	5	2
1120	01:28.189	16	1,2,3,4,5	65	2
1121	01:28.192	4	2,3,5,7,8,9,10,11,16	5	4
1122	01:28.395	9	2,3,4,5,6,7,8,10,11,12,13,14,15	56	1
1123	01:28.397	5	2,3,4,8,9,10,11,16	5	3
1124	01:28.414	5	2,3,4,8,9,10,11,16	65	3
1125	01:28.417	16	1,2,3,4,5	5	2
1126	01:28.441	12	6,7,8,9,13,14,15	56	3
1127	01:28.443	8	2,3,4,5,6,7,9,10,11,12,13,14,15	5	1
1128	01:28.449	8	2,3,4,5,6,7,9,10,11,12,13,14,15	65	1
1129	01:28.452	5	2,3,4,8,9,10,11,16	5	3
1130	01:28.455	16	1,2,3,4,5	57	2
1131	01:28.457	1	16	5	0
1132	01:28.459	5	2,3,4,8,9,10,11,16	65	3
1133	01:28.462	16	1,2,3,4,5	5	2
1134	01:28.479	16	1,2,3,4,5	57	2
1135	01:28.481	1	16	5	0
1136	01:28.484	1	16	64	0
1137	01:28.487	16	1,2,3,4,5	5	2
1138	01:28.514	1	16	72	0
1139	01:28.517	16	1,2,3,4,5	5	2
1140	01:28.529	16	1,2,3,4,5	73	2
1141	01:28.532	5	2,3,4,8,9,10,11,16	5	3
1142	01:28.536	5	2,3,4,8,9,10,11,16	73	3
1143	01:28.539	9	2,3,4,5,6,7,8,10,11,12,13,14,15	5	1
1144	01:28.562	16	1,2,3,4,5	81	2
1145	01:28.565	5	2,3,4,8,9,10,11,16	5	3
1146	01:28.588	5	2,3,4,8,9,10,11,16	81	3
1147	01:28.591	8	2,3,4,5,6,7,9,10,11,12,13,14,15	5	1
1148	01:28.595	8	2,3,4,5,6,7,9,10,11,12,13,14,15	81	1
1149	01:28.598	12	6,7,8,9,13,14,15	5	3
1150	01:29.088	9	2,3,4,5,6,7,8,10,11,12,13,14,15	102	1
1151	01:29.092	2	3,4,5,6,7,8,9,16	5	3
1152	01:29.624	13	6,7,8,9,10,12,14,15	56	4
1153	01:29.626	10	3,4,5,7,8,9,11,13,14,15	5	2
1154	01:29.635	10	3,4,5,7,8,9,11,13,14,15	65	2
1155	01:29.638	5	2,3,4,8,9,10,11,16	5	3
1156	01:29.678	5	2,3,4,8,9,10,11,16	65	3
1157	01:29.681	16	1,2,3,4,5	5	2
1158	01:29.694	16	1,2,3,4,5	57	2
1159	01:29.696	1	16	5	0
1160	01:29.720	1	16	72	0
1161	01:29.723	16	1,2,3,4,5	5	2
1162	01:29.735	16	1,2,3,4,5	81	2
1163	01:29.738	5	2,3,4,8,9,10,11,16	5	3
1164	01:29.759	5	2,3,4,8,9,10,11,16	81	3
1165	01:29.762	10	3,4,5,7,8,9,11,13,14,15	5	2
1166	01:29.771	10	3,4,5,7,8,9,11,13,14,15	81	2
1167	01:29.774	13	6,7,8,9,10,12,14,15	5	4
1168	01:30.135	7	2,3,4,6,8,9,10,12,13,14	56	2
1169	01:30.137	4	2,3,5,7,8,9,10,11,16	5	4
1170	01:30.172	4	2,3,5,7,8,9,10,11,16	65	4
1171	01:30.175	16	1,2,3,4,5	5	2
1172	01:30.204	16	1,2,3,4,5	57	2
1173	01:30.206	1	16	5	0
1174	01:30.241	1	16	64	0
1175	01:30.243	16	1,2,3,4,5	5	2
1176	01:30.263	16	1,2,3,4,5	73	2
1177	01:30.266	4	2,3,5,7,8,9,10,11,16	5	4
1178	01:30.280	4	2,3,5,7,8,9,10,11,16	73	4
1179	01:30.283	7	2,3,4,6,8,9,10,12,13,14	5	2
1180	01:30.311	11	4,5,8,9,10,14,15	97	2
1181	01:31.287	7	2,3,4,6,8,9,10,12,13,14	97	2
1182	01:31.783	3	2,4,5,6,7,8,9,10,16	102	4
1183	01:31.787	5	2,3,4,8,9,10,11,16	5	3
1184	01:32.533	11	4,5,8,9,10,14,15	102	2
1185	01:32.537	4	2,3,5,7,8,9,10,11,16	5	4
1186	01:32.580	8	2,3,4,5,6,7,9,10,11,12,13,14,15	97	1
1187	01:32.760	10	3,4,5,7,8,9,11,13,14,15	56	2
1188	01:32.762	5	2,3,4,8,9,10,11,16	5	3
1189	01:32.776	5	2,3,4,8,9,10,11,16	65	3
1190	01:32.779	16	1,2,3,4,5	5	2
1191	01:32.790	16	1,2,3,4,5	57	2
1192	01:32.792	1	16	5	0
1193	01:32.796	1	16	64	0
1194	01:32.798	16	1,2,3,4,5	5	2
1195	01:32.802	16	1,2,3,4,5	73	2
1196	01:32.805	5	2,3,4,8,9,10,11,16	5	3
1197	01:32.823	5	2,3,4,8,9,10,11,16	73	3
1198	01:32.826	10	3,4,5,7,8,9,11,13,14,15	5	2
1199	01:33.245	5	2,3,4,8,9,10,11,16	56	3
1200	01:33.247	16	1,2,3,4,5	5	2
1201	01:33.258	16	1,2,3,4,5	57	2
1202	01:33.260	1	16	5	0
1203	01:33.282	6	2,3,7,8,9,12,13	56	2
1204	01:33.284	2	3,4,5,6,7,8,9,16	5	3
1205	01:33.298	1	16	56	0
1206	01:33.300	16	1,2,3,4,5	5	2
1207	01:33.319	2	3,4,5,6,7,8,9,16	65	3
1208	01:33.322	16	1,2,3,4,5	5	2
1209	01:33.333	16	1,2,3,4,5	65	2
1210	01:33.336	5	2,3,4,8,9,10,11,16	5	3
1211	01:33.357	16	1,2,3,4,5	57	2
1212	01:33.359	1	16	5	0
1213	01:33.394	1	16	64	0
1214	01:33.396	16	1,2,3,4,5	5	2
1215	01:33.400	16	1,2,3,4,5	73	2
1216	01:33.403	2	3,4,5,6,7,8,9,16	5	3
1217	01:33.407	2	3,4,5,6,7,8,9,16	73	3
1218	01:33.410	6	2,3,7,8,9,12,13	5	2
1219	01:33.864	8	2,3,4,5,6,7,9,10,11,12,13,14,15	102	1
1220	01:33.868	11	4,5,8,9,10,14,15	5	2
1221	01:33.970	4	2,3,5,7,8,9,10,11,16	97	4
1222	01:34.278	14	7,8,9,10,11,12,13,15	97	4
1223	01:34.333	2	3,4,5,6,7,8,9,16	97	3
1224	01:34.580	5	2,3,4,8,9,10,11,16	97	3
1225	01:35.190	15	8,9,10,11,12,13,14	56	3
1226	01:35.192	11	4,5,8,9,10,14,15	5	2
1227	01:35.224	11	4,5,8,9,10,14,15	65	2
1228	01:35.227	5	2,3,4,8,9,10,11,16	5	3
1229	01:35.267	5	2,3,4,8,9,10,11,16	65	3
1230	01:35.270	16	1,2,3,4,5	5	2
1231	01:35.288	16	1,2,3,4,5	57	2
1232	01:35.290	1	16	5	0
1233	01:35.319	1	16	72	0
1234	01:35.322	16	1,2,3,4,5	5	2
1235	01:35.350	16	1,2,3,4,5	81	2
1236	01:35.353	5	2,3,4,8,9,10,11,16	5	3
1237	01:35.384	5	2,3,4,8,9,10,11,16	81	3
1238	01:35.387	11	4,5,8,9,10,14,15	5	2
1239	01:35.425	11	4,5,8,9,10,14,15	81	2
1240	01:35.428	15	8,9,10,11,12,13,14	5	3
1241	01:35.510	2	3,4,5,6,7,8,9,16	56	3
1242	01:35.512	16	1,2,3,4,5	5	2
1243	01:35.531	16	1,2,3,4,5	57	2
1244	01:35.533	1	16	5	0
1245	01:35.568	1	16	56	0
1246	01:35.570	16	1,2,3,4,5	5	2
1247	01:35.574	16	1,2,3,4,5	65	2
1248	01:35.577	2	3,4,5,6,7,8,9,16	5	3
1249	01:35.881	14	7,8,9,10,11,12,13,15	56	4
1250	01:35.883	11	4,5,8,9,10,14,15	5	2
1251	01:35.911	11	4,5,8,9,10,14,15	65	2
1252	01:35.914	5	2,3,4,8,9,10,11,16	5	3
1253	01:35.946	5	2,3,4,8,9,10,11,16	65	3
1254	01:35.949	16	1,2,3,4,5	5	2
1255	01:35.973	16	1,2,3,4,5	57	2
1256	01:35.975	1	16	5	0
1257	01:35.995	1	16	72	0
1258	01:35.998	16	1,2,3,4,5	5	2
1259	01:36.002	16	1,2,3,4,5	81	2
1260	01:36.005	5	2,3,4,8,9,10,11,16	5	3
1261	01:36.033	5	2,3,4,8,9,10,11,16	81	3
1262	01:36.036	11	4,5,8,9,10,14,15	5	2
1263	01:36.078	11	4,5,8,9,10,14,15	81	2
1264	01:36.081	14	7,8,9,10,11,12,13,15	5	4
1265	01:36.142	11	4,5,8,9,10,14,15	56	2
1266	01:36.144	5	2,3,4,8,9,10,11,16	5	3
1267	01:36.147	5	2,3,4,8,9,10,11,16	65	3
1268	01:36.150	16	1,2,3,4,5	5	2
1269	01:36.159	3	2,4,5,6,7,8,9,10,16	56	4
1270	01:36.161	16	1,2,3,4,5	5	2
1271	01:36.170	16	1,2,3,4,5	57	2
1272	01:36.172	1	16	5	0
1273	01:36.190	1	16	64	0
1274	01:36.192	16	1,2,3,4,5	5	2
1275	01:36.214	16	1,2,3,4,5	57	2
1276	01:36.216	1	16	5	0
1277	01:36.219	16	1,2,3,4,5	73	2
1278	01:36.223	5	2,3,4,8,9,10,11,16	5	3
1279	01:36.237	5	2,3,4,8,9,10,11,16	73	3
1280	01:36.240	11	4,5,8,9,10,14,15	5	2
1281	01:36.255	1	16	56	0
1282	01:36.257	16	1,2,3,4,5	5	2
1283	01:36.275	16	1,2,3,4,5	65	2
1284	01:36.278	3	2,4,5,6,7,8,9,10,16	5	4
1285	01:36.618	8	2,3,4,5,6,7,9,10,11,12,13,14,15	56	1
1286	01:36.620	5	2,3,4,8,9,10,11,16	5	3
1287	01:36.635	5	2,3,4,8,9,10,11,16	65	3
1288	01:36.638	16	1,2,3,4,5	5	2
1289	01:36.663	16	1,2,3,4,5	57	2
1290	01:36.665	1	16	5	0
1291	01:36.673	1	16	64	0
1292	01:36.675	16	1,2,3,4,5	5	2
1293	01:36.685	16	1,2,3,4,5	73	2
1294	01:36.688	5	2,3,4,8,9,10,11,16	5	3
1295	01:36.718	5	2,3,4,8,9,10,11,16	73	3
1296	01:36.721	8	2,3,4,5,6,7,9,10,11,12,13,14,15	5	1
1297	01:36.822	3	2,4,5,6,7,8,9,10,16	97	4
1298	01:37.382	4	2,3,5,7,8,9,10,11,16	56	4
1299	01:37.384	16	1,2,3,4,5	5	2
1300	01:37.416	16	1,2,3,4,5	57	2
1301	01:37.418	1	16	5	0
1302	01:37.460	1	16	56	0
1303	01:37.462	16	1,2,3,4,5	5	2
1304	01:37.488	16	1,2,3,4,5	65	2
1305	01:37.491	4	2,3,5,7,8,9,10,11,16	5	4
1306	01:37.578	9	2,3,4,5,6,7,8,10,11,12,13,14,15	56	1
1307	01:37.580	5	2,3,4,8,9,10,11,16	5	3
1308	01:37.612	5	2,3,4,8,9,10,11,16	65	3
1309	01:37.615	16	1,2,3,4,5	5	2
1310	01:37.623	16	1,2,3,4,5	57	2
1311	01:37.625	1	16	5	0
1312	01:37.637	1	16	64	0
1313	01:37.639	16	1,2,3,4,5	5	2
1314	01:37.663	16	1,2,3,4,5	73	2
1315	01:37.666	5	2,3,4,8,9,10,11,16	5	3
1316	01:37.679	5	2,3,4,8,9,10,11,16	73	3
1317	01:37.682	9	2,3,4,5,6,7,8,10,11,12,13,14,15	5	1
1318	01:38.576	7	2,3,4,6,8,9,10,12,13,14	102	2
1319	01:38.580	2	3,4,5,6,7,8,9,16	5	3
1320	01:38.615	12	6,7,8,9,13,14,15	56	3
1321	01:38.617	8	2,3,4,5,6,7,9,10,11,12,13,14,15	5	1
1322	01:38.637	8	2,3,4,5,6,7,9,10,11,12,13,14,15	65	1
1323	01:38.640	5	2,3,4,8,9,10,11,16	5	3
1324	01:38.649	5	2,3,4,8,9,10,11,16	65	3
1325	01:38.652	16	1,2,3,4,5	5	2
1326	01:38.664	16	1,2,3,4,5	57	2
1327	01:38.666	1	16	5	0
1328	01:38.671	1	16	72	0
1329	01:38.674	16	1,2,3,4,5	5	2
1330	01:38.690	9	2,3,4,5,6,7,8,10,11,12,13,14,15	97	1
1331	01:38.712	16	1,2,3,4,5	81	2
1332	01:38.715	5	2,3,4,8,9,10,11,16	5	3
1333	01:38.753	5	2,3,4,8,9,10,11,16	81	3
1334	01:38.756	8	2,3,4,5,6,7,9,10,11,12,13,14,15	5	1
1335	01:38.774	8	2,3,4,5,6,7,9,10,11,12,13,14,15	81	1
1336	01:38.777	12	6,7,8,9,13,14,15	5	3
1337	01:39.221	15	8,9,10,11,12,13,14	102	3
1338	01:39.225	8	2,3,4,5,6,7,9,10,11,12,13,14,15	5	1
1339	01:39.266	5	2,3,4,8,9,10,11,16	102	3
1340	01:39.270	2	3,4,5,6,7,8,9,16	5	3
1341	01:40.107	13	6,7,8,9,10,12,14,15	56	4
1342	01:40.109	10	3,4,5,7,8,9,11,13,14,15	5	2
1343	01:40.134	10	3,4,5,7,8,9,11,13,14,15	65	2
1344	01:40.137	5	2,3,4,8,9,10,11,16	5	3
1345	01:40.150	5	2,3,4,8,9,10,11,16	65	3
1346	01:40.153	16	1,2,3,4,5	5	2
1347	01:40.194	16	1,2,3,4,5	57	2
1348	01:40.196	1	16	5	0
1349	01:40.208	1	16	72	0
1350	01:40.211	16	1,2,3,4,5	5	2
1351	01:40.228	16	1,2,3,4,5	81	2
1352	01:40.231	5	2,3,4,8,9,10,11,16	5	3
1353	01:40.241	5	2,3,4,8,9,10,11,16	81	3
1354	01:40.244	10	3,4,5,7,8,9,11,13,14,15	5	2
1355	01:40.274	10	3,4,5,7,8,9,11,13,14,15	81	2
1356	01:40.277	13	6,7,8,9,10,12,14,15	5	4
1357	01:40.965	7	2,3,4,6,8,9,10,12,13,14	56	2
1358	01:40.967	4	2,3,5,7,8,9,10,11,16	5	4
1359	01:40.990	2	3,4,5,6,7,8,9,16	102	3
1360	01:40.994	5	2,3,4,8,9,10,11,16	5	3
1361	01:41.075	4	2,3,5,7,8,9,10,11,16	65	4
1362	01:41.078	16	1,2,3,4,5	5	2
1363	01:41.088	16	1,2,3,4,5	57	2
1364	01:41.090	1	16	5	0
1365	01:41.126	1	16	64	0
1366	01:41.128	16	1,2,3,4,5	5	2
1367	01:41.163	16	1,2,3,4,5	73	2
1368	01:41.166	4	2,3,5,7,8,9,10,11,16	5	4
1369	01:41.206	4	2,3,5,7,8,9,10,11,16	73	4
1370	01:41.209	7	2,3,4,6,8,9,10,12,13,14	5	2
1371	01:41.459	10	3,4,5,7,8,9,11,13,14,15	97	2
1372	01:42.850	5	2,3,4,8,9,10,11,16	56	3
1373	01:42.852	16	1,2,3,4,5	5	2
1374	01:42.864	16	1,2,3,4,5	57	2
1375	01:42.866	1	16	5	0
1376	01:42.872	1	16	56	0
1377	01:42.874	16	1,2,3,4,5	5	2
1378	01:42.877	16	1,2,3,4,5	65	2
1379	01:42.880	5	2,3,4,8,9,10,11,16	5	3
1380	01:43.003	12	6,7,8,9,13,14,15	97	3
1381	01:43.110	10	3,4,5,7,8,9,11,13,14,15	56	2
1382	01:43.112	5	2,3,4,8,9,10,11,16	5	3
1383	01:43.121	5	2,3,4,8,9,10,11,16	65	3
1384	01:43.124	16	1,2,3,4,5	5	2
1385	01:43.153	16	1,2,3,4,5	57	2
1386	01:43.155	1	16	5	0
1387	01:43.158	1	16	64	0
1388	01:43.161	16	1,2,3,4,5	5	2
1389	01:43.177	16	1,2,3,4,5	73	2
1390	01:43.180	5	2,3,4,8,9,10,11,16	5	3
1391	01:43.193	5	2,3,4,8,9,10,11,16	73	3
1392	01:43.196	10	3,4,5,7,8,9,11,13,14,15	5	2
1393	01:43.402	6	2,3,7,8,9,12,13	97	2
1394	01:43.668	15	8,9,10,11,12,13,14	97	3
1395	01:43.698	6	2,3,7,8,9,12,13	56	2
1396	01:43.700	2	3,4,5,6,7,8,9,16	5	3
1397	01:43.720	2	3,4,5,6,7,8,9,16	65	3
1398	01:43.723	16	1,2,3,4,5	5	2
1399	01:43.765	16	1,2,3,4,5	57	2
1400	01:43.767	1	16	5	0
1401	01:43.805	1	16	64	0
1402	01:43.807	16	1,2,3,4,5	5	2
1403	01:43.838	16	1,2,3,4,5	73	2
1404	01:43.841	2	3,4,5,6,7,8,9,16	5	3
1405	01:43.844	2	3,4,5,6,7,8,9,16	73	3
1406	01:43.847	6	2,3,7,8,9,12,13	5	2
1407	01:44.693	2	3,4,5,6,7,8,9,16	56	3
1408	01:44.695	16	1,2,3,4,5	5	2
1409	01:44.698	16	1,2,3,4,5	57	2
1410	01:44.701	1	16	5	0
1411	01:44.727	1	16	56	0
1412	01:44.729	16	1,2,3,4,5	5	2
1413	01:44.741	16	1,2,3,4,5	65	2
1414	01:44.744	2	3,4,5,6,7,8,9,16	5	3
1415	01:44.944	14	7,8,9,10,11,12,13,15	56	4
1416	01:44.946	11	4,5,8,9,10,14,15	5	2
1417	01:44.976	11	4,5,8,9,10,14,15	65	2
1418	01:44.979	5	2,3,4,8,9,10,11,16	5	3
1419	01:44.984	5	2,3,4,8,9,10,11,16	65	3
1420	01:44.987	16	1,2,3,4,5	5	2
1421	01:44.997	16	1,2,3,4,5	57	2
1422	01:44.999	1	16	5	0
1423	01:45.016	1	16	72	0
1424	01:45.019	16	1,2,3,4,5	5	2
1425	01:45.040	16	1,2,3,4,5	81	2
1426	01:45.043	5	2,3,4,8,9,10,11,16	5	3
1427	01:45.050	5	2,3,4,8,9,10,11,16	81	3
1428	01:45.053	11	4,5,8,9,10,14,15	5	2
1429	01:45.060	11	4,5,8,9,10,14,15	81	2
1430	01:45.063	14	7,8,9,10,11,12,13,15	5	4
1431	01:45.200	15	8,9,10,11,12,13,14	56	3
1432	01:45.202	11	4,5,8,9,10,14,15	5	2
1433	01:45.245	11	4,5,8,9,10,14,15	65	2
1434	01:45.248	5	2,3,4,8,9,10,11,16	5	3
1435	01:45.273	5	2,3,4,8,9,10,11,16	65	3
1436	01:45.276	16	1,2,3,4,5	5	2
1437	01:45.294	16	1,2,3,4,5	57	2
1438	01:45.296	1	16	5	0
1439	01:45.299	1	16	72	0
1440	01:45.303	16	1,2,3,4,5	5	2
1441	01:45.310	16	1,2,3,4,5	81	2
1442	01:45.313	5	2,3,4,8,9,10,11,16	5	3
1443	01:45.324	5	2,3,4,8,9,10,11,16	81	3
1444	01:45.327	11	4,5,8,9,10,14,15	5	2
1445	01:45.368	11	4,5,8,9,10,14,15	81	2
1446	01:45.371	15	8,9,10,11,12,13,14	5	3
1447	01:45.917	3	2,4,5,6,7,8,9,10,16	56	4
1448	01:45.919	16	1,2,3,4,5	5	2
1449	01:45.959	16	1,2,3,4,5	57	2
1450	01:45.961	1	16	5	0
1451	01:45.973	1	16	56	0
1452	01:45.975	16	1,2,3,4,5	5	2
1453	01:45.981	16	1,2,3,4,5	65	2
1454	01:45.984	3	2,4,5,6,7,8,9,10,16	5	4
1455	01:46.033	8	2,3,4,5,6,7,9,10,11,12,13,14,15	56	1
1456	01:46.035	5	2,3,4,8,9,10,11,16	5	3
1457	01:46.071	5	2,3,4,8,9,10,11,16	65	3
1458	01:46.074	16	1,2,3,4,5	5	2
1459	01:46.091	16	1,2,3,4,5	57	2
1460	01:46.093	1	16	5	0
1461	01:46.125	1	16	64	0
1462	01:46.127	16	1,2,3,4,5	5	2
1463	01:46.157	16	1,2,3,4,5	73	2
1464	01:46.160	5	2,3,4,8,9,10,11,16	5	3
1465	01:46.165	5	2,3,4,8,9,10,11,16	73	3
1466	01:46.168	8	2,3,4,5,6,7,9,10,11,12,13,14,15	5	1
1467	01:46.881	11	4,5,8,9,10,14,15	56	2
1468	01:46.883	5	2,3,4,8,9,10,11,16	5	3
1469	01:46.888	5	2,3,4,8,9,10,11,16	65	3
1470	01:46.891	16	1,2,3,4,5	5	2
1471	01:46.894	16	1,2,3,4,5	57	2
1472	01:46.896	1	16	5	0
1473	01:46.936	1	16	64	0
1474	01:46.938	16	1,2,3,4,5	5	2
1475	01:46.970	16	1,2,3,4,5	73	2
1476	01:46.973	5	2,3,4,8,9,10,11,16	5	3
1477	01:46.986	5	2,3,4,8,9,10,11,16	73	3
1478	01:46.989	11	4,5,8,9,10,14,15	5	2
1479	01:47.335	4	2,3,5,7,8,9,10,11,16	56	4
1480	01:47.337	16	1,2,3,4,5	5	2
1481	01:47.380	16	1,2,3,4,5	57	2
1482	01:47.382	1	16	5	0
1483	01:47.422	1	16	56	0
1484	01:47.424	16	1,2,3,4,5	5	2
1485	01:47.439	16	1,2,3,4,5	65	2
1486	01:47.442	4	2,3,5,7,8,9,10,11,16	5	4
1487	01:48.567	9	2,3,4,5,6,7,8,10,11,12,13,14,15	56	1
1488	01:48.569	5	2,3,4,8,9,10,11,16	5	3
1489	01:48.581	5	2,3,4,8,9,10,11,16	65	3
1490	01:48.584	16	1,2,3,4,5	5	2
1491	01:48.621	16	1,2,3,4,5	57	2
1492	01:48.623	1	16	5	0
1493	01:48.640	1	16	64	0
1494	01:48.642	16	1,2,3,4,5	5	2
1495	01:48.666	16	1,2,3,4,5	73	2
1496	01:48.669	5	2,3,4,8,9,10,11,16	5	3
1497	01:48.709	5	2,3,4,8,9,10,11,16	73	3
1498	01:48.712	9	2,3,4,5,6,7,8,10,11,12,13,14,15	5	1
1499	01:49.439	12	6,7,8,9,13,14,15	56	3
1500	01:49.441	8	2,3,4,5,6,7,9,10,11,12,13,14,15	5	1
1501	01:49.483	8	2,3,4,5,6,7,9,10,11,12,13,14,15	65	1
1502	01:49.486	5	2,3,4,8,9,10,11,16	5	3
1503	01:49.501	5	2,3,4,8,9,10,11,16	65	3
1504	01:49.504	16	1,2,3,4,5	5	2
1505	01:49.538	16	1,2,3,4,5	57	2
1506	01:49.540	1	16	5	0
1507	01:49.570	1	16	72	0
1508	01:49.573	16	1,2,3,4,5	5	2
1509	01:49.587	16	1,2,3,4,5	81	2
1510	01:49.590	5	2,3,4,8,9,10,11,16	5	3
1511	01:49.605	5	2,3,4,8,9,10,11,16	81	3
1512	01:49.608	8	2,3,4,5,6,7,9,10,11,12,13,14,15	5	1
1513	01:49.624	8	2,3,4,5,6,7,9,10,11,12,13,14,15	81	1
1514	01:49.627	12	6,7,8,9,13,14,15	5	3
1515	01:50.158	13	6,7,8,9,10,12,14,15	97	4
1516	01:50.263	7	2,3,4,6,8,9,10,12,13,14	56	2
1517	01:50.265	4	2,3,5,7,8,9,10,11,16	5	4
1518	01:50.278	4	2,3,5,7,8,9,10,11,16	65	4
1519	01:50.281	16	1,2,3,4,5	5	2
1520	01:50.299	16	1,2,3,4,5	57	2
1521	01:50.301	1	16	5	0
1522	01:50.311	1	16	64	0
1523	01:50.313	16	1,2,3,4,5	5	2
1524	01:50.337	16	1,2,3,4,5	73	2
1525	01:50.340	4	2,3,5,7,8,9,10,11,16	5	4
1526	01:50.371	4	2,3,5,7,8,9,10,11,16	73	4
1527	01:50.374	7	2,3,4,6,8,9,10,12,13,14	5	2
1528	01:50.629	13	6,7,8,9,10,12,14,15	56	4
1529	01:50.631	10	3,4,5,7,8,9,11,13,14,15	5	2
1530	01:50.643	10	3,4,5,7,8,9,11,13,14,15	65	2
1531	01:50.646	5	2,3,4,8,9,10,11,16	5	3
1532	01:50.667	5	2,3,4,8,9,10,11,16	65	3
1533	01:50.670	16	1,2,3,4,5	5	2
1534	01:50.700	16	1,2,3,4,5	57	2
1535	01:50.702	1	16	5	0
1536	01:50.737	1	16	72	0
1537	01:50.740	16	1,2,3,4,5	5	2
1538	01:50.766	16	1,2,3,4,5	81	2
1539	01:50.769	5	2,3,4,8,9,10,11,16	5	3
1540	01:50.780	5	2,3,4,8,9,10,11,16	81	3
1541	01:50.783	10	3,4,5,7,8,9,11,13,14,15	5	2
1542	01:50.816	10	3,4,5,7,8,9,11,13,14,15	81	2
1543	01:50.819	13	6,7,8,9,10,12,14,15	5	4
1544	01:52.240	10	3,4,5,7,8,9,11,13,14,15	56	2
1545	01:52.242	5	2,3,4,8,9,10,11,16	5	3
1546	01:52.245	5	2,3,4,8,9,10,11,16	65	3
1547	01:52.248	16	1,2,3,4,5	5	2
1548	01:52.284	16	1,2,3,4,5	57	2
1549	01:52.286	1	16	5	0
1550	01:52.321	1	16	64	0
1551	01:52.323	16	1,2,3,4,5	5	2
1552	01:52.357	16	1,2,3,4,5	73	2
1553	01:52.360	5	2,3,4,8,9,10,11,16	5	3
1554	01:52.375	5	2,3,4,8,9,10,11,16	73	3
1555	01:52.378	10	3,4,5,7,8,9,11,13,14,15	5	2
1556	01:52.602	5	2,3,4,8,9,10,11,16	56	3
1557	01:52.604	16	1,2,3,4,5	5	2
1558	01:52.624	16	1,2,3,4,5	57	2
1559	01:52.626	1	16	5	0
1560	01:52.667	1	16	56	0
1561	01:52.669	16	1,2,3,4,5	5	2
1562	01:52.704	16	1,2,3,4,5	65	2
1563	01:52.707	5	2,3,4,8,9,10,11,16	5	3
1564	01:53.231	6	2,3,7,8,9,12,13	56	2
1565	01:53.233	2	3,4,5,6,7,8,9,16	5	3
1566	01:53.264	2	3,4,5,6,7,8,9,16	65	3
1567	01:53.267	16	1,2,3,4,5	5	2
1568	01:53.281	16	1,2,3,4,5	57	2
1569	01:53.283	1	16	5	0
1570	01:53.302	1	16	64	0
1571	01:53.304	16	1,2,3,4,5	5	2
1572	01:53.319	16	1,2,3,4,5	73	2
1573	01:53.322	2	3,4,5,6,7,8,9,16	5	3
1574	01:53.326	2	3,4,5,6,7,8,9,16	73	3
1575	01:53.329	6	2,3,7,8,9,12,13	5	2
1576	01:54.414	14	7,8,9,10,11,12,13,15	56	4
1577	01:54.416	11	4,5,8,9,10,14,15	5	2
1578	01:54.419	11	4,5,8,9,10,14,15	65	2
1579	01:54.422	5	2,3,4,8,9,10,11,16	5	3
1580	01:54.447	5	2,3,4,8,9,10,11,16	65	3
1581	01:54.450	16	1,2,3,4,5	5	2
1582	01:54.485	16	1,2,3,4,5	57	2
1583	01:54.487	1	16	5	0
1584	01:54.503	1	16	72	0
1585	01:54.506	16	1,2,3,4,5	5	2
1586	01:54.518	16	1,2,3,4,5	81	2
1587	01:54.521	5	2,3,4,8,9,10,11,16	5	3
1588	01:54.526	5	2,3,4,8,9,10,11,16	81	3
1589	01:54.529	11	4,5,8,9,10,14,15	5	2
1590	01:54.566	11	4,5,8,9,10,14,15	81	2
1591	01:54.569	14	7,8,9,10,11,12,13,15	5	4
1592	01:54.798	12	6,7,8,9,13,14,15	102	3
1593	01:54.802	7	2,3,4,6,8,9,10,12,13,14	5	2
1594	01:55.074	3	2,4,5,6,7,8,9,10,16	56	4
1595	01:55.076	16	1,2,3,4,5	5	2
1596	01:55.094	16	1,2,3,4,5	57	2
1597	01:55.096	1	16	5	0
1598	01:55.104	1	16	56	0
1599	01:55.106	16	1,2,3,4,5	5	2
1600	01:55.146	16	1,2,3,4,5	65	2
1601	01:55.149	3	2,4,5,6,7,8,9,10,16	5	4
1602	01:55.231	8	2,3,4,5,6,7,9,10,11,12,13,14,15	56	1
1603	01:55.233	5	2,3,4,8,9,10,11,16	5	3
1604	01:55.237	5	2,3,4,8,9,10,11,16	65	3
1605	01:55.240	16	1,2,3,4,5	5	2
1606	01:55.262	16	1,2,3,4,5	57	2
1607	01:55.264	1	16	5	0
1608	01:55.269	1	16	64	0
1609	01:55.271	16	1,2,3,4,5	5	2
1610	01:55.310	16	1,2,3,4,5	73	2
1611	01:55.313	5	2,3,4,8,9,10,11,16	5	3
1612	01:55.342	5	2,3,4,8,9,10,11,16	73	3
1613	01:55.345	8	2,3,4,5,6,7,9,10,11,12,13,14,15	5	1
1614	01:55.520	15	8,9,10,11,12,13,14	56	3
1615	01:55.522	11	4,5,8,9,10,14,15	5	2
1616	01:55.552	11	10,14,15	65	6
1617	01:55.553	2	6,7,16	56	8
1618	01:55.555	16	1,2,3,4,5	5	2
1619	01:55.561	11	4,5,8,9,10,14,15	65	2
1620	01:55.564	5	2,3,4,8,9,10,11,16	5	3
1621	01:55.576	16	1,2,3,4,5	57	2
1622	01:55.578	1	16	5	0
1623	01:55.584	5	2,3,4,8,9,10,11,16	65	3
1624	01:55.587	16	1,2,3,4,5	5	2
1625	01:55.605	1	16	56	0
1626	01:55.607	16	1,2,3,4,5	5	2
1627	01:55.614	16	1,2,3,4,5	57	2
1628	01:55.616	1	16	5	0
1629	01:55.635	1	16	72	0
1630	01:55.638	16	1,2,3,4,5	5	2
1631	01:55.641	16	1,2,3,4,5	65	2
1632	01:55.644	2	3,4,5,6,7,8,9,16	5	3
1633	01:55.659	16	1,2,3,4,5	81	2
1634	01:55.662	5	2,3,4,8,9,10,11,16	5	3
1635	01:55.665	5	2,3,4,8,9,10,11,16	81	3
1636	01:55.669	11	4,5,8,9,10,14,15	5	2
1637	01:55.696	11	4,5,8,9,10,14,15	81	2
1638	01:55.699	15	8,9,10,11,12,13,14	5	3
1639	01:56.062	10	3,4,5,7,8,9,11,13,14,15	102	2
1640	01:56.066	3	2,4,5,6,7,8,9,10,16	5	4
1641	01:57.805	11	4,5,8,9,10,14,15	56	2
1642	01:57.807	5	2,3,4,8,9,10,11,16	5	3
1643	01:57.822	5	2,3,4,8,9,10,11,16	65	3
1644	01:57.825	16	1,2,3,4,5	5	2
1645	01:57.828	16	1,2,3,4,5	57	2
1646	01:57.830	1	16	5	0
1647	01:57.850	1	16	64	0
1648	01:57.852	16	1,2,3,4,5	5	2
1649	01:57.868	16	1,2,3,4,5	73	2
1650	01:57.871	5	2,3,4,8,9,10,11,16	5	3
1651	01:57.903	5	2,3,4,8,9,10,11,16	73	3
1652	01:57.906	11	4,5,8,9,10,14,15	5	2
1653	01:57.970	9	2,3,4,5,6,7,8,10,11,12,13,14,15	56	1
1654	01:57.972	5	2,3,4,8,9,10,11,16	5	3
1655	01:58.000	5	2,3,4,8,9,10,11,16	65	3
1656	01:58.003	16	1,2,3,4,5	5	2
1657	01:58.014	16	1,2,3,4,5	57	2
1658	01:58.016	1	16	5	0
1659	01:58.037	1	16	64	0
1660	01:58.039	16	1,2,3,4,5	5	2
1661	01:58.048	16	1,2,3,4,5	73	2
1662	01:58.051	5	2,3,4,8,9,10,11,16	5	3
1663	01:58.056	5	2,3,4,8,9,10,11,16	73	3
1664	01:58.059	9	2,3,4,5,6,7,8,10,11,12,13,14,15	5	1
1665	01:58.102	4	2,3,5,7,8,9,10,11,16	56	4
1666	01:58.104	16	1,2,3,4,5	5	2
1667	01:58.111	16	1,2,3,4,5	57	2
1668	01:58.113	1	16	5	0
1669	01:58.136	1	16	56	0
1670	01:58.138	16	1,2,3,4,5	5	2
1671	01:58.176	16	1,2,3,4,5	65	2
1672	01:58.179	4	2,3,5,7,8,9,10,11,16	5	4
1673	01:59.572	7	2,3,4,6,8,9,10,12,13,14	56	2
1674	01:59.574	4	2,3,5,7,8,9,10,11,16	5	4
1675	01:59.593	4	2,3,5,7,8,9,10,11,16	65	4
1676	01:59.596	16	1,2,3,4,5	5	2
1677	01:59.617	16	1,2,3,4,5	57	2
1678	01:59.619	1	16	5	0
1679	01:59.645	1	16	64	0
1680	01:59.647	16	1,2,3,4,5	5	2
1681	01:59.667	16	1,2,3,4,5	73	2
1682	01:59.670	4	2,3,5,7,8,9,10,11,16	5	4
1683	01:59.688	4	2,3,5,7,8,9,10,11,16	73	4
1684	01:59.691	7	2,3,4,6,8,9,10,12,13,14	5	2
1685	02:00.158	12	6,7,8,9,13,14,15	56	3
1686	02:00.160	8	2,3,4,5,6,7,9,10,11,12,13,14,15	5	1
1687	02:00.176	8	2,3,4,5,6,7,9,10,11,12,13,14,15	65	1
1688	02:00.179	5	2,3,4,8,9,10,11,16	5	3
1689	02:00.206	5	2,3,4,8,9,10,11,16	65	3
1690	02:00.209	16	1,2,3,4,5	5	2
1691	02:00.249	16	1,2,3,4,5	57	2
1692	02:00.251	1	16	5	0
1693	02:00.283	1	16	72	0
1694	02:00.286	16	1,2,3,4,5	5	2
1695	02:00.318	16	1,2,3,4,5	81	2
1696	02:00.321	5	2,3,4,8,9,10,11,16	5	3
1697	02:00.336	5	2,3,4,8,9,10,11,16	81	3
1698	02:00.339	8	2,3,4,5,6,7,9,10,11,12,13,14,15	5	1
1699	02:00.376	8	2,3,4,5,6,7,9,10,11,12,13,14,15	81	1
1700	02:00.379	12	6,7,8,9,13,14,15	5	3
1701	02:00.949	13	6,7,8,9,10,12,14,15	56	4
1702	02:00.951	10	3,4,5,7,8,9,11,13,14,15	5	2
1703	02:00.955	10	3,4,5,7,8,9,11,13,14,15	65	2
1704	02:00.958	5	2,3,4,8,9,10,11,16	5	3
1705	02:00.983	5	2,3,4,8,9,10,11,16	65	3
1706	02:00.986	16	1,2,3,4,5	5	2
1707	02:01.004	16	1,2,3,4,5	57	2
1708	02:01.006	1	16	5	0
1709	02:01.019	1	16	72	0
1710	02:01.022	16	1,2,3,4,5	5	2
1711	02:01.026	14	7,8,9,10,11,12,13,15	102	4
1712	02:01.030	7	2,3,4,6,8,9,10,12,13,14	5	2
1713	02:01.034	16	1,2,3,4,5	81	2
1714	02:01.037	5	2,3,4,8,9,10,11,16	5	3
1715	02:01.045	5	2,3,4,8,9,10,11,16	81	3
1716	02:01.048	10	3,4,5,7,8,9,11,13,14,15	5	2
1717	02:01.052	10	3,4,5,7,8,9,11,13,14,15	81	2
1718	02:01.055	13	6,7,8,9,10,12,14,15	5	4
1719	02:01.274	10	3,4,5,7,8,9,11,13,14,15	56	2
1720	02:01.276	5	2,3,4,8,9,10,11,16	5	3
1721	02:01.309	5	2,3,4,8,9,10,11,16	65	3
1722	02:01.312	16	1,2,3,4,5	5	2
1723	02:01.340	16	1,2,3,4,5	57	2
1724	02:01.342	1	16	5	0
1725	02:01.377	1	16	64	0
1726	02:01.379	16	1,2,3,4,5	5	2
1727	02:01.421	16	1,2,3,4,5	73	2
1728	02:01.424	5	2,3,4,8,9,10,11,16	5	3
1729	02:01.449	5	2,3,4,8,9,10,11,16	73	3
1730	02:01.452	10	3,4,5,7,8,9,11,13,14,15	5	2
1731	02:03.616	5	2,3,4,8,9,10,11,16	56	3
1732	02:03.618	16	1,2,3,4,5	5	2
1733	02:03.654	16	1,2,3,4,5	57	2
1734	02:03.656	1	16	5	0
1735	02:03.666	6	2,3,7,8,9,12,13	56	2
1736	02:03.668	2	3,4,5,6,7,8,9,16	5	3
1737	02:03.698	1	16	56	0
1738	02:03.700	16	1,2,3,4,5	5	2
1739	02:03.700	2	3,4,5,6,7,8,9,16	65	3
1740	02:03.703	16	1,2,3,4,5	5	2
1741	02:03.718	2	3,4,5,6,7,8,9,16	65	3
1742	02:03.721	16	1,2,3,4,5	5	2
1743	02:03.734	16	1,2,3,4,5	57	2
1744	02:03.736	1	16	5	0
1745	02:03.739	16	1,2,3,4,5	65	2
1746	02:03.742	5	2,3,4,8,9,10,11,16	5	3
1747	02:03.757	14	7,8,9,10,11,12,13,15	56	4
1748	02:03.759	11	4,5,8,9,10,14,15	5	2
1749	02:03.766	11	4,5,8,9,10,14,15	65	2
1750	02:03.769	5	2,3,4,8,9,10,11,16	5	3
1751	02:03.777	1	16	64	0
1752	02:03.779	16	1,2,3,4,5	5	2
1753	02:03.795	5	2,3,4,8,9,10,11,16	65	3
1754	02:03.798	16	1,2,3,4,5	5	2
1755	02:03.816	16	1,2,3,4,5	73	2
1756	02:03.819	2	3,4,5,6,7,8,9,16	5	3
1757	02:03.829	16	1,2,3,4,5	57	2
1758	02:03.831	1	16	5	0
1759	02:03.846	2	3,4,5,6,7,8,9	73	4
1760	02:03.847	1	-	72	1
1761	02:03.849	6	2,3,7,8,9,12,13	5	2
1762	02:03.871	1	16	72	0
1763	02:03.874	16	1,2,3,4,5	5	2
1764	02:03.893	16	1,2,3,4,5	81	2
1765	02:03.896	5	2,3,4,8,9,10,11,16	5	3
1766	02:03.935	5	2,3,4,8,9,10,11,16	81	3
1767	02:03.938	11	4,5,8,9,10,14,15	5	2
1768	02:03.959	11	4,5,8,9,10,14,15	81	2
1769	02:03.962	14	7,8,9,10,11,12,13,15	5	4
1770	02:04.793	8	2,3,4,5,6,7,9,10,11,12,13,14,15	56	1
1771	02:04.795	5	2,3,4,8,9,10,11,16	5	3
1772	02:04.817	5	2,3,4,8,9,10,11,16	65	3
1773	02:04.820	16	1,2,3,4,5	5	2
1774	02:04.855	16	1,2,3,4,5	57	2
1775	02:04.857	1	16	5	0
1776	02:04.889	1	16	64	0
1777	02:04.891	16	1,2,3,4,5	5	2
1778	02:04.895	16	1,2,3,4,5	73	2
1779	02:04.898	5	2,3,4,8,9,10,11,16	5	3
1780	02:04.922	5	2,3,4,8,9,10,11,16	73	3
1781	02:04.925	8	2,3,4,5,6,7,9,10,11,12,13,14,15	5	1
1782	02:05.083	2	3,4,5,6,7,8,9,16	56	3
1783	02:05.085	16	1,2,3,4,5	5	2
1784	02:05.088	16	1,2,3,4,5	57	2
1785	02:05.091	1	16	5	0
1786	02:05.134	1	16	56	0
1787	02:05.136	16	1,2,3,4,5	5	2
1788	02:05.162	16	1,2,3,4,5	65	2
1789	02:05.165	2	3,4,5,6,7,8,9,16	5	3
1790	02:05.556	13	6,7,8,9,10,12,14,15	102	4
1791	02:05.560	6	2,3,7,8,9,12,13	5	2
1792	02:05.644	3	2,4,5,6,7,8,9,10,16	56	4
1793	02:05.646	16	1,2,3,4,5	5	2
1794	02:05.672	16	1,2,3,4,5	57	2
1795	02:05.674	1	16	5	0
1796	02:05.694	1	16	56	0
1797	02:05.696	16	1,2,3,4,5	5	2
1798	02:05.712	16	1,2,3,4,5	65	2
1799	02:05.715	3	2,4,5,6,7,8,9,10,16	5	4
1800	02:06.425	15	8,9,10,11,12,13,14	56	3
1801	02:06.427	11	4,5,8,9,10,14,15	5	2
1802	02:06.449	11	4,5,8,9,10,14,15	65	2
1803	02:06.452	5	2,3,4,8,9,10,11,16	5	3
1804	02:06.473	5	2,3,4,8,9,10,11,16	65	3
1805	02:06.476	16	1,2,3,4,5	5	2
1806	02:06.501	16	1,2,3,4,5	57	2
1807	02:06.503	1	16	5	0
1808	02:06.538	1	16	72	0
1809	02:06.541	16	1,2,3,4,5	5	2
1810	02:06.578	16	1,2,3,4,5	81	2
1811	02:06.581	5	2,3,4,8,9,10,11,16	5	3
1812	02:06.602	5	2,3,4,8,9,10,11,16	81	3
1813	02:06.605	11	4,5,8,9,10,14,15	5	2
1814	02:06.626	11	4,5,8,9,10,14,15	81	2
1815	02:06.629	15	8,9,10,11,12,13,14	5	3
1816	02:06.762	1	16	97	0
1817	02:07.199	4	2,3,5,7,8,9,10,11,16	56	4
1818	02:07.201	16	1,2,3,4,5	5	2
1819	02:07.209	16	1,2,3,4,5	57	2
1820	02:07.211	1	16	5	0
1821	02:07.251	1	16	56	0
1822	02:07.253	16	1,2,3,4,5	5	2
1823	02:07.272	16	1,2,3,4,5	65	2
1824	02:07.275	4	2,3,5,7,8,9,10,11,16	5	4
1825	02:07.750	9	2,3,4,5,6,7,8,10,11,12,13,14,15	56	1
1826	02:07.752	5	2,3,4,8,9,10,11,16	5	3
1827	02:07.772	5	2,3,4,8,9,10,11,16	65	3
1828	02:07.775	16	1,2,3,4,5	5	2
1829	02:07.792	16	1,2,3,4,5	57	2
1830	02:07.794	1	16	5	0
1831	02:07.815	1	16	64	0
1832	02:07.817	16	1,2,3,4,5	5	2
1833	02:07.853	16	1,2,3,4,5	73	2
1834	02:07.856	5	2,3,4,8,9,10,11,16	5	3
1835	02:07.889	5	2,3,4,8,9,10,11,16	73	3
1836	02:07.892	9	2,3,4,5,6,7,8,10,11,12,13,14,15	5	1
1837	02:07.901	11	4,5,8,9,10,14,15	56	2
1838	02:07.903	5	2,3,4,8,9,10,11,16	5	3
1839	02:07.931	5	2,3,4,8,9,10,11,16	65	3
1840	02:07.934	16	1,2,3,4,5	5	2
1841	02:07.937	16	1,2,3,4,5	57	2
1842	02:07.939	1	16	5	0
1843	02:07.942	1	16	64	0
1844	02:07.945	16	1,2,3,4,5	5	2
1845	02:07.959	16	1,2,3,4,5	73	2
1846	02:07.962	5	2,3,4,8,9,10,11,16	5	3
1847	02:07.990	5	2,3,4,8,9,10,11,16	73	3
1848	02:07.993	11	4,5,8,9,10,14,15	5	2
1849	02:09.869	7	2,3,4,6,8,9,10,12,13,14	56	2
1850	02:09.871	4	2,3,5,7,8,9,10,11,16	5	4
1851	02:09.902	4	2,3,5,7,8,9,10,11,16	65	4
1852	02:09.905	16	1,2,3,4,5	5	2
1853	02:09.916	16	1,2,3,4,5	57	2
1854	02:09.918	1	16	5	0
1855	02:09.960	1	16	64	0
1856	02:09.962	16	1,2,3,4,5	5	2
1857	02:10.001	16	1,2,3,4,5	73	2
1858	02:10.004	4	2,3,5,7,8,9,10,11,16	5	4
1859	02:10.045	4	2,3,5,7,8,9,10,11,16	73	4
1860	02:10.048	7	2,3,4,6,8,9,10,12,13,14	5	2
1861	02:10.380	10	3,4,5,7,8,9,11,13,14,15	56	2
1862	02:10.382	5	2,3,4,8,9,10,11,16	5	3
1863	02:10.414	5	2,3,4,8,9,10,11,16	65	3
1864	02:10.417	16	1,2,3,4,5	5	2
1865	02:10.420	16	1,2,3,4,5	57	2
1866	02:10.422	1	16	5	0
1867	02:10.460	1	16	64	0
1868	02:10.462	16	1,2,3,4,5	5	2
1869	02:10.469	16	1,2,3,4,5	73	2
1870	02:10.472	5	16	5	10
1871	02:10.471	13	6,7,12,14,15	56	7
1872	02:10.483	5	2,3,4,8,9,10,11,16	73	3
1873	02:10.486	10	3,4,5,7,8,9,11,13,14,15	5	2
1874	02:10.508	13	6,7,8,9,10,12,14,15	56	4
1875	02:10.510	10	3,4,5,7,8,9,11,13,14,15	5	2
1876	02:10.513	10	3,4,5,7,8,9,11,13,14,15	65	2
1877	02:10.516	5	2,3,4,8,9,10,11,16	5	3
1878	02:10.534	5	2,3,4,8,9,10,11,16	65	3
1879	02:10.537	16	1,2,3,4,5	5	2
1880	02:10.553	16	1,2,3,4,5	57	2
1881	02:10.555	1	16	5	0
1882	02:10.574	1	16	72	0
1883	02:10.577	16	1,2,3,4,5	5	2
1884	02:10.617	16	1,2,3,4,5	81	2
1885	02:10.620	5	2,3,4,8,9,10,11,16	5	3
1886	02:10.656	5	2,3,4,8,9,10,11,16	81	3
1887	02:10.659	10	3,4,5,7,8,9,11,13,14,15	5	2
1888	02:10.686	10	3,4,5,7,8,9,11,13,14,15	81	2
1889	02:10.689	13	6,7,8,9,10,12,14,15	5	4
1890	02:10.787	12	6,7,8,9,13,14,15	56	3
1891	02:10.789	8	2,3,4,5,6,7,9,10,11,12,13,14,15	5	1
1892	02:10.831	8	2,3,4,5,6,7,9,10,11,12,13,14,15	65	1
1893	02:10.834	5	2,3,4,8,9,10,11,16	5	3
1894	02:10.861	5	2,3,4,8,9,10,11,16	65	3
1895	02:10.864	16	1,2,3,4,5	5	2
1896	02:10.881	16	1,2,3,4,5	57	2
1897	02:10.883	1	16	5	0
1898	02:10.901	1	16	72	0
1899	02:10.904	16	1,2,3,4,5	5	2
1900	02:10.939	16	1,2,3,4,5	81	2
1901	02:10.942	5	2,3,4,8,9,10,11,16	5	3
1902	02:10.961	5	2,3,4,8,9,10,11,16	81	3
1903	02:10.964	8	2,3,4,5,6,7,9,10,11,12,13,14,15	5	1
1904	02:10.992	8	2,3,4,5,6,7,9,10,11,12,13,14,15	81	1
1905	02:10.995	12	6,7,8,9,13,14,15	5	3
1906	02:13.232	14	7,8,9,10,11,12,13,15	56	4
1907	02:13.234	11	4,5,8,9,10,14,15	5	2
1908	02:13.263	11	4,5,8,9,10,14,15	65	2
1909	02:13.266	5	2,3,4,8,9,10,11,16	5	3
1910	02:13.272	5	2,3,4,8,9,10,11,16	65	3
1911	02:13.275	16	1,2,3,4,5	5	2
1912	02:13.284	16	1,2,3,4,5	57	2
1913	02:13.286	1	16	5	0
1914	02:13.315	1	16	72	0
1915	02:13.318	16	1,2,3,4,5	5	2
1916	02:13.355	16	1,2,3,4,5	81	2
1917	02:13.358	5	2,3,4,8,9,10,11,16	5	3
1918	02:13.377	5	2,3,4,8,9,10,11,16	81	3
1919	02:13.380	11	4,5,8,9,10,14,15	5	2
1920	02:13.392	11	4,5,8,9,10,14,15	81	2
1921	02:13.395	14	7,8,9,10,11,12,13,15	5	4
1922	02:13.474	5	2,3,4,8,9,10,11,16	57	3
1923	02:13.476	16	1,2,3,4,5	5	2
1924	02:13.495	16	1,2,3,4,5	58	2
1925	02:13.497	1	16	5	0
1926	02:13.538	1	16	57	0
1927	02:13.540	16	1,2,3,4,5	5	2
1928	02:13.569	16	1,2,3,4,5	66	2
1929	02:13.572	5	2,3,4,8,9,10,11,16	5	3
1930	02:14.322	6	2,3,7,8,9,12,13	56	2
1931	02:14.324	2	3,4,5,6,7,8,9,16	5	3
1932	02:14.345	2	3,4,5,6,7,8,9,16	65	3
1933	02:14.348	16	1,2,3,4,5	5	2
1934	02:14.368	16	1,2,3,4,5	57	2
1935	02:14.370	1	16	5	0
1936	02:14.397	1	-	64	1
1937	02:14.397	4	2,3,5,7,8,9,10,11	97	5
1938	02:14.423	1	16	64	0
1939	02:14.425	16	1,2,3,4,5	5	2
1940	02:14.458	16	1,2,3,4,5	73	2
1941	02:14.461	2	3,4,5,6,7,8,9,16	5	3
1942	02:14.494	2	3,4,5,6,7,8,9,16	73	3
1943	02:14.497	6	2,3,7,8,9,12,13	5	2
1944	02:14.782	8	2,3,4,5,6,7,9,10,11,12,13,14,15	56	1
1945	02:14.784	5	2,3,4,8,9,10,11,16	5	3
1946	02:14.825	5	2,3,4,8,9,10,11,16	65	3
1947	02:14.828	16	1,2,3,4,5	5	2
1948	02:14.857	16	1,2,3,4,5	57	2
1949	02:14.859	1	16	5	0
1950	02:14.892	1	16	64	0
1951	02:14.894	16	1,2,3,4,5	5	2
1952	02:14.902	16	1,2,3,4,5	73	2
1953	02:14.905	5	2,3,4,8,9,10,11,16	5	3
1954	02:14.932	5	2,3,4,8,9,10,11,16	73	3
1955	02:14.935	8	2,3,4,5,6,7,9,10,11,12,13,14,15	5	1
1956	02:15.711	2	3,4,5,6,7,8,9,16	57	3
1957	02:15.713	16	1,2,3,4,5	5	2
1958	02:15.723	16	1,2,3,4,5	58	2
1959	02:15.725	1	16	5	0
1960	02:15.733	1	16	57	0
1961	02:15.735	16	1,2,3,4,5	5	2
1962	02:15.763	16	1,2,3,4,5	66	2
1963	02:15.766	2	3,4,5,6,7,8,9,16	5	3
1964	02:16.231	4	2,3,5,7,8,9,10,11,16	57	4
1965	02:16.233	16	1,2,3,4,5	5	2
1966	02:16.270	16	1,2,3,4,5	58	2
1967	02:16.272	1	16	5	0
1968	02:16.279	1	16	57	0
1969	02:16.281	16	1,2,3,4,5	5	2
1970	02:16.287	16	1,2,3,4,5	66	2
1971	02:16.290	4	2,3,5,7,8,9,10,11,16	5	4
1972	02:16.296	3	2,4,5,6,7,8,9,10,16	57	4
1973	02:16.298	16	1,2,3,4,5	5	2
1974	02:16.334	16	1,2,3,4,5	58	2
1975	02:16.336	1	16	5	0
1976	02:16.370	1	16	57	0
1977	02:16.372	16	1,2,3,4,5	5	2
1978	02:16.402	16	1,2,3,4,5	66	2
1979	02:16.405	3	2,4,5,6,7,8,9,10,16	5	4
1980	02:16.517	15	8,9,10,11,12,13,14	56	3
1981	02:16.519	11	4,5,8,9,10,14,15	5	2
1982	02:16.525	11	4,5,8,9,10,14,15	65	2
1983	02:16.528	5	2,3,4,8,9,10,11,16	5	3
1984	02:16.557	5	2,3,4,8,9,10,11,16	65	3
1985	02:16.560	16	1,2,3,4,5	5	2
1986	02:16.592	16	1,2,3,4,5	57	2
1987	02:16.594	1	16	5	0
1988	02:16.603	1	16	72	0
1989	02:16.606	16	1,2,3,4,5	5	2
1990	02:16.625	16	1,2,3,4,5	81	2
1991	02:16.628	5	2,3,4,8,9,10,11,16	5	3
1992	02:16.633	5	2,3,4,8,9,10,11,16	81	3
1993	02:16.636	11	4,5,8,9,10,14,15	5	2
1994	02:16.657	11	4,5,8,9,10,14,15	81	2
1995	02:16.660	15	8,9,10,11,12,13,14	5	3
1996	02:17.077	11	4,5,8,9,10,14,15	57	2
1997	02:17.079	5	2,3,4,8,9,10,11,16	5	3
1998	02:17.105	5	2,3,4,8,9,10,11,16	66	3
1999	02:17.108	16	1,2,3,4,5	5	2
2000	02:17.146	16	1,2,3,4,5	58	2
2001	02:17.148	1	16	5	0
2002	02:17.186	1	16	65	0
2003	02:17.189	16	1,2,3,4,5	5	2
2004	02:17.197	16	1,2,3,4,5	74	2
2005	02:17.200	5	2,3,4,8,9,10,11,16	5	3
2006	02:17.226	5	2,3,4,8,9,10,11,16	74	3
2007	02:17.229	11	4,5,8,9,10,14,15	5	2
2008	02:18.323	10	3,4,5,7,8,9,11,13,14,15	97	2
2009	02:18.549	9	2,3,4,5,6,7,8,10,11,12,13,14,15	56	1
2010	02:18.551	5	2,3,4,8,9,10,11,16	5	3
2011	02:18.555	5	2,3,4,8,9,10,11,16	65	3
2012	02:18.558	16	1,2,3,4,5	5	2
2013	02:18.591	16	1,2,3,4,5	57	2
2014	02:18.593	1	16	5	0
2015	02:18.620	1	16	64	0
2016	02:18.622	16	1,2,3,4,5	5	2
2017	02:18.640	16	1,2,3,4,5	73	2
2018	02:18.643	5	2,3,4,8,9,10,11,16	5	3
2019	02:18.677	5	2,3,4,8,9,10,11,16	73	3
2020	02:18.680	9	2,3,4,5,6,7,8,10,11,12,13,14,15	5	1
2021	02:19.657	10	3,4,5,7,8,9,11,13,14,15	57	2
2022	02:19.659	5	2,3,4,8,9,10,11,16	5	3
2023	02:19.689	5	2,3,4,8,9,10,11,16	66	3
2024	02:19.692	16	1,2,3,4,5	5	2
2025	02:19.698	16	1,2,3,4,5	58	2
2026	02:19.700	1	16	5	0
2027	02:19.710	1	16	65	0
2028	02:19.713	16	1,2,3,4,5	5	2
2029	02:19.732	16	1,2,3,4,5	74	2
2030	02:19.735	5	2,3,4,8,9,10,11,16	5	3
2031	02:19.744	5	2,3,4,8,9,10,11,16	74	3
2032	02:19.747	10	3,4,5,7,8,9,11,13,14,15	5	2
2033	02:19.844	12	6,7,8,9,13,14,15	56	3
2034	02:19.846	8	2,3,4,5,6,7,9,10,11,12,13,14,15	5	1
2035	02:19.852	8	2,3,4,5,6,7,9,10,11,12,13,14,15	65	1
2036	02:19.855	5	2,3,4,8,9,10,11,16	5	3
2037	02:19.859	7	2,3,4,6,8,9,10,12,13,14	56	2
2038	02:19.861	4	2,3,5,7,8,9,10,11,16	5	4
2039	02:19.865	5	2,3,4,8,9,10,11,16	65	3
2040	02:19.868	16	1,2,3,4,5	5	2
2041	02:19.876	4	2,3,5,7,8,9,10,11,16	65	4
2042	02:19.879	16	1,2,3,4,5	5	2
2043	02:19.890	16	1,2,3,4,5	57	2
2044	02:19.892	1	16	5	0
2045	02:19.903	1	16	72	0
2046	02:19.906	16	1,2,3,4,5	5	2
2047	02:19.917	16	1,2,3,4,5	57	2
2048	02:19.919	1	16	5	0
2049	02:19.932	1	16	64	0
2050	02:19.934	16	1,2,3,4,5	5	2
2051	02:19.944	16	1,2,3,4,5	81	2
2052	02:19.947	5	2,3,4,8,9,10,11,16	5	3
2053	02:19.963	16	1,2,3,4,5	73	2
2054	02:19.966	4	2,3,5,7,8,9,10,11,16	5	4
2055	02:19.980	4	2,3,5,7,8,9,10,11,16	73	4
2056	02:19.983	7	2,3,4,6,8,9,10,12,13,14	5	2
2057	02:20.020	5	2,3,4,8,9,10,11,16	81	3
2058	02:20.023	8	2,3,4,5,6,7,9,10,11,12,13,14,15	5	1
2059	02:20.060	8	2,3,4,5,6,7,9,10,11,12,13,14,15	81	1
2060	02:20.063	12	6,7,8,9,13,14,15	5	3
2061	02:20.486	13	6,7,8,9,10,12,14,15	56	4
2062	02:20.488	10	3,4,5,7,8,9,11,13,14,15	5	2
2063	02:20.505	10	3,4,5,7,8,9,11,13,14,15	65	2
2064	02:20.508	5	2,3,4,8,9,10,11,16	5	3
2065	02:20.542	5	2,3,4,8,9,10,11,16	65	3
2066	02:20.545	16	1,2,3,4,5	5	2
2067	02:20.553	16	1,2,3,4,5	57	2
2068	02:20.555	1	16	5	0
2069	02:20.585	1	16	72	0
2070	02:20.588	16	1,2,3,4,5	5	2
2071	02:20.619	16	1,2,3,4,5	81	2
2072	02:20.622	5	2,3,4,8,9,10,11,16	5	3
2073	02:20.658	5	2,3,4,8,9,10,11,16	81	3
2074	02:20.661	10	3,4,5,7,8,9,11,13,14,15	5	2
2075	02:20.701	10	3,4,5,7,8,9,11,13,14,15	81	2
2076	02:20.704	13	6,7,8,9,10,12,14,15	5	4
2077	02:20.803	8	2,3,4,5,6,7,9,10,11,12,13,14,15	102	1
2078	02:20.807	11	4,5,8,9,10,14,15	5	2
2079	02:21.969	6	2,3,7,8,9,12,13	97	2
2080	02:22.548	5	2,3,4,8,9,10,11,16	57	3
2081	02:22.550	16	1,2,3,4,5	5	2
2082	02:22.554	16	1,2,3,4,5	58	2
2083	02:22.556	1	16	5	0
2084	02:22.597	1	16	57	0
2085	02:22.599	16	1,2,3,4,5	5	2
2086	02:22.631	16	1,2,3,4,5	66	2
2087	02:22.634	5	2,3,4,8,9,10,11,16	5	3
2088	02:23.434	14	7,8,9,10,11,12,13,15	56	4
2089	02:23.436	11	4,5,8,9,10,14,15	5	2
2090	02:23.449	11	4,5,8,9,10,14,15	65	2
2091	02:23.452	5	2,3,4,8,9,10,11,16	5	3
2092	02:23.476	5	2,3,4,8,9,10,11,16	65	3
2093	02:23.479	16	1,2,3,4,5	5	2
2094	02:23.511	16	1,2,3,4,5	57	2
2095	02:23.513	1	16	5	0
2096	02:23.550	1	16	72	0
2097	02:23.553	16	1,2,3,4,5	5	2
2098	02:23.558	16	1,2,3,4,5	81	2
2099	02:23.561	5	2,3,4,8,9,10,11,16	5	3
2100	02:23.598	5	2,3,4,8,9,10,11,16	81	3
2101	02:23.601	11	4,5,8,9,10,14,15	5	2
2102	02:23.608	11	4,5,8,9,10,14,15	81	2
2103	02:23.611	14	7,8,9,10,11,12,13,15	5	4
2104	02:23.988	6	2,3,7,8,9,12,13	56	2
2105	02:23.990	2	3,4,5,6,7,8,9,16	5	3
2106	02:23.993	2	3,4,5,6,7,8,9,16	65	3
2107	02:23.996	16	1,2,3,4,5	5	2
2108	02:24.001	16	1,2,3,4,5	57	2
2109	02:24.003	1	16	5	0
2110	02:24.019	1	16	64	0
2111	02:24.021	16	1,2,3,4,5	5	2
2112	02:24.064	16	1,2,3,4,5	73	2
2113	02:24.067	2	3,4,5,6,7,8,9,16	5	3
2114	02:24.105	2	3,4,5,6,7,8,9,16	73	3
2115	02:24.108	6	2,3,7,8,9,12,13	5	2
2116	02:24.522	6	2,3,7,8,9,12,13	102	2
2117	02:24.526	7	2,3,4,6,8,9,10,12,13,14	5	2
2118	02:24.928	16	1,2,3,4,5	97	2
2119	02:25.089	8	2,3,4,5,6,7,9,10,11,12,13,14,15	57	1
2120	02:25.091	5	2,3,4,8,9,10,11,16	5	3
2121	02:25.129	5	2,3,4,8,9,10,11,16	66	3
2122	02:25.132	16	1,2,3,4,5	5	2
2123	02:25.156	16	1,2,3,4,5	58	2
2124	02:25.158	1	16	5	0
2125	02:25.181	1	16	65	0
2126	02:25.184	16	1,2,3,4,5	5	2
2127	02:25.210	16	1,2,3,4,5	74	2
2128	02:25.213	5	2,3,4,8,9,10,11,16	5	3
2129	02:25.256	5	2,3,4,8,9,10,11,16	74	3
2130	02:25.259	8	2,3,4,5,6,7,9,10,11,12,13,14,15	5	1
2131	02:25.363	2	3,4,5,6,7,8,9,16	57	3
2132	02:25.365	16	1,2,3,4,5	5	2
2133	02:25.406	16	1,2,3,4,5	58	2
2134	02:25.408	1	16	5	0
2135	02:25.439	1	16	57	0
2136	02:25.441	16	1,2,3,4,5	5	2
2137	02:25.470	16	1,2,3,4,5	66	2
2138	02:25.473	2	3,4,5,6,7,8,9,16	5	3
2139	02:25.521	3	2,4,5,6,7,8,9,10,16	102	4
2140	02:25.525	5	2,3,4,8,9,10,11,16	5	3
2141	02:25.749	3	2,4,5,6,7,8,9,10,16	97	4
2142	02:25.789	4	2,3,5,7,8,9,10,11,16	57	4
2143	02:25.791	16	1,2,3,4,5	5	2
2144	02:25.832	16	1,2,3,4,5	58	2
2145	02:25.834	1	16	5	0
2146	02:25.847	1	16	57	0
2147	02:25.849	16	1,2,3,4,5	5	2
2148	02:25.880	16	1,2,3,4,5	66	2
2149	02:25.883	4	2,3,5,7,8,9,10,11,16	5	4
2150	02:26.175	3	2,4,5,6,7,8,9,10,16	57	4
2151	02:26.177	16	1,2,3,4,5	5	2
2152	02:26.210	16	1,2,3,4,5	58	2
2153	02:26.212	1	16	5	0
2154	02:26.239	1	16	57	0
2155	02:26.241	16	1,2,3,4,5	5	2
2156	02:26.270	16	1,2,3,4,5	66	2
2157	02:26.273	3	2,4,5,6,7,8,9,10,16	5	4
2158	02:27.028	11	4,5,8,9,10,14,15	57	2
2159	02:27.030	5	2,3,4,8,9,10,11,16	5	3
2160	02:27.061	5	2,3,4,8,9,10,11,16	66	3
2161	02:27.064	16	1,2,3,4,5	5	2
2162	02:27.085	16	1,2,3,4,5	58	2
2163	02:27.087	1	16	5	0
2164	02:27.108	1	16	65	0
2165	02:27.111	16	1,2,3,4,5	5	2
2166	02:27.150	16	1,2,3,4,5	74	2
2167	02:27.153	5	2,3,4,8,9,10,11,16	5	3
2168	02:27.165	5	2,3,4,8,9,10,11,16	74	3
2169	02:27.168	11	4,5,8,9,10,14,15	5	2
2170	02:27.209	15	8,9,10,11,12,13,14	56	3
2171	02:27.211	11	4,5,8,9,10,14,15	5	2
2172	02:27.236	11	4,5,8,9,10,14,15	65	2
2173	02:27.239	5	2,3,4,8,9,10,11,16	5	3
2174	02:27.255	5	2,3,4,8,9,10,11,16	65	3
2175	02:27.258	16	1,2,3,4,5	5	2
2176	02:27.298	16	1,2,3,4,5	57	2
2177	02:27.300	1	16	5	0
2178	02:27.323	1	16	72	0
2179	02:27.326	16	1,2,3,4,5	5	2
2180	02:27.363	16	1,2,3,4,5	81	2
2181	02:27.366	5	2,3,4,8,9,10,11,16	5	3
2182	02:27.388	5	2,3,4,8,9,10,11,16	81	3
2183	02:27.391	11	4,5,8,9,10,14,15	5	2
2184	02:27.430	11	4,5,8,9,10,14,15	81	2
2185	02:27.433	15	8,9,10,11,12,13,14	5	3
2186	02:28.792	10	3,4,5,7,8,9,11,13,14,15	57	2
2187	02:28.794	5	2,3,4,8,9,10,11,16	5	3
2188	02:28.830	5	2,3,4,8,9,10,11,16	66	3
2189	02:28.833	16	1,2,3,4,5	5	2
2190	02:28.845	16	1,2,3,4,5	58	2
2191	02:28.847	1	16	5	0
2192	02:28.887	1	16	65	0
2193	02:28.890	16	1,2,3,4,5	5	2
2194	02:28.921	16	1,2,3,4,5	74	2
2195	02:28.924	5	2,3,4,8,9,10,11,16	5	3
2196	02:28.961	5	2,3,4,8,9,10,11,16	74	3
2197	02:28.964	10	3,4,5,7,8,9,11,13,14,15	5	2
2198	02:29.055	9	2,3,4,5,6,7,8,10,11,12,13,14,15	57	1
2199	02:29.057	5	2,3,4,8,9,10,11,16	5	3
2200	02:29.092	12	6,7,13,14,15	56	5
2201	02:29.093	5	4,11,16	66	8
2202	02:29.096	16	1,2,3,4,5	5	2
2203	02:29.107	12	6,7,8,9,13,14,15	56	3
2204	02:29.109	8	2,3,4,5,6,7,9,10,11,12,13,14,15	5	1
2205	02:29.124	8	2,3,4,5,6,7,9,10,11,12,13,14,15	65	1
2206	02:29.127	5	2,3,4,8,9,10,11,16	5	3
2207	02:29.148	5	2,3,4,8,9,10,11,16	65	3
2208	02:29.151	16	1,2,3,4,5	5	2
2209	02:29.204	16	1,2,3,4,5	58	2
2210	02:29.206	1	16	5	0
2211	02:29.217	1	16	65	0
2212	02:29.220	16	1,2,3,4,5	5	2
2213	02:29.231	16	1,2,3,4,5	57	2
2214	02:29.233	1	16	5	0
2215	02:29.255	16	1,2,3,4,5	74	2
2216	02:29.258	5	2,3,4,8,9,10,11,16	5	3
2217	02:29.272	1	-	72	1
2218	02:29.273	5	2,3,4,8,9,10,11	74	4
2219	02:29.276	9	2,3,4,5,6,7,8,10,11,12,13,14,15	5	1
2220	02:29.319	1	16	72	0
2221	02:29.322	16	1,2,3,4,5	5	2
2222	02:29.363	16	1,2,3,4,5	81	2
2223	02:29.366	5	2,3,4,8,9,10,11,16	5	3
2224	02:29.400	5	2,3,4,8,9,10,11,16	81	3
2225	02:29.403	8	2,3,4,5,6,7,9,10,11,12,13,14,15	5	1
2226	02:29.415	8	2,3,4,5,6,7,9,10,11,12,13,14,15	81	1
2227	02:29.418	12	6,7,8,9,13,14,15	5	3
2228	02:29.854	7	2,3,4,6,8,9,10,12,13,14	57	2
2229	02:29.856	4	2,3,5,7,8,9,10,11,16	5	4
2230	02:29.885	4	2,3,5,7,8,9,10,11,16	66	4
2231	02:29.888	16	1,2,3,4,5	5	2
2232	02:29.923	16	1,2,3,4,5	58	2
2233	02:29.925	1	16	5	0
2234	02:29.965	1	16	65	0
2235	02:29.968	16	1,2,3,4,5	5	2
2236	02:29.991	16	1,2,3,4,5	74	2
2237	02:29.994	4	2,3,5,7,8,9,10,11,16	5	4
2238	02:30.031	4	2,3,5,7,8,9,10,11,16	74	4
2239	02:30.034	7	2,3,4,6,8,9,10,12,13,14	5	2
2240	02:30.746	8	2,3,4,5,6,7,9,10,11,12,13,14,15	97	1
2241	02:30.928	13	6,7,8,9,10,12,14,15	56	4
2242	02:30.930	10	3,4,5,7,8,9,11,13,14,15	5	2
2243	02:30.943	10	3,4,5,7,8,9,11,13,14,15	65	2
2244	02:30.946	5	2,3,4,8,9,10,11,16	5	3
2245	02:30.958	5	2,3,4,8,9,10,11,16	65	3
2246	02:30.961	16	1,2,3,4,5	5	2
2247	02:30.981	16	1,2,3,4,5	57	2
2248	02:30.983	1	16	5	0
2249	02:31.021	1	16	72	0
2250	02:31.024	16	1,2,3,4,5	5	2
2251	02:31.050	16	1,2,3,4,5	81	2
2252	02:31.053	5	2,3,4,8,9,10,11,16	5	3
2253	02:31.083	5	2,3,4,8,9,10,11,16	81	3
2254	02:31.086	10	3,4,5,7,8,9,11,13,14,15	5	2
2255	02:31.129	10	3,4,5,7,8,9,11,13,14,15	81	2
2256	02:31.132	13	6,7,8,9,10,12,14,15	5	4
2257	02:31.199	9	2,3,4,5,6,7,8,10,11,12,13,14,15	102	1
2258	02:31.203	2	3,4,5,6,7,8,9,16	5	3
2259	02:33.003	2	3,4,5,6,7,8,9,16	97	3
2260	02:33.179	5	2,3,4,8,9,10,11,16	57	3
2261	02:33.181	16	1,2,3,4,5	5	2
2262	02:33.187	16	1,2,3,4,5	58	2
2263	02:33.189	1	16	5	0
2264	02:33.201	1	16	57	0
2265	02:33.203	16	1,2,3,4,5	5	2
2266	02:33.220	16	1,2,3,4,5	66	2
2267	02:33.223	5	2,3,4,8,9,10,11,16	5	3
2268	02:34.236	11	4,5,8,9,10,14,15	97	2
2269	02:34.407	6	2,3,7,8,9,12,13	57	2
2270	02:34.409	2	16	5	10
2271	02:34.408	14	10,11,12,13,15	57	7
2272	02:34.411	11	4,5,8,9,10,14,15	5	2
2273	02:34.416	2	3,4,5,6,7,8,9,16	66	3
2274	02:34.419	16	1,2,3,4,5	5	2
2275	02:34.436	11	8,9,10,14,15	66	4
2276	02:34.437	16	1,2	58	5
2277	02:34.439	1	16	5	0
2278	02:34.445	6	2,3,7,8,9,12,13	57	2
2279	02:34.447	2	3,4,5,6,7,8,9,16	5	3
2280	02:34.449	11	4,5,8,9,10,14,15	66	2
2281	02:34.452	5	2,3,4,8,9,10,11,16	5	3
2282	02:34.456	1	16	65	0
2283	02:34.459	16	1,2,3,4,5	5	2
2284	02:34.479	16	1,2,3,4,5	74	2
2285	02:34.482	2	3,4,5,6,7,8,9,16	5	3
2286	02:34.489	5	2,3,4,8,9,10,11,16	66	3
2287	02:34.492	16	1,2,3,4,5	5	2
2288	02:34.507	2	3,4,5,6,7,8,9,16	74	3
2289	02:34.510	6	2,3,7,8,9,12,13	5	2
2290	02:34.524	16	1,2,3,4,5	58	2
2291	02:34.526	1	16	5	0
2292	02:34.557	1	16	73	0
2293	02:34.560	16	1,2,3,4,5	5	2
2294	02:34.571	16	1,2,3,4,5	82	2
2295	02:34.574	5	2,3,4,8,9,10,11,16	5	3
2296	02:34.606	5	2,3,4,8,9,10,11,16	97	3
2297	02:34.614	5	2,3,4,8,9,10,11,16	82	3
2298	02:34.617	11	4,5,8,9,10,14,15	5	2
2299	02:34.640	11	4,5,8,9,10,14,15	82	2
2300	02:34.643	14	7,8,9,10,11,12,13,15	5	4
2301	02:34.698	8	2,3,4,5,6,7,9,10,11,12,13,14,15	57	1
2302	02:34.700	5	2,3,4,8,9,10,11,16	5	3
2303	02:34.718	5	2,3,4,8,9,10,11,16	66	3
2304	02:34.721	16	1,2,3,4,5	5	2
2305	02:34.756	16	1,2,3,4,5	58	2
2306	02:34.758	1	16	5	0
2307	02:34.772	1	16	65	0
2308	02:34.775	16	1,2,3,4,5	5	2
2309	02:34.813	16	1,2,3,4,5	74	2
2310	02:34.816	5	2,3,4,8,9,10,11,16	5	3
2311	02:34.832	5	2,3,4,8,9,10,11,16	74	3
2312	02:34.835	8	2,3,4,5,6,7,9,10,11,12,13,14,15	5	1
2313	02:34.911	2	3,4,5,6,7,8,9,16	57	3
2314	02:34.913	16	1,2,3,4,5	5	2
2315	02:34.945	16	1,2,3,4,5	58	2
2316	02:34.947	1	16	5	0
2317	02:34.969	1	16	57	0
2318	02:34.971	16	1,2,3,4,5	5	2
2319	02:34.977	16	1,2,3,4,5	66	2
2320	02:34.980	2	3,4,5,6,7,8,9,16	5	3
2321	02:35.373	4	2,3,5,7,8,9,10,11,16	57	4
2322	02:35.375	16	1,2,3,4,5	5	2
2323	02:35.408	16	1,2,3,4,5	58	2
2324	02:35.410	1	16	5	0
2325	02:35.433	1	16	57	0
2326	02:35.435	16	1,2,3,4,5	5	2
2327	02:35.453	16	1,2,3,4,5	66	2
2328	02:35.456	4	2,3,5,7,8,9,10,11,16	5	4
2329	02:36.543	11	4,5,8,9,10,14,15	57	2
2330	02:36.545	5	2,3,4,8,9,10,11,16	5	3
2331	02:36.556	5	2,3,4,8,9,10,11,16	66	3
2332	02:36.559	16	1,2,3,4,5	5	2
2333	02:36.595	16	1,2,3,4,5	58	2
2334	02:36.597	1	16	5	0
2335	02:36.632	1	16	65	0
2336	02:36.635	16	1,2,3,4,5	5	2
2337	02:36.644	16	1,2,3,4,5	74	2
2338	02:36.647	5	2,3,4,8,9,10,11,16	5	3
2339	02:36.685	5	2,3,4,8,9,10,11,16	74	3
2340	02:36.688	11	4,5,8,9,10,14,15	5	2
2341	02:36.727	3	2,4,5,6,7,8,9,10,16	57	4
2342	02:36.729	16	1,2,3,4,5	5	2
2343	02:36.759	16	1,2,3,4,5	58	2
2344	02:36.761	1	16	5	0
2345	02:36.784	1	16	57	0
2346	02:36.786	16	1,2,3,4,5	5	2
2347	02:36.816	16	1,2,3,4,5	66	2
2348	02:36.819	3	2,4,5,6,7,8,9,10,16	5	4
2349	02:36.983	12	6,7,8,9,13,14,15	97	3
2350	02:37.702	15	8,9,10,11,12,13,14	57	3
2351	02:37.704	11	4,5,8,9,10,14,15	5	2
2352	02:37.711	11	4,5,8,9,10,14,15	66	2
2353	02:37.714	5	2,3,4,8,9,10,11,16	5	3
2354	02:37.729	5	2,3,4,8,9,10,11,16	66	3
2355	02:37.732	16	1,2,3,4,5	5	2
2356	02:37.742	16	1,2,3,4,5	58	2
2357	02:37.744	1	16	5	0
2358	02:37.784	1	16	73	0
2359	02:37.787	16	1,2,3,4,5	5	2
2360	02:37.792	16	1,2,3,4,5	82	2
2361	02:37.795	5	2,3,4,8,9,10,11,16	5	3
2362	02:37.823	5	2,3,4,8,9,10,11,16	82	3
2363	02:37.826	11	4,5,8,9,10,14,15	5	2
2364	02:37.854	11	4,5,8,9,10,14,15	82	2
2365	02:37.857	15	8,9,10,11,12,13,14	5	3
2366	02:38.637	10	3,4,5,7,8,9,11,13,14,15	57	2
2367	02:38.639	5	2,3,4,8,9,10,11,16	5	3
2368	02:38.669	5	2,3,4,8,9,10,11,16	66	3
2369	02:38.672	16	1,2,3,4,5	5	2
2370	02:38.698	16	1,2,3,4,5	58	2
2371	02:38.700	1	16	5	0
2372	02:38.728	1	16	65	0
2373	02:38.731	16	1,2,3,4,5	5	2
2374	02:38.763	16	1,2,3,4,5	74	2
2375	02:38.766	5	2,3,4,8,9,10,11,16	5	3
2376	02:38.785	5	2,3,4,8,9,10,11,16	74	3
2377	02:38.788	10	3,4,5,7,8,9,11,13,14,15	5	2
2378	02:39.000	12	6,7,8,9,13,14,15	57	3
2379	02:39.002	8	2,3,4,5,6,7,9,10,11,12,13,14,15	5	1
2380	02:39.035	8	2,3,4,5,6,7,9,10,11,12,13,14,15	66	1
2381	02:39.038	5	2,3,4,8,9,10,11,16	5	3
2382	02:39.075	5	2,3,4,8,9,10,11,16	66	3
2383	02:39.078	16	1,2,3,4,5	5	2
2384	02:39.096	16	1,2,3,4,5	58	2
2385	02:39.098	1	16	5	0
2386	02:39.101	1	16	73	0
2387	02:39.105	16	1,2,3,4,5	5	2
2388	02:39.144	16	1,2,3,4,5	82	2
2389	02:39.147	5	2,3,4,8,9,10,11,16	5	3
2390	02:39.172	5	2,3,4,8,9,10,11,16	82	3
2391	02:39.175	8	2,3,4,5,6,7,9,10,11,12,13,14,15	5	1
2392	02:39.211	8	2,3,4,5,6,7,9,10,11,12,13,14,15	82	1
2393	02:39.214	12	6,7,8,9,13,14,15	5	3
2394	02:39.588	9	2,3,4,5,6,7,8,10,11,12,13,14,15	57	1
2395	02:39.590	5	2,3,4,8,9,10,11,16	5	3
2396	02:39.608	5	2,3,4,8,9,10,11,16	66	3
2397	02:39.611	16	1,2,3,4,5	5	2
2398	02:39.614	16	1,2,3,4,5	58	2
2399	02:39.616	1	16	5	0
2400	02:39.621	1	16	65	0
2401	02:39.624	16	1,2,3,4,5	5	2
2402	02:39.655	16	1,2,3,4,5	74	2
2403	02:39.658	5	2,3,4,8,9,10,11,16	5	3
2404	02:39.682	5	2,3,4,8,9,10,11,16	74	3
2405	02:39.685	9	2,3,4,5,6,7,8,10,11,12,13,14,15	5	1
2406	02:40.315	7	2,3,4,6,8,9,10,12,13,14	57	2
2407	02:40.317	4	2,3,5,7,8,9,10,11,16	5	4
2408	02:40.337	4	2,3,5,7,8,9,10,11,16	66	4
2409	02:40.340	16	1,2,3,4,5	5	2
2410	02:40.371	16	1,2,3,4,5	58	2
2411	02:40.373	1	16	5	0
2412	02:40.408	1	16	65	0
2413	02:40.411	16	1,2,3,4,5	5	2
2414	02:40.438	16	1,2,3,4,5	74	2
2415	02:40.441	4	2,3,5,7,8,9,10,11,16	5	4
2416	02:40.466	4	2,3,5,7,8,9,10,11,16	74	4
2417	02:40.469	7	2,3,4,6,8,9,10,12,13,14	5	2
2418	02:40.787	14	7,8,9,10,11,12,13,15	97	4
2419	02:41.507	13	6,7,8,9,10,12,14,15	57	4
2420	02:41.509	10	3,4,5,7,8,9,11,13,14,15	5	2
2421	02:41.537	10	3,4,5,7,8,9,11,13,14,15	66	2
2422	02:41.540	5	2,3,4,8,9,10,11,16	5	3
2423	02:41.557	5	2,3,4,8,9,10,11,16	66	3
2424	02:41.560	16	1,2,3,4,5	5	2
2425	02:41.584	16	1,2,3,4,5	58	2
2426	02:41.586	1	16	5	0
2427	02:41.620	1	16	73	0
2428	02:41.623	16	1,2,3,4,5	5	2
2429	02:41.634	5	2,3,4,8,9,10,11,16	102	3
2430	02:41.638	4	2,3,5,7,8,9,10,11,16	5	4
2431	02:41.645	16	1,2,3,4,5	82	2
2432	02:41.648	5	2,3,4,8,9,10,11,16	5	3
2433	02:41.691	5	2,3,4,8,9,10,11,16	82	3
2434	02:41.694	10	3,4,5,7,8,9,11,13,14,15	5	2
2435	02:41.734	10	3,4,5,7,8,9,11,13,14,15	82	2
2436	02:41.737	13	6,7,8,9,10,12,14,15	5	4
2437	02:43.843	5	2,3,4,8,9,10,11,16	57	3
2438	02:43.845	16	1,2,3,4,5	5	2
2439	02:43.858	16	1,2,3,4,5	58	2
2440	02:43.860	1	16	5	0
2441	02:43.863	1	16	57	0
2442	02:43.866	16	1,2,3,4,5	5	2
2443	02:43.901	16	1,2,3,4,5	66	2
2444	02:43.904	5	2,3,4,8,9,10,11,16	5	3
2445	02:44.479	2	3,4,5,6,7,8,9,16	57	3
2446	02:44.481	16	1,2,3,4,5	5	2
2447	02:44.507	16	1,2,3,4,5	58	2
2448	02:44.509	1	16	5	0
2449	02:44.542	1	16	57	0
2450	02:44.544	16	1,2,3,4,5	5	2
2451	02:44.547	16	1,2,3,4,5	66	2
2452	02:44.550	2	3,4,5,6,7,8,9,16	5	3
2453	02:44.753	15	8,9,10,11,12,13,14	97	3
2454	02:45.022	8	2,3,4,5,6,7,9,10,11,12,13,14,15	57	1
2455	02:45.024	5	2,3,4,8,9,10,11,16	5	3
2456	02:45.027	5	2,3,4,8,9,10,11,16	66	3
2457	02:45.030	16	1,2,3,4,5	5	2
2458	02:45.058	16	1,2,3,4,5	58	2
2459	02:45.060	1	16	5	0
2460	02:45.093	14	7,8,9,10,11,12,13,15	57	4
2461	02:45.095	11	4,5,8,9,10,14,15	5	2
2462	02:45.099	1	16	65	0
2463	02:45.102	16	1,2	5	5
2464	02:45.101	11	8,9,10,14,15	66	4
2465	02:45.107	16	1,2,3,4,5	74	2
2466	02:45.110	5	2,3,4,8,9,10,11,16	5	3
2467	02:45.129	5	2,3,4,8,9,10,11,16	74	3
2468	02:45.132	8	2,3,4,5,6,7,9,10,11,12,13,14,15	5	1
2469	02:45.202	11	4,5,8,9,10,14,15	66	2
2470	02:45.205	5	2,3,4,8,9,10,11,16	5	3
2471	02:45.221	5	2,3,4,8,9,10,11,16	66	3
2472	02:45.224	16	1,2,3,4,5	5	2
2473	02:45.233	16	1,2,3,4,5	58	2
2474	02:45.235	1	16	5	0
2475	02:45.238	1	16	73	0
2476	02:45.242	16	1,2,3,4,5	5	2
2477	02:45.275	16	1,2,3,4,5	82	2
2478	02:45.278	5	2,3,4,8,9,10,11,16	5	3
2479	02:45.316	5	2,3,4,8,9,10,11,16	82	3
2480	02:45.319	11	4,5,8,9,10,14,15	5	2
2481	02:45.329	11	4,5,8,9,10,14,15	82	2
2482	02:45.332	14	7,8,9,10,11,12,13,15	5	4
2483	02:45.369	6	2,3,7,8,9,12,13	57	2
2484	02:45.371	2	3,4,5,6,7,8,9,16	5	3
2485	02:45.405	2	3,4,5,6,7,8,9,16	66	3
2486	02:45.408	16	1,2,3,4,5	5	2
2487	02:45.434	16	1,2,3,4,5	58	2
2488	02:45.436	1	16	5	0
2489	02:45.439	1	16	65	0
2490	02:45.442	16	1,2,3,4,5	5	2
2491	02:45.472	16	1,2,3,4,5	74	2
2492	02:45.475	2	3,4,5,6,7,8,9,16	5	3
2493	02:45.482	2	3,4,5,6,7,8,9,16	74	3
2494	02:45.485	6	2,3,7,8,9,12,13	5	2
2495	02:45.627	4	2,3,5,7,8,9,10,11,16	57	4
2496	02:45.629	16	1,2,3,4,5	5	2
2497	02:45.661	16	1,2,3,4,5	58	2
2498	02:45.663	1	16	5	0
2499	02:45.700	1	16	57	0
2500	02:45.702	16	1,2,3,4,5	5	2
2501	02:45.715	16	1,2,3,4,5	66	2
2502	02:45.718	4	2,3,5,7,8,9,10,11,16	5	4
2503	02:45.871	3	2,4,5,6,7,8,9,10,16	57	4
2504	02:45.873	16	1,2,3,4,5	5	2
2505	02:45.904	16	1,2,3,4,5	58	2
2506	02:45.906	1	16	5	0
2507	02:45.946	1	16	57	0
2508	02:45.948	16	1,2,3,4,5	5	2
2509	02:45.968	16	1,2,3,4,5	66	2
2510	02:45.971	3	2,4,5,6,7,8,9,10,16	5	4
2511	02:47.056	11	4,5,8,9,10,14,15	57	2
2512	02:47.058	5	2,3,4,8,9,10,11,16	5	3
2513	02:47.077	5	2,3,4,8,9,10,11,16	66	3
2514	02:47.080	16	1,2,3,4,5	5	2
2515	02:47.122	16	1,2,3,4,5	58	2
2516	02:47.124	1	16	5	0
2517	02:47.147	1	16	65	0
2518	02:47.150	16	1,2,3,4,5	5	2
2519	02:47.183	16	1,2,3,4,5	74	2
2520	02:47.186	5	2,3,4,8,9,10,11,16	5	3
2521	02:47.209	5	2,3,4,8,9,10,11,16	74	3
2522	02:47.212	11	4,5,8,9,10,14,15	5	2
2523	02:47.773	10	3,4,5,7,8,9,11,13,14,15	57	2
2524	02:47.775	5	2,3,4,8,9,10,11,16	5	3
2525	02:47.818	5	2,3,4,8,9,10,11,16	66	3
2526	02:47.821	16	1,2,3,4,5	5	2
2527	02:47.832	16	1,2,3,4,5	58	2
2528	02:47.834	1	16	5	0
2529	02:47.852	1	16	65	0
2530	02:47.855	16	1,2,3,4,5	5	2
2531	02:47.869	16	1,2,3,4,5	74	2
2532	02:47.872	5	2,3,4,8,9,10,11,16	5	3
2533	02:47.875	5	2,3,4,8,9,10,11,16	74	3
2534	02:47.878	10	3,4,5,7,8,9,11,13,14,15	5	2
2535	02:48.375	9	2,3,4,5,6,7,8,10,11,12,13,14,15	97	1
2536	02:48.485	15	8,9,10,11,12,13,14	57	3
2537	02:48.487	11	4,5,8,9,10,14,15	5	2
2538	02:48.494	11	4,5,8,9,10,14,15	66	2
2539	02:48.497	5	2,3,4,8,9,10,11,16	5	3
2540	02:48.518	5	2,3,4,8,9,10,11,16	66	3
2541	02:48.521	16	1,2,3,4,5	5	2
2542	02:48.562	16	1,2,3,4,5	58	2
2543	02:48.564	1	16	5	0
2544	02:48.601	1	16	73	0
2545	02:48.604	16	1,2,3,4,5	5	2
2546	02:48.608	16	1,2,3,4,5	82	2
2547	02:48.611	5	2,3,4,8,9,10,11,16	5	3
2548	02:48.626	5	2,3,4,8,9,10,11,16	82	3
2549	02:48.629	11	4,5,8,9,10,14,15	5	2
2550	02:48.666	11	4,5,8,9,10,14,15	82	2
2551	02:48.669	15	8,9,10,11,12,13,14	5	3
2552	02:48.795	12	6,7,8,9,13,14,15	57	3
2553	02:48.797	8	2,3,4,5,6,7,9,10,11,12,13,14,15	5	1
2554	02:48.840	8	2,3,4,5,6,7,9,10,11,12,13,14,15	66	1
2555	02:48.843	5	2,3,4,8,9,10,11,16	5	3
2556	02:48.875	5	2,3,4,8,9,10,11,16	66	3
2557	02:48.878	16	1,2,3,4,5	5	2
2558	02:48.898	16	1,2,3,4,5	58	2
2559	02:48.900	1	16	5	0
2560	02:48.934	1	16	73	0
2561	02:48.937	16	1,2,3,4,5	5	2
2562	02:48.953	7	2,3,4,6,8,9,10,12,13,14	97	2
2563	02:48.957	16	1,2,3,4,5	82	2
2564	02:48.960	5	2,3,4,8,9,10,11,16	5	3
2565	02:48.986	5	2,3,4,8,9,10,11,16	82	3
2566	02:48.989	8	2,3,4,5,6,7,9,10,11,12,13,14,15	5	1
2567	02:48.992	8	2,3,4,5,6,7,9,10,11,12,13,14,15	82	1
2568	02:48.996	12	6,7,8,9,13,14,15	5	3
2569	02:49.420	7	2,3,4,6,8,9,10,12,13,14	57	2
2570	02:49.422	4	2,3,5,7,8,9,10,11,16	5	4
2571	02:49.429	4	2,3,5,7,8,9,10,11,16	66	4
2572	02:49.432	16	1,2,3,4,5	5	2
2573	02:49.467	16	1,2,3,4,5	58	2
2574	02:49.469	1	16	5	0
2575	02:49.475	1	16	65	0
2576	02:49.478	16	1,2,3,4,5	5	2
2577	02:49.517	16	1,2,3,4,5	74	2
2578	02:49.520	4	2,3,5,7,8,9,10,11,16	5	4
2579	02:49.539	4	2,3,5,7,8,9,10,11,16	74	4
2580	02:49.542	7	2,3,4,6,8,9,10,12,13,14	5	2
2581	02:50.367	9	2,3,4,5,6,7,8,10,11,12,13,14,15	57	1
2582	02:50.369	5	2,3,4,8,9,10,11,16	5	3
2583	02:50.378	5	2,3,4,8,9,10,11,16	66	3
2584	02:50.381	16	1,2,3,4,5	5	2
2585	02:50.389	16	1,2,3,4,5	58	2
2586	02:50.391	1	16	5	0
2587	02:50.402	1	16	65	0
2588	02:50.405	16	1,2,3,4,5	5	2
2589	02:50.413	16	1,2,3,4,5	74	2
2590	02:50.416	5	2,3,4,8,9,10,11,16	5	3
2591	02:50.435	5	2,3,4,8,9,10,11,16	74	3
2592	02:50.438	9	2,3,4,5,6,7,8,10,11,12,13,14,15	5	1
2593	02:51.835	13	6,7,8,9,10,12,14,15	57	4
2594	02:51.837	10	3,4,5,7,8,9,11,13,14,15	5	2
2595	02:51.876	10	3,4,5,7,8,9,11,13,14,15	66	2
2596	02:51.879	5	2,3,4,8,9,10,11,16	5	3
2597	02:51.910	5	2,3,4,8,9,10,11,16	66	3
2598	02:51.913	16	1,2,3,4,5	5	2
2599	02:51.934	16	1,2,3,4,5	58	2
2600	02:51.936	1	16	5	0
2601	02:51.961	1	16	73	0
2602	02:51.964	16	1,2,3,4,5	5	2
2603	02:51.984	16	1,2,3,4,5	82	2
2604	02:51.987	5	2,3,4,8,9,10,11,16	5	3
2605	02:52.012	5	2,3,4,8,9,10,11,16	82	3
2606	02:52.015	10	3,4,5,7,8,9,11,13,14,15	5	2
2607	02:52.052	10	3,4,5,7,8,9,11,13,14,15	82	2
2608	02:52.055	13	6,7,8,9,10,12,14,15	5	4
2609	02:54.295	2	3,4,5,6,7,8,9,16	57	3
2610	02:54.297	16	1,2,3,4,5	5	2
2611	02:54.303	16	1,2,3,4,5	58	2
2612	02:54.305	1	16	5	0
2613	02:54.308	1	16	57	0
2614	02:54.311	16	1,2,3,4,5	5	2
2615	02:54.351	16	1,2,3,4,5	66	2
2616	02:54.354	2	3,4,5,6,7,8,9,16	5	3
2617	02:54.440	5	2,3,4,8,9,10,11,16	57	3
2618	02:54.442	16	1,2,3,4,5	5	2
2619	02:54.446	16	1,2,3,4,5	58	2
2620	02:54.448	1	16	5	0
2621	02:54.456	1	16	57	0
2622	02:54.458	16	1,2,3,4,5	5	2
2623	02:54.497	16	1,2,3,4,5	66	2
2624	02:54.500	5	2,3,4,8,9,10,11,16	5	3
2625	02:54.917	14	7,8,9,10,11,12,13,15	57	4
2626	02:54.919	11	4,5,8,9,10,14,15	5	2
2627	02:54.933	11	4,5,8,9,10,14,15	66	2
2628	02:54.936	5	2,3,4,8,9,10,11,16	5	3
2629	02:54.959	5	2,3,4,8,9,10,11,16	66	3
2630	02:54.962	16	1,2,3,4,5	5	2
2631	02:55.004	16	1,2,3,4,5	58	2
2632	02:55.006	1	16	5	0
2633	02:55.018	1	16	73	0
2634	02:55.021	16	1,2,3,4,5	5	2
2635	02:55.026	16	1,2,3,4,5	82	2
2636	02:55.029	5	2,3,4,8,9,10,11,16	5	3
2637	02:55.064	5	2,3,4,8,9,10,11,16	82	3
2638	02:55.067	11	4,5,8,9,10,14,15	5	2
2639	02:55.077	11	4,5,8,9,10,14,15	82	2
2640	02:55.080	14	7,8,9,10,11,12,13,15	5	4
2641	02:55.349	4	2,3,5,7,8,9,10,11,16	57	4
2642	02:55.351	16	1,2,3,4,5	5	2
2643	02:55.386	16	1,4,5	58	4
2644	02:55.387	6	7,12,13	57	6
2645	02:55.388	1	16	5	0
2646	02:55.398	1	16	57	0
2647	02:55.400	16	1,2,3,4,5	5	2
2648	02:55.412	6	2,3,7,8,9,12,13	57	2
2649	02:55.414	2	3,4,5,6,7,8,9,16	5	3
2650	02:55.420	2	3,4,5,6,7,8,9,16	66	3
2651	02:55.423	16	1,2,3,4,5	5	2
2652	02:55.426	16	1,2,3,4,5	66	2
2653	02:55.429	4	2,3,5,7,8,9,10,11,16	5	4
2654	02:55.464	16	1,2,3,4,5	58	2
2655	02:55.466	1	16	5	0
2656	02:55.478	1	16	65	0
2657	02:55.481	16	1,2,3,4,5	5	2
2658	02:55.512	16	1,2,3,4,5	74	2
2659	02:55.515	2	3,4,5,6,7,8,9,16	5	3
2660	02:55.554	2	3,4,5,6,7,8,9,16	74	3
2661	02:55.557	6	2,3,7,8,9,12,13	5	2
2662	02:55.712	3	2,4,5,6,7,8,9,10,16	57	4
2663	02:55.714	16	1,2,3,4,5	5	2
2664	02:55.723	8	2,3,4,5,6,7,9,10,11,12,13,14,15	57	1
2665	02:55.725	5	2,3,4,8,9,10,11,16	5	3
2666	02:55.725	16	1,2,3,4,5	58	2
2667	02:55.728	1	16	5	0
2668	02:55.743	5	2,3,4,8,9,10,11,16	66	3
2669	02:55.746	16	1,2,3,4,5	5	2
2670	02:55.757	1	16	57	0
2671	02:55.759	16	1,2,3,4,5	5	2
2672	02:55.785	16	1,2,3,4,5	58	2
2673	02:55.787	1	16	5	0
2674	02:55.801	16	1,2,3,4,5	66	2
2675	02:55.804	3	2,4,5,6,7,8,9,10,16	5	4
2676	02:55.819	16	1,2,3,4,5	58	2
2677	02:55.821	1	16	5	0
2678	02:55.827	1	16	65	0
2679	02:55.830	16	1,2,3,4,5	5	2
2680	02:55.846	16	1,2,3,4,5	74	2
2681	02:55.849	5	2,3,4,8,9,10,11,16	5	3
2682	02:55.861	5	2,3,4,8,9,10,11,16	74	3
2683	02:55.864	8	2,3,4,5,6,7,9,10,11,12,13,14,15	5	1
2684	02:55.995	14	7,8,9,10,11,12,13,15	102	4
2685	02:55.999	7	2,3,4,6,8,9,10,12,13,14	5	2
2686	02:56.789	10	3,4,5,7,8,9,11,13,14,15	57	2
2687	02:56.791	5	2,3,4,8,9,10,11,16	5	3
2688	02:56.797	5	2,3,4,8,9,10,11,16	66	3
2689	02:56.800	16	1,2,3,4,5	5	2
2690	02:56.804	16	1,2,3,4,5	58	2
2691	02:56.806	1	16	5	0
2692	02:56.815	1	16	65	0
2693	02:56.818	16	1,2,3,4,5	5	2
2694	02:56.837	16	1,2,3,4,5	74	2
2695	02:56.840	5	2,3,4,8,9,10,11,16	5	3
2696	02:56.879	5	2,3,4,8,9,10,11,16	74	3
2697	02:56.882	10	3,4,5,7,8,9,11,13,14,15	5	2
2698	02:57.025	12	6,7,8,9,13,14,15	102	3
2699	02:57.029	13	6,7,8,9,10,12,14,15	5	4
2700	02:57.489	11	4,5,8,9,10,14,15	57	2
2701	02:57.491	5	2,3,4,8,9,10,11,16	5	3
2702	02:57.507	5	2,3,4,8,9,10,11,16	66	3
2703	02:57.510	16	1,2,3,4,5	5	2
2704	02:57.514	16	1,2,3,4,5	58	2
2705	02:57.516	1	16	5	0
2706	02:57.547	15	8,9,10,11,12,13,14	57	3
2707	02:57.549	11	4,5,8,9,10,14,15	5	2
2708	02:57.553	1	16	65	0
2709	02:57.556	16	1,2,3,4,5	5	2
2710	02:57.586	11	4,5,8,9,10,14,15	66	2
2711	02:57.589	5	2,3,4,8,9,10,11,16	5	3
2712	02:57.596	16	1,2,3,4,5	74	2
2713	02:57.599	5	2,3,4,8,9,10,11,16	5	3
2714	02:57.603	5	2,3,4,8,9,10,11,16	74	3
2715	02:57.606	11	4,5,8,9,10,14,15	5	2
2716	02:57.629	5	2,3,4,8,9,10,11,16	66	3
2717	02:57.632	16	1,2,3,4,5	5	2
2718	02:57.669	16	1,2,3,4,5	58	2
2719	02:57.671	1	16	5	0
2720	02:57.698	1	16	73	0
2721	02:57.701	16	1,2,3,4,5	5	2
2722	02:57.743	16	1,2,3,4,5	82	2
2723	02:57.746	5	2,3,4,8,9,10,11,16	5	3
2724	02:57.756	5	2,3,4,8,9,10,11,16	82	3
2725	02:57.759	11	4,5,8,9,10,14,15	5	2
2726	02:57.768	11	4,5,8,9,10,14,15	82	2
2727	02:57.771	15	8,9,10,11,12,13,14	5	3
2728	02:58.575	13	6,7,8,9,10,12,14,15	97	4
2729	02:59.203	12	6,7,8,9,13,14,15	57	3
2730	02:59.205	8	2,3,4,5,6,7,9,10,11,12,13,14,15	5	1
2731	02:59.220	8	2,3,4,5,6,7,9,10,11,12,13,14,15	66	1
2732	02:59.223	5	2,3,4,8,9,10,11,16	5	3
2733	02:59.237	5	2,3,4,8,9,10,11,16	66	3
2734	02:59.240	16	1,2,3,4,5	5	2
2735	02:59.246	16	1,2,3,4,5	58	2
2736	02:59.248	1	16	5	0
2737	02:59.279	1	16	73	0
2738	02:59.282	16	1,2,3,4,5	5	2
2739	02:59.318	16	1,2,3,4,5	82	2
2740	02:59.321	5	2,3,4,8,9,10,11,16	5	3
2741	02:59.338	5	2,3,4,8,9,10,11,16	82	3
2742	02:59.341	8	2,3,4,5,6,7,9,10,11,12,13,14,15	5	1
2743	02:59.347	8	2,3,4,5,6,7,9,10,11,12,13,14,15	82	1
2744	02:59.350	12	6,7,8,9,13,14,15	5	3
2745	02:59.830	9	2,3,4,5,6,7,8,10,11,12,13,14,15	57	1
2746	02:59.832	5	2,3,4,8,9,10,11,16	5	3
2747	02:59.839	5	2,3,4,8,9,10,11,16	66	3
2748	02:59.842	16	1,2,3,4,5	5	2
2749	02:59.859	16	1,2,3,4,5	58	2
2750	02:59.861	1	16	5	0
2751	02:59.901	1	16	65	0
2752	02:59.904	16	1,2,3,4,5	5	2
2753	02:59.933	16	1,2,3,4,5	74	2
2754	02:59.936	5	2,3,4,8,9,10,11,16	5	3
2755	02:59.966	5	2,3,4,8,9,10,11,16	74	3
2756	02:59.969	9	2,3,4,5,6,7,8,10,11,12,13,14,15	5	1
2757	03:00.211	7	2,3,4,6,8,9,10,12,13,14	57	2
2758	03:00.213	4	2,3,5,7,8,9,10,11,16	5	4
2759	03:00.243	4	2,3,5,7,8,9,10,11,16	66	4
2760	03:00.246	16	1,2,3,4,5	5	2
2761	03:00.258	16	1,2,3,4,5	58	2
2762	03:00.260	1	16	5	0
2763	03:00.303	1	16	65	0
2764	03:00.306	16	1,2,3,4,5	5	2
2765	03:00.312	16	1,2,3,4,5	74	2
2766	03:00.315	4	2,3,5,7,8,9,10,11,16	5	4
2767	03:00.335	4	2,3,5,7,8,9,10,11,16	74	4
2768	03:00.338	7	2,3,4,6,8,9,10,12,13,14	5	2
2769	03:01.119	13	6,7,8,9,10,12,14,15	57	4
2770	03:01.121	10	3,4,5,7,8,9,11,13,14,15	5	2
2771	03:01.132	10	3,4,5,7,8,9,11,13,14,15	66	2
2772	03:01.135	5	2,3,4,8,9,10,11,16	5	3
2773	03:01.172	5	2,3,4,8,9,10,11,16	66	3
2774	03:01.175	16	1,2,3,4,5	5	2
2775	03:01.196	16	1,2,3,4,5	58	2
2776	03:01.198	1	16	5	0
2777	03:01.203	1	16	73	0
2778	03:01.206	16	1,2,3,4,5	5	2
2779	03:01.244	16	1,2,3,4,5	82	2
2780	03:01.247	5	2,3,4,8,9,10,11,16	5	3
2781	03:01.283	5	2,3,4,8,9,10,11,16	82	3
2782	03:01.286	10	3,4,5,7,8,9,11,13,14,15	5	2
2783	03:01.320	10	3,4,5,7,8,9,11,13,14,15	82	2
2784	03:01.323	13	6,7,8,9,10,12,14,15	5	4
2785	03:03.463	11	4,5,8,9,10,14,15	102	2
2786	03:03.467	10	3,4,5,7,8,9,11,13,14,15	5	2
2787	03:04.260	5	2,3,4,8,9,10,11,16	57	3
2788	03:04.262	16	1,2,3,4,5	5	2
2789	03:04.278	16	1,2,3,4,5	58	2
2790	03:04.280	1	16	5	0
2791	03:04.283	1	16	57	0
2792	03:04.286	16	1,2,3,4,5	5	2
2793	03:04.311	16	1,2,3,4,5	66	2
2794	03:04.314	5	2,3,4,8,9,10,11,16	5	3
2795	03:04.525	14	7,8,9,10,11,12,13,15	57	4
2796	03:04.527	11	4,5,8,9,10,14,15	5	2
2797	03:04.535	2	3,4,5,6,7,8,9,16	57	3
2798	03:04.537	16	1,2,3,4,5	5	2
2799	03:04.542	11	4,5,8,9,10,14,15	66	2
2800	03:04.545	5	2,3,4,8,9,10,11,16	5	3
2801	03:04.557	5	2,3,4,8,9,10,11,16	66	3
2802	03:04.560	16	1,2,3,4,5	5	2
2803	03:04.577	16	1,2,3,4,5	58	2
2804	03:04.579	1	16	5	0
2805	03:04.611	16	1,2,3,4,5	58	2
2806	03:04.613	1	16	5	0
2807	03:04.619	1	16	57	0
2808	03:04.621	16	1,2,3,4,5	5	2
2809	03:04.624	16	1,2,3,4,5	66	2
2810	03:04.627	2	3,4,5,6,7,8,9,16	5	3
2811	03:04.644	1	16	73	0
2812	03:04.647	16	1,2,3,4,5	5	2
2813	03:04.659	16	1,2,3,4,5	82	2
2814	03:04.662	5	2,3,4,8,9,10,11,16	5	3
2815	03:04.693	5	2,3,4,8,9,10,11,16	82	3
2816	03:04.696	11	4,5,8,9,10,14,15	5	2
2817	03:04.723	11	4,5,8,9,10,14,15	82	2
2818	03:04.726	14	7,8,9,10,11,12,13,15	5	4
2819	03:05.175	3	2,4,5,6,7,8,9,10,16	57	4
2820	03:05.177	16	1,2,3,4,5	5	2
2821	03:05.188	16	1,2,3,4,5	58	2
2822	03:05.190	1	16	5	0
2823	03:05.221	1	16	57	0
2824	03:05.223	16	1,2,3,4,5	5	2
2825	03:05.254	16	1,2,3,4,5	66	2
2826	03:05.257	3	2,4,5,6,7,8,9,10,16	5	4
2827	03:05.490	4	2,3,5,7,8,9,10,11,16	57	4
2828	03:05.492	16	1,2,3,4,5	5	2
2829	03:05.513	16	1,2,3,4,5	58	2
2830	03:05.515	1	16	5	0
2831	03:05.557	1	16	57	0
2832	03:05.559	16	1,2,3,4,5	5	2
2833	03:05.581	16	1,2,3,4,5	66	2
2834	03:05.584	4	2,3,5,7,8,9,10,11,16	5	4
2835	03:05.708	6	2,3,7,8,9,12,13	57	2
2836	03:05.710	2	3,4,5,6,7,8,9,16	5	3
2837	03:05.740	2	3,4,5,6,7,8,9,16	66	3
2838	03:05.743	16	1,2,3,4,5	5	2
2839	03:05.768	16	1,2,3,4,5	58	2
2840	03:05.770	1	16	5	0
2841	03:05.802	1	16	65	0
2842	03:05.805	16	1,2,3,4,5	5	2
2843	03:05.846	16	1,2,3,4,5	74	2
2844	03:05.849	2	3,4,5,6,7,8,9,16	5	3
2845	03:05.876	2	3,4,5,6,7,8,9,16	74	3
2846	03:05.879	6	2,3,7,8,9,12,13	5	2
2847	03:06.218	8	2,3,4,5,6,7,9,10,11,12,13,14,15	57	1
2848	03:06.220	5	2,3,4,8,9,10,11,16	5	3
2849	03:06.241	5	2,3,4,8,9,10,11,16	66	3
2850	03:06.244	16	1,2,3,4,5	5	2
2851	03:06.257	16	1,2,3,4,5	58	2
2852	03:06.259	1	16	5	0
2853	03:06.262	1	16	65	0
2854	03:06.265	16	1,2,3,4,5	5	2
2855	03:06.287	16	1,2,3,4,5	74	2
2856	03:06.290	5	2,3,4,8,9,10,11,16	5	3
2857	03:06.299	5	2,3,4,8,9,10,11,16	74	3
2858	03:06.302	8	2,3,4,5,6,7,9,10,11,12,13,14,15	5	1
2859	03:06.636	11	4,5,8,9,10,14,15	57	2
2860	03:06.638	5	2,3,4,8,9,10,11,16	5	3
2861	03:06.648	5	2,3,4,8,9,10,11,16	66	3
2862	03:06.651	16	1,2,3,4,5	5	2
2863	03:06.683	16	1,2,3,4,5	58	2
2864	03:06.685	1	16	5	0
2865	03:06.704	1	16	65	0
2866	03:06.707	16	1,2,3,4,5	5	2
2867	03:06.737	16	1,2,3,4,5	74	2
2868	03:06.740	5	2,3,4,8,9,10,11,16	5	3
2869	03:06.768	5	2,3,4,8,9,10,11,16	74	3
2870	03:06.771	11	4,5,8,9,10,14,15	5	2
2871	03:07.661	10	3,4,5,7,8,9,11,13,14,15	57	2
2872	03:07.663	5	2,3,4,8,9,10,11,16	5	3
2873	03:07.694	5	2,3,4,8,9,10,11,16	66	3
2874	03:07.697	16	1,2,3,4,5	5	2
2875	03:07.720	16	1,2,3,4,5	58	2
2876	03:07.722	1	16	5	0
2877	03:07.730	7	2,3,4,6,8,9,10,12,13,14	102	2
2878	03:07.734	2	3,4,5,6,7,8,9,16	5	3
2879	03:07.743	1	16	65	0
2880	03:07.746	16	1,2,3,4,5	5	2
2881	03:07.767	16	1,2,3,4,5	74	2
2882	03:07.770	5	2,3,4,8,9,10,11,16	5	3
2883	03:07.783	5	2,3,4,8,9,10,11,16	74	3
2884	03:07.786	10	3,4,5,7,8,9,11,13,14,15	5	2
2885	03:08.268	15	8,9,10,11,12,13,14	57	3
2886	03:08.270	11	4,5,8,9,10,14,15	5	2
2887	03:08.310	11	4,5,8,9,10,14,15	66	2
2888	03:08.313	5	2,3,4,8,9,10,11,16	5	3
2889	03:08.318	5	2,3,4,8,9,10,11,16	66	3
2890	03:08.321	16	1,2,3,4,5	5	2
2891	03:08.339	16	1,2,3,4,5	58	2
2892	03:08.341	1	16	5	0
2893	03:08.361	1	16	73	0
2894	03:08.364	16	1,2,3,4,5	5	2
2895	03:08.388	16	1,2,3,4,5	82	2
2896	03:08.391	5	2,3,4,8,9,10,11,16	5	3
2897	03:08.394	5	2,3,4,8,9,10,11,16	82	3
2898	03:08.398	11	4,5,8,9,10,14,15	5	2
2899	03:08.414	11	4,5,8,9,10,14,15	82	2
2900	03:08.417	15	8,9,10,11,12,13,14	5	3
2901	03:09.235	12	6,7,8,9,13,14,15	57	3
2902	03:09.237	8	2,3,4,5,6,7,9,10,11,12,13,14,15	5	1
2903	03:09.272	8	2,3,4,5,6,7,9,10,11,12,13,14,15	66	1
2904	03:09.275	5	2,3,4,8,9,10,11,16	5	3
2905	03:09.286	5	2,3,4,8,9,10,11,16	66	3
2906	03:09.289	16	1,2,3,4,5	5	2
2907	03:09.292	16	1,2,3,4,5	58	2
2908	03:09.294	1	16	5	0
2909	03:09.304	1	16	73	0
2910	03:09.307	16	1,2,3,4,5	5	2
2911	03:09.323	16	1,2,3,4,5	82	2
2912	03:09.326	5	2,3,4,8,9,10,11,16	5	3
2913	03:09.362	5	2,3,4,8,9,10,11,16	82	3
2914	03:09.365	8	2,3,4,5,6,7,9,10,11,12,13,14,15	5	1
2915	03:09.376	8	2,3,4,5,6,7,9,10,11,12,13,14,15	82	1
2916	03:09.379	12	6,7,8,9,13,14,15	5	3
2917	03:09.673	7	2,3,4,6,8,9,10,12,13,14	57	2
2918	03:09.675	4	2,3,5,7,8,9,10,11,16	5	4
2919	03:09.713	4	2,3,5,7,8,9,10,11,16	66	4
2920	03:09.716	16	1,2,3,4,5	5	2
2921	03:09.757	16	1,2,3,4,5	58	2
2922	03:09.759	1	16	5	0
2923	03:09.777	1	16	65	0
2924	03:09.780	16	1,2,3,4,5	5	2
2925	03:09.788	16	1,2,3,4,5	74	2
2926	03:09.791	4	2,3,5,7,8,9,10,11,16	5	4
2927	03:09.817	4	2,3,5,7,8,9,10,11,16	74	4
2928	03:09.820	7	2,3,4,6,8,9,10,12,13,14	5	2
2929	03:09.950	9	2,3,4,5,6,7,8,10,11,12,13,14,15	57	1
2930	03:09.952	5	2,3,4,8,9,10,11,16	5	3
2931	03:09.981	5	2,3,4,8,9,10,11,16	66	3
2932	03:09.984	16	1,2,3,4,5	5	2
2933	03:09.988	16	1,2,3,4,5	58	2
2934	03:09.990	1	16	5	0
2935	03:09.993	1	16	65	0
2936	03:09.996	16	1,2,3,4,5	5	2
2937	03:10.022	16	1,2,3,4,5	74	2
2938	03:10.025	5	2,3,4,8,9,10,11,16	5	3
2939	03:10.052	5	2,3,4,8,9,10,11,16	74	3
2940	03:10.055	9	2,3,4,5,6,7,8,10,11,12,13,14,15	5	1
2941	03:10.500	4	2,3,5,7,8,9,10,11,16	102	4
2942	03:10.504	5	2,3,4,8,9,10,11,16	5	3
2943	03:11.733	13	6,7,8,9,10,12,14,15	57	4
2944	03:11.735	10	3,4,5,7,8,9,11,13,14,15	5	2
2945	03:11.744	10	3,4,5,7,8,9,11,13,14,15	66	2
2946	03:11.747	5	2,3,4,8,9,10,11,16	5	3
2947	03:11.780	5	2,3,4,8,9,10,11,16	66	3
2948	03:11.783	16	1,2,3,4,5	5	2
2949	03:11.814	16	1,2,3,4,5	58	2
2950	03:11.816	1	16	5	0
2951	03:11.831	1	16	73	0
2952	03:11.834	16	1,2,3,4,5	5	2
2953	03:11.837	16	1,2,3,4,5	82	2
2954	03:11.840	5	2,3,4,8,9,10,11,16	5	3
2955	03:11.874	5	2,3,4,8,9,10,11,16	82	3
2956	03:11.877	10	3,4,5,7,8,9,11,13,14,15	5	2
2957	03:11.899	10	3,4,5,7,8,9,11,13,14,15	82	2
2958	03:11.902	13	6,7,8,9,10,12,14,15	5	4
2959	03:13.375	10	3,4,5,7,8,9,11,13,14,15	102	2
2960	03:13.379	3	2,4,5,6,7,8,9,10,16	5	4
2961	03:13.591	14	7,8,9,10,11,12,13,15	57	4
2962	03:13.593	11	4,5,8,9,10,14,15	5	2
2963	03:13.623	11	4,5,8,9,10,14,15	66	2
2964	03:13.626	5	2,3,4,8,9,10,11,16	5	3
2965	03:13.662	5	2,3,4,8,9,10,11,16	66	3
2966	03:13.665	16	1,2,3,4,5	5	2
2967	03:13.684	16	1,2,3,4,5	58	2
2968	03:13.686	1	16	5	0
2969	03:13.701	1	16	73	0
2970	03:13.704	16	1,2,3,4,5	5	2
2971	03:13.715	16	1,2,3,4,5	82	2
2972	03:13.718	5	2,3,4,8,9,10,11,16	5	3
2973	03:13.729	5	2,3,4,8,9,10,11,16	82	3
2974	03:13.732	11	4,5,8,9,10,14,15	5	2
2975	03:13.767	11	4,5,8,9,10,14,15	82	2
2976	03:13.770	14	7,8,9,10,11,12,13,15	5	4
2977	03:14.543	5	2,3,4,8,9,10,11,16	57	3
2978	03:14.545	16	1,2,3,4,5	5	2
2979	03:14.584	16	1,2,3,4,5	58	2
2980	03:14.586	1	16	5	0
2981	03:14.606	1	16	57	0
2982	03:14.608	16	1,2,3,4,5	5	2
2983	03:14.635	16	1,2,3,4,5	66	2
2984	03:14.638	5	2,3,4,8,9,10,11,16	5	3
2985	03:14.836	4	2,3,5,7,8,9,10,11,16	57	4
2986	03:14.838	16	1,2,3,4,5	5	2
2987	03:14.866	16	1,2,3,4,5	58	2
2988	03:14.868	1	16	5	0
2989	03:14.884	1	16	57	0
2990	03:14.886	16	1,2,3,4,5	5	2
2991	03:14.902	16	1,2,3,4,5	66	2
2992	03:14.905	4	2,3,5,7,8,9,10,11,16	5	4
2993	03:15.231	2	3,4,5,6,7,8,9,16	57	3
2994	03:15.233	16	1,2,3,4,5	5	2
2995	03:15.272	16	1,2,3,4,5	58	2
2996	03:15.274	1	16	5	0
2997	03:15.300	1	16	57	0
2998	03:15.302	16	1,2,3,4,5	5	2
2999	03:15.321	16	1,2,3,4,5	66	2
3000	03:15.324	2	3,4,5,6,7,8,9,16	5	3
3001	03:15.403	3	2,4,5,6,7,8,9,10,16	57	4
3002	03:15.405	16	1,2,3,4,5	5	2
3003	03:15.431	16	1,2,3,4,5	58	2
3004	03:15.433	1	16	5	0
3005	03:15.473	1	16	57	0
3006	03:15.475	16	1,2,3,4,5	5	2
3007	03:15.503	16	1,2,3,4,5	66	2
3008	03:15.506	3	2,4,5,6,7,8,9,10,16	5	4
3009	03:15.671	11	4,5,8,9,10,14,15	57	2
3010	03:15.673	5	2,3,4,8,9,10,11,16	5	3
3011	03:15.698	5	2,3,4,8,9,10,11,16	66	3
3012	03:15.701	16	1,2,3,4,5	5	2
3013	03:15.717	16	1,2,3,4,5	58	2
3014	03:15.719	1	16	5	0
3015	03:15.726	1	16	65	0
3016	03:15.729	16	1,2,3,4,5	5	2
3017	03:15.747	16	1,2,3,4,5	74	2
3018	03:15.750	5	2,3,4,8,9,10,11,16	5	3
3019	03:15.788	5	2,3,4,8,9,10,11,16	74	3
3020	03:15.791	11	4,5,8,9,10,14,15	5	2
3021	03:15.815	6	2,3,7,8,9,12,13	57	2
3022	03:15.817	2	3,4,5,6,7,8,9,16	5	3
3023	03:15.828	2	3,4,5,6,7,8,9,16	66	3
3024	03:15.831	16	1,2,3,4,5	5	2
3025	03:15.846	16	1,2,3,4,5	58	2
3026	03:15.848	1	16	5	0
3027	03:15.887	1	16	65	0
3028	03:15.890	16	1,2,3,4,5	5	2
3029	03:15.900	16	1,2,3,4,5	74	2
3030	03:15.903	2	3,4,5,6,7,8,9,16	5	3
3031	03:15.943	2	3,4,5,6,7,8,9,16	74	3
3032	03:15.946	6	2,3,7,8,9,12,13	5	2
3033	03:16.474	8	2,3,4,5,6,7,9,10,11,12,13,14,15	57	1
3034	03:16.476	5	2,3,4,8,9,10,11,16	5	3
3035	03:16.481	5	2,3,4,8,9,10,11,16	66	3
3036	03:16.484	16	1,2,3,4,5	5	2
3037	03:16.521	16	1,2,3,4,5	58	2
3038	03:16.523	1	16	5	0
3039	03:16.537	1	16	65	0
3040	03:16.540	16	1,2,3,4,5	5	2
3041	03:16.583	16	1,2,3,4,5	74	2
3042	03:16.586	5	2,3,4,8,9,10,11,16	5	3
3043	03:16.626	5	2,3,4,8,9,10,11,16	74	3
3044	03:16.629	8	2,3,4,5,6,7,9,10,11,12,13,14,15	5	1
3045	03:17.746	15	8,9,10,11,12,13,14	57	3
3046	03:17.748	11	4,5,8,9,10,14,15	5	2
3047	03:17.771	11	4,5,8,9,10,14,15	66	2
3048	03:17.774	5	2,3,4,8,9,10,11,16	5	3
3049	03:17.786	5	2,3,4,8,9,10,11,16	66	3
3050	03:17.789	16	1,2,3,4,5	5	2
3051	03:17.794	16	1,2,3,4,5	58	2
3052	03:17.796	1	16	5	0
3053	03:17.822	1	16	73	0
3054	03:17.825	16	1,2,3,4,5	5	2
3055	03:17.856	16	1,2,3,4,5	82	2
3056	03:17.859	5	2,3,4,8,9,10,11,16	5	3
3057	03:17.865	5	2,3,4,8,9,10,11,16	82	3
3058	03:17.868	11	4,5,8,9,10,14,15	5	2
3059	03:17.881	11	4,5,8,9,10,14,15	82	2
3060	03:17.884	15	8,9,10,11,12,13,14	5	3
3061	03:17.907	10	3,4,5,7,8,9,11,13,14,15	57	2
3062	03:17.909	5	2,3,4,8,9,10,11,16	5	3
3063	03:17.916	5	2,3,4,8,9,10,11,16	66	3
3064	03:17.919	16	1,2,3,4,5	5	2
3065	03:17.948	16	1,2,3,4,5	58	2
3066	03:17.950	1	16	5	0
3067	03:17.954	1	16	65	0
3068	03:17.957	16	1,2,3,4,5	5	2
3069	03:17.997	16	1,2,3,4,5	74	2
3070	03:18.000	5	2,3,4,8,9,10,11,16	5	3
3071	03:18.041	5	2,3,4,8,9,10,11,16	74	3
3072	03:18.044	10	3,4,5,7,8,9,11,13,14,15	5	2
3073	03:18.952	12	6,7,8,9,13,14,15	57	3
3074	03:18.954	8	2,3,4,5,6,7,9,10,11,12,13,14,15	5	1
3075	03:18.989	8	2,3,4,5,6,7,9,10,11,12,13,14,15	66	1
3076	03:18.992	5	2,3,4,8,9,10,11,16	5	3
3077	03:19.032	5	2,3,4,8,9,10,11,16	66	3
3078	03:19.035	16	1,2,3,4,5	5	2
3079	03:19.062	7	2,3,4,6,8,9,10,12,13,14	57	2
3080	03:19.064	4	2,3,5,7,8,9,10,11,16	5	4
3081	03:19.078	16	1,2,3,4,5	58	2
3082	03:19.080	1	16	5	0
3083	03:19.099	4	2,3,5,7,8,9,10,11,16	66	4
3084	03:19.102	16	1,2,3,4,5	5	2
3085	03:19.121	1	16	73	0
3086	03:19.124	16	1,2,3,4,5	5	2
3087	03:19.142	16	1,2,3,4,5	82	2
3088	03:19.145	5	2,3,4,8,9,10,11,16	5	3
3089	03:19.148	16	1,2,3,4,5	58	2
3090	03:19.151	1	16	5	0
3091	03:19.154	1	16	65	0
3092	03:19.157	16	1,2,3,4,5	5	2
3093	03:19.168	5	2,3,4,8,9,10,11,16	82	3
3094	03:19.171	8	2,3,4,5,6,7,9,10,11,12,13,14,15	5	1
3095	03:19.188	16	1,2,3,4,5	74	2
3096	03:19.191	4	2,3,5,7,8,9,10,11,16	5	4
3097	03:19.197	8	2,3,4,5,6,7,9,10,11,12,13,14,15	82	1
3098	03:19.200	12	6,7,8,9,13,14,15	5	3
3099	03:19.202	4	2,3,5,7,8,9,10,11,16	74	4
3100	03:19.205	7	2,3,4,6,8,9,10,12,13,14	5	2
3101	03:19.592	15	8,9,10,11,12,13,14	102	3
3102	03:19.596	8	2,3,4,5,6,7,9,10,11,12,13,14,15	5	1
3103	03:19.996	9	2,3,4,5,6,7,8,10,11,12,13,14,15	57	1
3104	03:19.998	5	2,3,4,8,9,10,11,16	5	3
3105	03:20.001	5	2,3,4,8,9,10,11,16	66	3
3106	03:20.004	16	1,2,3,4,5	5	2
3107	03:20.023	16	1,2,3,4,5	58	2
3108	03:20.025	1	16	5	0
3109	03:20.066	1	16	65	0
3110	03:20.069	16	1,2,3,4,5	5	2
3111	03:20.078	16	1,2,3,4,5	74	2
3112	03:20.081	5	2,3,4,8,9,10,11,16	5	3
3113	03:20.119	5	2,3,4,8,9,10,11,16	74	3
3114	03:20.122	9	2,3,4,5,6,7,8,10,11,12,13,14,15	5	1
3115	03:20.160	2	3,4,5,6,7,8,9,16	102	3
3116	03:20.164	7	2,3,4,6,8,9,10,12,13,14	5	2
3117	03:21.311	13	6,7,8,9,10,12,14,15	102	4
3118	03:21.315	6	2,3,7,8,9,12,13	5	2
3119	03:21.555	6	2,3,7,8,9,12,13	102	2
3120	03:21.559	13	6,7,8,9,10,12,14,15	5	4
3121	03:22.204	13	6,7,8,9,10,12,14,15	57	4
3122	03:22.206	10	3,4,5,7,8,9,11,13,14,15	5	2
3123	03:22.229	10	3,4,5,7,8,9,11,13,14,15	66	2
3124	03:22.232	5	2,3,4,8,9,10,11,16	5	3
3125	03:22.237	5	2,3,4,8,9,10,11,16	66	3
3126	03:22.240	16	1,2,3,4,5	5	2
3127	03:22.244	16	1,2,3,4,5	58	2
3128	03:22.246	1	16	5	0
3129	03:22.285	1	16	73	0
3130	03:22.288	16	1,2,3,4,5	5	2
3131	03:22.325	16	1,2,3,4,5	82	2
3132	03:22.328	5	2,3,4,8,9,10,11,16	5	3
3133	03:22.338	5	2,3,4,8,9,10,11,16	82	3
3134	03:22.341	10	3,4,5,7,8,9,11,13,14,15	5	2
3135	03:22.371	10	3,4,5,7,8,9,11,13,14,15	82	2
3136	03:22.374	13	6,7,8,9,10,12,14,15	5	4
3137	03:24.308	5	2,3,4,8,9,10,11,16	57	3
3138	03:24.310	16	1,2,3,4,5	5	2
3139	03:24.330	4	2,3,5,7,8,9,10,11,16	57	4
3140	03:24.332	16	1,2,3,4,5	5	2
3141	03:24.344	16	1,2,3,4,5	58	2
3142	03:24.346	1	16	5	0
3143	03:24.367	16	1,2,3,4,5	58	2
3144	03:24.369	1	16	5	0
3145	03:24.388	1	16	57	0
3146	03:24.390	16	1,2,3,4,5	5	2
3147	03:24.392	14	7,8,9,10,11,12,13,15	57	4
3148	03:24.394	11	4,5,8,9,10,14,15	5	2
3149	03:24.411	16	1,2,3,4,5	66	2
3150	03:24.414	5	2,3,4,8,9,10,11,16	5	3
3151	03:24.433	1	16	57	0
3152	03:24.435	16	1,2	5	5
3153	03:24.434	11	8,9,10,14,15	66	4
3154	03:24.457	16	1,2,3,4,5	66	2
3155	03:24.460	4	2,3,5,7,8,9,10,11,16	5	4
3156	03:24.469	11	4,5,8,9,10,14,15	66	2
3157	03:24.472	5	2,3,4,8,9,10,11,16	5	3
3158	03:24.505	5	2,3,4,8,9,10,11,16	66	3
3159	03:24.508	16	1,2,3,4,5	5	2
3160	03:24.541	16	1,2,3,4,5	58	2
3161	03:24.543	1	16	5	0
3162	03:24.586	1	16	73	0
3163	03:24.589	16	1,2,3,4,5	5	2
3164	03:24.619	16	1,2,3,4,5	82	2
3165	03:24.622	5	2,3,4,8,9,10,11,16	5	3
3166	03:24.652	5	2,3,4,8,9,10,11,16	82	3
3167	03:24.655	11	4,5,8,9,10,14,15	5	2
3168	03:24.689	11	4,5,8,9,10,14,15	82	2
3169	03:24.692	14	7,8,9,10,11,12,13,15	5	4
3170	03:24.721	11	4,5,8,9,10,14,15	57	2
3171	03:24.723	5	2,3,4,8,9,10,11,16	5	3
3172	03:24.749	5	2,3,4,8,9,10,11,16	66	3
3173	03:24.752	16	1,2,3,4,5	5	2
3174	03:24.768	16	1,2,3,4,5	58	2
3175	03:24.770	1	16	5	0
3176	03:24.802	1	16	65	0
3177	03:24.805	16	1,2,3,4,5	5	2
3178	03:24.838	16	1,2,3,4,5	74	2
3179	03:24.841	5	2,3,4,8,9,10,11,16	5	3
3180	03:24.873	5	2,3,4,8,9,10,11,16	74	3
3181	03:24.876	11	4,5,8,9,10,14,15	5	2
3182	03:25.369	3	2,4,5,6,7,8,9,10,16	57	4
3183	03:25.371	16	1,2,3,4,5	5	2
3184	03:25.381	16	1,2,3,4,5	58	2
3185	03:25.383	1	16	5	0
3186	03:25.410	1	16	57	0
3187	03:25.412	16	1,2,3,4,5	5	2
3188	03:25.453	16	1,2,3,4,5	66	2
3189	03:25.456	3	2,4,5,6,7,8,9,10,16	5	4
3190	03:25.801	2	3,4,5,6,7,8,9,16	57	3
3191	03:25.803	16	1,2,3,4,5	5	2
3192	03:25.814	16	1,2,3,4,5	58	2
3193	03:25.816	1	16	5	0
3194	03:25.835	1	16	57	0
3195	03:25.837	16	1,2,3,4,5	5	2
3196	03:25.859	16	1,2,3,4,5	66	2
3197	03:25.862	2	3,4,5,6,7,8,9,16	5	3
3198	03:26.568	6	2,3,7,8,9,12,13	57	2
3199	03:26.570	2	3,4,5,6,7,8,9,16	5	3
3200	03:26.607	2	3,4,5,6,7,8,9,16	66	3
3201	03:26.610	16	1,2,3,4,5	5	2
3202	03:26.639	16	1,2,3,4,5	58	2
3203	03:26.641	1	16	5	0
3204	03:26.674	1	16	65	0
3205	03:26.677	16	1,2,3,4,5	5	2
3206	03:26.686	16	1,2,3,4,5	74	2
3207	03:26.689	2	3,4,5,6,7,8,9,16	5	3
3208	03:26.720	2	3,4,5,6,7,8,9,16	74	3
3209	03:26.723	6	2,3,7,8,9,12,13	5	2
3210	03:26.743	8	2,3,4,5,6,7,9,10,11,12,13,14,15	57	1
3211	03:26.745	5	2,3,4,8,9,10,11,16	5	3
3212	03:26.748	5	2,3,4,8,9,10,11,16	66	3
3213	03:26.751	16	1,2,3,4,5	5	2
3214	03:26.758	16	1,2,3,4,5	58	2
3215	03:26.760	1	16	5	0
3216	03:26.781	1	16	65	0
3217	03:26.784	16	1,2,3,4,5	5	2
3218	03:26.791	16	1,2,3,4,5	74	2
3219	03:26.794	5	2,3,4,8,9,10,11,16	5	3
3220	03:26.831	5	2,3,4,8,9,10,11,16	74	3
3221	03:26.834	8	2,3,4,5,6,7,9,10,11,12,13,14,15	5	1
3222	03:27.723	10	3,4,5,7,8,9,11,13,14,15	57	2
3223	03:27.725	5	2,3,4,8,9,10,11,16	5	3
3224	03:27.755	5	2,3,4,8,9,10,11,16	66	3
3225	03:27.758	16	1,2,3,4,5	5	2
3226	03:27.785	16	1,2,3,4,5	58	2
3227	03:27.787	1	16	5	0
3228	03:27.826	1	16	65	0
3229	03:27.829	16	1,2,3,4,5	5	2
3230	03:27.835	16	1,2,3,4,5	74	2
3231	03:27.838	5	2,3,4,8,9,10,11,16	5	3
3232	03:27.874	5	2,3,4,8,9,10,11,16	74	3
3233	03:27.877	10	3,4,5,7,8,9,11,13,14,15	5	2
3234	03:27.948	15	8,9,10,11,12,13,14	57	3
3235	03:27.950	11	4,5,8,9,10,14,15	5	2
3236	03:27.978	11	4,5,8,9,10,14,15	66	2
3237	03:27.981	5	2,3,4,8,9,10,11,16	5	3
3238	03:27.987	5	2,3,4,8,9,10,11,16	66	3
3239	03:27.990	16	1,2,3,4,5	5	2
3240	03:28.022	16	1,2,3,4,5	58	2
3241	03:28.024	1	16	5	0
3242	03:28.053	1	16	73	0
3243	03:28.056	16	1,2,3,4,5	5	2
3244	03:28.079	16	1,2,3,4,5	82	2
3245	03:28.082	5	2,3,4,8,9,10,11,16	5	3
3246	03:28.094	5	2,3,4,8,9,10,11,16	82	3
3247	03:28.097	11	4,5,8,9,10,14,15	5	2
3248	03:28.116	11	4,5,8,9,10,14,15	82	2
3249	03:28.119	15	8,9,10,11,12,13,14	5	3
3250	03:28.633	7	2,3,4,6,8,9,10,12,13,14	57	2
3251	03:28.635	4	2,3,5,7,8,9,10,11,16	5	4
3252	03:28.652	4	2,3,5,7,8,9,10,11,16	66	4
3253	03:28.655	16	1,2,3,4,5	5	2
3254	03:28.691	16	1,2,3,4,5	58	2
3255	03:28.693	1	16	5	0
3256	03:28.726	1	16	65	0
3257	03:28.729	16	1,2,3,4,5	5	2
3258	03:28.745	16	1,2,3,4,5	74	2
3259	03:28.748	4	2,3,5,7,8,9,10,11,16	5	4
3260	03:28.767	4	2,3,5,7,8,9,10,11,16	74	4
3261	03:28.770	7	2,3,4,6,8,9,10,12,13,14	5	2
3262	03:29.074	12	6,7,8,9,13,14,15	57	3
3263	03:29.076	8	2,3,4,5,6,7,9,10,11,12,13,14,15	5	1
3264	03:29.114	8	2,3,4,5,6,7,9,10,11,12,13,14,15	66	1
3265	03:29.117	5	2,3,4,8,9,10,11,16	5	3
3266	03:29.137	5	2,3,4,8,9,10,11,16	66	3
3267	03:29.140	16	1,2,3,4,5	5	2
3268	03:29.157	16	1,2,3,4,5	58	2
3269	03:29.159	1	16	5	0
3270	03:29.172	9	2,3,4,5,6,7,8,10,11,12,13,14,15	57	1
3271	03:29.174	5	2,3,4,8,9,10,11,16	5	3
3272	03:29.179	1	16	73	0
3273	03:29.182	16	1,2,3,4,5	5	2
3274	03:29.186	16	1,2,3,4,5	82	2
3275	03:29.189	5	2,3,4,8,9,10,11,16	5	3
3276	03:29.200	5	2,3,4,8,9,10,11,16	66	3
3277	03:29.203	16	1,2,3,4,5	5	2
3278	03:29.229	5	2,3,4,8,9,10,11,16	82	3
3279	03:29.232	8	2,3,4,5,6,7,9,10,11,12,13,14,15	5	1
3280	03:29.244	16	1,2,3,4,5	58	2
3281	03:29.246	1	16	5	0
3282	03:29.262	8	2,3,4,5,6,7,9,10,11,12,13,14,15	82	1
3283	03:29.265	12	6,7,8,9,13,14,15	5	3
3284	03:29.281	1	16	65	0
3285	03:29.284	16	1,2,3,4,5	5	2
3286	03:29.322	16	1,2,3,4,5	74	2
3287	03:29.325	5	2,3,4,8,9,10,11,16	5	3
3288	03:29.355	5	2,3,4,8,9,10,11,16	74	3
3289	03:29.358	9	2,3,4,5,6,7,8,10,11,12,13,14,15	5	1
3290	03:32.060	13	6,7,8,9,10,12,14,15	57	4
3291	03:32.062	10	3,4,5,7,8,9,11,13,14,15	5	2
3292	03:32.095	10	3,4,5,7,8,9,11,13,14,15	66	2
3293	03:32.098	5	2,3,4,8,9,10,11,16	5	3
3294	03:32.124	5	2,3,4,8,9,10,11,16	66	3
3295	03:32.127	16	1,2,3,4,5	5	2
3296	03:32.130	16	1,2,3,4,5	58	2
3297	03:32.132	1	16	5	0
3298	03:32.151	1	16	73	0
3299	03:32.154	16	1,2,3,4,5	5	2
3300	03:32.164	16	1,2,3,4,5	82	2
3301	03:32.167	5	2,3,4,8,9,10,11,16	5	3
3302	03:32.170	5	2,3,4,8,9,10,11,16	82	3
3303	03:32.174	10	3,4,5,7,8,9,11,13,14,15	5	2
3304	03:32.216	10	3,4,5,7,8,9,11,13,14,15	82	2
3305	03:32.219	13	6,7,8,9,10,12,14,15	5	4
3306	03:33.506	4	2,3,5,7,8,9,10,11,16	57	4
3307	03:33.508	16	1,2,3,4,5	5	2
3308	03:33.534	16	1,2,3,4,5	58	2
3309	03:33.536	1	16	5	0
3310	03:33.570	1	16	57	0
3311	03:33.572	16	1,2,3,4,5	5	2
3312	03:33.599	5	2,3,4,8,9,10,11,16	57	3
3313	03:33.601	16	1,2,3,4,5	5	2
3314	03:33.614	16	1,2,3,4,5	58	2
3315	03:33.616	1	16	5	0
3316	03:33.622	16	1,2,3,4,5	66	2
3317	03:33.625	4	2,3,5,7,8,9,10,11,16	5	4
3318	03:33.628	1	16	57	0
3319	03:33.630	16	1,2,3,4,5	5	2
3320	03:33.633	16	1,2,3,4,5	66	2
3321	03:33.636	5	2,3,4,8,9,10,11,16	5	3
3322	03:34.899	11	4,5,8,9,10,14,15	57	2
3323	03:34.901	5	2,3,4,8,9,10,11,16	5	3
3324	03:34.931	5	2,3,4,8,9,10,11,16	66	3
3325	03:34.934	16	1,2,3,4,5	5	2
3326	03:34.972	16	1,2,3,4,5	58	2
3327	03:34.974	1	16	5	0
3328	03:34.996	1	16	65	0
3329	03:34.999	16	1,2,3,4,5	5	2
3330	03:35.022	16	1,2,3,4,5	74	2
3331	03:35.025	5	2,3,4,8,9,10,11,16	5	3
3332	03:35.047	14	7,8,9,10,11,12,13,15	57	4
3333	03:35.049	11	4,5,8,9,10,14,15	5	2
3334	03:35.061	11	4,5,8,9,10,14,15	66	2
3335	03:35.064	5	2,3,4,8,9,10,11,16	5	3
3336	03:35.100	5	2,3,4,8,9,10,11,16	66	3
3337	03:35.103	16	1,2,3,4,5	5	2
3338	03:35.109	16	1,2,3,4,5	58	2
3339	03:35.111	1	16	5	0
3340	03:35.148	1	16	73	0
3341	03:35.151	16	1,2,3,4,5	5	2
3342	03:35.179	16	1,2,3,4,5	82	2
3343	03:35.182	5	2,3,4,8,9,10,11,16	5	3
3344	03:35.260	5	2,3,4,8,9,10,11,16	74	3
3345	03:35.263	11	4,5,8,9,10,14,15	5	2
3346	03:35.271	5	2,3,4,8,9,10,11,16	82	3
3347	03:35.274	11	4,5,8,9,10,14,15	5	2
3348	03:35.303	11	4,5,8,9,10,14,15	82	2
3349	03:35.306	14	7,8,9,10,11,12,13,15	5	4
3350	03:36.068	2	3,4,5,6,7,8,9,16	57	3
3351	03:36.070	16	1,2,3,4,5	5	2
3352	03:36.085	16	1,2,3,4,5	58	2
3353	03:36.087	1	16	5	0
3354	03:36.123	1	16	57	0
3355	03:36.125	16	1,2,3,4,5	5	2
3356	03:36.163	16	1,2,3,4,5	66	2
3357	03:36.166	2	3,4,5,6,7,8,9,16	5	3
3358	03:36.170	3	2,4,5,6,7,8,9,10,16	57	4
3359	03:36.172	16	1,2,3,4,5	5	2
3360	03:36.189	16	1,2,3,4,5	58	2
3361	03:36.191	1	16	5	0
3362	03:36.202	1	16	57	0
3363	03:36.204	16	1,2,3,4,5	5	2
3364	03:36.233	16	1,2,3,4,5	66	2
3365	03:36.236	3	2,4,5,6,7,8,9,10,16	5	4
3366	03:36.990	6	2,3,7,8,9,12,13	57	2
3367	03:36.992	2	3,4,5,6,7,8,9,16	5	3
3368	03:37.023	2	3,4,5,6,7,8,9,16	66	3
3369	03:37.026	16	1,2,3,4,5	5	2
3370	03:37.041	16	1,2,3,4,5	58	2
3371	03:37.043	1	16	5	0
3372	03:37.068	1	16	65	0
3373	03:37.071	16	1,2,3,4,5	5	2
3374	03:37.089	16	1,2,3,4,5	74	2
3375	03:37.092	2	3,4,5,6,7,8,9,16	5	3
3376	03:37.099	2	3,4,5,6,7,8,9,16	74	3
3377	03:37.102	6	2,3,7,8,9,12,13	5	2
3378	03:37.395	8	2,3,4,5,6,7,9,10,11,12,13,14,15	57	1
3379	03:37.397	5	2,3,4,8,9,10,11,16	5	3
3380	03:37.425	5	2,3,4,8,9,10,11,16	66	3
3381	03:37.428	16	1,2,3,4,5	5	2
3382	03:37.442	16	1,2,3,4,5	58	2
3383	03:37.444	1	16	5	0
3384	03:37.473	1	16	65	0
3385	03:37.476	16	1,2,3,4,5	5	2
3386	03:37.502	16	1,2,3,4,5	74	2
3387	03:37.505	5	2,3,4,8,9,10,11,16	5	3
3388	03:37.534	5	2,3,4,8,9,10,11,16	74	3
3389	03:37.537	8	2,3,4,5,6,7,9,10,11,12,13,14,15	5	1
3390	03:37.706	10	3,4,5,7,8,9,11,13,14,15	57	2
3391	03:37.708	5	2,3,4,8,9,10,11,16	5	3
3392	03:37.750	5	2,3,4,8,9,10,11,16	66	3
3393	03:37.753	16	1,2,3,4,5	5	2
3394	03:37.779	16	1,2,3,4,5	58	2
3395	03:37.781	1	16	5	0
3396	03:37.807	1	16	65	0
3397	03:37.810	16	1,2,3,4,5	5	2
3398	03:37.837	16	1,2,3,4,5	74	2
3399	03:37.840	5	2,3,4,8,9,10,11,16	5	3
3400	03:37.870	5	2,3,4,8,9,10,11,16	74	3
3401	03:37.873	10	3,4,5,7,8,9,11,13,14,15	5	2
3402	03:38.384	9	2,3,4,5,6,7,8,10,11,12,13,14,15	57	1
3403	03:38.386	5	2,3,4,8,9,10,11,16	5	3
3404	03:38.405	5	2,3,4,8,9,10,11,16	66	3
3405	03:38.408	16	1,2,3,4,5	5	2
3406	03:38.444	16	1,2,3,4,5	58	2
3407	03:38.446	1	16	5	0
3408	03:38.453	1	16	65	0
3409	03:38.456	16	1,2,3,4,5	5	2
3410	03:38.463	16	1,2,3,4,5	74	2
3411	03:38.466	5	2,3,4,8,9,10,11,16	5	3
3412	03:38.475	5	2,3,4,8,9,10,11,16	74	3
3413	03:38.478	9	2,3,4,5,6,7,8,10,11,12,13,14,15	5	1
3414	03:38.553	15	8,9,10,11,12,13,14	57	3
3415	03:38.555	11	4,5,8,9,10,14,15	5	2
3416	03:38.560	11	4,5,8,9,10,14,15	66	2
3417	03:38.563	5	2,3,4,8,9,10,11,16	5	3
3418	03:38.566	5	2,3,4,8,9,10,11,16	66	3
3419	03:38.569	16	1,2,3,4,5	5	2
3420	03:38.605	16	1,2,3,4,5	58	2
3421	03:38.607	1	16	5	0
3422	03:38.611	1	16	73	0
3423	03:38.614	16	1,2,3,4,5	5	2
3424	03:38.637	16	1,2,3,4,5	82	2
3425	03:38.640	5	2,3,4,8,9,10,11,16	5	3
3426	03:38.659	5	2,3,4,8,9,10,11,16	82	3
3427	03:38.662	11	4,5,8,9,10,14,15	5	2
3428	03:38.675	11	4,5,8,9,10,14,15	82	2
3429	03:38.678	15	8,9,10,11,12,13,14	5	3
3430	03:38.859	12	6,7,8,9,13,14,15	57	3
3431	03:38.861	8	2,3,4,5,6,7,9,10,11,12,13,14,15	5	1
3432	03:38.891	8	2,3,4,5,6,7,9,10,11,12,13,14,15	66	1
3433	03:38.894	5	2,3,4,8,9,10,11,16	5	3
3434	03:38.909	5	2,3,4,8,9,10,11,16	66	3
3435	03:38.912	16	1,2,3,4,5	5	2
3436	03:38.955	16	1,2,3,4,5	58	2
3437	03:38.957	1	16	5	0
3438	03:38.975	1	16	73	0
3439	03:38.978	16	1,2,3,4,5	5	2
3440	03:39.000	16	1,2,3,4,5	82	2
3441	03:39.003	5	2,3,4,8,9,10,11,16	5	3
3442	03:39.006	5	2,3,4,8,9,10,11,16	82	3
3443	03:39.010	8	2,3,4,5,6,7,9,10,11,12,13,14,15	5	1
3444	03:39.041	8	2,3,4,5,6,7,9,10,11,12,13,14,15	82	1
3445	03:39.044	12	6,7,8,9,13,14,15	5	3
3446	03:39.577	7	2,3,4,6,8,9,10,12,13,14	57	2
3447	03:39.579	4	2,3,5,7,8,9,10,11,16	5	4
3448	03:39.609	4	2,3,5,7,8,9,10,11,16	66	4
3449	03:39.612	16	1,2,3,4,5	5	2
3450	03:39.622	16	1,2,3,4,5	58	2
3451	03:39.624	1	16	5	0
3452	03:39.631	1	16	65	0
3453	03:39.634	16	1,2,3,4,5	5	2
3454	03:39.666	16	1,2,3,4,5	74	2
3455	03:39.669	4	2,3,5,7,8,9,10,11,16	5	4
3456	03:39.681	4	2,3,5,7,8,9,10,11,16	74	4
3457	03:39.684	7	2,3,4,6,8,9,10,12,13,14	5	2
3458	03:42.110	13	6,7,8,9,10,12,14,15	57	4
3459	03:42.112	10	3,4,5,7,8,9,11,13,14,15	5	2
3460	03:42.131	10	3,4,5,7,8,9,11,13,14,15	66	2
3461	03:42.134	5	2,3,4,8,9,10,11,16	5	3
3462	03:42.146	5	2,3,4,8,9,10,11,16	66	3
3463	03:42.149	16	1,2,3,4,5	5	2
3464	03:42.166	16	1,2,3,4,5	58	2
3465	03:42.168	1	16	5	0
3466	03:42.206	1	16	73	0
3467	03:42.209	16	1,2,3,4,5	5	2
3468	03:42.252	16	1,2,3,4,5	82	2
3469	03:42.255	5	2,3,4,8,9,10,11,16	5	3
3470	03:42.278	5	2,3,4,8,9,10,11,16	82	3
3471	03:42.281	10	3,4,5,7,8,9,11,13,14,15	5	2
3472	03:42.286	10	3,4,5,7,8,9,11,13,14,15	82	2
3473	03:42.289	13	6,7,8,9,10,12,14,15	5	4
3474	03:44.151	5	2,3,4,8,9,10,11,16	57	3
3475	03:44.153	16	1,2,3,4,5	5	2
3476	03:44.162	16	1,2,3,4,5	58	2
3477	03:44.164	1	16	5	0
3478	03:44.207	1	16	57	0
3479	03:44.209	16	1,2,3,4,5	5	2
3480	03:44.213	16	1,2,3,4,5	66	2
3481	03:44.216	5	2,3,4,8,9,10,11,16	5	3
3482	03:44.305	4	2,3,5,7,8,9,10,11,16	57	4
3483	03:44.307	16	1,2,3,4,5	5	2
3484	03:44.329	16	1,2,3,4,5	58	2
3485	03:44.331	1	16	5	0
3486	03:44.356	1	16	57	0
3487	03:44.358	16	1,2,3,4,5	5	2
3488	03:44.398	16	1,2,3,4,5	66	2
3489	03:44.401	4	2,3,5,7,8,9,10,11,16	5	4
3490	03:44.688	1	16	97	0
3491	03:44.760	11	4,5,8,9,10,14,15	57	2
3492	03:44.762	5	2,3,4,8,9,10,11,16	5	3
3493	03:44.776	14	7,8,9,10,11,12,13,15	57	4
3494	03:44.778	11	4,5,8,9,10,14,15	5	2
3495	03:44.800	5	2,3,4,8,9,10,11,16	66	3
3496	03:44.803	16	1,2,3,4,5	5	2
3497	03:44.811	16	1,2,3,4,5	58	2
3498	03:44.813	1	16	5	0
3499	03:44.813	11	4,5,8,9,10,14,15	66	2
3500	03:44.816	5	2,3,4,8,9,10,11,16	5	3
3501	03:44.848	5	2,3,4,8,9,10,11	66	4
3502	03:44.849	1	-	65	1
3503	03:44.856	1	16	65	0
3504	03:44.859	16	1,2,3,4,5	5	2
3505	03:44.882	16	1,2,3,4,5	74	2
3506	03:44.885	5	2,3,4,8,9,10,11,16	5	3
3507	03:44.895	5	2,3,4,8,9,10,11,16	66	3
3508	03:44.898	16	1,2,3,4,5	5	2
3509	03:44.918	16	1,2,3,4,5	58	2
3510	03:44.920	1	16	5	0
3511	03:44.946	1	16	73	0
3512	03:44.949	16	1,2,3,4,5	5	2
3513	03:44.969	16	1,2,3,4,5	82	2
3514	03:44.972	5	2,3,4,8,9,10,11,16	5	3
3515	03:44.984	5	2,3,4,8,9,10,11,16	74	3
3516	03:44.987	11	4,5,8,9,10,14,15	5	2
3517	03:45.014	5	2,3,4,8,9,10,11,16	82	3
3518	03:45.017	11	4,5,8,9,10,14,15	5	2
3519	03:45.046	11	4,5,8,9,10,14,15	82	2
3520	03:45.049	14	7,8,9,10,11,12,13,15	5	4
3521	03:46.483	2	3,4,5,6,7,8,9,16	57	3
3522	03:46.485	16	1,2,3,4,5	5	2
3523	03:46.507	3	2,4,5,6,7,8,9,10,16	57	4
3524	03:46.509	16	1,2,3,4,5	5	2
3525	03:46.513	16	1,2,3,4,5	58	2
3526	03:46.515	1	16	5	0
3527	03:46.541	16	1,2,3,4,5	58	2
3528	03:46.543	1	16	5	0
3529	03:46.553	1	16	57	0
3530	03:46.555	16	1,2,3,4,5	5	2
3531	03:46.576	1	16	57	0
3532	03:46.578	16	1,2,3,4,5	5	2
3533	03:46.592	16	1,2,3,4,5	66	2
3534	03:46.595	3	2,4,5,6,7,8,9,10,16	5	4
3535	03:46.635	16	1,2,3,4,5	66	2
3536	03:46.638	2	3,4,5,6,7,8,9,16	5	3
3537	03:47.146	6	2,3,7,8,9,12,13	57	2
3538	03:47.148	2	3,4,5,6,7,8,9,16	5	3
3539	03:47.179	2	3,4,5,6,7,8,9,16	66	3
3540	03:47.182	16	1,2,3,4,5	5	2
3541	03:47.204	16	1,2,3,4,5	58	2
3542	03:47.206	1	16	5	0
3543	03:47.231	1	16	65	0
3544	03:47.234	16	1,2,3,4,5	5	2
3545	03:47.263	16	1,2,3,4,5	74	2
3546	03:47.266	2	3,4,5,6,7,8,9,16	5	3
3547	03:47.269	2	3,4,5,6,7,8,9,16	74	3
3548	03:47.272	6	2,3,7,8,9,12,13	5	2
3549	03:47.633	10	3,4,5,7,8,9,11,13,14,15	57	2
3550	03:47.635	5	2,3,4,8,9,10,11,16	5	3
3551	03:47.662	5	2,3,4,8,9,10,11,16	66	3
3552	03:47.665	16	1,2,3,4,5	5	2
3553	03:47.677	16	1,2,3,4,5	58	2
3554	03:47.679	1	16	5	0
3555	03:47.706	1	16	65	0
3556	03:47.709	16	1,2,3,4,5	5	2
3557	03:47.730	16	1,2,3,4,5	74	2
3558	03:47.733	5	2,3,4,8,9,10,11,16	5	3
3559	03:47.770	5	2,3,4,8,9,10,11,16	74	3
3560	03:47.773	10	3,4,5,7,8,9,11,13,14,15	5	2
3561	03:48.028	8	2,3,4,5,6,7,9,10,11,12,13,14,15	57	1
3562	03:48.030	5	2,3,4,8,9,10,11,16	5	3
3563	03:48.036	5	2,3,4,8,9,10,11,16	66	3
3564	03:48.039	16	1,2,3,4,5	5	2
3565	03:48.045	15	8,9,10,11,12,13,14	57	3
3566	03:48.047	11	4,5,8,9,10,14,15	5	2
3567	03:48.060	16	1,2,3,4,5	58	2
3568	03:48.062	1	16	5	0
3569	03:48.068	11	4,5,8,9,10,14,15	66	2
3570	03:48.071	5	2,3,4,8,9,10,11,16	5	3
3571	03:48.088	5	2,3,4,8,9,10,11,16	66	3
3572	03:48.091	16	1,2,3,4,5	5	2
3573	03:48.096	16	1,2,3,4,5	58	2
3574	03:48.098	1	16	5	0
3575	03:48.104	1	16	65	0
3576	03:48.107	16	1,2,3,4,5	5	2
3577	03:48.130	1	16	73	0
3578	03:48.133	16	1,2,3,4,5	5	2
3579	03:48.144	16	1,2,3,4,5	74	2
3580	03:48.147	5	2,3,4,8,9,10,11,16	5	3
3581	03:48.154	16	1,2,3,4,5	82	2
3582	03:48.157	5	2,3,4,8,9,10,11,16	5	3
3583	03:48.185	5	2,3,4,8,9,10,11,16	82	3
3584	03:48.188	11	4,5,8,9,10,14,15	5	2
3585	03:48.205	5	2,3,4,8,9,10,11,16	74	3
3586	03:48.208	8	2,3,4,5,6,7,9,10,11,12,13,14,15	5	1
3587	03:48.231	11	4,5,8,9,10,14,15	82	2
3588	03:48.234	15	8,9,10,11,12,13,14	5	3
3589	03:49.203	12	6,7,8,9,13,14,15	57	3
3590	03:49.205	8	2,3,4,5,6,7,9,10,11,12,13,14,15	5	1
3591	03:49.218	8	2,3,4,5,6,7,9,10,11,12,13,14,15	66	1
3592	03:49.221	5	2,3,4,8,9,10,11,16	5	3
3593	03:49.236	5	2,3,4,8,9,10,11,16	66	3
3594	03:49.239	16	1,2,3,4,5	5	2
3595	03:49.251	9	2,3,4,5,6,7,8,10,11,12,13,14,15	57	1
3596	03:49.253	5	2,3,4,8,9,10,11,16	5	3
3597	03:49.257	16	1,2,3,4,5	58	2
3598	03:49.259	1	16	5	0
3599	03:49.262	5	2,3,4,8,9,10,11,16	66	3
3600	03:49.265	16	1,2,3,4,5	5	2
3601	03:49.294	1	16	73	0
3602	03:49.297	16	1,2,3,4,5	5	2
3603	03:49.300	16	1,2,3,4,5	58	2
3604	03:49.303	1	16	5	0
3605	03:49.323	16	1,2,3,4,5	82	2
3606	03:49.326	5	2,3,4,8,9,10,11,16	5	3
3607	03:49.340	1	16	65	0
3608	03:49.343	5	2,3,4,8,9,10,11,16	82	3
3609	03:49.346	8	2,3,4,5,6,7,9,10,11,12,13,14,15	5	1
3610	03:49.349	1	16	65	0
3611	03:49.352	16	1,2,3,4,5	5	2
3612	03:49.371	16	1,2,3,4,5	74	2
3613	03:49.373	8	2,3,4,5,6,7,9,10,11,12,13,14,15	82	1
3614	03:49.376	12	6,7,8,9,13,14,15	5	3
3615	03:49.384	5	2,3,4,8,9,10,11,16	74	3
3616	03:49.387	9	2,3,4,5,6,7,8,10,11,12,13,14,15	5	1
3617	03:49.453	16	1,2,3,4,5	74	2
3618	03:49.456	5	2,3,4,8,9,10,11,16	5	3
3619	03:49.604	7	2,3,4,6,8,9,10,12,13,14	57	2
3620	03:49.606	4	2,3,5,7,8,9,10,11,16	5	4
3621	03:49.628	4	2,3,5,7,8,9,10,11,16	66	4
3622	03:49.631	16	1,2,3,4,5	5	2
3623	03:49.649	16	1,2,3,4,5	58	2
3624	03:49.651	1	16	5	0
3625	03:49.689	1	16	65	0
3626	03:49.692	16	1,2,3,4,5	5	2
3627	03:49.695	16	1,2,3,4,5	74	2
3628	03:49.698	4	2,3,5,7,8,9,10,11,16	5	4
3629	03:49.726	4	2,3,5,7,8,9,10,11,16	74	4
3630	03:49.729	7	2,3,4,6,8,9,10,12,13,14	5	2
3631	03:51.487	5	2,3,4,8,9,10,11,16	97	3
3632	03:51.542	13	6,7,8,9,10,12,14,15	57	4
3633	03:51.544	10	3,4,5,7,8,9,11,13,14,15	5	2
3634	03:51.550	10	3,4,5,7,8,9,11,13,14,15	66	2
3635	03:51.553	5	2,3,4,8,9,10,11,16	5	3
3636	03:51.570	5	2,3,4,8,9,10,11,16	66	3
3637	03:51.573	16	1,2,3,4,5	5	2
3638	03:51.609	16	1,2,3,4,5	58	2
3639	03:51.611	1	16	5	0
3640	03:51.654	1	16	73	0
3641	03:51.657	16	1,2,3,4,5	5	2
3642	03:51.672	16	1,2,3,4,5	82	2
3643	03:51.675	5	2,3,4,8,9,10,11,16	5	3
3644	03:51.680	5	2,3,4,8,9,10,11,16	82	3
3645	03:51.683	10	3,4,5,7,8,9,11,13,14,15	5	2
3646	03:51.692	10	3,4,5,7,8,9,11,13,14,15	82	2
3647	03:51.695	13	6,7,8,9,10,12,14,15	5	4
3648	03:53.293	9	2,3,4,5,6,7,8,10,11,12,13,14,15	102	1
3649	03:53.297	2	3,4,5,6,7,8,9,16	5	3
3650	03:54.302	4	2,3,5,7,8,9,10,11,16	57	4
3651	03:54.304	16	1,2,3,4,5	5	2
3652	03:54.317	16	1,2,3,4,5	58	2
3653	03:54.319	1	16	5	0
3654	03:54.339	1	16	57	0
3655	03:54.341	16	1,2,3,4,5	5	2
3656	03:54.349	16	1,2,3,4,5	66	2
3657	03:54.352	4	2,3,5,7,8,9,10,11,16	5	4
3658	03:54.413	5	2,3,4,8,9,10,11,16	57	3
3659	03:54.415	16	1,2,3,4,5	5	2
3660	03:54.425	16	1,2,3,4,5	58	2
3661	03:54.427	1	16	5	0
3662	03:54.457	1	16	57	0
3663	03:54.459	16	1,2,3,4,5	5	2
3664	03:54.491	16	1,2,3,4,5	66	2
3665	03:54.494	5	2,3,4,8,9,10,11,16	5	3
3666	03:54.788	11	4,5,8,9,10,14,15	57	2
3667	03:54.790	5	2,3,4,8,9,10,11,16	5	3
3668	03:54.811	5	2,3,4,8,9,10,11,16	66	3
3669	03:54.814	16	1,2,3,4,5	5	2
3670	03:54.835	16	1,2,3,4,5	58	2
3671	03:54.837	1	16	5	0
3672	03:54.862	1	16	65	0
3673	03:54.865	16	1,2,3,4,5	5	2
3674	03:54.906	16	1,2,3,4,5	74	2
3675	03:54.909	5	2,3,4,8,9,10,11,16	5	3
3676	03:54.923	5	2,3,4,8,9,10,11,16	74	3
3677	03:54.926	11	4,5,8,9,10,14,15	5	2
3678	03:55.054	14	7,8,9,10,11,12,13,15	57	4
3679	03:55.056	11	4,5,8,9,10,14,15	5	2
3680	03:55.088	11	4,5,8,9,10,14,15	66	2
3681	03:55.091	5	2,3,4,8,9,10,11,16	5	3
3682	03:55.108	5	2,3,4,8,9,10,11,16	66	3
3683	03:55.111	16	1,2,3,4,5	5	2
3684	03:55.133	16	1,2,3,4,5	58	2
3685	03:55.135	1	16	5	0
3686	03:55.159	1	16	73	0
3687	03:55.162	16	1,2,3,4,5	5	2
3688	03:55.173	16	1,2,3,4,5	82	2
3689	03:55.176	5	2,3,4,8,9,10,11,16	5	3
3690	03:55.184	5	2,3,4,8,9,10,11,16	82	3
3691	03:55.187	11	4,5,8,9,10,14,15	5	2
3692	03:55.193	11	4,5,8,9,10,14,15	82	2
3693	03:55.196	14	7,8,9,10,11,12,13,15	5	4
3694	03:56.177	3	2,4,5,6,7,8,9,10,16	57	4
3695	03:56.179	16	1,2,3,4,5	5	2
3696	03:56.211	16	1,2,3,4,5	58	2
3697	03:56.213	1	16	5	0
3698	03:56.250	1	16	57	0
3699	03:56.252	16	1,2,3,4,5	5	2
3700	03:56.273	16	1,2,3,4,5	66	2
3701	03:56.276	3	2,4,5,6,7,8,9,10,16	5	4
3702	03:56.778	6	2,3,7,8,9,12,13	57	2
3703	03:56.780	2	3,4,5,6,7,8,9,16	5	3
3704	03:56.789	2	3,4,5,6,7,8,9,16	66	3
3705	03:56.792	16	1,2,3,4,5	5	2
3706	03:56.829	16	1,2,3,4,5	58	2
3707	03:56.831	1	16	5	0
3708	03:56.869	1	16	65	0
3709	03:56.872	16	1,2,3,4,5	5	2
3710	03:56.895	16	1,2,3,4,5	74	2
3711	03:56.898	2	3,4,5,6,7,8,9,16	5	3
3712	03:56.919	2	3,4,5,6,7,8,9,16	74	3
3713	03:56.922	6	2,3,7,8,9,12,13	5	2
3714	03:56.978	10	3,4,5,7,8,9,11,13,14,15	57	2
3715	03:56.980	5	2,3,4,8,9,10,11,16	5	3
3716	03:57.019	5	2,3,4,8,9,10,11,16	66	3
3717	03:57.022	16	1,2,3,4,5	5	2
3718	03:57.026	16	1,2,3,4,5	58	2
3719	03:57.028	1	16	5	0
3720	03:57.038	1	16	65	0
3721	03:57.041	16	1,2,3,4,5	5	2
3722	03:57.079	16	1,2,3,4,5	74	2
3723	03:57.082	5	2,3,4,8,9,10,11,16	5	3
3724	03:57.116	5	2,3,4,8,9,10,11,16	74	3
3725	03:57.119	10	3,4,5,7,8,9,11,13,14,15	5	2
3726	03:57.171	2	3,4,5,6,7,8,9,16	57	3
3727	03:57.173	16	1,2,3,4,5	5	2
3728	03:57.211	16	1,2,3,4,5	58	2
3729	03:57.213	1	16	5	0
3730	03:57.235	1	16	57	0
3731	03:57.237	16	1,2,3,4,5	5	2
3732	03:57.262	16	1,2,3,4,5	66	2
3733	03:57.265	2	3,4,5,6,7,8,9,16	5	3
3734	03:57.313	15	8,9,10,11,12,13,14	57	3
3735	03:57.315	11	4,5,8,9,10,14,15	5	2
3736	03:57.341	11	4,5,8,9,10,14,15	66	2
3737	03:57.344	5	2,3,4,8,9,10,11,16	5	3
3738	03:57.357	5	2,3,4,8,9,10,11,16	66	3
3739	03:57.360	16	1,2,3,4,5	5	2
3740	03:57.375	16	1,2,3,4,5	58	2
3741	03:57.377	1	16	5	0
3742	03:57.407	1	16	73	0
3743	03:57.410	16	1,2,3,4,5	5	2
3744	03:57.425	16	1,2,3,4,5	82	2
3745	03:57.428	5	2,3,4,8,9,10,11,16	5	3
3746	03:57.466	5	2,3,4,8,9,10,11,16	82	3
3747	03:57.469	11	4,5,8,9,10,14,15	5	2
3748	03:57.498	11	4,5,8,9,10,14,15	82	2
3749	03:57.501	15	8,9,10,11,12,13,14	5	3
3750	03:58.280	8	2,3,4,5,6,7,9,10,11,12,13,14,15	57	1
3751	03:58.282	5	2,3,4,8,9,10,11,16	5	3
3752	03:58.308	5	2,3,4,8,9,10,11,16	66	3
3753	03:58.311	16	1,2,3,4,5	5	2
3754	03:58.339	16	1,2,3,4,5	58	2
3755	03:58.341	1	16	5	0
3756	03:58.377	1	16	65	0
3757	03:58.380	16	1,2,3,4,5	5	2
3758	03:58.423	16	1,2,3,4,5	74	2
3759	03:58.426	5	2,3,4,8,9,10,11,16	5	3
3760	03:58.429	5	2,3,4,8,9,10,11,16	74	3
3761	03:58.432	8	2,3,4,5,6,7,9,10,11,12,13,14,15	5	1
3762	03:59.708	12	6,7,8,9,13,14,15	57	3
3763	03:59.710	8	2,3,4,5,6,7,9,10,11,12,13,14,15	5	1
3764	03:59.713	8	2,3,4,5,6,7,9,10,11,12,13,14,15	66	1
3765	03:59.716	5	2,3,4,8,9,10,11,16	5	3
3766	03:59.727	5	2,3,4,8,9,10,11,16	66	3
3767	03:59.730	16	1,2,3,4,5	5	2
3768	03:59.764	16	1,2,3,4,5	58	2
3769	03:59.766	1	16	5	0
3770	03:59.781	1	16	73	0
3771	03:59.784	16	1,2,3,4,5	5	2
3772	03:59.801	16	1,2,3,4,5	82	2
3773	03:59.804	5	2,3,4,8,9,10,11,16	5	3
3774	03:59.807	5	2,3,4,8,9,10,11,16	82	3
3775	03:59.811	8	2,3,4,5,6,7,9,10,11,12,13,14,15	5	1
3776	03:59.836	9	2,3,4,5,6,7,8,10,11,12,13,14,15	57	1
3777	03:59.838	5	2,3,4,8,9,10,11,16	5	3
3778	03:59.847	8	2,3,4,5,6,7,9,10,11,12,13,14,15	82	1
3779	03:59.850	12	6,7,8,9,13,14,15	5	3
3780	03:59.866	5	2,3,4,8,9,10,11,16	66	3
3781	03:59.869	16	1,2,3,4,5	5	2
3782	03:59.906	16	1,2,3,4,5	58	2
3783	03:59.908	1	16	5	0
3784	03:59.951	1	16	65	0
3785	03:59.954	16	1,2,3,4,5	5	2
3786	03:59.991	16	1,2,3,4,5	74	2
3787	03:59.994	5	2,3,4,8,9,10,11,16	5	3
3788	04:00.031	5	2,3,4,8,9,10,11,16	74	3
3789	04:00.034	9	2,3,4,5,6,7,8,10,11,12,13,14,15	5	1
3790	04:00.404	7	2,3,4,6,8,9,10,12,13,14	57	2
3791	04:00.406	4	2,3,5,7,8,9,10,11,16	5	4
3792	04:00.412	4	2,3,5,7,8,9,10,11,16	66	4
3793	04:00.415	16	1,2,3,4,5	5	2
3794	04:00.452	16	1,2,3,4,5	58	2
3795	04:00.454	1	16	5	0
3796	04:00.491	1	16	65	0
3797	04:00.494	16	1,2,3,4,5	5	2
3798	04:00.498	16	1,2,3,4,5	74	2
3799	04:00.501	4	2,3,5,7,8,9,10,11,16	5	4
3800	04:00.517	4	2,3,5,7,8,9,10,11,16	74	4
3801	04:00.520	7	2,3,4,6,8,9,10,12,13,14	5	2
3802	04:00.669	4	2,3,5,7,8,9,10,11,16	97	4
3803	04:00.840	13	6,7,8,9,10,12,14,15	57	4
3804	04:00.842	10	3,4,5,7,8,9,11,13,14,15	5	2
3805	04:00.863	10	3,4,5,7,8,9,11,13,14,15	66	2
3806	04:00.866	5	2,3,4,8,9,10,11,16	5	3
3807	04:00.908	5	2,3,4,8,9,10,11,16	66	3
3808	04:00.911	16	1,2,3,4,5	5	2
3809	04:00.917	16	1,2,3,4,5	58	2
3810	04:00.919	1	16	5	0
3811	04:00.943	1	16	73	0
3812	04:00.946	16	1,2,3,4,5	5	2
3813	04:00.980	16	1,2,3,4,5	82	2
3814	04:00.983	5	2,3,4,8,9,10,11,16	5	3
3815	04:01.007	5	2,3,4,8,9,10,11,16	82	3
3816	04:01.010	10	3,4,5,7,8,9,11,13,14,15	5	2
3817	04:01.014	10	3,4,5,7,8,9,11,13,14,15	82	2
3818	04:01.017	13	6,7,8,9,10,12,14,15	5	4
3819	04:01.371	10	3,4,5,7,8,9,11,13,14,15	102	2
3820	04:01.375	3	2,4,5,6,7,8,9,10,16	5	4
3821	04:03.616	4	2,3,5,7,8,9,10,11,16	57	4
3822	04:03.618	16	1,2,3,4,5	5	2
3823	04:04.242	5	2,3,4,8,9,10,11,16	57	3
3824	04:04.244	16	1,2,3,4,5	5	2
3825	04:04.724	14	7,8,9,10,11,12,13,15	57	4
3826	04:04.726	11	4,5,8,9,10,14,15	5	2
3827	04:04.746	11	4,5,8,9,10,14,15	66	2
3828	04:04.749	5	2,3,4,8,9,10,11,16	5	3
3829	04:04.753	5	2,3,4,8,9,10,11,16	66	3
3830	04:04.756	16	1,2,3,4,5	5	2
3831	04:04.903	11	4,5,8,9,10,14,15	57	2
3832	04:04.905	5	2,3,4,8,9,10,11,16	5	3
3833	04:04.924	5	2,3,4,8,9,10,11,16	66	3
3834	04:04.927	16	1,2,3,4,5	5	2
3835	04:05.755	10	3,4,5,7,8,9,11,13,14,15	97	2
3836	04:06.288	3	2,4,5,6,7,8,9,10,16	57	4
3837	04:06.290	16	1,2,3,4,5	5	2
3838	04:06.792	6	2,3,7,8,9,12,13	57	2
3839	04:06.794	2	3,4,5,6,7,8,9,16	5	3
3840	04:06.823	2	3,4,5,6,7,8,9,16	66	3
3841	04:06.826	16	1,2,3,4,5	5	2
3842	04:06.912	10	3,4,5,7,8,9,11,13,14,15	57	2
3843	04:06.914	5	2,3,4,8,9,10,11,16	5	3
3844	04:06.955	5	2,3,4,8,9,10,11,16	66	3
3845	04:06.958	16	1,2,3,4,5	5	2
3846	04:07.466	15	8,9,10,11,12,13,14	57	3
3847	04:07.468	11	4,5,8,9,10,14,15	5	2
3848	04:07.511	11	4,5,8,9,10,14,15	66	2
3849	04:07.514	5	2,3,4,8,9,10,11,16	5	3
3850	04:07.531	2	3,4,5,6,7,8,9,16	57	3
3851	04:07.533	16	1,2,3,4,5	5	2
3852	04:07.557	5	2,3,4,8,9,10,11,16	66	3
3853	04:07.560	16	1,2,3,4,5	5	2
3854	04:07.947	2	3,4,5,6,7,8,9,16	102	3
3855	04:07.951	4	2,3,5,7,8,9,10,11,16	5	4
3856	04:08.364	8	2,3,4,5,6,7,9,10,11,12,13,14,15	102	1
3857	04:08.368	7	2,3,4,6,8,9,10,12,13,14	5	2
3858	04:09.054	12	6,7,8,9,13,14,15	57	3
3859	04:09.056	8	2,3,4,5,6,7,9,10,11,12,13,14,15	5	1
3860	04:09.078	8	2,3,4,5,6,7,9,10,11,12,13,14,15	66	1
3861	04:09.081	5	2,3,4,8,9,10,11,16	5	3
3862	04:09.112	5	2,3,4,8,9,10,11,16	66	3
3863	04:09.115	16	1,2,3,4,5	5	2
3864	04:09.121	8	2,3,4,5,6,7,9,10,11,12,13,14,15	57	1
3865	04:09.123	5	2,3,4,8,9,10,11,16	5	3
3866	04:09.158	5	2,3,4,8,9,10,11,16	66	3
3867	04:09.161	16	1,2,3,4,5	5	2
3868	04:10.672	9	2,3,4,5,6,7,8,10,11,12,13,14,15	57	1
3869	04:10.674	5	2,3,4,8,9,10,11,16	5	3
3870	04:10.683	5	2,3,4,8,9,10,11,16	66	3
3871	04:10.686	16	1,2,3,4,5	5	2
3872	04:10.927	7	2,3,4,6,8,9,10,12,13,14	57	2
3873	04:10.929	4	2,3,5,7,8,9,10,11,16	5	4
3874	04:10.942	4	2,3,5,7,8,9,10,11,16	66	4
3875	04:10.945	16	1,2,3,4,5	5	2
3876	04:10.951	13	6,7,8,9,10,12,14,15	57	4
3877	04:10.953	10	3,4,5,7,8,9,11,13,14,15	5	2
3878	04:10.969	10	3,4,5,7,8,9,11,13,14,15	66	2
3879	04:10.972	5	2,3,4,8,9,10,11,16	5	3
3880	04:10.986	5	2,3,4,8,9,10,11,16	66	3
3881	04:10.989	16	1,2,3,4,5	5	2
3882	04:11.503	12	6,7,8,9,13,14,15	102	3
3883	04:11.507	9	2,3,4,5,6,7,8,10,11,12,13,14,15	5	1
3884	04:13.257	4	2,3,5,7,8,9,10,11,16	102	4
3885	04:13.261	5	2,3,4,8,9,10,11,16	5	3
3886	04:13.839	4	2,3,5,7,8,9,10,11,16	57	4
3887	04:13.841	16	1,2,3,4,5	5	2
3888	04:14.342	3	2,4,5,6,7,8,9,10,16	102	4
3889	04:14.346	5	2,3,4,8,9,10,11,16	5	3
3890	04:14.410	6	2,3,7,8,9,12,13	102	2
3891	04:14.414	3	2,4,5,6,7,8,9,10,16	5	4
3892	04:14.530	14	7,8,9,10,11,12,13,15	57	4
3893	04:14.532	11	4,5,8,9,10,14,15	5	2
3894	04:14.559	11	4,5,8,9,10,14,15	66	2
3895	04:14.562	5	2,3,4,8,9,10,11,16	5	3
3896	04:14.576	5	2,3,4,8,9,10,11,16	66	3
3897	04:14.579	16	1,2,3,4,5	5	2
3898	04:14.980	5	2,3,4,8,9,10,11,16	57	3
3899	04:14.982	16	1,2,3,4,5	5	2
3900	04:15.674	11	4,5,8,9,10,14,15	57	2
3901	04:15.676	5	2,3,4,8,9,10,11,16	5	3
3902	04:15.717	5	2,3,4,8,9,10,11,16	66	3
3903	04:15.720	16	1,2,3,4,5	5	2
3904	04:16.612	3	2,4,5,6,7,8,9,10,16	57	4
3905	04:16.614	16	1,2,3,4,5	5	2
3906	04:16.782	2	3,4,5,6,7,8,9,16	97	3
3907	04:16.969	6	2,3,7,8,9,12,13	57	2
3908	04:16.971	2	3,4,5,6,7,8,9,16	5	3
3909	04:16.980	2	3,4,5,6,7,8,9,16	66	3
3910	04:16.983	16	1,2,3,4,5	5	2
3911	04:17.181	15	8,9,10,11,12,13,14	57	3
3912	04:17.183	11	4,5,8,9,10,14,15	5	2
3913	04:17.194	11	4,5,8,9,10,14,15	66	2
3914	04:17.197	5	2,3,4,8,9,10,11,16	5	3
3915	04:17.203	5	2,3,4,8,9,10,11,16	66	3
3916	04:17.206	16	1,2,3,4,5	5	2
3917	04:17.353	10	3,4,5,7,8,9,11,13,14,15	57	2
3918	04:17.355	5	2,3,4,8,9,10,11,16	5	3
3919	04:17.390	5	2,3,4,8,9,10,11,16	66	3
3920	04:17.393	16	1,2,3,4,5	5	2
3921	04:18.437	2	3,4,5,6,7,8,9,16	57	3
3922	04:18.439	16	1,2,3,4,5	5	2
3923	04:18.769	8	2,3,4,5,6,7,9,10,11,12,13,14,15	57	1
3924	04:18.771	5	2,3,4,8,9,10,11,16	5	3
3925	04:18.791	5	2,3,4,8,9,10,11,16	66	3
3926	04:18.794	16	1,2,3,4,5	5	2
3927	04:19.248	12	6,7,8,9,13,14,15	57	3
3928	04:19.250	8	2,3,4,5,6,7,9,10,11,12,13,14,15	5	1
3929	04:19.269	8	2,3,4,5,6,7,9,10,11,12,13,14,15	66	1
3930	04:19.272	5	2,3,4,8,9,10,11,16	5	3
3931	04:19.296	5	2,3,4,8,9,10,11,16	66	3
3932	04:19.299	16	1,2,3,4,5	5	2
3933	04:20.528	7	2,3,4,6,8,9,10,12,13,14	57	2
3934	04:20.530	4	2,3,5,7,8,9,10,11,16	5	4
3935	04:20.549	4	2,3,5,7,8,9,10,11,16	66	4
3936	04:20.552	16	1,2,3,4,5	5	2
3937	04:21.067	9	2,3,4,5,6,7,8,10,11,12,13,14,15	57	1
3938	04:21.069	5	2,3,4,8,9,10,11,16	5	3
3939	04:21.103	5	2,3,4,8,9,10,11,16	66	3
3940	04:21.106	16	1,2,3,4,5	5	2
3941	04:21.250	13	6,7,8,9,10,12,14,15	57	4
3942	04:21.252	10	3,4,5,7,8,9,11,13,14,15	5	2
3943	04:21.282	10	3,4,5,7,8,9,11,13,14,15	66	2
3944	04:21.285	5	2,3,4,8,9,10,11,16	5	3
3945	04:21.319	5	2,3,4,8,9,10,11,16	66	3
3946	04:21.322	16	1,2,3,4,5	5	2
3947	04:22.136	6	2,3,7,8,9,12,13	97	2
3948	04:23.346	4	2,3,5,7,8,9,10,11,16	57	4
3949	04:23.348	16	1,2,3,4,5	5	2
3950	04:24.426	3	2,4,5,6,7,8,9,10,16	97	4
3951	04:24.466	14	7,8,9,10,11,12,13,15	57	4
3952	04:24.468	11	4,5,8,9,10,14,15	5	2
3953	04:24.498	11	4,5,8,9,10,14,15	66	2
3954	04:24.501	5	2,3,4,8,9,10,11,16	5	3
3955	04:24.508	5	2,3,4,8,9,10,11,16	66	3
3956	04:24.511	16	1,2,3,4,5	5	2
3957	04:25.207	5	2,3,4,8,9,10,11,16	57	3
3958	04:25.209	16	1,2,3,4,5	5	2
3959	04:25.247	11	4,5,8,9,10,14,15	57	2
3960	04:25.249	5	2,3,4,8,9,10,11,16	5	3
3961	04:25.252	5	2,3,4,8,9,10,11,16	66	3
3962	04:25.255	16	1,2,3,4,5	5	2
3963	04:26.271	13	6,7,8,9,10,12,14,15	97	4
3964	04:26.762	15	8,9,10,11,12,13,14	57	3
3965	04:26.764	11	4,5,8,9,10,14,15	5	2
3966	04:26.776	11	4,5,8,9,10,14,15	66	2
3967	04:26.779	5	2,3,4,8,9,10,11,16	5	3
3968	04:26.800	5	2,3,4,8,9,10,11,16	66	3
3969	04:26.803	16	1,2,3,4,5	5	2
3970	04:26.933	3	2,4,5,6,7,8,9,10,16	57	4
3971	04:26.935	16	1,2,3,4,5	5	2
3972	04:26.996	6	2,3,7,8,9,12,13	57	2
3973	04:26.998	2	3,4,5,6,7,8,9,16	5	3
3974	04:27.015	2	3,4,5,6,7,8,9,16	66	3
3975	04:27.018	16	1,2,3,4,5	5	2
3976	04:27.960	8	2,3,4,5,6,7,9,10,11,12,13,14,15	57	1
3977	04:27.962	5	2,3,4,8,9,10,11,16	5	3
3978	04:27.985	5	2,3,4,8,9,10,11,16	66	3
3979	04:27.988	16	1,2,3,4,5	5	2
3980	04:28.103	10	3,4,5,7,8,9,11,13,14,15	57	2
3981	04:28.105	5	2,3,4,8,9,10,11,16	5	3
3982	04:28.113	5	2,3,4,8,9,10,11,16	66	3
3983	04:28.116	16	1,2,3,4,5	5	2
3984	04:28.119	5	2,3,4,8,9,10,11,16	102	3
3985	04:28.123	2	3,4,5,6,7,8,9,16	5	3
3986	04:28.321	2	3,4,5,6,7,8,9,16	57	3
3987	04:28.323	16	1,2,3,4,5	5	2
3988	04:28.733	12	6,7,8,9,13,14,15	57	3
3989	04:28.735	8	2,3,4,5,6,7,9,10,11,12,13,14,15	5	1
3990	04:28.771	8	2,3,4,5,6,7,9,10,11,12,13,14,15	66	1
3991	04:28.774	5	2,3,4,8,9,10,11,16	5	3
3992	04:28.808	5	2,3,4,8,9,10,11,16	66	3
3993	04:28.811	16	1,2,3,4,5	5	2
3994	04:29.609	7	2,3,4,6,8,9,10,12,13,14	57	2
3995	04:29.611	4	2,3,5,7,8,9,10,11,16	5	4
3996	04:29.629	4	2,3,5,7,8,9,10,11,16	66	4
3997	04:29.632	16	1,2,3,4,5	5	2
3998	04:30.134	14	7,8,9,10,11,12,13,15	102	4
3999	04:30.138	13	6,7,8,9,10,12,14,15	5	4
4000	04:30.779	9	2,3,4,5,6,7,8,10,11,12,13,14,15	57	1
4001	04:30.781	5	2,3,4,8,9,10,11,16	5	3
4002	04:30.797	5	2,3,4,8,9,10,11,16	66	3
4003	04:30.800	16	1,2,3,4,5	5	2
4004	04:30.827	13	6,7,8,9,10,12,14,15	57	4
4005	04:30.829	10	3,4,5,7,8,9,11,13,14,15	5	2
4006	04:30.862	10	3,4,5,7,8,9,11,13,14,15	66	2
4007	04:30.865	5	2,3,4,8,9,10,11,16	5	3
4008	04:30.885	5	2,3,4,8,9,10,11,16	66	3
4009	04:30.888	16	1,2,3,4,5	5	2
4010	04:31.730	15	8,9,10,11,12,13,14	102	3
4011	04:31.734	8	2,3,4,5,6,7,9,10,11,12,13,14,15	5	1
4012	04:34.111	4	2,3,5,7,8,9,10,11,16	57	4
4013	04:34.113	16	1,2,3,4,5	5	2
4014	04:34.334	14	7,8,9,10,11,12,13,15	57	4
4015	04:34.336	11	4,5,8,9,10,14,15	5	2
4016	04:34.373	11	4,5,8,9,10,14,15	66	2
4017	04:34.376	5	2,3,4,8,9,10,11,16	5	3
4018	04:34.402	5	2,3,4,8,9,10,11,16	66	3
4019	04:34.405	16	1,2,3,4,5	5	2
4020	04:34.470	11	4,5,8,9,10,14,15	102	2
4021	04:34.474	4	2,3,5,7,8,9,10,11,16	5	4
4022	04:35.304	5	2,3,4,8,9,10,11,16	57	3
4023	04:35.306	16	1,2,3,4,5	5	2
4024	04:35.879	11	4,5,8,9,10,14,15	57	2
4025	04:35.881	5	2,3,4,8,9,10,11,16	5	3
4026	04:35.917	5	2,3,4,8,9,10,11,16	66	3
4027	04:35.920	16	1,2,3,4,5	5	2
4028	04:36.161	11	4,5,8,9,10,14,15	97	2
4029	04:36.256	3	2,4,5,6,7,8,9,10,16	57	4
4030	04:36.258	16	1,2,3,4,5	5	2
4031	04:36.906	15	8,9,10,11,12,13,14	57	3
4032	04:36.908	11	4,5,8,9,10,14,15	5	2
4033	04:36.945	11	4,5,8,9,10,14,15	66	2
4034	04:36.948	5	2,3,4,8,9,10,11,16	5	3
4035	04:36.969	5	2,3,4,8,9,10,11,16	66	3
4036	04:36.972	16	1,2,3,4,5	5	2
4037	04:37.126	6	2,3,7,8,9,12,13	57	2
4038	04:37.128	2	3,4,5,6,7,8,9,16	5	3
4039	04:37.150	2	3,4,5,6,7,8,9,16	66	3
4040	04:37.153	16	1,2,3,4,5	5	2
4041	04:37.508	10	3,4,5,7,8,9,11,13,14,15	57	2
4042	04:37.510	5	2,3,4,8,9,10,11,16	5	3
4043	04:37.548	5	2,3,4,8,9,10,11,16	66	3
4044	04:37.551	16	1,2,3,4,5	5	2
4045	04:37.922	8	2,3,4,5,6,7,9,10,11,12,13,14,15	97	1
4046	04:38.414	2	3,4,5,6,7,8,9,16	57	3
4047	04:38.416	16	1,2,3,4,5	5	2
4048	04:38.658	8	2,3,4,5,6,7,9,10,11,12,13,14,15	57	1
4049	04:38.660	5	2,3,4,8,9,10,11,16	5	3
4050	04:38.688	5	2,3,4,8,9,10,11,16	66	3
4051	04:38.691	16	1,2,3,4,5	5	2
4052	04:38.735	12	6,7,8,9,13,14,15	57	3
4053	04:38.737	8	2,3,4,5,6,7,9,10,11,12,13,14,15	5	1
4054	04:38.777	8	2,3,4,5,6,7,9,10,11,12,13,14,15	66	1
4055	04:38.780	5	2,3,4,8,9,10,11,16	5	3
4056	04:38.798	5	2,3,4,8,9,10,11,16	66	3
4057	04:38.801	16	1,2,3,4,5	5	2
4058	04:39.708	16	1,2,3,4,5	97	2
4059	04:40.020	7	2,3,4,6,8,9,10,12,13,14	57	2
4060	04:40.022	4	2,3,5,7,8,9,10,11,16	5	4
4061	04:40.048	4	2,3,5,7,8,9,10,11,16	66	4
4062	04:40.051	16	1,2,3,4,5	5	2
4063	04:40.330	13	6,7,8,9,10,12,14,15	57	4
4064	04:40.332	10	3,4,5,7,8,9,11,13,14,15	5	2
4065	04:40.336	10	3,4,5,7,8,9,11,13,14,15	66	2
4066	04:40.339	5	2,3,4,8,9,10,11,16	5	3
4067	04:40.379	5	2,3,4,8,9,10,11,16	66	3
4068	04:40.382	16	1,2,3,4,5	5	2
4069	04:40.646	9	2,3,4,5,6,7,8,10,11,12,13,14,15	57	1
4070	04:40.648	5	2,3,4,8,9,10,11,16	5	3
4071	04:40.679	5	2,3,4,8,9,10,11,16	66	3
4072	04:40.682	16	1,2,3,4,5	5	2
4073	04:42.871	7	2,3,4,6,8,9,10,12,13,14	102	2
4074	04:42.875	2	3,4,5,6,7,8,9,16	5	3
4075	04:43.800	4	2,3,5,7,8,9,10,11,16	57	4
4076	04:43.802	16	1,2,3,4,5	5	2
4077	04:44.143	12	6,7,8,9,13,14,15	97	3
4078	04:44.827	14	7,8,9,10,11,12,13,15	57	4
4079	04:44.829	11	4,5,8,9,10,14,15	5	2
4080	04:44.829	5	2,3,4,8,9,10,11,16	57	3
4081	04:44.832	16	1,2,3,4,5	5	2
4082	04:44.860	11	4,5,8,9,10,14,15	66	2
4083	04:44.863	5	2,3,4,8,9,10,11,16	5	3
4084	04:44.873	5	2,3,4,8,9,10,11,16	57	3
4085	04:44.875	16	1,2,3,4,5	5	2
4086	04:44.908	5	2,3,4,8,9,10,11,16	66	3
4087	04:44.911	16	1,2,3,4,5	5	2
4088	04:45.410	11	4,5,8,9,10,14,15	57	2
4089	04:45.412	5	2,3,4,8,9,10,11,16	5	3
4090	04:45.431	5	2,3,4,8,9,10,11,16	66	3
4091	04:45.434	16	1,2,3,4,5	5	2
4092	04:46.127	15	8,9,10,11,12,13,14	57	3
4093	04:46.129	11	4,5,8,9,10,14,15	5	2
4094	04:46.141	11	4,5,8,9,10,14,15	66	2
4095	04:46.144	5	2,3,4,8,9,10,11,16	5	3
4096	04:46.158	5	2,3,4,8,9,10,11,16	66	3
4097	04:46.161	16	1,2,3,4,5	5	2
4098	04:46.218	3	2,4,5,6,7,8,9,10,16	57	4
4099	04:46.220	16	1,2,3,4,5	5	2
4100	04:47.494	2	3,4,5,6,7,8,9,16	57	3
4101	04:47.496	16	1,2,3,4,5	5	2
4102	04:47.519	10	3,4,5,7,8,9,11,13,14,15	57	2
4103	04:47.521	5	2,3,4,8,9,10,11,16	5	3
4104	04:47.535	5	2,3,4,8,9,10,11,16	66	3
4105	04:47.538	16	1,2,3,4,5	5	2
4106	04:47.729	8	2,3,4,5,6,7,9,10,11,12,13,14,15	57	1
4107	04:47.731	5	2,3,4,8,9,10,11,16	5	3
4108	04:47.735	5	2,3,4,8,9,10,11,16	66	3
4109	04:47.738	16	1,2,3,4,5	5	2
4110	04:47.895	6	2,3,7,8,9,12,13	57	2
4111	04:47.897	2	3,4,5,6,7,8,9,16	5	3
4112	04:47.938	2	3,4,5,6,7,8,9,16	66	3
4113	04:47.941	16	1,2,3,4,5	5	2
4114	04:48.904	15	8,9,10,11,12,13,14	97	3
4115	04:49.468	12	6,7,8,9,13,14,15	57	3
4116	04:49.470	8	2,3,4,5,6,7,9,10,11,12,13,14,15	5	1
4117	04:49.507	8	2,3,4,5,6,7,9,10,11,12,13,14,15	66	1
4118	04:49.510	5	2,3,4,8,9,10,11,16	5	3
4119	04:49.531	5	2,3,4,8,9,10,11,16	66	3
4120	04:49.534	16	1,2,3,4,5	5	2
4121	04:49.947	9	2,3,4,5,6,7,8,10,11,12,13,14,15	57	1
4122	04:49.949	5	2,3,4,8,9,10,11,16	5	3
4123	04:49.972	5	2,3,4,8,9,10,11,16	66	3
4124	04:49.975	16	1,2,3,4,5	5	2
4125	04:50.711	7	2,3,4,6,8,9,10,12,13,14	57	2
4126	04:50.713	4	2,3,5,7,8,9,10,11,16	5	4
4127	04:50.741	4	2,3,5,7,8,9,10,11,16	66	4
4128	04:50.744	16	1,2,3,4,5	5	2
4129	04:51.163	13	6,7,8,9,10,12,14,15	57	4
4130	04:51.165	10	3,4,5,7,8,9,11,13,14,15	5	2
4131	04:51.172	10	3,4,5,7,8,9,11,13,14,15	66	2
4132	04:51.175	5	2,3,4,8,9,10,11,16	5	3
4133	04:51.199	5	2,3,4,8,9,10,11,16	66	3
4134	04:51.202	16	1,2,3,4,5	5	2
4135	04:51.422	9	2,3,4,5,6,7,8,10,11,12,13,14,15	97	1
4136	04:52.348	13	6,7,8,9,10,12,14,15	102	4
4137	04:52.352	7	2,3,4,6,8,9,10,12,13,14	5	2
4138	04:54.226	4	2,3,5,7,8,9,10,11,16	57	4
4139	04:54.228	16	1,2,3,4,5	5	2
4140	04:54.572	5	2,3,4,16	57	7
4141	04:54.573	14	12,13	57	10
4142	04:54.574	16	1,2	5	5
4143	04:54.605	14	7,12,13,15	57	8
4144	04:54.606	5	2,16	57	9
4145	04:54.608	16	1,2,3,4,5	5	2
4146	04:54.648	14	7,8,9,10,11,12,13,15	57	4
4147	04:54.650	11	4,5,8,9,10,14,15	5	2
4148	04:54.686	11	4,5,8,9,10,14,15	66	2
4149	04:54.689	5	2,3,4,8,9,10,11,16	5	3
4150	04:54.692	5	2,3,4,8,9,10,11,16	66	3
4151	04:54.695	16	1,2,3,4,5	5	2
4152	04:55.532	15	8,9,10,11,12,13,14	57	3
4153	04:55.534	11	4,5,8,9,10,14,15	5	2
4154	04:55.560	11	4,5,8,9,10,14,15	66	2
4155	04:55.563	5	2,3,4,8,9,10,11,16	5	3
4156	04:55.586	5	2,3,4,8,9,10,11,16	66	3
4157	04:55.589	16	1,2,3,4,5	5	2
4158	04:55.990	11	4,5,8,9,10,14,15	57	2
4159	04:55.992	5	2,3,4,8,9,10,11,16	5	3
4160	04:56.016	5	2,3,4,8,9,10,11,16	66	3
4161	04:56.019	16	1,2,3,4,5	5	2
4162	04:56.021	10	3,4,5,7,8,9,11,13,14,15	102	2
4163	04:56.025	7	2,3,4,6,8,9,10,12,13,14	5	2
4164	04:56.034	7	2,3,4,6,8,9,10,12,13,14	97	2
4165	04:56.156	3	2,4,5,6,7,8,9,10,16	57	4
4166	04:56.158	16	1,2,3,4,5	5	2
4167	04:56.570	10	3,4,5,7,8,9,11,13,14,15	57	2
4168	04:56.572	5	2,3,4,8,9,10,11,16	5	3
4169	04:56.609	5	2,3,4,8,9,10,11,16	66	3
4170	04:56.612	16	1,2,3,4,5	5	2
4171	04:57.454	8	2,3,4,5,6,7,9,10,11,12,13,14,15	57	1
4172	04:57.456	5	2,3,4,8,9,10,11,16	5	3
4173	04:57.467	5	2,3,4,8,9,10,11,16	66	3
4174	04:57.470	16	1,2,3,4,5	5	2
4175	04:57.551	2	3,4,5,6,7,8,9,16	57	3
4176	04:57.553	16	1,2,3,4,5	5	2
4177	04:57.737	6	2,3,7,8,9,12,13	57	2
4178	04:57.739	2	3,4,5,6,7,8,9,16	5	3
4179	04:57.759	2	3,4,5,6,7,8,9,16	66	3
4180	04:57.762	16	1,2,3,4,5	5	2
4181	04:59.246	9	2,3,4,5,6,7,8,10,11,12,13,14,15	57	1
4182	04:59.248	5	2,3,4,8,9,10,11,16	5	3
4183	04:59.254	5	2,3,4,8,9,10,11,16	66	3
4184	04:59.257	16	1,2,3,4,5	5	2
4185	04:59.347	12	6,7,8,9,13,14,15	57	3
4186	04:59.349	8	2,3,4,5,6,7,9,10,11,12,13,14,15	5	1
4187	04:59.362	8	2,3,4,5,6,7,9,10,11,12,13,14,15	66	1
4188	04:59.365	5	2,3,4,8,9,10,11,16	5	3
4189	04:59.407	5	2,3,4,8,9,10,11,16	66	3
4190	04:59.410	16	1,2,3,4,5	5	2
4191	05:00.194	13	6,7,8,9,10,12,14,15	57	4
4192	05:00.196	10	3,4,5,7,8,9,11,13,14,15	5	2
4193	05:00.222	10	3,4,5,7,8,9,11,13,14,15	66	2
4194	05:00.225	5	2,3,4,8,9,10,11,16	5	3
4195	05:00.258	5	2,3,4,8,9,10,11,16	66	3
4196	05:00.261	16	1,2,3,4,5	5	2
4197	05:01.622	7	2,3,4,6,8,9,10,12,13,14	57	2
4198	05:01.624	4	2,3,5,7,8,9,10,11,16	5	4
4199	05:01.646	4	2,3,5,7,8,9,10,11,16	66	4
4200	05:01.649	16	1,2,3,4,5	5	2
4201	05:01.950	6	2,3,7,8,9,12,13	102	2
4202	05:01.954	3	2,4,5,6,7,8,9,10,16	5	4
4203	05:02.078	3	2,4,5,6,7,8,9,10,16	102	4
4204	05:02.082	5	2,3,4,8,9,10,11,16	5	3
4205	05:03.701	4	2,3,5,7,8,9,10,11,16	57	4
4206	05:03.703	16	1,2,3,4,5	5	2
4207	05:04.023	14	7,8,9,10,11,12,13,15	57	4
4208	05:04.025	11	4,5,8,9,10,14,15	5	2
4209	05:04.038	5	2,3,4,8,9,10,11,16	57	3
4210	05:04.040	16	1,2,3,4,5	5	2
4211	05:04.043	11	4,5,8,9,10,14,15	66	2
4212	05:04.046	5	2,3,4,8,9,10,11,16	5	3
4213	05:04.083	5	2,3,4,8,9,10,11,16	66	3
4214	05:04.086	16	1,2,3,4,5	5	2
4215	05:04.275	14	7,8,9,10,11,12,13,15	97	4
4216	05:05.540	15	8,9,10,11,12,13,14	57	3
4217	05:05.542	11	4,5,8,9,10,14,15	5	2
4218	05:05.576	11	4,5,8,9,10,14,15	66	2
4219	05:05.579	5	2,3,4,8,9,10,11,16	5	3
4220	05:05.588	5	2,3,4,8,9,10,11,16	66	3
4221	05:05.591	16	1,2,3,4,5	5	2
4222	05:05.640	10	3,4,5,7,8,9,11,13,14,15	57	2
4223	05:05.642	5	2,3,4,8,9,10,11,16	5	3
4224	05:05.671	5	2,3,4,8,9,10,11,16	66	3
4225	05:05.674	16	1,2,3,4,5	5	2
4226	05:06.440	3	2,4,5,6,7,8,9,10,16	57	4
4227	05:06.442	16	1,2,3,4,5	5	2
4228	05:06.895	11	4,5,8,9,10,14,15	57	2
4229	05:06.897	5	2,3,4,8,9,10,11,16	5	3
4230	05:06.909	5	2,3,4,8,9,10,11,16	66	3
4231	05:06.912	16	1,2,3,4,5	5	2
4232	05:07.474	8	2,3,4,5,6,7,9,10,11,12,13,14,15	57	1
4233	05:07.476	5	2,3,4,8,9,10,11,16	5	3
4234	05:07.487	5	2,3,4,8,9,10,11,16	66	3
4235	05:07.490	16	1,2,3,4,5	5	2
4236	05:07.549	6	2,3,7,8,9,12,13	57	2
4237	05:07.551	2	3,4,5,6,7,8,9,16	5	3
4238	05:07.588	2	3,4,5,6,7,8,9,16	66	3
4239	05:07.591	16	1,2,3,4,5	5	2
4240	05:08.029	2	3,4,5,6,7,8,9,16	57	3
4241	05:08.031	16	1,2,3,4,5	5	2
4242	05:08.667	12	6,7,8,9,13,14,15	57	3
4243	05:08.669	8	2,3,4,5,6,7,9,10,11,12,13,14,15	5	1
4244	05:08.699	8	2,3,4,5,6,7,9,10,11,12,13,14,15	66	1
4245	05:08.702	5	2,3,4,8,9,10,11,16	5	3
4246	05:08.738	5	2,3,4,8,9,10,11,16	66	3
4247	05:08.741	16	1,2,3,4,5	5	2
4248	05:09.129	9	2,3,4,5,6,7,8,10,11,12,13,14,15	57	1
4249	05:09.131	5	2,3,4,8,9,10,11,16	5	3
4250	05:09.159	5	2,3,4,8,9,10,11,16	66	3
4251	05:09.162	16	1,2,3,4,5	5	2
4252	05:09.597	13	6,7,8,9,10,12,14,15	57	4
4253	05:09.599	10	3,4,5,7,8,9,11,13,14,15	5	2
4254	05:09.602	10	3,4,5,7,8,9,11,13,14,15	66	2
4255	05:09.605	5	2,3,4,8,9,10,11,16	5	3
4256	05:09.625	5	2,3,4,8,9,10,11,16	66	3
4257	05:09.628	16	1,2,3,4,5	5	2
4258	05:12.077	7	2,3,4,6,8,9,10,12,13,14	57	2
4259	05:12.079	4	2,3,5,7,8,9,10,11,16	5	4
4260	05:12.094	4	2,3,5,7,8,9,10,11,16	66	4
4261	05:12.097	16	1,2,3,4,5	5	2
4262	05:13.589	4	2,3,5,7,8,9,10,11,16	57	4
4263	05:13.591	16	1,2,3,4,5	5	2
4264	05:14.425	5	2,3,4,8,9,10,11,16	57	3
4265	05:14.427	16	1,2,3,4,5	5	2
4266	05:14.978	14	7,8,9,10,11,12,13,15	57	4
4267	05:14.980	11	4,5,8,9,10,14,15	5	2
4268	05:15.002	11	4,5,8,9,10,14,15	66	2
4269	05:15.005	5	2,3,4,8,9,10,11,16	5	3
4270	05:15.023	5	2,3,4,8,9,10,11,16	66	3
4271	05:15.026	16	1,2,3,4,5	5	2
4272	05:15.097	15	8,9,10,11,12,13,14	57	3
4273	05:15.099	11	4,5,8,9,10,14,15	5	2
4274	05:15.114	11	4,5,8,9,10,14,15	66	2
4275	05:15.117	5	2,3,4,8,9,10,11,16	5	3
4276	05:15.135	5	2,3,4,8,9,10,11,16	66	3
4277	05:15.138	16	1,2,3,4,5	5	2
4278	05:15.179	10	3,4,5,7,8,9,11,13,14,15	57	2
4279	05:15.181	5	2,3,4,8,9,10,11,16	5	3
4280	05:15.214	5	2,3,4,8,9,10,11,16	66	3
4281	05:15.217	16	1,2,3,4,5	5	2
4282	05:16.401	11	4,5,8,9,10,14,15	57	2
4283	05:16.403	5	2,3,4,8,9,10,11,16	5	3
4284	05:16.442	5	2,3,4,8,9,10,11,16	66	3
4285	05:16.445	16	1,2,3,4,5	5	2
4286	05:16.937	3	2,4,5,6,7,8,9,10,16	57	4
4287	05:16.939	16	1,2,3,4,5	5	2
4288	05:17.465	2	3,4,5,6,7,8,9,16	102	3
4289	05:17.469	5	2,3,4,8,9,10,11,16	5	3
4290	05:18.167	6	2,3,7,8,9,12,13	57	2
4291	05:18.169	2	3,4,5,6,7,8,9,16	5	3
4292	05:18.201	2	3,4,5,6,7,8,9,16	66	3
4293	05:18.204	16	1,2,3,4,5	5	2
4294	05:18.344	2	3,4,5,6,7,8,9,16	57	3
4295	05:18.346	16	1,2,3,4,5	5	2
4296	05:18.377	8	2,3,4,5,6,7,9,10,11,12,13,14,15	57	1
4297	05:18.379	5	2,3,4,8,9,10,11,16	5	3
4298	05:18.398	5	2,3,4,8,9,10,11,16	66	3
4299	05:18.401	16	1,2,3,4,5	5	2
4300	05:18.587	12	6,7,8,9,13,14,15	57	3
4301	05:18.589	8	2,3,4,5,6,7,9,10,11,12,13,14,15	5	1
4302	05:18.626	8	2,3,4,5,6,7,9,10,11,12,13,14,15	66	1
4303	05:18.629	5	2,3,4,8,9,10,11,16	5	3
4304	05:18.633	5	2,3,4,8,9,10,11,16	66	3
4305	05:18.636	16	1,2,3,4,5	5	2
4306	05:18.642	13	6,7,8,9,10,12,14,15	57	4
4307	05:18.644	10	3,4,5,7,8,9,11,13,14,15	5	2
4308	05:18.673	10	3,4,5,7,8,9,11,13,14,15	66	2
4309	05:18.676	5	2,3,4,8,9,10,11,16	5	3
4310	05:18.715	5	2,3,4,8,9,10,11,16	66	3
4311	05:18.718	16	1,2,3,4,5	5	2
4312	05:19.469	9	2,3,4,5,6,7,8,10,11,12,13,14,15	57	1
4313	05:19.471	5	2,3,4,8,9,10,11,16	5	3
4314	05:19.501	5	2,3,4,8,9,10,11,16	66	3
4315	05:19.504	16	1,2,3,4,5	5	2
4316	05:22.960	7	2,3,4,6,8,9,10,12,13,14	57	2
4317	05:22.962	4	2,3,5,7,8,9,10,11,16	5	4
4318	05:22.969	4	2,3,5,7,8,9,10,11,16	66	4
4319	05:22.972	16	1,2,3,4,5	5	2
4320	05:23.037	4	2,3,5,7,8,9,10,11,16	57	4
4321	05:23.039	16	1,2,3,4,5	5	2
4322	05:23.217	9	2,3,4,5,6,7,8,10,11,12,13,14,15	102	1
4323	05:23.221	2	3,4,5,6,7,8,9,16	5	3
4324	05:24.615	10	3,4,5,7,8,9,11,13,14,15	57	2
4325	05:24.617	5	2,3,4,8,9,10,11,16	5	3
4326	05:24.628	5	2,3,4,8,9,10,11,16	66	3
4327	05:24.631	16	1,2,3,4,5	5	2
4328	05:25.042	5	2,3,4,8,9,10,11,16	57	3
4329	05:25.044	16	1,2,3,4,5	5	2
4330	05:25.265	15	8,9,10,11,12,13,14	57	3
4331	05:25.267	11	4,5,8,9,10,14,15	5	2
4332	05:25.306	11	4,5,8,9,10,14,15	66	2
4333	05:25.309	5	2,3,4,8,9,10,11,16	5	3
4334	05:25.331	5	2,3,4,8,9,10,11,16	66	3
4335	05:25.334	16	1,2,3,4,5	5	2
4336	05:25.615	14	7,8,9,10,11,12,13,15	57	4
4337	05:25.617	11	4,5,8,9,10,14,15	5	2
4338	05:25.635	11	4,5,8,9,10,14,15	66	2
4339	05:25.638	5	2,3,4,8,9,10,11,16	5	3
4340	05:25.675	5	2,3,4,8,9,10,11,16	66	3
4341	05:25.678	16	1,2,3,4,5	5	2
4342	05:25.730	11	4,5,8,9,10,14,15	57	2
4343	05:25.732	5	2,3,4,8,9,10,11,16	5	3
4344	05:25.736	5	2,3,4,8,9,10,11,16	66	3
4345	05:25.739	16	1,2,3,4,5	5	2
4346	05:26.000	3	2,4,5,6,7,8,9,10,16	57	4
4347	05:26.002	16	1,2,3,4,5	5	2
4348	05:27.546	6	2,3,7,8,9,12,13	57	2
4349	05:27.548	2	3,4,5,6,7,8,9,16	5	3
4350	05:27.564	2	3,4,5,6,7,8,9,16	66	3
4351	05:27.567	16	1,2,3,4,5	5	2
4352	05:27.722	8	2,3,4,5,6,7,9,10,11,12,13,14,15	57	1
4353	05:27.724	5	2,3,4,8,9,10,11,16	5	3
4354	05:27.762	5	2,3,4,8,9,10,11,16	66	3
4355	05:27.765	16	1,2,3,4,5	5	2
4356	05:29.282	2	3,4,5,6,7,8,9,16	57	3
4357	05:29.284	16	1,2,3,4,5	5	2
4358	05:29.307	13	6,7,8,9,10,12,14,15	57	4
4359	05:29.309	10	3,4,5,7,8,9,11,13,14,15	5	2
4360	05:29.349	10	3,4,5,7,8,9,11,13,14,15	66	2
4361	05:29.352	5	2,3,4,8,9,10,11,16	5	3
4362	05:29.369	5	2,3,4,8,9,10,11,16	66	3
4363	05:29.372	16	1,2,3,4,5	5	2
4364	05:29.525	12	6,7,8,9,13,14,15	57	3
4365	05:29.527	8	2,3,4,5,6,7,9,10,11,12,13,14,15	5	1
4366	05:29.553	8	2,3,4,5,6,7,9,10,11,12,13,14,15	66	1
4367	05:29.556	5	2,3,4,8,9,10,11,16	5	3
4368	05:29.559	5	2,3,4,8,9,10,11,16	66	3
4369	05:29.562	16	1,2,3,4,5	5	2
4370	05:30.402	9	2,3,4,5,6,7,8,10,11,12,13,14,15	57	1
4371	05:30.404	5	2,3,4,8,9,10,11,16	5	3
4372	05:30.442	5	2,3,4,8,9,10,11,16	66	3
4373	05:30.445	16	1,2,3,4,5	5	2
4374	05:32.358	7	2,3,4,6,8,9,10,12,13,14	57	2
4375	05:32.360	4	2,3,5,7,8,9,10,11,16	5	4
4376	05:32.399	4	2,3,5,7,8,9,10,11,16	66	4
4377	05:32.402	16	1,2,3,4,5	5	2
4378	05:32.490	4	2,3,5,7,8,9,10,11,16	57	4
4379	05:32.492	16	1,2,3,4,5	5	2
4380	05:34.337	10	3,4,5,7,8,9,11,13,14,15	57	2
4381	05:34.339	5	2,3,4,8,9,10,11,16	5	3
4382	05:34.350	5	2,3,4,8,9,10,11,16	66	3
4383	05:34.353	16	1,2,3,4,5	5	2
4384	05:35.252	11	4,5,8,9,10,14,15	57	2
4385	05:35.254	5	2,3,4,8,9,10,11,16	5	3
4386	05:35.270	15	8,9,10,11,12,13,14	57	3
4387	05:35.272	11	4,5,8,9,10,14,15	5	2
4388	05:35.272	5	2,3,4,8,9,10,11,16	66	3
4389	05:35.275	16	1,2,3,4,5	5	2
4390	05:35.290	5	2,3,4,8,9,10,11,16	66	3
4391	05:35.293	16	1,2,3,4,5	5	2
4392	05:35.334	11	4,5,8,9,10,14,15	66	2
4393	05:35.337	5	2,3,4,8,9,10,11,16	5	3
4394	05:35.350	5	2,3,4,8,9,10,11,16	66	3
4395	05:35.353	16	1,2,3,4,5	5	2
4396	05:35.820	5	2,3,4,8,9,10,11,16	57	3
4397	05:35.822	16	1,2,3,4,5	5	2
4398	05:36.452	14	7,8,9,10,11,12,13,15	57	4
4399	05:36.454	11	4,5,8,9,10,14,15	5	2
4400	05:36.461	11	4,5,8,9,10,14,15	66	2
4401	05:36.464	5	2,3,4,8,9,10,11,16	5	3
4402	05:36.467	5	2,3,4,8,9,10,11,16	66	3
4403	05:36.470	16	1,2,3,4,5	5	2
4404	05:36.874	3	2,4,5,6,7,8,9,10,16	57	4
4405	05:36.876	16	1,2,3,4,5	5	2
4406	05:37.248	6	2,3,7,8,9,12,13	57	2
4407	05:37.250	2	3,4,5,6,7,8,9,16	5	3
4408	05:37.293	2	3,4,5,6,7,8,9,16	66	3
4409	05:37.296	16	1,2,3,4,5	5	2
4410	05:37.957	8	2,3,4,5,6,7,9,10,11,12,13,14,15	57	1
4411	05:37.959	5	2,3,4,8,9,10,11,16	5	3
4412	05:37.970	5	2,3,4,8,9,10,11,16	66	3
4413	05:37.973	16	1,2,3,4,5	5	2
4414	05:38.776	2	3,4,5,6,7,8,9,16	57	3
4415	05:38.778	16	1,2,3,4,5	5	2
4416	05:39.294	13	6,7,8,9,10,12,14,15	57	4
4417	05:39.296	10	3,4,5,7,8,9,11,13,14,15	5	2
4418	05:39.315	10	3,4,5,7,8,9,11,13,14,15	66	2
4419	05:39.318	5	2,3,4,8,9,10,11,16	5	3
4420	05:39.354	5	2,3,4,8,9,10,11,16	66	3
4421	05:39.357	16	1,2,3,4,5	5	2
4422	05:39.878	12	6,7,8,9,13,14,15	57	3
4423	05:39.880	8	2,3,4,5,6,7,9,10,11,12,13,14,15	5	1
4424	05:39.900	8	2,3,4,5,6,7,9,10,11,12,13,14,15	66	1
4425	05:39.903	5	2,3,4,8,9,10,11,16	5	3
4426	05:39.918	5	2,3,4,8,9,10,11,16	66	3
4427	05:39.921	16	1,2,3,4,5	5	2
4428	05:41.243	9	2,3,4,5,6,7,8,10,11,12,13,14,15	57	1
4429	05:41.245	5	2,3,4,8,9,10,11,16	5	3
4430	05:41.255	5	2,3,4,8,9,10,11,16	66	3
4431	05:41.258	16	1,2,3,4,5	5	2
4432	05:41.741	4	2,3,5,7,8,9,10,11,16	57	4
4433	05:41.743	16	1,2,3,4,5	5	2
4434	05:43.056	7	2,3,4,6,8,9,10,12,13,14	57	2
4435	05:43.058	4	2,3,5,7,8,9,10,11,16	5	4
4436	05:43.082	4	2,3,5,7,8,9,10,11,16	66	4
4437	05:43.085	16	1,2,3,4,5	5	2
4438	05:43.453	10	3,4,5,7,8,9,11,13,14,15	57	2
4439	05:43.455	5	2,3,4,8,9,10,11,16	5	3
4440	05:43.463	5	2,3,4,8,9,10,11,16	66	3
4441	05:43.466	16	1,2,3,4,5	5	2
4442	05:44.645	12	6,7,8,9,13,14,15	102	3
4443	05:44.649	14	7,8,9,10,11,12,13,15	5	4
4444	05:44.730	11	4,5,8,9,10,14,15	57	2
4445	05:44.732	5	2,3,4,8,9,10,11,16	5	3
4446	05:44.768	5	2,3,4,8,9,10,11,16	66	3
4447	05:44.771	16	1,2,3,4,5	5	2
4448	05:45.820	15	8,9,10,11,12,13,14	57	3
4449	05:45.822	11	4,5,8,9,10,14,15	5	2
4450	05:45.861	11	4,5,8,9,10,14,15	66	2
4451	05:45.864	5	2,3,4,8,9,10,11,16	5	3
4452	05:45.890	5	2,3,4,8,9,10,11,16	66	3
4453	05:45.893	16	1,2,3,4,5	5	2
4454	05:46.153	8	2,3,4,5,6,7,9,10,11,12,13,14,15	102	1
4455	05:46.157	11	4,5,8,9,10,14,15	5	2
4456	05:46.225	14	7,8,9,10,11,12,13,15	57	4
4457	05:46.227	11	4,5,8,9,10,14,15	5	2
4458	05:46.264	11	4,5,8,9,10,14,15	66	2
4459	05:46.267	5	2,3,4,8,9,10,11,16	5	3
4460	05:46.308	5	2,3,4,8,9,10,11,16	66	3
4461	05:46.311	16	1,2,3,4,5	5	2
4462	05:46.711	5	2,3,4,8,9,10,11,16	57	3
4463	05:46.713	16	1,2,3,4,5	5	2
4464	05:46.863	6	2,3,7,8,9,12,13	57	2
4465	05:46.865	2	3,4,5,6,7,8,9,16	5	3
4466	05:46.887	2	3,4,5,6,7,8,9,16	66	3
4467	05:46.890	16	1,2,3,4,5	5	2
4468	05:47.450	3	2,4,5,6,7,8,9,10,16	57	4
4469	05:47.452	16	1,2,3,4,5	5	2
4470	05:48.010	2	3,4,5,6,7,8,9,16	57	3
4471	05:48.012	16	1,2,3,4,5	5	2
4472	05:48.373	8	2,3,4,5,6,7,9,10,11,12,13,14,15	57	1
4473	05:48.375	5	2,3,4,8,9,10,11,16	5	3
4474	05:48.398	5	2,3,4,8,9,10,11,16	66	3
4475	05:48.401	16	1,2,3,4,5	5	2
4476	05:49.647	12	6,7,8,9,13,14,15	57	3
4477	05:49.649	8	2,3,4,5,6,7,9,10,11,12,13,14,15	5	1
4478	05:49.688	8	2,3,4,5,6,7,9,10,11,12,13,14,15	66	1
4479	05:49.691	5	2,3,4,8,9,10,11,16	5	3
4480	05:49.718	5	2,3,4,8,9,10,11,16	66	3
4481	05:49.721	16	1,2,3,4,5	5	2
4482	05:50.075	13	6,7,8,9,10,12,14,15	57	4
4483	05:50.077	10	3,4,5,7,8,9,11,13,14,15	5	2
4484	05:50.104	10	3,4,5,7,8,9,11,13,14,15	66	2
4485	05:50.107	5	2,3,4,8,9,10,11,16	5	3
4486	05:50.118	5	2,3,4,8,9,10,11,16	66	3
4487	05:50.121	16	1,2,3,4,5	5	2
4488	05:51.105	9	2,3,4,5,6,7,8,10,11,12,13,14,15	57	1
4489	05:51.107	5	2,3,4,8,9,10,11,16	5	3
4490	05:51.125	5	2,3,4,8,9,10,11,16	66	3
4491	05:51.128	16	1,2,3,4,5	5	2
4492	05:51.316	11	4,5,8,9,10,14,15	102	2
4493	05:51.320	4	2,3,5,7,8,9,10,11,16	5	4
4494	05:52.471	4	2,3,5,7,8,9,10,11,16	57	4
4495	05:52.473	16	1,2,3,4,5	5	2
4496	05:52.649	7	2,3,4,6,8,9,10,12,13,14	57	2
4497	05:52.651	4	2,3,5,7,8,9,10,11,16	5	4
4498	05:52.669	4	2,3,5,7,8,9,10,11,16	66	4
4499	05:52.672	16	1,2,3,4,5	5	2
4500	05:52.863	5	2,3,4,8,9,10,11,16	102	3
4501	05:52.867	2	3,4,5,6,7,8,9,16	5	3
4502	05:53.884	10	3,4,5,7,8,9,11,13,14,15	57	2
4503	05:53.886	5	2,3,4,8,9,10,11,16	5	3
4504	05:53.901	5	2,3,4,8,9,10,11,16	66	3
4505	05:53.904	16	1,2,3,4,5	5	2
4506	05:55.246	15	8,9,10,11,12,13,14	57	3
4507	05:55.248	11	4,5,8,9,10,14,15	5	2
4508	05:55.264	11	4,5,8,9,10,14,15	66	2
4509	05:55.267	5	2,3,4,8,9,10,11,16	5	3
4510	05:55.276	5	2,3,4,8,9,10,11,16	66	3
4511	05:55.279	16	1,2,3,4,5	5	2
4512	05:55.314	11	4,5,8,9,10,14,15	57	2
4513	05:55.316	5	2,3,4,8,9,10,11,16	5	3
4514	05:55.324	5	2,3,4,8,9,10,11,16	66	3
4515	05:55.327	16	1,2,3,4,5	5	2
4516	05:55.958	5	2,3,4,8,9,10,11,16	57	3
4517	05:55.960	16	1,2,3,4,5	5	2
4518	05:56.400	14	7,8,9,10,11,12,13,15	57	4
4519	05:56.402	11	4,5,8,9,10,14,15	5	2
4520	05:56.440	11	4,5,8,9,10,14,15	66	2
4521	05:56.443	5	2,3,4,8,9,10,11,16	5	3
4522	05:56.456	5	2,3,4,8,9,10,11,16	66	3
4523	05:56.459	16	1,2,3,4,5	5	2
4524	05:57.091	6	2,3,7,8,9,12,13	57	2
4525	05:57.093	2	3,4,5,6,7,8,9,16	5	3
4526	05:57.096	2	3,4,5,6,7,8,9,16	66	3
4527	05:57.099	16	1,2,3,4,5	5	2
4528	05:57.250	3	2,4,5,6,7,8,9,10,16	57	4
4529	05:57.252	16	1,2,3,4,5	5	2
4530	05:57.941	2	3,4,5,6,7,8,9,16	57	3
4531	05:57.943	16	1,2,3,4,5	5	2
4532	05:58.174	8	2,3,4,5,6,7,9,10,11,12,13,14,15	57	1
4533	05:58.176	5	2,3,4,8,9,10,11,16	5	3
4534	05:58.179	5	2,3,4,8,9,10,11,16	66	3
4535	05:58.182	16	1,2,3,4,5	5	2
4536	05:58.675	4	2,3,5,7,8,9,10,11,16	102	4
4537	05:58.679	5	2,3,4,8,9,10,11,16	5	3
4538	05:59.041	12	6,7,8,9,13,14,15	57	3
4539	05:59.043	8	2,3,4,5,6,7,9,10,11,12,13,14,15	5	1
4540	05:59.052	8	2,3,4,5,6,7,9,10,11,12,13,14,15	66	1
4541	05:59.055	5	2,3,4,8,9,10,11,16	5	3
4542	05:59.093	5	2,3,4,8,9,10,11,16	66	3
4543	05:59.096	16	1,2,3,4,5	5	2
4544	06:00.514	13	6,7,8,9,10,12,14,15	57	4
4545	06:00.516	10	3,4,5,7,8,9,11,13,14,15	5	2
4546	06:00.545	10	3,4,5,7,8,9,11,13,14,15	66	2
4547	06:00.548	5	2,3,4,8,9,10,11,16	5	3
4548	06:00.586	5	2,3,4,8,9,10,11,16	66	3
4549	06:00.589	16	1,2,3,4,5	5	2
4550	06:02.082	9	2,3,4,5,6,7,8,10,11,12,13,14,15	57	1
4551	06:02.084	5	2,3,4,8,9,10,11,16	5	3
4552	06:02.087	5	2,3,4,8,9,10,11,16	66	3
4553	06:02.090	16	1,2,3,4,5	5	2
4554	06:02.350	4	2,3,5,7,8,9,10,11,16	57	4
4555	06:02.352	16	1,2,3,4,5	5	2
4556	06:02.589	7	2,3,4,6,8,9,10,12,13,14	57	2
4557	06:02.591	4	2,3,5,7,8,9,10,11,16	5	4
4558	06:02.594	4	2,3,5,7,8,9,10,11,16	66	4
4559	06:02.597	16	1,2,3,4,5	5	2
4560	06:04.052	10	3,4,5,7,8,9,11,13,14,15	57	2
4561	06:04.054	5	2,3,4,8,9,10,11,16	5	3
4562	06:04.059	5	2,3,4,8,9,10,11,16	66	3
4563	06:04.062	16	1,2,3,4,5	5	2
4564	06:04.440	15	8,9,10,11,12,13,14	57	3
4565	06:04.442	11	4,5,8,9,10,14,15	5	2
4566	06:04.476	11	4,5,8,9,10,14,15	66	2
4567	06:04.479	5	2,3,4,8,9,10,11,16	5	3
4568	06:04.493	5	2,3,4,8,9,10,11,16	66	3
4569	06:04.496	16	1,2,3,4,5	5	2
4570	06:05.159	11	4,5,8,9,10,14,15	57	2
4571	06:05.161	5	2,3,4,8,9,10,11,16	5	3
4572	06:05.183	5	2,3,4,8,9,10,11,16	66	3
4573	06:05.186	16	1,2,3,4,5	5	2
4574	06:05.770	14	7,8,9,10,11,12,13,15	57	4
4575	06:05.772	11	4,5,8,9,10,14,15	5	2
4576	06:05.790	11	4,5,8,9,10,14,15	66	2
4577	06:05.793	5	2,3,4,8,9,10,11,16	5	3
4578	06:05.813	5	2,3,4,8,9,10,11,16	66	3
4579	06:05.816	16	1,2,3,4,5	5	2
4580	06:06.125	6	2,3,7,8,9,12,13	57	2
4581	06:06.127	2	3,4,5,6,7,8,9,16	5	3
4582	06:06.166	2	3,4,5,6,7,8,9,16	66	3
4583	06:06.169	16	1,2,3,4,5	5	2
4584	06:06.595	3	2,4,5,6,7,8,9,10,16	57	4
4585	06:06.597	16	1,2,3,4,5	5	2
4586	06:06.735	5	2,3,4,8,9,10,11,16	57	3
4587	06:06.737	16	1,2,3,4,5	5	2
4588	06:07.647	2	3,4,5,6,7,8,9,16	57	3
4589	06:07.649	16	1,2,3,4,5	5	2
4590	06:08.830	8	2,3,4,5,6,7,9,10,11,12,13,14,15	57	1
4591	06:08.832	5	2,3,4,8,9,10,11,16	5	3
4592	06:08.873	5	2,3,4,8,9,10,11,16	66	3
4593	06:08.876	16	1,2,3,4,5	5	2
4594	06:09.500	12	6,7,8,9,13,14,15	57	3
4595	06:09.502	8	2,3,4,5,6,7,9,10,11,12,13,14,15	5	1
4596	06:09.512	8	2,3,4,5,6,7,9,10,11,12,13,14,15	66	1
4597	06:09.515	5	2,3,4,8,9,10,11,16	5	3
4598	06:09.548	5	2,3,4,8,9,10,11,16	66	3
4599	06:09.551	16	1,2,3,4,5	5	2
4600	06:10.108	10	3,4,5,7,8,9,11,13,14,15	102	2
4601	06:10.112	14	7,8,9,10,11,12,13,15	5	4
4602	06:11.008	13	6,7,8,9,10,12,14,15	57	4
4603	06:11.010	10	3,4,5,7,8,9,11,13,14,15	5	2
4604	06:11.042	10	3,4,5,7,8,9,11,13,14,15	66	2
4605	06:11.045	5	2,3,4,8,9,10,11,16	5	3
4606	06:11.088	5	2,3,4,8,9,10,11,16	66	3
4607	06:11.091	16	1,2,3,4,5	5	2
4608	06:12.615	7	2,3,4,6,8,9,10,12,13,14	57	2
4609	06:12.617	4	2,3,5,7,8,9,10,11,16	5	4
4610	06:12.658	4	2,3,5,7,8,9,10,11,16	66	4
4611	06:12.661	16	1,2,3,4,5	5	2
4612	06:12.730	9	2,3,4,5,6,7,8,10,11,12,13,14,15	57	1
4613	06:12.732	5	2,3,4,8,9,10,11,16	5	3
4614	06:12.758	5	2,3,4,8,9,10,11,16	66	3
4615	06:12.761	16	1,2,3,4,5	5	2
4616	06:13.060	4	2,3,5,7,8,9,10,11,16	57	4
4617	06:13.062	16	1,2,3,4,5	5	2
4618	06:13.620	10	3,4,5,7,8,9,11,13,14,15	57	2
4619	06:13.622	5	2,3,4,8,9,10,11,16	5	3
4620	06:13.661	5	2,3,4,8,9,10,11,16	66	3
4621	06:13.664	16	1,2,3,4,5	5	2
4622	06:13.809	15	8,9,10,11,12,13,14	57	3
4623	06:13.811	11	4,5,8,9,10,14,15	5	2
4624	06:13.846	11	4,5,8,9,10,14,15	66	2
4625	06:13.849	5	2,3,4,8,9,10,11,16	5	3
4626	06:13.864	5	2,3,4,8,9,10,11,16	66	3
4627	06:13.867	16	1,2,3,4,5	5	2
4628	06:15.598	11	4,5,8,9,10,14,15	57	2
4629	06:15.600	5	2,3,4,8,9,10,11,16	5	3
4630	06:15.638	5	2,3,4,8,9,10,11,16	66	3
4631	06:15.641	16	1,2,3,4,5	5	2
4632	06:15.910	9	2,3,4,5,6,7,8,10,11,12,13,14,15	102	1
4633	06:15.914	3	2,4,5,6,7,8,9,10,16	5	4
4634	06:16.108	6	2,3,7,8,9,12,13	57	2
4635	06:16.110	2	3,4,5,6,7,8,9,16	5	3
4636	06:16.115	2	3,4,5,6,7,8,9,16	66	3
4637	06:16.118	16	1,2,3,4,5	5	2
4638	06:16.226	3	2,4,5,6,7,8,9,10,16	57	4
4639	06:16.228	16	1,2,3,4,5	5	2
4640	06:16.637	14	7,8,9,10,11,12,13,15	57	4
4641	06:16.639	11	4,5,8,9,10,14,15	5	2
4642	06:16.675	11	4,5,8,9,10,14,15	66	2
4643	06:16.678	5	2,3,4,8,9,10,11,16	5	3
4644	06:16.687	5	2,3,4,8,9,10,11,16	66	3
4645	06:16.690	16	1,2,3,4,5	5	2
4646	06:16.772	5	2,3,4,8,9,10,11,16	57	3
4647	06:16.774	16	1,2,3,4,5	5	2
4648	06:17.693	2	3,4,5,6,7,8,9,16	57	3
4649	06:17.695	16	1,2,3,4,5	5	2
4650	06:17.817	14	7,8,9,10,11,12,13,15	102	4
4651	06:17.821	7	2,3,4,6,8,9,10,12,13,14	5	2
4652	06:18.278	8	2,3,4,5,6,7,9,10,11,12,13,14,15	57	1
4653	06:18.280	5	2,3,4,8,9,10,11,16	5	3
4654	06:18.315	5	2,3,4,8,9,10,11,16	66	3
4655	06:18.318	16	1,2,3,4,5	5	2
4656	06:20.176	12	6,7,8,9,13,14,15	57	3
4657	06:20.178	8	2,3,4,5,6,7,9,10,11,12,13,14,15	5	1
4658	06:20.218	8	2,3,4,5,6,7,9,10,11,12,13,14,15	66	1
4659	06:20.221	5	2,3,4,8,9,10,11,16	5	3
4660	06:20.224	5	2,3,4,8,9,10,11,16	66	3
4661	06:20.227	16	1,2,3,4,5	5	2
4662	06:21.446	13	6,7,8,9,10,12,14,15	57	4
4663	06:21.448	10	3,4,5,7,8,9,11,13,14,15	5	2
4664	06:21.470	7	2,3,4,6,8,9,10,12,13,14	102	2
4665	06:21.474	13	6,7,8,9,10,12,14,15	5	4
4666	06:21.477	10	3,4,5,7,8,9,11,13,14,15	66	2
4667	06:21.480	5	2,3,4,8,9,10,11,16	5	3
4668	06:21.499	5	2,3,4,8,9,10,11,16	66	3
4669	06:21.502	16	1,2,3,4,5	5	2
4670	06:22.052	15	8,9,10,11,12,13,14	102	3
4671	06:22.056	8	2,3,4,5,6,7,9,10,11,12,13,14,15	5	1
4672	06:22.527	9	2,3,4,5,6,7,8,10,11,12,13,14,15	57	1
4673	06:22.529	5	2,3,4,8,9,10,11,16	5	3
4674	06:22.565	5	2,3,4,8,9,10,11,16	66	3
4675	06:22.568	16	1,2,3,4,5	5	2
4676	06:22.645	13	6,7,8,9,10,12,14,15	102	4
4677	06:22.649	12	6,7,8,9,13,14,15	5	3
4678	06:23.285	10	3,4,5,7,8,9,11,13,14,15	57	2
4679	06:23.287	5	2,3,4,8,9,10,11,16	5	3
4680	06:23.315	5	2,3,4,8,9,10,11,16	66	3
4681	06:23.318	16	1,2,3,4,5	5	2
4682	06:23.404	7	2,3,4,6,8,9,10,12,13,14	57	2
4683	06:23.406	4	2,3,5,7,8,9,10,11,16	5	4
4684	06:23.429	4	2,3,5,7,8,9,10,11,16	66	4
4685	06:23.432	16	1,2,3,4,5	5	2
4686	06:23.726	4	2,3,5,7,8,9,10,11,16	57	4
4687	06:23.728	16	1,2,3,4,5	5	2
4688	06:24.152	15	8,9,10,11,12,13,14	57	3
4689	06:24.154	11	4,5,8,9,10,14,15	5	2
4690	06:24.164	11	4,5,8,9,10,14,15	66	2
4691	06:24.167	5	2,3,4,8,9,10,11,16	5	3
4692	06:24.180	5	2,3,4,8,9,10,11,16	66	3
4693	06:24.183	16	1,2,3,4,5	5	2
4694	06:25.027	11	4,5,8,9,10,14,15	57	2
4695	06:25.029	5	2,3,4,8,9,10,11,16	5	3
4696	06:25.052	5	2,3,4,8,9,10,11,16	66	3
4697	06:25.055	16	1,2,3,4,5	5	2
4698	06:26.451	6	2,3,7,8,9,12,13	57	2
4699	06:26.453	2	3,4,5,6,7,8,9,16	5	3
4700	06:26.456	2	3,4,5,6,7,8,9,16	66	3
4701	06:26.459	16	1,2,3,4,5	5	2
4702	06:27.061	2	3,4,5,6,7,8,9,16	57	3
4703	06:27.063	16	1,2,3,4,5	5	2
4704	06:27.185	3	2,4,5,6,7,8,9,10,16	57	4
4705	06:27.187	16	1,2,3,4,5	5	2
4706	06:27.370	14	7,8,9,10,11,12,13,15	57	4
4707	06:27.372	11	4,5,8,9,10,14,15	5	2
4708	06:27.398	11	4,5,8,9,10,14,15	66	2
4709	06:27.401	5	2,3,4,8,9,10,11,16	5	3
4710	06:27.414	5	2,3,4,8,9,10,11,16	66	3
4711	06:27.417	16	1,2,3,4,5	5	2
4712	06:27.665	5	2,3,4,8,9,10,11,16	57	3
4713	06:27.667	16	1,2,3,4,5	5	2
4714	06:28.950	8	2,3,4,5,6,7,9,10,11,12,13,14,15	57	1
4715	06:28.952	5	2,3,4,8,9,10,11,16	5	3
4716	06:28.985	5	2,3,4,8,9,10,11,16	66	3
4717	06:28.988	16	1,2,3,4,5	5	2
4718	06:29.261	12	6,7,8,9,13,14,15	57	3
4719	06:29.263	8	2,3,4,5,6,7,9,10,11,12,13,14,15	5	1
4720	06:29.287	8	2,3,4,5,6,7,9,10,11,12,13,14,15	66	1
4721	06:29.290	5	2,3,4,8,9,10,11,16	5	3
4722	06:29.330	5	2,3,4,8,9,10,11,16	66	3
4723	06:29.333	16	1,2,3,4,5	5	2
4724	06:31.903	13	6,7,8,9,10,12,14,15	57	4
4725	06:31.905	10	3,4,5,7,8,9,11,13,14,15	5	2
4726	06:31.919	10	3,4,5,7,8,9,11,13,14,15	66	2
4727	06:31.922	5	2,3,4,8,9,10,11,16	5	3
4728	06:31.960	5	2,3,4,8,9,10,11,16	66	3
4729	06:31.963	16	1,2,3,4,5	5	2
4730	06:32.448	9	2,3,4,5,6,7,8,10,11,12,13,14,15	57	1
4731	06:32.450	5	2,3,4,8,9,10,11,16	5	3
4732	06:32.467	5	2,3,4,8,9,10,11,16	66	3
4733	06:32.470	16	1,2,3,4,5	5	2
4734	06:33.121	4	2,3,5,7,8,9,10,11,16	57	4
4735	06:33.123	16	1,2,3,4,5	5	2
4736	06:33.585	10	3,4,5,7,8,9,11,13,14,15	57	2
4737	06:33.587	5	2,3,4,8,9,10,11,16	5	3
4738	06:33.625	5	2,3,4,8,9,10,11,16	66	3
4739	06:33.628	16	1,2,3,4,5	5	2
4740	06:33.808	7	2,3,4,6,8,9,10,12,13,14	57	2
4741	06:33.810	4	2,3,5,7,8,9,10,11,16	5	4
4742	06:33.832	4	2,3,5,7,8,9,10,11,16	66	4
4743	06:33.835	16	1,2,3,4,5	5	2
4744	06:34.216	15	8,9,10,11,12,13,14	57	3
4745	06:34.218	11	4,5,8,9,10,14,15	5	2
4746	06:34.235	11	4,5,8,9,10,14,15	66	2
4747	06:34.238	5	2,3,4,8,9,10,11,16	5	3
4748	06:34.280	5	2,3,4,8,9,10,11,16	66	3
4749	06:34.283	16	1,2,3,4,5	5	2
4750	06:35.590	6	2,3,7,8,9,12,13	102	2
4751	06:35.594	3	2,4,5,6,7,8,9,10,16	5	4
4752	06:35.850	11	4,5,8,9,10,14,15	57	2
4753	06:35.852	5	2,3,4,8,9,10,11,16	5	3
4754	06:35.879	5	2,3,4,8,9,10,11,16	66	3
4755	06:35.882	16	1,2,3,4,5	5	2
4756	06:36.303	3	2,4,5,6,7,8,9,10,16	57	4
4757	06:36.305	16	1,2,3,4,5	5	2
4758	06:37.408	6	2,3,7,8,9,12,13	57	2
4759	06:37.410	2	3,4,5,6,7,8,9,16	5	3
4760	06:37.419	2	3,4,5,6,7,8,9,16	66	3
4761	06:37.422	16	1,2,3,4,5	5	2
4762	06:37.460	2	3,4,5,6,7,8,9,16	57	3
4763	06:37.462	16	1,2,3,4,5	5	2
4764	06:37.518	14	7,8,9,10,11,12,13,15	57	4
4765	06:37.520	11	4,5,8,9,10,14,15	5	2
4766	06:37.551	11	4,5,8,9,10,14,15	66	2
4767	06:37.554	5	2,3,4,8,9,10,11,16	5	3
4768	06:37.591	5	2,3,4,8,9,10,11,16	66	3
4769	06:37.594	16	1,2,3,4,5	5	2
4770	06:38.256	8	2,3,4,5,6,7,9,10,11,12,13,14,15	57	1
4771	06:38.258	5	2,3,4,8,9,10,11,16	5	3
4772	06:38.285	5	2,3,4,8,9,10,11,16	66	3
4773	06:38.288	16	1,2,3,4,5	5	2
4774	06:38.464	5	2,3,4,8,9,10,11,16	57	3
4775	06:38.466	16	1,2,3,4,5	5	2
4776	06:39.407	12	6,7,8,9,13,14,15	57	3
4777	06:39.409	8	2,3,4,5,6,7,9,10,11,12,13,14,15	5	1
4778	06:39.432	8	2,3,4,5,6,7,9,10,11,12,13,14,15	66	1
4779	06:39.435	5	2,3,4,8,9,10,11,16	5	3
4780	06:39.468	5	2,3,4,8,9,10,11,16	66	3
4781	06:39.471	16	1,2,3,4,5	5	2
4782	06:41.894	13	6,7,8,9,10,12,14,15	57	4
4783	06:41.896	10	3,4,5,7,8,9,11,13,14,15	5	2
4784	06:41.908	10	3,4,5,7,8,9,11,13,14,15	66	2
4785	06:41.911	5	2,3,4,8,9,10,11,16	5	3
4786	06:41.917	5	2,3,4,8,9,10,11,16	66	3
4787	06:41.920	16	1,2,3,4,5	5	2
4788	06:42.047	9	2,3,4,5,6,7,8,10,11,12,13,14,15	57	1
4789	06:42.049	5	2,3,4,8,9,10,11,16	5	3
4790	06:42.065	5	2,3,4,8,9,10,11,16	66	3
4791	06:42.068	16	1,2,3,4,5	5	2
4792	06:42.847	4	2,3,5,7,8,9,10,11,16	57	4
4793	06:42.849	16	1,2,3,4,5	5	2
4794	06:43.210	10	3,4,5,7,8,9,11,13,14,15	57	2
4795	06:43.212	5	2,3,4,8,9,10,11,16	5	3
4796	06:43.226	5	2,3,4,8,9,10,11,16	66	3
4797	06:43.229	16	1,2,3,4,5	5	2
4798	06:43.493	3	2,4,5,6,7,8,9,10,16	102	4
4799	06:43.497	4	2,3,5,7,8,9,10,11,16	5	4
4800	06:43.604	7	2,3,4,6,8,9,10,12,13,14	57	2
4801	06:43.606	4	2,3,5,7,8,9,10,11,16	5	4
4802	06:43.616	4	2,3,5,7,8,9,10,11,16	66	4
4803	06:43.619	16	1,2,3,4,5	5	2
4804	06:43.643	2	3,4,5,6,7,8,9,16	102	3
4805	06:43.647	5	2,3,4,8,9,10,11,16	5	3
4806	06:44.704	15	8,9,10,11,12,13,14	57	3
4807	06:44.706	11	4,5,8,9,10,14,15	5	2
4808	06:44.720	11	4,5,8,9,10,14,15	66	2
4809	06:44.723	5	2,3,4,8,9,10,11,16	5	3
4810	06:44.726	5	2,3,4,8,9,10,11,16	66	3
4811	06:44.729	16	1,2,3,4,5	5	2
4812	06:46.067	3	2,4,5,6,7,8,9,10,16	57	4
4813	06:46.069	16	1,2,3,4,5	5	2
4814	06:46.226	11	4,5,8,9,10,14,15	57	2
4815	06:46.228	5	2,3,4,8,9,10,11,16	5	3
4816	06:46.255	5	2,3,4,8,9,10,11,16	66	3
4817	06:46.258	16	1,2,3,4,5	5	2
4818	06:47.511	6	2,3,7,8,9,12,13	57	2
4819	06:47.513	2	3,4,5,6,7,8,9,16	5	3
4820	06:47.544	2	3,4,5,6,7,8,9,16	66	3
4821	06:47.547	16	1,2,3,4,5	5	2
4822	06:48.013	14	7,8,9,10,11,12,13,15	57	4
4823	06:48.015	11	4,5,8,9,10,14,15	5	2
4824	06:48.024	5	2,3,4,8,9,10,11,16	57	3
4825	06:48.026	16	1,2,3,4,5	5	2
4826	06:48.056	11	4,5,8,9,10,14,15	66	2
4827	06:48.059	5	2,3,4,8,9,10,11,16	5	3
4828	06:48.084	5	2,3,4,8,9,10,11,16	66	3
4829	06:48.087	16	1,2,3,4,5	5	2
4830	06:48.189	2	3,4,5,6,7,8,9,16	57	3
4831	06:48.191	16	1,2,3,4,5	5	2
4832	06:48.966	8	2,3,4,5,6,7,9,10,11,12,13,14,15	57	1
4833	06:48.968	5	2,3,4,8,9,10,11,16	5	3
4834	06:48.974	5	2,3,4,8,9,10,11,16	66	3
4835	06:48.977	16	1,2,3,4,5	5	2
4836	06:49.889	12	6,7,8,9,13,14,15	57	3
4837	06:49.891	8	2,3,4,5,6,7,9,10,11,12,13,14,15	5	1
4838	06:49.916	8	2,3,4,5,6,7,9,10,11,12,13,14,15	66	1
4839	06:49.919	5	2,3,4,8,9,10,11,16	5	3
4840	06:49.954	5	2,3,4,8,9,10,11,16	66	3
4841	06:49.957	16	1,2,3,4,5	5	2
4842	06:51.214	13	6,7,8,9,10,12,14,15	57	4
4843	06:51.216	10	3,4,5,7,8,9,11,13,14,15	5	2
4844	06:51.256	10	3,4,5,7,8,9,11,13,14,15	66	2
4845	06:51.259	5	2,3,4,8,9,10,11,16	5	3
4846	06:51.299	5	2,3,4,8,9,10,11,16	66	3
4847	06:51.302	16	1,2,3,4,5	5	2
4848	06:51.749	9	2,3,4,5,6,7,8,10,11,12,13,14,15	57	1
4849	06:51.751	5	2,3,4,8,9,10,11,16	5	3
4850	06:51.763	5	2,3,4,8,9,10,11,16	66	3
4851	06:51.766	16	1,2,3,4,5	5	2
4852	06:53.008	7	2,3,4,6,8,9,10,12,13,14	57	2
4853	06:53.010	4	2,3,5,7,8,9,10,11,16	5	4
4854	06:53.052	4	2,3,5,7,8,9,10,11,16	66	4
4855	06:53.055	16	1,2,3,4,5	5	2
4856	06:53.624	10	3,4,5,7,8,9,11,13,14,15	57	2
4857	06:53.626	5	2,3,4,8,9,10,11,16	5	3
4858	06:53.629	5	2,3,4,8,9,10,11,16	66	3
4859	06:53.632	16	1,2,3,4,5	5	2
4860	06:53.758	4	2,3,5,7,8,9,10,11,16	57	4
4861	06:53.760	16	1,2,3,4,5	5	2
4862	06:54.855	15	8,9,10,11,12,13,14	57	3
4863	06:54.857	11	4,5,8,9,10,14,15	5	2
4864	06:54.864	11	4,5,8,9,10,14,15	66	2
4865	06:54.867	5	2,3,4,8,9,10,11,16	5	3
4866	06:54.893	5	2,3,4,8,9,10,11,16	66	3
4867	06:54.896	16	1,2,3,4,5	5	2
4868	06:55.905	3	2,4,5,6,7,8,9,10,16	57	4
4869	06:55.907	16	1,2,3,4,5	5	2
4870	06:56.702	6	2,3,7,8,9,12,13	57	2
4871	06:56.704	2	3,4,5,6,7,8,9,16	5	3
4872	06:56.741	2	3,6,7,16	66	7
4873	06:56.744	16	1,2	5	5
4874	06:56.743	11	14,15	57	7
4875	06:56.769	11	4,5,8,9,10,14,15	57	2
4876	06:56.771	5	2,3,4,8,9,10,11,16	5	3
4877	06:56.811	5	2,3,4,8,9,10,11,16	66	3
4878	06:56.814	16	1,2,3,4,5	5	2
4879	06:57.274	14	7,8,9,10,11,12,13,15	57	4
4880	06:57.276	11	4,5,8,9,10,14,15	5	2
4881	06:57.313	11	4,5,8,9,10,14,15	66	2
4882	06:57.316	5	2,3,4,8,9,10,11,16	5	3
4883	06:57.324	5	2,3,4,8,9,10,11,16	66	3
4884	06:57.327	16	1,2,3,4,5	5	2
4885	06:57.751	2	3,4,5,6,7,8,9,16	57	3
4886	06:57.753	16	1,2,3,4,5	5	2
4887	06:57.879	5	2,3,4,8,9,10,11,16	57	3
4888	06:57.881	16	1,2,3,4,5	5	2
4889	06:58.976	8	2,3,4,5,6,7,9,10,11,12,13,14,15	57	1
4890	06:58.978	5	2,3,4,8,9,10,11,16	5	3
4891	06:59.020	5	2,3,4,8,9,10,11,16	66	3
4892	06:59.023	16	1,2,3,4,5	5	2
4893	06:59.335	12	6,7,8,9,13,14,15	57	3
4894	06:59.337	8	2,3,4,5,6,7,9,10,11,12,13,14,15	5	1
4895	06:59.361	8	2,3,4,5,6,7,9,10,11,12,13,14,15	66	1
4896	06:59.364	5	2,3,4,8,9,10,11,16	5	3
4897	06:59.382	5	2,3,4,8,9,10,11,16	66	3
4898	06:59.385	16	1,2,3,4,5	5	2
4899	06:59.437	5	2,3,4,8,9,10,11,16	102	3
4900	06:59.441	2	3,4,5,6,7,8,9,16	5	3
4901	07:01.220	13	6,7,8,9,10,12,14,15	57	4
4902	07:01.222	10	3,4,5,7,8,9,11,13,14,15	5	2
4903	07:01.232	10	3,4,5,7,8,9,11,13,14,15	66	2
4904	07:01.235	5	2,3,4,8,9,10,11,16	5	3
4905	07:01.259	5	2,3,4,8,9,10,11,16	66	3
4906	07:01.262	16	1,2,3,4,5	5	2
4907	07:01.267	9	2,3,4,5,6,7,8,10,11,12,13,14,15	57	1
4908	07:01.269	5	2,3,4,8,9,10,11,16	5	3
4909	07:01.309	5	2,3,4,8,9,10,11,16	66	3
4910	07:01.312	16	1,2,3,4,5	5	2
4911	07:03.284	10	3,4,5,7,8,9,11,13,14,15	57	2
4912	07:03.286	5	2,3,4,8,9,10,11,16	5	3
4913	07:03.315	5	2,3,4,8,9,10,11,16	66	3
4914	07:03.318	16	1,2,3,4,5	5	2
4915	07:03.630	7	2,3,4,6,8,9,10,12,13,14	57	2
4916	07:03.632	4	2,3,5,7,8,9,10,11,16	5	4
4917	07:03.668	4	2,3,5,7,8,9,10,11,16	66	4
4918	07:03.671	16	1,2,3,4,5	5	2
4919	07:04.755	4	2,3,5,7,8,9,10,11,16	57	4
4920	07:04.757	16	1,2,3,4,5	5	2
4921	07:05.799	15	8,9,10,11,12,13,14	57	3
4922	07:05.801	11	4,5,8,9,10,14,15	5	2
4923	07:05.828	11	4,5,8,9,10,14,15	66	2
4924	07:05.831	5	2,3,4,8,9,10,11,16	5	3
4925	07:05.839	5	2,3,4,8,9,10,11,16	66	3
4926	07:05.842	16	1,2,3,4,5	5	2
4927	07:05.973	3	2,4,5,6,7,8,9,10,16	57	4
4928	07:05.975	16	1,2,3,4,5	5	2
4929	07:06.038	11	4,5,8,9,10,14,15	57	2
4930	07:06.040	5	2,3,4,8,9,10,11,16	5	3
4931	07:06.081	5	2,3,4,8,9,10,11,16	66	3
4932	07:06.084	16	1,2,3,4,5	5	2
4933	07:06.258	6	2,3,7,8,9,12,13	57	2
4934	07:06.260	2	3,4,5,6,7,8,9,16	5	3
4935	07:06.302	2	3,4,5,6,7,8,9,16	66	3
4936	07:06.305	16	1,2,3,4,5	5	2
4937	07:06.740	2	3,4,5,6,7,8,9,16	57	3
4938	07:06.742	16	1,2,3,4,5	5	2
4939	07:07.236	14	7,8,9,10,11,12,13,15	57	4
4940	07:07.238	11	4,5,8,9,10,14,15	5	2
4941	07:07.267	11	4,5,8,9,10,14,15	66	2
4942	07:07.270	5	2,3,4,8,9,10,11,16	5	3
4943	07:07.296	5	2,3,4,8,9,10,11,16	66	3
4944	07:07.299	16	1,2,3,4,5	5	2
4945	07:07.375	5	2,3,4,8,9,10,11,16	57	3
4946	07:07.377	16	1,2,3,4,5	5	2
4947	07:09.129	12	6,7,8,9,13,14,15	102	3
4948	07:09.133	15	8,9,10,11,12,13,14	5	3
4949	07:09.430	3	2,4,5,6,7,8,9,10,16	97	4
4950	07:09.899	8	2,3,4,5,6,7,9,10,11,12,13,14,15	57	1
4951	07:09.901	5	2,3,4,8,9,10,11,16	5	3
4952	07:09.918	12	6,7,8,9,13,14,15	57	3
4953	07:09.920	8	2,3,4,5,6,7,9,10,11,12,13,14,15	5	1
4954	07:09.935	8	2,3,4,5,6,7,9,10,11,12,13,14,15	66	1
4955	07:09.938	5	2,3,4,8,9,10,11,16	5	3
4956	07:10.018	5	2,3,4,8,9,10,11,16	66	3
4957	07:10.021	16	1,2,3,4,5	5	2
4958	07:10.053	5	2,3,4,8,9,10,11,16	66	3
4959	07:10.056	16	1,2,3,4,5	5	2
4960	07:10.272	9	2,3,4,5,6,7,8,10,11,12,13,14,15	57	1
4961	07:10.274	5	2,3,4,8,9,10,11,16	5	3
4962	07:10.297	5	2,3,4,8,9,10,11,16	66	3
4963	07:10.300	16	1,2,3,4,5	5	2
4964	07:11.280	13	6,7,8,9,10,12,14,15	57	4
4965	07:11.282	10	3,4,5,7,8,9,11,13,14,15	5	2
4966	07:11.293	10	3,4,5,7,8,9,11,13,14,15	66	2
4967	07:11.296	5	2,3,4,8,9,10,11,16	5	3
4968	07:11.314	5	2,3,4,8,9,10,11,16	66	3
4969	07:11.317	16	1,2,3,4,5	5	2
4970	07:12.854	7	2,3,4,6,8,9,10,12,13,14	57	2
4971	07:12.856	4	2,3,5,7,8,9,10,11,16	5	4
4972	07:12.859	4	2,3,5,7,8,9,10,11,16	66	4
4973	07:12.862	16	1,2,3,4,5	5	2
4974	07:14.007	10	3,4,5,7,8,9,11,13,14,15	57	2
4975	07:14.009	5	2,3,4,8,9,10,11,16	5	3
4976	07:14.050	5	2,3,4,8,9,10,11,16	66	3
4977	07:14.053	16	1,2,3,4,5	5	2
4978	07:14.815	15	8,9,10,11,12,13,14	57	3
4979	07:14.817	11	4,5,8,9,10,14,15	5	2
4980	07:14.823	11	4,5,8,9,10,14,15	66	2
4981	07:14.826	5	2,3,4,8,9,10,11,16	5	3
4982	07:14.829	5	2,3,4,8,9,10,11,16	66	3
4983	07:14.832	16	1,2,3,4,5	5	2
4984	07:15.399	3	2,4,5,6,7,8,9,10,16	57	4
4985	07:15.401	16	1,2,3,4,5	5	2
4986	07:15.439	4	2,3,5,7,8,9,10,11,16	57	4
4987	07:15.441	16	1,2,3,4,5	5	2
4988	07:16.042	11	4,5,8,9,10,14,15	57	2
4989	07:16.044	5	2,3,4,8,9,10,11,16	5	3
4990	07:16.078	5	2,3,4,8,9,10,11,16	66	3
4991	07:16.081	16	1,2,3,4,5	5	2
4992	07:16.150	6	2,3,7,8,9,12,13	57	2
4993	07:16.152	2	3,4,5,6,7,8,9,16	5	3
4994	07:16.181	2	3,4,5,6,7,8,9,16	66	3
4995	07:16.184	16	1,2,3,4,5	5	2
4996	07:16.638	8	2,3,4,5,6,7,9,10,11,12,13,14,15	102	1
4997	07:16.642	13	6,7,8,9,10,12,14,15	5	4
4998	07:16.980	14	7,8,9,10,11,12,13,15	57	4
4999	07:16.982	11	4,5,8,9,10,14,15	5	2
5000	07:16.985	11	4,5,8,9,10,14,15	66	2
5001	07:16.988	5	2,3,4,8,9,10,11,16	5	3
5002	07:17.001	5	2,3,4,8,9,10,11,16	66	3
5003	07:17.004	16	1,2,3,4,5	5	2
5004	07:17.374	2	3,4,5,6,7,8,9,16	57	3
5005	07:17.376	16	1,2,3,4,5	5	2
5006	07:18.196	5	2,3,4,8,9,10,11,16	57	3
5007	07:18.198	16	1,2,3,4,5	5	2
5008	07:19.925	9	2,3,4,5,6,7,8,10,11,12,13,14,15	57	1
5009	07:19.927	5	2,3,4,8,9,10,11,16	5	3
5010	07:19.963	5	2,3,4,8,9,10,11,16	66	3
5011	07:19.966	16	1,2,3,4,5	5	2
5012	07:20.337	1	16	97	0
5013	07:20.439	8	2,3,4,5,6,7,9,10,11,12,13,14,15	57	1
5014	07:20.441	5	2,3,4,8,9,10,11,16	5	3
5015	07:20.477	5	2,3,4,8,9,10,11,16	66	3
5016	07:20.480	16	1,2,3,4,5	5	2
5017	07:20.626	12	6,7,8,9,13,14,15	57	3
5018	07:20.628	8	2,3,4,5,6,7,9,10,11,12,13,14,15	5	1
5019	07:20.640	8	2,3,4,5,6,7,9,10,11,12,13,14,15	66	1
5020	07:20.643	5	2,3,4,8,9,10,11,16	5	3
5021	07:20.654	5	2,3,4,8,9,10,11,16	66	3
5022	07:20.657	16	1,2,3,4,5	5	2
5023	07:21.615	13	6,7,8,9,10,12,14,15	57	4
5024	07:21.617	10	3,4,5,7,8,9,11,13,14,15	5	2
5025	07:21.655	10	3,4,5,7,8,9,11,13,14,15	66	2
5026	07:21.658	5	2,3,4,8,9,10,11,16	5	3
5027	07:21.693	5	2,3,4,8,9,10,11,16	66	3
5028	07:21.696	16	1,2,3,4,5	5	2
5029	07:23.336	7	2,3,4,6,8,9,10,12,13,14	57	2
5030	07:23.338	4	2,3,5,7,8,9,10,11,16	5	4
5031	07:23.341	4	2,3,5,7,8,9,10,11,16	66	4
5032	07:23.344	16	1,2,3,4,5	5	2
5033	07:23.987	10	3,4,5,7,8,9,11,13,14,15	57	2
5034	07:23.989	5	2,3,4,8,9,10,11,16	5	3
5035	07:23.995	5	2,3,4,8,9,10,11,16	66	3
5036	07:23.998	16	1,2,3,4,5	5	2
5037	07:25.194	11	4,5,8,9,10,14,15	102	2
5038	07:25.198	4	2,3,5,7,8,9,10,11,16	5	4
5039	07:25.324	11	4,5,8,9,10,14,15	57	2
5040	07:25.326	5	2,3,4,8,9,10,11,16	5	3
5041	07:25.354	5	2,3,4,8,9,10,11,16	66	3
5042	07:25.357	16	1,2,3,4,5	5	2
5043	07:25.485	15	8,9,10,11,12,13,14	57	3
5044	07:25.487	11	4,5,8,9,10,14,15	5	2
5045	07:25.506	11	4,5,8,9,10,14,15	66	2
5046	07:25.509	5	2,3,4,8,9,10,11,16	5	3
5047	07:25.548	5	2,3,4,8,9,10,11,16	66	3
5048	07:25.551	16	1,2,3,4,5	5	2
5049	07:25.557	4	2,3,5,7,8,9,10,11,16	57	4
5050	07:25.559	16	1,2,3,4,5	5	2
5051	07:26.165	7	2,3,4,6,8,9,10,12,13,14	102	2
5052	07:26.169	12	6,7,8,9,13,14,15	5	3
5053	07:26.324	3	2,4,5,6,7,8,9,10,16	57	4
5054	07:26.326	16	1,2,3,4,5	5	2
5055	07:26.436	14	7,8,9,10,11,12,13,15	57	4
5056	07:26.438	11	4,5,8,9,10,14,15	5	2
5057	07:26.441	11	4,5,8,9,10,14,15	66	2
5058	07:26.444	5	2,3,4,8,9,10,11,16	5	3
5059	07:26.460	2	3,4,5,6,7,8,9,16	57	3
5060	07:26.462	16	1,2,3,4,5	5	2
5061	07:26.524	5	2,3,4,8,9,10,11,16	66	3
5062	07:26.527	16	1,2,3,4,5	5	2
5063	07:26.655	6	2,3,7,8,9,12,13	57	2
5064	07:26.657	2	3,4,5,6,7,8,9,16	5	3
5065	07:26.685	2	3,4,5,6,7,8,9,16	66	3
5066	07:26.688	16	1,2,3,4,5	5	2
5067	07:28.597	5	2,3,4,8,9,10,11,16	57	3
5068	07:28.599	16	1,2,3,4,5	5	2
5069	07:29.284	15	8,9,10,11,12,13,14	97	3
5070	07:30.309	8	2,3,4,5,6,7,9,10,11,12,13,14,15	57	1
5071	07:30.311	5	2,3,4,8,9,10,11,16	5	3
5072	07:30.331	5	2,3,4,8,9,10,11,16	66	3
5073	07:30.334	16	1,2,3,4,5	5	2
5074	07:30.531	9	2,3,4,5,6,7,8,10,11,12,13,14,15	57	1
5075	07:30.533	5	2,3,4,8,9,10,11,16	5	3
5076	07:30.540	5	2,3,4,8,9,10,11,16	66	3
5077	07:30.543	16	1,2,3,4,5	5	2
5078	07:30.564	12	6,7,8,9,13,14,15	57	3
5079	07:30.566	8	2,3,4,5,6,7,9,10,11,12,13,14,15	5	1
5080	07:30.580	8	2,3,4,5,6,7,9,10,11,12,13,14,15	66	1
5081	07:30.583	5	2,3,4,8,9,10,11,16	5	3
5082	07:30.614	5	2,3,4,8,9,10,11,16	66	3
5083	07:30.617	16	1,2,3,4,5	5	2
5084	07:31.420	7	2,3,4,6,8,9,10,12,13,14	97	2
5085	07:32.134	13	6,7,8,9,10,12,14,15	57	4
5086	07:32.136	10	3,4,5,7,8,9,11,13,14,15	5	2
5087	07:32.151	10	3,4,5,7,8,9,11,13,14,15	66	2
5088	07:32.154	5	2,3,4,8,9,10,11,16	5	3
5089	07:32.157	5	2,3,4,8,9,10,11,16	66	3
5090	07:32.160	16	1,2,3,4,5	5	2
5091	07:33.694	14	7,8,9,10,11,12,13,15	102	4
5092	07:33.698	12	6,7,8,9,13,14,15	5	3
5093	07:34.059	10	3,4,5,7,8,9,11,13,14,15	57	2
5094	07:34.061	5	2,3,4,8,9,10,11,16	5	3
5095	07:34.079	5	2,3,4,8,9,10,11,16	66	3
5096	07:34.082	16	1,2,3,4,5	5	2
5097	07:34.108	7	2,3,4,6,8,9,10,12,13,14	57	2
5098	07:34.110	4	2,3,5,7,8,9,10,11,16	5	4
5099	07:34.130	4	2,3,5,7,8,9,10,11,16	66	4
5100	07:34.133	16	1,2,3,4,5	5	2
5101	07:34.540	15	8,9,10,11,12,13,14	57	3
5102	07:34.542	11	4,5,8,9,10,14,15	5	2
5103	07:34.546	11	4,5,8,9,10,14,15	66	2
5104	07:34.549	5	2,3,4,8,9,10,11,16	5	3
5105	07:34.570	5	2,3,4,8,9,10,11,16	66	3
5106	07:34.573	16	1,2,3,4,5	5	2
5107	07:35.583	3	2,4,5,6,7,8,9,10,16	57	4
5108	07:35.585	16	1,2,3,4,5	5	2
5109	07:35.873	11	4,5,8,9,10,14,15	57	2
5110	07:35.875	5	2,3,4,8,9,10,11,16	5	3
5111	07:35.883	5	2,3,4,8,9,10,11,16	66	3
5112	07:35.886	16	1,2,3,4,5	5	2
5113	07:36.036	4	2,3,5,7,8,9,10,11,16	57	4
5114	07:36.038	16	1,2,3,4,5	5	2
5115	07:36.136	14	7,8,9,10,11,12,13,15	57	4
5116	07:36.138	11	4,5,8,9,10,14,15	5	2
5117	07:36.150	11	4,5,8,9,10,14,15	66	2
5118	07:36.153	5	2,3,4,8,9,10,11,16	5	3
5119	07:36.181	5	2,3,4,8,9,10,11,16	66	3
5120	07:36.184	16	1,2,3,4,5	5	2
5121	07:36.610	6	2,3,7,8,9,12,13	57	2
5122	07:36.612	2	3,4,5,6,7,8,9,16	5	3
5123	07:36.629	2	3,4,5,6,7,8,9,16	66	3
5124	07:36.632	16	1,2,3,4,5	5	2
5125	07:37.437	2	3,4,5,6,7,8,9,16	57	3
5126	07:37.439	16	1,2,3,4,5	5	2
5127	07:38.634	5	2,3,4,8,9,10,11,16	57	3
5128	07:38.636	16	1,2,3,4,5	5	2
5129	07:39.256	14	7,8,9,10,11,12,13,15	97	4
5130	07:39.754	9	2,3,4,5,6,7,8,10,11,12,13,14,15	57	1
5131	07:39.756	5	2,3,4,8,9,10,11,16	5	3
5132	07:39.781	5	2,3,4,8,9,10,11,16	66	3
5133	07:39.784	16	1,2,3,4,5	5	2
5134	07:40.829	8	2,3,4,5,6,7,9,10,11,12,13,14,15	57	1
5135	07:40.831	5	2,3,4,8,9,10,11,16	5	3
5136	07:40.838	5	2,3,4,8,9,10,11,16	66	3
5137	07:40.841	16	1,2,3,4,5	5	2
5138	07:40.998	12	6,7,8,9,13,14,15	57	3
5139	07:41.000	8	2,3,4,5,6,7,9,10,11,12,13,14,15	5	1
5140	07:41.008	13	6,7,8,9,10,12,14,15	102	4
5141	07:41.012	14	7,8,9,10,11,12,13,15	5	4
5142	07:41.028	8	2,3,4,5,6,7,9,10,11,12,13,14,15	66	1
5143	07:41.031	5	2,3,4,8,9,10,11,16	5	3
5144	07:41.071	5	2,3,4,8,9,10,11,16	66	3
5145	07:41.074	16	1,2,3,4,5	5	2
5146	07:42.391	6	2,3,7,8,9,12,13	102	2
5147	07:42.395	3	2,4,5,6,7,8,9,10,16	5	4
5148	07:43.005	13	6,7,8,9,10,12,14,15	57	4
5149	07:43.007	10	3,4,5,7,8,9,11,13,14,15	5	2
5150	07:43.048	10	3,4,5,7,8,9,11,13,14,15	66	2
5151	07:43.051	5	2,3,4,8,9,10,11,16	5	3
5152	07:43.070	5	2,3,4,8,9,10,11,16	66	3
5153	07:43.073	16	1,2,3,4,5	5	2
5154	07:43.301	7	2,3,4,6,8,9,10,12,13,14	57	2
5155	07:43.303	4	2,3,5,7,8,9,10,11,16	5	4
5156	07:43.315	4	2,3,5,7,8,9,10,11,16	66	4
5157	07:43.318	16	1,2,3,4,5	5	2
5158	07:43.764	10	3,4,5,7,8,9,11,13,14,15	57	2
5159	07:43.766	5	2,3,4,8,9,10,11,16	5	3
5160	07:43.791	5	2,3,4,8,9,10,11,16	66	3
5161	07:43.794	16	1,2,3,4,5	5	2
5162	07:43.910	15	8,9,10,11,12,13,14	57	3
5163	07:43.912	11	4,5,8,9,10,14,15	5	2
5164	07:43.945	11	4,5,8,9,10,14,15	66	2
5165	07:43.948	5	2,3,4,8,9,10,11,16	5	3
5166	07:43.985	5	2,3,4,8,9,10,11,16	66	3
5167	07:43.988	16	1,2,3,4,5	5	2
5168	07:45.415	3	2,4,5,6,7,8,9,10,16	57	4
5169	07:45.417	16	1,2,3,4,5	5	2
5170	07:45.558	11	4,5,8,9,10,14,15	57	2
5171	07:45.560	5	2,3,4,8,9,10,11,16	5	3
5172	07:45.566	5	2,3,4,8,9,10,11,16	66	3
5173	07:45.569	16	1,2,3,4,5	5	2
5174	07:45.669	14	7,8,9,10,11,12,13,15	57	4
5175	07:45.671	11	4,5,8,9,10,14,15	5	2
5176	07:45.697	11	4,5,8,9,10,14,15	66	2
5177	07:45.700	5	2,3,4,8,9,10,11,16	5	3
5178	07:45.720	5	2,3,4,8,9,10,11,16	66	3
5179	07:45.723	16	1,2,3,4,5	5	2
5180	07:46.954	4	2,3,5,7,8,9,10,11,16	57	4
5181	07:46.956	16	1,2,3,4,5	5	2
5182	07:47.061	6	2,3,7,8,9,12,13	57	2
5183	07:47.063	2	3,4,5,6,7,8,9,16	5	3
5184	07:47.070	2	3,4,5,6,7,8,9,16	66	3
5185	07:47.073	16	1,2,3,4,5	5	2
5186	07:48.063	2	3,4,5,6,7,8,9,16	57	3
5187	07:48.065	16	1,2,3,4,5	5	2
5188	07:48.189	16	1,2,3,4,5	97	2
5189	07:48.705	5	2,3,4,8,9,10,11,16	57	3
5190	07:48.707	16	1,2,3,4,5	5	2
5191	07:49.078	4	2,3,5,7,8,9,10,11,16	102	4
5192	07:49.082	2	3,4,5,6,7,8,9,16	5	3
5193	07:49.174	9	2,3,4,5,6,7,8,10,11,12,13,14,15	57	1
5194	07:49.176	5	2,3,4,8,9,10,11,16	5	3
5195	07:49.218	5	2,3,4,8,9,10,11,16	66	3
5196	07:49.221	16	1,2,3,4,5	5	2
5197	07:50.029	8	2,3,4,5,6,7,9,10,11,12,13,14,15	57	1
5198	07:50.031	5	2,3,4,8,9,10,11,16	5	3
5199	07:50.054	5	2,3,4,8,9,10,11,16	66	3
5200	07:50.057	16	1,2,3,4,5	5	2
5201	07:50.542	2	3,4,5,6,7,8,9,16	97	3
5202	07:50.660	12	6,7,8,9,13,14,15	57	3
5203	07:50.662	8	2,3,4,5,6,7,9,10,11,12,13,14,15	5	1
5204	07:50.687	8	2,3,4,5,6,7,9,10,11,12,13,14,15	66	1
5205	07:50.690	5	2,3,4,8,9,10,11,16	5	3
5206	07:50.725	5	2,3,4,8,9,10,11,16	66	3
5207	07:50.728	16	1,2,3,4,5	5	2
5208	07:51.569	9	2,3,4,5,6,7,8,10,11,12,13,14,15	97	1
5209	07:53.053	7	2,3,4,6,8,9,10,12,13,14	57	2
5210	07:53.055	4	2,3,5,7,8,9,10,11,16	5	4
5211	07:53.060	4	2,3,5,7,8,9,10,11,16	66	4
5212	07:53.063	16	1,2,3,4,5	5	2
5213	07:53.110	10	3,4,5,7,8,9,11,13,14,15	57	2
5214	07:53.112	5	2,3,4,8,9,10,11,16	5	3
5215	07:53.148	5	2,3,4,8,9,10,11,16	66	3
5216	07:53.151	16	1,2,3,4,5	5	2
5217	07:53.633	13	6,7,8,9,10,12,14,15	57	4
5218	07:53.635	10	3,4,5,7,8,9,11,13,14,15	5	2
5219	07:53.660	10	3,4,5,7,8,9,11,13,14,15	66	2
5220	07:53.663	5	2,3,4,8,9,10,11,16	5	3
5221	07:53.706	5	2,3,4,8,9,10,11,16	66	3
5222	07:53.709	16	1,2,3,4,5	5	2
5223	07:54.824	15	8,9,10,11,12,13,14	57	3
5224	07:54.826	11	4,5,8,9,10,14,15	5	2
5225	07:54.861	11	4,5,8,9,10,14,15	66	2
5226	07:54.864	5	2,3,4,8,9,10,11,16	5	3
5227	07:54.880	5	2,3,4,8,9,10,11,16	66	3
5228	07:54.883	16	1,2,3,4,5	5	2
5229	07:55.829	11	4,5,8,9,10,14,15	57	2
5230	07:55.831	5	2,3,4,8,9,10,11,16	5	3
5231	07:55.855	5	2,3,4,8,9,10,11,16	66	3
5232	07:55.858	16	1,2,3,4,5	5	2
5233	07:56.247	10	3,4,5,7,8,9,11,13,14,15	102	2
5234	07:56.251	3	2,4,5,6,7,8,9,10,16	5	4
5235	07:56.273	6	2,3,7,8,9,12,13	57	2
5236	07:56.275	2	3,4,5,6,7,8,9,16	5	3
5237	07:56.288	4	2,3,5,7,8,9,10,11,16	57	4
5238	07:56.290	16	1,2,3,4,5	5	2
5239	07:56.306	2	3,4,5,6,7,8,9,16	66	3
5240	07:56.309	16	1,2,3,4,5	5	2
5241	07:56.325	3	2,4,5,6,7,8,9,10,16	57	4
5242	07:56.327	16	1,2,3,4,5	5	2
5243	07:56.580	14	7,8,9,10,11,12,13,15	57	4
5244	07:56.582	11	4,5,8,9,10,14,15	5	2
5245	07:56.613	11	4,5,8,9,10,14,15	66	2
5246	07:56.616	5	2,3,4,8,9,10,11,16	5	3
5247	07:56.641	5	2,3,4,8,9,10,11,16	66	3
5248	07:56.644	16	1,2,3,4,5	5	2
5249	07:57.913	5	2,3,4,8,9,10,11,16	57	3
5250	07:57.915	16	1,2,3,4,5	5	2
5251	07:58.133	2	3,4,5,6,7,8,9,16	57	3
5252	07:58.135	16	1,2,3,4,5	5	2
5253	07:59.445	9	2,3,4,5,6,7,8,10,11,12,13,14,15	57	1
5254	07:59.447	5	2,3,4,8,9,10,11,16	5	3
5255	07:59.476	5	2,3,4,8,9,10,11,16	66	3
5256	07:59.479	16	1,2,3,4,5	5	2
5257	08:00.302	8	2,3,4,5,6,7,9,10,11,12,13,14,15	57	1
5258	08:00.304	5	2,3,4,8,9,10,11,16	5	3
5259	08:00.335	5	2,3,4,8,9,10,11,16	66	3
5260	08:00.338	16	1,2,3,4,5	5	2
5261	08:00.685	12	6,7,8,9,13,14,15	57	3
5262	08:00.687	8	2,3,4,5,6,7,9,10,11,12,13,14,15	5	1
5263	08:00.728	8	2,3,4,5,6,7,9,10,11,12,13,14,15	66	1
5264	08:00.731	5	2,3,4,8,9,10,11,16	5	3
5265	08:00.769	5	2,3,4,8,9,10,11,16	66	3
5266	08:00.772	16	1,2,3,4,5	5	2
5267	08:02.698	15	8,9,10,11,12,13,14	102	3
5268	08:02.702	9	2,3,4,5,6,7,8,10,11,12,13,14,15	5	1
5269	08:02.773	9	2,3,4,5,6,7,8,10,11,12,13,14,15	102	1
5270	08:02.777	3	2,4,5,6,7,8,9,10,16	5	4
5271	08:03.636	13	6,7,8,9,10,12,14,15	57	4
5272	08:03.638	10	3,4,5,7,8,9,11,13,14,15	5	2
5273	08:03.669	10	3,4,5,7,8,9,11,13,14,15	66	2
5274	08:03.672	5	2,3,4,8,9,10,11,16	5	3
5275	08:03.703	5	2,3,4,8,9,10,11,16	66	3
5276	08:03.706	16	1,2,3,4,5	5	2
5277	08:03.756	10	3,4,5,7,8,9,11,13,14,15	57	2
5278	08:03.758	5	2,3,4,8,9,10,11,16	5	3
5279	08:03.765	5	2,3,4,8,9,10,11,16	66	3
5280	08:03.768	16	1,2,3,4,5	5	2
5281	08:03.916	7	2,3,4,6,8,9,10,12,13,14	57	2
5282	08:03.918	4	2,3,5,7,8,9,10,11,16	5	4
5283	08:03.941	4	2,3,5,7,8,9,10,11,16	66	4
5284	08:03.944	16	1,2,3,4,5	5	2
5285	08:04.706	15	8,9,10,11,12,13,14	57	3
5286	08:04.708	11	4,5,8,9,10,14,15	5	2
5287	08:04.711	11	4,5,8,9,10,14,15	66	2
5288	08:04.714	5	2,3,4,8,9,10,11,16	5	3
5289	08:04.738	5	2,3,4,8,9,10,11,16	66	3
5290	08:04.741	16	1,2,3,4,5	5	2
5291	08:05.201	8	2,3,4,5,6,7,9,10,11,12,13,14,15	102	1
5292	08:05.205	11	4,5,8,9,10,14,15	5	2
5293	08:05.815	14	7,8,9,10,11,12,13,15	57	4
5294	08:05.817	11	4,5,8,9,10,14,15	5	2
5295	08:05.856	11	4,5,8,9,10,14,15	66	2
5296	08:05.859	5	2,3,4,8,9,10,11,16	5	3
5297	08:05.863	6	2,3,7,8,9,12,13	57	2
5298	08:05.865	2	3,4,5,6,7,8,9,16	5	3
5299	08:05.884	5	2,3,4,8,9,10,11,16	66	3
5300	08:05.887	16	1,2,3,4,5	5	2
5301	08:05.902	2	3,4,5,6,7,8,9,16	66	3
5302	08:05.905	16	1,2,3,4,5	5	2
5303	08:06.029	4	2,3,5,7,8,9,10,11,16	57	4
5304	08:06.031	16	1,2,3,4,5	5	2
5305	08:06.763	11	4,5,8,9,10,14,15	57	2
5306	08:06.765	5	2,3,4,8,9,10,11,16	5	3
5307	08:06.778	5	2,3,4,8,9,10,11,16	66	3
5308	08:06.781	16	1,2,3,4,5	5	2
5309	08:07.258	3	2,4,5,6,7,8,9,10,16	57	4
5310	08:07.260	16	1,2,3,4,5	5	2
5311	08:08.218	2	3,4,5,6,7,8,9,16	57	3
5312	08:08.220	16	1,2,3,4,5	5	2
5313	08:08.848	5	2,3,4,8,9,10,11,16	57	3
5314	08:08.850	16	1,2,3,4,5	5	2
5315	08:09.089	10	3,4,5,7,8,9,11,13,14,15	97	2
5316	08:09.244	9	2,3,4,5,6,7,8,10,11,12,13,14,15	57	1
5317	08:09.246	5	2,3,4,8,9,10,11,16	5	3
5318	08:09.266	2	3,4,5,6,7,8,9,16	102	3
5319	08:09.270	5	2,3,4,8,9,10,11,16	5	3
5320	08:09.277	5	2,3,4,8,9,10,11,16	66	3
5321	08:09.280	16	1,2,3,4,5	5	2
5322	08:10.543	12	6,7,8,9,13,14,15	57	3
5323	08:10.545	8	2,3,4,5,6,7,9,10,11,12,13,14,15	5	1
5324	08:10.554	8	2,3,4,5,6,7,9,10,11,12,13,14,15	66	1
5325	08:10.557	5	2,3,4,8,9,10,11,16	5	3
5326	08:10.584	5	2,3,4,8,9,10,11,16	66	3
5327	08:10.587	16	1,2,3,4,5	5	2
5328	08:10.671	8	2,3,4,5,6,7,9,10,11,12,13,14,15	57	1
5329	08:10.673	5	2,3,4,8,9,10,11,16	5	3
5330	08:10.701	5	2,3,4,8,9,10,11,16	66	3
5331	08:10.704	16	1,2,3,4,5	5	2
5332	08:12.873	10	3,4,5,7,8,9,11,13,14,15	57	2
5333	08:12.875	5	2,3,4,8,9,10,11,16	5	3
5334	08:12.890	5	2,3,4,8,9,10,11,16	66	3
5335	08:12.893	16	1,2,3,4,5	5	2
5336	08:13.649	7	2,3,4,6,8,9,10,12,13,14	57	2
5337	08:13.651	4	2,3,5,7,8,9,10,11,16	5	4
5338	08:13.664	4	2,3,5,7,8,9,10,11,16	66	4
5339	08:13.667	16	1,2,3,4,5	5	2
5340	08:13.795	15	8,9,10,11,12,13,14	57	3
5341	08:13.797	11	4,5,8,9,10,14,15	5	2
5342	08:13.806	11	4,5,8,9,10,14,15	66	2
5343	08:13.809	5	2,3,4,8,9,10,11,16	5	3
5344	08:13.821	5	2,3,4,8,9,10,11,16	66	3
5345	08:13.824	16	1,2,3,4,5	5	2
5346	08:14.300	13	6,7,8,9,10,12,14,15	57	4
5347	08:14.302	10	3,4,5,7,8,9,11,13,14,15	5	2
5348	08:14.305	10	3,4,5,7,8,9,11,13,14,15	66	2
5349	08:14.308	5	2,3,4,8,9,10,11,16	5	3
5350	08:14.318	5	2,3,4,8,9,10,11,16	66	3
5351	08:14.321	16	1,2,3,4,5	5	2
5352	08:14.805	7	2,3,4,6,8,9,10,12,13,14	102	2
5353	08:14.809	3	2,4,5,6,7,8,9,10,16	5	4
5354	08:15.548	6	2,3,7,8,9,12,13	57	2
5355	08:15.550	2	3,4,5,6,7,8,9,16	5	3
5356	08:15.553	2	3,4,5,6,7,8,9,16	66	3
5357	08:15.556	16	1,2,3,4,5	5	2
5358	08:16.551	4	2,3,5,7,8,9,10,11,16	57	4
5359	08:16.553	16	1,2,3,4,5	5	2
5360	08:16.789	14	7,8,9,10,11,12,13,15	57	4
5361	08:16.791	11	4,5,8,9,10,14,15	5	2
5362	08:16.821	11	4,5,8,9,10,14,15	66	2
5363	08:16.824	5	2,3,4,8,9,10,11,16	5	3
5364	08:16.857	5	2,3,4,8,9,10,11,16	66	3
5365	08:16.860	16	1,2,3,4,5	5	2
5366	08:17.086	11	4,5,8,9,10,14,15	57	2
5367	08:17.088	5	2,3,4,8,9,10,11,16	5	3
5368	08:17.118	5	2,3,4,8,9,10,11,16	66	3
5369	08:17.121	16	1,2,3,4,5	5	2
5370	08:17.632	12	6,7,8,9,13,14,15	102	3
5371	08:17.636	9	2,3,4,5,6,7,8,10,11,12,13,14,15	5	1
5372	08:17.752	3	2,4,5,6,7,8,9,10,16	57	4
5373	08:17.754	16	1,2,3,4,5	5	2
5374	08:18.169	5	2,3,4,8,9,10,11,16	57	3
5375	08:18.171	16	1,2,3,4,5	5	2
5376	08:18.899	9	2,3,4,5,6,7,8,10,11,12,13,14,15	57	1
5377	08:18.901	5	2,3,4,8,9,10,11,16	5	3
5378	08:18.921	5	2,3,4,8,9,10,11,16	66	3
5379	08:18.924	16	1,2,3,4,5	5	2
5380	08:19.126	2	3,4,5,6,7,8,9,16	57	3
5381	08:19.128	16	1,2,3,4,5	5	2
5382	08:19.710	8	2,3,4,5,6,7,9,10,11,12,13,14,15	57	1
5383	08:19.712	5	2,3,4,8,9,10,11,16	5	3
5384	08:19.720	5	2,3,4,8,9,10,11,16	66	3
5385	08:19.723	16	1,2,3,4,5	5	2
5386	08:20.299	12	6,7,8,9,13,14,15	57	3
5387	08:20.301	8	2,3,4,5,6,7,9,10,11,12,13,14,15	5	1
5388	08:20.341	8	2,3,4,5,6,7,9,10,11,12,13,14,15	66	1
5389	08:20.344	5	2,3,4,8,9,10,11,16	5	3
5390	08:20.385	5	2,3,4,8,9,10,11,16	66	3
5391	08:20.388	16	1,2,3,4,5	5	2
5392	08:20.462	12	6,7,8,9,13,14,15	97	3
5393	08:21.635	11	4,5,8,9,10,14,15	97	2
5394	08:23.097	15	8,9,10,11,12,13,14	57	3
5395	08:23.099	11	4,5,8,9,10,14,15	5	2
5396	08:23.113	11	4,5,8,9,10,14,15	66	2
5397	08:23.116	5	2,3,4,8,9,10,11,16	5	3
5398	08:23.146	5	2,3,4,8,9,10,11,16	66	3
5399	08:23.149	16	1,2,3,4,5	5	2
5400	08:23.786	10	3,4,5,7,8,9,11,13,14,15	57	2
5401	08:23.788	5	2,3,4,8,9,10,11,16	5	3
5402	08:23.829	5	2,3,4,8,9,10,11,16	66	3
5403	08:23.832	16	1,2,3,4,5	5	2
5404	08:24.383	7	2,3,4,6,8,9,10,12,13,14	57	2
5405	08:24.385	4	2,3,5,7,8,9,10,11,16	5	4
5406	08:24.388	4	2,3,5,7,8,9,10,11,16	66	4
5407	08:24.391	16	1,2,3,4,5	5	2
5408	08:24.685	13	6,7,8,9,10,12,14,15	57	4
5409	08:24.687	10	3,4,5,7,8,9,11,13,14,15	5	2
5410	08:24.720	10	3,4,5,7,8,9,11,13,14,15	66	2
5411	08:24.723	5	2,3,4,8,9,10,11,16	5	3
5412	08:24.748	5	2,3,4,8,9,10,11,16	66	3
5413	08:24.751	16	1,2,3,4,5	5	2
5414	08:24.841	6	2,3,7,8,9,12,13	57	2
5415	08:24.843	2	3,4,5,6,7,8,9,16	5	3
5416	08:24.886	2	3,4,5,6,7,8,9,16	66	3
5417	08:24.889	16	1,2,3,4,5	5	2
5418	08:26.974	4	2,3,5,7,8,9,10,11,16	57	4
5419	08:26.976	16	1,2,3,4,5	5	2
5420	08:27.016	3	2,4,5,6,7,8,9,10,16	57	4
5421	08:27.018	16	1,2,3,4,5	5	2
5422	08:27.117	14	7,8,9,10,11,12,13,15	57	4
5423	08:27.119	11	4,5,8,9,10,14,15	5	2
5424	08:27.154	11	4,5,8,9,10,14,15	66	2
5425	08:27.157	5	2,3,4,8,9,10,11,16	5	3
5426	08:27.176	5	2,3,4,8,9,10,11,16	66	3
5427	08:27.179	16	1,2,3,4,5	5	2
5428	08:27.783	11	4,5,8,9,10,14,15	57	2
5429	08:27.785	5	2,3,4,8,9,10,11,16	5	3
5430	08:27.794	5	2,3,4,8,9,10,11,16	66	3
5431	08:27.797	16	1,2,3,4,5	5	2
5432	08:28.244	5	2,3,4,8,9,10,11,16	57	3
5433	08:28.246	16	1,2,3,4,5	5	2
5434	08:28.328	9	2,3,4,5,6,7,8,10,11,12,13,14,15	57	1
5435	08:28.330	5	2,3,4,8,9,10,11,16	5	3
5436	08:28.367	5	2,3,4,8,9,10,11,16	66	3
5437	08:28.370	16	1,2,3,4,5	5	2
5438	08:28.665	2	3,4,5,6,7,8,9,16	57	3
5439	08:28.667	16	1,2,3,4,5	5	2
5440	08:29.495	8	2,3,4,5,6,7,9,10,11,12,13,14,15	57	1
5441	08:29.497	5	2,3,4,8,9,10,11,16	5	3
5442	08:29.513	5	2,3,4,8,9,10,11,16	66	3
5443	08:29.516	16	1,2,3,4,5	5	2
5444	08:30.222	12	6,7,8,9,13,14,15	57	3
5445	08:30.224	8	2,3,4,5,6,7,9,10,11,12,13,14,15	5	1
5446	08:30.249	8	2,3,4,5,6,7,9,10,11,12,13,14,15	66	1
5447	08:30.252	5	2,3,4,8,9,10,11,16	5	3
5448	08:30.255	5	2,3,4,8,9,10,11,16	66	3
5449	08:30.258	16	1,2,3,4,5	5	2
5450	08:32.718	3	2,4,5,6,7,8,9,10,16	102	4
5451	08:32.722	4	2,3,5,7,8,9,10,11,16	5	4
5452	08:32.754	15	8,9,10,11,12,13,14	57	3
5453	08:32.756	11	4,5,8,9,10,14,15	5	2
5454	08:32.777	11	4,5,8,9,10,14,15	66	2
5455	08:32.780	5	2,3,4,8,9,10,11,16	5	3
5456	08:32.812	5	2,3,4,8,9,10,11,16	66	3
5457	08:32.815	16	1,2,3,4,5	5	2
5458	08:33.487	10	3,4,5,7,8,9,11,13,14,15	57	2
5459	08:33.489	5	2,3,4,8,9,10,11,16	5	3
5460	08:33.498	5	2,3,4,8,9,10,11,16	66	3
5461	08:33.501	16	1,2,3,4,5	5	2
5462	08:33.584	4	2,3,5,7,8,9,10,11,16	97	4
5463	08:34.950	13	6,7,8,9,10,12,14,15	57	4
5464	08:34.952	10	3,4,5,7,8,9,11,13,14,15	5	2
5465	08:34.959	10	3,4,5,7,8,9,11,13,14,15	66	2
5466	08:34.962	5	2,3,4,8,9,10,11,16	5	3
5467	08:34.969	5	2,3,4,8,9,10,11,16	66	3
5468	08:34.972	16	1,2,3,4,5	5	2
5469	08:35.335	7	2,3,4,6,8,9,10,12,13,14	57	2
5470	08:35.337	4	2,3,5,7,8,9,10,11,16	5	4
5471	08:35.355	4	2,3,5,7,8,9,10,11,16	66	4
5472	08:35.358	16	1,2,3,4,5	5	2
5473	08:35.613	6	2,3,7,8,9,12,13	57	2
5474	08:35.615	2	3,4,5,6,7,8,9,16	5	3
5475	08:35.650	2	3,4,5,6,7,8,9,16	66	3
5476	08:35.653	16	1,2,3,4,5	5	2
5477	08:36.747	4	2,3,5,7,8,9,10,11,16	57	4
5478	08:36.749	16	1,2,3,4,5	5	2
5479	08:36.980	13	6,7,8,9,10,12,14,15	102	4
5480	08:36.984	15	8,9,10,11,12,13,14	5	3
5481	08:37.261	3	2,4,5,6,7,8,9,10,16	57	4
5482	08:37.263	16	1,2,3,4,5	5	2
5483	08:37.698	14	7,8,9,10,11,12,13,15	57	4
5484	08:37.700	11	4,5,8,9,10,14,15	5	2
5485	08:37.738	11	4,5,8,9,10,14,15	66	2
5486	08:37.741	5	2,3,4,8,9,10,11,16	5	3
5487	08:37.772	5	2,3,4,8,9,10,11,16	66	3
5488	08:37.775	16	1,2,3,4,5	5	2
5489	08:38.299	5	2,3,4,8,9,10,11,16	57	3
5490	08:38.301	16	1,2,3,4,5	5	2
5491	08:38.516	11	4,5,8,9,10,14,15	57	2
5492	08:38.518	5	2,3,4,8,9,10,11,16	5	3
5493	08:38.546	5	2,3,4,8,9,10,11,16	66	3
5494	08:38.549	16	1,2,3,4,5	5	2
5495	08:38.568	8	2,3,4,5,6,7,9,10,11,12,13,14,15	57	1
5496	08:38.570	5	2,3,4,8,9,10,11,16	5	3
5497	08:38.605	5	2,3,4,8,9,10,11,16	66	3
5498	08:38.608	16	1,2,3,4,5	5	2
5499	08:38.709	9	2,3,4,5,6,7,8,10,11,12,13,14,15	57	1
5500	08:38.711	5	2,3,4,8,9,10,11,16	5	3
5501	08:38.724	5	2,3,4,8,9,10,11,16	66	3
5502	08:38.727	16	1,2,3,4,5	5	2
5503	08:38.966	2	3,4,5,6,7,8,9,16	57	3
5504	08:38.968	16	1,2,3,4,5	5	2
5505	08:39.897	12	6,7,8,9,13,14,15	57	3
5506	08:39.899	8	2,3,4,5,6,7,9,10,11,12,13,14,15	5	1
5507	08:39.914	8	2,3,4,5,6,7,9,10,11,12,13,14,15	66	1
5508	08:39.917	5	2,3,4,8,9,10,11,16	5	3
5509	08:39.958	5	2,3,4,8,9,10,11,16	66	3
5510	08:39.961	16	1,2,3,4,5	5	2
5511	08:40.271	13	6,7,8,9,10,12,14,15	97	4
5512	08:43.514	15	8,9,10,11,12,13,14	57	3
5513	08:43.516	11	4,5,8,9,10,14,15	5	2
5514	08:43.540	11	4,5,8,9,10,14,15	66	2
5515	08:43.543	5	2,3,4,8,9,10,11,16	5	3
5516	08:43.570	5	2,3,4,8,9,10,11,16	66	3
5517	08:43.573	16	1,2,3,4,5	5	2
5518	08:44.245	10	3,4,5,7,8,9,11,13,14,15	57	2
5519	08:44.247	5	2,3,4,8,9,10,11,16	5	3
5520	08:44.274	5	2,3,4,8,9,10,11,16	66	3
5521	08:44.277	16	1,2,3,4,5	5	2
5522	08:44.875	13	6,7,8,9,10,12,14,15	57	4
5523	08:44.877	10	3,4,5,7,8,9,11,13,14,15	5	2
5524	08:44.892	10	3,4,5,7,8,9,11,13,14,15	66	2
5525	08:44.895	5	2,3,4,8,9,10,11,16	5	3
5526	08:44.937	5	2,3,4,8,9,10,11,16	66	3
5527	08:44.940	16	1,2,3,4,5	5	2
5528	08:45.100	7	2,3,4,6,8,9,10,12,13,14	57	2
5529	08:45.102	4	2,3,5,7,8,9,10,11,16	5	4
5530	08:45.129	4	2,3,5,7,8,9,10,11,16	66	4
5531	08:45.132	16	1,2,3,4,5	5	2
5532	08:45.162	6	2,3,7,8,9,12,13	102	2
5533	08:45.166	9	2,3,4,5,6,7,8,10,11,12,13,14,15	5	1
5534	08:45.637	6	2,3,7,8,9,12,13	57	2
5535	08:45.639	2	3,4,5,6,7,8,9,16	5	3
5536	08:45.658	2	3,4,5,6,7,8,9,16	66	3
5537	08:45.661	16	1,2,3,4,5	5	2
5538	08:46.021	4	2,3,5,7,8,9,10,11,16	57	4
5539	08:46.023	16	1,2,3,4,5	5	2
5540	08:46.530	3	2,4,5,6,7,8,9,10,16	57	4
5541	08:46.532	16	1,2,3,4,5	5	2
5542	08:47.645	8	2,3,4,5,6,7,9,10,11,12,13,14,15	57	1
5543	08:47.647	5	2,3,4,8,9,10,11,16	5	3
5544	08:47.659	5	2,3,4,8,9,10,11,16	66	3
5545	08:47.662	16	1,2,3,4,5	5	2
5546	08:47.723	5	2,3,4,8,9,10,11,16	102	3
5547	08:47.727	4	2,3,5,7,8,9,10,11,16	5	4
5548	08:47.849	14	7,8,9,10,11,12,13,15	57	4
5549	08:47.851	11	4,5,8,9,10,14,15	5	2
5550	08:47.858	11	4,5,8,9,10,14,15	66	2
5551	08:47.861	5	2,3,4,8,9,10,11,16	5	3
5552	08:47.874	5	2,3,4,8,9,10,11,16	66	3
5553	08:47.877	16	1,2,3,4,5	5	2
5554	08:48.049	11	4,5,8,9,10,14,15	57	2
5555	08:48.051	5	2,3,4,8,9,10,11,16	5	3
5556	08:48.071	5	2,3,4,8,9,10,11,16	66	3
5557	08:48.074	16	1,2,3,4,5	5	2
5558	08:48.132	5	2,3,4,8,9,10,11,16	57	3
5559	08:48.134	16	1,2,3,4,5	5	2
5560	08:48.300	9	2,3,4,5,6,7,8,10,11,12,13,14,15	57	1
5561	08:48.302	5	2,3,4,8,9,10,11,16	5	3
5562	08:48.338	5	2,3,4,8,9,10,11,16	66	3
5563	08:48.341	16	1,2,3,4,5	5	2
5564	08:49.245	2	3,4,5,6,7,8,9,16	57	3
5565	08:49.247	16	1,2,3,4,5	5	2
5566	08:50.061	12	6,7,8,9,13,14,15	57	3
5567	08:50.063	8	2,3,4,5,6,7,9,10,11,12,13,14,15	5	1
5568	08:50.072	8	2,3,4,5,6,7,9,10,11,12,13,14,15	66	1
5569	08:50.075	5	2,3,4,8,9,10,11,16	5	3
5570	08:50.108	5	2,3,4,8,9,10,11,16	66	3
5571	08:50.111	16	1,2,3,4,5	5	2
5572	08:52.231	8	2,3,4,5,6,7,9,10,11,12,13,14,15	97	1
5573	08:53.624	10	3,4,5,7,8,9,11,13,14,15	57	2
5574	08:53.626	5	2,3,4,8,9,10,11,16	5	3
5575	08:53.639	5	2,3,4,8,9,10,11,16	66	3
5576	08:53.642	16	1,2,3,4,5	5	2
5577	08:54.306	15	8,9,10,11,12,13,14	57	3
5578	08:54.308	11	4,5,8,9,10,14,15	5	2
5579	08:54.343	11	4,5,8,9,10,14,15	66	2
5580	08:54.346	5	2,3,4,8,9,10,11,16	5	3
5581	08:54.360	5	2,3,4,8,9,10,11,16	66	3
5582	08:54.363	16	1,2,3,4,5	5	2
5583	08:54.768	13	6,7,8,9,10,12,14,15	57	4
5584	08:54.770	10	3,4,5,7,8,9,11,13,14,15	5	2
5585	08:54.784	10	3,4,5,7,8,9,11,13,14,15	66	2
5586	08:54.787	5	2,3,4,8,9,10,11,16	5	3
5587	08:54.824	5	2,3,4,8,9,10,11,16	66	3
5588	08:54.827	16	1,2,3,4,5	5	2
5589	08:55.052	6	2,3,7,8,9,12,13	57	2
5590	08:55.054	2	3,4,5,6,7,8,9,16	5	3
5591	08:55.076	2	3,4,5,6,7,8,9,16	66	3
5592	08:55.079	16	1,2,3,4,5	5	2
5593	08:55.165	7	2,3,4,6,8,9,10,12,13,14	57	2
5594	08:55.167	4	2,3,5,7,8,9,10,11,16	5	4
5595	08:55.195	4	2,3,5,7,8,9,10,11,16	66	4
5596	08:55.198	16	1,2,3,4,5	5	2
5597	08:55.338	4	2,3,5,7,8,9,10,11,16	57	4
5598	08:55.340	16	1,2,3,4,5	5	2
5599	08:56.719	3	2,4,5,6,7,8,9,10,16	57	4
5600	08:56.721	16	1,2,3,4,5	5	2
5601	08:56.850	8	2,3,4,5,6,7,9,10,11,12,13,14,15	57	1
5602	08:56.852	5	2,3,4,8,9,10,11,16	5	3
5603	08:56.886	5	2,3,4,8,9,10,11,16	66	3
5604	08:56.889	16	1,2,3,4,5	5	2
5605	08:56.949	6	2,3,7,8,9,12,13	97	2
5606	08:57.103	11	4,5,8,9,10,14,15	57	2
5607	08:57.105	5	2,3,4,8,9,10,11,16	5	3
5608	08:57.112	5	2,3,4,8,9,10,11,16	66	3
5609	08:57.115	16	1,2,3,4,5	5	2
5610	08:57.571	14	7,8,9,10,11,12,13,15	57	4
5611	08:57.573	11	4,5,8,9,10,14,15	5	2
5612	08:57.593	11	4,5,8,9,10,14,15	66	2
5613	08:57.596	5	2,3,4,8,9,10,11,16	5	3
5614	08:57.625	5	2,3,4,8,9,10,11,16	66	3
5615	08:57.628	16	1,2,3,4,5	5	2
5616	08:57.837	5	2,3,4,8,9,10,11,16	57	3
5617	08:57.839	16	1,2,3,4,5	5	2
5618	08:58.761	2	3,4,5,6,7,8,9,16	57	3
5619	08:58.763	16	1,2,3,4,5	5	2
5620	08:58.805	9	2,3,4,5,6,7,8,10,11,12,13,14,15	57	1
5621	08:58.807	5	2,3,4,8,9,10,11,16	5	3
5622	08:58.819	5	2,3,4,8,9,10,11,16	66	3
5623	08:58.822	16	1,2,3,4,5	5	2
5624	08:59.233	12	6,7,8,9,13,14,15	57	3
5625	08:59.235	8	2,3,4,5,6,7,9,10,11,12,13,14,15	5	1
5626	08:59.258	8	2,3,4,5,6,7,9,10,11,12,13,14,15	66	1
5627	08:59.261	5	2,3,4,8,9,10,11,16	5	3
5628	08:59.273	5	2,3,4,8,9,10,11,16	66	3
5629	08:59.276	16	1,2,3,4,5	5	2
