Random seed: 123456
00:00.073	ID:8	[INFO: Main      ] Starting Contiki-NG-release/v5.1-199-g2d20e000c-dirty
00:00.073	ID:8	[INFO: Main      ] - Routing: RPL Lite
00:00.073	ID:8	[INFO: Main      ] - Net: sicslowpan
00:00.073	ID:8	[INFO: Main      ] - MAC: CSMA
00:00.073	ID:8	[INFO: Main      ] - 802.15.4 PANID: 0xabcd
00:00.073	ID:8	[INFO: Main      ] - 802.15.4 Default channel: 26
00:00.073	ID:8	[INFO: Main      ] Node ID: 8
00:00.073	ID:8	[INFO: Main      ] Link-layer address: 0008.0008.0008.0008
00:00.073	ID:8	[INFO: Main      ] Tentative link-local IPv6 address: fe80::208:8:8:8
00:00.190	ID:11	[INFO: Main      ] Starting Contiki-NG-release/v5.1-199-g2d20e000c-dirty
00:00.190	ID:11	[INFO: Main      ] - Routing: RPL Lite
00:00.190	ID:11	[INFO: Main      ] - Net: sicslowpan
00:00.190	ID:11	[INFO: Main      ] - MAC: CSMA
00:00.190	ID:11	[INFO: Main      ] - 802.15.4 PANID: 0xabcd
00:00.190	ID:11	[INFO: Main      ] - 802.15.4 Default channel: 26
00:00.190	ID:11	[INFO: Main      ] Node ID: 11
00:00.190	ID:11	[INFO: Main      ] Link-layer address: 000b.000b.000b.000b
00:00.190	ID:11	[INFO: Main      ] Tentative link-local IPv6 address: fe80::20b:b:b:b
00:00.236	ID:2	[INFO: Main      ] Starting Contiki-NG-release/v5.1-199-g2d20e000c-dirty
00:00.236	ID:2	[INFO: Main      ] - Routing: RPL Lite
00:00.236	ID:2	[INFO: Main      ] - Net: sicslowpan
00:00.236	ID:2	[INFO: Main      ] - MAC: CSMA
00:00.236	ID:2	[INFO: Main      ] - 802.15.4 PANID: 0xabcd
00:00.236	ID:2	[INFO: Main      ] - 802.15.4 Default channel: 26
00:00.236	ID:2	[INFO: Main      ] Node ID: 2
00:00.236	ID:2	[INFO: Main      ] Link-layer address: 0002.0002.0002.0002
00:00.236	ID:2	[INFO: Main      ] Tentative link-local IPv6 address: fe80::202:2:2:2
00:00.250	ID:6	[INFO: Main      ] Starting Contiki-NG-release/v5.1-199-g2d20e000c-dirty
00:00.250	ID:6	[INFO: Main      ] - Routing: RPL Lite
00:00.250	ID:6	[INFO: Main      ] - Net: sicslowpan
00:00.250	ID:6	[INFO: Main      ] - MAC: CSMA
00:00.250	ID:6	[INFO: Main      ] - 802.15.4 PANID: 0xabcd
00:00.250	ID:6	[INFO: Main      ] - 802.15.4 Default channel: 26
00:00.250	ID:6	[INFO: Main      ] Node ID: 6
00:00.250	ID:6	[INFO: Main      ] Link-layer address: 0006.0006.0006.0006
00:00.250	ID:6	[INFO: Main      ] Tentative link-local IPv6 address: fe80::206:6:6:6
00:00.348	ID:4	[INFO: Main      ] Starting Contiki-NG-release/v5.1-199-g2d20e000c-dirty
00:00.348	ID:4	[INFO: Main      ] - Routing: RPL Lite
00:00.348	ID:4	[INFO: Main      ] - Net: sicslowpan
00:00.348	ID:4	[INFO: Main      ] - MAC: CSMA
00:00.348	ID:4	[INFO: Main      ] - 802.15.4 PANID: 0xabcd
00:00.348	ID:4	[INFO: Main      ] - 802.15.4 Default channel: 26
00:00.348	ID:4	[INFO: Main      ] Node ID: 4
00:00.348	ID:4	[INFO: Main      ] Link-layer address: 0004.0004.0004.0004
00:00.348	ID:4	[INFO: Main      ] Tentative link-local IPv6 address: fe80::204:4:4:4
00:00.382	ID:1	[INFO: Main      ] Starting Contiki-NG-release/v5.1-199-g2d20e000c-dirty
00:00.382	ID:1	[INFO: Main      ] - Routing: RPL Lite
00:00.382	ID:1	[INFO: Main      ] - Net: sicslowpan
00:00.382	ID:1	[INFO: Main      ] - MAC: CSMA
00:00.382	ID:1	[INFO: Main      ] - 802.15.4 PANID: 0xabcd
00:00.382	ID:1	[INFO: Main      ] - 802.15.4 Default channel: 26
00:00.382	ID:1	[INFO: Main      ] Node ID: 1
00:00.382	ID:1	[INFO: Main      ] Link-layer address: 0001.0001.0001.0001
00:00.382	ID:1	[INFO: Main      ] Tentative link-local IPv6 address: fe80::201:1:1:1
00:00.402	ID:7	[INFO: Main      ] Starting Contiki-NG-release/v5.1-199-g2d20e000c-dirty
00:00.402	ID:7	[INFO: Main      ] - Routing: RPL Lite
00:00.402	ID:7	[INFO: Main      ] - Net: sicslowpan
00:00.402	ID:7	[INFO: Main      ] - MAC: CSMA
00:00.402	ID:7	[INFO: Main      ] - 802.15.4 PANID: 0xabcd
00:00.402	ID:7	[INFO: Main      ] - 802.15.4 Default channel: 26
00:00.402	ID:7	[INFO: Main      ] Node ID: 7
00:00.402	ID:7	[INFO: Main      ] Link-layer address: 0007.0007.0007.0007
00:00.402	ID:7	[INFO: Main      ] Tentative link-local IPv6 address: fe80::207:7:7:7
00:00.450	ID:14	[INFO: Main      ] Starting Contiki-NG-release/v5.1-199-g2d20e000c-dirty
00:00.450	ID:14	[INFO: Main      ] - Routing: RPL Lite
00:00.450	ID:14	[INFO: Main      ] - Net: sicslowpan
00:00.450	ID:14	[INFO: Main      ] - MAC: CSMA
00:00.450	ID:14	[INFO: Main      ] - 802.15.4 PANID: 0xabcd
00:00.450	ID:14	[INFO: Main      ] - 802.15.4 Default channel: 26
00:00.450	ID:14	[INFO: Main      ] Node ID: 14
00:00.450	ID:14	[INFO: Main      ] Link-layer address: 000e.000e.000e.000e
00:00.450	ID:14	[INFO: Main      ] Tentative link-local IPv6 address: fe80::20e:e:e:e
00:00.462	ID:15	[INFO: Main      ] Starting Contiki-NG-release/v5.1-199-g2d20e000c-dirty
00:00.462	ID:15	[INFO: Main      ] - Routing: RPL Lite
00:00.462	ID:15	[INFO: Main      ] - Net: sicslowpan
00:00.462	ID:15	[INFO: Main      ] - MAC: CSMA
00:00.462	ID:15	[INFO: Main      ] - 802.15.4 PANID: 0xabcd
00:00.462	ID:15	[INFO: Main      ] - 802.15.4 Default channel: 26
00:00.462	ID:15	[INFO: Main      ] Node ID: 15
00:00.462	ID:15	[INFO: Main      ] Link-layer address: 000f.000f.000f.000f
00:00.462	ID:15	[INFO: Main      ] Tentative link-local IPv6 address: fe80::20f:f:f:f
00:00.473	ID:16	[INFO: Main      ] Starting Contiki-NG-release/v5.1-199-g2d20e000c-dirty
00:00.473	ID:16	[INFO: Main      ] - Routing: RPL Lite
00:00.473	ID:16	[INFO: Main      ] - Net: sicslowpan
00:00.473	ID:16	[INFO: Main      ] - MAC: CSMA
00:00.473	ID:16	[INFO: Main      ] - 802.15.4 PANID: 0xabcd
00:00.473	ID:16	[INFO: Main      ] - 802.15.4 Default channel: 26
00:00.473	ID:16	[INFO: Main      ] Node ID: 16
00:00.473	ID:16	[INFO: Main      ] Link-layer address: 0010.0010.0010.0010
00:00.473	ID:16	[INFO: Main      ] Tentative link-local IPv6 address: fe80::210:10:10:10
00:00.473	ID:16	[INFO: BLACKHOLE ] BLACKHOLE ROUTER: started, attack disabled
00:00.556	ID:10	[INFO: Main      ] Starting Contiki-NG-release/v5.1-199-g2d20e000c-dirty
00:00.556	ID:10	[INFO: Main      ] - Routing: RPL Lite
00:00.556	ID:10	[INFO: Main      ] - Net: sicslowpan
00:00.556	ID:10	[INFO: Main      ] - MAC: CSMA
00:00.556	ID:10	[INFO: Main      ] - 802.15.4 PANID: 0xabcd
00:00.556	ID:10	[INFO: Main      ] - 802.15.4 Default channel: 26
00:00.556	ID:10	[INFO: Main      ] Node ID: 10
00:00.556	ID:10	[INFO: Main      ] Link-layer address: 000a.000a.000a.000a
00:00.556	ID:10	[INFO: Main      ] Tentative link-local IPv6 address: fe80::20a:a:a:a
00:00.594	ID:12	[INFO: Main      ] Starting Contiki-NG-release/v5.1-199-g2d20e000c-dirty
00:00.594	ID:12	[INFO: Main      ] - Routing: RPL Lite
00:00.594	ID:12	[INFO: Main      ] - Net: sicslowpan
00:00.594	ID:12	[INFO: Main      ] - MAC: CSMA
00:00.594	ID:12	[INFO: Main      ] - 802.15.4 PANID: 0xabcd
00:00.594	ID:12	[INFO: Main      ] - 802.15.4 Default channel: 26
00:00.594	ID:12	[INFO: Main      ] Node ID: 12
00:00.594	ID:12	[INFO: Main      ] Link-layer address: 000c.000c.000c.000c
00:00.594	ID:12	[INFO: Main      ] Tentative link-local IPv6 address: fe80::20c:c:c:c
00:00.708	ID:9	[INFO: Main      ] Starting Contiki-NG-release/v5.1-199-g2d20e000c-dirty
00:00.708	ID:9	[INFO: Main      ] - Routing: RPL Lite
00:00.708	ID:9	[INFO: Main      ] - Net: sicslowpan
00:00.708	ID:9	[INFO: Main      ] - MAC: CSMA
00:00.708	ID:9	[INFO: Main      ] - 802.15.4 PANID: 0xabcd
00:00.708	ID:9	[INFO: Main      ] - 802.15.4 Default channel: 26
00:00.708	ID:9	[INFO: Main      ] Node ID: 9
00:00.708	ID:9	[INFO: Main      ] Link-layer address: 0009.0009.0009.0009
00:00.708	ID:9	[INFO: Main      ] Tentative link-local IPv6 address: fe80::209:9:9:9
00:00.715	ID:5	[INFO: Main      ] Starting Contiki-NG-release/v5.1-199-g2d20e000c-dirty
00:00.715	ID:5	[INFO: Main      ] - Routing: RPL Lite
00:00.715	ID:5	[INFO: Main      ] - Net: sicslowpan
00:00.715	ID:5	[INFO: Main      ] - MAC: CSMA
00:00.715	ID:5	[INFO: Main      ] - 802.15.4 PANID: 0xabcd
00:00.715	ID:5	[INFO: Main      ] - 802.15.4 Default channel: 26
00:00.715	ID:5	[INFO: Main      ] Node ID: 5
00:00.715	ID:5	[INFO: Main      ] Link-layer address: 0005.0005.0005.0005
00:00.715	ID:5	[INFO: Main      ] Tentative link-local IPv6 address: fe80::205:5:5:5
00:00.884	ID:13	[INFO: Main      ] Starting Contiki-NG-release/v5.1-199-g2d20e000c-dirty
00:00.884	ID:13	[INFO: Main      ] - Routing: RPL Lite
00:00.884	ID:13	[INFO: Main      ] - Net: sicslowpan
00:00.884	ID:13	[INFO: Main      ] - MAC: CSMA
00:00.884	ID:13	[INFO: Main      ] - 802.15.4 PANID: 0xabcd
00:00.884	ID:13	[INFO: Main      ] - 802.15.4 Default channel: 26
00:00.884	ID:13	[INFO: Main      ] Node ID: 13
00:00.884	ID:13	[INFO: Main      ] Link-layer address: 000d.000d.000d.000d
00:00.884	ID:13	[INFO: Main      ] Tentative link-local IPv6 address: fe80::20d:d:d:d
00:00.899	ID:3	[INFO: Main      ] Starting Contiki-NG-release/v5.1-199-g2d20e000c-dirty
00:00.899	ID:3	[INFO: Main      ] - Routing: RPL Lite
00:00.899	ID:3	[INFO: Main      ] - Net: sicslowpan
00:00.899	ID:3	[INFO: Main      ] - MAC: CSMA
00:00.899	ID:3	[INFO: Main      ] - 802.15.4 PANID: 0xabcd
00:00.899	ID:3	[INFO: Main      ] - 802.15.4 Default channel: 26
00:00.899	ID:3	[INFO: Main      ] Node ID: 3
00:00.899	ID:3	[INFO: Main      ] Link-layer address: 0003.0003.0003.0003
00:00.899	ID:3	[INFO: Main      ] Tentative link-local IPv6 address: fe80::203:3:3:3
00:03.581	ID:3	[INFO: App       ] Not reachable yet
00:03.813	ID:2	[INFO: App       ] Not reachable yet
00:04.142	ID:7	[INFO: App       ] Not reachable yet
00:04.235	ID:8	[INFO: App       ] Not reachable yet
00:04.453	ID:13	[INFO: App       ] Not reachable yet
00:04.774	ID:11	[INFO: App       ] Not reachable yet
00:05.794	ID:5	[INFO: App       ] Not reachable yet
00:07.322	ID:12	[INFO: App       ] Not reachable yet
00:07.461	ID:4	[INFO: App       ] Not reachable yet
00:08.272	ID:10	[INFO: App       ] Not reachable yet
00:08.851	ID:14	[INFO: App       ] Not reachable yet
00:09.093	ID:6	[INFO: App       ] Not reachable yet
00:09.848	ID:15	[INFO: App       ] Not reachable yet
00:10.241	ID:9	[INFO: App       ] Not reachable yet
00:13.292	ID:3	[INFO: App       ] Not reachable yet
00:13.300	ID:7	[INFO: App       ] Not reachable yet
00:14.258	ID:2	[INFO: App       ] Not reachable yet
00:14.264	ID:13	[INFO: App       ] Not reachable yet
00:14.374	ID:8	[INFO: App       ] Not reachable yet
00:14.579	ID:11	[INFO: App       ] Not reachable yet
00:15.933	ID:5	[INFO: App       ] Not reachable yet
00:17.631	ID:12	[INFO: App       ] Not reachable yet
00:17.807	ID:4	[INFO: App       ] Not reachable yet
00:19.105	ID:10	[INFO: App       ] Not reachable yet
00:19.111	ID:6	[INFO: App       ] Not reachable yet
00:19.463	ID:9	[INFO: App       ] Not reachable yet
00:19.841	ID:14	[INFO: App       ] Not reachable yet
00:19.861	ID:15	[INFO: App       ] Not reachable yet
00:22.558	ID:7	[INFO: App       ] Not reachable yet
00:22.925	ID:3	[INFO: App       ] Not reachable yet
00:23.736	ID:13	[INFO: App       ] Not reachable yet
00:24.200	ID:11	[INFO: App       ] Not reachable yet
00:24.934	ID:2	[INFO: App       ] Not reachable yet
00:25.167	ID:8	[INFO: App       ] Not reachable yet
00:25.697	ID:5	[INFO: App       ] Not reachable yet
00:27.178	ID:4	[INFO: App       ] Not reachable yet
00:27.314	ID:12	[INFO: App       ] Not reachable yet
00:28.915	ID:15	[INFO: App       ] Not reachable yet
00:28.918	ID:6	[INFO: App       ] Not reachable yet
00:29.254	ID:9	[INFO: App       ] Not reachable yet
00:29.306	ID:14	[INFO: App       ] Not reachable yet
00:29.482	ID:10	[INFO: App       ] Not reachable yet
00:32.896	ID:3	[INFO: App       ] Tx/Rx/MissedTx: 0/0/0
00:32.896	ID:3	[INFO: App       ] Sending request 0 to fd00::201:1:1:1
00:32.944	ID:1	[INFO: App       ] Received request 'hello 0' from fd00::203:3:3:3
00:32.944	ID:1	[INFO: App       ] Sending response.
00:32.985	ID:3	[INFO: App       ] Received response 'hello 0' from fd00::201:1:1:1
00:33.390	ID:13	[INFO: App       ] Not reachable yet
00:33.516	ID:7	[INFO: App       ] Not reachable yet
00:34.806	ID:11	[INFO: App       ] Not reachable yet
00:35.038	ID:5	[INFO: App       ] Tx/Rx/MissedTx: 0/0/0
00:35.038	ID:5	[INFO: App       ] Sending request 0 to fd00::201:1:1:1
00:35.083	ID:1	[INFO: App       ] Received request 'hello 0' from fd00::205:5:5:5
00:35.083	ID:1	[INFO: App       ] Sending response.
00:35.126	ID:5	[INFO: App       ] Received response 'hello 0' from fd00::201:1:1:1
00:35.671	ID:2	[INFO: App       ] Tx/Rx/MissedTx: 0/0/0
00:35.671	ID:2	[INFO: App       ] Sending request 0 to fd00::201:1:1:1
00:35.721	ID:1	[INFO: App       ] Received request 'hello 0' from fd00::202:2:2:2
00:35.721	ID:1	[INFO: App       ] Sending response.
00:35.792	ID:2	[INFO: App       ] Received response 'hello 0' from fd00::201:1:1:1
00:35.976	ID:8	[INFO: App       ] Not reachable yet
00:37.134	ID:4	[INFO: App       ] Tx/Rx/MissedTx: 0/0/0
00:37.134	ID:4	[INFO: App       ] Sending request 0 to fd00::201:1:1:1
00:37.193	ID:1	[INFO: App       ] Received request 'hello 0' from fd00::204:4:4:4
00:37.193	ID:1	[INFO: App       ] Sending response.
00:37.232	ID:12	[INFO: App       ] Not reachable yet
00:37.265	ID:4	[INFO: App       ] Received response 'hello 0' from fd00::201:1:1:1
00:38.244	ID:6	[INFO: App       ] Not reachable yet
00:38.442	ID:14	[INFO: App       ] Not reachable yet
00:38.448	ID:15	[INFO: App       ] Not reachable yet
00:39.142	ID:9	[INFO: App       ] Not reachable yet
00:39.862	ID:10	[INFO: App       ] Tx/Rx/MissedTx: 0/0/0
00:39.862	ID:10	[INFO: App       ] Sending request 0 to fd00::201:1:1:1
00:39.955	ID:1	[INFO: App       ] Received request 'hello 0' from fd00::20a:a:a:a
00:39.955	ID:1	[INFO: App       ] Sending response.
00:40.033	ID:10	[INFO: App       ] Received response 'hello 0' from fd00::201:1:1:1
00:42.411	ID:13	[INFO: App       ] Not reachable yet
00:43.241	ID:3	[INFO: App       ] Sending request 1 to fd00::201:1:1:1
00:43.301	ID:1	[INFO: App       ] Received request 'hello 1' from fd00::203:3:3:3
00:43.301	ID:1	[INFO: App       ] Sending response.
00:43.336	ID:3	[INFO: App       ] Received response 'hello 1' from fd00::201:1:1:1
00:43.897	ID:7	[INFO: App       ] Not reachable yet
00:44.260	ID:5	[INFO: App       ] Sending request 1 to fd00::201:1:1:1
00:44.298	ID:1	[INFO: App       ] Received request 'hello 1' from fd00::205:5:5:5
00:44.298	ID:1	[INFO: App       ] Sending response.
00:44.328	ID:5	[INFO: App       ] Received response 'hello 1' from fd00::201:1:1:1
00:45.195	ID:11	[INFO: App       ] Tx/Rx/MissedTx: 0/0/0
00:45.195	ID:11	[INFO: App       ] Sending request 0 to fd00::201:1:1:1
00:45.281	ID:1	[INFO: App       ] Received request 'hello 0' from fd00::20b:b:b:b
00:45.281	ID:1	[INFO: App       ] Sending response.
00:45.417	ID:11	[INFO: App       ] Received response 'hello 0' from fd00::201:1:1:1
00:45.510	ID:8	[INFO: App       ] Tx/Rx/MissedTx: 0/0/0
00:45.510	ID:8	[INFO: App       ] Sending request 0 to fd00::201:1:1:1
00:45.561	ID:1	[INFO: App       ] Received request 'hello 0' from fd00::208:8:8:8
00:45.561	ID:1	[INFO: App       ] Sending response.
00:45.680	ID:8	[INFO: App       ] Received response 'hello 0' from fd00::201:1:1:1
00:46.159	ID:2	[INFO: App       ] Sending request 1 to fd00::201:1:1:1
00:46.226	ID:1	[INFO: App       ] Received request 'hello 1' from fd00::202:2:2:2
00:46.226	ID:1	[INFO: App       ] Sending response.
00:46.260	ID:2	[INFO: App       ] Received response 'hello 1' from fd00::201:1:1:1
00:46.287	ID:4	[INFO: App       ] Sending request 1 to fd00::201:1:1:1
00:46.361	ID:1	[INFO: App       ] Received request 'hello 1' from fd00::204:4:4:4
00:46.361	ID:1	[INFO: App       ] Sending response.
00:46.414	ID:4	[INFO: App       ] Received response 'hello 1' from fd00::201:1:1:1
00:47.696	ID:14	[INFO: App       ] Not reachable yet
00:47.745	ID:12	[INFO: App       ] Not reachable yet
00:47.975	ID:6	[INFO: App       ] Tx/Rx/MissedTx: 0/0/0
00:47.975	ID:6	[INFO: App       ] Sending request 0 to fd00::201:1:1:1
00:48.012	ID:1	[INFO: App       ] Received request 'hello 0' from fd00::206:6:6:6
00:48.012	ID:1	[INFO: App       ] Sending response.
00:48.104	ID:6	[INFO: App       ] Received response 'hello 0' from fd00::201:1:1:1
00:48.410	ID:9	[INFO: App       ] Tx/Rx/MissedTx: 0/0/0
00:48.410	ID:9	[INFO: App       ] Sending request 0 to fd00::201:1:1:1
00:48.470	ID:1	[INFO: App       ] Received request 'hello 0' from fd00::209:9:9:9
00:48.470	ID:1	[INFO: App       ] Sending response.
00:48.538	ID:9	[INFO: App       ] Received response 'hello 0' from fd00::201:1:1:1
00:49.091	ID:15	[INFO: App       ] Not reachable yet
00:49.631	ID:10	[INFO: App       ] Sending request 1 to fd00::201:1:1:1
00:49.672	ID:1	[INFO: App       ] Received request 'hello 1' from fd00::20a:a:a:a
00:49.672	ID:1	[INFO: App       ] Sending response.
00:49.763	ID:10	[INFO: App       ] Received response 'hello 1' from fd00::201:1:1:1
00:52.503	ID:13	[INFO: App       ] Not reachable yet
00:52.562	ID:3	[INFO: App       ] Sending request 2 to fd00::201:1:1:1
00:52.629	ID:1	[INFO: App       ] Received request 'hello 2' from fd00::203:3:3:3
00:52.629	ID:1	[INFO: App       ] Sending response.
00:52.664	ID:3	[INFO: App       ] Received response 'hello 2' from fd00::201:1:1:1
00:53.563	ID:7	[INFO: App       ] Tx/Rx/MissedTx: 0/0/0
00:53.563	ID:7	[INFO: App       ] Sending request 0 to fd00::201:1:1:1
00:53.629	ID:1	[INFO: App       ] Received request 'hello 0' from fd00::207:7:7:7
00:53.629	ID:1	[INFO: App       ] Sending response.
00:53.693	ID:7	[INFO: App       ] Received response 'hello 0' from fd00::201:1:1:1
00:54.385	ID:5	[INFO: App       ] Sending request 2 to fd00::201:1:1:1
00:54.432	ID:1	[INFO: App       ] Received request 'hello 2' from fd00::205:5:5:5
00:54.432	ID:1	[INFO: App       ] Sending response.
00:54.477	ID:5	[INFO: App       ] Received response 'hello 2' from fd00::201:1:1:1
00:54.967	ID:11	[INFO: App       ] Sending request 1 to fd00::201:1:1:1
00:55.016	ID:1	[INFO: App       ] Received request 'hello 1' from fd00::20b:b:b:b
00:55.016	ID:1	[INFO: App       ] Sending response.
00:55.119	ID:11	[INFO: App       ] Received response 'hello 1' from fd00::201:1:1:1
00:56.110	ID:8	[INFO: App       ] Sending request 1 to fd00::201:1:1:1
00:56.206	ID:1	[INFO: App       ] Received request 'hello 1' from fd00::208:8:8:8
00:56.206	ID:1	[INFO: App       ] Sending response.
00:56.314	ID:8	[INFO: App       ] Received response 'hello 1' from fd00::201:1:1:1
00:56.377	ID:2	[INFO: App       ] Sending request 2 to fd00::201:1:1:1
00:56.417	ID:1	[INFO: App       ] Received request 'hello 2' from fd00::202:2:2:2
00:56.417	ID:1	[INFO: App       ] Sending response.
00:56.445	ID:2	[INFO: App       ] Received response 'hello 2' from fd00::201:1:1:1
00:56.568	ID:4	[INFO: App       ] Sending request 2 to fd00::201:1:1:1
00:56.597	ID:1	[INFO: App       ] Received request 'hello 2' from fd00::204:4:4:4
00:56.597	ID:1	[INFO: App       ] Sending response.
00:56.626	ID:4	[INFO: App       ] Received response 'hello 2' from fd00::201:1:1:1
00:57.191	ID:12	[INFO: App       ] Tx/Rx/MissedTx: 0/0/0
00:57.191	ID:12	[INFO: App       ] Sending request 0 to fd00::201:1:1:1
00:57.298	ID:1	[INFO: App       ] Received request 'hello 0' from fd00::20c:c:c:c
00:57.298	ID:1	[INFO: App       ] Sending response.
00:57.440	ID:12	[INFO: App       ] Received response 'hello 0' from fd00::201:1:1:1
00:58.024	ID:6	[INFO: App       ] Sending request 1 to fd00::201:1:1:1
00:58.084	ID:1	[INFO: App       ] Received request 'hello 1' from fd00::206:6:6:6
00:58.084	ID:1	[INFO: App       ] Sending response.
00:58.127	ID:6	[INFO: App       ] Received response 'hello 1' from fd00::201:1:1:1
00:58.443	ID:14	[INFO: App       ] Tx/Rx/MissedTx: 0/0/0
00:58.443	ID:14	[INFO: App       ] Sending request 0 to fd00::201:1:1:1
00:58.517	ID:1	[INFO: App       ] Received request 'hello 0' from fd00::20e:e:e:e
00:58.517	ID:1	[INFO: App       ] Sending response.
00:58.602	ID:9	[INFO: App       ] Sending request 1 to fd00::201:1:1:1
00:58.686	ID:14	[INFO: App       ] Received response 'hello 0' from fd00::201:1:1:1
00:58.708	ID:1	[INFO: App       ] Received request 'hello 1' from fd00::209:9:9:9
00:58.708	ID:1	[INFO: App       ] Sending response.
00:58.772	ID:9	[INFO: App       ] Received response 'hello 1' from fd00::201:1:1:1
00:59.475	ID:15	[INFO: App       ] Tx/Rx/MissedTx: 0/0/0
00:59.475	ID:15	[INFO: App       ] Sending request 0 to fd00::201:1:1:1
00:59.542	ID:1	[INFO: App       ] Received request 'hello 0' from fd00::20f:f:f:f
00:59.542	ID:1	[INFO: App       ] Sending response.
00:59.665	ID:15	[INFO: App       ] Received response 'hello 0' from fd00::201:1:1:1
01:00.101	ID:10	[INFO: App       ] Sending request 2 to fd00::201:1:1:1
01:00.145	ID:1	[INFO: App       ] Received request 'hello 2' from fd00::20a:a:a:a
01:00.145	ID:1	[INFO: App       ] Sending response.
01:00.245	ID:10	[INFO: App       ] Received response 'hello 2' from fd00::201:1:1:1
01:02.177	ID:3	[INFO: App       ] Sending request 3 to fd00::201:1:1:1
01:02.205	ID:1	[INFO: App       ] Received request 'hello 3' from fd00::203:3:3:3
01:02.205	ID:1	[INFO: App       ] Sending response.
01:02.263	ID:3	[INFO: App       ] Received response 'hello 3' from fd00::201:1:1:1
01:03.310	ID:7	[INFO: App       ] Sending request 1 to fd00::201:1:1:1
01:03.325	ID:13	[INFO: App       ] Tx/Rx/MissedTx: 0/0/0
01:03.325	ID:13	[INFO: App       ] Sending request 0 to fd00::201:1:1:1
01:03.383	ID:1	[INFO: App       ] Received request 'hello 1' from fd00::207:7:7:7
01:03.383	ID:1	[INFO: App       ] Sending response.
01:03.430	ID:1	[INFO: App       ] Received request 'hello 0' from fd00::20d:d:d:d
01:03.430	ID:1	[INFO: App       ] Sending response.
01:03.472	ID:7	[INFO: App       ] Received response 'hello 1' from fd00::201:1:1:1
01:03.520	ID:13	[INFO: App       ] Received response 'hello 0' from fd00::201:1:1:1
01:04.975	ID:5	[INFO: App       ] Sending request 3 to fd00::201:1:1:1
01:05.011	ID:1	[INFO: App       ] Received request 'hello 3' from fd00::205:5:5:5
01:05.011	ID:1	[INFO: App       ] Sending response.
01:05.054	ID:5	[INFO: App       ] Received response 'hello 3' from fd00::201:1:1:1
01:05.506	ID:11	[INFO: App       ] Sending request 2 to fd00::201:1:1:1
01:05.543	ID:1	[INFO: App       ] Received request 'hello 2' from fd00::20b:b:b:b
01:05.543	ID:1	[INFO: App       ] Sending response.
01:05.637	ID:11	[INFO: App       ] Received response 'hello 2' from fd00::201:1:1:1
01:05.799	ID:8	[INFO: App       ] Sending request 2 to fd00::201:1:1:1
01:05.876	ID:1	[INFO: App       ] Received request 'hello 2' from fd00::208:8:8:8
01:05.876	ID:1	[INFO: App       ] Sending response.
01:05.960	ID:8	[INFO: App       ] Received response 'hello 2' from fd00::201:1:1:1
01:06.604	ID:4	[INFO: App       ] Sending request 3 to fd00::201:1:1:1
01:06.634	ID:1	[INFO: App       ] Received request 'hello 3' from fd00::204:4:4:4
01:06.634	ID:1	[INFO: App       ] Sending response.
01:06.673	ID:4	[INFO: App       ] Received response 'hello 3' from fd00::201:1:1:1
01:07.315	ID:2	[INFO: App       ] Sending request 3 to fd00::201:1:1:1
01:07.360	ID:12	[INFO: App       ] Sending request 1 to fd00::201:1:1:1
01:07.379	ID:1	[INFO: App       ] Received request 'hello 3' from fd00::202:2:2:2
01:07.379	ID:1	[INFO: App       ] Sending response.
01:07.413	ID:2	[INFO: App       ] Received response 'hello 3' from fd00::201:1:1:1
01:07.490	ID:1	[INFO: App       ] Received request 'hello 1' from fd00::20c:c:c:c
01:07.490	ID:1	[INFO: App       ] Sending response.
01:07.539	ID:14	[INFO: App       ] Sending request 1 to fd00::201:1:1:1
01:07.560	ID:12	[INFO: App       ] Received response 'hello 1' from fd00::201:1:1:1
01:07.693	ID:1	[INFO: App       ] Received request 'hello 1' from fd00::20e:e:e:e
01:07.693	ID:1	[INFO: App       ] Sending response.
01:07.776	ID:14	[INFO: App       ] Received response 'hello 1' from fd00::201:1:1:1
01:08.920	ID:6	[INFO: App       ] Sending request 2 to fd00::201:1:1:1
01:08.987	ID:9	[INFO: App       ] Sending request 2 to fd00::201:1:1:1
01:09.024	ID:1	[INFO: App       ] Received request 'hello 2' from fd00::206:6:6:6
01:09.024	ID:1	[INFO: App       ] Sending response.
01:09.068	ID:1	[INFO: App       ] Received request 'hello 2' from fd00::209:9:9:9
01:09.068	ID:1	[INFO: App       ] Sending response.
01:09.076	ID:6	[INFO: App       ] Received response 'hello 2' from fd00::201:1:1:1
01:09.124	ID:9	[INFO: App       ] Received response 'hello 2' from fd00::201:1:1:1
01:09.728	ID:15	[INFO: App       ] Sending request 1 to fd00::201:1:1:1
01:09.833	ID:1	[INFO: App       ] Received request 'hello 1' from fd00::20f:f:f:f
01:09.833	ID:1	[INFO: App       ] Sending response.
01:09.922	ID:15	[INFO: App       ] Received response 'hello 1' from fd00::201:1:1:1
01:10.334	ID:10	[INFO: App       ] Sending request 3 to fd00::201:1:1:1
01:10.438	ID:1	[INFO: App       ] Received request 'hello 3' from fd00::20a:a:a:a
01:10.438	ID:1	[INFO: App       ] Sending response.
01:10.527	ID:10	[INFO: App       ] Received response 'hello 3' from fd00::201:1:1:1
01:12.075	ID:3	[INFO: App       ] Sending request 4 to fd00::201:1:1:1
01:12.119	ID:1	[INFO: App       ] Received request 'hello 4' from fd00::203:3:3:3
01:12.119	ID:1	[INFO: App       ] Sending response.
01:12.198	ID:3	[INFO: App       ] Received response 'hello 4' from fd00::201:1:1:1
01:13.338	ID:7	[INFO: App       ] Sending request 2 to fd00::201:1:1:1
01:13.412	ID:1	[INFO: App       ] Received request 'hello 2' from fd00::207:7:7:7
01:13.412	ID:1	[INFO: App       ] Sending response.
01:13.492	ID:7	[INFO: App       ] Received response 'hello 2' from fd00::201:1:1:1
01:14.167	ID:13	[INFO: App       ] Sending request 1 to fd00::201:1:1:1
01:14.282	ID:1	[INFO: App       ] Received request 'hello 1' from fd00::20d:d:d:d
01:14.282	ID:1	[INFO: App       ] Sending response.
01:14.396	ID:13	[INFO: App       ] Received response 'hello 1' from fd00::201:1:1:1
01:15.191	ID:5	[INFO: App       ] Sending request 4 to fd00::201:1:1:1
01:15.241	ID:1	[INFO: App       ] Received request 'hello 4' from fd00::205:5:5:5
01:15.241	ID:1	[INFO: App       ] Sending response.
01:15.291	ID:5	[INFO: App       ] Received response 'hello 4' from fd00::201:1:1:1
01:15.488	ID:8	[INFO: App       ] Sending request 3 to fd00::201:1:1:1
01:15.526	ID:1	[INFO: App       ] Received request 'hello 3' from fd00::208:8:8:8
01:15.526	ID:1	[INFO: App       ] Sending response.
01:15.587	ID:8	[INFO: App       ] Received response 'hello 3' from fd00::201:1:1:1
01:15.782	ID:4	[INFO: App       ] Sending request 4 to fd00::201:1:1:1
01:15.862	ID:1	[INFO: App       ] Received request 'hello 4' from fd00::204:4:4:4
01:15.862	ID:1	[INFO: App       ] Sending response.
01:15.896	ID:4	[INFO: App       ] Received response 'hello 4' from fd00::201:1:1:1
01:15.904	ID:11	[INFO: App       ] Sending request 3 to fd00::201:1:1:1
01:15.986	ID:1	[INFO: App       ] Received request 'hello 3' from fd00::20b:b:b:b
01:15.986	ID:1	[INFO: App       ] Sending response.
01:16.069	ID:11	[INFO: App       ] Received response 'hello 3' from fd00::201:1:1:1
01:16.953	ID:12	[INFO: App       ] Sending request 2 to fd00::201:1:1:1
01:17.055	ID:1	[INFO: App       ] Received request 'hello 2' from fd00::20c:c:c:c
01:17.055	ID:1	[INFO: App       ] Sending response.
01:17.177	ID:12	[INFO: App       ] Received response 'hello 2' from fd00::201:1:1:1
01:17.623	ID:14	[INFO: App       ] Sending request 2 to fd00::201:1:1:1
01:17.691	ID:1	[INFO: App       ] Received request 'hello 2' from fd00::20e:e:e:e
01:17.691	ID:1	[INFO: App       ] Sending response.
01:17.772	ID:14	[INFO: App       ] Received response 'hello 2' from fd00::201:1:1:1
01:17.854	ID:2	[INFO: App       ] Sending request 4 to fd00::201:1:1:1
01:17.908	ID:1	[INFO: App       ] Received request 'hello 4' from fd00::202:2:2:2
01:17.908	ID:1	[INFO: App       ] Sending response.
01:17.944	ID:2	[INFO: App       ] Received response 'hello 4' from fd00::201:1:1:1
01:18.462	ID:6	[INFO: App       ] Sending request 3 to fd00::201:1:1:1
01:18.540	ID:1	[INFO: App       ] Received request 'hello 3' from fd00::206:6:6:6
01:18.540	ID:1	[INFO: App       ] Sending response.
01:18.613	ID:6	[INFO: App       ] Received response 'hello 3' from fd00::201:1:1:1
01:18.724	ID:9	[INFO: App       ] Sending request 3 to fd00::201:1:1:1
01:18.782	ID:1	[INFO: App       ] Received request 'hello 3' from fd00::209:9:9:9
01:18.782	ID:1	[INFO: App       ] Sending response.
01:18.843	ID:9	[INFO: App       ] Received response 'hello 3' from fd00::201:1:1:1
01:19.320	ID:15	[INFO: App       ] Sending request 2 to fd00::201:1:1:1
01:19.442	ID:1	[INFO: App       ] Received request 'hello 2' from fd00::20f:f:f:f
01:19.442	ID:1	[INFO: App       ] Sending response.
01:19.544	ID:15	[INFO: App       ] Received response 'hello 2' from fd00::201:1:1:1
01:19.912	ID:10	[INFO: App       ] Sending request 4 to fd00::201:1:1:1
01:20.028	ID:1	[INFO: App       ] Received request 'hello 4' from fd00::20a:a:a:a
01:20.028	ID:1	[INFO: App       ] Sending response.
01:20.079	ID:10	[INFO: App       ] Received response 'hello 4' from fd00::201:1:1:1
01:23.043	ID:3	[INFO: App       ] Sending request 5 to fd00::201:1:1:1
01:23.069	ID:1	[INFO: App       ] Received request 'hello 5' from fd00::203:3:3:3
01:23.069	ID:1	[INFO: App       ] Sending response.
01:23.121	ID:3	[INFO: App       ] Received response 'hello 5' from fd00::201:1:1:1
01:23.998	ID:13	[INFO: App       ] Sending request 2 to fd00::201:1:1:1
01:24.095	ID:1	[INFO: App       ] Received request 'hello 2' from fd00::20d:d:d:d
01:24.095	ID:1	[INFO: App       ] Sending response.
01:24.190	ID:7	[INFO: App       ] Sending request 3 to fd00::201:1:1:1
01:24.229	ID:13	[INFO: App       ] Received response 'hello 2' from fd00::201:1:1:1
01:24.331	ID:1	[INFO: App       ] Received request 'hello 3' from fd00::207:7:7:7
01:24.331	ID:1	[INFO: App       ] Sending response.
01:24.402	ID:7	[INFO: App       ] Received response 'hello 3' from fd00::201:1:1:1
01:24.913	ID:11	[INFO: App       ] Sending request 4 to fd00::201:1:1:1
01:24.980	ID:5	[INFO: App       ] Sending request 5 to fd00::201:1:1:1
01:24.996	ID:1	[INFO: App       ] Received request 'hello 4' from fd00::20b:b:b:b
01:24.996	ID:1	[INFO: App       ] Sending response.
01:25.023	ID:1	[INFO: App       ] Received request 'hello 5' from fd00::205:5:5:5
01:25.023	ID:1	[INFO: App       ] Sending response.
01:25.063	ID:11	[INFO: App       ] Received response 'hello 4' from fd00::201:1:1:1
01:25.142	ID:5	[INFO: App       ] Received response 'hello 5' from fd00::201:1:1:1
01:26.278	ID:8	[INFO: App       ] Sending request 4 to fd00::201:1:1:1
01:26.365	ID:1	[INFO: App       ] Received request 'hello 4' from fd00::208:8:8:8
01:26.365	ID:1	[INFO: App       ] Sending response.
01:26.378	ID:4	[INFO: App       ] Sending request 5 to fd00::201:1:1:1
01:26.427	ID:1	[INFO: App       ] Received request 'hello 5' from fd00::204:4:4:4
01:26.427	ID:1	[INFO: App       ] Sending response.
01:26.440	ID:8	[INFO: App       ] Received response 'hello 4' from fd00::201:1:1:1
01:26.473	ID:4	[INFO: App       ] Received response 'hello 5' from fd00::201:1:1:1
01:27.179	ID:2	[INFO: App       ] Sending request 5 to fd00::201:1:1:1
01:27.221	ID:1	[INFO: App       ] Received request 'hello 5' from fd00::202:2:2:2
01:27.221	ID:1	[INFO: App       ] Sending response.
01:27.273	ID:2	[INFO: App       ] Received response 'hello 5' from fd00::201:1:1:1
01:27.542	ID:12	[INFO: App       ] Sending request 3 to fd00::201:1:1:1
01:27.661	ID:1	[INFO: App       ] Received request 'hello 3' from fd00::20c:c:c:c
01:27.661	ID:1	[INFO: App       ] Sending response.
01:27.732	ID:12	[INFO: App       ] Received response 'hello 3' from fd00::201:1:1:1
01:27.977	ID:14	[INFO: App       ] Sending request 3 to fd00::201:1:1:1
01:28.094	ID:1	[INFO: App       ] Received request 'hello 3' from fd00::20e:e:e:e
01:28.094	ID:1	[INFO: App       ] Sending response.
01:28.210	ID:14	[INFO: App       ] Received response 'hello 3' from fd00::201:1:1:1
01:28.565	ID:6	[INFO: App       ] Sending request 4 to fd00::201:1:1:1
01:28.638	ID:1	[INFO: App       ] Received request 'hello 4' from fd00::206:6:6:6
01:28.638	ID:1	[INFO: App       ] Sending response.
01:28.673	ID:6	[INFO: App       ] Received response 'hello 4' from fd00::201:1:1:1
01:29.544	ID:9	[INFO: App       ] Sending request 4 to fd00::201:1:1:1
01:29.616	ID:1	[INFO: App       ] Received request 'hello 4' from fd00::209:9:9:9
01:29.616	ID:1	[INFO: App       ] Sending response.
01:29.691	ID:9	[INFO: App       ] Received response 'hello 4' from fd00::201:1:1:1
01:29.892	ID:15	[INFO: App       ] Sending request 3 to fd00::201:1:1:1
01:29.986	ID:10	[INFO: App       ] Sending request 5 to fd00::201:1:1:1
01:30.025	ID:1	[INFO: App       ] Received request 'hello 3' from fd00::20f:f:f:f
01:30.025	ID:1	[INFO: App       ] Sending response.
01:30.048	ID:1	[INFO: App       ] Received request 'hello 5' from fd00::20a:a:a:a
01:30.048	ID:1	[INFO: App       ] Sending response.
01:30.151	ID:10	[INFO: App       ] Received response 'hello 5' from fd00::201:1:1:1
01:30.191	ID:15	[INFO: App       ] Received response 'hello 3' from fd00::201:1:1:1
01:32.079	ID:3	[INFO: App       ] Sending request 6 to fd00::201:1:1:1
01:32.113	ID:1	[INFO: App       ] Received request 'hello 6' from fd00::203:3:3:3
01:32.113	ID:1	[INFO: App       ] Sending response.
01:32.140	ID:3	[INFO: App       ] Received response 'hello 6' from fd00::201:1:1:1
01:33.227	ID:7	[INFO: App       ] Sending request 4 to fd00::201:1:1:1
01:33.265	ID:1	[INFO: App       ] Received request 'hello 4' from fd00::207:7:7:7
01:33.265	ID:1	[INFO: App       ] Sending response.
01:33.358	ID:7	[INFO: App       ] Received response 'hello 4' from fd00::201:1:1:1
01:34.127	ID:5	[INFO: App       ] Sending request 6 to fd00::201:1:1:1
01:34.182	ID:1	[INFO: App       ] Received request 'hello 6' from fd00::205:5:5:5
01:34.182	ID:1	[INFO: App       ] Sending response.
01:34.271	ID:5	[INFO: App       ] Received response 'hello 6' from fd00::201:1:1:1
01:34.839	ID:13	[INFO: App       ] Sending request 3 to fd00::201:1:1:1
01:34.869	ID:11	[INFO: App       ] Sending request 5 to fd00::201:1:1:1
01:34.950	ID:1	[INFO: App       ] Received request 'hello 5' from fd00::20b:b:b:b
01:34.950	ID:1	[INFO: App       ] Sending response.
01:35.023	ID:1	[INFO: App       ] Received request 'hello 3' from fd00::20d:d:d:d
01:35.023	ID:1	[INFO: App       ] Sending response.
01:35.117	ID:11	[INFO: App       ] Received response 'hello 5' from fd00::201:1:1:1
01:35.197	ID:13	[INFO: App       ] Received response 'hello 3' from fd00::201:1:1:1
01:36.532	ID:4	[INFO: App       ] Sending request 6 to fd00::201:1:1:1
01:36.588	ID:1	[INFO: App       ] Received request 'hello 6' from fd00::204:4:4:4
01:36.588	ID:1	[INFO: App       ] Sending response.
01:36.628	ID:4	[INFO: App       ] Received response 'hello 6' from fd00::201:1:1:1
01:37.103	ID:8	[INFO: App       ] Sending request 5 to fd00::201:1:1:1
01:37.164	ID:1	[INFO: App       ] Received request 'hello 5' from fd00::208:8:8:8
01:37.164	ID:1	[INFO: App       ] Sending response.
01:37.204	ID:8	[INFO: App       ] Received response 'hello 5' from fd00::201:1:1:1
01:37.307	ID:2	[INFO: App       ] Sending request 6 to fd00::201:1:1:1
01:37.370	ID:1	[INFO: App       ] Received request 'hello 6' from fd00::202:2:2:2
01:37.370	ID:1	[INFO: App       ] Sending response.
01:37.419	ID:2	[INFO: App       ] Received response 'hello 6' from fd00::201:1:1:1
01:37.474	ID:14	[INFO: App       ] Sending request 4 to fd00::201:1:1:1
01:37.555	ID:1	[INFO: App       ] Received request 'hello 4' from fd00::20e:e:e:e
01:37.555	ID:1	[INFO: App       ] Sending response.
01:37.668	ID:14	[INFO: App       ] Received response 'hello 4' from fd00::201:1:1:1
01:38.239	ID:12	[INFO: App       ] Sending request 4 to fd00::201:1:1:1
01:38.447	ID:1	[INFO: App       ] Received request 'hello 4' from fd00::20c:c:c:c
01:38.447	ID:1	[INFO: App       ] Sending response.
01:38.539	ID:12	[INFO: App       ] Received response 'hello 4' from fd00::201:1:1:1
01:38.758	ID:6	[INFO: App       ] Sending request 5 to fd00::201:1:1:1
01:38.866	ID:1	[INFO: App       ] Received request 'hello 5' from fd00::206:6:6:6
01:38.866	ID:1	[INFO: App       ] Sending response.
01:38.943	ID:6	[INFO: App       ] Received response 'hello 5' from fd00::201:1:1:1
01:39.560	ID:10	[INFO: App       ] Sending request 6 to fd00::201:1:1:1
01:39.650	ID:1	[INFO: App       ] Received request 'hello 6' from fd00::20a:a:a:a
01:39.650	ID:1	[INFO: App       ] Sending response.
01:39.723	ID:10	[INFO: App       ] Received response 'hello 6' from fd00::201:1:1:1
01:40.042	ID:15	[INFO: App       ] Sending request 4 to fd00::201:1:1:1
01:40.168	ID:1	[INFO: App       ] Received request 'hello 4' from fd00::20f:f:f:f
01:40.168	ID:1	[INFO: App       ] Sending response.
01:40.266	ID:9	[INFO: App       ] Sending request 5 to fd00::201:1:1:1
01:40.280	ID:15	[INFO: App       ] Received response 'hello 4' from fd00::201:1:1:1
01:40.357	ID:1	[INFO: App       ] Received request 'hello 5' from fd00::209:9:9:9
01:40.357	ID:1	[INFO: App       ] Sending response.
01:40.445	ID:9	[INFO: App       ] Received response 'hello 5' from fd00::201:1:1:1
01:42.987	ID:3	[INFO: App       ] Sending request 7 to fd00::201:1:1:1
01:43.039	ID:1	[INFO: App       ] Received request 'hello 7' from fd00::203:3:3:3
01:43.039	ID:1	[INFO: App       ] Sending response.
01:43.095	ID:3	[INFO: App       ] Received response 'hello 7' from fd00::201:1:1:1
01:43.859	ID:7	[INFO: App       ] Sending request 5 to fd00::201:1:1:1
01:43.932	ID:1	[INFO: App       ] Received request 'hello 5' from fd00::207:7:7:7
01:43.932	ID:1	[INFO: App       ] Sending response.
01:43.997	ID:7	[INFO: App       ] Received response 'hello 5' from fd00::201:1:1:1
01:44.090	ID:13	[INFO: App       ] Sending request 4 to fd00::201:1:1:1
01:44.178	ID:11	[INFO: App       ] Sending request 6 to fd00::201:1:1:1
01:44.286	ID:1	[INFO: App       ] Received request 'hello 4' from fd00::20d:d:d:d
01:44.286	ID:1	[INFO: App       ] Sending response.
01:44.327	ID:1	[INFO: App       ] Received request 'hello 6' from fd00::20b:b:b:b
01:44.327	ID:1	[INFO: App       ] Sending response.
01:44.394	ID:13	[INFO: App       ] Received response 'hello 4' from fd00::201:1:1:1
01:44.440	ID:11	[INFO: App       ] Received response 'hello 6' from fd00::201:1:1:1
01:44.778	ID:5	[INFO: App       ] Sending request 7 to fd00::201:1:1:1
01:44.803	ID:1	[INFO: App       ] Received request 'hello 7' from fd00::205:5:5:5
01:44.803	ID:1	[INFO: App       ] Sending response.
01:44.842	ID:5	[INFO: App       ] Received response 'hello 7' from fd00::201:1:1:1
01:46.697	ID:8	[INFO: App       ] Sending request 6 to fd00::201:1:1:1
01:46.721	ID:4	[INFO: App       ] Sending request 7 to fd00::201:1:1:1
01:46.776	ID:1	[INFO: App       ] Received request 'hello 7' from fd00::204:4:4:4
01:46.776	ID:1	[INFO: App       ] Sending response.
01:46.814	ID:1	[INFO: App       ] Received request 'hello 6' from fd00::208:8:8:8
01:46.814	ID:1	[INFO: App       ] Sending response.
01:46.913	ID:4	[INFO: App       ] Received response 'hello 7' from fd00::201:1:1:1
01:46.970	ID:8	[INFO: App       ] Received response 'hello 6' from fd00::201:1:1:1
01:47.574	ID:2	[INFO: App       ] Sending request 7 to fd00::201:1:1:1
01:47.612	ID:1	[INFO: App       ] Received request 'hello 7' from fd00::202:2:2:2
01:47.612	ID:1	[INFO: App       ] Sending response.
01:47.645	ID:2	[INFO: App       ] Received response 'hello 7' from fd00::201:1:1:1
01:47.906	ID:12	[INFO: App       ] Sending request 5 to fd00::201:1:1:1
01:47.999	ID:1	[INFO: App       ] Received request 'hello 5' from fd00::20c:c:c:c
01:47.999	ID:1	[INFO: App       ] Sending response.
01:48.131	ID:12	[INFO: App       ] Received response 'hello 5' from fd00::201:1:1:1
01:48.290	ID:6	[INFO: App       ] Sending request 6 to fd00::201:1:1:1
01:48.367	ID:1	[INFO: App       ] Received request 'hello 6' from fd00::206:6:6:6
01:48.367	ID:1	[INFO: App       ] Sending response.
01:48.397	ID:6	[INFO: App       ] Received response 'hello 6' from fd00::201:1:1:1
01:48.417	ID:14	[INFO: App       ] Sending request 5 to fd00::201:1:1:1
01:48.547	ID:1	[INFO: App       ] Received request 'hello 5' from fd00::20e:e:e:e
01:48.547	ID:1	[INFO: App       ] Sending response.
01:48.641	ID:14	[INFO: App       ] Received response 'hello 5' from fd00::201:1:1:1
01:49.766	ID:15	[INFO: App       ] Sending request 5 to fd00::201:1:1:1
01:49.830	ID:9	[INFO: App       ] Sending request 6 to fd00::201:1:1:1
01:49.890	ID:1	[INFO: App       ] Received request 'hello 5' from fd00::20f:f:f:f
01:49.890	ID:1	[INFO: App       ] Sending response.
01:49.903	ID:1	[INFO: App       ] Received request 'hello 6' from fd00::209:9:9:9
01:49.903	ID:1	[INFO: App       ] Sending response.
01:50.047	ID:15	[INFO: App       ] Received response 'hello 5' from fd00::201:1:1:1
01:50.075	ID:10	[INFO: App       ] Sending request 7 to fd00::201:1:1:1
01:50.133	ID:9	[INFO: App       ] Received response 'hello 6' from fd00::201:1:1:1
01:50.193	ID:1	[INFO: App       ] Received request 'hello 7' from fd00::20a:a:a:a
01:50.193	ID:1	[INFO: App       ] Sending response.
01:50.255	ID:10	[INFO: App       ] Received response 'hello 7' from fd00::201:1:1:1
01:53.226	ID:13	[INFO: App       ] Sending request 5 to fd00::201:1:1:1
01:53.319	ID:1	[INFO: App       ] Received request 'hello 5' from fd00::20d:d:d:d
01:53.319	ID:1	[INFO: App       ] Sending response.
01:53.371	ID:3	[INFO: App       ] Sending request 8 to fd00::201:1:1:1
01:53.406	ID:1	[INFO: App       ] Received request 'hello 8' from fd00::203:3:3:3
01:53.406	ID:1	[INFO: App       ] Sending response.
01:53.464	ID:13	[INFO: App       ] Received response 'hello 5' from fd00::201:1:1:1
01:53.482	ID:3	[INFO: App       ] Received response 'hello 8' from fd00::201:1:1:1
01:53.681	ID:7	[INFO: App       ] Sending request 6 to fd00::201:1:1:1
01:53.737	ID:1	[INFO: App       ] Received request 'hello 6' from fd00::207:7:7:7
01:53.737	ID:1	[INFO: App       ] Sending response.
01:53.795	ID:7	[INFO: App       ] Received response 'hello 6' from fd00::201:1:1:1
01:55.052	ID:11	[INFO: App       ] Sending request 7 to fd00::201:1:1:1
01:55.141	ID:1	[INFO: App       ] Received request 'hello 7' from fd00::20b:b:b:b
01:55.141	ID:1	[INFO: App       ] Sending response.
01:55.223	ID:11	[INFO: App       ] Received response 'hello 7' from fd00::201:1:1:1
01:55.522	ID:5	[INFO: App       ] Sending request 8 to fd00::201:1:1:1
01:55.545	ID:1	[INFO: App       ] Received request 'hello 8' from fd00::205:5:5:5
01:55.545	ID:1	[INFO: App       ] Sending response.
01:55.581	ID:5	[INFO: App       ] Received response 'hello 8' from fd00::201:1:1:1
01:55.880	ID:8	[INFO: App       ] Sending request 7 to fd00::201:1:1:1
01:55.981	ID:1	[INFO: App       ] Received request 'hello 7' from fd00::208:8:8:8
01:55.981	ID:1	[INFO: App       ] Sending response.
01:56.040	ID:8	[INFO: App       ] Received response 'hello 7' from fd00::201:1:1:1
01:56.405	ID:4	[INFO: App       ] Sending request 8 to fd00::201:1:1:1
01:56.489	ID:1	[INFO: App       ] Received request 'hello 8' from fd00::204:4:4:4
01:56.489	ID:1	[INFO: App       ] Sending response.
01:56.541	ID:4	[INFO: App       ] Received response 'hello 8' from fd00::201:1:1:1
01:57.457	ID:2	[INFO: App       ] Sending request 8 to fd00::201:1:1:1
01:57.509	ID:1	[INFO: App       ] Received request 'hello 8' from fd00::202:2:2:2
01:57.509	ID:1	[INFO: App       ] Sending response.
01:57.529	ID:2	[INFO: App       ] Received response 'hello 8' from fd00::201:1:1:1
01:58.270	ID:12	[INFO: App       ] Sending request 6 to fd00::201:1:1:1
01:58.323	ID:1	[INFO: App       ] Received request 'hello 6' from fd00::20c:c:c:c
01:58.323	ID:1	[INFO: App       ] Sending response.
01:58.442	ID:12	[INFO: App       ] Received response 'hello 6' from fd00::201:1:1:1
01:59.095	ID:6	[INFO: App       ] Sending request 7 to fd00::201:1:1:1
01:59.157	ID:1	[INFO: App       ] Received request 'hello 7' from fd00::206:6:6:6
01:59.157	ID:1	[INFO: App       ] Sending response.
01:59.187	ID:14	[INFO: App       ] Sending request 6 to fd00::201:1:1:1
01:59.217	ID:6	[INFO: App       ] Received response 'hello 7' from fd00::201:1:1:1
01:59.313	ID:1	[INFO: App       ] Received request 'hello 6' from fd00::20e:e:e:e
01:59.313	ID:1	[INFO: App       ] Sending response.
01:59.410	ID:14	[INFO: App       ] Received response 'hello 6' from fd00::201:1:1:1
01:59.663	ID:15	[INFO: App       ] Sending request 6 to fd00::201:1:1:1
01:59.737	ID:1	[INFO: App       ] Received request 'hello 6' from fd00::20f:f:f:f
01:59.737	ID:1	[INFO: App       ] Sending response.
01:59.781	ID:10	[INFO: App       ] Sending request 8 to fd00::201:1:1:1
01:59.868	ID:15	[INFO: App       ] Received response 'hello 6' from fd00::201:1:1:1
01:59.876	ID:1	[INFO: App       ] Received request 'hello 8' from fd00::20a:a:a:a
01:59.876	ID:1	[INFO: App       ] Sending response.
01:59.955	ID:10	[INFO: App       ] Received response 'hello 8' from fd00::201:1:1:1
02:00.471	ID:9	[INFO: App       ] Sending request 7 to fd00::201:1:1:1
02:00.544	ID:1	[INFO: App       ] Received request 'hello 7' from fd00::209:9:9:9
02:00.544	ID:1	[INFO: App       ] Sending response.
02:00.605	ID:9	[INFO: App       ] Received response 'hello 7' from fd00::201:1:1:1
02:03.611	ID:13	[INFO: App       ] Sending request 6 to fd00::201:1:1:1
02:03.653	ID:3	[INFO: App       ] Sending request 9 to fd00::201:1:1:1
02:03.705	ID:1	[INFO: App       ] Received request 'hello 9' from fd00::203:3:3:3
02:03.705	ID:1	[INFO: App       ] Sending response.
02:03.744	ID:1	[INFO: App       ] Received request 'hello 6' from fd00::20d:d:d:d
02:03.744	ID:1	[INFO: App       ] Sending response.
02:03.814	ID:13	[INFO: App       ] Received response 'hello 6' from fd00::201:1:1:1
02:03.829	ID:3	[INFO: App       ] Received response 'hello 9' from fd00::201:1:1:1
02:04.533	ID:7	[INFO: App       ] Sending request 7 to fd00::201:1:1:1
02:04.578	ID:1	[INFO: App       ] Received request 'hello 7' from fd00::207:7:7:7
02:04.578	ID:1	[INFO: App       ] Sending response.
02:04.676	ID:7	[INFO: App       ] Received response 'hello 7' from fd00::201:1:1:1
02:05.371	ID:11	[INFO: App       ] Sending request 8 to fd00::201:1:1:1
02:05.454	ID:1	[INFO: App       ] Received request 'hello 8' from fd00::20b:b:b:b
02:05.454	ID:1	[INFO: App       ] Sending response.
02:05.550	ID:11	[INFO: App       ] Received response 'hello 8' from fd00::201:1:1:1
02:06.101	ID:8	[INFO: App       ] Sending request 8 to fd00::201:1:1:1
02:06.104	ID:4	[INFO: App       ] Sending request 9 to fd00::201:1:1:1
02:06.130	ID:1	[INFO: App       ] Received request 'hello 9' from fd00::204:4:4:4
02:06.130	ID:1	[INFO: App       ] Sending response.
02:06.149	ID:1	[INFO: App       ] Received request 'hello 8' from fd00::208:8:8:8
02:06.149	ID:1	[INFO: App       ] Sending response.
02:06.192	ID:4	[INFO: App       ] Received response 'hello 9' from fd00::201:1:1:1
02:06.237	ID:8	[INFO: App       ] Received response 'hello 8' from fd00::201:1:1:1
02:06.271	ID:5	[INFO: App       ] Sending request 9 to fd00::201:1:1:1
02:06.341	ID:1	[INFO: App       ] Received request 'hello 9' from fd00::205:5:5:5
02:06.341	ID:1	[INFO: App       ] Sending response.
02:06.377	ID:5	[INFO: App       ] Received response 'hello 9' from fd00::201:1:1:1
02:07.693	ID:12	[INFO: App       ] Sending request 7 to fd00::201:1:1:1
02:07.746	ID:2	[INFO: App       ] Sending request 9 to fd00::201:1:1:1
02:07.779	ID:1	[INFO: App       ] Received request 'hello 9' from fd00::202:2:2:2
02:07.779	ID:1	[INFO: App       ] Sending response.
02:07.791	ID:1	[INFO: App       ] Received request 'hello 7' from fd00::20c:c:c:c
02:07.791	ID:1	[INFO: App       ] Sending response.
02:07.823	ID:2	[INFO: App       ] Received response 'hello 9' from fd00::201:1:1:1
02:07.875	ID:12	[INFO: App       ] Received response 'hello 7' from fd00::201:1:1:1
02:08.224	ID:6	[INFO: App       ] Sending request 8 to fd00::201:1:1:1
02:08.270	ID:1	[INFO: App       ] Received request 'hello 8' from fd00::206:6:6:6
02:08.270	ID:1	[INFO: App       ] Sending response.
02:08.349	ID:6	[INFO: App       ] Received response 'hello 8' from fd00::201:1:1:1
02:09.146	ID:10	[INFO: App       ] Sending request 9 to fd00::201:1:1:1
02:09.186	ID:1	[INFO: App       ] Received request 'hello 9' from fd00::20a:a:a:a
02:09.186	ID:1	[INFO: App       ] Sending response.
02:09.278	ID:10	[INFO: App       ] Received response 'hello 9' from fd00::201:1:1:1
02:09.356	ID:14	[INFO: App       ] Sending request 7 to fd00::201:1:1:1
02:09.428	ID:1	[INFO: App       ] Received request 'hello 7' from fd00::20e:e:e:e
02:09.428	ID:1	[INFO: App       ] Sending response.
02:09.493	ID:14	[INFO: App       ] Received response 'hello 7' from fd00::201:1:1:1
02:09.627	ID:15	[INFO: App       ] Sending request 7 to fd00::201:1:1:1
02:09.636	ID:9	[INFO: App       ] Sending request 8 to fd00::201:1:1:1
02:09.764	ID:1	[INFO: App       ] Received request 'hello 8' from fd00::209:9:9:9
02:09.764	ID:1	[INFO: App       ] Sending response.
02:09.784	ID:1	[INFO: App       ] Received request 'hello 7' from fd00::20f:f:f:f
02:09.784	ID:1	[INFO: App       ] Sending response.
02:09.885	ID:9	[INFO: App       ] Received response 'hello 8' from fd00::201:1:1:1
02:09.921	ID:15	[INFO: App       ] Received response 'hello 7' from fd00::201:1:1:1
02:13.237	ID:3	[INFO: App       ] Tx/Rx/MissedTx: 10/10/0
02:13.237	ID:3	[INFO: App       ] Sending request 10 to fd00::201:1:1:1
02:13.302	ID:1	[INFO: App       ] Received request 'hello 10' from fd00::203:3:3:3
02:13.302	ID:1	[INFO: App       ] Sending response.
02:13.349	ID:3	[INFO: App       ] Received response 'hello 10' from fd00::201:1:1:1
02:14.237	ID:13	[INFO: App       ] Sending request 7 to fd00::201:1:1:1
02:14.319	ID:1	[INFO: App       ] Received request 'hello 7' from fd00::20d:d:d:d
02:14.319	ID:1	[INFO: App       ] Sending response.
02:14.391	ID:13	[INFO: App       ] Received response 'hello 7' from fd00::201:1:1:1
02:14.989	ID:7	[INFO: App       ] Sending request 8 to fd00::201:1:1:1
02:15.083	ID:1	[INFO: App       ] Received request 'hello 8' from fd00::207:7:7:7
02:15.083	ID:1	[INFO: App       ] Sending response.
02:15.188	ID:7	[INFO: App       ] Received response 'hello 8' from fd00::201:1:1:1
02:15.471	ID:8	[INFO: App       ] Sending request 9 to fd00::201:1:1:1
02:15.528	ID:1	[INFO: App       ] Received request 'hello 9' from fd00::208:8:8:8
02:15.528	ID:1	[INFO: App       ] Sending response.
02:15.621	ID:8	[INFO: App       ] Received response 'hello 9' from fd00::201:1:1:1
02:15.800	ID:11	[INFO: App       ] Sending request 9 to fd00::201:1:1:1
02:15.852	ID:5	[INFO: App       ] Tx/Rx/MissedTx: 10/10/0
02:15.852	ID:5	[INFO: App       ] Sending request 10 to fd00::201:1:1:1
02:15.866	ID:1	[INFO: App       ] Received request 'hello 9' from fd00::20b:b:b:b
02:15.866	ID:1	[INFO: App       ] Sending response.
02:15.974	ID:1	[INFO: App       ] Received request 'hello 10' from fd00::205:5:5:5
02:15.974	ID:1	[INFO: App       ] Sending response.
02:15.979	ID:11	[INFO: App       ] Received response 'hello 9' from fd00::201:1:1:1
02:16.035	ID:5	[INFO: App       ] Received response 'hello 10' from fd00::201:1:1:1
02:16.571	ID:4	[INFO: App       ] Tx/Rx/MissedTx: 10/10/0
02:16.571	ID:4	[INFO: App       ] Sending request 10 to fd00::201:1:1:1
02:16.630	ID:1	[INFO: App       ] Received request 'hello 10' from fd00::204:4:4:4
02:16.630	ID:1	[INFO: App       ] Sending response.
02:16.650	ID:4	[INFO: App       ] Received response 'hello 10' from fd00::201:1:1:1
02:16.991	ID:2	[INFO: App       ] Tx/Rx/MissedTx: 10/10/0
02:16.991	ID:2	[INFO: App       ] Sending request 10 to fd00::201:1:1:1
02:17.059	ID:1	[INFO: App       ] Received request 'hello 10' from fd00::202:2:2:2
02:17.059	ID:1	[INFO: App       ] Sending response.
02:17.062	ID:12	[INFO: App       ] Sending request 8 to fd00::201:1:1:1
02:17.149	ID:2	[INFO: App       ] Received response 'hello 10' from fd00::201:1:1:1
02:17.198	ID:1	[INFO: App       ] Received request 'hello 8' from fd00::20c:c:c:c
02:17.198	ID:1	[INFO: App       ] Sending response.
02:17.270	ID:12	[INFO: App       ] Received response 'hello 8' from fd00::201:1:1:1
02:17.565	ID:6	[INFO: App       ] Sending request 9 to fd00::201:1:1:1
02:17.647	ID:1	[INFO: App       ] Received request 'hello 9' from fd00::206:6:6:6
02:17.647	ID:1	[INFO: App       ] Sending response.
02:17.703	ID:6	[INFO: App       ] Received response 'hello 9' from fd00::201:1:1:1
02:18.651	ID:15	[INFO: App       ] Sending request 8 to fd00::201:1:1:1
02:18.746	ID:1	[INFO: App       ] Received request 'hello 8' from fd00::20f:f:f:f
02:18.746	ID:1	[INFO: App       ] Sending response.
02:18.818	ID:14	[INFO: App       ] Sending request 8 to fd00::201:1:1:1
02:18.848	ID:15	[INFO: App       ] Received response 'hello 8' from fd00::201:1:1:1
02:18.961	ID:1	[INFO: App       ] Received request 'hello 8' from fd00::20e:e:e:e
02:18.961	ID:1	[INFO: App       ] Sending response.
02:19.075	ID:14	[INFO: App       ] Received response 'hello 8' from fd00::201:1:1:1
02:19.598	ID:9	[INFO: App       ] Sending request 9 to fd00::201:1:1:1
02:19.635	ID:1	[INFO: App       ] Received request 'hello 9' from fd00::209:9:9:9
02:19.635	ID:1	[INFO: App       ] Sending response.
02:19.650	ID:10	[INFO: App       ] Tx/Rx/MissedTx: 10/10/0
02:19.650	ID:10	[INFO: App       ] Sending request 10 to fd00::201:1:1:1
02:19.706	ID:9	[INFO: App       ] Received response 'hello 9' from fd00::201:1:1:1
02:19.710	ID:1	[INFO: App       ] Received request 'hello 10' from fd00::20a:a:a:a
02:19.710	ID:1	[INFO: App       ] Sending response.
02:19.830	ID:10	[INFO: App       ] Received response 'hello 10' from fd00::201:1:1:1
02:23.266	ID:3	[INFO: App       ] Sending request 11 to fd00::201:1:1:1
02:23.315	ID:1	[INFO: App       ] Received request 'hello 11' from fd00::203:3:3:3
02:23.315	ID:1	[INFO: App       ] Sending response.
02:23.353	ID:3	[INFO: App       ] Received response 'hello 11' from fd00::201:1:1:1
02:23.828	ID:13	[INFO: App       ] Sending request 8 to fd00::201:1:1:1
02:23.930	ID:1	[INFO: App       ] Received request 'hello 8' from fd00::20d:d:d:d
02:23.930	ID:1	[INFO: App       ] Sending response.
02:24.051	ID:13	[INFO: App       ] Received response 'hello 8' from fd00::201:1:1:1
02:24.599	ID:7	[INFO: App       ] Sending request 9 to fd00::201:1:1:1
02:24.647	ID:1	[INFO: App       ] Received request 'hello 9' from fd00::207:7:7:7
02:24.647	ID:1	[INFO: App       ] Sending response.
02:24.713	ID:7	[INFO: App       ] Received response 'hello 9' from fd00::201:1:1:1
02:24.831	ID:11	[INFO: App       ] Tx/Rx/MissedTx: 10/10/0
02:24.831	ID:11	[INFO: App       ] Sending request 10 to fd00::201:1:1:1
02:24.915	ID:1	[INFO: App       ] Received request 'hello 10' from fd00::20b:b:b:b
02:24.915	ID:1	[INFO: App       ] Sending response.
02:24.965	ID:11	[INFO: App       ] Received response 'hello 10' from fd00::201:1:1:1
02:25.155	ID:5	[INFO: App       ] Sending request 11 to fd00::201:1:1:1
02:25.180	ID:1	[INFO: App       ] Received request 'hello 11' from fd00::205:5:5:5
02:25.180	ID:1	[INFO: App       ] Sending response.
02:25.258	ID:5	[INFO: App       ] Received response 'hello 11' from fd00::201:1:1:1
02:26.284	ID:8	[INFO: App       ] Tx/Rx/MissedTx: 10/10/0
02:26.284	ID:8	[INFO: App       ] Sending request 10 to fd00::201:1:1:1
02:26.324	ID:1	[INFO: App       ] Received request 'hello 10' from fd00::208:8:8:8
02:26.324	ID:1	[INFO: App       ] Sending response.
02:26.406	ID:8	[INFO: App       ] Received response 'hello 10' from fd00::201:1:1:1
02:26.583	ID:4	[INFO: App       ] Sending request 11 to fd00::201:1:1:1
02:26.628	ID:1	[INFO: App       ] Received request 'hello 11' from fd00::204:4:4:4
02:26.628	ID:1	[INFO: App       ] Sending response.
02:26.681	ID:4	[INFO: App       ] Received response 'hello 11' from fd00::201:1:1:1
02:27.353	ID:2	[INFO: App       ] Sending request 11 to fd00::201:1:1:1
02:27.375	ID:12	[INFO: App       ] Sending request 9 to fd00::201:1:1:1
02:27.378	ID:1	[INFO: App       ] Received request 'hello 11' from fd00::202:2:2:2
02:27.378	ID:1	[INFO: App       ] Sending response.
02:27.431	ID:2	[INFO: App       ] Received response 'hello 11' from fd00::201:1:1:1
02:27.468	ID:1	[INFO: App       ] Received request 'hello 9' from fd00::20c:c:c:c
02:27.468	ID:1	[INFO: App       ] Sending response.
02:27.577	ID:12	[INFO: App       ] Received response 'hello 9' from fd00::201:1:1:1
02:27.869	ID:15	[INFO: App       ] Sending request 9 to fd00::201:1:1:1
02:27.926	ID:6	[INFO: App       ] Tx/Rx/MissedTx: 10/10/0
02:27.926	ID:6	[INFO: App       ] Sending request 10 to fd00::201:1:1:1
02:27.928	ID:1	[INFO: App       ] Received request 'hello 9' from fd00::20f:f:f:f
02:27.928	ID:1	[INFO: App       ] Sending response.
02:27.953	ID:14	[INFO: App       ] Sending request 9 to fd00::201:1:1:1
02:28.043	ID:1	[INFO: App       ] Received request 'hello 10' from fd00::206:6:6:6
02:28.043	ID:1	[INFO: App       ] Sending response.
02:28.094	ID:1	[INFO: App       ] Received request 'hello 9' from fd00::20e:e:e:e
02:28.094	ID:1	[INFO: App       ] Sending response.
02:28.150	ID:15	[INFO: App       ] Received response 'hello 9' from fd00::201:1:1:1
02:28.233	ID:14	[INFO: App       ] Received response 'hello 9' from fd00::201:1:1:1
02:29.691	ID:9	[INFO: App       ] Tx/Rx/MissedTx: 10/10/0
02:29.691	ID:9	[INFO: App       ] Sending request 10 to fd00::201:1:1:1
02:29.753	ID:10	[INFO: App       ] Sending request 11 to fd00::201:1:1:1
02:29.773	ID:1	[INFO: App       ] Received request 'hello 10' from fd00::209:9:9:9
02:29.773	ID:1	[INFO: App       ] Sending response.
02:29.812	ID:1	[INFO: App       ] Received request 'hello 11' from fd00::20a:a:a:a
02:29.812	ID:1	[INFO: App       ] Sending response.
02:29.840	ID:9	[INFO: App       ] Received response 'hello 10' from fd00::201:1:1:1
02:29.955	ID:10	[INFO: App       ] Received response 'hello 11' from fd00::201:1:1:1
02:33.209	ID:13	[INFO: App       ] Sending request 9 to fd00::201:1:1:1
02:33.335	ID:1	[INFO: App       ] Received request 'hello 9' from fd00::20d:d:d:d
02:33.335	ID:1	[INFO: App       ] Sending response.
02:33.440	ID:13	[INFO: App       ] Received response 'hello 9' from fd00::201:1:1:1
02:33.983	ID:3	[INFO: App       ] Sending request 12 to fd00::201:1:1:1
02:34.066	ID:1	[INFO: App       ] Received request 'hello 12' from fd00::203:3:3:3
02:34.066	ID:1	[INFO: App       ] Sending response.
02:34.140	ID:3	[INFO: App       ] Received response 'hello 12' from fd00::201:1:1:1
02:34.164	ID:11	[INFO: App       ] Sending request 11 to fd00::201:1:1:1
02:34.208	ID:1	[INFO: App       ] Received request 'hello 11' from fd00::20b:b:b:b
02:34.208	ID:1	[INFO: App       ] Sending response.
02:34.298	ID:11	[INFO: App       ] Received response 'hello 11' from fd00::201:1:1:1
02:34.352	ID:5	[INFO: App       ] Sending request 12 to fd00::201:1:1:1
02:34.395	ID:1	[INFO: App       ] Received request 'hello 12' from fd00::205:5:5:5
02:34.395	ID:1	[INFO: App       ] Sending response.
02:34.447	ID:5	[INFO: App       ] Received response 'hello 12' from fd00::201:1:1:1
02:34.671	ID:7	[INFO: App       ] Tx/Rx/MissedTx: 10/10/0
02:34.671	ID:7	[INFO: App       ] Sending request 10 to fd00::201:1:1:1
02:34.762	ID:1	[INFO: App       ] Received request 'hello 10' from fd00::207:7:7:7
02:34.762	ID:1	[INFO: App       ] Sending response.
02:34.848	ID:7	[INFO: App       ] Received response 'hello 10' from fd00::201:1:1:1
02:35.320	ID:8	[INFO: App       ] Sending request 11 to fd00::201:1:1:1
02:35.397	ID:1	[INFO: App       ] Received request 'hello 11' from fd00::208:8:8:8
02:35.397	ID:1	[INFO: App       ] Sending response.
02:35.532	ID:8	[INFO: App       ] Received response 'hello 11' from fd00::201:1:1:1
02:36.879	ID:4	[INFO: App       ] Sending request 12 to fd00::201:1:1:1
02:36.936	ID:1	[INFO: App       ] Received request 'hello 12' from fd00::204:4:4:4
02:36.936	ID:1	[INFO: App       ] Sending response.
02:36.961	ID:4	[INFO: App       ] Received response 'hello 12' from fd00::201:1:1:1
02:37.638	ID:14	[INFO: App       ] Tx/Rx/MissedTx: 10/10/0
02:37.638	ID:14	[INFO: App       ] Sending request 10 to fd00::201:1:1:1
02:37.709	ID:2	[INFO: App       ] Sending request 12 to fd00::201:1:1:1
02:37.729	ID:1	[INFO: App       ] Received request 'hello 10' from fd00::20e:e:e:e
02:37.729	ID:1	[INFO: App       ] Sending response.
02:37.781	ID:1	[INFO: App       ] Received request 'hello 12' from fd00::202:2:2:2
02:37.781	ID:1	[INFO: App       ] Sending response.
02:37.786	ID:6	[INFO: App       ] Sending request 11 to fd00::201:1:1:1
02:37.833	ID:2	[INFO: App       ] Received response 'hello 12' from fd00::201:1:1:1
02:37.836	ID:14	[INFO: App       ] Received response 'hello 10' from fd00::201:1:1:1
02:37.905	ID:1	[INFO: App       ] Received request 'hello 11' from fd00::206:6:6:6
02:37.905	ID:1	[INFO: App       ] Sending response.
02:37.929	ID:15	[INFO: App       ] Tx/Rx/MissedTx: 10/10/0
02:37.929	ID:15	[INFO: App       ] Sending request 10 to fd00::201:1:1:1
02:38.008	ID:6	[INFO: App       ] Received response 'hello 11' from fd00::201:1:1:1
02:38.158	ID:1	[INFO: App       ] Received request 'hello 10' from fd00::20f:f:f:f
02:38.158	ID:1	[INFO: App       ] Sending response.
02:38.264	ID:15	[INFO: App       ] Received response 'hello 10' from fd00::201:1:1:1
02:38.326	ID:12	[INFO: App       ] Tx/Rx/MissedTx: 10/10/0
02:38.326	ID:12	[INFO: App       ] Sending request 10 to fd00::201:1:1:1
02:38.422	ID:1	[INFO: App       ] Received request 'hello 10' from fd00::20c:c:c:c
02:38.422	ID:1	[INFO: App       ] Sending response.
02:38.503	ID:12	[INFO: App       ] Received response 'hello 10' from fd00::201:1:1:1
02:38.784	ID:9	[INFO: App       ] Sending request 11 to fd00::201:1:1:1
02:38.847	ID:1	[INFO: App       ] Received request 'hello 11' from fd00::209:9:9:9
02:38.847	ID:1	[INFO: App       ] Sending response.
02:38.924	ID:9	[INFO: App       ] Received response 'hello 11' from fd00::201:1:1:1
02:40.320	ID:10	[INFO: App       ] Sending request 12 to fd00::201:1:1:1
02:40.378	ID:1	[INFO: App       ] Received request 'hello 12' from fd00::20a:a:a:a
02:40.378	ID:1	[INFO: App       ] Sending response.
02:40.442	ID:10	[INFO: App       ] Received response 'hello 12' from fd00::201:1:1:1
02:43.431	ID:3	[INFO: App       ] Sending request 13 to fd00::201:1:1:1
02:43.486	ID:1	[INFO: App       ] Received request 'hello 13' from fd00::203:3:3:3
02:43.486	ID:1	[INFO: App       ] Sending response.
02:43.523	ID:11	[INFO: App       ] Sending request 12 to fd00::201:1:1:1
02:43.538	ID:3	[INFO: App       ] Received response 'hello 13' from fd00::201:1:1:1
02:43.604	ID:1	[INFO: App       ] Received request 'hello 12' from fd00::20b:b:b:b
02:43.604	ID:1	[INFO: App       ] Sending response.
02:43.695	ID:11	[INFO: App       ] Received response 'hello 12' from fd00::201:1:1:1
02:44.030	ID:13	[INFO: App       ] Tx/Rx/MissedTx: 10/10/0
02:44.030	ID:13	[INFO: App       ] Sending request 10 to fd00::201:1:1:1
02:44.151	ID:1	[INFO: App       ] Received request 'hello 10' from fd00::20d:d:d:d
02:44.151	ID:1	[INFO: App       ] Sending response.
02:44.170	ID:7	[INFO: App       ] Sending request 11 to fd00::201:1:1:1
02:44.275	ID:13	[INFO: App       ] Received response 'hello 10' from fd00::201:1:1:1
02:44.292	ID:1	[INFO: App       ] Received request 'hello 11' from fd00::207:7:7:7
02:44.292	ID:1	[INFO: App       ] Sending response.
02:44.326	ID:5	[INFO: App       ] Sending request 13 to fd00::201:1:1:1
02:44.346	ID:7	[INFO: App       ] Received response 'hello 11' from fd00::201:1:1:1
02:44.384	ID:1	[INFO: App       ] Received request 'hello 13' from fd00::205:5:5:5
02:44.384	ID:1	[INFO: App       ] Sending response.
02:44.442	ID:5	[INFO: App       ] Received response 'hello 13' from fd00::201:1:1:1
02:46.101	ID:4	[INFO: App       ] Sending request 13 to fd00::201:1:1:1
02:46.186	ID:1	[INFO: App       ] Received request 'hello 13' from fd00::204:4:4:4
02:46.186	ID:1	[INFO: App       ] Sending response.
02:46.233	ID:4	[INFO: App       ] Received response 'hello 13' from fd00::201:1:1:1
02:46.315	ID:8	[INFO: App       ] Sending request 12 to fd00::201:1:1:1
02:46.403	ID:1	[INFO: App       ] Received request 'hello 12' from fd00::208:8:8:8
02:46.403	ID:1	[INFO: App       ] Sending response.
02:46.467	ID:8	[INFO: App       ] Received response 'hello 12' from fd00::201:1:1:1
02:47.407	ID:12	[INFO: App       ] Sending request 11 to fd00::201:1:1:1
02:47.519	ID:1	[INFO: App       ] Received request 'hello 11' from fd00::20c:c:c:c
02:47.519	ID:1	[INFO: App       ] Sending response.
02:47.620	ID:2	[INFO: App       ] Sending request 13 to fd00::201:1:1:1
02:47.635	ID:12	[INFO: App       ] Received response 'hello 11' from fd00::201:1:1:1
02:47.667	ID:1	[INFO: App       ] Received request 'hello 13' from fd00::202:2:2:2
02:47.667	ID:1	[INFO: App       ] Sending response.
02:47.752	ID:2	[INFO: App       ] Received response 'hello 13' from fd00::201:1:1:1
02:47.927	ID:15	[INFO: App       ] Sending request 11 to fd00::201:1:1:1
02:48.029	ID:1	[INFO: App       ] Received request 'hello 11' from fd00::20f:f:f:f
02:48.029	ID:1	[INFO: App       ] Sending response.
02:48.096	ID:15	[INFO: App       ] Received response 'hello 11' from fd00::201:1:1:1
02:48.322	ID:14	[INFO: App       ] Sending request 11 to fd00::201:1:1:1
02:48.438	ID:1	[INFO: App       ] Received request 'hello 11' from fd00::20e:e:e:e
02:48.438	ID:1	[INFO: App       ] Sending response.
02:48.537	ID:14	[INFO: App       ] Received response 'hello 11' from fd00::201:1:1:1
02:48.684	ID:6	[INFO: App       ] Sending request 12 to fd00::201:1:1:1
02:48.783	ID:1	[INFO: App       ] Received request 'hello 12' from fd00::206:6:6:6
02:48.783	ID:1	[INFO: App       ] Sending response.
02:48.835	ID:6	[INFO: App       ] Received response 'hello 12' from fd00::201:1:1:1
02:48.908	ID:9	[INFO: App       ] Sending request 12 to fd00::201:1:1:1
02:49.021	ID:1	[INFO: App       ] Received request 'hello 12' from fd00::209:9:9:9
02:49.021	ID:1	[INFO: App       ] Sending response.
02:49.063	ID:9	[INFO: App       ] Received response 'hello 12' from fd00::201:1:1:1
02:51.230	ID:10	[INFO: App       ] Sending request 13 to fd00::201:1:1:1
02:51.299	ID:1	[INFO: App       ] Received request 'hello 13' from fd00::20a:a:a:a
02:51.299	ID:1	[INFO: App       ] Sending response.
02:51.379	ID:10	[INFO: App       ] Received response 'hello 13' from fd00::201:1:1:1
02:53.061	ID:11	[INFO: App       ] Sending request 13 to fd00::201:1:1:1
02:53.080	ID:3	[INFO: App       ] Sending request 14 to fd00::201:1:1:1
02:53.136	ID:1	[INFO: App       ] Received request 'hello 13' from fd00::20b:b:b:b
02:53.136	ID:1	[INFO: App       ] Sending response.
02:53.171	ID:1	[INFO: App       ] Received request 'hello 14' from fd00::203:3:3:3
02:53.171	ID:1	[INFO: App       ] Sending response.
02:53.225	ID:11	[INFO: App       ] Received response 'hello 13' from fd00::201:1:1:1
02:53.298	ID:3	[INFO: App       ] Received response 'hello 14' from fd00::201:1:1:1
02:54.220	ID:13	[INFO: App       ] Sending request 11 to fd00::201:1:1:1
02:54.325	ID:1	[INFO: App       ] Received request 'hello 11' from fd00::20d:d:d:d
02:54.325	ID:1	[INFO: App       ] Sending response.
02:54.424	ID:13	[INFO: App       ] Received response 'hello 11' from fd00::201:1:1:1
02:54.523	ID:7	[INFO: App       ] Sending request 12 to fd00::201:1:1:1
02:54.601	ID:1	[INFO: App       ] Received request 'hello 12' from fd00::207:7:7:7
02:54.601	ID:1	[INFO: App       ] Sending response.
02:54.671	ID:7	[INFO: App       ] Received response 'hello 12' from fd00::201:1:1:1
02:55.017	ID:5	[INFO: App       ] Sending request 14 to fd00::201:1:1:1
02:55.040	ID:1	[INFO: App       ] Received request 'hello 14' from fd00::205:5:5:5
02:55.040	ID:1	[INFO: App       ] Sending response.
02:55.114	ID:5	[INFO: App       ] Received response 'hello 14' from fd00::201:1:1:1
02:55.266	ID:4	[INFO: App       ] Sending request 14 to fd00::201:1:1:1
02:55.313	ID:1	[INFO: App       ] Received request 'hello 14' from fd00::204:4:4:4
02:55.313	ID:1	[INFO: App       ] Sending response.
02:55.332	ID:4	[INFO: App       ] Received response 'hello 14' from fd00::201:1:1:1
02:56.974	ID:8	[INFO: App       ] Sending request 13 to fd00::201:1:1:1
02:57.021	ID:1	[INFO: App       ] Received request 'hello 13' from fd00::208:8:8:8
02:57.021	ID:1	[INFO: App       ] Sending response.
02:57.145	ID:8	[INFO: App       ] Received response 'hello 13' from fd00::201:1:1:1
02:57.465	ID:15	[INFO: App       ] Sending request 12 to fd00::201:1:1:1
02:57.550	ID:12	[INFO: App       ] Sending request 12 to fd00::201:1:1:1
02:57.556	ID:14	[INFO: App       ] Sending request 12 to fd00::201:1:1:1
02:57.559	ID:1	[INFO: App       ] Received request 'hello 12' from fd00::20f:f:f:f
02:57.559	ID:1	[INFO: App       ] Sending response.
02:57.590	ID:1	[INFO: App       ] Received request 'hello 12' from fd00::20c:c:c:c
02:57.590	ID:1	[INFO: App       ] Sending response.
02:57.671	ID:15	[INFO: App       ] Received response 'hello 12' from fd00::201:1:1:1
02:57.761	ID:1	[INFO: App       ] Received request 'hello 12' from fd00::20e:e:e:e
02:57.761	ID:1	[INFO: App       ] Sending response.
02:57.823	ID:14	[INFO: App       ] Received response 'hello 12' from fd00::201:1:1:1
02:58.304	ID:9	[INFO: App       ] Sending request 13 to fd00::201:1:1:1
02:58.362	ID:1	[INFO: App       ] Received request 'hello 13' from fd00::209:9:9:9
02:58.362	ID:1	[INFO: App       ] Sending response.
02:58.415	ID:9	[INFO: App       ] Received response 'hello 13' from fd00::201:1:1:1
02:58.447	ID:2	[INFO: App       ] Sending request 14 to fd00::201:1:1:1
02:58.501	ID:1	[INFO: App       ] Received request 'hello 14' from fd00::202:2:2:2
02:58.501	ID:1	[INFO: App       ] Sending response.
02:58.548	ID:2	[INFO: App       ] Received response 'hello 14' from fd00::201:1:1:1
02:58.831	ID:6	[INFO: App       ] Sending request 13 to fd00::201:1:1:1
02:58.886	ID:1	[INFO: App       ] Received request 'hello 13' from fd00::206:6:6:6
02:58.886	ID:1	[INFO: App       ] Sending response.
02:58.955	ID:6	[INFO: App       ] Received response 'hello 13' from fd00::201:1:1:1
03:01.525	ID:10	[INFO: App       ] Sending request 14 to fd00::201:1:1:1
03:01.616	ID:1	[INFO: App       ] Received request 'hello 14' from fd00::20a:a:a:a
03:01.616	ID:1	[INFO: App       ] Sending response.
03:01.731	ID:10	[INFO: App       ] Received response 'hello 14' from fd00::201:1:1:1
03:02.186	ID:11	[INFO: App       ] Sending request 14 to fd00::201:1:1:1
03:02.282	ID:1	[INFO: App       ] Received request 'hello 14' from fd00::20b:b:b:b
03:02.282	ID:1	[INFO: App       ] Sending response.
03:02.311	ID:11	[INFO: App       ] Received response 'hello 14' from fd00::201:1:1:1
03:03.480	ID:3	[INFO: App       ] Sending request 15 to fd00::201:1:1:1
03:03.522	ID:1	[INFO: App       ] Received request 'hello 15' from fd00::203:3:3:3
03:03.522	ID:1	[INFO: App       ] Sending response.
03:03.580	ID:3	[INFO: App       ] Received response 'hello 15' from fd00::201:1:1:1
03:04.461	ID:5	[INFO: App       ] Sending request 15 to fd00::201:1:1:1
03:04.498	ID:1	[INFO: App       ] Received request 'hello 15' from fd00::205:5:5:5
03:04.498	ID:1	[INFO: App       ] Sending response.
03:04.542	ID:5	[INFO: App       ] Received response 'hello 15' from fd00::201:1:1:1
03:04.661	ID:13	[INFO: App       ] Sending request 12 to fd00::201:1:1:1
03:04.789	ID:1	[INFO: App       ] Received request 'hello 12' from fd00::20d:d:d:d
03:04.789	ID:1	[INFO: App       ] Sending response.
03:04.872	ID:13	[INFO: App       ] Received response 'hello 12' from fd00::201:1:1:1
03:05.359	ID:7	[INFO: App       ] Sending request 13 to fd00::201:1:1:1
03:05.419	ID:1	[INFO: App       ] Received request 'hello 13' from fd00::207:7:7:7
03:05.419	ID:1	[INFO: App       ] Sending response.
03:05.420	ID:4	[INFO: App       ] Sending request 15 to fd00::201:1:1:1
03:05.469	ID:1	[INFO: App       ] Received request 'hello 15' from fd00::204:4:4:4
03:05.469	ID:1	[INFO: App       ] Sending response.
03:05.502	ID:7	[INFO: App       ] Received response 'hello 13' from fd00::201:1:1:1
03:05.520	ID:4	[INFO: App       ] Received response 'hello 15' from fd00::201:1:1:1
03:06.088	ID:8	[INFO: App       ] Sending request 14 to fd00::201:1:1:1
03:06.154	ID:1	[INFO: App       ] Received request 'hello 14' from fd00::208:8:8:8
03:06.154	ID:1	[INFO: App       ] Sending response.
03:06.252	ID:8	[INFO: App       ] Received response 'hello 14' from fd00::201:1:1:1
03:06.682	ID:15	[INFO: App       ] Sending request 13 to fd00::201:1:1:1
03:06.758	ID:1	[INFO: App       ] Received request 'hello 13' from fd00::20f:f:f:f
03:06.758	ID:1	[INFO: App       ] Sending response.
03:06.828	ID:15	[INFO: App       ] Received response 'hello 13' from fd00::201:1:1:1
03:06.858	ID:14	[INFO: App       ] Sending request 13 to fd00::201:1:1:1
03:06.925	ID:1	[INFO: App       ] Received request 'hello 13' from fd00::20e:e:e:e
03:06.925	ID:1	[INFO: App       ] Sending response.
03:07.038	ID:14	[INFO: App       ] Received response 'hello 13' from fd00::201:1:1:1
03:08.338	ID:12	[INFO: App       ] Sending request 13 to fd00::201:1:1:1
03:08.401	ID:9	[INFO: App       ] Sending request 14 to fd00::201:1:1:1
03:08.454	ID:1	[INFO: App       ] Received request 'hello 14' from fd00::209:9:9:9
03:08.454	ID:1	[INFO: App       ] Sending response.
03:08.476	ID:1	[INFO: App       ] Received request 'hello 13' from fd00::20c:c:c:c
03:08.476	ID:1	[INFO: App       ] Sending response.
03:08.554	ID:9	[INFO: App       ] Received response 'hello 14' from fd00::201:1:1:1
03:08.602	ID:12	[INFO: App       ] Received response 'hello 13' from fd00::201:1:1:1
03:08.989	ID:6	[INFO: App       ] Sending request 14 to fd00::201:1:1:1
03:09.070	ID:1	[INFO: App       ] Received request 'hello 14' from fd00::206:6:6:6
03:09.070	ID:1	[INFO: App       ] Sending response.
03:09.135	ID:6	[INFO: App       ] Received response 'hello 14' from fd00::201:1:1:1
03:09.137	ID:2	[INFO: App       ] Sending request 15 to fd00::201:1:1:1
03:09.188	ID:1	[INFO: App       ] Received request 'hello 15' from fd00::202:2:2:2
03:09.188	ID:1	[INFO: App       ] Sending response.
03:09.216	ID:2	[INFO: App       ] Received response 'hello 15' from fd00::201:1:1:1
03:10.542	ID:10	[INFO: App       ] Sending request 15 to fd00::201:1:1:1
03:10.618	ID:1	[INFO: App       ] Received request 'hello 15' from fd00::20a:a:a:a
03:10.618	ID:1	[INFO: App       ] Sending response.
03:10.711	ID:10	[INFO: App       ] Received response 'hello 15' from fd00::201:1:1:1
03:13.080	ID:11	[INFO: App       ] Sending request 15 to fd00::201:1:1:1
03:13.174	ID:1	[INFO: App       ] Received request 'hello 15' from fd00::20b:b:b:b
03:13.174	ID:1	[INFO: App       ] Sending response.
03:13.229	ID:11	[INFO: App       ] Received response 'hello 15' from fd00::201:1:1:1
03:13.491	ID:3	[INFO: App       ] Sending request 16 to fd00::201:1:1:1
03:13.549	ID:1	[INFO: App       ] Received request 'hello 16' from fd00::203:3:3:3
03:13.549	ID:1	[INFO: App       ] Sending response.
03:13.604	ID:3	[INFO: App       ] Received response 'hello 16' from fd00::201:1:1:1
03:14.334	ID:13	[INFO: App       ] Sending request 13 to fd00::201:1:1:1
03:14.399	ID:1	[INFO: App       ] Received request 'hello 13' from fd00::20d:d:d:d
03:14.399	ID:1	[INFO: App       ] Sending response.
03:14.490	ID:13	[INFO: App       ] Received response 'hello 13' from fd00::201:1:1:1
03:15.155	ID:5	[INFO: App       ] Sending request 16 to fd00::201:1:1:1
03:15.202	ID:1	[INFO: App       ] Received request 'hello 16' from fd00::205:5:5:5
03:15.202	ID:1	[INFO: App       ] Sending response.
03:15.235	ID:5	[INFO: App       ] Received response 'hello 16' from fd00::201:1:1:1
03:15.433	ID:7	[INFO: App       ] Sending request 14 to fd00::201:1:1:1
03:15.531	ID:1	[INFO: App       ] Received request 'hello 14' from fd00::207:7:7:7
03:15.531	ID:1	[INFO: App       ] Sending response.
03:15.587	ID:7	[INFO: App       ] Received response 'hello 14' from fd00::201:1:1:1
03:16.030	ID:14	[INFO: App       ] Sending request 14 to fd00::201:1:1:1
03:16.145	ID:1	[INFO: App       ] Received request 'hello 14' from fd00::20e:e:e:e
03:16.145	ID:1	[INFO: App       ] Sending response.
03:16.248	ID:14	[INFO: App       ] Received response 'hello 14' from fd00::201:1:1:1
03:16.295	ID:4	[INFO: App       ] Sending request 16 to fd00::201:1:1:1
03:16.325	ID:1	[INFO: App       ] Received request 'hello 16' from fd00::204:4:4:4
03:16.325	ID:1	[INFO: App       ] Sending response.
03:16.375	ID:4	[INFO: App       ] Received response 'hello 16' from fd00::201:1:1:1
03:16.526	ID:8	[INFO: App       ] Sending request 15 to fd00::201:1:1:1
03:16.607	ID:1	[INFO: App       ] Received request 'hello 15' from fd00::208:8:8:8
03:16.607	ID:1	[INFO: App       ] Sending response.
03:16.657	ID:8	[INFO: App       ] Received response 'hello 15' from fd00::201:1:1:1
03:17.261	ID:15	[INFO: App       ] Sending request 14 to fd00::201:1:1:1
03:17.360	ID:1	[INFO: App       ] Received request 'hello 14' from fd00::20f:f:f:f
03:17.360	ID:1	[INFO: App       ] Sending response.
03:17.438	ID:15	[INFO: App       ] Received response 'hello 14' from fd00::201:1:1:1
03:18.836	ID:12	[INFO: App       ] Sending request 14 to fd00::201:1:1:1
03:18.950	ID:1	[INFO: App       ] Received request 'hello 14' from fd00::20c:c:c:c
03:18.950	ID:1	[INFO: App       ] Sending response.
03:19.076	ID:12	[INFO: App       ] Received response 'hello 14' from fd00::201:1:1:1
03:19.114	ID:9	[INFO: App       ] Sending request 15 to fd00::201:1:1:1
03:19.155	ID:6	[INFO: App       ] Sending request 15 to fd00::201:1:1:1
03:19.163	ID:1	[INFO: App       ] Received request 'hello 15' from fd00::209:9:9:9
03:19.163	ID:1	[INFO: App       ] Sending response.
03:19.254	ID:1	[INFO: App       ] Received request 'hello 15' from fd00::206:6:6:6
03:19.254	ID:1	[INFO: App       ] Sending response.
03:19.311	ID:9	[INFO: App       ] Received response 'hello 15' from fd00::201:1:1:1
03:19.363	ID:6	[INFO: App       ] Received response 'hello 15' from fd00::201:1:1:1
03:19.746	ID:2	[INFO: App       ] Sending request 16 to fd00::201:1:1:1
03:19.763	ID:1	[INFO: App       ] Received request 'hello 16' from fd00::202:2:2:2
03:19.763	ID:1	[INFO: App       ] Sending response.
03:19.835	ID:2	[INFO: App       ] Received response 'hello 16' from fd00::201:1:1:1
03:21.203	ID:10	[INFO: App       ] Sending request 16 to fd00::201:1:1:1
03:21.277	ID:1	[INFO: App       ] Received request 'hello 16' from fd00::20a:a:a:a
03:21.277	ID:1	[INFO: App       ] Sending response.
03:21.341	ID:10	[INFO: App       ] Received response 'hello 16' from fd00::201:1:1:1
03:22.793	ID:11	[INFO: App       ] Sending request 16 to fd00::201:1:1:1
03:22.879	ID:1	[INFO: App       ] Received request 'hello 16' from fd00::20b:b:b:b
03:22.879	ID:1	[INFO: App       ] Sending response.
03:22.932	ID:11	[INFO: App       ] Received response 'hello 16' from fd00::201:1:1:1
03:23.845	ID:13	[INFO: App       ] Sending request 14 to fd00::201:1:1:1
03:23.942	ID:1	[INFO: App       ] Received request 'hello 14' from fd00::20d:d:d:d
03:23.942	ID:1	[INFO: App       ] Sending response.
03:24.049	ID:13	[INFO: App       ] Received response 'hello 14' from fd00::201:1:1:1
03:24.413	ID:3	[INFO: App       ] Sending request 17 to fd00::201:1:1:1
03:24.451	ID:1	[INFO: App       ] Received request 'hello 17' from fd00::203:3:3:3
03:24.451	ID:1	[INFO: App       ] Sending response.
03:24.481	ID:3	[INFO: App       ] Received response 'hello 17' from fd00::201:1:1:1
03:24.501	ID:7	[INFO: App       ] Sending request 15 to fd00::201:1:1:1
03:24.568	ID:5	[INFO: App       ] Sending request 17 to fd00::201:1:1:1
03:24.607	ID:1	[INFO: App       ] Received request 'hello 17' from fd00::205:5:5:5
03:24.607	ID:1	[INFO: App       ] Sending response.
03:24.637	ID:5	[INFO: App       ] Received response 'hello 17' from fd00::201:1:1:1
03:24.649	ID:1	[INFO: App       ] Received request 'hello 15' from fd00::207:7:7:7
03:24.649	ID:1	[INFO: App       ] Sending response.
03:24.742	ID:7	[INFO: App       ] Received response 'hello 15' from fd00::201:1:1:1
03:25.142	ID:14	[INFO: App       ] Sending request 15 to fd00::201:1:1:1
03:25.222	ID:1	[INFO: App       ] Received request 'hello 15' from fd00::20e:e:e:e
03:25.222	ID:1	[INFO: App       ] Sending response.
03:25.291	ID:14	[INFO: App       ] Received response 'hello 15' from fd00::201:1:1:1
03:25.406	ID:4	[INFO: App       ] Sending request 17 to fd00::201:1:1:1
03:25.464	ID:1	[INFO: App       ] Received request 'hello 17' from fd00::204:4:4:4
03:25.464	ID:1	[INFO: App       ] Sending response.
03:25.480	ID:4	[INFO: App       ] Received response 'hello 17' from fd00::201:1:1:1
03:26.997	ID:8	[INFO: App       ] Sending request 16 to fd00::201:1:1:1
03:27.046	ID:1	[INFO: App       ] Received request 'hello 16' from fd00::208:8:8:8
03:27.046	ID:1	[INFO: App       ] Sending response.
03:27.167	ID:8	[INFO: App       ] Received response 'hello 16' from fd00::201:1:1:1
03:27.669	ID:15	[INFO: App       ] Sending request 15 to fd00::201:1:1:1
03:27.766	ID:1	[INFO: App       ] Received request 'hello 15' from fd00::20f:f:f:f
03:27.766	ID:1	[INFO: App       ] Sending response.
03:27.918	ID:12	[INFO: App       ] Sending request 15 to fd00::201:1:1:1
03:27.918	ID:15	[INFO: App       ] Received response 'hello 15' from fd00::201:1:1:1
03:28.040	ID:1	[INFO: App       ] Received request 'hello 15' from fd00::20c:c:c:c
03:28.040	ID:1	[INFO: App       ] Sending response.
03:28.117	ID:12	[INFO: App       ] Received response 'hello 15' from fd00::201:1:1:1
03:28.761	ID:6	[INFO: App       ] Sending request 16 to fd00::201:1:1:1
03:28.842	ID:1	[INFO: App       ] Received request 'hello 16' from fd00::206:6:6:6
03:28.842	ID:1	[INFO: App       ] Sending response.
03:28.912	ID:6	[INFO: App       ] Received response 'hello 16' from fd00::201:1:1:1
03:29.360	ID:9	[INFO: App       ] Sending request 16 to fd00::201:1:1:1
03:29.454	ID:1	[INFO: App       ] Received request 'hello 16' from fd00::209:9:9:9
03:29.454	ID:1	[INFO: App       ] Sending response.
03:29.513	ID:9	[INFO: App       ] Received response 'hello 16' from fd00::201:1:1:1
03:30.201	ID:2	[INFO: App       ] Sending request 17 to fd00::201:1:1:1
03:30.237	ID:1	[INFO: App       ] Received request 'hello 17' from fd00::202:2:2:2
03:30.237	ID:1	[INFO: App       ] Sending response.
03:30.320	ID:2	[INFO: App       ] Received response 'hello 17' from fd00::201:1:1:1
03:30.536	ID:10	[INFO: App       ] Sending request 17 to fd00::201:1:1:1
03:30.607	ID:1	[INFO: App       ] Received request 'hello 17' from fd00::20a:a:a:a
03:30.607	ID:1	[INFO: App       ] Sending response.
03:30.662	ID:10	[INFO: App       ] Received response 'hello 17' from fd00::201:1:1:1
03:33.048	ID:13	[INFO: App       ] Sending request 15 to fd00::201:1:1:1
03:33.160	ID:1	[INFO: App       ] Received request 'hello 15' from fd00::20d:d:d:d
03:33.160	ID:1	[INFO: App       ] Sending response.
03:33.233	ID:13	[INFO: App       ] Received response 'hello 15' from fd00::201:1:1:1
03:33.435	ID:11	[INFO: App       ] Sending request 17 to fd00::201:1:1:1
03:33.534	ID:1	[INFO: App       ] Received request 'hello 17' from fd00::20b:b:b:b
03:33.534	ID:1	[INFO: App       ] Sending response.
03:33.576	ID:11	[INFO: App       ] Received response 'hello 17' from fd00::201:1:1:1
03:34.231	ID:3	[INFO: App       ] Sending request 18 to fd00::201:1:1:1
03:34.304	ID:1	[INFO: App       ] Received request 'hello 18' from fd00::203:3:3:3
03:34.304	ID:1	[INFO: App       ] Sending response.
03:34.357	ID:3	[INFO: App       ] Received response 'hello 18' from fd00::201:1:1:1
03:34.370	ID:5	[INFO: App       ] Sending request 18 to fd00::201:1:1:1
03:34.429	ID:1	[INFO: App       ] Received request 'hello 18' from fd00::205:5:5:5
03:34.429	ID:1	[INFO: App       ] Sending response.
03:34.459	ID:5	[INFO: App       ] Received response 'hello 18' from fd00::201:1:1:1
03:34.636	ID:7	[INFO: App       ] Sending request 16 to fd00::201:1:1:1
03:34.698	ID:1	[INFO: App       ] Received request 'hello 16' from fd00::207:7:7:7
03:34.698	ID:1	[INFO: App       ] Sending response.
03:34.769	ID:7	[INFO: App       ] Received response 'hello 16' from fd00::201:1:1:1
03:35.651	ID:14	[INFO: App       ] Sending request 16 to fd00::201:1:1:1
03:35.732	ID:1	[INFO: App       ] Received request 'hello 16' from fd00::20e:e:e:e
03:35.732	ID:1	[INFO: App       ] Sending response.
03:35.821	ID:14	[INFO: App       ] Received response 'hello 16' from fd00::201:1:1:1
03:36.146	ID:8	[INFO: App       ] Sending request 17 to fd00::201:1:1:1
03:36.225	ID:1	[INFO: App       ] Received request 'hello 17' from fd00::208:8:8:8
03:36.225	ID:1	[INFO: App       ] Sending response.
03:36.314	ID:8	[INFO: App       ] Received response 'hello 17' from fd00::201:1:1:1
03:36.399	ID:4	[INFO: App       ] Sending request 18 to fd00::201:1:1:1
03:36.464	ID:1	[INFO: App       ] Received request 'hello 18' from fd00::204:4:4:4
03:36.464	ID:1	[INFO: App       ] Sending response.
03:36.542	ID:4	[INFO: App       ] Received response 'hello 18' from fd00::201:1:1:1
03:37.329	ID:15	[INFO: App       ] Sending request 16 to fd00::201:1:1:1
03:37.407	ID:1	[INFO: App       ] Received request 'hello 16' from fd00::20f:f:f:f
03:37.407	ID:1	[INFO: App       ] Sending response.
03:37.491	ID:15	[INFO: App       ] Received response 'hello 16' from fd00::201:1:1:1
03:38.580	ID:12	[INFO: App       ] Sending request 16 to fd00::201:1:1:1
03:38.685	ID:1	[INFO: App       ] Received request 'hello 16' from fd00::20c:c:c:c
03:38.685	ID:1	[INFO: App       ] Sending response.
03:38.767	ID:12	[INFO: App       ] Received response 'hello 16' from fd00::201:1:1:1
03:39.067	ID:6	[INFO: App       ] Sending request 17 to fd00::201:1:1:1
03:39.106	ID:9	[INFO: App       ] Sending request 17 to fd00::201:1:1:1
03:39.139	ID:1	[INFO: App       ] Received request 'hello 17' from fd00::206:6:6:6
03:39.139	ID:1	[INFO: App       ] Sending response.
03:39.182	ID:1	[INFO: App       ] Received request 'hello 17' from fd00::209:9:9:9
03:39.182	ID:1	[INFO: App       ] Sending response.
03:39.188	ID:6	[INFO: App       ] Received response 'hello 17' from fd00::201:1:1:1
03:39.246	ID:9	[INFO: App       ] Received response 'hello 17' from fd00::201:1:1:1
03:40.320	ID:2	[INFO: App       ] Sending request 18 to fd00::201:1:1:1
03:40.351	ID:1	[INFO: App       ] Received request 'hello 18' from fd00::202:2:2:2
03:40.351	ID:1	[INFO: App       ] Sending response.
03:40.402	ID:2	[INFO: App       ] Received response 'hello 18' from fd00::201:1:1:1
03:41.315	ID:10	[INFO: App       ] Sending request 18 to fd00::201:1:1:1
03:41.370	ID:1	[INFO: App       ] Received request 'hello 18' from fd00::20a:a:a:a
03:41.370	ID:1	[INFO: App       ] Sending response.
03:41.433	ID:10	[INFO: App       ] Received response 'hello 18' from fd00::201:1:1:1
03:43.380	ID:11	[INFO: App       ] Sending request 18 to fd00::201:1:1:1
03:43.459	ID:1	[INFO: App       ] Received request 'hello 18' from fd00::20b:b:b:b
03:43.459	ID:1	[INFO: App       ] Sending response.
03:43.551	ID:11	[INFO: App       ] Received response 'hello 18' from fd00::201:1:1:1
03:43.902	ID:13	[INFO: App       ] Sending request 16 to fd00::201:1:1:1
03:43.971	ID:1	[INFO: App       ] Received request 'hello 16' from fd00::20d:d:d:d
03:43.971	ID:1	[INFO: App       ] Sending response.
03:44.072	ID:13	[INFO: App       ] Received response 'hello 16' from fd00::201:1:1:1
03:44.090	ID:3	[INFO: App       ] Sending request 19 to fd00::201:1:1:1
03:44.109	ID:1	[INFO: App       ] Received request 'hello 19' from fd00::203:3:3:3
03:44.109	ID:1	[INFO: App       ] Sending response.
03:44.148	ID:3	[INFO: App       ] Received response 'hello 19' from fd00::201:1:1:1
03:44.292	ID:5	[INFO: App       ] Sending request 19 to fd00::201:1:1:1
03:44.345	ID:1	[INFO: App       ] Received request 'hello 19' from fd00::205:5:5:5
03:44.345	ID:1	[INFO: App       ] Sending response.
03:44.393	ID:5	[INFO: App       ] Received response 'hello 19' from fd00::201:1:1:1
03:44.966	ID:7	[INFO: App       ] Sending request 17 to fd00::201:1:1:1
03:45.030	ID:1	[INFO: App       ] Received request 'hello 17' from fd00::207:7:7:7
03:45.030	ID:1	[INFO: App       ] Sending response.
03:45.097	ID:7	[INFO: App       ] Received response 'hello 17' from fd00::201:1:1:1
03:45.406	ID:8	[INFO: App       ] Sending request 18 to fd00::201:1:1:1
03:45.486	ID:1	[INFO: App       ] Received request 'hello 18' from fd00::208:8:8:8
03:45.486	ID:1	[INFO: App       ] Sending response.
03:45.558	ID:8	[INFO: App       ] Received response 'hello 18' from fd00::201:1:1:1
03:46.122	ID:14	[INFO: App       ] Sending request 17 to fd00::201:1:1:1
03:46.211	ID:1	[INFO: App       ] Received request 'hello 17' from fd00::20e:e:e:e
03:46.211	ID:1	[INFO: App       ] Sending response.
03:46.309	ID:14	[INFO: App       ] Received response 'hello 17' from fd00::201:1:1:1
03:46.651	ID:4	[INFO: App       ] Sending request 19 to fd00::201:1:1:1
03:46.716	ID:1	[INFO: App       ] Received request 'hello 19' from fd00::204:4:4:4
03:46.716	ID:1	[INFO: App       ] Sending response.
03:46.774	ID:4	[INFO: App       ] Received response 'hello 19' from fd00::201:1:1:1
03:47.745	ID:15	[INFO: App       ] Sending request 17 to fd00::201:1:1:1
03:47.815	ID:1	[INFO: App       ] Received request 'hello 17' from fd00::20f:f:f:f
03:47.815	ID:1	[INFO: App       ] Sending response.
03:47.867	ID:15	[INFO: App       ] Received response 'hello 17' from fd00::201:1:1:1
03:48.620	ID:6	[INFO: App       ] Sending request 18 to fd00::201:1:1:1
03:48.677	ID:1	[INFO: App       ] Received request 'hello 18' from fd00::206:6:6:6
03:48.677	ID:1	[INFO: App       ] Sending response.
03:48.745	ID:6	[INFO: App       ] Received response 'hello 18' from fd00::201:1:1:1
03:48.791	ID:12	[INFO: App       ] Sending request 17 to fd00::201:1:1:1
03:48.873	ID:1	[INFO: App       ] Received request 'hello 17' from fd00::20c:c:c:c
03:48.873	ID:1	[INFO: App       ] Sending response.
03:49.016	ID:12	[INFO: App       ] Received response 'hello 17' from fd00::201:1:1:1
03:49.438	ID:9	[INFO: App       ] Sending request 18 to fd00::201:1:1:1
03:49.489	ID:1	[INFO: App       ] Received request 'hello 18' from fd00::209:9:9:9
03:49.489	ID:1	[INFO: App       ] Sending response.
03:49.586	ID:9	[INFO: App       ] Received response 'hello 18' from fd00::201:1:1:1
03:50.333	ID:2	[INFO: App       ] Sending request 19 to fd00::201:1:1:1
03:50.394	ID:10	[INFO: App       ] Sending request 19 to fd00::201:1:1:1
03:50.414	ID:1	[INFO: App       ] Received request 'hello 19' from fd00::202:2:2:2
03:50.414	ID:1	[INFO: App       ] Sending response.
03:50.460	ID:2	[INFO: App       ] Received response 'hello 19' from fd00::201:1:1:1
03:50.547	ID:1	[INFO: App       ] Received request 'hello 19' from fd00::20a:a:a:a
03:50.547	ID:1	[INFO: App       ] Sending response.
03:50.622	ID:10	[INFO: App       ] Received response 'hello 19' from fd00::201:1:1:1
03:53.165	ID:3	[INFO: App       ] Tx/Rx/MissedTx: 20/20/0
03:53.165	ID:3	[INFO: App       ] Sending request 20 to fd00::201:1:1:1
03:53.242	ID:1	[INFO: App       ] Received request 'hello 20' from fd00::203:3:3:3
03:53.242	ID:1	[INFO: App       ] Sending response.
03:53.296	ID:3	[INFO: App       ] Received response 'hello 20' from fd00::201:1:1:1
03:54.014	ID:5	[INFO: App       ] Tx/Rx/MissedTx: 20/20/0
03:54.014	ID:5	[INFO: App       ] Sending request 20 to fd00::201:1:1:1
03:54.050	ID:1	[INFO: App       ] Received request 'hello 20' from fd00::205:5:5:5
03:54.050	ID:1	[INFO: App       ] Sending response.
03:54.110	ID:5	[INFO: App       ] Received response 'hello 20' from fd00::201:1:1:1
03:54.125	ID:13	[INFO: App       ] Sending request 17 to fd00::201:1:1:1
03:54.198	ID:11	[INFO: App       ] Sending request 19 to fd00::201:1:1:1
03:54.210	ID:1	[INFO: App       ] Received request 'hello 17' from fd00::20d:d:d:d
03:54.210	ID:1	[INFO: App       ] Sending response.
03:54.284	ID:1	[INFO: App       ] Received request 'hello 19' from fd00::20b:b:b:b
03:54.284	ID:1	[INFO: App       ] Sending response.
03:54.331	ID:11	[INFO: App       ] Received response 'hello 19' from fd00::201:1:1:1
03:54.345	ID:13	[INFO: App       ] Received response 'hello 17' from fd00::201:1:1:1
03:55.076	ID:7	[INFO: App       ] Sending request 18 to fd00::201:1:1:1
03:55.117	ID:1	[INFO: App       ] Received request 'hello 18' from fd00::207:7:7:7
03:55.117	ID:1	[INFO: App       ] Sending response.
03:55.195	ID:7	[INFO: App       ] Received response 'hello 18' from fd00::201:1:1:1
03:55.726	ID:8	[INFO: App       ] Sending request 19 to fd00::201:1:1:1
03:55.791	ID:1	[INFO: App       ] Received request 'hello 19' from fd00::208:8:8:8
03:55.791	ID:1	[INFO: App       ] Sending response.
03:55.797	ID:14	[INFO: App       ] Sending request 18 to fd00::201:1:1:1
03:55.889	ID:1	[INFO: App       ] Received request 'hello 18' from fd00::20e:e:e:e
03:55.889	ID:1	[INFO: App       ] Sending response.
03:55.945	ID:8	[INFO: App       ] Received response 'hello 19' from fd00::201:1:1:1
03:55.989	ID:14	[INFO: App       ] Received response 'hello 18' from fd00::201:1:1:1
03:57.028	ID:4	[INFO: App       ] Tx/Rx/MissedTx: 20/20/0
03:57.028	ID:4	[INFO: App       ] Sending request 20 to fd00::201:1:1:1
03:57.077	ID:1	[INFO: App       ] Received request 'hello 20' from fd00::204:4:4:4
03:57.077	ID:1	[INFO: App       ] Sending response.
03:57.141	ID:4	[INFO: App       ] Received response 'hello 20' from fd00::201:1:1:1
03:57.757	ID:6	[INFO: App       ] Sending request 19 to fd00::201:1:1:1
03:57.848	ID:1	[INFO: App       ] Received request 'hello 19' from fd00::206:6:6:6
03:57.848	ID:1	[INFO: App       ] Sending response.
03:57.926	ID:6	[INFO: App       ] Received response 'hello 19' from fd00::201:1:1:1
03:58.092	ID:12	[INFO: App       ] Sending request 18 to fd00::201:1:1:1
03:58.154	ID:1	[INFO: App       ] Received request 'hello 18' from fd00::20c:c:c:c
03:58.154	ID:1	[INFO: App       ] Sending response.
03:58.173	ID:15	[INFO: App       ] Sending request 18 to fd00::201:1:1:1
03:58.256	ID:12	[INFO: App       ] Received response 'hello 18' from fd00::201:1:1:1
03:58.320	ID:1	[INFO: App       ] Received request 'hello 18' from fd00::20f:f:f:f
03:58.320	ID:1	[INFO: App       ] Sending response.
03:58.404	ID:15	[INFO: App       ] Received response 'hello 18' from fd00::201:1:1:1
03:59.815	ID:10	[INFO: App       ] Tx/Rx/MissedTx: 20/20/0
03:59.815	ID:10	[INFO: App       ] Sending request 20 to fd00::201:1:1:1
03:59.909	ID:1	[INFO: App       ] Received request 'hello 20' from fd00::20a:a:a:a
03:59.909	ID:1	[INFO: App       ] Sending response.
03:59.961	ID:10	[INFO: App       ] Received response 'hello 20' from fd00::201:1:1:1
04:00.342	ID:9	[INFO: App       ] Sending request 19 to fd00::201:1:1:1
04:00.441	ID:1	[INFO: App       ] Received request 'hello 19' from fd00::209:9:9:9
04:00.441	ID:1	[INFO: App       ] Sending response.
04:00.473	ID:16	[WARN: BLACKHOLE ] BLACKHOLE ATTACK: enabled
04:00.539	ID:9	[INFO: App       ] Received response 'hello 19' from fd00::201:1:1:1
04:01.013	ID:2	[INFO: App       ] Tx/Rx/MissedTx: 20/20/0
04:01.013	ID:2	[INFO: App       ] Sending request 20 to fd00::201:1:1:1
04:01.055	ID:16	[WARN: IPv6      ] BLACKHOLE: forward check hit
04:01.055	ID:16	[WARN: IPv6      ] BLACKHOLE: dropping forwarded packet
04:03.324	ID:5	[INFO: App       ] Sending request 21 to fd00::201:1:1:1
04:03.356	ID:13	[INFO: App       ] Sending request 18 to fd00::201:1:1:1
04:03.356	ID:16	[WARN: IPv6      ] BLACKHOLE: forward check hit
04:03.356	ID:16	[WARN: IPv6      ] BLACKHOLE: dropping forwarded packet
04:03.422	ID:16	[WARN: IPv6      ] BLACKHOLE: forward check hit
04:03.422	ID:16	[WARN: IPv6      ] BLACKHOLE: dropping forwarded packet
04:04.069	ID:11	[INFO: App       ] Tx/Rx/MissedTx: 20/20/0
04:04.069	ID:11	[INFO: App       ] Sending request 20 to fd00::201:1:1:1
04:04.117	ID:3	[INFO: App       ] Sending request 21 to fd00::201:1:1:1
04:04.130	ID:16	[WARN: IPv6      ] BLACKHOLE: forward check hit
04:04.130	ID:16	[WARN: IPv6      ] BLACKHOLE: dropping forwarded packet
04:04.151	ID:16	[WARN: IPv6      ] BLACKHOLE: forward check hit
04:04.151	ID:16	[WARN: IPv6      ] BLACKHOLE: dropping forwarded packet
04:05.006	ID:14	[INFO: App       ] Sending request 19 to fd00::201:1:1:1
04:05.055	ID:16	[WARN: IPv6      ] BLACKHOLE: forward check hit
04:05.055	ID:16	[WARN: IPv6      ] BLACKHOLE: dropping forwarded packet
04:05.216	ID:7	[INFO: App       ] Sending request 19 to fd00::201:1:1:1
04:05.279	ID:16	[WARN: IPv6      ] BLACKHOLE: forward check hit
04:05.279	ID:16	[WARN: IPv6      ] BLACKHOLE: dropping forwarded packet
04:06.012	ID:8	[INFO: App       ] Tx/Rx/MissedTx: 20/20/0
04:06.012	ID:8	[INFO: App       ] Sending request 20 to fd00::201:1:1:1
04:06.077	ID:16	[WARN: IPv6      ] BLACKHOLE: forward check hit
04:06.077	ID:16	[WARN: IPv6      ] BLACKHOLE: dropping forwarded packet
04:06.550	ID:4	[INFO: App       ] Sending request 21 to fd00::201:1:1:1
04:06.578	ID:16	[WARN: IPv6      ] BLACKHOLE: forward check hit
04:06.578	ID:16	[WARN: IPv6      ] BLACKHOLE: dropping forwarded packet
04:07.182	ID:12	[INFO: App       ] Sending request 19 to fd00::201:1:1:1
04:07.239	ID:16	[WARN: IPv6      ] BLACKHOLE: forward check hit
04:07.239	ID:16	[WARN: IPv6      ] BLACKHOLE: dropping forwarded packet
04:08.269	ID:15	[INFO: App       ] Sending request 19 to fd00::201:1:1:1
04:08.336	ID:16	[WARN: IPv6      ] BLACKHOLE: forward check hit
04:08.336	ID:16	[WARN: IPv6      ] BLACKHOLE: dropping forwarded packet
04:08.663	ID:6	[INFO: App       ] Tx/Rx/MissedTx: 20/19/0
04:08.663	ID:6	[INFO: App       ] Sending request 20 to fd00::201:1:1:1
04:08.700	ID:16	[WARN: IPv6      ] BLACKHOLE: forward check hit
04:08.700	ID:16	[WARN: IPv6      ] BLACKHOLE: dropping forwarded packet
04:09.221	ID:10	[INFO: App       ] Sending request 21 to fd00::201:1:1:1
04:09.262	ID:16	[WARN: IPv6      ] BLACKHOLE: forward check hit
04:09.262	ID:16	[WARN: IPv6      ] BLACKHOLE: dropping forwarded packet
04:09.349	ID:9	[INFO: App       ] Tx/Rx/MissedTx: 20/20/0
04:09.349	ID:9	[INFO: App       ] Sending request 20 to fd00::201:1:1:1
04:09.370	ID:16	[WARN: IPv6      ] BLACKHOLE: forward check hit
04:09.370	ID:16	[WARN: IPv6      ] BLACKHOLE: dropping forwarded packet
04:11.138	ID:2	[INFO: App       ] Sending request 21 to fd00::201:1:1:1
04:11.156	ID:16	[WARN: IPv6      ] BLACKHOLE: forward check hit
04:11.156	ID:16	[WARN: IPv6      ] BLACKHOLE: dropping forwarded packet
04:12.343	ID:5	[INFO: App       ] Sending request 22 to fd00::201:1:1:1
04:12.350	ID:16	[WARN: IPv6      ] BLACKHOLE: forward check hit
04:12.350	ID:16	[WARN: IPv6      ] BLACKHOLE: dropping forwarded packet
04:14.158	ID:3	[INFO: App       ] Sending request 22 to fd00::201:1:1:1
04:14.172	ID:16	[WARN: IPv6      ] BLACKHOLE: forward check hit
04:14.172	ID:16	[WARN: IPv6      ] BLACKHOLE: dropping forwarded packet
04:14.289	ID:13	[INFO: App       ] Sending request 19 to fd00::201:1:1:1
04:14.371	ID:16	[WARN: IPv6      ] BLACKHOLE: forward check hit
04:14.371	ID:16	[WARN: IPv6      ] BLACKHOLE: dropping forwarded packet
04:14.733	ID:14	[INFO: App       ] Tx/Rx/MissedTx: 20/19/0
04:14.733	ID:14	[INFO: App       ] Sending request 20 to fd00::201:1:1:1
04:14.825	ID:16	[WARN: IPv6      ] BLACKHOLE: forward check hit
04:14.825	ID:16	[WARN: IPv6      ] BLACKHOLE: dropping forwarded packet
04:14.973	ID:11	[INFO: App       ] Sending request 21 to fd00::201:1:1:1
04:15.032	ID:16	[WARN: IPv6      ] BLACKHOLE: forward check hit
04:15.032	ID:16	[WARN: IPv6      ] BLACKHOLE: dropping forwarded packet
04:15.920	ID:7	[INFO: App       ] Tx/Rx/MissedTx: 20/19/0
04:15.920	ID:7	[INFO: App       ] Sending request 20 to fd00::201:1:1:1
04:15.964	ID:4	[INFO: App       ] Sending request 22 to fd00::201:1:1:1
04:15.974	ID:16	[WARN: IPv6      ] BLACKHOLE: forward check hit
04:15.974	ID:16	[WARN: IPv6      ] BLACKHOLE: dropping forwarded packet
04:16.011	ID:16	[WARN: IPv6      ] BLACKHOLE: forward check hit
04:16.011	ID:16	[WARN: IPv6      ] BLACKHOLE: dropping forwarded packet
04:16.946	ID:8	[INFO: App       ] Sending request 21 to fd00::201:1:1:1
04:17.026	ID:16	[WARN: IPv6      ] BLACKHOLE: forward check hit
04:17.026	ID:16	[WARN: IPv6      ] BLACKHOLE: dropping forwarded packet
04:17.706	ID:15	[INFO: App       ] Tx/Rx/MissedTx: 20/19/0
04:17.706	ID:15	[INFO: App       ] Sending request 20 to fd00::201:1:1:1
04:17.753	ID:16	[WARN: IPv6      ] BLACKHOLE: forward check hit
04:17.753	ID:16	[WARN: IPv6      ] BLACKHOLE: dropping forwarded packet
04:18.113	ID:12	[INFO: App       ] Tx/Rx/MissedTx: 20/18/0
04:18.113	ID:12	[INFO: App       ] Sending request 20 to fd00::201:1:1:1
04:18.181	ID:16	[WARN: IPv6      ] BLACKHOLE: forward check hit
04:18.181	ID:16	[WARN: IPv6      ] BLACKHOLE: dropping forwarded packet
04:18.976	ID:6	[INFO: App       ] Sending request 21 to fd00::201:1:1:1
04:19.006	ID:16	[WARN: IPv6      ] BLACKHOLE: forward check hit
04:19.006	ID:16	[WARN: IPv6      ] BLACKHOLE: dropping forwarded packet
04:19.235	ID:9	[INFO: App       ] Sending request 21 to fd00::201:1:1:1
04:19.292	ID:16	[WARN: IPv6      ] BLACKHOLE: forward check hit
04:19.292	ID:16	[WARN: IPv6      ] BLACKHOLE: dropping forwarded packet
04:20.025	ID:10	[INFO: App       ] Sending request 22 to fd00::201:1:1:1
04:20.078	ID:16	[WARN: IPv6      ] BLACKHOLE: forward check hit
04:20.078	ID:16	[WARN: IPv6      ] BLACKHOLE: dropping forwarded packet
04:20.269	ID:2	[INFO: App       ] Sending request 22 to fd00::201:1:1:1
04:20.276	ID:16	[WARN: IPv6      ] BLACKHOLE: forward check hit
04:20.276	ID:16	[WARN: IPv6      ] BLACKHOLE: dropping forwarded packet
04:21.770	ID:5	[INFO: App       ] Sending request 23 to fd00::201:1:1:1
04:21.814	ID:16	[WARN: IPv6      ] BLACKHOLE: forward check hit
04:21.814	ID:16	[WARN: IPv6      ] BLACKHOLE: dropping forwarded packet
04:23.692	ID:13	[INFO: App       ] Tx/Rx/MissedTx: 20/18/0
04:23.692	ID:13	[INFO: App       ] Sending request 20 to fd00::201:1:1:1
04:23.786	ID:16	[WARN: IPv6      ] BLACKHOLE: forward check hit
04:23.786	ID:16	[WARN: IPv6      ] BLACKHOLE: dropping forwarded packet
04:24.554	ID:14	[INFO: App       ] Sending request 21 to fd00::201:1:1:1
04:24.586	ID:3	[INFO: App       ] Sending request 23 to fd00::201:1:1:1
04:24.596	ID:16	[WARN: IPv6      ] BLACKHOLE: forward check hit
04:24.596	ID:16	[WARN: IPv6      ] BLACKHOLE: dropping forwarded packet
04:24.666	ID:16	[WARN: IPv6      ] BLACKHOLE: forward check hit
04:24.666	ID:16	[WARN: IPv6      ] BLACKHOLE: dropping forwarded packet
04:25.417	ID:11	[INFO: App       ] Sending request 22 to fd00::201:1:1:1
04:25.455	ID:16	[WARN: IPv6      ] BLACKHOLE: forward check hit
04:25.455	ID:16	[WARN: IPv6      ] BLACKHOLE: dropping forwarded packet
04:25.891	ID:4	[INFO: App       ] Sending request 23 to fd00::201:1:1:1
04:25.901	ID:16	[WARN: IPv6      ] BLACKHOLE: forward check hit
04:25.901	ID:16	[WARN: IPv6      ] BLACKHOLE: dropping forwarded packet
04:26.115	ID:7	[INFO: App       ] Sending request 21 to fd00::201:1:1:1
04:26.190	ID:16	[WARN: IPv6      ] BLACKHOLE: forward check hit
04:26.190	ID:16	[WARN: IPv6      ] BLACKHOLE: dropping forwarded packet
04:27.086	ID:8	[INFO: App       ] Sending request 22 to fd00::201:1:1:1
04:27.139	ID:16	[WARN: IPv6      ] BLACKHOLE: forward check hit
04:27.139	ID:16	[WARN: IPv6      ] BLACKHOLE: dropping forwarded packet
04:27.665	ID:12	[INFO: App       ] Sending request 21 to fd00::201:1:1:1
04:27.701	ID:16	[WARN: IPv6      ] BLACKHOLE: forward check hit
04:27.701	ID:16	[WARN: IPv6      ] BLACKHOLE: dropping forwarded packet
04:27.770	ID:15	[INFO: App       ] Sending request 21 to fd00::201:1:1:1
04:27.857	ID:16	[WARN: IPv6      ] BLACKHOLE: forward check hit
04:27.857	ID:16	[WARN: IPv6      ] BLACKHOLE: dropping forwarded packet
04:29.212	ID:9	[INFO: App       ] Sending request 22 to fd00::201:1:1:1
04:29.263	ID:16	[WARN: IPv6      ] BLACKHOLE: forward check hit
04:29.263	ID:16	[WARN: IPv6      ] BLACKHOLE: dropping forwarded packet
04:29.292	ID:6	[INFO: App       ] Sending request 22 to fd00::201:1:1:1
04:29.335	ID:16	[WARN: IPv6      ] BLACKHOLE: forward check hit
04:29.335	ID:16	[WARN: IPv6      ] BLACKHOLE: dropping forwarded packet
04:29.935	ID:10	[INFO: App       ] Sending request 23 to fd00::201:1:1:1
04:29.978	ID:16	[WARN: IPv6      ] BLACKHOLE: forward check hit
04:29.978	ID:16	[WARN: IPv6      ] BLACKHOLE: dropping forwarded packet
04:31.037	ID:5	[INFO: App       ] Sending request 24 to fd00::201:1:1:1
04:31.044	ID:16	[WARN: IPv6      ] BLACKHOLE: forward check hit
04:31.044	ID:16	[WARN: IPv6      ] BLACKHOLE: dropping forwarded packet
04:31.118	ID:2	[INFO: App       ] Sending request 23 to fd00::201:1:1:1
04:31.151	ID:16	[WARN: IPv6      ] BLACKHOLE: forward check hit
04:31.151	ID:16	[WARN: IPv6      ] BLACKHOLE: dropping forwarded packet
04:33.167	ID:13	[INFO: App       ] Sending request 21 to fd00::201:1:1:1
04:33.228	ID:16	[WARN: IPv6      ] BLACKHOLE: forward check hit
04:33.228	ID:16	[WARN: IPv6      ] BLACKHOLE: dropping forwarded packet
04:34.706	ID:14	[INFO: App       ] Sending request 22 to fd00::201:1:1:1
04:34.775	ID:16	[WARN: IPv6      ] BLACKHOLE: forward check hit
04:34.775	ID:16	[WARN: IPv6      ] BLACKHOLE: dropping forwarded packet
04:34.947	ID:3	[INFO: App       ] Sending request 24 to fd00::201:1:1:1
04:34.953	ID:16	[WARN: IPv6      ] BLACKHOLE: forward check hit
04:34.953	ID:16	[WARN: IPv6      ] BLACKHOLE: dropping forwarded packet
04:35.405	ID:11	[INFO: App       ] Sending request 23 to fd00::201:1:1:1
04:35.431	ID:16	[WARN: IPv6      ] BLACKHOLE: forward check hit
04:35.431	ID:16	[WARN: IPv6      ] BLACKHOLE: dropping forwarded packet
04:35.993	ID:4	[INFO: App       ] Sending request 24 to fd00::201:1:1:1
04:36.021	ID:16	[WARN: IPv6      ] BLACKHOLE: forward check hit
04:36.021	ID:16	[WARN: IPv6      ] BLACKHOLE: dropping forwarded packet
04:36.863	ID:8	[INFO: App       ] Sending request 23 to fd00::201:1:1:1
04:36.929	ID:16	[WARN: IPv6      ] BLACKHOLE: forward check hit
04:36.929	ID:16	[WARN: IPv6      ] BLACKHOLE: dropping forwarded packet
04:36.994	ID:7	[INFO: App       ] Sending request 22 to fd00::201:1:1:1
04:37.080	ID:16	[WARN: IPv6      ] BLACKHOLE: forward check hit
04:37.080	ID:16	[WARN: IPv6      ] BLACKHOLE: dropping forwarded packet
04:37.303	ID:12	[INFO: App       ] Sending request 22 to fd00::201:1:1:1
04:37.373	ID:16	[WARN: IPv6      ] BLACKHOLE: forward check hit
04:37.373	ID:16	[WARN: IPv6      ] BLACKHOLE: dropping forwarded packet
04:37.461	ID:15	[INFO: App       ] Sending request 22 to fd00::201:1:1:1
04:37.550	ID:16	[WARN: IPv6      ] BLACKHOLE: forward check hit
04:37.550	ID:16	[WARN: IPv6      ] BLACKHOLE: dropping forwarded packet
04:39.227	ID:6	[INFO: App       ] Sending request 23 to fd00::201:1:1:1
04:39.283	ID:16	[WARN: IPv6      ] BLACKHOLE: forward check hit
04:39.283	ID:16	[WARN: IPv6      ] BLACKHOLE: dropping forwarded packet
04:39.356	ID:9	[INFO: App       ] Sending request 23 to fd00::201:1:1:1
04:39.397	ID:16	[WARN: IPv6      ] BLACKHOLE: forward check hit
04:39.397	ID:16	[WARN: IPv6      ] BLACKHOLE: dropping forwarded packet
04:40.196	ID:10	[INFO: App       ] Sending request 24 to fd00::201:1:1:1
04:40.220	ID:16	[WARN: IPv6      ] BLACKHOLE: forward check hit
04:40.220	ID:16	[WARN: IPv6      ] BLACKHOLE: dropping forwarded packet
04:41.096	ID:2	[INFO: App       ] Sending request 24 to fd00::201:1:1:1
04:41.131	ID:16	[WARN: IPv6      ] BLACKHOLE: forward check hit
04:41.131	ID:16	[WARN: IPv6      ] BLACKHOLE: dropping forwarded packet
04:41.424	ID:5	[INFO: App       ] Sending request 25 to fd00::201:1:1:1
04:41.429	ID:16	[WARN: IPv6      ] BLACKHOLE: forward check hit
04:41.429	ID:16	[WARN: IPv6      ] BLACKHOLE: dropping forwarded packet
04:42.908	ID:13	[INFO: App       ] Sending request 22 to fd00::201:1:1:1
04:42.977	ID:16	[WARN: IPv6      ] BLACKHOLE: forward check hit
04:42.977	ID:16	[WARN: IPv6      ] BLACKHOLE: dropping forwarded packet
04:44.071	ID:3	[INFO: App       ] Sending request 25 to fd00::201:1:1:1
04:44.109	ID:16	[WARN: IPv6      ] BLACKHOLE: forward check hit
04:44.109	ID:16	[WARN: IPv6      ] BLACKHOLE: dropping forwarded packet
04:45.003	ID:11	[INFO: App       ] Sending request 24 to fd00::201:1:1:1
04:45.054	ID:16	[WARN: IPv6      ] BLACKHOLE: forward check hit
04:45.054	ID:16	[WARN: IPv6      ] BLACKHOLE: dropping forwarded packet
04:45.486	ID:14	[INFO: App       ] Sending request 23 to fd00::201:1:1:1
04:45.540	ID:16	[WARN: IPv6      ] BLACKHOLE: forward check hit
04:45.540	ID:16	[WARN: IPv6      ] BLACKHOLE: dropping forwarded packet
04:45.716	ID:4	[INFO: App       ] Sending request 25 to fd00::201:1:1:1
04:45.746	ID:16	[WARN: IPv6      ] BLACKHOLE: forward check hit
04:45.746	ID:16	[WARN: IPv6      ] BLACKHOLE: dropping forwarded packet
04:46.809	ID:15	[INFO: App       ] Sending request 23 to fd00::201:1:1:1
04:46.902	ID:16	[WARN: IPv6      ] BLACKHOLE: forward check hit
04:46.902	ID:16	[WARN: IPv6      ] BLACKHOLE: dropping forwarded packet
04:47.536	ID:7	[INFO: App       ] Sending request 23 to fd00::201:1:1:1
04:47.595	ID:16	[WARN: IPv6      ] BLACKHOLE: forward check hit
04:47.595	ID:16	[WARN: IPv6      ] BLACKHOLE: dropping forwarded packet
04:47.818	ID:8	[INFO: App       ] Sending request 24 to fd00::201:1:1:1
04:47.842	ID:16	[WARN: IPv6      ] BLACKHOLE: forward check hit
04:47.842	ID:16	[WARN: IPv6      ] BLACKHOLE: dropping forwarded packet
04:48.018	ID:12	[INFO: App       ] Sending request 23 to fd00::201:1:1:1
04:48.093	ID:16	[WARN: IPv6      ] BLACKHOLE: forward check hit
04:48.093	ID:16	[WARN: IPv6      ] BLACKHOLE: dropping forwarded packet
04:49.674	ID:9	[INFO: App       ] Sending request 24 to fd00::201:1:1:1
04:49.719	ID:16	[WARN: IPv6      ] BLACKHOLE: forward check hit
04:49.719	ID:16	[WARN: IPv6      ] BLACKHOLE: dropping forwarded packet
04:49.985	ID:6	[INFO: App       ] Sending request 24 to fd00::201:1:1:1
04:50.008	ID:16	[WARN: IPv6      ] BLACKHOLE: forward check hit
04:50.008	ID:16	[WARN: IPv6      ] BLACKHOLE: dropping forwarded packet
04:50.383	ID:10	[INFO: App       ] Sending request 25 to fd00::201:1:1:1
04:50.426	ID:16	[WARN: IPv6      ] BLACKHOLE: forward check hit
04:50.426	ID:16	[WARN: IPv6      ] BLACKHOLE: dropping forwarded packet
04:51.992	ID:2	[INFO: App       ] Sending request 25 to fd00::201:1:1:1
04:52.028	ID:16	[WARN: IPv6      ] BLACKHOLE: forward check hit
04:52.028	ID:16	[WARN: IPv6      ] BLACKHOLE: dropping forwarded packet
04:52.287	ID:5	[INFO: App       ] Sending request 26 to fd00::201:1:1:1
04:52.330	ID:16	[WARN: IPv6      ] BLACKHOLE: forward check hit
04:52.330	ID:16	[WARN: IPv6      ] BLACKHOLE: dropping forwarded packet
04:52.390	ID:13	[INFO: App       ] Sending request 23 to fd00::201:1:1:1
04:52.445	ID:16	[WARN: IPv6      ] BLACKHOLE: forward check hit
04:52.445	ID:16	[WARN: IPv6      ] BLACKHOLE: dropping forwarded packet
04:54.953	ID:11	[INFO: App       ] Sending request 25 to fd00::201:1:1:1
04:54.984	ID:16	[WARN: IPv6      ] BLACKHOLE: forward check hit
04:54.984	ID:16	[WARN: IPv6      ] BLACKHOLE: dropping forwarded packet
04:55.006	ID:3	[INFO: App       ] Sending request 26 to fd00::201:1:1:1
04:55.033	ID:16	[WARN: IPv6      ] BLACKHOLE: forward check hit
04:55.033	ID:16	[WARN: IPv6      ] BLACKHOLE: dropping forwarded packet
04:55.172	ID:14	[INFO: App       ] Sending request 24 to fd00::201:1:1:1
04:55.214	ID:16	[WARN: IPv6      ] BLACKHOLE: forward check hit
04:55.214	ID:16	[WARN: IPv6      ] BLACKHOLE: dropping forwarded packet
04:55.355	ID:4	[INFO: App       ] Sending request 26 to fd00::201:1:1:1
04:55.396	ID:16	[WARN: IPv6      ] BLACKHOLE: forward check hit
04:55.396	ID:16	[WARN: IPv6      ] BLACKHOLE: dropping forwarded packet
04:56.744	ID:15	[INFO: App       ] Sending request 24 to fd00::201:1:1:1
04:56.815	ID:16	[WARN: IPv6      ] BLACKHOLE: forward check hit
04:56.815	ID:16	[WARN: IPv6      ] BLACKHOLE: dropping forwarded packet
04:57.048	ID:7	[INFO: App       ] Sending request 24 to fd00::201:1:1:1
04:57.123	ID:16	[WARN: IPv6      ] BLACKHOLE: forward check hit
04:57.123	ID:16	[WARN: IPv6      ] BLACKHOLE: dropping forwarded packet
04:57.221	ID:12	[INFO: App       ] Sending request 24 to fd00::201:1:1:1
04:57.290	ID:16	[WARN: IPv6      ] BLACKHOLE: forward check hit
04:57.290	ID:16	[WARN: IPv6      ] BLACKHOLE: dropping forwarded packet
04:57.795	ID:8	[INFO: App       ] Sending request 25 to fd00::201:1:1:1
04:57.816	ID:16	[WARN: IPv6      ] BLACKHOLE: forward check hit
04:57.816	ID:16	[WARN: IPv6      ] BLACKHOLE: dropping forwarded packet
04:59.266	ID:9	[INFO: App       ] Sending request 25 to fd00::201:1:1:1
04:59.337	ID:16	[WARN: IPv6      ] BLACKHOLE: forward check hit
04:59.337	ID:16	[WARN: IPv6      ] BLACKHOLE: dropping forwarded packet
05:00.900	ID:6	[INFO: App       ] Sending request 25 to fd00::201:1:1:1
05:00.920	ID:16	[WARN: IPv6      ] BLACKHOLE: forward check hit
05:00.920	ID:16	[WARN: IPv6      ] BLACKHOLE: dropping forwarded packet
05:01.318	ID:10	[INFO: App       ] Sending request 26 to fd00::201:1:1:1
05:01.365	ID:2	[INFO: App       ] Sending request 26 to fd00::201:1:1:1
05:01.372	ID:16	[WARN: IPv6      ] BLACKHOLE: forward check hit
05:01.372	ID:16	[WARN: IPv6      ] BLACKHOLE: dropping forwarded packet
05:01.386	ID:16	[WARN: IPv6      ] BLACKHOLE: forward check hit
05:01.386	ID:16	[WARN: IPv6      ] BLACKHOLE: dropping forwarded packet
05:01.864	ID:13	[INFO: App       ] Sending request 24 to fd00::201:1:1:1
05:01.982	ID:16	[WARN: IPv6      ] BLACKHOLE: forward check hit
05:01.982	ID:16	[WARN: IPv6      ] BLACKHOLE: dropping forwarded packet
05:02.285	ID:5	[INFO: App       ] Sending request 27 to fd00::201:1:1:1
05:02.305	ID:16	[WARN: IPv6      ] BLACKHOLE: forward check hit
05:02.305	ID:16	[WARN: IPv6      ] BLACKHOLE: dropping forwarded packet
05:04.244	ID:11	[INFO: App       ] Sending request 26 to fd00::201:1:1:1
05:04.278	ID:16	[WARN: IPv6      ] BLACKHOLE: forward check hit
05:04.278	ID:16	[WARN: IPv6      ] BLACKHOLE: dropping forwarded packet
05:04.404	ID:3	[INFO: App       ] Sending request 27 to fd00::201:1:1:1
05:04.431	ID:16	[WARN: IPv6      ] BLACKHOLE: forward check hit
05:04.431	ID:16	[WARN: IPv6      ] BLACKHOLE: dropping forwarded packet
05:04.516	ID:4	[INFO: App       ] Sending request 27 to fd00::201:1:1:1
05:04.558	ID:16	[WARN: IPv6      ] BLACKHOLE: forward check hit
05:04.558	ID:16	[WARN: IPv6      ] BLACKHOLE: dropping forwarded packet
05:04.645	ID:14	[INFO: App       ] Sending request 25 to fd00::201:1:1:1
05:04.721	ID:16	[WARN: IPv6      ] BLACKHOLE: forward check hit
05:04.721	ID:16	[WARN: IPv6      ] BLACKHOLE: dropping forwarded packet
05:06.228	ID:7	[INFO: App       ] Sending request 25 to fd00::201:1:1:1
05:06.230	ID:15	[INFO: App       ] Sending request 25 to fd00::201:1:1:1
05:06.325	ID:16	[WARN: IPv6      ] BLACKHOLE: forward check hit
05:06.325	ID:16	[WARN: IPv6      ] BLACKHOLE: dropping forwarded packet
05:06.337	ID:16	[WARN: IPv6      ] BLACKHOLE: forward check hit
05:06.337	ID:16	[WARN: IPv6      ] BLACKHOLE: dropping forwarded packet
05:06.910	ID:12	[INFO: App       ] Sending request 25 to fd00::201:1:1:1
05:06.945	ID:16	[WARN: IPv6      ] BLACKHOLE: forward check hit
05:06.945	ID:16	[WARN: IPv6      ] BLACKHOLE: dropping forwarded packet
05:07.446	ID:8	[INFO: App       ] Sending request 26 to fd00::201:1:1:1
05:07.489	ID:16	[WARN: IPv6      ] BLACKHOLE: forward check hit
05:07.489	ID:16	[WARN: IPv6      ] BLACKHOLE: dropping forwarded packet
05:08.714	ID:9	[INFO: App       ] Sending request 26 to fd00::201:1:1:1
05:08.759	ID:16	[WARN: IPv6      ] BLACKHOLE: forward check hit
05:08.759	ID:16	[WARN: IPv6      ] BLACKHOLE: dropping forwarded packet
05:10.350	ID:10	[INFO: App       ] Sending request 27 to fd00::201:1:1:1
05:10.434	ID:16	[WARN: IPv6      ] BLACKHOLE: forward check hit
05:10.434	ID:16	[WARN: IPv6      ] BLACKHOLE: dropping forwarded packet
05:10.519	ID:6	[INFO: App       ] Sending request 26 to fd00::201:1:1:1
05:10.555	ID:16	[WARN: IPv6      ] BLACKHOLE: forward check hit
05:10.555	ID:16	[WARN: IPv6      ] BLACKHOLE: dropping forwarded packet
05:12.259	ID:13	[INFO: App       ] Sending request 25 to fd00::201:1:1:1
05:12.337	ID:16	[WARN: IPv6      ] BLACKHOLE: forward check hit
05:12.337	ID:16	[WARN: IPv6      ] BLACKHOLE: dropping forwarded packet
05:12.359	ID:2	[INFO: App       ] Sending request 27 to fd00::201:1:1:1
05:12.378	ID:16	[WARN: IPv6      ] BLACKHOLE: forward check hit
05:12.378	ID:16	[WARN: IPv6      ] BLACKHOLE: dropping forwarded packet
05:12.499	ID:5	[INFO: App       ] Sending request 28 to fd00::201:1:1:1
05:12.540	ID:16	[WARN: IPv6      ] BLACKHOLE: forward check hit
05:12.540	ID:16	[WARN: IPv6      ] BLACKHOLE: dropping forwarded packet
05:14.183	ID:14	[INFO: App       ] Sending request 26 to fd00::201:1:1:1
05:14.264	ID:16	[WARN: IPv6      ] BLACKHOLE: forward check hit
05:14.264	ID:16	[WARN: IPv6      ] BLACKHOLE: dropping forwarded packet
05:14.755	ID:3	[INFO: App       ] Sending request 28 to fd00::201:1:1:1
05:14.765	ID:16	[WARN: IPv6      ] BLACKHOLE: forward check hit
05:14.765	ID:16	[WARN: IPv6      ] BLACKHOLE: dropping forwarded packet
05:15.125	ID:11	[INFO: App       ] Sending request 27 to fd00::201:1:1:1
05:15.161	ID:16	[WARN: IPv6      ] BLACKHOLE: forward check hit
05:15.161	ID:16	[WARN: IPv6      ] BLACKHOLE: dropping forwarded packet
05:15.323	ID:4	[INFO: App       ] Sending request 28 to fd00::201:1:1:1
05:15.362	ID:16	[WARN: IPv6      ] BLACKHOLE: forward check hit
05:15.362	ID:16	[WARN: IPv6      ] BLACKHOLE: dropping forwarded packet
05:15.589	ID:7	[INFO: App       ] Sending request 26 to fd00::201:1:1:1
05:15.646	ID:16	[WARN: IPv6      ] BLACKHOLE: forward check hit
05:15.646	ID:16	[WARN: IPv6      ] BLACKHOLE: dropping forwarded packet
05:16.169	ID:15	[INFO: App       ] Sending request 26 to fd00::201:1:1:1
05:16.221	ID:16	[WARN: IPv6      ] BLACKHOLE: forward check hit
05:16.221	ID:16	[WARN: IPv6      ] BLACKHOLE: dropping forwarded packet
05:16.852	ID:12	[INFO: App       ] Sending request 26 to fd00::201:1:1:1
05:16.918	ID:16	[WARN: IPv6      ] BLACKHOLE: forward check hit
05:16.918	ID:16	[WARN: IPv6      ] BLACKHOLE: dropping forwarded packet
05:17.627	ID:8	[INFO: App       ] Sending request 27 to fd00::201:1:1:1
05:17.659	ID:16	[WARN: IPv6      ] BLACKHOLE: forward check hit
05:17.659	ID:16	[WARN: IPv6      ] BLACKHOLE: dropping forwarded packet
05:19.605	ID:9	[INFO: App       ] Sending request 27 to fd00::201:1:1:1
05:19.684	ID:16	[WARN: IPv6      ] BLACKHOLE: forward check hit
05:19.684	ID:16	[WARN: IPv6      ] BLACKHOLE: dropping forwarded packet
05:20.091	ID:6	[INFO: App       ] Sending request 27 to fd00::201:1:1:1
05:20.137	ID:16	[WARN: IPv6      ] BLACKHOLE: forward check hit
05:20.137	ID:16	[WARN: IPv6      ] BLACKHOLE: dropping forwarded packet
05:21.057	ID:10	[INFO: App       ] Sending request 28 to fd00::201:1:1:1
05:21.131	ID:16	[WARN: IPv6      ] BLACKHOLE: forward check hit
05:21.131	ID:16	[WARN: IPv6      ] BLACKHOLE: dropping forwarded packet
05:21.598	ID:5	[INFO: App       ] Sending request 29 to fd00::201:1:1:1
05:21.632	ID:16	[WARN: IPv6      ] BLACKHOLE: forward check hit
05:21.632	ID:16	[WARN: IPv6      ] BLACKHOLE: dropping forwarded packet
05:21.929	ID:13	[INFO: App       ] Sending request 26 to fd00::201:1:1:1
05:21.985	ID:16	[WARN: IPv6      ] BLACKHOLE: forward check hit
05:21.985	ID:16	[WARN: IPv6      ] BLACKHOLE: dropping forwarded packet
05:22.131	ID:2	[INFO: App       ] Sending request 28 to fd00::201:1:1:1
05:22.158	ID:16	[WARN: IPv6      ] BLACKHOLE: forward check hit
05:22.158	ID:16	[WARN: IPv6      ] BLACKHOLE: dropping forwarded packet
05:24.383	ID:4	[INFO: App       ] Sending request 29 to fd00::201:1:1:1
05:24.420	ID:16	[WARN: IPv6      ] BLACKHOLE: forward check hit
05:24.420	ID:16	[WARN: IPv6      ] BLACKHOLE: dropping forwarded packet
05:24.603	ID:3	[INFO: App       ] Sending request 29 to fd00::201:1:1:1
05:24.642	ID:16	[WARN: IPv6      ] BLACKHOLE: forward check hit
05:24.642	ID:16	[WARN: IPv6      ] BLACKHOLE: dropping forwarded packet
05:24.761	ID:14	[INFO: App       ] Sending request 27 to fd00::201:1:1:1
05:24.800	ID:16	[WARN: IPv6      ] BLACKHOLE: forward check hit
05:24.800	ID:16	[WARN: IPv6      ] BLACKHOLE: dropping forwarded packet
05:25.017	ID:11	[INFO: App       ] Sending request 28 to fd00::201:1:1:1
05:25.067	ID:16	[WARN: IPv6      ] BLACKHOLE: forward check hit
05:25.067	ID:16	[WARN: IPv6      ] BLACKHOLE: dropping forwarded packet
05:25.821	ID:7	[INFO: App       ] Sending request 27 to fd00::201:1:1:1
05:25.841	ID:16	[WARN: IPv6      ] BLACKHOLE: forward check hit
05:25.841	ID:16	[WARN: IPv6      ] BLACKHOLE: dropping forwarded packet
05:26.386	ID:12	[INFO: App       ] Sending request 27 to fd00::201:1:1:1
05:26.451	ID:16	[WARN: IPv6      ] BLACKHOLE: forward check hit
05:26.451	ID:16	[WARN: IPv6      ] BLACKHOLE: dropping forwarded packet
05:26.481	ID:15	[INFO: App       ] Sending request 27 to fd00::201:1:1:1
05:26.553	ID:16	[WARN: IPv6      ] BLACKHOLE: forward check hit
05:26.553	ID:16	[WARN: IPv6      ] BLACKHOLE: dropping forwarded packet
05:27.397	ID:8	[INFO: App       ] Sending request 28 to fd00::201:1:1:1
05:27.474	ID:16	[WARN: IPv6      ] BLACKHOLE: forward check hit
05:27.474	ID:16	[WARN: IPv6      ] BLACKHOLE: dropping forwarded packet
05:29.836	ID:6	[INFO: App       ] Sending request 28 to fd00::201:1:1:1
05:29.909	ID:16	[WARN: IPv6      ] BLACKHOLE: forward check hit
05:29.909	ID:16	[WARN: IPv6      ] BLACKHOLE: dropping forwarded packet
05:30.043	ID:9	[INFO: App       ] Sending request 28 to fd00::201:1:1:1
05:30.129	ID:16	[WARN: IPv6      ] BLACKHOLE: forward check hit
05:30.129	ID:16	[WARN: IPv6      ] BLACKHOLE: dropping forwarded packet
05:30.221	ID:10	[INFO: App       ] Sending request 29 to fd00::201:1:1:1
05:30.271	ID:16	[WARN: IPv6      ] BLACKHOLE: forward check hit
05:30.271	ID:16	[WARN: IPv6      ] BLACKHOLE: dropping forwarded packet
05:30.954	ID:13	[INFO: App       ] Sending request 27 to fd00::201:1:1:1
05:31.030	ID:16	[WARN: IPv6      ] BLACKHOLE: forward check hit
05:31.030	ID:16	[WARN: IPv6      ] BLACKHOLE: dropping forwarded packet
05:31.198	ID:2	[INFO: App       ] Sending request 29 to fd00::201:1:1:1
05:31.213	ID:16	[WARN: IPv6      ] BLACKHOLE: forward check hit
05:31.213	ID:16	[WARN: IPv6      ] BLACKHOLE: dropping forwarded packet
05:31.953	ID:5	[INFO: App       ] Tx/Rx/MissedTx: 30/21/0
05:31.953	ID:5	[INFO: App       ] Sending request 30 to fd00::201:1:1:1
05:31.962	ID:16	[WARN: IPv6      ] BLACKHOLE: forward check hit
05:31.962	ID:16	[WARN: IPv6      ] BLACKHOLE: dropping forwarded packet
05:33.983	ID:3	[INFO: App       ] Tx/Rx/MissedTx: 30/21/0
05:33.983	ID:3	[INFO: App       ] Sending request 30 to fd00::201:1:1:1
05:34.028	ID:16	[WARN: IPv6      ] BLACKHOLE: forward check hit
05:34.028	ID:16	[WARN: IPv6      ] BLACKHOLE: dropping forwarded packet
05:34.493	ID:14	[INFO: App       ] Sending request 28 to fd00::201:1:1:1
05:34.578	ID:16	[WARN: IPv6      ] BLACKHOLE: forward check hit
05:34.578	ID:16	[WARN: IPv6      ] BLACKHOLE: dropping forwarded packet
05:35.208	ID:4	[INFO: App       ] Tx/Rx/MissedTx: 30/21/0
05:35.208	ID:4	[INFO: App       ] Sending request 30 to fd00::201:1:1:1
05:35.229	ID:16	[WARN: IPv6      ] BLACKHOLE: forward check hit
05:35.229	ID:16	[WARN: IPv6      ] BLACKHOLE: dropping forwarded packet
05:35.478	ID:11	[INFO: App       ] Sending request 29 to fd00::201:1:1:1
05:35.532	ID:16	[WARN: IPv6      ] BLACKHOLE: forward check hit
05:35.532	ID:16	[WARN: IPv6      ] BLACKHOLE: dropping forwarded packet
05:35.889	ID:15	[INFO: App       ] Sending request 28 to fd00::201:1:1:1
05:35.922	ID:16	[WARN: IPv6      ] BLACKHOLE: forward check hit
05:35.922	ID:16	[WARN: IPv6      ] BLACKHOLE: dropping forwarded packet
05:36.180	ID:12	[INFO: App       ] Sending request 28 to fd00::201:1:1:1
05:36.280	ID:16	[WARN: IPv6      ] BLACKHOLE: forward check hit
05:36.280	ID:16	[WARN: IPv6      ] BLACKHOLE: dropping forwarded packet
05:36.427	ID:7	[INFO: App       ] Sending request 28 to fd00::201:1:1:1
05:36.491	ID:16	[WARN: IPv6      ] BLACKHOLE: forward check hit
05:36.491	ID:16	[WARN: IPv6      ] BLACKHOLE: dropping forwarded packet
05:37.575	ID:8	[INFO: App       ] Sending request 29 to fd00::201:1:1:1
05:37.626	ID:16	[WARN: IPv6      ] BLACKHOLE: forward check hit
05:37.626	ID:16	[WARN: IPv6      ] BLACKHOLE: dropping forwarded packet
05:38.927	ID:6	[INFO: App       ] Sending request 29 to fd00::201:1:1:1
05:38.983	ID:16	[WARN: IPv6      ] BLACKHOLE: forward check hit
05:38.983	ID:16	[WARN: IPv6      ] BLACKHOLE: dropping forwarded packet
05:40.299	ID:13	[INFO: App       ] Sending request 28 to fd00::201:1:1:1
05:40.381	ID:16	[WARN: IPv6      ] BLACKHOLE: forward check hit
05:40.381	ID:16	[WARN: IPv6      ] BLACKHOLE: dropping forwarded packet
05:40.623	ID:10	[INFO: App       ] Tx/Rx/MissedTx: 30/21/0
05:40.623	ID:10	[INFO: App       ] Sending request 30 to fd00::201:1:1:1
05:40.705	ID:16	[WARN: IPv6      ] BLACKHOLE: forward check hit
05:40.705	ID:16	[WARN: IPv6      ] BLACKHOLE: dropping forwarded packet
05:40.749	ID:9	[INFO: App       ] Sending request 29 to fd00::201:1:1:1
05:40.820	ID:16	[WARN: IPv6      ] BLACKHOLE: forward check hit
05:40.820	ID:16	[WARN: IPv6      ] BLACKHOLE: dropping forwarded packet
05:42.042	ID:2	[INFO: App       ] Tx/Rx/MissedTx: 30/20/0
05:42.042	ID:2	[INFO: App       ] Sending request 30 to fd00::201:1:1:1
05:42.069	ID:16	[WARN: IPv6      ] BLACKHOLE: forward check hit
05:42.069	ID:16	[WARN: IPv6      ] BLACKHOLE: dropping forwarded packet
05:42.822	ID:5	[INFO: App       ] Sending request 31 to fd00::201:1:1:1
05:42.829	ID:16	[WARN: IPv6      ] BLACKHOLE: forward check hit
05:42.829	ID:16	[WARN: IPv6      ] BLACKHOLE: dropping forwarded packet
05:43.876	ID:3	[INFO: App       ] Sending request 31 to fd00::201:1:1:1
05:43.906	ID:16	[WARN: IPv6      ] BLACKHOLE: forward check hit
05:43.906	ID:16	[WARN: IPv6      ] BLACKHOLE: dropping forwarded packet
05:44.005	ID:14	[INFO: App       ] Sending request 29 to fd00::201:1:1:1
05:44.088	ID:16	[WARN: IPv6      ] BLACKHOLE: forward check hit
05:44.088	ID:16	[WARN: IPv6      ] BLACKHOLE: dropping forwarded packet
05:45.013	ID:11	[INFO: App       ] Tx/Rx/MissedTx: 30/20/0
05:45.013	ID:11	[INFO: App       ] Sending request 30 to fd00::201:1:1:1
05:45.057	ID:15	[INFO: App       ] Sending request 29 to fd00::201:1:1:1
05:45.071	ID:16	[WARN: IPv6      ] BLACKHOLE: forward check hit
05:45.071	ID:16	[WARN: IPv6      ] BLACKHOLE: dropping forwarded packet
05:45.104	ID:4	[INFO: App       ] Sending request 31 to fd00::201:1:1:1
05:45.131	ID:16	[WARN: IPv6      ] BLACKHOLE: forward check hit
05:45.131	ID:16	[WARN: IPv6      ] BLACKHOLE: dropping forwarded packet
05:45.173	ID:16	[WARN: IPv6      ] BLACKHOLE: forward check hit
05:45.173	ID:16	[WARN: IPv6      ] BLACKHOLE: dropping forwarded packet
05:45.206	ID:12	[INFO: App       ] Sending request 29 to fd00::201:1:1:1
05:45.290	ID:16	[WARN: IPv6      ] BLACKHOLE: forward check hit
05:45.290	ID:16	[WARN: IPv6      ] BLACKHOLE: dropping forwarded packet
05:46.407	ID:7	[INFO: App       ] Sending request 29 to fd00::201:1:1:1
05:46.458	ID:16	[WARN: IPv6      ] BLACKHOLE: forward check hit
05:46.458	ID:16	[WARN: IPv6      ] BLACKHOLE: dropping forwarded packet
05:46.862	ID:8	[INFO: App       ] Tx/Rx/MissedTx: 30/20/0
05:46.862	ID:8	[INFO: App       ] Sending request 30 to fd00::201:1:1:1
05:46.912	ID:16	[WARN: IPv6      ] BLACKHOLE: forward check hit
05:46.912	ID:16	[WARN: IPv6      ] BLACKHOLE: dropping forwarded packet
05:49.917	ID:6	[INFO: App       ] Tx/Rx/MissedTx: 30/19/0
05:49.917	ID:6	[INFO: App       ] Sending request 30 to fd00::201:1:1:1
05:49.991	ID:16	[WARN: IPv6      ] BLACKHOLE: forward check hit
05:49.991	ID:16	[WARN: IPv6      ] BLACKHOLE: dropping forwarded packet
05:50.115	ID:10	[INFO: App       ] Sending request 31 to fd00::201:1:1:1
05:50.162	ID:16	[WARN: IPv6      ] BLACKHOLE: forward check hit
05:50.162	ID:16	[WARN: IPv6      ] BLACKHOLE: dropping forwarded packet
05:50.718	ID:13	[INFO: App       ] Sending request 29 to fd00::201:1:1:1
05:50.773	ID:16	[WARN: IPv6      ] BLACKHOLE: forward check hit
05:50.773	ID:16	[WARN: IPv6      ] BLACKHOLE: dropping forwarded packet
05:50.839	ID:9	[INFO: App       ] Tx/Rx/MissedTx: 30/20/0
05:50.839	ID:9	[INFO: App       ] Sending request 30 to fd00::201:1:1:1
05:50.878	ID:16	[WARN: IPv6      ] BLACKHOLE: forward check hit
05:50.878	ID:16	[WARN: IPv6      ] BLACKHOLE: dropping forwarded packet
05:51.503	ID:2	[INFO: App       ] Sending request 31 to fd00::201:1:1:1
05:51.515	ID:16	[WARN: IPv6      ] BLACKHOLE: forward check hit
05:51.515	ID:16	[WARN: IPv6      ] BLACKHOLE: dropping forwarded packet
05:52.766	ID:5	[INFO: App       ] Sending request 32 to fd00::201:1:1:1
05:52.798	ID:16	[WARN: IPv6      ] BLACKHOLE: forward check hit
05:52.798	ID:16	[WARN: IPv6      ] BLACKHOLE: dropping forwarded packet
05:53.035	ID:14	[INFO: App       ] Tx/Rx/MissedTx: 30/19/0
05:53.035	ID:14	[INFO: App       ] Sending request 30 to fd00::201:1:1:1
05:53.080	ID:16	[WARN: IPv6      ] BLACKHOLE: forward check hit
05:53.080	ID:16	[WARN: IPv6      ] BLACKHOLE: dropping forwarded packet
05:54.673	ID:11	[INFO: App       ] Sending request 31 to fd00::201:1:1:1
05:54.728	ID:16	[WARN: IPv6      ] BLACKHOLE: forward check hit
05:54.728	ID:16	[WARN: IPv6      ] BLACKHOLE: dropping forwarded packet
05:54.770	ID:4	[INFO: App       ] Sending request 32 to fd00::201:1:1:1
05:54.783	ID:3	[INFO: App       ] Sending request 32 to fd00::201:1:1:1
05:54.793	ID:16	[WARN: IPv6      ] BLACKHOLE: forward check hit
05:54.793	ID:16	[WARN: IPv6      ] BLACKHOLE: dropping forwarded packet
05:54.805	ID:16	[WARN: IPv6      ] BLACKHOLE: forward check hit
05:54.805	ID:16	[WARN: IPv6      ] BLACKHOLE: dropping forwarded packet
05:54.931	ID:15	[INFO: App       ] Tx/Rx/MissedTx: 30/19/0
05:54.931	ID:15	[INFO: App       ] Sending request 30 to fd00::201:1:1:1
05:55.033	ID:16	[WARN: IPv6      ] BLACKHOLE: forward check hit
05:55.033	ID:16	[WARN: IPv6      ] BLACKHOLE: dropping forwarded packet
05:55.412	ID:7	[INFO: App       ] Tx/Rx/MissedTx: 30/19/0
05:55.412	ID:7	[INFO: App       ] Sending request 30 to fd00::201:1:1:1
05:55.433	ID:16	[WARN: IPv6      ] BLACKHOLE: forward check hit
05:55.433	ID:16	[WARN: IPv6      ] BLACKHOLE: dropping forwarded packet
05:55.783	ID:12	[INFO: App       ] Tx/Rx/MissedTx: 30/18/0
05:55.783	ID:12	[INFO: App       ] Sending request 30 to fd00::201:1:1:1
05:55.861	ID:16	[WARN: IPv6      ] BLACKHOLE: forward check hit
05:55.861	ID:16	[WARN: IPv6      ] BLACKHOLE: dropping forwarded packet
05:56.132	ID:8	[INFO: App       ] Sending request 31 to fd00::201:1:1:1
05:56.167	ID:16	[WARN: IPv6      ] BLACKHOLE: forward check hit
05:56.167	ID:16	[WARN: IPv6      ] BLACKHOLE: dropping forwarded packet
05:59.005	ID:6	[INFO: App       ] Sending request 31 to fd00::201:1:1:1
05:59.059	ID:16	[WARN: IPv6      ] BLACKHOLE: forward check hit
05:59.059	ID:16	[WARN: IPv6      ] BLACKHOLE: dropping forwarded packet
05:59.904	ID:9	[INFO: App       ] Sending request 31 to fd00::201:1:1:1
05:59.951	ID:16	[WARN: IPv6      ] BLACKHOLE: forward check hit
05:59.951	ID:16	[WARN: IPv6      ] BLACKHOLE: dropping forwarded packet
06:01.069	ID:13	[INFO: App       ] Tx/Rx/MissedTx: 30/18/0
06:01.069	ID:13	[INFO: App       ] Sending request 30 to fd00::201:1:1:1
06:01.089	ID:10	[INFO: App       ] Sending request 32 to fd00::201:1:1:1
06:01.147	ID:16	[WARN: IPv6      ] BLACKHOLE: forward check hit
06:01.147	ID:16	[WARN: IPv6      ] BLACKHOLE: dropping forwarded packet
06:01.165	ID:16	[WARN: IPv6      ] BLACKHOLE: forward check hit
06:01.165	ID:16	[WARN: IPv6      ] BLACKHOLE: dropping forwarded packet
06:01.965	ID:2	[INFO: App       ] Sending request 32 to fd00::201:1:1:1
06:01.993	ID:16	[WARN: IPv6      ] BLACKHOLE: forward check hit
06:01.993	ID:16	[WARN: IPv6      ] BLACKHOLE: dropping forwarded packet
06:02.279	ID:14	[INFO: App       ] Sending request 31 to fd00::201:1:1:1
06:02.353	ID:16	[WARN: IPv6      ] BLACKHOLE: forward check hit
06:02.353	ID:16	[WARN: IPv6      ] BLACKHOLE: dropping forwarded packet
06:02.713	ID:5	[INFO: App       ] Sending request 33 to fd00::201:1:1:1
06:02.757	ID:16	[WARN: IPv6      ] BLACKHOLE: forward check hit
06:02.757	ID:16	[WARN: IPv6      ] BLACKHOLE: dropping forwarded packet
06:03.749	ID:11	[INFO: App       ] Sending request 32 to fd00::201:1:1:1
06:03.806	ID:16	[WARN: IPv6      ] BLACKHOLE: forward check hit
06:03.806	ID:16	[WARN: IPv6      ] BLACKHOLE: dropping forwarded packet
06:04.519	ID:4	[INFO: App       ] Sending request 33 to fd00::201:1:1:1
06:04.530	ID:16	[WARN: IPv6      ] BLACKHOLE: forward check hit
06:04.530	ID:16	[WARN: IPv6      ] BLACKHOLE: dropping forwarded packet
06:04.877	ID:15	[INFO: App       ] Sending request 31 to fd00::201:1:1:1
06:04.961	ID:16	[WARN: IPv6      ] BLACKHOLE: forward check hit
06:04.961	ID:16	[WARN: IPv6      ] BLACKHOLE: dropping forwarded packet
06:05.188	ID:7	[INFO: App       ] Sending request 31 to fd00::201:1:1:1
06:05.236	ID:16	[WARN: IPv6      ] BLACKHOLE: forward check hit
06:05.236	ID:16	[WARN: IPv6      ] BLACKHOLE: dropping forwarded packet
06:05.265	ID:3	[INFO: App       ] Sending request 33 to fd00::201:1:1:1
06:05.270	ID:16	[WARN: IPv6      ] BLACKHOLE: forward check hit
06:05.270	ID:16	[WARN: IPv6      ] BLACKHOLE: dropping forwarded packet
06:06.398	ID:12	[INFO: App       ] Sending request 31 to fd00::201:1:1:1
06:06.480	ID:16	[WARN: IPv6      ] BLACKHOLE: forward check hit
06:06.480	ID:16	[WARN: IPv6      ] BLACKHOLE: dropping forwarded packet
06:06.593	ID:8	[INFO: App       ] Sending request 32 to fd00::201:1:1:1
06:06.671	ID:16	[WARN: IPv6      ] BLACKHOLE: forward check hit
06:06.671	ID:16	[WARN: IPv6      ] BLACKHOLE: dropping forwarded packet
06:09.672	ID:9	[INFO: App       ] Sending request 32 to fd00::201:1:1:1
06:09.731	ID:16	[WARN: IPv6      ] BLACKHOLE: forward check hit
06:09.731	ID:16	[WARN: IPv6      ] BLACKHOLE: dropping forwarded packet
06:09.989	ID:6	[INFO: App       ] Sending request 32 to fd00::201:1:1:1
06:10.008	ID:16	[WARN: IPv6      ] BLACKHOLE: forward check hit
06:10.008	ID:16	[WARN: IPv6      ] BLACKHOLE: dropping forwarded packet
06:10.194	ID:10	[INFO: App       ] Sending request 33 to fd00::201:1:1:1
06:10.230	ID:16	[WARN: IPv6      ] BLACKHOLE: forward check hit
06:10.230	ID:16	[WARN: IPv6      ] BLACKHOLE: dropping forwarded packet
06:11.240	ID:13	[INFO: App       ] Sending request 31 to fd00::201:1:1:1
06:11.316	ID:2	[INFO: App       ] Sending request 33 to fd00::201:1:1:1
06:11.335	ID:16	[WARN: IPv6      ] BLACKHOLE: forward check hit
06:11.335	ID:16	[WARN: IPv6      ] BLACKHOLE: dropping forwarded packet
06:11.348	ID:16	[WARN: IPv6      ] BLACKHOLE: forward check hit
06:11.348	ID:16	[WARN: IPv6      ] BLACKHOLE: dropping forwarded packet
06:11.350	ID:14	[INFO: App       ] Sending request 32 to fd00::201:1:1:1
06:11.420	ID:16	[WARN: IPv6      ] BLACKHOLE: forward check hit
06:11.420	ID:16	[WARN: IPv6      ] BLACKHOLE: dropping forwarded packet
06:12.431	ID:5	[INFO: App       ] Sending request 34 to fd00::201:1:1:1
06:12.442	ID:16	[WARN: IPv6      ] BLACKHOLE: forward check hit
06:12.442	ID:16	[WARN: IPv6      ] BLACKHOLE: dropping forwarded packet
06:13.890	ID:11	[INFO: App       ] Sending request 33 to fd00::201:1:1:1
06:13.935	ID:16	[WARN: IPv6      ] BLACKHOLE: forward check hit
06:13.935	ID:16	[WARN: IPv6      ] BLACKHOLE: dropping forwarded packet
06:14.386	ID:7	[INFO: App       ] Sending request 32 to fd00::201:1:1:1
06:14.459	ID:16	[WARN: IPv6      ] BLACKHOLE: forward check hit
06:14.459	ID:16	[WARN: IPv6      ] BLACKHOLE: dropping forwarded packet
06:14.489	ID:15	[INFO: App       ] Sending request 32 to fd00::201:1:1:1
06:14.569	ID:16	[WARN: IPv6      ] BLACKHOLE: forward check hit
06:14.569	ID:16	[WARN: IPv6      ] BLACKHOLE: dropping forwarded packet
06:14.997	ID:4	[INFO: App       ] Sending request 34 to fd00::201:1:1:1
06:15.012	ID:16	[WARN: IPv6      ] BLACKHOLE: forward check hit
06:15.012	ID:16	[WARN: IPv6      ] BLACKHOLE: dropping forwarded packet
06:15.783	ID:3	[INFO: App       ] Sending request 34 to fd00::201:1:1:1
06:15.818	ID:16	[WARN: IPv6      ] BLACKHOLE: forward check hit
06:15.818	ID:16	[WARN: IPv6      ] BLACKHOLE: dropping forwarded packet
06:16.210	ID:12	[INFO: App       ] Sending request 32 to fd00::201:1:1:1
06:16.296	ID:16	[WARN: IPv6      ] BLACKHOLE: forward check hit
06:16.296	ID:16	[WARN: IPv6      ] BLACKHOLE: dropping forwarded packet
06:16.470	ID:8	[INFO: App       ] Sending request 33 to fd00::201:1:1:1
06:16.531	ID:16	[WARN: IPv6      ] BLACKHOLE: forward check hit
06:16.531	ID:16	[WARN: IPv6      ] BLACKHOLE: dropping forwarded packet
06:19.003	ID:9	[INFO: App       ] Sending request 33 to fd00::201:1:1:1
06:19.035	ID:16	[WARN: IPv6      ] BLACKHOLE: forward check hit
06:19.035	ID:16	[WARN: IPv6      ] BLACKHOLE: dropping forwarded packet
06:20.528	ID:6	[INFO: App       ] Sending request 33 to fd00::201:1:1:1
06:20.557	ID:16	[WARN: IPv6      ] BLACKHOLE: forward check hit
06:20.557	ID:16	[WARN: IPv6      ] BLACKHOLE: dropping forwarded packet
06:20.578	ID:14	[INFO: App       ] Sending request 33 to fd00::201:1:1:1
06:20.650	ID:16	[WARN: IPv6      ] BLACKHOLE: forward check hit
06:20.650	ID:16	[WARN: IPv6      ] BLACKHOLE: dropping forwarded packet
06:20.707	ID:2	[INFO: App       ] Sending request 34 to fd00::201:1:1:1
06:20.734	ID:16	[WARN: IPv6      ] BLACKHOLE: forward check hit
06:20.734	ID:16	[WARN: IPv6      ] BLACKHOLE: dropping forwarded packet
06:20.859	ID:10	[INFO: App       ] Sending request 34 to fd00::201:1:1:1
06:20.929	ID:16	[WARN: IPv6      ] BLACKHOLE: forward check hit
06:20.929	ID:16	[WARN: IPv6      ] BLACKHOLE: dropping forwarded packet
06:21.432	ID:5	[INFO: App       ] Sending request 35 to fd00::201:1:1:1
06:21.472	ID:16	[WARN: IPv6      ] BLACKHOLE: forward check hit
06:21.472	ID:16	[WARN: IPv6      ] BLACKHOLE: dropping forwarded packet
06:21.489	ID:13	[INFO: App       ] Sending request 32 to fd00::201:1:1:1
06:21.559	ID:16	[WARN: IPv6      ] BLACKHOLE: forward check hit
06:21.559	ID:16	[WARN: IPv6      ] BLACKHOLE: dropping forwarded packet
06:23.890	ID:7	[INFO: App       ] Sending request 33 to fd00::201:1:1:1
06:23.966	ID:16	[WARN: IPv6      ] BLACKHOLE: forward check hit
06:23.966	ID:16	[WARN: IPv6      ] BLACKHOLE: dropping forwarded packet
06:24.243	ID:4	[INFO: App       ] Sending request 35 to fd00::201:1:1:1
06:24.271	ID:16	[WARN: IPv6      ] BLACKHOLE: forward check hit
06:24.271	ID:16	[WARN: IPv6      ] BLACKHOLE: dropping forwarded packet
06:24.347	ID:11	[INFO: App       ] Sending request 34 to fd00::201:1:1:1
06:24.396	ID:16	[WARN: IPv6      ] BLACKHOLE: forward check hit
06:24.396	ID:16	[WARN: IPv6      ] BLACKHOLE: dropping forwarded packet
06:25.084	ID:15	[INFO: App       ] Sending request 33 to fd00::201:1:1:1
06:25.145	ID:16	[WARN: IPv6      ] BLACKHOLE: forward check hit
06:25.145	ID:16	[WARN: IPv6      ] BLACKHOLE: dropping forwarded packet
06:25.440	ID:12	[INFO: App       ] Sending request 33 to fd00::201:1:1:1
06:25.469	ID:3	[INFO: App       ] Sending request 35 to fd00::201:1:1:1
06:25.482	ID:16	[WARN: IPv6      ] BLACKHOLE: forward check hit
06:25.482	ID:16	[WARN: IPv6      ] BLACKHOLE: dropping forwarded packet
06:25.519	ID:16	[WARN: IPv6      ] BLACKHOLE: forward check hit
06:25.519	ID:16	[WARN: IPv6      ] BLACKHOLE: dropping forwarded packet
06:25.947	ID:8	[INFO: App       ] Sending request 34 to fd00::201:1:1:1
06:26.007	ID:16	[WARN: IPv6      ] BLACKHOLE: forward check hit
06:26.007	ID:16	[WARN: IPv6      ] BLACKHOLE: dropping forwarded packet
06:29.727	ID:9	[INFO: App       ] Sending request 34 to fd00::201:1:1:1
06:29.811	ID:16	[WARN: IPv6      ] BLACKHOLE: forward check hit
06:29.811	ID:16	[WARN: IPv6      ] BLACKHOLE: dropping forwarded packet
06:30.403	ID:2	[INFO: App       ] Sending request 35 to fd00::201:1:1:1
06:30.408	ID:16	[WARN: IPv6      ] BLACKHOLE: forward check hit
06:30.408	ID:16	[WARN: IPv6      ] BLACKHOLE: dropping forwarded packet
06:30.663	ID:13	[INFO: App       ] Sending request 33 to fd00::201:1:1:1
06:30.754	ID:14	[INFO: App       ] Sending request 34 to fd00::201:1:1:1
06:30.766	ID:16	[WARN: IPv6      ] BLACKHOLE: forward check hit
06:30.766	ID:16	[WARN: IPv6      ] BLACKHOLE: dropping forwarded packet
06:30.865	ID:16	[WARN: IPv6      ] BLACKHOLE: forward check hit
06:30.865	ID:16	[WARN: IPv6      ] BLACKHOLE: dropping forwarded packet
06:31.035	ID:6	[INFO: App       ] Sending request 34 to fd00::201:1:1:1
06:31.100	ID:16	[WARN: IPv6      ] BLACKHOLE: forward check hit
06:31.100	ID:16	[WARN: IPv6      ] BLACKHOLE: dropping forwarded packet
06:31.453	ID:5	[INFO: App       ] Sending request 36 to fd00::201:1:1:1
06:31.482	ID:16	[WARN: IPv6      ] BLACKHOLE: forward check hit
06:31.482	ID:16	[WARN: IPv6      ] BLACKHOLE: dropping forwarded packet
06:31.726	ID:10	[INFO: App       ] Sending request 35 to fd00::201:1:1:1
06:31.776	ID:16	[WARN: IPv6      ] BLACKHOLE: forward check hit
06:31.776	ID:16	[WARN: IPv6      ] BLACKHOLE: dropping forwarded packet
06:33.567	ID:11	[INFO: App       ] Sending request 35 to fd00::201:1:1:1
06:33.627	ID:16	[WARN: IPv6      ] BLACKHOLE: forward check hit
06:33.627	ID:16	[WARN: IPv6      ] BLACKHOLE: dropping forwarded packet
06:33.886	ID:7	[INFO: App       ] Sending request 34 to fd00::201:1:1:1
06:33.922	ID:16	[WARN: IPv6      ] BLACKHOLE: forward check hit
06:33.922	ID:16	[WARN: IPv6      ] BLACKHOLE: dropping forwarded packet
06:34.175	ID:4	[INFO: App       ] Sending request 36 to fd00::201:1:1:1
06:34.209	ID:16	[WARN: IPv6      ] BLACKHOLE: forward check hit
06:34.209	ID:16	[WARN: IPv6      ] BLACKHOLE: dropping forwarded packet
06:34.998	ID:12	[INFO: App       ] Sending request 34 to fd00::201:1:1:1
06:35.070	ID:16	[WARN: IPv6      ] BLACKHOLE: forward check hit
06:35.070	ID:16	[WARN: IPv6      ] BLACKHOLE: dropping forwarded packet
06:35.073	ID:15	[INFO: App       ] Sending request 34 to fd00::201:1:1:1
06:35.141	ID:16	[WARN: IPv6      ] BLACKHOLE: forward check hit
06:35.141	ID:16	[WARN: IPv6      ] BLACKHOLE: dropping forwarded packet
06:35.504	ID:8	[INFO: App       ] Sending request 35 to fd00::201:1:1:1
06:35.568	ID:16	[WARN: IPv6      ] BLACKHOLE: forward check hit
06:35.568	ID:16	[WARN: IPv6      ] BLACKHOLE: dropping forwarded packet
06:35.699	ID:3	[INFO: App       ] Sending request 36 to fd00::201:1:1:1
06:35.712	ID:16	[WARN: IPv6      ] BLACKHOLE: forward check hit
06:35.712	ID:16	[WARN: IPv6      ] BLACKHOLE: dropping forwarded packet
06:40.179	ID:14	[INFO: App       ] Sending request 35 to fd00::201:1:1:1
06:40.231	ID:16	[WARN: IPv6      ] BLACKHOLE: forward check hit
06:40.231	ID:16	[WARN: IPv6      ] BLACKHOLE: dropping forwarded packet
06:40.248	ID:9	[INFO: App       ] Sending request 35 to fd00::201:1:1:1
06:40.265	ID:2	[INFO: App       ] Sending request 36 to fd00::201:1:1:1
06:40.275	ID:16	[WARN: IPv6      ] BLACKHOLE: forward check hit
06:40.275	ID:16	[WARN: IPv6      ] BLACKHOLE: dropping forwarded packet
06:40.296	ID:16	[WARN: IPv6      ] BLACKHOLE: forward check hit
06:40.296	ID:16	[WARN: IPv6      ] BLACKHOLE: dropping forwarded packet
06:40.808	ID:6	[INFO: App       ] Sending request 35 to fd00::201:1:1:1
06:40.832	ID:16	[WARN: IPv6      ] BLACKHOLE: forward check hit
06:40.832	ID:16	[WARN: IPv6      ] BLACKHOLE: dropping forwarded packet
06:41.530	ID:13	[INFO: App       ] Sending request 34 to fd00::201:1:1:1
06:41.582	ID:16	[WARN: IPv6      ] BLACKHOLE: forward check hit
06:41.582	ID:16	[WARN: IPv6      ] BLACKHOLE: dropping forwarded packet
06:41.606	ID:5	[INFO: App       ] Sending request 37 to fd00::201:1:1:1
06:41.626	ID:16	[WARN: IPv6      ] BLACKHOLE: forward check hit
06:41.626	ID:16	[WARN: IPv6      ] BLACKHOLE: dropping forwarded packet
06:42.255	ID:10	[INFO: App       ] Sending request 36 to fd00::201:1:1:1
06:42.314	ID:16	[WARN: IPv6      ] BLACKHOLE: forward check hit
06:42.314	ID:16	[WARN: IPv6      ] BLACKHOLE: dropping forwarded packet
06:43.071	ID:7	[INFO: App       ] Sending request 35 to fd00::201:1:1:1
06:43.094	ID:16	[WARN: IPv6      ] BLACKHOLE: forward check hit
06:43.094	ID:16	[WARN: IPv6      ] BLACKHOLE: dropping forwarded packet
06:43.231	ID:4	[INFO: App       ] Sending request 37 to fd00::201:1:1:1
06:43.274	ID:16	[WARN: IPv6      ] BLACKHOLE: forward check hit
06:43.274	ID:16	[WARN: IPv6      ] BLACKHOLE: dropping forwarded packet
06:43.769	ID:11	[INFO: App       ] Sending request 36 to fd00::201:1:1:1
06:43.822	ID:16	[WARN: IPv6      ] BLACKHOLE: forward check hit
06:43.822	ID:16	[WARN: IPv6      ] BLACKHOLE: dropping forwarded packet
06:44.035	ID:12	[INFO: App       ] Sending request 35 to fd00::201:1:1:1
06:44.096	ID:16	[WARN: IPv6      ] BLACKHOLE: forward check hit
06:44.096	ID:16	[WARN: IPv6      ] BLACKHOLE: dropping forwarded packet
06:44.520	ID:8	[INFO: App       ] Sending request 36 to fd00::201:1:1:1
06:44.562	ID:16	[WARN: IPv6      ] BLACKHOLE: forward check hit
06:44.562	ID:16	[WARN: IPv6      ] BLACKHOLE: dropping forwarded packet
06:45.127	ID:3	[INFO: App       ] Sending request 37 to fd00::201:1:1:1
06:45.172	ID:16	[WARN: IPv6      ] BLACKHOLE: forward check hit
06:45.172	ID:16	[WARN: IPv6      ] BLACKHOLE: dropping forwarded packet
06:45.224	ID:15	[INFO: App       ] Sending request 35 to fd00::201:1:1:1
06:45.299	ID:16	[WARN: IPv6      ] BLACKHOLE: forward check hit
06:45.299	ID:16	[WARN: IPv6      ] BLACKHOLE: dropping forwarded packet
06:49.466	ID:2	[INFO: App       ] Sending request 37 to fd00::201:1:1:1
06:49.482	ID:16	[WARN: IPv6      ] BLACKHOLE: forward check hit
06:49.482	ID:16	[WARN: IPv6      ] BLACKHOLE: dropping forwarded packet
06:49.578	ID:9	[INFO: App       ] Sending request 36 to fd00::201:1:1:1
06:49.594	ID:16	[WARN: IPv6      ] BLACKHOLE: forward check hit
06:49.594	ID:16	[WARN: IPv6      ] BLACKHOLE: dropping forwarded packet
06:50.522	ID:14	[INFO: App       ] Sending request 36 to fd00::201:1:1:1
06:50.585	ID:16	[WARN: IPv6      ] BLACKHOLE: forward check hit
06:50.585	ID:16	[WARN: IPv6      ] BLACKHOLE: dropping forwarded packet
06:50.940	ID:13	[INFO: App       ] Sending request 35 to fd00::201:1:1:1
06:51.014	ID:16	[WARN: IPv6      ] BLACKHOLE: forward check hit
06:51.014	ID:16	[WARN: IPv6      ] BLACKHOLE: dropping forwarded packet
06:51.454	ID:6	[INFO: App       ] Sending request 36 to fd00::201:1:1:1
06:51.532	ID:16	[WARN: IPv6      ] BLACKHOLE: forward check hit
06:51.532	ID:16	[WARN: IPv6      ] BLACKHOLE: dropping forwarded packet
06:51.839	ID:10	[INFO: App       ] Sending request 37 to fd00::201:1:1:1
06:51.899	ID:16	[WARN: IPv6      ] BLACKHOLE: forward check hit
06:51.899	ID:16	[WARN: IPv6      ] BLACKHOLE: dropping forwarded packet
06:52.080	ID:5	[INFO: App       ] Sending request 38 to fd00::201:1:1:1
06:52.101	ID:16	[WARN: IPv6      ] BLACKHOLE: forward check hit
06:52.101	ID:16	[WARN: IPv6      ] BLACKHOLE: dropping forwarded packet
06:52.324	ID:7	[INFO: App       ] Sending request 36 to fd00::201:1:1:1
06:52.414	ID:16	[WARN: IPv6      ] BLACKHOLE: forward check hit
06:52.414	ID:16	[WARN: IPv6      ] BLACKHOLE: dropping forwarded packet
06:53.187	ID:4	[INFO: App       ] Sending request 38 to fd00::201:1:1:1
06:53.212	ID:16	[WARN: IPv6      ] BLACKHOLE: forward check hit
06:53.212	ID:16	[WARN: IPv6      ] BLACKHOLE: dropping forwarded packet
06:54.140	ID:11	[INFO: App       ] Sending request 37 to fd00::201:1:1:1
06:54.173	ID:16	[WARN: IPv6      ] BLACKHOLE: forward check hit
06:54.173	ID:16	[WARN: IPv6      ] BLACKHOLE: dropping forwarded packet
06:54.652	ID:12	[INFO: App       ] Sending request 36 to fd00::201:1:1:1
06:54.695	ID:15	[INFO: App       ] Sending request 36 to fd00::201:1:1:1
06:54.712	ID:16	[WARN: IPv6      ] BLACKHOLE: forward check hit
06:54.712	ID:16	[WARN: IPv6      ] BLACKHOLE: dropping forwarded packet
06:54.717	ID:3	[INFO: App       ] Sending request 38 to fd00::201:1:1:1
06:54.722	ID:16	[WARN: IPv6      ] BLACKHOLE: forward check hit
06:54.722	ID:16	[WARN: IPv6      ] BLACKHOLE: dropping forwarded packet
06:54.784	ID:16	[WARN: IPv6      ] BLACKHOLE: forward check hit
06:54.784	ID:16	[WARN: IPv6      ] BLACKHOLE: dropping forwarded packet
06:55.002	ID:8	[INFO: App       ] Sending request 37 to fd00::201:1:1:1
06:55.016	ID:16	[WARN: IPv6      ] BLACKHOLE: forward check hit
06:55.016	ID:16	[WARN: IPv6      ] BLACKHOLE: dropping forwarded packet
06:59.738	ID:9	[INFO: App       ] Sending request 37 to fd00::201:1:1:1
06:59.786	ID:2	[INFO: App       ] Sending request 38 to fd00::201:1:1:1
06:59.794	ID:16	[WARN: IPv6      ] BLACKHOLE: forward check hit
06:59.794	ID:16	[WARN: IPv6      ] BLACKHOLE: dropping forwarded packet
06:59.865	ID:16	[WARN: IPv6      ] BLACKHOLE: forward check hit
06:59.865	ID:16	[WARN: IPv6      ] BLACKHOLE: dropping forwarded packet
07:00.316	ID:14	[INFO: App       ] Sending request 37 to fd00::201:1:1:1
07:00.422	ID:16	[WARN: IPv6      ] BLACKHOLE: forward check hit
07:00.422	ID:16	[WARN: IPv6      ] BLACKHOLE: dropping forwarded packet
07:01.127	ID:6	[INFO: App       ] Sending request 37 to fd00::201:1:1:1
07:01.192	ID:10	[INFO: App       ] Sending request 38 to fd00::201:1:1:1
07:01.192	ID:16	[WARN: IPv6      ] BLACKHOLE: forward check hit
07:01.192	ID:16	[WARN: IPv6      ] BLACKHOLE: dropping forwarded packet
07:01.244	ID:16	[WARN: IPv6      ] BLACKHOLE: forward check hit
07:01.244	ID:16	[WARN: IPv6      ] BLACKHOLE: dropping forwarded packet
07:01.462	ID:13	[INFO: App       ] Sending request 36 to fd00::201:1:1:1
07:01.538	ID:5	[INFO: App       ] Sending request 39 to fd00::201:1:1:1
07:01.580	ID:16	[WARN: IPv6      ] BLACKHOLE: forward check hit
07:01.580	ID:16	[WARN: IPv6      ] BLACKHOLE: dropping forwarded packet
07:01.587	ID:16	[WARN: IPv6      ] BLACKHOLE: forward check hit
07:01.587	ID:16	[WARN: IPv6      ] BLACKHOLE: dropping forwarded packet
07:02.554	ID:7	[INFO: App       ] Sending request 37 to fd00::201:1:1:1
07:02.608	ID:16	[WARN: IPv6      ] BLACKHOLE: forward check hit
07:02.608	ID:16	[WARN: IPv6      ] BLACKHOLE: dropping forwarded packet
07:03.472	ID:4	[INFO: App       ] Sending request 39 to fd00::201:1:1:1
07:03.487	ID:16	[WARN: IPv6      ] BLACKHOLE: forward check hit
07:03.487	ID:16	[WARN: IPv6      ] BLACKHOLE: dropping forwarded packet
07:04.478	ID:8	[INFO: App       ] Sending request 38 to fd00::201:1:1:1
07:04.483	ID:12	[INFO: App       ] Sending request 37 to fd00::201:1:1:1
07:04.535	ID:16	[WARN: IPv6      ] BLACKHOLE: forward check hit
07:04.535	ID:16	[WARN: IPv6      ] BLACKHOLE: dropping forwarded packet
07:04.584	ID:16	[WARN: IPv6      ] BLACKHOLE: forward check hit
07:04.584	ID:16	[WARN: IPv6      ] BLACKHOLE: dropping forwarded packet
07:04.602	ID:3	[INFO: App       ] Sending request 39 to fd00::201:1:1:1
07:04.616	ID:16	[WARN: IPv6      ] BLACKHOLE: forward check hit
07:04.616	ID:16	[WARN: IPv6      ] BLACKHOLE: dropping forwarded packet
07:05.005	ID:11	[INFO: App       ] Sending request 38 to fd00::201:1:1:1
07:05.026	ID:15	[INFO: App       ] Sending request 37 to fd00::201:1:1:1
07:05.042	ID:16	[WARN: IPv6      ] BLACKHOLE: forward check hit
07:05.042	ID:16	[WARN: IPv6      ] BLACKHOLE: dropping forwarded packet
07:05.103	ID:16	[WARN: IPv6      ] BLACKHOLE: forward check hit
07:05.103	ID:16	[WARN: IPv6      ] BLACKHOLE: dropping forwarded packet
07:08.815	ID:2	[INFO: App       ] Sending request 39 to fd00::201:1:1:1
07:08.836	ID:16	[WARN: IPv6      ] BLACKHOLE: forward check hit
07:08.836	ID:16	[WARN: IPv6      ] BLACKHOLE: dropping forwarded packet
07:09.169	ID:9	[INFO: App       ] Sending request 38 to fd00::201:1:1:1
07:09.200	ID:16	[WARN: IPv6      ] BLACKHOLE: forward check hit
07:09.200	ID:16	[WARN: IPv6      ] BLACKHOLE: dropping forwarded packet
07:10.448	ID:14	[INFO: App       ] Sending request 38 to fd00::201:1:1:1
07:10.556	ID:16	[WARN: IPv6      ] BLACKHOLE: forward check hit
07:10.556	ID:16	[WARN: IPv6      ] BLACKHOLE: dropping forwarded packet
07:10.898	ID:6	[INFO: App       ] Sending request 38 to fd00::201:1:1:1
07:10.946	ID:16	[WARN: IPv6      ] BLACKHOLE: forward check hit
07:10.946	ID:16	[WARN: IPv6      ] BLACKHOLE: dropping forwarded packet
07:11.048	ID:13	[INFO: App       ] Sending request 37 to fd00::201:1:1:1
07:11.155	ID:16	[WARN: IPv6      ] BLACKHOLE: forward check hit
07:11.155	ID:16	[WARN: IPv6      ] BLACKHOLE: dropping forwarded packet
07:11.566	ID:5	[INFO: App       ] Tx/Rx/MissedTx: 40/21/0
07:11.566	ID:5	[INFO: App       ] Sending request 40 to fd00::201:1:1:1
07:11.574	ID:16	[WARN: IPv6      ] BLACKHOLE: forward check hit
07:11.574	ID:16	[WARN: IPv6      ] BLACKHOLE: dropping forwarded packet
07:12.073	ID:10	[INFO: App       ] Sending request 39 to fd00::201:1:1:1
07:12.124	ID:16	[WARN: IPv6      ] BLACKHOLE: forward check hit
07:12.124	ID:16	[WARN: IPv6      ] BLACKHOLE: dropping forwarded packet
07:12.617	ID:4	[INFO: App       ] Tx/Rx/MissedTx: 40/21/0
07:12.617	ID:4	[INFO: App       ] Sending request 40 to fd00::201:1:1:1
07:12.624	ID:16	[WARN: IPv6      ] BLACKHOLE: forward check hit
07:12.624	ID:16	[WARN: IPv6      ] BLACKHOLE: dropping forwarded packet
07:12.692	ID:7	[INFO: App       ] Sending request 38 to fd00::201:1:1:1
07:12.744	ID:16	[WARN: IPv6      ] BLACKHOLE: forward check hit
07:12.744	ID:16	[WARN: IPv6      ] BLACKHOLE: dropping forwarded packet
07:14.709	ID:12	[INFO: App       ] Sending request 38 to fd00::201:1:1:1
07:14.771	ID:16	[WARN: IPv6      ] BLACKHOLE: forward check hit
07:14.771	ID:16	[WARN: IPv6      ] BLACKHOLE: dropping forwarded packet
07:15.007	ID:11	[INFO: App       ] Sending request 39 to fd00::201:1:1:1
07:15.071	ID:16	[WARN: IPv6      ] BLACKHOLE: forward check hit
07:15.071	ID:16	[WARN: IPv6      ] BLACKHOLE: dropping forwarded packet
07:15.130	ID:3	[INFO: App       ] Tx/Rx/MissedTx: 40/21/0
07:15.130	ID:3	[INFO: App       ] Sending request 40 to fd00::201:1:1:1
07:15.136	ID:16	[WARN: IPv6      ] BLACKHOLE: forward check hit
07:15.136	ID:16	[WARN: IPv6      ] BLACKHOLE: dropping forwarded packet
07:15.194	ID:8	[INFO: App       ] Sending request 39 to fd00::201:1:1:1
07:15.258	ID:16	[WARN: IPv6      ] BLACKHOLE: forward check hit
07:15.258	ID:16	[WARN: IPv6      ] BLACKHOLE: dropping forwarded packet
07:15.969	ID:15	[INFO: App       ] Sending request 38 to fd00::201:1:1:1
07:16.031	ID:16	[WARN: IPv6      ] BLACKHOLE: forward check hit
07:16.031	ID:16	[WARN: IPv6      ] BLACKHOLE: dropping forwarded packet
07:18.365	ID:2	[INFO: App       ] Tx/Rx/MissedTx: 40/20/0
07:18.365	ID:2	[INFO: App       ] Sending request 40 to fd00::201:1:1:1
07:18.375	ID:16	[WARN: IPv6      ] BLACKHOLE: forward check hit
07:18.375	ID:16	[WARN: IPv6      ] BLACKHOLE: dropping forwarded packet
07:19.892	ID:9	[INFO: App       ] Sending request 39 to fd00::201:1:1:1
07:19.938	ID:16	[WARN: IPv6      ] BLACKHOLE: forward check hit
07:19.938	ID:16	[WARN: IPv6      ] BLACKHOLE: dropping forwarded packet
07:21.118	ID:14	[INFO: App       ] Sending request 39 to fd00::201:1:1:1
07:21.178	ID:16	[WARN: IPv6      ] BLACKHOLE: forward check hit
07:21.178	ID:16	[WARN: IPv6      ] BLACKHOLE: dropping forwarded packet
07:21.656	ID:6	[INFO: App       ] Sending request 39 to fd00::201:1:1:1
07:21.703	ID:16	[WARN: IPv6      ] BLACKHOLE: forward check hit
07:21.703	ID:16	[WARN: IPv6      ] BLACKHOLE: dropping forwarded packet
07:21.719	ID:13	[INFO: App       ] Sending request 38 to fd00::201:1:1:1
07:21.816	ID:16	[WARN: IPv6      ] BLACKHOLE: forward check hit
07:21.816	ID:16	[WARN: IPv6      ] BLACKHOLE: dropping forwarded packet
07:21.825	ID:5	[INFO: App       ] Sending request 41 to fd00::201:1:1:1
07:21.832	ID:16	[WARN: IPv6      ] BLACKHOLE: forward check hit
07:21.832	ID:16	[WARN: IPv6      ] BLACKHOLE: dropping forwarded packet
07:21.944	ID:7	[INFO: App       ] Sending request 39 to fd00::201:1:1:1
07:21.990	ID:16	[WARN: IPv6      ] BLACKHOLE: forward check hit
07:21.990	ID:16	[WARN: IPv6      ] BLACKHOLE: dropping forwarded packet
07:22.327	ID:10	[INFO: App       ] Tx/Rx/MissedTx: 40/21/0
07:22.327	ID:10	[INFO: App       ] Sending request 40 to fd00::201:1:1:1
07:22.373	ID:16	[WARN: IPv6      ] BLACKHOLE: forward check hit
07:22.373	ID:16	[WARN: IPv6      ] BLACKHOLE: dropping forwarded packet
07:22.391	ID:4	[INFO: App       ] Sending request 41 to fd00::201:1:1:1
07:22.410	ID:16	[WARN: IPv6      ] BLACKHOLE: forward check hit
07:22.410	ID:16	[WARN: IPv6      ] BLACKHOLE: dropping forwarded packet
07:24.096	ID:11	[INFO: App       ] Tx/Rx/MissedTx: 40/20/0
07:24.096	ID:11	[INFO: App       ] Sending request 40 to fd00::201:1:1:1
07:24.145	ID:16	[WARN: IPv6      ] BLACKHOLE: forward check hit
07:24.145	ID:16	[WARN: IPv6      ] BLACKHOLE: dropping forwarded packet
07:24.763	ID:12	[INFO: App       ] Sending request 39 to fd00::201:1:1:1
07:24.848	ID:16	[WARN: IPv6      ] BLACKHOLE: forward check hit
07:24.848	ID:16	[WARN: IPv6      ] BLACKHOLE: dropping forwarded packet
07:25.085	ID:8	[INFO: App       ] Tx/Rx/MissedTx: 40/20/0
07:25.085	ID:8	[INFO: App       ] Sending request 40 to fd00::201:1:1:1
07:25.155	ID:16	[WARN: IPv6      ] BLACKHOLE: forward check hit
07:25.155	ID:16	[WARN: IPv6      ] BLACKHOLE: dropping forwarded packet
07:25.678	ID:3	[INFO: App       ] Sending request 41 to fd00::201:1:1:1
07:25.690	ID:16	[WARN: IPv6      ] BLACKHOLE: forward check hit
07:25.690	ID:16	[WARN: IPv6      ] BLACKHOLE: dropping forwarded packet
07:26.762	ID:15	[INFO: App       ] Sending request 39 to fd00::201:1:1:1
07:26.843	ID:16	[WARN: IPv6      ] BLACKHOLE: forward check hit
07:26.843	ID:16	[WARN: IPv6      ] BLACKHOLE: dropping forwarded packet
07:28.886	ID:2	[INFO: App       ] Sending request 41 to fd00::201:1:1:1
07:28.930	ID:16	[WARN: IPv6      ] BLACKHOLE: forward check hit
07:28.930	ID:16	[WARN: IPv6      ] BLACKHOLE: dropping forwarded packet
07:30.222	ID:9	[INFO: App       ] Tx/Rx/MissedTx: 40/20/0
07:30.222	ID:9	[INFO: App       ] Sending request 40 to fd00::201:1:1:1
07:30.301	ID:16	[WARN: IPv6      ] BLACKHOLE: forward check hit
07:30.301	ID:16	[WARN: IPv6      ] BLACKHOLE: dropping forwarded packet
07:30.643	ID:14	[INFO: App       ] Tx/Rx/MissedTx: 40/19/0
07:30.643	ID:14	[INFO: App       ] Sending request 40 to fd00::201:1:1:1
07:30.730	ID:16	[WARN: IPv6      ] BLACKHOLE: forward check hit
07:30.730	ID:16	[WARN: IPv6      ] BLACKHOLE: dropping forwarded packet
07:30.905	ID:13	[INFO: App       ] Sending request 39 to fd00::201:1:1:1
07:30.915	ID:6	[INFO: App       ] Tx/Rx/MissedTx: 40/19/0
07:30.915	ID:6	[INFO: App       ] Sending request 40 to fd00::201:1:1:1
07:30.939	ID:16	[WARN: IPv6      ] BLACKHOLE: forward check hit
07:30.939	ID:16	[WARN: IPv6      ] BLACKHOLE: dropping forwarded packet
07:31.012	ID:16	[WARN: IPv6      ] BLACKHOLE: forward check hit
07:31.012	ID:16	[WARN: IPv6      ] BLACKHOLE: dropping forwarded packet
07:31.343	ID:10	[INFO: App       ] Sending request 41 to fd00::201:1:1:1
07:31.368	ID:16	[WARN: IPv6      ] BLACKHOLE: forward check hit
07:31.368	ID:16	[WARN: IPv6      ] BLACKHOLE: dropping forwarded packet
07:31.479	ID:7	[INFO: App       ] Tx/Rx/MissedTx: 40/19/0
07:31.479	ID:7	[INFO: App       ] Sending request 40 to fd00::201:1:1:1
07:31.528	ID:16	[WARN: IPv6      ] BLACKHOLE: forward check hit
07:31.528	ID:16	[WARN: IPv6      ] BLACKHOLE: dropping forwarded packet
07:32.302	ID:5	[INFO: App       ] Sending request 42 to fd00::201:1:1:1
07:32.308	ID:16	[WARN: IPv6      ] BLACKHOLE: forward check hit
07:32.308	ID:16	[WARN: IPv6      ] BLACKHOLE: dropping forwarded packet
07:33.046	ID:4	[INFO: App       ] Sending request 42 to fd00::201:1:1:1
07:33.063	ID:16	[WARN: IPv6      ] BLACKHOLE: forward check hit
07:33.063	ID:16	[WARN: IPv6      ] BLACKHOLE: dropping forwarded packet
07:33.941	ID:11	[INFO: App       ] Sending request 41 to fd00::201:1:1:1
07:33.975	ID:16	[WARN: IPv6      ] BLACKHOLE: forward check hit
07:33.975	ID:16	[WARN: IPv6      ] BLACKHOLE: dropping forwarded packet
07:34.284	ID:8	[INFO: App       ] Sending request 41 to fd00::201:1:1:1
07:34.308	ID:16	[WARN: IPv6      ] BLACKHOLE: forward check hit
07:34.308	ID:16	[WARN: IPv6      ] BLACKHOLE: dropping forwarded packet
07:34.616	ID:12	[INFO: App       ] Tx/Rx/MissedTx: 40/18/0
07:34.616	ID:12	[INFO: App       ] Sending request 40 to fd00::201:1:1:1
07:34.689	ID:16	[WARN: IPv6      ] BLACKHOLE: forward check hit
07:34.689	ID:16	[WARN: IPv6      ] BLACKHOLE: dropping forwarded packet
07:35.923	ID:3	[INFO: App       ] Sending request 42 to fd00::201:1:1:1
07:35.966	ID:16	[WARN: IPv6      ] BLACKHOLE: forward check hit
07:35.966	ID:16	[WARN: IPv6      ] BLACKHOLE: dropping forwarded packet
07:37.216	ID:15	[INFO: App       ] Tx/Rx/MissedTx: 40/19/0
07:37.216	ID:15	[INFO: App       ] Sending request 40 to fd00::201:1:1:1
07:37.250	ID:16	[WARN: IPv6      ] BLACKHOLE: forward check hit
07:37.250	ID:16	[WARN: IPv6      ] BLACKHOLE: dropping forwarded packet
07:38.833	ID:2	[INFO: App       ] Sending request 42 to fd00::201:1:1:1
07:38.864	ID:16	[WARN: IPv6      ] BLACKHOLE: forward check hit
07:38.864	ID:16	[WARN: IPv6      ] BLACKHOLE: dropping forwarded packet
07:40.118	ID:13	[INFO: App       ] Tx/Rx/MissedTx: 40/18/0
07:40.118	ID:13	[INFO: App       ] Sending request 40 to fd00::201:1:1:1
07:40.214	ID:16	[WARN: IPv6      ] BLACKHOLE: forward check hit
07:40.214	ID:16	[WARN: IPv6      ] BLACKHOLE: dropping forwarded packet
07:40.591	ID:9	[INFO: App       ] Sending request 41 to fd00::201:1:1:1
07:40.623	ID:16	[WARN: IPv6      ] BLACKHOLE: forward check hit
07:40.623	ID:16	[WARN: IPv6      ] BLACKHOLE: dropping forwarded packet
07:41.060	ID:14	[INFO: App       ] Sending request 41 to fd00::201:1:1:1
07:41.122	ID:16	[WARN: IPv6      ] BLACKHOLE: forward check hit
07:41.122	ID:16	[WARN: IPv6      ] BLACKHOLE: dropping forwarded packet
07:41.668	ID:6	[INFO: App       ] Sending request 41 to fd00::201:1:1:1
07:41.727	ID:16	[WARN: IPv6      ] BLACKHOLE: forward check hit
07:41.727	ID:16	[WARN: IPv6      ] BLACKHOLE: dropping forwarded packet
07:41.751	ID:10	[INFO: App       ] Sending request 42 to fd00::201:1:1:1
07:41.785	ID:16	[WARN: IPv6      ] BLACKHOLE: forward check hit
07:41.785	ID:16	[WARN: IPv6      ] BLACKHOLE: dropping forwarded packet
07:42.007	ID:7	[INFO: App       ] Sending request 41 to fd00::201:1:1:1
07:42.077	ID:16	[WARN: IPv6      ] BLACKHOLE: forward check hit
07:42.077	ID:16	[WARN: IPv6      ] BLACKHOLE: dropping forwarded packet
07:42.190	ID:4	[INFO: App       ] Sending request 43 to fd00::201:1:1:1
07:42.206	ID:16	[WARN: IPv6      ] BLACKHOLE: forward check hit
07:42.206	ID:16	[WARN: IPv6      ] BLACKHOLE: dropping forwarded packet
07:42.482	ID:5	[INFO: App       ] Sending request 43 to fd00::201:1:1:1
07:42.520	ID:16	[WARN: IPv6      ] BLACKHOLE: forward check hit
07:42.520	ID:16	[WARN: IPv6      ] BLACKHOLE: dropping forwarded packet
07:44.136	ID:8	[INFO: App       ] Sending request 42 to fd00::201:1:1:1
07:44.187	ID:16	[WARN: IPv6      ] BLACKHOLE: forward check hit
07:44.187	ID:16	[WARN: IPv6      ] BLACKHOLE: dropping forwarded packet
07:44.568	ID:12	[INFO: App       ] Sending request 41 to fd00::201:1:1:1
07:44.626	ID:16	[WARN: IPv6      ] BLACKHOLE: forward check hit
07:44.626	ID:16	[WARN: IPv6      ] BLACKHOLE: dropping forwarded packet
07:44.826	ID:11	[INFO: App       ] Sending request 42 to fd00::201:1:1:1
07:44.857	ID:16	[WARN: IPv6      ] BLACKHOLE: forward check hit
07:44.857	ID:16	[WARN: IPv6      ] BLACKHOLE: dropping forwarded packet
07:46.052	ID:3	[INFO: App       ] Sending request 43 to fd00::201:1:1:1
07:46.067	ID:16	[WARN: IPv6      ] BLACKHOLE: forward check hit
07:46.067	ID:16	[WARN: IPv6      ] BLACKHOLE: dropping forwarded packet
07:46.324	ID:15	[INFO: App       ] Sending request 41 to fd00::201:1:1:1
07:46.399	ID:16	[WARN: IPv6      ] BLACKHOLE: forward check hit
07:46.399	ID:16	[WARN: IPv6      ] BLACKHOLE: dropping forwarded packet
07:47.881	ID:2	[INFO: App       ] Sending request 43 to fd00::201:1:1:1
07:47.902	ID:16	[WARN: IPv6      ] BLACKHOLE: forward check hit
07:47.902	ID:16	[WARN: IPv6      ] BLACKHOLE: dropping forwarded packet
07:50.131	ID:13	[INFO: App       ] Sending request 41 to fd00::201:1:1:1
07:50.205	ID:16	[WARN: IPv6      ] BLACKHOLE: forward check hit
07:50.205	ID:16	[WARN: IPv6      ] BLACKHOLE: dropping forwarded packet
07:50.497	ID:9	[INFO: App       ] Sending request 42 to fd00::201:1:1:1
07:50.553	ID:16	[WARN: IPv6      ] BLACKHOLE: forward check hit
07:50.553	ID:16	[WARN: IPv6      ] BLACKHOLE: dropping forwarded packet
07:51.263	ID:4	[INFO: App       ] Sending request 44 to fd00::201:1:1:1
07:51.304	ID:16	[WARN: IPv6      ] BLACKHOLE: forward check hit
07:51.304	ID:16	[WARN: IPv6      ] BLACKHOLE: dropping forwarded packet
07:51.403	ID:14	[INFO: App       ] Sending request 42 to fd00::201:1:1:1
07:51.458	ID:16	[WARN: IPv6      ] BLACKHOLE: forward check hit
07:51.458	ID:16	[WARN: IPv6      ] BLACKHOLE: dropping forwarded packet
07:51.521	ID:6	[INFO: App       ] Sending request 42 to fd00::201:1:1:1
07:51.563	ID:16	[WARN: IPv6      ] BLACKHOLE: forward check hit
07:51.563	ID:16	[WARN: IPv6      ] BLACKHOLE: dropping forwarded packet
07:52.389	ID:10	[INFO: App       ] Sending request 43 to fd00::201:1:1:1
07:52.419	ID:16	[WARN: IPv6      ] BLACKHOLE: forward check hit
07:52.419	ID:16	[WARN: IPv6      ] BLACKHOLE: dropping forwarded packet
07:52.946	ID:7	[INFO: App       ] Sending request 42 to fd00::201:1:1:1
07:53.006	ID:16	[WARN: IPv6      ] BLACKHOLE: forward check hit
07:53.006	ID:16	[WARN: IPv6      ] BLACKHOLE: dropping forwarded packet
07:53.175	ID:5	[INFO: App       ] Sending request 44 to fd00::201:1:1:1
07:53.215	ID:16	[WARN: IPv6      ] BLACKHOLE: forward check hit
07:53.215	ID:16	[WARN: IPv6      ] BLACKHOLE: dropping forwarded packet
07:54.238	ID:8	[INFO: App       ] Sending request 43 to fd00::201:1:1:1
07:54.268	ID:16	[WARN: IPv6      ] BLACKHOLE: forward check hit
07:54.268	ID:16	[WARN: IPv6      ] BLACKHOLE: dropping forwarded packet
07:54.364	ID:11	[INFO: App       ] Sending request 43 to fd00::201:1:1:1
07:54.427	ID:16	[WARN: IPv6      ] BLACKHOLE: forward check hit
07:54.427	ID:16	[WARN: IPv6      ] BLACKHOLE: dropping forwarded packet
07:54.543	ID:12	[INFO: App       ] Sending request 42 to fd00::201:1:1:1
07:54.653	ID:16	[WARN: IPv6      ] BLACKHOLE: forward check hit
07:54.653	ID:16	[WARN: IPv6      ] BLACKHOLE: dropping forwarded packet
07:56.299	ID:3	[INFO: App       ] Sending request 44 to fd00::201:1:1:1
07:56.344	ID:16	[WARN: IPv6      ] BLACKHOLE: forward check hit
07:56.344	ID:16	[WARN: IPv6      ] BLACKHOLE: dropping forwarded packet
07:56.733	ID:15	[INFO: App       ] Sending request 42 to fd00::201:1:1:1
07:56.814	ID:16	[WARN: IPv6      ] BLACKHOLE: forward check hit
07:56.814	ID:16	[WARN: IPv6      ] BLACKHOLE: dropping forwarded packet
07:57.765	ID:2	[INFO: App       ] Sending request 44 to fd00::201:1:1:1
07:57.780	ID:16	[WARN: IPv6      ] BLACKHOLE: forward check hit
07:57.780	ID:16	[WARN: IPv6      ] BLACKHOLE: dropping forwarded packet
08:00.046	ID:9	[INFO: App       ] Sending request 43 to fd00::201:1:1:1
08:00.101	ID:16	[WARN: IPv6      ] BLACKHOLE: forward check hit
08:00.101	ID:16	[WARN: IPv6      ] BLACKHOLE: dropping forwarded packet
08:00.859	ID:13	[INFO: App       ] Sending request 42 to fd00::201:1:1:1
08:00.945	ID:16	[WARN: IPv6      ] BLACKHOLE: forward check hit
08:00.945	ID:16	[WARN: IPv6      ] BLACKHOLE: dropping forwarded packet
08:01.640	ID:4	[INFO: App       ] Sending request 45 to fd00::201:1:1:1
08:01.678	ID:16	[WARN: IPv6      ] BLACKHOLE: forward check hit
08:01.678	ID:16	[WARN: IPv6      ] BLACKHOLE: dropping forwarded packet
08:01.920	ID:14	[INFO: App       ] Sending request 43 to fd00::201:1:1:1
08:01.978	ID:16	[WARN: IPv6      ] BLACKHOLE: forward check hit
08:01.978	ID:16	[WARN: IPv6      ] BLACKHOLE: dropping forwarded packet
08:02.026	ID:6	[INFO: App       ] Sending request 43 to fd00::201:1:1:1
08:02.094	ID:16	[WARN: IPv6      ] BLACKHOLE: forward check hit
08:02.094	ID:16	[WARN: IPv6      ] BLACKHOLE: dropping forwarded packet
08:02.422	ID:10	[INFO: App       ] Sending request 44 to fd00::201:1:1:1
08:02.467	ID:16	[WARN: IPv6      ] BLACKHOLE: forward check hit
08:02.467	ID:16	[WARN: IPv6      ] BLACKHOLE: dropping forwarded packet
08:03.337	ID:7	[INFO: App       ] Sending request 43 to fd00::201:1:1:1
08:03.391	ID:16	[WARN: IPv6      ] BLACKHOLE: forward check hit
08:03.391	ID:16	[WARN: IPv6      ] BLACKHOLE: dropping forwarded packet
08:03.779	ID:8	[INFO: App       ] Sending request 44 to fd00::201:1:1:1
08:03.830	ID:16	[WARN: IPv6      ] BLACKHOLE: forward check hit
08:03.830	ID:16	[WARN: IPv6      ] BLACKHOLE: dropping forwarded packet
08:04.142	ID:5	[INFO: App       ] Sending request 45 to fd00::201:1:1:1
08:04.148	ID:16	[WARN: IPv6      ] BLACKHOLE: forward check hit
08:04.148	ID:16	[WARN: IPv6      ] BLACKHOLE: dropping forwarded packet
08:04.655	ID:12	[INFO: App       ] Sending request 43 to fd00::201:1:1:1
08:04.703	ID:16	[WARN: IPv6      ] BLACKHOLE: forward check hit
08:04.703	ID:16	[WARN: IPv6      ] BLACKHOLE: dropping forwarded packet
08:05.037	ID:11	[INFO: App       ] Sending request 44 to fd00::201:1:1:1
08:05.064	ID:16	[WARN: IPv6      ] BLACKHOLE: forward check hit
08:05.064	ID:16	[WARN: IPv6      ] BLACKHOLE: dropping forwarded packet
08:06.356	ID:3	[INFO: App       ] Sending request 45 to fd00::201:1:1:1
08:06.371	ID:16	[WARN: IPv6      ] BLACKHOLE: forward check hit
08:06.371	ID:16	[WARN: IPv6      ] BLACKHOLE: dropping forwarded packet
08:06.523	ID:15	[INFO: App       ] Sending request 43 to fd00::201:1:1:1
08:06.572	ID:16	[WARN: IPv6      ] BLACKHOLE: forward check hit
08:06.572	ID:16	[WARN: IPv6      ] BLACKHOLE: dropping forwarded packet
08:07.842	ID:2	[INFO: App       ] Sending request 45 to fd00::201:1:1:1
08:07.879	ID:16	[WARN: IPv6      ] BLACKHOLE: forward check hit
08:07.879	ID:16	[WARN: IPv6      ] BLACKHOLE: dropping forwarded packet
08:10.241	ID:9	[INFO: App       ] Sending request 44 to fd00::201:1:1:1
08:10.331	ID:16	[WARN: IPv6      ] BLACKHOLE: forward check hit
08:10.331	ID:16	[WARN: IPv6      ] BLACKHOLE: dropping forwarded packet
08:11.436	ID:6	[INFO: App       ] Sending request 44 to fd00::201:1:1:1
08:11.509	ID:16	[WARN: IPv6      ] BLACKHOLE: forward check hit
08:11.509	ID:16	[WARN: IPv6      ] BLACKHOLE: dropping forwarded packet
08:11.706	ID:4	[INFO: App       ] Sending request 46 to fd00::201:1:1:1
08:11.725	ID:16	[WARN: IPv6      ] BLACKHOLE: forward check hit
08:11.725	ID:16	[WARN: IPv6      ] BLACKHOLE: dropping forwarded packet
08:11.846	ID:13	[INFO: App       ] Sending request 43 to fd00::201:1:1:1
08:11.890	ID:16	[WARN: IPv6      ] BLACKHOLE: forward check hit
08:11.890	ID:16	[WARN: IPv6      ] BLACKHOLE: dropping forwarded packet
08:12.313	ID:10	[INFO: App       ] Sending request 45 to fd00::201:1:1:1
08:12.389	ID:16	[WARN: IPv6      ] BLACKHOLE: forward check hit
08:12.389	ID:16	[WARN: IPv6      ] BLACKHOLE: dropping forwarded packet
08:12.501	ID:14	[INFO: App       ] Sending request 44 to fd00::201:1:1:1
08:12.570	ID:16	[WARN: IPv6      ] BLACKHOLE: forward check hit
08:12.570	ID:16	[WARN: IPv6      ] BLACKHOLE: dropping forwarded packet
08:13.808	ID:7	[INFO: App       ] Sending request 44 to fd00::201:1:1:1
08:13.880	ID:16	[WARN: IPv6      ] BLACKHOLE: forward check hit
08:13.880	ID:16	[WARN: IPv6      ] BLACKHOLE: dropping forwarded packet
08:14.292	ID:11	[INFO: App       ] Sending request 45 to fd00::201:1:1:1
08:14.312	ID:8	[INFO: App       ] Sending request 45 to fd00::201:1:1:1
08:14.339	ID:16	[WARN: IPv6      ] BLACKHOLE: forward check hit
08:14.339	ID:16	[WARN: IPv6      ] BLACKHOLE: dropping forwarded packet
08:14.360	ID:16	[WARN: IPv6      ] BLACKHOLE: forward check hit
08:14.360	ID:16	[WARN: IPv6      ] BLACKHOLE: dropping forwarded packet
08:14.906	ID:5	[INFO: App       ] Sending request 46 to fd00::201:1:1:1
08:14.918	ID:16	[WARN: IPv6      ] BLACKHOLE: forward check hit
08:14.918	ID:16	[WARN: IPv6      ] BLACKHOLE: dropping forwarded packet
08:15.605	ID:12	[INFO: App       ] Sending request 44 to fd00::201:1:1:1
08:15.677	ID:16	[WARN: IPv6      ] BLACKHOLE: forward check hit
08:15.677	ID:16	[WARN: IPv6      ] BLACKHOLE: dropping forwarded packet
08:16.433	ID:15	[INFO: App       ] Sending request 44 to fd00::201:1:1:1
08:16.524	ID:16	[WARN: IPv6      ] BLACKHOLE: forward check hit
08:16.524	ID:16	[WARN: IPv6      ] BLACKHOLE: dropping forwarded packet
08:16.678	ID:3	[INFO: App       ] Sending request 46 to fd00::201:1:1:1
08:16.718	ID:16	[WARN: IPv6      ] BLACKHOLE: forward check hit
08:16.718	ID:16	[WARN: IPv6      ] BLACKHOLE: dropping forwarded packet
08:17.913	ID:2	[INFO: App       ] Sending request 46 to fd00::201:1:1:1
08:17.951	ID:16	[WARN: IPv6      ] BLACKHOLE: forward check hit
08:17.951	ID:16	[WARN: IPv6      ] BLACKHOLE: dropping forwarded packet
08:20.634	ID:9	[INFO: App       ] Sending request 45 to fd00::201:1:1:1
08:20.656	ID:6	[INFO: App       ] Sending request 45 to fd00::201:1:1:1
08:20.665	ID:16	[WARN: IPv6      ] BLACKHOLE: forward check hit
08:20.665	ID:16	[WARN: IPv6      ] BLACKHOLE: dropping forwarded packet
08:20.708	ID:16	[WARN: IPv6      ] BLACKHOLE: forward check hit
08:20.708	ID:16	[WARN: IPv6      ] BLACKHOLE: dropping forwarded packet
08:20.847	ID:13	[INFO: App       ] Sending request 44 to fd00::201:1:1:1
08:20.925	ID:16	[WARN: IPv6      ] BLACKHOLE: forward check hit
08:20.925	ID:16	[WARN: IPv6      ] BLACKHOLE: dropping forwarded packet
08:22.206	ID:10	[INFO: App       ] Sending request 46 to fd00::201:1:1:1
08:22.235	ID:16	[WARN: IPv6      ] BLACKHOLE: forward check hit
08:22.235	ID:16	[WARN: IPv6      ] BLACKHOLE: dropping forwarded packet
08:22.406	ID:4	[INFO: App       ] Sending request 47 to fd00::201:1:1:1
08:22.411	ID:16	[WARN: IPv6      ] BLACKHOLE: forward check hit
08:22.411	ID:16	[WARN: IPv6      ] BLACKHOLE: dropping forwarded packet
08:22.951	ID:7	[INFO: App       ] Sending request 45 to fd00::201:1:1:1
08:22.983	ID:16	[WARN: IPv6      ] BLACKHOLE: forward check hit
08:22.983	ID:16	[WARN: IPv6      ] BLACKHOLE: dropping forwarded packet
08:23.002	ID:14	[INFO: App       ] Sending request 45 to fd00::201:1:1:1
08:23.067	ID:16	[WARN: IPv6      ] BLACKHOLE: forward check hit
08:23.067	ID:16	[WARN: IPv6      ] BLACKHOLE: dropping forwarded packet
08:23.963	ID:11	[INFO: App       ] Sending request 46 to fd00::201:1:1:1
08:24.032	ID:16	[WARN: IPv6      ] BLACKHOLE: forward check hit
08:24.032	ID:16	[WARN: IPv6      ] BLACKHOLE: dropping forwarded packet
08:24.128	ID:8	[INFO: App       ] Sending request 46 to fd00::201:1:1:1
08:24.185	ID:16	[WARN: IPv6      ] BLACKHOLE: forward check hit
08:24.185	ID:16	[WARN: IPv6      ] BLACKHOLE: dropping forwarded packet
08:25.494	ID:12	[INFO: App       ] Sending request 45 to fd00::201:1:1:1
08:25.559	ID:16	[WARN: IPv6      ] BLACKHOLE: forward check hit
08:25.559	ID:16	[WARN: IPv6      ] BLACKHOLE: dropping forwarded packet
08:25.687	ID:5	[INFO: App       ] Sending request 47 to fd00::201:1:1:1
08:25.708	ID:16	[WARN: IPv6      ] BLACKHOLE: forward check hit
08:25.708	ID:16	[WARN: IPv6      ] BLACKHOLE: dropping forwarded packet
08:25.894	ID:3	[INFO: App       ] Sending request 47 to fd00::201:1:1:1
08:25.933	ID:15	[INFO: App       ] Sending request 45 to fd00::201:1:1:1
08:25.937	ID:16	[WARN: IPv6      ] BLACKHOLE: forward check hit
08:25.937	ID:16	[WARN: IPv6      ] BLACKHOLE: dropping forwarded packet
08:26.025	ID:16	[WARN: IPv6      ] BLACKHOLE: forward check hit
08:26.025	ID:16	[WARN: IPv6      ] BLACKHOLE: dropping forwarded packet
08:27.326	ID:2	[INFO: App       ] Sending request 47 to fd00::201:1:1:1
08:27.348	ID:16	[WARN: IPv6      ] BLACKHOLE: forward check hit
08:27.348	ID:16	[WARN: IPv6      ] BLACKHOLE: dropping forwarded packet
08:29.911	ID:9	[INFO: App       ] Sending request 46 to fd00::201:1:1:1
08:29.989	ID:16	[WARN: IPv6      ] BLACKHOLE: forward check hit
08:29.989	ID:16	[WARN: IPv6      ] BLACKHOLE: dropping forwarded packet
08:30.371	ID:6	[INFO: App       ] Sending request 46 to fd00::201:1:1:1
08:30.399	ID:16	[WARN: IPv6      ] BLACKHOLE: forward check hit
08:30.399	ID:16	[WARN: IPv6      ] BLACKHOLE: dropping forwarded packet
08:31.227	ID:13	[INFO: App       ] Sending request 45 to fd00::201:1:1:1
08:31.285	ID:16	[WARN: IPv6      ] BLACKHOLE: forward check hit
08:31.285	ID:16	[WARN: IPv6      ] BLACKHOLE: dropping forwarded packet
08:31.376	ID:10	[INFO: App       ] Sending request 47 to fd00::201:1:1:1
08:31.442	ID:16	[WARN: IPv6      ] BLACKHOLE: forward check hit
08:31.442	ID:16	[WARN: IPv6      ] BLACKHOLE: dropping forwarded packet
08:32.809	ID:7	[INFO: App       ] Sending request 46 to fd00::201:1:1:1
08:32.886	ID:16	[WARN: IPv6      ] BLACKHOLE: forward check hit
08:32.886	ID:16	[WARN: IPv6      ] BLACKHOLE: dropping forwarded packet
08:33.200	ID:4	[INFO: App       ] Sending request 48 to fd00::201:1:1:1
08:33.219	ID:16	[WARN: IPv6      ] BLACKHOLE: forward check hit
08:33.219	ID:16	[WARN: IPv6      ] BLACKHOLE: dropping forwarded packet
08:33.234	ID:8	[INFO: App       ] Sending request 47 to fd00::201:1:1:1
08:33.255	ID:16	[WARN: IPv6      ] BLACKHOLE: forward check hit
08:33.255	ID:16	[WARN: IPv6      ] BLACKHOLE: dropping forwarded packet
08:33.300	ID:14	[INFO: App       ] Sending request 46 to fd00::201:1:1:1
08:33.385	ID:16	[WARN: IPv6      ] BLACKHOLE: forward check hit
08:33.385	ID:16	[WARN: IPv6      ] BLACKHOLE: dropping forwarded packet
08:34.456	ID:11	[INFO: App       ] Sending request 47 to fd00::201:1:1:1
08:34.472	ID:16	[WARN: IPv6      ] BLACKHOLE: forward check hit
08:34.472	ID:16	[WARN: IPv6      ] BLACKHOLE: dropping forwarded packet
08:35.375	ID:15	[INFO: App       ] Sending request 46 to fd00::201:1:1:1
08:35.426	ID:16	[WARN: IPv6      ] BLACKHOLE: forward check hit
08:35.426	ID:16	[WARN: IPv6      ] BLACKHOLE: dropping forwarded packet
08:35.745	ID:3	[INFO: App       ] Sending request 48 to fd00::201:1:1:1
08:35.784	ID:16	[WARN: IPv6      ] BLACKHOLE: forward check hit
08:35.784	ID:16	[WARN: IPv6      ] BLACKHOLE: dropping forwarded packet
08:36.296	ID:5	[INFO: App       ] Sending request 48 to fd00::201:1:1:1
08:36.307	ID:16	[WARN: IPv6      ] BLACKHOLE: forward check hit
08:36.307	ID:16	[WARN: IPv6      ] BLACKHOLE: dropping forwarded packet
08:36.358	ID:2	[INFO: App       ] Sending request 48 to fd00::201:1:1:1
08:36.394	ID:16	[WARN: IPv6      ] BLACKHOLE: forward check hit
08:36.394	ID:16	[WARN: IPv6      ] BLACKHOLE: dropping forwarded packet
08:36.468	ID:12	[INFO: App       ] Sending request 46 to fd00::201:1:1:1
08:36.539	ID:16	[WARN: IPv6      ] BLACKHOLE: forward check hit
08:36.539	ID:16	[WARN: IPv6      ] BLACKHOLE: dropping forwarded packet
08:39.501	ID:9	[INFO: App       ] Sending request 47 to fd00::201:1:1:1
08:39.513	ID:16	[WARN: IPv6      ] BLACKHOLE: forward check hit
08:39.513	ID:16	[WARN: IPv6      ] BLACKHOLE: dropping forwarded packet
08:40.479	ID:13	[INFO: App       ] Sending request 46 to fd00::201:1:1:1
08:40.557	ID:16	[WARN: IPv6      ] BLACKHOLE: forward check hit
08:40.557	ID:16	[WARN: IPv6      ] BLACKHOLE: dropping forwarded packet
08:40.827	ID:6	[INFO: App       ] Sending request 47 to fd00::201:1:1:1
08:40.845	ID:16	[WARN: IPv6      ] BLACKHOLE: forward check hit
08:40.845	ID:16	[WARN: IPv6      ] BLACKHOLE: dropping forwarded packet
08:41.365	ID:10	[INFO: App       ] Sending request 48 to fd00::201:1:1:1
08:41.422	ID:16	[WARN: IPv6      ] BLACKHOLE: forward check hit
08:41.422	ID:16	[WARN: IPv6      ] BLACKHOLE: dropping forwarded packet
08:42.819	ID:4	[INFO: App       ] Sending request 49 to fd00::201:1:1:1
08:42.850	ID:16	[WARN: IPv6      ] BLACKHOLE: forward check hit
08:42.850	ID:16	[WARN: IPv6      ] BLACKHOLE: dropping forwarded packet
08:42.967	ID:14	[INFO: App       ] Sending request 47 to fd00::201:1:1:1
08:43.035	ID:16	[WARN: IPv6      ] BLACKHOLE: forward check hit
08:43.035	ID:16	[WARN: IPv6      ] BLACKHOLE: dropping forwarded packet
08:43.321	ID:8	[INFO: App       ] Sending request 48 to fd00::201:1:1:1
08:43.342	ID:16	[WARN: IPv6      ] BLACKHOLE: forward check hit
08:43.342	ID:16	[WARN: IPv6      ] BLACKHOLE: dropping forwarded packet
08:43.789	ID:7	[INFO: App       ] Sending request 47 to fd00::201:1:1:1
08:43.868	ID:16	[WARN: IPv6      ] BLACKHOLE: forward check hit
08:43.868	ID:16	[WARN: IPv6      ] BLACKHOLE: dropping forwarded packet
08:44.520	ID:11	[INFO: App       ] Sending request 48 to fd00::201:1:1:1
08:44.552	ID:16	[WARN: IPv6      ] BLACKHOLE: forward check hit
08:44.552	ID:16	[WARN: IPv6      ] BLACKHOLE: dropping forwarded packet
08:44.894	ID:3	[INFO: App       ] Sending request 49 to fd00::201:1:1:1
08:44.931	ID:16	[WARN: IPv6      ] BLACKHOLE: forward check hit
08:44.931	ID:16	[WARN: IPv6      ] BLACKHOLE: dropping forwarded packet
08:45.698	ID:15	[INFO: App       ] Sending request 47 to fd00::201:1:1:1
08:45.798	ID:16	[WARN: IPv6      ] BLACKHOLE: forward check hit
08:45.798	ID:16	[WARN: IPv6      ] BLACKHOLE: dropping forwarded packet
08:45.869	ID:2	[INFO: App       ] Sending request 49 to fd00::201:1:1:1
08:45.887	ID:16	[WARN: IPv6      ] BLACKHOLE: forward check hit
08:45.887	ID:16	[WARN: IPv6      ] BLACKHOLE: dropping forwarded packet
08:46.739	ID:12	[INFO: App       ] Sending request 47 to fd00::201:1:1:1
08:46.809	ID:16	[WARN: IPv6      ] BLACKHOLE: forward check hit
08:46.809	ID:16	[WARN: IPv6      ] BLACKHOLE: dropping forwarded packet
08:46.932	ID:5	[INFO: App       ] Sending request 49 to fd00::201:1:1:1
08:46.975	ID:16	[WARN: IPv6      ] BLACKHOLE: forward check hit
08:46.975	ID:16	[WARN: IPv6      ] BLACKHOLE: dropping forwarded packet
08:49.210	ID:9	[INFO: App       ] Sending request 48 to fd00::201:1:1:1
08:49.290	ID:16	[WARN: IPv6      ] BLACKHOLE: forward check hit
08:49.290	ID:16	[WARN: IPv6      ] BLACKHOLE: dropping forwarded packet
08:50.615	ID:6	[INFO: App       ] Sending request 48 to fd00::201:1:1:1
08:50.687	ID:16	[WARN: IPv6      ] BLACKHOLE: forward check hit
08:50.687	ID:16	[WARN: IPv6      ] BLACKHOLE: dropping forwarded packet
08:51.249	ID:13	[INFO: App       ] Sending request 47 to fd00::201:1:1:1
08:51.302	ID:16	[WARN: IPv6      ] BLACKHOLE: forward check hit
08:51.302	ID:16	[WARN: IPv6      ] BLACKHOLE: dropping forwarded packet
08:52.094	ID:10	[INFO: App       ] Sending request 49 to fd00::201:1:1:1
08:52.109	ID:16	[WARN: IPv6      ] BLACKHOLE: forward check hit
08:52.109	ID:16	[WARN: IPv6      ] BLACKHOLE: dropping forwarded packet
08:52.315	ID:14	[INFO: App       ] Sending request 48 to fd00::201:1:1:1
08:52.380	ID:16	[WARN: IPv6      ] BLACKHOLE: forward check hit
08:52.380	ID:16	[WARN: IPv6      ] BLACKHOLE: dropping forwarded packet
08:53.185	ID:4	[INFO: App       ] Tx/Rx/MissedTx: 50/21/0
08:53.185	ID:4	[INFO: App       ] Sending request 50 to fd00::201:1:1:1
08:53.203	ID:16	[WARN: IPv6      ] BLACKHOLE: forward check hit
08:53.203	ID:16	[WARN: IPv6      ] BLACKHOLE: dropping forwarded packet
08:53.533	ID:8	[INFO: App       ] Sending request 49 to fd00::201:1:1:1
08:53.567	ID:16	[WARN: IPv6      ] BLACKHOLE: forward check hit
08:53.567	ID:16	[WARN: IPv6      ] BLACKHOLE: dropping forwarded packet
08:53.817	ID:11	[INFO: App       ] Sending request 49 to fd00::201:1:1:1
08:53.840	ID:16	[WARN: IPv6      ] BLACKHOLE: forward check hit
08:53.840	ID:16	[WARN: IPv6      ] BLACKHOLE: dropping forwarded packet
08:53.900	ID:3	[INFO: App       ] Tx/Rx/MissedTx: 50/21/0
08:53.900	ID:3	[INFO: App       ] Sending request 50 to fd00::201:1:1:1
08:53.929	ID:16	[WARN: IPv6      ] BLACKHOLE: forward check hit
08:53.929	ID:16	[WARN: IPv6      ] BLACKHOLE: dropping forwarded packet
08:53.979	ID:7	[INFO: App       ] Sending request 48 to fd00::201:1:1:1
08:54.069	ID:16	[WARN: IPv6      ] BLACKHOLE: forward check hit
08:54.069	ID:16	[WARN: IPv6      ] BLACKHOLE: dropping forwarded packet
08:55.199	ID:2	[INFO: App       ] Tx/Rx/MissedTx: 50/20/0
08:55.199	ID:2	[INFO: App       ] Sending request 50 to fd00::201:1:1:1
08:55.213	ID:16	[WARN: IPv6      ] BLACKHOLE: forward check hit
08:55.213	ID:16	[WARN: IPv6      ] BLACKHOLE: dropping forwarded packet
08:55.756	ID:15	[INFO: App       ] Sending request 48 to fd00::201:1:1:1
08:55.822	ID:16	[WARN: IPv6      ] BLACKHOLE: forward check hit
08:55.822	ID:16	[WARN: IPv6      ] BLACKHOLE: dropping forwarded packet
08:56.260	ID:5	[INFO: App       ] Tx/Rx/MissedTx: 50/21/0
08:56.260	ID:5	[INFO: App       ] Sending request 50 to fd00::201:1:1:1
08:56.269	ID:16	[WARN: IPv6      ] BLACKHOLE: forward check hit
08:56.269	ID:16	[WARN: IPv6      ] BLACKHOLE: dropping forwarded packet
08:57.529	ID:12	[INFO: App       ] Sending request 48 to fd00::201:1:1:1
08:57.598	ID:16	[WARN: IPv6      ] BLACKHOLE: forward check hit
08:57.598	ID:16	[WARN: IPv6      ] BLACKHOLE: dropping forwarded packet
08:58.460	ID:9	[INFO: App       ] Sending request 49 to fd00::201:1:1:1
08:58.513	ID:16	[WARN: IPv6      ] BLACKHOLE: forward check hit
08:58.513	ID:16	[WARN: IPv6      ] BLACKHOLE: dropping forwarded packet
RADIO_COUNT	5588
TEST OK
Test ended at simulation time: 540000000
