Random seed: 567890
00:00.015	ID:11	[INFO: Main      ] Starting Contiki-NG-release/v5.1-199-g2d20e000c-dirty
00:00.015	ID:11	[INFO: Main      ] - Routing: RPL Lite
00:00.015	ID:11	[INFO: Main      ] - Net: sicslowpan
00:00.015	ID:11	[INFO: Main      ] - MAC: CSMA
00:00.015	ID:11	[INFO: Main      ] - 802.15.4 PANID: 0xabcd
00:00.015	ID:11	[INFO: Main      ] - 802.15.4 Default channel: 26
00:00.015	ID:11	[INFO: Main      ] Node ID: 11
00:00.015	ID:11	[INFO: Main      ] Link-layer address: 000b.000b.000b.000b
00:00.015	ID:11	[INFO: Main      ] Tentative link-local IPv6 address: fe80::20b:b:b:b
00:00.017	ID:8	[INFO: Main      ] Starting Contiki-NG-release/v5.1-199-g2d20e000c-dirty
00:00.017	ID:8	[INFO: Main      ] - Routing: RPL Lite
00:00.017	ID:8	[INFO: Main      ] - Net: sicslowpan
00:00.017	ID:8	[INFO: Main      ] - MAC: CSMA
00:00.017	ID:8	[INFO: Main      ] - 802.15.4 PANID: 0xabcd
00:00.017	ID:8	[INFO: Main      ] - 802.15.4 Default channel: 26
00:00.017	ID:8	[INFO: Main      ] Node ID: 8
00:00.017	ID:8	[INFO: Main      ] Link-layer address: 0008.0008.0008.0008
00:00.017	ID:8	[INFO: Main      ] Tentative link-local IPv6 address: fe80::208:8:8:8
00:00.052	ID:5	[INFO: Main      ] Starting Contiki-NG-release/v5.1-199-g2d20e000c-dirty
00:00.052	ID:5	[INFO: Main      ] - Routing: RPL Lite
00:00.052	ID:5	[INFO: Main      ] - Net: sicslowpan
00:00.052	ID:5	[INFO: Main      ] - MAC: CSMA
00:00.052	ID:5	[INFO: Main      ] - 802.15.4 PANID: 0xabcd
00:00.052	ID:5	[INFO: Main      ] - 802.15.4 Default channel: 26
00:00.052	ID:5	[INFO: Main      ] Node ID: 5
00:00.052	ID:5	[INFO: Main      ] Link-layer address: 0005.0005.0005.0005
00:00.052	ID:5	[INFO: Main      ] Tentative link-local IPv6 address: fe80::205:5:5:5
00:00.186	ID:4	[INFO: Main      ] Starting Contiki-NG-release/v5.1-199-g2d20e000c-dirty
00:00.186	ID:4	[INFO: Main      ] - Routing: RPL Lite
00:00.186	ID:4	[INFO: Main      ] - Net: sicslowpan
00:00.186	ID:4	[INFO: Main      ] - MAC: CSMA
00:00.186	ID:4	[INFO: Main      ] - 802.15.4 PANID: 0xabcd
00:00.186	ID:4	[INFO: Main      ] - 802.15.4 Default channel: 26
00:00.186	ID:4	[INFO: Main      ] Node ID: 4
00:00.186	ID:4	[INFO: Main      ] Link-layer address: 0004.0004.0004.0004
00:00.186	ID:4	[INFO: Main      ] Tentative link-local IPv6 address: fe80::204:4:4:4
00:00.218	ID:13	[INFO: Main      ] Starting Contiki-NG-release/v5.1-199-g2d20e000c-dirty
00:00.218	ID:13	[INFO: Main      ] - Routing: RPL Lite
00:00.218	ID:13	[INFO: Main      ] - Net: sicslowpan
00:00.218	ID:13	[INFO: Main      ] - MAC: CSMA
00:00.218	ID:13	[INFO: Main      ] - 802.15.4 PANID: 0xabcd
00:00.218	ID:13	[INFO: Main      ] - 802.15.4 Default channel: 26
00:00.218	ID:13	[INFO: Main      ] Node ID: 13
00:00.218	ID:13	[INFO: Main      ] Link-layer address: 000d.000d.000d.000d
00:00.218	ID:13	[INFO: Main      ] Tentative link-local IPv6 address: fe80::20d:d:d:d
00:00.289	ID:1	[INFO: Main      ] Starting Contiki-NG-release/v5.1-199-g2d20e000c-dirty
00:00.289	ID:1	[INFO: Main      ] - Routing: RPL Lite
00:00.289	ID:1	[INFO: Main      ] - Net: sicslowpan
00:00.289	ID:1	[INFO: Main      ] - MAC: CSMA
00:00.289	ID:1	[INFO: Main      ] - 802.15.4 PANID: 0xabcd
00:00.289	ID:1	[INFO: Main      ] - 802.15.4 Default channel: 26
00:00.289	ID:1	[INFO: Main      ] Node ID: 1
00:00.289	ID:1	[INFO: Main      ] Link-layer address: 0001.0001.0001.0001
00:00.289	ID:1	[INFO: Main      ] Tentative link-local IPv6 address: fe80::201:1:1:1
00:00.361	ID:14	[INFO: Main      ] Starting Contiki-NG-release/v5.1-199-g2d20e000c-dirty
00:00.361	ID:14	[INFO: Main      ] - Routing: RPL Lite
00:00.361	ID:14	[INFO: Main      ] - Net: sicslowpan
00:00.361	ID:14	[INFO: Main      ] - MAC: CSMA
00:00.361	ID:14	[INFO: Main      ] - 802.15.4 PANID: 0xabcd
00:00.361	ID:14	[INFO: Main      ] - 802.15.4 Default channel: 26
00:00.361	ID:14	[INFO: Main      ] Node ID: 14
00:00.361	ID:14	[INFO: Main      ] Link-layer address: 000e.000e.000e.000e
00:00.361	ID:14	[INFO: Main      ] Tentative link-local IPv6 address: fe80::20e:e:e:e
00:00.380	ID:6	[INFO: Main      ] Starting Contiki-NG-release/v5.1-199-g2d20e000c-dirty
00:00.380	ID:6	[INFO: Main      ] - Routing: RPL Lite
00:00.380	ID:6	[INFO: Main      ] - Net: sicslowpan
00:00.380	ID:6	[INFO: Main      ] - MAC: CSMA
00:00.380	ID:6	[INFO: Main      ] - 802.15.4 PANID: 0xabcd
00:00.380	ID:6	[INFO: Main      ] - 802.15.4 Default channel: 26
00:00.380	ID:6	[INFO: Main      ] Node ID: 6
00:00.380	ID:6	[INFO: Main      ] Link-layer address: 0006.0006.0006.0006
00:00.380	ID:6	[INFO: Main      ] Tentative link-local IPv6 address: fe80::206:6:6:6
00:00.395	ID:7	[INFO: Main      ] Starting Contiki-NG-release/v5.1-199-g2d20e000c-dirty
00:00.395	ID:7	[INFO: Main      ] - Routing: RPL Lite
00:00.395	ID:7	[INFO: Main      ] - Net: sicslowpan
00:00.395	ID:7	[INFO: Main      ] - MAC: CSMA
00:00.395	ID:7	[INFO: Main      ] - 802.15.4 PANID: 0xabcd
00:00.395	ID:7	[INFO: Main      ] - 802.15.4 Default channel: 26
00:00.395	ID:7	[INFO: Main      ] Node ID: 7
00:00.395	ID:7	[INFO: Main      ] Link-layer address: 0007.0007.0007.0007
00:00.395	ID:7	[INFO: Main      ] Tentative link-local IPv6 address: fe80::207:7:7:7
00:00.501	ID:3	[INFO: Main      ] Starting Contiki-NG-release/v5.1-199-g2d20e000c-dirty
00:00.501	ID:3	[INFO: Main      ] - Routing: RPL Lite
00:00.501	ID:3	[INFO: Main      ] - Net: sicslowpan
00:00.501	ID:3	[INFO: Main      ] - MAC: CSMA
00:00.501	ID:3	[INFO: Main      ] - 802.15.4 PANID: 0xabcd
00:00.501	ID:3	[INFO: Main      ] - 802.15.4 Default channel: 26
00:00.501	ID:3	[INFO: Main      ] Node ID: 3
00:00.501	ID:3	[INFO: Main      ] Link-layer address: 0003.0003.0003.0003
00:00.501	ID:3	[INFO: Main      ] Tentative link-local IPv6 address: fe80::203:3:3:3
00:00.514	ID:10	[INFO: Main      ] Starting Contiki-NG-release/v5.1-199-g2d20e000c-dirty
00:00.514	ID:10	[INFO: Main      ] - Routing: RPL Lite
00:00.514	ID:10	[INFO: Main      ] - Net: sicslowpan
00:00.514	ID:10	[INFO: Main      ] - MAC: CSMA
00:00.514	ID:10	[INFO: Main      ] - 802.15.4 PANID: 0xabcd
00:00.514	ID:10	[INFO: Main      ] - 802.15.4 Default channel: 26
00:00.514	ID:10	[INFO: Main      ] Node ID: 10
00:00.514	ID:10	[INFO: Main      ] Link-layer address: 000a.000a.000a.000a
00:00.514	ID:10	[INFO: Main      ] Tentative link-local IPv6 address: fe80::20a:a:a:a
00:00.689	ID:12	[INFO: Main      ] Starting Contiki-NG-release/v5.1-199-g2d20e000c-dirty
00:00.689	ID:12	[INFO: Main      ] - Routing: RPL Lite
00:00.689	ID:12	[INFO: Main      ] - Net: sicslowpan
00:00.689	ID:12	[INFO: Main      ] - MAC: CSMA
00:00.689	ID:12	[INFO: Main      ] - 802.15.4 PANID: 0xabcd
00:00.689	ID:12	[INFO: Main      ] - 802.15.4 Default channel: 26
00:00.689	ID:12	[INFO: Main      ] Node ID: 12
00:00.689	ID:12	[INFO: Main      ] Link-layer address: 000c.000c.000c.000c
00:00.689	ID:12	[INFO: Main      ] Tentative link-local IPv6 address: fe80::20c:c:c:c
00:00.703	ID:16	[INFO: Main      ] Starting Contiki-NG-release/v5.1-199-g2d20e000c-dirty
00:00.703	ID:16	[INFO: Main      ] - Routing: RPL Lite
00:00.703	ID:16	[INFO: Main      ] - Net: sicslowpan
00:00.703	ID:16	[INFO: Main      ] - MAC: CSMA
00:00.703	ID:16	[INFO: Main      ] - 802.15.4 PANID: 0xabcd
00:00.703	ID:16	[INFO: Main      ] - 802.15.4 Default channel: 26
00:00.703	ID:16	[INFO: Main      ] Node ID: 16
00:00.703	ID:16	[INFO: Main      ] Link-layer address: 0010.0010.0010.0010
00:00.703	ID:16	[INFO: Main      ] Tentative link-local IPv6 address: fe80::210:10:10:10
00:00.703	ID:16	[INFO: BLACKHOLE ] BLACKHOLE ROUTER: started, attack disabled
00:00.713	ID:15	[INFO: Main      ] Starting Contiki-NG-release/v5.1-199-g2d20e000c-dirty
00:00.713	ID:15	[INFO: Main      ] - Routing: RPL Lite
00:00.713	ID:15	[INFO: Main      ] - Net: sicslowpan
00:00.713	ID:15	[INFO: Main      ] - MAC: CSMA
00:00.713	ID:15	[INFO: Main      ] - 802.15.4 PANID: 0xabcd
00:00.713	ID:15	[INFO: Main      ] - 802.15.4 Default channel: 26
00:00.713	ID:15	[INFO: Main      ] Node ID: 15
00:00.713	ID:15	[INFO: Main      ] Link-layer address: 000f.000f.000f.000f
00:00.713	ID:15	[INFO: Main      ] Tentative link-local IPv6 address: fe80::20f:f:f:f
00:00.765	ID:6	[INFO: App       ] Not reachable yet
00:00.885	ID:2	[INFO: Main      ] Starting Contiki-NG-release/v5.1-199-g2d20e000c-dirty
00:00.885	ID:2	[INFO: Main      ] - Routing: RPL Lite
00:00.885	ID:2	[INFO: Main      ] - Net: sicslowpan
00:00.885	ID:2	[INFO: Main      ] - MAC: CSMA
00:00.885	ID:2	[INFO: Main      ] - 802.15.4 PANID: 0xabcd
00:00.885	ID:2	[INFO: Main      ] - 802.15.4 Default channel: 26
00:00.885	ID:2	[INFO: Main      ] Node ID: 2
00:00.885	ID:2	[INFO: Main      ] Link-layer address: 0002.0002.0002.0002
00:00.885	ID:2	[INFO: Main      ] Tentative link-local IPv6 address: fe80::202:2:2:2
00:00.910	ID:9	[INFO: Main      ] Starting Contiki-NG-release/v5.1-199-g2d20e000c-dirty
00:00.910	ID:9	[INFO: Main      ] - Routing: RPL Lite
00:00.910	ID:9	[INFO: Main      ] - Net: sicslowpan
00:00.910	ID:9	[INFO: Main      ] - MAC: CSMA
00:00.910	ID:9	[INFO: Main      ] - 802.15.4 PANID: 0xabcd
00:00.910	ID:9	[INFO: Main      ] - 802.15.4 Default channel: 26
00:00.910	ID:9	[INFO: Main      ] Node ID: 9
00:00.910	ID:9	[INFO: Main      ] Link-layer address: 0009.0009.0009.0009
00:00.910	ID:9	[INFO: Main      ] Tentative link-local IPv6 address: fe80::209:9:9:9
00:02.111	ID:8	[INFO: App       ] Not reachable yet
00:02.777	ID:5	[INFO: App       ] Not reachable yet
00:02.816	ID:4	[INFO: App       ] Not reachable yet
00:04.381	ID:13	[INFO: App       ] Not reachable yet
00:04.684	ID:9	[INFO: App       ] Not reachable yet
00:05.671	ID:12	[INFO: App       ] Not reachable yet
00:06.075	ID:15	[INFO: App       ] Not reachable yet
00:06.756	ID:7	[INFO: App       ] Not reachable yet
00:07.646	ID:3	[INFO: App       ] Not reachable yet
00:08.235	ID:10	[INFO: App       ] Not reachable yet
00:09.147	ID:14	[INFO: App       ] Not reachable yet
00:09.733	ID:11	[INFO: App       ] Not reachable yet
00:10.274	ID:2	[INFO: App       ] Not reachable yet
00:11.273	ID:6	[INFO: App       ] Not reachable yet
00:12.314	ID:8	[INFO: App       ] Not reachable yet
00:12.588	ID:5	[INFO: App       ] Not reachable yet
00:12.886	ID:4	[INFO: App       ] Not reachable yet
00:14.568	ID:13	[INFO: App       ] Not reachable yet
00:15.389	ID:15	[INFO: App       ] Not reachable yet
00:15.679	ID:9	[INFO: App       ] Not reachable yet
00:15.923	ID:7	[INFO: App       ] Not reachable yet
00:15.942	ID:12	[INFO: App       ] Not reachable yet
00:18.444	ID:10	[INFO: App       ] Not reachable yet
00:18.596	ID:3	[INFO: App       ] Not reachable yet
00:19.646	ID:14	[INFO: App       ] Not reachable yet
00:19.655	ID:11	[INFO: App       ] Not reachable yet
00:19.730	ID:2	[INFO: App       ] Not reachable yet
00:20.905	ID:6	[INFO: App       ] Not reachable yet
00:22.299	ID:5	[INFO: App       ] Not reachable yet
00:22.864	ID:8	[INFO: App       ] Not reachable yet
00:22.972	ID:4	[INFO: App       ] Not reachable yet
00:24.809	ID:13	[INFO: App       ] Not reachable yet
00:25.007	ID:15	[INFO: App       ] Not reachable yet
00:25.068	ID:12	[INFO: App       ] Not reachable yet
00:25.111	ID:9	[INFO: App       ] Not reachable yet
00:26.042	ID:7	[INFO: App       ] Not reachable yet
00:28.082	ID:10	[INFO: App       ] Not reachable yet
00:28.333	ID:3	[INFO: App       ] Not reachable yet
00:28.842	ID:11	[INFO: App       ] Not reachable yet
00:29.174	ID:14	[INFO: App       ] Not reachable yet
00:29.296	ID:2	[INFO: App       ] Not reachable yet
00:30.310	ID:6	[INFO: App       ] Not reachable yet
00:31.957	ID:8	[INFO: App       ] Not reachable yet
00:32.394	ID:5	[INFO: App       ] Tx/Rx/MissedTx: 0/0/0
00:32.394	ID:5	[INFO: App       ] Sending request 0 to fd00::201:1:1:1
00:32.453	ID:1	[INFO: App       ] Received request 'hello 0' from fd00::205:5:5:5
00:32.453	ID:1	[INFO: App       ] Sending response.
00:32.508	ID:5	[INFO: App       ] Received response 'hello 0' from fd00::201:1:1:1
00:32.643	ID:4	[INFO: App       ] Tx/Rx/MissedTx: 0/0/0
00:32.643	ID:4	[INFO: App       ] Sending request 0 to fd00::201:1:1:1
00:32.702	ID:1	[INFO: App       ] Received request 'hello 0' from fd00::204:4:4:4
00:32.702	ID:1	[INFO: App       ] Sending response.
00:32.756	ID:4	[INFO: App       ] Received response 'hello 0' from fd00::201:1:1:1
00:34.389	ID:13	[INFO: App       ] Not reachable yet
00:34.802	ID:9	[INFO: App       ] Not reachable yet
00:35.057	ID:15	[INFO: App       ] Not reachable yet
00:35.789	ID:12	[INFO: App       ] Not reachable yet
00:35.903	ID:7	[INFO: App       ] Not reachable yet
00:38.250	ID:3	[INFO: App       ] Tx/Rx/MissedTx: 0/0/0
00:38.250	ID:3	[INFO: App       ] Sending request 0 to fd00::201:1:1:1
00:38.294	ID:1	[INFO: App       ] Received request 'hello 0' from fd00::203:3:3:3
00:38.294	ID:1	[INFO: App       ] Sending response.
00:38.325	ID:3	[INFO: App       ] Received response 'hello 0' from fd00::201:1:1:1
00:38.407	ID:11	[INFO: App       ] Not reachable yet
00:38.481	ID:10	[INFO: App       ] Not reachable yet
00:39.450	ID:14	[INFO: App       ] Not reachable yet
00:39.924	ID:2	[INFO: App       ] Tx/Rx/MissedTx: 0/0/0
00:39.924	ID:2	[INFO: App       ] Sending request 0 to fd00::201:1:1:1
00:39.990	ID:1	[INFO: App       ] Received request 'hello 0' from fd00::202:2:2:2
00:39.990	ID:1	[INFO: App       ] Sending response.
00:40.059	ID:2	[INFO: App       ] Received response 'hello 0' from fd00::201:1:1:1
00:40.204	ID:6	[INFO: App       ] Not reachable yet
00:42.355	ID:8	[INFO: App       ] Not reachable yet
00:42.534	ID:4	[INFO: App       ] Sending request 1 to fd00::201:1:1:1
00:42.577	ID:1	[INFO: App       ] Received request 'hello 1' from fd00::204:4:4:4
00:42.577	ID:1	[INFO: App       ] Sending response.
00:42.620	ID:4	[INFO: App       ] Received response 'hello 1' from fd00::201:1:1:1
00:42.754	ID:5	[INFO: App       ] Sending request 1 to fd00::201:1:1:1
00:42.788	ID:1	[INFO: App       ] Received request 'hello 1' from fd00::205:5:5:5
00:42.788	ID:1	[INFO: App       ] Sending response.
00:42.810	ID:5	[INFO: App       ] Received response 'hello 1' from fd00::201:1:1:1
00:44.498	ID:13	[INFO: App       ] Not reachable yet
00:45.278	ID:9	[INFO: App       ] Not reachable yet
00:45.436	ID:12	[INFO: App       ] Not reachable yet
00:45.758	ID:15	[INFO: App       ] Not reachable yet
00:46.402	ID:7	[INFO: App       ] Not reachable yet
00:47.764	ID:3	[INFO: App       ] Sending request 1 to fd00::201:1:1:1
00:47.823	ID:1	[INFO: App       ] Received request 'hello 1' from fd00::203:3:3:3
00:47.823	ID:1	[INFO: App       ] Sending response.
00:47.968	ID:10	[INFO: App       ] Not reachable yet
00:47.970	ID:3	[INFO: App       ] Received response 'hello 1' from fd00::201:1:1:1
00:48.779	ID:11	[INFO: App       ] Tx/Rx/MissedTx: 0/0/0
00:48.779	ID:11	[INFO: App       ] Sending request 0 to fd00::201:1:1:1
00:48.831	ID:1	[INFO: App       ] Received request 'hello 0' from fd00::20b:b:b:b
00:48.831	ID:1	[INFO: App       ] Sending response.
00:48.922	ID:11	[INFO: App       ] Received response 'hello 0' from fd00::201:1:1:1
00:49.029	ID:2	[INFO: App       ] Sending request 1 to fd00::201:1:1:1
00:49.073	ID:1	[INFO: App       ] Received request 'hello 1' from fd00::202:2:2:2
00:49.073	ID:1	[INFO: App       ] Sending response.
00:49.122	ID:2	[INFO: App       ] Received response 'hello 1' from fd00::201:1:1:1
00:49.704	ID:6	[INFO: App       ] Tx/Rx/MissedTx: 0/0/0
00:49.704	ID:6	[INFO: App       ] Sending request 0 to fd00::201:1:1:1
00:49.786	ID:1	[INFO: App       ] Received request 'hello 0' from fd00::206:6:6:6
00:49.786	ID:1	[INFO: App       ] Sending response.
00:49.880	ID:6	[INFO: App       ] Received response 'hello 0' from fd00::201:1:1:1
00:50.150	ID:14	[INFO: App       ] Not reachable yet
00:51.854	ID:5	[INFO: App       ] Sending request 2 to fd00::201:1:1:1
00:51.901	ID:1	[INFO: App       ] Received request 'hello 2' from fd00::205:5:5:5
00:51.901	ID:1	[INFO: App       ] Sending response.
00:51.926	ID:5	[INFO: App       ] Received response 'hello 2' from fd00::201:1:1:1
00:52.637	ID:8	[INFO: App       ] Tx/Rx/MissedTx: 0/0/0
00:52.637	ID:8	[INFO: App       ] Sending request 0 to fd00::201:1:1:1
00:52.697	ID:1	[INFO: App       ] Received request 'hello 0' from fd00::208:8:8:8
00:52.697	ID:1	[INFO: App       ] Sending response.
00:52.753	ID:8	[INFO: App       ] Received response 'hello 0' from fd00::201:1:1:1
00:52.949	ID:4	[INFO: App       ] Sending request 2 to fd00::201:1:1:1
00:53.008	ID:1	[INFO: App       ] Received request 'hello 2' from fd00::204:4:4:4
00:53.008	ID:1	[INFO: App       ] Sending response.
00:53.071	ID:4	[INFO: App       ] Received response 'hello 2' from fd00::201:1:1:1
00:53.808	ID:13	[INFO: App       ] Not reachable yet
00:55.766	ID:7	[INFO: App       ] Tx/Rx/MissedTx: 0/0/0
00:55.766	ID:7	[INFO: App       ] Sending request 0 to fd00::201:1:1:1
00:55.770	ID:12	[INFO: App       ] Not reachable yet
00:55.917	ID:1	[INFO: App       ] Received request 'hello 0' from fd00::207:7:7:7
00:55.917	ID:1	[INFO: App       ] Sending response.
00:55.970	ID:7	[INFO: App       ] Received response 'hello 0' from fd00::201:1:1:1
00:56.171	ID:9	[INFO: App       ] Tx/Rx/MissedTx: 0/0/0
00:56.171	ID:9	[INFO: App       ] Sending request 0 to fd00::201:1:1:1
00:56.187	ID:15	[INFO: App       ] Tx/Rx/MissedTx: 0/0/0
00:56.187	ID:15	[INFO: App       ] Sending request 0 to fd00::201:1:1:1
00:56.318	ID:1	[INFO: App       ] Received request 'hello 0' from fd00::20f:f:f:f
00:56.318	ID:1	[INFO: App       ] Sending response.
00:56.413	ID:1	[INFO: App       ] Received request 'hello 0' from fd00::209:9:9:9
00:56.413	ID:1	[INFO: App       ] Sending response.
00:56.483	ID:9	[INFO: App       ] Received response 'hello 0' from fd00::201:1:1:1
00:56.501	ID:15	[INFO: App       ] Received response 'hello 0' from fd00::201:1:1:1
00:57.080	ID:3	[INFO: App       ] Sending request 2 to fd00::201:1:1:1
00:57.101	ID:1	[INFO: App       ] Received request 'hello 2' from fd00::203:3:3:3
00:57.101	ID:1	[INFO: App       ] Sending response.
00:57.147	ID:3	[INFO: App       ] Received response 'hello 2' from fd00::201:1:1:1
00:57.713	ID:10	[INFO: App       ] Tx/Rx/MissedTx: 0/0/0
00:57.713	ID:10	[INFO: App       ] Sending request 0 to fd00::201:1:1:1
00:57.794	ID:1	[INFO: App       ] Received request 'hello 0' from fd00::20a:a:a:a
00:57.794	ID:1	[INFO: App       ] Sending response.
00:57.846	ID:10	[INFO: App       ] Received response 'hello 0' from fd00::201:1:1:1
00:58.099	ID:2	[INFO: App       ] Sending request 2 to fd00::201:1:1:1
00:58.146	ID:1	[INFO: App       ] Received request 'hello 2' from fd00::202:2:2:2
00:58.146	ID:1	[INFO: App       ] Sending response.
00:58.203	ID:2	[INFO: App       ] Received response 'hello 2' from fd00::201:1:1:1
00:59.433	ID:14	[INFO: App       ] Tx/Rx/MissedTx: 0/0/0
00:59.433	ID:14	[INFO: App       ] Sending request 0 to fd00::201:1:1:1
00:59.536	ID:1	[INFO: App       ] Received request 'hello 0' from fd00::20e:e:e:e
00:59.536	ID:1	[INFO: App       ] Sending response.
00:59.601	ID:14	[INFO: App       ] Received response 'hello 0' from fd00::201:1:1:1
00:59.656	ID:11	[INFO: App       ] Sending request 1 to fd00::201:1:1:1
00:59.675	ID:6	[INFO: App       ] Sending request 1 to fd00::201:1:1:1
00:59.721	ID:1	[INFO: App       ] Received request 'hello 1' from fd00::20b:b:b:b
00:59.721	ID:1	[INFO: App       ] Sending response.
00:59.769	ID:1	[INFO: App       ] Received request 'hello 1' from fd00::206:6:6:6
00:59.769	ID:1	[INFO: App       ] Sending response.
00:59.833	ID:11	[INFO: App       ] Received response 'hello 1' from fd00::201:1:1:1
00:59.855	ID:6	[INFO: App       ] Received response 'hello 1' from fd00::201:1:1:1
01:01.305	ID:5	[INFO: App       ] Sending request 3 to fd00::201:1:1:1
01:01.352	ID:1	[INFO: App       ] Received request 'hello 3' from fd00::205:5:5:5
01:01.352	ID:1	[INFO: App       ] Sending response.
01:01.393	ID:5	[INFO: App       ] Received response 'hello 3' from fd00::201:1:1:1
01:02.873	ID:13	[INFO: App       ] Tx/Rx/MissedTx: 0/0/0
01:02.873	ID:13	[INFO: App       ] Sending request 0 to fd00::201:1:1:1
01:03.004	ID:1	[INFO: App       ] Received request 'hello 0' from fd00::20d:d:d:d
01:03.004	ID:1	[INFO: App       ] Sending response.
01:03.146	ID:13	[INFO: App       ] Received response 'hello 0' from fd00::201:1:1:1
01:03.181	ID:8	[INFO: App       ] Sending request 1 to fd00::201:1:1:1
01:03.227	ID:1	[INFO: App       ] Received request 'hello 1' from fd00::208:8:8:8
01:03.227	ID:1	[INFO: App       ] Sending response.
01:03.282	ID:8	[INFO: App       ] Received response 'hello 1' from fd00::201:1:1:1
01:03.932	ID:4	[INFO: App       ] Sending request 3 to fd00::201:1:1:1
01:03.980	ID:1	[INFO: App       ] Received request 'hello 3' from fd00::204:4:4:4
01:03.980	ID:1	[INFO: App       ] Sending response.
01:04.046	ID:4	[INFO: App       ] Received response 'hello 3' from fd00::201:1:1:1
01:05.133	ID:12	[INFO: App       ] Tx/Rx/MissedTx: 0/0/0
01:05.133	ID:12	[INFO: App       ] Sending request 0 to fd00::201:1:1:1
01:05.189	ID:7	[INFO: App       ] Sending request 1 to fd00::201:1:1:1
01:05.223	ID:1	[INFO: App       ] Received request 'hello 0' from fd00::20c:c:c:c
01:05.223	ID:1	[INFO: App       ] Sending response.
01:05.297	ID:12	[INFO: App       ] Received response 'hello 0' from fd00::201:1:1:1
01:05.322	ID:9	[INFO: App       ] Sending request 1 to fd00::201:1:1:1
01:05.326	ID:1	[INFO: App       ] Received request 'hello 1' from fd00::207:7:7:7
01:05.326	ID:1	[INFO: App       ] Sending response.
01:05.388	ID:1	[INFO: App       ] Received request 'hello 1' from fd00::209:9:9:9
01:05.388	ID:1	[INFO: App       ] Sending response.
01:05.417	ID:7	[INFO: App       ] Received response 'hello 1' from fd00::201:1:1:1
01:05.461	ID:9	[INFO: App       ] Received response 'hello 1' from fd00::201:1:1:1
01:06.518	ID:15	[INFO: App       ] Sending request 1 to fd00::201:1:1:1
01:06.601	ID:1	[INFO: App       ] Received request 'hello 1' from fd00::20f:f:f:f
01:06.601	ID:1	[INFO: App       ] Sending response.
01:06.620	ID:3	[INFO: App       ] Sending request 3 to fd00::201:1:1:1
01:06.690	ID:1	[INFO: App       ] Received request 'hello 3' from fd00::203:3:3:3
01:06.690	ID:1	[INFO: App       ] Sending response.
01:06.714	ID:3	[INFO: App       ] Received response 'hello 3' from fd00::201:1:1:1
01:06.767	ID:15	[INFO: App       ] Received response 'hello 1' from fd00::201:1:1:1
01:07.103	ID:10	[INFO: App       ] Sending request 1 to fd00::201:1:1:1
01:07.134	ID:1	[INFO: App       ] Received request 'hello 1' from fd00::20a:a:a:a
01:07.134	ID:1	[INFO: App       ] Sending response.
01:07.198	ID:10	[INFO: App       ] Received response 'hello 1' from fd00::201:1:1:1
01:09.043	ID:2	[INFO: App       ] Sending request 3 to fd00::201:1:1:1
01:09.085	ID:1	[INFO: App       ] Received request 'hello 3' from fd00::202:2:2:2
01:09.085	ID:1	[INFO: App       ] Sending response.
01:09.140	ID:2	[INFO: App       ] Received response 'hello 3' from fd00::201:1:1:1
01:09.437	ID:6	[INFO: App       ] Sending request 2 to fd00::201:1:1:1
01:09.464	ID:1	[INFO: App       ] Received request 'hello 2' from fd00::206:6:6:6
01:09.464	ID:1	[INFO: App       ] Sending response.
01:09.522	ID:6	[INFO: App       ] Received response 'hello 2' from fd00::201:1:1:1
01:09.987	ID:14	[INFO: App       ] Sending request 1 to fd00::201:1:1:1
01:10.059	ID:1	[INFO: App       ] Received request 'hello 1' from fd00::20e:e:e:e
01:10.059	ID:1	[INFO: App       ] Sending response.
01:10.154	ID:14	[INFO: App       ] Received response 'hello 1' from fd00::201:1:1:1
01:10.173	ID:11	[INFO: App       ] Sending request 2 to fd00::201:1:1:1
01:10.226	ID:1	[INFO: App       ] Received request 'hello 2' from fd00::20b:b:b:b
01:10.226	ID:1	[INFO: App       ] Sending response.
01:10.271	ID:11	[INFO: App       ] Received response 'hello 2' from fd00::201:1:1:1
01:12.217	ID:5	[INFO: App       ] Sending request 4 to fd00::201:1:1:1
01:12.284	ID:1	[INFO: App       ] Received request 'hello 4' from fd00::205:5:5:5
01:12.284	ID:1	[INFO: App       ] Sending response.
01:12.306	ID:5	[INFO: App       ] Received response 'hello 4' from fd00::201:1:1:1
01:12.812	ID:8	[INFO: App       ] Sending request 2 to fd00::201:1:1:1
01:12.883	ID:1	[INFO: App       ] Received request 'hello 2' from fd00::208:8:8:8
01:12.883	ID:1	[INFO: App       ] Sending response.
01:12.937	ID:4	[INFO: App       ] Sending request 4 to fd00::201:1:1:1
01:12.947	ID:8	[INFO: App       ] Received response 'hello 2' from fd00::201:1:1:1
01:12.966	ID:13	[INFO: App       ] Sending request 1 to fd00::201:1:1:1
01:13.001	ID:1	[INFO: App       ] Received request 'hello 4' from fd00::204:4:4:4
01:13.001	ID:1	[INFO: App       ] Sending response.
01:13.061	ID:4	[INFO: App       ] Received response 'hello 4' from fd00::201:1:1:1
01:13.152	ID:1	[INFO: App       ] Received request 'hello 1' from fd00::20d:d:d:d
01:13.152	ID:1	[INFO: App       ] Sending response.
01:13.234	ID:13	[INFO: App       ] Received response 'hello 1' from fd00::201:1:1:1
01:14.655	ID:7	[INFO: App       ] Sending request 2 to fd00::201:1:1:1
01:14.698	ID:1	[INFO: App       ] Received request 'hello 2' from fd00::207:7:7:7
01:14.698	ID:1	[INFO: App       ] Sending response.
01:14.780	ID:7	[INFO: App       ] Received response 'hello 2' from fd00::201:1:1:1
01:15.448	ID:12	[INFO: App       ] Sending request 1 to fd00::201:1:1:1
01:15.533	ID:1	[INFO: App       ] Received request 'hello 1' from fd00::20c:c:c:c
01:15.533	ID:1	[INFO: App       ] Sending response.
01:15.603	ID:12	[INFO: App       ] Received response 'hello 1' from fd00::201:1:1:1
01:15.951	ID:9	[INFO: App       ] Sending request 2 to fd00::201:1:1:1
01:15.971	ID:3	[INFO: App       ] Sending request 4 to fd00::201:1:1:1
01:16.045	ID:1	[INFO: App       ] Received request 'hello 4' from fd00::203:3:3:3
01:16.045	ID:1	[INFO: App       ] Sending response.
01:16.062	ID:1	[INFO: App       ] Received request 'hello 2' from fd00::209:9:9:9
01:16.062	ID:1	[INFO: App       ] Sending response.
01:16.114	ID:3	[INFO: App       ] Received response 'hello 4' from fd00::201:1:1:1
01:16.126	ID:9	[INFO: App       ] Received response 'hello 2' from fd00::201:1:1:1
01:16.999	ID:15	[INFO: App       ] Sending request 2 to fd00::201:1:1:1
01:17.037	ID:10	[INFO: App       ] Sending request 2 to fd00::201:1:1:1
01:17.122	ID:1	[INFO: App       ] Received request 'hello 2' from fd00::20a:a:a:a
01:17.122	ID:1	[INFO: App       ] Sending response.
01:17.143	ID:1	[INFO: App       ] Received request 'hello 2' from fd00::20f:f:f:f
01:17.143	ID:1	[INFO: App       ] Sending response.
01:17.245	ID:10	[INFO: App       ] Received response 'hello 2' from fd00::201:1:1:1
01:17.275	ID:15	[INFO: App       ] Received response 'hello 2' from fd00::201:1:1:1
01:19.472	ID:11	[INFO: App       ] Sending request 3 to fd00::201:1:1:1
01:19.562	ID:1	[INFO: App       ] Received request 'hello 3' from fd00::20b:b:b:b
01:19.562	ID:1	[INFO: App       ] Sending response.
01:19.609	ID:11	[INFO: App       ] Received response 'hello 3' from fd00::201:1:1:1
01:19.919	ID:6	[INFO: App       ] Sending request 3 to fd00::201:1:1:1
01:19.945	ID:2	[INFO: App       ] Sending request 4 to fd00::201:1:1:1
01:20.002	ID:1	[INFO: App       ] Received request 'hello 4' from fd00::202:2:2:2
01:20.002	ID:1	[INFO: App       ] Sending response.
01:20.046	ID:2	[INFO: App       ] Received response 'hello 4' from fd00::201:1:1:1
01:20.147	ID:1	[INFO: App       ] Received request 'hello 3' from fd00::206:6:6:6
01:20.147	ID:1	[INFO: App       ] Sending response.
01:20.196	ID:14	[INFO: App       ] Sending request 2 to fd00::201:1:1:1
01:20.243	ID:6	[INFO: App       ] Received response 'hello 3' from fd00::201:1:1:1
01:20.327	ID:1	[INFO: App       ] Received request 'hello 2' from fd00::20e:e:e:e
01:20.327	ID:1	[INFO: App       ] Sending response.
01:20.396	ID:14	[INFO: App       ] Received response 'hello 2' from fd00::201:1:1:1
01:22.008	ID:5	[INFO: App       ] Sending request 5 to fd00::201:1:1:1
01:22.044	ID:1	[INFO: App       ] Received request 'hello 5' from fd00::205:5:5:5
01:22.044	ID:1	[INFO: App       ] Sending response.
01:22.071	ID:5	[INFO: App       ] Received response 'hello 5' from fd00::201:1:1:1
01:22.168	ID:8	[INFO: App       ] Sending request 3 to fd00::201:1:1:1
01:22.227	ID:1	[INFO: App       ] Received request 'hello 3' from fd00::208:8:8:8
01:22.227	ID:1	[INFO: App       ] Sending response.
01:22.317	ID:8	[INFO: App       ] Received response 'hello 3' from fd00::201:1:1:1
01:22.318	ID:4	[INFO: App       ] Sending request 5 to fd00::201:1:1:1
01:22.351	ID:1	[INFO: App       ] Received request 'hello 5' from fd00::204:4:4:4
01:22.351	ID:1	[INFO: App       ] Sending response.
01:22.428	ID:4	[INFO: App       ] Received response 'hello 5' from fd00::201:1:1:1
01:22.509	ID:13	[INFO: App       ] Sending request 2 to fd00::201:1:1:1
01:22.603	ID:1	[INFO: App       ] Received request 'hello 2' from fd00::20d:d:d:d
01:22.603	ID:1	[INFO: App       ] Sending response.
01:22.693	ID:13	[INFO: App       ] Received response 'hello 2' from fd00::201:1:1:1
01:23.836	ID:7	[INFO: App       ] Sending request 3 to fd00::201:1:1:1
01:23.929	ID:1	[INFO: App       ] Received request 'hello 3' from fd00::207:7:7:7
01:23.929	ID:1	[INFO: App       ] Sending response.
01:23.995	ID:7	[INFO: App       ] Received response 'hello 3' from fd00::201:1:1:1
01:25.984	ID:12	[INFO: App       ] Sending request 2 to fd00::201:1:1:1
01:26.028	ID:1	[INFO: App       ] Received request 'hello 2' from fd00::20c:c:c:c
01:26.028	ID:1	[INFO: App       ] Sending response.
01:26.088	ID:9	[INFO: App       ] Sending request 3 to fd00::201:1:1:1
01:26.151	ID:12	[INFO: App       ] Received response 'hello 2' from fd00::201:1:1:1
01:26.256	ID:1	[INFO: App       ] Received request 'hello 3' from fd00::209:9:9:9
01:26.256	ID:1	[INFO: App       ] Sending response.
01:26.345	ID:3	[INFO: App       ] Sending request 5 to fd00::201:1:1:1
01:26.374	ID:9	[INFO: App       ] Received response 'hello 3' from fd00::201:1:1:1
01:26.391	ID:1	[INFO: App       ] Received request 'hello 5' from fd00::203:3:3:3
01:26.391	ID:1	[INFO: App       ] Sending response.
01:26.460	ID:3	[INFO: App       ] Received response 'hello 5' from fd00::201:1:1:1
01:26.729	ID:10	[INFO: App       ] Sending request 3 to fd00::201:1:1:1
01:26.799	ID:1	[INFO: App       ] Received request 'hello 3' from fd00::20a:a:a:a
01:26.799	ID:1	[INFO: App       ] Sending response.
01:26.872	ID:10	[INFO: App       ] Received response 'hello 3' from fd00::201:1:1:1
01:26.976	ID:15	[INFO: App       ] Sending request 3 to fd00::201:1:1:1
01:27.062	ID:1	[INFO: App       ] Received request 'hello 3' from fd00::20f:f:f:f
01:27.062	ID:1	[INFO: App       ] Sending response.
01:27.170	ID:15	[INFO: App       ] Received response 'hello 3' from fd00::201:1:1:1
01:29.368	ID:11	[INFO: App       ] Sending request 4 to fd00::201:1:1:1
01:29.458	ID:1	[INFO: App       ] Received request 'hello 4' from fd00::20b:b:b:b
01:29.458	ID:1	[INFO: App       ] Sending response.
01:29.513	ID:11	[INFO: App       ] Received response 'hello 4' from fd00::201:1:1:1
01:30.149	ID:6	[INFO: App       ] Sending request 4 to fd00::201:1:1:1
01:30.156	ID:2	[INFO: App       ] Sending request 5 to fd00::201:1:1:1
01:30.178	ID:14	[INFO: App       ] Sending request 3 to fd00::201:1:1:1
01:30.207	ID:1	[INFO: App       ] Received request 'hello 5' from fd00::202:2:2:2
01:30.207	ID:1	[INFO: App       ] Sending response.
01:30.244	ID:1	[INFO: App       ] Received request 'hello 4' from fd00::206:6:6:6
01:30.244	ID:1	[INFO: App       ] Sending response.
01:30.284	ID:1	[INFO: App       ] Received request 'hello 3' from fd00::20e:e:e:e
01:30.284	ID:1	[INFO: App       ] Sending response.
01:30.365	ID:2	[INFO: App       ] Received response 'hello 5' from fd00::201:1:1:1
01:30.425	ID:14	[INFO: App       ] Received response 'hello 3' from fd00::201:1:1:1
01:30.461	ID:6	[INFO: App       ] Received response 'hello 4' from fd00::201:1:1:1
01:31.437	ID:5	[INFO: App       ] Sending request 6 to fd00::201:1:1:1
01:31.476	ID:1	[INFO: App       ] Received request 'hello 6' from fd00::205:5:5:5
01:31.476	ID:1	[INFO: App       ] Sending response.
01:31.548	ID:5	[INFO: App       ] Received response 'hello 6' from fd00::201:1:1:1
01:31.898	ID:13	[INFO: App       ] Sending request 3 to fd00::201:1:1:1
01:32.033	ID:1	[INFO: App       ] Received request 'hello 3' from fd00::20d:d:d:d
01:32.033	ID:1	[INFO: App       ] Sending response.
01:32.115	ID:13	[INFO: App       ] Received response 'hello 3' from fd00::201:1:1:1
01:32.636	ID:4	[INFO: App       ] Sending request 6 to fd00::201:1:1:1
01:32.695	ID:1	[INFO: App       ] Received request 'hello 6' from fd00::204:4:4:4
01:32.695	ID:1	[INFO: App       ] Sending response.
01:32.761	ID:4	[INFO: App       ] Received response 'hello 6' from fd00::201:1:1:1
01:33.019	ID:8	[INFO: App       ] Sending request 4 to fd00::201:1:1:1
01:33.092	ID:1	[INFO: App       ] Received request 'hello 4' from fd00::208:8:8:8
01:33.092	ID:1	[INFO: App       ] Sending response.
01:33.130	ID:8	[INFO: App       ] Received response 'hello 4' from fd00::201:1:1:1
01:34.326	ID:7	[INFO: App       ] Sending request 4 to fd00::201:1:1:1
01:34.413	ID:1	[INFO: App       ] Received request 'hello 4' from fd00::207:7:7:7
01:34.413	ID:1	[INFO: App       ] Sending response.
01:34.507	ID:7	[INFO: App       ] Received response 'hello 4' from fd00::201:1:1:1
01:36.158	ID:12	[INFO: App       ] Sending request 3 to fd00::201:1:1:1
01:36.261	ID:1	[INFO: App       ] Received request 'hello 3' from fd00::20c:c:c:c
01:36.261	ID:1	[INFO: App       ] Sending response.
01:36.281	ID:9	[INFO: App       ] Sending request 4 to fd00::201:1:1:1
01:36.355	ID:1	[INFO: App       ] Received request 'hello 4' from fd00::209:9:9:9
01:36.355	ID:1	[INFO: App       ] Sending response.
01:36.370	ID:12	[INFO: App       ] Received response 'hello 3' from fd00::201:1:1:1
01:36.382	ID:10	[INFO: App       ] Sending request 4 to fd00::201:1:1:1
01:36.467	ID:1	[INFO: App       ] Received request 'hello 4' from fd00::20a:a:a:a
01:36.467	ID:1	[INFO: App       ] Sending response.
01:36.475	ID:9	[INFO: App       ] Received response 'hello 4' from fd00::201:1:1:1
01:36.545	ID:10	[INFO: App       ] Received response 'hello 4' from fd00::201:1:1:1
01:36.865	ID:15	[INFO: App       ] Sending request 4 to fd00::201:1:1:1
01:36.970	ID:1	[INFO: App       ] Received request 'hello 4' from fd00::20f:f:f:f
01:36.970	ID:1	[INFO: App       ] Sending response.
01:37.114	ID:15	[INFO: App       ] Received response 'hello 4' from fd00::201:1:1:1
01:37.291	ID:3	[INFO: App       ] Sending request 6 to fd00::201:1:1:1
01:37.349	ID:1	[INFO: App       ] Received request 'hello 6' from fd00::203:3:3:3
01:37.349	ID:1	[INFO: App       ] Sending response.
01:37.409	ID:3	[INFO: App       ] Received response 'hello 6' from fd00::201:1:1:1
01:38.484	ID:11	[INFO: App       ] Sending request 5 to fd00::201:1:1:1
01:38.572	ID:1	[INFO: App       ] Received request 'hello 5' from fd00::20b:b:b:b
01:38.572	ID:1	[INFO: App       ] Sending response.
01:38.623	ID:11	[INFO: App       ] Received response 'hello 5' from fd00::201:1:1:1
01:39.487	ID:6	[INFO: App       ] Sending request 5 to fd00::201:1:1:1
01:39.574	ID:1	[INFO: App       ] Received request 'hello 5' from fd00::206:6:6:6
01:39.574	ID:1	[INFO: App       ] Sending response.
01:39.660	ID:6	[INFO: App       ] Received response 'hello 5' from fd00::201:1:1:1
01:40.075	ID:2	[INFO: App       ] Sending request 6 to fd00::201:1:1:1
01:40.122	ID:1	[INFO: App       ] Received request 'hello 6' from fd00::202:2:2:2
01:40.122	ID:1	[INFO: App       ] Sending response.
01:40.141	ID:14	[INFO: App       ] Sending request 4 to fd00::201:1:1:1
01:40.169	ID:2	[INFO: App       ] Received response 'hello 6' from fd00::201:1:1:1
01:40.253	ID:1	[INFO: App       ] Received request 'hello 4' from fd00::20e:e:e:e
01:40.253	ID:1	[INFO: App       ] Sending response.
01:40.355	ID:14	[INFO: App       ] Received response 'hello 4' from fd00::201:1:1:1
01:40.878	ID:5	[INFO: App       ] Sending request 7 to fd00::201:1:1:1
01:40.928	ID:1	[INFO: App       ] Received request 'hello 7' from fd00::205:5:5:5
01:40.928	ID:1	[INFO: App       ] Sending response.
01:40.990	ID:5	[INFO: App       ] Received response 'hello 7' from fd00::201:1:1:1
01:41.659	ID:13	[INFO: App       ] Sending request 4 to fd00::201:1:1:1
01:41.777	ID:1	[INFO: App       ] Received request 'hello 4' from fd00::20d:d:d:d
01:41.777	ID:1	[INFO: App       ] Sending response.
01:41.858	ID:13	[INFO: App       ] Received response 'hello 4' from fd00::201:1:1:1
01:42.490	ID:8	[INFO: App       ] Sending request 5 to fd00::201:1:1:1
01:42.562	ID:1	[INFO: App       ] Received request 'hello 5' from fd00::208:8:8:8
01:42.562	ID:1	[INFO: App       ] Sending response.
01:42.601	ID:8	[INFO: App       ] Received response 'hello 5' from fd00::201:1:1:1
01:43.276	ID:4	[INFO: App       ] Sending request 7 to fd00::201:1:1:1
01:43.351	ID:1	[INFO: App       ] Received request 'hello 7' from fd00::204:4:4:4
01:43.351	ID:1	[INFO: App       ] Sending response.
01:43.390	ID:4	[INFO: App       ] Received response 'hello 7' from fd00::201:1:1:1
01:44.799	ID:7	[INFO: App       ] Sending request 5 to fd00::201:1:1:1
01:44.895	ID:1	[INFO: App       ] Received request 'hello 5' from fd00::207:7:7:7
01:44.895	ID:1	[INFO: App       ] Sending response.
01:44.973	ID:7	[INFO: App       ] Received response 'hello 5' from fd00::201:1:1:1
01:46.160	ID:12	[INFO: App       ] Sending request 4 to fd00::201:1:1:1
01:46.266	ID:1	[INFO: App       ] Received request 'hello 4' from fd00::20c:c:c:c
01:46.266	ID:1	[INFO: App       ] Sending response.
01:46.339	ID:9	[INFO: App       ] Sending request 5 to fd00::201:1:1:1
01:46.420	ID:12	[INFO: App       ] Received response 'hello 4' from fd00::201:1:1:1
01:46.452	ID:1	[INFO: App       ] Received request 'hello 5' from fd00::209:9:9:9
01:46.452	ID:1	[INFO: App       ] Sending response.
01:46.496	ID:9	[INFO: App       ] Received response 'hello 5' from fd00::201:1:1:1
01:46.984	ID:15	[INFO: App       ] Sending request 5 to fd00::201:1:1:1
01:47.008	ID:10	[INFO: App       ] Sending request 5 to fd00::201:1:1:1
01:47.089	ID:1	[INFO: App       ] Received request 'hello 5' from fd00::20f:f:f:f
01:47.089	ID:1	[INFO: App       ] Sending response.
01:47.152	ID:1	[INFO: App       ] Received request 'hello 5' from fd00::20a:a:a:a
01:47.152	ID:1	[INFO: App       ] Sending response.
01:47.211	ID:15	[INFO: App       ] Received response 'hello 5' from fd00::201:1:1:1
01:47.280	ID:10	[INFO: App       ] Received response 'hello 5' from fd00::201:1:1:1
01:48.004	ID:3	[INFO: App       ] Sending request 7 to fd00::201:1:1:1
01:48.063	ID:1	[INFO: App       ] Received request 'hello 7' from fd00::203:3:3:3
01:48.063	ID:1	[INFO: App       ] Sending response.
01:48.103	ID:3	[INFO: App       ] Received response 'hello 7' from fd00::201:1:1:1
01:49.052	ID:11	[INFO: App       ] Sending request 6 to fd00::201:1:1:1
01:49.139	ID:1	[INFO: App       ] Received request 'hello 6' from fd00::20b:b:b:b
01:49.139	ID:1	[INFO: App       ] Sending response.
01:49.255	ID:11	[INFO: App       ] Received response 'hello 6' from fd00::201:1:1:1
01:49.406	ID:2	[INFO: App       ] Sending request 7 to fd00::201:1:1:1
01:49.473	ID:1	[INFO: App       ] Received request 'hello 7' from fd00::202:2:2:2
01:49.473	ID:1	[INFO: App       ] Sending response.
01:49.527	ID:2	[INFO: App       ] Received response 'hello 7' from fd00::201:1:1:1
01:49.719	ID:14	[INFO: App       ] Sending request 5 to fd00::201:1:1:1
01:49.814	ID:6	[INFO: App       ] Sending request 6 to fd00::201:1:1:1
01:49.829	ID:1	[INFO: App       ] Received request 'hello 5' from fd00::20e:e:e:e
01:49.829	ID:1	[INFO: App       ] Sending response.
01:49.912	ID:14	[INFO: App       ] Received response 'hello 5' from fd00::201:1:1:1
01:49.923	ID:1	[INFO: App       ] Received request 'hello 6' from fd00::206:6:6:6
01:49.923	ID:1	[INFO: App       ] Sending response.
01:49.993	ID:6	[INFO: App       ] Received response 'hello 6' from fd00::201:1:1:1
01:50.348	ID:5	[INFO: App       ] Sending request 8 to fd00::201:1:1:1
01:50.392	ID:1	[INFO: App       ] Received request 'hello 8' from fd00::205:5:5:5
01:50.392	ID:1	[INFO: App       ] Sending response.
01:50.426	ID:5	[INFO: App       ] Received response 'hello 8' from fd00::201:1:1:1
01:52.323	ID:13	[INFO: App       ] Sending request 5 to fd00::201:1:1:1
01:52.433	ID:1	[INFO: App       ] Received request 'hello 5' from fd00::20d:d:d:d
01:52.433	ID:1	[INFO: App       ] Sending response.
01:52.546	ID:13	[INFO: App       ] Received response 'hello 5' from fd00::201:1:1:1
01:52.626	ID:4	[INFO: App       ] Sending request 8 to fd00::201:1:1:1
01:52.680	ID:1	[INFO: App       ] Received request 'hello 8' from fd00::204:4:4:4
01:52.680	ID:1	[INFO: App       ] Sending response.
01:52.724	ID:4	[INFO: App       ] Received response 'hello 8' from fd00::201:1:1:1
01:52.927	ID:8	[INFO: App       ] Sending request 6 to fd00::201:1:1:1
01:52.989	ID:1	[INFO: App       ] Received request 'hello 6' from fd00::208:8:8:8
01:52.989	ID:1	[INFO: App       ] Sending response.
01:53.044	ID:8	[INFO: App       ] Received response 'hello 6' from fd00::201:1:1:1
01:55.160	ID:7	[INFO: App       ] Sending request 6 to fd00::201:1:1:1
01:55.222	ID:1	[INFO: App       ] Received request 'hello 6' from fd00::207:7:7:7
01:55.222	ID:1	[INFO: App       ] Sending response.
01:55.322	ID:7	[INFO: App       ] Received response 'hello 6' from fd00::201:1:1:1
01:55.712	ID:12	[INFO: App       ] Sending request 5 to fd00::201:1:1:1
01:55.784	ID:1	[INFO: App       ] Received request 'hello 5' from fd00::20c:c:c:c
01:55.784	ID:1	[INFO: App       ] Sending response.
01:55.895	ID:12	[INFO: App       ] Received response 'hello 5' from fd00::201:1:1:1
01:56.460	ID:9	[INFO: App       ] Sending request 6 to fd00::201:1:1:1
01:56.557	ID:1	[INFO: App       ] Received request 'hello 6' from fd00::209:9:9:9
01:56.557	ID:1	[INFO: App       ] Sending response.
01:56.663	ID:9	[INFO: App       ] Received response 'hello 6' from fd00::201:1:1:1
01:56.873	ID:15	[INFO: App       ] Sending request 6 to fd00::201:1:1:1
01:57.004	ID:1	[INFO: App       ] Received request 'hello 6' from fd00::20f:f:f:f
01:57.004	ID:1	[INFO: App       ] Sending response.
01:57.082	ID:15	[INFO: App       ] Received response 'hello 6' from fd00::201:1:1:1
01:57.104	ID:10	[INFO: App       ] Sending request 6 to fd00::201:1:1:1
01:57.159	ID:1	[INFO: App       ] Received request 'hello 6' from fd00::20a:a:a:a
01:57.159	ID:1	[INFO: App       ] Sending response.
01:57.226	ID:10	[INFO: App       ] Received response 'hello 6' from fd00::201:1:1:1
01:58.109	ID:11	[INFO: App       ] Sending request 7 to fd00::201:1:1:1
01:58.205	ID:1	[INFO: App       ] Received request 'hello 7' from fd00::20b:b:b:b
01:58.205	ID:1	[INFO: App       ] Sending response.
01:58.253	ID:11	[INFO: App       ] Received response 'hello 7' from fd00::201:1:1:1
01:58.818	ID:3	[INFO: App       ] Sending request 8 to fd00::201:1:1:1
01:58.825	ID:2	[INFO: App       ] Sending request 8 to fd00::201:1:1:1
01:58.884	ID:1	[INFO: App       ] Received request 'hello 8' from fd00::202:2:2:2
01:58.884	ID:1	[INFO: App       ] Sending response.
01:58.919	ID:2	[INFO: App       ] Received response 'hello 8' from fd00::201:1:1:1
01:58.926	ID:1	[INFO: App       ] Received request 'hello 8' from fd00::203:3:3:3
01:58.926	ID:1	[INFO: App       ] Sending response.
01:58.961	ID:3	[INFO: App       ] Received response 'hello 8' from fd00::201:1:1:1
01:59.766	ID:5	[INFO: App       ] Sending request 9 to fd00::201:1:1:1
01:59.839	ID:1	[INFO: App       ] Received request 'hello 9' from fd00::205:5:5:5
01:59.839	ID:1	[INFO: App       ] Sending response.
01:59.886	ID:5	[INFO: App       ] Received response 'hello 9' from fd00::201:1:1:1
01:59.989	ID:6	[INFO: App       ] Sending request 7 to fd00::201:1:1:1
02:00.057	ID:1	[INFO: App       ] Received request 'hello 7' from fd00::206:6:6:6
02:00.057	ID:1	[INFO: App       ] Sending response.
02:00.159	ID:6	[INFO: App       ] Received response 'hello 7' from fd00::201:1:1:1
02:00.574	ID:14	[INFO: App       ] Sending request 6 to fd00::201:1:1:1
02:00.684	ID:1	[INFO: App       ] Received request 'hello 6' from fd00::20e:e:e:e
02:00.684	ID:1	[INFO: App       ] Sending response.
02:00.769	ID:14	[INFO: App       ] Received response 'hello 6' from fd00::201:1:1:1
02:02.371	ID:13	[INFO: App       ] Sending request 6 to fd00::201:1:1:1
02:02.479	ID:1	[INFO: App       ] Received request 'hello 6' from fd00::20d:d:d:d
02:02.479	ID:1	[INFO: App       ] Sending response.
02:02.648	ID:13	[INFO: App       ] Received response 'hello 6' from fd00::201:1:1:1
02:02.963	ID:4	[INFO: App       ] Sending request 9 to fd00::201:1:1:1
02:03.021	ID:1	[INFO: App       ] Received request 'hello 9' from fd00::204:4:4:4
02:03.021	ID:1	[INFO: App       ] Sending response.
02:03.099	ID:4	[INFO: App       ] Received response 'hello 9' from fd00::201:1:1:1
02:03.434	ID:8	[INFO: App       ] Sending request 7 to fd00::201:1:1:1
02:03.499	ID:1	[INFO: App       ] Received request 'hello 7' from fd00::208:8:8:8
02:03.499	ID:1	[INFO: App       ] Sending response.
02:03.550	ID:8	[INFO: App       ] Received response 'hello 7' from fd00::201:1:1:1
02:05.388	ID:7	[INFO: App       ] Sending request 7 to fd00::201:1:1:1
02:05.478	ID:1	[INFO: App       ] Received request 'hello 7' from fd00::207:7:7:7
02:05.478	ID:1	[INFO: App       ] Sending response.
02:05.529	ID:7	[INFO: App       ] Received response 'hello 7' from fd00::201:1:1:1
02:05.776	ID:9	[INFO: App       ] Sending request 7 to fd00::201:1:1:1
02:05.844	ID:1	[INFO: App       ] Received request 'hello 7' from fd00::209:9:9:9
02:05.844	ID:1	[INFO: App       ] Sending response.
02:05.918	ID:9	[INFO: App       ] Received response 'hello 7' from fd00::201:1:1:1
02:06.452	ID:15	[INFO: App       ] Sending request 7 to fd00::201:1:1:1
02:06.586	ID:1	[INFO: App       ] Received request 'hello 7' from fd00::20f:f:f:f
02:06.586	ID:1	[INFO: App       ] Sending response.
02:06.684	ID:15	[INFO: App       ] Received response 'hello 7' from fd00::201:1:1:1
02:06.692	ID:12	[INFO: App       ] Sending request 6 to fd00::201:1:1:1
02:06.812	ID:1	[INFO: App       ] Received request 'hello 6' from fd00::20c:c:c:c
02:06.812	ID:1	[INFO: App       ] Sending response.
02:06.907	ID:12	[INFO: App       ] Received response 'hello 6' from fd00::201:1:1:1
02:07.772	ID:10	[INFO: App       ] Sending request 7 to fd00::201:1:1:1
02:07.856	ID:1	[INFO: App       ] Received request 'hello 7' from fd00::20a:a:a:a
02:07.856	ID:1	[INFO: App       ] Sending response.
02:07.882	ID:11	[INFO: App       ] Sending request 8 to fd00::201:1:1:1
02:07.953	ID:10	[INFO: App       ] Received response 'hello 7' from fd00::201:1:1:1
02:07.961	ID:1	[INFO: App       ] Received request 'hello 8' from fd00::20b:b:b:b
02:07.961	ID:1	[INFO: App       ] Sending response.
02:08.032	ID:11	[INFO: App       ] Received response 'hello 8' from fd00::201:1:1:1
02:08.676	ID:2	[INFO: App       ] Sending request 9 to fd00::201:1:1:1
02:08.756	ID:1	[INFO: App       ] Received request 'hello 9' from fd00::202:2:2:2
02:08.756	ID:1	[INFO: App       ] Sending response.
02:08.802	ID:2	[INFO: App       ] Received response 'hello 9' from fd00::201:1:1:1
02:09.052	ID:6	[INFO: App       ] Sending request 8 to fd00::201:1:1:1
02:09.092	ID:1	[INFO: App       ] Received request 'hello 8' from fd00::206:6:6:6
02:09.092	ID:1	[INFO: App       ] Sending response.
02:09.206	ID:6	[INFO: App       ] Received response 'hello 8' from fd00::201:1:1:1
02:09.645	ID:3	[INFO: App       ] Sending request 9 to fd00::201:1:1:1
02:09.699	ID:1	[INFO: App       ] Received request 'hello 9' from fd00::203:3:3:3
02:09.699	ID:1	[INFO: App       ] Sending response.
02:09.749	ID:3	[INFO: App       ] Received response 'hello 9' from fd00::201:1:1:1
02:10.282	ID:5	[INFO: App       ] Tx/Rx/MissedTx: 10/10/0
02:10.282	ID:5	[INFO: App       ] Sending request 10 to fd00::201:1:1:1
02:10.349	ID:1	[INFO: App       ] Received request 'hello 10' from fd00::205:5:5:5
02:10.349	ID:1	[INFO: App       ] Sending response.
02:10.399	ID:5	[INFO: App       ] Received response 'hello 10' from fd00::201:1:1:1
02:11.007	ID:14	[INFO: App       ] Sending request 7 to fd00::201:1:1:1
02:11.118	ID:1	[INFO: App       ] Received request 'hello 7' from fd00::20e:e:e:e
02:11.118	ID:1	[INFO: App       ] Sending response.
02:11.250	ID:14	[INFO: App       ] Received response 'hello 7' from fd00::201:1:1:1
02:11.476	ID:13	[INFO: App       ] Sending request 7 to fd00::201:1:1:1
02:11.584	ID:1	[INFO: App       ] Received request 'hello 7' from fd00::20d:d:d:d
02:11.584	ID:1	[INFO: App       ] Sending response.
02:11.708	ID:13	[INFO: App       ] Received response 'hello 7' from fd00::201:1:1:1
02:13.244	ID:8	[INFO: App       ] Sending request 8 to fd00::201:1:1:1
02:13.308	ID:1	[INFO: App       ] Received request 'hello 8' from fd00::208:8:8:8
02:13.308	ID:1	[INFO: App       ] Sending response.
02:13.386	ID:8	[INFO: App       ] Received response 'hello 8' from fd00::201:1:1:1
02:13.511	ID:4	[INFO: App       ] Tx/Rx/MissedTx: 10/10/0
02:13.511	ID:4	[INFO: App       ] Sending request 10 to fd00::201:1:1:1
02:13.558	ID:1	[INFO: App       ] Received request 'hello 10' from fd00::204:4:4:4
02:13.558	ID:1	[INFO: App       ] Sending response.
02:13.616	ID:4	[INFO: App       ] Received response 'hello 10' from fd00::201:1:1:1
02:15.616	ID:9	[INFO: App       ] Sending request 8 to fd00::201:1:1:1
02:15.669	ID:1	[INFO: App       ] Received request 'hello 8' from fd00::209:9:9:9
02:15.669	ID:1	[INFO: App       ] Sending response.
02:15.719	ID:7	[INFO: App       ] Sending request 8 to fd00::201:1:1:1
02:15.744	ID:12	[INFO: App       ] Sending request 7 to fd00::201:1:1:1
02:15.774	ID:9	[INFO: App       ] Received response 'hello 8' from fd00::201:1:1:1
02:15.793	ID:1	[INFO: App       ] Received request 'hello 7' from fd00::20c:c:c:c
02:15.793	ID:1	[INFO: App       ] Sending response.
02:15.895	ID:12	[INFO: App       ] Received response 'hello 7' from fd00::201:1:1:1
02:16.005	ID:1	[INFO: App       ] Received request 'hello 8' from fd00::207:7:7:7
02:16.005	ID:1	[INFO: App       ] Sending response.
02:16.072	ID:7	[INFO: App       ] Received response 'hello 8' from fd00::201:1:1:1
02:16.494	ID:15	[INFO: App       ] Sending request 8 to fd00::201:1:1:1
02:16.569	ID:1	[INFO: App       ] Received request 'hello 8' from fd00::20f:f:f:f
02:16.569	ID:1	[INFO: App       ] Sending response.
02:16.674	ID:15	[INFO: App       ] Received response 'hello 8' from fd00::201:1:1:1
02:17.040	ID:11	[INFO: App       ] Sending request 9 to fd00::201:1:1:1
02:17.146	ID:1	[INFO: App       ] Received request 'hello 9' from fd00::20b:b:b:b
02:17.146	ID:1	[INFO: App       ] Sending response.
02:17.238	ID:11	[INFO: App       ] Received response 'hello 9' from fd00::201:1:1:1
02:18.469	ID:10	[INFO: App       ] Sending request 8 to fd00::201:1:1:1
02:18.557	ID:1	[INFO: App       ] Received request 'hello 8' from fd00::20a:a:a:a
02:18.557	ID:1	[INFO: App       ] Sending response.
02:18.679	ID:10	[INFO: App       ] Received response 'hello 8' from fd00::201:1:1:1
02:18.739	ID:6	[INFO: App       ] Sending request 9 to fd00::201:1:1:1
02:18.805	ID:1	[INFO: App       ] Received request 'hello 9' from fd00::206:6:6:6
02:18.805	ID:1	[INFO: App       ] Sending response.
02:18.909	ID:6	[INFO: App       ] Received response 'hello 9' from fd00::201:1:1:1
02:19.512	ID:3	[INFO: App       ] Tx/Rx/MissedTx: 10/10/0
02:19.512	ID:3	[INFO: App       ] Sending request 10 to fd00::201:1:1:1
02:19.526	ID:2	[INFO: App       ] Tx/Rx/MissedTx: 10/10/0
02:19.526	ID:2	[INFO: App       ] Sending request 10 to fd00::201:1:1:1
02:19.585	ID:1	[INFO: App       ] Received request 'hello 10' from fd00::202:2:2:2
02:19.585	ID:1	[INFO: App       ] Sending response.
02:19.611	ID:1	[INFO: App       ] Received request 'hello 10' from fd00::203:3:3:3
02:19.611	ID:1	[INFO: App       ] Sending response.
02:19.659	ID:3	[INFO: App       ] Received response 'hello 10' from fd00::201:1:1:1
02:19.694	ID:2	[INFO: App       ] Received response 'hello 10' from fd00::201:1:1:1
02:19.861	ID:5	[INFO: App       ] Sending request 11 to fd00::201:1:1:1
02:19.875	ID:1	[INFO: App       ] Received request 'hello 11' from fd00::205:5:5:5
02:19.875	ID:1	[INFO: App       ] Sending response.
02:19.918	ID:5	[INFO: App       ] Received response 'hello 11' from fd00::201:1:1:1
02:21.401	ID:14	[INFO: App       ] Sending request 8 to fd00::201:1:1:1
02:21.471	ID:1	[INFO: App       ] Received request 'hello 8' from fd00::20e:e:e:e
02:21.471	ID:1	[INFO: App       ] Sending response.
02:21.564	ID:14	[INFO: App       ] Received response 'hello 8' from fd00::201:1:1:1
02:21.904	ID:13	[INFO: App       ] Sending request 8 to fd00::201:1:1:1
02:22.036	ID:1	[INFO: App       ] Received request 'hello 8' from fd00::20d:d:d:d
02:22.036	ID:1	[INFO: App       ] Sending response.
02:22.160	ID:13	[INFO: App       ] Received response 'hello 8' from fd00::201:1:1:1
02:22.257	ID:8	[INFO: App       ] Sending request 9 to fd00::201:1:1:1
02:22.295	ID:1	[INFO: App       ] Received request 'hello 9' from fd00::208:8:8:8
02:22.295	ID:1	[INFO: App       ] Sending response.
02:22.414	ID:8	[INFO: App       ] Received response 'hello 9' from fd00::201:1:1:1
02:23.736	ID:4	[INFO: App       ] Sending request 11 to fd00::201:1:1:1
02:23.777	ID:1	[INFO: App       ] Received request 'hello 11' from fd00::204:4:4:4
02:23.777	ID:1	[INFO: App       ] Sending response.
02:23.835	ID:4	[INFO: App       ] Received response 'hello 11' from fd00::201:1:1:1
02:24.795	ID:7	[INFO: App       ] Sending request 9 to fd00::201:1:1:1
02:24.823	ID:1	[INFO: App       ] Received request 'hello 9' from fd00::207:7:7:7
02:24.823	ID:1	[INFO: App       ] Sending response.
02:24.890	ID:7	[INFO: App       ] Received response 'hello 9' from fd00::201:1:1:1
02:24.967	ID:9	[INFO: App       ] Sending request 9 to fd00::201:1:1:1
02:25.064	ID:1	[INFO: App       ] Received request 'hello 9' from fd00::209:9:9:9
02:25.064	ID:1	[INFO: App       ] Sending response.
02:25.105	ID:9	[INFO: App       ] Received response 'hello 9' from fd00::201:1:1:1
02:26.102	ID:12	[INFO: App       ] Sending request 8 to fd00::201:1:1:1
02:26.198	ID:1	[INFO: App       ] Received request 'hello 8' from fd00::20c:c:c:c
02:26.198	ID:1	[INFO: App       ] Sending response.
02:26.307	ID:12	[INFO: App       ] Received response 'hello 8' from fd00::201:1:1:1
02:26.807	ID:15	[INFO: App       ] Sending request 9 to fd00::201:1:1:1
02:26.948	ID:1	[INFO: App       ] Received request 'hello 9' from fd00::20f:f:f:f
02:26.948	ID:1	[INFO: App       ] Sending response.
02:27.034	ID:11	[INFO: App       ] Tx/Rx/MissedTx: 10/10/0
02:27.034	ID:11	[INFO: App       ] Sending request 10 to fd00::201:1:1:1
02:27.104	ID:1	[INFO: App       ] Received request 'hello 10' from fd00::20b:b:b:b
02:27.104	ID:1	[INFO: App       ] Sending response.
02:27.142	ID:15	[INFO: App       ] Received response 'hello 9' from fd00::201:1:1:1
02:27.155	ID:11	[INFO: App       ] Received response 'hello 10' from fd00::201:1:1:1
02:28.862	ID:3	[INFO: App       ] Sending request 11 to fd00::201:1:1:1
02:28.897	ID:1	[INFO: App       ] Received request 'hello 11' from fd00::203:3:3:3
02:28.897	ID:1	[INFO: App       ] Sending response.
02:28.951	ID:3	[INFO: App       ] Received response 'hello 11' from fd00::201:1:1:1
02:28.974	ID:10	[INFO: App       ] Sending request 9 to fd00::201:1:1:1
02:29.086	ID:1	[INFO: App       ] Received request 'hello 9' from fd00::20a:a:a:a
02:29.086	ID:1	[INFO: App       ] Sending response.
02:29.140	ID:10	[INFO: App       ] Received response 'hello 9' from fd00::201:1:1:1
02:29.602	ID:6	[INFO: App       ] Tx/Rx/MissedTx: 10/10/0
02:29.602	ID:6	[INFO: App       ] Sending request 10 to fd00::201:1:1:1
02:29.677	ID:1	[INFO: App       ] Received request 'hello 10' from fd00::206:6:6:6
02:29.677	ID:1	[INFO: App       ] Sending response.
02:29.778	ID:6	[INFO: App       ] Received response 'hello 10' from fd00::201:1:1:1
02:29.987	ID:5	[INFO: App       ] Sending request 12 to fd00::201:1:1:1
02:30.064	ID:1	[INFO: App       ] Received request 'hello 12' from fd00::205:5:5:5
02:30.064	ID:1	[INFO: App       ] Sending response.
02:30.102	ID:5	[INFO: App       ] Received response 'hello 12' from fd00::201:1:1:1
02:30.386	ID:2	[INFO: App       ] Sending request 11 to fd00::201:1:1:1
02:30.424	ID:1	[INFO: App       ] Received request 'hello 11' from fd00::202:2:2:2
02:30.424	ID:1	[INFO: App       ] Sending response.
02:30.437	ID:2	[INFO: App       ] Received response 'hello 11' from fd00::201:1:1:1
02:31.181	ID:14	[INFO: App       ] Sending request 9 to fd00::201:1:1:1
02:31.284	ID:13	[INFO: App       ] Sending request 9 to fd00::201:1:1:1
02:31.311	ID:1	[INFO: App       ] Received request 'hello 9' from fd00::20e:e:e:e
02:31.311	ID:1	[INFO: App       ] Sending response.
02:31.374	ID:1	[INFO: App       ] Received request 'hello 9' from fd00::20d:d:d:d
02:31.374	ID:1	[INFO: App       ] Sending response.
02:31.426	ID:14	[INFO: App       ] Received response 'hello 9' from fd00::201:1:1:1
02:31.503	ID:13	[INFO: App       ] Received response 'hello 9' from fd00::201:1:1:1
02:32.128	ID:8	[INFO: App       ] Tx/Rx/MissedTx: 10/10/0
02:32.128	ID:8	[INFO: App       ] Sending request 10 to fd00::201:1:1:1
02:32.210	ID:1	[INFO: App       ] Received request 'hello 10' from fd00::208:8:8:8
02:32.210	ID:1	[INFO: App       ] Sending response.
02:32.313	ID:8	[INFO: App       ] Received response 'hello 10' from fd00::201:1:1:1
02:33.346	ID:4	[INFO: App       ] Sending request 12 to fd00::201:1:1:1
02:33.366	ID:1	[INFO: App       ] Received request 'hello 12' from fd00::204:4:4:4
02:33.366	ID:1	[INFO: App       ] Sending response.
02:33.383	ID:4	[INFO: App       ] Received response 'hello 12' from fd00::201:1:1:1
02:34.230	ID:9	[INFO: App       ] Tx/Rx/MissedTx: 10/10/0
02:34.230	ID:9	[INFO: App       ] Sending request 10 to fd00::201:1:1:1
02:34.283	ID:1	[INFO: App       ] Received request 'hello 10' from fd00::209:9:9:9
02:34.283	ID:1	[INFO: App       ] Sending response.
02:34.340	ID:9	[INFO: App       ] Received response 'hello 10' from fd00::201:1:1:1
02:35.053	ID:7	[INFO: App       ] Tx/Rx/MissedTx: 10/10/0
02:35.053	ID:7	[INFO: App       ] Sending request 10 to fd00::201:1:1:1
02:35.143	ID:1	[INFO: App       ] Received request 'hello 10' from fd00::207:7:7:7
02:35.143	ID:1	[INFO: App       ] Sending response.
02:35.234	ID:7	[INFO: App       ] Received response 'hello 10' from fd00::201:1:1:1
02:36.406	ID:12	[INFO: App       ] Sending request 9 to fd00::201:1:1:1
02:36.516	ID:1	[INFO: App       ] Received request 'hello 9' from fd00::20c:c:c:c
02:36.516	ID:1	[INFO: App       ] Sending response.
02:36.519	ID:11	[INFO: App       ] Sending request 11 to fd00::201:1:1:1
02:36.582	ID:1	[INFO: App       ] Received request 'hello 11' from fd00::20b:b:b:b
02:36.582	ID:1	[INFO: App       ] Sending response.
02:36.612	ID:15	[INFO: App       ] Tx/Rx/MissedTx: 10/10/0
02:36.612	ID:15	[INFO: App       ] Sending request 10 to fd00::201:1:1:1
02:36.654	ID:11	[INFO: App       ] Received response 'hello 11' from fd00::201:1:1:1
02:36.688	ID:12	[INFO: App       ] Received response 'hello 9' from fd00::201:1:1:1
02:36.793	ID:1	[INFO: App       ] Received request 'hello 10' from fd00::20f:f:f:f
02:36.793	ID:1	[INFO: App       ] Sending response.
02:36.852	ID:15	[INFO: App       ] Received response 'hello 10' from fd00::201:1:1:1
02:38.600	ID:3	[INFO: App       ] Sending request 12 to fd00::201:1:1:1
02:38.664	ID:1	[INFO: App       ] Received request 'hello 12' from fd00::203:3:3:3
02:38.664	ID:1	[INFO: App       ] Sending response.
02:38.715	ID:3	[INFO: App       ] Received response 'hello 12' from fd00::201:1:1:1
02:39.438	ID:6	[INFO: App       ] Sending request 11 to fd00::201:1:1:1
02:39.494	ID:1	[INFO: App       ] Received request 'hello 11' from fd00::206:6:6:6
02:39.494	ID:1	[INFO: App       ] Sending response.
02:39.587	ID:6	[INFO: App       ] Received response 'hello 11' from fd00::201:1:1:1
02:39.618	ID:10	[INFO: App       ] Tx/Rx/MissedTx: 10/10/0
02:39.618	ID:10	[INFO: App       ] Sending request 10 to fd00::201:1:1:1
02:39.662	ID:1	[INFO: App       ] Received request 'hello 10' from fd00::20a:a:a:a
02:39.662	ID:1	[INFO: App       ] Sending response.
02:39.733	ID:10	[INFO: App       ] Received response 'hello 10' from fd00::201:1:1:1
02:40.557	ID:2	[INFO: App       ] Sending request 12 to fd00::201:1:1:1
02:40.607	ID:1	[INFO: App       ] Received request 'hello 12' from fd00::202:2:2:2
02:40.607	ID:1	[INFO: App       ] Sending response.
02:40.632	ID:2	[INFO: App       ] Received response 'hello 12' from fd00::201:1:1:1
02:40.938	ID:5	[INFO: App       ] Sending request 13 to fd00::201:1:1:1
02:40.961	ID:1	[INFO: App       ] Received request 'hello 13' from fd00::205:5:5:5
02:40.961	ID:1	[INFO: App       ] Sending response.
02:40.974	ID:5	[INFO: App       ] Received response 'hello 13' from fd00::201:1:1:1
02:41.336	ID:13	[INFO: App       ] Tx/Rx/MissedTx: 10/10/0
02:41.336	ID:13	[INFO: App       ] Sending request 10 to fd00::201:1:1:1
02:41.405	ID:1	[INFO: App       ] Received request 'hello 10' from fd00::20d:d:d:d
02:41.405	ID:1	[INFO: App       ] Sending response.
02:41.462	ID:14	[INFO: App       ] Tx/Rx/MissedTx: 10/10/0
02:41.462	ID:14	[INFO: App       ] Sending request 10 to fd00::201:1:1:1
02:41.546	ID:13	[INFO: App       ] Received response 'hello 10' from fd00::201:1:1:1
02:41.569	ID:1	[INFO: App       ] Received request 'hello 10' from fd00::20e:e:e:e
02:41.569	ID:1	[INFO: App       ] Sending response.
02:41.669	ID:14	[INFO: App       ] Received response 'hello 10' from fd00::201:1:1:1
02:42.161	ID:8	[INFO: App       ] Sending request 11 to fd00::201:1:1:1
02:42.222	ID:1	[INFO: App       ] Received request 'hello 11' from fd00::208:8:8:8
02:42.222	ID:1	[INFO: App       ] Sending response.
02:42.256	ID:8	[INFO: App       ] Received response 'hello 11' from fd00::201:1:1:1
02:43.235	ID:4	[INFO: App       ] Sending request 13 to fd00::201:1:1:1
02:43.283	ID:1	[INFO: App       ] Received request 'hello 13' from fd00::204:4:4:4
02:43.283	ID:1	[INFO: App       ] Sending response.
02:43.311	ID:4	[INFO: App       ] Received response 'hello 13' from fd00::201:1:1:1
02:45.059	ID:9	[INFO: App       ] Sending request 11 to fd00::201:1:1:1
02:45.124	ID:1	[INFO: App       ] Received request 'hello 11' from fd00::209:9:9:9
02:45.124	ID:1	[INFO: App       ] Sending response.
02:45.190	ID:9	[INFO: App       ] Received response 'hello 11' from fd00::201:1:1:1
02:45.680	ID:7	[INFO: App       ] Sending request 11 to fd00::201:1:1:1
02:45.764	ID:1	[INFO: App       ] Received request 'hello 11' from fd00::207:7:7:7
02:45.764	ID:1	[INFO: App       ] Sending response.
02:45.830	ID:7	[INFO: App       ] Received response 'hello 11' from fd00::201:1:1:1
02:46.420	ID:15	[INFO: App       ] Sending request 11 to fd00::201:1:1:1
02:46.524	ID:1	[INFO: App       ] Received request 'hello 11' from fd00::20f:f:f:f
02:46.524	ID:1	[INFO: App       ] Sending response.
02:46.634	ID:11	[INFO: App       ] Sending request 12 to fd00::201:1:1:1
02:46.646	ID:15	[INFO: App       ] Received response 'hello 11' from fd00::201:1:1:1
02:46.672	ID:1	[INFO: App       ] Received request 'hello 12' from fd00::20b:b:b:b
02:46.672	ID:1	[INFO: App       ] Sending response.
02:46.738	ID:11	[INFO: App       ] Received response 'hello 12' from fd00::201:1:1:1
02:46.972	ID:12	[INFO: App       ] Tx/Rx/MissedTx: 10/10/0
02:46.972	ID:12	[INFO: App       ] Sending request 10 to fd00::201:1:1:1
02:47.086	ID:1	[INFO: App       ] Received request 'hello 10' from fd00::20c:c:c:c
02:47.086	ID:1	[INFO: App       ] Sending response.
02:47.160	ID:12	[INFO: App       ] Received response 'hello 10' from fd00::201:1:1:1
02:48.516	ID:6	[INFO: App       ] Sending request 12 to fd00::201:1:1:1
02:48.571	ID:1	[INFO: App       ] Received request 'hello 12' from fd00::206:6:6:6
02:48.571	ID:1	[INFO: App       ] Sending response.
02:48.639	ID:6	[INFO: App       ] Received response 'hello 12' from fd00::201:1:1:1
02:49.492	ID:3	[INFO: App       ] Sending request 13 to fd00::201:1:1:1
02:49.539	ID:1	[INFO: App       ] Received request 'hello 13' from fd00::203:3:3:3
02:49.539	ID:1	[INFO: App       ] Sending response.
02:49.596	ID:10	[INFO: App       ] Sending request 11 to fd00::201:1:1:1
02:49.648	ID:1	[INFO: App       ] Received request 'hello 11' from fd00::20a:a:a:a
02:49.648	ID:1	[INFO: App       ] Sending response.
02:49.657	ID:3	[INFO: App       ] Received response 'hello 13' from fd00::201:1:1:1
02:49.708	ID:10	[INFO: App       ] Received response 'hello 11' from fd00::201:1:1:1
02:49.757	ID:2	[INFO: App       ] Sending request 13 to fd00::201:1:1:1
02:49.780	ID:1	[INFO: App       ] Received request 'hello 13' from fd00::202:2:2:2
02:49.780	ID:1	[INFO: App       ] Sending response.
02:49.833	ID:2	[INFO: App       ] Received response 'hello 13' from fd00::201:1:1:1
02:50.577	ID:5	[INFO: App       ] Sending request 14 to fd00::201:1:1:1
02:50.630	ID:1	[INFO: App       ] Received request 'hello 14' from fd00::205:5:5:5
02:50.630	ID:1	[INFO: App       ] Sending response.
02:50.699	ID:5	[INFO: App       ] Received response 'hello 14' from fd00::201:1:1:1
02:50.863	ID:13	[INFO: App       ] Sending request 11 to fd00::201:1:1:1
02:50.944	ID:1	[INFO: App       ] Received request 'hello 11' from fd00::20d:d:d:d
02:50.944	ID:1	[INFO: App       ] Sending response.
02:51.054	ID:13	[INFO: App       ] Received response 'hello 11' from fd00::201:1:1:1
02:51.617	ID:14	[INFO: App       ] Sending request 11 to fd00::201:1:1:1
02:51.706	ID:1	[INFO: App       ] Received request 'hello 11' from fd00::20e:e:e:e
02:51.706	ID:1	[INFO: App       ] Sending response.
02:51.785	ID:14	[INFO: App       ] Received response 'hello 11' from fd00::201:1:1:1
02:52.879	ID:8	[INFO: App       ] Sending request 12 to fd00::201:1:1:1
02:52.981	ID:1	[INFO: App       ] Received request 'hello 12' from fd00::208:8:8:8
02:52.981	ID:1	[INFO: App       ] Sending response.
02:53.044	ID:8	[INFO: App       ] Received response 'hello 12' from fd00::201:1:1:1
02:53.864	ID:4	[INFO: App       ] Sending request 14 to fd00::201:1:1:1
02:53.918	ID:1	[INFO: App       ] Received request 'hello 14' from fd00::204:4:4:4
02:53.918	ID:1	[INFO: App       ] Sending response.
02:53.965	ID:4	[INFO: App       ] Received response 'hello 14' from fd00::201:1:1:1
02:54.857	ID:7	[INFO: App       ] Sending request 12 to fd00::201:1:1:1
02:54.927	ID:1	[INFO: App       ] Received request 'hello 12' from fd00::207:7:7:7
02:54.927	ID:1	[INFO: App       ] Sending response.
02:54.984	ID:7	[INFO: App       ] Received response 'hello 12' from fd00::201:1:1:1
02:55.265	ID:9	[INFO: App       ] Sending request 12 to fd00::201:1:1:1
02:55.301	ID:1	[INFO: App       ] Received request 'hello 12' from fd00::209:9:9:9
02:55.301	ID:1	[INFO: App       ] Sending response.
02:55.392	ID:9	[INFO: App       ] Received response 'hello 12' from fd00::201:1:1:1
02:56.727	ID:15	[INFO: App       ] Sending request 12 to fd00::201:1:1:1
02:56.830	ID:1	[INFO: App       ] Received request 'hello 12' from fd00::20f:f:f:f
02:56.830	ID:1	[INFO: App       ] Sending response.
02:56.931	ID:15	[INFO: App       ] Received response 'hello 12' from fd00::201:1:1:1
02:57.500	ID:11	[INFO: App       ] Sending request 13 to fd00::201:1:1:1
02:57.581	ID:1	[INFO: App       ] Received request 'hello 13' from fd00::20b:b:b:b
02:57.581	ID:1	[INFO: App       ] Sending response.
02:57.625	ID:11	[INFO: App       ] Received response 'hello 13' from fd00::201:1:1:1
02:57.892	ID:12	[INFO: App       ] Sending request 11 to fd00::201:1:1:1
02:58.017	ID:1	[INFO: App       ] Received request 'hello 11' from fd00::20c:c:c:c
02:58.017	ID:1	[INFO: App       ] Sending response.
02:58.090	ID:12	[INFO: App       ] Received response 'hello 11' from fd00::201:1:1:1
02:58.366	ID:6	[INFO: App       ] Sending request 13 to fd00::201:1:1:1
02:58.453	ID:1	[INFO: App       ] Received request 'hello 13' from fd00::206:6:6:6
02:58.453	ID:1	[INFO: App       ] Sending response.
02:58.554	ID:6	[INFO: App       ] Received response 'hello 13' from fd00::201:1:1:1
02:58.660	ID:3	[INFO: App       ] Sending request 14 to fd00::201:1:1:1
02:58.711	ID:1	[INFO: App       ] Received request 'hello 14' from fd00::203:3:3:3
02:58.711	ID:1	[INFO: App       ] Sending response.
02:58.743	ID:3	[INFO: App       ] Received response 'hello 14' from fd00::201:1:1:1
02:59.033	ID:2	[INFO: App       ] Sending request 14 to fd00::201:1:1:1
02:59.077	ID:1	[INFO: App       ] Received request 'hello 14' from fd00::202:2:2:2
02:59.077	ID:1	[INFO: App       ] Sending response.
02:59.093	ID:2	[INFO: App       ] Received response 'hello 14' from fd00::201:1:1:1
02:59.248	ID:10	[INFO: App       ] Sending request 12 to fd00::201:1:1:1
02:59.303	ID:1	[INFO: App       ] Received request 'hello 12' from fd00::20a:a:a:a
02:59.303	ID:1	[INFO: App       ] Sending response.
02:59.406	ID:10	[INFO: App       ] Received response 'hello 12' from fd00::201:1:1:1
03:00.085	ID:5	[INFO: App       ] Sending request 15 to fd00::201:1:1:1
03:00.134	ID:1	[INFO: App       ] Received request 'hello 15' from fd00::205:5:5:5
03:00.134	ID:1	[INFO: App       ] Sending response.
03:00.179	ID:5	[INFO: App       ] Received response 'hello 15' from fd00::201:1:1:1
03:01.000	ID:14	[INFO: App       ] Sending request 12 to fd00::201:1:1:1
03:01.108	ID:1	[INFO: App       ] Received request 'hello 12' from fd00::20e:e:e:e
03:01.108	ID:1	[INFO: App       ] Sending response.
03:01.222	ID:14	[INFO: App       ] Received response 'hello 12' from fd00::201:1:1:1
03:01.819	ID:13	[INFO: App       ] Sending request 12 to fd00::201:1:1:1
03:01.887	ID:1	[INFO: App       ] Received request 'hello 12' from fd00::20d:d:d:d
03:01.887	ID:1	[INFO: App       ] Sending response.
03:01.962	ID:13	[INFO: App       ] Received response 'hello 12' from fd00::201:1:1:1
03:02.506	ID:8	[INFO: App       ] Sending request 13 to fd00::201:1:1:1
03:02.561	ID:1	[INFO: App       ] Received request 'hello 13' from fd00::208:8:8:8
03:02.561	ID:1	[INFO: App       ] Sending response.
03:02.628	ID:8	[INFO: App       ] Received response 'hello 13' from fd00::201:1:1:1
03:03.076	ID:4	[INFO: App       ] Sending request 15 to fd00::201:1:1:1
03:03.130	ID:1	[INFO: App       ] Received request 'hello 15' from fd00::204:4:4:4
03:03.130	ID:1	[INFO: App       ] Sending response.
03:03.164	ID:4	[INFO: App       ] Received response 'hello 15' from fd00::201:1:1:1
03:05.137	ID:7	[INFO: App       ] Sending request 13 to fd00::201:1:1:1
03:05.218	ID:1	[INFO: App       ] Received request 'hello 13' from fd00::207:7:7:7
03:05.218	ID:1	[INFO: App       ] Sending response.
03:05.294	ID:7	[INFO: App       ] Received response 'hello 13' from fd00::201:1:1:1
03:05.613	ID:9	[INFO: App       ] Sending request 13 to fd00::201:1:1:1
03:05.694	ID:1	[INFO: App       ] Received request 'hello 13' from fd00::209:9:9:9
03:05.694	ID:1	[INFO: App       ] Sending response.
03:05.738	ID:9	[INFO: App       ] Received response 'hello 13' from fd00::201:1:1:1
03:05.762	ID:15	[INFO: App       ] Sending request 13 to fd00::201:1:1:1
03:05.847	ID:1	[INFO: App       ] Received request 'hello 13' from fd00::20f:f:f:f
03:05.847	ID:1	[INFO: App       ] Sending response.
03:05.938	ID:15	[INFO: App       ] Received response 'hello 13' from fd00::201:1:1:1
03:06.799	ID:11	[INFO: App       ] Sending request 14 to fd00::201:1:1:1
03:06.851	ID:1	[INFO: App       ] Received request 'hello 14' from fd00::20b:b:b:b
03:06.851	ID:1	[INFO: App       ] Sending response.
03:06.959	ID:11	[INFO: App       ] Received response 'hello 14' from fd00::201:1:1:1
03:07.784	ID:6	[INFO: App       ] Sending request 14 to fd00::201:1:1:1
03:07.856	ID:1	[INFO: App       ] Received request 'hello 14' from fd00::206:6:6:6
03:07.856	ID:1	[INFO: App       ] Sending response.
03:07.949	ID:6	[INFO: App       ] Received response 'hello 14' from fd00::201:1:1:1
03:08.036	ID:12	[INFO: App       ] Sending request 12 to fd00::201:1:1:1
03:08.118	ID:1	[INFO: App       ] Received request 'hello 12' from fd00::20c:c:c:c
03:08.118	ID:1	[INFO: App       ] Sending response.
03:08.200	ID:12	[INFO: App       ] Received response 'hello 12' from fd00::201:1:1:1
03:08.465	ID:10	[INFO: App       ] Sending request 13 to fd00::201:1:1:1
03:08.534	ID:1	[INFO: App       ] Received request 'hello 13' from fd00::20a:a:a:a
03:08.534	ID:1	[INFO: App       ] Sending response.
03:08.586	ID:10	[INFO: App       ] Received response 'hello 13' from fd00::201:1:1:1
03:08.787	ID:2	[INFO: App       ] Sending request 15 to fd00::201:1:1:1
03:08.836	ID:1	[INFO: App       ] Received request 'hello 15' from fd00::202:2:2:2
03:08.836	ID:1	[INFO: App       ] Sending response.
03:08.891	ID:2	[INFO: App       ] Received response 'hello 15' from fd00::201:1:1:1
03:09.201	ID:3	[INFO: App       ] Sending request 15 to fd00::201:1:1:1
03:09.231	ID:1	[INFO: App       ] Received request 'hello 15' from fd00::203:3:3:3
03:09.231	ID:1	[INFO: App       ] Sending response.
03:09.272	ID:3	[INFO: App       ] Received response 'hello 15' from fd00::201:1:1:1
03:09.671	ID:5	[INFO: App       ] Sending request 16 to fd00::201:1:1:1
03:09.714	ID:1	[INFO: App       ] Received request 'hello 16' from fd00::205:5:5:5
03:09.714	ID:1	[INFO: App       ] Sending response.
03:09.765	ID:5	[INFO: App       ] Received response 'hello 16' from fd00::201:1:1:1
03:10.405	ID:14	[INFO: App       ] Sending request 13 to fd00::201:1:1:1
03:10.533	ID:1	[INFO: App       ] Received request 'hello 13' from fd00::20e:e:e:e
03:10.533	ID:1	[INFO: App       ] Sending response.
03:10.596	ID:14	[INFO: App       ] Received response 'hello 13' from fd00::201:1:1:1
03:12.085	ID:4	[INFO: App       ] Sending request 16 to fd00::201:1:1:1
03:12.149	ID:1	[INFO: App       ] Received request 'hello 16' from fd00::204:4:4:4
03:12.149	ID:1	[INFO: App       ] Sending response.
03:12.177	ID:4	[INFO: App       ] Received response 'hello 16' from fd00::201:1:1:1
03:12.475	ID:13	[INFO: App       ] Sending request 13 to fd00::201:1:1:1
03:12.568	ID:1	[INFO: App       ] Received request 'hello 13' from fd00::20d:d:d:d
03:12.568	ID:1	[INFO: App       ] Sending response.
03:12.672	ID:13	[INFO: App       ] Received response 'hello 13' from fd00::201:1:1:1
03:13.357	ID:8	[INFO: App       ] Sending request 14 to fd00::201:1:1:1
03:13.438	ID:1	[INFO: App       ] Received request 'hello 14' from fd00::208:8:8:8
03:13.438	ID:1	[INFO: App       ] Sending response.
03:13.490	ID:8	[INFO: App       ] Received response 'hello 14' from fd00::201:1:1:1
03:14.250	ID:7	[INFO: App       ] Sending request 14 to fd00::201:1:1:1
03:14.341	ID:1	[INFO: App       ] Received request 'hello 14' from fd00::207:7:7:7
03:14.341	ID:1	[INFO: App       ] Sending response.
03:14.421	ID:7	[INFO: App       ] Received response 'hello 14' from fd00::201:1:1:1
03:14.765	ID:15	[INFO: App       ] Sending request 14 to fd00::201:1:1:1
03:14.841	ID:1	[INFO: App       ] Received request 'hello 14' from fd00::20f:f:f:f
03:14.841	ID:1	[INFO: App       ] Sending response.
03:14.954	ID:15	[INFO: App       ] Received response 'hello 14' from fd00::201:1:1:1
03:15.807	ID:9	[INFO: App       ] Sending request 14 to fd00::201:1:1:1
03:15.901	ID:1	[INFO: App       ] Received request 'hello 14' from fd00::209:9:9:9
03:15.901	ID:1	[INFO: App       ] Sending response.
03:15.946	ID:9	[INFO: App       ] Received response 'hello 14' from fd00::201:1:1:1
03:16.764	ID:11	[INFO: App       ] Sending request 15 to fd00::201:1:1:1
03:16.857	ID:1	[INFO: App       ] Received request 'hello 15' from fd00::20b:b:b:b
03:16.857	ID:1	[INFO: App       ] Sending response.
03:16.885	ID:6	[INFO: App       ] Sending request 15 to fd00::201:1:1:1
03:16.923	ID:11	[INFO: App       ] Received response 'hello 15' from fd00::201:1:1:1
03:16.993	ID:1	[INFO: App       ] Received request 'hello 15' from fd00::206:6:6:6
03:16.993	ID:1	[INFO: App       ] Sending response.
03:17.060	ID:6	[INFO: App       ] Received response 'hello 15' from fd00::201:1:1:1
03:18.395	ID:3	[INFO: App       ] Sending request 16 to fd00::201:1:1:1
03:18.451	ID:1	[INFO: App       ] Received request 'hello 16' from fd00::203:3:3:3
03:18.451	ID:1	[INFO: App       ] Sending response.
03:18.524	ID:3	[INFO: App       ] Received response 'hello 16' from fd00::201:1:1:1
03:18.577	ID:12	[INFO: App       ] Sending request 13 to fd00::201:1:1:1
03:18.703	ID:1	[INFO: App       ] Received request 'hello 13' from fd00::20c:c:c:c
03:18.703	ID:1	[INFO: App       ] Sending response.
03:18.773	ID:10	[INFO: App       ] Sending request 14 to fd00::201:1:1:1
03:18.786	ID:12	[INFO: App       ] Received response 'hello 13' from fd00::201:1:1:1
03:18.819	ID:1	[INFO: App       ] Received request 'hello 14' from fd00::20a:a:a:a
03:18.819	ID:1	[INFO: App       ] Sending response.
03:18.879	ID:2	[INFO: App       ] Sending request 16 to fd00::201:1:1:1
03:18.886	ID:10	[INFO: App       ] Received response 'hello 14' from fd00::201:1:1:1
03:18.902	ID:1	[INFO: App       ] Received request 'hello 16' from fd00::202:2:2:2
03:18.902	ID:1	[INFO: App       ] Sending response.
03:18.971	ID:2	[INFO: App       ] Received response 'hello 16' from fd00::201:1:1:1
03:19.747	ID:5	[INFO: App       ] Sending request 17 to fd00::201:1:1:1
03:19.770	ID:1	[INFO: App       ] Received request 'hello 17' from fd00::205:5:5:5
03:19.770	ID:1	[INFO: App       ] Sending response.
03:19.837	ID:5	[INFO: App       ] Received response 'hello 17' from fd00::201:1:1:1
03:20.351	ID:14	[INFO: App       ] Sending request 14 to fd00::201:1:1:1
03:20.445	ID:1	[INFO: App       ] Received request 'hello 14' from fd00::20e:e:e:e
03:20.445	ID:1	[INFO: App       ] Sending response.
03:20.560	ID:14	[INFO: App       ] Received response 'hello 14' from fd00::201:1:1:1
03:21.719	ID:13	[INFO: App       ] Sending request 14 to fd00::201:1:1:1
03:21.820	ID:1	[INFO: App       ] Received request 'hello 14' from fd00::20d:d:d:d
03:21.820	ID:1	[INFO: App       ] Sending response.
03:21.926	ID:13	[INFO: App       ] Received response 'hello 14' from fd00::201:1:1:1
03:22.800	ID:4	[INFO: App       ] Sending request 17 to fd00::201:1:1:1
03:22.845	ID:1	[INFO: App       ] Received request 'hello 17' from fd00::204:4:4:4
03:22.845	ID:1	[INFO: App       ] Sending response.
03:22.892	ID:4	[INFO: App       ] Received response 'hello 17' from fd00::201:1:1:1
03:23.851	ID:7	[INFO: App       ] Sending request 15 to fd00::201:1:1:1
03:23.899	ID:1	[INFO: App       ] Received request 'hello 15' from fd00::207:7:7:7
03:23.899	ID:1	[INFO: App       ] Sending response.
03:23.992	ID:7	[INFO: App       ] Received response 'hello 15' from fd00::201:1:1:1
03:24.137	ID:15	[INFO: App       ] Sending request 15 to fd00::201:1:1:1
03:24.231	ID:1	[INFO: App       ] Received request 'hello 15' from fd00::20f:f:f:f
03:24.231	ID:1	[INFO: App       ] Sending response.
03:24.309	ID:8	[INFO: App       ] Sending request 15 to fd00::201:1:1:1
03:24.312	ID:15	[INFO: App       ] Received response 'hello 15' from fd00::201:1:1:1
03:24.367	ID:1	[INFO: App       ] Received request 'hello 15' from fd00::208:8:8:8
03:24.367	ID:1	[INFO: App       ] Sending response.
03:24.479	ID:8	[INFO: App       ] Received response 'hello 15' from fd00::201:1:1:1
03:25.318	ID:9	[INFO: App       ] Sending request 15 to fd00::201:1:1:1
03:25.387	ID:1	[INFO: App       ] Received request 'hello 15' from fd00::209:9:9:9
03:25.387	ID:1	[INFO: App       ] Sending response.
03:25.462	ID:9	[INFO: App       ] Received response 'hello 15' from fd00::201:1:1:1
03:25.995	ID:6	[INFO: App       ] Sending request 16 to fd00::201:1:1:1
03:26.085	ID:1	[INFO: App       ] Received request 'hello 16' from fd00::206:6:6:6
03:26.085	ID:1	[INFO: App       ] Sending response.
03:26.133	ID:6	[INFO: App       ] Received response 'hello 16' from fd00::201:1:1:1
03:26.670	ID:11	[INFO: App       ] Sending request 16 to fd00::201:1:1:1
03:26.717	ID:1	[INFO: App       ] Received request 'hello 16' from fd00::20b:b:b:b
03:26.717	ID:1	[INFO: App       ] Sending response.
03:26.766	ID:11	[INFO: App       ] Received response 'hello 16' from fd00::201:1:1:1
03:28.103	ID:3	[INFO: App       ] Sending request 17 to fd00::201:1:1:1
03:28.170	ID:1	[INFO: App       ] Received request 'hello 17' from fd00::203:3:3:3
03:28.170	ID:1	[INFO: App       ] Sending response.
03:28.223	ID:3	[INFO: App       ] Received response 'hello 17' from fd00::201:1:1:1
03:28.346	ID:10	[INFO: App       ] Sending request 15 to fd00::201:1:1:1
03:28.433	ID:1	[INFO: App       ] Received request 'hello 15' from fd00::20a:a:a:a
03:28.433	ID:1	[INFO: App       ] Sending response.
03:28.449	ID:2	[INFO: App       ] Sending request 17 to fd00::201:1:1:1
03:28.484	ID:1	[INFO: App       ] Received request 'hello 17' from fd00::202:2:2:2
03:28.484	ID:1	[INFO: App       ] Sending response.
03:28.529	ID:10	[INFO: App       ] Received response 'hello 15' from fd00::201:1:1:1
03:28.542	ID:2	[INFO: App       ] Received response 'hello 17' from fd00::201:1:1:1
03:28.697	ID:12	[INFO: App       ] Sending request 14 to fd00::201:1:1:1
03:28.809	ID:1	[INFO: App       ] Received request 'hello 14' from fd00::20c:c:c:c
03:28.809	ID:1	[INFO: App       ] Sending response.
03:28.897	ID:12	[INFO: App       ] Received response 'hello 14' from fd00::201:1:1:1
03:29.464	ID:5	[INFO: App       ] Sending request 18 to fd00::201:1:1:1
03:29.494	ID:1	[INFO: App       ] Received request 'hello 18' from fd00::205:5:5:5
03:29.494	ID:1	[INFO: App       ] Sending response.
03:29.505	ID:14	[INFO: App       ] Sending request 15 to fd00::201:1:1:1
03:29.534	ID:5	[INFO: App       ] Received response 'hello 18' from fd00::201:1:1:1
03:29.603	ID:1	[INFO: App       ] Received request 'hello 15' from fd00::20e:e:e:e
03:29.603	ID:1	[INFO: App       ] Sending response.
03:29.695	ID:14	[INFO: App       ] Received response 'hello 15' from fd00::201:1:1:1
03:31.560	ID:13	[INFO: App       ] Sending request 15 to fd00::201:1:1:1
03:31.642	ID:1	[INFO: App       ] Received request 'hello 15' from fd00::20d:d:d:d
03:31.642	ID:1	[INFO: App       ] Sending response.
03:31.732	ID:13	[INFO: App       ] Received response 'hello 15' from fd00::201:1:1:1
03:32.669	ID:4	[INFO: App       ] Sending request 18 to fd00::201:1:1:1
03:32.712	ID:1	[INFO: App       ] Received request 'hello 18' from fd00::204:4:4:4
03:32.712	ID:1	[INFO: App       ] Sending response.
03:32.726	ID:4	[INFO: App       ] Received response 'hello 18' from fd00::201:1:1:1
03:33.209	ID:15	[INFO: App       ] Sending request 16 to fd00::201:1:1:1
03:33.328	ID:1	[INFO: App       ] Received request 'hello 16' from fd00::20f:f:f:f
03:33.328	ID:1	[INFO: App       ] Sending response.
03:33.438	ID:15	[INFO: App       ] Received response 'hello 16' from fd00::201:1:1:1
03:34.734	ID:7	[INFO: App       ] Sending request 16 to fd00::201:1:1:1
03:34.808	ID:9	[INFO: App       ] Sending request 16 to fd00::201:1:1:1
03:34.812	ID:1	[INFO: App       ] Received request 'hello 16' from fd00::207:7:7:7
03:34.812	ID:1	[INFO: App       ] Sending response.
03:34.934	ID:1	[INFO: App       ] Received request 'hello 16' from fd00::209:9:9:9
03:34.934	ID:1	[INFO: App       ] Sending response.
03:34.946	ID:7	[INFO: App       ] Received response 'hello 16' from fd00::201:1:1:1
03:35.006	ID:8	[INFO: App       ] Sending request 16 to fd00::201:1:1:1
03:35.064	ID:9	[INFO: App       ] Received response 'hello 16' from fd00::201:1:1:1
03:35.081	ID:1	[INFO: App       ] Received request 'hello 16' from fd00::208:8:8:8
03:35.081	ID:1	[INFO: App       ] Sending response.
03:35.106	ID:6	[INFO: App       ] Sending request 17 to fd00::201:1:1:1
03:35.140	ID:8	[INFO: App       ] Received response 'hello 16' from fd00::201:1:1:1
03:35.192	ID:1	[INFO: App       ] Received request 'hello 17' from fd00::206:6:6:6
03:35.192	ID:1	[INFO: App       ] Sending response.
03:35.251	ID:6	[INFO: App       ] Received response 'hello 17' from fd00::201:1:1:1
03:35.911	ID:11	[INFO: App       ] Sending request 17 to fd00::201:1:1:1
03:36.004	ID:1	[INFO: App       ] Received request 'hello 17' from fd00::20b:b:b:b
03:36.004	ID:1	[INFO: App       ] Sending response.
03:36.053	ID:11	[INFO: App       ] Received response 'hello 17' from fd00::201:1:1:1
03:37.342	ID:3	[INFO: App       ] Sending request 18 to fd00::201:1:1:1
03:37.359	ID:1	[INFO: App       ] Received request 'hello 18' from fd00::203:3:3:3
03:37.359	ID:1	[INFO: App       ] Sending response.
03:37.395	ID:3	[INFO: App       ] Received response 'hello 18' from fd00::201:1:1:1
03:38.397	ID:10	[INFO: App       ] Sending request 16 to fd00::201:1:1:1
03:38.485	ID:1	[INFO: App       ] Received request 'hello 16' from fd00::20a:a:a:a
03:38.485	ID:1	[INFO: App       ] Sending response.
03:38.533	ID:10	[INFO: App       ] Received response 'hello 16' from fd00::201:1:1:1
03:38.742	ID:12	[INFO: App       ] Sending request 15 to fd00::201:1:1:1
03:38.855	ID:1	[INFO: App       ] Received request 'hello 15' from fd00::20c:c:c:c
03:38.855	ID:1	[INFO: App       ] Sending response.
03:38.946	ID:2	[INFO: App       ] Sending request 18 to fd00::201:1:1:1
03:38.965	ID:12	[INFO: App       ] Received response 'hello 15' from fd00::201:1:1:1
03:38.986	ID:1	[INFO: App       ] Received request 'hello 18' from fd00::202:2:2:2
03:38.986	ID:1	[INFO: App       ] Sending response.
03:39.008	ID:2	[INFO: App       ] Received response 'hello 18' from fd00::201:1:1:1
03:39.233	ID:14	[INFO: App       ] Sending request 16 to fd00::201:1:1:1
03:39.311	ID:1	[INFO: App       ] Received request 'hello 16' from fd00::20e:e:e:e
03:39.311	ID:1	[INFO: App       ] Sending response.
03:39.435	ID:14	[INFO: App       ] Received response 'hello 16' from fd00::201:1:1:1
03:39.809	ID:5	[INFO: App       ] Sending request 19 to fd00::201:1:1:1
03:39.839	ID:1	[INFO: App       ] Received request 'hello 19' from fd00::205:5:5:5
03:39.839	ID:1	[INFO: App       ] Sending response.
03:39.908	ID:5	[INFO: App       ] Received response 'hello 19' from fd00::201:1:1:1
03:41.904	ID:13	[INFO: App       ] Sending request 16 to fd00::201:1:1:1
03:41.978	ID:1	[INFO: App       ] Received request 'hello 16' from fd00::20d:d:d:d
03:41.978	ID:1	[INFO: App       ] Sending response.
03:42.137	ID:13	[INFO: App       ] Received response 'hello 16' from fd00::201:1:1:1
03:43.199	ID:4	[INFO: App       ] Sending request 19 to fd00::201:1:1:1
03:43.251	ID:1	[INFO: App       ] Received request 'hello 19' from fd00::204:4:4:4
03:43.251	ID:1	[INFO: App       ] Sending response.
03:43.296	ID:15	[INFO: App       ] Sending request 17 to fd00::201:1:1:1
03:43.311	ID:4	[INFO: App       ] Received response 'hello 19' from fd00::201:1:1:1
03:43.403	ID:1	[INFO: App       ] Received request 'hello 17' from fd00::20f:f:f:f
03:43.403	ID:1	[INFO: App       ] Sending response.
03:43.465	ID:15	[INFO: App       ] Received response 'hello 17' from fd00::201:1:1:1
03:44.220	ID:7	[INFO: App       ] Sending request 17 to fd00::201:1:1:1
03:44.332	ID:1	[INFO: App       ] Received request 'hello 17' from fd00::207:7:7:7
03:44.332	ID:1	[INFO: App       ] Sending response.
03:44.391	ID:7	[INFO: App       ] Received response 'hello 17' from fd00::201:1:1:1
03:44.480	ID:8	[INFO: App       ] Sending request 17 to fd00::201:1:1:1
03:44.543	ID:1	[INFO: App       ] Received request 'hello 17' from fd00::208:8:8:8
03:44.543	ID:1	[INFO: App       ] Sending response.
03:44.625	ID:8	[INFO: App       ] Received response 'hello 17' from fd00::201:1:1:1
03:45.076	ID:9	[INFO: App       ] Sending request 17 to fd00::201:1:1:1
03:45.139	ID:1	[INFO: App       ] Received request 'hello 17' from fd00::209:9:9:9
03:45.139	ID:1	[INFO: App       ] Sending response.
03:45.246	ID:9	[INFO: App       ] Received response 'hello 17' from fd00::201:1:1:1
03:45.414	ID:11	[INFO: App       ] Sending request 18 to fd00::201:1:1:1
03:45.464	ID:1	[INFO: App       ] Received request 'hello 18' from fd00::20b:b:b:b
03:45.464	ID:1	[INFO: App       ] Sending response.
03:45.545	ID:11	[INFO: App       ] Received response 'hello 18' from fd00::201:1:1:1
03:45.666	ID:6	[INFO: App       ] Sending request 18 to fd00::201:1:1:1
03:45.729	ID:1	[INFO: App       ] Received request 'hello 18' from fd00::206:6:6:6
03:45.729	ID:1	[INFO: App       ] Sending response.
03:45.846	ID:6	[INFO: App       ] Received response 'hello 18' from fd00::201:1:1:1
03:46.391	ID:3	[INFO: App       ] Sending request 19 to fd00::201:1:1:1
03:46.452	ID:1	[INFO: App       ] Received request 'hello 19' from fd00::203:3:3:3
03:46.452	ID:1	[INFO: App       ] Sending response.
03:46.496	ID:3	[INFO: App       ] Received response 'hello 19' from fd00::201:1:1:1
03:47.952	ID:10	[INFO: App       ] Sending request 17 to fd00::201:1:1:1
03:48.059	ID:1	[INFO: App       ] Received request 'hello 17' from fd00::20a:a:a:a
03:48.059	ID:1	[INFO: App       ] Sending response.
03:48.124	ID:12	[INFO: App       ] Sending request 16 to fd00::201:1:1:1
03:48.127	ID:10	[INFO: App       ] Received response 'hello 17' from fd00::201:1:1:1
03:48.230	ID:1	[INFO: App       ] Received request 'hello 16' from fd00::20c:c:c:c
03:48.230	ID:1	[INFO: App       ] Sending response.
03:48.293	ID:12	[INFO: App       ] Received response 'hello 16' from fd00::201:1:1:1
03:48.436	ID:2	[INFO: App       ] Sending request 19 to fd00::201:1:1:1
03:48.471	ID:1	[INFO: App       ] Received request 'hello 19' from fd00::202:2:2:2
03:48.471	ID:1	[INFO: App       ] Sending response.
03:48.507	ID:2	[INFO: App       ] Received response 'hello 19' from fd00::201:1:1:1
03:50.037	ID:14	[INFO: App       ] Sending request 17 to fd00::201:1:1:1
03:50.105	ID:1	[INFO: App       ] Received request 'hello 17' from fd00::20e:e:e:e
03:50.105	ID:1	[INFO: App       ] Sending response.
03:50.178	ID:14	[INFO: App       ] Received response 'hello 17' from fd00::201:1:1:1
03:50.633	ID:5	[INFO: App       ] Tx/Rx/MissedTx: 20/20/0
03:50.633	ID:5	[INFO: App       ] Sending request 20 to fd00::201:1:1:1
03:50.694	ID:1	[INFO: App       ] Received request 'hello 20' from fd00::205:5:5:5
03:50.694	ID:1	[INFO: App       ] Sending response.
03:50.746	ID:5	[INFO: App       ] Received response 'hello 20' from fd00::201:1:1:1
03:51.493	ID:13	[INFO: App       ] Sending request 17 to fd00::201:1:1:1
03:51.572	ID:1	[INFO: App       ] Received request 'hello 17' from fd00::20d:d:d:d
03:51.572	ID:1	[INFO: App       ] Sending response.
03:51.723	ID:13	[INFO: App       ] Received response 'hello 17' from fd00::201:1:1:1
03:52.521	ID:15	[INFO: App       ] Sending request 18 to fd00::201:1:1:1
03:52.619	ID:1	[INFO: App       ] Received request 'hello 18' from fd00::20f:f:f:f
03:52.619	ID:1	[INFO: App       ] Sending response.
03:52.686	ID:15	[INFO: App       ] Received response 'hello 18' from fd00::201:1:1:1
03:54.178	ID:4	[INFO: App       ] Tx/Rx/MissedTx: 20/20/0
03:54.178	ID:4	[INFO: App       ] Sending request 20 to fd00::201:1:1:1
03:54.224	ID:1	[INFO: App       ] Received request 'hello 20' from fd00::204:4:4:4
03:54.224	ID:1	[INFO: App       ] Sending response.
03:54.258	ID:4	[INFO: App       ] Received response 'hello 20' from fd00::201:1:1:1
03:54.605	ID:7	[INFO: App       ] Sending request 18 to fd00::201:1:1:1
03:54.641	ID:1	[INFO: App       ] Received request 'hello 18' from fd00::207:7:7:7
03:54.641	ID:1	[INFO: App       ] Sending response.
03:54.708	ID:7	[INFO: App       ] Received response 'hello 18' from fd00::201:1:1:1
03:55.459	ID:8	[INFO: App       ] Sending request 18 to fd00::201:1:1:1
03:55.515	ID:1	[INFO: App       ] Received request 'hello 18' from fd00::208:8:8:8
03:55.515	ID:1	[INFO: App       ] Sending response.
03:55.617	ID:8	[INFO: App       ] Received response 'hello 18' from fd00::201:1:1:1
03:55.665	ID:9	[INFO: App       ] Sending request 18 to fd00::201:1:1:1
03:55.752	ID:1	[INFO: App       ] Received request 'hello 18' from fd00::209:9:9:9
03:55.752	ID:1	[INFO: App       ] Sending response.
03:55.814	ID:9	[INFO: App       ] Received response 'hello 18' from fd00::201:1:1:1
03:56.331	ID:11	[INFO: App       ] Sending request 19 to fd00::201:1:1:1
03:56.360	ID:1	[INFO: App       ] Received request 'hello 19' from fd00::20b:b:b:b
03:56.360	ID:1	[INFO: App       ] Sending response.
03:56.390	ID:6	[INFO: App       ] Sending request 19 to fd00::201:1:1:1
03:56.442	ID:1	[INFO: App       ] Received request 'hello 19' from fd00::206:6:6:6
03:56.442	ID:1	[INFO: App       ] Sending response.
03:56.449	ID:11	[INFO: App       ] Received response 'hello 19' from fd00::201:1:1:1
03:56.513	ID:3	[INFO: App       ] Tx/Rx/MissedTx: 20/20/0
03:56.513	ID:3	[INFO: App       ] Sending request 20 to fd00::201:1:1:1
03:56.516	ID:6	[INFO: App       ] Received response 'hello 19' from fd00::201:1:1:1
03:56.595	ID:1	[INFO: App       ] Received request 'hello 20' from fd00::203:3:3:3
03:56.595	ID:1	[INFO: App       ] Sending response.
03:56.663	ID:3	[INFO: App       ] Received response 'hello 20' from fd00::201:1:1:1
03:56.980	ID:10	[INFO: App       ] Sending request 18 to fd00::201:1:1:1
03:57.050	ID:1	[INFO: App       ] Received request 'hello 18' from fd00::20a:a:a:a
03:57.050	ID:1	[INFO: App       ] Sending response.
03:57.148	ID:10	[INFO: App       ] Received response 'hello 18' from fd00::201:1:1:1
03:57.521	ID:12	[INFO: App       ] Sending request 17 to fd00::201:1:1:1
03:57.672	ID:1	[INFO: App       ] Received request 'hello 17' from fd00::20c:c:c:c
03:57.672	ID:1	[INFO: App       ] Sending response.
03:57.800	ID:12	[INFO: App       ] Received response 'hello 17' from fd00::201:1:1:1
03:58.880	ID:2	[INFO: App       ] Tx/Rx/MissedTx: 20/20/0
03:58.880	ID:2	[INFO: App       ] Sending request 20 to fd00::201:1:1:1
03:58.921	ID:1	[INFO: App       ] Received request 'hello 20' from fd00::202:2:2:2
03:58.921	ID:1	[INFO: App       ] Sending response.
03:58.973	ID:2	[INFO: App       ] Received response 'hello 20' from fd00::201:1:1:1
03:59.657	ID:5	[INFO: App       ] Sending request 21 to fd00::201:1:1:1
03:59.736	ID:1	[INFO: App       ] Received request 'hello 21' from fd00::205:5:5:5
03:59.736	ID:1	[INFO: App       ] Sending response.
03:59.809	ID:5	[INFO: App       ] Received response 'hello 21' from fd00::201:1:1:1
04:00.703	ID:16	[WARN: BLACKHOLE ] BLACKHOLE ATTACK: enabled
04:00.955	ID:14	[INFO: App       ] Sending request 18 to fd00::201:1:1:1
04:01.026	ID:16	[WARN: IPv6      ] BLACKHOLE: forward check hit
04:01.026	ID:16	[WARN: IPv6      ] BLACKHOLE: dropping forwarded packet
04:01.413	ID:13	[INFO: App       ] Sending request 18 to fd00::201:1:1:1
04:01.495	ID:16	[WARN: IPv6      ] BLACKHOLE: forward check hit
04:01.495	ID:16	[WARN: IPv6      ] BLACKHOLE: dropping forwarded packet
04:02.823	ID:15	[INFO: App       ] Sending request 19 to fd00::201:1:1:1
04:02.876	ID:16	[WARN: IPv6      ] BLACKHOLE: forward check hit
04:02.876	ID:16	[WARN: IPv6      ] BLACKHOLE: dropping forwarded packet
04:03.699	ID:4	[INFO: App       ] Sending request 21 to fd00::201:1:1:1
04:03.715	ID:16	[WARN: IPv6      ] BLACKHOLE: forward check hit
04:03.715	ID:16	[WARN: IPv6      ] BLACKHOLE: dropping forwarded packet
04:05.318	ID:7	[INFO: App       ] Sending request 19 to fd00::201:1:1:1
04:05.368	ID:16	[WARN: IPv6      ] BLACKHOLE: forward check hit
04:05.368	ID:16	[WARN: IPv6      ] BLACKHOLE: dropping forwarded packet
04:05.431	ID:6	[INFO: App       ] Tx/Rx/MissedTx: 20/20/0
04:05.431	ID:6	[INFO: App       ] Sending request 20 to fd00::201:1:1:1
04:05.461	ID:8	[INFO: App       ] Sending request 19 to fd00::201:1:1:1
04:05.489	ID:16	[WARN: IPv6      ] BLACKHOLE: forward check hit
04:05.489	ID:16	[WARN: IPv6      ] BLACKHOLE: dropping forwarded packet
04:05.497	ID:16	[WARN: IPv6      ] BLACKHOLE: forward check hit
04:05.497	ID:16	[WARN: IPv6      ] BLACKHOLE: dropping forwarded packet
04:05.648	ID:9	[INFO: App       ] Sending request 19 to fd00::201:1:1:1
04:05.705	ID:16	[WARN: IPv6      ] BLACKHOLE: forward check hit
04:05.705	ID:16	[WARN: IPv6      ] BLACKHOLE: dropping forwarded packet
04:06.076	ID:3	[INFO: App       ] Sending request 21 to fd00::201:1:1:1
04:06.098	ID:16	[WARN: IPv6      ] BLACKHOLE: forward check hit
04:06.098	ID:16	[WARN: IPv6      ] BLACKHOLE: dropping forwarded packet
04:06.835	ID:12	[INFO: App       ] Sending request 18 to fd00::201:1:1:1
04:06.861	ID:10	[INFO: App       ] Sending request 19 to fd00::201:1:1:1
04:06.914	ID:16	[WARN: IPv6      ] BLACKHOLE: forward check hit
04:06.914	ID:16	[WARN: IPv6      ] BLACKHOLE: dropping forwarded packet
04:06.927	ID:16	[WARN: IPv6      ] BLACKHOLE: forward check hit
04:06.927	ID:16	[WARN: IPv6      ] BLACKHOLE: dropping forwarded packet
04:07.262	ID:11	[INFO: App       ] Tx/Rx/MissedTx: 20/20/0
04:07.262	ID:11	[INFO: App       ] Sending request 20 to fd00::201:1:1:1
04:07.291	ID:16	[WARN: IPv6      ] BLACKHOLE: forward check hit
04:07.291	ID:16	[WARN: IPv6      ] BLACKHOLE: dropping forwarded packet
04:08.039	ID:2	[INFO: App       ] Sending request 21 to fd00::201:1:1:1
04:08.082	ID:16	[WARN: IPv6      ] BLACKHOLE: forward check hit
04:08.082	ID:16	[WARN: IPv6      ] BLACKHOLE: dropping forwarded packet
04:10.108	ID:14	[INFO: App       ] Sending request 19 to fd00::201:1:1:1
04:10.186	ID:16	[WARN: IPv6      ] BLACKHOLE: forward check hit
04:10.186	ID:16	[WARN: IPv6      ] BLACKHOLE: dropping forwarded packet
04:10.462	ID:5	[INFO: App       ] Sending request 22 to fd00::201:1:1:1
04:10.470	ID:16	[WARN: IPv6      ] BLACKHOLE: forward check hit
04:10.470	ID:16	[WARN: IPv6      ] BLACKHOLE: dropping forwarded packet
04:12.295	ID:13	[INFO: App       ] Sending request 19 to fd00::201:1:1:1
04:12.379	ID:16	[WARN: IPv6      ] BLACKHOLE: forward check hit
04:12.379	ID:16	[WARN: IPv6      ] BLACKHOLE: dropping forwarded packet
04:12.443	ID:15	[INFO: App       ] Tx/Rx/MissedTx: 20/19/0
04:12.443	ID:15	[INFO: App       ] Sending request 20 to fd00::201:1:1:1
04:12.481	ID:16	[WARN: IPv6      ] BLACKHOLE: forward check hit
04:12.481	ID:16	[WARN: IPv6      ] BLACKHOLE: dropping forwarded packet
04:14.465	ID:4	[INFO: App       ] Sending request 22 to fd00::201:1:1:1
04:14.505	ID:16	[WARN: IPv6      ] BLACKHOLE: forward check hit
04:14.505	ID:16	[WARN: IPv6      ] BLACKHOLE: dropping forwarded packet
04:15.336	ID:3	[INFO: App       ] Sending request 22 to fd00::201:1:1:1
04:15.368	ID:16	[WARN: IPv6      ] BLACKHOLE: forward check hit
04:15.368	ID:16	[WARN: IPv6      ] BLACKHOLE: dropping forwarded packet
04:15.734	ID:8	[INFO: App       ] Tx/Rx/MissedTx: 20/19/0
04:15.734	ID:8	[INFO: App       ] Sending request 20 to fd00::201:1:1:1
04:15.791	ID:16	[WARN: IPv6      ] BLACKHOLE: forward check hit
04:15.791	ID:16	[WARN: IPv6      ] BLACKHOLE: dropping forwarded packet
04:15.816	ID:9	[INFO: App       ] Tx/Rx/MissedTx: 20/19/0
04:15.816	ID:9	[INFO: App       ] Sending request 20 to fd00::201:1:1:1
04:15.857	ID:16	[WARN: IPv6      ] BLACKHOLE: forward check hit
04:15.857	ID:16	[WARN: IPv6      ] BLACKHOLE: dropping forwarded packet
04:16.037	ID:12	[INFO: App       ] Sending request 19 to fd00::201:1:1:1
04:16.144	ID:16	[WARN: IPv6      ] BLACKHOLE: forward check hit
04:16.144	ID:16	[WARN: IPv6      ] BLACKHOLE: dropping forwarded packet
04:16.236	ID:7	[INFO: App       ] Tx/Rx/MissedTx: 20/19/0
04:16.236	ID:7	[INFO: App       ] Sending request 20 to fd00::201:1:1:1
04:16.289	ID:16	[WARN: IPv6      ] BLACKHOLE: forward check hit
04:16.289	ID:16	[WARN: IPv6      ] BLACKHOLE: dropping forwarded packet
04:16.363	ID:6	[INFO: App       ] Sending request 21 to fd00::201:1:1:1
04:16.410	ID:16	[WARN: IPv6      ] BLACKHOLE: forward check hit
04:16.410	ID:16	[WARN: IPv6      ] BLACKHOLE: dropping forwarded packet
04:16.565	ID:11	[INFO: App       ] Sending request 21 to fd00::201:1:1:1
04:16.607	ID:16	[WARN: IPv6      ] BLACKHOLE: forward check hit
04:16.607	ID:16	[WARN: IPv6      ] BLACKHOLE: dropping forwarded packet
04:17.044	ID:2	[INFO: App       ] Sending request 22 to fd00::201:1:1:1
04:17.070	ID:16	[WARN: IPv6      ] BLACKHOLE: forward check hit
04:17.070	ID:16	[WARN: IPv6      ] BLACKHOLE: dropping forwarded packet
04:17.731	ID:10	[INFO: App       ] Tx/Rx/MissedTx: 20/19/0
04:17.731	ID:10	[INFO: App       ] Sending request 20 to fd00::201:1:1:1
04:17.772	ID:16	[WARN: IPv6      ] BLACKHOLE: forward check hit
04:17.772	ID:16	[WARN: IPv6      ] BLACKHOLE: dropping forwarded packet
04:20.129	ID:5	[INFO: App       ] Sending request 23 to fd00::201:1:1:1
04:20.173	ID:16	[WARN: IPv6      ] BLACKHOLE: forward check hit
04:20.173	ID:16	[WARN: IPv6      ] BLACKHOLE: dropping forwarded packet
04:20.872	ID:14	[INFO: App       ] Tx/Rx/MissedTx: 20/18/0
04:20.872	ID:14	[INFO: App       ] Sending request 20 to fd00::201:1:1:1
04:20.964	ID:16	[WARN: IPv6      ] BLACKHOLE: forward check hit
04:20.964	ID:16	[WARN: IPv6      ] BLACKHOLE: dropping forwarded packet
04:21.795	ID:13	[INFO: App       ] Tx/Rx/MissedTx: 20/18/0
04:21.795	ID:13	[INFO: App       ] Sending request 20 to fd00::201:1:1:1
04:21.882	ID:16	[WARN: IPv6      ] BLACKHOLE: forward check hit
04:21.882	ID:16	[WARN: IPv6      ] BLACKHOLE: dropping forwarded packet
04:21.897	ID:15	[INFO: App       ] Sending request 21 to fd00::201:1:1:1
04:21.956	ID:16	[WARN: IPv6      ] BLACKHOLE: forward check hit
04:21.956	ID:16	[WARN: IPv6      ] BLACKHOLE: dropping forwarded packet
04:23.816	ID:4	[INFO: App       ] Sending request 23 to fd00::201:1:1:1
04:23.856	ID:16	[WARN: IPv6      ] BLACKHOLE: forward check hit
04:23.856	ID:16	[WARN: IPv6      ] BLACKHOLE: dropping forwarded packet
04:24.770	ID:3	[INFO: App       ] Sending request 23 to fd00::201:1:1:1
04:24.812	ID:16	[WARN: IPv6      ] BLACKHOLE: forward check hit
04:24.812	ID:16	[WARN: IPv6      ] BLACKHOLE: dropping forwarded packet
04:24.983	ID:8	[INFO: App       ] Sending request 21 to fd00::201:1:1:1
04:25.053	ID:16	[WARN: IPv6      ] BLACKHOLE: forward check hit
04:25.053	ID:16	[WARN: IPv6      ] BLACKHOLE: dropping forwarded packet
04:25.119	ID:12	[INFO: App       ] Tx/Rx/MissedTx: 20/18/0
04:25.119	ID:12	[INFO: App       ] Sending request 20 to fd00::201:1:1:1
04:25.181	ID:16	[WARN: IPv6      ] BLACKHOLE: forward check hit
04:25.181	ID:16	[WARN: IPv6      ] BLACKHOLE: dropping forwarded packet
04:25.976	ID:9	[INFO: App       ] Sending request 21 to fd00::201:1:1:1
04:26.000	ID:16	[WARN: IPv6      ] BLACKHOLE: forward check hit
04:26.000	ID:16	[WARN: IPv6      ] BLACKHOLE: dropping forwarded packet
04:26.147	ID:7	[INFO: App       ] Sending request 21 to fd00::201:1:1:1
04:26.199	ID:16	[WARN: IPv6      ] BLACKHOLE: forward check hit
04:26.199	ID:16	[WARN: IPv6      ] BLACKHOLE: dropping forwarded packet
04:26.802	ID:11	[INFO: App       ] Sending request 22 to fd00::201:1:1:1
04:26.829	ID:6	[INFO: App       ] Sending request 22 to fd00::201:1:1:1
04:26.839	ID:16	[WARN: IPv6      ] BLACKHOLE: forward check hit
04:26.839	ID:16	[WARN: IPv6      ] BLACKHOLE: dropping forwarded packet
04:26.878	ID:16	[WARN: IPv6      ] BLACKHOLE: forward check hit
04:26.878	ID:16	[WARN: IPv6      ] BLACKHOLE: dropping forwarded packet
04:26.990	ID:10	[INFO: App       ] Sending request 21 to fd00::201:1:1:1
04:27.037	ID:16	[WARN: IPv6      ] BLACKHOLE: forward check hit
04:27.037	ID:16	[WARN: IPv6      ] BLACKHOLE: dropping forwarded packet
04:28.005	ID:2	[INFO: App       ] Sending request 23 to fd00::201:1:1:1
04:28.040	ID:16	[WARN: IPv6      ] BLACKHOLE: forward check hit
04:28.040	ID:16	[WARN: IPv6      ] BLACKHOLE: dropping forwarded packet
04:29.546	ID:5	[INFO: App       ] Sending request 24 to fd00::201:1:1:1
04:29.583	ID:16	[WARN: IPv6      ] BLACKHOLE: forward check hit
04:29.583	ID:16	[WARN: IPv6      ] BLACKHOLE: dropping forwarded packet
04:30.382	ID:14	[INFO: App       ] Sending request 21 to fd00::201:1:1:1
04:30.448	ID:16	[WARN: IPv6      ] BLACKHOLE: forward check hit
04:30.448	ID:16	[WARN: IPv6      ] BLACKHOLE: dropping forwarded packet
04:31.837	ID:13	[INFO: App       ] Sending request 21 to fd00::201:1:1:1
04:31.848	ID:15	[INFO: App       ] Sending request 22 to fd00::201:1:1:1
04:31.909	ID:16	[WARN: IPv6      ] BLACKHOLE: forward check hit
04:31.909	ID:16	[WARN: IPv6      ] BLACKHOLE: dropping forwarded packet
04:32.011	ID:16	[WARN: IPv6      ] BLACKHOLE: forward check hit
04:32.011	ID:16	[WARN: IPv6      ] BLACKHOLE: dropping forwarded packet
04:33.551	ID:4	[INFO: App       ] Sending request 24 to fd00::201:1:1:1
04:33.585	ID:16	[WARN: IPv6      ] BLACKHOLE: forward check hit
04:33.585	ID:16	[WARN: IPv6      ] BLACKHOLE: dropping forwarded packet
04:35.212	ID:8	[INFO: App       ] Sending request 22 to fd00::201:1:1:1
04:35.269	ID:16	[WARN: IPv6      ] BLACKHOLE: forward check hit
04:35.269	ID:16	[WARN: IPv6      ] BLACKHOLE: dropping forwarded packet
04:35.720	ID:3	[INFO: App       ] Sending request 24 to fd00::201:1:1:1
04:35.726	ID:16	[WARN: IPv6      ] BLACKHOLE: forward check hit
04:35.726	ID:16	[WARN: IPv6      ] BLACKHOLE: dropping forwarded packet
04:36.060	ID:9	[INFO: App       ] Sending request 22 to fd00::201:1:1:1
04:36.070	ID:10	[INFO: App       ] Sending request 22 to fd00::201:1:1:1
04:36.085	ID:16	[WARN: IPv6      ] BLACKHOLE: forward check hit
04:36.085	ID:16	[WARN: IPv6      ] BLACKHOLE: dropping forwarded packet
04:36.098	ID:6	[INFO: App       ] Sending request 23 to fd00::201:1:1:1
04:36.113	ID:16	[WARN: IPv6      ] BLACKHOLE: forward check hit
04:36.113	ID:16	[WARN: IPv6      ] BLACKHOLE: dropping forwarded packet
04:36.116	ID:12	[INFO: App       ] Sending request 21 to fd00::201:1:1:1
04:36.176	ID:16	[WARN: IPv6      ] BLACKHOLE: forward check hit
04:36.176	ID:16	[WARN: IPv6      ] BLACKHOLE: dropping forwarded packet
04:36.225	ID:16	[WARN: IPv6      ] BLACKHOLE: forward check hit
04:36.225	ID:16	[WARN: IPv6      ] BLACKHOLE: dropping forwarded packet
04:36.710	ID:7	[INFO: App       ] Sending request 22 to fd00::201:1:1:1
04:36.780	ID:16	[WARN: IPv6      ] BLACKHOLE: forward check hit
04:36.780	ID:16	[WARN: IPv6      ] BLACKHOLE: dropping forwarded packet
04:37.661	ID:11	[INFO: App       ] Sending request 23 to fd00::201:1:1:1
04:37.708	ID:16	[WARN: IPv6      ] BLACKHOLE: forward check hit
04:37.708	ID:16	[WARN: IPv6      ] BLACKHOLE: dropping forwarded packet
04:37.838	ID:2	[INFO: App       ] Sending request 24 to fd00::201:1:1:1
04:37.844	ID:16	[WARN: IPv6      ] BLACKHOLE: forward check hit
04:37.844	ID:16	[WARN: IPv6      ] BLACKHOLE: dropping forwarded packet
04:39.240	ID:5	[INFO: App       ] Sending request 25 to fd00::201:1:1:1
04:39.282	ID:16	[WARN: IPv6      ] BLACKHOLE: forward check hit
04:39.282	ID:16	[WARN: IPv6      ] BLACKHOLE: dropping forwarded packet
04:40.278	ID:14	[INFO: App       ] Sending request 22 to fd00::201:1:1:1
04:40.323	ID:16	[WARN: IPv6      ] BLACKHOLE: forward check hit
04:40.323	ID:16	[WARN: IPv6      ] BLACKHOLE: dropping forwarded packet
04:41.287	ID:13	[INFO: App       ] Sending request 22 to fd00::201:1:1:1
04:41.336	ID:16	[WARN: IPv6      ] BLACKHOLE: forward check hit
04:41.336	ID:16	[WARN: IPv6      ] BLACKHOLE: dropping forwarded packet
04:41.620	ID:15	[INFO: App       ] Sending request 23 to fd00::201:1:1:1
04:41.689	ID:16	[WARN: IPv6      ] BLACKHOLE: forward check hit
04:41.689	ID:16	[WARN: IPv6      ] BLACKHOLE: dropping forwarded packet
04:43.576	ID:4	[INFO: App       ] Sending request 25 to fd00::201:1:1:1
04:43.581	ID:16	[WARN: IPv6      ] BLACKHOLE: forward check hit
04:43.581	ID:16	[WARN: IPv6      ] BLACKHOLE: dropping forwarded packet
04:44.347	ID:8	[INFO: App       ] Sending request 23 to fd00::201:1:1:1
04:44.416	ID:16	[WARN: IPv6      ] BLACKHOLE: forward check hit
04:44.416	ID:16	[WARN: IPv6      ] BLACKHOLE: dropping forwarded packet
04:45.607	ID:9	[INFO: App       ] Sending request 23 to fd00::201:1:1:1
04:45.678	ID:16	[WARN: IPv6      ] BLACKHOLE: forward check hit
04:45.678	ID:16	[WARN: IPv6      ] BLACKHOLE: dropping forwarded packet
04:45.728	ID:7	[INFO: App       ] Sending request 23 to fd00::201:1:1:1
04:45.780	ID:16	[WARN: IPv6      ] BLACKHOLE: forward check hit
04:45.780	ID:16	[WARN: IPv6      ] BLACKHOLE: dropping forwarded packet
04:45.841	ID:6	[INFO: App       ] Sending request 24 to fd00::201:1:1:1
04:45.875	ID:16	[WARN: IPv6      ] BLACKHOLE: forward check hit
04:45.875	ID:16	[WARN: IPv6      ] BLACKHOLE: dropping forwarded packet
04:46.261	ID:3	[INFO: App       ] Sending request 25 to fd00::201:1:1:1
04:46.289	ID:16	[WARN: IPv6      ] BLACKHOLE: forward check hit
04:46.289	ID:16	[WARN: IPv6      ] BLACKHOLE: dropping forwarded packet
04:46.750	ID:10	[INFO: App       ] Sending request 23 to fd00::201:1:1:1
04:46.797	ID:16	[WARN: IPv6      ] BLACKHOLE: forward check hit
04:46.797	ID:16	[WARN: IPv6      ] BLACKHOLE: dropping forwarded packet
04:46.998	ID:12	[INFO: App       ] Sending request 22 to fd00::201:1:1:1
04:47.035	ID:11	[INFO: App       ] Sending request 24 to fd00::201:1:1:1
04:47.079	ID:16	[WARN: IPv6      ] BLACKHOLE: forward check hit
04:47.079	ID:16	[WARN: IPv6      ] BLACKHOLE: dropping forwarded packet
04:47.100	ID:16	[WARN: IPv6      ] BLACKHOLE: forward check hit
04:47.100	ID:16	[WARN: IPv6      ] BLACKHOLE: dropping forwarded packet
04:48.374	ID:2	[INFO: App       ] Sending request 25 to fd00::201:1:1:1
04:48.389	ID:16	[WARN: IPv6      ] BLACKHOLE: forward check hit
04:48.389	ID:16	[WARN: IPv6      ] BLACKHOLE: dropping forwarded packet
04:49.386	ID:5	[INFO: App       ] Sending request 26 to fd00::201:1:1:1
04:49.414	ID:16	[WARN: IPv6      ] BLACKHOLE: forward check hit
04:49.414	ID:16	[WARN: IPv6      ] BLACKHOLE: dropping forwarded packet
04:49.710	ID:14	[INFO: App       ] Sending request 23 to fd00::201:1:1:1
04:49.766	ID:16	[WARN: IPv6      ] BLACKHOLE: forward check hit
04:49.766	ID:16	[WARN: IPv6      ] BLACKHOLE: dropping forwarded packet
04:52.278	ID:13	[INFO: App       ] Sending request 23 to fd00::201:1:1:1
04:52.370	ID:15	[INFO: App       ] Sending request 24 to fd00::201:1:1:1
04:52.394	ID:16	[WARN: IPv6      ] BLACKHOLE: forward check hit
04:52.394	ID:16	[WARN: IPv6      ] BLACKHOLE: dropping forwarded packet
04:52.497	ID:16	[WARN: IPv6      ] BLACKHOLE: forward check hit
04:52.497	ID:16	[WARN: IPv6      ] BLACKHOLE: dropping forwarded packet
04:54.136	ID:4	[INFO: App       ] Sending request 26 to fd00::201:1:1:1
04:54.155	ID:8	[INFO: App       ] Sending request 24 to fd00::201:1:1:1
04:54.160	ID:16	[WARN: IPv6      ] BLACKHOLE: forward check hit
04:54.160	ID:16	[WARN: IPv6      ] BLACKHOLE: dropping forwarded packet
04:54.211	ID:16	[WARN: IPv6      ] BLACKHOLE: forward check hit
04:54.211	ID:16	[WARN: IPv6      ] BLACKHOLE: dropping forwarded packet
04:54.857	ID:9	[INFO: App       ] Sending request 24 to fd00::201:1:1:1
04:54.906	ID:16	[WARN: IPv6      ] BLACKHOLE: forward check hit
04:54.906	ID:16	[WARN: IPv6      ] BLACKHOLE: dropping forwarded packet
04:55.302	ID:6	[INFO: App       ] Sending request 25 to fd00::201:1:1:1
04:55.307	ID:7	[INFO: App       ] Sending request 24 to fd00::201:1:1:1
04:55.325	ID:16	[WARN: IPv6      ] BLACKHOLE: forward check hit
04:55.325	ID:16	[WARN: IPv6      ] BLACKHOLE: dropping forwarded packet
04:55.367	ID:3	[INFO: App       ] Sending request 26 to fd00::201:1:1:1
04:55.388	ID:16	[WARN: IPv6      ] BLACKHOLE: forward check hit
04:55.388	ID:16	[WARN: IPv6      ] BLACKHOLE: dropping forwarded packet
04:55.473	ID:16	[WARN: IPv6      ] BLACKHOLE: forward check hit
04:55.473	ID:16	[WARN: IPv6      ] BLACKHOLE: dropping forwarded packet
04:56.010	ID:10	[INFO: App       ] Sending request 24 to fd00::201:1:1:1
04:56.022	ID:16	[WARN: IPv6      ] BLACKHOLE: forward check hit
04:56.022	ID:16	[WARN: IPv6      ] BLACKHOLE: dropping forwarded packet
04:56.039	ID:11	[INFO: App       ] Sending request 25 to fd00::201:1:1:1
04:56.081	ID:16	[WARN: IPv6      ] BLACKHOLE: forward check hit
04:56.081	ID:16	[WARN: IPv6      ] BLACKHOLE: dropping forwarded packet
04:57.435	ID:12	[INFO: App       ] Sending request 23 to fd00::201:1:1:1
04:57.508	ID:16	[WARN: IPv6      ] BLACKHOLE: forward check hit
04:57.508	ID:16	[WARN: IPv6      ] BLACKHOLE: dropping forwarded packet
04:58.957	ID:2	[INFO: App       ] Sending request 26 to fd00::201:1:1:1
04:58.965	ID:16	[WARN: IPv6      ] BLACKHOLE: forward check hit
04:58.965	ID:16	[WARN: IPv6      ] BLACKHOLE: dropping forwarded packet
04:59.208	ID:5	[INFO: App       ] Sending request 27 to fd00::201:1:1:1
04:59.213	ID:16	[WARN: IPv6      ] BLACKHOLE: forward check hit
04:59.213	ID:16	[WARN: IPv6      ] BLACKHOLE: dropping forwarded packet
04:59.664	ID:14	[INFO: App       ] Sending request 24 to fd00::201:1:1:1
04:59.761	ID:16	[WARN: IPv6      ] BLACKHOLE: forward check hit
04:59.761	ID:16	[WARN: IPv6      ] BLACKHOLE: dropping forwarded packet
05:01.318	ID:13	[INFO: App       ] Sending request 24 to fd00::201:1:1:1
05:01.389	ID:15	[INFO: App       ] Sending request 25 to fd00::201:1:1:1
05:01.401	ID:16	[WARN: IPv6      ] BLACKHOLE: forward check hit
05:01.401	ID:16	[WARN: IPv6      ] BLACKHOLE: dropping forwarded packet
05:01.484	ID:16	[WARN: IPv6      ] BLACKHOLE: forward check hit
05:01.484	ID:16	[WARN: IPv6      ] BLACKHOLE: dropping forwarded packet
05:03.721	ID:8	[INFO: App       ] Sending request 25 to fd00::201:1:1:1
05:03.759	ID:16	[WARN: IPv6      ] BLACKHOLE: forward check hit
05:03.759	ID:16	[WARN: IPv6      ] BLACKHOLE: dropping forwarded packet
05:04.035	ID:4	[INFO: App       ] Sending request 27 to fd00::201:1:1:1
05:04.044	ID:16	[WARN: IPv6      ] BLACKHOLE: forward check hit
05:04.044	ID:16	[WARN: IPv6      ] BLACKHOLE: dropping forwarded packet
05:04.172	ID:9	[INFO: App       ] Sending request 25 to fd00::201:1:1:1
05:04.238	ID:16	[WARN: IPv6      ] BLACKHOLE: forward check hit
05:04.238	ID:16	[WARN: IPv6      ] BLACKHOLE: dropping forwarded packet
05:04.486	ID:3	[INFO: App       ] Sending request 27 to fd00::201:1:1:1
05:04.500	ID:16	[WARN: IPv6      ] BLACKHOLE: forward check hit
05:04.500	ID:16	[WARN: IPv6      ] BLACKHOLE: dropping forwarded packet
05:05.378	ID:10	[INFO: App       ] Sending request 25 to fd00::201:1:1:1
05:05.434	ID:16	[WARN: IPv6      ] BLACKHOLE: forward check hit
05:05.434	ID:16	[WARN: IPv6      ] BLACKHOLE: dropping forwarded packet
05:05.593	ID:11	[INFO: App       ] Sending request 26 to fd00::201:1:1:1
05:05.645	ID:16	[WARN: IPv6      ] BLACKHOLE: forward check hit
05:05.645	ID:16	[WARN: IPv6      ] BLACKHOLE: dropping forwarded packet
05:05.976	ID:7	[INFO: App       ] Sending request 25 to fd00::201:1:1:1
05:06.018	ID:16	[WARN: IPv6      ] BLACKHOLE: forward check hit
05:06.018	ID:16	[WARN: IPv6      ] BLACKHOLE: dropping forwarded packet
05:06.128	ID:6	[INFO: App       ] Sending request 26 to fd00::201:1:1:1
05:06.204	ID:16	[WARN: IPv6      ] BLACKHOLE: forward check hit
05:06.204	ID:16	[WARN: IPv6      ] BLACKHOLE: dropping forwarded packet
05:07.720	ID:12	[INFO: App       ] Sending request 24 to fd00::201:1:1:1
05:07.819	ID:16	[WARN: IPv6      ] BLACKHOLE: forward check hit
05:07.819	ID:16	[WARN: IPv6      ] BLACKHOLE: dropping forwarded packet
05:09.105	ID:14	[INFO: App       ] Sending request 25 to fd00::201:1:1:1
05:09.121	ID:2	[INFO: App       ] Sending request 27 to fd00::201:1:1:1
05:09.158	ID:16	[WARN: IPv6      ] BLACKHOLE: forward check hit
05:09.158	ID:16	[WARN: IPv6      ] BLACKHOLE: dropping forwarded packet
05:09.220	ID:16	[WARN: IPv6      ] BLACKHOLE: forward check hit
05:09.220	ID:16	[WARN: IPv6      ] BLACKHOLE: dropping forwarded packet
05:09.617	ID:5	[INFO: App       ] Sending request 28 to fd00::201:1:1:1
05:09.636	ID:16	[WARN: IPv6      ] BLACKHOLE: forward check hit
05:09.636	ID:16	[WARN: IPv6      ] BLACKHOLE: dropping forwarded packet
05:10.753	ID:13	[INFO: App       ] Sending request 25 to fd00::201:1:1:1
05:10.812	ID:16	[WARN: IPv6      ] BLACKHOLE: forward check hit
05:10.812	ID:16	[WARN: IPv6      ] BLACKHOLE: dropping forwarded packet
05:12.363	ID:15	[INFO: App       ] Sending request 26 to fd00::201:1:1:1
05:12.438	ID:16	[WARN: IPv6      ] BLACKHOLE: forward check hit
05:12.438	ID:16	[WARN: IPv6      ] BLACKHOLE: dropping forwarded packet
05:13.003	ID:8	[INFO: App       ] Sending request 26 to fd00::201:1:1:1
05:13.056	ID:16	[WARN: IPv6      ] BLACKHOLE: forward check hit
05:13.056	ID:16	[WARN: IPv6      ] BLACKHOLE: dropping forwarded packet
05:13.606	ID:9	[INFO: App       ] Sending request 26 to fd00::201:1:1:1
05:13.679	ID:4	[INFO: App       ] Sending request 28 to fd00::201:1:1:1
05:13.680	ID:16	[WARN: IPv6      ] BLACKHOLE: forward check hit
05:13.680	ID:16	[WARN: IPv6      ] BLACKHOLE: dropping forwarded packet
05:13.715	ID:16	[WARN: IPv6      ] BLACKHOLE: forward check hit
05:13.715	ID:16	[WARN: IPv6      ] BLACKHOLE: dropping forwarded packet
05:14.761	ID:11	[INFO: App       ] Sending request 27 to fd00::201:1:1:1
05:14.818	ID:16	[WARN: IPv6      ] BLACKHOLE: forward check hit
05:14.818	ID:16	[WARN: IPv6      ] BLACKHOLE: dropping forwarded packet
05:15.114	ID:3	[INFO: App       ] Sending request 28 to fd00::201:1:1:1
05:15.140	ID:16	[WARN: IPv6      ] BLACKHOLE: forward check hit
05:15.140	ID:16	[WARN: IPv6      ] BLACKHOLE: dropping forwarded packet
05:15.524	ID:6	[INFO: App       ] Sending request 27 to fd00::201:1:1:1
05:15.608	ID:16	[WARN: IPv6      ] BLACKHOLE: forward check hit
05:15.608	ID:16	[WARN: IPv6      ] BLACKHOLE: dropping forwarded packet
05:16.093	ID:10	[INFO: App       ] Sending request 26 to fd00::201:1:1:1
05:16.123	ID:16	[WARN: IPv6      ] BLACKHOLE: forward check hit
05:16.123	ID:16	[WARN: IPv6      ] BLACKHOLE: dropping forwarded packet
05:16.798	ID:7	[INFO: App       ] Sending request 26 to fd00::201:1:1:1
05:16.862	ID:16	[WARN: IPv6      ] BLACKHOLE: forward check hit
05:16.862	ID:16	[WARN: IPv6      ] BLACKHOLE: dropping forwarded packet
05:17.434	ID:12	[INFO: App       ] Sending request 25 to fd00::201:1:1:1
05:17.517	ID:16	[WARN: IPv6      ] BLACKHOLE: forward check hit
05:17.517	ID:16	[WARN: IPv6      ] BLACKHOLE: dropping forwarded packet
05:18.850	ID:2	[INFO: App       ] Sending request 28 to fd00::201:1:1:1
05:18.895	ID:16	[WARN: IPv6      ] BLACKHOLE: forward check hit
05:18.895	ID:16	[WARN: IPv6      ] BLACKHOLE: dropping forwarded packet
05:19.677	ID:14	[INFO: App       ] Sending request 26 to fd00::201:1:1:1
05:19.727	ID:16	[WARN: IPv6      ] BLACKHOLE: forward check hit
05:19.727	ID:16	[WARN: IPv6      ] BLACKHOLE: dropping forwarded packet
05:19.946	ID:5	[INFO: App       ] Sending request 29 to fd00::201:1:1:1
05:19.970	ID:16	[WARN: IPv6      ] BLACKHOLE: forward check hit
05:19.970	ID:16	[WARN: IPv6      ] BLACKHOLE: dropping forwarded packet
05:20.025	ID:13	[INFO: App       ] Sending request 26 to fd00::201:1:1:1
05:20.122	ID:16	[WARN: IPv6      ] BLACKHOLE: forward check hit
05:20.122	ID:16	[WARN: IPv6      ] BLACKHOLE: dropping forwarded packet
05:22.642	ID:8	[INFO: App       ] Sending request 27 to fd00::201:1:1:1
05:22.728	ID:16	[WARN: IPv6      ] BLACKHOLE: forward check hit
05:22.728	ID:16	[WARN: IPv6      ] BLACKHOLE: dropping forwarded packet
05:23.263	ID:15	[INFO: App       ] Sending request 27 to fd00::201:1:1:1
05:23.312	ID:9	[INFO: App       ] Sending request 27 to fd00::201:1:1:1
05:23.362	ID:16	[WARN: IPv6      ] BLACKHOLE: forward check hit
05:23.362	ID:16	[WARN: IPv6      ] BLACKHOLE: dropping forwarded packet
05:23.445	ID:16	[WARN: IPv6      ] BLACKHOLE: forward check hit
05:23.445	ID:16	[WARN: IPv6      ] BLACKHOLE: dropping forwarded packet
05:23.512	ID:4	[INFO: App       ] Sending request 29 to fd00::201:1:1:1
05:23.550	ID:16	[WARN: IPv6      ] BLACKHOLE: forward check hit
05:23.550	ID:16	[WARN: IPv6      ] BLACKHOLE: dropping forwarded packet
05:24.038	ID:11	[INFO: App       ] Sending request 28 to fd00::201:1:1:1
05:24.087	ID:16	[WARN: IPv6      ] BLACKHOLE: forward check hit
05:24.087	ID:16	[WARN: IPv6      ] BLACKHOLE: dropping forwarded packet
05:24.923	ID:3	[INFO: App       ] Sending request 29 to fd00::201:1:1:1
05:24.941	ID:16	[WARN: IPv6      ] BLACKHOLE: forward check hit
05:24.941	ID:16	[WARN: IPv6      ] BLACKHOLE: dropping forwarded packet
05:25.669	ID:6	[INFO: App       ] Sending request 28 to fd00::201:1:1:1
05:25.693	ID:16	[WARN: IPv6      ] BLACKHOLE: forward check hit
05:25.693	ID:16	[WARN: IPv6      ] BLACKHOLE: dropping forwarded packet
05:26.011	ID:10	[INFO: App       ] Sending request 27 to fd00::201:1:1:1
05:26.093	ID:16	[WARN: IPv6      ] BLACKHOLE: forward check hit
05:26.093	ID:16	[WARN: IPv6      ] BLACKHOLE: dropping forwarded packet
05:26.155	ID:7	[INFO: App       ] Sending request 27 to fd00::201:1:1:1
05:26.220	ID:16	[WARN: IPv6      ] BLACKHOLE: forward check hit
05:26.220	ID:16	[WARN: IPv6      ] BLACKHOLE: dropping forwarded packet
05:27.627	ID:12	[INFO: App       ] Sending request 26 to fd00::201:1:1:1
05:27.735	ID:16	[WARN: IPv6      ] BLACKHOLE: forward check hit
05:27.735	ID:16	[WARN: IPv6      ] BLACKHOLE: dropping forwarded packet
05:28.936	ID:2	[INFO: App       ] Sending request 29 to fd00::201:1:1:1
05:28.942	ID:16	[WARN: IPv6      ] BLACKHOLE: forward check hit
05:28.942	ID:16	[WARN: IPv6      ] BLACKHOLE: dropping forwarded packet
05:29.312	ID:14	[INFO: App       ] Sending request 27 to fd00::201:1:1:1
05:29.331	ID:16	[WARN: IPv6      ] BLACKHOLE: forward check hit
05:29.331	ID:16	[WARN: IPv6      ] BLACKHOLE: dropping forwarded packet
05:30.197	ID:5	[INFO: App       ] Tx/Rx/MissedTx: 30/22/0
05:30.197	ID:5	[INFO: App       ] Sending request 30 to fd00::201:1:1:1
05:30.205	ID:16	[WARN: IPv6      ] BLACKHOLE: forward check hit
05:30.205	ID:16	[WARN: IPv6      ] BLACKHOLE: dropping forwarded packet
05:30.735	ID:13	[INFO: App       ] Sending request 27 to fd00::201:1:1:1
05:30.812	ID:16	[WARN: IPv6      ] BLACKHOLE: forward check hit
05:30.812	ID:16	[WARN: IPv6      ] BLACKHOLE: dropping forwarded packet
05:31.777	ID:8	[INFO: App       ] Sending request 28 to fd00::201:1:1:1
05:31.823	ID:16	[WARN: IPv6      ] BLACKHOLE: forward check hit
05:31.823	ID:16	[WARN: IPv6      ] BLACKHOLE: dropping forwarded packet
05:32.724	ID:4	[INFO: App       ] Tx/Rx/MissedTx: 30/21/0
05:32.724	ID:4	[INFO: App       ] Sending request 30 to fd00::201:1:1:1
05:32.751	ID:16	[WARN: IPv6      ] BLACKHOLE: forward check hit
05:32.751	ID:16	[WARN: IPv6      ] BLACKHOLE: dropping forwarded packet
05:33.450	ID:9	[INFO: App       ] Sending request 28 to fd00::201:1:1:1
05:33.514	ID:16	[WARN: IPv6      ] BLACKHOLE: forward check hit
05:33.514	ID:16	[WARN: IPv6      ] BLACKHOLE: dropping forwarded packet
05:33.675	ID:15	[INFO: App       ] Sending request 28 to fd00::201:1:1:1
05:33.752	ID:16	[WARN: IPv6      ] BLACKHOLE: forward check hit
05:33.752	ID:16	[WARN: IPv6      ] BLACKHOLE: dropping forwarded packet
05:34.064	ID:11	[INFO: App       ] Sending request 29 to fd00::201:1:1:1
05:34.097	ID:16	[WARN: IPv6      ] BLACKHOLE: forward check hit
05:34.097	ID:16	[WARN: IPv6      ] BLACKHOLE: dropping forwarded packet
05:34.763	ID:3	[INFO: App       ] Tx/Rx/MissedTx: 30/21/0
05:34.763	ID:3	[INFO: App       ] Sending request 30 to fd00::201:1:1:1
05:34.774	ID:16	[WARN: IPv6      ] BLACKHOLE: forward check hit
05:34.774	ID:16	[WARN: IPv6      ] BLACKHOLE: dropping forwarded packet
05:35.291	ID:7	[INFO: App       ] Sending request 28 to fd00::201:1:1:1
05:35.352	ID:16	[WARN: IPv6      ] BLACKHOLE: forward check hit
05:35.352	ID:16	[WARN: IPv6      ] BLACKHOLE: dropping forwarded packet
05:35.518	ID:10	[INFO: App       ] Sending request 28 to fd00::201:1:1:1
05:35.578	ID:16	[WARN: IPv6      ] BLACKHOLE: forward check hit
05:35.578	ID:16	[WARN: IPv6      ] BLACKHOLE: dropping forwarded packet
05:35.931	ID:6	[INFO: App       ] Sending request 29 to fd00::201:1:1:1
05:35.947	ID:16	[WARN: IPv6      ] BLACKHOLE: forward check hit
05:35.947	ID:16	[WARN: IPv6      ] BLACKHOLE: dropping forwarded packet
05:38.358	ID:12	[INFO: App       ] Sending request 27 to fd00::201:1:1:1
05:38.443	ID:14	[INFO: App       ] Sending request 28 to fd00::201:1:1:1
05:38.454	ID:16	[WARN: IPv6      ] BLACKHOLE: forward check hit
05:38.454	ID:16	[WARN: IPv6      ] BLACKHOLE: dropping forwarded packet
05:38.512	ID:2	[INFO: App       ] Tx/Rx/MissedTx: 30/21/0
05:38.512	ID:2	[INFO: App       ] Sending request 30 to fd00::201:1:1:1
05:38.527	ID:16	[WARN: IPv6      ] BLACKHOLE: forward check hit
05:38.527	ID:16	[WARN: IPv6      ] BLACKHOLE: dropping forwarded packet
05:38.532	ID:16	[WARN: IPv6      ] BLACKHOLE: forward check hit
05:38.532	ID:16	[WARN: IPv6      ] BLACKHOLE: dropping forwarded packet
05:40.439	ID:13	[INFO: App       ] Sending request 28 to fd00::201:1:1:1
05:40.508	ID:16	[WARN: IPv6      ] BLACKHOLE: forward check hit
05:40.508	ID:16	[WARN: IPv6      ] BLACKHOLE: dropping forwarded packet
05:41.151	ID:5	[INFO: App       ] Sending request 31 to fd00::201:1:1:1
05:41.179	ID:16	[WARN: IPv6      ] BLACKHOLE: forward check hit
05:41.179	ID:16	[WARN: IPv6      ] BLACKHOLE: dropping forwarded packet
05:42.194	ID:8	[INFO: App       ] Sending request 29 to fd00::201:1:1:1
05:42.214	ID:16	[WARN: IPv6      ] BLACKHOLE: forward check hit
05:42.214	ID:16	[WARN: IPv6      ] BLACKHOLE: dropping forwarded packet
05:42.499	ID:9	[INFO: App       ] Sending request 29 to fd00::201:1:1:1
05:42.549	ID:16	[WARN: IPv6      ] BLACKHOLE: forward check hit
05:42.549	ID:16	[WARN: IPv6      ] BLACKHOLE: dropping forwarded packet
05:43.278	ID:4	[INFO: App       ] Sending request 31 to fd00::201:1:1:1
05:43.285	ID:16	[WARN: IPv6      ] BLACKHOLE: forward check hit
05:43.285	ID:16	[WARN: IPv6      ] BLACKHOLE: dropping forwarded packet
05:43.964	ID:15	[INFO: App       ] Sending request 29 to fd00::201:1:1:1
05:44.021	ID:16	[WARN: IPv6      ] BLACKHOLE: forward check hit
05:44.021	ID:16	[WARN: IPv6      ] BLACKHOLE: dropping forwarded packet
05:44.052	ID:11	[INFO: App       ] Tx/Rx/MissedTx: 30/20/0
05:44.052	ID:11	[INFO: App       ] Sending request 30 to fd00::201:1:1:1
05:44.102	ID:16	[WARN: IPv6      ] BLACKHOLE: forward check hit
05:44.102	ID:16	[WARN: IPv6      ] BLACKHOLE: dropping forwarded packet
05:45.216	ID:3	[INFO: App       ] Sending request 31 to fd00::201:1:1:1
05:45.250	ID:16	[WARN: IPv6      ] BLACKHOLE: forward check hit
05:45.250	ID:16	[WARN: IPv6      ] BLACKHOLE: dropping forwarded packet
05:45.489	ID:6	[INFO: App       ] Tx/Rx/MissedTx: 30/20/0
05:45.489	ID:6	[INFO: App       ] Sending request 30 to fd00::201:1:1:1
05:45.540	ID:16	[WARN: IPv6      ] BLACKHOLE: forward check hit
05:45.540	ID:16	[WARN: IPv6      ] BLACKHOLE: dropping forwarded packet
05:45.679	ID:10	[INFO: App       ] Sending request 29 to fd00::201:1:1:1
05:45.705	ID:7	[INFO: App       ] Sending request 29 to fd00::201:1:1:1
05:45.727	ID:16	[WARN: IPv6      ] BLACKHOLE: forward check hit
05:45.727	ID:16	[WARN: IPv6      ] BLACKHOLE: dropping forwarded packet
05:45.767	ID:16	[WARN: IPv6      ] BLACKHOLE: forward check hit
05:45.767	ID:16	[WARN: IPv6      ] BLACKHOLE: dropping forwarded packet
05:47.970	ID:14	[INFO: App       ] Sending request 29 to fd00::201:1:1:1
05:48.042	ID:16	[WARN: IPv6      ] BLACKHOLE: forward check hit
05:48.042	ID:16	[WARN: IPv6      ] BLACKHOLE: dropping forwarded packet
05:48.191	ID:12	[INFO: App       ] Sending request 28 to fd00::201:1:1:1
05:48.253	ID:16	[WARN: IPv6      ] BLACKHOLE: forward check hit
05:48.253	ID:16	[WARN: IPv6      ] BLACKHOLE: dropping forwarded packet
05:49.360	ID:2	[INFO: App       ] Sending request 31 to fd00::201:1:1:1
05:49.386	ID:16	[WARN: IPv6      ] BLACKHOLE: forward check hit
05:49.386	ID:16	[WARN: IPv6      ] BLACKHOLE: dropping forwarded packet
05:49.841	ID:13	[INFO: App       ] Sending request 29 to fd00::201:1:1:1
05:49.962	ID:16	[WARN: IPv6      ] BLACKHOLE: forward check hit
05:49.962	ID:16	[WARN: IPv6      ] BLACKHOLE: dropping forwarded packet
05:50.169	ID:5	[INFO: App       ] Sending request 32 to fd00::201:1:1:1
05:50.178	ID:16	[WARN: IPv6      ] BLACKHOLE: forward check hit
05:50.178	ID:16	[WARN: IPv6      ] BLACKHOLE: dropping forwarded packet
05:52.391	ID:9	[INFO: App       ] Tx/Rx/MissedTx: 30/19/0
05:52.391	ID:9	[INFO: App       ] Sending request 30 to fd00::201:1:1:1
05:52.425	ID:16	[WARN: IPv6      ] BLACKHOLE: forward check hit
05:52.425	ID:16	[WARN: IPv6      ] BLACKHOLE: dropping forwarded packet
05:52.856	ID:4	[INFO: App       ] Sending request 32 to fd00::201:1:1:1
05:52.887	ID:16	[WARN: IPv6      ] BLACKHOLE: forward check hit
05:52.887	ID:16	[WARN: IPv6      ] BLACKHOLE: dropping forwarded packet
05:53.037	ID:8	[INFO: App       ] Tx/Rx/MissedTx: 30/19/0
05:53.037	ID:8	[INFO: App       ] Sending request 30 to fd00::201:1:1:1
05:53.099	ID:16	[WARN: IPv6      ] BLACKHOLE: forward check hit
05:53.099	ID:16	[WARN: IPv6      ] BLACKHOLE: dropping forwarded packet
05:54.256	ID:11	[INFO: App       ] Sending request 31 to fd00::201:1:1:1
05:54.327	ID:16	[WARN: IPv6      ] BLACKHOLE: forward check hit
05:54.327	ID:16	[WARN: IPv6      ] BLACKHOLE: dropping forwarded packet
05:54.396	ID:15	[INFO: App       ] Tx/Rx/MissedTx: 30/19/0
05:54.396	ID:15	[INFO: App       ] Sending request 30 to fd00::201:1:1:1
05:54.474	ID:16	[WARN: IPv6      ] BLACKHOLE: forward check hit
05:54.474	ID:16	[WARN: IPv6      ] BLACKHOLE: dropping forwarded packet
05:54.501	ID:6	[INFO: App       ] Sending request 31 to fd00::201:1:1:1
05:54.545	ID:16	[WARN: IPv6      ] BLACKHOLE: forward check hit
05:54.545	ID:16	[WARN: IPv6      ] BLACKHOLE: dropping forwarded packet
05:54.604	ID:3	[INFO: App       ] Sending request 32 to fd00::201:1:1:1
05:54.648	ID:16	[WARN: IPv6      ] BLACKHOLE: forward check hit
05:54.648	ID:16	[WARN: IPv6      ] BLACKHOLE: dropping forwarded packet
05:54.930	ID:7	[INFO: App       ] Tx/Rx/MissedTx: 30/19/0
05:54.930	ID:7	[INFO: App       ] Sending request 30 to fd00::201:1:1:1
05:54.979	ID:16	[WARN: IPv6      ] BLACKHOLE: forward check hit
05:54.979	ID:16	[WARN: IPv6      ] BLACKHOLE: dropping forwarded packet
05:55.212	ID:10	[INFO: App       ] Tx/Rx/MissedTx: 30/19/0
05:55.212	ID:10	[INFO: App       ] Sending request 30 to fd00::201:1:1:1
05:55.268	ID:16	[WARN: IPv6      ] BLACKHOLE: forward check hit
05:55.268	ID:16	[WARN: IPv6      ] BLACKHOLE: dropping forwarded packet
05:57.620	ID:14	[INFO: App       ] Tx/Rx/MissedTx: 30/18/0
05:57.620	ID:14	[INFO: App       ] Sending request 30 to fd00::201:1:1:1
05:57.738	ID:16	[WARN: IPv6      ] BLACKHOLE: forward check hit
05:57.738	ID:16	[WARN: IPv6      ] BLACKHOLE: dropping forwarded packet
05:58.700	ID:12	[INFO: App       ] Sending request 29 to fd00::201:1:1:1
05:58.763	ID:16	[WARN: IPv6      ] BLACKHOLE: forward check hit
05:58.763	ID:16	[WARN: IPv6      ] BLACKHOLE: dropping forwarded packet
05:58.781	ID:2	[INFO: App       ] Sending request 32 to fd00::201:1:1:1
05:58.808	ID:16	[WARN: IPv6      ] BLACKHOLE: forward check hit
05:58.808	ID:16	[WARN: IPv6      ] BLACKHOLE: dropping forwarded packet
05:59.913	ID:13	[INFO: App       ] Tx/Rx/MissedTx: 30/18/0
05:59.913	ID:13	[INFO: App       ] Sending request 30 to fd00::201:1:1:1
06:00.007	ID:16	[WARN: IPv6      ] BLACKHOLE: forward check hit
06:00.007	ID:16	[WARN: IPv6      ] BLACKHOLE: dropping forwarded packet
06:00.157	ID:5	[INFO: App       ] Sending request 33 to fd00::201:1:1:1
06:00.191	ID:16	[WARN: IPv6      ] BLACKHOLE: forward check hit
06:00.191	ID:16	[WARN: IPv6      ] BLACKHOLE: dropping forwarded packet
06:02.690	ID:4	[INFO: App       ] Sending request 33 to fd00::201:1:1:1
06:02.730	ID:16	[WARN: IPv6      ] BLACKHOLE: forward check hit
06:02.730	ID:16	[WARN: IPv6      ] BLACKHOLE: dropping forwarded packet
06:03.053	ID:9	[INFO: App       ] Sending request 31 to fd00::201:1:1:1
06:03.071	ID:16	[WARN: IPv6      ] BLACKHOLE: forward check hit
06:03.071	ID:16	[WARN: IPv6      ] BLACKHOLE: dropping forwarded packet
06:03.683	ID:8	[INFO: App       ] Sending request 31 to fd00::201:1:1:1
06:03.735	ID:16	[WARN: IPv6      ] BLACKHOLE: forward check hit
06:03.735	ID:16	[WARN: IPv6      ] BLACKHOLE: dropping forwarded packet
06:03.992	ID:6	[INFO: App       ] Sending request 32 to fd00::201:1:1:1
06:04.022	ID:16	[WARN: IPv6      ] BLACKHOLE: forward check hit
06:04.022	ID:16	[WARN: IPv6      ] BLACKHOLE: dropping forwarded packet
06:04.350	ID:3	[INFO: App       ] Sending request 33 to fd00::201:1:1:1
06:04.371	ID:16	[WARN: IPv6      ] BLACKHOLE: forward check hit
06:04.371	ID:16	[WARN: IPv6      ] BLACKHOLE: dropping forwarded packet
06:04.400	ID:10	[INFO: App       ] Sending request 31 to fd00::201:1:1:1
06:04.450	ID:16	[WARN: IPv6      ] BLACKHOLE: forward check hit
06:04.450	ID:16	[WARN: IPv6      ] BLACKHOLE: dropping forwarded packet
06:04.594	ID:11	[INFO: App       ] Sending request 32 to fd00::201:1:1:1
06:04.626	ID:16	[WARN: IPv6      ] BLACKHOLE: forward check hit
06:04.626	ID:16	[WARN: IPv6      ] BLACKHOLE: dropping forwarded packet
06:05.247	ID:15	[INFO: App       ] Sending request 31 to fd00::201:1:1:1
06:05.351	ID:16	[WARN: IPv6      ] BLACKHOLE: forward check hit
06:05.351	ID:16	[WARN: IPv6      ] BLACKHOLE: dropping forwarded packet
06:05.780	ID:7	[INFO: App       ] Sending request 31 to fd00::201:1:1:1
06:05.838	ID:16	[WARN: IPv6      ] BLACKHOLE: forward check hit
06:05.838	ID:16	[WARN: IPv6      ] BLACKHOLE: dropping forwarded packet
06:08.021	ID:14	[INFO: App       ] Sending request 31 to fd00::201:1:1:1
06:08.104	ID:16	[WARN: IPv6      ] BLACKHOLE: forward check hit
06:08.104	ID:16	[WARN: IPv6      ] BLACKHOLE: dropping forwarded packet
06:09.575	ID:12	[INFO: App       ] Tx/Rx/MissedTx: 30/18/0
06:09.575	ID:12	[INFO: App       ] Sending request 30 to fd00::201:1:1:1
06:09.614	ID:2	[INFO: App       ] Sending request 33 to fd00::201:1:1:1
06:09.659	ID:16	[WARN: IPv6      ] BLACKHOLE: forward check hit
06:09.659	ID:16	[WARN: IPv6      ] BLACKHOLE: dropping forwarded packet
06:09.677	ID:16	[WARN: IPv6      ] BLACKHOLE: forward check hit
06:09.677	ID:16	[WARN: IPv6      ] BLACKHOLE: dropping forwarded packet
06:09.921	ID:13	[INFO: App       ] Sending request 31 to fd00::201:1:1:1
06:09.996	ID:16	[WARN: IPv6      ] BLACKHOLE: forward check hit
06:09.996	ID:16	[WARN: IPv6      ] BLACKHOLE: dropping forwarded packet
06:10.533	ID:5	[INFO: App       ] Sending request 34 to fd00::201:1:1:1
06:10.540	ID:16	[WARN: IPv6      ] BLACKHOLE: forward check hit
06:10.540	ID:16	[WARN: IPv6      ] BLACKHOLE: dropping forwarded packet
06:12.144	ID:9	[INFO: App       ] Sending request 32 to fd00::201:1:1:1
06:12.199	ID:16	[WARN: IPv6      ] BLACKHOLE: forward check hit
06:12.199	ID:16	[WARN: IPv6      ] BLACKHOLE: dropping forwarded packet
06:12.235	ID:4	[INFO: App       ] Sending request 34 to fd00::201:1:1:1
06:12.276	ID:16	[WARN: IPv6      ] BLACKHOLE: forward check hit
06:12.276	ID:16	[WARN: IPv6      ] BLACKHOLE: dropping forwarded packet
06:13.343	ID:8	[INFO: App       ] Sending request 32 to fd00::201:1:1:1
06:13.373	ID:16	[WARN: IPv6      ] BLACKHOLE: forward check hit
06:13.373	ID:16	[WARN: IPv6      ] BLACKHOLE: dropping forwarded packet
06:13.827	ID:6	[INFO: App       ] Sending request 33 to fd00::201:1:1:1
06:13.879	ID:16	[WARN: IPv6      ] BLACKHOLE: forward check hit
06:13.879	ID:16	[WARN: IPv6      ] BLACKHOLE: dropping forwarded packet
06:13.969	ID:10	[INFO: App       ] Sending request 32 to fd00::201:1:1:1
06:13.991	ID:16	[WARN: IPv6      ] BLACKHOLE: forward check hit
06:13.991	ID:16	[WARN: IPv6      ] BLACKHOLE: dropping forwarded packet
06:14.059	ID:3	[INFO: App       ] Sending request 34 to fd00::201:1:1:1
06:14.093	ID:16	[WARN: IPv6      ] BLACKHOLE: forward check hit
06:14.093	ID:16	[WARN: IPv6      ] BLACKHOLE: dropping forwarded packet
06:14.382	ID:11	[INFO: App       ] Sending request 33 to fd00::201:1:1:1
06:14.409	ID:16	[WARN: IPv6      ] BLACKHOLE: forward check hit
06:14.409	ID:16	[WARN: IPv6      ] BLACKHOLE: dropping forwarded packet
06:14.667	ID:15	[INFO: App       ] Sending request 32 to fd00::201:1:1:1
06:14.732	ID:16	[WARN: IPv6      ] BLACKHOLE: forward check hit
06:14.732	ID:16	[WARN: IPv6      ] BLACKHOLE: dropping forwarded packet
06:15.800	ID:7	[INFO: App       ] Sending request 32 to fd00::201:1:1:1
06:15.872	ID:16	[WARN: IPv6      ] BLACKHOLE: forward check hit
06:15.872	ID:16	[WARN: IPv6      ] BLACKHOLE: dropping forwarded packet
06:17.260	ID:14	[INFO: App       ] Sending request 32 to fd00::201:1:1:1
06:17.345	ID:16	[WARN: IPv6      ] BLACKHOLE: forward check hit
06:17.345	ID:16	[WARN: IPv6      ] BLACKHOLE: dropping forwarded packet
06:19.125	ID:12	[INFO: App       ] Sending request 31 to fd00::201:1:1:1
06:19.168	ID:16	[WARN: IPv6      ] BLACKHOLE: forward check hit
06:19.168	ID:16	[WARN: IPv6      ] BLACKHOLE: dropping forwarded packet
06:19.176	ID:13	[INFO: App       ] Sending request 32 to fd00::201:1:1:1
06:19.239	ID:16	[WARN: IPv6      ] BLACKHOLE: forward check hit
06:19.239	ID:16	[WARN: IPv6      ] BLACKHOLE: dropping forwarded packet
06:19.278	ID:2	[INFO: App       ] Sending request 34 to fd00::201:1:1:1
06:19.301	ID:16	[WARN: IPv6      ] BLACKHOLE: forward check hit
06:19.301	ID:16	[WARN: IPv6      ] BLACKHOLE: dropping forwarded packet
06:19.638	ID:5	[INFO: App       ] Sending request 35 to fd00::201:1:1:1
06:19.646	ID:16	[WARN: IPv6      ] BLACKHOLE: forward check hit
06:19.646	ID:16	[WARN: IPv6      ] BLACKHOLE: dropping forwarded packet
06:22.883	ID:9	[INFO: App       ] Sending request 33 to fd00::201:1:1:1
06:22.934	ID:4	[INFO: App       ] Sending request 35 to fd00::201:1:1:1
06:22.942	ID:16	[WARN: IPv6      ] BLACKHOLE: forward check hit
06:22.942	ID:16	[WARN: IPv6      ] BLACKHOLE: dropping forwarded packet
06:22.977	ID:16	[WARN: IPv6      ] BLACKHOLE: forward check hit
06:22.977	ID:16	[WARN: IPv6      ] BLACKHOLE: dropping forwarded packet
06:23.461	ID:11	[INFO: App       ] Sending request 34 to fd00::201:1:1:1
06:23.486	ID:16	[WARN: IPv6      ] BLACKHOLE: forward check hit
06:23.486	ID:16	[WARN: IPv6      ] BLACKHOLE: dropping forwarded packet
06:23.632	ID:10	[INFO: App       ] Sending request 33 to fd00::201:1:1:1
06:23.668	ID:6	[INFO: App       ] Sending request 34 to fd00::201:1:1:1
06:23.685	ID:16	[WARN: IPv6      ] BLACKHOLE: forward check hit
06:23.685	ID:16	[WARN: IPv6      ] BLACKHOLE: dropping forwarded packet
06:23.723	ID:16	[WARN: IPv6      ] BLACKHOLE: forward check hit
06:23.723	ID:16	[WARN: IPv6      ] BLACKHOLE: dropping forwarded packet
06:23.841	ID:8	[INFO: App       ] Sending request 33 to fd00::201:1:1:1
06:23.876	ID:16	[WARN: IPv6      ] BLACKHOLE: forward check hit
06:23.876	ID:16	[WARN: IPv6      ] BLACKHOLE: dropping forwarded packet
06:24.068	ID:3	[INFO: App       ] Sending request 35 to fd00::201:1:1:1
06:24.079	ID:16	[WARN: IPv6      ] BLACKHOLE: forward check hit
06:24.079	ID:16	[WARN: IPv6      ] BLACKHOLE: dropping forwarded packet
06:24.192	ID:15	[INFO: App       ] Sending request 33 to fd00::201:1:1:1
06:24.257	ID:16	[WARN: IPv6      ] BLACKHOLE: forward check hit
06:24.257	ID:16	[WARN: IPv6      ] BLACKHOLE: dropping forwarded packet
06:25.270	ID:7	[INFO: App       ] Sending request 33 to fd00::201:1:1:1
06:25.312	ID:16	[WARN: IPv6      ] BLACKHOLE: forward check hit
06:25.312	ID:16	[WARN: IPv6      ] BLACKHOLE: dropping forwarded packet
06:26.585	ID:14	[INFO: App       ] Sending request 33 to fd00::201:1:1:1
06:26.674	ID:16	[WARN: IPv6      ] BLACKHOLE: forward check hit
06:26.674	ID:16	[WARN: IPv6      ] BLACKHOLE: dropping forwarded packet
06:28.345	ID:2	[INFO: App       ] Sending request 35 to fd00::201:1:1:1
06:28.363	ID:16	[WARN: IPv6      ] BLACKHOLE: forward check hit
06:28.363	ID:16	[WARN: IPv6      ] BLACKHOLE: dropping forwarded packet
06:28.369	ID:12	[INFO: App       ] Sending request 32 to fd00::201:1:1:1
06:28.455	ID:16	[WARN: IPv6      ] BLACKHOLE: forward check hit
06:28.455	ID:16	[WARN: IPv6      ] BLACKHOLE: dropping forwarded packet
06:29.552	ID:13	[INFO: App       ] Sending request 33 to fd00::201:1:1:1
06:29.597	ID:16	[WARN: IPv6      ] BLACKHOLE: forward check hit
06:29.597	ID:16	[WARN: IPv6      ] BLACKHOLE: dropping forwarded packet
06:30.217	ID:5	[INFO: App       ] Sending request 36 to fd00::201:1:1:1
06:30.243	ID:16	[WARN: IPv6      ] BLACKHOLE: forward check hit
06:30.243	ID:16	[WARN: IPv6      ] BLACKHOLE: dropping forwarded packet
06:32.757	ID:9	[INFO: App       ] Sending request 34 to fd00::201:1:1:1
06:32.777	ID:10	[INFO: App       ] Sending request 34 to fd00::201:1:1:1
06:32.796	ID:16	[WARN: IPv6      ] BLACKHOLE: forward check hit
06:32.796	ID:16	[WARN: IPv6      ] BLACKHOLE: dropping forwarded packet
06:32.857	ID:16	[WARN: IPv6      ] BLACKHOLE: forward check hit
06:32.857	ID:16	[WARN: IPv6      ] BLACKHOLE: dropping forwarded packet
06:33.728	ID:4	[INFO: App       ] Sending request 36 to fd00::201:1:1:1
06:33.753	ID:16	[WARN: IPv6      ] BLACKHOLE: forward check hit
06:33.753	ID:16	[WARN: IPv6      ] BLACKHOLE: dropping forwarded packet
06:33.949	ID:3	[INFO: App       ] Sending request 36 to fd00::201:1:1:1
06:33.964	ID:16	[WARN: IPv6      ] BLACKHOLE: forward check hit
06:33.964	ID:16	[WARN: IPv6      ] BLACKHOLE: dropping forwarded packet
06:34.361	ID:6	[INFO: App       ] Sending request 35 to fd00::201:1:1:1
06:34.425	ID:16	[WARN: IPv6      ] BLACKHOLE: forward check hit
06:34.425	ID:16	[WARN: IPv6      ] BLACKHOLE: dropping forwarded packet
06:34.430	ID:11	[INFO: App       ] Sending request 35 to fd00::201:1:1:1
06:34.486	ID:16	[WARN: IPv6      ] BLACKHOLE: forward check hit
06:34.486	ID:16	[WARN: IPv6      ] BLACKHOLE: dropping forwarded packet
06:34.497	ID:15	[INFO: App       ] Sending request 34 to fd00::201:1:1:1
06:34.513	ID:8	[INFO: App       ] Sending request 34 to fd00::201:1:1:1
06:34.545	ID:16	[WARN: IPv6      ] BLACKHOLE: forward check hit
06:34.545	ID:16	[WARN: IPv6      ] BLACKHOLE: dropping forwarded packet
06:34.590	ID:16	[WARN: IPv6      ] BLACKHOLE: forward check hit
06:34.590	ID:16	[WARN: IPv6      ] BLACKHOLE: dropping forwarded packet
06:35.861	ID:7	[INFO: App       ] Sending request 34 to fd00::201:1:1:1
06:35.873	ID:16	[WARN: IPv6      ] BLACKHOLE: forward check hit
06:35.873	ID:16	[WARN: IPv6      ] BLACKHOLE: dropping forwarded packet
06:36.940	ID:14	[INFO: App       ] Sending request 34 to fd00::201:1:1:1
06:37.044	ID:16	[WARN: IPv6      ] BLACKHOLE: forward check hit
06:37.044	ID:16	[WARN: IPv6      ] BLACKHOLE: dropping forwarded packet
06:37.986	ID:12	[INFO: App       ] Sending request 33 to fd00::201:1:1:1
06:38.059	ID:16	[WARN: IPv6      ] BLACKHOLE: forward check hit
06:38.059	ID:16	[WARN: IPv6      ] BLACKHOLE: dropping forwarded packet
06:38.091	ID:2	[INFO: App       ] Sending request 36 to fd00::201:1:1:1
06:38.118	ID:16	[WARN: IPv6      ] BLACKHOLE: forward check hit
06:38.118	ID:16	[WARN: IPv6      ] BLACKHOLE: dropping forwarded packet
06:40.291	ID:13	[INFO: App       ] Sending request 34 to fd00::201:1:1:1
06:40.359	ID:16	[WARN: IPv6      ] BLACKHOLE: forward check hit
06:40.359	ID:16	[WARN: IPv6      ] BLACKHOLE: dropping forwarded packet
06:40.806	ID:5	[INFO: App       ] Sending request 37 to fd00::201:1:1:1
06:40.848	ID:16	[WARN: IPv6      ] BLACKHOLE: forward check hit
06:40.848	ID:16	[WARN: IPv6      ] BLACKHOLE: dropping forwarded packet
06:42.276	ID:9	[INFO: App       ] Sending request 35 to fd00::201:1:1:1
06:42.314	ID:16	[WARN: IPv6      ] BLACKHOLE: forward check hit
06:42.314	ID:16	[WARN: IPv6      ] BLACKHOLE: dropping forwarded packet
06:42.434	ID:10	[INFO: App       ] Sending request 35 to fd00::201:1:1:1
06:42.501	ID:16	[WARN: IPv6      ] BLACKHOLE: forward check hit
06:42.501	ID:16	[WARN: IPv6      ] BLACKHOLE: dropping forwarded packet
06:43.377	ID:3	[INFO: App       ] Sending request 37 to fd00::201:1:1:1
06:43.411	ID:16	[WARN: IPv6      ] BLACKHOLE: forward check hit
06:43.411	ID:16	[WARN: IPv6      ] BLACKHOLE: dropping forwarded packet
06:43.807	ID:4	[INFO: App       ] Sending request 37 to fd00::201:1:1:1
06:43.832	ID:16	[WARN: IPv6      ] BLACKHOLE: forward check hit
06:43.832	ID:16	[WARN: IPv6      ] BLACKHOLE: dropping forwarded packet
06:43.853	ID:6	[INFO: App       ] Sending request 36 to fd00::201:1:1:1
06:43.905	ID:8	[INFO: App       ] Sending request 35 to fd00::201:1:1:1
06:43.924	ID:16	[WARN: IPv6      ] BLACKHOLE: forward check hit
06:43.924	ID:16	[WARN: IPv6      ] BLACKHOLE: dropping forwarded packet
06:43.936	ID:16	[WARN: IPv6      ] BLACKHOLE: forward check hit
06:43.936	ID:16	[WARN: IPv6      ] BLACKHOLE: dropping forwarded packet
06:44.572	ID:15	[INFO: App       ] Sending request 35 to fd00::201:1:1:1
06:44.627	ID:16	[WARN: IPv6      ] BLACKHOLE: forward check hit
06:44.627	ID:16	[WARN: IPv6      ] BLACKHOLE: dropping forwarded packet
06:45.100	ID:11	[INFO: App       ] Sending request 36 to fd00::201:1:1:1
06:45.126	ID:7	[INFO: App       ] Sending request 35 to fd00::201:1:1:1
06:45.165	ID:16	[WARN: IPv6      ] BLACKHOLE: forward check hit
06:45.165	ID:16	[WARN: IPv6      ] BLACKHOLE: dropping forwarded packet
06:45.190	ID:16	[WARN: IPv6      ] BLACKHOLE: forward check hit
06:45.190	ID:16	[WARN: IPv6      ] BLACKHOLE: dropping forwarded packet
06:47.191	ID:14	[INFO: App       ] Sending request 35 to fd00::201:1:1:1
06:47.311	ID:16	[WARN: IPv6      ] BLACKHOLE: forward check hit
06:47.311	ID:16	[WARN: IPv6      ] BLACKHOLE: dropping forwarded packet
06:47.470	ID:2	[INFO: App       ] Sending request 37 to fd00::201:1:1:1
06:47.506	ID:16	[WARN: IPv6      ] BLACKHOLE: forward check hit
06:47.506	ID:16	[WARN: IPv6      ] BLACKHOLE: dropping forwarded packet
06:48.574	ID:12	[INFO: App       ] Sending request 34 to fd00::201:1:1:1
06:48.669	ID:16	[WARN: IPv6      ] BLACKHOLE: forward check hit
06:48.669	ID:16	[WARN: IPv6      ] BLACKHOLE: dropping forwarded packet
06:50.270	ID:5	[INFO: App       ] Sending request 38 to fd00::201:1:1:1
06:50.314	ID:16	[WARN: IPv6      ] BLACKHOLE: forward check hit
06:50.314	ID:16	[WARN: IPv6      ] BLACKHOLE: dropping forwarded packet
06:50.360	ID:13	[INFO: App       ] Sending request 35 to fd00::201:1:1:1
06:50.448	ID:16	[WARN: IPv6      ] BLACKHOLE: forward check hit
06:50.448	ID:16	[WARN: IPv6      ] BLACKHOLE: dropping forwarded packet
06:52.922	ID:9	[INFO: App       ] Sending request 36 to fd00::201:1:1:1
06:52.959	ID:16	[WARN: IPv6      ] BLACKHOLE: forward check hit
06:52.959	ID:16	[WARN: IPv6      ] BLACKHOLE: dropping forwarded packet
06:53.088	ID:3	[INFO: App       ] Sending request 38 to fd00::201:1:1:1
06:53.100	ID:16	[WARN: IPv6      ] BLACKHOLE: forward check hit
06:53.100	ID:16	[WARN: IPv6      ] BLACKHOLE: dropping forwarded packet
06:53.427	ID:10	[INFO: App       ] Sending request 36 to fd00::201:1:1:1
06:53.491	ID:16	[WARN: IPv6      ] BLACKHOLE: forward check hit
06:53.491	ID:16	[WARN: IPv6      ] BLACKHOLE: dropping forwarded packet
06:53.975	ID:6	[INFO: App       ] Sending request 37 to fd00::201:1:1:1
06:54.032	ID:16	[WARN: IPv6      ] BLACKHOLE: forward check hit
06:54.032	ID:16	[WARN: IPv6      ] BLACKHOLE: dropping forwarded packet
06:54.181	ID:4	[INFO: App       ] Sending request 38 to fd00::201:1:1:1
06:54.221	ID:16	[WARN: IPv6      ] BLACKHOLE: forward check hit
06:54.221	ID:16	[WARN: IPv6      ] BLACKHOLE: dropping forwarded packet
06:54.610	ID:15	[INFO: App       ] Sending request 36 to fd00::201:1:1:1
06:54.668	ID:8	[INFO: App       ] Sending request 36 to fd00::201:1:1:1
06:54.671	ID:16	[WARN: IPv6      ] BLACKHOLE: forward check hit
06:54.671	ID:16	[WARN: IPv6      ] BLACKHOLE: dropping forwarded packet
06:54.700	ID:16	[WARN: IPv6      ] BLACKHOLE: forward check hit
06:54.700	ID:16	[WARN: IPv6      ] BLACKHOLE: dropping forwarded packet
06:54.757	ID:11	[INFO: App       ] Sending request 37 to fd00::201:1:1:1
06:54.827	ID:16	[WARN: IPv6      ] BLACKHOLE: forward check hit
06:54.827	ID:16	[WARN: IPv6      ] BLACKHOLE: dropping forwarded packet
06:55.346	ID:7	[INFO: App       ] Sending request 36 to fd00::201:1:1:1
06:55.383	ID:16	[WARN: IPv6      ] BLACKHOLE: forward check hit
06:55.383	ID:16	[WARN: IPv6      ] BLACKHOLE: dropping forwarded packet
06:56.829	ID:2	[INFO: App       ] Sending request 38 to fd00::201:1:1:1
06:56.834	ID:14	[INFO: App       ] Sending request 36 to fd00::201:1:1:1
06:56.874	ID:16	[WARN: IPv6      ] BLACKHOLE: forward check hit
06:56.874	ID:16	[WARN: IPv6      ] BLACKHOLE: dropping forwarded packet
06:56.938	ID:16	[WARN: IPv6      ] BLACKHOLE: forward check hit
06:56.938	ID:16	[WARN: IPv6      ] BLACKHOLE: dropping forwarded packet
06:59.430	ID:12	[INFO: App       ] Sending request 35 to fd00::201:1:1:1
06:59.521	ID:16	[WARN: IPv6      ] BLACKHOLE: forward check hit
06:59.521	ID:16	[WARN: IPv6      ] BLACKHOLE: dropping forwarded packet
06:59.751	ID:5	[INFO: App       ] Sending request 39 to fd00::201:1:1:1
06:59.764	ID:16	[WARN: IPv6      ] BLACKHOLE: forward check hit
06:59.764	ID:16	[WARN: IPv6      ] BLACKHOLE: dropping forwarded packet
07:00.179	ID:13	[INFO: App       ] Sending request 36 to fd00::201:1:1:1
07:00.250	ID:16	[WARN: IPv6      ] BLACKHOLE: forward check hit
07:00.250	ID:16	[WARN: IPv6      ] BLACKHOLE: dropping forwarded packet
07:02.109	ID:9	[INFO: App       ] Sending request 37 to fd00::201:1:1:1
07:02.173	ID:16	[WARN: IPv6      ] BLACKHOLE: forward check hit
07:02.173	ID:16	[WARN: IPv6      ] BLACKHOLE: dropping forwarded packet
07:02.771	ID:3	[INFO: App       ] Sending request 39 to fd00::201:1:1:1
07:02.781	ID:16	[WARN: IPv6      ] BLACKHOLE: forward check hit
07:02.781	ID:16	[WARN: IPv6      ] BLACKHOLE: dropping forwarded packet
07:03.986	ID:15	[INFO: App       ] Sending request 37 to fd00::201:1:1:1
07:04.061	ID:16	[WARN: IPv6      ] BLACKHOLE: forward check hit
07:04.061	ID:16	[WARN: IPv6      ] BLACKHOLE: dropping forwarded packet
07:04.225	ID:6	[INFO: App       ] Sending request 38 to fd00::201:1:1:1
07:04.267	ID:16	[WARN: IPv6      ] BLACKHOLE: forward check hit
07:04.267	ID:16	[WARN: IPv6      ] BLACKHOLE: dropping forwarded packet
07:04.412	ID:10	[INFO: App       ] Sending request 37 to fd00::201:1:1:1
07:04.442	ID:8	[INFO: App       ] Sending request 37 to fd00::201:1:1:1
07:04.473	ID:16	[WARN: IPv6      ] BLACKHOLE: forward check hit
07:04.473	ID:16	[WARN: IPv6      ] BLACKHOLE: dropping forwarded packet
07:04.563	ID:16	[WARN: IPv6      ] BLACKHOLE: forward check hit
07:04.563	ID:16	[WARN: IPv6      ] BLACKHOLE: dropping forwarded packet
07:04.777	ID:11	[INFO: App       ] Sending request 38 to fd00::201:1:1:1
07:04.824	ID:16	[WARN: IPv6      ] BLACKHOLE: forward check hit
07:04.824	ID:16	[WARN: IPv6      ] BLACKHOLE: dropping forwarded packet
07:04.851	ID:4	[INFO: App       ] Sending request 39 to fd00::201:1:1:1
07:04.875	ID:16	[WARN: IPv6      ] BLACKHOLE: forward check hit
07:04.875	ID:16	[WARN: IPv6      ] BLACKHOLE: dropping forwarded packet
07:05.975	ID:7	[INFO: App       ] Sending request 37 to fd00::201:1:1:1
07:05.998	ID:16	[WARN: IPv6      ] BLACKHOLE: forward check hit
07:05.998	ID:16	[WARN: IPv6      ] BLACKHOLE: dropping forwarded packet
07:07.041	ID:14	[INFO: App       ] Sending request 37 to fd00::201:1:1:1
07:07.134	ID:16	[WARN: IPv6      ] BLACKHOLE: forward check hit
07:07.134	ID:16	[WARN: IPv6      ] BLACKHOLE: dropping forwarded packet
07:07.410	ID:2	[INFO: App       ] Sending request 39 to fd00::201:1:1:1
07:07.446	ID:16	[WARN: IPv6      ] BLACKHOLE: forward check hit
07:07.446	ID:16	[WARN: IPv6      ] BLACKHOLE: dropping forwarded packet
07:10.325	ID:12	[INFO: App       ] Sending request 36 to fd00::201:1:1:1
07:10.390	ID:5	[INFO: App       ] Tx/Rx/MissedTx: 40/22/0
07:10.390	ID:5	[INFO: App       ] Sending request 40 to fd00::201:1:1:1
07:10.424	ID:16	[WARN: IPv6      ] BLACKHOLE: forward check hit
07:10.424	ID:16	[WARN: IPv6      ] BLACKHOLE: dropping forwarded packet
07:10.437	ID:16	[WARN: IPv6      ] BLACKHOLE: forward check hit
07:10.437	ID:16	[WARN: IPv6      ] BLACKHOLE: dropping forwarded packet
07:11.029	ID:13	[INFO: App       ] Sending request 37 to fd00::201:1:1:1
07:11.107	ID:16	[WARN: IPv6      ] BLACKHOLE: forward check hit
07:11.107	ID:16	[WARN: IPv6      ] BLACKHOLE: dropping forwarded packet
07:12.446	ID:3	[INFO: App       ] Tx/Rx/MissedTx: 40/21/0
07:12.446	ID:3	[INFO: App       ] Sending request 40 to fd00::201:1:1:1
07:12.465	ID:9	[INFO: App       ] Sending request 38 to fd00::201:1:1:1
07:12.480	ID:16	[WARN: IPv6      ] BLACKHOLE: forward check hit
07:12.480	ID:16	[WARN: IPv6      ] BLACKHOLE: dropping forwarded packet
07:12.556	ID:16	[WARN: IPv6      ] BLACKHOLE: forward check hit
07:12.556	ID:16	[WARN: IPv6      ] BLACKHOLE: dropping forwarded packet
07:14.192	ID:15	[INFO: App       ] Sending request 38 to fd00::201:1:1:1
07:14.238	ID:16	[WARN: IPv6      ] BLACKHOLE: forward check hit
07:14.238	ID:16	[WARN: IPv6      ] BLACKHOLE: dropping forwarded packet
07:14.297	ID:8	[INFO: App       ] Sending request 38 to fd00::201:1:1:1
07:14.330	ID:16	[WARN: IPv6      ] BLACKHOLE: forward check hit
07:14.330	ID:16	[WARN: IPv6      ] BLACKHOLE: dropping forwarded packet
07:14.696	ID:11	[INFO: App       ] Sending request 39 to fd00::201:1:1:1
07:14.711	ID:16	[WARN: IPv6      ] BLACKHOLE: forward check hit
07:14.711	ID:16	[WARN: IPv6      ] BLACKHOLE: dropping forwarded packet
07:14.937	ID:6	[INFO: App       ] Sending request 39 to fd00::201:1:1:1
07:15.001	ID:16	[WARN: IPv6      ] BLACKHOLE: forward check hit
07:15.001	ID:16	[WARN: IPv6      ] BLACKHOLE: dropping forwarded packet
07:15.024	ID:10	[INFO: App       ] Sending request 38 to fd00::201:1:1:1
07:15.084	ID:16	[WARN: IPv6      ] BLACKHOLE: forward check hit
07:15.084	ID:16	[WARN: IPv6      ] BLACKHOLE: dropping forwarded packet
07:15.563	ID:4	[INFO: App       ] Tx/Rx/MissedTx: 40/21/0
07:15.563	ID:4	[INFO: App       ] Sending request 40 to fd00::201:1:1:1
07:15.608	ID:16	[WARN: IPv6      ] BLACKHOLE: forward check hit
07:15.608	ID:16	[WARN: IPv6      ] BLACKHOLE: dropping forwarded packet
07:16.079	ID:7	[INFO: App       ] Sending request 38 to fd00::201:1:1:1
07:16.128	ID:16	[WARN: IPv6      ] BLACKHOLE: forward check hit
07:16.128	ID:16	[WARN: IPv6      ] BLACKHOLE: dropping forwarded packet
07:16.448	ID:14	[INFO: App       ] Sending request 38 to fd00::201:1:1:1
07:16.497	ID:16	[WARN: IPv6      ] BLACKHOLE: forward check hit
07:16.497	ID:16	[WARN: IPv6      ] BLACKHOLE: dropping forwarded packet
07:17.558	ID:2	[INFO: App       ] Tx/Rx/MissedTx: 40/21/0
07:17.558	ID:2	[INFO: App       ] Sending request 40 to fd00::201:1:1:1
07:17.600	ID:16	[WARN: IPv6      ] BLACKHOLE: forward check hit
07:17.600	ID:16	[WARN: IPv6      ] BLACKHOLE: dropping forwarded packet
07:19.869	ID:5	[INFO: App       ] Sending request 41 to fd00::201:1:1:1
07:19.894	ID:16	[WARN: IPv6      ] BLACKHOLE: forward check hit
07:19.894	ID:16	[WARN: IPv6      ] BLACKHOLE: dropping forwarded packet
07:20.981	ID:12	[INFO: App       ] Sending request 37 to fd00::201:1:1:1
07:21.023	ID:16	[WARN: IPv6      ] BLACKHOLE: forward check hit
07:21.023	ID:16	[WARN: IPv6      ] BLACKHOLE: dropping forwarded packet
07:21.574	ID:13	[INFO: App       ] Sending request 38 to fd00::201:1:1:1
07:21.676	ID:16	[WARN: IPv6      ] BLACKHOLE: forward check hit
07:21.676	ID:16	[WARN: IPv6      ] BLACKHOLE: dropping forwarded packet
07:21.855	ID:3	[INFO: App       ] Sending request 41 to fd00::201:1:1:1
07:21.895	ID:16	[WARN: IPv6      ] BLACKHOLE: forward check hit
07:21.895	ID:16	[WARN: IPv6      ] BLACKHOLE: dropping forwarded packet
07:21.902	ID:9	[INFO: App       ] Sending request 39 to fd00::201:1:1:1
07:21.959	ID:16	[WARN: IPv6      ] BLACKHOLE: forward check hit
07:21.959	ID:16	[WARN: IPv6      ] BLACKHOLE: dropping forwarded packet
07:23.548	ID:15	[INFO: App       ] Sending request 39 to fd00::201:1:1:1
07:23.615	ID:16	[WARN: IPv6      ] BLACKHOLE: forward check hit
07:23.615	ID:16	[WARN: IPv6      ] BLACKHOLE: dropping forwarded packet
07:23.778	ID:8	[INFO: App       ] Sending request 39 to fd00::201:1:1:1
07:23.847	ID:16	[WARN: IPv6      ] BLACKHOLE: forward check hit
07:23.847	ID:16	[WARN: IPv6      ] BLACKHOLE: dropping forwarded packet
07:24.058	ID:11	[INFO: App       ] Tx/Rx/MissedTx: 40/20/0
07:24.058	ID:11	[INFO: App       ] Sending request 40 to fd00::201:1:1:1
07:24.104	ID:16	[WARN: IPv6      ] BLACKHOLE: forward check hit
07:24.104	ID:16	[WARN: IPv6      ] BLACKHOLE: dropping forwarded packet
07:24.818	ID:6	[INFO: App       ] Tx/Rx/MissedTx: 40/20/0
07:24.818	ID:6	[INFO: App       ] Sending request 40 to fd00::201:1:1:1
07:24.887	ID:16	[WARN: IPv6      ] BLACKHOLE: forward check hit
07:24.887	ID:16	[WARN: IPv6      ] BLACKHOLE: dropping forwarded packet
07:25.219	ID:4	[INFO: App       ] Sending request 41 to fd00::201:1:1:1
07:25.251	ID:16	[WARN: IPv6      ] BLACKHOLE: forward check hit
07:25.251	ID:16	[WARN: IPv6      ] BLACKHOLE: dropping forwarded packet
07:25.334	ID:10	[INFO: App       ] Sending request 39 to fd00::201:1:1:1
07:25.410	ID:16	[WARN: IPv6      ] BLACKHOLE: forward check hit
07:25.410	ID:16	[WARN: IPv6      ] BLACKHOLE: dropping forwarded packet
07:26.209	ID:14	[INFO: App       ] Sending request 39 to fd00::201:1:1:1
07:26.280	ID:16	[WARN: IPv6      ] BLACKHOLE: forward check hit
07:26.280	ID:16	[WARN: IPv6      ] BLACKHOLE: dropping forwarded packet
07:26.413	ID:7	[INFO: App       ] Sending request 39 to fd00::201:1:1:1
07:26.478	ID:16	[WARN: IPv6      ] BLACKHOLE: forward check hit
07:26.478	ID:16	[WARN: IPv6      ] BLACKHOLE: dropping forwarded packet
07:28.148	ID:2	[INFO: App       ] Sending request 41 to fd00::201:1:1:1
07:28.182	ID:16	[WARN: IPv6      ] BLACKHOLE: forward check hit
07:28.182	ID:16	[WARN: IPv6      ] BLACKHOLE: dropping forwarded packet
07:30.063	ID:5	[INFO: App       ] Sending request 42 to fd00::201:1:1:1
07:30.084	ID:16	[WARN: IPv6      ] BLACKHOLE: forward check hit
07:30.084	ID:16	[WARN: IPv6      ] BLACKHOLE: dropping forwarded packet
07:30.553	ID:12	[INFO: App       ] Sending request 38 to fd00::201:1:1:1
07:30.675	ID:16	[WARN: IPv6      ] BLACKHOLE: forward check hit
07:30.675	ID:16	[WARN: IPv6      ] BLACKHOLE: dropping forwarded packet
07:30.983	ID:13	[INFO: App       ] Sending request 39 to fd00::201:1:1:1
07:31.022	ID:16	[WARN: IPv6      ] BLACKHOLE: forward check hit
07:31.022	ID:16	[WARN: IPv6      ] BLACKHOLE: dropping forwarded packet
07:31.033	ID:9	[INFO: App       ] Tx/Rx/MissedTx: 40/19/0
07:31.033	ID:9	[INFO: App       ] Sending request 40 to fd00::201:1:1:1
07:31.062	ID:16	[WARN: IPv6      ] BLACKHOLE: forward check hit
07:31.062	ID:16	[WARN: IPv6      ] BLACKHOLE: dropping forwarded packet
07:31.418	ID:3	[INFO: App       ] Sending request 42 to fd00::201:1:1:1
07:31.428	ID:16	[WARN: IPv6      ] BLACKHOLE: forward check hit
07:31.428	ID:16	[WARN: IPv6      ] BLACKHOLE: dropping forwarded packet
07:33.942	ID:8	[INFO: App       ] Tx/Rx/MissedTx: 40/19/0
07:33.942	ID:8	[INFO: App       ] Sending request 40 to fd00::201:1:1:1
07:33.982	ID:11	[INFO: App       ] Sending request 41 to fd00::201:1:1:1
07:33.986	ID:16	[WARN: IPv6      ] BLACKHOLE: forward check hit
07:33.986	ID:16	[WARN: IPv6      ] BLACKHOLE: dropping forwarded packet
07:34.021	ID:16	[WARN: IPv6      ] BLACKHOLE: forward check hit
07:34.021	ID:16	[WARN: IPv6      ] BLACKHOLE: dropping forwarded packet
07:34.286	ID:15	[INFO: App       ] Tx/Rx/MissedTx: 40/19/0
07:34.286	ID:15	[INFO: App       ] Sending request 40 to fd00::201:1:1:1
07:34.330	ID:16	[WARN: IPv6      ] BLACKHOLE: forward check hit
07:34.330	ID:16	[WARN: IPv6      ] BLACKHOLE: dropping forwarded packet
07:34.666	ID:6	[INFO: App       ] Sending request 41 to fd00::201:1:1:1
07:34.724	ID:16	[WARN: IPv6      ] BLACKHOLE: forward check hit
07:34.724	ID:16	[WARN: IPv6      ] BLACKHOLE: dropping forwarded packet
07:34.894	ID:4	[INFO: App       ] Sending request 42 to fd00::201:1:1:1
07:34.934	ID:16	[WARN: IPv6      ] BLACKHOLE: forward check hit
07:34.934	ID:16	[WARN: IPv6      ] BLACKHOLE: dropping forwarded packet
07:35.989	ID:14	[INFO: App       ] Tx/Rx/MissedTx: 40/18/0
07:35.989	ID:14	[INFO: App       ] Sending request 40 to fd00::201:1:1:1
07:36.083	ID:16	[WARN: IPv6      ] BLACKHOLE: forward check hit
07:36.083	ID:16	[WARN: IPv6      ] BLACKHOLE: dropping forwarded packet
07:36.151	ID:10	[INFO: App       ] Tx/Rx/MissedTx: 40/19/0
07:36.151	ID:10	[INFO: App       ] Sending request 40 to fd00::201:1:1:1
07:36.224	ID:16	[WARN: IPv6      ] BLACKHOLE: forward check hit
07:36.224	ID:16	[WARN: IPv6      ] BLACKHOLE: dropping forwarded packet
07:36.686	ID:7	[INFO: App       ] Tx/Rx/MissedTx: 40/19/0
07:36.686	ID:7	[INFO: App       ] Sending request 40 to fd00::201:1:1:1
07:36.715	ID:16	[WARN: IPv6      ] BLACKHOLE: forward check hit
07:36.715	ID:16	[WARN: IPv6      ] BLACKHOLE: dropping forwarded packet
07:38.628	ID:2	[INFO: App       ] Sending request 42 to fd00::201:1:1:1
07:38.656	ID:16	[WARN: IPv6      ] BLACKHOLE: forward check hit
07:38.656	ID:16	[WARN: IPv6      ] BLACKHOLE: dropping forwarded packet
07:39.330	ID:5	[INFO: App       ] Sending request 43 to fd00::201:1:1:1
07:39.346	ID:16	[WARN: IPv6      ] BLACKHOLE: forward check hit
07:39.346	ID:16	[WARN: IPv6      ] BLACKHOLE: dropping forwarded packet
07:39.757	ID:12	[INFO: App       ] Sending request 39 to fd00::201:1:1:1
07:39.836	ID:16	[WARN: IPv6      ] BLACKHOLE: forward check hit
07:39.836	ID:16	[WARN: IPv6      ] BLACKHOLE: dropping forwarded packet
07:40.685	ID:13	[INFO: App       ] Tx/Rx/MissedTx: 40/18/0
07:40.685	ID:13	[INFO: App       ] Sending request 40 to fd00::201:1:1:1
07:40.781	ID:16	[WARN: IPv6      ] BLACKHOLE: forward check hit
07:40.781	ID:16	[WARN: IPv6      ] BLACKHOLE: dropping forwarded packet
07:42.017	ID:9	[INFO: App       ] Sending request 41 to fd00::201:1:1:1
07:42.063	ID:16	[WARN: IPv6      ] BLACKHOLE: forward check hit
07:42.063	ID:16	[WARN: IPv6      ] BLACKHOLE: dropping forwarded packet
07:42.375	ID:3	[INFO: App       ] Sending request 43 to fd00::201:1:1:1
07:42.385	ID:16	[WARN: IPv6      ] BLACKHOLE: forward check hit
07:42.385	ID:16	[WARN: IPv6      ] BLACKHOLE: dropping forwarded packet
07:43.591	ID:11	[INFO: App       ] Sending request 42 to fd00::201:1:1:1
07:43.635	ID:16	[WARN: IPv6      ] BLACKHOLE: forward check hit
07:43.635	ID:16	[WARN: IPv6      ] BLACKHOLE: dropping forwarded packet
07:44.473	ID:8	[INFO: App       ] Sending request 41 to fd00::201:1:1:1
07:44.480	ID:15	[INFO: App       ] Sending request 41 to fd00::201:1:1:1
07:44.511	ID:16	[WARN: IPv6      ] BLACKHOLE: forward check hit
07:44.511	ID:16	[WARN: IPv6      ] BLACKHOLE: dropping forwarded packet
07:44.578	ID:16	[WARN: IPv6      ] BLACKHOLE: forward check hit
07:44.578	ID:16	[WARN: IPv6      ] BLACKHOLE: dropping forwarded packet
07:44.938	ID:6	[INFO: App       ] Sending request 42 to fd00::201:1:1:1
07:44.969	ID:16	[WARN: IPv6      ] BLACKHOLE: forward check hit
07:44.969	ID:16	[WARN: IPv6      ] BLACKHOLE: dropping forwarded packet
07:45.626	ID:4	[INFO: App       ] Sending request 43 to fd00::201:1:1:1
07:45.670	ID:16	[WARN: IPv6      ] BLACKHOLE: forward check hit
07:45.670	ID:16	[WARN: IPv6      ] BLACKHOLE: dropping forwarded packet
07:45.937	ID:10	[INFO: App       ] Sending request 41 to fd00::201:1:1:1
07:45.975	ID:16	[WARN: IPv6      ] BLACKHOLE: forward check hit
07:45.975	ID:16	[WARN: IPv6      ] BLACKHOLE: dropping forwarded packet
07:46.104	ID:7	[INFO: App       ] Sending request 41 to fd00::201:1:1:1
07:46.148	ID:16	[WARN: IPv6      ] BLACKHOLE: forward check hit
07:46.148	ID:16	[WARN: IPv6      ] BLACKHOLE: dropping forwarded packet
07:46.378	ID:14	[INFO: App       ] Sending request 41 to fd00::201:1:1:1
07:46.421	ID:16	[WARN: IPv6      ] BLACKHOLE: forward check hit
07:46.421	ID:16	[WARN: IPv6      ] BLACKHOLE: dropping forwarded packet
07:48.459	ID:5	[INFO: App       ] Sending request 44 to fd00::201:1:1:1
07:48.468	ID:2	[INFO: App       ] Sending request 43 to fd00::201:1:1:1
07:48.472	ID:16	[WARN: IPv6      ] BLACKHOLE: forward check hit
07:48.472	ID:16	[WARN: IPv6      ] BLACKHOLE: dropping forwarded packet
07:48.483	ID:16	[WARN: IPv6      ] BLACKHOLE: forward check hit
07:48.483	ID:16	[WARN: IPv6      ] BLACKHOLE: dropping forwarded packet
07:49.690	ID:13	[INFO: App       ] Sending request 41 to fd00::201:1:1:1
07:49.750	ID:16	[WARN: IPv6      ] BLACKHOLE: forward check hit
07:49.750	ID:16	[WARN: IPv6      ] BLACKHOLE: dropping forwarded packet
07:50.417	ID:12	[INFO: App       ] Tx/Rx/MissedTx: 40/18/0
07:50.417	ID:12	[INFO: App       ] Sending request 40 to fd00::201:1:1:1
07:50.486	ID:16	[WARN: IPv6      ] BLACKHOLE: forward check hit
07:50.486	ID:16	[WARN: IPv6      ] BLACKHOLE: dropping forwarded packet
07:51.710	ID:3	[INFO: App       ] Sending request 44 to fd00::201:1:1:1
07:51.715	ID:16	[WARN: IPv6      ] BLACKHOLE: forward check hit
07:51.715	ID:16	[WARN: IPv6      ] BLACKHOLE: dropping forwarded packet
07:52.591	ID:9	[INFO: App       ] Sending request 42 to fd00::201:1:1:1
07:52.668	ID:16	[WARN: IPv6      ] BLACKHOLE: forward check hit
07:52.668	ID:16	[WARN: IPv6      ] BLACKHOLE: dropping forwarded packet
07:53.947	ID:6	[INFO: App       ] Sending request 43 to fd00::201:1:1:1
07:53.974	ID:11	[INFO: App       ] Sending request 43 to fd00::201:1:1:1
07:54.015	ID:16	[WARN: IPv6      ] BLACKHOLE: forward check hit
07:54.015	ID:16	[WARN: IPv6      ] BLACKHOLE: dropping forwarded packet
07:54.036	ID:16	[WARN: IPv6      ] BLACKHOLE: forward check hit
07:54.036	ID:16	[WARN: IPv6      ] BLACKHOLE: dropping forwarded packet
07:54.125	ID:8	[INFO: App       ] Sending request 42 to fd00::201:1:1:1
07:54.188	ID:16	[WARN: IPv6      ] BLACKHOLE: forward check hit
07:54.188	ID:16	[WARN: IPv6      ] BLACKHOLE: dropping forwarded packet
07:54.609	ID:15	[INFO: App       ] Sending request 42 to fd00::201:1:1:1
07:54.711	ID:16	[WARN: IPv6      ] BLACKHOLE: forward check hit
07:54.711	ID:16	[WARN: IPv6      ] BLACKHOLE: dropping forwarded packet
07:55.348	ID:10	[INFO: App       ] Sending request 42 to fd00::201:1:1:1
07:55.372	ID:16	[WARN: IPv6      ] BLACKHOLE: forward check hit
07:55.372	ID:16	[WARN: IPv6      ] BLACKHOLE: dropping forwarded packet
07:55.408	ID:4	[INFO: App       ] Sending request 44 to fd00::201:1:1:1
07:55.447	ID:16	[WARN: IPv6      ] BLACKHOLE: forward check hit
07:55.447	ID:16	[WARN: IPv6      ] BLACKHOLE: dropping forwarded packet
07:55.791	ID:7	[INFO: App       ] Sending request 42 to fd00::201:1:1:1
07:55.839	ID:16	[WARN: IPv6      ] BLACKHOLE: forward check hit
07:55.839	ID:16	[WARN: IPv6      ] BLACKHOLE: dropping forwarded packet
07:55.922	ID:14	[INFO: App       ] Sending request 42 to fd00::201:1:1:1
07:56.005	ID:16	[WARN: IPv6      ] BLACKHOLE: forward check hit
07:56.005	ID:16	[WARN: IPv6      ] BLACKHOLE: dropping forwarded packet
07:57.834	ID:5	[INFO: App       ] Sending request 45 to fd00::201:1:1:1
07:57.859	ID:16	[WARN: IPv6      ] BLACKHOLE: forward check hit
07:57.859	ID:16	[WARN: IPv6      ] BLACKHOLE: dropping forwarded packet
07:58.843	ID:13	[INFO: App       ] Sending request 42 to fd00::201:1:1:1
07:58.890	ID:2	[INFO: App       ] Sending request 44 to fd00::201:1:1:1
07:58.920	ID:16	[WARN: IPv6      ] BLACKHOLE: forward check hit
07:58.920	ID:16	[WARN: IPv6      ] BLACKHOLE: dropping forwarded packet
07:58.939	ID:16	[WARN: IPv6      ] BLACKHOLE: forward check hit
07:58.939	ID:16	[WARN: IPv6      ] BLACKHOLE: dropping forwarded packet
08:00.342	ID:12	[INFO: App       ] Sending request 41 to fd00::201:1:1:1
08:00.428	ID:16	[WARN: IPv6      ] BLACKHOLE: forward check hit
08:00.428	ID:16	[WARN: IPv6      ] BLACKHOLE: dropping forwarded packet
08:01.495	ID:3	[INFO: App       ] Sending request 45 to fd00::201:1:1:1
08:01.509	ID:16	[WARN: IPv6      ] BLACKHOLE: forward check hit
08:01.509	ID:16	[WARN: IPv6      ] BLACKHOLE: dropping forwarded packet
08:01.701	ID:9	[INFO: App       ] Sending request 43 to fd00::201:1:1:1
08:01.759	ID:16	[WARN: IPv6      ] BLACKHOLE: forward check hit
08:01.759	ID:16	[WARN: IPv6      ] BLACKHOLE: dropping forwarded packet
08:02.979	ID:11	[INFO: App       ] Sending request 44 to fd00::201:1:1:1
08:03.036	ID:16	[WARN: IPv6      ] BLACKHOLE: forward check hit
08:03.036	ID:16	[WARN: IPv6      ] BLACKHOLE: dropping forwarded packet
08:03.830	ID:15	[INFO: App       ] Sending request 43 to fd00::201:1:1:1
08:03.839	ID:6	[INFO: App       ] Sending request 44 to fd00::201:1:1:1
08:03.889	ID:16	[WARN: IPv6      ] BLACKHOLE: forward check hit
08:03.889	ID:16	[WARN: IPv6      ] BLACKHOLE: dropping forwarded packet
08:03.899	ID:16	[WARN: IPv6      ] BLACKHOLE: forward check hit
08:03.899	ID:16	[WARN: IPv6      ] BLACKHOLE: dropping forwarded packet
08:04.910	ID:8	[INFO: App       ] Sending request 43 to fd00::201:1:1:1
08:04.964	ID:16	[WARN: IPv6      ] BLACKHOLE: forward check hit
08:04.964	ID:16	[WARN: IPv6      ] BLACKHOLE: dropping forwarded packet
08:05.035	ID:4	[INFO: App       ] Sending request 45 to fd00::201:1:1:1
08:05.065	ID:16	[WARN: IPv6      ] BLACKHOLE: forward check hit
08:05.065	ID:16	[WARN: IPv6      ] BLACKHOLE: dropping forwarded packet
08:05.410	ID:7	[INFO: App       ] Sending request 43 to fd00::201:1:1:1
08:05.449	ID:16	[WARN: IPv6      ] BLACKHOLE: forward check hit
08:05.449	ID:16	[WARN: IPv6      ] BLACKHOLE: dropping forwarded packet
08:05.611	ID:14	[INFO: App       ] Sending request 43 to fd00::201:1:1:1
08:05.704	ID:16	[WARN: IPv6      ] BLACKHOLE: forward check hit
08:05.704	ID:16	[WARN: IPv6      ] BLACKHOLE: dropping forwarded packet
08:05.892	ID:10	[INFO: App       ] Sending request 43 to fd00::201:1:1:1
08:05.926	ID:16	[WARN: IPv6      ] BLACKHOLE: forward check hit
08:05.926	ID:16	[WARN: IPv6      ] BLACKHOLE: dropping forwarded packet
08:07.892	ID:13	[INFO: App       ] Sending request 43 to fd00::201:1:1:1
08:07.955	ID:16	[WARN: IPv6      ] BLACKHOLE: forward check hit
08:07.955	ID:16	[WARN: IPv6      ] BLACKHOLE: dropping forwarded packet
08:08.635	ID:5	[INFO: App       ] Sending request 46 to fd00::201:1:1:1
08:08.654	ID:16	[WARN: IPv6      ] BLACKHOLE: forward check hit
08:08.654	ID:16	[WARN: IPv6      ] BLACKHOLE: dropping forwarded packet
08:09.274	ID:2	[INFO: App       ] Sending request 45 to fd00::201:1:1:1
08:09.300	ID:16	[WARN: IPv6      ] BLACKHOLE: forward check hit
08:09.300	ID:16	[WARN: IPv6      ] BLACKHOLE: dropping forwarded packet
08:10.693	ID:3	[INFO: App       ] Sending request 46 to fd00::201:1:1:1
08:10.720	ID:16	[WARN: IPv6      ] BLACKHOLE: forward check hit
08:10.720	ID:16	[WARN: IPv6      ] BLACKHOLE: dropping forwarded packet
08:10.787	ID:12	[INFO: App       ] Sending request 42 to fd00::201:1:1:1
08:10.897	ID:16	[WARN: IPv6      ] BLACKHOLE: forward check hit
08:10.897	ID:16	[WARN: IPv6      ] BLACKHOLE: dropping forwarded packet
08:11.042	ID:9	[INFO: App       ] Sending request 44 to fd00::201:1:1:1
08:11.098	ID:16	[WARN: IPv6      ] BLACKHOLE: forward check hit
08:11.098	ID:16	[WARN: IPv6      ] BLACKHOLE: dropping forwarded packet
08:12.885	ID:15	[INFO: App       ] Sending request 44 to fd00::201:1:1:1
08:12.931	ID:16	[WARN: IPv6      ] BLACKHOLE: forward check hit
08:12.931	ID:16	[WARN: IPv6      ] BLACKHOLE: dropping forwarded packet
08:13.374	ID:11	[INFO: App       ] Sending request 45 to fd00::201:1:1:1
08:13.451	ID:16	[WARN: IPv6      ] BLACKHOLE: forward check hit
08:13.451	ID:16	[WARN: IPv6      ] BLACKHOLE: dropping forwarded packet
08:14.079	ID:6	[INFO: App       ] Sending request 45 to fd00::201:1:1:1
08:14.140	ID:16	[WARN: IPv6      ] BLACKHOLE: forward check hit
08:14.140	ID:16	[WARN: IPv6      ] BLACKHOLE: dropping forwarded packet
08:14.616	ID:8	[INFO: App       ] Sending request 44 to fd00::201:1:1:1
08:14.668	ID:16	[WARN: IPv6      ] BLACKHOLE: forward check hit
08:14.668	ID:16	[WARN: IPv6      ] BLACKHOLE: dropping forwarded packet
08:14.702	ID:14	[INFO: App       ] Sending request 44 to fd00::201:1:1:1
08:14.742	ID:16	[WARN: IPv6      ] BLACKHOLE: forward check hit
08:14.742	ID:16	[WARN: IPv6      ] BLACKHOLE: dropping forwarded packet
08:15.661	ID:7	[INFO: App       ] Sending request 44 to fd00::201:1:1:1
08:15.710	ID:16	[WARN: IPv6      ] BLACKHOLE: forward check hit
08:15.710	ID:16	[WARN: IPv6      ] BLACKHOLE: dropping forwarded packet
08:15.994	ID:4	[INFO: App       ] Sending request 46 to fd00::201:1:1:1
08:16.023	ID:16	[WARN: IPv6      ] BLACKHOLE: forward check hit
08:16.023	ID:16	[WARN: IPv6      ] BLACKHOLE: dropping forwarded packet
08:16.132	ID:10	[INFO: App       ] Sending request 44 to fd00::201:1:1:1
08:16.183	ID:16	[WARN: IPv6      ] BLACKHOLE: forward check hit
08:16.183	ID:16	[WARN: IPv6      ] BLACKHOLE: dropping forwarded packet
08:17.186	ID:13	[INFO: App       ] Sending request 44 to fd00::201:1:1:1
08:17.272	ID:16	[WARN: IPv6      ] BLACKHOLE: forward check hit
08:17.272	ID:16	[WARN: IPv6      ] BLACKHOLE: dropping forwarded packet
08:18.908	ID:5	[INFO: App       ] Sending request 47 to fd00::201:1:1:1
08:18.949	ID:16	[WARN: IPv6      ] BLACKHOLE: forward check hit
08:18.949	ID:16	[WARN: IPv6      ] BLACKHOLE: dropping forwarded packet
08:20.133	ID:2	[INFO: App       ] Sending request 46 to fd00::201:1:1:1
08:20.158	ID:16	[WARN: IPv6      ] BLACKHOLE: forward check hit
08:20.158	ID:16	[WARN: IPv6      ] BLACKHOLE: dropping forwarded packet
08:20.798	ID:9	[INFO: App       ] Sending request 45 to fd00::201:1:1:1
08:20.842	ID:16	[WARN: IPv6      ] BLACKHOLE: forward check hit
08:20.842	ID:16	[WARN: IPv6      ] BLACKHOLE: dropping forwarded packet
08:21.049	ID:3	[INFO: App       ] Sending request 47 to fd00::201:1:1:1
08:21.065	ID:16	[WARN: IPv6      ] BLACKHOLE: forward check hit
08:21.065	ID:16	[WARN: IPv6      ] BLACKHOLE: dropping forwarded packet
08:21.096	ID:12	[INFO: App       ] Sending request 43 to fd00::201:1:1:1
08:21.159	ID:16	[WARN: IPv6      ] BLACKHOLE: forward check hit
08:21.159	ID:16	[WARN: IPv6      ] BLACKHOLE: dropping forwarded packet
08:22.096	ID:15	[INFO: App       ] Sending request 45 to fd00::201:1:1:1
08:22.201	ID:16	[WARN: IPv6      ] BLACKHOLE: forward check hit
08:22.201	ID:16	[WARN: IPv6      ] BLACKHOLE: dropping forwarded packet
08:23.220	ID:6	[INFO: App       ] Sending request 46 to fd00::201:1:1:1
08:23.251	ID:16	[WARN: IPv6      ] BLACKHOLE: forward check hit
08:23.251	ID:16	[WARN: IPv6      ] BLACKHOLE: dropping forwarded packet
08:23.466	ID:11	[INFO: App       ] Sending request 46 to fd00::201:1:1:1
08:23.489	ID:16	[WARN: IPv6      ] BLACKHOLE: forward check hit
08:23.489	ID:16	[WARN: IPv6      ] BLACKHOLE: dropping forwarded packet
08:25.079	ID:14	[INFO: App       ] Sending request 45 to fd00::201:1:1:1
08:25.150	ID:16	[WARN: IPv6      ] BLACKHOLE: forward check hit
08:25.150	ID:16	[WARN: IPv6      ] BLACKHOLE: dropping forwarded packet
08:25.318	ID:4	[INFO: App       ] Sending request 47 to fd00::201:1:1:1
08:25.332	ID:16	[WARN: IPv6      ] BLACKHOLE: forward check hit
08:25.332	ID:16	[WARN: IPv6      ] BLACKHOLE: dropping forwarded packet
08:25.532	ID:8	[INFO: App       ] Sending request 45 to fd00::201:1:1:1
08:25.535	ID:7	[INFO: App       ] Sending request 45 to fd00::201:1:1:1
08:25.574	ID:16	[WARN: IPv6      ] BLACKHOLE: forward check hit
08:25.574	ID:16	[WARN: IPv6      ] BLACKHOLE: dropping forwarded packet
08:25.600	ID:16	[WARN: IPv6      ] BLACKHOLE: forward check hit
08:25.600	ID:16	[WARN: IPv6      ] BLACKHOLE: dropping forwarded packet
08:26.995	ID:10	[INFO: App       ] Sending request 45 to fd00::201:1:1:1
08:27.027	ID:16	[WARN: IPv6      ] BLACKHOLE: forward check hit
08:27.027	ID:16	[WARN: IPv6      ] BLACKHOLE: dropping forwarded packet
08:27.103	ID:13	[INFO: App       ] Sending request 45 to fd00::201:1:1:1
08:27.195	ID:16	[WARN: IPv6      ] BLACKHOLE: forward check hit
08:27.195	ID:16	[WARN: IPv6      ] BLACKHOLE: dropping forwarded packet
08:28.933	ID:5	[INFO: App       ] Sending request 48 to fd00::201:1:1:1
08:28.955	ID:16	[WARN: IPv6      ] BLACKHOLE: forward check hit
08:28.955	ID:16	[WARN: IPv6      ] BLACKHOLE: dropping forwarded packet
08:30.092	ID:3	[INFO: App       ] Sending request 48 to fd00::201:1:1:1
08:30.127	ID:16	[WARN: IPv6      ] BLACKHOLE: forward check hit
08:30.127	ID:16	[WARN: IPv6      ] BLACKHOLE: dropping forwarded packet
08:30.205	ID:9	[INFO: App       ] Sending request 46 to fd00::201:1:1:1
08:30.264	ID:16	[WARN: IPv6      ] BLACKHOLE: forward check hit
08:30.264	ID:16	[WARN: IPv6      ] BLACKHOLE: dropping forwarded packet
08:30.276	ID:2	[INFO: App       ] Sending request 47 to fd00::201:1:1:1
08:30.300	ID:16	[WARN: IPv6      ] BLACKHOLE: forward check hit
08:30.300	ID:16	[WARN: IPv6      ] BLACKHOLE: dropping forwarded packet
08:31.830	ID:15	[INFO: App       ] Sending request 46 to fd00::201:1:1:1
08:31.905	ID:16	[WARN: IPv6      ] BLACKHOLE: forward check hit
08:31.905	ID:16	[WARN: IPv6      ] BLACKHOLE: dropping forwarded packet
08:32.046	ID:12	[INFO: App       ] Sending request 44 to fd00::201:1:1:1
08:32.117	ID:16	[WARN: IPv6      ] BLACKHOLE: forward check hit
08:32.117	ID:16	[WARN: IPv6      ] BLACKHOLE: dropping forwarded packet
08:33.681	ID:11	[INFO: App       ] Sending request 47 to fd00::201:1:1:1
08:33.765	ID:16	[WARN: IPv6      ] BLACKHOLE: forward check hit
08:33.765	ID:16	[WARN: IPv6      ] BLACKHOLE: dropping forwarded packet
08:34.087	ID:6	[INFO: App       ] Sending request 47 to fd00::201:1:1:1
08:34.110	ID:16	[WARN: IPv6      ] BLACKHOLE: forward check hit
08:34.110	ID:16	[WARN: IPv6      ] BLACKHOLE: dropping forwarded packet
08:35.166	ID:7	[INFO: App       ] Sending request 46 to fd00::201:1:1:1
08:35.236	ID:16	[WARN: IPv6      ] BLACKHOLE: forward check hit
08:35.236	ID:16	[WARN: IPv6      ] BLACKHOLE: dropping forwarded packet
08:35.264	ID:14	[INFO: App       ] Sending request 46 to fd00::201:1:1:1
08:35.374	ID:16	[WARN: IPv6      ] BLACKHOLE: forward check hit
08:35.374	ID:16	[WARN: IPv6      ] BLACKHOLE: dropping forwarded packet
08:35.476	ID:8	[INFO: App       ] Sending request 46 to fd00::201:1:1:1
08:35.514	ID:16	[WARN: IPv6      ] BLACKHOLE: forward check hit
08:35.514	ID:16	[WARN: IPv6      ] BLACKHOLE: dropping forwarded packet
08:36.049	ID:4	[INFO: App       ] Sending request 48 to fd00::201:1:1:1
08:36.058	ID:16	[WARN: IPv6      ] BLACKHOLE: forward check hit
08:36.058	ID:16	[WARN: IPv6      ] BLACKHOLE: dropping forwarded packet
08:36.122	ID:10	[INFO: App       ] Sending request 46 to fd00::201:1:1:1
08:36.197	ID:16	[WARN: IPv6      ] BLACKHOLE: forward check hit
08:36.197	ID:16	[WARN: IPv6      ] BLACKHOLE: dropping forwarded packet
08:37.621	ID:13	[INFO: App       ] Sending request 46 to fd00::201:1:1:1
08:37.715	ID:16	[WARN: IPv6      ] BLACKHOLE: forward check hit
08:37.715	ID:16	[WARN: IPv6      ] BLACKHOLE: dropping forwarded packet
08:37.945	ID:5	[INFO: App       ] Sending request 49 to fd00::201:1:1:1
08:37.979	ID:16	[WARN: IPv6      ] BLACKHOLE: forward check hit
08:37.979	ID:16	[WARN: IPv6      ] BLACKHOLE: dropping forwarded packet
08:39.156	ID:3	[INFO: App       ] Sending request 49 to fd00::201:1:1:1
08:39.173	ID:16	[WARN: IPv6      ] BLACKHOLE: forward check hit
08:39.173	ID:16	[WARN: IPv6      ] BLACKHOLE: dropping forwarded packet
08:39.600	ID:2	[INFO: App       ] Sending request 48 to fd00::201:1:1:1
08:39.632	ID:16	[WARN: IPv6      ] BLACKHOLE: forward check hit
08:39.632	ID:16	[WARN: IPv6      ] BLACKHOLE: dropping forwarded packet
08:39.894	ID:9	[INFO: App       ] Sending request 47 to fd00::201:1:1:1
08:39.932	ID:16	[WARN: IPv6      ] BLACKHOLE: forward check hit
08:39.932	ID:16	[WARN: IPv6      ] BLACKHOLE: dropping forwarded packet
08:41.969	ID:15	[INFO: App       ] Sending request 47 to fd00::201:1:1:1
08:42.024	ID:16	[WARN: IPv6      ] BLACKHOLE: forward check hit
08:42.024	ID:16	[WARN: IPv6      ] BLACKHOLE: dropping forwarded packet
08:42.310	ID:12	[INFO: App       ] Sending request 45 to fd00::201:1:1:1
08:42.353	ID:16	[WARN: IPv6      ] BLACKHOLE: forward check hit
08:42.353	ID:16	[WARN: IPv6      ] BLACKHOLE: dropping forwarded packet
08:42.909	ID:11	[INFO: App       ] Sending request 48 to fd00::201:1:1:1
08:42.977	ID:16	[WARN: IPv6      ] BLACKHOLE: forward check hit
08:42.977	ID:16	[WARN: IPv6      ] BLACKHOLE: dropping forwarded packet
08:44.825	ID:14	[INFO: App       ] Sending request 47 to fd00::201:1:1:1
08:44.856	ID:16	[WARN: IPv6      ] BLACKHOLE: forward check hit
08:44.856	ID:16	[WARN: IPv6      ] BLACKHOLE: dropping forwarded packet
08:44.957	ID:7	[INFO: App       ] Sending request 47 to fd00::201:1:1:1
08:44.983	ID:16	[WARN: IPv6      ] BLACKHOLE: forward check hit
08:44.983	ID:16	[WARN: IPv6      ] BLACKHOLE: dropping forwarded packet
08:45.007	ID:6	[INFO: App       ] Sending request 48 to fd00::201:1:1:1
08:45.073	ID:16	[WARN: IPv6      ] BLACKHOLE: forward check hit
08:45.073	ID:16	[WARN: IPv6      ] BLACKHOLE: dropping forwarded packet
08:45.253	ID:10	[INFO: App       ] Sending request 47 to fd00::201:1:1:1
08:45.286	ID:16	[WARN: IPv6      ] BLACKHOLE: forward check hit
08:45.286	ID:16	[WARN: IPv6      ] BLACKHOLE: dropping forwarded packet
08:45.735	ID:4	[INFO: App       ] Sending request 49 to fd00::201:1:1:1
08:45.754	ID:16	[WARN: IPv6      ] BLACKHOLE: forward check hit
08:45.754	ID:16	[WARN: IPv6      ] BLACKHOLE: dropping forwarded packet
08:46.168	ID:8	[INFO: App       ] Sending request 47 to fd00::201:1:1:1
08:46.230	ID:16	[WARN: IPv6      ] BLACKHOLE: forward check hit
08:46.230	ID:16	[WARN: IPv6      ] BLACKHOLE: dropping forwarded packet
08:47.635	ID:13	[INFO: App       ] Sending request 47 to fd00::201:1:1:1
08:47.711	ID:16	[WARN: IPv6      ] BLACKHOLE: forward check hit
08:47.711	ID:16	[WARN: IPv6      ] BLACKHOLE: dropping forwarded packet
08:47.914	ID:5	[INFO: App       ] Tx/Rx/MissedTx: 50/22/0
08:47.914	ID:5	[INFO: App       ] Sending request 50 to fd00::201:1:1:1
08:47.956	ID:16	[WARN: IPv6      ] BLACKHOLE: forward check hit
08:47.956	ID:16	[WARN: IPv6      ] BLACKHOLE: dropping forwarded packet
08:48.902	ID:9	[INFO: App       ] Sending request 48 to fd00::201:1:1:1
08:48.955	ID:16	[WARN: IPv6      ] BLACKHOLE: forward check hit
08:48.955	ID:16	[WARN: IPv6      ] BLACKHOLE: dropping forwarded packet
08:49.731	ID:3	[INFO: App       ] Tx/Rx/MissedTx: 50/21/0
08:49.731	ID:3	[INFO: App       ] Sending request 50 to fd00::201:1:1:1
08:49.752	ID:16	[WARN: IPv6      ] BLACKHOLE: forward check hit
08:49.752	ID:16	[WARN: IPv6      ] BLACKHOLE: dropping forwarded packet
08:49.969	ID:2	[INFO: App       ] Sending request 49 to fd00::201:1:1:1
08:49.996	ID:16	[WARN: IPv6      ] BLACKHOLE: forward check hit
08:49.996	ID:16	[WARN: IPv6      ] BLACKHOLE: dropping forwarded packet
08:51.014	ID:15	[INFO: App       ] Sending request 48 to fd00::201:1:1:1
08:51.080	ID:16	[WARN: IPv6      ] BLACKHOLE: forward check hit
08:51.080	ID:16	[WARN: IPv6      ] BLACKHOLE: dropping forwarded packet
08:51.583	ID:12	[INFO: App       ] Sending request 46 to fd00::201:1:1:1
08:51.673	ID:16	[WARN: IPv6      ] BLACKHOLE: forward check hit
08:51.673	ID:16	[WARN: IPv6      ] BLACKHOLE: dropping forwarded packet
08:52.108	ID:11	[INFO: App       ] Sending request 49 to fd00::201:1:1:1
08:52.173	ID:16	[WARN: IPv6      ] BLACKHOLE: forward check hit
08:52.173	ID:16	[WARN: IPv6      ] BLACKHOLE: dropping forwarded packet
08:53.866	ID:14	[INFO: App       ] Sending request 48 to fd00::201:1:1:1
08:53.966	ID:16	[WARN: IPv6      ] BLACKHOLE: forward check hit
08:53.966	ID:16	[WARN: IPv6      ] BLACKHOLE: dropping forwarded packet
08:54.384	ID:10	[INFO: App       ] Sending request 48 to fd00::201:1:1:1
08:54.429	ID:7	[INFO: App       ] Sending request 48 to fd00::201:1:1:1
08:54.457	ID:16	[WARN: IPv6      ] BLACKHOLE: forward check hit
08:54.457	ID:16	[WARN: IPv6      ] BLACKHOLE: dropping forwarded packet
08:54.491	ID:16	[WARN: IPv6      ] BLACKHOLE: forward check hit
08:54.491	ID:16	[WARN: IPv6      ] BLACKHOLE: dropping forwarded packet
08:55.240	ID:6	[INFO: App       ] Sending request 49 to fd00::201:1:1:1
08:55.258	ID:16	[WARN: IPv6      ] BLACKHOLE: forward check hit
08:55.258	ID:16	[WARN: IPv6      ] BLACKHOLE: dropping forwarded packet
08:56.080	ID:8	[INFO: App       ] Sending request 48 to fd00::201:1:1:1
08:56.123	ID:16	[WARN: IPv6      ] BLACKHOLE: forward check hit
08:56.123	ID:16	[WARN: IPv6      ] BLACKHOLE: dropping forwarded packet
08:56.474	ID:4	[INFO: App       ] Tx/Rx/MissedTx: 50/21/0
08:56.474	ID:4	[INFO: App       ] Sending request 50 to fd00::201:1:1:1
08:56.484	ID:16	[WARN: IPv6      ] BLACKHOLE: forward check hit
08:56.484	ID:16	[WARN: IPv6      ] BLACKHOLE: dropping forwarded packet
08:57.406	ID:13	[INFO: App       ] Sending request 48 to fd00::201:1:1:1
08:57.492	ID:16	[WARN: IPv6      ] BLACKHOLE: forward check hit
08:57.492	ID:16	[WARN: IPv6      ] BLACKHOLE: dropping forwarded packet
08:58.373	ID:5	[INFO: App       ] Sending request 51 to fd00::201:1:1:1
08:58.384	ID:16	[WARN: IPv6      ] BLACKHOLE: forward check hit
08:58.384	ID:16	[WARN: IPv6      ] BLACKHOLE: dropping forwarded packet
08:58.808	ID:3	[INFO: App       ] Sending request 51 to fd00::201:1:1:1
08:58.837	ID:16	[WARN: IPv6      ] BLACKHOLE: forward check hit
08:58.837	ID:16	[WARN: IPv6      ] BLACKHOLE: dropping forwarded packet
08:59.336	ID:9	[INFO: App       ] Sending request 49 to fd00::201:1:1:1
08:59.391	ID:16	[WARN: IPv6      ] BLACKHOLE: forward check hit
08:59.391	ID:16	[WARN: IPv6      ] BLACKHOLE: dropping forwarded packet
08:59.649	ID:2	[INFO: App       ] Tx/Rx/MissedTx: 50/21/0
08:59.649	ID:2	[INFO: App       ] Sending request 50 to fd00::201:1:1:1
08:59.661	ID:16	[WARN: IPv6      ] BLACKHOLE: forward check hit
08:59.661	ID:16	[WARN: IPv6      ] BLACKHOLE: dropping forwarded packet
RADIO_COUNT	5605
TEST OK
Test ended at simulation time: 540000000
