No.	Time	From	To	Bytes	Interfered
1	00:03.496	1	16	97	0
2	00:05.054	16	1,2,3,4,5	102	2
3	00:05.058	1	16	5	0
4	00:07.501	16	1,2,3,4,5	102	2
5	00:07.505	1	16	5	0
6	00:08.853	1	16	97	0
7	00:11.144	16	1,2,3,4,5	102	2
8	00:11.148	1	16	5	0
9	00:13.070	16	1,2,3,4,5	102	2
10	00:13.074	1	16	5	0
11	00:15.156	16	1,2,3,4,5	85	2
12	00:15.159	1	16	5	0
13	00:15.167	1	16	43	0
14	00:15.169	16	1,2,3,4,5	5	2
15	00:16.314	4	2,3,5,7,8,9,10,11,16	27	4
16	00:17.394	8	2,3,4,5,6,7,9,10,11,12,13,14,15	27	1
17	00:17.430	14	7,8,9,10,11,12,13,15	27	4
18	00:19.211	16	1,2,3,4,5	97	2
19	00:19.592	5	2,3,4,8,9,10,11,16	102	3
20	00:19.596	16	1,2,3,4,5	5	2
21	00:19.913	11	4,5,8,9,10,14,15	27	2
22	00:20.266	5	2,3,4,8,9,10,11,16	102	3
23	00:20.270	16	1,2,3,4,5	5	2
24	00:21.831	4	2,3,5,7,8,9,10,11,16	102	4
25	00:21.835	16	1,2,3,4,5	5	2
26	00:21.988	5	2,3,4,8,9,10,11,16	102	3
27	00:21.992	16	1,2,3,4,5	5	2
28	00:22.144	3	2,4,5,6,7,8,9,10,16	102	4
29	00:22.148	16	1,2,3,4,5	5	2
30	00:22.362	3	2,4,5,6,7,8,9,10,16	102	4
31	00:22.366	16	1,2,3,4,5	5	2
32	00:22.439	2	3,4,5,6,7,8,9,16	102	3
33	00:22.443	16	1,2,3,4,5	5	2
34	00:22.825	2	3,4,5,6,7,8,9,16	27	3
35	00:23.309	5	2,3,4,8,9,10,11,16	102	3
36	00:23.313	16	1,2,3,4,5	5	2
37	00:23.317	2	3,4,5,6,7,8,9,16	102	3
38	00:23.321	16	1,2,3,4,5	5	2
39	00:24.034	3	2,4,5,6,7,8,9,10,16	102	4
40	00:24.038	16	1,2,3,4,5	5	2
41	00:24.277	2	3,4,5,6,7,8,9,16	102	3
42	00:24.281	16	1,2,3,4,5	5	2
43	00:25.039	16	1,2,3,4,5	97	2
44	00:25.675	4	2,3,5,7,8,9,10,11,16	102	4
45	00:25.679	16	1,2,3,4,5	5	2
46	00:26.530	2	3,4,5,6,7,8,9,16	102	3
47	00:26.534	16	1,2,3,4,5	5	2
48	00:26.569	4	2,3,5,7,8,9,10,11,16	102	4
49	00:26.573	16	1,2,3,4,5	5	2
50	00:26.817	10	3,4,5,7,8,9,11,13,14,15	27	2
51	00:27.117	5	2,3,4,8,9,10,11,16	93	3
52	00:27.120	16	1,2,3,4,5	5	2
53	00:27.128	16	1,2,3,4,5	94	2
54	00:27.131	1	16	5	0
55	00:27.144	1	16	51	0
56	00:27.146	16	1,2,3,4,5	5	2
57	00:27.175	16	1,2,3,4,5	60	2
58	00:27.177	5	2,3,4,8,9,10,11,16	5	3
59	00:27.405	3	2,4,5,6,7,8,9,10,16	102	4
60	00:27.409	16	1,2,3,4,5	5	2
61	00:27.572	1	16	97	0
62	00:28.657	2	3,4,5,6,7,8,9,16	93	3
63	00:28.660	16	1,2,3,4,5	5	2
64	00:28.699	16	1,2,3,4,5	94	2
65	00:28.702	1	16	5	0
66	00:28.727	1	16	51	0
67	00:28.729	16	1,2,3,4,5	5	2
68	00:28.754	16	1,2,3,4,5	60	2
69	00:28.756	2	3,4,5,6,7,8,9,16	5	3
70	00:30.216	4	2,3,5,7,8,9,10,11,16	102	4
71	00:30.220	16	1,2,3,4,5	5	2
72	00:30.909	9	2,3,4,5,6,7,8,10,11,12,13,14,15	27	1
73	00:31.195	5	2,3,4,8,9,10,11,16	97	3
74	00:32.001	9	2,3,4,5,6,7,8,10,11,12,13,14,15	102	1
75	00:32.005	5	2,3,4,8,9,10,11,16	5	3
76	00:32.010	8	2,3,4,5,6,7,9,10,11,12,13,14,15	102	1
77	00:32.014	5	2,3,4,8,9,10,11,16	5	3
78	00:32.037	2	3,4,5,6,7,8,9,16	97	3
79	00:32.071	9	2,3,4,5,6,7,8,10,11,12,13,14,15	102	1
80	00:32.075	5	2,3,4,8,9,10,11,16	5	3
81	00:32.589	3	2,4,5,6,7,8,9,10,16	93	4
82	00:32.592	16	1,2,3,4,5	5	2
83	00:32.612	16	1,2,3,4,5	94	2
84	00:32.615	1	16	5	0
85	00:32.620	1	16	51	0
86	00:32.622	16	1,2,3,4,5	5	2
87	00:32.636	16	1,2,3,4,5	60	2
88	00:32.638	3	2,4,5,6,7,8,9,10,16	5	4
89	00:32.699	4	2,3,5,7,8,9,10,11,16	93	4
90	00:32.702	16	1,2,3,4,5	5	2
91	00:32.706	16	1,2,3,4,5	94	2
92	00:32.709	1	16	5	0
93	00:32.731	16	1,2,3,4,5	97	2
94	00:32.737	7	2,3,4,6,8,9,10,12,13,14	102	2
95	00:32.741	2	3,4,5,6,7,8,9,16	5	3
96	00:32.765	1	16	51	0
97	00:32.767	16	1,2,3,4,5	5	2
98	00:32.772	16	1,2,3,4,5	60	2
99	00:32.774	4	2,3,5,7,8,9,10,11,16	5	4
100	00:32.781	10	3,4,5,7,8,9,11,13,14,15	102	2
101	00:32.785	5	2,3,4,8,9,10,11,16	5	3
102	00:32.916	3	2,4,5,6,7,8,9,10,16	56	4
103	00:32.918	16	1,2,3,4,5	5	2
104	00:32.942	16	1,2,3,4,5	57	2
105	00:32.944	1	16	5	0
106	00:32.971	1	16	56	0
107	00:32.973	16	1,2,3,4,5	5	2
108	00:32.982	16	1,2,3,4,5	65	2
109	00:32.985	3	2,4,5,6,7,8,9,10,16	5	4
110	00:33.075	9	2,3,4,5,6,7,8,10,11,12,13,14,15	102	1
111	00:33.079	5	2,3,4,8,9,10,11,16	5	3
112	00:33.444	10	3,4,5,7,8,9,11,13,14,15	102	2
113	00:33.448	5	2,3,4,8,9,10,11,16	5	3
114	00:33.520	10	3,4,5,7,8,9,11,13,14,15	102	2
115	00:33.524	5	2,3,4,8,9,10,11,16	5	3
116	00:34.239	15	8,9,10,11,12,13,14	27	3
117	00:34.562	8	2,3,4,5,6,7,9,10,11,12,13,14,15	27	1
118	00:34.786	8	2,3,4,5,6,7,9,10,11,12,13,14,15	102	1
119	00:34.790	5	2,3,4,8,9,10,11,16	5	3
120	00:34.820	11	4,5,8,9,10,14,15	102	2
121	00:34.824	5	2,3,4,8,9,10,11,16	5	3
122	00:35.068	5	2,3,4,8,9,10,11,16	56	3
123	00:35.070	16	1,2,3,4,5	5	2
124	00:35.081	16	1,2,3,4,5	57	2
125	00:35.083	1	16	5	0
126	00:35.097	1	16	56	0
127	00:35.099	16	1,2,3,4,5	5	2
128	00:35.123	16	1,2,3,4,5	65	2
129	00:35.126	5	2,3,4,8,9,10,11,16	5	3
130	00:35.523	7	2,3,4,6,8,9,10,12,13,14	102	2
131	00:35.527	2	3,4,5,6,7,8,9,16	5	3
132	00:35.710	2	3,4,5,6,7,8,9,16	56	3
133	00:35.712	16	1,2,3,4,5	5	2
134	00:35.719	16	1,2,3,4,5	57	2
135	00:35.721	1	16	5	0
136	00:35.746	1	16	56	0
137	00:35.745	6	2,3,7,8,9,12,13	102	2
138	00:35.748	16	1,2,3,4,5	5	2
139	00:35.761	6	2,3,7,8,9,12,13	102	2
140	00:35.765	2	3,4,5,6,7,8,9,16	5	3
141	00:35.789	16	1,2,3,4,5	65	2
142	00:35.792	2	3,4,5,6,7,8,9,16	5	3
143	00:35.809	10	3,4,5,7,8,9,11,13,14,15	102	2
144	00:35.813	5	2,3,4,8,9,10,11,16	5	3
145	00:36.481	8	2,3,4,5,6,7,9,10,11,12,13,14,15	102	1
146	00:36.485	5	2,3,4,8,9,10,11,16	5	3
147	00:36.565	3	2,4,5,6,7,8,9,10,16	97	4
148	00:36.628	4	2,3,5,7,8,9,10,11,16	97	4
149	00:36.752	11	4,5,8,9,10,14,15	102	2
150	00:36.756	5	2,3,4,8,9,10,11,16	5	3
151	00:36.802	5	2,3,4,8,9,10,11,16	97	3
152	00:36.814	8	2,3,4,5,6,7,9,10,11,12,13,14,15	102	1
153	00:36.818	5	2,3,4,8,9,10,11,16	5	3
154	00:36.929	9	2,3,4,5,6,7,8,10,11,12,13,14,15	102	1
155	00:36.933	5	2,3,4,8,9,10,11,16	5	3
156	00:36.996	11	4,5,8,9,10,14,15	102	2
157	00:37.000	5	2,3,4,8,9,10,11,16	5	3
158	00:37.157	4	2,3,5,7,8,9,10,11,16	56	4
159	00:37.159	16	1,2,3,4,5	5	2
160	00:37.191	16	1,2,3,4,5	57	2
161	00:37.193	1	16	5	0
162	00:37.220	1	16	56	0
163	00:37.222	16	1,2,3,4,5	5	2
164	00:37.262	16	1,2,3,4,5	65	2
165	00:37.265	4	2,3,5,7,8,9,10,11,16	5	4
166	00:37.980	11	4,5,8,9,10,14,15	27	2
167	00:38.128	7	2,3,4,6,8,9,10,12,13,14	102	2
168	00:38.132	2	3,4,5,6,7,8,9,16	5	3
169	00:38.542	2	3,4,5,6,7,8,9,16	97	3
170	00:38.914	10	3,4,5,7,8,9,11,13,14,15	93	2
171	00:38.917	5	2,3,4,8,9,10,11,16	5	3
172	00:38.922	5	2,3,4,8,9,10,11,16	102	3
173	00:38.926	16	1,2,3,4,5	5	2
174	00:38.945	16	1,2,3,4,5	94	2
175	00:38.948	1	16	5	0
176	00:38.952	1	16	59	0
177	00:38.954	16	1,2,3,4,5	5	2
178	00:38.963	16	1,2,3,4,5	68	2
179	00:38.966	5	2,3,4,8,9,10,11,16	5	3
180	00:38.969	5	2,3,4,8,9,10,11,16	68	3
181	00:38.972	10	3,4,5,7,8,9,11,13,14,15	5	2
182	00:39.231	8	2,3,4,5,6,7,9,10,11,12,13,14,15	93	1
183	00:39.234	5	2,3,4,8,9,10,11,16	5	3
184	00:39.241	5	2,3,4,8,9,10,11,16	102	3
185	00:39.245	16	1,2,3,4,5	5	2
186	00:39.257	16	1,2,3,4,5	94	2
187	00:39.260	1	16	5	0
188	00:39.287	1	16	59	0
189	00:39.289	16	1,2,3,4,5	5	2
190	00:39.296	16	1,2,3,4,5	68	2
191	00:39.299	5	2,3,4,8,9,10,11,16	5	3
192	00:39.338	5	2,3,4,8,9,10,11,16	68	3
193	00:39.341	8	2,3,4,5,6,7,9,10,11,12,13,14,15	5	1
194	00:39.374	12	6,7,8,9,13,14,15	27	3
195	00:39.626	7	2,3,4,6,8,9,10,12,13,14	27	2
196	00:39.738	6	2,3,7,8,9,12,13	102	2
197	00:39.742	2	3,4,5,6,7,8,9,16	5	3
198	00:39.902	10	3,4,5,7,8,9,11,13,14,15	56	2
199	00:39.904	5	2,3,4,8,9,10,11,16	5	3
200	00:39.932	5	2,3,4,8,9,10,11,16	65	3
201	00:39.935	16	1,2,3,4,5	5	2
202	00:39.953	16	1,2,3,4,5	57	2
203	00:39.955	1	16	5	0
204	00:39.966	1	16	64	0
205	00:39.968	16	1,2,3,4,5	5	2
206	00:40.010	16	1,2,3,4,5	73	2
207	00:40.013	5	10,11,16	5	8
208	00:40.013	6	7,12,13	27	6
209	00:40.030	5	2,3,4,8,9,10,11,16	73	3
210	00:40.033	10	3,4,5,7,8,9,11,13,14,15	5	2
211	00:40.057	11	4,5,8,9,10,14,15	102	2
212	00:40.061	5	2,3,4,8,9,10,11,16	5	3
213	00:40.144	6	2,3,7,8,9,12,13	102	2
214	00:40.148	2	3,4,5,6,7,8,9,16	5	3
215	00:40.912	9	2,3,4,5,6,7,8,10,11,12,13,14,15	93	1
216	00:40.915	5	2,3,4,8,9,10,11,16	5	3
217	00:40.939	5	2,3,4,8,9,10,11,16	102	3
218	00:40.943	16	1,2,3,4,5	5	2
219	00:40.962	16	1,2,3,4,5	94	2
220	00:40.965	1	16	5	0
221	00:40.969	1	16	59	0
222	00:40.971	16	1,2,3,4,5	5	2
223	00:40.982	16	1,2,3,4,5	68	2
224	00:40.985	5	2,3,4,8,9,10,11,16	5	3
225	00:40.988	5	2,3,4,8,9,10,11,16	68	3
226	00:40.991	9	2,3,4,5,6,7,8,10,11,12,13,14,15	5	1
227	00:41.374	4	2,3,5,7,8,9,10,11,16	97	4
228	00:41.690	7	2,3,4,6,8,9,10,12,13,14	102	2
229	00:41.694	2	3,4,5,6,7,8,9,16	5	3
230	00:41.990	8	2,3,4,5,6,7,9,10,11,12,13,14,15	97	1
231	00:42.625	6	2,3,7,8,9,12,13	93	2
232	00:42.628	2	3,4,5,6,7,8,9,16	5	3
233	00:42.629	13	6,7,8,9,10,12,14,15	27	4
234	00:42.648	2	3,4,5,6,7,8,9,16	102	3
235	00:42.652	16	1,2,3,4,5	5	2
236	00:42.691	16	1,2,3,4,5	94	2
237	00:42.694	1	16	5	0
238	00:42.710	1	16	59	0
239	00:42.712	16	1,2,3,4,5	5	2
240	00:42.722	16	1,2,3,4,5	68	2
241	00:42.725	2	3,4,5,6,7,8,9,16	5	3
242	00:42.735	2	3,4,5,6,7,8,9,16	68	3
243	00:42.738	6	2,3,7,8,9,12,13	5	2
244	00:42.956	3	2,4,5,6,7,8,9,10,16	97	4
245	00:42.987	10	3,4,5,7,8,9,11,13,14,15	97	2
246	00:43.058	11	4,5,8,9,10,14,15	93	2
247	00:43.061	5	2,3,4,8,9,10,11,16	5	3
248	00:43.068	5	2,3,4,8,9,10,11,16	102	3
249	00:43.072	16	1,2,3,4,5	5	2
250	00:43.111	16	1,2,3,4,5	94	2
251	00:43.114	1	16	5	0
252	00:43.120	1	16	59	0
253	00:43.122	16	1,2,3,4,5	5	2
254	00:43.143	16	1,2,3,4,5	68	2
255	00:43.146	5	2,3,4,8,9,10,11,16	5	3
256	00:43.181	5	2,3,4,8,9,10,11,16	68	3
257	00:43.184	11	4,5,8,9,10,14,15	5	2
258	00:43.199	2	3,4,5,6,7,8,9,16	97	3
259	00:43.266	3	2,4,5,6,7,8,9,10,16	56	4
260	00:43.268	16	1,2,3,4,5	5	2
261	00:43.299	16	1,2,3,4,5	57	2
262	00:43.301	1	16	5	0
263	00:43.308	1	16	56	0
264	00:43.310	16	1,2,3,4,5	5	2
265	00:43.333	16	1,2,3,4,5	65	2
266	00:43.336	3	2,4,5,6,7,8,9,10,16	5	4
267	00:43.693	14	7,8,9,10,11,12,13,15	102	4
268	00:43.697	8	2,3,4,5,6,7,9,10,11,12,13,14,15	5	1
269	00:43.709	14	7,8,9,10,11,12,13,15	102	4
270	00:43.713	8	2,3,4,5,6,7,9,10,11,12,13,14,15	5	1
271	00:43.792	9	2,3,4,5,6,7,8,10,11,12,13,14,15	97	1
272	00:44.277	5	2,3,4,8,9,10,11,16	56	3
273	00:44.279	16	1,2,3,4,5	5	2
274	00:44.296	16	1,2,3,4,5	57	2
275	00:44.298	1	16	5	0
276	00:44.313	1	16	56	0
277	00:44.315	16	1,2,3,4,5	5	2
278	00:44.325	16	1,2,3,4,5	65	2
279	00:44.328	5	2,3,4,8,9,10,11,16	5	3
280	00:44.417	12	6,7,8,9,13,14,15	102	3
281	00:44.421	8	2,3,4,5,6,7,9,10,11,12,13,14,15	5	1
282	00:44.581	12	6,7,8,9,13,14,15	102	3
283	00:44.585	8	2,3,4,5,6,7,9,10,11,12,13,14,15	5	1
284	00:44.882	15	8,9,10,11,12,13,14	102	3
285	00:44.886	8	2,3,4,5,6,7,9,10,11,12,13,14,15	5	1
286	00:44.979	12	6,7,8,9,13,14,15	102	3
287	00:44.983	8	2,3,4,5,6,7,9,10,11,12,13,14,15	5	1
288	00:45.173	13	6,7,8,9,10,12,14,15	102	4
289	00:45.177	8	2,3,4,5,6,7,9,10,11,12,13,14,15	5	1
290	00:45.207	7	2,3,4,6,8,9,10,12,13,14	93	2
291	00:45.210	2	3,4,5,6,7,8,9,16	5	3
292	00:45.217	11	4,5,8,9,10,14,15	56	2
293	00:45.219	5	2,3,4,8,9,10,11,16	5	3
294	00:45.219	2	3,4,5,6,7,8,9,16	102	3
295	00:45.224	16	1,2,3,4,5	5	2
296	00:45.227	2	3,4,5,6,7,8,9,16	102	3
297	00:45.231	16	1,2,3,4,5	5	2
298	00:45.237	5	2,3,4,8,9,10,11,16	65	3
299	00:45.240	16	1,2,3,4,5	5	2
300	00:45.243	16	1,2,3,4,5	94	2
301	00:45.247	1	16	5	0
302	00:45.279	16	1,2,3,4,5	57	2
303	00:45.281	1	16	5	0
304	00:45.290	1	16	59	0
305	00:45.292	16	1,2,3,4,5	5	2
306	00:45.296	1	16	64	0
307	00:45.295	15	8,9,10,11,12,13,14	102	3
308	00:45.298	16	1,2,3,4,5	5	2
309	00:45.299	8	2,3,4,5,6,7,9,10,11,12,13,14,15	5	1
310	00:45.302	16	1,2,3,4,5	73	2
311	00:45.305	5	2,3,4,8,9,10,11,16	5	3
312	00:45.332	16	1,2,3,4,5	68	2
313	00:45.335	2	3,4,5,6,7,8,9,16	5	3
314	00:45.347	2	3,4,5,6,7,8,9,16	68	3
315	00:45.350	7	2,3,4,6,8,9,10,12,13,14	5	2
316	00:45.414	5	2,3,4,8,9,10,11,16	73	3
317	00:45.417	11	4,5,8,9,10,14,15	5	2
318	00:45.476	5	2,3,4,8,9,10,11,16	97	3
319	00:45.542	8	2,3,4,5,6,7,9,10,11,12,13,14,15	56	1
320	00:45.544	5	2,3,4,8,9,10,11,16	5	3
321	00:45.552	5	2,3,4,8,9,10,11,16	65	3
322	00:45.555	16	1,2,3,4,5	5	2
323	00:45.559	16	1,2,3,4,5	57	2
324	00:45.561	1	16	5	0
325	00:45.586	1	16	64	0
326	00:45.588	16	1,2,3,4,5	5	2
327	00:45.631	16	1,2,3,4,5	73	2
328	00:45.634	5	2,3,4,8,9,10,11,16	5	3
329	00:45.663	13	6,7,8,9,10,12,14,15	102	4
330	00:45.667	8	2,3,4,5,6,7,9,10,11,12,13,14,15	5	1
331	00:45.677	5	2,3,4,8,9,10,11,16	73	3
332	00:45.680	8	2,3,4,5,6,7,9,10,11,12,13,14,15	5	1
333	00:45.815	12	6,7,8,9,13,14,15	102	3
334	00:45.819	8	2,3,4,5,6,7,9,10,11,12,13,14,15	5	1
335	00:45.883	11	4,5,8,9,10,14,15	97	2
336	00:46.190	2	3,4,5,6,7,8,9,16	56	3
337	00:46.192	16	1,2,3,4,5	5	2
338	00:46.224	16	1,2,3,4,5	57	2
339	00:46.226	1	16	5	0
340	00:46.251	1	16	56	0
341	00:46.253	16	1,2,3,4,5	5	2
342	00:46.257	16	1,2,3,4,5	65	2
343	00:46.260	2	3,4,5,6,7,8,9,16	5	3
344	00:46.292	6	2,3,7,8,9,12,13	97	2
345	00:46.317	4	2,3,5,7,8,9,10,11,16	56	4
346	00:46.319	16	1,2,3,4,5	5	2
347	00:46.359	16	1,2,3,4,5	57	2
348	00:46.361	1	16	5	0
349	00:46.395	1	16	56	0
350	00:46.397	16	1,2,3,4,5	5	2
351	00:46.411	16	1,2,3,4,5	65	2
352	00:46.414	4	2,3,5,7,8,9,10,11,16	5	4
353	00:47.178	15	8,9,10,11,12,13,14	102	3
354	00:47.182	8	2,3,4,5,6,7,9,10,11,12,13,14,15	5	1
355	00:47.302	1	16	97	0
356	00:47.365	14	7,8,9,10,11,12,13,15	102	4
357	00:47.369	8	2,3,4,5,6,7,9,10,11,12,13,14,15	5	1
358	00:47.734	13	6,7,8,9,10,12,14,15	102	4
359	00:47.738	8	2,3,4,5,6,7,9,10,11,12,13,14,15	5	1
360	00:47.993	6	2,3,7,8,9,12,13	56	2
361	00:47.995	2	3,4,5,6,7,8,9,16	5	3
362	00:48.002	2	3,4,5,6,7,8,9,16	65	3
363	00:48.005	16	1,2,3,4,5	5	2
364	00:48.010	16	1,2,3,4,5	57	2
365	00:48.012	1	16	5	0
366	00:48.039	1	16	64	0
367	00:48.041	16	1,2,3,4,5	5	2
368	00:48.081	16	1,2,3,4,5	73	2
369	00:48.084	2	3,4,5,6,7,8,9,16	5	3
370	00:48.101	2	3,4,5,6,7,8,9,16	73	3
371	00:48.104	6	2,3,7,8,9,12,13	5	2
372	00:48.237	2	3,4,5,6,7,8,9,16	97	3
373	00:48.394	4	2,3,5,7,8,9,10,11,16	97	4
374	00:48.416	9	2,3,4,5,6,7,8,10,11,12,13,14,15	56	1
375	00:48.418	5	2,3,4,8,9,10,11,16	5	3
376	00:48.439	5	2,3,4,8,9,10,11,16	65	3
377	00:48.442	16	1,2,3,4,5	5	2
378	00:48.468	16	1,2,3,4,5	57	2
379	00:48.470	1	16	5	0
380	00:48.474	1	16	64	0
381	00:48.476	16	1,2,3,4,5	5	2
382	00:48.487	16	1	73	6
383	00:48.487	8	6,7,9,10,11,12,13,14,15	97	5
384	00:48.505	16	1,2,3,4,5	73	2
385	00:48.508	5	2,3,4,8,9,10,11,16	5	3
386	00:48.535	5	2,3,4,8,9,10,11,16	73	3
387	00:48.538	9	2,3,4,5,6,7,8,10,11,12,13,14,15	5	1
388	00:48.843	16	1,2,3,4,5	97	2
389	00:49.070	7	2,3,4,6,8,9,10,12,13,14	97	2
390	00:49.383	12	6,7,8,9,13,14,15	93	3
391	00:49.386	8	2,3,4,5,6,7,9,10,11,12,13,14,15	5	1
392	00:49.391	8	2,3,4,5,6,7,9,10,11,12,13,14,15	102	1
393	00:49.395	5	2,3,4,8,9,10,11,16	5	3
394	00:49.406	5	2,3,4,8,9,10,11,16	102	3
395	00:49.410	16	1,2,3,4,5	5	2
396	00:49.449	16	1,2,3,4,5	94	2
397	00:49.452	1	16	5	0
398	00:49.456	1	16	67	0
399	00:49.459	16	1,2,3,4,5	5	2
400	00:49.500	16	1,2,3,4,5	76	2
401	00:49.503	5	2,3,4,8,9,10,11,16	5	3
402	00:49.546	5	2,3,4,8,9,10,11,16	76	3
403	00:49.549	8	2,3,4,5,6,7,9,10,11,12,13,14,15	5	1
404	00:49.549	14	7,8,9,10,11,12,13,15	102	4
405	00:49.553	8	2,3,4,5,6,7,9,10,11,12,13,14,15	5	1
406	00:49.573	8	2,3,4,5,6,7,9,10,11,12,13,14,15	76	1
407	00:49.576	12	6,7,8,9,13,14,15	5	3
408	00:49.620	9	2,3,4,5,6,7,8,10,11,12,13,14,15	97	1
409	00:49.631	15	8,9,10,11,12,13,14	102	3
410	00:49.635	8	2,3,4,5,6,7,9,10,11,12,13,14,15	5	1
411	00:49.650	10	3,4,5,7,8,9,11,13,14,15	56	2
412	00:49.652	5	2,3,4,8,9,10,11,16	5	3
413	00:49.657	5	2,3,4,8,9,10,11,16	65	3
414	00:49.660	16	1,2,3,4,5	5	2
415	00:49.670	16	1,2,3,4,5	57	2
416	00:49.672	1	16	5	0
417	00:49.675	14	7,8,9,10,11,12,13,15	102	4
418	00:49.679	8	2,3,4,5,6,7,9,10,11,12,13,14,15	5	1
419	00:49.710	1	16	64	0
420	00:49.712	16	1,2,3,4,5	5	2
421	00:49.746	16	1,2,3,4,5	73	2
422	00:49.749	5	2,3,4,8,9,10,11,16	5	3
423	00:49.760	5	2,3,4,8,9,10,11,16	73	3
424	00:49.763	10	3,4,5,7,8,9,11,13,14,15	5	2
425	00:50.121	10	3,4,5,7,8,9,11,13,14,15	97	2
426	00:50.324	3	2,4,5,6,7,8,9,10,16	97	4
427	00:51.455	13	6,7,8,9,10,12,14,15	102	4
428	00:51.459	8	2,3,4,5,6,7,9,10,11,12,13,14,15	5	1
429	00:52.117	6	2,3,7,8,9,12,13	97	2
430	00:52.598	3	2,4,5,6,7,8,9,10,16	56	4
431	00:52.600	16	1,2,3,4,5	5	2
432	00:52.627	16	1,2,3,4,5	57	2
433	00:52.629	1	16	5	0
434	00:52.637	1	16	56	0
435	00:52.639	16	1,2,3,4,5	5	2
436	00:52.661	16	1,2,3,4,5	65	2
437	00:52.664	3	2,4,5,6,7,8,9,10,16	5	4
438	00:52.807	11	4,5,8,9,10,14,15	97	2
439	00:53.074	15	8,9,10,11,12,13,14	93	3
440	00:53.077	8	2,3,4,5,6,7,9,10,11,12,13,14,15	5	1
441	00:53.109	8	2,3,4,5,6,7,9,10,11,12,13,14,15	102	1
442	00:53.113	5	2,3,4,8,9,10,11,16	5	3
443	00:53.127	5	2,3,4,8,9,10,11,16	102	3
444	00:53.131	16	1,2,3,4,5	5	2
445	00:53.144	16	1,2,3,4,5	94	2
446	00:53.147	1	16	5	0
447	00:53.181	1	16	67	0
448	00:53.184	16	1,2,3,4,5	5	2
449	00:53.221	16	1,2,3,4,5	76	2
450	00:53.224	5	4,11,16	5	8
451	00:53.222	12	6,7,13,14,15	97	5
452	00:53.256	5	2,3,4,8,9,10,11,16	76	3
453	00:53.259	8	2,3,4,5,6,7,9,10,11,12,13,14,15	5	1
454	00:53.275	14	7,8,9,10,11,12,13,15	93	4
455	00:53.278	8	2,3,4,5,6,7,9,10,11,12,13,14,15	5	1
456	00:53.294	8	2,3,4,5,6,7,9,10,11,12,13,14,15	76	1
457	00:53.297	15	8,9,10,11,12,13,14	5	3
458	00:53.315	8	2,3,4,5,6,7,9,10,11,12,13,14,15	102	1
459	00:53.319	5	2,3,4,8,9,10,11,16	5	3
460	00:53.329	5	2,3,4,8,9,10,11,16	102	3
461	00:53.333	16	1,2,3,4,5	5	2
462	00:53.375	16	1,2,3,4,5	94	2
463	00:53.378	1	16	5	0
464	00:53.404	1	16	67	0
465	00:53.407	16	1,2,3,4,5	5	2
466	00:53.435	16	1,2,3,4,5	76	2
467	00:53.438	5	2,3,4,8,9,10,11,16	5	3
468	00:53.445	5	2,3,4,8,9,10,11,16	76	3
469	00:53.448	8	2,3,4,5,6,7,9,10,11,12,13,14,15	5	1
470	00:53.465	8	2,3,4,5,6,7,9,10,11,12,13,14,15	76	1
471	00:53.468	14	7,8,9,10,11,12,13,15	5	4
472	00:53.596	7	2,3,4,6,8,9,10,12,13,14	56	2
473	00:53.598	2	3,4,5,6,7,8,9,16	5	3
474	00:53.619	2	3,4,5,6,7,8,9,16	65	3
475	00:53.622	16	1,2,3,4,5	5	2
476	00:53.627	16	1,2,3,4,5	57	2
477	00:53.629	1	16	5	0
478	00:53.632	1	16	64	0
479	00:53.635	16	1,2,3,4,5	5	2
480	00:53.644	16	1,2,3,4,5	73	2
481	00:53.647	2	3,4,5,6,7,8,9,16	5	3
482	00:53.690	2	3,4,5,6,7,8,9,16	73	3
483	00:53.693	7	2,3,4,6,8,9,10,12,13,14	5	2
484	00:54.405	5	2,3,4,8,9,10,11,16	56	3
485	00:54.407	16	1,2,3,4,5	5	2
486	00:54.430	16	1,2,3,4,5	57	2
487	00:54.432	1	16	5	0
488	00:54.452	1	16	56	0
489	00:54.454	16	1,2,3,4,5	5	2
490	00:54.474	16	1,2,3,4,5	65	2
491	00:54.477	5	2,3,4,8,9,10,11,16	5	3
492	00:54.985	11	4,5,8,9,10,14,15	56	2
493	00:54.987	5	2,3,4,8,9,10,11,16	5	3
494	00:55.000	5	2,3,4,8,9,10,11,16	65	3
495	00:55.003	16	1,2,3,4,5	5	2
496	00:55.014	16	1,2,3,4,5	57	2
497	00:55.016	1	16	5	0
498	00:55.053	1	16	64	0
499	00:55.055	16	1,2,3,4,5	5	2
500	00:55.060	7	2,3,4,6,8,9,10,12,13,14	97	2
501	00:55.087	16	1,2,3,4,5	73	2
502	00:55.090	5	2,3,4,8,9,10,11,16	5	3
503	00:55.116	5	2,3,4,8,9,10,11,16	73	3
504	00:55.119	11	4,5,8,9,10,14,15	5	2
505	00:55.594	13	6,7,8,9,10,12,14,15	93	4
506	00:55.597	8	2,3,4,5,6,7,9,10,11,12,13,14,15	5	1
507	00:55.637	8	2,3,4,5,6,7,9,10,11,12,13,14,15	102	1
508	00:55.641	5	2,3,4,8,9,10,11,16	5	3
509	00:55.656	5	2,3,4,8,9,10,11,16	102	3
510	00:55.660	16	1,2,3,4,5	5	2
511	00:55.697	16	1,2,3,4,5	94	2
512	00:55.700	1	16	5	0
513	00:55.714	1	16	67	0
514	00:55.717	16	1,2,3,4,5	5	2
515	00:55.738	16	1,2,3,4,5	76	2
516	00:55.741	5	2,3,4,8,9,10,11,16	5	3
517	00:55.770	5	2,3,4,8,9,10,11,16	76	3
518	00:55.773	8	2,3,4,5,6,7,9,10,11,12,13,14,15	5	1
519	00:55.805	8	2,3,4,5,6,7,9,10,11,12,13,14,15	76	1
520	00:55.808	13	6,7,8,9,10,12,14,15	5	4
521	00:56.138	8	2,3,4,5,6,7,9,10,11,12,13,14,15	56	1
522	00:56.140	5	2,3,4,8,9,10,11,16	5	3
523	00:56.164	5	2,3,4,8,9,10,11,16	65	3
524	00:56.167	16	1,2,3,4,5	5	2
525	00:56.204	16	1,2,3,4,5	57	2
526	00:56.206	1	16	5	0
527	00:56.244	1	16	64	0
528	00:56.246	16	1,2,3,4,5	5	2
529	00:56.282	16	1,2,3,4,5	73	2
530	00:56.285	5	2,3,4,8,9,10,11,16	5	3
531	00:56.311	5	2,3,4,8,9,10,11,16	73	3
532	00:56.314	8	2,3,4,5,6,7,9,10,11,12,13,14,15	5	1
533	00:56.362	15	8,9,10,11,12,13,14	97	3
534	00:56.384	2	3,4,5,6,7,8,9,16	56	3
535	00:56.386	16	1,2,3,4,5	5	2
536	00:56.415	16	1,2,3,4,5	57	2
537	00:56.417	1	16	5	0
538	00:56.426	1	16	56	0
539	00:56.428	16	1,2,3,4,5	5	2
540	00:56.442	16	1,2,3,4,5	65	2
541	00:56.445	2	3,4,5,6,7,8,9,16	5	3
542	00:56.579	4	2,3,5,7,8,9,10,11,16	56	4
543	00:56.581	16	1,2,3,4,5	5	2
544	00:56.595	16	1,2,3,4,5	57	2
545	00:56.597	1	16	5	0
546	00:56.605	1	16	56	0
547	00:56.607	16	1,2,3,4,5	5	2
548	00:56.623	16	1,2,3,4,5	65	2
549	00:56.626	4	2,3,5,7,8,9,10,11,16	5	4
550	00:56.643	14	7,8,9,10,11,12,13,15	97	4
551	00:57.214	12	6,7,8,9,13,14,15	56	3
552	00:57.216	8	2,3,4,5,6,7,9,10,11,12,13,14,15	5	1
553	00:57.233	8	2,3,4,5,6,7,9,10,11,12,13,14,15	65	1
554	00:57.236	5	2,3,4,8,9,10,11,16	5	3
555	00:57.268	5	2,3,4,8,9,10,11,16	65	3
556	00:57.271	16	1,2,3,4,5	5	2
557	00:57.296	16	1,2,3,4,5	57	2
558	00:57.298	1	16	5	0
559	00:57.336	1	16	72	0
560	00:57.339	16	1,2,3,4,5	5	2
561	00:57.362	16	1,2,3,4,5	81	2
562	00:57.365	5	2,3,4,8,9,10,11,16	5	3
563	00:57.402	5	2,3,4,8,9,10,11,16	81	3
564	00:57.405	8	2,3,4,5,6,7,9,10,11,12,13,14,15	5	1
565	00:57.437	8	2,3,4,5,6,7,9,10,11,12,13,14,15	81	1
566	00:57.440	12	6,7,8,9,13,14,15	5	3
567	00:58.029	6	2,3,7,8,9,12,13	56	2
568	00:58.031	2	3,4,5,6,7,8,9,16	5	3
569	00:58.061	2	3,4,5,6,7,8,9,16	65	3
570	00:58.064	16	1,2,3,4,5	5	2
571	00:58.082	16	1,2,3,4,5	57	2
572	00:58.084	1	16	5	0
573	00:58.094	1	16	64	0
574	00:58.096	16	1,2,3,4,5	5	2
575	00:58.114	16	1,2,3,4,5	73	2
576	00:58.117	2	3,4,5,6,7,8,9,16	5	3
577	00:58.124	2	3,4,5,6,7,8,9,16	73	3
578	00:58.127	6	2,3,7,8,9,12,13	5	2
579	00:58.451	14	7,8,9,10,11,12,13,15	56	4
580	00:58.453	8	2,3,4,5,6,7,9,10,11,12,13,14,15	5	1
581	00:58.461	8	2,3,4,5,6,7,9,10,11,12,13,14,15	65	1
582	00:58.464	5	2,3,4,8,9,10,11,16	5	3
583	00:58.471	5	2,3,4,8,9,10,11,16	65	3
584	00:58.474	16	1,2,3,4,5	5	2
585	00:58.515	16	1,2,3,4,5	57	2
586	00:58.517	1	16	5	0
587	00:58.548	1	16	72	0
588	00:58.551	16	1,2,3,4,5	5	2
589	00:58.580	16	1,2,3,4,5	81	2
590	00:58.583	5	2,3,4,8,9,10,11,16	5	3
591	00:58.608	9	2,3,4,5,6,7,8,10,11,12,13,14,15	56	1
592	00:58.610	5	2,3,4,8,9,10,11,16	5	3
593	00:58.640	5	2,3,4,8,9,10,11,16	65	3
594	00:58.643	16	1,2,3,4,5	5	2
595	00:58.658	5	2,3,4,8,9,10,11,16	81	3
596	00:58.661	8	2,3,4,5,6,7,9,10,11,12,13,14,15	5	1
597	00:58.683	8	2,3,4,5,6,7,9,10,11,12,13,14,15	81	1
598	00:58.686	14	7,8,9,10,11,12,13,15	5	4
599	00:58.706	16	1,2,3,4,5	57	2
600	00:58.708	1	16	5	0
601	00:58.711	1	16	64	0
602	00:58.714	16	1,2,3,4,5	5	2
603	00:58.728	16	1,2,3,4,5	73	2
604	00:58.731	5	2,3,4,8,9,10,11,16	5	3
605	00:58.769	5	2,3,4,8,9,10,11,16	73	3
606	00:58.772	9	2,3,4,5,6,7,8,10,11,12,13,14,15	5	1
607	00:58.904	13	6,7,8,9,10,12,14,15	97	4
608	00:59.505	15	8,9,10,11,12,13,14	56	3
609	00:59.507	8	2,3,4,5,6,7,9,10,11,12,13,14,15	5	1
610	00:59.511	8	2,3,4,5,6,7,9,10,11,12,13,14,15	65	1
611	00:59.514	5	2,3,4,8,9,10,11,16	5	3
612	00:59.521	5	2,3,4,8,9,10,11,16	65	3
613	00:59.524	16	1,2,3,4,5	5	2
614	00:59.540	16	1,2,3,4,5	57	2
615	00:59.542	1	16	5	0
616	00:59.563	1	16	72	0
617	00:59.566	16	1,2,3,4,5	5	2
618	00:59.596	16	1,2,3,4,5	81	2
619	00:59.599	5	2,3,4,8,9,10,11,16	5	3
620	00:59.616	5	2,3,4,8,9,10,11,16	81	3
621	00:59.619	8	2,3,4,5,6,7,9,10,11,12,13,14,15	5	1
622	00:59.662	8	2,3,4,5,6,7,9,10,11,12,13,14,15	81	1
623	00:59.665	15	8,9,10,11,12,13,14	5	3
624	01:00.107	10	3,4,5,7,8,9,11,13,14,15	56	2
625	01:00.109	5	2,3,4,8,9,10,11,16	5	3
626	01:00.125	5	2,3,4,8,9,10,11,16	65	3
627	01:00.128	16	1,2,3,4,5	5	2
628	01:00.143	16	1,2,3,4,5	57	2
629	01:00.145	1	16	5	0
630	01:00.183	1	16	64	0
631	01:00.185	16	1,2,3,4,5	5	2
632	01:00.205	16	1,2,3,4,5	73	2
633	01:00.208	5	2,3,4,8,9,10,11,16	5	3
634	01:00.242	5	2,3,4,8,9,10,11,16	73	3
635	01:00.245	10	3,4,5,7,8,9,11,13,14,15	5	2
636	01:00.293	8	2,3,4,5,6,7,9,10,11,12,13,14,15	97	1
637	01:00.461	12	6,7,8,9,13,14,15	97	3
638	01:01.190	3	2,4,5,6,7,8,9,10,16	97	4
639	01:01.460	4	2,3,5,7,8,9,10,11,16	97	4
640	01:02.190	3	2,4,5,6,7,8,9,10,16	56	4
641	01:02.192	16	1,2,3,4,5	5	2
642	01:02.203	16	1,2,3,4,5	57	2
643	01:02.205	1	16	5	0
644	01:02.232	1	16	56	0
645	01:02.234	16	1,2,3,4,5	5	2
646	01:02.260	16	1,2,3,4,5	65	2
647	01:02.263	3	2,4,5,6,7,8,9,10,16	5	4
648	01:02.512	5	2,3,4,8,9,10,11,16	97	3
649	01:02.855	2	3,4,5,6,7,8,9,16	97	3
650	01:02.897	15	8,9,10,11,12,13,14	97	3
651	01:03.222	14	7,8,9,10,11,12,13,15	97	4
652	01:03.332	7	2,3,4,6,8,9,10,12,13,14	56	2
653	01:03.334	2	3,4,5,6,7,8,9,16	5	3
654	01:03.337	2	3,4,5,6,7,8,9,16	65	3
655	01:03.340	16	1,2,3,4,5	5	2
656	01:03.360	13	6,7,8,9,10,12,14,15	56	4
657	01:03.362	8	2,3,4,5,6,7,9,10,11,12,13,14,15	5	1
658	01:03.372	8	2,3,4,5,6,7,9,10,11,12,13,14,15	65	1
659	01:03.375	5	2,3,4,8,9,10,11,16	5	3
660	01:03.381	16	1,2,3,4,5	57	2
661	01:03.383	1	16	5	0
662	01:03.387	1	16	64	0
663	01:03.389	16	1,2,3,4,5	5	2
664	01:03.393	5	2,3,4,8,9,10,11,16	65	3
665	01:03.396	16	1,2,3,4,5	5	2
666	01:03.428	16	1,2,3,4,5	57	2
667	01:03.430	1	16	5	0
668	01:03.433	16	1,2,3,4,5	73	2
669	01:03.437	2	3,4,5,6,7,8,9,16	5	3
670	01:03.459	1	16	72	0
671	01:03.462	16	1,2,3,4,5	5	2
672	01:03.469	2	3,4,5,6,7,8,9,16	73	3
673	01:03.472	7	2,3,4,6,8,9,10,12,13,14	5	2
674	01:03.474	16	1,2,3,4,5	81	2
675	01:03.477	5	2,3,4,8,9,10,11,16	5	3
676	01:03.502	5	2,3,4,8,9,10,11,16	81	3
677	01:03.505	8	2,3,4,5,6,7,9,10,11,12,13,14,15	5	1
678	01:03.517	8	2,3,4,5,6,7,9,10,11,12,13,14,15	81	1
679	01:03.520	13	6,7,8,9,10,12,14,15	5	4
680	01:04.521	13	6,7,8,9,10,12,14,15	97	4
681	01:04.986	5	2,3,4,8,9,10,11,16	56	3
682	01:04.988	16	1,2,3,4,5	5	2
683	01:05.009	16	1,2,3,4,5	57	2
684	01:05.011	1	16	5	0
685	01:05.046	1	16	56	0
686	01:05.048	16	1,2,3,4,5	5	2
687	01:05.051	16	1,2,3,4,5	65	2
688	01:05.054	5	2,3,4,8,9,10,11,16	5	3
689	01:05.072	9	2,3,4,5,6,7,8,10,11,12,13,14,15	97	1
690	01:05.516	11	4,5,8,9,10,14,15	56	2
691	01:05.518	5	2,3,4,8,9,10,11,16	5	3
692	01:05.522	5	2,3,4,8,9,10,11,16	65	3
693	01:05.525	16	1,2,3,4,5	5	2
694	01:05.541	16	1,2,3,4,5	57	2
695	01:05.543	1	16	5	0
696	01:05.567	1	16	64	0
697	01:05.569	16	1,2,3,4,5	5	2
698	01:05.591	16	1,2,3,4,5	73	2
699	01:05.594	5	2,3,4,8,9,10,11,16	5	3
700	01:05.634	5	2,3,4,8,9,10,11,16	73	3
701	01:05.637	11	4,5,8,9,10,14,15	5	2
702	01:05.757	10	3,4,5,7,8,9,11,13,14,15	97	2
703	01:05.829	8	2,3,4,5,6,7,9,10,11,12,13,14,15	56	1
704	01:05.831	5	2,3,4,8,9,10,11,16	5	3
705	01:05.837	5	2,3,4,8,9,10,11,16	65	3
706	01:05.840	16	1,2,3,4,5	5	2
707	01:05.874	16	1,2,3,4,5	57	2
708	01:05.876	1	16	5	0
709	01:05.890	1	16	64	0
710	01:05.892	16	1,2,3,4,5	5	2
711	01:05.936	16	1,2,3,4,5	73	2
712	01:05.939	5	2,3,4,8,9,10,11,16	5	3
713	01:05.957	5	2,3,4,8,9,10,11,16	73	3
714	01:05.960	8	2,3,4,5,6,7,9,10,11,12,13,14,15	5	1
715	01:06.578	6	2,3,7,8,9,12,13	97	2
716	01:06.611	4	2,3,5,7,8,9,10,11,16	56	4
717	01:06.613	16	1,2,3,4,5	5	2
718	01:06.632	16	1,2,3,4,5	57	2
719	01:06.634	1	16	5	0
720	01:06.644	1	16	56	0
721	01:06.646	16	1,2,3,4,5	5	2
722	01:06.670	16	1,2,3,4,5	65	2
723	01:06.673	4	2,3,5,7,8,9,10,11,16	5	4
724	01:07.354	2	3,4,5,6,7,8,9,16	56	3
725	01:07.356	16	1,2,3,4,5	5	2
726	01:07.375	12	6,7,8,9,13,14,15	56	3
727	01:07.377	8	6,7,10,11,12,13,14,15	5	6
728	01:07.377	16	1	57	6
729	01:07.379	1	16	5	0
730	01:07.403	1	16	56	0
731	01:07.405	16	1,2,3,4,5	5	2
732	01:07.410	16	1,2,3,4,5	65	2
733	01:07.413	2	3,4,5,6,7,8,9,16	5	3
734	01:07.417	8	2,3,4,5,6,7,9,10,11,12,13,14,15	65	1
735	01:07.420	5	2,3,4,8,9,10,11,16	5	3
736	01:07.463	5	2,3,4,8,9,10,11,16	65	3
737	01:07.466	16	1,2,3,4,5	5	2
738	01:07.488	16	1,2,3,4,5	57	2
739	01:07.490	1	16	5	0
740	01:07.513	1	16	72	0
741	01:07.516	16	1,2,3,4,5	5	2
742	01:07.535	16	1,2,3,4,5	81	2
743	01:07.538	5	2,3,4,8,9,10,11,16	5	3
744	01:07.546	5	2,3,4,8,9,10,11,16	81	3
745	01:07.549	8	2,3,4,5,6,7,9,10,11,12,13,14,15	5	1
746	01:07.557	8	2,3,4,5,6,7,9,10,11,12,13,14,15	81	1
747	01:07.560	12	6,7,8,9,13,14,15	5	3
748	01:07.606	14	7,8,9,10,11,12,13,15	56	4
749	01:07.608	8	2,3,4,5,6,7,9,10,11,12,13,14,15	5	1
750	01:07.645	8	2,3,4,5,6,7,9,10,11,12,13,14,15	65	1
751	01:07.648	5	2,3,4,8,9,10,11,16	5	3
752	01:07.675	5	2,3,4,8,9,10,11,16	65	3
753	01:07.678	16	1,2,3,4,5	5	2
754	01:07.691	16	1,2,3,4,5	57	2
755	01:07.693	1	16	5	0
756	01:07.704	1	16	72	0
757	01:07.707	16	1,2,3,4,5	5	2
758	01:07.736	16	1,2,3,4,5	81	2
759	01:07.739	5	2,3,4,8,9,10,11,16	5	3
760	01:07.742	5	2,3,4,8,9,10,11,16	81	3
761	01:07.746	8	2,3,4,5,6,7,9,10,11,12,13,14,15	5	1
762	01:07.773	8	2,3,4,5,6,7,9,10,11,12,13,14,15	81	1
763	01:07.776	14	7,8,9,10,11,12,13,15	5	4
764	01:08.959	6	2,3,7,8,9,12,13	56	2
765	01:08.961	2	3,4,5,6,7,8,9,16	5	3
766	01:08.982	2	3,4,5,6,7,8,9,16	65	3
767	01:08.985	16	1,2,3,4,5	5	2
768	01:09.011	9	2,3,4,5,6,7,8,10,11,12,13,14,15	56	1
769	01:09.013	5	2,3,4,8,9,10,11,16	5	3
770	01:09.022	16	1,2,3,4,5	57	2
771	01:09.024	1	16	5	0
772	01:09.030	1	16	64	0
773	01:09.032	16	1,2,3,4,5	5	2
774	01:09.038	5	2,3,4,8,9,10,11,16	65	3
775	01:09.041	16	1,2,3,4,5	5	2
776	01:09.057	16	1,2,3,4,5	73	2
777	01:09.060	2	3,4,5,6,7,8,9,16	5	3
778	01:09.066	16	1,2,3,4,5	57	2
779	01:09.068	1	16	5	0
780	01:09.073	2	3,4,5,6,7,8,9,16	73	3
781	01:09.076	6	2,3,7,8,9,12,13	5	2
782	01:09.078	1	16	64	0
783	01:09.080	16	1,2,3,4,5	5	2
784	01:09.097	16	1,2,3,4,5	73	2
785	01:09.100	5	2,3,4,8,9,10,11,16	5	3
786	01:09.121	5	2,3,4,8,9,10,11,16	73	3
787	01:09.124	9	2,3,4,5,6,7,8,10,11,12,13,14,15	5	1
788	01:09.766	15	8,9,10,11,12,13,14	56	3
789	01:09.768	8	2,3,4,5,6,7,9,10,11,12,13,14,15	5	1
790	01:09.798	8	2,3,4,5,6,7,9,10,11,12,13,14,15	65	1
791	01:09.801	5	2,3,4,8,9,10,11,16	5	3
792	01:09.812	5	2,3,4,8,9,10,11,16	65	3
793	01:09.815	16	1,2,3,4,5	5	2
794	01:09.831	16	1,2,3,4,5	57	2
795	01:09.833	1	16	5	0
796	01:09.836	1	16	72	0
797	01:09.840	16	1,2,3,4,5	5	2
798	01:09.875	16	1,2,3,4,5	81	2
799	01:09.878	5	2,3,4,8,9,10,11,16	5	3
800	01:09.881	5	2,3,4,8,9,10,11,16	81	3
801	01:09.885	8	2,3,4,5,6,7,9,10,11,12,13,14,15	5	1
802	01:09.919	8	2,3,4,5,6,7,9,10,11,12,13,14,15	81	1
803	01:09.922	15	8,9,10,11,12,13,14	5	3
804	01:10.371	10	3,4,5,7,8,9,11,13,14,15	56	2
805	01:10.373	5	2,3,4,8,9,10,11,16	5	3
806	01:10.413	5	2,3,4,8,9,10,11,16	65	3
807	01:10.416	16	1,2,3,4,5	5	2
808	01:10.436	16	1,2,3,4,5	57	2
809	01:10.438	1	16	5	0
810	01:10.466	1	16	64	0
811	01:10.468	16	1,2,3,4,5	5	2
812	01:10.493	16	1,2,3,4,5	73	2
813	01:10.496	5	2,3,4,8,9,10,11,16	5	3
814	01:10.524	5	2,3,4,8,9,10,11,16	73	3
815	01:10.527	10	3,4,5,7,8,9,11,13,14,15	5	2
816	01:11.666	11	4,5,8,9,10,14,15	97	2
817	01:12.098	3	2,4,5,6,7,8,9,10,16	56	4
818	01:12.100	16	1,2,3,4,5	5	2
819	01:12.117	16	1,2,3,4,5	57	2
820	01:12.119	1	16	5	0
821	01:12.128	12	6,7,8,9,13,14,15	97	3
822	01:12.159	1	16	56	0
823	01:12.161	16	1,2,3,4,5	5	2
824	01:12.195	16	1,2,3,4,5	65	2
825	01:12.198	3	2,4,5,6,7,8,9,10,16	5	4
826	01:13.381	7	2,3,4,6,8,9,10,12,13,14	56	2
827	01:13.383	2	3,4,5,6,7,8,9,16	5	3
828	01:13.389	2	3,4,5,6,7,8,9,16	65	3
829	01:13.392	16	1,2,3,4,5	5	2
830	01:13.410	16	1,2,3,4,5	57	2
831	01:13.412	1	16	5	0
832	01:13.439	1	16	64	0
833	01:13.441	16	1,2,3,4,5	5	2
834	01:13.478	16	1,2,3,4,5	73	2
835	01:13.481	2	3,4,5,6,7,8,9,16	5	3
836	01:13.489	2	3,4,5,6,7,8,9,16	73	3
837	01:13.492	7	2,3,4,6,8,9,10,12,13,14	5	2
838	01:13.569	7	2,3,4,6,8,9,10,12,13,14	97	2
839	01:14.204	13	6,7,8,9,10,12,14,15	56	4
840	01:14.206	8	2,3,4,5,6,7,9,10,11,12,13,14,15	5	1
841	01:14.218	8	2,3,4,5,6,7,9,10,11,12,13,14,15	65	1
842	01:14.221	5	2,3,4,8,9,10,11,16	5	3
843	01:14.256	5	2,3,4,8,9,10,11,16	65	3
844	01:14.259	16	1,2,3,4,5	5	2
845	01:14.280	16	1,2,3,4,5	57	2
846	01:14.282	1	16	5	0
847	01:14.322	1	16	72	0
848	01:14.325	16	1,2,3,4,5	5	2
849	01:14.340	16	1,2,3,4,5	81	2
850	01:14.343	5	2,3,4,8,9,10,11,16	5	3
851	01:14.348	5	2,3,4,8,9,10,11,16	81	3
852	01:14.351	8	2,3,4,5,6,7,9,10,11,12,13,14,15	5	1
853	01:14.393	8	2,3,4,5,6,7,9,10,11,12,13,14,15	81	1
854	01:14.396	13	6,7,8,9,10,12,14,15	5	4
855	01:15.209	5	2,3,4,8,9,10,11,16	56	3
856	01:15.211	16	1,2,3,4,5	5	2
857	01:15.239	16	1,2,3,4,5	57	2
858	01:15.241	1	16	5	0
859	01:15.279	1	16	56	0
860	01:15.281	16	1,2,3,4,5	5	2
861	01:15.288	16	1,2,3,4,5	65	2
862	01:15.291	5	2,3,4,8,9,10,11,16	5	3
863	01:15.506	8	2,3,4,5,6,7,9,10,11,12,13,14,15	56	1
864	01:15.508	5	2,3,4,8,9,10,11,16	5	3
865	01:15.514	5	2,3,4,8,9,10,11,16	65	3
866	01:15.517	16	1,2,3,4,5	5	2
867	01:15.524	16	1,2,3,4,5	57	2
868	01:15.526	1	16	5	0
869	01:15.539	1	16	64	0
870	01:15.541	16	1,2,3,4,5	5	2
871	01:15.545	16	1,2,3,4,5	73	2
872	01:15.548	5	2,3,4,8,9,10,11,16	5	3
873	01:15.584	5	2,3,4,8,9,10,11,16	73	3
874	01:15.587	8	2,3,4,5,6,7,9,10,11,12,13,14,15	5	1
875	01:15.820	4	2,3,5,7,8,9,10,11,16	56	4
876	01:15.822	16	1,2,3,4,5	5	2
877	01:15.860	16	1,2,3,4,5	57	2
878	01:15.862	1	16	5	0
879	01:15.867	1	16	56	0
880	01:15.869	16	1,2,3,4,5	5	2
881	01:15.893	16	1,2,3,4,5	65	2
882	01:15.896	4	2,3,5,7,8,9,10,11,16	5	4
883	01:15.928	11	4,5,8,9,10,14,15	56	2
884	01:15.930	5	2,3,4,8,9,10,11,16	5	3
885	01:15.956	5	2,3,4,8,9,10,11,16	65	3
886	01:15.959	16	1,2,3,4,5	5	2
887	01:15.984	16	1,2,3,4,5	57	2
888	01:15.986	1	16	5	0
889	01:16.020	1	16	64	0
890	01:16.022	16	1,2,3,4,5	5	2
891	01:16.029	16	1,2,3,4,5	73	2
892	01:16.032	5	2,3,4,8,9,10,11,16	5	3
893	01:16.066	5	2,3,4,8,9,10,11,16	73	3
894	01:16.069	11	4,5,8,9,10,14,15	5	2
895	01:16.989	12	6,7,8,9,13,14,15	56	3
896	01:16.991	8	2,3,4,5,6,7,9,10,11,12,13,14,15	5	1
897	01:17.007	8	2,3,4,5,6,7,9,10,11,12,13,14,15	65	1
898	01:17.010	5	2,3,4,8,9,10,11,16	5	3
899	01:17.016	5	2,3,4,8,9,10,11,16	65	3
900	01:17.019	16	1,2,3,4,5	5	2
901	01:17.053	16	1,2,3,4,5	57	2
902	01:17.055	1	16	5	0
903	01:17.089	1	16	72	0
904	01:17.092	16	1,2,3,4,5	5	2
905	01:17.127	16	1,2,3,4,5	81	2
906	01:17.130	5	2,3,4,8,9,10,11,16	5	3
907	01:17.135	5	2,3,4,8,9,10,11,16	81	3
908	01:17.138	8	2,3,4,5,6,7,9,10,11,12,13,14,15	5	1
909	01:17.174	8	2,3,4,5,6,7,9,10,11,12,13,14,15	81	1
910	01:17.177	12	6,7,8,9,13,14,15	5	3
911	01:17.466	15	8,9,10,11,12,13,14	97	3
912	01:17.651	14	7,8,9,10,11,12,13,15	56	4
913	01:17.653	8	2,3,4,5,6,7,9,10,11,12,13,14,15	5	1
914	01:17.669	8	2,3,4,5,6,7,9,10,11,12,13,14,15	65	1
915	01:17.672	5	2,3,4,8,9,10,11,16	5	3
916	01:17.678	5	2,3,4,8,9,10,11,16	65	3
917	01:17.681	16	1,2,3,4,5	5	2
918	01:17.689	16	1,2,3,4,5	57	2
919	01:17.691	1	16	5	0
920	01:17.696	1	16	72	0
921	01:17.699	16	1,2,3,4,5	5	2
922	01:17.707	16	1,2,3,4,5	81	2
923	01:17.710	5	2,3,4,8,9,10,11,16	5	3
924	01:17.749	5	2,3,4,8,9,10,11,16	81	3
925	01:17.752	8	2,3,4,5,6,7,9,10,11,12,13,14,15	5	1
926	01:17.769	8	2,3,4,5,6,7,9,10,11,12,13,14,15	81	1
927	01:17.772	14	7,8,9,10,11,12,13,15	5	4
928	01:17.880	2	3,4,5,6,7,8,9,16	56	3
929	01:17.882	16	1,2,3,4,5	5	2
930	01:17.906	16	1,2,3,4,5	57	2
931	01:17.908	1	16	5	0
932	01:17.913	13	6,7,8,9,10,12,14,15	97	4
933	01:17.930	1	16	56	0
934	01:17.932	16	1,2,3,4,5	5	2
935	01:17.941	16	1,2,3,4,5	65	2
936	01:17.944	2	3,4,5,6,7,8,9,16	5	3
937	01:18.484	6	2,3,7,8,9,12,13	56	2
938	01:18.486	2	3,4,5,6,7,8,9,16	5	3
939	01:18.503	2	3,4,5,6,7,8,9,16	65	3
940	01:18.506	16	1,2,3,4,5	5	2
941	01:18.538	16	1,2,3,4,5	57	2
942	01:18.540	1	16	5	0
943	01:18.554	1	16	64	0
944	01:18.556	16	1,2,3,4,5	5	2
945	01:18.568	16	1,2,3,4,5	73	2
946	01:18.571	2	3,4,5,6,7,8,9,16	5	3
947	01:18.610	2	3,4,5,6,7,8,9,16	73	3
948	01:18.613	6	2,3,7,8,9,12,13	5	2
949	01:18.737	9	2,3,4,5,6,7,8,10,11,12,13,14,15	56	1
950	01:18.739	5	2,3,4,8,9,10,11,16	5	3
951	01:18.771	5	2,3,4,8,9,10,11,16	65	3
952	01:18.774	16	1,2,3,4,5	5	2
953	01:18.780	16	1,2,3,4,5	57	2
954	01:18.782	1	16	5	0
955	01:18.795	1	16	64	0
956	01:18.797	16	1,2,3,4,5	5	2
957	01:18.808	16	1,2,3,4,5	73	2
958	01:18.811	5	2,3,4,8,9,10,11,16	5	3
959	01:18.840	5	2,3,4,8,9,10,11,16	73	3
960	01:18.843	9	2,3,4,5,6,7,8,10,11,12,13,14,15	5	1
961	01:19.336	15	8,9,10,11,12,13,14	56	3
962	01:19.338	8	2,3,4,5,6,7,9,10,11,12,13,14,15	5	1
963	01:19.381	8	2,3,4,5,6,7,9,10,11,12,13,14,15	65	1
964	01:19.384	5	2,3,4,8,9,10,11,16	5	3
965	01:19.412	5	2,3,4,8,9,10,11,16	65	3
966	01:19.415	16	1,2,3,4,5	5	2
967	01:19.440	16	1,2,3,4,5	57	2
968	01:19.442	1	16	5	0
969	01:19.471	1	16	72	0
970	01:19.474	16	1,2,3,4,5	5	2
971	01:19.481	16	1,2,3,4,5	81	2
972	01:19.484	5	2,3,4,8,9,10,11,16	5	3
973	01:19.498	5	2,3,4,8,9,10,11,16	81	3
974	01:19.501	8	2,3,4,5,6,7,9,10,11,12,13,14,15	5	1
975	01:19.541	8	2,3,4,5,6,7,9,10,11,12,13,14,15	81	1
976	01:19.544	15	8,9,10,11,12,13,14	5	3
977	01:19.950	10	3,4,5,7,8,9,11,13,14,15	56	2
978	01:19.952	5	2,3,4,8,9,10,11,16	5	3
979	01:19.980	5	2,3,4,8,9,10,11,16	65	3
980	01:19.983	16	1,2,3,4,5	5	2
981	01:20.026	16	1,2,3,4,5	57	2
982	01:20.028	1	16	5	0
983	01:20.054	1	16	64	0
984	01:20.056	16	1,2,3,4,5	5	2
985	01:20.060	16	1,2,3,4,5	73	2
986	01:20.063	5	2,3,4,8,9,10,11,16	5	3
987	01:20.076	5	2,3,4,8,9,10,11,16	73	3
988	01:20.079	10	3,4,5,7,8,9,11,13,14,15	5	2
989	01:20.112	14	7,8,9,10,11,12,13,15	97	4
990	01:20.372	3	2,4,5,6,7,8,9,10,16	102	4
991	01:20.376	4	2,3,5,7,8,9,10,11,16	5	4
992	01:22.539	16	1,2,3,4,5	97	2
993	01:23.059	3	2,4,5,6,7,8,9,10,16	56	4
994	01:23.061	16	1,2,3,4,5	5	2
995	01:23.067	16	1,2,3,4,5	57	2
996	01:23.069	1	16	5	0
997	01:23.094	1	16	56	0
998	01:23.096	16	1,2,3,4,5	5	2
999	01:23.118	16	1,2,3,4,5	65	2
1000	01:23.121	3	2,4,5,6,7,8,9,10,16	5	4
1001	01:23.942	2	3,4,5,6,7,8,9,16	102	3
1002	01:23.946	5	2,3,4,8,9,10,11,16	5	3
1003	01:24.006	13	6,7,8,9,10,12,14,15	56	4
1004	01:24.008	8	2,3,4,5,6,7,9,10,11,12,13,14,15	5	1
1005	01:24.043	8	2,3,4,5,6,7,9,10,11,12,13,14,15	65	1
1006	01:24.046	5	2,3,4,8,9,10,11,16	5	3
1007	01:24.072	5	2,3,4,8,9,10,11,16	65	3
1008	01:24.075	16	1,2,3,4,5	5	2
1009	01:24.093	16	1,2,3,4,5	57	2
1010	01:24.095	1	16	5	0
1011	01:24.136	1	16	72	0
1012	01:24.139	16	1,2,3,4,5	5	2
1013	01:24.165	16	1,2,3,4,5	81	2
1014	01:24.168	5	2,3,4,8,9,10,11,16	5	3
1015	01:24.184	5	2,3,4,8,9,10,11,16	81	3
1016	01:24.187	8	2,3,4,5,6,7,9,10,11,12,13,14,15	5	1
1017	01:24.193	7	2,3,4,6,8,9,10,12,13,14	56	2
1018	01:24.195	2	3,4,5,6,7,8,9,16	5	3
1019	01:24.226	8	2,3,4,5,6,7,9,10,11,12,13,14,15	81	1
1020	01:24.229	13	6,7,8,9,10,12,14,15	5	4
1021	01:24.316	2	3,4,5,6,7,8,9,16	65	3
1022	01:24.319	16	1,2,3,4,5	5	2
1023	01:24.329	16	1,2,3,4,5	57	2
1024	01:24.331	1	16	5	0
1025	01:24.354	1	16	64	0
1026	01:24.356	16	1,2,3,4,5	5	2
1027	01:24.386	16	1,2,3,4,5	73	2
1028	01:24.389	2	3,4,5,6,7,8,9,16	5	3
1029	01:24.399	2	3,4,5,6,7,8,9,16	73	3
1030	01:24.402	7	2,3,4,6,8,9,10,12,13,14	5	2
1031	01:24.929	11	4,5,8,9,10,14,15	56	2
1032	01:24.931	5	2,3,4,8,9,10,11,16	5	3
1033	01:24.961	5	2,3,4,8,9,10,11,16	65	3
1034	01:24.964	16	1,2,3,4,5	5	2
1035	01:24.994	16	1,2,3,4,5	57	2
1036	01:24.996	1	16	5	0
1037	01:25.009	1	16	64	0
1038	01:25.011	5	2,3,4,8,9,10,11,16	56	3
1039	01:25.013	16	1,2,3,4,5	5	2
1040	01:25.021	16	1,2,3,4,5	57	2
1041	01:25.023	1	16	5	0
1042	01:25.026	16	1,2,3,4,5	73	2
1043	01:25.030	5	2,3,4,8,9,10,11,16	5	3
1044	01:25.060	5	2,3,4,8,9,10,11,16	73	3
1045	01:25.063	11	4,5,8,9,10,14,15	5	2
1046	01:25.068	8	2,3,4,5,6,7,9,10,11,12,13,14,15	97	1
1047	01:25.081	1	16	64	0
1048	01:25.083	16	1,2,3,4,5	5	2
1049	01:25.117	1	16	56	0
1050	01:25.119	16	1,2,3,4,5	5	2
1051	01:25.139	16	1,2,3,4,5	65	2
1052	01:25.142	5	2,3,4,8,9,10,11,16	5	3
1053	01:25.702	8	2,3,4,5,6,7,9,10,11,12,13,14,15	102	1
1054	01:25.706	4	2,3,5,7,8,9,10,11,16	5	4
1055	01:26.308	8	2,3,4,5,6,7,9,10,11,12,13,14,15	56	1
1056	01:26.310	5	2,3,4,8,9,10,11,16	5	3
1057	01:26.325	5	2,3,4,8,9,10,11,16	65	3
1058	01:26.328	16	1,2,3,4,5	5	2
1059	01:26.363	16	1,2,3,4,5	57	2
1060	01:26.365	1	16	5	0
1061	01:26.384	1	16	64	0
1062	01:26.386	16	1,2,3,4,5	5	2
1063	01:26.394	4	2,3,5,7,8,9,10,11,16	56	4
1064	01:26.396	16	1,2,3,4,5	5	2
1065	01:26.425	16	1,2,3,4,5	57	2
1066	01:26.427	1	16	5	0
1067	01:26.430	16	1,2,3,4,5	73	2
1068	01:26.434	5	2,3,4,8,9,10,11,16	5	3
1069	01:26.437	5	2,3,4,8,9,10,11,16	73	3
1070	01:26.440	8	2,3,4,5,6,7,9,10,11,12,13,14,15	5	1
1071	01:26.454	1	16	56	0
1072	01:26.456	16	1,2,3,4,5	5	2
1073	01:26.470	16	1,2,3,4,5	65	2
1074	01:26.473	4	2,3,5,7,8,9,10,11,16	5	4
1075	01:27.213	2	3,4,5,6,7,8,9,16	56	3
1076	01:27.215	16	1,2,3,4,5	5	2
1077	01:27.218	16	1,2,3,4,5	57	2
1078	01:27.221	1	16	5	0
1079	01:27.225	1	16	56	0
1080	01:27.227	16	1,2,3,4,5	5	2
1081	01:27.270	16	1,2,3,4,5	65	2
1082	01:27.273	2	3,4,5,6,7,8,9,16	5	3
1083	01:27.575	12	6,7,8,9,13,14,15	56	3
1084	01:27.577	8	2,3,4,5,6,7,9,10,11,12,13,14,15	5	1
1085	01:27.598	8	2,3,4,5,6,7,9,10,11,12,13,14,15	65	1
1086	01:27.601	5	2,3,4,8,9,10,11,16	5	3
1087	01:27.623	5	2,3,4,8,9,10,11,16	65	3
1088	01:27.626	16	1,2,3,4,5	5	2
1089	01:27.659	16	1,2,3,4,5	57	2
1090	01:27.661	1	16	5	0
1091	01:27.665	1	16	72	0
1092	01:27.668	16	1,2,3,4,5	5	2
1093	01:27.671	16	1,2,3,4,5	81	2
1094	01:27.674	5	2,3,4,8,9,10,11,16	5	3
1095	01:27.697	5	2,3,4,8,9,10,11,16	81	3
1096	01:27.700	8	2,3,4,5,6,7,9,10,11,12,13,14,15	5	1
1097	01:27.729	8	2,3,4,5,6,7,9,10,11,12,13,14,15	81	1
1098	01:27.732	12	6,7,8,9,13,14,15	5	3
1099	01:27.755	5	2,3,4,8,9,10,11,16	97	3
1100	01:28.008	14	7,8,9,10,11,12,13,15	56	4
1101	01:28.010	8	2,3,4,5,6,7,9,10,11,12,13,14,15	5	1
1102	01:28.045	8	2,3,4,5,6,7,9,10,11,12,13,14,15	65	1
1103	01:28.048	5	2,3,4,8,9,10,11,16	5	3
1104	01:28.059	5	2,3,4,8,9,10,11,16	65	3
1105	01:28.062	16	1,2,3,4,5	5	2
1106	01:28.092	16	1,2,3,4,5	57	2
1107	01:28.094	1	16	5	0
1108	01:28.097	1	16	72	0
1109	01:28.101	16	1,2,3,4,5	5	2
1110	01:28.127	16	1,2,3,4,5	81	2
1111	01:28.130	5	2,3,4,8,9,10,11,16	5	3
1112	01:28.172	5	2,3,4,8,9,10,11,16	81	3
1113	01:28.175	8	2,3,4,5,6,7,9,10,11,12,13,14,15	5	1
1114	01:28.207	8	2,3,4,5,6,7,9,10,11,12,13,14,15	81	1
1115	01:28.210	14	7,8,9,10,11,12,13,15	5	4
1116	01:28.571	6	2,3,7,8,9,12,13	56	2
1117	01:28.573	2	3,4,5,6,7,8,9,16	5	3
1118	01:28.601	2	3,4,5,6,7,8,9,16	65	3
1119	01:28.604	16	1,2,3,4,5	5	2
1120	01:28.636	16	1,2,3,4,5	57	2
1121	01:28.638	1	16	5	0
1122	01:28.655	1	16	64	0
1123	01:28.657	16	1,2,3,4,5	5	2
1124	01:28.664	16	1,2,3,4,5	73	2
1125	01:28.667	2	3,4,5,6,7,8,9,16	5	3
1126	01:28.670	2	3,4,5,6,7,8,9,16	73	3
1127	01:28.673	6	2,3,7,8,9,12,13	5	2
1128	01:29.553	9	2,3,4,5,6,7,8,10,11,12,13,14,15	56	1
1129	01:29.555	5	2,3,4,8,9,10,11,16	5	3
1130	01:29.574	5	2,3,4,8,9,10,11,16	65	3
1131	01:29.577	16	1,2,3,4,5	5	2
1132	01:29.614	16	1,2,3,4,5	57	2
1133	01:29.616	1	16	5	0
1134	01:29.624	1	16	64	0
1135	01:29.626	16	1,2,3,4,5	5	2
1136	01:29.643	16	1,2,3,4,5	73	2
1137	01:29.646	5	2,3,4,8,9,10,11,16	5	3
1138	01:29.688	5	2,3,4,8,9,10,11,16	73	3
1139	01:29.691	9	2,3,4,5,6,7,8,10,11,12,13,14,15	5	1
1140	01:29.910	15	8,9,10,11,12,13,14	56	3
1141	01:29.912	8	2,3,4,5,6,7,9,10,11,12,13,14,15	5	1
1142	01:29.937	8	2,3,4,5,6,7,9,10,11,12,13,14,15	65	1
1143	01:29.940	5	2,3,4,8,9,10,11,16	5	3
1144	01:29.981	5	2,3,4,8,9,10,11,16	65	3
1145	01:29.984	16	1,2,3,4,5	5	2
1146	01:29.999	10	3,4,5,7,8,9,11,13,14,15	56	2
1147	01:30.001	5	2,3,4,8,9,10,11,16	5	3
1148	01:30.004	5	2,3,4,8,9,10,11,16	65	3
1149	01:30.007	16	1,2,3,4,5	5	2
1150	01:30.023	16	1,2,3,4,5	57	2
1151	01:30.025	1	16	5	0
1152	01:30.046	16	1,2,3,4,5	57	2
1153	01:30.048	1	16	5	0
1154	01:30.063	1	16	72	0
1155	01:30.066	16	1,2,3,4,5	5	2
1156	01:30.089	1	16	64	0
1157	01:30.091	16	1,2,3,4,5	5	2
1158	01:30.100	16	1,2,3,4,5	81	2
1159	01:30.103	5	2,3,4,8,9,10,11,16	5	3
1160	01:30.123	16	1,2,3,4,5	73	2
1161	01:30.126	5	2,3,4,8,9,10,11,16	5	3
1162	01:30.148	5	2,3,4,8,9,10,11,16	73	3
1163	01:30.151	10	3,4,5,7,8,9,11,13,14,15	5	2
1164	01:30.163	5	2,3,4,8,9,10,11,16	81	3
1165	01:30.166	8	2,3,4,5,6,7,9,10,11,12,13,14,15	5	1
1166	01:30.188	8	2,3,4,5,6,7,9,10,11,12,13,14,15	81	1
1167	01:30.191	15	8,9,10,11,12,13,14	5	3
1168	01:30.404	6	2,3,7,8,9,12,13	97	2
1169	01:31.344	6	2,3,7,8,9,12,13	102	2
1170	01:31.348	3	2,4,5,6,7,8,9,10,16	5	4
1171	01:31.681	7	2,3,4,6,8,9,10,12,13,14	97	2
1172	01:31.908	3	2,4,5,6,7,8,9,10,16	97	4
1173	01:32.090	3	2,4,5,6,7,8,9,10,16	56	4
1174	01:32.092	16	1,2,3,4,5	5	2
1175	01:32.111	16	1,2,3,4,5	57	2
1176	01:32.113	1	16	5	0
1177	01:32.127	1	16	56	0
1178	01:32.129	16	1,2,3,4,5	5	2
1179	01:32.137	16	1,2,3,4,5	65	2
1180	01:32.140	3	2,4,5,6,7,8,9,10,16	5	4
1181	01:33.231	7	2,3,4,6,8,9,10,12,13,14	56	2
1182	01:33.233	2	3,4,5,6,7,8,9,16	5	3
1183	01:33.247	2	3,4,5,6,7,8,9,16	65	3
1184	01:33.250	16	1,2,3,4,5	5	2
1185	01:33.263	16	1,2,3,4,5	57	2
1186	01:33.265	1	16	5	0
1187	01:33.299	1	16	64	0
1188	01:33.301	16	1,2,3,4,5	5	2
1189	01:33.337	16	1,2,3,4,5	73	2
1190	01:33.340	2	3,4,5,6,7,8,9,16	5	3
1191	01:33.355	2	3,4,5,6,7,8,9,16	73	3
1192	01:33.358	7	2,3,4,6,8,9,10,12,13,14	5	2
1193	01:34.150	5	2,3,4,8,9,10,11,16	56	3
1194	01:34.152	16	1,2,3,4,5	5	2
1195	01:34.180	16	1,2,3,4,5	57	2
1196	01:34.182	1	16	5	0
1197	01:34.192	9	2,3,4,5,6,7,8,10,11,12,13,14,15	97	1
1198	01:34.224	1	16	56	0
1199	01:34.226	16	1,2,3,4,5	5	2
1200	01:34.268	16	1,2,3,4,5	65	2
1201	01:34.271	5	2,3,4,8,9,10,11,16	5	3
1202	01:34.863	13	6,7,8,9,10,12,14,15	56	4
1203	01:34.865	8	2,3,4,5,6,7,9,10,11,12,13,14,15	5	1
1204	01:34.902	11	4,5,8,9,10,14,15	56	2
1205	01:34.904	5	2,3,4,8,9,10,11,16	5	3
1206	01:34.927	5	2,3,4,8,9,10,11,16	65	3
1207	01:34.930	16	1,2,3,4,5	5	2
1208	01:34.948	16	1,2,3,4,5	57	2
1209	01:34.950	1	16	5	0
1210	01:34.957	1	16	64	0
1211	01:34.959	16	1,2,3,4,5	5	2
1212	01:34.966	8	2,3,4,5,6,7,9,10,11,12,13,14,15	65	1
1213	01:34.969	5	2,3,4,8,9,10,11,16	5	3
1214	01:34.989	5	2,3,4,8,9,10,11,16	65	3
1215	01:34.992	16	1,2,3,4,5	5	2
1216	01:34.998	16	1,2,3,4,5	73	2
1217	01:35.001	5	2,3,4,8,9,10,11,16	5	3
1218	01:35.021	16	1,2,3,4,5	57	2
1219	01:35.023	1	16	5	0
1220	01:35.039	1	-	72	1
1221	01:35.041	4	2,3,5,7,8,9,10,11	97	5
1222	01:35.072	1	16	72	0
1223	01:35.075	16	1,2,3,4,5	5	2
1224	01:35.114	5	2,3,4,8,9,10,11,16	73	3
1225	01:35.117	11	4,5,8,9,10,14,15	5	2
1226	01:35.130	16	1,2,3,4,5	81	2
1227	01:35.133	5	2,3,4,8,9,10,11,16	5	3
1228	01:35.162	5	2,3,4,8,9,10,11,16	81	3
1229	01:35.165	8	2,3,4,5,6,7,9,10,11,12,13,14,15	5	1
1230	01:35.194	8	2,3,4,5,6,7,9,10,11,12,13,14,15	81	1
1231	01:35.197	13	6,7,8,9,10,12,14,15	5	4
1232	01:36.016	12	6,7,8,9,13,14,15	102	3
1233	01:36.020	9	2,3,4,5,6,7,8,10,11,12,13,14,15	5	1
1234	01:36.565	4	2,3,5,7,8,9,10,11,16	56	4
1235	01:36.567	16	1,2,3,4,5	5	2
1236	01:36.586	16	1,2,3,4,5	57	2
1237	01:36.588	1	16	5	0
1238	01:36.620	1	16	56	0
1239	01:36.622	16	1,2,3,4,5	5	2
1240	01:36.625	16	1,2,3,4,5	65	2
1241	01:36.628	4	2,3,5,7,8,9,10,11,16	5	4
1242	01:37.136	8	2,3,4,5,6,7,9,10,11,12,13,14,15	56	1
1243	01:37.138	5	2,3,4,8,9,10,11,16	5	3
1244	01:37.141	5	2,3,4,8,9,10,11,16	65	3
1245	01:37.144	16	1,2,3,4,5	5	2
1246	01:37.162	16	1,2,3,4,5	57	2
1247	01:37.164	1	16	5	0
1248	01:37.186	1	16	64	0
1249	01:37.188	16	1,2,3,4,5	5	2
1250	01:37.193	16	1,2,3,4,5	73	2
1251	01:37.196	5	2,3,4,8,9,10,11,16	5	3
1252	01:37.201	5	2,3,4,8,9,10,11,16	73	3
1253	01:37.204	8	2,3,4,5,6,7,9,10,11,12,13,14,15	5	1
1254	01:37.332	2	3,4,5,6,7,8,9,16	56	3
1255	01:37.334	16	1,2,3,4,5	5	2
1256	01:37.368	16	1,2,3,4,5	57	2
1257	01:37.370	1	16	5	0
1258	01:37.402	1	16	56	0
1259	01:37.404	16	1,2,3,4,5	5	2
1260	01:37.416	16	1,2,3,4,5	65	2
1261	01:37.419	2	3,4,5,6,7,8,9,16	5	3
1262	01:37.482	14	7,8,9,10,11,12,13,15	56	4
1263	01:37.484	8	2,3,4,5,6,7,9,10,11,12,13,14,15	5	1
1264	01:37.504	8	2,3,4,5,6,7,9,10,11,12,13,14,15	65	1
1265	01:37.507	5	2,3,4,8,9,10,11,16	5	3
1266	01:37.544	5	2,3,4,8,9,10,11,16	65	3
1267	01:37.547	16	1,2,3,4,5	5	2
1268	01:37.553	16	1,2,3,4,5	57	2
1269	01:37.555	1	16	5	0
1270	01:37.582	1	16	72	0
1271	01:37.585	16	1,2,3,4,5	5	2
1272	01:37.625	16	1,2,3,4,5	81	2
1273	01:37.628	5	2,3,4,8,9,10,11,16	5	3
1274	01:37.637	5	2,3,4,8,9,10,11,16	81	3
1275	01:37.640	8	2,3,4,5,6,7,9,10,11,12,13,14,15	5	1
1276	01:37.665	8	2,3,4,5,6,7,9,10,11,12,13,14,15	81	1
1277	01:37.668	14	7,8,9,10,11,12,13,15	5	4
1278	01:38.075	2	3,4,5,6,7,8,9,16	97	3
1279	01:38.254	12	6,7,8,9,13,14,15	56	3
1280	01:38.256	8	2,3,4,5,6,7,9,10,11,12,13,14,15	5	1
1281	01:38.286	8	2,3,4,5,6,7,9,10,11,12,13,14,15	65	1
1282	01:38.289	5	2,3,4,8,9,10,11,16	5	3
1283	01:38.324	10	3,4,5,7,8,9,11,13,14,15	97	2
1284	01:38.415	5	2,3,4,8,9,10,11,16	65	3
1285	01:38.418	16	1,2,3,4,5	5	2
1286	01:38.445	16	1,2,3,4,5	57	2
1287	01:38.447	1	16	5	0
1288	01:38.466	1	16	72	0
1289	01:38.469	16	1,2,3,4,5	5	2
1290	01:38.485	16	1,2,3,4,5	81	2
1291	01:38.488	5	2,3,4,8,9,10,11,16	5	3
1292	01:38.523	5	2,3,4,8,9,10,11,16	81	3
1293	01:38.526	8	2,3,4,5,6,7,9,10,11,12,13,14,15	5	1
1294	01:38.536	8	2,3,4,5,6,7,9,10,11,12,13,14,15	81	1
1295	01:38.539	12	6,7,8,9,13,14,15	5	3
1296	01:38.784	6	2,3,7,8,9,12,13	56	2
1297	01:38.786	2	3,4,5,6,7,8,9,16	5	3
1298	01:38.823	2	3,4,5,6,7,8,9,16	65	3
1299	01:38.826	16	1,2,3,4,5	5	2
1300	01:38.864	16	1,2,3,4,5	57	2
1301	01:38.866	1	16	5	0
1302	01:38.897	1	16	64	0
1303	01:38.899	16	1,2,3,4,5	5	2
1304	01:38.927	16	1,2,3,4,5	73	2
1305	01:38.930	2	3,4,5,6,7,8,9,16	5	3
1306	01:38.940	2	3,4,5,6,7,8,9,16	73	3
1307	01:38.943	6	2,3,7,8,9,12,13	5	2
1308	01:39.602	10	3,4,5,7,8,9,11,13,14,15	56	2
1309	01:39.604	5	2,3,4,8,9,10,11,16	5	3
1310	01:39.610	5	2,3,4,8,9,10,11,16	65	3
1311	01:39.613	16	1,2,3,4,5	5	2
1312	01:39.648	16	1,2,3,4,5	57	2
1313	01:39.650	1	16	5	0
1314	01:39.661	1	16	64	0
1315	01:39.663	16	1,2,3,4,5	5	2
1316	01:39.689	16	1,2,3,4,5	73	2
1317	01:39.692	5	2,3,4,8,9,10,11,16	5	3
1318	01:39.720	5	2,3,4,8,9,10,11,16	73	3
1319	01:39.723	10	3,4,5,7,8,9,11,13,14,15	5	2
1320	01:40.031	12	6,7,8,9,13,14,15	97	3
1321	01:40.067	15	8,9,10,11,12,13,14	56	3
1322	01:40.069	8	2,3,4,5,6,7,9,10,11,12,13,14,15	5	1
1323	01:40.086	8	2,3,4,5,6,7,9,10,11,12,13,14,15	65	1
1324	01:40.089	5	2,3,4,8,9,10,11,16	5	3
1325	01:40.130	5	2,3,4,8,9,10,11,16	65	3
1326	01:40.133	16	1,2,3,4,5	5	2
1327	01:40.166	16	1,2,3,4,5	57	2
1328	01:40.168	1	16	5	0
1329	01:40.177	1	16	72	0
1330	01:40.180	16	1,2,3,4,5	5	2
1331	01:40.194	16	1,2,3,4,5	81	2
1332	01:40.197	5	2,3,4,8,9,10,11,16	5	3
1333	01:40.237	5	2,3,4,8,9,10,11,16	81	3
1334	01:40.240	8	2,3,4,5,6,7,9,10,11,12,13,14,15	5	1
1335	01:40.277	8	2,3,4,5,6,7,9,10,11,12,13,14,15	81	1
1336	01:40.280	15	8,9,10,11,12,13,14	5	3
1337	01:40.299	9	2,3,4,5,6,7,8,10,11,12,13,14,15	56	1
1338	01:40.301	5	2,3,4,8,9,10,11,16	5	3
1339	01:40.309	5	2,3,4,8,9,10,11,16	65	3
1340	01:40.312	16	1,2,3,4,5	5	2
1341	01:40.355	16	1,2,3,4,5	57	2
1342	01:40.357	1	16	5	0
1343	01:40.380	1	16	64	0
1344	01:40.382	16	1,2,3,4,5	5	2
1345	01:40.408	16	1,2,3,4,5	73	2
1346	01:40.411	5	2,3,4,8,9,10,11,16	5	3
1347	01:40.442	5	2,3,4,8,9,10,11,16	73	3
1348	01:40.445	9	2,3,4,5,6,7,8,10,11,12,13,14,15	5	1
1349	01:40.863	11	4,5,8,9,10,14,15	97	2
1350	01:42.044	7	2,3,4,6,8,9,10,12,13,14	102	2
1351	01:42.048	4	2,3,5,7,8,9,10,11,16	5	4
1352	01:43.009	3	2,4,5,6,7,8,9,10,16	56	4
1353	01:43.011	16	1,2,3,4,5	5	2
1354	01:43.027	1	16	97	0
1355	01:43.037	16	1,2,3,4,5	57	2
1356	01:43.039	1	16	5	0
1357	01:43.065	1	16	56	0
1358	01:43.067	16	1,2,3,4,5	5	2
1359	01:43.092	16	1,2,3,4,5	65	2
1360	01:43.095	3	2,4,5,6,7,8,9,10,16	5	4
1361	01:43.210	9	2,3,4,5,6,7,8,10,11,12,13,14,15	102	1
1362	01:43.214	4	2,3,5,7,8,9,10,11,16	5	4
1363	01:43.885	7	2,3,4,6,8,9,10,12,13,14	56	2
1364	01:43.887	2	3,4,5,6,7,8,9,16	5	3
1365	01:43.892	2	3,4,5,6,7,8,9,16	65	3
1366	01:43.895	16	1,2,3,4,5	5	2
1367	01:43.930	16	1,2,3,4,5	57	2
1368	01:43.932	1	16	5	0
1369	01:43.943	1	16	64	0
1370	01:43.945	16	1,2,3,4,5	5	2
1371	01:43.972	16	1,2,3,4,5	73	2
1372	01:43.975	2	3,4,5,6,7,8,9,16	5	3
1373	01:43.994	2	3,4,5,6,7,8,9,16	73	3
1374	01:43.997	7	2,3,4,6,8,9,10,12,13,14	5	2
1375	01:44.047	14	7,8,9,10,11,12,13,15	97	4
1376	01:44.125	13	6,7,8,9,10,12,14,15	56	4
1377	01:44.127	8	2,3,4,5,6,7,9,10,11,12,13,14,15	5	1
1378	01:44.165	8	2,3,4,5,6,7,9,10,11,12,13,14,15	65	1
1379	01:44.168	5	2,3,4,8,9,10,11,16	5	3
1380	01:44.186	11	4,5,8,9,10,14,15	56	2
1381	01:44.188	5	2,3,4,8,9,10,11,16	5	3
1382	01:44.237	5	2,3,4,8,9,10,11,16	65	3
1383	01:44.240	16	1,2,3,4,5	5	2
1384	01:44.278	5	2,3,4,8,9,10,11,16	65	3
1385	01:44.281	16	1,2,3,4,5	5	2
1386	01:44.284	16	1,2,3,4,5	57	2
1387	01:44.286	1	16	5	0
1388	01:44.294	1	16	72	0
1389	01:44.297	16	1,2,3,4,5	5	2
1390	01:44.325	16	1,2,3,4,5	57	2
1391	01:44.327	1	16	5	0
1392	01:44.334	16	1,2,3,4,5	81	2
1393	01:44.337	5	2,3,4,8,9,10,11,16	5	3
1394	01:44.362	1	16	64	0
1395	01:44.364	16	1,2,3,4,5	5	2
1396	01:44.377	5	2,3,4,8,9,10,11,16	81	3
1397	01:44.380	8	2,3,4,5,6,7,9,10,11,12,13,14,15	5	1
1398	01:44.391	8	2,3,4,5,6,7,9,10,11,12,13,14,15	81	1
1399	01:44.394	13	6,7,8,9,10,12,14,15	5	4
1400	01:44.394	16	1,5	73	5
1401	01:44.397	5	2,3,4,8,9,10,11,16	5	3
1402	01:44.421	8	2,3,4,5,6,7,9,10,11,12,13,14,15	81	1
1403	01:44.424	13	6,7,8,9,10,12,14,15	5	4
1404	01:44.437	5	2,3,4,8,9,10,11,16	73	3
1405	01:44.440	11	4,5,8,9,10,14,15	5	2
1406	01:44.455	13	6,7,8,9,10,12,14,15	102	4
1407	01:44.459	10	3,4,5,7,8,9,11,13,14,15	5	2
1408	01:44.782	5	2,3,4,8,9,10,11,16	56	3
1409	01:44.784	16	1,2,3,4,5	5	2
1410	01:44.801	16	1,2,3,4,5	57	2
1411	01:44.803	1	16	5	0
1412	01:44.812	1	16	56	0
1413	01:44.814	16	1,2,3,4,5	5	2
1414	01:44.839	16	1,2,3,4,5	65	2
1415	01:44.842	5	2,3,4,8,9,10,11,16	5	3
1416	01:46.714	8	2,3,4,5,6,7,9,10,11,12,13,14,15	56	1
1417	01:46.716	5	2,3,4,8,9,10,11,16	5	3
1418	01:46.725	11	4,5,8,9,10,14,15	102	2
1419	01:46.729	4	2,3,5,7,8,9,10,11,16	5	4
1420	01:46.749	4	2,3,5,7,8,9,10,11,16	56	4
1421	01:46.751	16	1,2,3,4,5	5	2
1422	01:46.756	5	2,3,4,8,9,10,11,16	65	3
1423	01:46.759	16	1,2,3,4,5	5	2
1424	01:46.774	16	1,2,3,4,5	57	2
1425	01:46.776	1	16	5	0
1426	01:46.812	16	1,2,3,4,5	57	2
1427	01:46.814	1	16	5	0
1428	01:46.890	1	16	56	0
1429	01:46.892	16	1,2,3,4,5	5	2
1430	01:46.910	16	1,2,3,4,5	65	2
1431	01:46.913	4	2,3,5,7,8,9,10,11,16	5	4
1432	01:46.934	1	16	64	0
1433	01:46.936	16	1,2,3,4,5	5	2
1434	01:46.961	16	1,2,3,4,5	73	2
1435	01:46.964	5	2,3,4,8,9,10,11,16	5	3
1436	01:46.967	5	2,3,4,8,9,10,11,16	73	3
1437	01:46.970	8	2,3,4,5,6,7,9,10,11,12,13,14,15	5	1
1438	01:47.593	2	3,4,5,6,7,8,9,16	56	3
1439	01:47.595	16	1,2,3,4,5	5	2
1440	01:47.610	16	1,2,3,4,5	57	2
1441	01:47.612	1	16	5	0
1442	01:47.630	1	16	56	0
1443	01:47.632	16	1,2,3,4,5	5	2
1444	01:47.642	16	1,2,3,4,5	65	2
1445	01:47.645	2	3,4,5,6,7,8,9,16	5	3
1446	01:47.922	12	6,7,8,9,13,14,15	56	3
1447	01:47.924	8	2,3,4,5,6,7,9,10,11,12,13,14,15	5	1
1448	01:47.953	8	2,3,4,5,6,7,9,10,11,12,13,14,15	65	1
1449	01:47.956	5	2,3,4,8,9,10,11,16	5	3
1450	01:47.979	5	2,3,4,8,9,10,11,16	65	3
1451	01:47.982	16	1,2,3,4,5	5	2
1452	01:47.997	16	1,2,3,4,5	57	2
1453	01:47.999	1	16	5	0
1454	01:48.042	1	16	72	0
1455	01:48.045	16	1,2,3,4,5	5	2
1456	01:48.083	16	1,2,3,4,5	81	2
1457	01:48.086	5	2,3,4,8,9,10,11,16	5	3
1458	01:48.114	5	2,3,4,8,9,10,11,16	81	3
1459	01:48.117	8	2,3,4,5,6,7,9,10,11,12,13,14,15	5	1
1460	01:48.128	8	2,3,4,5,6,7,9,10,11,12,13,14,15	81	1
1461	01:48.131	12	6,7,8,9,13,14,15	5	3
1462	01:48.327	6	2,3,7,8,9,12,13	56	2
1463	01:48.329	2	3,4,5,6,7,8,9,16	5	3
1464	01:48.359	2	3,4,5,6,7,8,9,16	65	3
1465	01:48.362	16	1,2,3,4,5	5	2
1466	01:48.365	16	1,2,3,4,5	57	2
1467	01:48.367	1	16	5	0
1468	01:48.376	1	16	64	0
1469	01:48.378	16	1,2,3,4,5	5	2
1470	01:48.383	16	1,2,3,4,5	73	2
1471	01:48.386	2	3,4,5,6,7,8,9,16	5	3
1472	01:48.394	2	3,4,5,6,7,8,9,16	73	3
1473	01:48.397	6	2,3,7,8,9,12,13	5	2
1474	01:48.441	14	7,8,9,10,11,12,13,15	56	4
1475	01:48.443	8	2,3,4,5,6,7,9,10,11,12,13,14,15	5	1
1476	01:48.476	8	2,3,4,5,6,7,9,10,11,12,13,14,15	65	1
1477	01:48.479	5	2,3,4,8,9,10,11,16	5	3
1478	01:48.508	5	2,3,4,8,9,10,11,16	65	3
1479	01:48.511	16	1,2,3,4,5	5	2
1480	01:48.545	16	1,2,3,4,5	57	2
1481	01:48.547	1	16	5	0
1482	01:48.551	1	16	72	0
1483	01:48.554	16	1,2,3,4,5	5	2
1484	01:48.569	16	1,2,3,4,5	81	2
1485	01:48.572	5	2,3,4,8,9,10,11,16	5	3
1486	01:48.611	5	2,3,4,8,9,10,11,16	81	3
1487	01:48.614	8	2,3,4,5,6,7,9,10,11,12,13,14,15	5	1
1488	01:48.638	8	2,3,4,5,6,7,9,10,11,12,13,14,15	81	1
1489	01:48.641	14	7,8,9,10,11,12,13,15	5	4
1490	01:49.303	15	8,9,10,11,12,13,14	97	3
1491	01:49.794	15	8,9,10,11,12,13,14	56	3
1492	01:49.796	8	2,3,4,5,6,7,9,10,11,12,13,14,15	5	1
1493	01:49.816	13	6,7,8,9,10,12,14,15	97	4
1494	01:49.825	8	2,3,4,5,6,7,9,10,11,12,13,14,15	65	1
1495	01:49.828	5	2,3,4,8,9,10,11,16	5	3
1496	01:49.840	9	2,3,4,5,6,7,8,10,11,12,13,14,15	56	1
1497	01:49.842	5	2,3,4,8,9,10,11,16	5	3
1498	01:49.850	5	2,3,4,8,9,10,11,16	65	3
1499	01:49.853	16	1,2,3,4,5	5	2
1500	01:49.873	5	2,3,4,8,9,10,11,16	65	3
1501	01:49.876	16	1,2,3,4,5	5	2
1502	01:49.888	16	1,2,3,4,5	57	2
1503	01:49.890	1	16	5	0
1504	01:49.901	16	1,2,3,4,5	57	2
1505	01:49.903	1	16	5	0
1506	01:49.961	1	16	72	0
1507	01:49.964	16	1,2,3,4,5	5	2
1508	01:50.002	16	1,2,3,4,5	81	2
1509	01:50.005	5	2,3,4,8,9,10,11,16	5	3
1510	01:50.024	5	2,3,4,8,9,10,11,16	81	3
1511	01:50.027	8	2,3,4,5,6,7,9,10,11,12,13,14,15	5	1
1512	01:50.044	8	2,3,4,5,6,7,9,10,11,12,13,14,15	81	1
1513	01:50.047	15	8,9,10,11,12,13,14	5	3
1514	01:50.089	1	16	64	0
1515	01:50.091	16	1	5	6
1516	01:50.091	10	7,8,9,11,13,14,15	56	5
1517	01:50.100	16	1,2,3,4,5	73	2
1518	01:50.103	5	2,3,4,8,9,10,11,16	5	3
1519	01:50.130	5	2,3,4,8,9,10,11,16	73	3
1520	01:50.133	9	2,3,4,5,6,7,8,10,11,12,13,14,15	5	1
1521	01:50.136	10	3,4,5,7,8,9,11,13,14,15	56	2
1522	01:50.138	5	2,3,4,8,9,10,11,16	5	3
1523	01:50.161	5	2,3,4,8,9,10,11,16	65	3
1524	01:50.164	16	1,2,3,4,5	5	2
1525	01:50.191	16	1,2,3,4,5	57	2
1526	01:50.193	1	16	5	0
1527	01:50.226	1	16	64	0
1528	01:50.228	16	1,2,3,4,5	5	2
1529	01:50.239	16	1,2,3,4,5	73	2
1530	01:50.242	5	2,3,4,8,9,10,11,16	5	3
1531	01:50.252	5	2,3,4,8,9,10,11,16	73	3
1532	01:50.255	10	3,4,5,7,8,9,11,13,14,15	5	2
1533	01:50.410	15	8,9,10,11,12,13,14	102	3
1534	01:50.414	11	4,5,8,9,10,14,15	5	2
1535	01:51.186	4	2,3,5,7,8,9,10,11,16	102	4
1536	01:51.190	8	2,3,4,5,6,7,9,10,11,12,13,14,15	5	1
1537	01:53.264	13	6,7,8,9,10,12,14,15	56	4
1538	01:53.266	8	2,3,4,5,6,7,9,10,11,12,13,14,15	5	1
1539	01:53.300	8	2,3,4,5,6,7,9,10,11,12,13,14,15	65	1
1540	01:53.303	5	2,3,4,8,9,10,11,16	5	3
1541	01:53.311	5	2,3,4,8,9,10,11,16	65	3
1542	01:53.314	16	1,2,3,4,5	5	2
1543	01:53.317	16	1,2,3,4,5	57	2
1544	01:53.319	1	16	5	0
1545	01:53.357	1	16	72	0
1546	01:53.360	16	1,2,3,4,5	5	2
1547	01:53.391	3	2,4,5,6,7,8,9,10,16	56	4
1548	01:53.393	16	1,2,3,4,5	5	2
1549	01:53.396	16	1,2,3,4,5	81	2
1550	01:53.400	5	2,3,4,8,9,10,11,16	5	3
1551	01:53.403	16	1,2,3,4,5	57	2
1552	01:53.406	1	16	5	0
1553	01:53.425	5	2,3,4,8,9,10,11,16	81	3
1554	01:53.428	8	2,3,4,5,6,7,9,10,11,12,13,14,15	5	1
1555	01:53.436	1	16	56	0
1556	01:53.438	16	1,2,3,4,5	5	2
1557	01:53.461	8	2,3,4,5,6,7,9,10,11,12,13,14,15	81	1
1558	01:53.464	13	6,7,8,9,10,12,14,15	5	4
1559	01:53.479	16	1,2,3,4,5	65	2
1560	01:53.482	3	2,4,5,6,7,8,9,10,16	5	4
1561	01:53.690	7	2,3,4,6,8,9,10,12,13,14	56	2
1562	01:53.692	2	3,4,5,6,7,8,9,16	5	3
1563	01:53.709	2	3,4,5,6,7,8,9,16	65	3
1564	01:53.712	16	1,2,3,4,5	5	2
1565	01:53.735	16	1,2,3,4,5	57	2
1566	01:53.737	1	16	5	0
1567	01:53.776	1	16	64	0
1568	01:53.778	16	1,2,3,4,5	5	2
1569	01:53.784	16	1,2,3,4,5	73	2
1570	01:53.787	2	3,4,5,6,7,8,9,16	5	3
1571	01:53.792	2	3,4,5,6,7,8,9,16	73	3
1572	01:53.795	7	2,3,4,6,8,9,10,12,13,14	5	2
1573	01:55.084	11	4,5,8,9,10,14,15	56	2
1574	01:55.086	5	2,3,4,8,9,10,11,16	5	3
1575	01:55.125	5	2,3,4,8,9,10,11,16	65	3
1576	01:55.128	16	1,2,3,4,5	5	2
1577	01:55.139	16	1,2,3,4,5	57	2
1578	01:55.141	1	16	5	0
1579	01:55.180	1	16	64	0
1580	01:55.182	16	1,2,3,4,5	5	2
1581	01:55.186	16	1,2,3,4,5	73	2
1582	01:55.189	5	2,3,4,8,9,10,11,16	5	3
1583	01:55.220	5	2,3,4,8,9,10,11,16	73	3
1584	01:55.223	11	4,5,8,9,10,14,15	5	2
1585	01:55.525	5	2,3,4,8,9,10,11,16	56	3
1586	01:55.527	16	1,2,3,4,5	5	2
1587	01:55.543	16	1,2,3,4,5	57	2
1588	01:55.545	1	16	5	0
1589	01:55.562	1	16	56	0
1590	01:55.564	16	1,2,3,4,5	5	2
1591	01:55.578	16	1,2,3,4,5	65	2
1592	01:55.581	5	2,3,4,8,9,10,11,16	5	3
1593	01:55.919	8	2,3,4,5,6,7,9,10,11,12,13,14,15	56	1
1594	01:55.921	5	2,3,4,8,9,10,11,16	5	3
1595	01:55.950	5	2,3,4,8,9,10,11,16	65	3
1596	01:55.953	16	1,2,3,4,5	5	2
1597	01:55.979	16	1,2,3,4,5	57	2
1598	01:55.981	1	16	5	0
1599	01:56.004	1	16	64	0
1600	01:56.006	16	1,2,3,4,5	5	2
1601	01:56.028	16	1,2,3,4,5	73	2
1602	01:56.031	5	2,3,4,8,9,10,11,16	5	3
1603	01:56.037	5	2,3,4,8,9,10,11,16	73	3
1604	01:56.040	8	2,3,4,5,6,7,9,10,11,12,13,14,15	5	1
1605	01:56.445	4	2,3,5,7,8,9,10,11,16	56	4
1606	01:56.447	16	1,2,3,4,5	5	2
1607	01:56.487	16	1,2,3,4,5	57	2
1608	01:56.489	1	16	5	0
1609	01:56.524	1	16	56	0
1610	01:56.526	16	1,2,3,4,5	5	2
1611	01:56.538	16	1,2,3,4,5	65	2
1612	01:56.541	4	2,3,5,7,8,9,10,11,16	5	4
1613	01:57.494	2	3,4,5,6,7,8,9,16	56	3
1614	01:57.496	16	1,2,3,4,5	5	2
1615	01:57.507	16	1,2,3,4,5	57	2
1616	01:57.509	1	16	5	0
1617	01:57.512	1	16	56	0
1618	01:57.515	16	1,2,3,4,5	5	2
1619	01:57.526	16	1,2,3,4,5	65	2
1620	01:57.529	2	3,4,5,6,7,8,9,16	5	3
1621	01:58.274	12	6,7,8,9,13,14,15	56	3
1622	01:58.276	8	2,3,4,5,6,7,9,10,11,12,13,14,15	5	1
1623	01:58.285	8	2,3,4,5,6,7,9,10,11,12,13,14,15	65	1
1624	01:58.288	5	2,3,4,8,9,10,11,16	5	3
1625	01:58.307	5	2,3,4,8,9,10,11,16	65	3
1626	01:58.310	16	1,2,3,4,5	5	2
1627	01:58.321	16	1,2,3,4,5	57	2
1628	01:58.323	1	16	5	0
1629	01:58.360	1	16	72	0
1630	01:58.363	16	1,2,3,4,5	5	2
1631	01:58.404	16	1,2,3,4,5	81	2
1632	01:58.407	5	2,3,4,8,9,10,11,16	5	3
1633	01:58.431	5	2,3,4,8,9,10,11,16	81	3
1634	01:58.434	8	2,3,4,5,6,7,9,10,11,12,13,14,15	5	1
1635	01:58.439	8	2,3,4,5,6,7,9,10,11,12,13,14,15	81	1
1636	01:58.442	12	6,7,8,9,13,14,15	5	3
1637	01:59.135	6	2,3,7,8,9,12,13	56	2
1638	01:59.137	2	3,4,5,6,7,8,9,16	5	3
1639	01:59.149	2	3,4,5,6,7,8,9,16	65	3
1640	01:59.152	16	1,2,3,4,5	5	2
1641	01:59.155	16	1,2,3,4,5	57	2
1642	01:59.157	1	16	5	0
1643	01:59.172	1	16	64	0
1644	01:59.174	16	1,2,3,4,5	5	2
1645	01:59.182	16	1,2,3,4,5	73	2
1646	01:59.185	2	3,4,5,6,7,8,9,16	5	3
1647	01:59.208	14	7,8,9,10,11,12,13,15	56	4
1648	01:59.210	8	2,3,4,5,6,7,9,10,11,12,13,14,15	5	1
1649	01:59.214	2	3,4,5,6,7,8,9,16	73	3
1650	01:59.217	6	2,3,7,8,9,12,13	5	2
1651	01:59.243	8	2,3,4,5,6,7,9,10,11,12,13,14,15	65	1
1652	01:59.246	5	2,3,4,8,9,10,11,16	5	3
1653	01:59.265	5	2,3,4,8,9,10,11,16	65	3
1654	01:59.268	16	1,2,3,4,5	5	2
1655	01:59.311	16	1,2,3,4,5	57	2
1656	01:59.313	1	16	5	0
1657	01:59.325	1	16	72	0
1658	01:59.328	16	1,2,3,4,5	5	2
1659	01:59.331	16	1,2,3,4,5	81	2
1660	01:59.334	5	2,3,4,8,9,10,11,16	5	3
1661	01:59.375	5	2,3,4,8,9,10,11,16	81	3
1662	01:59.378	8	2,3,4,5,6,7,9,10,11,12,13,14,15	5	1
1663	01:59.407	8	2,3,4,5,6,7,9,10,11,12,13,14,15	81	1
1664	01:59.410	14	7,8,9,10,11,12,13,15	5	4
1665	01:59.666	15	8,9,10,11,12,13,14	56	3
1666	01:59.668	8	2,3,4,5,6,7,9,10,11,12,13,14,15	5	1
1667	01:59.681	8	2,3,4,5,6,7,9,10,11,12,13,14,15	65	1
1668	01:59.684	5	2,3,4,8,9,10,11,16	5	3
1669	01:59.723	5	2,3,4,8,9,10,11,16	65	3
1670	01:59.726	16	1,2,3,4,5	5	2
1671	01:59.735	16	1,2,3,4,5	57	2
1672	01:59.737	1	16	5	0
1673	01:59.766	1	16	72	0
1674	01:59.769	16	1,2,3,4,5	5	2
1675	01:59.784	10	3,4,5,7,8,9,11,13,14,15	56	2
1676	01:59.786	5	2,3,4,8,9,10,11,16	5	3
1677	01:59.808	16	1,2,3,4,5	81	2
1678	01:59.811	5	2,3,4,8,9,10,11,16	5	3
1679	01:59.821	5	2,3,4,8,9,10,11,16	81	3
1680	01:59.824	8	2,3,4,5,6,7,9,10,11,12,13,14,15	5	1
1681	01:59.839	5	2,3,4,8,9,10,11,16	65	3
1682	01:59.842	16	1,2,3,4,5	5	2
1683	01:59.865	8	2,3,4,5,6,7,9,10,11,12,13,14,15	81	1
1684	01:59.868	15	8,9,10,11,12,13,14	5	3
1685	01:59.874	16	1,2,3,4,5	57	2
1686	01:59.876	1	16	5	0
1687	01:59.888	1	16	64	0
1688	01:59.890	16	1,2,3,4,5	5	2
1689	01:59.928	16	1,2,3,4,5	73	2
1690	01:59.931	5	2,3,4,8,9,10,11,16	5	3
1691	01:59.952	5	2,3,4,8,9,10,11,16	73	3
1692	01:59.955	10	3,4,5,7,8,9,11,13,14,15	5	2
1693	02:00.501	9	2,3,4,5,6,7,8,10,11,12,13,14,15	56	1
1694	02:00.503	5	2,3,4,8,9,10,11,16	5	3
1695	02:00.532	5	2,3,4,8,9,10,11,16	65	3
1696	02:00.535	16	1,2,3,4,5	5	2
1697	02:00.542	16	1,2,3,4,5	57	2
1698	02:00.544	1	16	5	0
1699	02:00.548	1	16	64	0
1700	02:00.550	16	1,2,3,4,5	5	2
1701	02:00.581	16	1,2,3,4,5	73	2
1702	02:00.584	5	2,3,4,8,9,10,11,16	5	3
1703	02:00.589	5	2,3,4,8,9,10,11,16	102	3
1704	02:00.593	4	2,3,5,7,8,9,10,11,16	5	4
1705	02:00.602	5	2,3,4,8,9,10,11,16	73	3
1706	02:00.605	9	2,3,4,5,6,7,8,10,11,12,13,14,15	5	1
1707	02:03.651	13	6,7,8,9,10,12,14,15	56	4
1708	02:03.653	8	2,3,4,5,6,7,9,10,11,12,13,14,15	5	1
1709	02:03.664	3	2,4,5,6,7,8,9,10,16	56	4
1710	02:03.666	16	1,2,3,4,5	5	2
1711	02:03.671	8	2,3,4,5,6,7,9,10,11,12,13,14,15	65	1
1712	02:03.674	5	2,3,4,8,9,10,11,16	5	3
1713	02:03.697	5	2,3,4,8,9,10,11,16	65	3
1714	02:03.700	16	1,2,3,4,5	5	2
1715	02:03.703	16	1,2,3,4,5	57	2
1716	02:03.705	1	16	5	0
1717	02:03.729	1	16	56	0
1718	02:03.731	16	1,2,3,4,5	5	2
1719	02:03.742	16	1,2,3,4,5	57	2
1720	02:03.744	1	16	5	0
1721	02:03.747	1	16	72	0
1722	02:03.751	16	1,2,3,4,5	5	2
1723	02:03.766	16	1,2,3,4,5	81	2
1724	02:03.769	5	2,3,4,8,9,10,11,16	5	3
1725	02:03.791	5	2,3,4,8,9,10,11,16	81	3
1726	02:03.794	8	2,3,4,5,6,7,9,10,11,12,13,14,15	5	1
1727	02:03.811	8	2,3,4,5,6,7,9,10,11,12,13,14,15	81	1
1728	02:03.814	13	6,7,8,9,10,12,14,15	5	4
1729	02:03.826	16	1,2,3,4,5	65	2
1730	02:03.829	3	2,4,5,6,7,8,9,10,16	5	4
1731	02:04.311	10	3,4,5,7,8,9,11,13,14,15	102	2
1732	02:04.315	3	2,4,5,6,7,8,9,10,16	5	4
1733	02:04.546	7	2,3,4,6,8,9,10,12,13,14	56	2
1734	02:04.548	2	3,4,5,6,7,8,9,16	5	3
1735	02:04.551	2	3,4,5,6,7,8,9,16	65	3
1736	02:04.554	16	1,2,3,4,5	5	2
1737	02:04.576	16	1,2,3,4,5	57	2
1738	02:04.578	1	16	5	0
1739	02:04.619	1	16	64	0
1740	02:04.621	16	1,2,3,4,5	5	2
1741	02:04.635	16	1,2,3,4,5	73	2
1742	02:04.638	2	3,4,5,6,7,8,9,16	5	3
1743	02:04.673	2	3,4,5,6,7,8,9,16	73	3
1744	02:04.676	7	2,3,4,6,8,9,10,12,13,14	5	2
1745	02:05.390	11	4,5,8,9,10,14,15	56	2
1746	02:05.392	5	2,3,4,8,9,10,11,16	5	3
1747	02:05.419	5	2,3,4,8,9,10,11,16	65	3
1748	02:05.422	16	1,2,3,4,5	5	2
1749	02:05.452	16	1,2,3,4,5	57	2
1750	02:05.454	1	16	5	0
1751	02:05.482	1	16	64	0
1752	02:05.484	16	1,2,3,4,5	5	2
1753	02:05.506	16	1,2,3,4,5	73	2
1754	02:05.509	5	2,3,4,8,9,10,11,16	5	3
1755	02:05.547	5	2,3,4,8,9,10,11,16	73	3
1756	02:05.550	11	4,5,8,9,10,14,15	5	2
1757	02:06.104	8	2,3,4,5,6,7,9,10,11,12,13,14,15	56	1
1758	02:06.106	5	2,3,4,8,9,10,11,16	5	3
1759	02:06.122	4	2,3,5,7,8,9,10,11,16	56	4
1760	02:06.124	16	1,2,3,4,5	5	2
1761	02:06.128	16	1,2,3,4,5	57	2
1762	02:06.130	1	16	5	0
1763	02:06.137	5	2,3,4,8,9,10,11,16	65	3
1764	02:06.140	16	1,2,3,4,5	5	2
1765	02:06.147	16	1,2,3,4,5	57	2
1766	02:06.149	1	16	5	0
1767	02:06.173	1	16	56	0
1768	02:06.175	16	1,2,3,4,5	5	2
1769	02:06.189	16	1,2,3,4,5	65	2
1770	02:06.192	4	2,3,5,7,8,9,10,11,16	5	4
1771	02:06.215	1	16	64	0
1772	02:06.217	16	1,2,3,4,5	5	2
1773	02:06.222	16	1,2,3,4,5	73	2
1774	02:06.225	5	2,3,4,8,9,10,11,16	5	3
1775	02:06.234	5	2,3,4,8,9,10,11,16	73	3
1776	02:06.237	8	2,3,4,5,6,7,9,10,11,12,13,14,15	5	1
1777	02:06.304	5	2,3,4,8,9,10,11,16	56	3
1778	02:06.306	16	1,2,3,4,5	5	2
1779	02:06.339	16	1,2,3,4,5	57	2
1780	02:06.341	1	16	5	0
1781	02:06.363	1	16	56	0
1782	02:06.365	16	1,2,3,4,5	5	2
1783	02:06.374	16	1,2,3,4,5	65	2
1784	02:06.377	5	2,3,4,8,9,10,11,16	5	3
1785	02:07.699	12	6,7,8,9,13,14,15	56	3
1786	02:07.701	8	2,3,4,5,6,7,9,10,11,12,13,14,15	5	1
1787	02:07.735	8	2,3,4,5,6,7,9,10,11,12,13,14,15	65	1
1788	02:07.738	5	2,3,4,8,9,10,11,16	5	3
1789	02:07.750	2	3,4,5,6,7,8,9,16	56	3
1790	02:07.752	16	1,2,3,4,5	5	2
1791	02:07.763	5	2,3,4,8,9,10,11,16	65	3
1792	02:07.766	16	1,2,3,4,5	5	2
1793	02:07.777	16	1,2,3,4,5	57	2
1794	02:07.779	1	16	5	0
1795	02:07.789	16	1,2,3,4,5	57	2
1796	02:07.791	1	16	5	0
1797	02:07.815	1	16	56	0
1798	02:07.817	16	1,2,3,4,5	5	2
1799	02:07.820	16	1,2,3,4,5	65	2
1800	02:07.823	2	3,4,5,6,7,8,9,16	5	3
1801	02:07.842	1	16	72	0
1802	02:07.845	16	1,2,3,4,5	5	2
1803	02:07.854	16	1,2,3,4,5	81	2
1804	02:07.857	5	2,3,4,8,9,10,11,16	5	3
1805	02:07.864	5	2,3,4,8,9,10,11,16	81	3
1806	02:07.867	8	2,3,4,5,6,7,9,10,11,12,13,14,15	5	1
1807	02:07.872	8	2,3,4,5,6,7,9,10,11,12,13,14,15	81	1
1808	02:07.875	12	6,7,8,9,13,14,15	5	3
1809	02:08.237	6	2,3,7,8,9,12,13	56	2
1810	02:08.239	2	3,4,5,6,7,8,9,16	5	3
1811	02:08.242	2	3,4,5,6,7,8,9,16	65	3
1812	02:08.245	16	1,2,3,4,5	5	2
1813	02:08.268	16	1,2,3,4,5	57	2
1814	02:08.270	1	16	5	0
1815	02:08.311	1	16	64	0
1816	02:08.313	16	1,2,3,4,5	5	2
1817	02:08.323	16	1,2,3,4,5	73	2
1818	02:08.326	2	3,4,5,6,7,8,9,16	5	3
1819	02:08.346	2	3,4,5,6,7,8,9,16	73	3
1820	02:08.349	6	2,3,7,8,9,12,13	5	2
1821	02:09.149	10	3,4,5,7,8,9,11,13,14,15	56	2
1822	02:09.151	5	2,3,4,8,9,10,11,16	5	3
1823	02:09.170	5	2,3,4,8,9,10,11,16	65	3
1824	02:09.173	16	1,2,3,4,5	5	2
1825	02:09.184	16	1,2,3,4,5	57	2
1826	02:09.186	1	16	5	0
1827	02:09.221	1	16	64	0
1828	02:09.223	16	1,2,3,4,5	5	2
1829	02:09.255	16	1,2,3,4,5	73	2
1830	02:09.258	5	2,3,4,8,9,10,11,16	5	3
1831	02:09.275	5	2,3,4,8,9,10,11,16	73	3
1832	02:09.278	10	3,4,5,7,8,9,11,13,14,15	5	2
1833	02:09.359	14	7,8,9,10,11,12,13,15	56	4
1834	02:09.361	8	2,3,4,5,6,7,9,10,11,12,13,14,15	5	1
1835	02:09.395	8	2,3,4,5,6,7,9,10,11,12,13,14,15	65	1
1836	02:09.398	5	2,3,4,8,9,10,11,16	5	3
1837	02:09.419	5	2,3,4,8,9,10,11,16	65	3
1838	02:09.422	16	1,2,3,4,5	5	2
1839	02:09.426	16	1,2,3,4,5	57	2
1840	02:09.428	1	16	5	0
1841	02:09.448	1	16	72	0
1842	02:09.451	16	1,2,3,4,5	5	2
1843	02:09.454	16	1,2,3,4,5	81	2
1844	02:09.457	5	2,3,4,8,9,10,11,16	5	3
1845	02:09.460	5	2,3,4,8,9,10,11,16	81	3
1846	02:09.464	8	2,3,4,5,6,7,9,10,11,12,13,14,15	5	1
1847	02:09.490	8	2,3,4,5,6,7,9,10,11,12,13,14,15	81	1
1848	02:09.493	14	7,8,9,10,11,12,13,15	5	4
1849	02:09.635	15	8,9,10,11,12,13,14	56	3
1850	02:09.637	8	2,3,4,5,6,7,9,10,11,12,13,14,15	5	1
1851	02:09.642	9	2,3,4,5,6,7,8,10,11,12,13,14,15	56	1
1852	02:09.644	5	2,3,4,8,9,10,11,16	5	3
1853	02:09.664	5	2,3,4,8,9,10,11,16	65	3
1854	02:09.667	16	1,2,3,4,5	5	2
1855	02:09.676	8	2,3,4,5,6,7,9,10,11,12,13,14,15	65	1
1856	02:09.679	5	2,3,4,8,9,10,11,16	5	3
1857	02:09.693	5	2,3,4,8,9,10,11,16	65	3
1858	02:09.696	16	1,2,3,4,5	5	2
1859	02:09.762	16	1,2,3,4,5	57	2
1860	02:09.764	1	16	5	0
1861	02:09.782	16	1,2,3,4,5	57	2
1862	02:09.784	1	16	5	0
1863	02:09.814	1	16	64	0
1864	02:09.816	16	1,2,3,4,5	5	2
1865	02:09.833	1	16	72	0
1866	02:09.836	16	1,2,3,4,5	5	2
1867	02:09.839	16	1,2,3,4,5	73	2
1868	02:09.842	5	2,3,4,8,9,10,11,16	5	3
1869	02:09.858	16	1,2,3,4,5	81	2
1870	02:09.861	5	2,3,4,8,9,10,11,16	5	3
1871	02:09.876	5	2,3,4,8,9,10,11,16	81	3
1872	02:09.879	8	2,3,4,5,6,7,9,10,11,12,13,14,15	5	1
1873	02:09.882	5	2,3,4,8,9,10,11,16	73	3
1874	02:09.885	9	2,3,4,5,6,7,8,10,11,12,13,14,15	5	1
1875	02:09.918	8	2,3,4,5,6,7,9,10,11,12,13,14,15	81	1
1876	02:09.921	15	8,9,10,11,12,13,14	5	3
1877	02:13.276	3	2,4,5,6,7,8,9,10,16	57	4
1878	02:13.278	16	1,2,3,4,5	5	2
1879	02:13.300	16	1,2,3,4,5	58	2
1880	02:13.302	1	16	5	0
1881	02:13.310	1	16	57	0
1882	02:13.312	16	1,2,3,4,5	5	2
1883	02:13.346	16	1,2,3,4,5	66	2
1884	02:13.349	3	2,4,5,6,7,8,9,10,16	5	4
1885	02:14.253	13	6,7,8,9,10,12,14,15	56	4
1886	02:14.255	8	2,3,4,5,6,7,9,10,11,12,13,14,15	5	1
1887	02:14.295	8	2,3,4,5,6,7,9,10,11,12,13,14,15	65	1
1888	02:14.298	5	2,3,4,8,9,10,11,16	5	3
1889	02:14.306	5	2,3,4,8,9,10,11,16	65	3
1890	02:14.309	16	1,2,3,4,5	5	2
1891	02:14.317	16	1,2,3,4,5	57	2
1892	02:14.319	1	16	5	0
1893	02:14.325	1	16	72	0
1894	02:14.328	16	1,2,3,4,5	5	2
1895	02:14.346	16	1,2,3,4,5	81	2
1896	02:14.349	5	2,3,4,8,9,10,11,16	5	3
1897	02:14.373	5	2,3,4,8,9,10,11,16	81	3
1898	02:14.376	8	2,3,4,5,6,7,9,10,11,12,13,14,15	5	1
1899	02:14.388	8	2,3,4,5,6,7,9,10,11,12,13,14,15	81	1
1900	02:14.391	13	6,7,8,9,10,12,14,15	5	4
1901	02:15.028	7	2,3,4,6,8,9,10,12,13,14	56	2
1902	02:15.030	2	3,4,5,6,7,8,9,16	5	3
1903	02:15.039	2	3,4,5,6,7,8,9,16	65	3
1904	02:15.042	16	1,2,3,4,5	5	2
1905	02:15.081	16	1,2,3,4,5	57	2
1906	02:15.083	1	16	5	0
1907	02:15.114	1	16	64	0
1908	02:15.116	16	1,2,3,4,5	5	2
1909	02:15.139	16	1,2,3,4,5	73	2
1910	02:15.142	2	3,4,5,6,7,8,9,16	5	3
1911	02:15.185	2	3,4,5,6,7,8,9,16	73	3
1912	02:15.188	7	2,3,4,6,8,9,10,12,13,14	5	2
1913	02:15.492	8	2,3,4,5,6,7,9,10,11,12,13,14,15	56	1
1914	02:15.494	5	2,3,4,8,9,10,11,16	5	3
1915	02:15.513	5	2,3,4,8,9,10,11,16	65	3
1916	02:15.516	16	1,2,3,4,5	5	2
1917	02:15.526	16	1,2,3,4,5	57	2
1918	02:15.528	1	16	5	0
1919	02:15.557	1	16	64	0
1920	02:15.559	16	1,2,3,4,5	5	2
1921	02:15.582	16	1,2,3,4,5	73	2
1922	02:15.585	5	2,3,4,8,9,10,11,16	5	3
1923	02:15.618	5	2,3,4,8,9,10,11,16	73	3
1924	02:15.621	8	2,3,4,5,6,7,9,10,11,12,13,14,15	5	1
1925	02:15.807	11	4,5,8,9,10,14,15	56	2
1926	02:15.809	5	2,3,4,8,9,10,11,16	5	3
1927	02:15.821	5	2,3,4,8,9,10,11,16	65	3
1928	02:15.824	16	1,2,3,4,5	5	2
1929	02:15.864	16	1,2,3,4,5	57	2
1930	02:15.866	1	16	5	0
1931	02:15.892	1	16	64	0
1932	02:15.894	5	2,3,4,8,9,10,11,16	57	3
1933	02:15.896	16	1,2,3,4,5	5	2
1934	02:15.926	1	16	64	0
1935	02:15.928	16	1,2,3,4,5	5	2
1936	02:15.935	16	1,2,3,4,5	73	2
1937	02:15.938	5	2,3,4,8,9,10,11,16	5	3
1938	02:15.972	16	1,2,3,4,5	58	2
1939	02:15.974	1	16	5	0
1940	02:15.976	5	2,3,4,8,9,10,11,16	73	3
1941	02:15.979	11	4,5,8,9,10,14,15	5	2
1942	02:16.001	1	16	57	0
1943	02:16.003	16	1,2,3,4,5	5	2
1944	02:16.032	16	1,2,3,4,5	66	2
1945	02:16.035	5	2,3,4,8,9,10,11,16	5	3
1946	02:16.597	4	2,3,5,7,8,9,10,11,16	57	4
1947	02:16.599	16	1,2,3,4,5	5	2
1948	02:16.628	16	1,2,3,4,5	58	2
1949	02:16.630	1	16	5	0
1950	02:16.641	1	16	57	0
1951	02:16.643	16	1,2,3,4,5	5	2
1952	02:16.646	16	1,2,3,4,5	66	2
1953	02:16.649	4	2,3,5,7,8,9,10,11,16	5	4
1954	02:17.017	2	3,4,5,6,7,8,9,16	57	3
1955	02:17.019	16	1,2,3,4,5	5	2
1956	02:17.057	16	1,2,3,4,5	58	2
1957	02:17.059	1	16	5	0
1958	02:17.091	12	6,7,8,9,13,14,15	56	3
1959	02:17.093	8	2,3,4,5,6,7,9,10,11,12,13,14,15	5	1
1960	02:17.101	1	16	57	0
1961	02:17.103	16	1,2,3,4,5	5	2
1962	02:17.128	8	2,3,4,5,6,7,9,10,11,12,13,14,15	65	1
1963	02:17.131	5	2,3,4,8,9,10,11,16	5	3
1964	02:17.146	16	1,2,3,4,5	66	2
1965	02:17.149	2	3,4,5,6,7,8,9,16	5	3
1966	02:17.154	5	2,3,4,8,9,10,11,16	65	3
1967	02:17.157	16	1,2,3,4,5	5	2
1968	02:17.196	16	1,2,3,4,5	57	2
1969	02:17.198	1	16	5	0
1970	02:17.231	1	16	72	0
1971	02:17.234	16	1,2,3,4,5	5	2
1972	02:17.245	16	1,2,3,4,5	81	2
1973	02:17.248	5	2,3,4,8,9,10,11,16	5	3
1974	02:17.251	5	2,3,4,8,9,10,11,16	81	3
1975	02:17.255	8	2,3,4,5,6,7,9,10,11,12,13,14,15	5	1
1976	02:17.267	8	2,3,4,5,6,7,9,10,11,12,13,14,15	81	1
1977	02:17.270	12	6,7,8,9,13,14,15	5	3
1978	02:17.590	6	2,3,7,8,9,12,13	56	2
1979	02:17.592	2	3,4,5,6,7,8,9,16	5	3
1980	02:17.601	2	3,4,5,6,7,8,9,16	65	3
1981	02:17.604	16	1,2,3,4,5	5	2
1982	02:17.645	16	1,2,3,4,5	57	2
1983	02:17.647	1	16	5	0
1984	02:17.663	1	16	64	0
1985	02:17.665	16	1,2,3,4,5	5	2
1986	02:17.681	16	1,2,3,4,5	73	2
1987	02:17.684	2	3,4,5,6,7,8,9,16	5	3
1988	02:17.700	2	3,4,5,6,7,8,9,16	73	3
1989	02:17.703	6	2,3,7,8,9,12,13	5	2
1990	02:18.655	15	8,9,10,11,12,13,14	56	3
1991	02:18.657	8	2,3,4,5,6,7,9,10,11,12,13,14,15	5	1
1992	02:18.683	8	2,3,4,5,6,7,9,10,11,12,13,14,15	65	1
1993	02:18.686	5	2,3,4,8,9,10,11,16	5	3
1994	02:18.705	5	2,3,4,8,9,10,11,16	65	3
1995	02:18.708	16	1,2,3,4,5	5	2
1996	02:18.744	16	1,2,3,4,5	57	2
1997	02:18.746	1	16	5	0
1998	02:18.751	1	16	72	0
1999	02:18.754	16	1,2,3,4,5	5	2
2000	02:18.787	16	1,2,3,4,5	81	2
2001	02:18.790	5	2,3,4,8,9,10,11,16	5	3
2002	02:18.814	5	2,3,4,8,9,10,11,16	81	3
2003	02:18.817	8	2,3,4,5,6,7,9,10,11,12,13,14,15	5	1
2004	02:18.845	8	2,3,4,5,6,7,9,10,11,12,13,14,15	81	1
2005	02:18.848	15	8,9,10,11,12,13,14	5	3
2006	02:18.873	14	7,8,9,10,11,12,13,15	56	4
2007	02:18.875	8	2,3,4,5,6,7,9,10,11,12,13,14,15	5	1
2008	02:18.911	8	2,3,4,5,6,7,9,10,11,12,13,14,15	65	1
2009	02:18.914	5	2,3,4,8,9,10,11,16	5	3
2010	02:18.939	5	2,3,4,8,9,10,11,16	65	3
2011	02:18.942	16	1,2,3,4,5	5	2
2012	02:18.959	16	1,2,3,4,5	57	2
2013	02:18.961	1	16	5	0
2014	02:19.002	1	16	72	0
2015	02:19.005	16	1,2,3,4,5	5	2
2016	02:19.016	16	1,2,3,4,5	81	2
2017	02:19.019	5	2,3,4,8,9,10,11,16	5	3
2018	02:19.037	5	2,3,4,8,9,10,11,16	81	3
2019	02:19.040	8	2,3,4,5,6,7,9,10,11,12,13,14,15	5	1
2020	02:19.072	8	2,3,4,5,6,7,9,10,11,12,13,14,15	81	1
2021	02:19.075	14	7,8,9,10,11,12,13,15	5	4
2022	02:19.346	16	1,2,3,4,5	97	2
2023	02:19.601	9	2,3,4,5,6,7,8,10,11,12,13,14,15	56	1
2024	02:19.603	5	2,3,4,8,9,10,11,16	5	3
2025	02:19.625	5	2,3,4,8,9,10,11,16	65	3
2026	02:19.628	16	1,2,3,4,5	5	2
2027	02:19.633	16	1,2,3,4,5	57	2
2028	02:19.635	1	16	5	0
2029	02:19.640	1	16	64	0
2030	02:19.642	16	1,2,3,4,5	5	2
2031	02:19.666	10	3,4,5,7,8,9,11,13,14,15	57	2
2032	02:19.668	5	2,3,4,8,9,10,11,16	5	3
2033	02:19.681	16	1,2,3,4,5	73	2
2034	02:19.684	5	2,3,4,8,9,10,11,16	5	3
2035	02:19.694	5	2,3,4,8,9,10,11,16	66	3
2036	02:19.697	16	1,2,3,4,5	5	2
2037	02:19.703	5	2,3,4,8,9,10,11,16	73	3
2038	02:19.706	9	2,3,4,5,6,7,8,10,11,12,13,14,15	5	1
2039	02:19.707	16	1,2,3,4,5	58	2
2040	02:19.710	1	16	5	0
2041	02:19.743	1	16	65	0
2042	02:19.746	16	1,2,3,4,5	5	2
2043	02:19.784	16	1,2,3,4,5	74	2
2044	02:19.787	5	2,3,4,8,9,10,11,16	5	3
2045	02:19.827	5	2,3,4,8,9,10,11,16	74	3
2046	02:19.830	10	3,4,5,7,8,9,11,13,14,15	5	2
2047	02:21.246	9	2,3,4,5,6,7,8,10,11,12,13,14,15	97	1
2048	02:21.679	10	3,4,5,7,8,9,11,13,14,15	97	2
2049	02:23.269	3	2,4,5,6,7,8,9,10,16	57	4
2050	02:23.271	16	1,2,3,4,5	5	2
2051	02:23.313	16	1,2,3,4,5	58	2
2052	02:23.315	1	16	5	0
2053	02:23.320	1	16	57	0
2054	02:23.322	16	1,2,3,4,5	5	2
2055	02:23.350	16	1,2,3,4,5	66	2
2056	02:23.353	3	2,4,5,6,7,8,9,10,16	5	4
2057	02:23.527	3	2,4,5,6,7,8,9,10,16	97	4
2058	02:23.840	13	6,7,8,9,10,12,14,15	56	4
2059	02:23.842	8	2,3,4,5,6,7,9,10,11,12,13,14,15	5	1
2060	02:23.851	8	2,3,4,5,6,7,9,10,11,12,13,14,15	65	1
2061	02:23.854	5	2,3,4,8,9,10,11,16	5	3
2062	02:23.888	5	2,3,4,8,9,10,11,16	65	3
2063	02:23.891	16	1,2,3,4,5	5	2
2064	02:23.928	16	1,2,3,4,5	57	2
2065	02:23.930	1	16	5	0
2066	02:23.954	1	16	72	0
2067	02:23.957	16	1,2,3,4,5	5	2
2068	02:24.000	16	1,2,3,4,5	81	2
2069	02:24.003	5	2,3,4,8,9,10,11,16	5	3
2070	02:24.026	5	2,3,4,8,9,10,11,16	81	3
2071	02:24.029	8	2,3,4,5,6,7,9,10,11,12,13,14,15	5	1
2072	02:24.048	8	2,3,4,5,6,7,9,10,11,12,13,14,15	81	1
2073	02:24.051	13	6,7,8,9,10,12,14,15	5	4
2074	02:24.324	8	2,3,4,5,6,7,9,10,11,12,13,14,15	97	1
2075	02:24.602	7	2,3,4,6,8,9,10,12,13,14	56	2
2076	02:24.604	2	3,4,5,6,7,8,9,16	5	3
2077	02:24.613	2	3,4,5,6,7,8,9,16	65	3
2078	02:24.616	16	1,2,3,4,5	5	2
2079	02:24.645	16	1,2,3,4,5	57	2
2080	02:24.647	1	16	5	0
2081	02:24.658	1	16	64	0
2082	02:24.660	16	1,2,3,4,5	5	2
2083	02:24.691	16	1,2,3,4,5	73	2
2084	02:24.694	2	3,4,5,6,7,8,9,16	5	3
2085	02:24.710	2	3,4,5,6,7,8,9,16	73	3
2086	02:24.713	7	2,3,4,6,8,9,10,12,13,14	5	2
2087	02:24.844	11	4,5,8,9,10,14,15	57	2
2088	02:24.846	5	2,3,4,8,9,10,11,16	5	3
2089	02:24.878	5	2,3,4,8,9,10,11,16	66	3
2090	02:24.881	16	1,2,3,4,5	5	2
2091	02:24.913	16	1,2,3,4,5	58	2
2092	02:24.915	1	16	5	0
2093	02:24.918	1	16	65	0
2094	02:24.921	16	1,2,3,4,5	5	2
2095	02:24.953	16	1,2,3,4,5	74	2
2096	02:24.956	5	2,3,4,8,9,10,11,16	5	3
2097	02:24.962	5	2,3,4,8,9,10,11,16	74	3
2098	02:24.965	11	4,5,8,9,10,14,15	5	2
2099	02:25.162	5	2,3,4,8,9,10,11,16	57	3
2100	02:25.164	16	1,2,3,4,5	5	2
2101	02:25.178	16	1,2,3,4,5	58	2
2102	02:25.180	1	16	5	0
2103	02:25.218	1	16	57	0
2104	02:25.220	16	1,2,3,4,5	5	2
2105	02:25.255	16	1,2,3,4,5	66	2
2106	02:25.258	5	2,3,4,8,9,10,11,16	5	3
2107	02:25.273	14	7,8,9,10,11,12,13,15	102	4
2108	02:25.277	11	4,5,8,9,10,14,15	5	2
2109	02:25.805	3	2,4,5,6,7,8,9,10,16	102	4
2110	02:25.809	4	2,3,5,7,8,9,10,11,16	5	4
2111	02:26.300	8	2,3,4,5,6,7,9,10,11,12,13,14,15	57	1
2112	02:26.302	5	2,3,4,8,9,10,11,16	5	3
2113	02:26.309	5	2,3,4,8,9,10,11,16	66	3
2114	02:26.312	16	1,2,3,4,5	5	2
2115	02:26.322	16	1,2,3,4,5	58	2
2116	02:26.324	1	16	5	0
2117	02:26.354	1	16	65	0
2118	02:26.357	16	1,2,3,4,5	5	2
2119	02:26.365	16	1,2,3,4,5	74	2
2120	02:26.368	5	2,3,4,8,9,10,11,16	5	3
2121	02:26.403	5	2,3,4,8,9,10,11,16	74	3
2122	02:26.406	8	2,3,4,5,6,7,9,10,11,12,13,14,15	5	1
2123	02:26.613	4	2,3,5,7,8,9,10,11,16	57	4
2124	02:26.615	16	1,2,3,4,5	5	2
2125	02:26.626	16	1,2,3,4,5	58	2
2126	02:26.628	1	16	5	0
2127	02:26.650	1	16	57	0
2128	02:26.652	16	1,2,3,4,5	5	2
2129	02:26.678	16	1,2,3,4,5	66	2
2130	02:26.681	4	2,3,5,7,8,9,10,11,16	5	4
2131	02:26.706	5	2,3,4,8,9,10,11,16	97	3
2132	02:27.369	2	3,4,5,6,7,8,9,16	57	3
2133	02:27.371	16	1,2,3,4,5	5	2
2134	02:27.376	16	1,2,3,4,5	58	2
2135	02:27.378	1	16	5	0
2136	02:27.386	12	6,7,8,9,13,14,15	56	3
2137	02:27.386	1	16	57	0
2138	02:27.388	8	6,7,9,10,11,12,13,14,15	5	5
2139	02:27.388	16	1	5	6
2140	02:27.403	8	2,3,4,5,6,7,9,10,11,12,13,14,15	65	1
2141	02:27.406	5	2,3,4,8,9,10,11,16	5	3
2142	02:27.428	16	1,2,3,4,5	66	2
2143	02:27.431	2	3,4,5,6,7,8,9,16	5	3
2144	02:27.436	5	2,3,4,8,9,10,11,16	65	3
2145	02:27.439	16	1,2,3,4,5	5	2
2146	02:27.466	16	1,2,3,4,5	57	2
2147	02:27.468	1	16	5	0
2148	02:27.477	1	16	72	0
2149	02:27.480	16	1,2,3,4,5	5	2
2150	02:27.516	16	1,2,3,4,5	81	2
2151	02:27.519	5	2,3,4,8,9,10,11,16	5	3
2152	02:27.544	5	2,3,4,8,9,10,11,16	81	3
2153	02:27.547	8	2,3,4,5,6,7,9,10,11,12,13,14,15	5	1
2154	02:27.574	8	2,3,4,5,6,7,9,10,11,12,13,14,15	81	1
2155	02:27.577	12	6,7,8,9,13,14,15	5	3
2156	02:27.874	15	8,9,10,11,12,13,14	56	3
2157	02:27.876	8	2,3,4,5,6,7,9,10,11,12,13,14,15	5	1
2158	02:27.891	8	2,3,4,5,6,7,9,10,11,12,13,14,15	65	1
2159	02:27.894	5	2,3,4,8,9,10,11,16	5	3
2160	02:27.906	5	2,3,4,8,9,10,11,16	65	3
2161	02:27.909	16	1,2,3,4,5	5	2
2162	02:27.926	16	1,2,3,4,5	57	2
2163	02:27.928	1	16	5	0
2164	02:27.940	1	16	72	0
2165	02:27.943	16	1,2,3,4,5	5	2
2166	02:27.961	14	7,8,9,10,11,12,13,15	56	4
2167	02:27.963	8	2,3,4,5,6,7,9,10,11,12,13,14,15	5	1
2168	02:27.967	6	2,3,7,8,9,12,13	57	2
2169	02:27.969	2	3,4,5,6,7,8,9,16	5	3
2170	02:27.979	8	6,7,9,10,11,12,13,14,15	65	5
2171	02:27.979	16	1	81	6
2172	02:28.003	8	2,3,4,5,6,7,9,10,11,12,13,14,15	65	1
2173	02:28.006	5	2,3,4,8,9,10,11,16	5	3
2174	02:28.009	2	3,4,5,6,7,8,9,16	66	3
2175	02:28.012	16	1,2,3,4,5	5	2
2176	02:28.015	5	2,3,4,8,9,10,11,16	65	3
2177	02:28.018	16	1,2,3,4,5	5	2
2178	02:28.041	16	1,2,3,4,5	58	2
2179	02:28.043	1	16	5	0
2180	02:28.061	1	16	65	0
2181	02:28.064	16	1,2,3,4,5	5	2
2182	02:28.085	16	1,2,3,4,5	81	2
2183	02:28.088	5	2,3,4,8,9,10,11,16	5	3
2184	02:28.091	16	1,2,3,4,5	57	2
2185	02:28.094	1	16	5	0
2186	02:28.108	1	-	72	1
2187	02:28.109	5	2,3,4,8,9,10,11	81	4
2188	02:28.112	8	2,3,4,5,6,7,9,10,11,12,13,14,15	5	1
2189	02:28.133	1	16	72	0
2190	02:28.136	16	1,2,3,4,5	5	2
2191	02:28.147	8	2,3,4,5,6,7,9,10,11,12,13,14,15	81	1
2192	02:28.150	15	8,9,10,11,12,13,14	5	3
2193	02:28.171	16	1,2,3,4,5	81	2
2194	02:28.174	5	2,3,4,8,9,10,11,16	5	3
2195	02:28.205	5	2,3,4,8,9,10,11,16	81	3
2196	02:28.208	8	2,3,4,5,6,7,9,10,11,12,13,14,15	5	1
2197	02:28.230	8	2,3,4,5,6,7,9,10,11,12,13,14,15	81	1
2198	02:28.233	14	7,8,9,10,11,12,13,15	5	4
2199	02:28.529	2	3,4,5,6,7,8,9,16	97	3
2200	02:29.722	9	2,3,4,5,6,7,8,10,11,12,13,14,15	57	1
2201	02:29.724	5	2,3,4,8,9,10,11,16	5	3
2202	02:29.743	5	2,3,4,8,9,10,11,16	66	3
2203	02:29.746	16	1,2,3,4,5	5	2
2204	02:29.757	10	3,4,5,7,8,9,11,13,14,15	57	2
2205	02:29.759	5	2,3,4,8,9,10,11,16	5	3
2206	02:29.771	16	1,2,3,4,5	58	2
2207	02:29.773	1	16	5	0
2208	02:29.788	1	16	65	0
2209	02:29.791	16	1,2,3,4,5	5	2
2210	02:29.801	5	2,3,4,8,9,10,11,16	66	3
2211	02:29.804	16	1,2,3,4,5	5	2
2212	02:29.810	16	1,2,3,4,5	58	2
2213	02:29.812	1	16	5	0
2214	02:29.831	16	1,2,3,4,5	74	2
2215	02:29.834	5	2,3,4,8,9,10,11,16	5	3
2216	02:29.837	5	2,3,4,8,9,10,11,16	74	3
2217	02:29.840	9	2,3,4,5,6,7,8,10,11,12,13,14,15	5	1
2218	02:29.840	1	16	65	0
2219	02:29.878	1	16	65	0
2220	02:29.881	16	1,2,3,4,5	5	2
2221	02:29.906	16	1,2,3,4,5	74	2
2222	02:29.909	5	2,3,4,8,9,10,11,16	5	3
2223	02:29.952	5	2,3,4,8,9,10,11,16	74	3
2224	02:29.955	10	3,4,5,7,8,9,11,13,14,15	5	2
2225	02:33.009	6	2,3,7,8,9,12,13	97	2
2226	02:33.240	13	6,7,8,9,10,12,14,15	56	4
2227	02:33.242	8	2,3,4,5,6,7,9,10,11,12,13,14,15	5	1
2228	02:33.253	8	2,3,4,5,6,7,9,10,11,12,13,14,15	65	1
2229	02:33.256	5	2,3,4,8,9,10,11,16	5	3
2230	02:33.294	5	2,3,4,8,9,10,11,16	65	3
2231	02:33.297	16	1,2,3,4,5	5	2
2232	02:33.333	16	1,2,3,4,5	57	2
2233	02:33.335	1	16	5	0
2234	02:33.335	13	6,7,8,9,10,12,14,15	97	4
2235	02:33.365	1	16	72	0
2236	02:33.368	16	1,2,3,4,5	5	2
2237	02:33.393	16	1,2,3,4,5	81	2
2238	02:33.396	5	2,3,4,8,9,10,11,16	5	3
2239	02:33.416	5	2,3,4,8,9,10,11,16	81	3
2240	02:33.419	8	2,3,4,5,6,7,9,10,11,12,13,14,15	5	1
2241	02:33.437	8	2,3,4,5,6,7,9,10,11,12,13,14,15	81	1
2242	02:33.440	13	6,7,8,9,10,12,14,15	5	4
2243	02:34.022	3	2,4,5,6,7,8,9,10,16	57	4
2244	02:34.024	16	1,2,3,4,5	5	2
2245	02:34.064	16	1,2,3,4,5	58	2
2246	02:34.066	1	16	5	0
2247	02:34.105	1	16	57	0
2248	02:34.107	16	1,2,3,4,5	5	2
2249	02:34.137	16	1,2,3,4,5	66	2
2250	02:34.140	3	2,4,5,6,7,8,9,10,16	5	4
2251	02:34.169	11	4,5,8,9,10,14,15	57	2
2252	02:34.171	5	2,3,4,8,9,10,11,16	5	3
2253	02:34.196	5	2,3,4,8,9,10,11,16	66	3
2254	02:34.199	16	1,2,3,4,5	5	2
2255	02:34.206	16	1,2,3,4,5	58	2
2256	02:34.208	1	16	5	0
2257	02:34.235	1	16	65	0
2258	02:34.238	16	1,2,3,4,5	5	2
2259	02:34.261	16	1,2,3,4,5	74	2
2260	02:34.264	5	2,3,4,8,9,10,11,16	5	3
2261	02:34.295	5	2,3,4,8,9,10,11,16	74	3
2262	02:34.298	11	4,5,8,9,10,14,15	5	2
2263	02:34.381	5	2,3,4,8,9,10,11,16	57	3
2264	02:34.383	16	1,2,3,4,5	5	2
2265	02:34.393	16	1,2,3,4,5	58	2
2266	02:34.395	1	16	5	0
2267	02:34.426	1	16	57	0
2268	02:34.428	16	1,2,3,4,5	5	2
2269	02:34.444	16	1,2,3,4,5	66	2
2270	02:34.447	5	2,3,4,8,9,10,11,16	5	3
2271	02:34.697	7	2,3,4,6,8,9,10,12,13,14	57	2
2272	02:34.699	2	3,4,5,6,7,8,9,16	5	3
2273	02:34.725	2	3,4,5,6,7,8,9,16	66	3
2274	02:34.728	16	1,2,3,4,5	5	2
2275	02:34.760	16	1,2,3,4,5	58	2
2276	02:34.762	1	16	5	0
2277	02:34.766	1	16	65	0
2278	02:34.769	16	1,2,3,4,5	5	2
2279	02:34.804	16	1,2,3,4,5	74	2
2280	02:34.807	2	3,4,5,6,7,8,9,16	5	3
2281	02:34.845	2	3,4,5,6,7,8,9,16	74	3
2282	02:34.848	7	2,3,4,6,8,9,10,12,13,14	5	2
2283	02:35.310	7	2,3,4,6,8,9,10,12,13,14	97	2
2284	02:35.334	8	2,3,4,5,6,7,9,10,11,12,13,14,15	57	1
2285	02:35.336	5	2,3,4,8,9,10,11,16	5	3
2286	02:35.353	5	2,3,4,8,9,10,11,16	66	3
2287	02:35.356	16	1,2,3,4,5	5	2
2288	02:35.395	16	1,2,3,4,5	58	2
2289	02:35.397	1	16	5	0
2290	02:35.433	1	16	65	0
2291	02:35.436	16	1,2,3,4,5	5	2
2292	02:35.440	16	1,2,3,4,5	74	2
2293	02:35.443	5	2,3,4,8,9,10,11,16	5	3
2294	02:35.473	7	6,12,13,14	102	8
2295	02:35.476	5	11,16	74	9
2296	02:35.492	7	6,12,13,14	102	8
2297	02:35.494	5	11,16	74	9
2298	02:35.529	5	2,3,4,8,9,10,11,16	74	3
2299	02:35.532	8	2,3,4,5,6,7,9,10,11,12,13,14,15	5	1
2300	02:35.540	7	2,3,4,6,8,9,10,12,13,14	102	2
2301	02:35.544	4	2,3,5,7,8,9,10,11,16	5	4
2302	02:36.487	11	4,5,8,9,10,14,15	102	2
2303	02:36.491	4	2,3,5,7,8,9,10,11,16	5	4
2304	02:36.901	4	2,3,5,7,8,9,10,11,16	57	4
2305	02:36.903	16	1,2,3,4,5	5	2
2306	02:36.934	16	1,2,3,4,5	58	2
2307	02:36.936	1	16	5	0
2308	02:36.939	1	16	57	0
2309	02:36.942	16	1,2,3,4,5	5	2
2310	02:36.958	16	1,2,3,4,5	66	2
2311	02:36.961	4	2,3,5,7,8,9,10,11,16	5	4
2312	02:37.666	14	7,8,9,10,11,12,13,15	57	4
2313	02:37.668	8	2,3,4,5,6,7,9,10,11,12,13,14,15	5	1
2314	02:37.692	8	2,3,4,5,6,7,9,10,11,12,13,14,15	66	1
2315	02:37.695	5	2,3,4,8,9,10,11,16	5	3
2316	02:37.698	5	2,3,4,8,9,10,11,16	66	3
2317	02:37.701	16	1,2,3,4,5	5	2
2318	02:37.727	16	1,2,3,4,5	58	2
2319	02:37.729	1	16	5	0
2320	02:37.746	2	3,4,5,6,7,8,9,16	57	3
2321	02:37.748	16	1,2,3,4,5	5	2
2322	02:37.767	1	16	73	0
2323	02:37.770	16	1,2,3,4,5	5	2
2324	02:37.773	16	1,2,3,4,5	82	2
2325	02:37.776	5	2,3,4,8,9,10,11,16	5	3
2326	02:37.779	16	1,2,3,4,5	58	2
2327	02:37.781	1	16	5	0
2328	02:37.797	5	2,3,4,8,9,10,11,16	82	3
2329	02:37.800	8	2,3,4,5,6,7,9,10,11,12,13,14,15	5	1
2330	02:37.803	1	16	57	0
2331	02:37.805	16	1,2,3,4,5	5	2
2332	02:37.813	6	2,3,7,8,9,12,13	57	2
2333	02:37.815	2	3,4,5,6,7,8,9,16	5	3
2334	02:37.830	16	1,2,3,4,5	66	2
2335	02:37.833	2	3,4,5,6,7,8,9,16	5	3
2336	02:37.833	8	2,3,4,5,6,7,9,10,11,12,13,14,15	82	1
2337	02:37.836	14	7,8,9,10,11,12,13,15	5	4
2338	02:37.857	2	3,4,5,6,7,8,9,16	66	3
2339	02:37.860	16	1,2,3,4,5	5	2
2340	02:37.867	8	2,3,4,5,6,7,9,10,11,12,13,14,15	82	1
2341	02:37.870	14	7,8,9,10,11,12,13,15	5	4
2342	02:37.903	16	1,2,3,4,5	58	2
2343	02:37.905	1	16	5	0
2344	02:37.920	1	16	65	0
2345	02:37.923	16	1,2,3,4,5	5	2
2346	02:37.966	15	10,11,12,13,14	57	5
2347	02:37.966	16	1,2,3,4,5	74	2
2348	02:37.969	2	3,4,5,6,7,8,9,16	5	3
2349	02:37.992	15	8,9,10,11,12,13,14	57	3
2350	02:37.994	8	2,3,4,5,6,7,9,10,11,12,13,14,15	5	1
2351	02:38.005	2	3,4,5,6,7,8,9,16	74	3
2352	02:38.008	6	2,3,7,8,9,12,13	5	2
2353	02:38.077	8	2,3,4,5,6,7,9,10,11,12,13,14,15	66	1
2354	02:38.080	5	2,3,4,8,9,10,11,16	5	3
2355	02:38.114	5	2,3,4,8,9,10,11,16	66	3
2356	02:38.117	16	1,2,3,4,5	5	2
2357	02:38.156	16	1,2,3,4,5	58	2
2358	02:38.158	1	16	5	0
2359	02:38.181	1	16	73	0
2360	02:38.184	16	1,2,3,4,5	5	2
2361	02:38.213	16	1,2,3,4,5	82	2
2362	02:38.216	5	2,3,4,8,9,10,11,16	5	3
2363	02:38.236	5	2,3,4,8,9,10,11,16	82	3
2364	02:38.239	8	2,3,4,5,6,7,9,10,11,12,13,14,15	5	1
2365	02:38.261	8	2,3,4,5,6,7,9,10,11,12,13,14,15	82	1
2366	02:38.264	15	8,9,10,11,12,13,14	5	3
2367	02:38.340	12	6,7,8,9,13,14,15	57	3
2368	02:38.342	8	2,3,4,5,6,7,9,10,11,12,13,14,15	5	1
2369	02:38.363	8	2,3,4,5,6,7,9,10,11,12,13,14,15	66	1
2370	02:38.366	5	2,3,4,8,9,10,11,16	5	3
2371	02:38.406	5	2,3,4,8,9,10,11,16	66	3
2372	02:38.409	16	1,2,3,4,5	5	2
2373	02:38.420	16	1,2,3,4,5	58	2
2374	02:38.422	1	16	5	0
2375	02:38.449	1	16	73	0
2376	02:38.452	16	1,2,3,4,5	5	2
2377	02:38.472	16	1,2,3,4,5	82	2
2378	02:38.475	5	2,3,4,8,9,10,11,16	5	3
2379	02:38.489	5	2,3,4,8,9,10,11,16	82	3
2380	02:38.492	8	2,3,4,5,6,7,9,10,11,12,13,14,15	5	1
2381	02:38.500	8	2,3,4,5,6,7,9,10,11,12,13,14,15	82	1
2382	02:38.503	12	6,7,8,9,13,14,15	5	3
2383	02:38.818	9	2,3,4,5,6,7,8,10,11,12,13,14,15	57	1
2384	02:38.820	5	2,3,4,8,9,10,11,16	5	3
2385	02:38.835	5	2,3,4,8,9,10,11,16	66	3
2386	02:38.838	16	1,2,3,4,5	5	2
2387	02:38.845	16	1,2,3,4,5	58	2
2388	02:38.847	1	16	5	0
2389	02:38.880	1	16	65	0
2390	02:38.883	16	1,2,3,4,5	5	2
2391	02:38.894	16	1,2,3,4,5	74	2
2392	02:38.897	5	2,3,4,8,9,10,11,16	5	3
2393	02:38.921	5	2,3,4,8,9,10,11,16	74	3
2394	02:38.924	9	2,3,4,5,6,7,8,10,11,12,13,14,15	5	1
2395	02:39.006	14	7,8,9,10,11,12,13,15	97	4
2396	02:40.323	10	3,4,5,7,8,9,11,13,14,15	57	2
2397	02:40.325	5	2,3,4,8,9,10,11,16	5	3
2398	02:40.362	5	2,3,4,8,9,10,11,16	66	3
2399	02:40.365	16	1,2,3,4,5	5	2
2400	02:40.374	12	6,7,8,9,13,14,15	97	3
2401	02:40.376	16	1,4,5	58	4
2402	02:40.378	1	16	5	0
2403	02:40.381	1	16	65	0
2404	02:40.384	16	1,2,3,4,5	5	2
2405	02:40.417	16	1,2,3,4,5	74	2
2406	02:40.420	5	2,3,4,8,9,10,11,16	5	3
2407	02:40.439	5	2,3,4,8,9,10,11,16	74	3
2408	02:40.442	10	3,4,5,7,8,9,11,13,14,15	5	2
2409	02:41.406	2	3,4,5,6,7,8,9,16	102	3
2410	02:41.410	5	2,3,4,8,9,10,11,16	5	3
2411	02:41.804	4	2,3,5,7,8,9,10,11,16	97	4
2412	02:41.895	11	4,5,8,9,10,14,15	97	2
2413	02:43.467	3	2,4,5,6,7,8,9,10,16	57	4
2414	02:43.469	16	1,2,3,4,5	5	2
2415	02:43.484	16	1,2,3,4,5	58	2
2416	02:43.486	1	16	5	0
2417	02:43.493	1	16	57	0
2418	02:43.495	16	1,2,3,4,5	5	2
2419	02:43.527	11	4,5,8,9,10,14,15	57	2
2420	02:43.529	5	2,3,4,8,9,10,11,16	5	3
2421	02:43.535	16	1,2,3,4,5	66	2
2422	02:43.538	3	2,4,5,6,7,8,9,10,16	5	4
2423	02:43.562	5	2,3,4,8,9,10,11,16	66	3
2424	02:43.565	16	1,2,3,4,5	5	2
2425	02:43.602	16	1,2,3,4,5	58	2
2426	02:43.604	1	16	5	0
2427	02:43.633	1	16	65	0
2428	02:43.636	16	1,2,3,4,5	5	2
2429	02:43.673	16	1,2,3,4,5	74	2
2430	02:43.676	5	2,3,4,8,9,10,11,16	5	3
2431	02:43.692	5	2,3,4,8,9,10,11,16	74	3
2432	02:43.695	11	4,5,8,9,10,14,15	5	2
2433	02:44.067	13	6,7,8,9,10,12,14,15	57	4
2434	02:44.069	8	2,3,4,5,6,7,9,10,11,12,13,14,15	5	1
2435	02:44.075	15	8,9,10,11,12,13,14	97	3
2436	02:44.102	8	2,3,4,5,6,7,9,10,11,12,13,14,15	66	1
2437	02:44.105	5	2,3,4,8,9,10,11,16	5	3
2438	02:44.128	5	2,3,4,8,9,10,11,16	66	3
2439	02:44.131	16	1,2,3,4,5	5	2
2440	02:44.149	16	1,2,3,4,5	58	2
2441	02:44.151	1	16	5	0
2442	02:44.167	1	16	73	0
2443	02:44.170	16	1,2,3,4,5	5	2
2444	02:44.204	16	1,2,3,4,5	82	2
2445	02:44.207	5	2,3,4,8,9,10,11,16	5	3
2446	02:44.212	7	2,3,4,6,8,9,10,12,13,14	57	2
2447	02:44.214	2	3,4,5,6,7,8,9,16	5	3
2448	02:44.233	5	2,3,4,8,9,10,11,16	82	3
2449	02:44.236	8	2,3,4,5,6,7,9,10,11,12,13,14,15	5	1
2450	02:44.245	2	3,4,5,6,7,8,9,16	66	3
2451	02:44.248	16	1,2,3,4,5	5	2
2452	02:44.272	8	2,3,4,5,6,7,9,10,11,12,13,14,15	82	1
2453	02:44.275	13	6,7,8,9,10,12,14,15	5	4
2454	02:44.290	16	1,2,3,4,5	58	2
2455	02:44.292	1	16	5	0
2456	02:44.297	1	16	65	0
2457	02:44.300	16	1,2,3,4,5	5	2
2458	02:44.323	16	1,2,3,4,5	74	2
2459	02:44.326	2	3,4,5,6,7,8,9,16	5	3
2460	02:44.343	2	3,4,5,6,7,8,9,16	74	3
2461	02:44.346	7	2,3,4,6,8,9,10,12,13,14	5	2
2462	02:44.350	5	2,3,4,8,9,10,11,16	57	3
2463	02:44.352	16	1,2,3,4,5	5	2
2464	02:44.382	16	1,2,3,4,5	58	2
2465	02:44.384	1	16	5	0
2466	02:44.397	1	16	57	0
2467	02:44.399	16	1,2,3,4,5	5	2
2468	02:44.439	16	1,2,3,4,5	66	2
2469	02:44.442	5	2,3,4,8,9,10,11,16	5	3
2470	02:46.144	4	2,3,5,7,8,9,10,11,16	57	4
2471	02:46.146	16	1,2,3,4,5	5	2
2472	02:46.184	16	1,2,3,4,5	58	2
2473	02:46.186	1	16	5	0
2474	02:46.220	1	16	57	0
2475	02:46.222	16	1,2,3,4,5	5	2
2476	02:46.230	16	1,2,3,4,5	66	2
2477	02:46.233	4	2,3,5,7,8,9,10,11,16	5	4
2478	02:46.335	8	2,3,4,5,6,7,9,10,11,12,13,14,15	57	1
2479	02:46.337	5	2,3,4,8,9,10,11,16	5	3
2480	02:46.357	5	2,3,4,8,9,10,11,16	66	3
2481	02:46.360	16	1,2,3,4,5	5	2
2482	02:46.401	16	1,2,3,4,5	58	2
2483	02:46.403	1	16	5	0
2484	02:46.431	1	16	65	0
2485	02:46.434	16	1,2,3,4,5	5	2
2486	02:46.458	16	1,2,3,4,5	74	2
2487	02:46.461	5	2,3,4,8,9,10,11,16	5	3
2488	02:46.464	5	2,3,4,8,9,10,11,16	74	3
2489	02:46.467	8	2,3,4,5,6,7,9,10,11,12,13,14,15	5	1
2490	02:47.430	12	6,7,8,9,13,14,15	57	3
2491	02:47.432	8	2,3,4,5,6,7,9,10,11,12,13,14,15	5	1
2492	02:47.465	8	2,3,4,5,6,7,9,10,11,12,13,14,15	66	1
2493	02:47.468	5	2,3,4,8,9,10,11,16	5	3
2494	02:47.510	5	2,3,4,8,9,10,11,16	66	3
2495	02:47.513	16	1,2,3,4,5	5	2
2496	02:47.516	16	1,2,3,4,5	58	2
2497	02:47.518	1	16	5	0
2498	02:47.560	1	16	73	0
2499	02:47.563	16	1,2,3,4,5	5	2
2500	02:47.578	16	1,2,3,4,5	82	2
2501	02:47.581	5	2,3,4,8,9,10,11,16	5	3
2502	02:47.618	5	2,3,4,8,9,10,11,16	82	3
2503	02:47.621	8	2,3,4,5,6,7,9,10,11,12,13,14,15	5	1
2504	02:47.624	2	3,4,5,6,7,8,9,16	57	3
2505	02:47.626	16	1,2,3,4,5	5	2
2506	02:47.632	8	2,3,4,5,6,7,9,10,11,12,13,14,15	82	1
2507	02:47.635	12	6,7,8,9,13,14,15	5	3
2508	02:47.665	16	1,2,3,4,5	58	2
2509	02:47.667	1	16	5	0
2510	02:47.710	1	16	57	0
2511	02:47.712	16	1,2,3,4,5	5	2
2512	02:47.749	16	1,2,3,4,5	66	2
2513	02:47.752	2	3,4,5,6,7,8,9,16	5	3
2514	02:47.968	15	8,9,10,11,12,13,14	57	3
2515	02:47.970	8	2,3,4,5,6,7,9,10,11,12,13,14,15	5	1
2516	02:48.001	8	2,3,4,5,6,7,9,10,11,12,13,14,15	66	1
2517	02:48.004	5	2,3,4,8,9,10,11,16	5	3
2518	02:48.013	5	2,3,4,8,9,10,11,16	66	3
2519	02:48.016	16	1,2,3,4,5	5	2
2520	02:48.027	16	1,2,3,4,5	58	2
2521	02:48.029	1	16	5	0
2522	02:48.038	1	16	73	0
2523	02:48.041	16	1,2,3,4,5	5	2
2524	02:48.053	16	1,2,3,4,5	82	2
2525	02:48.056	5	2,3,4,8,9,10,11,16	5	3
2526	02:48.062	5	2,3,4,8,9,10,11,16	82	3
2527	02:48.065	8	2,3,4,5,6,7,9,10,11,12,13,14,15	5	1
2528	02:48.093	8	2,3,4,5,6,7,9,10,11,12,13,14,15	82	1
2529	02:48.096	15	8,9,10,11,12,13,14	5	3
2530	02:48.248	4	2,3,5,7,8,9,10,11,16	102	4
2531	02:48.252	11	4,5,8,9,10,14,15	5	2
2532	02:48.354	14	7,8,9,10,11,12,13,15	57	4
2533	02:48.356	8	2,3,4,5,6,7,9,10,11,12,13,14,15	5	1
2534	02:48.397	8	2,3,4,5,6,7,9,10,11,12,13,14,15	66	1
2535	02:48.400	5	2,3,4,8,9,10,11,16	5	3
2536	02:48.404	5	2,3,4,8,9,10,11,16	66	3
2537	02:48.407	16	1,2,3,4,5	5	2
2538	02:48.436	16	1,2,3,4,5	58	2
2539	02:48.438	1	16	5	0
2540	02:48.446	1	16	73	0
2541	02:48.449	16	1,2,3,4,5	5	2
2542	02:48.492	16	1,2,3,4,5	82	2
2543	02:48.495	5	2,3,4,8,9,10,11,16	5	3
2544	02:48.525	5	2,3,4,8,9,10,11,16	82	3
2545	02:48.528	8	2,3,4,5,6,7,9,10,11,12,13,14,15	5	1
2546	02:48.534	8	2,3,4,5,6,7,9,10,11,12,13,14,15	82	1
2547	02:48.537	14	7,8,9,10,11,12,13,15	5	4
2548	02:48.723	6	2,3,7,8,9,12,13	57	2
2549	02:48.725	2	3,4,5,6,7,8,9,16	5	3
2550	02:48.736	2	3,4,5,6,7,8,9,16	66	3
2551	02:48.739	16	1,2,3,4,5	5	2
2552	02:48.781	16	1,2,3,4,5	58	2
2553	02:48.783	1	16	5	0
2554	02:48.786	1	16	65	0
2555	02:48.789	16	1,2,3,4,5	5	2
2556	02:48.818	16	1,2,3,4,5	74	2
2557	02:48.821	2	3,4,5,6,7,8,9,16	5	3
2558	02:48.832	2	3,4,5,6,7,8,9,16	74	3
2559	02:48.835	6	2,3,7,8,9,12,13	5	2
2560	02:48.951	9	2,3,4,5,6,7,8,10,11,12,13,14,15	57	1
2561	02:48.953	5	2,3,4,8,9,10,11,16	5	3
2562	02:48.995	5	2,3,4,8,9,10,11,16	66	3
2563	02:48.998	16	1,2,3,4,5	5	2
2564	02:49.019	16	1,2,3,4,5	58	2
2565	02:49.021	1	16	5	0
2566	02:49.024	1	16	65	0
2567	02:49.027	16	1,2,3,4,5	5	2
2568	02:49.043	16	1,2,3,4,5	74	2
2569	02:49.046	5	2,3,4,8,9,10,11,16	5	3
2570	02:49.060	5	2,3,4,8,9,10,11,16	74	3
2571	02:49.063	9	2,3,4,5,6,7,8,10,11,12,13,14,15	5	1
2572	02:51.235	10	3,4,5,7,8,9,11,13,14,15	57	2
2573	02:51.237	5	2,3,4,8,9,10,11,16	5	3
2574	02:51.262	5	2,3,4,8,9,10,11,16	66	3
2575	02:51.265	16	1,2,3,4,5	5	2
2576	02:51.297	16	1,2,3,4,5	58	2
2577	02:51.299	1	16	5	0
2578	02:51.307	1	16	65	0
2579	02:51.310	16	1,2,3,4,5	5	2
2580	02:51.345	16	1,2,3,4,5	74	2
2581	02:51.348	5	2,3,4,8,9,10,11,16	5	3
2582	02:51.376	5	2,3,4,8,9,10,11,16	74	3
2583	02:51.379	10	3,4,5,7,8,9,11,13,14,15	5	2
2584	02:53.064	11	4,5,8,9,10,14,15	57	2
2585	02:53.066	5	2,3,4,8,9,10,11,16	5	3
2586	02:53.109	5	2,3,4,8,9,10,11,16	66	3
2587	02:53.112	16	1,2,3,4,5	5	2
2588	02:53.123	3	2,4,5,6,7,8,9,10,16	57	4
2589	02:53.125	16	1,2,3,4,5	5	2
2590	02:53.134	16	1,2,3,4,5	58	2
2591	02:53.136	1	16	5	0
2592	02:53.169	16	1,2,3,4,5	58	2
2593	02:53.171	1	16	5	0
2594	02:53.175	1	16	65	0
2595	02:53.178	16	1,2,3,4,5	5	2
2596	02:53.196	16	1,2,3,4,5	74	2
2597	02:53.199	5	2,3,4,8,9,10,11,16	5	3
2598	02:53.221	1	-	57	1
2599	02:53.222	5	2,3,4,8,9,10,11	74	4
2600	02:53.225	11	4,5,8,9,10,14,15	5	2
2601	02:53.261	1	16	57	0
2602	02:53.263	16	1,2,3,4,5	5	2
2603	02:53.295	16	1,2,3,4,5	66	2
2604	02:53.298	3	2,4,5,6,7,8,9,10,16	5	4
2605	02:54.244	13	6,7,8,9,10,12,14,15	57	4
2606	02:54.246	8	2,3,4,5,6,7,9,10,11,12,13,14,15	5	1
2607	02:54.249	8	2,3,4,5,6,7,9,10,11,12,13,14,15	66	1
2608	02:54.252	5	2,3,4,8,9,10,11,16	5	3
2609	02:54.294	5	2,3,4,8,9,10,11,16	66	3
2610	02:54.297	16	1,2,3,4,5	5	2
2611	02:54.323	16	1,2,3,4,5	58	2
2612	02:54.325	1	16	5	0
2613	02:54.340	1	16	73	0
2614	02:54.343	16	1,2,3,4,5	5	2
2615	02:54.380	16	1,2,3,4,5	82	2
2616	02:54.383	5	2,3,4,8,9,10,11,16	5	3
2617	02:54.411	5	2,3,4,8,9,10,11,16	82	3
2618	02:54.414	8	2,3,4,5,6,7,9,10,11,12,13,14,15	5	1
2619	02:54.421	8	2,3,4,5,6,7,9,10,11,12,13,14,15	82	1
2620	02:54.424	13	6,7,8,9,10,12,14,15	5	4
2621	02:54.551	7	2,3,4,6,8,9,10,12,13,14	57	2
2622	02:54.553	2	3,4,5,6,7,8,9,16	5	3
2623	02:54.556	2	3,4,5,6,7,8,9,16	66	3
2624	02:54.559	16	1,2,3,4,5	5	2
2625	02:54.599	16	1,2,3,4,5	58	2
2626	02:54.601	1	16	5	0
2627	02:54.637	1	16	65	0
2628	02:54.640	16	1,2,3,4,5	5	2
2629	02:54.648	16	1,2,3,4,5	74	2
2630	02:54.651	2	3,4,5,6,7,8,9,16	5	3
2631	02:54.668	2	3,4,5,6,7,8,9,16	74	3
2632	02:54.671	7	2,3,4,6,8,9,10,12,13,14	5	2
2633	02:55.025	5	2,3,4,8,9,10,11,16	57	3
2634	02:55.027	16	1,2,3,4,5	5	2
2635	02:55.038	16	1,2,3,4,5	58	2
2636	02:55.040	1	16	5	0
2637	02:55.075	1	16	57	0
2638	02:55.077	16	1,2,3,4,5	5	2
2639	02:55.111	16	1,2,3,4,5	66	2
2640	02:55.114	5	2,3,4,8,9,10,11,16	5	3
2641	02:55.299	4	2,3,5,7,8,9,10,11,16	57	4
2642	02:55.301	16	1,2,3,4,5	5	2
2643	02:55.311	16	1,2,3,4,5	58	2
2644	02:55.313	1	16	5	0
2645	02:55.323	1	16	57	0
2646	02:55.325	16	1,2,3,4,5	5	2
2647	02:55.328	16	1,2,3,4,5	66	2
2648	02:55.331	4	2,3,5,7,8,9,10,11,16	5	4
2649	02:56.994	8	2,3,4,5,6,7,9,10,11,12,13,14,15	57	1
2650	02:56.996	5	2,3,4,8,9,10,11,16	5	3
2651	02:57.012	5	2,3,4,8,9,10,11,16	66	3
2652	02:57.015	16	1,2,3,4,5	5	2
2653	02:57.018	16	1,2,3,4,5	58	2
2654	02:57.020	1	16	5	0
2655	02:57.062	1	16	65	0
2656	02:57.065	16	1,2,3,4,5	5	2
2657	02:57.107	16	1,2,3,4,5	74	2
2658	02:57.110	5	2,3,4,8,9,10,11,16	5	3
2659	02:57.142	5	2,3,4,8,9,10,11,16	74	3
2660	02:57.145	8	2,3,4,5,6,7,9,10,11,12,13,14,15	5	1
2661	02:57.476	15	8,9,10,11,12,13,14	57	3
2662	02:57.478	8	2,3,4,5,6,7,9,10,11,12,13,14,15	5	1
2663	02:57.509	8	2,3,4,5,6,7,9,10,11,12,13,14,15	66	1
2664	02:57.512	5	2,3,4,8,9,10,11,16	5	3
2665	02:57.524	5	2,3,4,8,9,10,11,16	66	3
2666	02:57.527	16	1,2,3,4,5	5	2
2667	02:57.557	16	1,2,3,4,5	58	2
2668	02:57.559	1	16	5	0
2669	02:57.559	12	6,7,8,9,13,14,15	57	3
2670	02:57.561	8	2,3,4,5,6,7,9,10,11,12,13,14,15	5	1
2671	02:57.565	8	2,3,4,5,6,7,9,10,11,12,13,14,15	66	1
2672	02:57.568	5	2,3,4,8,9,10,11,16	5	3
2673	02:57.571	5	2,3,4,8,9,10,11,16	66	3
2674	02:57.574	16	1,2,3,4,5	5	2
2675	02:57.588	16	1,2,3,4,5	58	2
2676	02:57.590	1	16	5	0
2677	02:57.594	1	16	73	0
2678	02:57.597	16	1,2,3,4,5	5	2
2679	02:57.598	14	7,8,9,10,11,12,13,15	57	4
2680	02:57.600	8	2,3,4,5,6,7,9,10,11,12,13,14,15	5	1
2681	02:57.608	1	16	73	0
2682	02:57.611	16	1,2,3,4,5	5	2
2683	02:57.624	16	1,2,3,4,5	82	2
2684	02:57.627	5	2,3,4,8,9,10,11,16	5	3
2685	02:57.632	16	1,2,3,4,5	82	2
2686	02:57.635	5	2,3,4,8,9,10,11,16	5	3
2687	02:57.643	5	2,3,4,8,9,10,11,16	82	3
2688	02:57.646	8	2,3,4,5,6,7,9,10,11,12,13,14,15	5	1
2689	02:57.650	5	2,3,4,8,9,10,11,16	82	3
2690	02:57.653	8	2,3,4,5,6,7,9,10,11,12,13,14,15	5	1
2691	02:57.668	8	2,3,4,5,6,7,9,10,11,12,13,14,15	82	1
2692	02:57.671	15	8,9,10,11,12,13,14	5	3
2693	02:57.719	8	2,3,4,5,6,7,9,10,11,12,13,14,15	66	1
2694	02:57.722	5	2,3,4,8,9,10,11,16	5	3
2695	02:57.749	5	2,3,4,8,9,10,11,16	66	3
2696	02:57.752	16	1,2,3,4,5	5	2
2697	02:57.759	16	1,2,3,4,5	58	2
2698	02:57.761	1	16	5	0
2699	02:57.767	1	16	73	0
2700	02:57.770	16	1,2,3,4,5	5	2
2701	02:57.776	16	1,2,3,4,5	82	2
2702	02:57.779	5	2,3,4,8,9,10,11,16	5	3
2703	02:57.792	5	2,3,4,8,9,10,11,16	82	3
2704	02:57.795	8	2,3,4,5,6,7,9,10,11,12,13,14,15	5	1
2705	02:57.820	8	2,3,4,5,6,7,9,10,11,12,13,14,15	82	1
2706	02:57.823	14	7,8,9,10,11,12,13,15	5	4
2707	02:58.330	9	2,3,4,5,6,7,8,10,11,12,13,14,15	57	1
2708	02:58.332	5	2,3,4,8,9,10,11,16	5	3
2709	02:58.344	5	2,3,4,8,9,10,11,16	66	3
2710	02:58.347	16	1,2,3,4,5	5	2
2711	02:58.360	16	1,2,3,4,5	58	2
2712	02:58.362	1	16	5	0
2713	02:58.365	1	16	65	0
2714	02:58.368	16	1,2,3,4,5	5	2
2715	02:58.390	16	1,2,3,4,5	74	2
2716	02:58.393	5	2,3,4,8,9,10,11,16	5	3
2717	02:58.412	5	2,3,4,8,9,10,11,16	74	3
2718	02:58.415	9	2,3,4,5,6,7,8,10,11,12,13,14,15	5	1
2719	02:58.454	2	3,4,5,6,7,8,9,16	57	3
2720	02:58.456	16	1,2,3,4,5	5	2
2721	02:58.499	16	1,2,3,4,5	58	2
2722	02:58.501	1	16	5	0
2723	02:58.539	1	16	57	0
2724	02:58.541	16	1,2,3,4,5	5	2
2725	02:58.545	16	1,2,3,4,5	66	2
2726	02:58.548	2	3,4,5,6,7,8,9,16	5	3
2727	02:58.846	6	2,3,7,8,9,12,13	57	2
2728	02:58.848	2	3,4,5,6,7,8,9,16	5	3
2729	02:58.874	2	3,4,5,6,7,8,9,16	66	3
2730	02:58.877	16	1,2,3,4,5	5	2
2731	02:58.884	16	1,2,3,4,5	58	2
2732	02:58.886	1	16	5	0
2733	02:58.901	1	16	65	0
2734	02:58.904	16	1,2,3,4,5	5	2
2735	02:58.909	16	1,2,3,4,5	74	2
2736	02:58.912	2	3,4,5,6,7,8,9,16	5	3
2737	02:58.952	2	3,4,5,6,7,8,9,16	74	3
2738	02:58.955	6	2,3,7,8,9,12,13	5	2
2739	03:00.429	5	2,3,4,8,9,10,11,16	102	3
2740	03:00.433	2	3,4,5,6,7,8,9,16	5	3
2741	03:01.561	10	3,4,5,7,8,9,11,13,14,15	57	2
2742	03:01.563	5	2,3,4,8,9,10,11,16	5	3
2743	03:01.583	5	2,3,4,8,9,10,11,16	66	3
2744	03:01.586	16	1,2,3,4,5	5	2
2745	03:01.614	16	1,2,3,4,5	58	2
2746	03:01.616	1	16	5	0
2747	03:01.648	1	16	65	0
2748	03:01.651	16	1,2,3,4,5	5	2
2749	03:01.684	16	1,2,3,4,5	74	2
2750	03:01.687	5	2,3,4,8,9,10,11,16	5	3
2751	03:01.728	5	2,3,4,8,9,10,11,16	74	3
2752	03:01.731	10	3,4,5,7,8,9,11,13,14,15	5	2
2753	03:02.223	11	4,5,8,9,10,14,15	57	2
2754	03:02.225	5	2,3,4,8,9,10,11,16	5	3
2755	03:02.260	5	2,3,4,8,9,10,11,16	66	3
2756	03:02.263	16	1,2,3,4,5	5	2
2757	03:02.280	16	1,2,3,4,5	58	2
2758	03:02.282	1	16	5	0
2759	03:02.288	1	16	65	0
2760	03:02.291	16	1,2,3,4,5	5	2
2761	03:02.300	16	1,2,3,4,5	74	2
2762	03:02.303	5	2,3,4,8,9,10,11,16	5	3
2763	03:02.308	5	2,3,4,8,9,10,11,16	74	3
2764	03:02.311	11	4,5,8,9,10,14,15	5	2
2765	03:02.454	9	2,3,4,5,6,7,8,10,11,12,13,14,15	102	1
2766	03:02.458	2	3,4,5,6,7,8,9,16	5	3
2767	03:03.489	3	2,4,5,6,7,8,9,10,16	57	4
2768	03:03.491	16	1,2,3,4,5	5	2
2769	03:03.520	16	1,2,3,4,5	58	2
2770	03:03.522	1	16	5	0
2771	03:03.550	1	16	57	0
2772	03:03.552	16	1,2,3,4,5	5	2
2773	03:03.577	16	1,2,3,4,5	66	2
2774	03:03.580	3	2,4,5,6,7,8,9,10,16	5	4
2775	03:03.851	12	6,7,8,9,13,14,15	102	3
2776	03:03.855	9	2,3,4,5,6,7,8,10,11,12,13,14,15	5	1
2777	03:04.476	5	2,3,4,8,9,10,11,16	57	3
2778	03:04.478	16	1,2,3,4,5	5	2
2779	03:04.496	16	1,2,3,4,5	58	2
2780	03:04.498	1	16	5	0
2781	03:04.515	1	16	57	0
2782	03:04.517	16	1,2,3,4,5	5	2
2783	03:04.539	16	1,2,3,4,5	66	2
2784	03:04.542	5	2,3,4,8,9,10,11,16	5	3
2785	03:04.691	13	6,7,8,9,10,12,14,15	57	4
2786	03:04.693	8	2,3,4,5,6,7,9,10,11,12,13,14,15	5	1
2787	03:04.733	8	2,3,4,5,6,7,9,10,11,12,13,14,15	66	1
2788	03:04.736	5	2,3,4,8,9,10,11,16	5	3
2789	03:04.763	5	2,3,4,8,9,10,11,16	66	3
2790	03:04.766	16	1,2,3,4,5	5	2
2791	03:04.787	16	1,2,3,4,5	58	2
2792	03:04.789	1	16	5	0
2793	03:04.801	1	16	73	0
2794	03:04.804	16	1,2,3,4,5	5	2
2795	03:04.817	16	1,2,3,4,5	82	2
2796	03:04.820	5	2,3,4,8,9,10,11,16	5	3
2797	03:04.859	5	2,3,4,8,9,10,11,16	82	3
2798	03:04.862	8	2,3,4,5,6,7,9,10,11,12,13,14,15	5	1
2799	03:04.869	8	2,3,4,5,6,7,9,10,11,12,13,14,15	82	1
2800	03:04.872	13	6,7,8,9,10,12,14,15	5	4
2801	03:05.362	7	2,3,4,6,8,9,10,12,13,14	57	2
2802	03:05.364	2	3,4,5,6,7,8,9,16	5	3
2803	03:05.395	2	3,4,5,6,7,8,9,16	66	3
2804	03:05.398	16	1,2,3,4,5	5	2
2805	03:05.417	16	1,2,3,4,5	58	2
2806	03:05.419	1	16	5	0
2807	03:05.432	4	2,3,5,7,8,9,10,11,16	57	4
2808	03:05.434	16	1,2,3,4,5	5	2
2809	03:05.449	1	16	65	0
2810	03:05.452	16	1,2,3,4,5	5	2
2811	03:05.457	16	1,2,3,4,5	74	2
2812	03:05.460	2	3,4,5,6,7,8,9,16	5	3
2813	03:05.467	16	1,2,3,4,5	58	2
2814	03:05.469	1	16	5	0
2815	03:05.481	1	16	57	0
2816	03:05.483	16	1,2,3,4,5	5	2
2817	03:05.499	2	3,4,5,6,7,8,9,16	74	3
2818	03:05.502	7	2,3,4,6,8,9,10,12,13,14	5	2
2819	03:05.517	16	1,2,3,4,5	66	2
2820	03:05.520	4	2,3,5,7,8,9,10,11,16	5	4
2821	03:06.097	8	2,3,4,5,6,7,9,10,11,12,13,14,15	57	1
2822	03:06.099	5	2,3,4,8,9,10,11,16	5	3
2823	03:06.138	5	2,3,4,8,9,10,11,16	66	3
2824	03:06.141	16	1,2,3,4,5	5	2
2825	03:06.152	16	1,2,3,4,5	58	2
2826	03:06.154	1	16	5	0
2827	03:06.183	1	16	65	0
2828	03:06.186	16	1,2,3,4,5	5	2
2829	03:06.222	16	1,2,3,4,5	74	2
2830	03:06.225	5	2,3,4,8,9,10,11,16	5	3
2831	03:06.249	5	2,3,4,8,9,10,11,16	74	3
2832	03:06.252	8	2,3,4,5,6,7,9,10,11,12,13,14,15	5	1
2833	03:06.689	15	8,9,10,11,12,13,14	57	3
2834	03:06.691	8	2,3,4,5,6,7,9,10,11,12,13,14,15	5	1
2835	03:06.704	8	2,3,4,5,6,7,9,10,11,12,13,14,15	66	1
2836	03:06.707	5	2,3,4,8,9,10,11,16	5	3
2837	03:06.738	5	2,3,4,8,9,10,11,16	66	3
2838	03:06.741	16	1,2,3,4,5	5	2
2839	03:06.756	16	1,2,3,4,5	58	2
2840	03:06.758	1	16	5	0
2841	03:06.773	1	16	73	0
2842	03:06.776	16	1,2,3,4,5	5	2
2843	03:06.790	16	1,2,3,4,5	82	2
2844	03:06.793	5	2,3,4,8,9,10,11,16	5	3
2845	03:06.809	5	2,3,4,8,9,10,11,16	82	3
2846	03:06.812	8	2,3,4,5,6,7,9,10,11,12,13,14,15	5	1
2847	03:06.825	8	2,3,4,5,6,7,9,10,11,12,13,14,15	82	1
2848	03:06.828	15	8,9,10,11,12,13,14	5	3
2849	03:06.880	14	7,8,9,10,11,12,13,15	57	4
2850	03:06.882	8	2,3,4,5,6,7,9,10,11,12,13,14,15	5	1
2851	03:06.885	8	2,3,4,5,6,7,9,10,11,12,13,14,15	66	1
2852	03:06.888	5	2,3,4,8,9,10,11,16	5	3
2853	03:06.916	5	2,3,4,8,9,10,11,16	66	3
2854	03:06.919	16	1,2,3,4,5	5	2
2855	03:06.923	16	1,2,3,4,5	58	2
2856	03:06.925	1	16	5	0
2857	03:06.953	1	16	73	0
2858	03:06.956	16	1,2,3,4,5	5	2
2859	03:06.980	16	1,2,3,4,5	82	2
2860	03:06.983	5	2,3,4,8,9,10,11,16	5	3
2861	03:07.021	5	2,3,4,8,9,10,11,16	82	3
2862	03:07.024	8	2,3,4,5,6,7,9,10,11,12,13,14,15	5	1
2863	03:07.035	8	2,3,4,5,6,7,9,10,11,12,13,14,15	82	1
2864	03:07.038	14	7,8,9,10,11,12,13,15	5	4
2865	03:08.381	12	6,7,8,9,13,14,15	57	3
2866	03:08.383	8	2,3,4,5,6,7,9,10,11,12,13,14,15	5	1
2867	03:08.404	9	2,3,4,5,6,7,8,10,11,12,13,14,15	57	1
2868	03:08.406	5	2,3,4,8,9,10,11,16	5	3
2869	03:08.415	8	2,3,4,5,6,7,9,10,11,12,13,14,15	66	1
2870	03:08.418	5	2,3,4,8,9,10,11,16	5	3
2871	03:08.427	5	2,3,4,8,9,10,11,16	66	3
2872	03:08.430	16	1,2,3,4,5	5	2
2873	03:08.435	5	2,3,4,8,9,10,11,16	66	3
2874	03:08.438	16	1,2,3,4,5	5	2
2875	03:08.452	16	1,2,3,4,5	58	2
2876	03:08.454	1	16	5	0
2877	03:08.474	16	1,2,3,4,5	58	2
2878	03:08.476	1	16	5	0
2879	03:08.484	1	16	65	0
2880	03:08.487	16	1,2,3,4,5	5	2
2881	03:08.497	1	16	73	0
2882	03:08.500	16	1,2,3,4,5	5	2
2883	03:08.518	16	1,2,3,4,5	74	2
2884	03:08.521	5	2,3,4,8,9,10,11,16	5	3
2885	03:08.551	5	2,3,4,8,9,10,11,16	74	3
2886	03:08.554	9	2,3,4,5,6,7,8,10,11,12,13,14,15	5	1
2887	03:08.560	16	1,2,3,4,5	82	2
2888	03:08.563	5	2,3,4,8,9,10,11,16	5	3
2889	03:08.589	5	2,3,4,8,9,10,11,16	82	3
2890	03:08.592	8	2,3,4,5,6,7,9,10,11,12,13,14,15	5	1
2891	03:08.599	8	2,3,4,5,6,7,9,10,11,12,13,14,15	82	1
2892	03:08.602	12	6,7,8,9,13,14,15	5	3
2893	03:09.005	6	2,3,7,8,9,12,13	57	2
2894	03:09.007	2	3,4,5,6,7,8,9,16	5	3
2895	03:09.045	2	3,4,5,6,7,8,9,16	66	3
2896	03:09.048	16	1,2,3,4,5	5	2
2897	03:09.068	16	1,2,3,4,5	58	2
2898	03:09.070	1	16	5	0
2899	03:09.090	1	16	65	0
2900	03:09.093	16	1,2,3,4,5	5	2
2901	03:09.115	16	1,2,3,4,5	74	2
2902	03:09.118	2	3,4,5,6,7,8,9,16	5	3
2903	03:09.132	2	3,4,5,6,7,8,9,16	74	3
2904	03:09.135	6	2,3,7,8,9,12,13	5	2
2905	03:09.145	2	3,4,5,6,7,8,9,16	57	3
2906	03:09.147	16	1,2,3,4,5	5	2
2907	03:09.186	16	1,2,3,4,5	58	2
2908	03:09.188	1	16	5	0
2909	03:09.207	1	16	57	0
2910	03:09.209	16	1,2,3,4,5	5	2
2911	03:09.212	16	1,2,3,4,5	66	2
2912	03:09.215	2	3,4,5,6,7,8,9,16	5	3
2913	03:10.549	10	3,4,5,7,8,9,11,13,14,15	57	2
2914	03:10.551	5	2,3,4,8,9,10,11,16	5	3
2915	03:10.577	5	2,3,4,8,9,10,11,16	66	3
2916	03:10.580	16	1,2,3,4,5	5	2
2917	03:10.616	16	1,2,3,4,5	58	2
2918	03:10.618	1	16	5	0
2919	03:10.624	6	2,3,7,8,9,12,13	102	2
2920	03:10.628	3	2,4,5,6,7,8,9,10,16	5	4
2921	03:10.652	1	16	65	0
2922	03:10.655	16	1,2,3,4,5	5	2
2923	03:10.665	16	1,2,3,4,5	74	2
2924	03:10.668	5	2,3,4,8,9,10,11,16	5	3
2925	03:10.708	5	2,3,4,8,9,10,11,16	74	3
2926	03:10.711	10	3,4,5,7,8,9,11,13,14,15	5	2
2927	03:12.356	8	2,3,4,5,6,7,9,10,11,12,13,14,15	102	1
2928	03:12.360	4	2,3,5,7,8,9,10,11,16	5	4
2929	03:12.843	14	7,8,9,10,11,12,13,15	102	4
2930	03:12.847	11	4,5,8,9,10,14,15	5	2
2931	03:13.122	11	4,5,8,9,10,14,15	57	2
2932	03:13.124	5	2,3,4,8,9,10,11,16	5	3
2933	03:13.150	5	2,3,4,8,9,10,11,16	66	3
2934	03:13.153	16	1,2,3,4,5	5	2
2935	03:13.172	16	1,2,3,4,5	58	2
2936	03:13.174	1	16	5	0
2937	03:13.190	1	16	65	0
2938	03:13.193	16	1,2,3,4,5	5	2
2939	03:13.211	16	1,2,3,4,5	74	2
2940	03:13.214	5	2,3,4,8,9,10,11,16	5	3
2941	03:13.226	5	2,3,4,8,9,10,11,16	74	3
2942	03:13.229	11	4,5,8,9,10,14,15	5	2
2943	03:13.510	3	2,4,5,6,7,8,9,10,16	57	4
2944	03:13.512	16	1,2,3,4,5	5	2
2945	03:13.547	16	1,2,3,4,5	58	2
2946	03:13.549	1	16	5	0
2947	03:13.577	1	16	57	0
2948	03:13.579	16	1,2,3,4,5	5	2
2949	03:13.601	16	1,2,3,4,5	66	2
2950	03:13.604	3	2,4,5,6,7,8,9,10,16	5	4
2951	03:14.360	13	6,7,8,9,10,12,14,15	57	4
2952	03:14.362	8	2,3,4,5,6,7,9,10,11,12,13,14,15	5	1
2953	03:14.372	8	2,3,4,5,6,7,9,10,11,12,13,14,15	66	1
2954	03:14.375	5	2,3,4,8,9,10,11,16	5	3
2955	03:14.389	5	2,3,4,8,9,10,11,16	66	3
2956	03:14.392	16	1,2,3,4,5	5	2
2957	03:14.397	16	1,2,3,4,5	58	2
2958	03:14.399	1	16	5	0
2959	03:14.407	1	16	73	0
2960	03:14.410	16	1,2,3,4,5	5	2
2961	03:14.431	16	1,2,3,4,5	82	2
2962	03:14.434	5	2,3,4,8,9,10,11,16	5	3
2963	03:14.470	5	2,3,4,8,9,10,11,16	82	3
2964	03:14.473	8	2,3,4,5,6,7,9,10,11,12,13,14,15	5	1
2965	03:14.487	8	2,3,4,5,6,7,9,10,11,12,13,14,15	82	1
2966	03:14.490	13	6,7,8,9,10,12,14,15	5	4
2967	03:15.194	5	2,3,4,8,9,10,11,16	57	3
2968	03:15.196	16	1,2,3,4,5	5	2
2969	03:15.199	16	1,2,3,4,5	58	2
2970	03:15.202	1	16	5	0
2971	03:15.223	1	16	57	0
2972	03:15.225	16	1,2,3,4,5	5	2
2973	03:15.232	16	1,2,3,4,5	66	2
2974	03:15.235	5	2,3,4,8,9,10,11,16	5	3
2975	03:15.457	7	2,3,4,6,8,9,10,12,13,14	57	2
2976	03:15.459	2	3,4,5,6,7,8,9,16	5	3
2977	03:15.501	2	3,4,5,6,7,8,9,16	66	3
2978	03:15.504	16	1,2,3,4,5	5	2
2979	03:15.529	16	1,2,3,4,5	58	2
2980	03:15.531	1	16	5	0
2981	03:15.546	1	16	65	0
2982	03:15.549	16	1,2,3,4,5	5	2
2983	03:15.569	16	1,2,3,4,5	74	2
2984	03:15.572	2	3,4,5,6,7,8,9,16	5	3
2985	03:15.584	2	3,4,5,6,7,8,9,16	74	3
2986	03:15.587	7	2,3,4,6,8,9,10,12,13,14	5	2
2987	03:16.055	14	7,8,9,10,11,12,13,15	57	4
2988	03:16.057	8	2,3,4,5,6,7,9,10,11,12,13,14,15	5	1
2989	03:16.096	8	2,3,4,5,6,7,9,10,11,12,13,14,15	66	1
2990	03:16.099	5	2,3,4,8,9,10,11,16	5	3
2991	03:16.103	5	2,3,4,8,9,10,11,16	66	3
2992	03:16.106	16	1,2,3,4,5	5	2
2993	03:16.143	16	1,2,3,4,5	58	2
2994	03:16.145	1	16	5	0
2995	03:16.163	1	16	73	0
2996	03:16.166	16	1,2,3,4,5	5	2
2997	03:16.169	16	1,2,3,4,5	82	2
2998	03:16.172	5	2,3,4,8,9,10,11,16	5	3
2999	03:16.205	5	2,3,4,8,9,10,11,16	82	3
3000	03:16.208	8	2,3,4,5,6,7,9,10,11,12,13,14,15	5	1
3001	03:16.245	8	2,3,4,5,6,7,9,10,11,12,13,14,15	82	1
3002	03:16.248	14	7,8,9,10,11,12,13,15	5	4
3003	03:16.315	4	2,3,5,7,8,9,10,11,16	57	4
3004	03:16.317	16	1,2,3,4,5	5	2
3005	03:16.323	16	1,2,3,4,5	58	2
3006	03:16.325	1	16	5	0
3007	03:16.338	1	16	57	0
3008	03:16.340	16	1,2,3,4,5	5	2
3009	03:16.372	16	1,2,3,4,5	66	2
3010	03:16.375	4	2,3,5,7,8,9,10,11,16	5	4
3011	03:16.540	8	2,3,4,5,6,7,9,10,11,12,13,14,15	57	1
3012	03:16.542	5	2,3,4,8,9,10,11,16	5	3
3013	03:16.571	5	2,3,4,8,9,10,11,16	66	3
3014	03:16.574	16	1,2,3,4,5	5	2
3015	03:16.605	16	1,2,3,4,5	58	2
3016	03:16.607	1	16	5	0
3017	03:16.621	1	16	65	0
3018	03:16.624	16	1,2,3,4,5	5	2
3019	03:16.646	16	1,2,3,4,5	74	2
3020	03:16.649	5	2,3,4,8,9,10,11,16	5	3
3021	03:16.654	5	2,3,4,8,9,10,11,16	74	3
3022	03:16.657	8	2,3,4,5,6,7,9,10,11,12,13,14,15	5	1
3023	03:17.298	15	8,9,10,11,12,13,14	57	3
3024	03:17.300	8	2,3,4,5,6,7,9,10,11,12,13,14,15	5	1
3025	03:17.311	8	2,3,4,5,6,7,9,10,11,12,13,14,15	66	1
3026	03:17.314	5	2,3,4,8,9,10,11,16	5	3
3027	03:17.330	5	2,3,4,8,9,10,11,16	66	3
3028	03:17.333	16	1,2,3,4,5	5	2
3029	03:17.358	16	1,2,3,4,5	58	2
3030	03:17.360	1	16	5	0
3031	03:17.378	1	16	73	0
3032	03:17.381	16	1,2,3,4,5	5	2
3033	03:17.392	16	1,2,3,4,5	82	2
3034	03:17.395	5	2,3,4,8,9,10,11,16	5	3
3035	03:17.428	5	2,3,4,8,9,10,11,16	82	3
3036	03:17.431	8	2,3,4,5,6,7,9,10,11,12,13,14,15	5	1
3037	03:17.434	8	2,3,4,5,6,7,9,10,11,12,13,14,15	82	1
3038	03:17.438	15	8,9,10,11,12,13,14	5	3
3039	03:18.851	12	6,7,8,9,13,14,15	57	3
3040	03:18.853	8	2,3,4,5,6,7,9,10,11,12,13,14,15	5	1
3041	03:18.896	8	2,3,4,5,6,7,9,10,11,12,13,14,15	66	1
3042	03:18.899	5	2,3,4,8,9,10,11,16	5	3
3043	03:18.941	5	2,3,4,8,9,10,11,16	66	3
3044	03:18.944	16	1,2,3,4,5	5	2
3045	03:18.947	16	1,2,3,4,5	58	2
3046	03:18.949	1	16	5	0
3047	03:18.980	1	16	73	0
3048	03:18.983	16	1,2,3,4,5	5	2
3049	03:19.000	16	1,2,3,4,5	82	2
3050	03:19.003	5	2,3,4,8,9,10,11,16	5	3
3051	03:19.043	5	2,3,4,8,9,10,11,16	82	3
3052	03:19.046	8	2,3,4,5,6,7,9,10,11,12,13,14,15	5	1
3053	03:19.073	8	2,3,4,5,6,7,9,10,11,12,13,14,15	82	1
3054	03:19.076	12	6,7,8,9,13,14,15	5	3
3055	03:19.125	9	2,3,4,5,6,7,8,10,11,12,13,14,15	57	1
3056	03:19.127	5	2,3,4,8,9,10,11,16	5	3
3057	03:19.148	5	2,3,4,8,9,10,11,16	66	3
3058	03:19.151	16	1,2,3,4,5	5	2
3059	03:19.161	16	1,2,3,4,5	58	2
3060	03:19.163	1	16	5	0
3061	03:19.197	6	2,3,7,8,9,12,13	57	2
3062	03:19.199	2	3,4,5,6,7,8,9,16	5	3
3063	03:19.206	1	16	65	0
3064	03:19.209	16	1,2,3,4,5	5	2
3065	03:19.225	2	3,4,5,6,7,8,9,16	66	3
3066	03:19.228	16	1,2,3,4,5	5	2
3067	03:19.252	16	1,2,3,4,5	58	2
3068	03:19.254	1	16	5	0
3069	03:19.266	16	1,2,3,4,5	74	2
3070	03:19.269	5	2,3,4,8,9,10,11,16	5	3
3071	03:19.283	1	16	65	0
3072	03:19.286	16	1,2,3,4,5	5	2
3073	03:19.308	5	2,3,4,8,9,10,11,16	74	3
3074	03:19.311	9	2,3,4,5,6,7,8,10,11,12,13,14,15	5	1
3075	03:19.319	16	1,2,3,4,5	74	2
3076	03:19.322	2	3,4,5,6,7,8,9,16	5	3
3077	03:19.360	2	3,4,5,6,7,8,9,16	74	3
3078	03:19.363	6	2,3,7,8,9,12,13	5	2
3079	03:19.755	2	3,4,5,6,7,8,9,16	57	3
3080	03:19.757	16	1,2,3,4,5	5	2
3081	03:19.761	16	1,2,3,4,5	58	2
3082	03:19.763	1	16	5	0
3083	03:19.791	1	16	57	0
3084	03:19.793	16	1,2,3,4,5	5	2
3085	03:19.832	16	1,2,3,4,5	66	2
3086	03:19.835	2	3,4,5,6,7,8,9,16	5	3
3087	03:21.231	10	3,4,5,7,8,9,11,13,14,15	57	2
3088	03:21.233	5	2,3,4,8,9,10,11,16	5	3
3089	03:21.263	5	2,3,4,8,9,10,11,16	66	3
3090	03:21.266	16	1,2,3,4,5	5	2
3091	03:21.275	16	1,2,3,4,5	58	2
3092	03:21.277	1	16	5	0
3093	03:21.318	1	16	65	0
3094	03:21.321	16	1,2,3,4,5	5	2
3095	03:21.329	16	1,2,3,4,5	74	2
3096	03:21.332	5	2,3,4,8,9,10,11,16	5	3
3097	03:21.338	5	2,3,4,8,9,10,11,16	74	3
3098	03:21.341	10	3,4,5,7,8,9,11,13,14,15	5	2
3099	03:21.747	13	6,7,8,9,10,12,14,15	102	4
3100	03:21.751	10	3,4,5,7,8,9,11,13,14,15	5	2
3101	03:22.827	11	4,5,8,9,10,14,15	57	2
3102	03:22.829	5	2,3,4,8,9,10,11,16	5	3
3103	03:22.847	5	2,3,4,8,9,10,11,16	66	3
3104	03:22.850	16	1,2,3,4,5	5	2
3105	03:22.877	16	1,2,3,4,5	58	2
3106	03:22.879	1	16	5	0
3107	03:22.885	1	16	65	0
3108	03:22.888	16	1,2,3,4,5	5	2
3109	03:22.895	16	1,2,3,4,5	74	2
3110	03:22.898	5	2,3,4,8,9,10,11,16	5	3
3111	03:22.929	5	2,3,4,8,9,10,11,16	74	3
3112	03:22.932	11	4,5,8,9,10,14,15	5	2
3113	03:23.855	13	6,7,8,9,10,12,14,15	57	4
3114	03:23.857	8	2,3,4,5,6,7,9,10,11,12,13,14,15	5	1
3115	03:23.884	8	2,3,4,5,6,7,9,10,11,12,13,14,15	66	1
3116	03:23.887	5	2,3,4,8,9,10,11,16	5	3
3117	03:23.929	5	2,3,4,8,9,10,11,16	66	3
3118	03:23.932	16	1,2,3,4,5	5	2
3119	03:23.940	16	1,2,3,4,5	58	2
3120	03:23.942	1	16	5	0
3121	03:23.955	1	16	73	0
3122	03:23.958	16	1,2,3,4,5	5	2
3123	03:24.001	16	1,2,3,4,5	82	2
3124	03:24.004	5	2,3,4,8,9,10,11,16	5	3
3125	03:24.010	5	2,3,4,8,9,10,11,16	82	3
3126	03:24.013	8	2,3,4,5,6,7,9,10,11,12,13,14,15	5	1
3127	03:24.046	8	2,3,4,5,6,7,9,10,11,12,13,14,15	82	1
3128	03:24.049	13	6,7,8,9,10,12,14,15	5	4
3129	03:24.443	3	2,4,5,6,7,8,9,10,16	57	4
3130	03:24.445	16	1,2,3,4,5	5	2
3131	03:24.448	16	1,2,3,4,5	58	2
3132	03:24.451	1	16	5	0
3133	03:24.468	1	16	57	0
3134	03:24.470	16	1,2,3,4,5	5	2
3135	03:24.478	16	1,2,3,4,5	66	2
3136	03:24.481	3	2,4,5,6,7,8,9,10,16	5	4
3137	03:24.541	7	2,3,4,6,8,9,10,12,13,14	57	2
3138	03:24.543	2	3,4,5,6,7,8,9,16	5	3
3139	03:24.576	5	2,3,4,8,9,10,11,16	57	3
3140	03:24.578	16	1,2,3,4,5	5	2
3141	03:24.584	2	3,4,5,6,7,8,9,16	66	3
3142	03:24.587	16	1,2,3,4,5	5	2
3143	03:24.605	16	1,2,3,4,5	58	2
3144	03:24.607	1	16	5	0
3145	03:24.610	1	16	57	0
3146	03:24.613	16	1,2,3,4,5	5	2
3147	03:24.634	16	1,2,3,4,5	66	2
3148	03:24.637	5	2,3,4,8,9,10,11,16	5	3
3149	03:24.647	16	1,2,3,4,5	58	2
3150	03:24.649	1	16	5	0
3151	03:24.666	1	16	65	0
3152	03:24.669	16	1,2,3,4,5	5	2
3153	03:24.711	16	1,2,3,4,5	74	2
3154	03:24.714	2	3,4,5,6,7,8,9,16	5	3
3155	03:24.739	2	3,4,5,6,7,8,9,16	74	3
3156	03:24.742	7	2,3,4,6,8,9,10,12,13,14	5	2
3157	03:25.152	14	7,8,9,10,11,12,13,15	57	4
3158	03:25.154	8	2,3,4,5,6,7,9,10,11,12,13,14,15	5	1
3159	03:25.174	8	2,3,4,5,6,7,9,10,11,12,13,14,15	66	1
3160	03:25.177	5	2,3,4,8,9,10,11,16	5	3
3161	03:25.183	5	2,3,4,8,9,10,11,16	66	3
3162	03:25.186	16	1,2,3,4,5	5	2
3163	03:25.220	16	1,2,3,4,5	58	2
3164	03:25.222	1	16	5	0
3165	03:25.226	1	16	73	0
3166	03:25.229	16	1,2,3,4,5	5	2
3167	03:25.242	16	1,2,3,4,5	82	2
3168	03:25.245	5	2,3,4,8,9,10,11,16	5	3
3169	03:25.274	5	2,3,4,8,9,10,11,16	82	3
3170	03:25.277	8	2,3,4,5,6,7,9,10,11,12,13,14,15	5	1
3171	03:25.288	8	2,3,4,5,6,7,9,10,11,12,13,14,15	82	1
3172	03:25.291	14	7,8,9,10,11,12,13,15	5	4
3173	03:25.433	4	2,3,5,7,8,9,10,11,16	57	4
3174	03:25.435	16	1,2,3,4,5	5	2
3175	03:25.462	16	1,2,3,4,5	58	2
3176	03:25.464	1	16	5	0
3177	03:25.468	1	16	57	0
3178	03:25.470	16	1,2,3,4,5	5	2
3179	03:25.477	16	1,2,3,4,5	66	2
3180	03:25.480	4	2,3,5,7,8,9,10,11,16	5	4
3181	03:27.004	8	2,3,4,5,6,7,9,10,11,12,13,14,15	57	1
3182	03:27.006	5	2,3,4,8,9,10,11,16	5	3
3183	03:27.036	5	2,3,4,8,9,10,11,16	66	3
3184	03:27.039	16	1,2,3,4,5	5	2
3185	03:27.044	16	1,2,3,4,5	58	2
3186	03:27.046	1	16	5	0
3187	03:27.081	1	16	65	0
3188	03:27.084	16	1,2,3,4,5	5	2
3189	03:27.122	16	1,2,3,4,5	74	2
3190	03:27.125	5	2,3,4,8,9,10,11,16	5	3
3191	03:27.164	5	2,3,4,8,9,10,11,16	74	3
3192	03:27.167	8	2,3,4,5,6,7,9,10,11,12,13,14,15	5	1
3193	03:27.520	15	8,9,10,11,12,13,14	102	3
3194	03:27.524	11	4,5,8,9,10,14,15	5	2
3195	03:27.688	15	8,9,10,11,12,13,14	57	3
3196	03:27.690	8	2,3,4,5,6,7,9,10,11,12,13,14,15	5	1
3197	03:27.720	8	2,3,4,5,6,7,9,10,11,12,13,14,15	66	1
3198	03:27.723	5	2,3,4,8,9,10,11,16	5	3
3199	03:27.726	5	2,3,4,8,9,10,11,16	66	3
3200	03:27.729	16	1,2,3,4,5	5	2
3201	03:27.764	16	1,2,3,4,5	58	2
3202	03:27.766	1	16	5	0
3203	03:27.804	1	16	73	0
3204	03:27.807	16	1,2,3,4,5	5	2
3205	03:27.845	16	1,2,3,4,5	82	2
3206	03:27.848	5	2,3,4,8,9,10,11,16	5	3
3207	03:27.889	5	2,3,4,8,9,10,11,16	82	3
3208	03:27.892	8	2,3,4,5,6,7,9,10,11,12,13,14,15	5	1
3209	03:27.915	8	2,3,4,5,6,7,9,10,11,12,13,14,15	82	1
3210	03:27.918	15	8,9,10,11,12,13,14	5	3
3211	03:27.949	12	6,7,8,9,13,14,15	57	3
3212	03:27.951	8	2,3,4,5,6,7,9,10,11,12,13,14,15	5	1
3213	03:27.982	8	2,3,4,5,6,7,9,10,11,12,13,14,15	66	1
3214	03:27.985	5	2,3,4,8,9,10,11,16	5	3
3215	03:28.010	5	2,3,4,8,9,10,11,16	66	3
3216	03:28.013	16	1,2,3,4,5	5	2
3217	03:28.038	16	1,2,3,4,5	58	2
3218	03:28.040	1	16	5	0
3219	03:28.043	1	16	73	0
3220	03:28.047	16	1,2,3,4,5	5	2
3221	03:28.071	16	1,2,3,4,5	82	2
3222	03:28.074	5	2,3,4,8,9,10,11,16	5	3
3223	03:28.106	5	2,3,4,8,9,10,11,16	82	3
3224	03:28.109	8	2,3,4,5,6,7,9,10,11,12,13,14,15	5	1
3225	03:28.114	8	2,3,4,5,6,7,9,10,11,12,13,14,15	82	1
3226	03:28.117	12	6,7,8,9,13,14,15	5	3
3227	03:28.779	6	2,3,7,8,9,12,13	57	2
3228	03:28.781	2	3,4,5,6,7,8,9,16	5	3
3229	03:28.794	2	3,4,5,6,7,8,9,16	66	3
3230	03:28.797	16	1,2,3,4,5	5	2
3231	03:28.840	16	1,2,3,4,5	58	2
3232	03:28.842	1	16	5	0
3233	03:28.869	1	16	65	0
3234	03:28.872	16	1,2,3,4,5	5	2
3235	03:28.901	16	1,2,3,4,5	74	2
3236	03:28.904	2	3,4,5,6,7,8,9,16	5	3
3237	03:28.909	2	3,4,5,6,7,8,9,16	74	3
3238	03:28.912	6	2,3,7,8,9,12,13	5	2
3239	03:29.378	9	2,3,4,5,6,7,8,10,11,12,13,14,15	57	1
3240	03:29.380	5	2,3,4,8,9,10,11,16	5	3
3241	03:29.413	5	2,3,4,8,9,10,11,16	66	3
3242	03:29.416	16	1,2,3,4,5	5	2
3243	03:29.452	16	1,2,3,4,5	58	2
3244	03:29.454	1	16	5	0
3245	03:29.460	1	16	65	0
3246	03:29.463	16	1,2,3,4,5	5	2
3247	03:29.490	16	1,2,3,4,5	74	2
3248	03:29.493	5	2,3,4,8,9,10,11,16	5	3
3249	03:29.510	5	2,3,4,8,9,10,11,16	74	3
3250	03:29.513	9	2,3,4,5,6,7,8,10,11,12,13,14,15	5	1
3251	03:30.225	2	3,4,5,6,7,8,9,16	57	3
3252	03:30.227	16	1,2,3,4,5	5	2
3253	03:30.235	16	1,2,3,4,5	58	2
3254	03:30.237	1	16	5	0
3255	03:30.275	1	16	57	0
3256	03:30.277	16	1,2,3,4,5	5	2
3257	03:30.317	16	1,2,3,4,5	66	2
3258	03:30.320	2	3,4,5,6,7,8,9,16	5	3
3259	03:30.547	10	3,4,5,7,8,9,11,13,14,15	57	2
3260	03:30.549	5	2,3,4,8,9,10,11,16	5	3
3261	03:30.581	5	2,3,4,8,9,10,11,16	66	3
3262	03:30.584	16	1,2,3,4,5	5	2
3263	03:30.605	16	1,2,3,4,5	58	2
3264	03:30.607	1	16	5	0
3265	03:30.622	1	16	65	0
3266	03:30.625	16	1,2,3,4,5	5	2
3267	03:30.639	16	1,2,3,4,5	74	2
3268	03:30.642	5	2,3,4,8,9,10,11,16	5	3
3269	03:30.659	5	2,3,4,8,9,10,11,16	74	3
3270	03:30.662	10	3,4,5,7,8,9,11,13,14,15	5	2
3271	03:32.888	10	3,4,5,7,8,9,11,13,14,15	102	2
3272	03:32.892	3	2,4,5,6,7,8,9,10,16	5	4
3273	03:33.087	13	6,7,8,9,10,12,14,15	57	4
3274	03:33.089	8	2,3,4,5,6,7,9,10,11,12,13,14,15	5	1
3275	03:33.116	8	2,3,4,5,6,7,9,10,11,12,13,14,15	66	1
3276	03:33.119	5	2,3,4,8,9,10,11,16	5	3
3277	03:33.145	5	2,3,4,8,9,10,11,16	66	3
3278	03:33.148	16	1,2,3,4,5	5	2
3279	03:33.158	16	1,2,3,4,5	58	2
3280	03:33.160	1	16	5	0
3281	03:33.195	1	16	73	0
3282	03:33.198	16	1,2,3,4,5	5	2
3283	03:33.201	16	1,2,3,4,5	82	2
3284	03:33.204	5	2,3,4,8,9,10,11,16	5	3
3285	03:33.214	5	2,3,4,8,9,10,11,16	82	3
3286	03:33.217	8	2,3,4,5,6,7,9,10,11,12,13,14,15	5	1
3287	03:33.230	8	2,3,4,5,6,7,9,10,11,12,13,14,15	82	1
3288	03:33.233	13	6,7,8,9,10,12,14,15	5	4
3289	03:33.473	11	4,5,8,9,10,14,15	57	2
3290	03:33.475	5	2,3,4,8,9,10,11,16	5	3
3291	03:33.517	5	2,3,4,8,9,10,11,16	66	3
3292	03:33.520	16	1,2,3,4,5	5	2
3293	03:33.532	16	1,2,3,4,5	58	2
3294	03:33.534	1	16	5	0
3295	03:33.545	1	16	65	0
3296	03:33.548	16	1,2,3,4,5	5	2
3297	03:33.552	16	1,2,3,4,5	74	2
3298	03:33.555	5	2,3,4,8,9,10,11,16	5	3
3299	03:33.573	5	2,3,4,8,9,10,11,16	74	3
3300	03:33.576	11	4,5,8,9,10,14,15	5	2
3301	03:34.272	3	2,4,5,6,7,8,9,10,16	57	4
3302	03:34.274	16	1,2,3,4,5	5	2
3303	03:34.302	16	1,2,3,4,5	58	2
3304	03:34.304	1	16	5	0
3305	03:34.322	1	16	57	0
3306	03:34.324	16	1,2,3,4,5	5	2
3307	03:34.354	16	1,2,3,4,5	66	2
3308	03:34.357	3	2,4,5,6,7,8,9,10,16	5	4
3309	03:34.398	5	2,3,4,8,9,10,11,16	57	3
3310	03:34.400	16	1,2,3,4,5	5	2
3311	03:34.427	16	1,2,3,4,5	58	2
3312	03:34.429	1	16	5	0
3313	03:34.437	1	16	57	0
3314	03:34.439	16	1,2,3,4,5	5	2
3315	03:34.456	16	1,2,3,4,5	66	2
3316	03:34.459	5	2,3,4,8,9,10,11,16	5	3
3317	03:34.674	7	2,3,4,6,8,9,10,12,13,14	57	2
3318	03:34.676	2	3,4,5,6,7,8,9,16	5	3
3319	03:34.689	2	3,4,5,6,7,8,9,16	66	3
3320	03:34.692	16	1,2,3,4,5	5	2
3321	03:34.696	16	1,2,3,4,5	58	2
3322	03:34.698	1	16	5	0
3323	03:34.716	1	16	65	0
3324	03:34.719	16	1,2,3,4,5	5	2
3325	03:34.749	16	1,2,3,4,5	74	2
3326	03:34.752	2	3,4,5,6,7,8,9,16	5	3
3327	03:34.766	2	3,4,5,6,7,8,9,16	74	3
3328	03:34.769	7	2,3,4,6,8,9,10,12,13,14	5	2
3329	03:35.654	14	7,8,9,10,11,12,13,15	57	4
3330	03:35.656	8	2,3,4,5,6,7,9,10,11,12,13,14,15	5	1
3331	03:35.661	8	2,3,4,5,6,7,9,10,11,12,13,14,15	66	1
3332	03:35.664	5	2,3,4,8,9,10,11,16	5	3
3333	03:35.703	5	2,3,4,8,9,10,11,16	66	3
3334	03:35.706	16	1,2,3,4,5	5	2
3335	03:35.730	16	1,2,3,4,5	58	2
3336	03:35.732	1	16	5	0
3337	03:35.735	1	16	73	0
3338	03:35.739	16	1,2,3,4,5	5	2
3339	03:35.742	16	1,2,3,4,5	82	2
3340	03:35.745	5	2,3,4,8,9,10,11,16	5	3
3341	03:35.772	5	2,3,4,8,9,10,11,16	82	3
3342	03:35.775	8	2,3,4,5,6,7,9,10,11,12,13,14,15	5	1
3343	03:35.818	8	2,3,4,5,6,7,9,10,11,12,13,14,15	82	1
3344	03:35.821	14	7,8,9,10,11,12,13,15	5	4
3345	03:36.149	8	2,3,4,5,6,7,9,10,11,12,13,14,15	57	1
3346	03:36.151	5	2,3,4,8,9,10,11,16	5	3
3347	03:36.192	5	2,3,4,8,9,10,11,16	66	3
3348	03:36.195	16	1,2,3,4,5	5	2
3349	03:36.223	16	1,2,3,4,5	58	2
3350	03:36.225	1	16	5	0
3351	03:36.242	1	16	65	0
3352	03:36.245	16	1,2,3,4,5	5	2
3353	03:36.270	16	1,2,3,4,5	74	2
3354	03:36.273	5	2,3,4,8,9,10,11,16	5	3
3355	03:36.311	5	2,3,4,8,9,10,11,16	74	3
3356	03:36.314	8	2,3,4,5,6,7,9,10,11,12,13,14,15	5	1
3357	03:36.432	4	2,3,5,7,8,9,10,11,16	57	4
3358	03:36.434	16	1,2,3,4,5	5	2
3359	03:36.462	16	1,2,3,4,5	58	2
3360	03:36.464	1	16	5	0
3361	03:36.505	1	16	57	0
3362	03:36.507	16	1,2,3,4,5	5	2
3363	03:36.539	16	1,2,3,4,5	66	2
3364	03:36.542	4	2,3,5,7,8,9,10,11,16	5	4
3365	03:37.350	15	8,9,10,11,12,13,14	57	3
3366	03:37.352	8	2,3,4,5,6,7,9,10,11,12,13,14,15	5	1
3367	03:37.360	8	2,3,4,5,6,7,9,10,11,12,13,14,15	66	1
3368	03:37.363	5	2,3,4,8,9,10,11,16	5	3
3369	03:37.396	5	2,3,4,8,9,10,11,16	66	3
3370	03:37.399	16	1,2,3,4,5	5	2
3371	03:37.405	16	1,2,3,4,5	58	2
3372	03:37.407	1	16	5	0
3373	03:37.445	1	16	73	0
3374	03:37.448	16	1,2,3,4,5	5	2
3375	03:37.471	16	1,2,3,4,5	82	2
3376	03:37.474	5	2,3,4,8,9,10,11,16	5	3
3377	03:37.480	5	2,3,4,8,9,10,11,16	82	3
3378	03:37.483	8	2,3,4,5,6,7,9,10,11,12,13,14,15	5	1
3379	03:37.488	8	2,3,4,5,6,7,9,10,11,12,13,14,15	82	1
3380	03:37.491	15	8,9,10,11,12,13,14	5	3
3381	03:38.608	12	6,7,8,9,13,14,15	57	3
3382	03:38.610	8	2,3,4,5,6,7,9,10,11,12,13,14,15	5	1
3383	03:38.614	8	2,3,4,5,6,7,9,10,11,12,13,14,15	66	1
3384	03:38.617	5	2,3,4,8,9,10,11,16	5	3
3385	03:38.659	5	2,3,4,8,9,10,11,16	66	3
3386	03:38.662	16	1,2,3,4,5	5	2
3387	03:38.683	16	1,2,3,4,5	58	2
3388	03:38.685	1	16	5	0
3389	03:38.691	1	16	73	0
3390	03:38.694	16	1,2,3,4,5	5	2
3391	03:38.720	16	1,2,3,4,5	82	2
3392	03:38.723	5	2,3,4,8,9,10,11,16	5	3
3393	03:38.749	5	2,3,4,8,9,10,11,16	82	3
3394	03:38.752	8	2,3,4,5,6,7,9,10,11,12,13,14,15	5	1
3395	03:38.764	8	2,3,4,5,6,7,9,10,11,12,13,14,15	82	1
3396	03:38.767	12	6,7,8,9,13,14,15	5	3
3397	03:39.090	6	2,3,7,8,9,12,13	57	2
3398	03:39.092	2	3,4,5,6,7,8,9,16	5	3
3399	03:39.106	2	3,4,5,6,7,8,9,16	66	3
3400	03:39.109	16	1,2,3,4,5	5	2
3401	03:39.116	9	2,3,4,5,6,7,8,10,11,12,13,14,15	57	1
3402	03:39.118	5	2,3,4,8,9,10,11,16	5	3
3403	03:39.137	16	1,2,3,4,5	58	2
3404	03:39.139	1	16	5	0
3405	03:39.142	1	16	65	0
3406	03:39.145	16	1,2,3,4,5	5	2
3407	03:39.155	5	2,3,4,8,9,10,11,16	66	3
3408	03:39.158	16	1,2,3,4,5	5	2
3409	03:39.173	16	1,2,3,4,5	74	2
3410	03:39.176	2	3,4,5,6,7,8,9,16	5	3
3411	03:39.179	16	1,2,3,4,5	58	2
3412	03:39.182	1	16	5	0
3413	03:39.185	2	3,4,5,6,7,8,9,16	74	3
3414	03:39.188	6	2,3,7,8,9,12,13	5	2
3415	03:39.199	1	16	65	0
3416	03:39.202	16	1,2,3,4,5	5	2
3417	03:39.218	16	1,2,3,4,5	74	2
3418	03:39.221	5	2,3,4,8,9,10,11,16	5	3
3419	03:39.243	5	2,3,4,8,9,10,11,16	74	3
3420	03:39.246	9	2,3,4,5,6,7,8,10,11,12,13,14,15	5	1
3421	03:40.334	2	3,4,5,6,7,8,9,16	57	3
3422	03:40.336	16	1,2,3,4,5	5	2
3423	03:40.349	16	1,2,3,4,5	58	2
3424	03:40.351	1	16	5	0
3425	03:40.381	1	16	57	0
3426	03:40.383	16	1,2,3,4,5	5	2
3427	03:40.399	16	1,2,3,4,5	66	2
3428	03:40.402	2	3,4,5,6,7,8,9,16	5	3
3429	03:41.334	10	3,4,5,7,8,9,11,13,14,15	57	2
3430	03:41.336	5	2,3,4,8,9,10,11,16	5	3
3431	03:41.346	5	2,3,4,8,9,10,11,16	66	3
3432	03:41.349	16	1,2,3,4,5	5	2
3433	03:41.368	16	1,2,3,4,5	58	2
3434	03:41.370	1	16	5	0
3435	03:41.377	1	16	65	0
3436	03:41.380	16	1,2,3,4,5	5	2
3437	03:41.423	16	1,2,3,4,5	74	2
3438	03:41.426	5	2,3,4,8,9,10,11,16	5	3
3439	03:41.430	5	2,3,4,8,9,10,11,16	74	3
3440	03:41.433	10	3,4,5,7,8,9,11,13,14,15	5	2
3441	03:41.675	7	2,3,4,6,8,9,10,12,13,14	102	2
3442	03:41.679	8	2,3,4,5,6,7,9,10,11,12,13,14,15	5	1
3443	03:43.062	1	16	97	0
3444	03:43.396	11	4,5,8,9,10,14,15	57	2
3445	03:43.398	5	2,3,4,8,9,10,11,16	5	3
3446	03:43.435	5	2,3,4,8,9,10,11,16	66	3
3447	03:43.438	16	1,2,3,4,5	5	2
3448	03:43.457	16	1,2,3,4,5	58	2
3449	03:43.459	1	16	5	0
3450	03:43.473	1	16	65	0
3451	03:43.476	16	1,2,3,4,5	5	2
3452	03:43.510	16	1,2,3,4,5	74	2
3453	03:43.513	5	2,3,4,8,9,10,11,16	5	3
3454	03:43.548	5	2,3,4,8,9,10,11,16	74	3
3455	03:43.551	11	4,5,8,9,10,14,15	5	2
3456	03:43.907	13	6,7,8,9,10,12,14,15	57	4
3457	03:43.909	8	2,3,4,5,6,7,9,10,11,12,13,14,15	5	1
3458	03:43.912	8	2,3,4,5,6,7,9,10,11,12,13,14,15	66	1
3459	03:43.915	5	2,3,4,8,9,10,11,16	5	3
3460	03:43.949	5	2,3,4,8,9,10,11,16	66	3
3461	03:43.952	16	1,2,3,4,5	5	2
3462	03:43.969	16	1,2,3,4,5	58	2
3463	03:43.971	1	16	5	0
3464	03:44.003	1	16	73	0
3465	03:44.006	16	1,2,3,4,5	5	2
3466	03:44.017	16	1,2,3,4,5	82	2
3467	03:44.020	5	2,3,4,8,9,10,11,16	5	3
3468	03:44.031	5	2,3,4,8,9,10,11,16	82	3
3469	03:44.034	8	2,3,4,5,6,7,9,10,11,12,13,14,15	5	1
3470	03:44.069	8	2,3,4,5,6,7,9,10,11,12,13,14,15	82	1
3471	03:44.072	13	6,7,8,9,10,12,14,15	5	4
3472	03:44.100	3	2,4,5,6,7,8,9,10,16	57	4
3473	03:44.102	16	1,2,3,4,5	5	2
3474	03:44.107	16	1,2,3,4,5	58	2
3475	03:44.109	1	16	5	0
3476	03:44.129	1	16	57	0
3477	03:44.131	16	1,2,3,4,5	5	2
3478	03:44.145	16	1,2,3,4,5	66	2
3479	03:44.148	3	2,4,5,6,7,8,9,10,16	5	4
3480	03:44.330	5	2,3,4,8,9,10,11,16	57	3
3481	03:44.332	16	1,2,3,4,5	5	2
3482	03:44.343	16	1,2,3,4,5	58	2
3483	03:44.345	1	16	5	0
3484	03:44.376	1	16	57	0
3485	03:44.378	16	1,2,3,4,5	5	2
3486	03:44.390	16	1,2,3,4,5	66	2
3487	03:44.393	5	2,3,4,8,9,10,11,16	5	3
3488	03:44.972	7	2,3,4,6,8,9,10,12,13,14	57	2
3489	03:44.974	2	3,4,5,6,7,8,9,16	5	3
3490	03:44.992	2	3,4,5,6,7,8,9,16	66	3
3491	03:44.995	16	1,2,3,4,5	5	2
3492	03:45.028	16	1,2,3,4,5	58	2
3493	03:45.030	1	16	5	0
3494	03:45.053	1	16	65	0
3495	03:45.056	16	1,2,3,4,5	5	2
3496	03:45.085	16	1,2,3,4,5	74	2
3497	03:45.088	2	3,4,5,6,7,8,9,16	5	3
3498	03:45.094	2	3,4,5,6,7,8,9,16	74	3
3499	03:45.097	7	2,3,4,6,8,9,10,12,13,14	5	2
3500	03:45.431	8	2,3,4,5,6,7,9,10,11,12,13,14,15	57	1
3501	03:45.433	5	2,3,4,8,9,10,11,16	5	3
3502	03:45.462	5	2,3,4,8,9,10,11,16	66	3
3503	03:45.465	16	1,2,3,4,5	5	2
3504	03:45.484	16	1,2,3,4,5	58	2
3505	03:45.486	1	16	5	0
3506	03:45.500	1	16	65	0
3507	03:45.503	16	1,2,3,4,5	5	2
3508	03:45.527	16	1,2,3,4,5	74	2
3509	03:45.530	5	2,3,4,8,9,10,11,16	5	3
3510	03:45.555	5	2,3,4,8,9,10,11,16	74	3
3511	03:45.558	8	2,3,4,5,6,7,9,10,11,12,13,14,15	5	1
3512	03:46.158	14	7,8,9,10,11,12,13,15	57	4
3513	03:46.160	8	2,3,4,5,6,7,9,10,11,12,13,14,15	5	1
3514	03:46.179	8	2,3,4,5,6,7,9,10,11,12,13,14,15	66	1
3515	03:46.182	5	2,3,4,8,9,10,11,16	5	3
3516	03:46.187	5	2,3,4,8,9,10,11,16	66	3
3517	03:46.190	16	1,2,3,4,5	5	2
3518	03:46.209	16	1,2,3,4,5	58	2
3519	03:46.211	1	16	5	0
3520	03:46.249	1	16	73	0
3521	03:46.252	16	1,2,3,4,5	5	2
3522	03:46.259	16	1,2,3,4,5	82	2
3523	03:46.262	5	2,3,4,8,9,10,11,16	5	3
3524	03:46.295	5	2,3,4,8,9,10,11,16	82	3
3525	03:46.298	8	2,3,4,5,6,7,9,10,11,12,13,14,15	5	1
3526	03:46.306	8	2,3,4,5,6,7,9,10,11,12,13,14,15	82	1
3527	03:46.309	14	7,8,9,10,11,12,13,15	5	4
3528	03:46.531	16	1,2,3,4,5	97	2
3529	03:46.694	4	2,3,5,7,8,9,10,11,16	57	4
3530	03:46.696	16	1,2,3,4,5	5	2
3531	03:46.714	16	1,2,3,4,5	58	2
3532	03:46.716	1	16	5	0
3533	03:46.729	1	16	57	0
3534	03:46.731	16	1,2,3,4,5	5	2
3535	03:46.771	16	1,2,3,4,5	66	2
3536	03:46.774	4	2,3,5,7,8,9,10,11,16	5	4
3537	03:47.125	2	3,4,5,6,7,8,9,16	102	3
3538	03:47.129	5	2,3,4,8,9,10,11,16	5	3
3539	03:47.756	15	8,9,10,11,12,13,14	57	3
3540	03:47.758	8	2,3,4,5,6,7,9,10,11,12,13,14,15	5	1
3541	03:47.774	8	2,3,4,5,6,7,9,10,11,12,13,14,15	66	1
3542	03:47.777	5	2,3,4,8,9,10,11,16	5	3
3543	03:47.782	5	2,3,4,8,9,10,11,16	66	3
3544	03:47.785	16	1,2,3,4,5	5	2
3545	03:47.813	16	1,2,3,4,5	58	2
3546	03:47.815	1	16	5	0
3547	03:47.828	1	16	73	0
3548	03:47.831	16	1,2,3,4,5	5	2
3549	03:47.834	16	1,2,3,4,5	82	2
3550	03:47.837	5	2,3,4,8,9,10,11,16	5	3
3551	03:47.841	5	2,3,4,8,9,10,11,16	82	3
3552	03:47.844	8	2,3,4,5,6,7,9,10,11,12,13,14,15	5	1
3553	03:47.864	8	2,3,4,5,6,7,9,10,11,12,13,14,15	82	1
3554	03:47.867	15	8,9,10,11,12,13,14	5	3
3555	03:48.636	6	2,3,7,8,9,12,13	57	2
3556	03:48.638	2	3,4,5,6,7,8,9,16	5	3
3557	03:48.642	2	3,4,5,6,7,8,9,16	66	3
3558	03:48.645	16	1,2,3,4,5	5	2
3559	03:48.675	16	1,2,3,4,5	58	2
3560	03:48.677	1	16	5	0
3561	03:48.720	1	16	65	0
3562	03:48.723	16	1,2,3,4,5	5	2
3563	03:48.727	16	1,2,3,4,5	74	2
3564	03:48.730	2	3,4,5,6,7,8,9,16	5	3
3565	03:48.742	2	3,4,5,6,7,8,9,16	74	3
3566	03:48.745	6	2,3,7,8,9,12,13	5	2
3567	03:48.812	12	6,7,8,9,13,14,15	57	3
3568	03:48.814	8	2,3,4,5,6,7,9,10,11,12,13,14,15	5	1
3569	03:48.818	8	2,3,4,5,6,7,9,10,11,12,13,14,15	66	1
3570	03:48.821	5	2,3,4,8,9,10,11,16	5	3
3571	03:48.828	5	2,3,4,8,9,10,11,16	66	3
3572	03:48.831	16	1,2,3,4,5	5	2
3573	03:48.871	16	1,2,3,4,5	58	2
3574	03:48.873	1	16	5	0
3575	03:48.885	1	16	73	0
3576	03:48.888	16	1,2,3,4,5	5	2
3577	03:48.930	16	1,2,3,4,5	82	2
3578	03:48.933	5	2,3,4,8,9,10,11,16	5	3
3579	03:48.969	5	2,3,4,8,9,10,11,16	82	3
3580	03:48.972	8	2,3,4,5,6,7,9,10,11,12,13,14,15	5	1
3581	03:49.013	8	2,3,4,5,6,7,9,10,11,12,13,14,15	82	1
3582	03:49.016	12	6,7,8,9,13,14,15	5	3
3583	03:49.460	9	2,3,4,5,6,7,8,10,11,12,13,14,15	57	1
3584	03:49.462	5	2,3,4,8,9,10,11,16	5	3
3585	03:49.473	5	2,3,4,8,9,10,11,16	66	3
3586	03:49.476	16	1,2,3,4,5	5	2
3587	03:49.487	16	1,2,3,4,5	58	2
3588	03:49.489	1	16	5	0
3589	03:49.520	1	16	65	0
3590	03:49.523	16	1,2,3,4,5	5	2
3591	03:49.552	16	1,2,3,4,5	74	2
3592	03:49.555	5	2,3,4,8,9,10,11,16	5	3
3593	03:49.583	5	2,3,4,8,9,10,11,16	74	3
3594	03:49.586	9	2,3,4,5,6,7,8,10,11,12,13,14,15	5	1
3595	03:50.185	3	2,4,5,6,7,8,9,10,16	102	4
3596	03:50.189	8	2,3,4,5,6,7,9,10,11,12,13,14,15	5	1
3597	03:50.372	2	3,4,5,6,7,8,9,16	57	3
3598	03:50.374	16	1,2,3,4,5	5	2
3599	03:50.412	16	1,2,3,4,5	58	2
3600	03:50.414	1	16	5	0
3601	03:50.421	1	16	57	0
3602	03:50.423	16	1,2,3,4,5	5	2
3603	03:50.434	10	3,4,5,7,8,9,11,13,14,15	57	2
3604	03:50.436	5	2,3,4,8,9,10,11,16	5	3
3605	03:50.457	16	1,2,3,4,5	66	2
3606	03:50.460	2	3,4,5,6,7,8,9,16	5	3
3607	03:50.514	5	2,3,4,8,9,10,11,16	66	3
3608	03:50.517	16	1,2,3,4,5	5	2
3609	03:50.545	16	1,2,3,4,5	58	2
3610	03:50.547	1	16	5	0
3611	03:50.567	1	16	65	0
3612	03:50.570	16	1,2,3,4,5	5	2
3613	03:50.608	16	1,2,3,4,5	74	2
3614	03:50.611	5	2,3,4,8,9,10,11,16	5	3
3615	03:50.619	5	2,3,4,8,9,10,11,16	74	3
3616	03:50.622	10	3,4,5,7,8,9,11,13,14,15	5	2
3617	03:53.198	3	2,4,5,6,7,8,9,10,16	57	4
3618	03:53.200	16	1,2,3,4,5	5	2
3619	03:53.240	16	1,2,3,4,5	58	2
3620	03:53.242	1	16	5	0
3621	03:53.272	1	16	57	0
3622	03:53.274	16	1,2,3,4,5	5	2
3623	03:53.293	16	1,2,3,4,5	66	2
3624	03:53.296	3	2,4,5,6,7,8,9,10,16	5	4
3625	03:54.042	5	2,3,4,8,9,10,11,16	57	3
3626	03:54.044	16	1,2,3,4,5	5	2
3627	03:54.047	16	1,2,3,4,5	58	2
3628	03:54.050	1	16	5	0
3629	03:54.067	1	16	57	0
3630	03:54.069	16	1,2,3,4,5	5	2
3631	03:54.107	16	1,2,3,4,5	66	2
3632	03:54.110	5	2,3,4,8,9,10,11,16	5	3
3633	03:54.139	13	6,7,8,9,10,12,14,15	57	4
3634	03:54.141	8	2,3,4,5,6,7,9,10,11,12,13,14,15	5	1
3635	03:54.172	8	2,3,4,5,6,7,9,10,11,12,13,14,15	66	1
3636	03:54.175	5	2,3,4,8,9,10,11,16	5	3
3637	03:54.192	5	2,3,4,8,9,10,11,16	66	3
3638	03:54.195	16	1,2,3,4,5	5	2
3639	03:54.208	16	1,2,3,4,5	58	2
3640	03:54.210	1	16	5	0
3641	03:54.234	1	16	73	0
3642	03:54.237	16	1,2,3,4,5	5	2
3643	03:54.240	11	4,5,8,9,10,14,15	57	2
3644	03:54.242	5	2,3,4,8,9,10,11,16	5	3
3645	03:54.248	5	2,3,4,8,9,10,11,16	66	3
3646	03:54.251	16	1,2,3,4,5	5	2
3647	03:54.270	16	1,2,3,4,5	82	2
3648	03:54.273	5	2,3,4,8,9,10,11,16	5	3
3649	03:54.282	16	1,2,3,4,5	58	2
3650	03:54.284	1	16	5	0
3651	03:54.309	1	16	65	0
3652	03:54.312	16	1,2,3,4,5	5	2
3653	03:54.315	16	1,2,3,4,5	74	2
3654	03:54.318	5	2,3,4,8,9,10,11,16	5	3
3655	03:54.328	5	2,3,4,8,9,10,11,16	74	3
3656	03:54.331	11	4,5,8,9,10,14,15	5	2
3657	03:54.335	5	2,3,4,8,9,10,11,16	82	3
3658	03:54.338	8	2,3,4,5,6,7,9,10,11,12,13,14,15	5	1
3659	03:54.341	8	2,3,4,5,6,7,9,10,11,12,13,14,15	82	1
3660	03:54.345	13	6,7,8,9,10,12,14,15	5	4
3661	03:55.083	7	2,3,4,6,8,9,10,12,13,14	57	2
3662	03:55.085	2	3,4,5,6,7,8,9,16	5	3
3663	03:55.105	2	3,4,5,6,7,8,9,16	66	3
3664	03:55.108	16	1,2,3,4,5	5	2
3665	03:55.115	16	1,2,3,4,5	58	2
3666	03:55.117	1	16	5	0
3667	03:55.120	1	16	65	0
3668	03:55.123	16	1,2,3,4,5	5	2
3669	03:55.154	16	1,2,3,4,5	74	2
3670	03:55.157	2	3,4,5,6,7,8,9,16	5	3
3671	03:55.192	2	3,4,5,6,7,8,9,16	74	3
3672	03:55.195	7	2,3,4,6,8,9,10,12,13,14	5	2
3673	03:55.748	8	2,3,4,5,6,7,9,10,11,12,13,14,15	57	1
3674	03:55.750	5	2,3,4,8,9,10,11,16	5	3
3675	03:55.756	5	2,3,4,8,9,10,11,16	66	3
3676	03:55.759	16	1,2,3,4,5	5	2
3677	03:55.789	16	1,2,3,4,5	58	2
3678	03:55.791	1	16	5	0
3679	03:55.806	14	7,8,9,10,11,12,13,15	57	4
3680	03:55.808	8	2,3,4,5,6,7,9,10,11,12,13,14,15	5	1
3681	03:55.823	8	2,3,4,5,6,7,9,10,11,12,13,14,15	66	1
3682	03:55.826	5	2,3,4,8,9,10,11	5	4
3683	03:55.826	1	-	65	1
3684	03:55.841	5	2,3,4,8,9,10,11,16	66	3
3685	03:55.844	16	1,2,3,4,5	5	2
3686	03:55.866	1	16	65	0
3687	03:55.869	16	1,2,3,4,5	5	2
3688	03:55.887	16	1,2,3,4,5	58	2
3689	03:55.889	1	16	5	0
3690	03:55.904	16	1,2,3,4,5	74	2
3691	03:55.907	5	2,3,4,8,9,10,11,16	5	3
3692	03:55.911	1	16	73	0
3693	03:55.914	16	1,2,3,4,5	5	2
3694	03:55.935	16	1,2,3,4,5	82	2
3695	03:55.938	5	2,3,4,8,9,10,11,16	5	3
3696	03:55.941	5	2,3,4,8,9,10,11,16	74	3
3697	03:55.944	8	2,3,4,5,6,7,9,10,11,12,13,14,15	5	1
3698	03:55.970	5	2,3,4,8,9,10,11,16	82	3
3699	03:55.973	8	2,3,4,5,6,7,9,10,11,12,13,14,15	5	1
3700	03:55.986	8	2,3,4,5,6,7,9,10,11,12,13,14,15	82	1
3701	03:55.989	14	7,8,9,10,11,12,13,15	5	4
3702	03:57.057	4	2,3,5,7,8,9,10,11,16	57	4
3703	03:57.059	16	1,2,3,4,5	5	2
3704	03:57.075	16	1,2,3,4,5	58	2
3705	03:57.077	1	16	5	0
3706	03:57.097	1	16	57	0
3707	03:57.099	16	1,2,3,4,5	5	2
3708	03:57.138	16	1,2,3,4,5	66	2
3709	03:57.141	4	2,3,5,7,8,9,10,11,16	5	4
3710	03:57.790	6	2,3,7,8,9,12,13	57	2
3711	03:57.792	2	3,4,5,6,7,8,9,16	5	3
3712	03:57.821	2	3,4,5,6,7,8,9,16	66	3
3713	03:57.824	16	1,2,3,4,5	5	2
3714	03:57.846	16	1,2,3,4,5	58	2
3715	03:57.848	1	16	5	0
3716	03:57.882	1	16	65	0
3717	03:57.885	16	1,2,3,4,5	5	2
3718	03:57.914	16	1,2,3,4,5	74	2
3719	03:57.917	2	3,4,5,6,7,8,9,16	5	3
3720	03:57.923	2	3,4,5,6,7,8,9,16	74	3
3721	03:57.926	6	2,3,7,8,9,12,13	5	2
3722	03:58.101	12	6,7,8,9,13,14,15	57	3
3723	03:58.103	8	2,3,4,5,6,7,9,10,11,12,13,14,15	5	1
3724	03:58.111	8	2,3,4,5,6,7,9,10,11,12,13,14,15	66	1
3725	03:58.114	5	2,3,4,8,9,10,11,16	5	3
3726	03:58.122	5	2,3,4,8,9,10,11,16	66	3
3727	03:58.125	16	1,2,3,4,5	5	2
3728	03:58.134	11	4,5,8,9,10,14,15	102	2
3729	03:58.138	8	2,3,4,5,6,7,9,10,11,12,13,14,15	5	1
3730	03:58.152	16	1,2,3,4,5	58	2
3731	03:58.154	1	16	5	0
3732	03:58.180	15	8,9,10,11,12,13,14	57	3
3733	03:58.182	8	2,3,4,5,6,7,9,10,11,12,13,14,15	5	1
3734	03:58.183	1	16	73	0
3735	03:58.186	16	1,2,3,4,5	5	2
3736	03:58.192	16	1,2,3,4,5	82	2
3737	03:58.195	5	2,3,4,8,9,10,11,16	5	3
3738	03:58.220	5	2,3,4,8,9,10,11,16	82	3
3739	03:58.223	8	2,3,4,5,6,7,9,10,11,12,13,14,15	5	1
3740	03:58.253	8	2,3,4,5,6,7,9,10,11,12,13,14,15	82	1
3741	03:58.256	12	6,7,8,9,13,14,15	5	3
3742	03:58.270	8	2,3,4,5,6,7,9,10,11,12,13,14,15	66	1
3743	03:58.273	5	2,3,4,8,9,10,11,16	5	3
3744	03:58.310	5	2,3,4,8,9,10,11,16	66	3
3745	03:58.313	16	1,2,3,4,5	5	2
3746	03:58.318	16	1,2,3,4,5	58	2
3747	03:58.320	1	16	5	0
3748	03:58.339	1	16	73	0
3749	03:58.342	16	1,2,3,4,5	5	2
3750	03:58.362	16	1,2,3,4,5	82	2
3751	03:58.365	5	2,3,4,8,9,10,11,16	5	3
3752	03:58.382	5	2,3,4,8,9,10,11,16	82	3
3753	03:58.385	8	2,3,4,5,6,7,9,10,11,12,13,14,15	5	1
3754	03:58.401	8	2,3,4,5,6,7,9,10,11,12,13,14,15	82	1
3755	03:58.404	15	8,9,10,11,12,13,14	5	3
3756	03:59.842	10	3,4,5,7,8,9,11,13,14,15	57	2
3757	03:59.844	5	2,3,4,8,9,10,11,16	5	3
3758	03:59.885	5	2,3,4,8,9,10,11,16	66	3
3759	03:59.888	16	1,2,3,4,5	5	2
3760	03:59.907	16	1,2,3,4,5	58	2
3761	03:59.909	1	16	5	0
3762	03:59.916	1	16	65	0
3763	03:59.919	16	1,2,3,4,5	5	2
3764	03:59.922	16	1,2,3,4,5	74	2
3765	03:59.925	5	2,3,4,8,9,10,11,16	5	3
3766	03:59.958	5	2,3,4,8,9,10,11,16	74	3
3767	03:59.961	10	3,4,5,7,8,9,11,13,14,15	5	2
3768	04:00.383	9	2,3,4,5,6,7,8,10,11,12,13,14,15	57	1
3769	04:00.385	5	2,3,4,8,9,10,11,16	5	3
3770	04:00.417	5	2,3,4,8,9,10,11,16	66	3
3771	04:00.420	16	1,2,3,4,5	5	2
3772	04:00.439	16	1,2,3,4,5	58	2
3773	04:00.441	1	16	5	0
3774	04:00.450	1	16	65	0
3775	04:00.453	16	1,2,3,4,5	5	2
3776	04:00.496	16	1,2,3,4,5	74	2
3777	04:00.499	5	2,3,4,8,9,10,11,16	5	3
3778	04:00.536	5	2,3,4,8,9,10,11,16	74	3
3779	04:00.539	9	2,3,4,5,6,7,8,10,11,12,13,14,15	5	1
3780	04:01.053	2	3,4,5,6,7,8,9,16	57	3
3781	04:01.055	16	1,2,3,4,5	5	2
3782	04:01.506	5	2,3,4,8,9,10,11,16	102	3
3783	04:01.510	3	2,4,5,6,7,8,9,10,16	5	4
3784	04:03.354	5	2,3,4,8,9,10,11,16	57	3
3785	04:03.356	16	1,2,3,4,5	5	2
3786	04:03.369	13	6,7,8,9,10,12,14,15	57	4
3787	04:03.371	8	2,3,4,5,6,7,9,10,11,12,13,14,15	5	1
3788	04:03.380	8	2,3,4,5,6,7,9,10,11,12,13,14,15	66	1
3789	04:03.383	5	2,3,4,8,9,10,11,16	5	3
3790	04:03.419	5	2,3,4,8,9,10,11,16	66	3
3791	04:03.422	16	1,2,3,4,5	5	2
3792	04:04.111	11	4,5,8,9,10,14,15	57	2
3793	04:04.113	5	2,3,4,8,9,10,11,16	5	3
3794	04:04.127	5	2,3,4,8,9,10,11,16	66	3
3795	04:04.130	16	1,2,3,4,5	5	2
3796	04:04.149	3	2,4,5,6,7,8,9,10,16	57	4
3797	04:04.151	16	1,2,3,4,5	5	2
3798	04:05.036	14	7,8,9,10,11,12,13,15	57	4
3799	04:05.038	8	2,3,4,5,6,7,9,10,11,12,13,14,15	5	1
3800	04:05.041	8	2,3,4,5,6,7,9,10,11,12,13,14,15	66	1
3801	04:05.044	5	2,3,4,8,9,10,11,16	5	3
3802	04:05.052	5	2,3,4,8,9,10,11,16	66	3
3803	04:05.055	16	1,2,3,4,5	5	2
3804	04:05.254	7	2,3,4,6,8,9,10,12,13,14	57	2
3805	04:05.256	2	3,4,5,6,7,8,9,16	5	3
3806	04:05.276	2	3,4,5,6,7,8,9,16	66	3
3807	04:05.279	16	1,2,3,4,5	5	2
3808	04:05.673	9	2,3,4,5,6,7,8,10,11,12,13,14,15	102	1
3809	04:05.677	2	3,4,5,6,7,8,9,16	5	3
3810	04:06.034	8	2,3,4,5,6,7,9,10,11,12,13,14,15	57	1
3811	04:06.036	5	2,3,4,8,9,10,11,16	5	3
3812	04:06.074	5	2,3,4,8,9,10,11,16	66	3
3813	04:06.077	16	1,2,3,4,5	5	2
3814	04:06.576	4	2,3,5,7,8,9,10,11,16	57	4
3815	04:06.578	16	1,2,3,4,5	5	2
3816	04:07.203	12	6,7,8,9,13,14,15	57	3
3817	04:07.205	8	2,3,4,5,6,7,9,10,11,12,13,14,15	5	1
3818	04:07.230	8	2,3,4,5,6,7,9,10,11,12,13,14,15	66	1
3819	04:07.233	5	2,3,4,8,9,10,11,16	5	3
3820	04:07.236	5	2,3,4,8,9,10,11,16	66	3
3821	04:07.239	16	1,2,3,4,5	5	2
3822	04:08.292	15	8,9,10,11,12,13,14	57	3
3823	04:08.294	8	2,3,4,5,6,7,9,10,11,12,13,14,15	5	1
3824	04:08.307	8	2,3,4,5,6,7,9,10,11,12,13,14,15	66	1
3825	04:08.310	5	2,3,4,8,9,10,11,16	5	3
3826	04:08.333	5	2,3,4,8,9,10,11,16	66	3
3827	04:08.336	16	1,2,3,4,5	5	2
3828	04:08.396	6	2,3,7,8,9,12,13	102	2
3829	04:08.400	3	2,4,5,6,7,8,9,10,16	5	4
3830	04:08.691	6	2,3,7,8,9,12,13	57	2
3831	04:08.693	2	3,4,5,6,7,8,9,16	5	3
3832	04:08.697	2	3,4,5,6,7,8,9,16	66	3
3833	04:08.700	16	1,2,3,4,5	5	2
3834	04:09.250	10	3,4,5,7,8,9,11,13,14,15	57	2
3835	04:09.252	5	2,3,4,8,9,10,11,16	5	3
3836	04:09.259	5	2,3,4,8,9,10,11,16	66	3
3837	04:09.262	16	1,2,3,4,5	5	2
3838	04:09.361	9	2,3,4,5,6,7,8,10,11,12,13,14,15	57	1
3839	04:09.363	5	2,3,4,8,9,10,11,16	5	3
3840	04:09.366	5	2,3,4,8,9,10,11,16	66	3
3841	04:09.369	16	1,2,3,4,5	5	2
3842	04:11.154	2	3,4,5,6,7,8,9,16	57	3
3843	04:11.156	16	1,2,3,4,5	5	2
3844	04:12.348	5	2,3,4,8,9,10,11,16	57	3
3845	04:12.350	16	1,2,3,4,5	5	2
3846	04:12.740	10	3,4,5,7,8,9,11,13,14,15	97	2
3847	04:13.451	4	2,3,5,7,8,9,10,11,16	102	4
3848	04:13.455	2	3,4,5,6,7,8,9,16	5	3
3849	04:14.170	3	2,4,5,6,7,8,9,10,16	57	4
3850	04:14.172	16	1,2,3,4,5	5	2
3851	04:14.316	13	6,7,8,9,10,12,14,15	57	4
3852	04:14.318	8	2,3,4,5,6,7,9,10,11,12,13,14,15	5	1
3853	04:14.331	8	2,3,4,5,6,7,9,10,11,12,13,14,15	66	1
3854	04:14.334	5	2,3,4,8,9,10,11,16	5	3
3855	04:14.368	5	2,3,4,8,9,10,11,16	66	3
3856	04:14.371	16	1,2,3,4,5	5	2
3857	04:14.774	14	7,8,9,10,11,12,13,15	57	4
3858	04:14.776	8	2,3,4,5,6,7,9,10,11,12,13,14,15	5	1
3859	04:14.779	8	2,3,4,5,6,7,9,10,11,12,13,14,15	66	1
3860	04:14.782	5	2,3,4,8,9,10,11,16	5	3
3861	04:14.822	5	2,3,4,8,9,10,11,16	66	3
3862	04:14.825	16	1,2,3,4,5	5	2
3863	04:14.999	11	4,5,8,9,10,14,15	57	2
3864	04:15.001	5	2,3,4,8,9,10,11,16	5	3
3865	04:15.029	5	2,3,4,8,9,10,11,16	66	3
3866	04:15.032	16	1,2,3,4,5	5	2
3867	04:15.939	7	2,3,4,6,8,9,10,12,13,14	57	2
3868	04:15.941	2	3,4,5,6,7,8,9,16	5	3
3869	04:15.972	4	2,3,5,7,8,9,10,11,16	57	4
3870	04:15.974	16	1,2,3,4,5	5	2
3871	04:16.008	2	3,4,5,6,7,8,9,16	66	3
3872	04:16.011	16	1,2,3,4,5	5	2
3873	04:16.987	8	2,3,4,5,6,7,9,10,11,12,13,14,15	57	1
3874	04:16.989	5	2,3,4,8,9,10,11,16	5	3
3875	04:17.023	5	2,3,4,8,9,10,11,16	66	3
3876	04:17.026	16	1,2,3,4,5	5	2
3877	04:17.711	15	8,9,10,11,12,13,14	57	3
3878	04:17.713	8	2,3,4,5,6,7,9,10,11,12,13,14,15	5	1
3879	04:17.717	8	2,3,4,5,6,7,9,10,11,12,13,14,15	66	1
3880	04:17.720	5	2,3,4,8,9,10,11,16	5	3
3881	04:17.750	5	2,3,4,8,9,10,11,16	66	3
3882	04:17.753	16	1,2,3,4,5	5	2
3883	04:18.140	12	6,7,8,9,13,14,15	57	3
3884	04:18.142	8	2,3,4,5,6,7,9,10,11,12,13,14,15	5	1
3885	04:18.148	8	2,3,4,5,6,7,9,10,11,12,13,14,15	66	1
3886	04:18.151	5	2,3,4,8,9,10,11,16	5	3
3887	04:18.178	5	2,3,4,8,9,10,11,16	66	3
3888	04:18.181	16	1,2,3,4,5	5	2
3889	04:18.990	6	2,3,7,8,9,12,13	57	2
3890	04:18.992	2	3,4,5,6,7,8,9,16	5	3
3891	04:19.003	2	3,4,5,6,7,8,9,16	66	3
3892	04:19.006	16	1,2,3,4,5	5	2
3893	04:19.246	9	2,3,4,5,6,7,8,10,11,12,13,14,15	57	1
3894	04:19.248	5	2,3,4,8,9,10,11,16	5	3
3895	04:19.289	5	2,3,4,8,9,10,11,16	66	3
3896	04:19.292	16	1,2,3,4,5	5	2
3897	04:20.065	10	3,4,5,7,8,9,11,13,14,15	57	2
3898	04:20.067	5	2,3,4,8,9,10,11,16	5	3
3899	04:20.075	5	2,3,4,8,9,10,11,16	66	3
3900	04:20.078	16	1,2,3,4,5	5	2
3901	04:20.220	14	7,8,9,10,11,12,13,15	97	4
3902	04:20.274	2	3,4,5,6,7,8,9,16	57	3
3903	04:20.276	16	1,2,3,4,5	5	2
3904	04:21.812	5	2,3,4,8,9,10,11,16	57	3
3905	04:21.814	16	1,2,3,4,5	5	2
3906	04:23.729	13	6,7,8,9,10,12,14,15	57	4
3907	04:23.731	8	2,3,4,5,6,7,9,10,11,12,13,14,15	5	1
3908	04:23.752	8	2,3,4,5,6,7,9,10,11,12,13,14,15	66	1
3909	04:23.755	5	2,3,4,8,9,10,11,16	5	3
3910	04:23.783	5	2,3,4,8,9,10,11,16	66	3
3911	04:23.786	16	1,2,3,4,5	5	2
3912	04:24.589	14	7,8,9,10,11,12,13,15	57	4
3913	04:24.591	8	2,3,4,5,6,7,9,10,11,12,13,14,15	5	1
3914	04:24.594	3	2,4,5,6,7,8,9,10,16	57	4
3915	04:24.596	16	1,2,3,4,5	5	2
3916	04:24.624	8	2,3,4,5,6,7,9,10,11,12,13,14,15	66	1
3917	04:24.627	5	2,3,4,8,9,10,11,16	5	3
3918	04:24.663	5	2,3,4,8,9,10,11,16	66	3
3919	04:24.666	16	1,2,3,4,5	5	2
3920	04:25.240	9	2,3,4,5,6,7,8,10,11,12,13,14,15	97	1
3921	04:25.424	11	4,5,8,9,10,14,15	57	2
3922	04:25.426	5	2,3,4,8,9,10,11,16	5	3
3923	04:25.452	5	2,3,4,8,9,10,11,16	66	3
3924	04:25.455	16	1,2,3,4,5	5	2
3925	04:25.899	4	2,3,5,7,8,9,10,11,16	57	4
3926	04:25.901	16	1,2,3,4,5	5	2
3927	04:26.140	2	3,4,5,6,7,8,9,16	97	3
3928	04:26.146	7	2,3,4,6,8,9,10,12,13,14	57	2
3929	04:26.148	2	3,4,5,6,7,8,9,16	5	3
3930	04:26.187	2	3,4,5,6,7,8,9,16	66	3
3931	04:26.190	16	1,2,3,4,5	5	2
3932	04:27.091	8	2,3,4,5,6,7,9,10,11,12,13,14,15	57	1
3933	04:27.093	5	2,3,4,8,9,10,11,16	5	3
3934	04:27.136	5	2,3,4,8,9,10,11,16	66	3
3935	04:27.139	16	1,2,3,4,5	5	2
3936	04:27.678	12	6,7,8,9,13,14,15	57	3
3937	04:27.680	8	2,3,4,5,6,7,9,10,11,12,13,14,15	5	1
3938	04:27.688	8	2,3,4,5,6,7,9,10,11,12,13,14,15	66	1
3939	04:27.691	5	2,3,4,8,9,10,11,16	5	3
3940	04:27.698	5	2,3,4,8,9,10,11,16	66	3
3941	04:27.701	16	1,2,3,4,5	5	2
3942	04:27.796	15	8,9,10,11,12,13,14	57	3
3943	04:27.798	8	2,3,4,5,6,7,9,10,11,12,13,14,15	5	1
3944	04:27.838	8	2,3,4,5,6,7,9,10,11,12,13,14,15	66	1
3945	04:27.841	5	2,3,4,8,9,10,11,16	5	3
3946	04:27.854	5	2,3,4,8,9,10,11,16	66	3
3947	04:27.857	16	1,2,3,4,5	5	2
3948	04:29.234	9	2,3,4,5,6,7,8,10,11,12,13,14,15	57	1
3949	04:29.236	5	2,3,4,8,9,10,11,16	5	3
3950	04:29.260	5	2,3,4,8,9,10,11,16	66	3
3951	04:29.263	16	1,2,3,4,5	5	2
3952	04:29.303	6	2,3,7,8,9,12,13	57	2
3953	04:29.305	2	3,4,5,6,7,8,9,16	5	3
3954	04:29.332	2	3,4,5,6,7,8,9,16	66	3
3955	04:29.335	16	1,2,3,4,5	5	2
3956	04:29.965	10	3,4,5,7,8,9,11,13,14,15	57	2
3957	04:29.967	5	2,3,4,8,9,10,11,16	5	3
3958	04:29.975	5	2,3,4,8,9,10,11,16	66	3
3959	04:29.978	16	1,2,3,4,5	5	2
3960	04:31.042	5	2,3,4,8,9,10,11,16	57	3
3961	04:31.044	16	1,2,3,4,5	5	2
3962	04:31.149	2	3,4,5,6,7,8,9,16	57	3
3963	04:31.151	16	1,2,3,4,5	5	2
3964	04:33.170	13	6,7,8,9,10,12,14,15	57	4
3965	04:33.172	8	2,3,4,5,6,7,9,10,11,12,13,14,15	5	1
3966	04:33.191	8	2,3,4,5,6,7,9,10,11,12,13,14,15	66	1
3967	04:33.194	5	2,3,4,8,9,10,11,16	5	3
3968	04:33.225	5	2,3,4,8,9,10,11,16	66	3
3969	04:33.228	16	1,2,3,4,5	5	2
3970	04:34.715	14	7,8,9,10,11,12,13,15	57	4
3971	04:34.717	8	2,3,4,5,6,7,9,10,11,12,13,14,15	5	1
3972	04:34.749	8	2,3,4,5,6,7,9,10,11,12,13,14,15	66	1
3973	04:34.752	5	2,3,4,8,9,10,11,16	5	3
3974	04:34.772	5	2,3,4,8,9,10,11,16	66	3
3975	04:34.775	16	1,2,3,4,5	5	2
3976	04:34.951	3	2,4,5,6,7,8,9,10,16	57	4
3977	04:34.953	16	1,2,3,4,5	5	2
3978	04:35.416	11	4,5,8,9,10,14,15	57	2
3979	04:35.418	5	2,3,4,8,9,10,11,16	5	3
3980	04:35.428	5	2,3,4,8,9,10,11,16	66	3
3981	04:35.431	16	1,2,3,4,5	5	2
3982	04:35.461	15	8,9,10,11,12,13,14	102	3
3983	04:35.465	11	4,5,8,9,10,14,15	5	2
3984	04:36.019	4	2,3,5,7,8,9,10,11,16	57	4
3985	04:36.021	16	1,2,3,4,5	5	2
3986	04:36.893	8	2,3,4,5,6,7,9,10,11,12,13,14,15	57	1
3987	04:36.895	5	2,3,4,8,9,10,11,16	5	3
3988	04:36.926	5	2,3,4,8,9,10,11,16	66	3
3989	04:36.929	16	1,2,3,4,5	5	2
3990	04:37.033	7	2,3,4,6,8,9,10,12,13,14	57	2
3991	04:37.035	2	3,4,5,6,7,8,9,16	5	3
3992	04:37.077	2	3,4,5,6,7,8,9,16	66	3
3993	04:37.080	16	1,2,3,4,5	5	2
3994	04:37.334	12	6,7,8,9,13,14,15	57	3
3995	04:37.336	8	2,3,4,5,6,7,9,10,11,12,13,14,15	5	1
3996	04:37.353	8	2,3,4,5,6,7,9,10,11,12,13,14,15	66	1
3997	04:37.356	5	2,3,4,8,9,10,11,16	5	3
3998	04:37.370	5	2,3,4,8,9,10,11,16	66	3
3999	04:37.373	16	1,2,3,4,5	5	2
4000	04:37.499	15	8,9,10,11,12,13,14	57	3
4001	04:37.501	8	2,3,4,5,6,7,9,10,11,12,13,14,15	5	1
4002	04:37.540	8	2,3,4,5,6,7,9,10,11,12,13,14,15	66	1
4003	04:37.543	5	2,3,4,8,9,10,11,16	5	3
4004	04:37.547	5	2,3,4,8,9,10,11,16	66	3
4005	04:37.550	16	1,2,3,4,5	5	2
4006	04:38.167	12	6,7,8,9,13,14,15	102	3
4007	04:38.171	9	2,3,4,5,6,7,8,10,11,12,13,14,15	5	1
4008	04:39.244	6	2,3,7,8,9,12,13	57	2
4009	04:39.246	2	3,4,5,6,7,8,9,16	5	3
4010	04:39.280	2	3,4,5,6,7,8,9,16	66	3
4011	04:39.283	16	1,2,3,4,5	5	2
4012	04:39.374	9	2,3,4,5,6,7,8,10,11,12,13,14,15	57	1
4013	04:39.376	5	2,3,4,8,9,10,11,16	5	3
4014	04:39.394	5	2,3,4,8,9,10,11,16	66	3
4015	04:39.397	16	1,2,3,4,5	5	2
4016	04:39.430	4	2,3,5,7,8,9,10,11,16	97	4
4017	04:40.200	10	3,4,5,7,8,9,11,13,14,15	57	2
4018	04:40.202	5	2,3,4,8,9,10,11,16	5	3
4019	04:40.217	5	2,3,4,8,9,10,11,16	66	3
4020	04:40.220	16	1,2,3,4,5	5	2
4021	04:40.455	8	2,3,4,5,6,7,9,10,11,12,13,14,15	102	1
4022	04:40.459	11	4,5,8,9,10,14,15	5	2
4023	04:40.486	8	2,3,4,5,6,7,9,10,11,12,13,14,15	97	1
4024	04:41.129	2	3,4,5,6,7,8,9,16	57	3
4025	04:41.131	16	1,2,3,4,5	5	2
4026	04:41.427	5	2,3,4,8,9,10,11,16	57	3
4027	04:41.429	16	1,2,3,4,5	5	2
4028	04:42.928	13	6,7,8,9,10,12,14,15	57	4
4029	04:42.930	8	2,3,4,5,6,7,9,10,11,12,13,14,15	5	1
4030	04:42.934	8	2,3,4,5,6,7,9,10,11,12,13,14,15	66	1
4031	04:42.937	5	2,3,4,8,9,10,11,16	5	3
4032	04:42.974	5	2,3,4,8,9,10,11,16	66	3
4033	04:42.977	16	1,2,3,4,5	5	2
4034	04:44.107	3	2,4,5,6,7,8,9,10,16	57	4
4035	04:44.109	16	1,2,3,4,5	5	2
4036	04:44.227	5	2,3,4,8,9,10,11,16	97	3
4037	04:45.021	11	4,5,8,9,10,14,15	57	2
4038	04:45.023	5	2,3,4,8,9,10,11,16	5	3
4039	04:45.051	5	2,3,4,8,9,10,11,16	66	3
4040	04:45.054	16	1,2,3,4,5	5	2
4041	04:45.517	14	7,8,9,10,11,12,13,15	57	4
4042	04:45.519	8	2,3,4,5,6,7,9,10,11,12,13,14,15	5	1
4043	04:45.523	8	2,3,4,5,6,7,9,10,11,12,13,14,15	66	1
4044	04:45.526	5	2,3,4,8,9,10,11,16	5	3
4045	04:45.537	5	2,3,4,8,9,10,11,16	66	3
4046	04:45.540	16	1,2,3,4,5	5	2
4047	04:45.675	14	7,8,9,10,11,12,13,15	102	4
4048	04:45.679	11	4,5,8,9,10,14,15	5	2
4049	04:45.744	4	2,3,5,7,8,9,10,11,16	57	4
4050	04:45.746	16	1,2,3,4,5	5	2
4051	04:46.835	15	8,9,10,11,12,13,14	57	3
4052	04:46.837	8	2,3,4,5,6,7,9,10,11,12,13,14,15	5	1
4053	04:46.876	8	2,3,4,5,6,7,9,10,11,12,13,14,15	66	1
4054	04:46.879	5	2,3,4,8,9,10,11,16	5	3
4055	04:46.899	5	2,3,4,8,9,10,11,16	66	3
4056	04:46.902	16	1,2,3,4,5	5	2
4057	04:47.569	7	2,3,4,6,8,9,10,12,13,14	57	2
4058	04:47.571	2	3,4,5,6,7,8,9,16	5	3
4059	04:47.592	2	3,4,5,6,7,8,9,16	66	3
4060	04:47.595	16	1,2,3,4,5	5	2
4061	04:47.833	8	2,3,4,5,6,7,9,10,11,12,13,14,15	57	1
4062	04:47.835	5	2,3,4,8,9,10,11,16	5	3
4063	04:47.838	5	2,3,4,8,9,10,11,16	66	3
4064	04:47.841	16	1,2,3,4,5	5	2
4065	04:48.048	12	6,7,8,9,13,14,15	57	3
4066	04:48.050	8	2,3,4,5,6,7,9,10,11,12,13,14,15	5	1
4067	04:48.063	8	2,3,4,5,6,7,9,10,11,12,13,14,15	66	1
4068	04:48.066	5	2,3,4,8,9,10,11,16	5	3
4069	04:48.090	5	2,3,4,8,9,10,11,16	66	3
4070	04:48.093	16	1,2,3,4,5	5	2
4071	04:48.628	7	2,3,4,6,8,9,10,12,13,14	97	2
4072	04:49.541	15	8,9,10,11,12,13,14	97	3
4073	04:49.707	9	2,3,4,5,6,7,8,10,11,12,13,14,15	57	1
4074	04:49.709	5	2,3,4,8,9,10,11,16	5	3
4075	04:49.716	5	2,3,4,8,9,10,11,16	66	3
4076	04:49.719	16	1,2,3,4,5	5	2
4077	04:49.994	6	2,3,7,8,9,12,13	57	2
4078	04:49.996	2	3,4,5,6,7,8,9,16	5	3
4079	04:50.005	2	3,4,5,6,7,8,9,16	66	3
4080	04:50.008	16	1,2,3,4,5	5	2
4081	04:50.256	6	2,3,7,8,9,12,13	97	2
4082	04:50.411	10	3,4,5,7,8,9,11,13,14,15	57	2
4083	04:50.413	5	2,3,4,8,9,10,11,16	5	3
4084	04:50.423	5	2,3,4,8,9,10,11,16	66	3
4085	04:50.426	16	1,2,3,4,5	5	2
4086	04:52.026	2	3,4,5,6,7,8,9,16	57	3
4087	04:52.028	16	1,2,3,4,5	5	2
4088	04:52.328	5	2,3,4,8,9,10,11,16	57	3
4089	04:52.330	16	1,2,3,4,5	5	2
4090	04:52.348	3	2,4,5,6,7,8,9,10,16	97	4
4091	04:52.401	13	6,7,8,9,10,12,14,15	57	4
4092	04:52.403	8	2,3,4,5,6,7,9,10,11,12,13,14,15	5	1
4093	04:52.414	8	2,3,4,5,6,7,9,10,11,12,13,14,15	66	1
4094	04:52.417	5	2,3,4,8,9,10,11,16	5	3
4095	04:52.442	5	2,3,4,8,9,10,11,16	66	3
4096	04:52.445	16	1,2,3,4,5	5	2
4097	04:52.577	13	6,7,8,9,10,12,14,15	97	4
4098	04:52.733	2	3,4,5,6,7,8,9,16	102	3
4099	04:52.737	5	2,3,4,8,9,10,11,16	5	3
4100	04:54.966	11	4,5,8,9,10,14,15	57	2
4101	04:54.968	5	2,3,4,8,9,10,11,16	5	3
4102	04:54.981	5	2,3,4,8,9,10,11,16	66	3
4103	04:54.984	16	1,2,3,4,5	5	2
4104	04:55.031	3	2,4,5,6,7,8,9,10,16	57	4
4105	04:55.033	16	1,2,3,4,5	5	2
4106	04:55.194	14	7,8,9,10,11,12,13,15	57	4
4107	04:55.196	8	2,3,4,5,6,7,9,10,11,12,13,14,15	5	1
4108	04:55.203	8	2,3,4,5,6,7,9,10,11,12,13,14,15	66	1
4109	04:55.206	5	2,3,4,8,9,10,11,16	5	3
4110	04:55.211	5	2,3,4,8,9,10,11,16	66	3
4111	04:55.214	16	1,2,3,4,5	5	2
4112	04:55.394	4	2,3,5,7,8,9,10,11,16	57	4
4113	04:55.396	16	1,2,3,4,5	5	2
4114	04:55.854	10	3,4,5,7,8,9,11,13,14,15	102	2
4115	04:55.858	3	2,4,5,6,7,8,9,10,16	5	4
4116	04:56.732	6	2,3,7,8,9,12,13	102	2
4117	04:56.736	3	2,4,5,6,7,8,9,10,16	5	4
4118	04:56.760	15	8,9,10,11,12,13,14	57	3
4119	04:56.762	8	2,3,4,5,6,7,9,10,11,12,13,14,15	5	1
4120	04:56.782	8	2,3,4,5,6,7,9,10,11,12,13,14,15	66	1
4121	04:56.785	5	2,3,4,8,9,10,11,16	5	3
4122	04:56.812	5	2,3,4,8,9,10,11,16	66	3
4123	04:56.815	16	1,2,3,4,5	5	2
4124	04:57.076	7	2,3,4,6,8,9,10,12,13,14	57	2
4125	04:57.078	2	3,4,5,6,7,8,9,16	5	3
4126	04:57.120	2	3,4,5,6,7,8,9,16	66	3
4127	04:57.123	16	1,2,3,4,5	5	2
4128	04:57.229	12	6,7,8,9,13,14,15	57	3
4129	04:57.231	8	2,3,4,5,6,7,9,10,11,12,13,14,15	5	1
4130	04:57.251	8	2,3,4,5,6,7,9,10,11,12,13,14,15	66	1
4131	04:57.254	5	2,3,4,8,9,10,11,16	5	3
4132	04:57.287	5	2,3,4,8,9,10,11,16	66	3
4133	04:57.290	16	1,2,3,4,5	5	2
4134	04:57.801	8	2,3,4,5,6,7,9,10,11,12,13,14,15	57	1
4135	04:57.803	5	2,3,4,8,9,10,11,16	5	3
4136	04:57.813	5	2,3,4,8,9,10,11,16	66	3
4137	04:57.816	16	1,2,3,4,5	5	2
4138	04:58.735	11	4,5,8,9,10,14,15	97	2
4139	04:59.290	9	2,3,4,5,6,7,8,10,11,12,13,14,15	57	1
4140	04:59.292	5	2,3,4,8,9,10,11,16	5	3
4141	04:59.334	5	2,3,4,8,9,10,11,16	66	3
4142	04:59.337	16	1,2,3,4,5	5	2
4143	05:00.907	6	2,3,7,8,9,12,13	57	2
4144	05:00.909	2	3,4,5,6,7,8,9,16	5	3
4145	05:00.917	2	3,4,5,6,7,8,9,16	66	3
4146	05:00.920	16	1,2,3,4,5	5	2
4147	05:01.332	10	3,4,5,7,8,9,11,13,14,15	57	2
4148	05:01.334	5	2,3,4,8,9,10,11,16	5	3
4149	05:01.369	5	2,3,4,8,9,10,11,16	66	3
4150	05:01.372	16	1,2,3,4,5	5	2
4151	05:01.384	2	3,4,5,6,7,8,9,16	57	3
4152	05:01.386	16	1,2,3,4,5	5	2
4153	05:01.883	13	6,7,8,9,10,12,14,15	57	4
4154	05:01.885	8	2,3,4,5,6,7,9,10,11,12,13,14,15	5	1
4155	05:01.919	4	2,3,5,7,8,9,10,11,16	102	4
4156	05:01.923	2	3,4,5,6,7,8,9,16	5	3
4157	05:01.940	8	2,3,4,5,6,7,9,10,11,12,13,14,15	66	1
4158	05:01.943	5	2,3,4,8,9,10,11,16	5	3
4159	05:01.979	5	2,3,4,8,9,10,11,16	66	3
4160	05:01.982	16	1,2,3,4,5	5	2
4161	05:02.303	5	2,3,4,8,9,10,11,16	57	3
4162	05:02.305	16	1,2,3,4,5	5	2
4163	05:04.267	11	4,5,8,9,10,14,15	57	2
4164	05:04.269	5	2,3,4,8,9,10,11,16	5	3
4165	05:04.275	5	2,3,4,8,9,10,11,16	66	3
4166	05:04.278	16	1,2,3,4,5	5	2
4167	05:04.429	3	2,4,5,6,7,8,9,10,16	57	4
4168	05:04.431	16	1,2,3,4,5	5	2
4169	05:04.556	4	2,3,5,7,8,9,10,11,16	57	4
4170	05:04.558	16	1,2,3,4,5	5	2
4171	05:04.659	14	7,8,9,10,11,12,13,15	57	4
4172	05:04.661	8	2,3,4,5,6,7,9,10,11,12,13,14,15	5	1
4173	05:04.678	8	2,3,4,5,6,7,9,10,11,12,13,14,15	66	1
4174	05:04.681	5	2,3,4,8,9,10,11,16	5	3
4175	05:04.718	5	2,3,4,8,9,10,11,16	66	3
4176	05:04.721	16	1,2,3,4,5	5	2
4177	05:04.952	12	6,7,8,9,13,14,15	97	3
4178	05:06.239	7	2,3,4,6,8,9,10,12,13,14	57	2
4179	05:06.241	2	3,4,5,6,7,8,9,16	5	3
4180	05:06.245	15	8,9,10,11,12,13,14	57	3
4181	05:06.247	8	2,3,4,5,6,7,9,10,11,12,13,14,15	5	1
4182	05:06.254	7	2,3,4,6,8,9,10,12,13,14	102	2
4183	05:06.258	14	7,8,9,10,11,12,13,15	5	4
4184	05:06.289	8	2,3,4,5,6,7,9,10,11,12,13,14,15	66	1
4185	05:06.292	5	2,3,4,8,9,10,11,16	5	3
4186	05:06.322	5	2,3,4,8,9,10,11,16	66	3
4187	05:06.325	16	1,2,3,4,5	5	2
4188	05:06.334	2	3,4,5,6,7,8,9,16	66	3
4189	05:06.337	16	1,2,3,4,5	5	2
4190	05:06.516	5	2,3,4,8,9,10,11,16	102	3
4191	05:06.520	2	3,4,5,6,7,8,9,16	5	3
4192	05:06.913	12	6,7,8,9,13,14,15	57	3
4193	05:06.915	8	2,3,4,5,6,7,9,10,11,12,13,14,15	5	1
4194	05:06.926	8	2,3,4,5,6,7,9,10,11,12,13,14,15	66	1
4195	05:06.929	5	2,3,4,8,9,10,11,16	5	3
4196	05:06.942	5	2,3,4,8,9,10,11,16	66	3
4197	05:06.945	16	1,2,3,4,5	5	2
4198	05:07.466	8	2,3,4,5,6,7,9,10,11,12,13,14,15	57	1
4199	05:07.468	5	2,3,4,8,9,10,11,16	5	3
4200	05:07.486	5	2,3,4,8,9,10,11,16	66	3
4201	05:07.489	16	1,2,3,4,5	5	2
4202	05:07.940	13	6,7,8,9,10,12,14,15	102	4
4203	05:07.944	14	7,8,9,10,11,12,13,15	5	4
4204	05:08.750	9	2,3,4,5,6,7,8,10,11,12,13,14,15	57	1
4205	05:08.752	5	2,3,4,8,9,10,11,16	5	3
4206	05:08.756	5	2,3,4,8,9,10,11,16	66	3
4207	05:08.759	16	1,2,3,4,5	5	2
4208	05:10.389	10	3,4,5,7,8,9,11,13,14,15	57	2
4209	05:10.391	5	2,3,4,8,9,10,11,16	5	3
4210	05:10.431	5	2,3,4,8,9,10,11,16	66	3
4211	05:10.434	16	1,2,3,4,5	5	2
4212	05:10.529	6	2,3,7,8,9,12,13	57	2
4213	05:10.531	2	3,4,5,6,7,8,9,16	5	3
4214	05:10.552	2	3,4,5,6,7,8,9,16	66	3
4215	05:10.555	16	1,2,3,4,5	5	2
4216	05:12.268	13	6,7,8,9,10,12,14,15	57	4
4217	05:12.270	8	2,3,4,5,6,7,9,10,11,12,13,14,15	5	1
4218	05:12.304	8	2,3,4,5,6,7,9,10,11,12,13,14,15	66	1
4219	05:12.307	5	2,3,4,8,9,10,11,16	5	3
4220	05:12.334	5	2,3,4,8,9,10,11,16	66	3
4221	05:12.337	16	1,2,3,4,5	5	2
4222	05:12.376	2	3,4,5,6,7,8,9,16	57	3
4223	05:12.378	16	1,2,3,4,5	5	2
4224	05:12.538	5	2,3,4,8,9,10,11,16	57	3
4225	05:12.540	16	1,2,3,4,5	5	2
4226	05:13.914	9	2,3,4,5,6,7,8,10,11,12,13,14,15	102	1
4227	05:13.918	2	3,4,5,6,7,8,9,16	5	3
4228	05:14.192	14	7,8,9,10,11,12,13,15	57	4
4229	05:14.194	8	2,3,4,5,6,7,9,10,11,12,13,14,15	5	1
4230	05:14.218	8	2,3,4,5,6,7,9,10,11,12,13,14,15	66	1
4231	05:14.221	5	2,3,4,8,9,10,11,16	5	3
4232	05:14.261	5	2,3,4,8,9,10,11,16	66	3
4233	05:14.264	16	1,2,3,4,5	5	2
4234	05:14.763	3	2,4,5,6,7,8,9,10,16	57	4
4235	05:14.765	16	1,2,3,4,5	5	2
4236	05:15.133	11	4,5,8,9,10,14,15	57	2
4237	05:15.135	5	2,3,4,8,9,10,11,16	5	3
4238	05:15.158	5	2,3,4,8,9,10,11,16	66	3
4239	05:15.161	16	1,2,3,4,5	5	2
4240	05:15.360	4	2,3,5,7,8,9,10,11,16	57	4
4241	05:15.362	16	1,2,3,4,5	5	2
4242	05:15.605	7	2,3,4,6,8,9,10,12,13,14	57	2
4243	05:15.607	2	3,4,5,6,7,8,9,16	5	3
4244	05:15.643	2	3,4,5,6,7,8,9,16	66	3
4245	05:15.646	16	1,2,3,4,5	5	2
4246	05:16.189	15	8,9,10,11,12,13,14	57	3
4247	05:16.191	8	2,3,4,5,6,7,9,10,11,12,13,14,15	5	1
4248	05:16.206	8	2,3,4,5,6,7,9,10,11,12,13,14,15	66	1
4249	05:16.209	5	2,3,4,8,9,10,11,16	5	3
4250	05:16.218	5	2,3,4,8,9,10,11,16	66	3
4251	05:16.221	16	1,2,3,4,5	5	2
4252	05:16.856	12	6,7,8,9,13,14,15	57	3
4253	05:16.858	8	2,3,4,5,6,7,9,10,11,12,13,14,15	5	1
4254	05:16.895	8	2,3,4,5,6,7,9,10,11,12,13,14,15	66	1
4255	05:16.898	5	2,3,4,8,9,10,11,16	5	3
4256	05:16.915	5	2,3,4,8,9,10,11,16	66	3
4257	05:16.918	16	1,2,3,4,5	5	2
4258	05:17.642	8	2,3,4,5,6,7,9,10,11,12,13,14,15	57	1
4259	05:17.644	5	2,3,4,8,9,10,11,16	5	3
4260	05:17.656	5	2,3,4,8,9,10,11,16	66	3
4261	05:17.659	16	1,2,3,4,5	5	2
4262	05:19.638	9	2,3,4,5,6,7,8,10,11,12,13,14,15	57	1
4263	05:19.640	5	2,3,4,8,9,10,11,16	5	3
4264	05:19.681	5	2,3,4,8,9,10,11,16	66	3
4265	05:19.684	16	1,2,3,4,5	5	2
4266	05:20.118	6	2,3,7,8,9,12,13	57	2
4267	05:20.120	2	3,4,5,6,7,8,9,16	5	3
4268	05:20.134	2	3,4,5,6,7,8,9,16	66	3
4269	05:20.137	16	1,2,3,4,5	5	2
4270	05:21.090	10	3,4,5,7,8,9,11,13,14,15	57	2
4271	05:21.092	5	2,3,4,8,9,10,11,16	5	3
4272	05:21.128	5	2,3,4,8,9,10,11,16	66	3
4273	05:21.131	16	1,2,3,4,5	5	2
4274	05:21.630	5	2,3,4,8,9,10,11,16	57	3
4275	05:21.632	16	1,2,3,4,5	5	2
4276	05:21.946	13	6,7,8,9,10,12,14,15	57	4
4277	05:21.948	8	2,3,4,5,6,7,9,10,11,12,13,14,15	5	1
4278	05:21.960	8	2,3,4,5,6,7,9,10,11,12,13,14,15	66	1
4279	05:21.963	5	2,3,4,8,9,10,11,16	5	3
4280	05:21.982	5	2,3,4,8,9,10,11,16	66	3
4281	05:21.985	16	1,2,3,4,5	5	2
4282	05:22.156	2	3,4,5,6,7,8,9,16	57	3
4283	05:22.158	16	1,2,3,4,5	5	2
4284	05:24.418	4	2,3,5,7,8,9,10,11,16	57	4
4285	05:24.420	16	1,2,3,4,5	5	2
4286	05:24.640	3	2,4,5,6,7,8,9,10,16	57	4
4287	05:24.642	16	1,2,3,4,5	5	2
4288	05:24.769	14	7,8,9,10,11,12,13,15	57	4
4289	05:24.771	8	2,3,4,5,6,7,9,10,11,12,13,14,15	5	1
4290	05:24.776	8	2,3,4,5,6,7,9,10,11,12,13,14,15	66	1
4291	05:24.779	5	2,3,4,8,9,10,11,16	5	3
4292	05:24.797	5	2,3,4,8,9,10,11,16	66	3
4293	05:24.800	16	1,2,3,4,5	5	2
4294	05:25.026	11	4,5,8,9,10,14,15	57	2
4295	05:25.028	5	2,3,4,8,9,10,11,16	5	3
4296	05:25.064	5	2,3,4,8,9,10,11,16	66	3
4297	05:25.067	16	1,2,3,4,5	5	2
4298	05:25.574	11	4,5,8,9,10,14,15	102	2
4299	05:25.578	4	2,3,5,7,8,9,10,11,16	5	4
4300	05:25.832	7	2,3,4,6,8,9,10,12,13,14	57	2
4301	05:25.834	2	3,4,5,6,7,8,9,16	5	3
4302	05:25.838	2	3,4,5,6,7,8,9,16	66	3
4303	05:25.841	16	1,2,3,4,5	5	2
4304	05:26.419	12	6,7,8,9,13,14,15	57	3
4305	05:26.421	8	2,3,4,5,6,7,9,10,11,12,13,14,15	5	1
4306	05:26.437	8	2,3,4,5,6,7,9,10,11,12,13,14,15	66	1
4307	05:26.440	5	2,3,4,8,9,10,11,16	5	3
4308	05:26.448	5	2,3,4,8,9,10,11,16	66	3
4309	05:26.451	16	1,2,3,4,5	5	2
4310	05:26.514	15	8,9,10,11,12,13,14	57	3
4311	05:26.516	8	2,3,4,5,6,7,9,10,11,12,13,14,15	5	1
4312	05:26.541	8	2,3,4,5,6,7,9,10,11,12,13,14,15	66	1
4313	05:26.544	5	2,3,4,8,9,10,11,16	5	3
4314	05:26.550	5	2,3,4,8,9,10,11,16	66	3
4315	05:26.553	16	1,2,3,4,5	5	2
4316	05:27.429	8	2,3,4,5,6,7,9,10,11,12,13,14,15	57	1
4317	05:27.431	5	2,3,4,8,9,10,11,16	5	3
4318	05:27.471	5	2,3,4,8,9,10,11,16	66	3
4319	05:27.474	16	1,2,3,4,5	5	2
4320	05:29.861	6	2,3,7,8,9,12,13	57	2
4321	05:29.863	2	3,4,5,6,7,8,9,16	5	3
4322	05:29.906	2	3,4,5,6,7,8,9,16	66	3
4323	05:29.909	16	1,2,3,4,5	5	2
4324	05:30.085	9	2,3,4,5,6,7,8,10,11,12,13,14,15	57	1
4325	05:30.087	5	2,3,4,8,9,10,11,16	5	3
4326	05:30.126	5	2,3,4,8,9,10,11,16	66	3
4327	05:30.129	16	1,2,3,4,5	5	2
4328	05:30.251	10	3,4,5,7,8,9,11,13,14,15	57	2
4329	05:30.253	5	2,3,4,8,9,10,11,16	5	3
4330	05:30.268	5	2,3,4,8,9,10,11,16	66	3
4331	05:30.271	16	1,2,3,4,5	5	2
4332	05:30.985	13	6,7,8,9,10,12,14,15	57	4
4333	05:30.987	8	2,3,4,5,6,7,9,10,11,12,13,14,15	5	1
4334	05:30.992	8	2,3,4,5,6,7,9,10,11,12,13,14,15	66	1
4335	05:30.995	5	2,3,4,8,9,10,11,16	5	3
4336	05:31.027	5	2,3,4,8,9,10,11,16	66	3
4337	05:31.030	16	1,2,3,4,5	5	2
4338	05:31.211	2	3,4,5,6,7,8,9,16	57	3
4339	05:31.213	16	1,2,3,4,5	5	2
4340	05:31.960	5	2,3,4,8,9,10,11,16	57	3
4341	05:31.962	16	1,2,3,4,5	5	2
4342	05:32.186	15	8,9,10,11,12,13,14	102	3
4343	05:32.190	14	7,8,9,10,11,12,13,15	5	4
4344	05:34.026	3	2,4,5,6,7,8,9,10,16	57	4
4345	05:34.028	16	1,2,3,4,5	5	2
4346	05:34.508	14	7,8,9,10,11,12,13,15	57	4
4347	05:34.510	8	2,3,4,5,6,7,9,10,11,12,13,14,15	5	1
4348	05:34.550	8	2,3,4,5,6,7,9,10,11,12,13,14,15	66	1
4349	05:34.553	5	2,3,4,8,9,10,11,16	5	3
4350	05:34.575	5	2,3,4,8,9,10,11,16	66	3
4351	05:34.578	16	1,2,3,4,5	5	2
4352	05:35.227	4	2,3,5,7,8,9,10,11,16	57	4
4353	05:35.229	16	1,2,3,4,5	5	2
4354	05:35.495	11	4,5,8,9,10,14,15	57	2
4355	05:35.497	5	2,3,4,8,9,10,11,16	5	3
4356	05:35.529	5	2,3,4,8,9,10,11,16	66	3
4357	05:35.532	16	1,2,3,4,5	5	2
4358	05:35.892	15	8,9,10,11,12,13,14	57	3
4359	05:35.894	8	2,3,4,5,6,7,9,10,11,12,13,14,15	5	1
4360	05:35.898	8	2,3,4,5,6,7,9,10,11,12,13,14,15	66	1
4361	05:35.901	5	2,3,4,8,9,10,11,16	5	3
4362	05:35.919	5	2,3,4,8,9,10,11,16	66	3
4363	05:35.922	16	1,2,3,4,5	5	2
4364	05:36.215	12	6,7,8,9,13,14,15	57	3
4365	05:36.217	8	2,3,4,5,6,7,9,10,11,12,13,14,15	5	1
4366	05:36.257	8	2,3,4,5,6,7,9,10,11,12,13,14,15	66	1
4367	05:36.260	5	2,3,4,8,9,10,11,16	5	3
4368	05:36.277	5	2,3,4,8,9,10,11,16	66	3
4369	05:36.280	16	1,2,3,4,5	5	2
4370	05:36.469	7	2,3,4,6,8,9,10,12,13,14	57	2
4371	05:36.471	2	3,4,5,6,7,8,9,16	5	3
4372	05:36.488	2	3,4,5,6,7,8,9,16	66	3
4373	05:36.491	16	1,2,3,4,5	5	2
4374	05:37.596	8	2,3,4,5,6,7,9,10,11,12,13,14,15	57	1
4375	05:37.598	5	2,3,4,8,9,10,11,16	5	3
4376	05:37.623	5	2,3,4,8,9,10,11,16	66	3
4377	05:37.626	16	1,2,3,4,5	5	2
4378	05:37.694	3	2,4,5,6,7,8,9,10,16	102	4
4379	05:37.698	4	2,3,5,7,8,9,10,11,16	5	4
4380	05:38.970	6	2,3,7,8,9,12,13	57	2
4381	05:38.972	2	3,4,5,6,7,8,9,16	5	3
4382	05:38.980	2	3,4,5,6,7,8,9,16	66	3
4383	05:38.983	16	1,2,3,4,5	5	2
4384	05:40.325	13	6,7,8,9,10,12,14,15	57	4
4385	05:40.327	8	2,3,4,5,6,7,9,10,11,12,13,14,15	5	1
4386	05:40.365	8	2,3,4,5,6,7,9,10,11,12,13,14,15	66	1
4387	05:40.368	5	2,3,4,8,9,10,11,16	5	3
4388	05:40.378	5	2,3,4,8,9,10,11,16	66	3
4389	05:40.381	16	1,2,3,4,5	5	2
4390	05:40.663	10	3,4,5,7,8,9,11,13,14,15	57	2
4391	05:40.665	5	2,3,4,8,9,10,11,16	5	3
4392	05:40.702	5	2,3,4,8,9,10,11,16	66	3
4393	05:40.705	16	1,2,3,4,5	5	2
4394	05:40.781	9	2,3,4,5,6,7,8,10,11,12,13,14,15	57	1
4395	05:40.783	5	2,3,4,8,9,10,11,16	5	3
4396	05:40.817	5	2,3,4,8,9,10,11,16	66	3
4397	05:40.820	16	1,2,3,4,5	5	2
4398	05:42.067	2	3,4,5,6,7,8,9,16	57	3
4399	05:42.069	16	1,2,3,4,5	5	2
4400	05:42.827	5	2,3,4,8,9,10,11,16	57	3
4401	05:42.829	16	1,2,3,4,5	5	2
4402	05:43.904	3	2,4,5,6,7,8,9,10,16	57	4
4403	05:43.906	16	1,2,3,4,5	5	2
4404	05:44.015	14	7,8,9,10,11,12,13,15	57	4
4405	05:44.017	8	2,3,4,5,6,7,9,10,11,12,13,14,15	5	1
4406	05:44.054	8	2,3,4,5,6,7,9,10,11,12,13,14,15	66	1
4407	05:44.057	5	2,3,4,8,9,10,11,16	5	3
4408	05:44.085	5	2,3,4,8,9,10,11,16	66	3
4409	05:44.088	16	1,2,3,4,5	5	2
4410	05:45.037	11	4,5,8,9,10,14,15	57	2
4411	05:45.039	5	2,3,4,8,9,10,11,16	5	3
4412	05:45.068	5	2,3,4,16	66	7
4413	05:45.069	15	12,13	57	8
4414	05:45.071	16	1,2,3,4,5	5	2
4415	05:45.099	15	8,9,10,11,12,13,14	57	3
4416	05:45.101	8	2,3,4,5,6,7,9,10,11,12,13,14,15	5	1
4417	05:45.114	8	2,3,4,5,6,7,9,10,11,12,13,14,15	66	1
4418	05:45.117	5	2,3,4,8,9,10,11,16	5	3
4419	05:45.128	5	2,3,4,8,9,10,11,16	66	3
4420	05:45.131	16	1,2,3,4,5	5	2
4421	05:45.171	4	2,3,5,7,8,9,10,11,16	57	4
4422	05:45.173	16	1,2,3,4,5	5	2
4423	05:45.216	12	6,7,8,9,13,14,15	57	3
4424	05:45.218	8	2,3,4,5,6,7,9,10,11,12,13,14,15	5	1
4425	05:45.258	8	2,3,4,5,6,7,9,10,11,12,13,14,15	66	1
4426	05:45.261	5	2,3,4,8,9,10,11,16	5	3
4427	05:45.287	5	2,3,4,8,9,10,11,16	66	3
4428	05:45.290	16	1,2,3,4,5	5	2
4429	05:46.411	7	2,3,4,6,8,9,10,12,13,14	57	2
4430	05:46.413	2	3,4,5,6,7,8,9,16	5	3
4431	05:46.455	2	3,4,5,6,7,8,9,16	66	3
4432	05:46.458	16	1,2,3,4,5	5	2
4433	05:46.891	8	2,3,4,5,6,7,9,10,11,12,13,14,15	57	1
4434	05:46.893	5	2,3,4,8,9,10,11,16	5	3
4435	05:46.909	5	2,3,4,8,9,10,11,16	66	3
4436	05:46.912	16	1,2,3,4,5	5	2
4437	05:49.958	6	2,3,7,8,9,12,13	57	2
4438	05:49.960	2	3,4,5,6,7,8,9,16	5	3
4439	05:49.988	2	3,4,5,6,7,8,9,16	66	3
4440	05:49.991	16	1,2,3,4,5	5	2
4441	05:50.051	12	6,7,8,9,13,14,15	102	3
4442	05:50.055	9	2,3,4,5,6,7,8,10,11,12,13,14,15	5	1
4443	05:50.121	10	3,4,5,7,8,9,11,13,14,15	57	2
4444	05:50.123	5	2,3,4,8,9,10,11,16	5	3
4445	05:50.159	5	2,3,4,8,9,10,11,16	66	3
4446	05:50.162	16	1,2,3,4,5	5	2
4447	05:50.740	13	6,7,8,9,10,12,14,15	57	4
4448	05:50.742	8	2,3,4,5,6,7,9,10,11,12,13,14,15	5	1
4449	05:50.745	8	2,3,4,5,6,7,9,10,11,12,13,14,15	66	1
4450	05:50.748	5	2,3,4,8,9,10,11,16	5	3
4451	05:50.770	5	2,3,4,8,9,10,11,16	66	3
4452	05:50.773	16	1,2,3,4,5	5	2
4453	05:50.869	9	2,3,4,5,6,7,8,10,11,12,13,14,15	57	1
4454	05:50.871	5	2,3,4,8,9,10,11,16	5	3
4455	05:50.874	5	2,3,4,8,9,10,11,16	66	3
4456	05:50.877	16	1,2,3,4,5	5	2
4457	05:51.513	2	3,4,5,6,7,8,9,16	57	3
4458	05:51.515	16	1,2,3,4,5	5	2
4459	05:52.796	5	2,3,4,8,9,10,11,16	57	3
4460	05:52.798	16	1,2,3,4,5	5	2
4461	05:53.040	14	7,8,9,10,11,12,13,15	57	4
4462	05:53.042	8	2,3,4,5,6,7,9,10,11,12,13,14,15	5	1
4463	05:53.057	8	2,3,4,5,6,7,9,10,11,12,13,14,15	66	1
4464	05:53.060	5	2,3,4,8,9,10,11,16	5	3
4465	05:53.077	5	2,3,4,8,9,10,11,16	66	3
4466	05:53.080	16	1,2,3,4,5	5	2
4467	05:53.332	13	6,7,8,9,10,12,14,15	102	4
4468	05:53.336	10	3,4,5,7,8,9,11,13,14,15	5	2
4469	05:54.692	11	4,5,8,9,10,14,15	57	2
4470	05:54.694	5	2,3,4,8,9,10,11,16	5	3
4471	05:54.725	5	2,3,4,8,9,10,11,16	66	3
4472	05:54.728	16	1,2,3,4,5	5	2
4473	05:54.791	3	2,4,5,6,7,8,9,10,16	57	4
4474	05:54.793	16	1,2,3,4,5	5	2
4475	05:54.803	4	2,3,5,7,8,9,10,11,16	57	4
4476	05:54.805	16	1,2,3,4,5	5	2
4477	05:54.963	15	8,9,10,11,12,13,14	57	3
4478	05:54.965	8	2,3,4,5,6,7,9,10,11,12,13,14,15	5	1
4479	05:55.008	8	2,3,4,5,6,7,9,10,11,12,13,14,15	66	1
4480	05:55.011	5	2,3,4,8,9,10,11,16	5	3
4481	05:55.030	5	2,3,4,8,9,10,11,16	66	3
4482	05:55.033	16	1,2,3,4,5	5	2
4483	05:55.420	7	2,3,4,6,8,9,10,12,13,14	57	2
4484	05:55.422	2	3,4,5,6,7,8,9,16	5	3
4485	05:55.430	2	3,4,5,6,7,8,9,16	66	3
4486	05:55.433	16	1,2,3,4,5	5	2
4487	05:55.646	8	2,3,4,5,6,7,9,10,11,12,13,14,15	102	1
4488	05:55.650	4	2,3,5,7,8,9,10,11,16	5	4
4489	05:55.810	12	6,7,8,9,13,14,15	57	3
4490	05:55.812	8	2,3,4,5,6,7,9,10,11,12,13,14,15	5	1
4491	05:55.828	8	2,3,4,5,6,7,9,10,11,12,13,14,15	66	1
4492	05:55.831	5	2,3,4,8,9,10,11,16	5	3
4493	05:55.858	5	2,3,4,8,9,10,11,16	66	3
4494	05:55.861	16	1,2,3,4,5	5	2
4495	05:56.158	8	2,3,4,5,6,7,9,10,11,12,13,14,15	57	1
4496	05:56.160	5	2,3,4,8,9,10,11,16	5	3
4497	05:56.163	5	2,3,4,8,9,10,11,16	66	3
4498	05:56.166	16	1,2,3,4,5	5	2
4499	05:59.018	6	2,3,7,8,9,12,13	57	2
4500	05:59.020	2	3,4,5,6,7,8,9,16	5	3
4501	05:59.038	6	2,3,7,8,9,12,13	102	2
4502	05:59.042	9	2,3,4,5,6,7,8,10,11,12,13,14,15	5	1
4503	05:59.056	2	3,4,5,6,7,8,9,16	66	3
4504	05:59.059	16	1,2,3,4,5	5	2
4505	05:59.941	9	2,3,4,5,6,7,8,10,11,12,13,14,15	57	1
4506	05:59.943	5	2,3,4,8,9,10,11,16	5	3
4507	05:59.948	5	2,3,4,8,9,10,11,16	66	3
4508	05:59.951	16	1,2,3,4,5	5	2
4509	06:01.112	13	6,7,8,9,10,12,14,15	57	4
4510	06:01.114	8	2,3,4,5,6,7,9,10,11,12,13,14,15	5	1
4511	06:01.120	10	3,4,5,7,8,9,11,13,14,15	57	2
4512	06:01.122	5	2,3,4,8,9,10,11,16	5	3
4513	06:01.144	5	2,3,4,8,9,10,11,16	66	3
4514	06:01.147	16	1,2,3,4,5	5	2
4515	06:01.148	8	2,3,4,5,6,7,9,10,11,12,13,14,15	66	1
4516	06:01.151	5	2,3,4,8,9,10,11,16	5	3
4517	06:01.162	5	2,3,4,8,9,10,11,16	66	3
4518	06:01.165	16	1,2,3,4,5	5	2
4519	06:01.991	2	3,4,5,6,7,8,9,16	57	3
4520	06:01.993	16	1,2,3,4,5	5	2
4521	06:02.311	14	7,8,9,10,11,12,13,15	57	4
4522	06:02.313	8	2,3,4,5,6,7,9,10,11,12,13,14,15	5	1
4523	06:02.342	8	2,3,4,5,6,7,9,10,11,12,13,14,15	66	1
4524	06:02.345	5	2,3,4,8,9,10,11,16	5	3
4525	06:02.350	5	2,3,4,8,9,10,11,16	66	3
4526	06:02.353	16	1,2,3,4,5	5	2
4527	06:02.755	5	2,3,4,8,9,10,11,16	57	3
4528	06:02.757	16	1,2,3,4,5	5	2
4529	06:03.792	11	4,5,8,9,10,14,15	57	2
4530	06:03.794	5	2,3,4,8,9,10,11,16	5	3
4531	06:03.803	5	2,3,4,8,9,10,11,16	66	3
4532	06:03.806	16	1,2,3,4,5	5	2
4533	06:03.938	5	2,3,4,8,9,10,11,16	102	3
4534	06:03.942	4	2,3,5,7,8,9,10,11,16	5	4
4535	06:04.528	4	2,3,5,7,8,9,10,11,16	57	4
4536	06:04.530	16	1,2,3,4,5	5	2
4537	06:04.916	15	8,9,10,11,12,13,14	57	3
4538	06:04.918	8	2,3,4,5,6,7,9,10,11,12,13,14,15	5	1
4539	06:04.930	8	2,3,4,5,6,7,9,10,11,12,13,14,15	66	1
4540	06:04.933	5	2,3,4,8,9,10,11,16	5	3
4541	06:04.958	5	2,3,4,8,9,10,11,16	66	3
4542	06:04.961	16	1,2,3,4,5	5	2
4543	06:05.211	7	2,3,4,6,8,9,10,12,13,14	57	2
4544	06:05.213	2	3,4,5,6,7,8,9,16	5	3
4545	06:05.233	2	3,4,5,6,7,8,9,16	66	3
4546	06:05.236	16	1,2,3,4,5	5	2
4547	06:05.268	3	2,4,5,6,7,8,9,10,16	57	4
4548	06:05.270	16	1,2,3,4,5	5	2
4549	06:06.441	12	6,7,8,9,13,14,15	57	3
4550	06:06.443	8	2,3,4,5,6,7,9,10,11,12,13,14,15	5	1
4551	06:06.471	8	2,3,4,5,6,7,9,10,11,12,13,14,15	66	1
4552	06:06.474	5	2,3,4,8,9,10,11,16	5	3
4553	06:06.477	5	2,3,4,8,9,10,11,16	66	3
4554	06:06.480	16	1,2,3,4,5	5	2
4555	06:06.636	8	2,3,4,5,6,7,9,10,11,12,13,14,15	57	1
4556	06:06.638	5	2,3,4,8,9,10,11,16	5	3
4557	06:06.668	5	2,3,4,8,9,10,11,16	66	3
4558	06:06.671	16	1,2,3,4,5	5	2
4559	06:07.034	9	2,3,4,5,6,7,8,10,11,12,13,14,15	102	1
4560	06:07.038	2	3,4,5,6,7,8,9,16	5	3
4561	06:07.724	2	3,4,5,6,7,8,9,16	102	3
4562	06:07.728	4	2,3,5,7,8,9,10,11,16	5	4
4563	06:09.705	9	2,3,4,5,6,7,8,10,11,12,13,14,15	57	1
4564	06:09.707	5	2,3,4,8,9,10,11,16	5	3
4565	06:09.728	5	2,3,4,8,9,10,11,16	66	3
4566	06:09.731	16	1,2,3,4,5	5	2
4567	06:09.993	6	2,3,7,8,9,12,13	57	2
4568	06:09.995	2	3,4,5,6,7,8,9,16	5	3
4569	06:10.005	2	3,4,5,6,7,8,9,16	66	3
4570	06:10.008	16	1,2,3,4,5	5	2
4571	06:10.206	10	3,4,5,7,8,9,11,13,14,15	57	2
4572	06:10.208	5	2,3,4,8,9,10,11,16	5	3
4573	06:10.227	5	2,3,4,8,9,10,11,16	66	3
4574	06:10.230	16	1,2,3,4,5	5	2
4575	06:11.279	13	6,7,8,9,10,12,14,15	57	4
4576	06:11.281	8	2,3,4,5,6,7,9,10,11,12,13,14,15	5	1
4577	06:11.316	8	2,3,4,5,6,7,9,10,11,12,13,14,15	66	1
4578	06:11.319	5	2,3,4,8,9,10,11,16	5	3
4579	06:11.333	2	3,4,5,6,7,8,9,16	57	3
4580	06:11.335	16	1,2,3,4,5	5	2
4581	06:11.345	5	2,3,4,8,9,10,11,16	66	3
4582	06:11.348	16	1,2,3,4,5	5	2
4583	06:11.374	14	7,8,9,10,11,12,13,15	57	4
4584	06:11.376	8	2,3,4,5,6,7,9,10,11,12,13,14,15	5	1
4585	06:11.399	8	2,3,4,5,6,7,9,10,11,12,13,14,15	66	1
4586	06:11.402	5	2,3,4,8,9,10,11,16	5	3
4587	06:11.417	5	2,3,4,8,9,10,11,16	66	3
4588	06:11.420	16	1,2,3,4,5	5	2
4589	06:12.440	5	2,3,4,8,9,10,11,16	57	3
4590	06:12.442	16	1,2,3,4,5	5	2
4591	06:13.899	11	4,5,8,9,10,14,15	57	2
4592	06:13.901	5	2,3,4,8,9,10,11,16	5	3
4593	06:13.932	5	2,3,4,8,9,10,11,16	66	3
4594	06:13.935	16	1,2,3,4,5	5	2
4595	06:14.418	7	2,3,4,6,8,9,10,12,13,14	57	2
4596	06:14.420	2	3,4,5,6,7,8,9,16	5	3
4597	06:14.456	2	3,4,5,6,7,8,9,16	66	3
4598	06:14.459	16	1,2,3,4,5	5	2
4599	06:14.503	15	8,9,10,11,12,13,14	57	3
4600	06:14.505	8	2,3,4,5,6,7,9,10,11,12,13,14,15	5	1
4601	06:14.547	8	2,3,4,5,6,7,9,10,11,12,13,14,15	66	1
4602	06:14.550	5	2,3,4,8,9,10,11,16	5	3
4603	06:14.566	5	2,3,4,8,9,10,11,16	66	3
4604	06:14.569	16	1,2,3,4,5	5	2
4605	06:15.010	4	2,3,5,7,8,9,10,11,16	57	4
4606	06:15.012	16	1,2,3,4,5	5	2
4607	06:15.816	3	2,4,5,6,7,8,9,10,16	57	4
4608	06:15.818	16	1,2,3,4,5	5	2
4609	06:16.252	12	6,7,8,9,13,14,15	57	3
4610	06:16.254	8	2,3,4,5,6,7,9,10,11,12,13,14,15	5	1
4611	06:16.281	8	2,3,4,5,6,7,9,10,11,12,13,14,15	66	1
4612	06:16.284	5	2,3,4,8,9,10,11,16	5	3
4613	06:16.293	5	2,3,4,8,9,10,11,16	66	3
4614	06:16.296	16	1,2,3,4,5	5	2
4615	06:16.498	8	2,3,4,5,6,7,9,10,11,12,13,14,15	57	1
4616	06:16.500	5	2,3,4,8,9,10,11,16	5	3
4617	06:16.528	5	2,3,4,8,9,10,11,16	66	3
4618	06:16.531	16	1,2,3,4,5	5	2
4619	06:19.022	9	2,3,4,5,6,7,8,10,11,12,13,14,15	57	1
4620	06:19.024	5	2,3,4,8,9,10,11,16	5	3
4621	06:19.032	5	2,3,4,8,9,10,11,16	66	3
4622	06:19.035	16	1,2,3,4,5	5	2
4623	06:20.548	6	2,3,7,8,9,12,13	57	2
4624	06:20.550	2	3,4,5,6,7,8,9,16	5	3
4625	06:20.553	2	3,4,5,6,7,8,9,16	66	3
4626	06:20.556	16	1,2,3,4,5	5	2
4627	06:20.618	14	7,8,9,10,11,12,13,15	57	4
4628	06:20.620	8	2,3,4,5,6,7,9,10,11,12,13,14,15	5	1
4629	06:20.627	8	2,3,4,5,6,7,9,10,11,12,13,14,15	66	1
4630	06:20.630	5	2,3,4,8,9,10,11,16	5	3
4631	06:20.647	5	2,3,4,8,9,10,11,16	66	3
4632	06:20.650	16	1,2,3,4,5	5	2
4633	06:20.732	2	3,4,5,6,7,8,9,16	57	3
4634	06:20.734	16	1,2,3,4,5	5	2
4635	06:20.888	10	3,4,5,7,8,9,11,13,14,15	57	2
4636	06:20.890	5	2,3,4,8,9,10,11,16	5	3
4637	06:20.926	5	2,3,4,8,9,10,11,16	66	3
4638	06:20.929	16	1,2,3,4,5	5	2
4639	06:21.470	5	2,3,4,8,9,10,11,16	57	3
4640	06:21.472	16	1,2,3,4,5	5	2
4641	06:21.500	13	6,7,8,9,10,12,14,15	57	4
4642	06:21.502	8	2,3,4,5,6,7,9,10,11,12,13,14,15	5	1
4643	06:21.538	8	2,3,4,5,6,7,9,10,11,12,13,14,15	66	1
4644	06:21.541	5	2,3,4,8,9,10,11,16	5	3
4645	06:21.556	5	2,3,4,8,9,10,11,16	66	3
4646	06:21.559	16	1,2,3,4,5	5	2
4647	06:23.923	7	2,3,4,6,8,9,10,12,13,14	57	2
4648	06:23.925	2	3,4,5,6,7,8,9,16	5	3
4649	06:23.963	2	3,4,5,6,7,8,9,16	66	3
4650	06:23.966	16	1,2,3,4,5	5	2
4651	06:24.269	4	2,3,5,7,8,9,10,11,16	57	4
4652	06:24.271	16	1,2,3,4,5	5	2
4653	06:24.359	11	4,5,8,9,10,14,15	57	2
4654	06:24.361	5	2,3,4,8,9,10,11,16	5	3
4655	06:24.393	5	2,3,4,8,9,10,11,16	66	3
4656	06:24.396	16	1,2,3,4,5	5	2
4657	06:25.112	15	8,9,10,11,12,13,14	57	3
4658	06:25.114	8	2,3,4,5,6,7,9,10,11,12,13,14,15	5	1
4659	06:25.126	8	2,3,4,5,6,7,9,10,11,12,13,14,15	66	1
4660	06:25.129	5	2,3,4,8,9,10,11,16	5	3
4661	06:25.142	5	2,3,4,8,9,10,11,16	66	3
4662	06:25.145	16	1,2,3,4,5	5	2
4663	06:25.474	12	6,7,8,9,13,14,15	57	3
4664	06:25.476	8	2,3,4,5,6,7,9,10,11,12,13,14,15	5	1
4665	06:25.480	3	2,4,5,6,7,8,9,10,16	57	4
4666	06:25.482	16	1,2,3,4,5	5	2
4667	06:25.504	8	2,3,4,5,6,7,9,10,11,12,13,14,15	66	1
4668	06:25.507	5	2,3,4,8,9,10,11,16	5	3
4669	06:25.516	5	2,3,4,8,9,10,11,16	66	3
4670	06:25.519	16	1,2,3,4,5	5	2
4671	06:25.965	8	2,3,4,5,6,7,9,10,11,12,13,14,15	57	1
4672	06:25.967	5	2,3,4,8,9,10,11,16	5	3
4673	06:26.004	5	2,3,4,8,9,10,11,16	66	3
4674	06:26.007	16	1,2,3,4,5	5	2
4675	06:27.922	14	7,8,9,10,11,12,13,15	102	4
4676	06:27.926	10	3,4,5,7,8,9,11,13,14,15	5	2
4677	06:29.767	9	2,3,4,5,6,7,8,10,11,12,13,14,15	57	1
4678	06:29.769	5	2,3,4,8,9,10,11,16	5	3
4679	06:29.808	5	2,3,4,8,9,10,11,16	66	3
4680	06:29.811	16	1,2,3,4,5	5	2
4681	06:30.406	2	3,4,5,6,7,8,9,16	57	3
4682	06:30.408	16	1,2,3,4,5	5	2
4683	06:30.693	13	6,7,8,9,10,12,14,15	57	4
4684	06:30.695	8	2,3,4,5,6,7,9,10,11,12,13,14,15	5	1
4685	06:30.732	8	2,3,4,5,6,7,9,10,11,12,13,14,15	66	1
4686	06:30.735	5	2,3,4,8,9,10,11,16	5	3
4687	06:30.760	14	7,8,9,10,11,12,13,15	57	4
4688	06:30.762	8	2,3,4,5,6,7,9,10,11,12,13,14,15	5	1
4689	06:30.762	5	2,3,4,8,9,10,11,16	66	3
4690	06:30.765	16	1,2,3,4,5	5	2
4691	06:30.800	8	2,3,4,5,6,7,9,10,11,12,13,14,15	66	1
4692	06:30.803	5	2,3,4,8,9,10,11,16	5	3
4693	06:30.833	5	2,3,4,8,9,10,11,16	66	3
4694	06:30.836	16	1,2,3,4,5	5	2
4695	06:30.862	5	2,3,4,8,9,10,11,16	66	3
4696	06:30.865	16	1,2,3,4,5	5	2
4697	06:31.056	6	2,3,7,8,9,12,13	57	2
4698	06:31.058	2	3,4,5,6,7,8,9,16	5	3
4699	06:31.097	2	3,4,5,6,7,8,9,16	66	3
4700	06:31.100	16	1,2,3,4,5	5	2
4701	06:31.480	5	2,3,4,8,9,10,11,16	57	3
4702	06:31.482	16	1,2,3,4,5	5	2
4703	06:31.754	10	3,4,5,7,8,9,11,13,14,15	57	2
4704	06:31.756	5	2,3,4,8,9,10,11,16	5	3
4705	06:31.773	5	2,3,4,8,9,10,11,16	66	3
4706	06:31.776	16	1,2,3,4,5	5	2
4707	06:33.596	11	4,5,8,9,10,14,15	57	2
4708	06:33.598	5	2,3,4,8,9,10,11,16	5	3
4709	06:33.624	5	2,3,4,8,9,10,11,16	66	3
4710	06:33.627	16	1,2,3,4,5	5	2
4711	06:33.911	7	2,3,4,6,8,9,10,12,13,14	57	2
4712	06:33.913	2	3,4,5,6,7,8,9,16	5	3
4713	06:33.919	2	3,4,5,6,7,8,9,16	66	3
4714	06:33.922	16	1,2,3,4,5	5	2
4715	06:34.207	4	2,3,5,7,8,9,10,11,16	57	4
4716	06:34.209	16	1,2,3,4,5	5	2
4717	06:35.030	12	6,7,8,9,13,14,15	57	3
4718	06:35.032	8	2,3,4,5,6,7,9,10,11,12,13,14,15	5	1
4719	06:35.038	8	2,3,4,5,6,7,9,10,11,12,13,14,15	66	1
4720	06:35.041	5	2,3,4,8,9,10,11,16	5	3
4721	06:35.067	5	2,3,4,8,9,10,11,16	66	3
4722	06:35.070	16	1,2,3,4,5	5	2
4723	06:35.091	15	8,9,10,11,12,13,14	57	3
4724	06:35.093	8	2,3,4,5,6,7,9,10,11,12,13,14,15	5	1
4725	06:35.105	8	2,3,4,5,6,7,9,10,11,12,13,14,15	66	1
4726	06:35.108	5	2,3,4,8,9,10,11,16	5	3
4727	06:35.138	5	2,3,4,8,9,10,11,16	66	3
4728	06:35.141	16	1,2,3,4,5	5	2
4729	06:35.202	10	3,4,5,7,8,9,11,13,14,15	102	2
4730	06:35.206	4	2,3,5,7,8,9,10,11,16	5	4
4731	06:35.531	8	2,3,4,5,6,7,9,10,11,12,13,14,15	57	1
4732	06:35.533	5	2,3,4,8,9,10,11,16	5	3
4733	06:35.565	5	2,3,4,8,9,10,11,16	66	3
4734	06:35.568	16	1,2,3,4,5	5	2
4735	06:35.710	3	2,4,5,6,7,8,9,10,16	57	4
4736	06:35.712	16	1,2,3,4,5	5	2
4737	06:40.186	14	7,8,9,10,11,12,13,15	57	4
4738	06:40.188	8	2,3,4,5,6,7,9,10,11,12,13,14,15	5	1
4739	06:40.212	8	2,3,4,5,6,7,9,10,11,12,13,14,15	66	1
4740	06:40.215	5	2,3,4,8,9,10,11,16	5	3
4741	06:40.228	5	2,3,4,8,9,10,11,16	66	3
4742	06:40.231	16	1,2,3,4,5	5	2
4743	06:40.260	9	2,3,4,5,6,7,8,10,11,12,13,14,15	57	1
4744	06:40.262	5	2,3,4,8,9,10,11,16	5	3
4745	06:40.273	2	3,4,5,6,7,8,9,16	57	3
4746	06:40.275	16	1,2,3,4,5	5	2
4747	06:40.293	5	2,3,4,8,9,10,11,16	66	3
4748	06:40.296	16	1,2,3,4,5	5	2
4749	06:40.812	6	2,3,7,8,9,12,13	57	2
4750	06:40.814	2	3,4,5,6,7,8,9,16	5	3
4751	06:40.829	2	3,4,5,6,7,8,9,16	66	3
4752	06:40.832	16	1,2,3,4,5	5	2
4753	06:41.543	13	6,7,8,9,10,12,14,15	57	4
4754	06:41.545	8	2,3,4,5,6,7,9,10,11,12,13,14,15	5	1
4755	06:41.567	8	2,3,4,5,6,7,9,10,11,12,13,14,15	66	1
4756	06:41.570	5	2,3,4,8,9,10,11,16	5	3
4757	06:41.579	5	2,3,4,8,9,10,11,16	66	3
4758	06:41.582	16	1,2,3,4,5	5	2
4759	06:41.624	5	2,3,4,8,9,10,11,16	57	3
4760	06:41.626	16	1,2,3,4,5	5	2
4761	06:42.278	10	3,4,5,7,8,9,11,13,14,15	57	2
4762	06:42.280	5	2,3,4,8,9,10,11,16	5	3
4763	06:42.311	5	2,3,4,8,9,10,11,16	66	3
4764	06:42.314	16	1,2,3,4,5	5	2
4765	06:43.036	7	2,3,4,6,8,9,10,12,13,14	102	2
4766	06:43.040	3	2,4,5,6,7,8,9,10,16	5	4
4767	06:43.077	7	2,3,4,6,8,9,10,12,13,14	57	2
4768	06:43.079	2	3,4,5,6,7,8,9,16	5	3
4769	06:43.091	2	3,4,5,6,7,8,9,16	66	3
4770	06:43.094	16	1,2,3,4,5	5	2
4771	06:43.272	4	2,3,5,7,8,9,10,11,16	57	4
4772	06:43.274	16	1,2,3,4,5	5	2
4773	06:43.800	11	4,5,8,9,10,14,15	57	2
4774	06:43.802	5	2,3,4,8,9,10,11,16	5	3
4775	06:43.819	5	2,3,4,8,9,10,11,16	66	3
4776	06:43.822	16	1,2,3,4,5	5	2
4777	06:44.053	12	6,7,8,9,13,14,15	57	3
4778	06:44.055	8	2,3,4,5,6,7,9,10,11,12,13,14,15	5	1
4779	06:44.066	8	2,3,4,5,6,7,9,10,11,12,13,14,15	66	1
4780	06:44.069	5	2,3,4,8,9,10,11,16	5	3
4781	06:44.093	5	2,3,4,8,9,10,11,16	66	3
4782	06:44.096	16	1,2,3,4,5	5	2
4783	06:44.263	4	2,3,5,7,8,9,10,11,16	102	4
4784	06:44.267	10	3,4,5,7,8,9,11,13,14,15	5	2
4785	06:44.527	8	2,3,4,5,6,7,9,10,11,12,13,14,15	57	1
4786	06:44.529	5	2,3,4,8,9,10,11,16	5	3
4787	06:44.559	5	2,3,4,8,9,10,11,16	66	3
4788	06:44.562	16	1,2,3,4,5	5	2
4789	06:45.170	3	2,4,5,6,7,8,9,10,16	57	4
4790	06:45.172	16	1,2,3,4,5	5	2
4791	06:45.244	15	8,9,10,11,12,13,14	57	3
4792	06:45.246	8	2,3,4,5,6,7,9,10,11,12,13,14,15	5	1
4793	06:45.257	8	2,3,4,5,6,7,9,10,11,12,13,14,15	66	1
4794	06:45.260	5	2,3,4,8,9,10,11,16	5	3
4795	06:45.296	5	2,3,4,8,9,10,11,16	66	3
4796	06:45.299	16	1,2,3,4,5	5	2
4797	06:49.480	2	3,4,5,6,7,8,9,16	57	3
4798	06:49.482	16	1,2,3,4,5	5	2
4799	06:49.582	9	2,3,4,5,6,7,8,10,11,12,13,14,15	57	1
4800	06:49.584	5	2,3,4,8,9,10,11,16	5	3
4801	06:49.591	5	2,3,4,8,9,10,11,16	66	3
4802	06:49.594	16	1,2,3,4,5	5	2
4803	06:50.531	14	7,8,9,10,11,12,13,15	57	4
4804	06:50.533	8	2,3,4,5,6,7,9,10,11,12,13,14,15	5	1
4805	06:50.543	8	2,3,4,5,6,7,9,10,11,12,13,14,15	66	1
4806	06:50.546	5	2,3,4,8,9,10,11,16	5	3
4807	06:50.582	5	2,3,4,8,9,10,11,16	66	3
4808	06:50.585	16	1,2,3,4,5	5	2
4809	06:50.950	13	6,7,8,9,10,12,14,15	57	4
4810	06:50.952	8	2,3,4,5,6,7,9,10,11,12,13,14,15	5	1
4811	06:50.976	8	2,3,4,5,6,7,9,10,11,12,13,14,15	66	1
4812	06:50.979	5	2,3,4,8,9,10,11,16	5	3
4813	06:51.011	5	2,3,4,8,9,10,11,16	66	3
4814	06:51.014	16	1,2,3,4,5	5	2
4815	06:51.491	6	2,3,7,8,9,12,13	57	2
4816	06:51.493	2	3,4,5,6,7,8,9,16	5	3
4817	06:51.529	2	3,4,5,6,7,8,9,16	66	3
4818	06:51.532	16	1,2,3,4,5	5	2
4819	06:51.879	10	3,4,5,7,8,9,11,13,14,15	57	2
4820	06:51.881	5	2,3,4,8,9,10,11,16	5	3
4821	06:51.896	5	2,3,4,8,9,10,11,16	66	3
4822	06:51.899	16	1,2,3,4,5	5	2
4823	06:52.099	5	2,3,4,8,9,10,11,16	57	3
4824	06:52.101	16	1,2,3,4,5	5	2
4825	06:52.366	7	2,3,4,6,8,9,10,12,13,14	57	2
4826	06:52.368	2	3,4,5,6,7,8,9,16	5	3
4827	06:52.411	2	3,4,5,6,7,8,9,16	66	3
4828	06:52.414	16	1,2,3,4,5	5	2
4829	06:53.210	4	2,3,5,7,8,9,10,11,16	57	4
4830	06:53.212	16	1,2,3,4,5	5	2
4831	06:54.159	11	4,5,8,9,10,14,15	57	2
4832	06:54.161	5	2,3,4,8,9,10,11,16	5	3
4833	06:54.170	5	2,3,4,8,9,10,11,16	66	3
4834	06:54.173	16	1,2,3,4,5	5	2
4835	06:54.517	2	3,4,5,6,7,8,9,16	102	3
4836	06:54.521	8	2,3,4,5,6,7,9,10,11,12,13,14,15	5	1
4837	06:54.659	12	6,7,8,9,13,14,15	57	3
4838	06:54.661	8	2,3,4,5,6,7,9,10,11,12,13,14,15	5	1
4839	06:54.687	8	2,3,4,5,6,7,9,10,11,12,13,14,15	66	1
4840	06:54.690	5	2,3,4,8,9,10,11,16	5	3
4841	06:54.698	15	8,9,10,11,12,13,14	57	3
4842	06:54.700	8	2,3,4,5,6,7,9,10,11,12,13,14,15	5	1
4843	06:54.709	5	2,3,4,8,9,10,11,16	66	3
4844	06:54.712	16	1,2,3,4,5	5	2
4845	06:54.720	3	2,4,5,6,7,8,9,10,16	57	4
4846	06:54.722	16	1,2,3,4,5	5	2
4847	06:54.742	8	2,3,4,5,6,7,9,10,11,12,13,14,15	66	1
4848	06:54.745	5	2,3,4,8,9,10,11,16	5	3
4849	06:54.781	5	2,3,4,8,9,10,11,16	66	3
4850	06:54.784	16	1,2,3,4,5	5	2
4851	06:55.006	8	2,3,4,5,6,7,9,10,11,12,13,14,15	57	1
4852	06:55.008	5	2,3,4,8,9,10,11,16	5	3
4853	06:55.013	5	2,3,4,8,9,10,11,16	66	3
4854	06:55.016	16	1,2,3,4,5	5	2
4855	06:59.768	9	2,3,4,5,6,7,8,10,11,12,13,14,15	57	1
4856	06:59.770	5	2,3,4,8,9,10,11,16	5	3
4857	06:59.791	5	2,3,4,8,9,10,11,16	66	3
4858	06:59.794	16	1,2,3,4,5	5	2
4859	06:59.863	2	3,4,5,6,7,8,9,16	57	3
4860	06:59.865	16	1,2,3,4,5	5	2
4861	07:00.025	3	2,4,5,6,7,8,9,10,16	102	4
4862	07:00.029	4	2,3,5,7,8,9,10,11,16	5	4
4863	07:00.355	14	7,8,9,10,11,12,13,15	57	4
4864	07:00.357	8	2,3,4,5,6,7,9,10,11,12,13,14,15	5	1
4865	07:00.397	8	2,3,4,5,6,7,9,10,11,12,13,14,15	66	1
4866	07:00.400	5	2,3,4,8,9,10,11,16	5	3
4867	07:00.419	5	2,3,4,8,9,10,11,16	66	3
4868	07:00.422	16	1,2,3,4,5	5	2
4869	07:01.164	6	2,3,7,8,9,12,13	57	2
4870	07:01.166	2	3,4,5,6,7,8,9,16	5	3
4871	07:01.189	2	3,4,5,6,7,8,9,16	66	3
4872	07:01.192	16	1,2,3,4,5	5	2
4873	07:01.202	10	3,4,5,7,8,9,11,13,14,15	57	2
4874	07:01.204	5	2,3,4,8,9,10,11,16	5	3
4875	07:01.241	5	2,3,4,8,9,10,11,16	66	3
4876	07:01.244	16	1,2,3,4,5	5	2
4877	07:01.505	13	6,7,8,9,10,12,14,15	57	4
4878	07:01.507	8	2,3,4,5,6,7,9,10,11,12,13,14,15	5	1
4879	07:01.548	8	2,3,4,5,6,7,9,10,11,12,13,14,15	66	1
4880	07:01.551	5	2,3,4,8,9,10,11,16	5	3
4881	07:01.578	5	2,3,4,8,9,10,11,16	57	3
4882	07:01.580	16	1,2,3,4,5	5	2
4883	07:01.584	5	2,3,4,8,9,10,11,16	66	3
4884	07:01.587	16	1,2,3,4,5	5	2
4885	07:02.582	7	2,3,4,6,8,9,10,12,13,14	57	2
4886	07:02.584	2	3,4,5,6,7,8,9,16	5	3
4887	07:02.605	2	3,4,5,6,7,8,9,16	66	3
4888	07:02.608	16	1,2,3,4,5	5	2
4889	07:03.485	4	2,3,5,7,8,9,10,11,16	57	4
4890	07:03.487	16	1,2,3,4,5	5	2
4891	07:04.500	8	2,3,4,5,6,7,9,10,11,12,13,14,15	57	1
4892	07:04.502	5	2,3,4,8,9,10,11,16	5	3
4893	07:04.519	12	6,7,8,9,13,14,15	57	3
4894	07:04.521	8	2,3,4,5,6,7,9,10,11,12,13,14,15	5	1
4895	07:04.532	5	2,3,4,8,9,10,11,16	66	3
4896	07:04.535	16	1,2,3,4,5	5	2
4897	07:04.556	8	2,3,4,5,6,7,9,10,11,12,13,14,15	66	1
4898	07:04.559	5	2,3,4,8,9,10,11,16	5	3
4899	07:04.581	5	2,3,4,8,9,10,11,16	66	3
4900	07:04.584	16	1,2,3,4,5	5	2
4901	07:04.614	3	2,4,5,6,7,8,9,10,16	57	4
4902	07:04.616	16	1,2,3,4,5	5	2
4903	07:05.026	11	4,5,8,9,10,14,15	57	2
4904	07:05.028	5	2,3,4,8,9,10,11,16	5	3
4905	07:05.039	5	2,3,4,8,9,10,11,16	66	3
4906	07:05.042	16	1,2,3,4,5	5	2
4907	07:05.057	15	8,9,10,11,12,13,14	57	3
4908	07:05.059	8	2,3,4,5,6,7,9,10,11,12,13,14,15	5	1
4909	07:05.077	8	2,3,4,5,6,7,9,10,11,12,13,14,15	66	1
4910	07:05.080	5	2,3,4,8,9,10,11,16	5	3
4911	07:05.100	5	2,3,4,8,9,10,11,16	66	3
4912	07:05.103	16	1,2,3,4,5	5	2
4913	07:05.595	11	4,5,8,9,10,14,15	102	2
4914	07:05.599	4	2,3,5,7,8,9,10,11,16	5	4
4915	07:08.834	2	3,4,5,6,7,8,9,16	57	3
4916	07:08.836	16	1,2,3,4,5	5	2
4917	07:09.173	9	2,3,4,5,6,7,8,10,11,12,13,14,15	57	1
4918	07:09.175	5	2,3,4,8,9,10,11,16	5	3
4919	07:09.197	5	2,3,4,8,9,10,11,16	66	3
4920	07:09.200	16	1,2,3,4,5	5	2
4921	07:09.303	16	1,2,3,4,5	97	2
4922	07:09.822	12	6,7,8,9,13,14,15	102	3
4923	07:09.826	6	2,3,7,8,9,12,13	5	2
4924	07:10.470	14	7,8,9,10,11,12,13,15	57	4
4925	07:10.472	8	2,3,4,5,6,7,9,10,11,12,13,14,15	5	1
4926	07:10.512	8	2,3,4,5,6,7,9,10,11,12,13,14,15	66	1
4927	07:10.515	5	2,3,4,8,9,10,11,16	5	3
4928	07:10.553	5	2,3,4,8,9,10,11,16	66	3
4929	07:10.556	16	1,2,3,4,5	5	2
4930	07:10.923	6	2,3,7,8,9,12,13	57	2
4931	07:10.925	2	3,4,5,6,7,8,9,16	5	3
4932	07:10.943	2	3,4,5,6,7,8,9,16	66	3
4933	07:10.946	16	1,2,3,4,5	5	2
4934	07:11.091	13	6,7,8,9,10,12,14,15	57	4
4935	07:11.093	8	2,3,4,5,6,7,9,10,11,12,13,14,15	5	1
4936	07:11.112	8	2,3,4,5,6,7,9,10,11,12,13,14,15	66	1
4937	07:11.115	5	2,3,4,8,9,10,11,16	5	3
4938	07:11.152	5	2,3,4,8,9,10,11,16	66	3
4939	07:11.155	16	1,2,3,4,5	5	2
4940	07:11.572	5	2,3,4,8,9,10,11,16	57	3
4941	07:11.574	16	1,2,3,4,5	5	2
4942	07:12.106	10	3,4,5,7,8,9,11,13,14,15	57	2
4943	07:12.108	5	2,3,4,8,9,10,11,16	5	3
4944	07:12.121	5	2,3,4,8,9,10,11,16	66	3
4945	07:12.124	16	1,2,3,4,5	5	2
4946	07:12.622	4	2,3,5,7,8,9,10,11,16	57	4
4947	07:12.624	16	1,2,3,4,5	5	2
4948	07:12.710	7	2,3,4,6,8,9,10,12,13,14	57	2
4949	07:12.712	2	3,4,5,6,7,8,9,16	5	3
4950	07:12.741	2	3,4,5,6,7,8,9,16	66	3
4951	07:12.744	16	1,2,3,4,5	5	2
4952	07:14.723	12	6,7,8,9,13,14,15	57	3
4953	07:14.725	8	2,3,4,5,6,7,9,10,11,12,13,14,15	5	1
4954	07:14.745	8	2,3,4,5,6,7,9,10,11,12,13,14,15	66	1
4955	07:14.748	5	2,3,4,8,9,10,11,16	5	3
4956	07:14.768	5	2,3,4,8,9,10,11,16	66	3
4957	07:14.771	16	1,2,3,4,5	5	2
4958	07:15.046	11	4,5,8,9,10,14,15	57	2
4959	07:15.048	5	2,3,4,8,9,10,11,16	5	3
4960	07:15.068	5	2,3,4,8,9,10,11,16	66	3
4961	07:15.071	16	1,2,3,4,5	5	2
4962	07:15.134	3	2,4,5,6,7,8,9,10,16	57	4
4963	07:15.136	16	1,2,3,4,5	5	2
4964	07:15.227	8	2,3,4,5,6,7,9,10,11,12,13,14,15	57	1
4965	07:15.229	5	2,3,4,8,9,10,11,16	5	3
4966	07:15.255	5	2,3,4,8,9,10,11,16	66	3
4967	07:15.258	16	1,2,3,4,5	5	2
4968	07:15.979	15	8,9,10,11,12,13,14	57	3
4969	07:15.981	8	2,3,4,5,6,7,9,10,11,12,13,14,15	5	1
4970	07:15.992	8	2,3,4,5,6,7,9,10,11,12,13,14,15	66	1
4971	07:15.995	5	2,3,4,8,9,10,11,16	5	3
4972	07:16.028	5	2,3,4,8,9,10,11,16	66	3
4973	07:16.031	16	1,2,3,4,5	5	2
4974	07:18.373	2	3,4,5,6,7,8,9,16	57	3
4975	07:18.375	16	1,2,3,4,5	5	2
4976	07:19.919	9	2,3,4,5,6,7,8,10,11,12,13,14,15	57	1
4977	07:19.921	5	2,3,4,8,9,10,11,16	5	3
4978	07:19.935	5	2,3,4,8,9,10,11,16	66	3
4979	07:19.938	16	1,2,3,4,5	5	2
4980	07:21.144	14	7,8,9,10,11,12,13,15	57	4
4981	07:21.146	8	2,3,4,5,6,7,9,10,11,12,13,14,15	5	1
4982	07:21.152	8	2,3,4,5,6,7,9,10,11,12,13,14,15	66	1
4983	07:21.155	5	2,3,4,8,9,10,11,16	5	3
4984	07:21.175	5	2,3,4,8,9,10,11,16	66	3
4985	07:21.178	16	1,2,3,4,5	5	2
4986	07:21.690	6	2,3,7,8,9,12,13	57	2
4987	07:21.692	2	3,4,5,6,7,8,9,16	5	3
4988	07:21.700	2	3,4,5,6,7,8,9,16	66	3
4989	07:21.703	16	1,2,3,4,5	5	2
4990	07:21.757	13	6,7,8,9,10,12,14,15	57	4
4991	07:21.759	8	2,3,4,5,6,7,9,10,11,12,13,14,15	5	1
4992	07:21.800	8	2,3,4,5,6,7,9,10,11,12,13,14,15	66	1
4993	07:21.803	5	2,3,4,8,9,10,11,16	5	3
4994	07:21.813	5	2,3,4,8,9,10,11,16	66	3
4995	07:21.816	16	1,2,3,4,5	5	2
4996	07:21.830	5	2,3,4,8,9,10,11,16	57	3
4997	07:21.832	16	1,2,3,4,5	5	2
4998	07:21.960	7	2,3,4,6,8,9,10,12,13,14	57	2
4999	07:21.962	2	3,4,5,6,7,8,9,16	5	3
5000	07:21.987	2	3,4,5,6,7,8,9,16	66	3
5001	07:21.990	16	1,2,3,4,5	5	2
5002	07:22.343	10	3,4,5,7,8,9,11,13,14,15	57	2
5003	07:22.345	5	2,3,4,8,9,10,11,16	5	3
5004	07:22.370	5	2,3,4,8,9,10,11,16	66	3
5005	07:22.373	16	1,2,3,4,5	5	2
5006	07:22.408	4	2,3,5,7,8,9,10,11,16	57	4
5007	07:22.410	16	1,2,3,4,5	5	2
5008	07:22.586	15	8,9,10,11,12,13,14	102	3
5009	07:22.590	11	4,5,8,9,10,14,15	5	2
5010	07:23.460	10	3,4,5,7,8,9,11,13,14,15	102	2
5011	07:23.464	8	2,3,4,5,6,7,9,10,11,12,13,14,15	5	1
5012	07:24.121	11	4,5,8,9,10,14,15	57	2
5013	07:24.123	5	2,3,4,8,9,10,11,16	5	3
5014	07:24.142	5	2,3,4,8,9,10,11,16	66	3
5015	07:24.145	16	1,2,3,4,5	5	2
5016	07:24.802	12	6,7,8,9,13,14,15	57	3
5017	07:24.804	8	2,3,4,5,6,7,9,10,11,12,13,14,15	5	1
5018	07:24.816	8	2,3,4,5,6,7,9,10,11,12,13,14,15	66	1
5019	07:24.819	5	2,3,4,8,9,10,11,16	5	3
5020	07:24.845	5	2,3,4,8,9,10,11,16	66	3
5021	07:24.848	16	1,2,3,4,5	5	2
5022	07:25.122	8	2,3,4,5,6,7,9,10,11,12,13,14,15	57	1
5023	07:25.124	5	2,3,4,8,9,10,11,16	5	3
5024	07:25.152	5	2,3,4,8,9,10,11,16	66	3
5025	07:25.155	16	1,2,3,4,5	5	2
5026	07:25.688	3	2,4,5,6,7,8,9,10,16	57	4
5027	07:25.690	16	1,2,3,4,5	5	2
5028	07:26.783	15	8,9,10,11,12,13,14	57	3
5029	07:26.785	8	2,3,4,5,6,7,9,10,11,12,13,14,15	5	1
5030	07:26.820	8	2,3,4,5,6,7,9,10,11,12,13,14,15	66	1
5031	07:26.823	5	2,3,4,8,9,10,11,16	5	3
5032	07:26.840	5	2,3,4,8,9,10,11,16	66	3
5033	07:26.843	16	1,2,3,4,5	5	2
5034	07:28.289	14	7,8,9,10,11,12,13,15	102	4
5035	07:28.293	11	4,5,8,9,10,14,15	5	2
5036	07:28.610	1	16	97	0
5037	07:28.928	2	3,4,5,6,7,8,9,16	57	3
5038	07:28.930	16	1,2,3,4,5	5	2
5039	07:29.406	5	2,3,4,8,9,10,11,16	102	3
5040	07:29.410	3	2,4,5,6,7,8,9,10,16	5	4
5041	07:30.112	8	2,3,4,5,6,7,9,10,11,12,13,14,15	102	1
5042	07:30.116	4	2,3,5,7,8,9,10,11,16	5	4
5043	07:30.255	9	2,3,4,5,6,7,8,10,11,12,13,14,15	57	1
5044	07:30.257	5	2,3,4,8,9,10,11,16	5	3
5045	07:30.298	5	2,3,4,8,9,10,11,16	66	3
5046	07:30.301	16	1,2,3,4,5	5	2
5047	07:30.653	14	7,8,9,10,11,12,13,15	57	4
5048	07:30.655	8	2,3,4,5,6,7,9,10,11,12,13,14,15	5	1
5049	07:30.698	8	2,3,4,5,6,7,9,10,11,12,13,14,15	66	1
5050	07:30.701	5	2,3,4,8,9,10,11,16	5	3
5051	07:30.727	5	2,3,4,8,9,10,11,16	66	3
5052	07:30.730	16	1,2,3,4,5	5	2
5053	07:30.924	13	6,7,8,9,10,12,14,15	57	4
5054	07:30.926	8	2,3,4,5,6,7,9,10,11,12,13,14,15	5	1
5055	07:30.930	6	2,3,7,8,9,12,13	57	2
5056	07:30.932	2	3,4,5,6,7,8,9,16	5	3
5057	07:30.935	2	3,4,5,6,7,8,9,16	66	3
5058	07:30.938	16	1,2,3,4,5	5	2
5059	07:31.000	8	2,3,4,5,6,7,9,10,11,12,13,14,15	66	1
5060	07:31.003	5	2,3,4,8,9,10,11,16	5	3
5061	07:31.009	5	2,3,4,8,9,10,11,16	66	3
5062	07:31.012	16	1,2,3,4,5	5	2
5063	07:31.347	10	3,4,5,7,8,9,11,13,14,15	57	2
5064	07:31.349	5	2,3,4,8,9,10,11,16	5	3
5065	07:31.365	5	2,3,4,8,9,10,11,16	66	3
5066	07:31.368	16	1,2,3,4,5	5	2
5067	07:31.490	7	2,3,4,6,8,9,10,12,13,14	57	2
5068	07:31.492	2	3,4,5,6,7,8,9,16	5	3
5069	07:31.525	2	3,4,5,6,7,8,9,16	66	3
5070	07:31.528	16	1,2,3,4,5	5	2
5071	07:32.306	5	2,3,4,8,9,10,11,16	57	3
5072	07:32.308	16	1,2,3,4,5	5	2
5073	07:32.972	12	6,7,8,9,13,14,15	97	3
5074	07:33.061	4	2,3,5,7,8,9,10,11,16	57	4
5075	07:33.063	16	1,2,3,4,5	5	2
5076	07:33.084	10	3,4,5,7,8,9,11,13,14,15	97	2
5077	07:33.944	11	4,5,8,9,10,14,15	57	2
5078	07:33.946	5	2,3,4,8,9,10,11,16	5	3
5079	07:33.972	5	2,3,4,8,9,10,11,16	66	3
5080	07:33.975	16	1,2,3,4,5	5	2
5081	07:34.299	8	2,3,4,5,6,7,9,10,11,12,13,14,15	57	1
5082	07:34.301	5	2,3,4,8,9,10,11,16	5	3
5083	07:34.305	5	2,3,4,8,9,10,11,16	66	3
5084	07:34.308	16	1,2,3,4,5	5	2
5085	07:34.650	12	6,7,8,9,13,14,15	57	3
5086	07:34.652	8	2,3,4,5,6,7,9,10,11,12,13,14,15	5	1
5087	07:34.673	8	2,3,4,5,6,7,9,10,11,12,13,14,15	66	1
5088	07:34.676	5	2,3,4,8,9,10,11,16	5	3
5089	07:34.686	5	2,3,4,8,9,10,11,16	66	3
5090	07:34.689	16	1,2,3,4,5	5	2
5091	07:35.964	3	2,4,5,6,7,8,9,10,16	57	4
5092	07:35.966	16	1,2,3,4,5	5	2
5093	07:36.942	6	2,3,7,8,9,12,13	102	2
5094	07:36.946	8	2,3,4,5,6,7,9,10,11,12,13,14,15	5	1
5095	07:37.220	15	8,9,10,11,12,13,14	57	3
5096	07:37.222	8	2,3,4,5,6,7,9,10,11,12,13,14,15	5	1
5097	07:37.237	8	2,3,4,5,6,7,9,10,11,12,13,14,15	66	1
5098	07:37.240	5	2,3,4,8,9,10,11,16	5	3
5099	07:37.247	5	2,3,4,8,9,10,11,16	66	3
5100	07:37.250	16	1,2,3,4,5	5	2
5101	07:38.862	2	3,4,5,6,7,8,9,16	57	3
5102	07:38.864	16	1,2,3,4,5	5	2
5103	07:39.683	13	6,7,8,9,10,12,14,15	102	4
5104	07:39.687	10	3,4,5,7,8,9,11,13,14,15	5	2
5105	07:40.151	13	6,7,8,9,10,12,14,15	57	4
5106	07:40.153	8	2,3,4,5,6,7,9,10,11,12,13,14,15	5	1
5107	07:40.179	8	2,3,4,5,6,7,9,10,11,12,13,14,15	66	1
5108	07:40.182	5	2,3,4,8,9,10,11,16	5	3
5109	07:40.211	5	2,3,4,8,9,10,11,16	66	3
5110	07:40.214	16	1,2,3,4,5	5	2
5111	07:40.609	9	2,3,4,5,6,7,8,10,11,12,13,14,15	57	1
5112	07:40.611	5	2,3,4,8,9,10,11,16	5	3
5113	07:40.620	5	2,3,4,8,9,10,11,16	66	3
5114	07:40.623	16	1,2,3,4,5	5	2
5115	07:41.067	14	7,8,9,10,11,12,13,15	57	4
5116	07:41.069	8	2,3,4,5,6,7,9,10,11,12,13,14,15	5	1
5117	07:41.095	8	2,3,4,5,6,7,9,10,11,12,13,14,15	66	1
5118	07:41.098	5	2,3,4,8,9,10,11,16	5	3
5119	07:41.119	5	2,3,4,8,9,10,11,16	66	3
5120	07:41.122	16	1,2,3,4,5	5	2
5121	07:41.703	6	2,3,7,8,9,12,13	57	2
5122	07:41.705	2	3,4,5,6,7,8,9,16	5	3
5123	07:41.724	2	3,4,5,6,7,8,9,16	66	3
5124	07:41.727	16	1,2,3,4,5	5	2
5125	07:41.754	10	3,4,5,7,8,9,11,13,14,15	57	2
5126	07:41.756	5	2,3,4,8,9,10,11,16	5	3
5127	07:41.782	5	2,3,4,8,9,10,11,16	66	3
5128	07:41.785	16	1,2,3,4,5	5	2
5129	07:42.037	7	2,3,4,6,8,9,10,12,13,14	57	2
5130	07:42.039	2	3,4,5,6,7,8,9,16	5	3
5131	07:42.074	2	3,4,5,6,7,8,9,16	66	3
5132	07:42.077	16	1,2,3,4,5	5	2
5133	07:42.204	4	2,3,5,7,8,9,10,11,16	57	4
5134	07:42.206	16	1,2,3,4,5	5	2
5135	07:42.518	5	2,3,4,8,9,10,11,16	57	3
5136	07:42.520	16	1,2,3,4,5	5	2
5137	07:42.611	11	4,5,8,9,10,14,15	97	2
5138	07:42.797	7	2,3,4,6,8,9,10,12,13,14	97	2
5139	07:44.176	8	2,3,4,5,6,7,9,10,11,12,13,14,15	57	1
5140	07:44.178	5	2,3,4,8,9,10,11,16	5	3
5141	07:44.184	5	2,3,4,8,9,10,11,16	66	3
5142	07:44.187	16	1,2,3,4,5	5	2
5143	07:44.576	12	6,7,8,9,13,14,15	57	3
5144	07:44.578	8	2,3,4,5,6,7,9,10,11,12,13,14,15	5	1
5145	07:44.606	8	2,3,4,5,6,7,9,10,11,12,13,14,15	66	1
5146	07:44.609	5	2,3,4,8,9,10,11,16	5	3
5147	07:44.623	5	2,3,4,8,9,10,11,16	66	3
5148	07:44.626	16	1,2,3,4,5	5	2
5149	07:44.833	11	4,5,8,9,10,14,15	57	2
5150	07:44.835	5	2,3,4,8,9,10,11,16	5	3
5151	07:44.854	5	2,3,4,8,9,10,11,16	66	3
5152	07:44.857	16	1,2,3,4,5	5	2
5153	07:45.101	4	2,3,5,7,8,9,10,11,16	97	4
5154	07:46.065	3	2,4,5,6,7,8,9,10,16	57	4
5155	07:46.067	16	1,2,3,4,5	5	2
5156	07:46.345	15	8,9,10,11,12,13,14	57	3
5157	07:46.347	8	2,3,4,5,6,7,9,10,11,12,13,14,15	5	1
5158	07:46.369	8	2,3,4,5,6,7,9,10,11,12,13,14,15	66	1
5159	07:46.372	5	2,3,4,8,9,10,11,16	5	3
5160	07:46.396	5	2,3,4,8,9,10,11,16	66	3
5161	07:46.399	16	1,2,3,4,5	5	2
5162	07:47.542	4	2,3,5,7,8,9,10,11,16	102	4
5163	07:47.546	2	3,4,5,6,7,8,9,16	5	3
5164	07:47.900	2	3,4,5,6,7,8,9,16	57	3
5165	07:47.902	16	1,2,3,4,5	5	2
5166	07:50.156	13	6,7,8,9,10,12,14,15	57	4
5167	07:50.158	8	2,3,4,5,6,7,9,10,11,12,13,14,15	5	1
5168	07:50.195	8	2,3,4,5,6,7,9,10,11,12,13,14,15	66	1
5169	07:50.198	5	2,3,4,8,9,10,11,16	5	3
5170	07:50.202	5	2,3,4,8,9,10,11,16	66	3
5171	07:50.205	16	1,2,3,4,5	5	2
5172	07:50.526	9	2,3,4,5,6,7,8,10,11,12,13,14,15	57	1
5173	07:50.528	5	2,3,4,8,9,10,11,16	5	3
5174	07:50.550	5	2,3,4,8,9,10,11,16	66	3
5175	07:50.553	16	1,2,3,4,5	5	2
5176	07:51.302	4	2,3,5,7,8,9,10,11,16	57	4
5177	07:51.304	16	1,2,3,4,5	5	2
5178	07:51.424	14	7,8,9,10,11,12,13,15	57	4
5179	07:51.426	8	2,3,4,5,6,7,9,10,11,12,13,14,15	5	1
5180	07:51.447	8	2,3,4,5,6,7,9,10,11,12,13,14,15	66	1
5181	07:51.450	5	2,3,4,8,9,10,11,16	5	3
5182	07:51.455	5	2,3,4,8,9,10,11,16	66	3
5183	07:51.458	16	1,2,3,4,5	5	2
5184	07:51.537	6	2,3,7,8,9,12,13	57	2
5185	07:51.539	2	3,4,5,6,7,8,9,16	5	3
5186	07:51.560	2	3,4,5,6,7,8,9,16	66	3
5187	07:51.563	16	1,2,3,4,5	5	2
5188	07:52.410	10	3,4,5,7,8,9,11,13,14,15	57	2
5189	07:52.412	5	2,3,4,8,9,10,11,16	5	3
5190	07:52.416	5	2,3,4,8,9,10,11,16	66	3
5191	07:52.419	16	1,2,3,4,5	5	2
5192	07:52.866	7	2,3,4,6,8,9,10,12,13,14	102	2
5193	07:52.870	3	2,4,5,6,7,8,9,10,16	5	4
5194	07:52.963	7	2,3,4,6,8,9,10,12,13,14	57	2
5195	07:52.965	2	3,4,5,6,7,8,9,16	5	3
5196	07:53.003	2	3,4,5,6,7,8,9,16	66	3
5197	07:53.006	16	1,2,3,4,5	5	2
5198	07:53.213	5	2,3,4,8,9,10,11,16	57	3
5199	07:53.215	16	1,2,3,4,5	5	2
5200	07:54.252	8	2,3,4,5,6,7,9,10,11,12,13,14,15	57	1
5201	07:54.254	5	2,3,4,8,9,10,11,16	5	3
5202	07:54.265	5	2,3,4,8,9,10,11,16	66	3
5203	07:54.268	16	1,2,3,4,5	5	2
5204	07:54.389	11	4,5,8,9,10,14,15	57	2
5205	07:54.391	5	2,3,4,8,9,10,11,16	5	3
5206	07:54.424	5	2,3,4,8,9,10,11,16	66	3
5207	07:54.427	16	1,2,3,4,5	5	2
5208	07:54.568	12	6,7,8,9,13,14,15	57	3
5209	07:54.570	8	2,3,4,5,6,7,9,10,11,12,13,14,15	5	1
5210	07:54.611	8	2,3,4,5,6,7,9,10,11,12,13,14,15	66	1
5211	07:54.614	5	2,3,4,8,9,10,11,16	5	3
5212	07:54.650	5	2,3,4,8,9,10,11,16	66	3
5213	07:54.653	16	1,2,3,4,5	5	2
5214	07:54.967	3	2,4,5,6,7,8,9,10,16	102	4
5215	07:54.971	5	2,3,4,8,9,10,11,16	5	3
5216	07:55.772	9	2,3,4,5,6,7,8,10,11,12,13,14,15	102	1
5217	07:55.776	4	2,3,5,7,8,9,10,11,16	5	4
5218	07:56.342	3	2,4,5,6,7,8,9,10,16	57	4
5219	07:56.344	16	1,2,3,4,5	5	2
5220	07:56.754	15	8,9,10,11,12,13,14	57	3
5221	07:56.756	8	2,3,4,5,6,7,9,10,11,12,13,14,15	5	1
5222	07:56.784	8	2,3,4,5,6,7,9,10,11,12,13,14,15	66	1
5223	07:56.787	5	2,3,4,8,9,10,11,16	5	3
5224	07:56.811	5	2,3,4,8,9,10,11,16	66	3
5225	07:56.814	16	1,2,3,4,5	5	2
5226	07:57.778	2	3,4,5,6,7,8,9,16	57	3
5227	07:57.780	16	1,2,3,4,5	5	2
5228	07:59.737	9	2,3,4,5,6,7,8,10,11,12,13,14,15	97	1
5229	08:00.061	9	2,3,4,5,6,7,8,10,11,12,13,14,15	57	1
5230	08:00.063	5	2,3,4,8,9,10,11,16	5	3
5231	08:00.098	5	2,3,4,8,9,10,11,16	66	3
5232	08:00.101	16	1,2,3,4,5	5	2
5233	08:00.889	13	6,7,8,9,10,12,14,15	57	4
5234	08:00.891	8	2,3,4,5,6,7,9,10,11,12,13,14,15	5	1
5235	08:00.905	8	2,3,4,5,6,7,9,10,11,12,13,14,15	66	1
5236	08:00.908	5	2,3,4,8,9,10,11,16	5	3
5237	08:00.942	5	2,3,4,8,9,10,11,16	66	3
5238	08:00.945	16	1,2,3,4,5	5	2
5239	08:01.075	12	6,7,8,9,13,14,15	102	3
5240	08:01.079	6	2,3,7,8,9,12,13	5	2
5241	08:01.676	4	2,3,5,7,8,9,10,11,16	57	4
5242	08:01.678	16	1,2,3,4,5	5	2
5243	08:01.926	14	7,8,9,10,11,12,13,15	57	4
5244	08:01.928	8	2,3,4,5,6,7,9,10,11,12,13,14,15	5	1
5245	08:01.947	8	2,3,4,5,6,7,9,10,11,12,13,14,15	66	1
5246	08:01.950	5	2,3,4,8,9,10,11,16	5	3
5247	08:01.975	5	2,3,4,8,9,10,11,16	66	3
5248	08:01.978	16	1,2,3,4,5	5	2
5249	08:02.050	6	2,3,7,8,9,12,13	57	2
5250	08:02.052	2	3,4,5,6,7,8,9,16	5	3
5251	08:02.091	2	3,4,5,6,7,8,9,16	66	3
5252	08:02.094	16	1,2,3,4,5	5	2
5253	08:02.223	15	8,9,10,11,12,13,14	97	3
5254	08:02.438	14	7,8,9,10,11,12,13,15	97	4
5255	08:02.446	10	3,4,5,7,8,9,11,13,14,15	57	2
5256	08:02.448	5	2,3,4,8,9,10,11,16	5	3
5257	08:02.464	5	2,3,4,8,9,10,11,16	66	3
5258	08:02.467	16	1,2,3,4,5	5	2
5259	08:03.355	7	2,3,4,6,8,9,10,12,13,14	57	2
5260	08:03.357	2	3,4,5,6,7,8,9,16	5	3
5261	08:03.388	2	3,4,5,6,7,8,9,16	66	3
5262	08:03.391	16	1,2,3,4,5	5	2
5263	08:03.816	8	2,3,4,5,6,7,9,10,11,12,13,14,15	57	1
5264	08:03.818	5	2,3,4,8,9,10,11,16	5	3
5265	08:03.827	5	2,3,4,8,9,10,11,16	66	3
5266	08:03.830	16	1,2,3,4,5	5	2
5267	08:04.146	5	2,3,4,8,9,10,11,16	57	3
5268	08:04.148	16	1,2,3,4,5	5	2
5269	08:04.686	12	6,7,8,9,13,14,15	57	3
5270	08:04.688	8	2,3,4,5,6,7,9,10,11,12,13,14,15	5	1
5271	08:04.692	8	2,3,4,5,6,7,9,10,11,12,13,14,15	66	1
5272	08:04.695	5	2,3,4,8,9,10,11,16	5	3
5273	08:04.700	5	2,3,4,8,9,10,11,16	66	3
5274	08:04.703	16	1,2,3,4,5	5	2
5275	08:05.043	11	4,5,8,9,10,14,15	57	2
5276	08:05.045	5	2,3,4,8,9,10,11,16	5	3
5277	08:05.061	5	2,3,4,8,9,10,11,16	66	3
5278	08:05.064	16	1,2,3,4,5	5	2
5279	08:06.369	3	2,4,5,6,7,8,9,10,16	57	4
5280	08:06.371	16	1,2,3,4,5	5	2
5281	08:06.539	15	8,9,10,11,12,13,14	57	3
5282	08:06.541	8	2,3,4,5,6,7,9,10,11,12,13,14,15	5	1
5283	08:06.554	8	2,3,4,5,6,7,9,10,11,12,13,14,15	66	1
5284	08:06.557	5	2,3,4,8,9,10,11,16	5	3
5285	08:06.569	5	2,3,4,8,9,10,11,16	66	3
5286	08:06.572	16	1,2,3,4,5	5	2
5287	08:07.877	2	3,4,5,6,7,8,9,16	57	3
5288	08:07.879	16	1,2,3,4,5	5	2
5289	08:08.361	2	3,4,5,6,7,8,9,16	102	3
5290	08:08.365	4	2,3,5,7,8,9,10,11,16	5	4
5291	08:10.283	9	2,3,4,5,6,7,8,10,11,12,13,14,15	57	1
5292	08:10.285	5	2,3,4,8,9,10,11,16	5	3
5293	08:10.328	5	2,3,4,8,9,10,11,16	66	3
5294	08:10.331	16	1,2,3,4,5	5	2
5295	08:11.463	6	2,3,7,8,9,12,13	57	2
5296	08:11.465	2	3,4,5,6,7,8,9,16	5	3
5297	08:11.506	2	3,4,5,6,7,8,9,16	66	3
5298	08:11.509	16	1,2,3,4,5	5	2
5299	08:11.723	4	2,3,5,7,8,9,10,11,16	57	4
5300	08:11.725	16	1,2,3,4,5	5	2
5301	08:11.861	13	6,7,8,9,10,12,14,15	57	4
5302	08:11.863	8	2,3,4,5,6,7,9,10,11,12,13,14,15	5	1
5303	08:11.871	8	2,3,4,5,6,7,9,10,11,12,13,14,15	66	1
5304	08:11.874	5	2,3,4,8,9,10,11,16	5	3
5305	08:11.887	5	2,3,4,8,9,10,11,16	66	3
5306	08:11.890	16	1,2,3,4,5	5	2
5307	08:12.353	10	3,4,5,7,8,9,11,13,14,15	57	2
5308	08:12.355	5	2,3,4,8,9,10,11,16	5	3
5309	08:12.386	5	2,3,4,8,9,10,11,16	66	3
5310	08:12.389	16	1,2,3,4,5	5	2
5311	08:12.537	14	7,8,9,10,11,12,13,15	57	4
5312	08:12.539	8	2,3,4,5,6,7,9,10,11,12,13,14,15	5	1
5313	08:12.555	8	2,3,4,5,6,7,9,10,11,12,13,14,15	66	1
5314	08:12.558	5	2,3,4,8,9,10,11,16	5	3
5315	08:12.567	5	2,3,4,8,9,10,11,16	66	3
5316	08:12.570	16	1,2,3,4,5	5	2
5317	08:13.843	7	2,3,4,6,8,9,10,12,13,14	57	2
5318	08:13.845	2	3,4,5,6,7,8,9,16	5	3
5319	08:13.877	2	3,4,5,6,7,8,9,16	66	3
5320	08:13.880	16	1,2,3,4,5	5	2
5321	08:14.318	8	2,3,4,5,6,7,9,10,11,12,13,14,15	57	1
5322	08:14.320	5	2,3,4,8,9,10,11,16	5	3
5323	08:14.326	11	4,5,8,9,10,14,15	57	2
5324	08:14.328	5	2,3,4,8,9,10,11,16	5	3
5325	08:14.336	5	2,3,4,8,9,10,11,16	66	3
5326	08:14.339	16	1,2,3,4,5	5	2
5327	08:14.357	5	2,3,4,8,9,10,11,16	66	3
5328	08:14.360	16	1,2,3,4,5	5	2
5329	08:14.367	14	7,8,9,10,11,12,13,15	102	4
5330	08:14.371	7	2,3,4,6,8,9,10,12,13,14	5	2
5331	08:14.916	5	2,3,4,8,9,10,11,16	57	3
5332	08:14.918	16	1,2,3,4,5	5	2
5333	08:15.645	12	6,7,8,9,13,14,15	57	3
5334	08:15.647	8	2,3,4,5,6,7,9,10,11,12,13,14,15	5	1
5335	08:15.658	8	2,3,4,5,6,7,9,10,11,12,13,14,15	66	1
5336	08:15.661	5	2,3,4,8,9,10,11,16	5	3
5337	08:15.674	5	2,3,4,8,9,10,11,16	66	3
5338	08:15.677	16	1,2,3,4,5	5	2
5339	08:16.455	15	8,9,10,11,12,13,14	57	3
5340	08:16.457	8	2,3,4,5,6,7,9,10,11,12,13,14,15	5	1
5341	08:16.487	8	2,3,4,5,6,7,9,10,11,12,13,14,15	66	1
5342	08:16.490	5	2,3,4,8,9,10,11,16	5	3
5343	08:16.521	5	2,3,4,8,9,10,11,16	66	3
5344	08:16.524	16	1,2,3,4,5	5	2
5345	08:16.716	3	2,4,5,6,7,8,9,10,16	57	4
5346	08:16.718	16	1,2,3,4,5	5	2
5347	08:17.949	2	3,4,5,6,7,8,9,16	57	3
5348	08:17.951	16	1,2,3,4,5	5	2
5349	08:20.639	9	2,3,4,5,6,7,8,10,11,12,13,14,15	57	1
5350	08:20.641	5	2,3,4,8,9,10,11,16	5	3
5351	08:20.662	5	2,3,4,8,9,10,11,16	66	3
5352	08:20.665	16	1,2,3,4,5	5	2
5353	08:20.670	6	2,3,7,8,9,12,13	57	2
5354	08:20.672	2	3,4,5,6,7,8,9,16	5	3
5355	08:20.705	2	3,4,5,6,7,8,9,16	66	3
5356	08:20.708	16	1,2,3,4,5	5	2
5357	08:20.861	13	6,7,8,9,10,12,14,15	57	4
5358	08:20.863	8	2,3,4,5,6,7,9,10,11,12,13,14,15	5	1
5359	08:20.898	8	2,3,4,5,6,7,9,10,11,12,13,14,15	66	1
5360	08:20.901	5	2,3,4,8,9,10,11,16	5	3
5361	08:20.922	5	2,3,4,8,9,10,11,16	66	3
5362	08:20.925	16	1,2,3,4,5	5	2
5363	08:21.786	5	2,3,4,8,9,10,11,16	97	3
5364	08:22.212	10	3,4,5,7,8,9,11,13,14,15	57	2
5365	08:22.214	5	2,3,4,8,9,10,11,16	5	3
5366	08:22.232	5	2,3,4,8,9,10,11,16	66	3
5367	08:22.235	16	1,2,3,4,5	5	2
5368	08:22.409	4	2,3,5,7,8,9,10,11,16	57	4
5369	08:22.411	16	1,2,3,4,5	5	2
5370	08:22.957	7	2,3,4,6,8,9,10,12,13,14	57	2
5371	08:22.959	2	3,4,5,6,7,8,9,16	5	3
5372	08:22.980	2	3,4,5,6,7,8,9,16	66	3
5373	08:22.983	16	1,2,3,4,5	5	2
5374	08:23.032	14	7,8,9,10,11,12,13,15	57	4
5375	08:23.034	8	2,3,4,5,6,7,9,10,11,12,13,14,15	5	1
5376	08:23.044	8	2,3,4,5,6,7,9,10,11,12,13,14,15	66	1
5377	08:23.047	5	2,3,4,8,9,10,11,16	5	3
5378	08:23.064	5	2,3,4,8,9,10,11,16	66	3
5379	08:23.067	16	1,2,3,4,5	5	2
5380	08:23.992	11	4,5,8,9,10,14,15	57	2
5381	08:23.994	5	2,3,4,8,9,10,11,16	5	3
5382	08:24.029	5	2,3,4,8,9,10,11,16	66	3
5383	08:24.032	16	1,2,3,4,5	5	2
5384	08:24.149	8	2,3,4,5,6,7,9,10,11,12,13,14,15	57	1
5385	08:24.151	5	2,3,4,8,9,10,11,16	5	3
5386	08:24.182	5	2,3,4,8,9,10,11,16	66	3
5387	08:24.185	16	1,2,3,4,5	5	2
5388	08:25.523	12	6,7,8,9,13,14,15	57	3
5389	08:25.525	8	2,3,4,5,6,7,9,10,11,12,13,14,15	5	1
5390	08:25.539	8	2,3,4,5,6,7,9,10,11,12,13,14,15	66	1
5391	08:25.542	5	2,3,4,8,9,10,11,16	5	3
5392	08:25.556	5	2,3,4,8,9,10,11,16	66	3
5393	08:25.559	16	1,2,3,4,5	5	2
5394	08:25.706	5	2,3,4,8,9,10,11,16	57	3
5395	08:25.708	16	1,2,3,4,5	5	2
5396	08:25.935	3	2,4,5,6,7,8,9,10,16	57	4
5397	08:25.937	16	1,2,3,4,5	5	2
5398	08:25.967	15	8,9,10,11,12,13,14	57	3
5399	08:25.969	8	2,3,4,5,6,7,9,10,11,12,13,14,15	5	1
5400	08:25.999	8	2,3,4,5,6,7,9,10,11,12,13,14,15	66	1
5401	08:26.002	5	2,3,4,8,9,10,11,16	5	3
5402	08:26.022	5	2,3,4,8,9,10,11,16	66	3
5403	08:26.025	16	1,2,3,4,5	5	2
5404	08:27.346	2	3,4,5,6,7,8,9,16	57	3
5405	08:27.348	16	1,2,3,4,5	5	2
5406	08:29.950	9	2,3,4,5,6,7,8,10,11,12,13,14,15	57	1
5407	08:29.952	5	2,3,4,8,9,10,11,16	5	3
5408	08:29.986	5	2,3,4,8,9,10,11,16	66	3
5409	08:29.989	16	1,2,3,4,5	5	2
5410	08:30.237	8	2,3,4,5,6,7,9,10,11,12,13,14,15	102	1
5411	08:30.241	2	3,4,5,6,7,8,9,16	5	3
5412	08:30.379	6	2,3,7,8,9,12,13	57	2
5413	08:30.381	2	3,4,5,6,7,8,9,16	5	3
5414	08:30.396	2	3,4,5,6,7,8,9,16	66	3
5415	08:30.399	16	1,2,3,4,5	5	2
5416	08:31.262	13	6,7,8,9,10,12,14,15	57	4
5417	08:31.264	8	2,3,4,5,6,7,9,10,11,12,13,14,15	5	1
5418	08:31.272	8	2,3,4,5,6,7,9,10,11,12,13,14,15	66	1
5419	08:31.275	5	2,3,4,8,9,10,11,16	5	3
5420	08:31.282	5	2,3,4,8,9,10,11,16	66	3
5421	08:31.285	16	1,2,3,4,5	5	2
5422	08:31.405	10	3,4,5,7,8,9,11,13,14,15	57	2
5423	08:31.407	5	2,3,4,8,9,10,11,16	5	3
5424	08:31.439	5	2,3,4,8,9,10,11,16	66	3
5425	08:31.442	16	1,2,3,4,5	5	2
5426	08:32.844	7	2,3,4,6,8,9,10,12,13,14	57	2
5427	08:32.846	2	3,4,5,6,7,8,9,16	5	3
5428	08:32.883	2	3,4,5,6,7,8,9,16	66	3
5429	08:32.886	16	1,2,3,4,5	5	2
5430	08:33.217	4	2,3,5,7,8,9,10,11,16	57	4
5431	08:33.219	16	1,2,3,4,5	5	2
5432	08:33.238	8	2,3,4,5,6,7,9,10,11,12,13,14,15	57	1
5433	08:33.240	5	2,3,4,8,9,10,11,16	5	3
5434	08:33.252	5	2,3,4,8,9,10,11,16	66	3
5435	08:33.255	16	1,2,3,4,5	5	2
5436	08:33.326	14	7,8,9,10,11,12,13,15	57	4
5437	08:33.328	8	2,3,4,5,6,7,9,10,11,12,13,14,15	5	1
5438	08:33.369	8	2,3,4,5,6,7,9,10,11,12,13,14,15	66	1
5439	08:33.372	5	2,3,4,8,9,10,11,16	5	3
5440	08:33.382	5	2,3,4,8,9,10,11,16	66	3
5441	08:33.385	16	1,2,3,4,5	5	2
5442	08:34.462	11	4,5,8,9,10,14,15	57	2
5443	08:34.464	5	2,3,4,8,9,10,11,16	5	3
5444	08:34.469	5	2,3,4,8,9,10,11,16	66	3
5445	08:34.472	16	1,2,3,4,5	5	2
5446	08:35.390	15	8,9,10,11,12,13,14	57	3
5447	08:35.392	8	2,3,4,5,6,7,9,10,11,12,13,14,15	5	1
5448	08:35.408	8	2,3,4,5,6,7,9,10,11,12,13,14,15	66	1
5449	08:35.411	5	2,3,4,8,9,10,11,16	5	3
5450	08:35.423	5	2,3,4,8,9,10,11,16	66	3
5451	08:35.426	16	1,2,3,4,5	5	2
5452	08:35.782	3	2,4,5,6,7,8,9,10,16	57	4
5453	08:35.784	16	1,2,3,4,5	5	2
5454	08:36.305	5	2,3,4,8,9,10,11,16	57	3
5455	08:36.307	16	1,2,3,4,5	5	2
5456	08:36.392	2	3,4,5,6,7,8,9,16	57	3
5457	08:36.394	16	1,2,3,4,5	5	2
5458	08:36.511	12	6,7,8,9,13,14,15	57	3
5459	08:36.513	8	2,3,4,5,6,7,9,10,11,12,13,14,15	5	1
5460	08:36.523	8	2,3,4,5,6,7,9,10,11,12,13,14,15	66	1
5461	08:36.526	5	2,3,4,8,9,10,11,16	5	3
5462	08:36.536	5	2,3,4,8,9,10,11,16	66	3
5463	08:36.539	16	1,2,3,4,5	5	2
5464	08:37.413	11	4,5,8,9,10,14,15	102	2
5465	08:37.417	8	2,3,4,5,6,7,9,10,11,12,13,14,15	5	1
5466	08:39.504	9	2,3,4,5,6,7,8,10,11,12,13,14,15	57	1
5467	08:39.506	5	2,3,4,8,9,10,11,16	5	3
5468	08:39.510	5	2,3,4,8,9,10,11,16	66	3
5469	08:39.513	16	1,2,3,4,5	5	2
5470	08:40.503	13	6,7,8,9,10,12,14,15	57	4
5471	08:40.505	8	2,3,4,5,6,7,9,10,11,12,13,14,15	5	1
5472	08:40.520	8	2,3,4,5,6,7,9,10,11,12,13,14,15	66	1
5473	08:40.523	5	2,3,4,8,9,10,11,16	5	3
5474	08:40.554	5	2,3,4,8,9,10,11,16	66	3
5475	08:40.557	16	1,2,3,4,5	5	2
5476	08:40.835	6	2,3,7,8,9,12,13	57	2
5477	08:40.837	2	3,4,5,6,7,8,9,16	5	3
5478	08:40.842	2	3,4,5,6,7,8,9,16	66	3
5479	08:40.845	16	1,2,3,4,5	5	2
5480	08:41.405	10	3,4,5,7,8,9,11,13,14,15	57	2
5481	08:41.407	5	2,3,4,8,9,10,11,16	5	3
5482	08:41.419	5	2,3,4,8,9,10,11,16	66	3
5483	08:41.422	16	1,2,3,4,5	5	2
5484	08:42.848	4	2,3,5,7,8,9,10,11,16	57	4
5485	08:42.850	16	1,2,3,4,5	5	2
5486	08:42.970	14	7,8,9,10,11,12,13,15	57	4
5487	08:42.972	8	2,3,4,5,6,7,9,10,11,12,13,14,15	5	1
5488	08:43.007	8	2,3,4,5,6,7,9,10,11,12,13,14,15	66	1
5489	08:43.010	5	2,3,4,8,9,10,11,16	5	3
5490	08:43.032	5	2,3,4,8,9,10,11,16	66	3
5491	08:43.035	16	1,2,3,4,5	5	2
5492	08:43.324	8	2,3,4,5,6,7,9,10,11,12,13,14,15	57	1
5493	08:43.326	5	2,3,4,8,9,10,11,16	5	3
5494	08:43.339	5	2,3,4,8,9,10,11,16	66	3
5495	08:43.342	16	1,2,3,4,5	5	2
5496	08:43.455	6	2,3,7,8,9,12,13	97	2
5497	08:43.832	7	2,3,4,6,8,9,10,12,13,14	57	2
5498	08:43.834	2	3,4,5,6,7,8,9,16	5	3
5499	08:43.865	2	3,4,5,6,7,8,9,16	66	3
5500	08:43.868	16	1,2,3,4,5	5	2
5501	08:44.072	8	2,3,4,5,6,7,9,10,11,12,13,14,15	97	1
5502	08:44.543	11	4,5,8,9,10,14,15	57	2
5503	08:44.545	5	2,3,4,8,9,10,11,16	5	3
5504	08:44.549	5	2,3,4,8,9,10,11,16	66	3
5505	08:44.552	16	1,2,3,4,5	5	2
5506	08:44.929	3	2,4,5,6,7,8,9,10,16	57	4
5507	08:44.931	16	1,2,3,4,5	5	2
5508	08:45.737	15	8,9,10,11,12,13,14	57	3
5509	08:45.739	8	2,3,4,5,6,7,9,10,11,12,13,14,15	5	1
5510	08:45.756	8	2,3,4,5,6,7,9,10,11,12,13,14,15	66	1
5511	08:45.759	5	2,3,4,8,9,10,11,16	5	3
5512	08:45.795	5	2,3,4,8,9,10,11,16	66	3
5513	08:45.798	16	1,2,3,4,5	5	2
5514	08:45.885	2	3,4,5,6,7,8,9,16	57	3
5515	08:45.887	16	1,2,3,4,5	5	2
5516	08:46.782	12	6,7,8,9,13,14,15	57	3
5517	08:46.784	8	2,3,4,5,6,7,9,10,11,12,13,14,15	5	1
5518	08:46.787	8	2,3,4,5,6,7,9,10,11,12,13,14,15	66	1
5519	08:46.790	5	2,3,4,8,9,10,11,16	5	3
5520	08:46.806	5	2,3,4,8,9,10,11,16	66	3
5521	08:46.809	16	1,2,3,4,5	5	2
5522	08:46.973	5	2,3,4,8,9,10,11,16	57	3
5523	08:46.975	16	1,2,3,4,5	5	2
5524	08:49.250	9	2,3,4,5,6,7,8,10,11,12,13,14,15	57	1
5525	08:49.252	5	2,3,4,8,9,10,11,16	5	3
5526	08:49.287	5	2,3,4,8,9,10,11,16	66	3
5527	08:49.290	16	1,2,3,4,5	5	2
5528	08:49.560	15	8,9,10,11,12,13,14	102	3
5529	08:49.564	9	2,3,4,5,6,7,8,10,11,12,13,14,15	5	1
5530	08:50.649	6	2,3,7,8,9,12,13	57	2
5531	08:50.651	2	3,4,5,6,7,8,9,16	5	3
5532	08:50.684	2	3,4,5,6,7,8,9,16	66	3
5533	08:50.687	16	1,2,3,4,5	5	2
5534	08:50.782	13	6,7,8,9,10,12,14,15	102	4
5535	08:50.786	9	2,3,4,5,6,7,8,10,11,12,13,14,15	5	1
5536	08:51.258	13	6,7,8,9,10,12,14,15	57	4
5537	08:51.260	8	2,3,4,5,6,7,9,10,11,12,13,14,15	5	1
5538	08:51.264	8	2,3,4,5,6,7,9,10,11,12,13,14,15	66	1
5539	08:51.267	5	2,3,4,8,9,10,11,16	5	3
5540	08:51.299	5	2,3,4,8,9,10,11,16	66	3
5541	08:51.302	16	1,2,3,4,5	5	2
5542	08:52.099	10	3,4,5,7,8,9,11,13,14,15	57	2
5543	08:52.101	5	2,3,4,8,9,10,11,16	5	3
5544	08:52.106	5	2,3,4,8,9,10,11,16	66	3
5545	08:52.109	16	1,2,3,4,5	5	2
5546	08:52.320	14	7,8,9,10,11,12,13,15	57	4
5547	08:52.322	8	2,3,4,5,6,7,9,10,11,12,13,14,15	5	1
5548	08:52.334	8	2,3,4,5,6,7,9,10,11,12,13,14,15	66	1
5549	08:52.337	5	2,3,4,8,9,10,11,16	5	3
5550	08:52.377	5	2,3,4,8,9,10,11,16	66	3
5551	08:52.380	16	1,2,3,4,5	5	2
5552	08:53.201	4	2,3,5,7,8,9,10,11,16	57	4
5553	08:53.203	16	1,2,3,4,5	5	2
5554	08:53.549	8	2,3,4,5,6,7,9,10,11,12,13,14,15	57	1
5555	08:53.551	5	2,3,4,8,9,10,11,16	5	3
5556	08:53.564	5	2,3,4,8,9,10,11,16	66	3
5557	08:53.567	16	1,2,3,4,5	5	2
5558	08:53.823	11	4,5,8,9,10,14,15	57	2
5559	08:53.825	5	2,3,4,8,9,10,11,16	5	3
5560	08:53.837	5	2,3,4,8,9,10,11,16	66	3
5561	08:53.840	16	1,2,3,4,5	5	2
5562	08:53.927	3	2,4,5,6,7,8,9,10,16	57	4
5563	08:53.929	16	1,2,3,4,5	5	2
5564	08:54.022	7	2,3,4,6,8,9,10,12,13,14	57	2
5565	08:54.024	2	3,4,5,6,7,8,9,16	5	3
5566	08:54.066	2	3,4,5,6,7,8,9,16	66	3
5567	08:54.069	16	1,2,3,4,5	5	2
5568	08:54.701	13	6,7,8,9,10,12,14,15	97	4
5569	08:55.211	2	3,4,5,6,7,8,9,16	57	3
5570	08:55.213	16	1,2,3,4,5	5	2
5571	08:55.769	15	8,9,10,11,12,13,14	57	3
5572	08:55.771	8	2,3,4,5,6,7,9,10,11,12,13,14,15	5	1
5573	08:55.806	8	2,3,4,5,6,7,9,10,11,12,13,14,15	66	1
5574	08:55.809	5	2,3,4,8,9,10,11,16	5	3
5575	08:55.819	5	2,3,4,8,9,10,11,16	66	3
5576	08:55.822	16	1,2,3,4,5	5	2
5577	08:56.267	5	2,3,4,8,9,10,11,16	57	3
5578	08:56.269	16	1,2,3,4,5	5	2
5579	08:57.562	12	6,7,8,9,13,14,15	57	3
5580	08:57.564	8	2,3,4,5,6,7,9,10,11,12,13,14,15	5	1
5581	08:57.589	8	2,3,4,5,6,7,9,10,11,12,13,14,15	66	1
5582	08:57.592	5	2,3,4,8,9,10,11,16	5	3
5583	08:57.595	5	2,3,4,8,9,10,11,16	66	3
5584	08:57.598	16	1,2,3,4,5	5	2
5585	08:58.487	9	2,3,4,5,6,7,8,10,11,12,13,14,15	57	1
5586	08:58.489	5	2,3,4,8,9,10,11,16	5	3
5587	08:58.510	5	2,3,4,8,9,10,11,16	66	3
5588	08:58.513	16	1,2,3,4,5	5	2
