run_id,condition,family,mode,binary_run_label,window_label,nodes,seed,window_start_s,window_end_s,post_activation,app_tx_delta,app_rx_delta,app_missed_delta,app_reporting_nodes,radio_tx_count,radio_bytes,radio_interfered_count,unique_radio_senders,attacker_node16_radio_tx,root_node1_radio_tx,dio_rx_count,dio_tx_count,dis_rx_count,dis_tx_count,dao_rx_count,dao_tx_count,parent_switch_count,parent_switch_to_root_count,parent_switch_to_nonroot_count,unique_parent_targets,parent_found_events,no_parent_events,significant_rank_update_count,unique_dio_senders,unique_dio_receivers,dio_rx_rank_min,dio_rx_rank_mean,dio_rx_rank_max,dio_rx_rank_range,dio_rx_nonroot_count,dio_rx_nonroot_rank_min,dio_rx_nonroot_rank_mean,dio_rx_nonroot_rank_max,dio_rx_nonroot_rank_range,dio_rx_low_rank_nonroot_count,unique_low_rank_nonroot_senders,dio_tx_rank_mean,state_nonroot_rank_min,state_nonroot_rank_mean,state_nonroot_rank_max,state_nonroot_rank_range,state_low_rank_nonroot_pairs,state_low_rank_nonroot_senders,state_receivers_exposed_low_rank_nonroot,own_state_sample_count,own_rank_min,own_rank_mean,own_rank_max,own_rank_range,own_neighbor_count_mean,own_neighbor_count_max,topology_edge_count,topology_unique_parents,topology_max_parent_fanout,topology_root_direct_children,topology_mean_depth,topology_max_depth,sinkhole_attack_enabled_events,sinkhole_advertised_rank_events,blackhole_attack_enabled_events,blackhole_drop_events,grayhole_attack_enabled_events,grayhole_drop_events,increase_rank_attack_enabled_events,increase_rank_advertised_rank_events,dis_flood_attack_enabled_events,dis_flood_sent_events,dio_suppression_attack_enabled_events,dio_suppression_events,worst_parent_attack_enabled_events,worst_parent_selection_events,wormhole_attack_enabled_events,wormhole_endpoint_radio_events,sybil_attack_enabled_events,sybil_spoofed_dio_events,sybil_sent_dio_events
ATTACKER_RELOCATED_BH_ATTACK_N16_SEED123456,ATTACKER_RELOCATED,blackhole,attack,1,0,16,123456,0,60,0,0,0,0,0,628,27823,1084,16,233,104,0,0,0,0,0,0,0,0,0,0,0,0,0,0,0,0.0,0.0,0.0,0.0,0,0.0,0.0,0.0,0.0,0,0,0.0,0.0,0.0,0.0,0.0,0,0,0,0,0.0,0.0,0.0,0.0,0.0,0,0,0,0,0,0.0,0,0,0,0,0,0,0,0,0,0,0,0,0,0,0,0,0,0,0,0
ATTACKER_RELOCATED_BH_ATTACK_N16_SEED123456,ATTACKER_RELOCATED,blackhole,attack,1,0,16,123456,60,120,0,0,0,0,0,859,31122,1293,16,333,165,0,0,0,0,0,0,0,0,0,0,0,0,0,0,0,0.0,0.0,0.0,0.0,0,0.0,0.0,0.0,0.0,0,0,0.0,0.0,0.0,0.0,0.0,0,0,0,0,0.0,0.0,0.0,0.0,0.0,0,0,0,0,0,0.0,0,0,0,0,0,0,0,0,0,0,0,0,0,0,0,0,0,0,0,0
ATTACKER_RELOCATED_BH_ATTACK_N16_SEED123456,ATTACKER_RELOCATED,blackhole,attack,1,0,16,123456,120,180,0,140,140,0,14,861,30492,1254,16,340,175,0,0,0,0,0,0,0,0,0,0,0,0,0,0,0,0.0,0.0,0.0,0.0,0,0.0,0.0,0.0,0.0,0,0,0.0,0.0,0.0,0.0,0.0,0,0,0,0,0.0,0.0,0.0,0.0,0.0,0,0,0,0,0,0.0,0,0,0,0,0,0,0,0,0,0,0,0,0,0,0,0,0,0,0,0
ATTACKER_RELOCATED_BH_ATTACK_N16_SEED123456,ATTACKER_RELOCATED,blackhole,attack,1,0,16,123456,180,240,0,60,60,0,6,833,29033,1192,16,332,167,0,0,0,0,0,0,0,0,0,0,0,0,0,0,0,0.0,0.0,0.0,0.0,0,0.0,0.0,0.0,0.0,0,0,0.0,0.0,0.0,0.0,0.0,0,0,0,0,0.0,0.0,0.0,0.0,0.0,0,0,0,0,0,0.0,0,0,0,0,0,0,0,0,0,0,0,0,0,0,0,0,0,0,0,0
ATTACKER_RELOCATED_BH_ATTACK_N16_SEED123456,ATTACKER_RELOCATED,blackhole,attack,1,1,16,123456,240,300,1,80,75,0,8,288,10511,494,16,91,4,0,0,0,0,0,0,0,0,0,0,0,0,0,0,0,0.0,0.0,0.0,0.0,0,0.0,0.0,0.0,0.0,0,0,0.0,0.0,0.0,0.0,0.0,0,0,0,0,0.0,0.0,0.0,0.0,0.0,0,0,0,0,0,0.0,0,0,0,1,83,0,0,0,0,0,0,0,0,0,0,0,0,0,0,0
ATTACKER_RELOCATED_BH_ATTACK_N16_SEED123456,ATTACKER_RELOCATED,blackhole,attack,1,1,16,123456,300,360,1,140,7,0,14,267,9252,464,15,84,0,0,0,0,0,0,0,0,0,0,0,0,0,0,0,0,0.0,0.0,0.0,0.0,0,0.0,0.0,0.0,0.0,0,0,0.0,0.0,0.0,0.0,0.0,0,0,0,0,0.0,0.0,0.0,0.0,0.0,0,0,0,0,0,0.0,0,0,0,0,84,0,0,0,0,0,0,0,0,0,0,0,0,0,0,0
ATTACKER_RELOCATED_BH_ATTACK_N16_SEED123456,ATTACKER_RELOCATED,blackhole,attack,1,1,16,123456,360,420,1,0,0,0,0,265,9024,461,15,85,0,0,0,0,0,0,0,0,0,0,0,0,0,0,0,0,0.0,0.0,0.0,0.0,0,0.0,0.0,0.0,0.0,0,0,0.0,0.0,0.0,0.0,0.0,0,0,0,0,0.0,0.0,0.0,0.0,0.0,0,0,0,0,0,0.0,0,0,0,0,84,0,0,0,0,0,0,0,0,0,0,0,0,0,0,0
ATTACKER_RELOCATED_BH_ATTACK_N16_SEED123456,ATTACKER_RELOCATED,blackhole,attack,1,1,16,123456,420,480,1,140,0,0,14,267,9555,458,16,86,1,0,0,0,0,0,0,0,0,0,0,0,0,0,0,0,0.0,0.0,0.0,0.0,0,0.0,0.0,0.0,0.0,0,0,0.0,0.0,0.0,0.0,0.0,0,0,0,0,0.0,0.0,0.0,0.0,0.0,0,0,0,0,0,0.0,0,0,0,0,84,0,0,0,0,0,0,0,0,0,0,0,0,0,0,0
ATTACKER_RELOCATED_BH_ATTACK_N16_SEED123456,ATTACKER_RELOCATED,blackhole,attack,1,1,16,123456,480,540,1,60,0,0,6,272,9571,485,15,86,0,0,0,0,0,0,0,0,0,0,0,0,0,0,0,0,0.0,0.0,0.0,0.0,0,0.0,0.0,0.0,0.0,0,0,0.0,0.0,0.0,0.0,0.0,0,0,0,0,0.0,0.0,0.0,0.0,0.0,0,0,0,0,0,0.0,0,0,0,0,85,0,0,0,0,0,0,0,0,0,0,0,0,0,0,0
ATTACKER_RELOCATED_BH_ATTACK_N16_SEED234567,ATTACKER_RELOCATED,blackhole,attack,1,0,16,234567,0,60,0,0,0,0,0,658,28578,1223,16,243,113,0,0,0,0,0,0,0,0,0,0,0,0,0,0,0,0.0,0.0,0.0,0.0,0,0.0,0.0,0.0,0.0,0,0,0.0,0.0,0.0,0.0,0.0,0,0,0,0,0.0,0.0,0.0,0.0,0.0,0,0,0,0,0,0.0,0,0,0,0,0,0,0,0,0,0,0,0,0,0,0,0,0,0,0,0
ATTACKER_RELOCATED_BH_ATTACK_N16_SEED234567,ATTACKER_RELOCATED,blackhole,attack,1,0,16,234567,60,120,0,0,0,0,0,868,30909,1480,16,338,169,0,0,0,0,0,0,0,0,0,0,0,0,0,0,0,0.0,0.0,0.0,0.0,0,0.0,0.0,0.0,0.0,0,0,0.0,0.0,0.0,0.0,0.0,0,0,0,0,0.0,0.0,0.0,0.0,0.0,0,0,0,0,0,0.0,0,0,0,0,0,0,0,0,0,0,0,0,0,0,0,0,0,0,0,0
ATTACKER_RELOCATED_BH_ATTACK_N16_SEED234567,ATTACKER_RELOCATED,blackhole,attack,1,0,16,234567,120,180,0,140,140,0,14,852,30136,1431,16,338,169,0,0,0,0,0,0,0,0,0,0,0,0,0,0,0,0.0,0.0,0.0,0.0,0,0.0,0.0,0.0,0.0,0,0,0.0,0.0,0.0,0.0,0.0,0,0,0,0,0.0,0.0,0.0,0.0,0.0,0,0,0,0,0,0.0,0,0,0,0,0,0,0,0,0,0,0,0,0,0,0,0,0,0,0,0
ATTACKER_RELOCATED_BH_ATTACK_N16_SEED234567,ATTACKER_RELOCATED,blackhole,attack,1,0,16,234567,180,240,0,90,90,0,9,849,29354,1425,16,340,172,0,0,0,0,0,0,0,0,0,0,0,0,0,0,0,0.0,0.0,0.0,0.0,0,0.0,0.0,0.0,0.0,0,0,0.0,0.0,0.0,0.0,0.0,0,0,0,0,0.0,0.0,0.0,0.0,0.0,0,0,0,0,0,0.0,0,0,0,0,0,0,0,0,0,0,0,0,0,0,0,0,0,0,0,0
ATTACKER_RELOCATED_BH_ATTACK_N16_SEED234567,ATTACKER_RELOCATED,blackhole,attack,1,1,16,234567,240,300,1,50,48,0,5,279,10458,603,16,85,1,0,0,0,0,0,0,0,0,0,0,0,0,0,0,0,0.0,0.0,0.0,0.0,0,0.0,0.0,0.0,0.0,0,0,0.0,0.0,0.0,0.0,0.0,0,0,0,0,0.0,0.0,0.0,0.0,0.0,0,0,0,0,0,0.0,0,0,0,1,84,0,0,0,0,0,0,0,0,0,0,0,0,0,0,0
ATTACKER_RELOCATED_BH_ATTACK_N16_SEED234567,ATTACKER_RELOCATED,blackhole,attack,1,1,16,234567,300,360,1,130,11,0,13,264,9084,561,15,84,0,0,0,0,0,0,0,0,0,0,0,0,0,0,0,0,0.0,0.0,0.0,0.0,0,0.0,0.0,0.0,0.0,0,0,0.0,0.0,0.0,0.0,0.0,0,0,0,0,0.0,0.0,0.0,0.0,0.0,0,0,0,0,0,0.0,0,0,0,0,84,0,0,0,0,0,0,0,0,0,0,0,0,0,0,0
ATTACKER_RELOCATED_BH_ATTACK_N16_SEED234567,ATTACKER_RELOCATED,blackhole,attack,1,1,16,234567,360,420,1,10,0,0,1,254,8681,540,16,84,1,0,0,0,0,0,0,0,0,0,0,0,0,0,0,0,0.0,0.0,0.0,0.0,0,0.0,0.0,0.0,0.0,0,0,0.0,0.0,0.0,0.0,0.0,0,0,0,0,0.0,0.0,0.0,0.0,0.0,0,0,0,0,0,0.0,0,0,0,0,83,0,0,0,0,0,0,0,0,0,0,0,0,0,0,0
ATTACKER_RELOCATED_BH_ATTACK_N16_SEED234567,ATTACKER_RELOCATED,blackhole,attack,1,1,16,234567,420,480,1,140,0,0,14,268,9501,585,15,84,0,0,0,0,0,0,0,0,0,0,0,0,0,0,0,0,0.0,0.0,0.0,0.0,0,0.0,0.0,0.0,0.0,0,0,0.0,0.0,0.0,0.0,0.0,0,0,0,0,0.0,0.0,0.0,0.0,0.0,0,0,0,0,0,0.0,0,0,0,0,81,0,0,0,0,0,0,0,0,0,0,0,0,0,0,0
ATTACKER_RELOCATED_BH_ATTACK_N16_SEED234567,ATTACKER_RELOCATED,blackhole,attack,1,1,16,234567,480,540,1,80,0,0,8,276,9993,586,15,85,0,0,0,0,0,0,0,0,0,0,0,0,0,0,0,0,0.0,0.0,0.0,0.0,0,0.0,0.0,0.0,0.0,0,0,0.0,0.0,0.0,0.0,0.0,0,0,0,0,0.0,0.0,0.0,0.0,0.0,0,0,0,0,0,0.0,0,0,0,0,85,0,0,0,0,0,0,0,0,0,0,0,0,0,0,0
ATTACKER_RELOCATED_BH_ATTACK_N16_SEED345678,ATTACKER_RELOCATED,blackhole,attack,1,0,16,345678,0,60,0,0,0,0,0,637,27670,1108,16,235,108,0,0,0,0,0,0,0,0,0,0,0,0,0,0,0,0.0,0.0,0.0,0.0,0,0.0,0.0,0.0,0.0,0,0,0.0,0.0,0.0,0.0,0.0,0,0,0,0,0.0,0.0,0.0,0.0,0.0,0,0,0,0,0,0.0,0,0,0,0,0,0,0,0,0,0,0,0,0,0,0,0,0,0,0,0
ATTACKER_RELOCATED_BH_ATTACK_N16_SEED345678,ATTACKER_RELOCATED,blackhole,attack,1,0,16,345678,60,120,0,0,0,0,0,865,30688,1343,16,341,171,0,0,0,0,0,0,0,0,0,0,0,0,0,0,0,0.0,0.0,0.0,0.0,0,0.0,0.0,0.0,0.0,0,0,0.0,0.0,0.0,0.0,0.0,0,0,0,0,0.0,0.0,0.0,0.0,0.0,0,0,0,0,0,0.0,0,0,0,0,0,0,0,0,0,0,0,0,0,0,0,0,0,0,0,0
ATTACKER_RELOCATED_BH_ATTACK_N16_SEED345678,ATTACKER_RELOCATED,blackhole,attack,1,0,16,345678,120,180,0,140,140,0,14,865,30790,1337,16,337,171,0,0,0,0,0,0,0,0,0,0,0,0,0,0,0,0.0,0.0,0.0,0.0,0,0.0,0.0,0.0,0.0,0,0,0.0,0.0,0.0,0.0,0.0,0,0,0,0,0.0,0.0,0.0,0.0,0.0,0,0,0,0,0,0.0,0,0,0,0,0,0,0,0,0,0,0,0,0,0,0,0,0,0,0,0
ATTACKER_RELOCATED_BH_ATTACK_N16_SEED345678,ATTACKER_RELOCATED,blackhole,attack,1,0,16,345678,180,240,0,80,80,0,8,838,29166,1290,16,335,167,0,0,0,0,0,0,0,0,0,0,0,0,0,0,0,0.0,0.0,0.0,0.0,0,0.0,0.0,0.0,0.0,0,0,0.0,0.0,0.0,0.0,0.0,0,0,0,0,0.0,0.0,0.0,0.0,0.0,0,0,0,0,0,0.0,0,0,0,0,0,0,0,0,0,0,0,0,0,0,0,0,0,0,0,0
ATTACKER_RELOCATED_BH_ATTACK_N16_SEED345678,ATTACKER_RELOCATED,blackhole,attack,1,1,16,345678,240,300,1,60,57,0,6,270,9814,512,16,85,2,0,0,0,0,0,0,0,0,0,0,0,0,0,0,0,0.0,0.0,0.0,0.0,0,0.0,0.0,0.0,0.0,0,0,0.0,0.0,0.0,0.0,0.0,0,0,0,0,0.0,0.0,0.0,0.0,0.0,0,0,0,0,0,0.0,0,0,0,1,81,0,0,0,0,0,0,0,0,0,0,0,0,0,0,0
ATTACKER_RELOCATED_BH_ATTACK_N16_SEED345678,ATTACKER_RELOCATED,blackhole,attack,1,1,16,345678,300,360,1,140,10,0,14,280,9641,559,15,88,0,0,0,0,0,0,0,0,0,0,0,0,0,0,0,0,0.0,0.0,0.0,0.0,0,0.0,0.0,0.0,0.0,0,0,0.0,0.0,0.0,0.0,0.0,0,0,0,0,0.0,0.0,0.0,0.0,0.0,0,0,0,0,0,0.0,0,0,0,0,86,0,0,0,0,0,0,0,0,0,0,0,0,0,0,0
ATTACKER_RELOCATED_BH_ATTACK_N16_SEED345678,ATTACKER_RELOCATED,blackhole,attack,1,1,16,345678,360,420,1,0,0,0,0,258,8727,489,15,84,0,0,0,0,0,0,0,0,0,0,0,0,0,0,0,0,0.0,0.0,0.0,0.0,0,0.0,0.0,0.0,0.0,0,0,0.0,0.0,0.0,0.0,0.0,0,0,0,0,0.0,0.0,0.0,0.0,0.0,0,0,0,0,0,0.0,0,0,0,0,84,0,0,0,0,0,0,0,0,0,0,0,0,0,0,0
ATTACKER_RELOCATED_BH_ATTACK_N16_SEED345678,ATTACKER_RELOCATED,blackhole,attack,1,1,16,345678,420,480,1,140,0,0,14,274,10054,536,16,85,1,0,0,0,0,0,0,0,0,0,0,0,0,0,0,0,0.0,0.0,0.0,0.0,0,0.0,0.0,0.0,0.0,0,0,0.0,0.0,0.0,0.0,0.0,0,0,0,0,0.0,0.0,0.0,0.0,0.0,0,0,0,0,0,0.0,0,0,0,0,84,0,0,0,0,0,0,0,0,0,0,0,0,0,0,0
ATTACKER_RELOCATED_BH_ATTACK_N16_SEED345678,ATTACKER_RELOCATED,blackhole,attack,1,1,16,345678,480,540,1,50,0,0,5,257,8849,480,15,83,0,0,0,0,0,0,0,0,0,0,0,0,0,0,0,0,0.0,0.0,0.0,0.0,0,0.0,0.0,0.0,0.0,0,0,0.0,0.0,0.0,0.0,0.0,0,0,0,0,0.0,0.0,0.0,0.0,0.0,0,0,0,0,0,0.0,0,0,0,0,83,0,0,0,0,0,0,0,0,0,0,0,0,0,0,0
ATTACKER_RELOCATED_BH_ATTACK_N16_SEED456789,ATTACKER_RELOCATED,blackhole,attack,1,0,16,456789,0,60,0,0,0,0,0,564,25147,1056,16,206,92,0,0,0,0,0,0,0,0,0,0,0,0,0,0,0,0.0,0.0,0.0,0.0,0,0.0,0.0,0.0,0.0,0,0,0.0,0.0,0.0,0.0,0.0,0,0,0,0,0.0,0.0,0.0,0.0,0.0,0,0,0,0,0,0.0,0,0,0,0,0,0,0,0,0,0,0,0,0,0,0,0,0,0,0,0
ATTACKER_RELOCATED_BH_ATTACK_N16_SEED456789,ATTACKER_RELOCATED,blackhole,attack,1,0,16,456789,60,120,0,0,0,0,0,897,32331,1573,16,349,176,0,0,0,0,0,0,0,0,0,0,0,0,0,0,0,0.0,0.0,0.0,0.0,0,0.0,0.0,0.0,0.0,0,0,0.0,0.0,0.0,0.0,0.0,0,0,0,0,0.0,0.0,0.0,0.0,0.0,0,0,0,0,0,0.0,0,0,0,0,0,0,0,0,0,0,0,0,0,0,0,0,0,0,0,0
ATTACKER_RELOCATED_BH_ATTACK_N16_SEED456789,ATTACKER_RELOCATED,blackhole,attack,1,0,16,456789,120,180,0,140,140,0,14,860,30537,1458,16,337,172,0,0,0,0,0,0,0,0,0,0,0,0,0,0,0,0.0,0.0,0.0,0.0,0,0.0,0.0,0.0,0.0,0,0,0.0,0.0,0.0,0.0,0.0,0,0,0,0,0.0,0.0,0.0,0.0,0.0,0,0,0,0,0,0.0,0,0,0,0,0,0,0,0,0,0,0,0,0,0,0,0,0,0,0,0
ATTACKER_RELOCATED_BH_ATTACK_N16_SEED456789,ATTACKER_RELOCATED,blackhole,attack,1,0,16,456789,180,240,0,50,50,0,5,842,29223,1440,16,333,166,0,0,0,0,0,0,0,0,0,0,0,0,0,0,0,0.0,0.0,0.0,0.0,0,0.0,0.0,0.0,0.0,0,0,0.0,0.0,0.0,0.0,0.0,0,0,0,0,0.0,0.0,0.0,0.0,0.0,0,0,0,0,0,0.0,0,0,0,0,0,0,0,0,0,0,0,0,0,0,0,0,0,0,0,0
ATTACKER_RELOCATED_BH_ATTACK_N16_SEED456789,ATTACKER_RELOCATED,blackhole,attack,1,1,16,456789,240,300,1,90,86,0,9,281,10272,622,16,88,1,0,0,0,0,0,0,0,0,0,0,0,0,0,0,0,0.0,0.0,0.0,0.0,0,0.0,0.0,0.0,0.0,0,0,0.0,0.0,0.0,0.0,0.0,0,0,0,0,0.0,0.0,0.0,0.0,0.0,0,0,0,0,0,0.0,0,0,0,1,87,0,0,0,0,0,0,0,0,0,0,0,0,0,0,0
ATTACKER_RELOCATED_BH_ATTACK_N16_SEED456789,ATTACKER_RELOCATED,blackhole,attack,1,1,16,456789,300,360,1,130,5,0,13,263,9134,585,15,85,0,0,0,0,0,0,0,0,0,0,0,0,0,0,0,0,0.0,0.0,0.0,0.0,0,0.0,0.0,0.0,0.0,0,0,0.0,0.0,0.0,0.0,0.0,0,0,0,0,0.0,0.0,0.0,0.0,0.0,0,0,0,0,0,0.0,0,0,0,0,83,0,0,0,0,0,0,0,0,0,0,0,0,0,0,0
ATTACKER_RELOCATED_BH_ATTACK_N16_SEED456789,ATTACKER_RELOCATED,blackhole,attack,1,1,16,456789,360,420,1,10,0,0,1,256,8746,550,15,83,0,0,0,0,0,0,0,0,0,0,0,0,0,0,0,0,0.0,0.0,0.0,0.0,0,0.0,0.0,0.0,0.0,0,0,0.0,0.0,0.0,0.0,0.0,0,0,0,0,0.0,0.0,0.0,0.0,0.0,0,0,0,0,0,0.0,0,0,0,0,81,0,0,0,0,0,0,0,0,0,0,0,0,0,0,0
ATTACKER_RELOCATED_BH_ATTACK_N16_SEED456789,ATTACKER_RELOCATED,blackhole,attack,1,1,16,456789,420,480,1,140,0,0,14,270,9677,605,15,85,0,0,0,0,0,0,0,0,0,0,0,0,0,0,0,0,0.0,0.0,0.0,0.0,0,0.0,0.0,0.0,0.0,0,0,0.0,0.0,0.0,0.0,0.0,0,0,0,0,0.0,0.0,0.0,0.0,0.0,0,0,0,0,0,0.0,0,0,0,0,84,0,0,0,0,0,0,0,0,0,0,0,0,0,0,0
ATTACKER_RELOCATED_BH_ATTACK_N16_SEED456789,ATTACKER_RELOCATED,blackhole,attack,1,1,16,456789,480,540,1,50,0,0,5,269,9416,582,16,85,1,0,0,0,0,0,0,0,0,0,0,0,0,0,0,0,0.0,0.0,0.0,0.0,0,0.0,0.0,0.0,0.0,0,0,0.0,0.0,0.0,0.0,0.0,0,0,0,0,0.0,0.0,0.0,0.0,0.0,0,0,0,0,0,0.0,0,0,0,0,85,0,0,0,0,0,0,0,0,0,0,0,0,0,0,0
ATTACKER_RELOCATED_BH_ATTACK_N16_SEED567890,ATTACKER_RELOCATED,blackhole,attack,1,0,16,567890,0,60,0,0,0,0,0,647,28037,1061,16,238,109,0,0,0,0,0,0,0,0,0,0,0,0,0,0,0,0.0,0.0,0.0,0.0,0,0.0,0.0,0.0,0.0,0,0,0.0,0.0,0.0,0.0,0.0,0,0,0,0,0.0,0.0,0.0,0.0,0.0,0,0,0,0,0,0.0,0,0,0,0,0,0,0,0,0,0,0,0,0,0,0,0,0,0,0,0
ATTACKER_RELOCATED_BH_ATTACK_N16_SEED567890,ATTACKER_RELOCATED,blackhole,attack,1,0,16,567890,60,120,0,0,0,0,0,848,30258,1247,16,330,165,0,0,0,0,0,0,0,0,0,0,0,0,0,0,0,0.0,0.0,0.0,0.0,0,0.0,0.0,0.0,0.0,0,0,0.0,0.0,0.0,0.0,0.0,0,0,0,0,0.0,0.0,0.0,0.0,0.0,0,0,0,0,0,0.0,0,0,0,0,0,0,0,0,0,0,0,0,0,0,0,0,0,0,0,0
ATTACKER_RELOCATED_BH_ATTACK_N16_SEED567890,ATTACKER_RELOCATED,blackhole,attack,1,0,16,567890,120,180,0,140,140,0,14,857,30346,1237,16,339,171,0,0,0,0,0,0,0,0,0,0,0,0,0,0,0,0.0,0.0,0.0,0.0,0,0.0,0.0,0.0,0.0,0,0,0.0,0.0,0.0,0.0,0.0,0,0,0,0,0.0,0.0,0.0,0.0,0.0,0,0,0,0,0,0.0,0,0,0,0,0,0,0,0,0,0,0,0,0,0,0,0,0,0,0,0
ATTACKER_RELOCATED_BH_ATTACK_N16_SEED567890,ATTACKER_RELOCATED,blackhole,attack,1,0,16,567890,180,240,0,60,59,0,6,818,28357,1166,16,325,163,0,0,0,0,0,0,0,0,0,0,0,0,0,0,0,0.0,0.0,0.0,0.0,0,0.0,0.0,0.0,0.0,0,0,0.0,0.0,0.0,0.0,0.0,0,0,0,0,0.0,0.0,0.0,0.0,0.0,0,0,0,0,0,0.0,0,0,0,0,0,0,0,0,0,0,0,0,0,0,0,0,0,0,0,0
ATTACKER_RELOCATED_BH_ATTACK_N16_SEED567890,ATTACKER_RELOCATED,blackhole,attack,1,1,16,567890,240,300,1,80,79,0,8,326,12029,556,16,103,8,0,0,0,0,0,0,0,0,0,0,0,0,0,0,0,0.0,0.0,0.0,0.0,0,0.0,0.0,0.0,0.0,0,0,0.0,0.0,0.0,0.0,0.0,0,0,0,0,0.0,0.0,0.0,0.0,0.0,0,0,0,0,0,0.0,0,0,0,1,86,0,0,0,0,0,0,0,0,0,0,0,0,0,0,0
ATTACKER_RELOCATED_BH_ATTACK_N16_SEED567890,ATTACKER_RELOCATED,blackhole,attack,1,1,16,567890,300,360,1,140,8,0,14,244,8185,421,15,81,0,0,0,0,0,0,0,0,0,0,0,0,0,0,0,0,0.0,0.0,0.0,0.0,0,0.0,0.0,0.0,0.0,0,0,0.0,0.0,0.0,0.0,0.0,0,0,0,0,0.0,0.0,0.0,0.0,0.0,0,0,0,0,0,0.0,0,0,0,0,81,0,0,0,0,0,0,0,0,0,0,0,0,0,0,0
ATTACKER_RELOCATED_BH_ATTACK_N16_SEED567890,ATTACKER_RELOCATED,blackhole,attack,1,1,16,567890,360,420,1,0,0,0,0,268,9181,460,15,85,0,0,0,0,0,0,0,0,0,0,0,0,0,0,0,0,0.0,0.0,0.0,0.0,0,0.0,0.0,0.0,0.0,0,0,0.0,0.0,0.0,0.0,0.0,0,0,0,0,0.0,0.0,0.0,0.0,0.0,0,0,0,0,0,0.0,0,0,0,0,85,0,0,0,0,0,0,0,0,0,0,0,0,0,0,0
ATTACKER_RELOCATED_BH_ATTACK_N16_SEED567890,ATTACKER_RELOCATED,blackhole,attack,1,1,16,567890,420,480,1,140,0,0,14,277,10000,485,16,86,1,0,0,0,0,0,0,0,0,0,0,0,0,0,0,0,0.0,0.0,0.0,0.0,0,0.0,0.0,0.0,0.0,0,0,0.0,0.0,0.0,0.0,0.0,0,0,0,0,0.0,0.0,0.0,0.0,0.0,0,0,0,0,0,0.0,0,0,0,0,85,0,0,0,0,0,0,0,0,0,0,0,0,0,0,0
ATTACKER_RELOCATED_BH_ATTACK_N16_SEED567890,ATTACKER_RELOCATED,blackhole,attack,1,1,16,567890,480,540,1,60,0,0,6,269,9452,462,15,87,0,0,0,0,0,0,0,0,0,0,0,0,0,0,0,0,0.0,0.0,0.0,0.0,0,0.0,0.0,0.0,0.0,0,0,0.0,0.0,0.0,0.0,0.0,0,0,0,0,0.0,0.0,0.0,0.0,0.0,0,0,0,0,0,0.0,0,0,0,0,84,0,0,0,0,0,0,0,0,0,0,0,0,0,0,0
ATTACKER_RELOCATED_BH_CONTROL_N16_SEED123456,ATTACKER_RELOCATED,blackhole,control,0,0,16,123456,0,60,0,0,0,0,0,628,27823,1084,16,233,104,0,0,0,0,0,0,0,0,0,0,0,0,0,0,0,0.0,0.0,0.0,0.0,0,0.0,0.0,0.0,0.0,0,0,0.0,0.0,0.0,0.0,0.0,0,0,0,0,0.0,0.0,0.0,0.0,0.0,0,0,0,0,0,0.0,0,0,0,0,0,0,0,0,0,0,0,0,0,0,0,0,0,0,0,0
ATTACKER_RELOCATED_BH_CONTROL_N16_SEED123456,ATTACKER_RELOCATED,blackhole,control,0,0,16,123456,60,120,0,0,0,0,0,859,31122,1293,16,333,165,0,0,0,0,0,0,0,0,0,0,0,0,0,0,0,0.0,0.0,0.0,0.0,0,0.0,0.0,0.0,0.0,0,0,0.0,0.0,0.0,0.0,0.0,0,0,0,0,0.0,0.0,0.0,0.0,0.0,0,0,0,0,0,0.0,0,0,0,0,0,0,0,0,0,0,0,0,0,0,0,0,0,0,0,0
ATTACKER_RELOCATED_BH_CONTROL_N16_SEED123456,ATTACKER_RELOCATED,blackhole,control,0,0,16,123456,120,180,0,140,140,0,14,861,30492,1254,16,340,175,0,0,0,0,0,0,0,0,0,0,0,0,0,0,0,0.0,0.0,0.0,0.0,0,0.0,0.0,0.0,0.0,0,0,0.0,0.0,0.0,0.0,0.0,0,0,0,0,0.0,0.0,0.0,0.0,0.0,0,0,0,0,0,0.0,0,0,0,0,0,0,0,0,0,0,0,0,0,0,0,0,0,0,0,0
ATTACKER_RELOCATED_BH_CONTROL_N16_SEED123456,ATTACKER_RELOCATED,blackhole,control,0,0,16,123456,180,240,0,60,60,0,6,833,29033,1192,16,332,167,0,0,0,0,0,0,0,0,0,0,0,0,0,0,0,0.0,0.0,0.0,0.0,0,0.0,0.0,0.0,0.0,0,0,0.0,0.0,0.0,0.0,0.0,0,0,0,0,0.0,0.0,0.0,0.0,0.0,0,0,0,0,0,0.0,0,0,0,0,0,0,0,0,0,0,0,0,0,0,0,0,0,0,0,0
ATTACKER_RELOCATED_BH_CONTROL_N16_SEED123456,ATTACKER_RELOCATED,blackhole,control,0,0,16,123456,240,300,1,80,79,0,8,877,31120,1251,16,344,179,0,0,0,0,0,0,0,0,0,0,0,0,0,0,0,0.0,0.0,0.0,0.0,0,0.0,0.0,0.0,0.0,0,0,0.0,0.0,0.0,0.0,0.0,0,0,0,0,0.0,0.0,0.0,0.0,0.0,0,0,0,0,0,0.0,0,0,0,0,0,0,0,0,0,0,0,0,0,0,0,0,0,0,0,0
ATTACKER_RELOCATED_BH_CONTROL_N16_SEED123456,ATTACKER_RELOCATED,blackhole,control,0,0,16,123456,300,360,1,140,140,0,14,828,28734,1172,16,329,164,0,0,0,0,0,0,0,0,0,0,0,0,0,0,0,0.0,0.0,0.0,0.0,0,0.0,0.0,0.0,0.0,0,0,0.0,0.0,0.0,0.0,0.0,0,0,0,0,0.0,0.0,0.0,0.0,0.0,0,0,0,0,0,0.0,0,0,0,0,0,0,0,0,0,0,0,0,0,0,0,0,0,0,0,0
ATTACKER_RELOCATED_BH_CONTROL_N16_SEED123456,ATTACKER_RELOCATED,blackhole,control,0,0,16,123456,360,420,1,0,0,0,0,851,29281,1200,16,342,173,0,0,0,0,0,0,0,0,0,0,0,0,0,0,0,0.0,0.0,0.0,0.0,0,0.0,0.0,0.0,0.0,0,0,0.0,0.0,0.0,0.0,0.0,0,0,0,0,0.0,0.0,0.0,0.0,0.0,0,0,0,0,0,0.0,0,0,0,0,0,0,0,0,0,0,0,0,0,0,0,0,0,0,0,0
ATTACKER_RELOCATED_BH_CONTROL_N16_SEED123456,ATTACKER_RELOCATED,blackhole,control,0,0,16,123456,420,480,1,140,139,0,14,862,30214,1259,16,344,171,0,0,0,0,0,0,0,0,0,0,0,0,0,0,0,0.0,0.0,0.0,0.0,0,0.0,0.0,0.0,0.0,0,0,0.0,0.0,0.0,0.0,0.0,0,0,0,0,0.0,0.0,0.0,0.0,0.0,0,0,0,0,0,0.0,0,0,0,0,0,0,0,0,0,0,0,0,0,0,0,0,0,0,0,0
ATTACKER_RELOCATED_BH_CONTROL_N16_SEED123456,ATTACKER_RELOCATED,blackhole,control,0,0,16,123456,480,540,1,70,69,0,7,873,30587,1254,16,347,176,0,0,0,0,0,0,0,0,0,0,0,0,0,0,0,0.0,0.0,0.0,0.0,0,0.0,0.0,0.0,0.0,0,0,0.0,0.0,0.0,0.0,0.0,0,0,0,0,0.0,0.0,0.0,0.0,0.0,0,0,0,0,0,0.0,0,0,0,0,0,0,0,0,0,0,0,0,0,0,0,0,0,0,0,0
ATTACKER_RELOCATED_BH_CONTROL_N16_SEED234567,ATTACKER_RELOCATED,blackhole,control,0,0,16,234567,0,60,0,0,0,0,0,658,28578,1223,16,243,113,0,0,0,0,0,0,0,0,0,0,0,0,0,0,0,0.0,0.0,0.0,0.0,0,0.0,0.0,0.0,0.0,0,0,0.0,0.0,0.0,0.0,0.0,0,0,0,0,0.0,0.0,0.0,0.0,0.0,0,0,0,0,0,0.0,0,0,0,0,0,0,0,0,0,0,0,0,0,0,0,0,0,0,0,0
ATTACKER_RELOCATED_BH_CONTROL_N16_SEED234567,ATTACKER_RELOCATED,blackhole,control,0,0,16,234567,60,120,0,0,0,0,0,868,30909,1480,16,338,169,0,0,0,0,0,0,0,0,0,0,0,0,0,0,0,0.0,0.0,0.0,0.0,0,0.0,0.0,0.0,0.0,0,0,0.0,0.0,0.0,0.0,0.0,0,0,0,0,0.0,0.0,0.0,0.0,0.0,0,0,0,0,0,0.0,0,0,0,0,0,0,0,0,0,0,0,0,0,0,0,0,0,0,0,0
ATTACKER_RELOCATED_BH_CONTROL_N16_SEED234567,ATTACKER_RELOCATED,blackhole,control,0,0,16,234567,120,180,0,140,140,0,14,852,30136,1431,16,338,169,0,0,0,0,0,0,0,0,0,0,0,0,0,0,0,0.0,0.0,0.0,0.0,0,0.0,0.0,0.0,0.0,0,0,0.0,0.0,0.0,0.0,0.0,0,0,0,0,0.0,0.0,0.0,0.0,0.0,0,0,0,0,0,0.0,0,0,0,0,0,0,0,0,0,0,0,0,0,0,0,0,0,0,0,0
ATTACKER_RELOCATED_BH_CONTROL_N16_SEED234567,ATTACKER_RELOCATED,blackhole,control,0,0,16,234567,180,240,0,90,90,0,9,849,29354,1425,16,340,172,0,0,0,0,0,0,0,0,0,0,0,0,0,0,0,0.0,0.0,0.0,0.0,0,0.0,0.0,0.0,0.0,0,0,0.0,0.0,0.0,0.0,0.0,0,0,0,0,0.0,0.0,0.0,0.0,0.0,0,0,0,0,0,0.0,0,0,0,0,0,0,0,0,0,0,0,0,0,0,0,0,0,0,0,0
ATTACKER_RELOCATED_BH_CONTROL_N16_SEED234567,ATTACKER_RELOCATED,blackhole,control,0,0,16,234567,240,300,1,50,50,0,5,852,30241,1442,16,336,169,0,0,0,0,0,0,0,0,0,0,0,0,0,0,0,0.0,0.0,0.0,0.0,0,0.0,0.0,0.0,0.0,0,0,0.0,0.0,0.0,0.0,0.0,0,0,0,0,0.0,0.0,0.0,0.0,0.0,0,0,0,0,0,0.0,0,0,0,0,0,0,0,0,0,0,0,0,0,0,0,0,0,0,0,0
ATTACKER_RELOCATED_BH_CONTROL_N16_SEED234567,ATTACKER_RELOCATED,blackhole,control,0,0,16,234567,300,360,1,130,130,0,13,829,28565,1398,16,332,166,0,0,0,0,0,0,0,0,0,0,0,0,0,0,0,0.0,0.0,0.0,0.0,0,0.0,0.0,0.0,0.0,0,0,0.0,0.0,0.0,0.0,0.0,0,0,0,0,0.0,0.0,0.0,0.0,0.0,0,0,0,0,0,0.0,0,0,0,0,0,0,0,0,0,0,0,0,0,0,0,0,0,0,0,0
ATTACKER_RELOCATED_BH_CONTROL_N16_SEED234567,ATTACKER_RELOCATED,blackhole,control,0,0,16,234567,360,420,1,10,9,0,1,830,28589,1380,16,334,169,0,0,0,0,0,0,0,0,0,0,0,0,0,0,0,0.0,0.0,0.0,0.0,0,0.0,0.0,0.0,0.0,0,0,0.0,0.0,0.0,0.0,0.0,0,0,0,0,0.0,0.0,0.0,0.0,0.0,0,0,0,0,0,0.0,0,0,0,0,0,0,0,0,0,0,0,0,0,0,0,0,0,0,0,0
ATTACKER_RELOCATED_BH_CONTROL_N16_SEED234567,ATTACKER_RELOCATED,blackhole,control,0,0,16,234567,420,480,1,140,140,0,14,845,29621,1431,16,334,167,0,0,0,0,0,0,0,0,0,0,0,0,0,0,0,0.0,0.0,0.0,0.0,0,0.0,0.0,0.0,0.0,0,0,0.0,0.0,0.0,0.0,0.0,0,0,0,0,0.0,0.0,0.0,0.0,0.0,0,0,0,0,0,0.0,0,0,0,0,0,0,0,0,0,0,0,0,0,0,0,0,0,0,0,0
ATTACKER_RELOCATED_BH_CONTROL_N16_SEED234567,ATTACKER_RELOCATED,blackhole,control,0,0,16,234567,480,540,1,80,80,0,8,862,30251,1459,16,342,174,0,0,0,0,0,0,0,0,0,0,0,0,0,0,0,0.0,0.0,0.0,0.0,0,0.0,0.0,0.0,0.0,0,0,0.0,0.0,0.0,0.0,0.0,0,0,0,0,0.0,0.0,0.0,0.0,0.0,0,0,0,0,0,0.0,0,0,0,0,0,0,0,0,0,0,0,0,0,0,0,0,0,0,0,0
ATTACKER_RELOCATED_BH_CONTROL_N16_SEED345678,ATTACKER_RELOCATED,blackhole,control,0,0,16,345678,0,60,0,0,0,0,0,637,27670,1108,16,235,108,0,0,0,0,0,0,0,0,0,0,0,0,0,0,0,0.0,0.0,0.0,0.0,0,0.0,0.0,0.0,0.0,0,0,0.0,0.0,0.0,0.0,0.0,0,0,0,0,0.0,0.0,0.0,0.0,0.0,0,0,0,0,0,0.0,0,0,0,0,0,0,0,0,0,0,0,0,0,0,0,0,0,0,0,0
ATTACKER_RELOCATED_BH_CONTROL_N16_SEED345678,ATTACKER_RELOCATED,blackhole,control,0,0,16,345678,60,120,0,0,0,0,0,865,30688,1343,16,341,171,0,0,0,0,0,0,0,0,0,0,0,0,0,0,0,0.0,0.0,0.0,0.0,0,0.0,0.0,0.0,0.0,0,0,0.0,0.0,0.0,0.0,0.0,0,0,0,0,0.0,0.0,0.0,0.0,0.0,0,0,0,0,0,0.0,0,0,0,0,0,0,0,0,0,0,0,0,0,0,0,0,0,0,0,0
ATTACKER_RELOCATED_BH_CONTROL_N16_SEED345678,ATTACKER_RELOCATED,blackhole,control,0,0,16,345678,120,180,0,140,140,0,14,865,30790,1337,16,337,171,0,0,0,0,0,0,0,0,0,0,0,0,0,0,0,0.0,0.0,0.0,0.0,0,0.0,0.0,0.0,0.0,0,0,0.0,0.0,0.0,0.0,0.0,0,0,0,0,0.0,0.0,0.0,0.0,0.0,0,0,0,0,0,0.0,0,0,0,0,0,0,0,0,0,0,0,0,0,0,0,0,0,0,0,0
ATTACKER_RELOCATED_BH_CONTROL_N16_SEED345678,ATTACKER_RELOCATED,blackhole,control,0,0,16,345678,180,240,0,80,80,0,8,838,29166,1290,16,335,167,0,0,0,0,0,0,0,0,0,0,0,0,0,0,0,0.0,0.0,0.0,0.0,0,0.0,0.0,0.0,0.0,0,0,0.0,0.0,0.0,0.0,0.0,0,0,0,0,0.0,0.0,0.0,0.0,0.0,0,0,0,0,0,0.0,0,0,0,0,0,0,0,0,0,0,0,0,0,0,0,0,0,0,0,0
ATTACKER_RELOCATED_BH_CONTROL_N16_SEED345678,ATTACKER_RELOCATED,blackhole,control,0,0,16,345678,240,300,1,60,60,0,6,826,29073,1285,16,326,163,0,0,0,0,0,0,0,0,0,0,0,0,0,0,0,0.0,0.0,0.0,0.0,0,0.0,0.0,0.0,0.0,0,0,0.0,0.0,0.0,0.0,0.0,0,0,0,0,0.0,0.0,0.0,0.0,0.0,0,0,0,0,0,0.0,0,0,0,0,0,0,0,0,0,0,0,0,0,0,0,0,0,0,0,0
ATTACKER_RELOCATED_BH_CONTROL_N16_SEED345678,ATTACKER_RELOCATED,blackhole,control,0,0,16,345678,300,360,1,140,139,0,14,887,30545,1361,16,354,177,0,0,0,0,0,0,0,0,0,0,0,0,0,0,0,0.0,0.0,0.0,0.0,0,0.0,0.0,0.0,0.0,0,0,0.0,0.0,0.0,0.0,0.0,0,0,0,0,0.0,0.0,0.0,0.0,0.0,0,0,0,0,0,0.0,0,0,0,0,0,0,0,0,0,0,0,0,0,0,0,0,0,0,0,0
ATTACKER_RELOCATED_BH_CONTROL_N16_SEED345678,ATTACKER_RELOCATED,blackhole,control,0,0,16,345678,360,420,1,0,0,0,0,852,29369,1299,16,342,174,0,0,0,0,0,0,0,0,0,0,0,0,0,0,0,0.0,0.0,0.0,0.0,0,0.0,0.0,0.0,0.0,0,0,0.0,0.0,0.0,0.0,0.0,0,0,0,0,0.0,0.0,0.0,0.0,0.0,0,0,0,0,0,0.0,0,0,0,0,0,0,0,0,0,0,0,0,0,0,0,0,0,0,0,0
ATTACKER_RELOCATED_BH_CONTROL_N16_SEED345678,ATTACKER_RELOCATED,blackhole,control,0,0,16,345678,420,480,1,140,140,0,14,843,29724,1357,16,335,166,0,0,0,0,0,0,0,0,0,0,0,0,0,0,0,0.0,0.0,0.0,0.0,0,0.0,0.0,0.0,0.0,0,0,0.0,0.0,0.0,0.0,0.0,0,0,0,0,0.0,0.0,0.0,0.0,0.0,0,0,0,0,0,0.0,0,0,0,0,0,0,0,0,0,0,0,0,0,0,0,0,0,0,0,0
ATTACKER_RELOCATED_BH_CONTROL_N16_SEED345678,ATTACKER_RELOCATED,blackhole,control,0,0,16,345678,480,540,1,70,70,0,7,851,29728,1325,16,335,170,0,0,0,0,0,0,0,0,0,0,0,0,0,0,0,0.0,0.0,0.0,0.0,0,0.0,0.0,0.0,0.0,0,0,0.0,0.0,0.0,0.0,0.0,0,0,0,0,0.0,0.0,0.0,0.0,0.0,0,0,0,0,0,0.0,0,0,0,0,0,0,0,0,0,0,0,0,0,0,0,0,0,0,0,0
ATTACKER_RELOCATED_BH_CONTROL_N16_SEED456789,ATTACKER_RELOCATED,blackhole,control,0,0,16,456789,0,60,0,0,0,0,0,564,25147,1056,16,206,92,0,0,0,0,0,0,0,0,0,0,0,0,0,0,0,0.0,0.0,0.0,0.0,0,0.0,0.0,0.0,0.0,0,0,0.0,0.0,0.0,0.0,0.0,0,0,0,0,0.0,0.0,0.0,0.0,0.0,0,0,0,0,0,0.0,0,0,0,0,0,0,0,0,0,0,0,0,0,0,0,0,0,0,0,0
ATTACKER_RELOCATED_BH_CONTROL_N16_SEED456789,ATTACKER_RELOCATED,blackhole,control,0,0,16,456789,60,120,0,0,0,0,0,897,32331,1573,16,349,176,0,0,0,0,0,0,0,0,0,0,0,0,0,0,0,0.0,0.0,0.0,0.0,0,0.0,0.0,0.0,0.0,0,0,0.0,0.0,0.0,0.0,0.0,0,0,0,0,0.0,0.0,0.0,0.0,0.0,0,0,0,0,0,0.0,0,0,0,0,0,0,0,0,0,0,0,0,0,0,0,0,0,0,0,0
ATTACKER_RELOCATED_BH_CONTROL_N16_SEED456789,ATTACKER_RELOCATED,blackhole,control,0,0,16,456789,120,180,0,140,140,0,14,860,30537,1458,16,337,172,0,0,0,0,0,0,0,0,0,0,0,0,0,0,0,0.0,0.0,0.0,0.0,0,0.0,0.0,0.0,0.0,0,0,0.0,0.0,0.0,0.0,0.0,0,0,0,0,0.0,0.0,0.0,0.0,0.0,0,0,0,0,0,0.0,0,0,0,0,0,0,0,0,0,0,0,0,0,0,0,0,0,0,0,0
ATTACKER_RELOCATED_BH_CONTROL_N16_SEED456789,ATTACKER_RELOCATED,blackhole,control,0,0,16,456789,180,240,0,50,50,0,5,842,29223,1440,16,333,166,0,0,0,0,0,0,0,0,0,0,0,0,0,0,0,0.0,0.0,0.0,0.0,0,0.0,0.0,0.0,0.0,0,0,0.0,0.0,0.0,0.0,0.0,0,0,0,0,0.0,0.0,0.0,0.0,0.0,0,0,0,0,0,0.0,0,0,0,0,0,0,0,0,0,0,0,0,0,0,0,0,0,0,0,0
ATTACKER_RELOCATED_BH_CONTROL_N16_SEED456789,ATTACKER_RELOCATED,blackhole,control,0,0,16,456789,240,300,1,90,90,0,9,859,30374,1486,16,338,170,0,0,0,0,0,0,0,0,0,0,0,0,0,0,0,0.0,0.0,0.0,0.0,0,0.0,0.0,0.0,0.0,0,0,0.0,0.0,0.0,0.0,0.0,0,0,0,0,0.0,0.0,0.0,0.0,0.0,0,0,0,0,0,0.0,0,0,0,0,0,0,0,0,0,0,0,0,0,0,0,0,0,0,0,0
ATTACKER_RELOCATED_BH_CONTROL_N16_SEED456789,ATTACKER_RELOCATED,blackhole,control,0,0,16,456789,300,360,1,130,130,0,13,838,29083,1438,16,335,169,0,0,0,0,0,0,0,0,0,0,0,0,0,0,0,0.0,0.0,0.0,0.0,0,0.0,0.0,0.0,0.0,0,0,0.0,0.0,0.0,0.0,0.0,0,0,0,0,0.0,0.0,0.0,0.0,0.0,0,0,0,0,0,0.0,0,0,0,0,0,0,0,0,0,0,0,0,0,0,0,0,0,0,0,0
ATTACKER_RELOCATED_BH_CONTROL_N16_SEED456789,ATTACKER_RELOCATED,blackhole,control,0,0,16,456789,360,420,1,10,10,0,1,808,27748,1368,16,326,162,0,0,0,0,0,0,0,0,0,0,0,0,0,0,0,0.0,0.0,0.0,0.0,0,0.0,0.0,0.0,0.0,0,0,0.0,0.0,0.0,0.0,0.0,0,0,0,0,0.0,0.0,0.0,0.0,0.0,0,0,0,0,0,0.0,0,0,0,0,0,0,0,0,0,0,0,0,0,0,0,0,0,0,0,0
ATTACKER_RELOCATED_BH_CONTROL_N16_SEED456789,ATTACKER_RELOCATED,blackhole,control,0,0,16,456789,420,480,1,140,139,0,14,856,29979,1454,16,340,173,0,0,0,0,0,0,0,0,0,0,0,0,0,0,0,0.0,0.0,0.0,0.0,0,0.0,0.0,0.0,0.0,0,0,0.0,0.0,0.0,0.0,0.0,0,0,0,0,0.0,0.0,0.0,0.0,0.0,0,0,0,0,0,0.0,0,0,0,0,0,0,0,0,0,0,0,0,0,0,0,0,0,0,0,0
ATTACKER_RELOCATED_BH_CONTROL_N16_SEED456789,ATTACKER_RELOCATED,blackhole,control,0,0,16,456789,480,540,1,40,40,0,4,855,30046,1483,16,340,169,0,0,0,0,0,0,0,0,0,0,0,0,0,0,0,0.0,0.0,0.0,0.0,0,0.0,0.0,0.0,0.0,0,0,0.0,0.0,0.0,0.0,0.0,0,0,0,0,0.0,0.0,0.0,0.0,0.0,0,0,0,0,0,0.0,0,0,0,0,0,0,0,0,0,0,0,0,0,0,0,0,0,0,0,0
ATTACKER_RELOCATED_BH_CONTROL_N16_SEED567890,ATTACKER_RELOCATED,blackhole,control,0,0,16,567890,0,60,0,0,0,0,0,647,28037,1061,16,238,109,0,0,0,0,0,0,0,0,0,0,0,0,0,0,0,0.0,0.0,0.0,0.0,0,0.0,0.0,0.0,0.0,0,0,0.0,0.0,0.0,0.0,0.0,0,0,0,0,0.0,0.0,0.0,0.0,0.0,0,0,0,0,0,0.0,0,0,0,0,0,0,0,0,0,0,0,0,0,0,0,0,0,0,0,0
ATTACKER_RELOCATED_BH_CONTROL_N16_SEED567890,ATTACKER_RELOCATED,blackhole,control,0,0,16,567890,60,120,0,0,0,0,0,848,30258,1247,16,330,165,0,0,0,0,0,0,0,0,0,0,0,0,0,0,0,0.0,0.0,0.0,0.0,0,0.0,0.0,0.0,0.0,0,0,0.0,0.0,0.0,0.0,0.0,0,0,0,0,0.0,0.0,0.0,0.0,0.0,0,0,0,0,0,0.0,0,0,0,0,0,0,0,0,0,0,0,0,0,0,0,0,0,0,0,0
ATTACKER_RELOCATED_BH_CONTROL_N16_SEED567890,ATTACKER_RELOCATED,blackhole,control,0,0,16,567890,120,180,0,140,140,0,14,857,30346,1237,16,339,171,0,0,0,0,0,0,0,0,0,0,0,0,0,0,0,0.0,0.0,0.0,0.0,0,0.0,0.0,0.0,0.0,0,0,0.0,0.0,0.0,0.0,0.0,0,0,0,0,0.0,0.0,0.0,0.0,0.0,0,0,0,0,0,0.0,0,0,0,0,0,0,0,0,0,0,0,0,0,0,0,0,0,0,0,0
ATTACKER_RELOCATED_BH_CONTROL_N16_SEED567890,ATTACKER_RELOCATED,blackhole,control,0,0,16,567890,180,240,0,60,59,0,6,818,28357,1166,16,325,163,0,0,0,0,0,0,0,0,0,0,0,0,0,0,0,0.0,0.0,0.0,0.0,0,0.0,0.0,0.0,0.0,0,0,0.0,0.0,0.0,0.0,0.0,0,0,0,0,0.0,0.0,0.0,0.0,0.0,0,0,0,0,0,0.0,0,0,0,0,0,0,0,0,0,0,0,0,0,0,0,0,0,0,0,0
ATTACKER_RELOCATED_BH_CONTROL_N16_SEED567890,ATTACKER_RELOCATED,blackhole,control,0,0,16,567890,240,300,1,80,80,0,8,893,31659,1277,16,350,174,0,0,0,0,0,0,0,0,0,0,0,0,0,0,0,0.0,0.0,0.0,0.0,0,0.0,0.0,0.0,0.0,0,0,0.0,0.0,0.0,0.0,0.0,0,0,0,0,0.0,0.0,0.0,0.0,0.0,0,0,0,0,0,0.0,0,0,0,0,0,0,0,0,0,0,0,0,0,0,0,0,0,0,0,0
ATTACKER_RELOCATED_BH_CONTROL_N16_SEED567890,ATTACKER_RELOCATED,blackhole,control,0,0,16,567890,300,360,1,140,140,0,14,832,28650,1182,16,335,171,0,0,0,0,0,0,0,0,0,0,0,0,0,0,0,0.0,0.0,0.0,0.0,0,0.0,0.0,0.0,0.0,0,0,0.0,0.0,0.0,0.0,0.0,0,0,0,0,0.0,0.0,0.0,0.0,0.0,0,0,0,0,0,0.0,0,0,0,0,0,0,0,0,0,0,0,0,0,0,0,0,0,0,0,0
ATTACKER_RELOCATED_BH_CONTROL_N16_SEED567890,ATTACKER_RELOCATED,blackhole,control,0,0,16,567890,360,420,1,0,0,0,0,853,29331,1197,16,344,173,0,0,0,0,0,0,0,0,0,0,0,0,0,0,0,0.0,0.0,0.0,0.0,0,0.0,0.0,0.0,0.0,0,0,0.0,0.0,0.0,0.0,0.0,0,0,0,0,0.0,0.0,0.0,0.0,0.0,0,0,0,0,0,0.0,0,0,0,0,0,0,0,0,0,0,0,0,0,0,0,0,0,0,0,0
ATTACKER_RELOCATED_BH_CONTROL_N16_SEED567890,ATTACKER_RELOCATED,blackhole,control,0,0,16,567890,420,480,1,140,140,0,14,845,29840,1222,16,334,168,0,0,0,0,0,0,0,0,0,0,0,0,0,0,0,0.0,0.0,0.0,0.0,0,0.0,0.0,0.0,0.0,0,0,0.0,0.0,0.0,0.0,0.0,0,0,0,0,0.0,0.0,0.0,0.0,0.0,0,0,0,0,0,0.0,0,0,0,0,0,0,0,0,0,0,0,0,0,0,0,0,0,0,0,0
ATTACKER_RELOCATED_BH_CONTROL_N16_SEED567890,ATTACKER_RELOCATED,blackhole,control,0,0,16,567890,480,540,1,70,70,0,7,856,29633,1210,16,342,171,0,0,0,0,0,0,0,0,0,0,0,0,0,0,0,0.0,0.0,0.0,0.0,0,0.0,0.0,0.0,0.0,0,0,0.0,0.0,0.0,0.0,0.0,0,0,0,0,0.0,0.0,0.0,0.0,0.0,0,0,0,0,0,0.0,0,0,0,0,0,0,0,0,0,0,0,0,0,0,0,0,0,0,0,0
ATTACKER_RELOCATED_SH_ATTACK_N16_SEED123456,ATTACKER_RELOCATED,sinkhole,attack,1,0,16,123456,0,60,0,0,0,0,0,628,27823,1084,16,233,104,0,0,0,0,0,0,0,0,0,0,1,1,0,0,0,0.0,0.0,0.0,0.0,0,0.0,0.0,0.0,0.0,0,0,0.0,0.0,0.0,0.0,0.0,0,0,0,0,0.0,0.0,0.0,0.0,0.0,0,0,0,0,0,0.0,0,0,0,0,0,0,0,0,0,0,0,0,0,0,0,0,0,0,0,0
ATTACKER_RELOCATED_SH_ATTACK_N16_SEED123456,ATTACKER_RELOCATED,sinkhole,attack,1,0,16,123456,60,120,0,0,0,0,0,859,31122,1293,16,333,165,0,0,0,0,0,0,0,0,0,0,0,0,0,0,0,0.0,0.0,0.0,0.0,0,0.0,0.0,0.0,0.0,0,0,0.0,0.0,0.0,0.0,0.0,0,0,0,0,0.0,0.0,0.0,0.0,0.0,0,0,0,0,0,0.0,0,0,0,0,0,0,0,0,0,0,0,0,0,0,0,0,0,0,0,0
ATTACKER_RELOCATED_SH_ATTACK_N16_SEED123456,ATTACKER_RELOCATED,sinkhole,attack,1,0,16,123456,120,180,0,140,140,0,14,861,30492,1254,16,340,175,0,0,0,0,0,0,0,0,0,0,0,0,0,0,0,0.0,0.0,0.0,0.0,0,0.0,0.0,0.0,0.0,0,0,0.0,0.0,0.0,0.0,0.0,0,0,0,0,0.0,0.0,0.0,0.0,0.0,0,0,0,0,0,0.0,0,0,0,0,0,0,0,0,0,0,0,0,0,0,0,0,0,0,0,0
ATTACKER_RELOCATED_SH_ATTACK_N16_SEED123456,ATTACKER_RELOCATED,sinkhole,attack,1,0,16,123456,180,240,0,60,60,0,6,833,29033,1192,16,332,167,0,0,0,0,0,0,0,0,0,0,0,0,0,0,0,0.0,0.0,0.0,0.0,0,0.0,0.0,0.0,0.0,0,0,0.0,0.0,0.0,0.0,0.0,0,0,0,0,0.0,0.0,0.0,0.0,0.0,0,0,0,0,0,0.0,0,0,0,0,0,0,0,0,0,0,0,0,0,0,0,0,0,0,0,0
ATTACKER_RELOCATED_SH_ATTACK_N16_SEED123456,ATTACKER_RELOCATED,sinkhole,attack,1,1,16,123456,240,300,1,80,79,0,8,877,31284,1250,16,350,176,0,0,0,0,0,0,0,0,0,0,0,0,0,0,0,0.0,0.0,0.0,0.0,0,0.0,0.0,0.0,0.0,0,0,0.0,0.0,0.0,0.0,0.0,0,0,0,0,0.0,0.0,0.0,0.0,0.0,0,0,0,0,0,0.0,0,1,1,0,0,0,0,0,0,0,0,0,0,0,0,0,0,0,0,0
ATTACKER_RELOCATED_SH_ATTACK_N16_SEED123456,ATTACKER_RELOCATED,sinkhole,attack,1,1,16,123456,300,360,1,140,140,0,14,840,29104,1193,16,332,167,0,0,0,0,0,0,0,0,0,0,0,0,0,0,0,0.0,0.0,0.0,0.0,0,0.0,0.0,0.0,0.0,0,0,0.0,0.0,0.0,0.0,0.0,0,0,0,0,0.0,0.0,0.0,0.0,0.0,0,0,0,0,0,0.0,0,0,0,0,0,0,0,0,0,0,0,0,0,0,0,0,0,0,0,0
ATTACKER_RELOCATED_SH_ATTACK_N16_SEED123456,ATTACKER_RELOCATED,sinkhole,attack,1,1,16,123456,360,420,1,0,0,0,0,849,29226,1199,16,342,171,0,0,0,0,0,0,0,0,0,0,0,0,0,0,0,0.0,0.0,0.0,0.0,0,0.0,0.0,0.0,0.0,0,0,0.0,0.0,0.0,0.0,0.0,0,0,0,0,0.0,0.0,0.0,0.0,0.0,0,0,0,0,0,0.0,0,0,0,0,0,0,0,0,0,0,0,0,0,0,0,0,0,0,0,0
ATTACKER_RELOCATED_SH_ATTACK_N16_SEED123456,ATTACKER_RELOCATED,sinkhole,attack,1,1,16,123456,420,480,1,140,140,0,14,867,30132,1236,16,346,172,0,0,0,0,0,0,0,0,0,0,0,0,0,0,0,0.0,0.0,0.0,0.0,0,0.0,0.0,0.0,0.0,0,0,0.0,0.0,0.0,0.0,0.0,0,0,0,0,0.0,0.0,0.0,0.0,0.0,0,0,0,0,0,0.0,0,0,0,0,0,0,0,0,0,0,0,0,0,0,0,0,0,0,0,0
ATTACKER_RELOCATED_SH_ATTACK_N16_SEED123456,ATTACKER_RELOCATED,sinkhole,attack,1,1,16,123456,480,540,1,70,70,0,7,858,30268,1220,16,337,172,0,0,0,0,0,0,0,0,0,0,0,0,0,0,0,0.0,0.0,0.0,0.0,0,0.0,0.0,0.0,0.0,0,0,0.0,0.0,0.0,0.0,0.0,0,0,0,0,0.0,0.0,0.0,0.0,0.0,0,0,0,0,0,0.0,0,0,0,0,0,0,0,0,0,0,0,0,0,0,0,0,0,0,0,0
ATTACKER_RELOCATED_SH_ATTACK_N16_SEED234567,ATTACKER_RELOCATED,sinkhole,attack,1,0,16,234567,0,60,0,0,0,0,0,658,28578,1223,16,243,113,0,0,0,0,0,0,0,0,0,0,1,1,0,0,0,0.0,0.0,0.0,0.0,0,0.0,0.0,0.0,0.0,0,0,0.0,0.0,0.0,0.0,0.0,0,0,0,0,0.0,0.0,0.0,0.0,0.0,0,0,0,0,0,0.0,0,0,0,0,0,0,0,0,0,0,0,0,0,0,0,0,0,0,0,0
ATTACKER_RELOCATED_SH_ATTACK_N16_SEED234567,ATTACKER_RELOCATED,sinkhole,attack,1,0,16,234567,60,120,0,0,0,0,0,868,30909,1480,16,338,169,0,0,0,0,0,0,0,0,0,0,0,0,0,0,0,0.0,0.0,0.0,0.0,0,0.0,0.0,0.0,0.0,0,0,0.0,0.0,0.0,0.0,0.0,0,0,0,0,0.0,0.0,0.0,0.0,0.0,0,0,0,0,0,0.0,0,0,0,0,0,0,0,0,0,0,0,0,0,0,0,0,0,0,0,0
ATTACKER_RELOCATED_SH_ATTACK_N16_SEED234567,ATTACKER_RELOCATED,sinkhole,attack,1,0,16,234567,120,180,0,140,140,0,14,852,30136,1431,16,338,169,0,0,0,0,0,0,0,0,0,0,0,0,0,0,0,0.0,0.0,0.0,0.0,0,0.0,0.0,0.0,0.0,0,0,0.0,0.0,0.0,0.0,0.0,0,0,0,0,0.0,0.0,0.0,0.0,0.0,0,0,0,0,0,0.0,0,0,0,0,0,0,0,0,0,0,0,0,0,0,0,0,0,0,0,0
ATTACKER_RELOCATED_SH_ATTACK_N16_SEED234567,ATTACKER_RELOCATED,sinkhole,attack,1,0,16,234567,180,240,0,90,90,0,9,849,29354,1425,16,340,172,0,0,0,0,0,0,0,0,0,0,0,0,0,0,0,0.0,0.0,0.0,0.0,0,0.0,0.0,0.0,0.0,0,0,0.0,0.0,0.0,0.0,0.0,0,0,0,0,0.0,0.0,0.0,0.0,0.0,0,0,0,0,0,0.0,0,0,0,0,0,0,0,0,0,0,0,0,0,0,0,0,0,0,0,0
ATTACKER_RELOCATED_SH_ATTACK_N16_SEED234567,ATTACKER_RELOCATED,sinkhole,attack,1,1,16,234567,240,300,1,50,50,0,5,872,31386,1512,16,344,171,0,0,0,0,0,0,0,0,0,0,0,0,0,0,0,0.0,0.0,0.0,0.0,0,0.0,0.0,0.0,0.0,0,0,0.0,0.0,0.0,0.0,0.0,0,0,0,0,0.0,0.0,0.0,0.0,0.0,0,0,0,0,0,0.0,0,1,1,0,0,0,0,0,0,0,0,0,0,0,0,0,0,0,0,0
ATTACKER_RELOCATED_SH_ATTACK_N16_SEED234567,ATTACKER_RELOCATED,sinkhole,attack,1,1,16,234567,300,360,1,130,130,0,13,849,29399,1474,16,340,168,0,0,0,0,0,0,0,0,0,0,0,0,0,0,0,0.0,0.0,0.0,0.0,0,0.0,0.0,0.0,0.0,0,0,0.0,0.0,0.0,0.0,0.0,0,0,0,0,0.0,0.0,0.0,0.0,0.0,0,0,0,0,0,0.0,0,0,0,0,0,0,0,0,0,0,0,0,0,0,0,0,0,0,0,0
ATTACKER_RELOCATED_SH_ATTACK_N16_SEED234567,ATTACKER_RELOCATED,sinkhole,attack,1,1,16,234567,360,420,1,10,10,0,1,816,28140,1390,16,329,165,0,0,0,0,0,0,0,0,0,0,0,0,0,0,0,0.0,0.0,0.0,0.0,0,0.0,0.0,0.0,0.0,0,0,0.0,0.0,0.0,0.0,0.0,0,0,0,0,0.0,0.0,0.0,0.0,0.0,0,0,0,0,0,0.0,0,0,0,0,0,0,0,0,0,0,0,0,0,0,0,0,0,0,0,0
ATTACKER_RELOCATED_SH_ATTACK_N16_SEED234567,ATTACKER_RELOCATED,sinkhole,attack,1,1,16,234567,420,480,1,140,140,0,14,869,30541,1485,16,342,174,0,0,0,0,0,0,0,0,0,0,0,0,0,0,0,0.0,0.0,0.0,0.0,0,0.0,0.0,0.0,0.0,0,0,0.0,0.0,0.0,0.0,0.0,0,0,0,0,0.0,0.0,0.0,0.0,0.0,0,0,0,0,0,0.0,0,0,0,0,0,0,0,0,0,0,0,0,0,0,0,0,0,0,0,0
ATTACKER_RELOCATED_SH_ATTACK_N16_SEED234567,ATTACKER_RELOCATED,sinkhole,attack,1,1,16,234567,480,540,1,80,80,0,8,845,29780,1417,16,333,169,0,0,0,0,0,0,0,0,0,0,0,0,0,0,0,0.0,0.0,0.0,0.0,0,0.0,0.0,0.0,0.0,0,0,0.0,0.0,0.0,0.0,0.0,0,0,0,0,0.0,0.0,0.0,0.0,0.0,0,0,0,0,0,0.0,0,0,0,0,0,0,0,0,0,0,0,0,0,0,0,0,0,0,0,0
ATTACKER_RELOCATED_SH_ATTACK_N16_SEED345678,ATTACKER_RELOCATED,sinkhole,attack,1,0,16,345678,0,60,0,0,0,0,0,637,27670,1108,16,235,108,0,0,0,0,0,0,0,0,0,0,1,1,0,0,0,0.0,0.0,0.0,0.0,0,0.0,0.0,0.0,0.0,0,0,0.0,0.0,0.0,0.0,0.0,0,0,0,0,0.0,0.0,0.0,0.0,0.0,0,0,0,0,0,0.0,0,0,0,0,0,0,0,0,0,0,0,0,0,0,0,0,0,0,0,0
ATTACKER_RELOCATED_SH_ATTACK_N16_SEED345678,ATTACKER_RELOCATED,sinkhole,attack,1,0,16,345678,60,120,0,0,0,0,0,865,30688,1343,16,341,171,0,0,0,0,0,0,0,0,0,0,0,0,0,0,0,0.0,0.0,0.0,0.0,0,0.0,0.0,0.0,0.0,0,0,0.0,0.0,0.0,0.0,0.0,0,0,0,0,0.0,0.0,0.0,0.0,0.0,0,0,0,0,0,0.0,0,0,0,0,0,0,0,0,0,0,0,0,0,0,0,0,0,0,0,0
ATTACKER_RELOCATED_SH_ATTACK_N16_SEED345678,ATTACKER_RELOCATED,sinkhole,attack,1,0,16,345678,120,180,0,140,140,0,14,865,30790,1337,16,337,171,0,0,0,0,0,0,0,0,0,0,0,0,0,0,0,0.0,0.0,0.0,0.0,0,0.0,0.0,0.0,0.0,0,0,0.0,0.0,0.0,0.0,0.0,0,0,0,0,0.0,0.0,0.0,0.0,0.0,0,0,0,0,0,0.0,0,0,0,0,0,0,0,0,0,0,0,0,0,0,0,0,0,0,0,0
ATTACKER_RELOCATED_SH_ATTACK_N16_SEED345678,ATTACKER_RELOCATED,sinkhole,attack,1,0,16,345678,180,240,0,80,80,0,8,838,29166,1290,16,335,167,0,0,0,0,0,0,0,0,0,0,0,0,0,0,0,0.0,0.0,0.0,0.0,0,0.0,0.0,0.0,0.0,0,0,0.0,0.0,0.0,0.0,0.0,0,0,0,0,0.0,0.0,0.0,0.0,0.0,0,0,0,0,0,0.0,0,0,0,0,0,0,0,0,0,0,0,0,0,0,0,0,0,0,0,0
ATTACKER_RELOCATED_SH_ATTACK_N16_SEED345678,ATTACKER_RELOCATED,sinkhole,attack,1,1,16,345678,240,300,1,60,60,0,6,821,29171,1283,16,328,162,0,0,0,0,0,0,0,0,0,0,0,0,0,0,0,0.0,0.0,0.0,0.0,0,0.0,0.0,0.0,0.0,0,0,0.0,0.0,0.0,0.0,0.0,0,0,0,0,0.0,0.0,0.0,0.0,0.0,0,0,0,0,0,0.0,0,1,1,0,0,0,0,0,0,0,0,0,0,0,0,0,0,0,0,0
ATTACKER_RELOCATED_SH_ATTACK_N16_SEED345678,ATTACKER_RELOCATED,sinkhole,attack,1,1,16,345678,300,360,1,140,139,0,14,881,30556,1370,16,350,177,0,0,0,0,0,0,0,0,0,0,0,0,0,0,0,0.0,0.0,0.0,0.0,0,0.0,0.0,0.0,0.0,0,0,0.0,0.0,0.0,0.0,0.0,0,0,0,0,0.0,0.0,0.0,0.0,0.0,0,0,0,0,0,0.0,0,0,0,0,0,0,0,0,0,0,0,0,0,0,0,0,0,0,0,0
ATTACKER_RELOCATED_SH_ATTACK_N16_SEED345678,ATTACKER_RELOCATED,sinkhole,attack,1,1,16,345678,360,420,1,0,0,0,0,855,29596,1294,16,343,171,0,0,0,0,0,0,0,0,0,0,0,0,0,0,0,0.0,0.0,0.0,0.0,0,0.0,0.0,0.0,0.0,0,0,0.0,0.0,0.0,0.0,0.0,0,0,0,0,0.0,0.0,0.0,0.0,0.0,0,0,0,0,0,0.0,0,0,0,0,0,0,0,0,0,0,0,0,0,0,0,0,0,0,0,0
ATTACKER_RELOCATED_SH_ATTACK_N16_SEED345678,ATTACKER_RELOCATED,sinkhole,attack,1,1,16,345678,420,480,1,140,140,0,14,844,29696,1300,16,336,170,0,0,0,0,0,0,0,0,0,0,0,0,0,0,0,0.0,0.0,0.0,0.0,0,0.0,0.0,0.0,0.0,0,0,0.0,0.0,0.0,0.0,0.0,0,0,0,0,0.0,0.0,0.0,0.0,0.0,0,0,0,0,0,0.0,0,0,0,0,0,0,0,0,0,0,0,0,0,0,0,0,0,0,0,0
ATTACKER_RELOCATED_SH_ATTACK_N16_SEED345678,ATTACKER_RELOCATED,sinkhole,attack,1,1,16,345678,480,540,1,50,50,0,5,851,29346,1297,16,341,171,0,0,0,0,0,0,0,0,0,0,0,0,0,0,0,0.0,0.0,0.0,0.0,0,0.0,0.0,0.0,0.0,0,0,0.0,0.0,0.0,0.0,0.0,0,0,0,0,0.0,0.0,0.0,0.0,0.0,0,0,0,0,0,0.0,0,0,0,0,0,0,0,0,0,0,0,0,0,0,0,0,0,0,0,0
ATTACKER_RELOCATED_SH_ATTACK_N16_SEED456789,ATTACKER_RELOCATED,sinkhole,attack,1,0,16,456789,0,60,0,0,0,0,0,564,25147,1056,16,206,92,0,0,0,0,0,0,0,0,0,0,1,1,0,0,0,0.0,0.0,0.0,0.0,0,0.0,0.0,0.0,0.0,0,0,0.0,0.0,0.0,0.0,0.0,0,0,0,0,0.0,0.0,0.0,0.0,0.0,0,0,0,0,0,0.0,0,0,0,0,0,0,0,0,0,0,0,0,0,0,0,0,0,0,0,0
ATTACKER_RELOCATED_SH_ATTACK_N16_SEED456789,ATTACKER_RELOCATED,sinkhole,attack,1,0,16,456789,60,120,0,0,0,0,0,897,32331,1573,16,349,176,0,0,0,0,0,0,0,0,0,0,0,0,0,0,0,0.0,0.0,0.0,0.0,0,0.0,0.0,0.0,0.0,0,0,0.0,0.0,0.0,0.0,0.0,0,0,0,0,0.0,0.0,0.0,0.0,0.0,0,0,0,0,0,0.0,0,0,0,0,0,0,0,0,0,0,0,0,0,0,0,0,0,0,0,0
ATTACKER_RELOCATED_SH_ATTACK_N16_SEED456789,ATTACKER_RELOCATED,sinkhole,attack,1,0,16,456789,120,180,0,140,140,0,14,860,30537,1458,16,337,172,0,0,0,0,0,0,0,0,0,0,0,0,0,0,0,0.0,0.0,0.0,0.0,0,0.0,0.0,0.0,0.0,0,0,0.0,0.0,0.0,0.0,0.0,0,0,0,0,0.0,0.0,0.0,0.0,0.0,0,0,0,0,0,0.0,0,0,0,0,0,0,0,0,0,0,0,0,0,0,0,0,0,0,0,0
ATTACKER_RELOCATED_SH_ATTACK_N16_SEED456789,ATTACKER_RELOCATED,sinkhole,attack,1,0,16,456789,180,240,0,50,50,0,5,842,29223,1440,16,333,166,0,0,0,0,0,0,0,0,0,0,0,0,0,0,0,0.0,0.0,0.0,0.0,0,0.0,0.0,0.0,0.0,0,0,0.0,0.0,0.0,0.0,0.0,0,0,0,0,0.0,0.0,0.0,0.0,0.0,0,0,0,0,0,0.0,0,0,0,0,0,0,0,0,0,0,0,0,0,0,0,0,0,0,0,0
ATTACKER_RELOCATED_SH_ATTACK_N16_SEED456789,ATTACKER_RELOCATED,sinkhole,attack,1,1,16,456789,240,300,1,90,90,0,9,880,31333,1524,16,350,178,0,0,0,0,0,0,0,0,0,0,0,0,0,0,0,0.0,0.0,0.0,0.0,0,0.0,0.0,0.0,0.0,0,0,0.0,0.0,0.0,0.0,0.0,0,0,0,0,0.0,0.0,0.0,0.0,0.0,0,0,0,0,0,0.0,0,1,1,0,0,0,0,0,0,0,0,0,0,0,0,0,0,0,0,0
ATTACKER_RELOCATED_SH_ATTACK_N16_SEED456789,ATTACKER_RELOCATED,sinkhole,attack,1,1,16,456789,300,360,1,130,130,0,13,837,29351,1489,16,334,167,0,0,0,0,0,0,0,0,0,0,0,0,0,0,0,0.0,0.0,0.0,0.0,0,0.0,0.0,0.0,0.0,0,0,0.0,0.0,0.0,0.0,0.0,0,0,0,0,0.0,0.0,0.0,0.0,0.0,0,0,0,0,0,0.0,0,0,0,0,0,0,0,0,0,0,0,0,0,0,0,0,0,0,0,0
ATTACKER_RELOCATED_SH_ATTACK_N16_SEED456789,ATTACKER_RELOCATED,sinkhole,attack,1,1,16,456789,360,420,1,10,10,0,1,815,28121,1373,16,326,165,0,0,0,0,0,0,0,0,0,0,0,0,0,0,0,0.0,0.0,0.0,0.0,0,0.0,0.0,0.0,0.0,0,0,0.0,0.0,0.0,0.0,0.0,0,0,0,0,0.0,0.0,0.0,0.0,0.0,0,0,0,0,0,0.0,0,0,0,0,0,0,0,0,0,0,0,0,0,0,0,0,0,0,0,0
ATTACKER_RELOCATED_SH_ATTACK_N16_SEED456789,ATTACKER_RELOCATED,sinkhole,attack,1,1,16,456789,420,480,1,140,140,0,14,842,29349,1426,16,338,169,0,0,0,0,0,0,0,0,0,0,0,0,0,0,0,0.0,0.0,0.0,0.0,0,0.0,0.0,0.0,0.0,0,0,0.0,0.0,0.0,0.0,0.0,0,0,0,0,0.0,0.0,0.0,0.0,0.0,0,0,0,0,0,0.0,0,0,0,0,0,0,0,0,0,0,0,0,0,0,0,0,0,0,0,0
ATTACKER_RELOCATED_SH_ATTACK_N16_SEED456789,ATTACKER_RELOCATED,sinkhole,attack,1,1,16,456789,480,540,1,40,40,0,4,856,30052,1454,16,338,173,0,0,0,0,0,0,0,0,0,0,0,0,0,0,0,0.0,0.0,0.0,0.0,0,0.0,0.0,0.0,0.0,0,0,0.0,0.0,0.0,0.0,0.0,0,0,0,0,0.0,0.0,0.0,0.0,0.0,0,0,0,0,0,0.0,0,0,0,0,0,0,0,0,0,0,0,0,0,0,0,0,0,0,0,0
ATTACKER_RELOCATED_SH_ATTACK_N16_SEED567890,ATTACKER_RELOCATED,sinkhole,attack,1,0,16,567890,0,60,0,0,0,0,0,647,28037,1061,16,238,109,0,0,0,0,0,0,0,0,0,0,1,1,0,0,0,0.0,0.0,0.0,0.0,0,0.0,0.0,0.0,0.0,0,0,0.0,0.0,0.0,0.0,0.0,0,0,0,0,0.0,0.0,0.0,0.0,0.0,0,0,0,0,0,0.0,0,0,0,0,0,0,0,0,0,0,0,0,0,0,0,0,0,0,0,0
ATTACKER_RELOCATED_SH_ATTACK_N16_SEED567890,ATTACKER_RELOCATED,sinkhole,attack,1,0,16,567890,60,120,0,0,0,0,0,848,30258,1247,16,330,165,0,0,0,0,0,0,0,0,0,0,0,0,0,0,0,0.0,0.0,0.0,0.0,0,0.0,0.0,0.0,0.0,0,0,0.0,0.0,0.0,0.0,0.0,0,0,0,0,0.0,0.0,0.0,0.0,0.0,0,0,0,0,0,0.0,0,0,0,0,0,0,0,0,0,0,0,0,0,0,0,0,0,0,0,0
ATTACKER_RELOCATED_SH_ATTACK_N16_SEED567890,ATTACKER_RELOCATED,sinkhole,attack,1,0,16,567890,120,180,0,140,140,0,14,857,30346,1237,16,339,171,0,0,0,0,0,0,0,0,0,0,0,0,0,0,0,0.0,0.0,0.0,0.0,0,0.0,0.0,0.0,0.0,0,0,0.0,0.0,0.0,0.0,0.0,0,0,0,0,0.0,0.0,0.0,0.0,0.0,0,0,0,0,0,0.0,0,0,0,0,0,0,0,0,0,0,0,0,0,0,0,0,0,0,0,0
ATTACKER_RELOCATED_SH_ATTACK_N16_SEED567890,ATTACKER_RELOCATED,sinkhole,attack,1,0,16,567890,180,240,0,60,59,0,6,818,28357,1166,16,325,163,0,0,0,0,0,0,0,0,0,0,0,0,0,0,0,0.0,0.0,0.0,0.0,0,0.0,0.0,0.0,0.0,0,0,0.0,0.0,0.0,0.0,0.0,0,0,0,0,0.0,0.0,0.0,0.0,0.0,0,0,0,0,0,0.0,0,0,0,0,0,0,0,0,0,0,0,0,0,0,0,0,0,0,0,0
ATTACKER_RELOCATED_SH_ATTACK_N16_SEED567890,ATTACKER_RELOCATED,sinkhole,attack,1,1,16,567890,240,300,1,80,80,0,8,920,33090,1315,16,363,181,0,0,0,0,0,0,0,0,0,0,0,0,0,0,0,0.0,0.0,0.0,0.0,0,0.0,0.0,0.0,0.0,0,0,0.0,0.0,0.0,0.0,0.0,0,0,0,0,0.0,0.0,0.0,0.0,0.0,0,0,0,0,0,0.0,0,1,1,0,0,0,0,0,0,0,0,0,0,0,0,0,0,0,0,0
ATTACKER_RELOCATED_SH_ATTACK_N16_SEED567890,ATTACKER_RELOCATED,sinkhole,attack,1,1,16,567890,300,360,1,140,139,0,14,813,27829,1151,16,331,166,0,0,0,0,0,0,0,0,0,0,0,0,0,0,0,0.0,0.0,0.0,0.0,0,0.0,0.0,0.0,0.0,0,0,0.0,0.0,0.0,0.0,0.0,0,0,0,0,0.0,0.0,0.0,0.0,0.0,0,0,0,0,0,0.0,0,0,0,0,0,0,0,0,0,0,0,0,0,0,0,0,0,0,0,0
ATTACKER_RELOCATED_SH_ATTACK_N16_SEED567890,ATTACKER_RELOCATED,sinkhole,attack,1,1,16,567890,360,420,1,0,0,0,0,854,29553,1215,16,341,174,0,0,0,0,0,0,0,0,0,0,0,0,0,0,0,0.0,0.0,0.0,0.0,0,0.0,0.0,0.0,0.0,0,0,0.0,0.0,0.0,0.0,0.0,0,0,0,0,0.0,0.0,0.0,0.0,0.0,0,0,0,0,0,0.0,0,0,0,0,0,0,0,0,0,0,0,0,0,0,0,0,0,0,0,0
ATTACKER_RELOCATED_SH_ATTACK_N16_SEED567890,ATTACKER_RELOCATED,sinkhole,attack,1,1,16,567890,420,480,1,140,140,0,14,865,30534,1264,16,343,173,0,0,0,0,0,0,0,0,0,0,0,0,0,0,0,0.0,0.0,0.0,0.0,0,0.0,0.0,0.0,0.0,0,0,0.0,0.0,0.0,0.0,0.0,0,0,0,0,0.0,0.0,0.0,0.0,0.0,0,0,0,0,0,0.0,0,0,0,0,0,0,0,0,0,0,0,0,0,0,0,0,0,0,0,0
ATTACKER_RELOCATED_SH_ATTACK_N16_SEED567890,ATTACKER_RELOCATED,sinkhole,attack,1,1,16,567890,480,540,1,70,70,0,7,850,29641,1222,16,337,168,0,0,0,0,0,0,0,0,0,0,0,0,0,0,0,0.0,0.0,0.0,0.0,0,0.0,0.0,0.0,0.0,0,0,0.0,0.0,0.0,0.0,0.0,0,0,0,0,0.0,0.0,0.0,0.0,0.0,0,0,0,0,0,0.0,0,0,0,0,0,0,0,0,0,0,0,0,0,0,0,0,0,0,0,0
ATTACKER_RELOCATED_SH_CONTROL_N16_SEED123456,ATTACKER_RELOCATED,sinkhole,control,0,0,16,123456,0,60,0,0,0,0,0,628,27823,1084,16,233,104,0,0,0,0,0,0,0,0,0,0,1,1,0,0,0,0.0,0.0,0.0,0.0,0,0.0,0.0,0.0,0.0,0,0,0.0,0.0,0.0,0.0,0.0,0,0,0,0,0.0,0.0,0.0,0.0,0.0,0,0,0,0,0,0.0,0,0,0,0,0,0,0,0,0,0,0,0,0,0,0,0,0,0,0,0
ATTACKER_RELOCATED_SH_CONTROL_N16_SEED123456,ATTACKER_RELOCATED,sinkhole,control,0,0,16,123456,60,120,0,0,0,0,0,859,31122,1293,16,333,165,0,0,0,0,0,0,0,0,0,0,0,0,0,0,0,0.0,0.0,0.0,0.0,0,0.0,0.0,0.0,0.0,0,0,0.0,0.0,0.0,0.0,0.0,0,0,0,0,0.0,0.0,0.0,0.0,0.0,0,0,0,0,0,0.0,0,0,0,0,0,0,0,0,0,0,0,0,0,0,0,0,0,0,0,0
ATTACKER_RELOCATED_SH_CONTROL_N16_SEED123456,ATTACKER_RELOCATED,sinkhole,control,0,0,16,123456,120,180,0,140,140,0,14,861,30492,1254,16,340,175,0,0,0,0,0,0,0,0,0,0,0,0,0,0,0,0.0,0.0,0.0,0.0,0,0.0,0.0,0.0,0.0,0,0,0.0,0.0,0.0,0.0,0.0,0,0,0,0,0.0,0.0,0.0,0.0,0.0,0,0,0,0,0,0.0,0,0,0,0,0,0,0,0,0,0,0,0,0,0,0,0,0,0,0,0
ATTACKER_RELOCATED_SH_CONTROL_N16_SEED123456,ATTACKER_RELOCATED,sinkhole,control,0,0,16,123456,180,240,0,60,60,0,6,833,29033,1192,16,332,167,0,0,0,0,0,0,0,0,0,0,0,0,0,0,0,0.0,0.0,0.0,0.0,0,0.0,0.0,0.0,0.0,0,0,0.0,0.0,0.0,0.0,0.0,0,0,0,0,0.0,0.0,0.0,0.0,0.0,0,0,0,0,0,0.0,0,0,0,0,0,0,0,0,0,0,0,0,0,0,0,0,0,0,0,0
ATTACKER_RELOCATED_SH_CONTROL_N16_SEED123456,ATTACKER_RELOCATED,sinkhole,control,0,0,16,123456,240,300,1,80,79,0,8,877,31120,1251,16,344,179,0,0,0,0,0,0,0,0,0,0,0,0,0,0,0,0.0,0.0,0.0,0.0,0,0.0,0.0,0.0,0.0,0,0,0.0,0.0,0.0,0.0,0.0,0,0,0,0,0.0,0.0,0.0,0.0,0.0,0,0,0,0,0,0.0,0,0,0,0,0,0,0,0,0,0,0,0,0,0,0,0,0,0,0,0
ATTACKER_RELOCATED_SH_CONTROL_N16_SEED123456,ATTACKER_RELOCATED,sinkhole,control,0,0,16,123456,300,360,1,140,140,0,14,828,28734,1172,16,329,164,0,0,0,0,0,0,0,0,0,0,0,0,0,0,0,0.0,0.0,0.0,0.0,0,0.0,0.0,0.0,0.0,0,0,0.0,0.0,0.0,0.0,0.0,0,0,0,0,0.0,0.0,0.0,0.0,0.0,0,0,0,0,0,0.0,0,0,0,0,0,0,0,0,0,0,0,0,0,0,0,0,0,0,0,0
ATTACKER_RELOCATED_SH_CONTROL_N16_SEED123456,ATTACKER_RELOCATED,sinkhole,control,0,0,16,123456,360,420,1,0,0,0,0,851,29281,1200,16,342,173,0,0,0,0,0,0,0,0,0,0,0,0,0,0,0,0.0,0.0,0.0,0.0,0,0.0,0.0,0.0,0.0,0,0,0.0,0.0,0.0,0.0,0.0,0,0,0,0,0.0,0.0,0.0,0.0,0.0,0,0,0,0,0,0.0,0,0,0,0,0,0,0,0,0,0,0,0,0,0,0,0,0,0,0,0
ATTACKER_RELOCATED_SH_CONTROL_N16_SEED123456,ATTACKER_RELOCATED,sinkhole,control,0,0,16,123456,420,480,1,140,139,0,14,862,30214,1259,16,344,171,0,0,0,0,0,0,0,0,0,0,0,0,0,0,0,0.0,0.0,0.0,0.0,0,0.0,0.0,0.0,0.0,0,0,0.0,0.0,0.0,0.0,0.0,0,0,0,0,0.0,0.0,0.0,0.0,0.0,0,0,0,0,0,0.0,0,0,0,0,0,0,0,0,0,0,0,0,0,0,0,0,0,0,0,0
ATTACKER_RELOCATED_SH_CONTROL_N16_SEED123456,ATTACKER_RELOCATED,sinkhole,control,0,0,16,123456,480,540,1,70,69,0,7,873,30587,1254,16,347,176,0,0,0,0,0,0,0,0,0,0,0,0,0,0,0,0.0,0.0,0.0,0.0,0,0.0,0.0,0.0,0.0,0,0,0.0,0.0,0.0,0.0,0.0,0,0,0,0,0.0,0.0,0.0,0.0,0.0,0,0,0,0,0,0.0,0,0,0,0,0,0,0,0,0,0,0,0,0,0,0,0,0,0,0,0
ATTACKER_RELOCATED_SH_CONTROL_N16_SEED234567,ATTACKER_RELOCATED,sinkhole,control,0,0,16,234567,0,60,0,0,0,0,0,658,28578,1223,16,243,113,0,0,0,0,0,0,0,0,0,0,1,1,0,0,0,0.0,0.0,0.0,0.0,0,0.0,0.0,0.0,0.0,0,0,0.0,0.0,0.0,0.0,0.0,0,0,0,0,0.0,0.0,0.0,0.0,0.0,0,0,0,0,0,0.0,0,0,0,0,0,0,0,0,0,0,0,0,0,0,0,0,0,0,0,0
ATTACKER_RELOCATED_SH_CONTROL_N16_SEED234567,ATTACKER_RELOCATED,sinkhole,control,0,0,16,234567,60,120,0,0,0,0,0,868,30909,1480,16,338,169,0,0,0,0,0,0,0,0,0,0,0,0,0,0,0,0.0,0.0,0.0,0.0,0,0.0,0.0,0.0,0.0,0,0,0.0,0.0,0.0,0.0,0.0,0,0,0,0,0.0,0.0,0.0,0.0,0.0,0,0,0,0,0,0.0,0,0,0,0,0,0,0,0,0,0,0,0,0,0,0,0,0,0,0,0
ATTACKER_RELOCATED_SH_CONTROL_N16_SEED234567,ATTACKER_RELOCATED,sinkhole,control,0,0,16,234567,120,180,0,140,140,0,14,852,30136,1431,16,338,169,0,0,0,0,0,0,0,0,0,0,0,0,0,0,0,0.0,0.0,0.0,0.0,0,0.0,0.0,0.0,0.0,0,0,0.0,0.0,0.0,0.0,0.0,0,0,0,0,0.0,0.0,0.0,0.0,0.0,0,0,0,0,0,0.0,0,0,0,0,0,0,0,0,0,0,0,0,0,0,0,0,0,0,0,0
ATTACKER_RELOCATED_SH_CONTROL_N16_SEED234567,ATTACKER_RELOCATED,sinkhole,control,0,0,16,234567,180,240,0,90,90,0,9,849,29354,1425,16,340,172,0,0,0,0,0,0,0,0,0,0,0,0,0,0,0,0.0,0.0,0.0,0.0,0,0.0,0.0,0.0,0.0,0,0,0.0,0.0,0.0,0.0,0.0,0,0,0,0,0.0,0.0,0.0,0.0,0.0,0,0,0,0,0,0.0,0,0,0,0,0,0,0,0,0,0,0,0,0,0,0,0,0,0,0,0
ATTACKER_RELOCATED_SH_CONTROL_N16_SEED234567,ATTACKER_RELOCATED,sinkhole,control,0,0,16,234567,240,300,1,50,50,0,5,852,30241,1442,16,336,169,0,0,0,0,0,0,0,0,0,0,0,0,0,0,0,0.0,0.0,0.0,0.0,0,0.0,0.0,0.0,0.0,0,0,0.0,0.0,0.0,0.0,0.0,0,0,0,0,0.0,0.0,0.0,0.0,0.0,0,0,0,0,0,0.0,0,0,0,0,0,0,0,0,0,0,0,0,0,0,0,0,0,0,0,0
ATTACKER_RELOCATED_SH_CONTROL_N16_SEED234567,ATTACKER_RELOCATED,sinkhole,control,0,0,16,234567,300,360,1,130,130,0,13,829,28565,1398,16,332,166,0,0,0,0,0,0,0,0,0,0,0,0,0,0,0,0.0,0.0,0.0,0.0,0,0.0,0.0,0.0,0.0,0,0,0.0,0.0,0.0,0.0,0.0,0,0,0,0,0.0,0.0,0.0,0.0,0.0,0,0,0,0,0,0.0,0,0,0,0,0,0,0,0,0,0,0,0,0,0,0,0,0,0,0,0
ATTACKER_RELOCATED_SH_CONTROL_N16_SEED234567,ATTACKER_RELOCATED,sinkhole,control,0,0,16,234567,360,420,1,10,9,0,1,830,28589,1380,16,334,169,0,0,0,0,0,0,0,0,0,0,0,0,0,0,0,0.0,0.0,0.0,0.0,0,0.0,0.0,0.0,0.0,0,0,0.0,0.0,0.0,0.0,0.0,0,0,0,0,0.0,0.0,0.0,0.0,0.0,0,0,0,0,0,0.0,0,0,0,0,0,0,0,0,0,0,0,0,0,0,0,0,0,0,0,0
ATTACKER_RELOCATED_SH_CONTROL_N16_SEED234567,ATTACKER_RELOCATED,sinkhole,control,0,0,16,234567,420,480,1,140,140,0,14,845,29621,1431,16,334,167,0,0,0,0,0,0,0,0,0,0,0,0,0,0,0,0.0,0.0,0.0,0.0,0,0.0,0.0,0.0,0.0,0,0,0.0,0.0,0.0,0.0,0.0,0,0,0,0,0.0,0.0,0.0,0.0,0.0,0,0,0,0,0,0.0,0,0,0,0,0,0,0,0,0,0,0,0,0,0,0,0,0,0,0,0
ATTACKER_RELOCATED_SH_CONTROL_N16_SEED234567,ATTACKER_RELOCATED,sinkhole,control,0,0,16,234567,480,540,1,80,80,0,8,862,30251,1459,16,342,174,0,0,0,0,0,0,0,0,0,0,0,0,0,0,0,0.0,0.0,0.0,0.0,0,0.0,0.0,0.0,0.0,0,0,0.0,0.0,0.0,0.0,0.0,0,0,0,0,0.0,0.0,0.0,0.0,0.0,0,0,0,0,0,0.0,0,0,0,0,0,0,0,0,0,0,0,0,0,0,0,0,0,0,0,0
ATTACKER_RELOCATED_SH_CONTROL_N16_SEED345678,ATTACKER_RELOCATED,sinkhole,control,0,0,16,345678,0,60,0,0,0,0,0,637,27670,1108,16,235,108,0,0,0,0,0,0,0,0,0,0,1,1,0,0,0,0.0,0.0,0.0,0.0,0,0.0,0.0,0.0,0.0,0,0,0.0,0.0,0.0,0.0,0.0,0,0,0,0,0.0,0.0,0.0,0.0,0.0,0,0,0,0,0,0.0,0,0,0,0,0,0,0,0,0,0,0,0,0,0,0,0,0,0,0,0
ATTACKER_RELOCATED_SH_CONTROL_N16_SEED345678,ATTACKER_RELOCATED,sinkhole,control,0,0,16,345678,60,120,0,0,0,0,0,865,30688,1343,16,341,171,0,0,0,0,0,0,0,0,0,0,0,0,0,0,0,0.0,0.0,0.0,0.0,0,0.0,0.0,0.0,0.0,0,0,0.0,0.0,0.0,0.0,0.0,0,0,0,0,0.0,0.0,0.0,0.0,0.0,0,0,0,0,0,0.0,0,0,0,0,0,0,0,0,0,0,0,0,0,0,0,0,0,0,0,0
ATTACKER_RELOCATED_SH_CONTROL_N16_SEED345678,ATTACKER_RELOCATED,sinkhole,control,0,0,16,345678,120,180,0,140,140,0,14,865,30790,1337,16,337,171,0,0,0,0,0,0,0,0,0,0,0,0,0,0,0,0.0,0.0,0.0,0.0,0,0.0,0.0,0.0,0.0,0,0,0.0,0.0,0.0,0.0,0.0,0,0,0,0,0.0,0.0,0.0,0.0,0.0,0,0,0,0,0,0.0,0,0,0,0,0,0,0,0,0,0,0,0,0,0,0,0,0,0,0,0
ATTACKER_RELOCATED_SH_CONTROL_N16_SEED345678,ATTACKER_RELOCATED,sinkhole,control,0,0,16,345678,180,240,0,80,80,0,8,838,29166,1290,16,335,167,0,0,0,0,0,0,0,0,0,0,0,0,0,0,0,0.0,0.0,0.0,0.0,0,0.0,0.0,0.0,0.0,0,0,0.0,0.0,0.0,0.0,0.0,0,0,0,0,0.0,0.0,0.0,0.0,0.0,0,0,0,0,0,0.0,0,0,0,0,0,0,0,0,0,0,0,0,0,0,0,0,0,0,0,0
ATTACKER_RELOCATED_SH_CONTROL_N16_SEED345678,ATTACKER_RELOCATED,sinkhole,control,0,0,16,345678,240,300,1,60,60,0,6,826,29073,1285,16,326,163,0,0,0,0,0,0,0,0,0,0,0,0,0,0,0,0.0,0.0,0.0,0.0,0,0.0,0.0,0.0,0.0,0,0,0.0,0.0,0.0,0.0,0.0,0,0,0,0,0.0,0.0,0.0,0.0,0.0,0,0,0,0,0,0.0,0,0,0,0,0,0,0,0,0,0,0,0,0,0,0,0,0,0,0,0
ATTACKER_RELOCATED_SH_CONTROL_N16_SEED345678,ATTACKER_RELOCATED,sinkhole,control,0,0,16,345678,300,360,1,140,139,0,14,887,30545,1361,16,354,177,0,0,0,0,0,0,0,0,0,0,0,0,0,0,0,0.0,0.0,0.0,0.0,0,0.0,0.0,0.0,0.0,0,0,0.0,0.0,0.0,0.0,0.0,0,0,0,0,0.0,0.0,0.0,0.0,0.0,0,0,0,0,0,0.0,0,0,0,0,0,0,0,0,0,0,0,0,0,0,0,0,0,0,0,0
ATTACKER_RELOCATED_SH_CONTROL_N16_SEED345678,ATTACKER_RELOCATED,sinkhole,control,0,0,16,345678,360,420,1,0,0,0,0,852,29369,1299,16,342,174,0,0,0,0,0,0,0,0,0,0,0,0,0,0,0,0.0,0.0,0.0,0.0,0,0.0,0.0,0.0,0.0,0,0,0.0,0.0,0.0,0.0,0.0,0,0,0,0,0.0,0.0,0.0,0.0,0.0,0,0,0,0,0,0.0,0,0,0,0,0,0,0,0,0,0,0,0,0,0,0,0,0,0,0,0
ATTACKER_RELOCATED_SH_CONTROL_N16_SEED345678,ATTACKER_RELOCATED,sinkhole,control,0,0,16,345678,420,480,1,140,140,0,14,843,29724,1357,16,335,166,0,0,0,0,0,0,0,0,0,0,0,0,0,0,0,0.0,0.0,0.0,0.0,0,0.0,0.0,0.0,0.0,0,0,0.0,0.0,0.0,0.0,0.0,0,0,0,0,0.0,0.0,0.0,0.0,0.0,0,0,0,0,0,0.0,0,0,0,0,0,0,0,0,0,0,0,0,0,0,0,0,0,0,0,0
ATTACKER_RELOCATED_SH_CONTROL_N16_SEED345678,ATTACKER_RELOCATED,sinkhole,control,0,0,16,345678,480,540,1,70,70,0,7,851,29728,1325,16,335,170,0,0,0,0,0,0,0,0,0,0,0,0,0,0,0,0.0,0.0,0.0,0.0,0,0.0,0.0,0.0,0.0,0,0,0.0,0.0,0.0,0.0,0.0,0,0,0,0,0.0,0.0,0.0,0.0,0.0,0,0,0,0,0,0.0,0,0,0,0,0,0,0,0,0,0,0,0,0,0,0,0,0,0,0,0
ATTACKER_RELOCATED_SH_CONTROL_N16_SEED456789,ATTACKER_RELOCATED,sinkhole,control,0,0,16,456789,0,60,0,0,0,0,0,564,25147,1056,16,206,92,0,0,0,0,0,0,0,0,0,0,1,1,0,0,0,0.0,0.0,0.0,0.0,0,0.0,0.0,0.0,0.0,0,0,0.0,0.0,0.0,0.0,0.0,0,0,0,0,0.0,0.0,0.0,0.0,0.0,0,0,0,0,0,0.0,0,0,0,0,0,0,0,0,0,0,0,0,0,0,0,0,0,0,0,0
ATTACKER_RELOCATED_SH_CONTROL_N16_SEED456789,ATTACKER_RELOCATED,sinkhole,control,0,0,16,456789,60,120,0,0,0,0,0,897,32331,1573,16,349,176,0,0,0,0,0,0,0,0,0,0,0,0,0,0,0,0.0,0.0,0.0,0.0,0,0.0,0.0,0.0,0.0,0,0,0.0,0.0,0.0,0.0,0.0,0,0,0,0,0.0,0.0,0.0,0.0,0.0,0,0,0,0,0,0.0,0,0,0,0,0,0,0,0,0,0,0,0,0,0,0,0,0,0,0,0
ATTACKER_RELOCATED_SH_CONTROL_N16_SEED456789,ATTACKER_RELOCATED,sinkhole,control,0,0,16,456789,120,180,0,140,140,0,14,860,30537,1458,16,337,172,0,0,0,0,0,0,0,0,0,0,0,0,0,0,0,0.0,0.0,0.0,0.0,0,0.0,0.0,0.0,0.0,0,0,0.0,0.0,0.0,0.0,0.0,0,0,0,0,0.0,0.0,0.0,0.0,0.0,0,0,0,0,0,0.0,0,0,0,0,0,0,0,0,0,0,0,0,0,0,0,0,0,0,0,0
ATTACKER_RELOCATED_SH_CONTROL_N16_SEED456789,ATTACKER_RELOCATED,sinkhole,control,0,0,16,456789,180,240,0,50,50,0,5,842,29223,1440,16,333,166,0,0,0,0,0,0,0,0,0,0,0,0,0,0,0,0.0,0.0,0.0,0.0,0,0.0,0.0,0.0,0.0,0,0,0.0,0.0,0.0,0.0,0.0,0,0,0,0,0.0,0.0,0.0,0.0,0.0,0,0,0,0,0,0.0,0,0,0,0,0,0,0,0,0,0,0,0,0,0,0,0,0,0,0,0
ATTACKER_RELOCATED_SH_CONTROL_N16_SEED456789,ATTACKER_RELOCATED,sinkhole,control,0,0,16,456789,240,300,1,90,90,0,9,859,30374,1486,16,338,170,0,0,0,0,0,0,0,0,0,0,0,0,0,0,0,0.0,0.0,0.0,0.0,0,0.0,0.0,0.0,0.0,0,0,0.0,0.0,0.0,0.0,0.0,0,0,0,0,0.0,0.0,0.0,0.0,0.0,0,0,0,0,0,0.0,0,0,0,0,0,0,0,0,0,0,0,0,0,0,0,0,0,0,0,0
ATTACKER_RELOCATED_SH_CONTROL_N16_SEED456789,ATTACKER_RELOCATED,sinkhole,control,0,0,16,456789,300,360,1,130,130,0,13,838,29083,1438,16,335,169,0,0,0,0,0,0,0,0,0,0,0,0,0,0,0,0.0,0.0,0.0,0.0,0,0.0,0.0,0.0,0.0,0,0,0.0,0.0,0.0,0.0,0.0,0,0,0,0,0.0,0.0,0.0,0.0,0.0,0,0,0,0,0,0.0,0,0,0,0,0,0,0,0,0,0,0,0,0,0,0,0,0,0,0,0
ATTACKER_RELOCATED_SH_CONTROL_N16_SEED456789,ATTACKER_RELOCATED,sinkhole,control,0,0,16,456789,360,420,1,10,10,0,1,808,27748,1368,16,326,162,0,0,0,0,0,0,0,0,0,0,0,0,0,0,0,0.0,0.0,0.0,0.0,0,0.0,0.0,0.0,0.0,0,0,0.0,0.0,0.0,0.0,0.0,0,0,0,0,0.0,0.0,0.0,0.0,0.0,0,0,0,0,0,0.0,0,0,0,0,0,0,0,0,0,0,0,0,0,0,0,0,0,0,0,0
ATTACKER_RELOCATED_SH_CONTROL_N16_SEED456789,ATTACKER_RELOCATED,sinkhole,control,0,0,16,456789,420,480,1,140,139,0,14,856,29979,1454,16,340,173,0,0,0,0,0,0,0,0,0,0,0,0,0,0,0,0.0,0.0,0.0,0.0,0,0.0,0.0,0.0,0.0,0,0,0.0,0.0,0.0,0.0,0.0,0,0,0,0,0.0,0.0,0.0,0.0,0.0,0,0,0,0,0,0.0,0,0,0,0,0,0,0,0,0,0,0,0,0,0,0,0,0,0,0,0
ATTACKER_RELOCATED_SH_CONTROL_N16_SEED456789,ATTACKER_RELOCATED,sinkhole,control,0,0,16,456789,480,540,1,40,40,0,4,855,30046,1483,16,340,169,0,0,0,0,0,0,0,0,0,0,0,0,0,0,0,0.0,0.0,0.0,0.0,0,0.0,0.0,0.0,0.0,0,0,0.0,0.0,0.0,0.0,0.0,0,0,0,0,0.0,0.0,0.0,0.0,0.0,0,0,0,0,0,0.0,0,0,0,0,0,0,0,0,0,0,0,0,0,0,0,0,0,0,0,0
ATTACKER_RELOCATED_SH_CONTROL_N16_SEED567890,ATTACKER_RELOCATED,sinkhole,control,0,0,16,567890,0,60,0,0,0,0,0,647,28037,1061,16,238,109,0,0,0,0,0,0,0,0,0,0,1,1,0,0,0,0.0,0.0,0.0,0.0,0,0.0,0.0,0.0,0.0,0,0,0.0,0.0,0.0,0.0,0.0,0,0,0,0,0.0,0.0,0.0,0.0,0.0,0,0,0,0,0,0.0,0,0,0,0,0,0,0,0,0,0,0,0,0,0,0,0,0,0,0,0
ATTACKER_RELOCATED_SH_CONTROL_N16_SEED567890,ATTACKER_RELOCATED,sinkhole,control,0,0,16,567890,60,120,0,0,0,0,0,848,30258,1247,16,330,165,0,0,0,0,0,0,0,0,0,0,0,0,0,0,0,0.0,0.0,0.0,0.0,0,0.0,0.0,0.0,0.0,0,0,0.0,0.0,0.0,0.0,0.0,0,0,0,0,0.0,0.0,0.0,0.0,0.0,0,0,0,0,0,0.0,0,0,0,0,0,0,0,0,0,0,0,0,0,0,0,0,0,0,0,0
ATTACKER_RELOCATED_SH_CONTROL_N16_SEED567890,ATTACKER_RELOCATED,sinkhole,control,0,0,16,567890,120,180,0,140,140,0,14,857,30346,1237,16,339,171,0,0,0,0,0,0,0,0,0,0,0,0,0,0,0,0.0,0.0,0.0,0.0,0,0.0,0.0,0.0,0.0,0,0,0.0,0.0,0.0,0.0,0.0,0,0,0,0,0.0,0.0,0.0,0.0,0.0,0,0,0,0,0,0.0,0,0,0,0,0,0,0,0,0,0,0,0,0,0,0,0,0,0,0,0
ATTACKER_RELOCATED_SH_CONTROL_N16_SEED567890,ATTACKER_RELOCATED,sinkhole,control,0,0,16,567890,180,240,0,60,59,0,6,818,28357,1166,16,325,163,0,0,0,0,0,0,0,0,0,0,0,0,0,0,0,0.0,0.0,0.0,0.0,0,0.0,0.0,0.0,0.0,0,0,0.0,0.0,0.0,0.0,0.0,0,0,0,0,0.0,0.0,0.0,0.0,0.0,0,0,0,0,0,0.0,0,0,0,0,0,0,0,0,0,0,0,0,0,0,0,0,0,0,0,0
ATTACKER_RELOCATED_SH_CONTROL_N16_SEED567890,ATTACKER_RELOCATED,sinkhole,control,0,0,16,567890,240,300,1,80,80,0,8,893,31659,1277,16,350,174,0,0,0,0,0,0,0,0,0,0,0,0,0,0,0,0.0,0.0,0.0,0.0,0,0.0,0.0,0.0,0.0,0,0,0.0,0.0,0.0,0.0,0.0,0,0,0,0,0.0,0.0,0.0,0.0,0.0,0,0,0,0,0,0.0,0,0,0,0,0,0,0,0,0,0,0,0,0,0,0,0,0,0,0,0
ATTACKER_RELOCATED_SH_CONTROL_N16_SEED567890,ATTACKER_RELOCATED,sinkhole,control,0,0,16,567890,300,360,1,140,140,0,14,832,28650,1182,16,335,171,0,0,0,0,0,0,0,0,0,0,0,0,0,0,0,0.0,0.0,0.0,0.0,0,0.0,0.0,0.0,0.0,0,0,0.0,0.0,0.0,0.0,0.0,0,0,0,0,0.0,0.0,0.0,0.0,0.0,0,0,0,0,0,0.0,0,0,0,0,0,0,0,0,0,0,0,0,0,0,0,0,0,0,0,0
ATTACKER_RELOCATED_SH_CONTROL_N16_SEED567890,ATTACKER_RELOCATED,sinkhole,control,0,0,16,567890,360,420,1,0,0,0,0,853,29331,1197,16,344,173,0,0,0,0,0,0,0,0,0,0,0,0,0,0,0,0.0,0.0,0.0,0.0,0,0.0,0.0,0.0,0.0,0,0,0.0,0.0,0.0,0.0,0.0,0,0,0,0,0.0,0.0,0.0,0.0,0.0,0,0,0,0,0,0.0,0,0,0,0,0,0,0,0,0,0,0,0,0,0,0,0,0,0,0,0
ATTACKER_RELOCATED_SH_CONTROL_N16_SEED567890,ATTACKER_RELOCATED,sinkhole,control,0,0,16,567890,420,480,1,140,140,0,14,845,29840,1222,16,334,168,0,0,0,0,0,0,0,0,0,0,0,0,0,0,0,0.0,0.0,0.0,0.0,0,0.0,0.0,0.0,0.0,0,0,0.0,0.0,0.0,0.0,0.0,0,0,0,0,0.0,0.0,0.0,0.0,0.0,0,0,0,0,0,0.0,0,0,0,0,0,0,0,0,0,0,0,0,0,0,0,0,0,0,0,0
ATTACKER_RELOCATED_SH_CONTROL_N16_SEED567890,ATTACKER_RELOCATED,sinkhole,control,0,0,16,567890,480,540,1,70,70,0,7,856,29633,1210,16,342,171,0,0,0,0,0,0,0,0,0,0,0,0,0,0,0,0.0,0.0,0.0,0.0,0,0.0,0.0,0.0,0.0,0,0,0.0,0.0,0.0,0.0,0.0,0,0,0,0,0.0,0.0,0.0,0.0,0.0,0,0,0,0,0,0.0,0,0,0,0,0,0,0,0,0,0,0,0,0,0,0,0,0,0,0,0
ATTACKER_RELOCATED_SYBIL_ATTACK_N16_SEED123456,ATTACKER_RELOCATED,sybil,attack,1,0,16,123456,0,60,0,0,0,0,0,628,27823,1084,16,233,104,64,8,4,0,0,1,1,1,0,1,1,1,0,9,1,128,32976.5469,65535,65407,60,403,35166.45,65535,65132,0,0,32909.125,403,434.875,454,51,0,0,0,1,307,307.0,307,0,1.0,1,0,0,0,0,0.0,0,0,0,0,0,0,0,0,0,0,0,0,0,0,0,0,0,0,0,0
ATTACKER_RELOCATED_SYBIL_ATTACK_N16_SEED123456,ATTACKER_RELOCATED,sybil,attack,1,0,16,123456,60,120,0,0,0,0,0,859,31122,1293,16,333,165,17,1,0,0,0,0,0,0,0,0,0,0,0,9,1,128,402.1176,450,322,16,384,419.25,450,66,0,0,256.0,384,413.75,450,66,0,0,0,1,256,256.0,256,0,9.0,9,0,0,0,0,0.0,0,0,0,0,0,0,0,0,0,0,0,0,0,0,0,0,0,0,0,0
ATTACKER_RELOCATED_SYBIL_ATTACK_N16_SEED123456,ATTACKER_RELOCATED,sybil,attack,1,0,16,123456,120,180,0,140,140,0,14,861,30492,1254,16,340,175,7,1,0,0,0,0,0,0,0,0,0,0,0,7,1,384,399.5714,426,42,7,384,399.5714,426,42,0,0,256.0,384,402.625,426,42,0,0,0,1,256,256.0,256,0,9.0,9,0,0,0,0,0.0,0,0,0,0,0,0,0,0,0,0,0,0,0,0,0,0,0,0,0,0
ATTACKER_RELOCATED_SYBIL_ATTACK_N16_SEED123456,ATTACKER_RELOCATED,sybil,attack,1,0,16,123456,180,240,0,60,60,0,6,833,29033,1192,16,332,167,2,1,0,0,0,0,0,0,0,0,0,0,0,2,1,128,257.0,386,258,1,386,386.0,386,0,0,0,256.0,384,401.625,426,42,0,0,0,1,256,256.0,256,0,9.0,9,0,0,0,0,0.0,0,0,0,0,0,0,0,0,0,0,0,0,0,0,0,0,0,0,0,0
ATTACKER_RELOCATED_SYBIL_ATTACK_N16_SEED123456,ATTACKER_RELOCATED,sybil,attack,1,1,16,123456,240,300,1,80,79,0,8,902,33990,1318,16,372,176,7,29,0,0,0,0,0,0,0,0,0,0,0,7,1,384,389.1429,396,12,7,384,389.1429,396,12,0,0,256.0,384,388.75,396,12,0,0,0,1,256,256.0,256,0,9.0,9,0,0,0,0,0.0,0,0,0,0,0,0,0,0,0,0,0,0,0,0,0,0,0,1,29,29
ATTACKER_RELOCATED_SYBIL_ATTACK_N16_SEED123456,ATTACKER_RELOCATED,sybil,attack,1,1,16,123456,300,360,1,140,140,0,14,869,32191,1245,16,364,167,0,30,0,0,0,0,0,0,0,0,0,0,0,0,0,0.0,0.0,0.0,0.0,0,0.0,0.0,0.0,0.0,0,0,256.0,384,388.75,396,12,0,0,0,1,256,256.0,256,0,9.0,9,0,0,0,0,0.0,0,0,0,0,0,0,0,0,0,0,0,0,0,0,0,0,0,0,30,30
ATTACKER_RELOCATED_SYBIL_ATTACK_N16_SEED123456,ATTACKER_RELOCATED,sybil,attack,1,1,16,123456,360,420,1,0,0,0,0,859,31769,1218,16,362,169,1,30,0,0,0,0,0,0,0,0,0,0,0,1,1,128,128.0,128,0,0,0.0,0.0,0.0,0.0,0,0,256.0,384,388.75,396,12,0,0,0,1,256,256.0,256,0,9.0,9,0,0,0,0,0.0,0,0,0,0,0,0,0,0,0,0,0,0,0,0,0,0,0,0,30,30
ATTACKER_RELOCATED_SYBIL_ATTACK_N16_SEED123456,ATTACKER_RELOCATED,sybil,attack,1,1,16,123456,420,480,1,140,140,0,14,859,31959,1232,16,362,166,3,30,0,0,0,0,0,0,0,0,0,0,0,3,1,384,384.0,384,0,3,384,384.0,384,0,0,0,256.0,384,387.25,392,8,0,0,0,1,256,256.0,256,0,9.0,9,0,0,0,0,0.0,0,0,0,0,0,0,0,0,0,0,0,0,0,0,0,0,0,0,30,30
ATTACKER_RELOCATED_SYBIL_ATTACK_N16_SEED123456,ATTACKER_RELOCATED,sybil,attack,1,1,16,123456,480,540,1,60,60,0,6,893,33494,1326,16,373,171,4,31,0,0,0,0,0,0,0,0,0,0,0,4,1,384,387.0,396,12,4,384,387.0,396,12,0,0,256.0,384,386.125,396,12,0,0,0,1,256,256.0,256,0,9.0,9,0,0,0,0,0.0,0,0,0,0,0,0,0,0,0,0,0,0,0,0,0,0,0,0,31,30
ATTACKER_RELOCATED_SYBIL_ATTACK_N16_SEED234567,ATTACKER_RELOCATED,sybil,attack,1,0,16,234567,0,60,0,0,0,0,0,658,28578,1223,16,243,113,62,8,3,0,0,1,1,1,0,1,1,1,0,9,1,128,34022.9032,65535,65407,58,396,36360.4828,65535,65139,0,0,32906.125,396,432.25,465,69,0,0,0,1,307,307.0,307,0,1.0,1,0,0,0,0,0.0,0,0,0,0,0,0,0,0,0,0,0,0,0,0,0,0,0,0,0,0
ATTACKER_RELOCATED_SYBIL_ATTACK_N16_SEED234567,ATTACKER_RELOCATED,sybil,attack,1,0,16,234567,60,120,0,0,0,0,0,868,30909,1480,16,338,169,9,1,0,0,0,0,0,0,0,0,0,0,0,8,1,384,411.5556,441,57,9,384,411.5556,441,57,0,0,256.0,384,411.625,441,57,0,0,0,1,265,265.0,265,0,9.0,9,0,0,0,0,0.0,0,0,0,0,0,0,0,0,0,0,0,0,0,0,0,0,0,0,0,0
ATTACKER_RELOCATED_SYBIL_ATTACK_N16_SEED234567,ATTACKER_RELOCATED,sybil,attack,1,0,16,234567,120,180,0,140,140,0,14,852,30136,1431,16,338,169,9,1,0,0,0,0,0,0,0,0,0,0,0,9,1,128,365.8889,416,288,8,384,395.625,416,32,0,0,256.0,384,395.625,416,32,0,0,0,1,256,256.0,256,0,9.0,9,0,0,0,0,0.0,0,0,0,0,0,0,0,0,0,0,0,0,0,0,0,0,0,0,0,0
ATTACKER_RELOCATED_SYBIL_ATTACK_N16_SEED234567,ATTACKER_RELOCATED,sybil,attack,1,0,16,234567,180,240,0,90,90,0,9,849,29354,1425,16,340,172,1,0,0,0,0,0,0,0,0,0,0,0,0,1,1,392,392.0,392,0,1,392,392.0,392,0,0,0,0.0,384,393.875,416,32,0,0,0,1,256,256.0,256,0,9.0,9,0,0,0,0,0.0,0,0,0,0,0,0,0,0,0,0,0,0,0,0,0,0,0,0,0,0
ATTACKER_RELOCATED_SYBIL_ATTACK_N16_SEED234567,ATTACKER_RELOCATED,sybil,attack,1,1,16,234567,240,300,1,50,50,0,5,893,33927,1538,16,368,172,8,30,0,0,0,0,0,0,0,0,0,0,0,8,1,128,356.25,402,274,7,384,388.8571,402,18,0,0,256.0,384,389.25,402,18,0,0,0,1,256,256.0,256,0,9.0,9,0,0,0,0,0.0,0,0,0,0,0,0,0,0,0,0,0,0,0,0,0,0,0,1,30,29
ATTACKER_RELOCATED_SYBIL_ATTACK_N16_SEED234567,ATTACKER_RELOCATED,sybil,attack,1,1,16,234567,300,360,1,140,139,0,14,879,32539,1492,16,367,170,0,30,0,0,0,0,0,0,0,0,0,0,0,0,0,0.0,0.0,0.0,0.0,0,0.0,0.0,0.0,0.0,0,0,256.0,384,389.25,402,18,0,0,0,1,256,256.0,256,0,9.0,9,0,0,0,0,0.0,0,0,0,0,0,0,0,0,0,0,0,0,0,0,0,0,0,0,30,30
ATTACKER_RELOCATED_SYBIL_ATTACK_N16_SEED234567,ATTACKER_RELOCATED,sybil,attack,1,1,16,234567,360,420,1,0,0,0,0,858,31642,1449,16,363,167,1,30,0,0,0,0,0,0,0,0,0,0,0,1,1,128,128.0,128,0,0,0.0,0.0,0.0,0.0,0,0,256.0,384,389.25,402,18,0,0,0,1,256,256.0,256,0,9.0,9,0,0,0,0,0.0,0,0,0,0,0,0,0,0,0,0,0,0,0,0,0,0,0,0,30,30
ATTACKER_RELOCATED_SYBIL_ATTACK_N16_SEED234567,ATTACKER_RELOCATED,sybil,attack,1,1,16,234567,420,480,1,140,140,0,14,865,32447,1490,16,362,166,5,31,0,0,0,0,0,0,0,0,0,0,0,5,1,384,384.0,384,0,5,384,384.0,384,0,0,0,256.0,384,385.0,392,8,0,0,0,1,256,256.0,256,0,9.0,9,0,0,0,0,0.0,0,0,0,0,0,0,0,0,0,0,0,0,0,0,0,0,0,0,31,30
ATTACKER_RELOCATED_SYBIL_ATTACK_N16_SEED234567,ATTACKER_RELOCATED,sybil,attack,1,1,16,234567,480,540,1,100,100,0,10,902,33624,1514,16,376,175,3,30,0,0,0,0,0,0,0,0,0,0,0,3,1,384,384.0,384,0,3,384,384.0,384,0,0,0,256.0,384,384.0,384,0,0,0,0,1,256,256.0,256,0,9.0,9,0,0,0,0,0.0,0,0,0,0,0,0,0,0,0,0,0,0,0,0,0,0,0,0,30,30
ATTACKER_RELOCATED_SYBIL_ATTACK_N16_SEED345678,ATTACKER_RELOCATED,sybil,attack,1,0,16,345678,0,60,0,0,0,0,0,637,27670,1108,16,235,108,61,8,3,0,0,1,1,1,0,1,1,1,0,9,1,128,34575.8525,65535,65407,57,404,36993.2456,65535,65131,0,0,32910.125,404,433.0,456,52,0,0,0,1,307,307.0,307,0,1.0,1,0,0,0,0,0.0,0,0,0,0,0,0,0,0,0,0,0,0,0,0,0,0,0,0,0,0
ATTACKER_RELOCATED_SYBIL_ATTACK_N16_SEED345678,ATTACKER_RELOCATED,sybil,attack,1,0,16,345678,60,120,0,0,0,0,0,865,30688,1343,16,341,171,10,1,0,0,0,0,0,0,0,0,0,0,0,9,1,128,385.9,444,316,9,387,414.5556,444,57,0,0,256.0,387,414.375,444,57,0,0,0,1,256,256.0,256,0,9.0,9,0,0,0,0,0.0,0,0,0,0,0,0,0,0,0,0,0,0,0,0,0,0,0,0,0,0
ATTACKER_RELOCATED_SYBIL_ATTACK_N16_SEED345678,ATTACKER_RELOCATED,sybil,attack,1,0,16,345678,120,180,0,140,140,0,14,865,30790,1337,16,337,171,8,1,0,0,0,0,0,0,0,0,0,0,0,8,1,384,398.75,414,30,8,384,398.75,414,30,0,0,256.0,384,398.75,414,30,0,0,0,1,256,256.0,256,0,9.0,9,0,0,0,0,0.0,0,0,0,0,0,0,0,0,0,0,0,0,0,0,0,0,0,0,0,0
ATTACKER_RELOCATED_SYBIL_ATTACK_N16_SEED345678,ATTACKER_RELOCATED,sybil,attack,1,0,16,345678,180,240,0,80,80,0,8,838,29166,1290,16,335,167,4,1,0,0,0,0,0,0,0,0,0,0,0,4,1,128,321.75,391,263,3,384,386.3333,391,7,0,0,256.0,384,396.125,414,30,0,0,0,1,256,256.0,256,0,9.0,9,0,0,0,0,0.0,0,0,0,0,0,0,0,0,0,0,0,0,0,0,0,0,0,0,0,0
ATTACKER_RELOCATED_SYBIL_ATTACK_N16_SEED345678,ATTACKER_RELOCATED,sybil,attack,1,1,16,345678,240,300,1,60,60,0,6,855,32186,1330,16,357,164,5,29,0,0,0,0,0,0,0,0,0,0,0,5,1,384,386.4,389,5,5,384,386.4,389,5,0,0,256.0,384,386.375,391,7,0,0,0,1,256,256.0,256,0,9.0,9,0,0,0,0,0.0,0,0,0,0,0,0,0,0,0,0,0,0,0,0,0,0,0,1,29,29
ATTACKER_RELOCATED_SYBIL_ATTACK_N16_SEED345678,ATTACKER_RELOCATED,sybil,attack,1,1,16,345678,300,360,1,140,139,0,14,895,32989,1370,16,374,173,0,30,0,0,0,0,0,0,0,0,0,0,0,0,0,0.0,0.0,0.0,0.0,0,0.0,0.0,0.0,0.0,0,0,256.0,384,386.375,391,7,0,0,0,1,256,256.0,256,0,9.0,9,0,0,0,0,0.0,0,0,0,0,0,0,0,0,0,0,0,0,0,0,0,0,0,0,30,30
ATTACKER_RELOCATED_SYBIL_ATTACK_N16_SEED345678,ATTACKER_RELOCATED,sybil,attack,1,1,16,345678,360,420,1,0,0,0,0,870,32031,1338,16,368,168,0,30,0,0,0,0,0,0,0,0,0,0,0,0,0,0.0,0.0,0.0,0.0,0,0.0,0.0,0.0,0.0,0,0,256.0,384,386.375,391,7,0,0,0,1,256,256.0,256,0,9.0,9,0,0,0,0,0.0,0,0,0,0,0,0,0,0,0,0,0,0,0,0,0,0,0,0,30,30
ATTACKER_RELOCATED_SYBIL_ATTACK_N16_SEED345678,ATTACKER_RELOCATED,sybil,attack,1,1,16,345678,420,480,1,140,140,0,14,873,32775,1351,16,367,171,7,31,0,0,0,0,0,0,0,0,0,0,0,7,1,128,347.4286,384,256,6,384,384.0,384,0,0,0,256.0,384,384.0,384,0,0,0,0,1,256,256.0,256,0,9.0,9,0,0,0,0,0.0,0,0,0,0,0,0,0,0,0,0,0,0,0,0,0,0,0,0,31,30
ATTACKER_RELOCATED_SYBIL_ATTACK_N16_SEED345678,ATTACKER_RELOCATED,sybil,attack,1,1,16,345678,480,540,1,60,60,0,6,875,32562,1365,16,366,168,2,30,0,0,0,0,0,0,0,0,0,0,0,2,1,384,384.0,384,0,2,384,384.0,384,0,0,0,256.0,384,384.0,384,0,0,0,0,1,256,256.0,256,0,9.0,9,0,0,0,0,0.0,0,0,0,0,0,0,0,0,0,0,0,0,0,0,0,0,0,0,30,30
ATTACKER_RELOCATED_SYBIL_ATTACK_N16_SEED456789,ATTACKER_RELOCATED,sybil,attack,1,0,16,456789,0,60,0,0,0,0,0,564,25147,1056,16,206,92,64,8,2,0,0,1,1,1,0,1,1,1,0,9,1,128,32974.2812,65535,65407,60,402,35164.0333,65535,65133,0,0,32907.0,402,434.5,454,52,0,0,0,1,307,307.0,307,0,1.0,1,0,0,0,0,0.0,0,0,0,0,0,0,0,0,0,0,0,0,0,0,0,0,0,0,0,0
ATTACKER_RELOCATED_SYBIL_ATTACK_N16_SEED456789,ATTACKER_RELOCATED,sybil,attack,1,0,16,456789,60,120,0,0,0,0,0,897,32331,1573,16,349,176,13,1,0,0,0,0,0,0,0,0,0,0,0,8,1,393,413.0769,440,47,13,393,413.0769,440,47,0,0,256.0,393,409.75,429,36,0,0,0,1,256,256.0,256,0,9.0,9,0,0,0,0,0.0,0,0,0,0,0,0,0,0,0,0,0,0,0,0,0,0,0,0,0,0
ATTACKER_RELOCATED_SYBIL_ATTACK_N16_SEED456789,ATTACKER_RELOCATED,sybil,attack,1,0,16,456789,120,180,0,140,140,0,14,860,30537,1458,16,337,172,9,1,0,0,0,0,0,0,0,0,0,0,0,9,1,128,366.3333,409,281,8,384,396.125,409,25,0,0,256.0,384,396.125,409,25,0,0,0,1,256,256.0,256,0,9.0,9,0,0,0,0,0.0,0,0,0,0,0,0,0,0,0,0,0,0,0,0,0,0,0,0,0,0
ATTACKER_RELOCATED_SYBIL_ATTACK_N16_SEED456789,ATTACKER_RELOCATED,sybil,attack,1,0,16,456789,180,240,0,50,50,0,5,842,29223,1440,16,333,166,2,0,0,0,0,0,0,0,0,0,0,0,0,2,1,384,384.0,384,0,2,384,384.0,384,0,0,0,0.0,384,393.875,409,25,0,0,0,1,256,256.0,256,0,9.0,9,0,0,0,0,0.0,0,0,0,0,0,0,0,0,0,0,0,0,0,0,0,0,0,0,0,0
ATTACKER_RELOCATED_SYBIL_ATTACK_N16_SEED456789,ATTACKER_RELOCATED,sybil,attack,1,1,16,456789,240,300,1,90,90,0,9,898,33648,1552,16,375,173,7,30,0,0,0,0,0,0,0,0,0,0,0,7,1,128,348.8571,390,262,6,384,385.6667,390,6,0,0,256.0,384,385.25,390,6,0,0,0,1,256,256.0,256,0,9.0,9,0,0,0,0,0.0,0,0,0,0,0,0,0,0,0,0,0,0,0,0,0,0,0,1,30,29
ATTACKER_RELOCATED_SYBIL_ATTACK_N16_SEED456789,ATTACKER_RELOCATED,sybil,attack,1,1,16,456789,300,360,1,130,129,0,13,854,31733,1490,16,359,164,0,30,0,0,0,0,0,0,0,0,0,0,0,0,0,0.0,0.0,0.0,0.0,0,0.0,0.0,0.0,0.0,0,0,256.0,384,385.25,390,6,0,0,0,1,256,256.0,256,0,9.0,9,0,0,0,0,0.0,0,0,0,0,0,0,0,0,0,0,0,0,0,0,0,0,0,0,30,30
ATTACKER_RELOCATED_SYBIL_ATTACK_N16_SEED456789,ATTACKER_RELOCATED,sybil,attack,1,1,16,456789,360,420,1,10,10,0,1,868,32039,1497,16,367,169,0,30,0,0,0,0,0,0,0,0,0,0,0,0,0,0.0,0.0,0.0,0.0,0,0.0,0.0,0.0,0.0,0,0,256.0,384,385.25,390,6,0,0,0,1,256,256.0,256,0,9.0,9,0,0,0,0,0.0,0,0,0,0,0,0,0,0,0,0,0,0,0,0,0,0,0,0,30,30
ATTACKER_RELOCATED_SYBIL_ATTACK_N16_SEED456789,ATTACKER_RELOCATED,sybil,attack,1,1,16,456789,420,480,1,140,140,0,14,878,33053,1531,16,364,167,6,30,0,0,0,0,0,0,0,0,0,0,0,6,1,384,385.3333,392,8,6,384,385.3333,392,8,0,0,256.0,384,385.0,392,8,0,0,0,1,256,256.0,256,0,9.0,9,0,0,0,0,0.0,0,0,0,0,0,0,0,0,0,0,0,0,0,0,0,0,0,0,30,30
ATTACKER_RELOCATED_SYBIL_ATTACK_N16_SEED456789,ATTACKER_RELOCATED,sybil,attack,1,1,16,456789,480,540,1,60,60,0,6,903,33814,1548,16,376,176,2,31,0,0,0,0,0,0,0,0,0,0,0,2,1,128,256.0,384,256,1,384,384.0,384,0,0,0,256.0,384,385.0,392,8,0,0,0,1,256,256.0,256,0,9.0,9,0,0,0,0,0.0,0,0,0,0,0,0,0,0,0,0,0,0,0,0,0,0,0,0,31,30
ATTACKER_RELOCATED_SYBIL_ATTACK_N16_SEED567890,ATTACKER_RELOCATED,sybil,attack,1,0,16,567890,0,60,0,0,0,0,0,647,28037,1061,16,238,109,57,9,4,0,0,1,1,1,0,1,1,1,0,9,1,128,34690.3684,65535,65407,53,401,37298.8491,65535,65134,0,0,29284.8889,401,444.125,498,97,0,0,0,1,307,307.0,307,0,1.0,1,0,0,0,0,0.0,0,0,0,0,0,0,0,0,0,0,0,0,0,0,0,0,0,0,0,0
ATTACKER_RELOCATED_SYBIL_ATTACK_N16_SEED567890,ATTACKER_RELOCATED,sybil,attack,1,0,16,567890,60,120,0,0,0,0,0,848,30258,1247,16,330,165,11,1,0,0,0,0,0,0,0,0,0,0,0,9,1,128,396.1818,465,337,10,385,423.0,465,80,0,0,256.0,385,421.125,465,80,0,0,0,1,256,256.0,256,0,9.0,9,0,0,0,0,0.0,0,0,0,0,0,0,0,0,0,0,0,0,0,0,0,0,0,0,0,0
ATTACKER_RELOCATED_SYBIL_ATTACK_N16_SEED567890,ATTACKER_RELOCATED,sybil,attack,1,0,16,567890,120,180,0,140,140,0,14,857,30346,1237,16,339,171,8,1,0,0,0,0,0,0,0,0,0,0,0,8,1,384,404.0,429,45,8,384,404.0,429,45,0,0,256.0,384,404.0,429,45,0,0,0,1,256,256.0,256,0,9.0,9,0,0,0,0,0.0,0,0,0,0,0,0,0,0,0,0,0,0,0,0,0,0,0,0,0,0
ATTACKER_RELOCATED_SYBIL_ATTACK_N16_SEED567890,ATTACKER_RELOCATED,sybil,attack,1,0,16,567890,180,240,0,60,59,0,6,818,28357,1166,16,325,163,2,0,0,0,0,0,0,0,0,0,0,0,0,2,1,128,259.5,391,263,1,391,391.0,391,0,0,0,0.0,384,402.0,429,45,0,0,0,1,256,256.0,256,0,9.0,9,0,0,0,0,0.0,0,0,0,0,0,0,0,0,0,0,0,0,0,0,0,0,0,0,0,0
ATTACKER_RELOCATED_SYBIL_ATTACK_N16_SEED567890,ATTACKER_RELOCATED,sybil,attack,1,1,16,567890,240,300,1,80,80,0,8,931,35032,1346,16,383,178,7,30,0,0,0,0,0,0,0,0,0,0,0,7,1,384,387.2857,392,8,7,384,387.2857,392,8,0,0,256.0,384,387.75,392,8,0,0,0,1,256,256.0,256,0,9.0,9,0,0,0,0,0.0,0,0,0,0,0,0,0,0,0,0,0,0,0,0,0,0,0,1,30,29
ATTACKER_RELOCATED_SYBIL_ATTACK_N16_SEED567890,ATTACKER_RELOCATED,sybil,attack,1,1,16,567890,300,360,1,140,140,0,14,854,31540,1224,16,361,165,0,30,0,0,0,0,0,0,0,0,0,0,0,0,0,0.0,0.0,0.0,0.0,0,0.0,0.0,0.0,0.0,0,0,256.0,384,387.75,392,8,0,0,0,1,256,256.0,256,0,9.0,9,0,0,0,0,0.0,0,0,0,0,0,0,0,0,0,0,0,0,0,0,0,0,0,0,30,30
ATTACKER_RELOCATED_SYBIL_ATTACK_N16_SEED567890,ATTACKER_RELOCATED,sybil,attack,1,1,16,567890,360,420,1,0,0,0,0,884,32750,1278,16,370,173,1,30,0,0,0,0,0,0,0,0,0,0,0,1,1,128,128.0,128,0,0,0.0,0.0,0.0,0.0,0,0,256.0,384,387.75,392,8,0,0,0,1,256,256.0,256,0,9.0,9,0,0,0,0,0.0,0,0,0,0,0,0,0,0,0,0,0,0,0,0,0,0,0,0,30,30
ATTACKER_RELOCATED_SYBIL_ATTACK_N16_SEED567890,ATTACKER_RELOCATED,sybil,attack,1,1,16,567890,420,480,1,140,139,0,14,891,33396,1291,16,369,170,7,31,0,0,0,0,0,0,0,0,0,0,0,7,1,384,384.0,384,0,7,384,384.0,384,0,0,0,256.0,384,384.375,387,3,0,0,0,1,256,256.0,256,0,9.0,9,0,0,0,0,0.0,0,0,0,0,0,0,0,0,0,0,0,0,0,0,0,0,0,0,31,30
ATTACKER_RELOCATED_SYBIL_ATTACK_N16_SEED567890,ATTACKER_RELOCATED,sybil,attack,1,1,16,567890,480,540,1,60,60,0,6,883,32968,1297,16,366,171,1,30,0,0,0,0,0,0,0,0,0,0,0,1,1,384,384.0,384,0,1,384,384.0,384,0,0,0,256.0,384,384.0,384,0,0,0,0,1,256,256.0,256,0,9.0,9,0,0,0,0,0.0,0,0,0,0,0,0,0,0,0,0,0,0,0,0,0,0,0,0,30,30
ATTACKER_RELOCATED_SYBIL_CONTROL_N16_SEED123456,ATTACKER_RELOCATED,sybil,control,0,0,16,123456,0,60,0,0,0,0,0,628,27823,1084,16,233,104,64,8,4,0,0,1,1,1,0,1,1,1,0,9,1,128,32976.5469,65535,65407,60,403,35166.45,65535,65132,0,0,32909.125,403,434.875,454,51,0,0,0,1,307,307.0,307,0,1.0,1,0,0,0,0,0.0,0,0,0,0,0,0,0,0,0,0,0,0,0,0,0,0,0,0,0,0
ATTACKER_RELOCATED_SYBIL_CONTROL_N16_SEED123456,ATTACKER_RELOCATED,sybil,control,0,0,16,123456,60,120,0,0,0,0,0,859,31122,1293,16,333,165,17,1,0,0,0,0,0,0,0,0,0,0,0,9,1,128,402.1176,450,322,16,384,419.25,450,66,0,0,256.0,384,413.75,450,66,0,0,0,1,256,256.0,256,0,9.0,9,0,0,0,0,0.0,0,0,0,0,0,0,0,0,0,0,0,0,0,0,0,0,0,0,0,0
ATTACKER_RELOCATED_SYBIL_CONTROL_N16_SEED123456,ATTACKER_RELOCATED,sybil,control,0,0,16,123456,120,180,0,140,140,0,14,861,30492,1254,16,340,175,7,1,0,0,0,0,0,0,0,0,0,0,0,7,1,384,399.5714,426,42,7,384,399.5714,426,42,0,0,256.0,384,402.625,426,42,0,0,0,1,256,256.0,256,0,9.0,9,0,0,0,0,0.0,0,0,0,0,0,0,0,0,0,0,0,0,0,0,0,0,0,0,0,0
ATTACKER_RELOCATED_SYBIL_CONTROL_N16_SEED123456,ATTACKER_RELOCATED,sybil,control,0,0,16,123456,180,240,0,60,60,0,6,833,29033,1192,16,332,167,2,1,0,0,0,0,0,0,0,0,0,0,0,2,1,128,257.0,386,258,1,386,386.0,386,0,0,0,256.0,384,401.625,426,42,0,0,0,1,256,256.0,256,0,9.0,9,0,0,0,0,0.0,0,0,0,0,0,0,0,0,0,0,0,0,0,0,0,0,0,0,0,0
ATTACKER_RELOCATED_SYBIL_CONTROL_N16_SEED123456,ATTACKER_RELOCATED,sybil,control,0,0,16,123456,240,300,1,80,79,0,8,877,31120,1251,16,344,179,7,0,0,0,0,0,0,0,0,0,0,0,0,7,1,384,390.4286,396,12,7,384,390.4286,396,12,0,0,0.0,384,389.875,396,12,0,0,0,1,256,256.0,256,0,9.0,9,0,0,0,0,0.0,0,0,0,0,0,0,0,0,0,0,0,0,0,0,0,0,0,0,0,0
ATTACKER_RELOCATED_SYBIL_CONTROL_N16_SEED123456,ATTACKER_RELOCATED,sybil,control,0,0,16,123456,300,360,1,140,140,0,14,828,28734,1172,16,329,164,0,0,0,0,0,0,0,0,0,0,0,0,0,0,0,0.0,0.0,0.0,0.0,0,0.0,0.0,0.0,0.0,0,0,0.0,384,389.875,396,12,0,0,0,1,256,256.0,256,0,9.0,9,0,0,0,0,0.0,0,0,0,0,0,0,0,0,0,0,0,0,0,0,0,0,0,0,0,0
ATTACKER_RELOCATED_SYBIL_CONTROL_N16_SEED123456,ATTACKER_RELOCATED,sybil,control,0,0,16,123456,360,420,1,0,0,0,0,851,29281,1200,16,342,173,1,0,0,0,0,0,0,0,0,0,0,0,0,1,1,128,128.0,128,0,0,0.0,0.0,0.0,0.0,0,0,0.0,384,389.875,396,12,0,0,0,1,256,256.0,256,0,9.0,9,0,0,0,0,0.0,0,0,0,0,0,0,0,0,0,0,0,0,0,0,0,0,0,0,0,0
ATTACKER_RELOCATED_SYBIL_CONTROL_N16_SEED123456,ATTACKER_RELOCATED,sybil,control,0,0,16,123456,420,480,1,140,139,0,14,862,30214,1259,16,344,171,4,1,0,0,0,0,0,0,0,0,0,0,0,4,1,384,384.0,384,0,4,384,384.0,384,0,0,0,256.0,384,387.375,393,9,0,0,0,1,256,256.0,256,0,9.0,9,0,0,0,0,0.0,0,0,0,0,0,0,0,0,0,0,0,0,0,0,0,0,0,0,0,0
ATTACKER_RELOCATED_SYBIL_CONTROL_N16_SEED123456,ATTACKER_RELOCATED,sybil,control,0,0,16,123456,480,540,1,70,69,0,7,873,30587,1254,16,347,176,3,0,0,0,0,0,0,0,0,0,0,0,0,3,1,384,384.0,384,0,3,384,384.0,384,0,0,0,0.0,384,384.625,389,5,0,0,0,1,256,256.0,256,0,9.0,9,0,0,0,0,0.0,0,0,0,0,0,0,0,0,0,0,0,0,0,0,0,0,0,0,0,0
ATTACKER_RELOCATED_SYBIL_CONTROL_N16_SEED234567,ATTACKER_RELOCATED,sybil,control,0,0,16,234567,0,60,0,0,0,0,0,658,28578,1223,16,243,113,62,8,3,0,0,1,1,1,0,1,1,1,0,9,1,128,34022.9032,65535,65407,58,396,36360.4828,65535,65139,0,0,32906.125,396,432.25,465,69,0,0,0,1,307,307.0,307,0,1.0,1,0,0,0,0,0.0,0,0,0,0,0,0,0,0,0,0,0,0,0,0,0,0,0,0,0,0
ATTACKER_RELOCATED_SYBIL_CONTROL_N16_SEED234567,ATTACKER_RELOCATED,sybil,control,0,0,16,234567,60,120,0,0,0,0,0,868,30909,1480,16,338,169,9,1,0,0,0,0,0,0,0,0,0,0,0,8,1,384,411.5556,441,57,9,384,411.5556,441,57,0,0,256.0,384,411.625,441,57,0,0,0,1,265,265.0,265,0,9.0,9,0,0,0,0,0.0,0,0,0,0,0,0,0,0,0,0,0,0,0,0,0,0,0,0,0,0
ATTACKER_RELOCATED_SYBIL_CONTROL_N16_SEED234567,ATTACKER_RELOCATED,sybil,control,0,0,16,234567,120,180,0,140,140,0,14,852,30136,1431,16,338,169,9,1,0,0,0,0,0,0,0,0,0,0,0,9,1,128,365.8889,416,288,8,384,395.625,416,32,0,0,256.0,384,395.625,416,32,0,0,0,1,256,256.0,256,0,9.0,9,0,0,0,0,0.0,0,0,0,0,0,0,0,0,0,0,0,0,0,0,0,0,0,0,0,0
ATTACKER_RELOCATED_SYBIL_CONTROL_N16_SEED234567,ATTACKER_RELOCATED,sybil,control,0,0,16,234567,180,240,0,90,90,0,9,849,29354,1425,16,340,172,1,0,0,0,0,0,0,0,0,0,0,0,0,1,1,392,392.0,392,0,1,392,392.0,392,0,0,0,0.0,384,393.875,416,32,0,0,0,1,256,256.0,256,0,9.0,9,0,0,0,0,0.0,0,0,0,0,0,0,0,0,0,0,0,0,0,0,0,0,0,0,0,0
ATTACKER_RELOCATED_SYBIL_CONTROL_N16_SEED234567,ATTACKER_RELOCATED,sybil,control,0,0,16,234567,240,300,1,50,50,0,5,852,30241,1442,16,336,169,8,1,0,0,0,0,0,0,0,0,0,0,0,8,1,128,354.625,400,272,7,384,387.0,400,16,0,0,256.0,384,387.625,400,16,0,0,0,1,256,256.0,256,0,9.0,9,0,0,0,0,0.0,0,0,0,0,0,0,0,0,0,0,0,0,0,0,0,0,0,0,0,0
ATTACKER_RELOCATED_SYBIL_CONTROL_N16_SEED234567,ATTACKER_RELOCATED,sybil,control,0,0,16,234567,300,360,1,130,130,0,13,829,28565,1398,16,332,166,0,0,0,0,0,0,0,0,0,0,0,0,0,0,0,0.0,0.0,0.0,0.0,0,0.0,0.0,0.0,0.0,0,0,0.0,384,387.625,400,16,0,0,0,1,256,256.0,256,0,9.0,9,0,0,0,0,0.0,0,0,0,0,0,0,0,0,0,0,0,0,0,0,0,0,0,0,0,0
ATTACKER_RELOCATED_SYBIL_CONTROL_N16_SEED234567,ATTACKER_RELOCATED,sybil,control,0,0,16,234567,360,420,1,10,9,0,1,830,28589,1380,16,334,169,1,0,0,0,0,0,0,0,0,0,0,0,0,1,1,128,128.0,128,0,0,0.0,0.0,0.0,0.0,0,0,0.0,384,387.625,400,16,0,0,0,1,256,256.0,256,0,9.0,9,0,0,0,0,0.0,0,0,0,0,0,0,0,0,0,0,0,0,0,0,0,0,0,0,0,0
ATTACKER_RELOCATED_SYBIL_CONTROL_N16_SEED234567,ATTACKER_RELOCATED,sybil,control,0,0,16,234567,420,480,1,140,140,0,14,845,29621,1431,16,334,167,5,1,0,0,0,0,0,0,0,0,0,0,0,5,1,384,384.0,384,0,5,384,384.0,384,0,0,0,256.0,384,385.0,392,8,0,0,0,1,256,256.0,256,0,9.0,9,0,0,0,0,0.0,0,0,0,0,0,0,0,0,0,0,0,0,0,0,0,0,0,0,0,0
ATTACKER_RELOCATED_SYBIL_CONTROL_N16_SEED234567,ATTACKER_RELOCATED,sybil,control,0,0,16,234567,480,540,1,80,80,0,8,862,30251,1459,16,342,174,2,0,0,0,0,0,0,0,0,0,0,0,0,2,1,384,392.5,401,17,2,384,392.5,401,17,0,0,0.0,384,387.125,401,17,0,0,0,1,256,256.0,256,0,9.0,9,0,0,0,0,0.0,0,0,0,0,0,0,0,0,0,0,0,0,0,0,0,0,0,0,0,0
ATTACKER_RELOCATED_SYBIL_CONTROL_N16_SEED345678,ATTACKER_RELOCATED,sybil,control,0,0,16,345678,0,60,0,0,0,0,0,637,27670,1108,16,235,108,61,8,3,0,0,1,1,1,0,1,1,1,0,9,1,128,34575.8525,65535,65407,57,404,36993.2456,65535,65131,0,0,32910.125,404,433.0,456,52,0,0,0,1,307,307.0,307,0,1.0,1,0,0,0,0,0.0,0,0,0,0,0,0,0,0,0,0,0,0,0,0,0,0,0,0,0,0
ATTACKER_RELOCATED_SYBIL_CONTROL_N16_SEED345678,ATTACKER_RELOCATED,sybil,control,0,0,16,345678,60,120,0,0,0,0,0,865,30688,1343,16,341,171,10,1,0,0,0,0,0,0,0,0,0,0,0,9,1,128,385.9,444,316,9,387,414.5556,444,57,0,0,256.0,387,414.375,444,57,0,0,0,1,256,256.0,256,0,9.0,9,0,0,0,0,0.0,0,0,0,0,0,0,0,0,0,0,0,0,0,0,0,0,0,0,0,0
ATTACKER_RELOCATED_SYBIL_CONTROL_N16_SEED345678,ATTACKER_RELOCATED,sybil,control,0,0,16,345678,120,180,0,140,140,0,14,865,30790,1337,16,337,171,8,1,0,0,0,0,0,0,0,0,0,0,0,8,1,384,398.75,414,30,8,384,398.75,414,30,0,0,256.0,384,398.75,414,30,0,0,0,1,256,256.0,256,0,9.0,9,0,0,0,0,0.0,0,0,0,0,0,0,0,0,0,0,0,0,0,0,0,0,0,0,0,0
ATTACKER_RELOCATED_SYBIL_CONTROL_N16_SEED345678,ATTACKER_RELOCATED,sybil,control,0,0,16,345678,180,240,0,80,80,0,8,838,29166,1290,16,335,167,4,1,0,0,0,0,0,0,0,0,0,0,0,4,1,128,321.75,391,263,3,384,386.3333,391,7,0,0,256.0,384,396.125,414,30,0,0,0,1,256,256.0,256,0,9.0,9,0,0,0,0,0.0,0,0,0,0,0,0,0,0,0,0,0,0,0,0,0,0,0,0,0,0
ATTACKER_RELOCATED_SYBIL_CONTROL_N16_SEED345678,ATTACKER_RELOCATED,sybil,control,0,0,16,345678,240,300,1,60,60,0,6,826,29073,1285,16,326,163,5,0,0,0,0,0,0,0,0,0,0,0,0,5,1,384,386.4,389,5,5,384,386.4,389,5,0,0,0.0,384,386.375,391,7,0,0,0,1,256,256.0,256,0,9.0,9,0,0,0,0,0.0,0,0,0,0,0,0,0,0,0,0,0,0,0,0,0,0,0,0,0,0
ATTACKER_RELOCATED_SYBIL_CONTROL_N16_SEED345678,ATTACKER_RELOCATED,sybil,control,0,0,16,345678,300,360,1,140,139,0,14,887,30545,1361,16,354,177,0,0,0,0,0,0,0,0,0,0,0,0,0,0,0,0.0,0.0,0.0,0.0,0,0.0,0.0,0.0,0.0,0,0,0.0,384,386.375,391,7,0,0,0,1,256,256.0,256,0,9.0,9,0,0,0,0,0.0,0,0,0,0,0,0,0,0,0,0,0,0,0,0,0,0,0,0,0,0
ATTACKER_RELOCATED_SYBIL_CONTROL_N16_SEED345678,ATTACKER_RELOCATED,sybil,control,0,0,16,345678,360,420,1,0,0,0,0,852,29369,1299,16,342,174,1,0,0,0,0,0,0,0,0,0,0,0,0,1,1,128,128.0,128,0,0,0.0,0.0,0.0,0.0,0,0,0.0,384,386.375,391,7,0,0,0,1,256,256.0,256,0,9.0,9,0,0,0,0,0.0,0,0,0,0,0,0,0,0,0,0,0,0,0,0,0,0,0,0,0,0
ATTACKER_RELOCATED_SYBIL_CONTROL_N16_SEED345678,ATTACKER_RELOCATED,sybil,control,0,0,16,345678,420,480,1,140,140,0,14,843,29724,1357,16,335,166,5,0,0,0,0,0,0,0,0,0,0,0,0,5,1,384,384.8,388,4,5,384,384.8,388,4,0,0,0.0,384,384.5,388,4,0,0,0,1,256,256.0,256,0,9.0,9,0,0,0,0,0.0,0,0,0,0,0,0,0,0,0,0,0,0,0,0,0,0,0,0,0,0
ATTACKER_RELOCATED_SYBIL_CONTROL_N16_SEED345678,ATTACKER_RELOCATED,sybil,control,0,0,16,345678,480,540,1,70,70,0,7,851,29728,1325,16,335,170,3,1,0,0,0,0,0,0,0,0,0,0,0,3,1,384,386.6667,392,8,3,384,386.6667,392,8,0,0,256.0,384,385.5,392,8,0,0,0,1,256,256.0,256,0,9.0,9,0,0,0,0,0.0,0,0,0,0,0,0,0,0,0,0,0,0,0,0,0,0,0,0,0,0
ATTACKER_RELOCATED_SYBIL_CONTROL_N16_SEED456789,ATTACKER_RELOCATED,sybil,control,0,0,16,456789,0,60,0,0,0,0,0,564,25147,1056,16,206,92,64,8,2,0,0,1,1,1,0,1,1,1,0,9,1,128,32974.2812,65535,65407,60,402,35164.0333,65535,65133,0,0,32907.0,402,434.5,454,52,0,0,0,1,307,307.0,307,0,1.0,1,0,0,0,0,0.0,0,0,0,0,0,0,0,0,0,0,0,0,0,0,0,0,0,0,0,0
ATTACKER_RELOCATED_SYBIL_CONTROL_N16_SEED456789,ATTACKER_RELOCATED,sybil,control,0,0,16,456789,60,120,0,0,0,0,0,897,32331,1573,16,349,176,13,1,0,0,0,0,0,0,0,0,0,0,0,8,1,393,413.0769,440,47,13,393,413.0769,440,47,0,0,256.0,393,409.75,429,36,0,0,0,1,256,256.0,256,0,9.0,9,0,0,0,0,0.0,0,0,0,0,0,0,0,0,0,0,0,0,0,0,0,0,0,0,0,0
ATTACKER_RELOCATED_SYBIL_CONTROL_N16_SEED456789,ATTACKER_RELOCATED,sybil,control,0,0,16,456789,120,180,0,140,140,0,14,860,30537,1458,16,337,172,9,1,0,0,0,0,0,0,0,0,0,0,0,9,1,128,366.3333,409,281,8,384,396.125,409,25,0,0,256.0,384,396.125,409,25,0,0,0,1,256,256.0,256,0,9.0,9,0,0,0,0,0.0,0,0,0,0,0,0,0,0,0,0,0,0,0,0,0,0,0,0,0,0
ATTACKER_RELOCATED_SYBIL_CONTROL_N16_SEED456789,ATTACKER_RELOCATED,sybil,control,0,0,16,456789,180,240,0,50,50,0,5,842,29223,1440,16,333,166,2,0,0,0,0,0,0,0,0,0,0,0,0,2,1,384,384.0,384,0,2,384,384.0,384,0,0,0,0.0,384,393.875,409,25,0,0,0,1,256,256.0,256,0,9.0,9,0,0,0,0,0.0,0,0,0,0,0,0,0,0,0,0,0,0,0,0,0,0,0,0,0,0
ATTACKER_RELOCATED_SYBIL_CONTROL_N16_SEED456789,ATTACKER_RELOCATED,sybil,control,0,0,16,456789,240,300,1,90,90,0,9,859,30374,1486,16,338,170,7,1,0,0,0,0,0,0,0,0,0,0,0,7,1,128,350.2857,394,266,6,384,387.3333,394,10,0,0,256.0,384,386.5,394,10,0,0,0,1,256,256.0,256,0,9.0,9,0,0,0,0,0.0,0,0,0,0,0,0,0,0,0,0,0,0,0,0,0,0,0,0,0,0
ATTACKER_RELOCATED_SYBIL_CONTROL_N16_SEED456789,ATTACKER_RELOCATED,sybil,control,0,0,16,456789,300,360,1,130,130,0,13,838,29083,1438,16,335,169,0,0,0,0,0,0,0,0,0,0,0,0,0,0,0,0.0,0.0,0.0,0.0,0,0.0,0.0,0.0,0.0,0,0,0.0,384,386.5,394,10,0,0,0,1,256,256.0,256,0,9.0,9,0,0,0,0,0.0,0,0,0,0,0,0,0,0,0,0,0,0,0,0,0,0,0,0,0,0
ATTACKER_RELOCATED_SYBIL_CONTROL_N16_SEED456789,ATTACKER_RELOCATED,sybil,control,0,0,16,456789,360,420,1,10,10,0,1,808,27748,1368,16,326,162,0,0,0,0,0,0,0,0,0,0,0,0,0,0,0,0.0,0.0,0.0,0.0,0,0.0,0.0,0.0,0.0,0,0,0.0,384,386.5,394,10,0,0,0,1,256,256.0,256,0,9.0,9,0,0,0,0,0.0,0,0,0,0,0,0,0,0,0,0,0,0,0,0,0,0,0,0,0,0
ATTACKER_RELOCATED_SYBIL_CONTROL_N16_SEED456789,ATTACKER_RELOCATED,sybil,control,0,0,16,456789,420,480,1,140,139,0,14,856,29979,1454,16,340,173,6,0,0,0,0,0,0,0,0,0,0,0,0,6,1,384,384.0,384,0,6,384,384.0,384,0,0,0,0.0,384,384.125,385,1,0,0,0,1,256,256.0,256,0,9.0,9,0,0,0,0,0.0,0,0,0,0,0,0,0,0,0,0,0,0,0,0,0,0,0,0,0,0
ATTACKER_RELOCATED_SYBIL_CONTROL_N16_SEED456789,ATTACKER_RELOCATED,sybil,control,0,0,16,456789,480,540,1,40,40,0,4,855,30046,1483,16,340,169,3,1,0,0,0,0,0,0,0,0,0,0,0,3,1,128,298.6667,384,256,2,384,384.0,384,0,0,0,256.0,384,384.0,384,0,0,0,0,1,256,256.0,256,0,9.0,9,0,0,0,0,0.0,0,0,0,0,0,0,0,0,0,0,0,0,0,0,0,0,0,0,0,0
ATTACKER_RELOCATED_SYBIL_CONTROL_N16_SEED567890,ATTACKER_RELOCATED,sybil,control,0,0,16,567890,0,60,0,0,0,0,0,647,28037,1061,16,238,109,57,9,4,0,0,1,1,1,0,1,1,1,0,9,1,128,34690.3684,65535,65407,53,401,37298.8491,65535,65134,0,0,29284.8889,401,444.125,498,97,0,0,0,1,307,307.0,307,0,1.0,1,0,0,0,0,0.0,0,0,0,0,0,0,0,0,0,0,0,0,0,0,0,0,0,0,0,0
ATTACKER_RELOCATED_SYBIL_CONTROL_N16_SEED567890,ATTACKER_RELOCATED,sybil,control,0,0,16,567890,60,120,0,0,0,0,0,848,30258,1247,16,330,165,11,1,0,0,0,0,0,0,0,0,0,0,0,9,1,128,396.1818,465,337,10,385,423.0,465,80,0,0,256.0,385,421.125,465,80,0,0,0,1,256,256.0,256,0,9.0,9,0,0,0,0,0.0,0,0,0,0,0,0,0,0,0,0,0,0,0,0,0,0,0,0,0,0
ATTACKER_RELOCATED_SYBIL_CONTROL_N16_SEED567890,ATTACKER_RELOCATED,sybil,control,0,0,16,567890,120,180,0,140,140,0,14,857,30346,1237,16,339,171,8,1,0,0,0,0,0,0,0,0,0,0,0,8,1,384,404.0,429,45,8,384,404.0,429,45,0,0,256.0,384,404.0,429,45,0,0,0,1,256,256.0,256,0,9.0,9,0,0,0,0,0.0,0,0,0,0,0,0,0,0,0,0,0,0,0,0,0,0,0,0,0,0
ATTACKER_RELOCATED_SYBIL_CONTROL_N16_SEED567890,ATTACKER_RELOCATED,sybil,control,0,0,16,567890,180,240,0,60,59,0,6,818,28357,1166,16,325,163,2,0,0,0,0,0,0,0,0,0,0,0,0,2,1,128,259.5,391,263,1,391,391.0,391,0,0,0,0.0,384,402.0,429,45,0,0,0,1,256,256.0,256,0,9.0,9,0,0,0,0,0.0,0,0,0,0,0,0,0,0,0,0,0,0,0,0,0,0,0,0,0,0
ATTACKER_RELOCATED_SYBIL_CONTROL_N16_SEED567890,ATTACKER_RELOCATED,sybil,control,0,0,16,567890,240,300,1,80,80,0,8,893,31659,1277,16,350,174,7,1,0,0,0,0,0,0,0,0,0,0,0,7,1,384,387.2857,392,8,7,384,387.2857,392,8,0,0,256.0,384,387.75,392,8,0,0,0,1,256,256.0,256,0,9.0,9,0,0,0,0,0.0,0,0,0,0,0,0,0,0,0,0,0,0,0,0,0,0,0,0,0,0
ATTACKER_RELOCATED_SYBIL_CONTROL_N16_SEED567890,ATTACKER_RELOCATED,sybil,control,0,0,16,567890,300,360,1,140,140,0,14,832,28650,1182,16,335,171,0,0,0,0,0,0,0,0,0,0,0,0,0,0,0,0.0,0.0,0.0,0.0,0,0.0,0.0,0.0,0.0,0,0,0.0,384,387.75,392,8,0,0,0,1,256,256.0,256,0,9.0,9,0,0,0,0,0.0,0,0,0,0,0,0,0,0,0,0,0,0,0,0,0,0,0,0,0,0
ATTACKER_RELOCATED_SYBIL_CONTROL_N16_SEED567890,ATTACKER_RELOCATED,sybil,control,0,0,16,567890,360,420,1,0,0,0,0,853,29331,1197,16,344,173,1,0,0,0,0,0,0,0,0,0,0,0,0,1,1,128,128.0,128,0,0,0.0,0.0,0.0,0.0,0,0,0.0,384,387.75,392,8,0,0,0,1,256,256.0,256,0,9.0,9,0,0,0,0,0.0,0,0,0,0,0,0,0,0,0,0,0,0,0,0,0,0,0,0,0,0
ATTACKER_RELOCATED_SYBIL_CONTROL_N16_SEED567890,ATTACKER_RELOCATED,sybil,control,0,0,16,567890,420,480,1,140,140,0,14,845,29840,1222,16,334,168,6,1,0,0,0,0,0,0,0,0,0,0,0,6,1,384,385.0,390,6,6,384,385.0,390,6,0,0,256.0,384,385.125,390,6,0,0,0,1,256,256.0,256,0,9.0,9,0,0,0,0,0.0,0,0,0,0,0,0,0,0,0,0,0,0,0,0,0,0,0,0,0,0
ATTACKER_RELOCATED_SYBIL_CONTROL_N16_SEED567890,ATTACKER_RELOCATED,sybil,control,0,0,16,567890,480,540,1,70,70,0,7,856,29633,1210,16,342,171,2,0,0,0,0,0,0,0,0,0,0,0,0,2,1,384,384.0,384,0,2,384,384.0,384,0,0,0,0.0,384,384.75,390,6,0,0,0,1,256,256.0,256,0,9.0,9,0,0,0,0,0.0,0,0,0,0,0,0,0,0,0,0,0,0,0,0,0,0,0,0,0,0
LOSSY_RADIO_BH_ATTACK_N16_SEED123456,LOSSY_RADIO,blackhole,attack,1,0,16,123456,0,60,0,0,0,0,0,681,31114,1743,16,201,101,0,0,0,0,0,0,0,0,0,0,0,0,0,0,0,0.0,0.0,0.0,0.0,0,0.0,0.0,0.0,0.0,0,0,0.0,0.0,0.0,0.0,0.0,0,0,0,0,0.0,0.0,0.0,0.0,0.0,0,0,0,0,0,0.0,0,0,0,0,0,0,0,0,0,0,0,0,0,0,0,0,0,0,0,0
LOSSY_RADIO_BH_ATTACK_N16_SEED123456,LOSSY_RADIO,blackhole,attack,1,0,16,123456,60,120,0,0,0,0,0,1208,47105,2948,16,389,199,0,0,0,0,0,0,0,0,0,0,0,0,0,0,0,0.0,0.0,0.0,0.0,0,0.0,0.0,0.0,0.0,0,0,0.0,0.0,0.0,0.0,0.0,0,0,0,0,0.0,0.0,0.0,0.0,0.0,0,0,0,0,0,0.0,0,0,0,0,0,0,0,0,0,0,0,0,0,0,0,0,0,0,0,0
LOSSY_RADIO_BH_ATTACK_N16_SEED123456,LOSSY_RADIO,blackhole,attack,1,0,16,123456,120,180,0,140,139,0,14,1169,44372,2832,16,371,189,0,0,0,0,0,0,0,0,0,0,0,0,0,0,0,0.0,0.0,0.0,0.0,0,0.0,0.0,0.0,0.0,0,0,0.0,0.0,0.0,0.0,0.0,0,0,0,0,0.0,0.0,0.0,0.0,0.0,0,0,0,0,0,0.0,0,0,0,0,0,0,0,0,0,0,0,0,0,0,0,0,0,0,0,0
LOSSY_RADIO_BH_ATTACK_N16_SEED123456,LOSSY_RADIO,blackhole,attack,1,0,16,123456,180,240,0,40,40,0,4,1157,42963,2768,16,374,188,0,0,0,0,0,0,0,0,0,0,0,0,0,0,0,0.0,0.0,0.0,0.0,0,0.0,0.0,0.0,0.0,0,0,0.0,0.0,0.0,0.0,0.0,0,0,0,0,0.0,0.0,0.0,0.0,0.0,0,0,0,0,0,0.0,0,0,0,0,0,0,0,0,0,0,0,0,0,0,0,0,0,0,0,0
LOSSY_RADIO_BH_ATTACK_N16_SEED123456,LOSSY_RADIO,blackhole,attack,1,1,16,123456,240,300,1,100,93,0,10,403,15136,1220,15,93,0,0,0,0,0,0,0,0,0,0,0,0,0,0,0,0,0.0,0.0,0.0,0.0,0,0.0,0.0,0.0,0.0,0,0,0.0,0.0,0.0,0.0,0.0,0,0,0,0,0.0,0.0,0.0,0.0,0.0,0,0,0,0,0,0.0,0,0,0,1,82,0,0,0,0,0,0,0,0,0,0,0,0,0,0,0
LOSSY_RADIO_BH_ATTACK_N16_SEED123456,LOSSY_RADIO,blackhole,attack,1,1,16,123456,300,360,1,130,4,0,13,406,14428,1208,15,92,0,0,0,0,0,0,0,0,0,0,0,0,0,0,0,0,0.0,0.0,0.0,0.0,0,0.0,0.0,0.0,0.0,0,0,0.0,0.0,0.0,0.0,0.0,0,0,0,0,0.0,0.0,0.0,0.0,0.0,0,0,0,0,0,0.0,0,0,0,0,85,0,0,0,0,0,0,0,0,0,0,0,0,0,0,0
LOSSY_RADIO_BH_ATTACK_N16_SEED123456,LOSSY_RADIO,blackhole,attack,1,1,16,123456,360,420,1,10,0,0,1,403,14519,1241,15,93,0,0,0,0,0,0,0,0,0,0,0,0,0,0,0,0,0.0,0.0,0.0,0.0,0,0.0,0.0,0.0,0.0,0,0,0.0,0.0,0.0,0.0,0.0,0,0,0,0,0.0,0.0,0.0,0.0,0.0,0,0,0,0,0,0.0,0,0,0,0,84,0,0,0,0,0,0,0,0,0,0,0,0,0,0,0
LOSSY_RADIO_BH_ATTACK_N16_SEED123456,LOSSY_RADIO,blackhole,attack,1,1,16,123456,420,480,1,140,0,0,14,413,15089,1236,15,89,0,0,0,0,0,0,0,0,0,0,0,0,0,0,0,0,0.0,0.0,0.0,0.0,0,0.0,0.0,0.0,0.0,0,0,0.0,0.0,0.0,0.0,0.0,0,0,0,0,0.0,0.0,0.0,0.0,0.0,0,0,0,0,0,0.0,0,0,0,0,85,0,0,0,0,0,0,0,0,0,0,0,0,0,0,0
LOSSY_RADIO_BH_ATTACK_N16_SEED123456,LOSSY_RADIO,blackhole,attack,1,1,16,123456,480,540,1,40,0,0,4,409,14713,1248,16,90,1,0,0,0,0,0,0,0,0,0,0,0,0,0,0,0,0.0,0.0,0.0,0.0,0,0.0,0.0,0.0,0.0,0,0,0.0,0.0,0.0,0.0,0.0,0,0,0,0,0.0,0.0,0.0,0.0,0.0,0,0,0,0,0,0.0,0,0,0,0,82,0,0,0,0,0,0,0,0,0,0,0,0,0,0,0
LOSSY_RADIO_BH_ATTACK_N16_SEED234567,LOSSY_RADIO,blackhole,attack,1,0,16,234567,0,60,0,0,0,0,0,676,30584,1680,16,202,101,0,0,0,0,0,0,0,0,0,0,0,0,0,0,0,0.0,0.0,0.0,0.0,0,0.0,0.0,0.0,0.0,0,0,0.0,0.0,0.0,0.0,0.0,0,0,0,0,0.0,0.0,0.0,0.0,0.0,0,0,0,0,0,0.0,0,0,0,0,0,0,0,0,0,0,0,0,0,0,0,0,0,0,0,0
LOSSY_RADIO_BH_ATTACK_N16_SEED234567,LOSSY_RADIO,blackhole,attack,1,0,16,234567,60,120,0,0,0,0,0,1219,46928,3031,16,378,192,0,0,0,0,0,0,0,0,0,0,0,0,0,0,0,0.0,0.0,0.0,0.0,0,0.0,0.0,0.0,0.0,0,0,0.0,0.0,0.0,0.0,0.0,0,0,0,0,0.0,0.0,0.0,0.0,0.0,0,0,0,0,0,0.0,0,0,0,0,0,0,0,0,0,0,0,0,0,0,0,0,0,0,0,0
LOSSY_RADIO_BH_ATTACK_N16_SEED234567,LOSSY_RADIO,blackhole,attack,1,0,16,234567,120,180,0,140,140,0,14,1211,46253,2932,16,383,201,0,0,0,0,0,0,0,0,0,0,0,0,0,0,0,0.0,0.0,0.0,0.0,0,0.0,0.0,0.0,0.0,0,0,0.0,0.0,0.0,0.0,0.0,0,0,0,0,0.0,0.0,0.0,0.0,0.0,0,0,0,0,0,0.0,0,0,0,0,0,0,0,0,0,0,0,0,0,0,0,0,0,0,0,0
LOSSY_RADIO_BH_ATTACK_N16_SEED234567,LOSSY_RADIO,blackhole,attack,1,0,16,234567,180,240,0,50,50,0,5,1161,43466,2816,16,381,196,0,0,0,0,0,0,0,0,0,0,0,0,0,0,0,0.0,0.0,0.0,0.0,0,0.0,0.0,0.0,0.0,0,0,0.0,0.0,0.0,0.0,0.0,0,0,0,0,0.0,0.0,0.0,0.0,0.0,0,0,0,0,0,0.0,0,0,0,0,0,0,0,0,0,0,0,0,0,0,0,0,0,0,0,0
LOSSY_RADIO_BH_ATTACK_N16_SEED234567,LOSSY_RADIO,blackhole,attack,1,1,16,234567,240,300,1,90,84,0,9,431,16253,1276,16,94,5,0,0,0,0,0,0,0,0,0,0,0,0,0,0,0,0.0,0.0,0.0,0.0,0,0.0,0.0,0.0,0.0,0,0,0.0,0.0,0.0,0.0,0.0,0,0,0,0,0.0,0.0,0.0,0.0,0.0,0,0,0,0,0,0.0,0,0,0,1,82,0,0,0,0,0,0,0,0,0,0,0,0,0,0,0
LOSSY_RADIO_BH_ATTACK_N16_SEED234567,LOSSY_RADIO,blackhole,attack,1,1,16,234567,300,360,1,140,6,0,14,405,14401,1217,15,90,0,0,0,0,0,0,0,0,0,0,0,0,0,0,0,0,0.0,0.0,0.0,0.0,0,0.0,0.0,0.0,0.0,0,0,0.0,0.0,0.0,0.0,0.0,0,0,0,0,0.0,0.0,0.0,0.0,0.0,0,0,0,0,0,0.0,0,0,0,0,83,0,0,0,0,0,0,0,0,0,0,0,0,0,0,0
LOSSY_RADIO_BH_ATTACK_N16_SEED234567,LOSSY_RADIO,blackhole,attack,1,1,16,234567,360,420,1,0,0,0,0,389,13801,1190,15,88,0,0,0,0,0,0,0,0,0,0,0,0,0,0,0,0,0.0,0.0,0.0,0.0,0,0.0,0.0,0.0,0.0,0,0,0.0,0.0,0.0,0.0,0.0,0,0,0,0,0.0,0.0,0.0,0.0,0.0,0,0,0,0,0,0.0,0,0,0,0,85,0,0,0,0,0,0,0,0,0,0,0,0,0,0,0
LOSSY_RADIO_BH_ATTACK_N16_SEED234567,LOSSY_RADIO,blackhole,attack,1,1,16,234567,420,480,1,140,0,0,14,419,15531,1289,16,89,1,0,0,0,0,0,0,0,0,0,0,0,0,0,0,0,0.0,0.0,0.0,0.0,0,0.0,0.0,0.0,0.0,0,0,0.0,0.0,0.0,0.0,0.0,0,0,0,0,0.0,0.0,0.0,0.0,0.0,0,0,0,0,0,0.0,0,0,0,0,84,0,0,0,0,0,0,0,0,0,0,0,0,0,0,0
LOSSY_RADIO_BH_ATTACK_N16_SEED234567,LOSSY_RADIO,blackhole,attack,1,1,16,234567,480,540,1,50,0,0,5,408,15152,1286,15,88,0,0,0,0,0,0,0,0,0,0,0,0,0,0,0,0,0.0,0.0,0.0,0.0,0,0.0,0.0,0.0,0.0,0,0,0.0,0.0,0.0,0.0,0.0,0,0,0,0,0.0,0.0,0.0,0.0,0.0,0,0,0,0,0,0.0,0,0,0,0,85,0,0,0,0,0,0,0,0,0,0,0,0,0,0,0
LOSSY_RADIO_BH_ATTACK_N16_SEED345678,LOSSY_RADIO,blackhole,attack,1,0,16,345678,0,60,0,0,0,0,0,732,33137,1938,16,225,102,0,0,0,0,0,0,0,0,0,0,0,0,0,0,0,0.0,0.0,0.0,0.0,0,0.0,0.0,0.0,0.0,0,0,0.0,0.0,0.0,0.0,0.0,0,0,0,0,0.0,0.0,0.0,0.0,0.0,0,0,0,0,0,0.0,0,0,0,0,0,0,0,0,0,0,0,0,0,0,0,0,0,0,0,0
LOSSY_RADIO_BH_ATTACK_N16_SEED345678,LOSSY_RADIO,blackhole,attack,1,0,16,345678,60,120,0,0,0,0,0,1172,45273,3015,16,366,188,0,0,0,0,0,0,0,0,0,0,0,0,0,0,0,0.0,0.0,0.0,0.0,0,0.0,0.0,0.0,0.0,0,0,0.0,0.0,0.0,0.0,0.0,0,0,0,0,0.0,0.0,0.0,0.0,0.0,0,0,0,0,0,0.0,0,0,0,0,0,0,0,0,0,0,0,0,0,0,0,0,0,0,0,0
LOSSY_RADIO_BH_ATTACK_N16_SEED345678,LOSSY_RADIO,blackhole,attack,1,0,16,345678,120,180,0,140,140,0,14,1194,45350,3066,16,376,189,0,0,0,0,0,0,0,0,0,0,0,0,0,0,0,0.0,0.0,0.0,0.0,0,0.0,0.0,0.0,0.0,0,0,0.0,0.0,0.0,0.0,0.0,0,0,0,0,0.0,0.0,0.0,0.0,0.0,0,0,0,0,0,0.0,0,0,0,0,0,0,0,0,0,0,0,0,0,0,0,0,0,0,0,0
LOSSY_RADIO_BH_ATTACK_N16_SEED345678,LOSSY_RADIO,blackhole,attack,1,0,16,345678,180,240,0,50,50,0,5,1178,44452,3016,16,380,194,0,0,0,0,0,0,0,0,0,0,0,0,0,0,0,0.0,0.0,0.0,0.0,0,0.0,0.0,0.0,0.0,0,0,0.0,0.0,0.0,0.0,0.0,0,0,0,0,0.0,0.0,0.0,0.0,0.0,0,0,0,0,0,0.0,0,0,0,0,0,0,0,0,0,0,0,0,0,0,0,0,0,0,0,0
LOSSY_RADIO_BH_ATTACK_N16_SEED345678,LOSSY_RADIO,blackhole,attack,1,1,16,345678,240,300,1,90,83,0,9,427,16063,1378,16,92,1,0,0,0,0,0,0,0,0,0,0,0,0,0,0,0,0.0,0.0,0.0,0.0,0,0.0,0.0,0.0,0.0,0,0,0.0,0.0,0.0,0.0,0.0,0,0,0,0,0.0,0.0,0.0,0.0,0.0,0,0,0,0,0,0.0,0,0,0,1,83,0,0,0,0,0,0,0,0,0,0,0,0,0,0,0
LOSSY_RADIO_BH_ATTACK_N16_SEED345678,LOSSY_RADIO,blackhole,attack,1,1,16,345678,300,360,1,120,6,0,12,388,13597,1254,15,89,0,0,0,0,0,0,0,0,0,0,0,0,0,0,0,0,0.0,0.0,0.0,0.0,0,0.0,0.0,0.0,0.0,0,0,0.0,0.0,0.0,0.0,0.0,0,0,0,0,0.0,0.0,0.0,0.0,0.0,0,0,0,0,0,0.0,0,0,0,0,85,0,0,0,0,0,0,0,0,0,0,0,0,0,0,0
LOSSY_RADIO_BH_ATTACK_N16_SEED345678,LOSSY_RADIO,blackhole,attack,1,1,16,345678,360,420,1,20,0,0,2,403,14377,1289,15,93,0,0,0,0,0,0,0,0,0,0,0,0,0,0,0,0,0.0,0.0,0.0,0.0,0,0.0,0.0,0.0,0.0,0,0,0.0,0.0,0.0,0.0,0.0,0,0,0,0,0.0,0.0,0.0,0.0,0.0,0,0,0,0,0,0.0,0,0,0,0,83,0,0,0,0,0,0,0,0,0,0,0,0,0,0,0
LOSSY_RADIO_BH_ATTACK_N16_SEED345678,LOSSY_RADIO,blackhole,attack,1,1,16,345678,420,480,1,140,0,0,14,410,15106,1317,16,86,1,0,0,0,0,0,0,0,0,0,0,0,0,0,0,0,0.0,0.0,0.0,0.0,0,0.0,0.0,0.0,0.0,0,0,0.0,0.0,0.0,0.0,0.0,0,0,0,0,0.0,0.0,0.0,0.0,0.0,0,0,0,0,0,0.0,0,0,0,0,83,0,0,0,0,0,0,0,0,0,0,0,0,0,0,0
LOSSY_RADIO_BH_ATTACK_N16_SEED345678,LOSSY_RADIO,blackhole,attack,1,1,16,345678,480,540,1,50,0,0,5,450,16592,1457,15,95,0,0,0,0,0,0,0,0,0,0,0,0,0,0,0,0,0.0,0.0,0.0,0.0,0,0.0,0.0,0.0,0.0,0,0,0.0,0.0,0.0,0.0,0.0,0,0,0,0,0.0,0.0,0.0,0.0,0.0,0,0,0,0,0,0.0,0,0,0,0,87,0,0,0,0,0,0,0,0,0,0,0,0,0,0,0
LOSSY_RADIO_BH_ATTACK_N16_SEED456789,LOSSY_RADIO,blackhole,attack,1,0,16,456789,0,60,0,0,0,0,0,620,28395,1660,16,190,94,0,0,0,0,0,0,0,0,0,0,0,0,0,0,0,0.0,0.0,0.0,0.0,0,0.0,0.0,0.0,0.0,0,0,0.0,0.0,0.0,0.0,0.0,0,0,0,0,0.0,0.0,0.0,0.0,0.0,0,0,0,0,0,0.0,0,0,0,0,0,0,0,0,0,0,0,0,0,0,0,0,0,0,0,0
LOSSY_RADIO_BH_ATTACK_N16_SEED456789,LOSSY_RADIO,blackhole,attack,1,0,16,456789,60,120,0,0,0,0,0,1204,46205,3141,16,387,194,0,0,0,0,0,0,0,0,0,0,0,0,0,0,0,0.0,0.0,0.0,0.0,0,0.0,0.0,0.0,0.0,0,0,0.0,0.0,0.0,0.0,0.0,0,0,0,0,0.0,0.0,0.0,0.0,0.0,0,0,0,0,0,0.0,0,0,0,0,0,0,0,0,0,0,0,0,0,0,0,0,0,0,0,0
LOSSY_RADIO_BH_ATTACK_N16_SEED456789,LOSSY_RADIO,blackhole,attack,1,0,16,456789,120,180,0,140,140,0,14,1167,44176,2968,16,376,197,0,0,0,0,0,0,0,0,0,0,0,0,0,0,0,0.0,0.0,0.0,0.0,0,0.0,0.0,0.0,0.0,0,0,0.0,0.0,0.0,0.0,0.0,0,0,0,0,0.0,0.0,0.0,0.0,0.0,0,0,0,0,0,0.0,0,0,0,0,0,0,0,0,0,0,0,0,0,0,0,0,0,0,0,0
LOSSY_RADIO_BH_ATTACK_N16_SEED456789,LOSSY_RADIO,blackhole,attack,1,0,16,456789,180,240,0,30,30,0,3,1161,43487,2997,16,374,187,0,0,0,0,0,0,0,0,0,0,0,0,0,0,0,0.0,0.0,0.0,0.0,0,0.0,0.0,0.0,0.0,0,0,0.0,0.0,0.0,0.0,0.0,0,0,0,0,0.0,0.0,0.0,0.0,0.0,0,0,0,0,0,0.0,0,0,0,0,0,0,0,0,0,0,0,0,0,0,0,0,0,0,0,0
LOSSY_RADIO_BH_ATTACK_N16_SEED456789,LOSSY_RADIO,blackhole,attack,1,1,16,456789,240,300,1,110,102,0,11,430,16398,1377,16,97,3,0,0,0,0,0,0,0,0,0,0,0,0,0,0,0,0.0,0.0,0.0,0.0,0,0.0,0.0,0.0,0.0,0,0,0.0,0.0,0.0,0.0,0.0,0,0,0,0,0.0,0.0,0.0,0.0,0.0,0,0,0,0,0,0.0,0,0,0,1,83,0,0,0,0,0,0,0,0,0,0,0,0,0,0,0
LOSSY_RADIO_BH_ATTACK_N16_SEED456789,LOSSY_RADIO,blackhole,attack,1,1,16,456789,300,360,1,100,4,0,10,401,14356,1308,15,90,0,0,0,0,0,0,0,0,0,0,0,0,0,0,0,0,0.0,0.0,0.0,0.0,0,0.0,0.0,0.0,0.0,0,0,0.0,0.0,0.0,0.0,0.0,0,0,0,0,0.0,0.0,0.0,0.0,0.0,0,0,0,0,0,0.0,0,0,0,0,84,0,0,0,0,0,0,0,0,0,0,0,0,0,0,0
LOSSY_RADIO_BH_ATTACK_N16_SEED456789,LOSSY_RADIO,blackhole,attack,1,1,16,456789,360,420,1,40,0,0,4,390,13929,1246,16,89,1,0,0,0,0,0,0,0,0,0,0,0,0,0,0,0,0.0,0.0,0.0,0.0,0,0.0,0.0,0.0,0.0,0,0,0.0,0.0,0.0,0.0,0.0,0,0,0,0,0.0,0.0,0.0,0.0,0.0,0,0,0,0,0,0.0,0,0,0,0,86,0,0,0,0,0,0,0,0,0,0,0,0,0,0,0
LOSSY_RADIO_BH_ATTACK_N16_SEED456789,LOSSY_RADIO,blackhole,attack,1,1,16,456789,420,480,1,140,0,0,14,384,13817,1245,15,84,0,0,0,0,0,0,0,0,0,0,0,0,0,0,0,0,0.0,0.0,0.0,0.0,0,0.0,0.0,0.0,0.0,0,0,0.0,0.0,0.0,0.0,0.0,0,0,0,0,0.0,0.0,0.0,0.0,0.0,0,0,0,0,0,0.0,0,0,0,0,82,0,0,0,0,0,0,0,0,0,0,0,0,0,0,0
LOSSY_RADIO_BH_ATTACK_N16_SEED456789,LOSSY_RADIO,blackhole,attack,1,1,16,456789,480,540,1,50,0,0,5,425,15589,1396,15,96,0,0,0,0,0,0,0,0,0,0,0,0,0,0,0,0,0.0,0.0,0.0,0.0,0,0.0,0.0,0.0,0.0,0,0,0.0,0.0,0.0,0.0,0.0,0,0,0,0,0.0,0.0,0.0,0.0,0.0,0,0,0,0,0,0.0,0,0,0,0,87,0,0,0,0,0,0,0,0,0,0,0,0,0,0,0
LOSSY_RADIO_BH_ATTACK_N16_SEED567890,LOSSY_RADIO,blackhole,attack,1,0,16,567890,0,60,0,0,0,0,0,637,29687,1589,16,199,94,0,0,0,0,0,0,0,0,0,0,0,0,0,0,0,0.0,0.0,0.0,0.0,0,0.0,0.0,0.0,0.0,0,0,0.0,0.0,0.0,0.0,0.0,0,0,0,0,0.0,0.0,0.0,0.0,0.0,0,0,0,0,0,0.0,0,0,0,0,0,0,0,0,0,0,0,0,0,0,0,0,0,0,0,0
LOSSY_RADIO_BH_ATTACK_N16_SEED567890,LOSSY_RADIO,blackhole,attack,1,0,16,567890,60,120,0,0,0,0,0,1194,46166,2927,16,384,187,0,0,0,0,0,0,0,0,0,0,0,0,0,0,0,0.0,0.0,0.0,0.0,0,0.0,0.0,0.0,0.0,0,0,0.0,0.0,0.0,0.0,0.0,0,0,0,0,0.0,0.0,0.0,0.0,0.0,0,0,0,0,0,0.0,0,0,0,0,0,0,0,0,0,0,0,0,0,0,0,0,0,0,0,0
LOSSY_RADIO_BH_ATTACK_N16_SEED567890,LOSSY_RADIO,blackhole,attack,1,0,16,567890,120,180,0,140,140,0,14,1179,44560,2868,16,383,200,0,0,0,0,0,0,0,0,0,0,0,0,0,0,0,0.0,0.0,0.0,0.0,0,0.0,0.0,0.0,0.0,0,0,0.0,0.0,0.0,0.0,0.0,0,0,0,0,0.0,0.0,0.0,0.0,0.0,0,0,0,0,0,0.0,0,0,0,0,0,0,0,0,0,0,0,0,0,0,0,0,0,0,0,0
LOSSY_RADIO_BH_ATTACK_N16_SEED567890,LOSSY_RADIO,blackhole,attack,1,0,16,567890,180,240,0,40,40,0,4,1184,44632,2795,16,396,202,0,0,0,0,0,0,0,0,0,0,0,0,0,0,0,0.0,0.0,0.0,0.0,0,0.0,0.0,0.0,0.0,0,0,0.0,0.0,0.0,0.0,0.0,0,0,0,0,0.0,0.0,0.0,0.0,0.0,0,0,0,0,0,0.0,0,0,0,0,0,0,0,0,0,0,0,0,0,0,0,0,0,0,0,0
LOSSY_RADIO_BH_ATTACK_N16_SEED567890,LOSSY_RADIO,blackhole,attack,1,1,16,567890,240,300,1,100,92,0,10,414,15558,1245,15,92,0,0,0,0,0,0,0,0,0,0,0,0,0,0,0,0,0.0,0.0,0.0,0.0,0,0.0,0.0,0.0,0.0,0,0,0.0,0.0,0.0,0.0,0.0,0,0,0,0,0.0,0.0,0.0,0.0,0.0,0,0,0,0,0,0.0,0,0,0,1,84,0,0,0,0,0,0,0,0,0,0,0,0,0,0,0
LOSSY_RADIO_BH_ATTACK_N16_SEED567890,LOSSY_RADIO,blackhole,attack,1,1,16,567890,300,360,1,120,5,0,12,415,15033,1248,15,91,0,0,0,0,0,0,0,0,0,0,0,0,0,0,0,0,0.0,0.0,0.0,0.0,0,0.0,0.0,0.0,0.0,0,0,0.0,0.0,0.0,0.0,0.0,0,0,0,0,0.0,0.0,0.0,0.0,0.0,0,0,0,0,0,0.0,0,0,0,0,84,0,0,0,0,0,0,0,0,0,0,0,0,0,0,0
LOSSY_RADIO_BH_ATTACK_N16_SEED567890,LOSSY_RADIO,blackhole,attack,1,1,16,567890,360,420,1,20,0,0,2,428,15417,1316,15,93,0,0,0,0,0,0,0,0,0,0,0,0,0,0,0,0,0.0,0.0,0.0,0.0,0,0.0,0.0,0.0,0.0,0,0,0.0,0.0,0.0,0.0,0.0,0,0,0,0,0.0,0.0,0.0,0.0,0.0,0,0,0,0,0,0.0,0,0,0,0,84,0,0,0,0,0,0,0,0,0,0,0,0,0,0,0
LOSSY_RADIO_BH_ATTACK_N16_SEED567890,LOSSY_RADIO,blackhole,attack,1,1,16,567890,420,480,1,140,0,0,14,419,15365,1274,16,93,1,0,0,0,0,0,0,0,0,0,0,0,0,0,0,0,0.0,0.0,0.0,0.0,0,0.0,0.0,0.0,0.0,0,0,0.0,0.0,0.0,0.0,0.0,0,0,0,0,0.0,0.0,0.0,0.0,0.0,0,0,0,0,0,0.0,0,0,0,0,85,0,0,0,0,0,0,0,0,0,0,0,0,0,0,0
LOSSY_RADIO_BH_ATTACK_N16_SEED567890,LOSSY_RADIO,blackhole,attack,1,1,16,567890,480,540,1,40,0,0,4,442,16417,1326,15,100,0,0,0,0,0,0,0,0,0,0,0,0,0,0,0,0,0.0,0.0,0.0,0.0,0,0.0,0.0,0.0,0.0,0,0,0.0,0.0,0.0,0.0,0.0,0,0,0,0,0.0,0.0,0.0,0.0,0.0,0,0,0,0,0,0.0,0,0,0,0,84,0,0,0,0,0,0,0,0,0,0,0,0,0,0,0
LOSSY_RADIO_BH_CONTROL_N16_SEED123456,LOSSY_RADIO,blackhole,control,0,0,16,123456,0,60,0,0,0,0,0,681,31114,1743,16,201,101,0,0,0,0,0,0,0,0,0,0,0,0,0,0,0,0.0,0.0,0.0,0.0,0,0.0,0.0,0.0,0.0,0,0,0.0,0.0,0.0,0.0,0.0,0,0,0,0,0.0,0.0,0.0,0.0,0.0,0,0,0,0,0,0.0,0,0,0,0,0,0,0,0,0,0,0,0,0,0,0,0,0,0,0,0
LOSSY_RADIO_BH_CONTROL_N16_SEED123456,LOSSY_RADIO,blackhole,control,0,0,16,123456,60,120,0,0,0,0,0,1208,47105,2948,16,389,199,0,0,0,0,0,0,0,0,0,0,0,0,0,0,0,0.0,0.0,0.0,0.0,0,0.0,0.0,0.0,0.0,0,0,0.0,0.0,0.0,0.0,0.0,0,0,0,0,0.0,0.0,0.0,0.0,0.0,0,0,0,0,0,0.0,0,0,0,0,0,0,0,0,0,0,0,0,0,0,0,0,0,0,0,0
LOSSY_RADIO_BH_CONTROL_N16_SEED123456,LOSSY_RADIO,blackhole,control,0,0,16,123456,120,180,0,140,139,0,14,1169,44372,2832,16,371,189,0,0,0,0,0,0,0,0,0,0,0,0,0,0,0,0.0,0.0,0.0,0.0,0,0.0,0.0,0.0,0.0,0,0,0.0,0.0,0.0,0.0,0.0,0,0,0,0,0.0,0.0,0.0,0.0,0.0,0,0,0,0,0,0.0,0,0,0,0,0,0,0,0,0,0,0,0,0,0,0,0,0,0,0,0
LOSSY_RADIO_BH_CONTROL_N16_SEED123456,LOSSY_RADIO,blackhole,control,0,0,16,123456,180,240,0,40,40,0,4,1157,42963,2768,16,374,188,0,0,0,0,0,0,0,0,0,0,0,0,0,0,0,0.0,0.0,0.0,0.0,0,0.0,0.0,0.0,0.0,0,0,0.0,0.0,0.0,0.0,0.0,0,0,0,0,0.0,0.0,0.0,0.0,0.0,0,0,0,0,0,0.0,0,0,0,0,0,0,0,0,0,0,0,0,0,0,0,0,0,0,0,0
LOSSY_RADIO_BH_CONTROL_N16_SEED123456,LOSSY_RADIO,blackhole,control,0,0,16,123456,240,300,1,100,100,0,10,1149,43819,2823,16,371,187,0,0,0,0,0,0,0,0,0,0,0,0,0,0,0,0.0,0.0,0.0,0.0,0,0.0,0.0,0.0,0.0,0,0,0.0,0.0,0.0,0.0,0.0,0,0,0,0,0.0,0.0,0.0,0.0,0.0,0,0,0,0,0,0.0,0,0,0,0,0,0,0,0,0,0,0,0,0,0,0,0,0,0,0,0
LOSSY_RADIO_BH_CONTROL_N16_SEED123456,LOSSY_RADIO,blackhole,control,0,0,16,123456,300,360,1,130,130,0,13,1159,43308,2784,16,368,191,0,0,0,0,0,0,0,0,0,0,0,0,0,0,0,0.0,0.0,0.0,0.0,0,0.0,0.0,0.0,0.0,0,0,0.0,0.0,0.0,0.0,0.0,0,0,0,0,0.0,0.0,0.0,0.0,0.0,0,0,0,0,0,0.0,0,0,0,0,0,0,0,0,0,0,0,0,0,0,0,0,0,0,0,0
LOSSY_RADIO_BH_CONTROL_N16_SEED123456,LOSSY_RADIO,blackhole,control,0,0,16,123456,360,420,1,10,10,0,1,1150,43301,2799,16,372,191,0,0,0,0,0,0,0,0,0,0,0,0,0,0,0,0.0,0.0,0.0,0.0,0,0.0,0.0,0.0,0.0,0,0,0.0,0.0,0.0,0.0,0.0,0,0,0,0,0.0,0.0,0.0,0.0,0.0,0,0,0,0,0,0.0,0,0,0,0,0,0,0,0,0,0,0,0,0,0,0,0,0,0,0,0
LOSSY_RADIO_BH_CONTROL_N16_SEED123456,LOSSY_RADIO,blackhole,control,0,0,16,123456,420,480,1,140,140,0,14,1144,42917,2735,16,374,190,0,0,0,0,0,0,0,0,0,0,0,0,0,0,0,0.0,0.0,0.0,0.0,0,0.0,0.0,0.0,0.0,0,0,0.0,0.0,0.0,0.0,0.0,0,0,0,0,0.0,0.0,0.0,0.0,0.0,0,0,0,0,0,0.0,0,0,0,0,0,0,0,0,0,0,0,0,0,0,0,0,0,0,0,0
LOSSY_RADIO_BH_CONTROL_N16_SEED123456,LOSSY_RADIO,blackhole,control,0,0,16,123456,480,540,1,30,30,0,3,1175,44663,2875,16,389,189,0,0,0,0,0,0,0,0,0,0,0,0,0,0,0,0.0,0.0,0.0,0.0,0,0.0,0.0,0.0,0.0,0,0,0.0,0.0,0.0,0.0,0.0,0,0,0,0,0.0,0.0,0.0,0.0,0.0,0,0,0,0,0,0.0,0,0,0,0,0,0,0,0,0,0,0,0,0,0,0,0,0,0,0,0
LOSSY_RADIO_BH_CONTROL_N16_SEED234567,LOSSY_RADIO,blackhole,control,0,0,16,234567,0,60,0,0,0,0,0,676,30584,1680,16,202,101,0,0,0,0,0,0,0,0,0,0,0,0,0,0,0,0.0,0.0,0.0,0.0,0,0.0,0.0,0.0,0.0,0,0,0.0,0.0,0.0,0.0,0.0,0,0,0,0,0.0,0.0,0.0,0.0,0.0,0,0,0,0,0,0.0,0,0,0,0,0,0,0,0,0,0,0,0,0,0,0,0,0,0,0,0
LOSSY_RADIO_BH_CONTROL_N16_SEED234567,LOSSY_RADIO,blackhole,control,0,0,16,234567,60,120,0,0,0,0,0,1219,46928,3031,16,378,192,0,0,0,0,0,0,0,0,0,0,0,0,0,0,0,0.0,0.0,0.0,0.0,0,0.0,0.0,0.0,0.0,0,0,0.0,0.0,0.0,0.0,0.0,0,0,0,0,0.0,0.0,0.0,0.0,0.0,0,0,0,0,0,0.0,0,0,0,0,0,0,0,0,0,0,0,0,0,0,0,0,0,0,0,0
LOSSY_RADIO_BH_CONTROL_N16_SEED234567,LOSSY_RADIO,blackhole,control,0,0,16,234567,120,180,0,140,140,0,14,1211,46253,2932,16,383,201,0,0,0,0,0,0,0,0,0,0,0,0,0,0,0,0.0,0.0,0.0,0.0,0,0.0,0.0,0.0,0.0,0,0,0.0,0.0,0.0,0.0,0.0,0,0,0,0,0.0,0.0,0.0,0.0,0.0,0,0,0,0,0,0.0,0,0,0,0,0,0,0,0,0,0,0,0,0,0,0,0,0,0,0,0
LOSSY_RADIO_BH_CONTROL_N16_SEED234567,LOSSY_RADIO,blackhole,control,0,0,16,234567,180,240,0,50,50,0,5,1161,43466,2816,16,381,196,0,0,0,0,0,0,0,0,0,0,0,0,0,0,0,0.0,0.0,0.0,0.0,0,0.0,0.0,0.0,0.0,0,0,0.0,0.0,0.0,0.0,0.0,0,0,0,0,0.0,0.0,0.0,0.0,0.0,0,0,0,0,0,0.0,0,0,0,0,0,0,0,0,0,0,0,0,0,0,0,0,0,0,0,0
LOSSY_RADIO_BH_CONTROL_N16_SEED234567,LOSSY_RADIO,blackhole,control,0,0,16,234567,240,300,1,90,90,0,9,1196,45426,2922,16,379,196,0,0,0,0,0,0,0,0,0,0,0,0,0,0,0,0.0,0.0,0.0,0.0,0,0.0,0.0,0.0,0.0,0,0,0.0,0.0,0.0,0.0,0.0,0,0,0,0,0.0,0.0,0.0,0.0,0.0,0,0,0,0,0,0.0,0,0,0,0,0,0,0,0,0,0,0,0,0,0,0,0,0,0,0,0
LOSSY_RADIO_BH_CONTROL_N16_SEED234567,LOSSY_RADIO,blackhole,control,0,0,16,234567,300,360,1,140,140,0,14,1146,42848,2778,16,370,194,0,0,0,0,0,0,0,0,0,0,0,0,0,0,0,0.0,0.0,0.0,0.0,0,0.0,0.0,0.0,0.0,0,0,0.0,0.0,0.0,0.0,0.0,0,0,0,0,0.0,0.0,0.0,0.0,0.0,0,0,0,0,0,0.0,0,0,0,0,0,0,0,0,0,0,0,0,0,0,0,0,0,0,0,0
LOSSY_RADIO_BH_CONTROL_N16_SEED234567,LOSSY_RADIO,blackhole,control,0,0,16,234567,360,420,1,0,0,0,0,1170,44241,2935,16,370,192,0,0,0,0,0,0,0,0,0,0,0,0,0,0,0,0.0,0.0,0.0,0.0,0,0.0,0.0,0.0,0.0,0,0,0.0,0.0,0.0,0.0,0.0,0,0,0,0,0.0,0.0,0.0,0.0,0.0,0,0,0,0,0,0.0,0,0,0,0,0,0,0,0,0,0,0,0,0,0,0,0,0,0,0,0
LOSSY_RADIO_BH_CONTROL_N16_SEED234567,LOSSY_RADIO,blackhole,control,0,0,16,234567,420,480,1,140,140,0,14,1192,45104,2994,16,371,194,0,0,0,0,0,0,0,0,0,0,0,0,0,0,0,0.0,0.0,0.0,0.0,0,0.0,0.0,0.0,0.0,0,0,0.0,0.0,0.0,0.0,0.0,0,0,0,0,0.0,0.0,0.0,0.0,0.0,0,0,0,0,0,0.0,0,0,0,0,0,0,0,0,0,0,0,0,0,0,0,0,0,0,0,0
LOSSY_RADIO_BH_CONTROL_N16_SEED234567,LOSSY_RADIO,blackhole,control,0,0,16,234567,480,540,1,50,50,0,5,1185,44915,2904,16,383,192,0,0,0,0,0,0,0,0,0,0,0,0,0,0,0,0.0,0.0,0.0,0.0,0,0.0,0.0,0.0,0.0,0,0,0.0,0.0,0.0,0.0,0.0,0,0,0,0,0.0,0.0,0.0,0.0,0.0,0,0,0,0,0,0.0,0,0,0,0,0,0,0,0,0,0,0,0,0,0,0,0,0,0,0,0
LOSSY_RADIO_BH_CONTROL_N16_SEED345678,LOSSY_RADIO,blackhole,control,0,0,16,345678,0,60,0,0,0,0,0,732,33137,1938,16,225,102,0,0,0,0,0,0,0,0,0,0,0,0,0,0,0,0.0,0.0,0.0,0.0,0,0.0,0.0,0.0,0.0,0,0,0.0,0.0,0.0,0.0,0.0,0,0,0,0,0.0,0.0,0.0,0.0,0.0,0,0,0,0,0,0.0,0,0,0,0,0,0,0,0,0,0,0,0,0,0,0,0,0,0,0,0
LOSSY_RADIO_BH_CONTROL_N16_SEED345678,LOSSY_RADIO,blackhole,control,0,0,16,345678,60,120,0,0,0,0,0,1172,45273,3015,16,366,188,0,0,0,0,0,0,0,0,0,0,0,0,0,0,0,0.0,0.0,0.0,0.0,0,0.0,0.0,0.0,0.0,0,0,0.0,0.0,0.0,0.0,0.0,0,0,0,0,0.0,0.0,0.0,0.0,0.0,0,0,0,0,0,0.0,0,0,0,0,0,0,0,0,0,0,0,0,0,0,0,0,0,0,0,0
LOSSY_RADIO_BH_CONTROL_N16_SEED345678,LOSSY_RADIO,blackhole,control,0,0,16,345678,120,180,0,140,140,0,14,1194,45350,3066,16,376,189,0,0,0,0,0,0,0,0,0,0,0,0,0,0,0,0.0,0.0,0.0,0.0,0,0.0,0.0,0.0,0.0,0,0,0.0,0.0,0.0,0.0,0.0,0,0,0,0,0.0,0.0,0.0,0.0,0.0,0,0,0,0,0,0.0,0,0,0,0,0,0,0,0,0,0,0,0,0,0,0,0,0,0,0,0
LOSSY_RADIO_BH_CONTROL_N16_SEED345678,LOSSY_RADIO,blackhole,control,0,0,16,345678,180,240,0,50,50,0,5,1178,44452,3016,16,380,194,0,0,0,0,0,0,0,0,0,0,0,0,0,0,0,0.0,0.0,0.0,0.0,0,0.0,0.0,0.0,0.0,0,0,0.0,0.0,0.0,0.0,0.0,0,0,0,0,0.0,0.0,0.0,0.0,0.0,0,0,0,0,0,0.0,0,0,0,0,0,0,0,0,0,0,0,0,0,0,0,0,0,0,0,0
LOSSY_RADIO_BH_CONTROL_N16_SEED345678,LOSSY_RADIO,blackhole,control,0,0,16,345678,240,300,1,90,90,0,9,1210,46669,3156,16,384,192,0,0,0,0,0,0,0,0,0,0,0,0,0,0,0,0.0,0.0,0.0,0.0,0,0.0,0.0,0.0,0.0,0,0,0.0,0.0,0.0,0.0,0.0,0,0,0,0,0.0,0.0,0.0,0.0,0.0,0,0,0,0,0,0.0,0,0,0,0,0,0,0,0,0,0,0,0,0,0,0,0,0,0,0,0
LOSSY_RADIO_BH_CONTROL_N16_SEED345678,LOSSY_RADIO,blackhole,control,0,0,16,345678,300,360,1,120,120,0,12,1160,43413,3029,16,369,182,0,0,0,0,0,0,0,0,0,0,0,0,0,0,0,0.0,0.0,0.0,0.0,0,0.0,0.0,0.0,0.0,0,0,0.0,0.0,0.0,0.0,0.0,0,0,0,0,0.0,0.0,0.0,0.0,0.0,0,0,0,0,0,0.0,0,0,0,0,0,0,0,0,0,0,0,0,0,0,0,0,0,0,0,0
LOSSY_RADIO_BH_CONTROL_N16_SEED345678,LOSSY_RADIO,blackhole,control,0,0,16,345678,360,420,1,20,20,0,2,1113,41291,2809,16,354,191,0,0,0,0,0,0,0,0,0,0,0,0,0,0,0,0.0,0.0,0.0,0.0,0,0.0,0.0,0.0,0.0,0,0,0.0,0.0,0.0,0.0,0.0,0,0,0,0,0.0,0.0,0.0,0.0,0.0,0,0,0,0,0,0.0,0,0,0,0,0,0,0,0,0,0,0,0,0,0,0,0,0,0,0,0
LOSSY_RADIO_BH_CONTROL_N16_SEED345678,LOSSY_RADIO,blackhole,control,0,0,16,345678,420,480,1,140,140,0,14,1200,45197,3068,16,387,196,0,0,0,0,0,0,0,0,0,0,0,0,0,0,0,0.0,0.0,0.0,0.0,0,0.0,0.0,0.0,0.0,0,0,0.0,0.0,0.0,0.0,0.0,0,0,0,0,0.0,0.0,0.0,0.0,0.0,0,0,0,0,0,0.0,0,0,0,0,0,0,0,0,0,0,0,0,0,0,0,0,0,0,0,0
LOSSY_RADIO_BH_CONTROL_N16_SEED345678,LOSSY_RADIO,blackhole,control,0,0,16,345678,480,540,1,50,50,0,5,1170,44716,2988,16,375,188,0,0,0,0,0,0,0,0,0,0,0,0,0,0,0,0.0,0.0,0.0,0.0,0,0.0,0.0,0.0,0.0,0,0,0.0,0.0,0.0,0.0,0.0,0,0,0,0,0.0,0.0,0.0,0.0,0.0,0,0,0,0,0,0.0,0,0,0,0,0,0,0,0,0,0,0,0,0,0,0,0,0,0,0,0
LOSSY_RADIO_BH_CONTROL_N16_SEED456789,LOSSY_RADIO,blackhole,control,0,0,16,456789,0,60,0,0,0,0,0,620,28395,1660,16,190,94,0,0,0,0,0,0,0,0,0,0,0,0,0,0,0,0.0,0.0,0.0,0.0,0,0.0,0.0,0.0,0.0,0,0,0.0,0.0,0.0,0.0,0.0,0,0,0,0,0.0,0.0,0.0,0.0,0.0,0,0,0,0,0,0.0,0,0,0,0,0,0,0,0,0,0,0,0,0,0,0,0,0,0,0,0
LOSSY_RADIO_BH_CONTROL_N16_SEED456789,LOSSY_RADIO,blackhole,control,0,0,16,456789,60,120,0,0,0,0,0,1204,46205,3141,16,387,194,0,0,0,0,0,0,0,0,0,0,0,0,0,0,0,0.0,0.0,0.0,0.0,0,0.0,0.0,0.0,0.0,0,0,0.0,0.0,0.0,0.0,0.0,0,0,0,0,0.0,0.0,0.0,0.0,0.0,0,0,0,0,0,0.0,0,0,0,0,0,0,0,0,0,0,0,0,0,0,0,0,0,0,0,0
LOSSY_RADIO_BH_CONTROL_N16_SEED456789,LOSSY_RADIO,blackhole,control,0,0,16,456789,120,180,0,140,140,0,14,1167,44176,2968,16,376,197,0,0,0,0,0,0,0,0,0,0,0,0,0,0,0,0.0,0.0,0.0,0.0,0,0.0,0.0,0.0,0.0,0,0,0.0,0.0,0.0,0.0,0.0,0,0,0,0,0.0,0.0,0.0,0.0,0.0,0,0,0,0,0,0.0,0,0,0,0,0,0,0,0,0,0,0,0,0,0,0,0,0,0,0,0
LOSSY_RADIO_BH_CONTROL_N16_SEED456789,LOSSY_RADIO,blackhole,control,0,0,16,456789,180,240,0,30,30,0,3,1161,43487,2997,16,374,187,0,0,0,0,0,0,0,0,0,0,0,0,0,0,0,0.0,0.0,0.0,0.0,0,0.0,0.0,0.0,0.0,0,0,0.0,0.0,0.0,0.0,0.0,0,0,0,0,0.0,0.0,0.0,0.0,0.0,0,0,0,0,0,0.0,0,0,0,0,0,0,0,0,0,0,0,0,0,0,0,0,0,0,0,0
LOSSY_RADIO_BH_CONTROL_N16_SEED456789,LOSSY_RADIO,blackhole,control,0,0,16,456789,240,300,1,110,110,0,11,1161,44385,3087,16,363,180,0,0,0,0,0,0,0,0,0,0,0,0,0,0,0,0.0,0.0,0.0,0.0,0,0.0,0.0,0.0,0.0,0,0,0.0,0.0,0.0,0.0,0.0,0,0,0,0,0.0,0.0,0.0,0.0,0.0,0,0,0,0,0,0.0,0,0,0,0,0,0,0,0,0,0,0,0,0,0,0,0,0,0,0,0
LOSSY_RADIO_BH_CONTROL_N16_SEED456789,LOSSY_RADIO,blackhole,control,0,0,16,456789,300,360,1,100,100,0,10,1164,43777,3013,16,372,198,0,0,0,0,0,0,0,0,0,0,0,0,0,0,0,0.0,0.0,0.0,0.0,0,0.0,0.0,0.0,0.0,0,0,0.0,0.0,0.0,0.0,0.0,0,0,0,0,0.0,0.0,0.0,0.0,0.0,0,0,0,0,0,0.0,0,0,0,0,0,0,0,0,0,0,0,0,0,0,0,0,0,0,0,0
LOSSY_RADIO_BH_CONTROL_N16_SEED456789,LOSSY_RADIO,blackhole,control,0,0,16,456789,360,420,1,40,39,0,4,1199,45202,3132,16,384,200,0,0,0,0,0,0,0,0,0,0,0,0,0,0,0,0.0,0.0,0.0,0.0,0,0.0,0.0,0.0,0.0,0,0,0.0,0.0,0.0,0.0,0.0,0,0,0,0,0.0,0.0,0.0,0.0,0.0,0,0,0,0,0,0.0,0,0,0,0,0,0,0,0,0,0,0,0,0,0,0,0,0,0,0,0
LOSSY_RADIO_BH_CONTROL_N16_SEED456789,LOSSY_RADIO,blackhole,control,0,0,16,456789,420,480,1,140,140,0,14,1134,42845,2925,16,359,184,0,0,0,0,0,0,0,0,0,0,0,0,0,0,0,0.0,0.0,0.0,0.0,0,0.0,0.0,0.0,0.0,0,0,0.0,0.0,0.0,0.0,0.0,0,0,0,0,0.0,0.0,0.0,0.0,0.0,0,0,0,0,0,0.0,0,0,0,0,0,0,0,0,0,0,0,0,0,0,0,0,0,0,0,0
LOSSY_RADIO_BH_CONTROL_N16_SEED456789,LOSSY_RADIO,blackhole,control,0,0,16,456789,480,540,1,20,20,0,2,1142,43138,2953,16,367,185,0,0,0,0,0,0,0,0,0,0,0,0,0,0,0,0.0,0.0,0.0,0.0,0,0.0,0.0,0.0,0.0,0,0,0.0,0.0,0.0,0.0,0.0,0,0,0,0,0.0,0.0,0.0,0.0,0.0,0,0,0,0,0,0.0,0,0,0,0,0,0,0,0,0,0,0,0,0,0,0,0,0,0,0,0
LOSSY_RADIO_BH_CONTROL_N16_SEED567890,LOSSY_RADIO,blackhole,control,0,0,16,567890,0,60,0,0,0,0,0,637,29687,1589,16,199,94,0,0,0,0,0,0,0,0,0,0,0,0,0,0,0,0.0,0.0,0.0,0.0,0,0.0,0.0,0.0,0.0,0,0,0.0,0.0,0.0,0.0,0.0,0,0,0,0,0.0,0.0,0.0,0.0,0.0,0,0,0,0,0,0.0,0,0,0,0,0,0,0,0,0,0,0,0,0,0,0,0,0,0,0,0
LOSSY_RADIO_BH_CONTROL_N16_SEED567890,LOSSY_RADIO,blackhole,control,0,0,16,567890,60,120,0,0,0,0,0,1194,46166,2927,16,384,187,0,0,0,0,0,0,0,0,0,0,0,0,0,0,0,0.0,0.0,0.0,0.0,0,0.0,0.0,0.0,0.0,0,0,0.0,0.0,0.0,0.0,0.0,0,0,0,0,0.0,0.0,0.0,0.0,0.0,0,0,0,0,0,0.0,0,0,0,0,0,0,0,0,0,0,0,0,0,0,0,0,0,0,0,0
LOSSY_RADIO_BH_CONTROL_N16_SEED567890,LOSSY_RADIO,blackhole,control,0,0,16,567890,120,180,0,140,140,0,14,1179,44560,2868,16,383,200,0,0,0,0,0,0,0,0,0,0,0,0,0,0,0,0.0,0.0,0.0,0.0,0,0.0,0.0,0.0,0.0,0,0,0.0,0.0,0.0,0.0,0.0,0,0,0,0,0.0,0.0,0.0,0.0,0.0,0,0,0,0,0,0.0,0,0,0,0,0,0,0,0,0,0,0,0,0,0,0,0,0,0,0,0
LOSSY_RADIO_BH_CONTROL_N16_SEED567890,LOSSY_RADIO,blackhole,control,0,0,16,567890,180,240,0,40,40,0,4,1184,44632,2795,16,396,202,0,0,0,0,0,0,0,0,0,0,0,0,0,0,0,0.0,0.0,0.0,0.0,0,0.0,0.0,0.0,0.0,0,0,0.0,0.0,0.0,0.0,0.0,0,0,0,0,0.0,0.0,0.0,0.0,0.0,0,0,0,0,0,0.0,0,0,0,0,0,0,0,0,0,0,0,0,0,0,0,0,0,0,0,0
LOSSY_RADIO_BH_CONTROL_N16_SEED567890,LOSSY_RADIO,blackhole,control,0,0,16,567890,240,300,1,100,100,0,10,1145,43535,2756,16,369,192,0,0,0,0,0,0,0,0,0,0,0,0,0,0,0,0.0,0.0,0.0,0.0,0,0.0,0.0,0.0,0.0,0,0,0.0,0.0,0.0,0.0,0.0,0,0,0,0,0.0,0.0,0.0,0.0,0.0,0,0,0,0,0,0.0,0,0,0,0,0,0,0,0,0,0,0,0,0,0,0,0,0,0,0,0
LOSSY_RADIO_BH_CONTROL_N16_SEED567890,LOSSY_RADIO,blackhole,control,0,0,16,567890,300,360,1,120,120,0,12,1209,45463,2983,16,395,197,0,0,0,0,0,0,0,0,0,0,0,0,0,0,0,0.0,0.0,0.0,0.0,0,0.0,0.0,0.0,0.0,0,0,0.0,0.0,0.0,0.0,0.0,0,0,0,0,0.0,0.0,0.0,0.0,0.0,0,0,0,0,0,0.0,0,0,0,0,0,0,0,0,0,0,0,0,0,0,0,0,0,0,0,0
LOSSY_RADIO_BH_CONTROL_N16_SEED567890,LOSSY_RADIO,blackhole,control,0,0,16,567890,360,420,1,20,20,0,2,1151,42987,2792,16,377,189,0,0,0,0,0,0,0,0,0,0,0,0,0,0,0,0.0,0.0,0.0,0.0,0,0.0,0.0,0.0,0.0,0,0,0.0,0.0,0.0,0.0,0.0,0,0,0,0,0.0,0.0,0.0,0.0,0.0,0,0,0,0,0,0.0,0,0,0,0,0,0,0,0,0,0,0,0,0,0,0,0,0,0,0,0
LOSSY_RADIO_BH_CONTROL_N16_SEED567890,LOSSY_RADIO,blackhole,control,0,0,16,567890,420,480,1,140,140,0,14,1179,44705,2850,16,380,188,0,0,0,0,0,0,0,0,0,0,0,0,0,0,0,0.0,0.0,0.0,0.0,0,0.0,0.0,0.0,0.0,0,0,0.0,0.0,0.0,0.0,0.0,0,0,0,0,0.0,0.0,0.0,0.0,0.0,0,0,0,0,0,0.0,0,0,0,0,0,0,0,0,0,0,0,0,0,0,0,0,0,0,0,0
LOSSY_RADIO_BH_CONTROL_N16_SEED567890,LOSSY_RADIO,blackhole,control,0,0,16,567890,480,540,1,40,40,0,4,1184,44399,2818,16,377,197,0,0,0,0,0,0,0,0,0,0,0,0,0,0,0,0.0,0.0,0.0,0.0,0,0.0,0.0,0.0,0.0,0,0,0.0,0.0,0.0,0.0,0.0,0,0,0,0,0.0,0.0,0.0,0.0,0.0,0,0,0,0,0,0.0,0,0,0,0,0,0,0,0,0,0,0,0,0,0,0,0,0,0,0,0
LOSSY_RADIO_SH_ATTACK_N16_SEED123456,LOSSY_RADIO,sinkhole,attack,1,0,16,123456,0,60,0,0,0,0,0,681,31114,1743,16,201,101,0,0,0,0,0,0,0,0,0,0,1,1,0,0,0,0.0,0.0,0.0,0.0,0,0.0,0.0,0.0,0.0,0,0,0.0,0.0,0.0,0.0,0.0,0,0,0,0,0.0,0.0,0.0,0.0,0.0,0,0,0,0,0,0.0,0,0,0,0,0,0,0,0,0,0,0,0,0,0,0,0,0,0,0,0
LOSSY_RADIO_SH_ATTACK_N16_SEED123456,LOSSY_RADIO,sinkhole,attack,1,0,16,123456,60,120,0,0,0,0,0,1208,47105,2948,16,389,199,0,0,0,0,0,0,0,0,0,0,0,0,0,0,0,0.0,0.0,0.0,0.0,0,0.0,0.0,0.0,0.0,0,0,0.0,0.0,0.0,0.0,0.0,0,0,0,0,0.0,0.0,0.0,0.0,0.0,0,0,0,0,0,0.0,0,0,0,0,0,0,0,0,0,0,0,0,0,0,0,0,0,0,0,0
LOSSY_RADIO_SH_ATTACK_N16_SEED123456,LOSSY_RADIO,sinkhole,attack,1,0,16,123456,120,180,0,140,139,0,14,1169,44372,2832,16,371,189,0,0,0,0,0,0,0,0,0,0,0,0,0,0,0,0.0,0.0,0.0,0.0,0,0.0,0.0,0.0,0.0,0,0,0.0,0.0,0.0,0.0,0.0,0,0,0,0,0.0,0.0,0.0,0.0,0.0,0,0,0,0,0,0.0,0,0,0,0,0,0,0,0,0,0,0,0,0,0,0,0,0,0,0,0
LOSSY_RADIO_SH_ATTACK_N16_SEED123456,LOSSY_RADIO,sinkhole,attack,1,0,16,123456,180,240,0,40,40,0,4,1157,42963,2768,16,374,188,0,0,0,0,0,0,0,0,0,0,0,0,0,0,0,0.0,0.0,0.0,0.0,0,0.0,0.0,0.0,0.0,0,0,0.0,0.0,0.0,0.0,0.0,0,0,0,0,0.0,0.0,0.0,0.0,0.0,0,0,0,0,0,0.0,0,0,0,0,0,0,0,0,0,0,0,0,0,0,0,0,0,0,0,0
LOSSY_RADIO_SH_ATTACK_N16_SEED123456,LOSSY_RADIO,sinkhole,attack,1,1,16,123456,240,300,1,100,100,0,10,1207,46742,2990,16,382,185,0,0,0,0,0,0,0,0,0,0,0,0,0,0,0,0.0,0.0,0.0,0.0,0,0.0,0.0,0.0,0.0,0,0,0.0,0.0,0.0,0.0,0.0,0,0,0,0,0.0,0.0,0.0,0.0,0.0,0,0,0,0,0,0.0,0,1,1,0,0,0,0,0,0,0,0,0,0,0,0,0,0,0,0,0
LOSSY_RADIO_SH_ATTACK_N16_SEED123456,LOSSY_RADIO,sinkhole,attack,1,1,16,123456,300,360,1,100,100,0,10,1119,41823,2707,16,362,185,0,0,0,0,0,0,0,0,0,0,0,0,0,0,0,0.0,0.0,0.0,0.0,0,0.0,0.0,0.0,0.0,0,0,0.0,0.0,0.0,0.0,0.0,0,0,0,0,0.0,0.0,0.0,0.0,0.0,0,0,0,0,0,0.0,0,0,0,0,0,0,0,0,0,0,0,0,0,0,0,0,0,0,0,0
LOSSY_RADIO_SH_ATTACK_N16_SEED123456,LOSSY_RADIO,sinkhole,attack,1,1,16,123456,360,420,1,40,40,0,4,1181,44744,2889,16,372,192,0,0,0,0,0,0,0,0,0,0,0,0,0,0,0,0.0,0.0,0.0,0.0,0,0.0,0.0,0.0,0.0,0,0,0.0,0.0,0.0,0.0,0.0,0,0,0,0,0.0,0.0,0.0,0.0,0.0,0,0,0,0,0,0.0,0,0,0,0,0,0,0,0,0,0,0,0,0,0,0,0,0,0,0,0
LOSSY_RADIO_SH_ATTACK_N16_SEED123456,LOSSY_RADIO,sinkhole,attack,1,1,16,123456,420,480,1,140,140,0,14,1175,43897,2766,16,392,199,0,0,0,0,0,0,0,0,0,0,0,0,0,0,0,0.0,0.0,0.0,0.0,0,0.0,0.0,0.0,0.0,0,0,0.0,0.0,0.0,0.0,0.0,0,0,0,0,0.0,0.0,0.0,0.0,0.0,0,0,0,0,0,0.0,0,0,0,0,0,0,0,0,0,0,0,0,0,0,0,0,0,0,0,0
LOSSY_RADIO_SH_ATTACK_N16_SEED123456,LOSSY_RADIO,sinkhole,attack,1,1,16,123456,480,540,1,30,30,0,3,1150,43770,2768,16,368,191,0,0,0,0,0,0,0,0,0,0,0,0,0,0,0,0.0,0.0,0.0,0.0,0,0.0,0.0,0.0,0.0,0,0,0.0,0.0,0.0,0.0,0.0,0,0,0,0,0.0,0.0,0.0,0.0,0.0,0,0,0,0,0,0.0,0,0,0,0,0,0,0,0,0,0,0,0,0,0,0,0,0,0,0,0
LOSSY_RADIO_SH_ATTACK_N16_SEED234567,LOSSY_RADIO,sinkhole,attack,1,0,16,234567,0,60,0,0,0,0,0,676,30584,1680,16,202,101,0,0,0,0,0,0,0,0,0,0,1,1,0,0,0,0.0,0.0,0.0,0.0,0,0.0,0.0,0.0,0.0,0,0,0.0,0.0,0.0,0.0,0.0,0,0,0,0,0.0,0.0,0.0,0.0,0.0,0,0,0,0,0,0.0,0,0,0,0,0,0,0,0,0,0,0,0,0,0,0,0,0,0,0,0
LOSSY_RADIO_SH_ATTACK_N16_SEED234567,LOSSY_RADIO,sinkhole,attack,1,0,16,234567,60,120,0,0,0,0,0,1219,46928,3031,16,378,192,0,0,0,0,0,0,0,0,0,0,0,0,0,0,0,0.0,0.0,0.0,0.0,0,0.0,0.0,0.0,0.0,0,0,0.0,0.0,0.0,0.0,0.0,0,0,0,0,0.0,0.0,0.0,0.0,0.0,0,0,0,0,0,0.0,0,0,0,0,0,0,0,0,0,0,0,0,0,0,0,0,0,0,0,0
LOSSY_RADIO_SH_ATTACK_N16_SEED234567,LOSSY_RADIO,sinkhole,attack,1,0,16,234567,120,180,0,140,140,0,14,1211,46253,2932,16,383,201,0,0,0,0,0,0,0,0,0,0,0,0,0,0,0,0.0,0.0,0.0,0.0,0,0.0,0.0,0.0,0.0,0,0,0.0,0.0,0.0,0.0,0.0,0,0,0,0,0.0,0.0,0.0,0.0,0.0,0,0,0,0,0,0.0,0,0,0,0,0,0,0,0,0,0,0,0,0,0,0,0,0,0,0,0
LOSSY_RADIO_SH_ATTACK_N16_SEED234567,LOSSY_RADIO,sinkhole,attack,1,0,16,234567,180,240,0,50,50,0,5,1161,43466,2816,16,381,196,0,0,0,0,0,0,0,0,0,0,0,0,0,0,0,0.0,0.0,0.0,0.0,0,0.0,0.0,0.0,0.0,0,0,0.0,0.0,0.0,0.0,0.0,0,0,0,0,0.0,0.0,0.0,0.0,0.0,0,0,0,0,0,0.0,0,0,0,0,0,0,0,0,0,0,0,0,0,0,0,0,0,0,0,0
LOSSY_RADIO_SH_ATTACK_N16_SEED234567,LOSSY_RADIO,sinkhole,attack,1,1,16,234567,240,300,1,90,90,0,9,1175,44530,2859,16,381,189,0,0,0,0,0,0,0,0,0,0,0,0,0,0,0,0.0,0.0,0.0,0.0,0,0.0,0.0,0.0,0.0,0,0,0.0,0.0,0.0,0.0,0.0,0,0,0,0,0.0,0.0,0.0,0.0,0.0,0,0,0,0,0,0.0,0,1,1,0,0,0,0,0,0,0,0,0,0,0,0,0,0,0,0,0
LOSSY_RADIO_SH_ATTACK_N16_SEED234567,LOSSY_RADIO,sinkhole,attack,1,1,16,234567,300,360,1,120,120,0,12,1140,42843,2846,16,382,192,0,0,0,0,0,0,0,0,0,0,0,0,0,0,0,0.0,0.0,0.0,0.0,0,0.0,0.0,0.0,0.0,0,0,0.0,0.0,0.0,0.0,0.0,0,0,0,0,0.0,0.0,0.0,0.0,0.0,0,0,0,0,0,0.0,0,0,0,0,0,0,0,0,0,0,0,0,0,0,0,0,0,0,0,0
LOSSY_RADIO_SH_ATTACK_N16_SEED234567,LOSSY_RADIO,sinkhole,attack,1,1,16,234567,360,420,1,20,20,0,2,1193,45003,2971,16,378,196,0,0,0,0,0,0,0,0,0,0,0,0,0,0,0,0.0,0.0,0.0,0.0,0,0.0,0.0,0.0,0.0,0,0,0.0,0.0,0.0,0.0,0.0,0,0,0,0,0.0,0.0,0.0,0.0,0.0,0,0,0,0,0,0.0,0,0,0,0,0,0,0,0,0,0,0,0,0,0,0,0,0,0,0,0
LOSSY_RADIO_SH_ATTACK_N16_SEED234567,LOSSY_RADIO,sinkhole,attack,1,1,16,234567,420,480,1,140,140,0,14,1154,43348,2830,16,377,194,0,0,0,0,0,0,0,0,0,0,0,0,0,0,0,0.0,0.0,0.0,0.0,0,0.0,0.0,0.0,0.0,0,0,0.0,0.0,0.0,0.0,0.0,0,0,0,0,0.0,0.0,0.0,0.0,0.0,0,0,0,0,0,0.0,0,0,0,0,0,0,0,0,0,0,0,0,0,0,0,0,0,0,0,0
LOSSY_RADIO_SH_ATTACK_N16_SEED234567,LOSSY_RADIO,sinkhole,attack,1,1,16,234567,480,540,1,60,60,0,6,1170,43892,2882,16,370,183,0,0,0,0,0,0,0,0,0,0,0,0,0,0,0,0.0,0.0,0.0,0.0,0,0.0,0.0,0.0,0.0,0,0,0.0,0.0,0.0,0.0,0.0,0,0,0,0,0.0,0.0,0.0,0.0,0.0,0,0,0,0,0,0.0,0,0,0,0,0,0,0,0,0,0,0,0,0,0,0,0,0,0,0,0
LOSSY_RADIO_SH_ATTACK_N16_SEED345678,LOSSY_RADIO,sinkhole,attack,1,0,16,345678,0,60,0,0,0,0,0,732,33137,1938,16,225,102,0,0,0,0,0,0,0,0,0,0,1,1,0,0,0,0.0,0.0,0.0,0.0,0,0.0,0.0,0.0,0.0,0,0,0.0,0.0,0.0,0.0,0.0,0,0,0,0,0.0,0.0,0.0,0.0,0.0,0,0,0,0,0,0.0,0,0,0,0,0,0,0,0,0,0,0,0,0,0,0,0,0,0,0,0
LOSSY_RADIO_SH_ATTACK_N16_SEED345678,LOSSY_RADIO,sinkhole,attack,1,0,16,345678,60,120,0,0,0,0,0,1172,45273,3015,16,366,188,0,0,0,0,0,0,0,0,0,0,0,0,0,0,0,0.0,0.0,0.0,0.0,0,0.0,0.0,0.0,0.0,0,0,0.0,0.0,0.0,0.0,0.0,0,0,0,0,0.0,0.0,0.0,0.0,0.0,0,0,0,0,0,0.0,0,0,0,0,0,0,0,0,0,0,0,0,0,0,0,0,0,0,0,0
LOSSY_RADIO_SH_ATTACK_N16_SEED345678,LOSSY_RADIO,sinkhole,attack,1,0,16,345678,120,180,0,140,140,0,14,1194,45350,3066,16,376,189,0,0,0,0,0,0,0,0,0,0,0,0,0,0,0,0.0,0.0,0.0,0.0,0,0.0,0.0,0.0,0.0,0,0,0.0,0.0,0.0,0.0,0.0,0,0,0,0,0.0,0.0,0.0,0.0,0.0,0,0,0,0,0,0.0,0,0,0,0,0,0,0,0,0,0,0,0,0,0,0,0,0,0,0,0
LOSSY_RADIO_SH_ATTACK_N16_SEED345678,LOSSY_RADIO,sinkhole,attack,1,0,16,345678,180,240,0,50,50,0,5,1178,44452,3016,16,380,194,0,0,0,0,0,0,0,0,0,0,0,0,0,0,0,0.0,0.0,0.0,0.0,0,0.0,0.0,0.0,0.0,0,0,0.0,0.0,0.0,0.0,0.0,0,0,0,0,0.0,0.0,0.0,0.0,0.0,0,0,0,0,0,0.0,0,0,0,0,0,0,0,0,0,0,0,0,0,0,0,0,0,0,0,0
LOSSY_RADIO_SH_ATTACK_N16_SEED345678,LOSSY_RADIO,sinkhole,attack,1,1,16,345678,240,300,1,90,90,0,9,1177,45263,3023,16,379,190,0,0,0,0,0,0,0,0,0,0,0,0,0,0,0,0.0,0.0,0.0,0.0,0,0.0,0.0,0.0,0.0,0,0,0.0,0.0,0.0,0.0,0.0,0,0,0,0,0.0,0.0,0.0,0.0,0.0,0,0,0,0,0,0.0,0,1,1,0,0,0,0,0,0,0,0,0,0,0,0,0,0,0,0,0
LOSSY_RADIO_SH_ATTACK_N16_SEED345678,LOSSY_RADIO,sinkhole,attack,1,1,16,345678,300,360,1,120,120,0,12,1217,46033,3181,16,390,190,0,0,0,0,0,0,0,0,0,0,0,0,0,0,0,0.0,0.0,0.0,0.0,0,0.0,0.0,0.0,0.0,0,0,0.0,0.0,0.0,0.0,0.0,0,0,0,0,0.0,0.0,0.0,0.0,0.0,0,0,0,0,0,0.0,0,0,0,0,0,0,0,0,0,0,0,0,0,0,0,0,0,0,0,0
LOSSY_RADIO_SH_ATTACK_N16_SEED345678,LOSSY_RADIO,sinkhole,attack,1,1,16,345678,360,420,1,20,20,0,2,1153,43179,2956,16,370,189,0,0,0,0,0,0,0,0,0,0,0,0,0,0,0,0.0,0.0,0.0,0.0,0,0.0,0.0,0.0,0.0,0,0,0.0,0.0,0.0,0.0,0.0,0,0,0,0,0.0,0.0,0.0,0.0,0.0,0,0,0,0,0,0.0,0,0,0,0,0,0,0,0,0,0,0,0,0,0,0,0,0,0,0,0
LOSSY_RADIO_SH_ATTACK_N16_SEED345678,LOSSY_RADIO,sinkhole,attack,1,1,16,345678,420,480,1,140,139,0,14,1172,44383,3017,16,382,191,0,0,0,0,0,0,0,0,0,0,0,0,0,0,0,0.0,0.0,0.0,0.0,0,0.0,0.0,0.0,0.0,0,0,0.0,0.0,0.0,0.0,0.0,0,0,0,0,0.0,0.0,0.0,0.0,0.0,0,0,0,0,0,0.0,0,0,0,0,0,0,0,0,0,0,0,0,0,0,0,0,0,0,0,0
LOSSY_RADIO_SH_ATTACK_N16_SEED345678,LOSSY_RADIO,sinkhole,attack,1,1,16,345678,480,540,1,50,49,0,5,1198,45459,3079,16,381,192,0,0,0,0,0,0,0,0,0,0,0,0,0,0,0,0.0,0.0,0.0,0.0,0,0.0,0.0,0.0,0.0,0,0,0.0,0.0,0.0,0.0,0.0,0,0,0,0,0.0,0.0,0.0,0.0,0.0,0,0,0,0,0,0.0,0,0,0,0,0,0,0,0,0,0,0,0,0,0,0,0,0,0,0,0
LOSSY_RADIO_SH_ATTACK_N16_SEED456789,LOSSY_RADIO,sinkhole,attack,1,0,16,456789,0,60,0,0,0,0,0,620,28395,1660,16,190,94,0,0,0,0,0,0,0,0,0,0,1,1,0,0,0,0.0,0.0,0.0,0.0,0,0.0,0.0,0.0,0.0,0,0,0.0,0.0,0.0,0.0,0.0,0,0,0,0,0.0,0.0,0.0,0.0,0.0,0,0,0,0,0,0.0,0,0,0,0,0,0,0,0,0,0,0,0,0,0,0,0,0,0,0,0
LOSSY_RADIO_SH_ATTACK_N16_SEED456789,LOSSY_RADIO,sinkhole,attack,1,0,16,456789,60,120,0,0,0,0,0,1204,46205,3141,16,387,194,0,0,0,0,0,0,0,0,0,0,0,0,0,0,0,0.0,0.0,0.0,0.0,0,0.0,0.0,0.0,0.0,0,0,0.0,0.0,0.0,0.0,0.0,0,0,0,0,0.0,0.0,0.0,0.0,0.0,0,0,0,0,0,0.0,0,0,0,0,0,0,0,0,0,0,0,0,0,0,0,0,0,0,0,0
LOSSY_RADIO_SH_ATTACK_N16_SEED456789,LOSSY_RADIO,sinkhole,attack,1,0,16,456789,120,180,0,140,140,0,14,1167,44176,2968,16,376,197,0,0,0,0,0,0,0,0,0,0,0,0,0,0,0,0.0,0.0,0.0,0.0,0,0.0,0.0,0.0,0.0,0,0,0.0,0.0,0.0,0.0,0.0,0,0,0,0,0.0,0.0,0.0,0.0,0.0,0,0,0,0,0,0.0,0,0,0,0,0,0,0,0,0,0,0,0,0,0,0,0,0,0,0,0
LOSSY_RADIO_SH_ATTACK_N16_SEED456789,LOSSY_RADIO,sinkhole,attack,1,0,16,456789,180,240,0,30,30,0,3,1161,43487,2997,16,374,187,0,0,0,0,0,0,0,0,0,0,0,0,0,0,0,0.0,0.0,0.0,0.0,0,0.0,0.0,0.0,0.0,0,0,0.0,0.0,0.0,0.0,0.0,0,0,0,0,0.0,0.0,0.0,0.0,0.0,0,0,0,0,0,0.0,0,0,0,0,0,0,0,0,0,0,0,0,0,0,0,0,0,0,0,0
LOSSY_RADIO_SH_ATTACK_N16_SEED456789,LOSSY_RADIO,sinkhole,attack,1,1,16,456789,240,300,1,110,110,0,11,1209,46659,3188,16,379,192,0,0,0,0,0,0,0,0,0,0,0,0,0,0,0,0.0,0.0,0.0,0.0,0,0.0,0.0,0.0,0.0,0,0,0.0,0.0,0.0,0.0,0.0,0,0,0,0,0.0,0.0,0.0,0.0,0.0,0,0,0,0,0,0.0,0,1,1,0,0,0,0,0,0,0,0,0,0,0,0,0,0,0,0,0
LOSSY_RADIO_SH_ATTACK_N16_SEED456789,LOSSY_RADIO,sinkhole,attack,1,1,16,456789,300,360,1,90,89,0,9,1132,42416,2839,16,371,199,0,0,0,0,0,0,0,0,0,0,0,0,0,0,0,0.0,0.0,0.0,0.0,0,0.0,0.0,0.0,0.0,0,0,0.0,0.0,0.0,0.0,0.0,0,0,0,0,0.0,0.0,0.0,0.0,0.0,0,0,0,0,0,0.0,0,0,0,0,0,0,0,0,0,0,0,0,0,0,0,0,0,0,0,0
LOSSY_RADIO_SH_ATTACK_N16_SEED456789,LOSSY_RADIO,sinkhole,attack,1,1,16,456789,360,420,1,50,50,0,5,1190,44588,3130,16,382,193,0,0,0,0,0,0,0,0,0,0,0,0,0,0,0,0.0,0.0,0.0,0.0,0,0.0,0.0,0.0,0.0,0,0,0.0,0.0,0.0,0.0,0.0,0,0,0,0,0.0,0.0,0.0,0.0,0.0,0,0,0,0,0,0.0,0,0,0,0,0,0,0,0,0,0,0,0,0,0,0,0,0,0,0,0
LOSSY_RADIO_SH_ATTACK_N16_SEED456789,LOSSY_RADIO,sinkhole,attack,1,1,16,456789,420,480,1,140,140,0,14,1135,42157,2885,16,371,191,0,0,0,0,0,0,0,0,0,0,0,0,0,0,0,0.0,0.0,0.0,0.0,0,0.0,0.0,0.0,0.0,0,0,0.0,0.0,0.0,0.0,0.0,0,0,0,0,0.0,0.0,0.0,0.0,0.0,0,0,0,0,0,0.0,0,0,0,0,0,0,0,0,0,0,0,0,0,0,0,0,0,0,0,0
LOSSY_RADIO_SH_ATTACK_N16_SEED456789,LOSSY_RADIO,sinkhole,attack,1,1,16,456789,480,540,1,20,20,0,2,1197,45613,3070,16,387,196,0,0,0,0,0,0,0,0,0,0,0,0,0,0,0,0.0,0.0,0.0,0.0,0,0.0,0.0,0.0,0.0,0,0,0.0,0.0,0.0,0.0,0.0,0,0,0,0,0.0,0.0,0.0,0.0,0.0,0,0,0,0,0,0.0,0,0,0,0,0,0,0,0,0,0,0,0,0,0,0,0,0,0,0,0
LOSSY_RADIO_SH_ATTACK_N16_SEED567890,LOSSY_RADIO,sinkhole,attack,1,0,16,567890,0,60,0,0,0,0,0,637,29687,1589,16,199,94,0,0,0,0,0,0,0,0,0,0,1,1,0,0,0,0.0,0.0,0.0,0.0,0,0.0,0.0,0.0,0.0,0,0,0.0,0.0,0.0,0.0,0.0,0,0,0,0,0.0,0.0,0.0,0.0,0.0,0,0,0,0,0,0.0,0,0,0,0,0,0,0,0,0,0,0,0,0,0,0,0,0,0,0,0
LOSSY_RADIO_SH_ATTACK_N16_SEED567890,LOSSY_RADIO,sinkhole,attack,1,0,16,567890,60,120,0,0,0,0,0,1194,46166,2927,16,384,187,0,0,0,0,0,0,0,0,0,0,0,0,0,0,0,0.0,0.0,0.0,0.0,0,0.0,0.0,0.0,0.0,0,0,0.0,0.0,0.0,0.0,0.0,0,0,0,0,0.0,0.0,0.0,0.0,0.0,0,0,0,0,0,0.0,0,0,0,0,0,0,0,0,0,0,0,0,0,0,0,0,0,0,0,0
LOSSY_RADIO_SH_ATTACK_N16_SEED567890,LOSSY_RADIO,sinkhole,attack,1,0,16,567890,120,180,0,140,140,0,14,1179,44560,2868,16,383,200,0,0,0,0,0,0,0,0,0,0,0,0,0,0,0,0.0,0.0,0.0,0.0,0,0.0,0.0,0.0,0.0,0,0,0.0,0.0,0.0,0.0,0.0,0,0,0,0,0.0,0.0,0.0,0.0,0.0,0,0,0,0,0,0.0,0,0,0,0,0,0,0,0,0,0,0,0,0,0,0,0,0,0,0,0
LOSSY_RADIO_SH_ATTACK_N16_SEED567890,LOSSY_RADIO,sinkhole,attack,1,0,16,567890,180,240,0,40,40,0,4,1184,44632,2795,16,396,202,0,0,0,0,0,0,0,0,0,0,0,0,0,0,0,0.0,0.0,0.0,0.0,0,0.0,0.0,0.0,0.0,0,0,0.0,0.0,0.0,0.0,0.0,0,0,0,0,0.0,0.0,0.0,0.0,0.0,0,0,0,0,0,0.0,0,0,0,0,0,0,0,0,0,0,0,0,0,0,0,0,0,0,0,0
LOSSY_RADIO_SH_ATTACK_N16_SEED567890,LOSSY_RADIO,sinkhole,attack,1,1,16,567890,240,300,1,100,100,0,10,1199,46724,2930,16,396,192,0,0,0,0,0,0,0,0,0,0,0,0,0,0,0,0.0,0.0,0.0,0.0,0,0.0,0.0,0.0,0.0,0,0,0.0,0.0,0.0,0.0,0.0,0,0,0,0,0.0,0.0,0.0,0.0,0.0,0,0,0,0,0,0.0,0,1,1,0,0,0,0,0,0,0,0,0,0,0,0,0,0,0,0,0
LOSSY_RADIO_SH_ATTACK_N16_SEED567890,LOSSY_RADIO,sinkhole,attack,1,1,16,567890,300,360,1,110,109,0,11,1164,43639,2800,16,366,184,0,0,0,0,0,0,0,0,0,0,0,0,0,0,0,0.0,0.0,0.0,0.0,0,0.0,0.0,0.0,0.0,0,0,0.0,0.0,0.0,0.0,0.0,0,0,0,0,0.0,0.0,0.0,0.0,0.0,0,0,0,0,0,0.0,0,0,0,0,0,0,0,0,0,0,0,0,0,0,0,0,0,0,0,0
LOSSY_RADIO_SH_ATTACK_N16_SEED567890,LOSSY_RADIO,sinkhole,attack,1,1,16,567890,360,420,1,30,30,0,3,1158,42697,2717,16,379,191,0,0,0,0,0,0,0,0,0,0,0,0,0,0,0,0.0,0.0,0.0,0.0,0,0.0,0.0,0.0,0.0,0,0,0.0,0.0,0.0,0.0,0.0,0,0,0,0,0.0,0.0,0.0,0.0,0.0,0,0,0,0,0,0.0,0,0,0,0,0,0,0,0,0,0,0,0,0,0,0,0,0,0,0,0
LOSSY_RADIO_SH_ATTACK_N16_SEED567890,LOSSY_RADIO,sinkhole,attack,1,1,16,567890,420,480,1,140,140,0,14,1165,44069,2840,16,371,185,0,0,0,0,0,0,0,0,0,0,0,0,0,0,0,0.0,0.0,0.0,0.0,0,0.0,0.0,0.0,0.0,0,0,0.0,0.0,0.0,0.0,0.0,0,0,0,0,0.0,0.0,0.0,0.0,0.0,0,0,0,0,0,0.0,0,0,0,0,0,0,0,0,0,0,0,0,0,0,0,0,0,0,0,0
LOSSY_RADIO_SH_ATTACK_N16_SEED567890,LOSSY_RADIO,sinkhole,attack,1,1,16,567890,480,540,1,40,40,0,4,1191,45066,2796,16,383,202,0,0,0,0,0,0,0,0,0,0,0,0,0,0,0,0.0,0.0,0.0,0.0,0,0.0,0.0,0.0,0.0,0,0,0.0,0.0,0.0,0.0,0.0,0,0,0,0,0.0,0.0,0.0,0.0,0.0,0,0,0,0,0,0.0,0,0,0,0,0,0,0,0,0,0,0,0,0,0,0,0,0,0,0,0
LOSSY_RADIO_SH_CONTROL_N16_SEED123456,LOSSY_RADIO,sinkhole,control,0,0,16,123456,0,60,0,0,0,0,0,681,31114,1743,16,201,101,0,0,0,0,0,0,0,0,0,0,1,1,0,0,0,0.0,0.0,0.0,0.0,0,0.0,0.0,0.0,0.0,0,0,0.0,0.0,0.0,0.0,0.0,0,0,0,0,0.0,0.0,0.0,0.0,0.0,0,0,0,0,0,0.0,0,0,0,0,0,0,0,0,0,0,0,0,0,0,0,0,0,0,0,0
LOSSY_RADIO_SH_CONTROL_N16_SEED123456,LOSSY_RADIO,sinkhole,control,0,0,16,123456,60,120,0,0,0,0,0,1208,47105,2948,16,389,199,0,0,0,0,0,0,0,0,0,0,0,0,0,0,0,0.0,0.0,0.0,0.0,0,0.0,0.0,0.0,0.0,0,0,0.0,0.0,0.0,0.0,0.0,0,0,0,0,0.0,0.0,0.0,0.0,0.0,0,0,0,0,0,0.0,0,0,0,0,0,0,0,0,0,0,0,0,0,0,0,0,0,0,0,0
LOSSY_RADIO_SH_CONTROL_N16_SEED123456,LOSSY_RADIO,sinkhole,control,0,0,16,123456,120,180,0,140,139,0,14,1169,44372,2832,16,371,189,0,0,0,0,0,0,0,0,0,0,0,0,0,0,0,0.0,0.0,0.0,0.0,0,0.0,0.0,0.0,0.0,0,0,0.0,0.0,0.0,0.0,0.0,0,0,0,0,0.0,0.0,0.0,0.0,0.0,0,0,0,0,0,0.0,0,0,0,0,0,0,0,0,0,0,0,0,0,0,0,0,0,0,0,0
LOSSY_RADIO_SH_CONTROL_N16_SEED123456,LOSSY_RADIO,sinkhole,control,0,0,16,123456,180,240,0,40,40,0,4,1157,42963,2768,16,374,188,0,0,0,0,0,0,0,0,0,0,0,0,0,0,0,0.0,0.0,0.0,0.0,0,0.0,0.0,0.0,0.0,0,0,0.0,0.0,0.0,0.0,0.0,0,0,0,0,0.0,0.0,0.0,0.0,0.0,0,0,0,0,0,0.0,0,0,0,0,0,0,0,0,0,0,0,0,0,0,0,0,0,0,0,0
LOSSY_RADIO_SH_CONTROL_N16_SEED123456,LOSSY_RADIO,sinkhole,control,0,0,16,123456,240,300,1,100,100,0,10,1149,43819,2823,16,371,187,0,0,0,0,0,0,0,0,0,0,0,0,0,0,0,0.0,0.0,0.0,0.0,0,0.0,0.0,0.0,0.0,0,0,0.0,0.0,0.0,0.0,0.0,0,0,0,0,0.0,0.0,0.0,0.0,0.0,0,0,0,0,0,0.0,0,0,0,0,0,0,0,0,0,0,0,0,0,0,0,0,0,0,0,0
LOSSY_RADIO_SH_CONTROL_N16_SEED123456,LOSSY_RADIO,sinkhole,control,0,0,16,123456,300,360,1,130,130,0,13,1159,43308,2784,16,368,191,0,0,0,0,0,0,0,0,0,0,0,0,0,0,0,0.0,0.0,0.0,0.0,0,0.0,0.0,0.0,0.0,0,0,0.0,0.0,0.0,0.0,0.0,0,0,0,0,0.0,0.0,0.0,0.0,0.0,0,0,0,0,0,0.0,0,0,0,0,0,0,0,0,0,0,0,0,0,0,0,0,0,0,0,0
LOSSY_RADIO_SH_CONTROL_N16_SEED123456,LOSSY_RADIO,sinkhole,control,0,0,16,123456,360,420,1,10,10,0,1,1150,43301,2799,16,372,191,0,0,0,0,0,0,0,0,0,0,0,0,0,0,0,0.0,0.0,0.0,0.0,0,0.0,0.0,0.0,0.0,0,0,0.0,0.0,0.0,0.0,0.0,0,0,0,0,0.0,0.0,0.0,0.0,0.0,0,0,0,0,0,0.0,0,0,0,0,0,0,0,0,0,0,0,0,0,0,0,0,0,0,0,0
LOSSY_RADIO_SH_CONTROL_N16_SEED123456,LOSSY_RADIO,sinkhole,control,0,0,16,123456,420,480,1,140,140,0,14,1144,42917,2735,16,374,190,0,0,0,0,0,0,0,0,0,0,0,0,0,0,0,0.0,0.0,0.0,0.0,0,0.0,0.0,0.0,0.0,0,0,0.0,0.0,0.0,0.0,0.0,0,0,0,0,0.0,0.0,0.0,0.0,0.0,0,0,0,0,0,0.0,0,0,0,0,0,0,0,0,0,0,0,0,0,0,0,0,0,0,0,0
LOSSY_RADIO_SH_CONTROL_N16_SEED123456,LOSSY_RADIO,sinkhole,control,0,0,16,123456,480,540,1,30,30,0,3,1175,44663,2875,16,389,189,0,0,0,0,0,0,0,0,0,0,0,0,0,0,0,0.0,0.0,0.0,0.0,0,0.0,0.0,0.0,0.0,0,0,0.0,0.0,0.0,0.0,0.0,0,0,0,0,0.0,0.0,0.0,0.0,0.0,0,0,0,0,0,0.0,0,0,0,0,0,0,0,0,0,0,0,0,0,0,0,0,0,0,0,0
LOSSY_RADIO_SH_CONTROL_N16_SEED234567,LOSSY_RADIO,sinkhole,control,0,0,16,234567,0,60,0,0,0,0,0,676,30584,1680,16,202,101,0,0,0,0,0,0,0,0,0,0,1,1,0,0,0,0.0,0.0,0.0,0.0,0,0.0,0.0,0.0,0.0,0,0,0.0,0.0,0.0,0.0,0.0,0,0,0,0,0.0,0.0,0.0,0.0,0.0,0,0,0,0,0,0.0,0,0,0,0,0,0,0,0,0,0,0,0,0,0,0,0,0,0,0,0
LOSSY_RADIO_SH_CONTROL_N16_SEED234567,LOSSY_RADIO,sinkhole,control,0,0,16,234567,60,120,0,0,0,0,0,1219,46928,3031,16,378,192,0,0,0,0,0,0,0,0,0,0,0,0,0,0,0,0.0,0.0,0.0,0.0,0,0.0,0.0,0.0,0.0,0,0,0.0,0.0,0.0,0.0,0.0,0,0,0,0,0.0,0.0,0.0,0.0,0.0,0,0,0,0,0,0.0,0,0,0,0,0,0,0,0,0,0,0,0,0,0,0,0,0,0,0,0
LOSSY_RADIO_SH_CONTROL_N16_SEED234567,LOSSY_RADIO,sinkhole,control,0,0,16,234567,120,180,0,140,140,0,14,1211,46253,2932,16,383,201,0,0,0,0,0,0,0,0,0,0,0,0,0,0,0,0.0,0.0,0.0,0.0,0,0.0,0.0,0.0,0.0,0,0,0.0,0.0,0.0,0.0,0.0,0,0,0,0,0.0,0.0,0.0,0.0,0.0,0,0,0,0,0,0.0,0,0,0,0,0,0,0,0,0,0,0,0,0,0,0,0,0,0,0,0
LOSSY_RADIO_SH_CONTROL_N16_SEED234567,LOSSY_RADIO,sinkhole,control,0,0,16,234567,180,240,0,50,50,0,5,1161,43466,2816,16,381,196,0,0,0,0,0,0,0,0,0,0,0,0,0,0,0,0.0,0.0,0.0,0.0,0,0.0,0.0,0.0,0.0,0,0,0.0,0.0,0.0,0.0,0.0,0,0,0,0,0.0,0.0,0.0,0.0,0.0,0,0,0,0,0,0.0,0,0,0,0,0,0,0,0,0,0,0,0,0,0,0,0,0,0,0,0
LOSSY_RADIO_SH_CONTROL_N16_SEED234567,LOSSY_RADIO,sinkhole,control,0,0,16,234567,240,300,1,90,90,0,9,1196,45426,2922,16,379,196,0,0,0,0,0,0,0,0,0,0,0,0,0,0,0,0.0,0.0,0.0,0.0,0,0.0,0.0,0.0,0.0,0,0,0.0,0.0,0.0,0.0,0.0,0,0,0,0,0.0,0.0,0.0,0.0,0.0,0,0,0,0,0,0.0,0,0,0,0,0,0,0,0,0,0,0,0,0,0,0,0,0,0,0,0
LOSSY_RADIO_SH_CONTROL_N16_SEED234567,LOSSY_RADIO,sinkhole,control,0,0,16,234567,300,360,1,140,140,0,14,1146,42848,2778,16,370,194,0,0,0,0,0,0,0,0,0,0,0,0,0,0,0,0.0,0.0,0.0,0.0,0,0.0,0.0,0.0,0.0,0,0,0.0,0.0,0.0,0.0,0.0,0,0,0,0,0.0,0.0,0.0,0.0,0.0,0,0,0,0,0,0.0,0,0,0,0,0,0,0,0,0,0,0,0,0,0,0,0,0,0,0,0
LOSSY_RADIO_SH_CONTROL_N16_SEED234567,LOSSY_RADIO,sinkhole,control,0,0,16,234567,360,420,1,0,0,0,0,1170,44241,2935,16,370,192,0,0,0,0,0,0,0,0,0,0,0,0,0,0,0,0.0,0.0,0.0,0.0,0,0.0,0.0,0.0,0.0,0,0,0.0,0.0,0.0,0.0,0.0,0,0,0,0,0.0,0.0,0.0,0.0,0.0,0,0,0,0,0,0.0,0,0,0,0,0,0,0,0,0,0,0,0,0,0,0,0,0,0,0,0
LOSSY_RADIO_SH_CONTROL_N16_SEED234567,LOSSY_RADIO,sinkhole,control,0,0,16,234567,420,480,1,140,140,0,14,1192,45104,2994,16,371,194,0,0,0,0,0,0,0,0,0,0,0,0,0,0,0,0.0,0.0,0.0,0.0,0,0.0,0.0,0.0,0.0,0,0,0.0,0.0,0.0,0.0,0.0,0,0,0,0,0.0,0.0,0.0,0.0,0.0,0,0,0,0,0,0.0,0,0,0,0,0,0,0,0,0,0,0,0,0,0,0,0,0,0,0,0
LOSSY_RADIO_SH_CONTROL_N16_SEED234567,LOSSY_RADIO,sinkhole,control,0,0,16,234567,480,540,1,50,50,0,5,1185,44915,2904,16,383,192,0,0,0,0,0,0,0,0,0,0,0,0,0,0,0,0.0,0.0,0.0,0.0,0,0.0,0.0,0.0,0.0,0,0,0.0,0.0,0.0,0.0,0.0,0,0,0,0,0.0,0.0,0.0,0.0,0.0,0,0,0,0,0,0.0,0,0,0,0,0,0,0,0,0,0,0,0,0,0,0,0,0,0,0,0
LOSSY_RADIO_SH_CONTROL_N16_SEED345678,LOSSY_RADIO,sinkhole,control,0,0,16,345678,0,60,0,0,0,0,0,732,33137,1938,16,225,102,0,0,0,0,0,0,0,0,0,0,1,1,0,0,0,0.0,0.0,0.0,0.0,0,0.0,0.0,0.0,0.0,0,0,0.0,0.0,0.0,0.0,0.0,0,0,0,0,0.0,0.0,0.0,0.0,0.0,0,0,0,0,0,0.0,0,0,0,0,0,0,0,0,0,0,0,0,0,0,0,0,0,0,0,0
LOSSY_RADIO_SH_CONTROL_N16_SEED345678,LOSSY_RADIO,sinkhole,control,0,0,16,345678,60,120,0,0,0,0,0,1172,45273,3015,16,366,188,0,0,0,0,0,0,0,0,0,0,0,0,0,0,0,0.0,0.0,0.0,0.0,0,0.0,0.0,0.0,0.0,0,0,0.0,0.0,0.0,0.0,0.0,0,0,0,0,0.0,0.0,0.0,0.0,0.0,0,0,0,0,0,0.0,0,0,0,0,0,0,0,0,0,0,0,0,0,0,0,0,0,0,0,0
LOSSY_RADIO_SH_CONTROL_N16_SEED345678,LOSSY_RADIO,sinkhole,control,0,0,16,345678,120,180,0,140,140,0,14,1194,45350,3066,16,376,189,0,0,0,0,0,0,0,0,0,0,0,0,0,0,0,0.0,0.0,0.0,0.0,0,0.0,0.0,0.0,0.0,0,0,0.0,0.0,0.0,0.0,0.0,0,0,0,0,0.0,0.0,0.0,0.0,0.0,0,0,0,0,0,0.0,0,0,0,0,0,0,0,0,0,0,0,0,0,0,0,0,0,0,0,0
LOSSY_RADIO_SH_CONTROL_N16_SEED345678,LOSSY_RADIO,sinkhole,control,0,0,16,345678,180,240,0,50,50,0,5,1178,44452,3016,16,380,194,0,0,0,0,0,0,0,0,0,0,0,0,0,0,0,0.0,0.0,0.0,0.0,0,0.0,0.0,0.0,0.0,0,0,0.0,0.0,0.0,0.0,0.0,0,0,0,0,0.0,0.0,0.0,0.0,0.0,0,0,0,0,0,0.0,0,0,0,0,0,0,0,0,0,0,0,0,0,0,0,0,0,0,0,0
LOSSY_RADIO_SH_CONTROL_N16_SEED345678,LOSSY_RADIO,sinkhole,control,0,0,16,345678,240,300,1,90,90,0,9,1210,46669,3156,16,384,192,0,0,0,0,0,0,0,0,0,0,0,0,0,0,0,0.0,0.0,0.0,0.0,0,0.0,0.0,0.0,0.0,0,0,0.0,0.0,0.0,0.0,0.0,0,0,0,0,0.0,0.0,0.0,0.0,0.0,0,0,0,0,0,0.0,0,0,0,0,0,0,0,0,0,0,0,0,0,0,0,0,0,0,0,0
LOSSY_RADIO_SH_CONTROL_N16_SEED345678,LOSSY_RADIO,sinkhole,control,0,0,16,345678,300,360,1,120,120,0,12,1160,43413,3029,16,369,182,0,0,0,0,0,0,0,0,0,0,0,0,0,0,0,0.0,0.0,0.0,0.0,0,0.0,0.0,0.0,0.0,0,0,0.0,0.0,0.0,0.0,0.0,0,0,0,0,0.0,0.0,0.0,0.0,0.0,0,0,0,0,0,0.0,0,0,0,0,0,0,0,0,0,0,0,0,0,0,0,0,0,0,0,0
LOSSY_RADIO_SH_CONTROL_N16_SEED345678,LOSSY_RADIO,sinkhole,control,0,0,16,345678,360,420,1,20,20,0,2,1113,41291,2809,16,354,191,0,0,0,0,0,0,0,0,0,0,0,0,0,0,0,0.0,0.0,0.0,0.0,0,0.0,0.0,0.0,0.0,0,0,0.0,0.0,0.0,0.0,0.0,0,0,0,0,0.0,0.0,0.0,0.0,0.0,0,0,0,0,0,0.0,0,0,0,0,0,0,0,0,0,0,0,0,0,0,0,0,0,0,0,0
LOSSY_RADIO_SH_CONTROL_N16_SEED345678,LOSSY_RADIO,sinkhole,control,0,0,16,345678,420,480,1,140,140,0,14,1200,45197,3068,16,387,196,0,0,0,0,0,0,0,0,0,0,0,0,0,0,0,0.0,0.0,0.0,0.0,0,0.0,0.0,0.0,0.0,0,0,0.0,0.0,0.0,0.0,0.0,0,0,0,0,0.0,0.0,0.0,0.0,0.0,0,0,0,0,0,0.0,0,0,0,0,0,0,0,0,0,0,0,0,0,0,0,0,0,0,0,0
LOSSY_RADIO_SH_CONTROL_N16_SEED345678,LOSSY_RADIO,sinkhole,control,0,0,16,345678,480,540,1,50,50,0,5,1170,44716,2988,16,375,188,0,0,0,0,0,0,0,0,0,0,0,0,0,0,0,0.0,0.0,0.0,0.0,0,0.0,0.0,0.0,0.0,0,0,0.0,0.0,0.0,0.0,0.0,0,0,0,0,0.0,0.0,0.0,0.0,0.0,0,0,0,0,0,0.0,0,0,0,0,0,0,0,0,0,0,0,0,0,0,0,0,0,0,0,0
LOSSY_RADIO_SH_CONTROL_N16_SEED456789,LOSSY_RADIO,sinkhole,control,0,0,16,456789,0,60,0,0,0,0,0,620,28395,1660,16,190,94,0,0,0,0,0,0,0,0,0,0,1,1,0,0,0,0.0,0.0,0.0,0.0,0,0.0,0.0,0.0,0.0,0,0,0.0,0.0,0.0,0.0,0.0,0,0,0,0,0.0,0.0,0.0,0.0,0.0,0,0,0,0,0,0.0,0,0,0,0,0,0,0,0,0,0,0,0,0,0,0,0,0,0,0,0
LOSSY_RADIO_SH_CONTROL_N16_SEED456789,LOSSY_RADIO,sinkhole,control,0,0,16,456789,60,120,0,0,0,0,0,1204,46205,3141,16,387,194,0,0,0,0,0,0,0,0,0,0,0,0,0,0,0,0.0,0.0,0.0,0.0,0,0.0,0.0,0.0,0.0,0,0,0.0,0.0,0.0,0.0,0.0,0,0,0,0,0.0,0.0,0.0,0.0,0.0,0,0,0,0,0,0.0,0,0,0,0,0,0,0,0,0,0,0,0,0,0,0,0,0,0,0,0
LOSSY_RADIO_SH_CONTROL_N16_SEED456789,LOSSY_RADIO,sinkhole,control,0,0,16,456789,120,180,0,140,140,0,14,1167,44176,2968,16,376,197,0,0,0,0,0,0,0,0,0,0,0,0,0,0,0,0.0,0.0,0.0,0.0,0,0.0,0.0,0.0,0.0,0,0,0.0,0.0,0.0,0.0,0.0,0,0,0,0,0.0,0.0,0.0,0.0,0.0,0,0,0,0,0,0.0,0,0,0,0,0,0,0,0,0,0,0,0,0,0,0,0,0,0,0,0
LOSSY_RADIO_SH_CONTROL_N16_SEED456789,LOSSY_RADIO,sinkhole,control,0,0,16,456789,180,240,0,30,30,0,3,1161,43487,2997,16,374,187,0,0,0,0,0,0,0,0,0,0,0,0,0,0,0,0.0,0.0,0.0,0.0,0,0.0,0.0,0.0,0.0,0,0,0.0,0.0,0.0,0.0,0.0,0,0,0,0,0.0,0.0,0.0,0.0,0.0,0,0,0,0,0,0.0,0,0,0,0,0,0,0,0,0,0,0,0,0,0,0,0,0,0,0,0
LOSSY_RADIO_SH_CONTROL_N16_SEED456789,LOSSY_RADIO,sinkhole,control,0,0,16,456789,240,300,1,110,110,0,11,1161,44385,3087,16,363,180,0,0,0,0,0,0,0,0,0,0,0,0,0,0,0,0.0,0.0,0.0,0.0,0,0.0,0.0,0.0,0.0,0,0,0.0,0.0,0.0,0.0,0.0,0,0,0,0,0.0,0.0,0.0,0.0,0.0,0,0,0,0,0,0.0,0,0,0,0,0,0,0,0,0,0,0,0,0,0,0,0,0,0,0,0
LOSSY_RADIO_SH_CONTROL_N16_SEED456789,LOSSY_RADIO,sinkhole,control,0,0,16,456789,300,360,1,100,100,0,10,1164,43777,3013,16,372,198,0,0,0,0,0,0,0,0,0,0,0,0,0,0,0,0.0,0.0,0.0,0.0,0,0.0,0.0,0.0,0.0,0,0,0.0,0.0,0.0,0.0,0.0,0,0,0,0,0.0,0.0,0.0,0.0,0.0,0,0,0,0,0,0.0,0,0,0,0,0,0,0,0,0,0,0,0,0,0,0,0,0,0,0,0
LOSSY_RADIO_SH_CONTROL_N16_SEED456789,LOSSY_RADIO,sinkhole,control,0,0,16,456789,360,420,1,40,39,0,4,1199,45202,3132,16,384,200,0,0,0,0,0,0,0,0,0,0,0,0,0,0,0,0.0,0.0,0.0,0.0,0,0.0,0.0,0.0,0.0,0,0,0.0,0.0,0.0,0.0,0.0,0,0,0,0,0.0,0.0,0.0,0.0,0.0,0,0,0,0,0,0.0,0,0,0,0,0,0,0,0,0,0,0,0,0,0,0,0,0,0,0,0
LOSSY_RADIO_SH_CONTROL_N16_SEED456789,LOSSY_RADIO,sinkhole,control,0,0,16,456789,420,480,1,140,140,0,14,1134,42845,2925,16,359,184,0,0,0,0,0,0,0,0,0,0,0,0,0,0,0,0.0,0.0,0.0,0.0,0,0.0,0.0,0.0,0.0,0,0,0.0,0.0,0.0,0.0,0.0,0,0,0,0,0.0,0.0,0.0,0.0,0.0,0,0,0,0,0,0.0,0,0,0,0,0,0,0,0,0,0,0,0,0,0,0,0,0,0,0,0
LOSSY_RADIO_SH_CONTROL_N16_SEED456789,LOSSY_RADIO,sinkhole,control,0,0,16,456789,480,540,1,20,20,0,2,1142,43138,2953,16,367,185,0,0,0,0,0,0,0,0,0,0,0,0,0,0,0,0.0,0.0,0.0,0.0,0,0.0,0.0,0.0,0.0,0,0,0.0,0.0,0.0,0.0,0.0,0,0,0,0,0.0,0.0,0.0,0.0,0.0,0,0,0,0,0,0.0,0,0,0,0,0,0,0,0,0,0,0,0,0,0,0,0,0,0,0,0
LOSSY_RADIO_SH_CONTROL_N16_SEED567890,LOSSY_RADIO,sinkhole,control,0,0,16,567890,0,60,0,0,0,0,0,637,29687,1589,16,199,94,0,0,0,0,0,0,0,0,0,0,1,1,0,0,0,0.0,0.0,0.0,0.0,0,0.0,0.0,0.0,0.0,0,0,0.0,0.0,0.0,0.0,0.0,0,0,0,0,0.0,0.0,0.0,0.0,0.0,0,0,0,0,0,0.0,0,0,0,0,0,0,0,0,0,0,0,0,0,0,0,0,0,0,0,0
LOSSY_RADIO_SH_CONTROL_N16_SEED567890,LOSSY_RADIO,sinkhole,control,0,0,16,567890,60,120,0,0,0,0,0,1194,46166,2927,16,384,187,0,0,0,0,0,0,0,0,0,0,0,0,0,0,0,0.0,0.0,0.0,0.0,0,0.0,0.0,0.0,0.0,0,0,0.0,0.0,0.0,0.0,0.0,0,0,0,0,0.0,0.0,0.0,0.0,0.0,0,0,0,0,0,0.0,0,0,0,0,0,0,0,0,0,0,0,0,0,0,0,0,0,0,0,0
LOSSY_RADIO_SH_CONTROL_N16_SEED567890,LOSSY_RADIO,sinkhole,control,0,0,16,567890,120,180,0,140,140,0,14,1179,44560,2868,16,383,200,0,0,0,0,0,0,0,0,0,0,0,0,0,0,0,0.0,0.0,0.0,0.0,0,0.0,0.0,0.0,0.0,0,0,0.0,0.0,0.0,0.0,0.0,0,0,0,0,0.0,0.0,0.0,0.0,0.0,0,0,0,0,0,0.0,0,0,0,0,0,0,0,0,0,0,0,0,0,0,0,0,0,0,0,0
LOSSY_RADIO_SH_CONTROL_N16_SEED567890,LOSSY_RADIO,sinkhole,control,0,0,16,567890,180,240,0,40,40,0,4,1184,44632,2795,16,396,202,0,0,0,0,0,0,0,0,0,0,0,0,0,0,0,0.0,0.0,0.0,0.0,0,0.0,0.0,0.0,0.0,0,0,0.0,0.0,0.0,0.0,0.0,0,0,0,0,0.0,0.0,0.0,0.0,0.0,0,0,0,0,0,0.0,0,0,0,0,0,0,0,0,0,0,0,0,0,0,0,0,0,0,0,0
LOSSY_RADIO_SH_CONTROL_N16_SEED567890,LOSSY_RADIO,sinkhole,control,0,0,16,567890,240,300,1,100,100,0,10,1145,43535,2756,16,369,192,0,0,0,0,0,0,0,0,0,0,0,0,0,0,0,0.0,0.0,0.0,0.0,0,0.0,0.0,0.0,0.0,0,0,0.0,0.0,0.0,0.0,0.0,0,0,0,0,0.0,0.0,0.0,0.0,0.0,0,0,0,0,0,0.0,0,0,0,0,0,0,0,0,0,0,0,0,0,0,0,0,0,0,0,0
LOSSY_RADIO_SH_CONTROL_N16_SEED567890,LOSSY_RADIO,sinkhole,control,0,0,16,567890,300,360,1,120,120,0,12,1209,45463,2983,16,395,197,0,0,0,0,0,0,0,0,0,0,0,0,0,0,0,0.0,0.0,0.0,0.0,0,0.0,0.0,0.0,0.0,0,0,0.0,0.0,0.0,0.0,0.0,0,0,0,0,0.0,0.0,0.0,0.0,0.0,0,0,0,0,0,0.0,0,0,0,0,0,0,0,0,0,0,0,0,0,0,0,0,0,0,0,0
LOSSY_RADIO_SH_CONTROL_N16_SEED567890,LOSSY_RADIO,sinkhole,control,0,0,16,567890,360,420,1,20,20,0,2,1151,42987,2792,16,377,189,0,0,0,0,0,0,0,0,0,0,0,0,0,0,0,0.0,0.0,0.0,0.0,0,0.0,0.0,0.0,0.0,0,0,0.0,0.0,0.0,0.0,0.0,0,0,0,0,0.0,0.0,0.0,0.0,0.0,0,0,0,0,0,0.0,0,0,0,0,0,0,0,0,0,0,0,0,0,0,0,0,0,0,0,0
LOSSY_RADIO_SH_CONTROL_N16_SEED567890,LOSSY_RADIO,sinkhole,control,0,0,16,567890,420,480,1,140,140,0,14,1179,44705,2850,16,380,188,0,0,0,0,0,0,0,0,0,0,0,0,0,0,0,0.0,0.0,0.0,0.0,0,0.0,0.0,0.0,0.0,0,0,0.0,0.0,0.0,0.0,0.0,0,0,0,0,0.0,0.0,0.0,0.0,0.0,0,0,0,0,0,0.0,0,0,0,0,0,0,0,0,0,0,0,0,0,0,0,0,0,0,0,0
LOSSY_RADIO_SH_CONTROL_N16_SEED567890,LOSSY_RADIO,sinkhole,control,0,0,16,567890,480,540,1,40,40,0,4,1184,44399,2818,16,377,197,0,0,0,0,0,0,0,0,0,0,0,0,0,0,0,0.0,0.0,0.0,0.0,0,0.0,0.0,0.0,0.0,0,0,0.0,0.0,0.0,0.0,0.0,0,0,0,0,0.0,0.0,0.0,0.0,0.0,0,0,0,0,0,0.0,0,0,0,0,0,0,0,0,0,0,0,0,0,0,0,0,0,0,0,0
LOSSY_RADIO_SYBIL_ATTACK_N16_SEED123456,LOSSY_RADIO,sybil,attack,1,0,16,123456,0,60,0,0,0,0,0,681,31114,1743,16,201,101,32,8,2,0,0,1,1,1,0,1,1,1,0,5,1,128,30953.2812,65535,65407,28,504,35356.8929,65535,65031,0,0,32928.125,504,520.75,537,33,0,0,0,1,338,338.0,338,0,1.0,1,0,0,0,0,0.0,0,0,0,0,0,0,0,0,0,0,0,0,0,0,0,0,0,0,0,0
LOSSY_RADIO_SYBIL_ATTACK_N16_SEED123456,LOSSY_RADIO,sybil,attack,1,0,16,123456,60,120,0,0,0,0,0,1208,47105,2948,16,389,199,9,2,0,0,0,0,0,0,0,0,0,0,0,5,1,128,436.1111,516,388,8,433,474.625,516,83,0,0,273.5,433,445.0,469,36,0,0,0,1,265,265.0,265,0,5.0,5,0,0,0,0,0.0,0,0,0,0,0,0,0,0,0,0,0,0,0,0,0,0,0,0,0,0
LOSSY_RADIO_SYBIL_ATTACK_N16_SEED123456,LOSSY_RADIO,sybil,attack,1,0,16,123456,120,180,0,140,139,0,14,1169,44372,2832,16,371,189,3,0,0,0,0,0,0,0,0,0,0,0,0,3,1,405,432.3333,468,63,3,405,432.3333,468,63,0,0,0.0,405,432.5,468,63,0,0,0,1,269,269.0,269,0,5.0,5,0,0,0,0,0.0,0,0,0,0,0,0,0,0,0,0,0,0,0,0,0,0,0,0,0,0
LOSSY_RADIO_SYBIL_ATTACK_N16_SEED123456,LOSSY_RADIO,sybil,attack,1,0,16,123456,180,240,0,40,40,0,4,1157,42963,2768,16,374,188,1,0,0,0,0,0,0,0,0,0,0,0,0,1,1,128,128.0,128,0,0,0.0,0.0,0.0,0.0,0,0,0.0,405,432.5,468,63,0,0,0,1,284,284.0,284,0,5.0,5,0,0,0,0,0.0,0,0,0,0,0,0,0,0,0,0,0,0,0,0,0,0,0,0,0,0
LOSSY_RADIO_SYBIL_ATTACK_N16_SEED123456,LOSSY_RADIO,sybil,attack,1,1,16,123456,240,300,1,100,100,0,10,1193,47821,2921,16,398,188,4,30,0,0,0,0,0,0,0,0,0,0,0,4,1,401,416.0,447,46,4,401,416.0,447,46,0,0,274.2667,401,416.0,447,46,0,0,0,1,265,265.0,265,0,5.0,5,0,0,0,0,0.0,0,0,0,0,0,0,0,0,0,0,0,0,0,0,0,0,0,1,30,29
LOSSY_RADIO_SYBIL_ATTACK_N16_SEED123456,LOSSY_RADIO,sybil,attack,1,1,16,123456,300,360,1,130,129,0,13,1212,47923,2918,16,413,192,0,30,0,0,0,0,0,0,0,0,0,0,0,0,0,0.0,0.0,0.0,0.0,0,0.0,0.0,0.0,0.0,0,0,279.8333,401,416.0,447,46,0,0,0,1,277,277.0,277,0,5.0,5,0,0,0,0,0.0,0,0,0,0,0,0,0,0,0,0,0,0,0,0,0,0,0,0,30,30
LOSSY_RADIO_SYBIL_ATTACK_N16_SEED123456,LOSSY_RADIO,sybil,attack,1,1,16,123456,360,420,1,10,10,0,1,1209,47582,2930,16,411,198,0,30,0,0,0,0,0,0,0,0,0,0,0,0,0,0.0,0.0,0.0,0.0,0,0.0,0.0,0.0,0.0,0,0,269.7333,401,416.0,447,46,0,0,0,1,279,279.0,279,0,5.0,5,0,0,0,0,0.0,0,0,0,0,0,0,0,0,0,0,0,0,0,0,0,0,0,0,30,30
LOSSY_RADIO_SYBIL_ATTACK_N16_SEED123456,LOSSY_RADIO,sybil,attack,1,1,16,123456,420,480,1,140,140,0,14,1187,47771,2884,16,398,182,1,30,0,0,0,0,0,0,0,0,0,0,0,1,1,396,396.0,396,0,1,396,396.0,396,0,0,0,264.6,396,414.75,447,51,0,0,0,1,265,265.0,265,0,5.0,5,0,0,0,0,0.0,0,0,0,0,0,0,0,0,0,0,0,0,0,0,0,0,0,0,30,30
LOSSY_RADIO_SYBIL_ATTACK_N16_SEED123456,LOSSY_RADIO,sybil,attack,1,1,16,123456,480,540,1,40,40,0,4,1176,46413,2819,16,406,193,2,31,0,0,0,0,0,0,0,0,0,0,0,2,1,414,428.0,442,28,2,414,428.0,442,28,0,0,278.1613,396,414.75,442,46,0,0,0,1,276,276.0,276,0,5.0,5,0,0,0,0,0.0,0,0,0,0,0,0,0,0,0,0,0,0,0,0,0,0,0,0,31,30
LOSSY_RADIO_SYBIL_ATTACK_N16_SEED234567,LOSSY_RADIO,sybil,attack,1,0,16,234567,0,60,0,0,0,0,0,676,30584,1680,16,202,101,33,8,1,0,0,1,1,1,0,1,1,1,0,5,1,128,30015.5758,65535,65407,29,446,34138.0,65535,65089,0,0,32919.75,446,466.75,483,37,0,0,0,1,338,338.0,338,0,1.0,1,0,0,0,0,0.0,0,0,0,0,0,0,0,0,0,0,0,0,0,0,0,0,0,0,0,0
LOSSY_RADIO_SYBIL_ATTACK_N16_SEED234567,LOSSY_RADIO,sybil,attack,1,0,16,234567,60,120,0,0,0,0,0,1219,46928,3031,16,378,192,5,1,0,0,0,0,0,0,0,0,0,0,0,4,1,414,437.4,481,67,5,414,437.4,481,67,0,0,274.0,414,440.0,481,67,0,0,0,1,271,271.0,271,0,5.0,5,0,0,0,0,0.0,0,0,0,0,0,0,0,0,0,0,0,0,0,0,0,0,0,0,0,0
LOSSY_RADIO_SYBIL_ATTACK_N16_SEED234567,LOSSY_RADIO,sybil,attack,1,0,16,234567,120,180,0,140,140,0,14,1211,46253,2932,16,383,201,5,1,0,0,0,0,0,0,0,0,0,0,0,5,1,128,364.0,438,310,4,408,423.0,438,30,0,0,266.0,408,423.0,438,30,0,0,0,1,265,265.0,265,0,5.0,5,0,0,0,0,0.0,0,0,0,0,0,0,0,0,0,0,0,0,0,0,0,0,0,0,0,0
LOSSY_RADIO_SYBIL_ATTACK_N16_SEED234567,LOSSY_RADIO,sybil,attack,1,0,16,234567,180,240,0,50,50,0,5,1161,43466,2816,16,381,196,2,1,0,0,0,0,0,0,0,0,0,0,0,2,1,420,428.0,436,16,2,420,428.0,436,16,0,0,273.0,408,423.75,436,28,0,0,0,1,268,268.0,268,0,5.0,5,0,0,0,0,0.0,0,0,0,0,0,0,0,0,0,0,0,0,0,0,0,0,0,0,0,0
LOSSY_RADIO_SYBIL_ATTACK_N16_SEED234567,LOSSY_RADIO,sybil,attack,1,1,16,234567,240,300,1,90,90,0,9,1209,47692,2970,16,401,185,3,29,0,0,0,0,0,0,0,0,0,0,0,3,1,128,302.0,393,265,2,385,389.0,393,8,0,0,263.4483,385,408.5,436,51,0,0,0,1,270,270.0,270,0,5.0,5,0,0,0,0,0.0,0,0,0,0,0,0,0,0,0,0,0,0,0,0,0,0,0,1,29,29
LOSSY_RADIO_SYBIL_ATTACK_N16_SEED234567,LOSSY_RADIO,sybil,attack,1,1,16,234567,300,360,1,140,140,0,14,1253,49643,3142,16,417,199,0,30,0,0,0,0,0,0,0,0,0,0,0,0,0,0.0,0.0,0.0,0.0,0,0.0,0.0,0.0,0.0,0,0,267.0667,385,408.5,436,51,0,0,0,1,261,261.0,261,0,5.0,5,0,0,0,0,0.0,0,0,0,0,0,0,0,0,0,0,0,0,0,0,0,0,0,0,30,30
LOSSY_RADIO_SYBIL_ATTACK_N16_SEED234567,LOSSY_RADIO,sybil,attack,1,1,16,234567,360,420,1,0,0,0,0,1193,46697,2932,16,405,188,0,30,0,0,0,0,0,0,0,0,0,0,0,0,0,0.0,0.0,0.0,0.0,0,0.0,0.0,0.0,0.0,0,0,283.8333,385,408.5,436,51,0,0,0,1,289,289.0,289,0,5.0,5,0,0,0,0,0.0,0,0,0,0,0,0,0,0,0,0,0,0,0,0,0,0,0,0,30,30
LOSSY_RADIO_SYBIL_ATTACK_N16_SEED234567,LOSSY_RADIO,sybil,attack,1,1,16,234567,420,480,1,140,140,0,14,1194,46558,2894,16,404,200,1,31,0,0,0,0,0,0,0,0,0,0,0,1,1,128,128.0,128,0,0,0.0,0.0,0.0,0.0,0,0,277.9032,385,408.5,436,51,0,0,0,1,288,288.0,288,0,5.0,5,0,0,0,0,0.0,0,0,0,0,0,0,0,0,0,0,0,0,0,0,0,0,0,0,31,30
LOSSY_RADIO_SYBIL_ATTACK_N16_SEED234567,LOSSY_RADIO,sybil,attack,1,1,16,234567,480,540,1,50,47,0,5,1222,48777,2987,16,413,193,4,30,0,0,0,0,0,0,0,0,0,0,0,4,1,407,416.0,426,19,4,407,416.0,426,19,0,0,278.7,407,416.0,426,19,0,0,0,1,292,292.0,292,0,5.0,5,0,0,0,0,0.0,0,0,0,0,0,0,0,0,0,0,0,0,0,0,0,0,0,0,30,30
LOSSY_RADIO_SYBIL_ATTACK_N16_SEED345678,LOSSY_RADIO,sybil,attack,1,0,16,345678,0,60,0,0,0,0,0,732,33137,1938,16,225,102,32,8,1,0,0,1,1,1,0,1,1,1,0,5,1,128,30950.4375,65535,65407,29,426,34138.9655,65535,65109,0,0,32920.125,426,472.5,501,75,0,0,0,1,338,338.0,338,0,1.0,1,0,0,0,0,0.0,0,0,0,0,0,0,0,0,0,0,0,0,0,0,0,0,0,0,0,0
LOSSY_RADIO_SYBIL_ATTACK_N16_SEED345678,LOSSY_RADIO,sybil,attack,1,0,16,345678,60,120,0,0,0,0,0,1172,45273,3015,16,366,188,6,2,0,0,0,0,0,0,0,0,0,0,0,5,1,128,401.6667,501,373,5,423,456.4,501,78,0,0,265.0,423,451.5,501,78,0,0,0,1,270,270.0,270,0,5.0,5,0,0,0,0,0.0,0,0,0,0,0,0,0,0,0,0,0,0,0,0,0,0,0,0,0,0
LOSSY_RADIO_SYBIL_ATTACK_N16_SEED345678,LOSSY_RADIO,sybil,attack,1,0,16,345678,120,180,0,140,140,0,14,1194,45350,3066,16,376,189,4,0,0,0,0,0,0,0,0,0,0,0,0,4,1,411,414.75,419,8,4,411,414.75,419,8,0,0,0.0,411,414.75,419,8,0,0,0,1,291,291.0,291,0,5.0,5,0,0,0,0,0.0,0,0,0,0,0,0,0,0,0,0,0,0,0,0,0,0,0,0,0,0
LOSSY_RADIO_SYBIL_ATTACK_N16_SEED345678,LOSSY_RADIO,sybil,attack,1,0,16,345678,180,240,0,50,50,0,5,1178,44452,3016,16,380,194,0,1,0,0,0,0,0,0,0,0,0,0,0,0,0,0.0,0.0,0.0,0.0,0,0.0,0.0,0.0,0.0,0,0,266.0,411,414.75,419,8,0,0,0,1,268,268.0,268,0,5.0,5,0,0,0,0,0.0,0,0,0,0,0,0,0,0,0,0,0,0,0,0,0,0,0,0,0,0
LOSSY_RADIO_SYBIL_ATTACK_N16_SEED345678,LOSSY_RADIO,sybil,attack,1,1,16,345678,240,300,1,90,90,0,9,1221,48363,3167,16,408,193,4,29,0,0,0,0,0,0,0,0,0,0,0,4,1,128,328.0,403,275,3,387,394.6667,403,16,0,0,269.7241,387,400.75,419,32,0,0,0,1,261,261.0,261,0,5.0,5,0,0,0,0,0.0,0,0,0,0,0,0,0,0,0,0,0,0,0,0,0,0,0,1,29,29
LOSSY_RADIO_SYBIL_ATTACK_N16_SEED345678,LOSSY_RADIO,sybil,attack,1,1,16,345678,300,360,1,120,119,0,12,1202,47404,3128,16,404,193,0,30,0,0,0,0,0,0,0,0,0,0,0,0,0,0.0,0.0,0.0,0.0,0,0.0,0.0,0.0,0.0,0,0,269.1,387,400.75,419,32,0,0,0,1,278,278.0,278,0,5.0,5,0,0,0,0,0.0,0,0,0,0,0,0,0,0,0,0,0,0,0,0,0,0,0,0,30,30
LOSSY_RADIO_SYBIL_ATTACK_N16_SEED345678,LOSSY_RADIO,sybil,attack,1,1,16,345678,360,420,1,20,20,0,2,1188,46489,2994,16,410,195,0,30,0,0,0,0,0,0,0,0,0,0,0,0,0,0.0,0.0,0.0,0.0,0,0.0,0.0,0.0,0.0,0,0,276.7667,387,400.75,419,32,0,0,0,1,270,270.0,270,0,5.0,5,0,0,0,0,0.0,0,0,0,0,0,0,0,0,0,0,0,0,0,0,0,0,0,0,30,30
LOSSY_RADIO_SYBIL_ATTACK_N16_SEED345678,LOSSY_RADIO,sybil,attack,1,1,16,345678,420,480,1,140,139,0,14,1168,46074,2958,16,396,188,1,30,0,0,0,0,0,0,0,0,0,0,0,1,1,128,128.0,128,0,0,0.0,0.0,0.0,0.0,0,0,272.5667,387,400.75,419,32,0,0,0,1,263,263.0,263,0,5.0,5,0,0,0,0,0.0,0,0,0,0,0,0,0,0,0,0,0,0,0,0,0,0,0,0,30,30
LOSSY_RADIO_SYBIL_ATTACK_N16_SEED345678,LOSSY_RADIO,sybil,attack,1,1,16,345678,480,540,1,40,40,0,4,1178,46371,3000,16,402,181,2,31,0,0,0,0,0,0,0,0,0,0,0,2,1,398,418.0,438,40,2,398,418.0,438,40,0,0,274.5484,387,406.5,438,51,0,0,0,1,274,274.0,274,0,5.0,5,0,0,0,0,0.0,0,0,0,0,0,0,0,0,0,0,0,0,0,0,0,0,0,0,31,30
LOSSY_RADIO_SYBIL_ATTACK_N16_SEED456789,LOSSY_RADIO,sybil,attack,1,0,16,456789,0,60,0,0,0,0,0,620,28395,1660,16,190,94,30,7,0,0,0,1,1,1,0,1,1,1,0,5,1,128,30815.3667,65535,65407,26,466,35536.5,65535,65069,0,0,37584.4286,466,511.5,583,117,0,0,0,1,338,338.0,338,0,1.0,1,0,0,0,0,0.0,0,0,0,0,0,0,0,0,0,0,0,0,0,0,0,0,0,0,0,0
LOSSY_RADIO_SYBIL_ATTACK_N16_SEED456789,LOSSY_RADIO,sybil,attack,1,0,16,456789,60,120,0,0,0,0,0,1204,46205,3141,16,387,194,3,1,0,0,0,0,0,0,0,0,0,0,0,3,1,422,454.3333,482,60,3,422,454.3333,482,60,0,0,273.0,422,457.25,482,60,0,0,0,1,279,279.0,279,0,5.0,5,0,0,0,0,0.0,0,0,0,0,0,0,0,0,0,0,0,0,0,0,0,0,0,0,0,0
LOSSY_RADIO_SYBIL_ATTACK_N16_SEED456789,LOSSY_RADIO,sybil,attack,1,0,16,456789,120,180,0,140,140,0,14,1167,44176,2968,16,376,197,4,1,0,0,0,0,0,0,0,0,0,0,0,4,1,128,342.5,431,303,3,395,414.0,431,36,0,0,260.0,395,416.0,431,36,0,0,0,1,306,306.0,306,0,5.0,5,0,0,0,0,0.0,0,0,0,0,0,0,0,0,0,0,0,0,0,0,0,0,0,0,0,0
LOSSY_RADIO_SYBIL_ATTACK_N16_SEED456789,LOSSY_RADIO,sybil,attack,1,0,16,456789,180,240,0,30,30,0,3,1161,43487,2997,16,374,187,1,0,0,0,0,0,0,0,0,0,0,0,0,1,1,388,388.0,388,0,1,388,388.0,388,0,0,0,0.0,388,405.25,422,34,0,0,0,1,288,288.0,288,0,5.0,5,0,0,0,0,0.0,0,0,0,0,0,0,0,0,0,0,0,0,0,0,0,0,0,0,0,0
LOSSY_RADIO_SYBIL_ATTACK_N16_SEED456789,LOSSY_RADIO,sybil,attack,1,1,16,456789,240,300,1,110,110,0,11,1212,48207,3174,16,402,191,4,30,0,0,0,0,0,0,0,0,0,0,0,4,1,128,343.75,442,314,3,402,415.6667,442,40,0,0,273.2333,388,408.75,442,54,0,0,0,1,261,261.0,261,0,5.0,5,0,0,0,0,0.0,0,0,0,0,0,0,0,0,0,0,0,0,0,0,0,0,0,1,30,29
LOSSY_RADIO_SYBIL_ATTACK_N16_SEED456789,LOSSY_RADIO,sybil,attack,1,1,16,456789,300,360,1,110,108,0,11,1183,46401,3075,16,396,190,0,30,0,0,0,0,0,0,0,0,0,0,0,0,0,0.0,0.0,0.0,0.0,0,0.0,0.0,0.0,0.0,0,0,270.5333,388,408.75,442,54,0,0,0,1,269,269.0,269,0,5.0,5,0,0,0,0,0.0,0,0,0,0,0,0,0,0,0,0,0,0,0,0,0,0,0,0,30,30
LOSSY_RADIO_SYBIL_ATTACK_N16_SEED456789,LOSSY_RADIO,sybil,attack,1,1,16,456789,360,420,1,30,30,0,3,1213,47497,3145,16,412,196,1,30,0,0,0,0,0,0,0,0,0,0,0,1,1,128,128.0,128,0,0,0.0,0.0,0.0,0.0,0,0,268.3333,388,408.75,442,54,0,0,0,1,269,269.0,269,0,5.0,5,0,0,0,0,0.0,0,0,0,0,0,0,0,0,0,0,0,0,0,0,0,0,0,0,30,30
LOSSY_RADIO_SYBIL_ATTACK_N16_SEED456789,LOSSY_RADIO,sybil,attack,1,1,16,456789,420,480,1,140,141,0,14,1217,48330,3122,16,408,195,2,31,0,0,0,0,0,0,0,0,0,0,0,2,1,424,436.5,449,25,2,424,436.5,449,25,0,0,273.6774,402,419.5,449,47,0,0,0,1,292,292.0,292,0,5.0,5,0,0,0,0,0.0,0,0,0,0,0,0,0,0,0,0,0,0,0,0,0,0,0,0,31,30
LOSSY_RADIO_SYBIL_ATTACK_N16_SEED456789,LOSSY_RADIO,sybil,attack,1,1,16,456789,480,540,1,30,30,0,3,1207,47757,3047,16,409,203,2,30,0,0,0,0,0,0,0,0,0,0,0,2,1,411,438.0,465,54,2,411,438.0,465,54,0,0,277.7,411,437.25,465,54,0,0,0,1,285,285.0,285,0,5.0,5,0,0,0,0,0.0,0,0,0,0,0,0,0,0,0,0,0,0,0,0,0,0,0,0,30,30
LOSSY_RADIO_SYBIL_ATTACK_N16_SEED567890,LOSSY_RADIO,sybil,attack,1,0,16,567890,0,60,0,0,0,0,0,637,29687,1589,16,199,94,32,8,1,0,0,1,1,1,0,1,1,1,0,5,1,128,28932.5312,65535,65407,28,509,33047.4643,65535,65026,0,0,32936.25,530,556.0,580,50,0,0,0,1,351,351.0,351,0,1.0,1,0,0,0,0,0.0,0,0,0,0,0,0,0,0,0,0,0,0,0,0,0,0,0,0,0,0
LOSSY_RADIO_SYBIL_ATTACK_N16_SEED567890,LOSSY_RADIO,sybil,attack,1,0,16,567890,60,120,0,0,0,0,0,1194,46166,2927,16,384,187,7,1,0,0,0,0,0,0,0,0,0,0,0,5,1,128,441.1429,557,429,6,435,493.3333,557,122,0,0,278.0,435,465.25,485,50,0,0,0,1,294,294.0,294,0,5.0,5,0,0,0,0,0.0,0,0,0,0,0,0,0,0,0,0,0,0,0,0,0,0,0,0,0,0
LOSSY_RADIO_SYBIL_ATTACK_N16_SEED567890,LOSSY_RADIO,sybil,attack,1,0,16,567890,120,180,0,140,140,0,14,1179,44560,2868,16,383,200,4,1,0,0,0,0,0,0,0,0,0,0,0,4,1,420,428.75,433,13,4,420,428.75,433,13,0,0,256.0,420,428.75,433,13,0,0,0,1,272,272.0,272,0,5.0,5,0,0,0,0,0.0,0,0,0,0,0,0,0,0,0,0,0,0,0,0,0,0,0,0,0,0
LOSSY_RADIO_SYBIL_ATTACK_N16_SEED567890,LOSSY_RADIO,sybil,attack,1,0,16,567890,180,240,0,40,40,0,4,1184,44632,2795,16,396,202,0,1,0,0,0,0,0,0,0,0,0,0,0,0,0,0.0,0.0,0.0,0.0,0,0.0,0.0,0.0,0.0,0,0,274.0,420,428.75,433,13,0,0,0,1,265,265.0,265,0,5.0,5,0,0,0,0,0.0,0,0,0,0,0,0,0,0,0,0,0,0,0,0,0,0,0,0,0,0
LOSSY_RADIO_SYBIL_ATTACK_N16_SEED567890,LOSSY_RADIO,sybil,attack,1,1,16,567890,240,300,1,100,100,0,10,1221,48549,2980,16,411,194,4,29,0,0,0,0,0,0,0,0,0,0,0,4,1,404,424.75,437,33,4,404,424.75,437,33,0,0,275.8966,404,424.75,437,33,0,0,0,1,279,279.0,279,0,5.0,5,0,0,0,0,0.0,0,0,0,0,0,0,0,0,0,0,0,0,0,0,0,0,0,1,29,29
LOSSY_RADIO_SYBIL_ATTACK_N16_SEED567890,LOSSY_RADIO,sybil,attack,1,1,16,567890,300,360,1,120,121,0,12,1214,48325,2946,16,400,195,0,30,0,0,0,0,0,0,0,0,0,0,0,0,0,0.0,0.0,0.0,0.0,0,0.0,0.0,0.0,0.0,0,0,270.3667,404,424.75,437,33,0,0,0,1,283,283.0,283,0,5.0,5,0,0,0,0,0.0,0,0,0,0,0,0,0,0,0,0,0,0,0,0,0,0,0,0,30,30
LOSSY_RADIO_SYBIL_ATTACK_N16_SEED567890,LOSSY_RADIO,sybil,attack,1,1,16,567890,360,420,1,20,20,0,2,1158,45393,2788,16,396,186,0,30,0,0,0,0,0,0,0,0,0,0,0,0,0,0.0,0.0,0.0,0.0,0,0.0,0.0,0.0,0.0,0,0,268.0,404,424.75,437,33,0,0,0,1,256,256.0,256,0,5.0,5,0,0,0,0,0.0,0,0,0,0,0,0,0,0,0,0,0,0,0,0,0,0,0,0,30,30
LOSSY_RADIO_SYBIL_ATTACK_N16_SEED567890,LOSSY_RADIO,sybil,attack,1,1,16,567890,420,480,1,140,138,0,14,1224,48421,2988,16,412,197,2,31,0,0,0,0,0,0,0,0,0,0,0,2,1,398,407.5,417,19,2,398,407.5,417,19,0,0,271.871,398,413.25,434,36,0,0,0,1,267,267.0,267,0,5.0,5,0,0,0,0,0.0,0,0,0,0,0,0,0,0,0,0,0,0,0,0,0,0,0,0,31,30
LOSSY_RADIO_SYBIL_ATTACK_N16_SEED567890,LOSSY_RADIO,sybil,attack,1,1,16,567890,480,540,1,40,40,0,4,1165,45900,2782,16,404,188,3,30,0,0,0,0,0,0,0,0,0,0,0,3,1,128,311.6667,410,282,2,397,403.5,410,13,0,0,269.5333,397,405.5,417,20,0,0,0,1,274,274.0,274,0,5.0,5,0,0,0,0,0.0,0,0,0,0,0,0,0,0,0,0,0,0,0,0,0,0,0,0,30,30
LOSSY_RADIO_SYBIL_CONTROL_N16_SEED123456,LOSSY_RADIO,sybil,control,0,0,16,123456,0,60,0,0,0,0,0,681,31114,1743,16,201,101,32,8,2,0,0,1,1,1,0,1,1,1,0,5,1,128,30953.2812,65535,65407,28,504,35356.8929,65535,65031,0,0,32928.125,504,520.75,537,33,0,0,0,1,338,338.0,338,0,1.0,1,0,0,0,0,0.0,0,0,0,0,0,0,0,0,0,0,0,0,0,0,0,0,0,0,0,0
LOSSY_RADIO_SYBIL_CONTROL_N16_SEED123456,LOSSY_RADIO,sybil,control,0,0,16,123456,60,120,0,0,0,0,0,1208,47105,2948,16,389,199,9,2,0,0,0,0,0,0,0,0,0,0,0,5,1,128,436.1111,516,388,8,433,474.625,516,83,0,0,273.5,433,445.0,469,36,0,0,0,1,265,265.0,265,0,5.0,5,0,0,0,0,0.0,0,0,0,0,0,0,0,0,0,0,0,0,0,0,0,0,0,0,0,0
LOSSY_RADIO_SYBIL_CONTROL_N16_SEED123456,LOSSY_RADIO,sybil,control,0,0,16,123456,120,180,0,140,139,0,14,1169,44372,2832,16,371,189,3,0,0,0,0,0,0,0,0,0,0,0,0,3,1,405,432.3333,468,63,3,405,432.3333,468,63,0,0,0.0,405,432.5,468,63,0,0,0,1,269,269.0,269,0,5.0,5,0,0,0,0,0.0,0,0,0,0,0,0,0,0,0,0,0,0,0,0,0,0,0,0,0,0
LOSSY_RADIO_SYBIL_CONTROL_N16_SEED123456,LOSSY_RADIO,sybil,control,0,0,16,123456,180,240,0,40,40,0,4,1157,42963,2768,16,374,188,1,0,0,0,0,0,0,0,0,0,0,0,0,1,1,128,128.0,128,0,0,0.0,0.0,0.0,0.0,0,0,0.0,405,432.5,468,63,0,0,0,1,284,284.0,284,0,5.0,5,0,0,0,0,0.0,0,0,0,0,0,0,0,0,0,0,0,0,0,0,0,0,0,0,0,0
LOSSY_RADIO_SYBIL_CONTROL_N16_SEED123456,LOSSY_RADIO,sybil,control,0,0,16,123456,240,300,1,100,100,0,10,1149,43819,2823,16,371,187,3,1,0,0,0,0,0,0,0,0,0,0,0,3,1,407,411.3333,415,8,3,407,411.3333,415,8,0,0,273.0,407,425.5,468,61,0,0,0,1,265,265.0,265,0,5.0,5,0,0,0,0,0.0,0,0,0,0,0,0,0,0,0,0,0,0,0,0,0,0,0,0,0,0
LOSSY_RADIO_SYBIL_CONTROL_N16_SEED123456,LOSSY_RADIO,sybil,control,0,0,16,123456,300,360,1,130,130,0,13,1159,43308,2784,16,368,191,0,0,0,0,0,0,0,0,0,0,0,0,0,0,0,0.0,0.0,0.0,0.0,0,0.0,0.0,0.0,0.0,0,0,0.0,407,425.5,468,61,0,0,0,1,263,263.0,263,0,5.0,5,0,0,0,0,0.0,0,0,0,0,0,0,0,0,0,0,0,0,0,0,0,0,0,0,0,0
LOSSY_RADIO_SYBIL_CONTROL_N16_SEED123456,LOSSY_RADIO,sybil,control,0,0,16,123456,360,420,1,10,10,0,1,1150,43301,2799,16,372,191,0,0,0,0,0,0,0,0,0,0,0,0,0,0,0,0.0,0.0,0.0,0.0,0,0.0,0.0,0.0,0.0,0,0,0.0,407,425.5,468,61,0,0,0,1,279,279.0,279,0,5.0,5,0,0,0,0,0.0,0,0,0,0,0,0,0,0,0,0,0,0,0,0,0,0,0,0,0,0
LOSSY_RADIO_SYBIL_CONTROL_N16_SEED123456,LOSSY_RADIO,sybil,control,0,0,16,123456,420,480,1,140,140,0,14,1144,42917,2735,16,374,190,2,0,0,0,0,0,0,0,0,0,0,0,0,2,1,419,420.5,422,3,2,419,420.5,422,3,0,0,0.0,407,415.0,422,15,0,0,0,1,293,293.0,293,0,5.0,5,0,0,0,0,0.0,0,0,0,0,0,0,0,0,0,0,0,0,0,0,0,0,0,0,0,0
LOSSY_RADIO_SYBIL_CONTROL_N16_SEED123456,LOSSY_RADIO,sybil,control,0,0,16,123456,480,540,1,30,30,0,3,1175,44663,2875,16,389,189,2,1,0,0,0,0,0,0,0,0,0,0,0,2,1,398,415.5,433,35,2,398,415.5,433,35,0,0,270.0,398,418.0,433,35,0,0,0,1,256,256.0,256,0,5.0,5,0,0,0,0,0.0,0,0,0,0,0,0,0,0,0,0,0,0,0,0,0,0,0,0,0,0
LOSSY_RADIO_SYBIL_CONTROL_N16_SEED234567,LOSSY_RADIO,sybil,control,0,0,16,234567,0,60,0,0,0,0,0,676,30584,1680,16,202,101,33,8,1,0,0,1,1,1,0,1,1,1,0,5,1,128,30015.5758,65535,65407,29,446,34138.0,65535,65089,0,0,32919.75,446,466.75,483,37,0,0,0,1,338,338.0,338,0,1.0,1,0,0,0,0,0.0,0,0,0,0,0,0,0,0,0,0,0,0,0,0,0,0,0,0,0,0
LOSSY_RADIO_SYBIL_CONTROL_N16_SEED234567,LOSSY_RADIO,sybil,control,0,0,16,234567,60,120,0,0,0,0,0,1219,46928,3031,16,378,192,5,1,0,0,0,0,0,0,0,0,0,0,0,4,1,414,437.4,481,67,5,414,437.4,481,67,0,0,274.0,414,440.0,481,67,0,0,0,1,271,271.0,271,0,5.0,5,0,0,0,0,0.0,0,0,0,0,0,0,0,0,0,0,0,0,0,0,0,0,0,0,0,0
LOSSY_RADIO_SYBIL_CONTROL_N16_SEED234567,LOSSY_RADIO,sybil,control,0,0,16,234567,120,180,0,140,140,0,14,1211,46253,2932,16,383,201,5,1,0,0,0,0,0,0,0,0,0,0,0,5,1,128,364.0,438,310,4,408,423.0,438,30,0,0,266.0,408,423.0,438,30,0,0,0,1,265,265.0,265,0,5.0,5,0,0,0,0,0.0,0,0,0,0,0,0,0,0,0,0,0,0,0,0,0,0,0,0,0,0
LOSSY_RADIO_SYBIL_CONTROL_N16_SEED234567,LOSSY_RADIO,sybil,control,0,0,16,234567,180,240,0,50,50,0,5,1161,43466,2816,16,381,196,2,1,0,0,0,0,0,0,0,0,0,0,0,2,1,420,428.0,436,16,2,420,428.0,436,16,0,0,273.0,408,423.75,436,28,0,0,0,1,268,268.0,268,0,5.0,5,0,0,0,0,0.0,0,0,0,0,0,0,0,0,0,0,0,0,0,0,0,0,0,0,0,0
LOSSY_RADIO_SYBIL_CONTROL_N16_SEED234567,LOSSY_RADIO,sybil,control,0,0,16,234567,240,300,1,90,90,0,9,1196,45426,2922,16,379,196,3,0,0,0,0,0,0,0,0,0,0,0,0,3,1,128,321.6667,424,296,2,413,418.5,424,11,0,0,0.0,413,423.25,436,23,0,0,0,1,270,270.0,270,0,5.0,5,0,0,0,0,0.0,0,0,0,0,0,0,0,0,0,0,0,0,0,0,0,0,0,0,0,0
LOSSY_RADIO_SYBIL_CONTROL_N16_SEED234567,LOSSY_RADIO,sybil,control,0,0,16,234567,300,360,1,140,140,0,14,1146,42848,2778,16,370,194,0,0,0,0,0,0,0,0,0,0,0,0,0,0,0,0.0,0.0,0.0,0.0,0,0.0,0.0,0.0,0.0,0,0,0.0,413,423.25,436,23,0,0,0,1,272,272.0,272,0,5.0,5,0,0,0,0,0.0,0,0,0,0,0,0,0,0,0,0,0,0,0,0,0,0,0,0,0,0
LOSSY_RADIO_SYBIL_CONTROL_N16_SEED234567,LOSSY_RADIO,sybil,control,0,0,16,234567,360,420,1,0,0,0,0,1170,44241,2935,16,370,192,0,0,0,0,0,0,0,0,0,0,0,0,0,0,0,0.0,0.0,0.0,0.0,0,0.0,0.0,0.0,0.0,0,0,0.0,413,423.25,436,23,0,0,0,1,319,319.0,319,0,5.0,5,0,0,0,0,0.0,0,0,0,0,0,0,0,0,0,0,0,0,0,0,0,0,0,0,0,0
LOSSY_RADIO_SYBIL_CONTROL_N16_SEED234567,LOSSY_RADIO,sybil,control,0,0,16,234567,420,480,1,140,140,0,14,1192,45104,2994,16,371,194,1,0,0,0,0,0,0,0,0,0,0,0,0,1,1,128,128.0,128,0,0,0.0,0.0,0.0,0.0,0,0,0.0,413,423.25,436,23,0,0,0,1,262,262.0,262,0,5.0,5,0,0,0,0,0.0,0,0,0,0,0,0,0,0,0,0,0,0,0,0,0,0,0,0,0,0
LOSSY_RADIO_SYBIL_CONTROL_N16_SEED234567,LOSSY_RADIO,sybil,control,0,0,16,234567,480,540,1,50,50,0,5,1185,44915,2904,16,383,192,2,1,0,0,0,0,0,0,0,0,0,0,0,2,1,401,412.0,423,22,2,401,412.0,423,22,0,0,272.0,401,421.0,436,35,0,0,0,1,256,256.0,256,0,5.0,5,0,0,0,0,0.0,0,0,0,0,0,0,0,0,0,0,0,0,0,0,0,0,0,0,0,0
LOSSY_RADIO_SYBIL_CONTROL_N16_SEED345678,LOSSY_RADIO,sybil,control,0,0,16,345678,0,60,0,0,0,0,0,732,33137,1938,16,225,102,32,8,1,0,0,1,1,1,0,1,1,1,0,5,1,128,30950.4375,65535,65407,29,426,34138.9655,65535,65109,0,0,32920.125,426,472.5,501,75,0,0,0,1,338,338.0,338,0,1.0,1,0,0,0,0,0.0,0,0,0,0,0,0,0,0,0,0,0,0,0,0,0,0,0,0,0,0
LOSSY_RADIO_SYBIL_CONTROL_N16_SEED345678,LOSSY_RADIO,sybil,control,0,0,16,345678,60,120,0,0,0,0,0,1172,45273,3015,16,366,188,6,2,0,0,0,0,0,0,0,0,0,0,0,5,1,128,401.6667,501,373,5,423,456.4,501,78,0,0,265.0,423,451.5,501,78,0,0,0,1,270,270.0,270,0,5.0,5,0,0,0,0,0.0,0,0,0,0,0,0,0,0,0,0,0,0,0,0,0,0,0,0,0,0
LOSSY_RADIO_SYBIL_CONTROL_N16_SEED345678,LOSSY_RADIO,sybil,control,0,0,16,345678,120,180,0,140,140,0,14,1194,45350,3066,16,376,189,4,0,0,0,0,0,0,0,0,0,0,0,0,4,1,411,414.75,419,8,4,411,414.75,419,8,0,0,0.0,411,414.75,419,8,0,0,0,1,291,291.0,291,0,5.0,5,0,0,0,0,0.0,0,0,0,0,0,0,0,0,0,0,0,0,0,0,0,0,0,0,0,0
LOSSY_RADIO_SYBIL_CONTROL_N16_SEED345678,LOSSY_RADIO,sybil,control,0,0,16,345678,180,240,0,50,50,0,5,1178,44452,3016,16,380,194,0,1,0,0,0,0,0,0,0,0,0,0,0,0,0,0.0,0.0,0.0,0.0,0,0.0,0.0,0.0,0.0,0,0,266.0,411,414.75,419,8,0,0,0,1,268,268.0,268,0,5.0,5,0,0,0,0,0.0,0,0,0,0,0,0,0,0,0,0,0,0,0,0,0,0,0,0,0,0
LOSSY_RADIO_SYBIL_CONTROL_N16_SEED345678,LOSSY_RADIO,sybil,control,0,0,16,345678,240,300,1,90,90,0,9,1210,46669,3156,16,384,192,5,0,0,0,0,0,0,0,0,0,0,0,0,5,1,128,349.0,412,284,4,394,404.25,412,18,0,0,0.0,394,404.25,412,18,0,0,0,1,261,261.0,261,0,5.0,5,0,0,0,0,0.0,0,0,0,0,0,0,0,0,0,0,0,0,0,0,0,0,0,0,0,0
LOSSY_RADIO_SYBIL_CONTROL_N16_SEED345678,LOSSY_RADIO,sybil,control,0,0,16,345678,300,360,1,120,120,0,12,1160,43413,3029,16,369,182,0,0,0,0,0,0,0,0,0,0,0,0,0,0,0,0.0,0.0,0.0,0.0,0,0.0,0.0,0.0,0.0,0,0,0.0,394,404.25,412,18,0,0,0,1,260,260.0,260,0,5.0,5,0,0,0,0,0.0,0,0,0,0,0,0,0,0,0,0,0,0,0,0,0,0,0,0,0,0
LOSSY_RADIO_SYBIL_CONTROL_N16_SEED345678,LOSSY_RADIO,sybil,control,0,0,16,345678,360,420,1,20,20,0,2,1113,41291,2809,16,354,191,0,0,0,0,0,0,0,0,0,0,0,0,0,0,0,0.0,0.0,0.0,0.0,0,0.0,0.0,0.0,0.0,0,0,0.0,394,404.25,412,18,0,0,0,1,262,262.0,262,0,5.0,5,0,0,0,0,0.0,0,0,0,0,0,0,0,0,0,0,0,0,0,0,0,0,0,0,0,0
LOSSY_RADIO_SYBIL_CONTROL_N16_SEED345678,LOSSY_RADIO,sybil,control,0,0,16,345678,420,480,1,140,140,0,14,1200,45197,3068,16,387,196,1,1,0,0,0,0,0,0,0,0,0,0,0,1,1,418,418.0,418,0,1,418,418.0,418,0,0,0,266.0,404,410.25,418,14,0,0,0,1,256,256.0,256,0,5.0,5,0,0,0,0,0.0,0,0,0,0,0,0,0,0,0,0,0,0,0,0,0,0,0,0,0,0
LOSSY_RADIO_SYBIL_CONTROL_N16_SEED345678,LOSSY_RADIO,sybil,control,0,0,16,345678,480,540,1,50,50,0,5,1170,44716,2988,16,375,188,4,0,0,0,0,0,0,0,0,0,0,0,0,4,1,128,337.25,414,286,3,398,407.0,414,16,0,0,0.0,398,409.75,418,20,0,0,0,1,300,300.0,300,0,5.0,5,0,0,0,0,0.0,0,0,0,0,0,0,0,0,0,0,0,0,0,0,0,0,0,0,0,0
LOSSY_RADIO_SYBIL_CONTROL_N16_SEED456789,LOSSY_RADIO,sybil,control,0,0,16,456789,0,60,0,0,0,0,0,620,28395,1660,16,190,94,30,7,0,0,0,1,1,1,0,1,1,1,0,5,1,128,30815.3667,65535,65407,26,466,35536.5,65535,65069,0,0,37584.4286,466,511.5,583,117,0,0,0,1,338,338.0,338,0,1.0,1,0,0,0,0,0.0,0,0,0,0,0,0,0,0,0,0,0,0,0,0,0,0,0,0,0,0
LOSSY_RADIO_SYBIL_CONTROL_N16_SEED456789,LOSSY_RADIO,sybil,control,0,0,16,456789,60,120,0,0,0,0,0,1204,46205,3141,16,387,194,3,1,0,0,0,0,0,0,0,0,0,0,0,3,1,422,454.3333,482,60,3,422,454.3333,482,60,0,0,273.0,422,457.25,482,60,0,0,0,1,279,279.0,279,0,5.0,5,0,0,0,0,0.0,0,0,0,0,0,0,0,0,0,0,0,0,0,0,0,0,0,0,0,0
LOSSY_RADIO_SYBIL_CONTROL_N16_SEED456789,LOSSY_RADIO,sybil,control,0,0,16,456789,120,180,0,140,140,0,14,1167,44176,2968,16,376,197,4,1,0,0,0,0,0,0,0,0,0,0,0,4,1,128,342.5,431,303,3,395,414.0,431,36,0,0,260.0,395,416.0,431,36,0,0,0,1,306,306.0,306,0,5.0,5,0,0,0,0,0.0,0,0,0,0,0,0,0,0,0,0,0,0,0,0,0,0,0,0,0,0
LOSSY_RADIO_SYBIL_CONTROL_N16_SEED456789,LOSSY_RADIO,sybil,control,0,0,16,456789,180,240,0,30,30,0,3,1161,43487,2997,16,374,187,1,0,0,0,0,0,0,0,0,0,0,0,0,1,1,388,388.0,388,0,1,388,388.0,388,0,0,0,0.0,388,405.25,422,34,0,0,0,1,288,288.0,288,0,5.0,5,0,0,0,0,0.0,0,0,0,0,0,0,0,0,0,0,0,0,0,0,0,0,0,0,0,0
LOSSY_RADIO_SYBIL_CONTROL_N16_SEED456789,LOSSY_RADIO,sybil,control,0,0,16,456789,240,300,1,110,110,0,11,1161,44385,3087,16,363,180,4,1,0,0,0,0,0,0,0,0,0,0,0,4,1,128,335.25,411,283,3,396,404.3333,411,15,0,0,277.0,388,400.25,411,23,0,0,0,1,261,261.0,261,0,5.0,5,0,0,0,0,0.0,0,0,0,0,0,0,0,0,0,0,0,0,0,0,0,0,0,0,0,0
LOSSY_RADIO_SYBIL_CONTROL_N16_SEED456789,LOSSY_RADIO,sybil,control,0,0,16,456789,300,360,1,100,100,0,10,1164,43777,3013,16,372,198,0,0,0,0,0,0,0,0,0,0,0,0,0,0,0,0.0,0.0,0.0,0.0,0,0.0,0.0,0.0,0.0,0,0,0.0,388,400.25,411,23,0,0,0,1,304,304.0,304,0,5.0,5,0,0,0,0,0.0,0,0,0,0,0,0,0,0,0,0,0,0,0,0,0,0,0,0,0,0
LOSSY_RADIO_SYBIL_CONTROL_N16_SEED456789,LOSSY_RADIO,sybil,control,0,0,16,456789,360,420,1,40,39,0,4,1199,45202,3132,16,384,200,0,0,0,0,0,0,0,0,0,0,0,0,0,0,0,0.0,0.0,0.0,0.0,0,0.0,0.0,0.0,0.0,0,0,0.0,388,400.25,411,23,0,0,0,1,256,256.0,256,0,5.0,5,0,0,0,0,0.0,0,0,0,0,0,0,0,0,0,0,0,0,0,0,0,0,0,0,0,0
LOSSY_RADIO_SYBIL_CONTROL_N16_SEED456789,LOSSY_RADIO,sybil,control,0,0,16,456789,420,480,1,140,140,0,14,1134,42845,2925,16,359,184,2,1,0,0,0,0,0,0,0,0,0,0,0,2,1,128,268.0,408,280,1,408,408.0,408,0,0,0,257.0,388,403.25,411,23,0,0,0,1,256,256.0,256,0,5.0,5,0,0,0,0,0.0,0,0,0,0,0,0,0,0,0,0,0,0,0,0,0,0,0,0,0,0
LOSSY_RADIO_SYBIL_CONTROL_N16_SEED456789,LOSSY_RADIO,sybil,control,0,0,16,456789,480,540,1,20,20,0,2,1142,43138,2953,16,367,185,3,0,0,0,0,0,0,0,0,0,0,0,0,3,1,394,403.3333,421,27,3,394,403.3333,421,27,0,0,0.0,394,404.5,421,27,0,0,0,1,261,261.0,261,0,5.0,5,0,0,0,0,0.0,0,0,0,0,0,0,0,0,0,0,0,0,0,0,0,0,0,0,0,0
LOSSY_RADIO_SYBIL_CONTROL_N16_SEED567890,LOSSY_RADIO,sybil,control,0,0,16,567890,0,60,0,0,0,0,0,637,29687,1589,16,199,94,32,8,1,0,0,1,1,1,0,1,1,1,0,5,1,128,28932.5312,65535,65407,28,509,33047.4643,65535,65026,0,0,32936.25,530,556.0,580,50,0,0,0,1,351,351.0,351,0,1.0,1,0,0,0,0,0.0,0,0,0,0,0,0,0,0,0,0,0,0,0,0,0,0,0,0,0,0
LOSSY_RADIO_SYBIL_CONTROL_N16_SEED567890,LOSSY_RADIO,sybil,control,0,0,16,567890,60,120,0,0,0,0,0,1194,46166,2927,16,384,187,7,1,0,0,0,0,0,0,0,0,0,0,0,5,1,128,441.1429,557,429,6,435,493.3333,557,122,0,0,278.0,435,465.25,485,50,0,0,0,1,294,294.0,294,0,5.0,5,0,0,0,0,0.0,0,0,0,0,0,0,0,0,0,0,0,0,0,0,0,0,0,0,0,0
LOSSY_RADIO_SYBIL_CONTROL_N16_SEED567890,LOSSY_RADIO,sybil,control,0,0,16,567890,120,180,0,140,140,0,14,1179,44560,2868,16,383,200,4,1,0,0,0,0,0,0,0,0,0,0,0,4,1,420,428.75,433,13,4,420,428.75,433,13,0,0,256.0,420,428.75,433,13,0,0,0,1,272,272.0,272,0,5.0,5,0,0,0,0,0.0,0,0,0,0,0,0,0,0,0,0,0,0,0,0,0,0,0,0,0,0
LOSSY_RADIO_SYBIL_CONTROL_N16_SEED567890,LOSSY_RADIO,sybil,control,0,0,16,567890,180,240,0,40,40,0,4,1184,44632,2795,16,396,202,0,1,0,0,0,0,0,0,0,0,0,0,0,0,0,0.0,0.0,0.0,0.0,0,0.0,0.0,0.0,0.0,0,0,274.0,420,428.75,433,13,0,0,0,1,265,265.0,265,0,5.0,5,0,0,0,0,0.0,0,0,0,0,0,0,0,0,0,0,0,0,0,0,0,0,0,0,0,0
LOSSY_RADIO_SYBIL_CONTROL_N16_SEED567890,LOSSY_RADIO,sybil,control,0,0,16,567890,240,300,1,100,100,0,10,1145,43535,2756,16,369,192,4,0,0,0,0,0,0,0,0,0,0,0,0,4,1,404,420.25,432,28,4,404,420.25,432,28,0,0,0.0,404,420.25,432,28,0,0,0,1,279,279.0,279,0,5.0,5,0,0,0,0,0.0,0,0,0,0,0,0,0,0,0,0,0,0,0,0,0,0,0,0,0,0
LOSSY_RADIO_SYBIL_CONTROL_N16_SEED567890,LOSSY_RADIO,sybil,control,0,0,16,567890,300,360,1,120,120,0,12,1209,45463,2983,16,395,197,0,0,0,0,0,0,0,0,0,0,0,0,0,0,0,0.0,0.0,0.0,0.0,0,0.0,0.0,0.0,0.0,0,0,0.0,404,420.25,432,28,0,0,0,1,284,284.0,284,0,5.0,5,0,0,0,0,0.0,0,0,0,0,0,0,0,0,0,0,0,0,0,0,0,0,0,0,0,0
LOSSY_RADIO_SYBIL_CONTROL_N16_SEED567890,LOSSY_RADIO,sybil,control,0,0,16,567890,360,420,1,20,20,0,2,1151,42987,2792,16,377,189,0,1,0,0,0,0,0,0,0,0,0,0,0,0,0,0.0,0.0,0.0,0.0,0,0.0,0.0,0.0,0.0,0,0,264.0,404,420.25,432,28,0,0,0,1,268,268.0,268,0,5.0,5,0,0,0,0,0.0,0,0,0,0,0,0,0,0,0,0,0,0,0,0,0,0,0,0,0,0
LOSSY_RADIO_SYBIL_CONTROL_N16_SEED567890,LOSSY_RADIO,sybil,control,0,0,16,567890,420,480,1,140,140,0,14,1179,44705,2850,16,380,188,2,0,0,0,0,0,0,0,0,0,0,0,0,2,1,128,262.5,397,269,1,397,397.0,397,0,0,0,0.0,397,414.0,432,35,0,0,0,1,261,261.0,261,0,5.0,5,0,0,0,0,0.0,0,0,0,0,0,0,0,0,0,0,0,0,0,0,0,0,0,0,0,0
LOSSY_RADIO_SYBIL_CONTROL_N16_SEED567890,LOSSY_RADIO,sybil,control,0,0,16,567890,480,540,1,40,40,0,4,1184,44399,2818,16,377,197,3,0,0,0,0,0,0,0,0,0,0,0,0,3,1,392,399.6667,406,14,3,392,399.6667,406,14,0,0,0.0,392,399.0,406,14,0,0,0,1,263,263.0,263,0,5.0,5,0,0,0,0,0.0,0,0,0,0,0,0,0,0,0,0,0,0,0,0,0,0,0,0,0,0
