run_id,condition,family,mode,binary_run_label,window_label,nodes,seed,window_start_s,window_end_s,post_activation,app_tx_delta,app_rx_delta,app_missed_delta,app_reporting_nodes,radio_tx_count,radio_bytes,radio_interfered_count,unique_radio_senders,attacker_node16_radio_tx,root_node1_radio_tx,dio_rx_count,dio_tx_count,dis_rx_count,dis_tx_count,dao_rx_count,dao_tx_count,parent_switch_count,parent_switch_to_root_count,parent_switch_to_nonroot_count,unique_parent_targets,parent_found_events,no_parent_events,significant_rank_update_count,unique_dio_senders,unique_dio_receivers,dio_rx_rank_min,dio_rx_rank_mean,dio_rx_rank_max,dio_rx_rank_range,dio_rx_nonroot_count,dio_rx_nonroot_rank_min,dio_rx_nonroot_rank_mean,dio_rx_nonroot_rank_max,dio_rx_nonroot_rank_range,dio_rx_low_rank_nonroot_count,unique_low_rank_nonroot_senders,dio_tx_rank_mean,state_nonroot_rank_min,state_nonroot_rank_mean,state_nonroot_rank_max,state_nonroot_rank_range,state_low_rank_nonroot_pairs,state_low_rank_nonroot_senders,state_receivers_exposed_low_rank_nonroot,own_state_sample_count,own_rank_min,own_rank_mean,own_rank_max,own_rank_range,own_neighbor_count_mean,own_neighbor_count_max,topology_edge_count,topology_unique_parents,topology_max_parent_fanout,topology_root_direct_children,topology_mean_depth,topology_max_depth,sinkhole_attack_enabled_events,sinkhole_advertised_rank_events,blackhole_attack_enabled_events,blackhole_drop_events,grayhole_attack_enabled_events,grayhole_drop_events,increase_rank_attack_enabled_events,increase_rank_advertised_rank_events,dis_flood_attack_enabled_events,dis_flood_sent_events,dio_suppression_attack_enabled_events,dio_suppression_events,worst_parent_attack_enabled_events,worst_parent_selection_events,wormhole_attack_enabled_events,wormhole_endpoint_radio_events,sybil_attack_enabled_events,sybil_spoofed_dio_events,sybil_sent_dio_events
ATTACKER_RELOCATED_BH_ATTACK_N16_SEED123456,ATTACKER_RELOCATED,blackhole,attack,1,0,16,123456,0,60,0,0,0,0,0,628,27823,1084,16,233,104,64,8,4,0,0,1,1,1,0,1,1,1,0,9,1,128,32976.5469,65535,65407,60,403,35166.45,65535,65132,0,0,32909.125,403,434.875,454,51,0,0,0,1,307,307.0,307,0,1.0,1,0,0,0,0,0.0,0,0,0,0,0,0,0,0,0,0,0,0,0,0,0,0,0,0,0,0
ATTACKER_RELOCATED_BH_ATTACK_N16_SEED123456,ATTACKER_RELOCATED,blackhole,attack,1,0,16,123456,60,120,0,0,0,0,0,859,31122,1293,16,333,165,17,1,0,0,0,0,0,0,0,0,0,0,0,9,1,128,402.1176,450,322,16,384,419.25,450,66,0,0,256.0,384,413.75,450,66,0,0,0,1,256,256.0,256,0,9.0,9,0,0,0,0,0.0,0,0,0,0,0,0,0,0,0,0,0,0,0,0,0,0,0,0,0,0
ATTACKER_RELOCATED_BH_ATTACK_N16_SEED123456,ATTACKER_RELOCATED,blackhole,attack,1,0,16,123456,120,180,0,140,140,0,14,861,30492,1254,16,340,175,7,1,0,0,0,0,0,0,0,0,0,0,0,7,1,384,399.5714,426,42,7,384,399.5714,426,42,0,0,256.0,384,402.625,426,42,0,0,0,1,256,256.0,256,0,9.0,9,0,0,0,0,0.0,0,0,0,0,0,0,0,0,0,0,0,0,0,0,0,0,0,0,0,0
ATTACKER_RELOCATED_BH_ATTACK_N16_SEED123456,ATTACKER_RELOCATED,blackhole,attack,1,0,16,123456,180,240,0,60,60,0,6,833,29033,1192,16,332,167,2,1,0,0,0,0,0,0,0,0,0,0,0,2,1,128,257.0,386,258,1,386,386.0,386,0,0,0,256.0,384,401.625,426,42,0,0,0,1,256,256.0,256,0,9.0,9,0,0,0,0,0.0,0,0,0,0,0,0,0,0,0,0,0,0,0,0,0,0,0,0,0,0
ATTACKER_RELOCATED_BH_ATTACK_N16_SEED123456,ATTACKER_RELOCATED,blackhole,attack,1,1,16,123456,240,300,1,80,75,0,8,288,10511,494,16,91,4,7,0,0,0,0,0,0,0,0,0,0,0,0,7,1,384,388.0,396,12,7,384,388.0,396,12,0,0,0.0,384,387.75,396,12,0,0,0,1,256,256.0,256,0,9.0,9,0,0,0,0,0.0,0,0,0,1,83,0,0,0,0,0,0,0,0,0,0,0,0,0,0,0
ATTACKER_RELOCATED_BH_ATTACK_N16_SEED123456,ATTACKER_RELOCATED,blackhole,attack,1,1,16,123456,300,360,1,140,7,0,14,267,9252,464,15,84,0,0,0,0,0,0,0,0,0,0,0,0,0,0,0,0,0.0,0.0,0.0,0.0,0,0.0,0.0,0.0,0.0,0,0,0.0,384,387.75,396,12,0,0,0,1,256,256.0,256,0,9.0,9,0,0,0,0,0.0,0,0,0,0,84,0,0,0,0,0,0,0,0,0,0,0,0,0,0,0
ATTACKER_RELOCATED_BH_ATTACK_N16_SEED123456,ATTACKER_RELOCATED,blackhole,attack,1,1,16,123456,360,420,1,0,0,0,0,265,9024,461,15,85,0,0,0,0,0,0,0,0,0,0,0,0,0,0,0,0,0.0,0.0,0.0,0.0,0,0.0,0.0,0.0,0.0,0,0,0.0,384,387.75,396,12,0,0,0,1,256,256.0,256,0,9.0,9,0,0,0,0,0.0,0,0,0,0,84,0,0,0,0,0,0,0,0,0,0,0,0,0,0,0
ATTACKER_RELOCATED_BH_ATTACK_N16_SEED123456,ATTACKER_RELOCATED,blackhole,attack,1,1,16,123456,420,480,1,140,0,0,14,267,9555,458,16,86,1,5,1,0,0,0,0,0,0,0,0,0,0,0,5,1,128,334.2,391,263,4,384,385.75,391,7,0,0,256.0,384,386.375,391,7,0,0,0,1,256,256.0,256,0,9.0,9,0,0,0,0,0.0,0,0,0,0,84,0,0,0,0,0,0,0,0,0,0,0,0,0,0,0
ATTACKER_RELOCATED_BH_ATTACK_N16_SEED123456,ATTACKER_RELOCATED,blackhole,attack,1,1,16,123456,480,540,1,60,0,0,6,272,9571,485,15,86,0,2,0,0,0,0,0,0,0,0,0,0,0,0,2,1,384,384.0,384,0,2,384,384.0,384,0,0,0,0.0,384,386.125,391,7,0,0,0,1,256,256.0,256,0,9.0,9,0,0,0,0,0.0,0,0,0,0,85,0,0,0,0,0,0,0,0,0,0,0,0,0,0,0
ATTACKER_RELOCATED_BH_ATTACK_N16_SEED234567,ATTACKER_RELOCATED,blackhole,attack,1,0,16,234567,0,60,0,0,0,0,0,658,28578,1223,16,243,113,62,8,3,0,0,1,1,1,0,1,1,1,0,9,1,128,34022.9032,65535,65407,58,396,36360.4828,65535,65139,0,0,32906.125,396,432.25,465,69,0,0,0,1,307,307.0,307,0,1.0,1,0,0,0,0,0.0,0,0,0,0,0,0,0,0,0,0,0,0,0,0,0,0,0,0,0,0
ATTACKER_RELOCATED_BH_ATTACK_N16_SEED234567,ATTACKER_RELOCATED,blackhole,attack,1,0,16,234567,60,120,0,0,0,0,0,868,30909,1480,16,338,169,9,1,0,0,0,0,0,0,0,0,0,0,0,8,1,384,411.5556,441,57,9,384,411.5556,441,57,0,0,256.0,384,411.625,441,57,0,0,0,1,265,265.0,265,0,9.0,9,0,0,0,0,0.0,0,0,0,0,0,0,0,0,0,0,0,0,0,0,0,0,0,0,0,0
ATTACKER_RELOCATED_BH_ATTACK_N16_SEED234567,ATTACKER_RELOCATED,blackhole,attack,1,0,16,234567,120,180,0,140,140,0,14,852,30136,1431,16,338,169,9,1,0,0,0,0,0,0,0,0,0,0,0,9,1,128,365.8889,416,288,8,384,395.625,416,32,0,0,256.0,384,395.625,416,32,0,0,0,1,256,256.0,256,0,9.0,9,0,0,0,0,0.0,0,0,0,0,0,0,0,0,0,0,0,0,0,0,0,0,0,0,0,0
ATTACKER_RELOCATED_BH_ATTACK_N16_SEED234567,ATTACKER_RELOCATED,blackhole,attack,1,0,16,234567,180,240,0,90,90,0,9,849,29354,1425,16,340,172,1,0,0,0,0,0,0,0,0,0,0,0,0,1,1,392,392.0,392,0,1,392,392.0,392,0,0,0,0.0,384,393.875,416,32,0,0,0,1,256,256.0,256,0,9.0,9,0,0,0,0,0.0,0,0,0,0,0,0,0,0,0,0,0,0,0,0,0,0,0,0,0,0
ATTACKER_RELOCATED_BH_ATTACK_N16_SEED234567,ATTACKER_RELOCATED,blackhole,attack,1,1,16,234567,240,300,1,50,48,0,5,279,10458,603,16,85,1,8,1,0,0,0,0,0,0,0,0,0,0,0,8,1,128,354.625,400,272,7,384,387.0,400,16,0,0,256.0,384,387.625,400,16,0,0,0,1,256,256.0,256,0,9.0,9,0,0,0,0,0.0,0,0,0,1,84,0,0,0,0,0,0,0,0,0,0,0,0,0,0,0
ATTACKER_RELOCATED_BH_ATTACK_N16_SEED234567,ATTACKER_RELOCATED,blackhole,attack,1,1,16,234567,300,360,1,130,11,0,13,264,9084,561,15,84,0,0,0,0,0,0,0,0,0,0,0,0,0,0,0,0,0.0,0.0,0.0,0.0,0,0.0,0.0,0.0,0.0,0,0,0.0,384,387.625,400,16,0,0,0,1,256,256.0,256,0,9.0,9,0,0,0,0,0.0,0,0,0,0,84,0,0,0,0,0,0,0,0,0,0,0,0,0,0,0
ATTACKER_RELOCATED_BH_ATTACK_N16_SEED234567,ATTACKER_RELOCATED,blackhole,attack,1,1,16,234567,360,420,1,10,0,0,1,254,8681,540,16,84,1,1,1,0,0,0,0,0,0,0,0,0,0,0,1,1,128,128.0,128,0,0,0.0,0.0,0.0,0.0,0,0,256.0,384,387.625,400,16,0,0,0,1,256,256.0,256,0,9.0,9,0,0,0,0,0.0,0,0,0,0,83,0,0,0,0,0,0,0,0,0,0,0,0,0,0,0
ATTACKER_RELOCATED_BH_ATTACK_N16_SEED234567,ATTACKER_RELOCATED,blackhole,attack,1,1,16,234567,420,480,1,140,0,0,14,268,9501,585,15,84,0,5,0,0,0,0,0,0,0,0,0,0,0,0,5,1,384,384.0,384,0,5,384,384.0,384,0,0,0,0.0,384,385.0,392,8,0,0,0,1,256,256.0,256,0,9.0,9,0,0,0,0,0.0,0,0,0,0,81,0,0,0,0,0,0,0,0,0,0,0,0,0,0,0
ATTACKER_RELOCATED_BH_ATTACK_N16_SEED234567,ATTACKER_RELOCATED,blackhole,attack,1,1,16,234567,480,540,1,80,0,0,8,276,9993,586,15,85,0,3,0,0,0,0,0,0,0,0,0,0,0,0,3,1,384,384.0,384,0,3,384,384.0,384,0,0,0,0.0,384,384.0,384,0,0,0,0,1,256,256.0,256,0,9.0,9,0,0,0,0,0.0,0,0,0,0,85,0,0,0,0,0,0,0,0,0,0,0,0,0,0,0
ATTACKER_RELOCATED_BH_ATTACK_N16_SEED345678,ATTACKER_RELOCATED,blackhole,attack,1,0,16,345678,0,60,0,0,0,0,0,637,27670,1108,16,235,108,61,8,3,0,0,1,1,1,0,1,1,1,0,9,1,128,34575.8525,65535,65407,57,404,36993.2456,65535,65131,0,0,32910.125,404,433.0,456,52,0,0,0,1,307,307.0,307,0,1.0,1,0,0,0,0,0.0,0,0,0,0,0,0,0,0,0,0,0,0,0,0,0,0,0,0,0,0
ATTACKER_RELOCATED_BH_ATTACK_N16_SEED345678,ATTACKER_RELOCATED,blackhole,attack,1,0,16,345678,60,120,0,0,0,0,0,865,30688,1343,16,341,171,10,1,0,0,0,0,0,0,0,0,0,0,0,9,1,128,385.9,444,316,9,387,414.5556,444,57,0,0,256.0,387,414.375,444,57,0,0,0,1,256,256.0,256,0,9.0,9,0,0,0,0,0.0,0,0,0,0,0,0,0,0,0,0,0,0,0,0,0,0,0,0,0,0
ATTACKER_RELOCATED_BH_ATTACK_N16_SEED345678,ATTACKER_RELOCATED,blackhole,attack,1,0,16,345678,120,180,0,140,140,0,14,865,30790,1337,16,337,171,8,1,0,0,0,0,0,0,0,0,0,0,0,8,1,384,398.75,414,30,8,384,398.75,414,30,0,0,256.0,384,398.75,414,30,0,0,0,1,256,256.0,256,0,9.0,9,0,0,0,0,0.0,0,0,0,0,0,0,0,0,0,0,0,0,0,0,0,0,0,0,0,0
ATTACKER_RELOCATED_BH_ATTACK_N16_SEED345678,ATTACKER_RELOCATED,blackhole,attack,1,0,16,345678,180,240,0,80,80,0,8,838,29166,1290,16,335,167,4,1,0,0,0,0,0,0,0,0,0,0,0,4,1,128,321.75,391,263,3,384,386.3333,391,7,0,0,256.0,384,396.125,414,30,0,0,0,1,256,256.0,256,0,9.0,9,0,0,0,0,0.0,0,0,0,0,0,0,0,0,0,0,0,0,0,0,0,0,0,0,0,0
ATTACKER_RELOCATED_BH_ATTACK_N16_SEED345678,ATTACKER_RELOCATED,blackhole,attack,1,1,16,345678,240,300,1,60,57,0,6,270,9814,512,16,85,2,5,0,0,0,0,0,0,0,0,0,0,0,0,5,1,384,386.4,389,5,5,384,386.4,389,5,0,0,0.0,384,386.375,391,7,0,0,0,1,256,256.0,256,0,9.0,9,0,0,0,0,0.0,0,0,0,1,81,0,0,0,0,0,0,0,0,0,0,0,0,0,0,0
ATTACKER_RELOCATED_BH_ATTACK_N16_SEED345678,ATTACKER_RELOCATED,blackhole,attack,1,1,16,345678,300,360,1,140,10,0,14,280,9641,559,15,88,0,0,0,0,0,0,0,0,0,0,0,0,0,0,0,0,0.0,0.0,0.0,0.0,0,0.0,0.0,0.0,0.0,0,0,0.0,384,386.375,391,7,0,0,0,1,256,256.0,256,0,9.0,9,0,0,0,0,0.0,0,0,0,0,86,0,0,0,0,0,0,0,0,0,0,0,0,0,0,0
ATTACKER_RELOCATED_BH_ATTACK_N16_SEED345678,ATTACKER_RELOCATED,blackhole,attack,1,1,16,345678,360,420,1,0,0,0,0,258,8727,489,15,84,0,0,0,0,0,0,0,0,0,0,0,0,0,0,0,0,0.0,0.0,0.0,0.0,0,0.0,0.0,0.0,0.0,0,0,0.0,384,386.375,391,7,0,0,0,1,256,256.0,256,0,9.0,9,0,0,0,0,0.0,0,0,0,0,84,0,0,0,0,0,0,0,0,0,0,0,0,0,0,0
ATTACKER_RELOCATED_BH_ATTACK_N16_SEED345678,ATTACKER_RELOCATED,blackhole,attack,1,1,16,345678,420,480,1,140,0,0,14,274,10054,536,16,85,1,6,1,0,0,0,0,0,0,0,0,0,0,0,6,1,128,341.3333,384,256,5,384,384.0,384,0,0,0,256.0,384,384.0,384,0,0,0,0,1,256,256.0,256,0,9.0,9,0,0,0,0,0.0,0,0,0,0,84,0,0,0,0,0,0,0,0,0,0,0,0,0,0,0
ATTACKER_RELOCATED_BH_ATTACK_N16_SEED345678,ATTACKER_RELOCATED,blackhole,attack,1,1,16,345678,480,540,1,50,0,0,5,257,8849,480,15,83,0,3,0,0,0,0,0,0,0,0,0,0,0,0,3,1,384,384.0,384,0,3,384,384.0,384,0,0,0,0.0,384,384.0,384,0,0,0,0,1,256,256.0,256,0,9.0,9,0,0,0,0,0.0,0,0,0,0,83,0,0,0,0,0,0,0,0,0,0,0,0,0,0,0
ATTACKER_RELOCATED_BH_ATTACK_N16_SEED456789,ATTACKER_RELOCATED,blackhole,attack,1,0,16,456789,0,60,0,0,0,0,0,564,25147,1056,16,206,92,64,8,2,0,0,1,1,1,0,1,1,1,0,9,1,128,32974.2812,65535,65407,60,402,35164.0333,65535,65133,0,0,32907.0,402,434.5,454,52,0,0,0,1,307,307.0,307,0,1.0,1,0,0,0,0,0.0,0,0,0,0,0,0,0,0,0,0,0,0,0,0,0,0,0,0,0,0
ATTACKER_RELOCATED_BH_ATTACK_N16_SEED456789,ATTACKER_RELOCATED,blackhole,attack,1,0,16,456789,60,120,0,0,0,0,0,897,32331,1573,16,349,176,13,1,0,0,0,0,0,0,0,0,0,0,0,8,1,393,413.0769,440,47,13,393,413.0769,440,47,0,0,256.0,393,409.75,429,36,0,0,0,1,256,256.0,256,0,9.0,9,0,0,0,0,0.0,0,0,0,0,0,0,0,0,0,0,0,0,0,0,0,0,0,0,0,0
ATTACKER_RELOCATED_BH_ATTACK_N16_SEED456789,ATTACKER_RELOCATED,blackhole,attack,1,0,16,456789,120,180,0,140,140,0,14,860,30537,1458,16,337,172,9,1,0,0,0,0,0,0,0,0,0,0,0,9,1,128,366.3333,409,281,8,384,396.125,409,25,0,0,256.0,384,396.125,409,25,0,0,0,1,256,256.0,256,0,9.0,9,0,0,0,0,0.0,0,0,0,0,0,0,0,0,0,0,0,0,0,0,0,0,0,0,0,0
ATTACKER_RELOCATED_BH_ATTACK_N16_SEED456789,ATTACKER_RELOCATED,blackhole,attack,1,0,16,456789,180,240,0,50,50,0,5,842,29223,1440,16,333,166,2,0,0,0,0,0,0,0,0,0,0,0,0,2,1,384,384.0,384,0,2,384,384.0,384,0,0,0,0.0,384,393.875,409,25,0,0,0,1,256,256.0,256,0,9.0,9,0,0,0,0,0.0,0,0,0,0,0,0,0,0,0,0,0,0,0,0,0,0,0,0,0,0
ATTACKER_RELOCATED_BH_ATTACK_N16_SEED456789,ATTACKER_RELOCATED,blackhole,attack,1,1,16,456789,240,300,1,90,86,0,9,281,10272,622,16,88,1,7,1,0,0,0,0,0,0,0,0,0,0,0,7,1,128,348.8571,390,262,6,384,385.6667,390,6,0,0,256.0,384,385.25,390,6,0,0,0,1,256,256.0,256,0,9.0,9,0,0,0,0,0.0,0,0,0,1,87,0,0,0,0,0,0,0,0,0,0,0,0,0,0,0
ATTACKER_RELOCATED_BH_ATTACK_N16_SEED456789,ATTACKER_RELOCATED,blackhole,attack,1,1,16,456789,300,360,1,130,5,0,13,263,9134,585,15,85,0,0,0,0,0,0,0,0,0,0,0,0,0,0,0,0,0.0,0.0,0.0,0.0,0,0.0,0.0,0.0,0.0,0,0,0.0,384,385.25,390,6,0,0,0,1,256,256.0,256,0,9.0,9,0,0,0,0,0.0,0,0,0,0,83,0,0,0,0,0,0,0,0,0,0,0,0,0,0,0
ATTACKER_RELOCATED_BH_ATTACK_N16_SEED456789,ATTACKER_RELOCATED,blackhole,attack,1,1,16,456789,360,420,1,10,0,0,1,256,8746,550,15,83,0,0,0,0,0,0,0,0,0,0,0,0,0,0,0,0,0.0,0.0,0.0,0.0,0,0.0,0.0,0.0,0.0,0,0,0.0,384,385.25,390,6,0,0,0,1,256,256.0,256,0,9.0,9,0,0,0,0,0.0,0,0,0,0,81,0,0,0,0,0,0,0,0,0,0,0,0,0,0,0
ATTACKER_RELOCATED_BH_ATTACK_N16_SEED456789,ATTACKER_RELOCATED,blackhole,attack,1,1,16,456789,420,480,1,140,0,0,14,270,9677,605,15,85,0,5,1,0,0,0,0,0,0,0,0,0,0,0,5,1,384,384.0,384,0,5,384,384.0,384,0,0,0,256.0,384,384.0,384,0,0,0,0,1,256,256.0,256,0,9.0,9,0,0,0,0,0.0,0,0,0,0,84,0,0,0,0,0,0,0,0,0,0,0,0,0,0,0
ATTACKER_RELOCATED_BH_ATTACK_N16_SEED456789,ATTACKER_RELOCATED,blackhole,attack,1,1,16,456789,480,540,1,50,0,0,5,269,9416,582,16,85,1,1,0,0,0,0,0,0,0,0,0,0,0,0,1,1,128,128.0,128,0,0,0.0,0.0,0.0,0.0,0,0,0.0,384,384.0,384,0,0,0,0,1,256,256.0,256,0,9.0,9,0,0,0,0,0.0,0,0,0,0,85,0,0,0,0,0,0,0,0,0,0,0,0,0,0,0
ATTACKER_RELOCATED_BH_ATTACK_N16_SEED567890,ATTACKER_RELOCATED,blackhole,attack,1,0,16,567890,0,60,0,0,0,0,0,647,28037,1061,16,238,109,57,9,4,0,0,1,1,1,0,1,1,1,0,9,1,128,34690.3684,65535,65407,53,401,37298.8491,65535,65134,0,0,29284.8889,401,444.125,498,97,0,0,0,1,307,307.0,307,0,1.0,1,0,0,0,0,0.0,0,0,0,0,0,0,0,0,0,0,0,0,0,0,0,0,0,0,0,0
ATTACKER_RELOCATED_BH_ATTACK_N16_SEED567890,ATTACKER_RELOCATED,blackhole,attack,1,0,16,567890,60,120,0,0,0,0,0,848,30258,1247,16,330,165,11,1,0,0,0,0,0,0,0,0,0,0,0,9,1,128,396.1818,465,337,10,385,423.0,465,80,0,0,256.0,385,421.125,465,80,0,0,0,1,256,256.0,256,0,9.0,9,0,0,0,0,0.0,0,0,0,0,0,0,0,0,0,0,0,0,0,0,0,0,0,0,0,0
ATTACKER_RELOCATED_BH_ATTACK_N16_SEED567890,ATTACKER_RELOCATED,blackhole,attack,1,0,16,567890,120,180,0,140,140,0,14,857,30346,1237,16,339,171,8,1,0,0,0,0,0,0,0,0,0,0,0,8,1,384,404.0,429,45,8,384,404.0,429,45,0,0,256.0,384,404.0,429,45,0,0,0,1,256,256.0,256,0,9.0,9,0,0,0,0,0.0,0,0,0,0,0,0,0,0,0,0,0,0,0,0,0,0,0,0,0,0
ATTACKER_RELOCATED_BH_ATTACK_N16_SEED567890,ATTACKER_RELOCATED,blackhole,attack,1,0,16,567890,180,240,0,60,59,0,6,818,28357,1166,16,325,163,2,0,0,0,0,0,0,0,0,0,0,0,0,2,1,128,259.5,391,263,1,391,391.0,391,0,0,0,0.0,384,402.0,429,45,0,0,0,1,256,256.0,256,0,9.0,9,0,0,0,0,0.0,0,0,0,0,0,0,0,0,0,0,0,0,0,0,0,0,0,0,0,0
ATTACKER_RELOCATED_BH_ATTACK_N16_SEED567890,ATTACKER_RELOCATED,blackhole,attack,1,1,16,567890,240,300,1,80,79,0,8,326,12029,556,16,103,8,7,1,0,0,0,0,0,0,0,0,0,0,0,7,1,384,386.7143,392,8,7,384,386.7143,392,8,0,0,256.0,384,387.25,392,8,0,0,0,1,256,256.0,256,0,9.0,9,0,0,0,0,0.0,0,0,0,1,86,0,0,0,0,0,0,0,0,0,0,0,0,0,0,0
ATTACKER_RELOCATED_BH_ATTACK_N16_SEED567890,ATTACKER_RELOCATED,blackhole,attack,1,1,16,567890,300,360,1,140,8,0,14,244,8185,421,15,81,0,0,0,0,0,0,0,0,0,0,0,0,0,0,0,0,0.0,0.0,0.0,0.0,0,0.0,0.0,0.0,0.0,0,0,0.0,384,387.25,392,8,0,0,0,1,256,256.0,256,0,9.0,9,0,0,0,0,0.0,0,0,0,0,81,0,0,0,0,0,0,0,0,0,0,0,0,0,0,0
ATTACKER_RELOCATED_BH_ATTACK_N16_SEED567890,ATTACKER_RELOCATED,blackhole,attack,1,1,16,567890,360,420,1,0,0,0,0,268,9181,460,15,85,0,0,0,0,0,0,0,0,0,0,0,0,0,0,0,0,0.0,0.0,0.0,0.0,0,0.0,0.0,0.0,0.0,0,0,0.0,384,387.25,392,8,0,0,0,1,256,256.0,256,0,9.0,9,0,0,0,0,0.0,0,0,0,0,85,0,0,0,0,0,0,0,0,0,0,0,0,0,0,0
ATTACKER_RELOCATED_BH_ATTACK_N16_SEED567890,ATTACKER_RELOCATED,blackhole,attack,1,1,16,567890,420,480,1,140,0,0,14,277,10000,485,16,86,1,6,0,0,0,0,0,0,0,0,0,0,0,0,6,1,128,341.3333,384,256,5,384,384.0,384,0,0,0,0.0,384,384.375,387,3,0,0,0,1,256,256.0,256,0,9.0,9,0,0,0,0,0.0,0,0,0,0,85,0,0,0,0,0,0,0,0,0,0,0,0,0,0,0
ATTACKER_RELOCATED_BH_ATTACK_N16_SEED567890,ATTACKER_RELOCATED,blackhole,attack,1,1,16,567890,480,540,1,60,0,0,6,269,9452,462,15,87,0,3,1,0,0,0,0,0,0,0,0,0,0,0,3,1,384,388.0,396,12,3,384,388.0,396,12,0,0,256.0,384,385.5,396,12,0,0,0,1,256,256.0,256,0,9.0,9,0,0,0,0,0.0,0,0,0,0,84,0,0,0,0,0,0,0,0,0,0,0,0,0,0,0
ATTACKER_RELOCATED_BH_CONTROL_N16_SEED123456,ATTACKER_RELOCATED,blackhole,control,0,0,16,123456,0,60,0,0,0,0,0,628,27823,1084,16,233,104,64,8,4,0,0,1,1,1,0,1,1,1,0,9,1,128,32976.5469,65535,65407,60,403,35166.45,65535,65132,0,0,32909.125,403,434.875,454,51,0,0,0,1,307,307.0,307,0,1.0,1,0,0,0,0,0.0,0,0,0,0,0,0,0,0,0,0,0,0,0,0,0,0,0,0,0,0
ATTACKER_RELOCATED_BH_CONTROL_N16_SEED123456,ATTACKER_RELOCATED,blackhole,control,0,0,16,123456,60,120,0,0,0,0,0,859,31122,1293,16,333,165,17,1,0,0,0,0,0,0,0,0,0,0,0,9,1,128,402.1176,450,322,16,384,419.25,450,66,0,0,256.0,384,413.75,450,66,0,0,0,1,256,256.0,256,0,9.0,9,0,0,0,0,0.0,0,0,0,0,0,0,0,0,0,0,0,0,0,0,0,0,0,0,0,0
ATTACKER_RELOCATED_BH_CONTROL_N16_SEED123456,ATTACKER_RELOCATED,blackhole,control,0,0,16,123456,120,180,0,140,140,0,14,861,30492,1254,16,340,175,7,1,0,0,0,0,0,0,0,0,0,0,0,7,1,384,399.5714,426,42,7,384,399.5714,426,42,0,0,256.0,384,402.625,426,42,0,0,0,1,256,256.0,256,0,9.0,9,0,0,0,0,0.0,0,0,0,0,0,0,0,0,0,0,0,0,0,0,0,0,0,0,0,0
ATTACKER_RELOCATED_BH_CONTROL_N16_SEED123456,ATTACKER_RELOCATED,blackhole,control,0,0,16,123456,180,240,0,60,60,0,6,833,29033,1192,16,332,167,2,1,0,0,0,0,0,0,0,0,0,0,0,2,1,128,257.0,386,258,1,386,386.0,386,0,0,0,256.0,384,401.625,426,42,0,0,0,1,256,256.0,256,0,9.0,9,0,0,0,0,0.0,0,0,0,0,0,0,0,0,0,0,0,0,0,0,0,0,0,0,0,0
ATTACKER_RELOCATED_BH_CONTROL_N16_SEED123456,ATTACKER_RELOCATED,blackhole,control,0,0,16,123456,240,300,1,80,79,0,8,877,31120,1251,16,344,179,7,0,0,0,0,0,0,0,0,0,0,0,0,7,1,384,390.4286,396,12,7,384,390.4286,396,12,0,0,0.0,384,389.875,396,12,0,0,0,1,256,256.0,256,0,9.0,9,0,0,0,0,0.0,0,0,0,0,0,0,0,0,0,0,0,0,0,0,0,0,0,0,0,0
ATTACKER_RELOCATED_BH_CONTROL_N16_SEED123456,ATTACKER_RELOCATED,blackhole,control,0,0,16,123456,300,360,1,140,140,0,14,828,28734,1172,16,329,164,0,0,0,0,0,0,0,0,0,0,0,0,0,0,0,0.0,0.0,0.0,0.0,0,0.0,0.0,0.0,0.0,0,0,0.0,384,389.875,396,12,0,0,0,1,256,256.0,256,0,9.0,9,0,0,0,0,0.0,0,0,0,0,0,0,0,0,0,0,0,0,0,0,0,0,0,0,0,0
ATTACKER_RELOCATED_BH_CONTROL_N16_SEED123456,ATTACKER_RELOCATED,blackhole,control,0,0,16,123456,360,420,1,0,0,0,0,851,29281,1200,16,342,173,1,0,0,0,0,0,0,0,0,0,0,0,0,1,1,128,128.0,128,0,0,0.0,0.0,0.0,0.0,0,0,0.0,384,389.875,396,12,0,0,0,1,256,256.0,256,0,9.0,9,0,0,0,0,0.0,0,0,0,0,0,0,0,0,0,0,0,0,0,0,0,0,0,0,0,0
ATTACKER_RELOCATED_BH_CONTROL_N16_SEED123456,ATTACKER_RELOCATED,blackhole,control,0,0,16,123456,420,480,1,140,139,0,14,862,30214,1259,16,344,171,4,1,0,0,0,0,0,0,0,0,0,0,0,4,1,384,384.0,384,0,4,384,384.0,384,0,0,0,256.0,384,387.375,393,9,0,0,0,1,256,256.0,256,0,9.0,9,0,0,0,0,0.0,0,0,0,0,0,0,0,0,0,0,0,0,0,0,0,0,0,0,0,0
ATTACKER_RELOCATED_BH_CONTROL_N16_SEED123456,ATTACKER_RELOCATED,blackhole,control,0,0,16,123456,480,540,1,70,69,0,7,873,30587,1254,16,347,176,3,0,0,0,0,0,0,0,0,0,0,0,0,3,1,384,384.0,384,0,3,384,384.0,384,0,0,0,0.0,384,384.625,389,5,0,0,0,1,256,256.0,256,0,9.0,9,0,0,0,0,0.0,0,0,0,0,0,0,0,0,0,0,0,0,0,0,0,0,0,0,0,0
ATTACKER_RELOCATED_BH_CONTROL_N16_SEED234567,ATTACKER_RELOCATED,blackhole,control,0,0,16,234567,0,60,0,0,0,0,0,658,28578,1223,16,243,113,62,8,3,0,0,1,1,1,0,1,1,1,0,9,1,128,34022.9032,65535,65407,58,396,36360.4828,65535,65139,0,0,32906.125,396,432.25,465,69,0,0,0,1,307,307.0,307,0,1.0,1,0,0,0,0,0.0,0,0,0,0,0,0,0,0,0,0,0,0,0,0,0,0,0,0,0,0
ATTACKER_RELOCATED_BH_CONTROL_N16_SEED234567,ATTACKER_RELOCATED,blackhole,control,0,0,16,234567,60,120,0,0,0,0,0,868,30909,1480,16,338,169,9,1,0,0,0,0,0,0,0,0,0,0,0,8,1,384,411.5556,441,57,9,384,411.5556,441,57,0,0,256.0,384,411.625,441,57,0,0,0,1,265,265.0,265,0,9.0,9,0,0,0,0,0.0,0,0,0,0,0,0,0,0,0,0,0,0,0,0,0,0,0,0,0,0
ATTACKER_RELOCATED_BH_CONTROL_N16_SEED234567,ATTACKER_RELOCATED,blackhole,control,0,0,16,234567,120,180,0,140,140,0,14,852,30136,1431,16,338,169,9,1,0,0,0,0,0,0,0,0,0,0,0,9,1,128,365.8889,416,288,8,384,395.625,416,32,0,0,256.0,384,395.625,416,32,0,0,0,1,256,256.0,256,0,9.0,9,0,0,0,0,0.0,0,0,0,0,0,0,0,0,0,0,0,0,0,0,0,0,0,0,0,0
ATTACKER_RELOCATED_BH_CONTROL_N16_SEED234567,ATTACKER_RELOCATED,blackhole,control,0,0,16,234567,180,240,0,90,90,0,9,849,29354,1425,16,340,172,1,0,0,0,0,0,0,0,0,0,0,0,0,1,1,392,392.0,392,0,1,392,392.0,392,0,0,0,0.0,384,393.875,416,32,0,0,0,1,256,256.0,256,0,9.0,9,0,0,0,0,0.0,0,0,0,0,0,0,0,0,0,0,0,0,0,0,0,0,0,0,0,0
ATTACKER_RELOCATED_BH_CONTROL_N16_SEED234567,ATTACKER_RELOCATED,blackhole,control,0,0,16,234567,240,300,1,50,50,0,5,852,30241,1442,16,336,169,8,1,0,0,0,0,0,0,0,0,0,0,0,8,1,128,354.625,400,272,7,384,387.0,400,16,0,0,256.0,384,387.625,400,16,0,0,0,1,256,256.0,256,0,9.0,9,0,0,0,0,0.0,0,0,0,0,0,0,0,0,0,0,0,0,0,0,0,0,0,0,0,0
ATTACKER_RELOCATED_BH_CONTROL_N16_SEED234567,ATTACKER_RELOCATED,blackhole,control,0,0,16,234567,300,360,1,130,130,0,13,829,28565,1398,16,332,166,0,0,0,0,0,0,0,0,0,0,0,0,0,0,0,0.0,0.0,0.0,0.0,0,0.0,0.0,0.0,0.0,0,0,0.0,384,387.625,400,16,0,0,0,1,256,256.0,256,0,9.0,9,0,0,0,0,0.0,0,0,0,0,0,0,0,0,0,0,0,0,0,0,0,0,0,0,0,0
ATTACKER_RELOCATED_BH_CONTROL_N16_SEED234567,ATTACKER_RELOCATED,blackhole,control,0,0,16,234567,360,420,1,10,9,0,1,830,28589,1380,16,334,169,1,0,0,0,0,0,0,0,0,0,0,0,0,1,1,128,128.0,128,0,0,0.0,0.0,0.0,0.0,0,0,0.0,384,387.625,400,16,0,0,0,1,256,256.0,256,0,9.0,9,0,0,0,0,0.0,0,0,0,0,0,0,0,0,0,0,0,0,0,0,0,0,0,0,0,0
ATTACKER_RELOCATED_BH_CONTROL_N16_SEED234567,ATTACKER_RELOCATED,blackhole,control,0,0,16,234567,420,480,1,140,140,0,14,845,29621,1431,16,334,167,5,1,0,0,0,0,0,0,0,0,0,0,0,5,1,384,384.0,384,0,5,384,384.0,384,0,0,0,256.0,384,385.0,392,8,0,0,0,1,256,256.0,256,0,9.0,9,0,0,0,0,0.0,0,0,0,0,0,0,0,0,0,0,0,0,0,0,0,0,0,0,0,0
ATTACKER_RELOCATED_BH_CONTROL_N16_SEED234567,ATTACKER_RELOCATED,blackhole,control,0,0,16,234567,480,540,1,80,80,0,8,862,30251,1459,16,342,174,2,0,0,0,0,0,0,0,0,0,0,0,0,2,1,384,392.5,401,17,2,384,392.5,401,17,0,0,0.0,384,387.125,401,17,0,0,0,1,256,256.0,256,0,9.0,9,0,0,0,0,0.0,0,0,0,0,0,0,0,0,0,0,0,0,0,0,0,0,0,0,0,0
ATTACKER_RELOCATED_BH_CONTROL_N16_SEED345678,ATTACKER_RELOCATED,blackhole,control,0,0,16,345678,0,60,0,0,0,0,0,637,27670,1108,16,235,108,61,8,3,0,0,1,1,1,0,1,1,1,0,9,1,128,34575.8525,65535,65407,57,404,36993.2456,65535,65131,0,0,32910.125,404,433.0,456,52,0,0,0,1,307,307.0,307,0,1.0,1,0,0,0,0,0.0,0,0,0,0,0,0,0,0,0,0,0,0,0,0,0,0,0,0,0,0
ATTACKER_RELOCATED_BH_CONTROL_N16_SEED345678,ATTACKER_RELOCATED,blackhole,control,0,0,16,345678,60,120,0,0,0,0,0,865,30688,1343,16,341,171,10,1,0,0,0,0,0,0,0,0,0,0,0,9,1,128,385.9,444,316,9,387,414.5556,444,57,0,0,256.0,387,414.375,444,57,0,0,0,1,256,256.0,256,0,9.0,9,0,0,0,0,0.0,0,0,0,0,0,0,0,0,0,0,0,0,0,0,0,0,0,0,0,0
ATTACKER_RELOCATED_BH_CONTROL_N16_SEED345678,ATTACKER_RELOCATED,blackhole,control,0,0,16,345678,120,180,0,140,140,0,14,865,30790,1337,16,337,171,8,1,0,0,0,0,0,0,0,0,0,0,0,8,1,384,398.75,414,30,8,384,398.75,414,30,0,0,256.0,384,398.75,414,30,0,0,0,1,256,256.0,256,0,9.0,9,0,0,0,0,0.0,0,0,0,0,0,0,0,0,0,0,0,0,0,0,0,0,0,0,0,0
ATTACKER_RELOCATED_BH_CONTROL_N16_SEED345678,ATTACKER_RELOCATED,blackhole,control,0,0,16,345678,180,240,0,80,80,0,8,838,29166,1290,16,335,167,4,1,0,0,0,0,0,0,0,0,0,0,0,4,1,128,321.75,391,263,3,384,386.3333,391,7,0,0,256.0,384,396.125,414,30,0,0,0,1,256,256.0,256,0,9.0,9,0,0,0,0,0.0,0,0,0,0,0,0,0,0,0,0,0,0,0,0,0,0,0,0,0,0
ATTACKER_RELOCATED_BH_CONTROL_N16_SEED345678,ATTACKER_RELOCATED,blackhole,control,0,0,16,345678,240,300,1,60,60,0,6,826,29073,1285,16,326,163,5,0,0,0,0,0,0,0,0,0,0,0,0,5,1,384,386.4,389,5,5,384,386.4,389,5,0,0,0.0,384,386.375,391,7,0,0,0,1,256,256.0,256,0,9.0,9,0,0,0,0,0.0,0,0,0,0,0,0,0,0,0,0,0,0,0,0,0,0,0,0,0,0
ATTACKER_RELOCATED_BH_CONTROL_N16_SEED345678,ATTACKER_RELOCATED,blackhole,control,0,0,16,345678,300,360,1,140,139,0,14,887,30545,1361,16,354,177,0,0,0,0,0,0,0,0,0,0,0,0,0,0,0,0.0,0.0,0.0,0.0,0,0.0,0.0,0.0,0.0,0,0,0.0,384,386.375,391,7,0,0,0,1,256,256.0,256,0,9.0,9,0,0,0,0,0.0,0,0,0,0,0,0,0,0,0,0,0,0,0,0,0,0,0,0,0,0
ATTACKER_RELOCATED_BH_CONTROL_N16_SEED345678,ATTACKER_RELOCATED,blackhole,control,0,0,16,345678,360,420,1,0,0,0,0,852,29369,1299,16,342,174,1,0,0,0,0,0,0,0,0,0,0,0,0,1,1,128,128.0,128,0,0,0.0,0.0,0.0,0.0,0,0,0.0,384,386.375,391,7,0,0,0,1,256,256.0,256,0,9.0,9,0,0,0,0,0.0,0,0,0,0,0,0,0,0,0,0,0,0,0,0,0,0,0,0,0,0
ATTACKER_RELOCATED_BH_CONTROL_N16_SEED345678,ATTACKER_RELOCATED,blackhole,control,0,0,16,345678,420,480,1,140,140,0,14,843,29724,1357,16,335,166,5,0,0,0,0,0,0,0,0,0,0,0,0,5,1,384,384.8,388,4,5,384,384.8,388,4,0,0,0.0,384,384.5,388,4,0,0,0,1,256,256.0,256,0,9.0,9,0,0,0,0,0.0,0,0,0,0,0,0,0,0,0,0,0,0,0,0,0,0,0,0,0,0
ATTACKER_RELOCATED_BH_CONTROL_N16_SEED345678,ATTACKER_RELOCATED,blackhole,control,0,0,16,345678,480,540,1,70,70,0,7,851,29728,1325,16,335,170,3,1,0,0,0,0,0,0,0,0,0,0,0,3,1,384,386.6667,392,8,3,384,386.6667,392,8,0,0,256.0,384,385.5,392,8,0,0,0,1,256,256.0,256,0,9.0,9,0,0,0,0,0.0,0,0,0,0,0,0,0,0,0,0,0,0,0,0,0,0,0,0,0,0
ATTACKER_RELOCATED_BH_CONTROL_N16_SEED456789,ATTACKER_RELOCATED,blackhole,control,0,0,16,456789,0,60,0,0,0,0,0,564,25147,1056,16,206,92,64,8,2,0,0,1,1,1,0,1,1,1,0,9,1,128,32974.2812,65535,65407,60,402,35164.0333,65535,65133,0,0,32907.0,402,434.5,454,52,0,0,0,1,307,307.0,307,0,1.0,1,0,0,0,0,0.0,0,0,0,0,0,0,0,0,0,0,0,0,0,0,0,0,0,0,0,0
ATTACKER_RELOCATED_BH_CONTROL_N16_SEED456789,ATTACKER_RELOCATED,blackhole,control,0,0,16,456789,60,120,0,0,0,0,0,897,32331,1573,16,349,176,13,1,0,0,0,0,0,0,0,0,0,0,0,8,1,393,413.0769,440,47,13,393,413.0769,440,47,0,0,256.0,393,409.75,429,36,0,0,0,1,256,256.0,256,0,9.0,9,0,0,0,0,0.0,0,0,0,0,0,0,0,0,0,0,0,0,0,0,0,0,0,0,0,0
ATTACKER_RELOCATED_BH_CONTROL_N16_SEED456789,ATTACKER_RELOCATED,blackhole,control,0,0,16,456789,120,180,0,140,140,0,14,860,30537,1458,16,337,172,9,1,0,0,0,0,0,0,0,0,0,0,0,9,1,128,366.3333,409,281,8,384,396.125,409,25,0,0,256.0,384,396.125,409,25,0,0,0,1,256,256.0,256,0,9.0,9,0,0,0,0,0.0,0,0,0,0,0,0,0,0,0,0,0,0,0,0,0,0,0,0,0,0
ATTACKER_RELOCATED_BH_CONTROL_N16_SEED456789,ATTACKER_RELOCATED,blackhole,control,0,0,16,456789,180,240,0,50,50,0,5,842,29223,1440,16,333,166,2,0,0,0,0,0,0,0,0,0,0,0,0,2,1,384,384.0,384,0,2,384,384.0,384,0,0,0,0.0,384,393.875,409,25,0,0,0,1,256,256.0,256,0,9.0,9,0,0,0,0,0.0,0,0,0,0,0,0,0,0,0,0,0,0,0,0,0,0,0,0,0,0
ATTACKER_RELOCATED_BH_CONTROL_N16_SEED456789,ATTACKER_RELOCATED,blackhole,control,0,0,16,456789,240,300,1,90,90,0,9,859,30374,1486,16,338,170,7,1,0,0,0,0,0,0,0,0,0,0,0,7,1,128,350.2857,394,266,6,384,387.3333,394,10,0,0,256.0,384,386.5,394,10,0,0,0,1,256,256.0,256,0,9.0,9,0,0,0,0,0.0,0,0,0,0,0,0,0,0,0,0,0,0,0,0,0,0,0,0,0,0
ATTACKER_RELOCATED_BH_CONTROL_N16_SEED456789,ATTACKER_RELOCATED,blackhole,control,0,0,16,456789,300,360,1,130,130,0,13,838,29083,1438,16,335,169,0,0,0,0,0,0,0,0,0,0,0,0,0,0,0,0.0,0.0,0.0,0.0,0,0.0,0.0,0.0,0.0,0,0,0.0,384,386.5,394,10,0,0,0,1,256,256.0,256,0,9.0,9,0,0,0,0,0.0,0,0,0,0,0,0,0,0,0,0,0,0,0,0,0,0,0,0,0,0
ATTACKER_RELOCATED_BH_CONTROL_N16_SEED456789,ATTACKER_RELOCATED,blackhole,control,0,0,16,456789,360,420,1,10,10,0,1,808,27748,1368,16,326,162,0,0,0,0,0,0,0,0,0,0,0,0,0,0,0,0.0,0.0,0.0,0.0,0,0.0,0.0,0.0,0.0,0,0,0.0,384,386.5,394,10,0,0,0,1,256,256.0,256,0,9.0,9,0,0,0,0,0.0,0,0,0,0,0,0,0,0,0,0,0,0,0,0,0,0,0,0,0,0
ATTACKER_RELOCATED_BH_CONTROL_N16_SEED456789,ATTACKER_RELOCATED,blackhole,control,0,0,16,456789,420,480,1,140,139,0,14,856,29979,1454,16,340,173,6,0,0,0,0,0,0,0,0,0,0,0,0,6,1,384,384.0,384,0,6,384,384.0,384,0,0,0,0.0,384,384.125,385,1,0,0,0,1,256,256.0,256,0,9.0,9,0,0,0,0,0.0,0,0,0,0,0,0,0,0,0,0,0,0,0,0,0,0,0,0,0,0
ATTACKER_RELOCATED_BH_CONTROL_N16_SEED456789,ATTACKER_RELOCATED,blackhole,control,0,0,16,456789,480,540,1,40,40,0,4,855,30046,1483,16,340,169,3,1,0,0,0,0,0,0,0,0,0,0,0,3,1,128,298.6667,384,256,2,384,384.0,384,0,0,0,256.0,384,384.0,384,0,0,0,0,1,256,256.0,256,0,9.0,9,0,0,0,0,0.0,0,0,0,0,0,0,0,0,0,0,0,0,0,0,0,0,0,0,0,0
ATTACKER_RELOCATED_BH_CONTROL_N16_SEED567890,ATTACKER_RELOCATED,blackhole,control,0,0,16,567890,0,60,0,0,0,0,0,647,28037,1061,16,238,109,57,9,4,0,0,1,1,1,0,1,1,1,0,9,1,128,34690.3684,65535,65407,53,401,37298.8491,65535,65134,0,0,29284.8889,401,444.125,498,97,0,0,0,1,307,307.0,307,0,1.0,1,0,0,0,0,0.0,0,0,0,0,0,0,0,0,0,0,0,0,0,0,0,0,0,0,0,0
ATTACKER_RELOCATED_BH_CONTROL_N16_SEED567890,ATTACKER_RELOCATED,blackhole,control,0,0,16,567890,60,120,0,0,0,0,0,848,30258,1247,16,330,165,11,1,0,0,0,0,0,0,0,0,0,0,0,9,1,128,396.1818,465,337,10,385,423.0,465,80,0,0,256.0,385,421.125,465,80,0,0,0,1,256,256.0,256,0,9.0,9,0,0,0,0,0.0,0,0,0,0,0,0,0,0,0,0,0,0,0,0,0,0,0,0,0,0
ATTACKER_RELOCATED_BH_CONTROL_N16_SEED567890,ATTACKER_RELOCATED,blackhole,control,0,0,16,567890,120,180,0,140,140,0,14,857,30346,1237,16,339,171,8,1,0,0,0,0,0,0,0,0,0,0,0,8,1,384,404.0,429,45,8,384,404.0,429,45,0,0,256.0,384,404.0,429,45,0,0,0,1,256,256.0,256,0,9.0,9,0,0,0,0,0.0,0,0,0,0,0,0,0,0,0,0,0,0,0,0,0,0,0,0,0,0
ATTACKER_RELOCATED_BH_CONTROL_N16_SEED567890,ATTACKER_RELOCATED,blackhole,control,0,0,16,567890,180,240,0,60,59,0,6,818,28357,1166,16,325,163,2,0,0,0,0,0,0,0,0,0,0,0,0,2,1,128,259.5,391,263,1,391,391.0,391,0,0,0,0.0,384,402.0,429,45,0,0,0,1,256,256.0,256,0,9.0,9,0,0,0,0,0.0,0,0,0,0,0,0,0,0,0,0,0,0,0,0,0,0,0,0,0,0
ATTACKER_RELOCATED_BH_CONTROL_N16_SEED567890,ATTACKER_RELOCATED,blackhole,control,0,0,16,567890,240,300,1,80,80,0,8,893,31659,1277,16,350,174,7,1,0,0,0,0,0,0,0,0,0,0,0,7,1,384,387.2857,392,8,7,384,387.2857,392,8,0,0,256.0,384,387.75,392,8,0,0,0,1,256,256.0,256,0,9.0,9,0,0,0,0,0.0,0,0,0,0,0,0,0,0,0,0,0,0,0,0,0,0,0,0,0,0
ATTACKER_RELOCATED_BH_CONTROL_N16_SEED567890,ATTACKER_RELOCATED,blackhole,control,0,0,16,567890,300,360,1,140,140,0,14,832,28650,1182,16,335,171,0,0,0,0,0,0,0,0,0,0,0,0,0,0,0,0.0,0.0,0.0,0.0,0,0.0,0.0,0.0,0.0,0,0,0.0,384,387.75,392,8,0,0,0,1,256,256.0,256,0,9.0,9,0,0,0,0,0.0,0,0,0,0,0,0,0,0,0,0,0,0,0,0,0,0,0,0,0,0
ATTACKER_RELOCATED_BH_CONTROL_N16_SEED567890,ATTACKER_RELOCATED,blackhole,control,0,0,16,567890,360,420,1,0,0,0,0,853,29331,1197,16,344,173,1,0,0,0,0,0,0,0,0,0,0,0,0,1,1,128,128.0,128,0,0,0.0,0.0,0.0,0.0,0,0,0.0,384,387.75,392,8,0,0,0,1,256,256.0,256,0,9.0,9,0,0,0,0,0.0,0,0,0,0,0,0,0,0,0,0,0,0,0,0,0,0,0,0,0,0
ATTACKER_RELOCATED_BH_CONTROL_N16_SEED567890,ATTACKER_RELOCATED,blackhole,control,0,0,16,567890,420,480,1,140,140,0,14,845,29840,1222,16,334,168,6,1,0,0,0,0,0,0,0,0,0,0,0,6,1,384,385.0,390,6,6,384,385.0,390,6,0,0,256.0,384,385.125,390,6,0,0,0,1,256,256.0,256,0,9.0,9,0,0,0,0,0.0,0,0,0,0,0,0,0,0,0,0,0,0,0,0,0,0,0,0,0,0
ATTACKER_RELOCATED_BH_CONTROL_N16_SEED567890,ATTACKER_RELOCATED,blackhole,control,0,0,16,567890,480,540,1,70,70,0,7,856,29633,1210,16,342,171,2,0,0,0,0,0,0,0,0,0,0,0,0,2,1,384,384.0,384,0,2,384,384.0,384,0,0,0,0.0,384,384.75,390,6,0,0,0,1,256,256.0,256,0,9.0,9,0,0,0,0,0.0,0,0,0,0,0,0,0,0,0,0,0,0,0,0,0,0,0,0,0,0
ATTACKER_RELOCATED_SH_ATTACK_N16_SEED123456,ATTACKER_RELOCATED,sinkhole,attack,1,0,16,123456,0,60,0,0,0,0,0,628,27823,1084,16,233,104,473,108,42,9,15,30,15,1,14,4,15,15,0,16,16,128,8860.3404,65535,65407,469,256,8934.8166,65535,65279,0,0,37213.9722,256,480.6861,755,499,0,0,0,15,307,558.3333,817,510,2.2,6,0,0,0,0,0.0,0,0,0,0,0,0,0,0,0,0,0,0,0,0,0,0,0,0,0,0
ATTACKER_RELOCATED_SH_ATTACK_N16_SEED123456,ATTACKER_RELOCATED,sinkhole,attack,1,0,16,123456,60,120,0,0,0,0,0,859,31122,1293,16,333,165,283,41,0,0,0,0,0,0,0,0,0,0,0,16,16,128,465.7809,685,557,282,256,466.9787,685,429,0,0,467.2439,256,450.7518,623,367,0,0,0,16,128,464.6875,685,557,8.625,14,15,4,8,1,2.3333,3,0,0,0,0,0,0,0,0,0,0,0,0,0,0,0,0,0,0,0
ATTACKER_RELOCATED_SH_ATTACK_N16_SEED123456,ATTACKER_RELOCATED,sinkhole,attack,1,0,16,123456,120,180,0,140,140,0,14,861,30492,1254,16,340,175,141,25,0,0,0,0,0,0,0,0,0,0,0,15,16,256,432.3688,584,328,141,256,432.3688,584,328,0,0,453.04,256,436.7518,623,367,0,0,0,16,128,434.625,592,464,8.625,14,15,4,8,1,2.3333,3,0,0,0,0,0,0,0,0,0,0,0,0,0,0,0,0,0,0,0
ATTACKER_RELOCATED_SH_ATTACK_N16_SEED123456,ATTACKER_RELOCATED,sinkhole,attack,1,0,16,123456,180,240,0,60,60,0,6,833,29033,1192,16,332,167,33,15,0,0,0,0,0,0,0,0,0,0,0,14,14,128,369.0303,544,416,32,256,376.5625,544,288,0,0,418.0,256,434.7664,623,367,0,0,0,16,128,421.6875,552,424,8.625,14,15,4,8,1,2.3333,3,0,0,0,0,0,0,0,0,0,0,0,0,0,0,0,0,0,0,0
ATTACKER_RELOCATED_SH_ATTACK_N16_SEED123456,ATTACKER_RELOCATED,sinkhole,attack,1,1,16,123456,240,300,1,80,79,0,8,877,31284,1250,16,350,176,163,26,0,0,0,0,0,0,0,0,0,0,0,14,16,128,275.5644,531,403,163,128,275.5644,531,403,45,1,310.6154,128,331.635,537,409,9,1,9,16,128,383.0625,531,403,8.625,14,15,4,8,1,2.3333,3,1,5,0,0,0,0,0,0,0,0,0,0,0,0,0,0,0,0,0
ATTACKER_RELOCATED_SH_ATTACK_N16_SEED123456,ATTACKER_RELOCATED,sinkhole,attack,1,1,16,123456,300,360,1,140,140,0,14,840,29104,1188,16,332,167,22,15,0,0,0,0,0,0,0,0,0,0,0,14,11,256,341.7727,396,140,22,256,341.7727,396,140,0,0,319.2667,128,319.2044,531,403,9,1,9,16,128,299.3125,394,266,8.625,14,15,4,8,1,2.3333,3,0,0,0,0,0,0,0,0,0,0,0,0,0,0,0,0,0,0,0
ATTACKER_RELOCATED_SH_ATTACK_N16_SEED123456,ATTACKER_RELOCATED,sinkhole,attack,1,1,16,123456,360,420,1,0,0,0,0,849,29226,1198,16,342,171,16,8,0,0,0,0,0,0,0,0,0,0,0,8,9,128,208.5,392,264,16,128,208.5,392,264,9,1,289.0,128,318.9343,531,403,9,1,9,16,128,298.25,397,269,8.625,14,15,4,8,1,2.3333,3,0,1,0,0,0,0,0,0,0,0,0,0,0,0,0,0,0,0,0
ATTACKER_RELOCATED_SH_ATTACK_N16_SEED123456,ATTACKER_RELOCATED,sinkhole,attack,1,1,16,123456,420,480,1,140,140,0,14,867,30132,1237,16,346,172,53,15,0,0,0,0,0,0,0,0,0,0,0,12,16,128,283.2264,393,265,53,128,283.2264,393,265,9,1,308.1333,128,311.3431,531,403,9,1,9,16,128,296.6875,390,262,8.625,14,15,4,8,1,2.3333,3,0,1,0,0,0,0,0,0,0,0,0,0,0,0,0,0,0,0,0
ATTACKER_RELOCATED_SH_ATTACK_N16_SEED123456,ATTACKER_RELOCATED,sinkhole,attack,1,1,16,123456,480,540,1,70,70,0,7,858,30268,1220,16,337,172,85,22,0,0,0,0,0,0,0,0,0,0,0,15,15,128,305.9765,386,258,84,256,308.0952,386,130,0,0,303.0909,128,289.2482,387,259,9,1,9,16,128,297.125,390,262,8.625,14,15,4,8,1,2.3333,3,0,0,0,0,0,0,0,0,0,0,0,0,0,0,0,0,0,0,0
ATTACKER_RELOCATED_SH_ATTACK_N16_SEED234567,ATTACKER_RELOCATED,sinkhole,attack,1,0,16,234567,0,60,0,0,0,0,0,658,28578,1223,16,243,113,468,108,43,9,15,30,15,1,14,6,15,15,0,16,16,128,8954.0427,65535,65407,464,256,9030.1293,65535,65279,0,0,37216.3704,256,481.2263,662,406,0,0,0,15,307,562.2,736,429,2.0667,5,0,0,0,0,0.0,0,0,0,0,0,0,0,0,0,0,0,0,0,0,0,0,0,0,0,0
ATTACKER_RELOCATED_SH_ATTACK_N16_SEED234567,ATTACKER_RELOCATED,sinkhole,attack,1,0,16,234567,60,120,0,0,0,0,0,868,30909,1480,16,338,169,199,35,0,0,0,0,0,0,0,0,0,0,0,15,16,256,476.4523,632,376,199,256,476.4523,632,376,0,0,486.2286,256,448.9635,582,326,0,0,0,16,128,464.3125,632,504,8.625,14,15,6,8,1,2.3333,3,0,0,0,0,0,0,0,0,0,0,0,0,0,0,0,0,0,0,0
ATTACKER_RELOCATED_SH_ATTACK_N16_SEED234567,ATTACKER_RELOCATED,sinkhole,attack,1,0,16,234567,120,180,0,140,140,0,14,852,30136,1431,16,338,169,147,25,0,0,0,0,0,0,0,0,0,0,0,16,16,128,431.068,559,431,146,256,433.1438,559,303,0,0,431.2,256,432.2263,559,303,0,0,0,16,128,432.0,568,440,8.625,14,15,6,8,1,2.3333,3,0,0,0,0,0,0,0,0,0,0,0,0,0,0,0,0,0,0,0
ATTACKER_RELOCATED_SH_ATTACK_N16_SEED234567,ATTACKER_RELOCATED,sinkhole,attack,1,0,16,234567,180,240,0,90,90,0,9,849,29354,1425,16,340,172,19,11,0,0,0,0,0,0,0,0,0,0,0,10,11,384,425.5789,530,146,19,384,425.5789,530,146,0,0,450.0,256,430.5182,559,303,0,0,0,16,128,417.5625,540,412,8.625,14,15,6,8,1,2.3333,3,0,0,0,0,0,0,0,0,0,0,0,0,0,0,0,0,0,0,0
ATTACKER_RELOCATED_SH_ATTACK_N16_SEED234567,ATTACKER_RELOCATED,sinkhole,attack,1,1,16,234567,240,300,1,50,50,0,5,872,31386,1509,16,344,171,176,30,0,0,0,0,0,0,0,0,0,0,0,15,16,128,281.1307,532,404,175,128,282.0057,532,404,45,1,308.9,128,321.7299,532,404,9,1,9,16,128,396.4375,525,397,8.625,14,15,6,8,1,2.3333,3,1,5,0,0,0,0,0,0,0,0,0,0,0,0,0,0,0,0,0
ATTACKER_RELOCATED_SH_ATTACK_N16_SEED234567,ATTACKER_RELOCATED,sinkhole,attack,1,1,16,234567,300,360,1,130,130,0,13,849,29399,1469,16,340,168,20,12,0,0,0,0,0,0,0,0,0,0,0,12,11,128,225.15,392,264,20,128,225.15,392,264,9,1,289.9167,128,319.4964,532,404,9,1,9,16,128,299.75,401,273,8.625,14,15,6,8,1,2.3333,3,0,1,0,0,0,0,0,0,0,0,0,0,0,0,0,0,0,0,0
ATTACKER_RELOCATED_SH_ATTACK_N16_SEED234567,ATTACKER_RELOCATED,sinkhole,attack,1,1,16,234567,360,420,1,10,10,0,1,816,28140,1385,16,329,165,8,8,0,0,0,0,0,0,0,0,0,0,0,8,7,256,326.0,408,152,8,256,326.0,408,152,0,0,326.0,128,316.7153,532,404,9,1,9,16,128,299.4375,414,286,8.625,14,15,6,8,1,2.3333,3,0,0,0,0,0,0,0,0,0,0,0,0,0,0,0,0,0,0,0
ATTACKER_RELOCATED_SH_ATTACK_N16_SEED234567,ATTACKER_RELOCATED,sinkhole,attack,1,1,16,234567,420,480,1,140,140,0,14,866,30377,1467,16,342,174,70,17,0,0,0,0,0,0,0,0,0,0,0,12,16,128,279.0857,403,275,70,128,279.0857,403,275,9,1,298.8824,128,308.292,523,395,9,1,9,16,128,298.125,405,277,8.625,14,15,6,8,1,2.3333,3,0,1,0,0,0,0,0,0,0,0,0,0,0,0,0,0,0,0,0
ATTACKER_RELOCATED_SH_ATTACK_N16_SEED234567,ATTACKER_RELOCATED,sinkhole,attack,1,1,16,234567,480,540,1,80,80,0,8,871,31069,1475,16,345,171,101,33,0,0,0,0,0,0,0,0,0,0,0,16,15,128,289.5842,403,275,100,128,291.2,403,275,9,1,253.9394,128,291.8394,403,275,9,1,9,16,128,299.25,403,275,8.625,14,15,6,8,1,2.3333,3,0,10,0,0,0,0,0,0,0,0,0,0,0,0,0,0,0,0,0
ATTACKER_RELOCATED_SH_ATTACK_N16_SEED345678,ATTACKER_RELOCATED,sinkhole,attack,1,0,16,345678,0,60,0,0,0,0,0,637,27670,1108,16,235,108,453,110,52,9,15,30,15,1,14,5,15,15,0,16,16,128,9807.5872,65535,65407,449,258,9893.8196,65535,65277,0,0,38911.2636,258,472.0146,644,386,0,0,0,15,307,546.6,667,360,2.1333,5,0,0,0,0,0.0,0,0,0,0,0,0,0,0,0,0,0,0,0,0,0,0,0,0,0,0
ATTACKER_RELOCATED_SH_ATTACK_N16_SEED345678,ATTACKER_RELOCATED,sinkhole,attack,1,0,16,345678,60,120,0,0,0,0,0,865,30688,1343,16,341,171,202,32,0,0,0,0,0,0,0,0,0,0,0,16,16,128,473.0594,597,469,201,256,474.7761,597,341,0,0,471.9062,256,444.8832,556,300,0,0,0,16,128,458.8125,597,469,8.625,14,15,5,8,1,2.3333,3,0,0,0,0,0,0,0,0,0,0,0,0,0,0,0,0,0,0,0
ATTACKER_RELOCATED_SH_ATTACK_N16_SEED345678,ATTACKER_RELOCATED,sinkhole,attack,1,0,16,345678,120,180,0,140,140,0,14,865,30790,1337,16,337,171,150,28,0,0,0,0,0,0,0,0,0,0,0,15,16,256,433.02,545,289,150,256,433.02,545,289,0,0,451.0714,256,430.1095,535,279,0,0,0,16,128,428.5,547,419,8.625,14,15,5,8,1,2.3333,3,0,0,0,0,0,0,0,0,0,0,0,0,0,0,0,0,0,0,0
ATTACKER_RELOCATED_SH_ATTACK_N16_SEED345678,ATTACKER_RELOCATED,sinkhole,attack,1,0,16,345678,180,240,0,80,80,0,8,838,29166,1290,16,335,167,62,16,0,0,0,0,0,0,0,0,0,0,0,13,16,128,388.6774,525,397,61,256,392.9508,525,269,0,0,405.3125,256,427.5474,535,279,0,0,0,16,128,417.0625,529,401,8.625,14,15,5,8,1,2.3333,3,0,0,0,0,0,0,0,0,0,0,0,0,0,0,0,0,0,0,0
ATTACKER_RELOCATED_SH_ATTACK_N16_SEED345678,ATTACKER_RELOCATED,sinkhole,attack,1,1,16,345678,240,300,1,60,60,0,6,821,29171,1283,16,328,162,131,25,0,0,0,0,0,0,0,0,0,0,0,14,16,128,259.8321,516,388,131,128,259.8321,516,388,45,1,323.56,128,348.9489,534,406,9,1,9,16,128,379.75,522,394,8.625,14,15,5,8,1,2.3333,3,1,5,0,0,0,0,0,0,0,0,0,0,0,0,0,0,0,0,0
ATTACKER_RELOCATED_SH_ATTACK_N16_SEED345678,ATTACKER_RELOCATED,sinkhole,attack,1,1,16,345678,300,360,1,140,139,0,14,881,30556,1371,16,350,177,11,11,0,0,0,0,0,0,0,0,0,0,0,11,8,256,327.6364,512,256,11,256,327.6364,512,256,0,0,327.6364,128,347.9562,534,406,9,1,9,16,128,328.1875,512,384,8.625,14,15,5,8,1,2.3333,3,0,0,0,0,0,0,0,0,0,0,0,0,0,0,0,0,0,0,0
ATTACKER_RELOCATED_SH_ATTACK_N16_SEED345678,ATTACKER_RELOCATED,sinkhole,attack,1,1,16,345678,360,420,1,0,0,0,0,855,29596,1297,16,343,171,21,13,0,0,0,0,0,0,0,0,0,0,0,13,10,128,232.4286,523,395,20,128,237.65,523,395,9,1,296.6923,128,346.146,534,406,9,1,9,16,128,330.25,529,401,8.625,14,15,5,8,1,2.3333,3,0,1,0,0,0,0,0,0,0,0,0,0,0,0,0,0,0,0,0
ATTACKER_RELOCATED_SH_ATTACK_N16_SEED345678,ATTACKER_RELOCATED,sinkhole,attack,1,1,16,345678,420,480,1,140,140,0,14,860,30596,1328,16,344,171,109,29,0,0,0,0,0,0,0,0,0,0,0,12,16,128,283.0183,518,390,109,128,283.0183,518,390,17,1,265.8621,128,302.9124,523,395,9,1,9,16,128,328.5625,519,391,8.625,14,15,5,8,1,2.3333,3,0,10,0,0,0,0,0,0,0,0,0,0,0,0,0,0,0,0,0
ATTACKER_RELOCATED_SH_ATTACK_N16_SEED345678,ATTACKER_RELOCATED,sinkhole,attack,1,1,16,345678,480,540,1,50,50,0,5,847,29152,1295,16,341,170,21,11,0,0,0,0,0,0,0,0,0,0,0,10,13,256,274.4286,384,128,21,256,274.4286,384,128,0,0,291.1818,128,301.9416,523,395,9,1,9,16,128,296.5625,386,258,8.625,14,15,5,8,1,2.3333,3,0,0,0,0,0,0,0,0,0,0,0,0,0,0,0,0,0,0,0
ATTACKER_RELOCATED_SH_ATTACK_N16_SEED456789,ATTACKER_RELOCATED,sinkhole,attack,1,0,16,456789,0,60,0,0,0,0,0,564,25147,1056,16,206,92,459,109,44,10,15,30,15,1,14,7,15,15,0,16,16,128,9530.7821,65535,65407,455,256,9613.444,65535,65279,0,0,38660.3945,256,477.3066,633,377,0,0,0,15,307,545.4,683,376,2.5333,6,0,0,0,0,0.0,0,0,0,0,0,0,0,0,0,0,0,0,0,0,0,0,0,0,0,0
ATTACKER_RELOCATED_SH_ATTACK_N16_SEED456789,ATTACKER_RELOCATED,sinkhole,attack,1,0,16,456789,60,120,0,0,0,0,0,897,32331,1573,16,349,176,277,40,0,0,0,0,0,0,0,0,0,0,0,15,16,256,479.7076,627,371,277,256,479.7076,627,371,0,0,486.75,256,446.0146,580,324,0,0,0,16,128,463.25,633,505,8.625,14,15,7,8,1,2.3333,3,0,0,0,0,0,0,0,0,0,0,0,0,0,0,0,0,0,0,0
ATTACKER_RELOCATED_SH_ATTACK_N16_SEED456789,ATTACKER_RELOCATED,sinkhole,attack,1,0,16,456789,120,180,0,140,140,0,14,860,30537,1458,16,337,172,147,25,0,0,0,0,0,0,0,0,0,0,0,16,16,128,431.5374,550,422,146,256,433.6164,550,294,0,0,438.88,256,431.4672,547,291,0,0,0,16,128,430.9375,566,438,8.625,14,15,7,8,1,2.3333,3,0,0,0,0,0,0,0,0,0,0,0,0,0,0,0,0,0,0,0
ATTACKER_RELOCATED_SH_ATTACK_N16_SEED456789,ATTACKER_RELOCATED,sinkhole,attack,1,0,16,456789,180,240,0,50,50,0,5,842,29223,1440,16,333,166,34,16,0,0,0,0,0,0,0,0,0,0,0,13,13,384,405.5294,534,150,34,384,405.5294,534,150,0,0,429.75,256,429.4453,547,291,0,0,0,16,128,418.0625,539,411,8.625,14,15,7,8,1,2.3333,3,0,0,0,0,0,0,0,0,0,0,0,0,0,0,0,0,0,0,0
ATTACKER_RELOCATED_SH_ATTACK_N16_SEED456789,ATTACKER_RELOCATED,sinkhole,attack,1,1,16,456789,240,300,1,90,90,0,9,886,31721,1556,16,354,172,149,33,0,0,0,0,0,0,0,0,0,0,0,16,16,128,251.6711,530,402,148,128,252.5068,530,402,52,1,257.9091,128,344.4599,546,418,9,1,9,16,128,364.0,530,402,8.625,14,15,7,8,1,2.3333,3,1,13,0,0,0,0,0,0,0,0,0,0,0,0,0,0,0,0,0
ATTACKER_RELOCATED_SH_ATTACK_N16_SEED456789,ATTACKER_RELOCATED,sinkhole,attack,1,1,16,456789,300,360,1,130,130,0,13,831,28809,1431,16,334,167,36,14,0,0,0,0,0,0,0,0,0,0,0,12,15,128,303.9167,519,391,36,128,303.9167,519,391,9,1,322.5,128,324.7664,535,407,9,1,9,16,128,313.6875,519,391,8.625,14,15,7,8,1,2.3333,3,0,1,0,0,0,0,0,0,0,0,0,0,0,0,0,0,0,0,0
ATTACKER_RELOCATED_SH_ATTACK_N16_SEED456789,ATTACKER_RELOCATED,sinkhole,attack,1,1,16,456789,360,420,1,10,10,0,1,808,27828,1367,16,325,164,11,11,0,0,0,0,0,0,0,0,0,0,0,11,7,128,337.4545,512,384,10,256,358.4,512,256,0,0,337.4545,128,323.6277,535,407,9,1,9,16,128,312.4375,513,385,8.625,14,15,7,8,1,2.3333,3,0,0,0,0,0,0,0,0,0,0,0,0,0,0,0,0,0,0,0
ATTACKER_RELOCATED_SH_ATTACK_N16_SEED456789,ATTACKER_RELOCATED,sinkhole,attack,1,1,16,456789,420,480,1,140,140,0,14,853,29841,1472,16,339,169,53,17,0,0,0,0,0,0,0,0,0,0,0,12,15,256,285.1698,512,256,53,256,285.1698,512,256,0,0,301.7647,128,316.5401,535,407,9,1,9,16,128,312.0,512,384,8.625,14,15,7,8,1,2.3333,3,0,0,0,0,0,0,0,0,0,0,0,0,0,0,0,0,0,0,0
ATTACKER_RELOCATED_SH_ATTACK_N16_SEED456789,ATTACKER_RELOCATED,sinkhole,attack,1,1,16,456789,480,540,1,30,30,0,3,853,29954,1452,16,339,169,100,20,0,0,0,0,0,0,0,0,0,0,0,13,16,128,299.66,512,384,100,128,299.66,512,384,9,1,314.3,128,295.4161,512,384,9,1,9,16,128,304.5625,512,384,8.625,14,15,7,8,1,2.3333,3,0,1,0,0,0,0,0,0,0,0,0,0,0,0,0,0,0,0,0
ATTACKER_RELOCATED_SH_ATTACK_N16_SEED567890,ATTACKER_RELOCATED,sinkhole,attack,1,0,16,567890,0,60,0,0,0,0,0,647,28037,1061,16,238,109,440,106,39,10,15,30,15,1,14,4,15,15,0,16,16,128,9643.9023,65535,65407,436,256,9731.2041,65535,65279,0,0,38522.3962,256,481.6204,650,394,0,0,0,15,307,562.7333,760,453,2.0667,6,0,0,0,0,0.0,0,0,0,0,0,0,0,0,0,0,0,0,0,0,0,0,0,0,0,0
ATTACKER_RELOCATED_SH_ATTACK_N16_SEED567890,ATTACKER_RELOCATED,sinkhole,attack,1,0,16,567890,60,120,0,0,0,0,0,848,30258,1247,16,330,165,204,33,0,0,0,0,0,0,0,0,0,0,0,16,16,128,470.6176,626,498,203,256,472.3054,626,370,0,0,473.0,256,450.1606,591,335,0,0,0,16,128,461.0,637,509,8.625,14,15,4,8,1,2.3333,3,0,0,0,0,0,0,0,0,0,0,0,0,0,0,0,0,0,0,0
ATTACKER_RELOCATED_SH_ATTACK_N16_SEED567890,ATTACKER_RELOCATED,sinkhole,attack,1,0,16,567890,120,180,0,140,140,0,14,857,30346,1237,16,339,171,149,27,0,0,0,0,0,0,0,0,0,0,0,15,16,256,437.3423,566,310,149,256,437.3423,566,310,0,0,455.1481,256,434.7372,555,299,0,0,0,16,128,433.5625,588,460,8.625,14,15,4,8,1,2.3333,3,0,0,0,0,0,0,0,0,0,0,0,0,0,0,0,0,0,0,0
ATTACKER_RELOCATED_SH_ATTACK_N16_SEED567890,ATTACKER_RELOCATED,sinkhole,attack,1,0,16,567890,180,240,0,60,59,0,6,818,28357,1166,16,325,163,30,14,0,0,0,0,0,0,0,0,0,0,0,12,14,128,425.6,543,415,29,384,435.8621,543,159,0,0,412.0,256,432.4015,555,299,0,0,0,16,128,420.375,550,422,8.625,14,15,4,8,1,2.3333,3,0,0,0,0,0,0,0,0,0,0,0,0,0,0,0,0,0,0,0
ATTACKER_RELOCATED_SH_ATTACK_N16_SEED567890,ATTACKER_RELOCATED,sinkhole,attack,1,1,16,567890,240,300,1,80,80,0,8,920,33090,1313,16,363,181,167,29,0,0,0,0,0,0,0,0,0,0,0,14,16,128,280.976,528,400,167,128,280.976,528,400,45,1,305.5172,128,333.4453,528,400,9,1,9,16,128,397.375,530,402,8.625,14,15,4,8,1,2.3333,3,1,5,0,0,0,0,0,0,0,0,0,0,0,0,0,0,0,0,0
ATTACKER_RELOCATED_SH_ATTACK_N16_SEED567890,ATTACKER_RELOCATED,sinkhole,attack,1,1,16,567890,300,360,1,140,139,0,14,813,27829,1151,16,331,166,15,7,0,0,0,0,0,0,0,0,0,0,0,7,9,128,196.8667,393,265,15,128,196.8667,393,265,9,1,275.5714,128,331.3577,528,400,9,1,9,16,128,300.3125,408,280,8.625,14,15,4,8,1,2.3333,3,0,1,0,0,0,0,0,0,0,0,0,0,0,0,0,0,0,0,0
ATTACKER_RELOCATED_SH_ATTACK_N16_SEED567890,ATTACKER_RELOCATED,sinkhole,attack,1,1,16,567890,360,420,1,0,0,0,0,854,29553,1216,16,341,174,12,12,0,0,0,0,0,0,0,0,0,0,0,11,8,128,312.25,398,270,11,256,329.0,398,142,0,0,312.25,128,329.4088,528,400,9,1,9,16,128,297.875,397,269,8.625,14,15,4,8,1,2.3333,3,0,0,0,0,0,0,0,0,0,0,0,0,0,0,0,0,0,0,0
ATTACKER_RELOCATED_SH_ATTACK_N16_SEED567890,ATTACKER_RELOCATED,sinkhole,attack,1,1,16,567890,420,480,1,140,140,0,14,865,30534,1264,16,343,173,94,19,0,0,0,0,0,0,0,0,0,0,0,12,15,256,293.1277,407,151,94,256,293.1277,407,151,0,0,298.9474,128,307.9343,524,396,9,1,9,16,128,298.8125,398,270,8.625,14,15,4,8,1,2.3333,3,0,0,0,0,0,0,0,0,0,0,0,0,0,0,0,0,0,0,0
ATTACKER_RELOCATED_SH_ATTACK_N16_SEED567890,ATTACKER_RELOCATED,sinkhole,attack,1,1,16,567890,480,540,1,70,70,0,7,850,29641,1223,16,337,168,53,19,0,0,0,0,0,0,0,0,0,0,0,14,16,128,271.6981,399,271,53,128,271.6981,399,271,9,1,312.0,128,301.4818,524,396,9,1,9,16,128,298.6875,403,275,8.625,14,15,4,8,1,2.3333,3,0,1,0,0,0,0,0,0,0,0,0,0,0,0,0,0,0,0,0
ATTACKER_RELOCATED_SH_CONTROL_N16_SEED123456,ATTACKER_RELOCATED,sinkhole,control,0,0,16,123456,0,60,0,0,0,0,0,628,27823,1084,16,233,104,473,108,42,9,15,30,15,1,14,4,15,15,0,16,16,128,8860.3404,65535,65407,469,256,8934.8166,65535,65279,0,0,37213.9722,256,480.6861,755,499,0,0,0,15,307,558.3333,817,510,2.2,6,0,0,0,0,0.0,0,0,0,0,0,0,0,0,0,0,0,0,0,0,0,0,0,0,0,0
ATTACKER_RELOCATED_SH_CONTROL_N16_SEED123456,ATTACKER_RELOCATED,sinkhole,control,0,0,16,123456,60,120,0,0,0,0,0,859,31122,1293,16,333,165,283,41,0,0,0,0,0,0,0,0,0,0,0,16,16,128,465.7809,685,557,282,256,466.9787,685,429,0,0,467.2439,256,450.7518,623,367,0,0,0,16,128,464.6875,685,557,8.625,14,15,4,8,1,2.3333,3,0,0,0,0,0,0,0,0,0,0,0,0,0,0,0,0,0,0,0
ATTACKER_RELOCATED_SH_CONTROL_N16_SEED123456,ATTACKER_RELOCATED,sinkhole,control,0,0,16,123456,120,180,0,140,140,0,14,861,30492,1254,16,340,175,141,25,0,0,0,0,0,0,0,0,0,0,0,15,16,256,432.3688,584,328,141,256,432.3688,584,328,0,0,453.04,256,436.7518,623,367,0,0,0,16,128,434.625,592,464,8.625,14,15,4,8,1,2.3333,3,0,0,0,0,0,0,0,0,0,0,0,0,0,0,0,0,0,0,0
ATTACKER_RELOCATED_SH_CONTROL_N16_SEED123456,ATTACKER_RELOCATED,sinkhole,control,0,0,16,123456,180,240,0,60,60,0,6,833,29033,1192,16,332,167,33,15,0,0,0,0,0,0,0,0,0,0,0,14,14,128,369.0303,544,416,32,256,376.5625,544,288,0,0,418.0,256,434.7664,623,367,0,0,0,16,128,421.6875,552,424,8.625,14,15,4,8,1,2.3333,3,0,0,0,0,0,0,0,0,0,0,0,0,0,0,0,0,0,0,0
ATTACKER_RELOCATED_SH_CONTROL_N16_SEED123456,ATTACKER_RELOCATED,sinkhole,control,0,0,16,123456,240,300,1,80,79,0,8,877,31120,1251,16,344,179,118,21,0,0,0,0,0,0,0,0,0,0,0,13,15,384,435.839,534,150,118,384,435.839,534,150,0,0,447.6667,256,424.8248,537,281,0,0,0,16,128,415.0625,531,403,8.625,14,15,4,8,1,2.3333,3,0,0,0,0,0,0,0,0,0,0,0,0,0,0,0,0,0,0,0
ATTACKER_RELOCATED_SH_CONTROL_N16_SEED123456,ATTACKER_RELOCATED,sinkhole,control,0,0,16,123456,300,360,1,140,140,0,14,828,28734,1172,16,329,164,22,15,0,0,0,0,0,0,0,0,0,0,0,14,10,384,474.6364,528,144,22,384,474.6364,528,144,0,0,450.2,256,424.1825,534,278,0,0,0,16,128,414.75,530,402,8.625,14,15,4,8,1,2.3333,3,0,0,0,0,0,0,0,0,0,0,0,0,0,0,0,0,0,0,0
ATTACKER_RELOCATED_SH_CONTROL_N16_SEED123456,ATTACKER_RELOCATED,sinkhole,control,0,0,16,123456,360,420,1,0,0,0,0,851,29281,1200,16,342,173,9,9,0,0,0,0,0,0,0,0,0,0,0,9,5,128,416.2222,521,393,8,384,452.25,521,137,0,0,416.2222,256,423.7883,534,278,0,0,0,16,128,411.9375,524,396,8.625,14,15,4,8,1,2.3333,3,0,0,0,0,0,0,0,0,0,0,0,0,0,0,0,0,0,0,0
ATTACKER_RELOCATED_SH_CONTROL_N16_SEED123456,ATTACKER_RELOCATED,sinkhole,control,0,0,16,123456,420,480,1,140,139,0,14,862,30214,1259,16,344,171,72,17,0,0,0,0,0,0,0,0,0,0,0,12,16,256,405.25,531,275,72,256,405.25,531,275,0,0,425.9412,256,423.1752,534,278,0,0,0,16,128,411.25,521,393,8.625,14,15,4,8,1,2.3333,3,0,0,0,0,0,0,0,0,0,0,0,0,0,0,0,0,0,0,0
ATTACKER_RELOCATED_SH_CONTROL_N16_SEED123456,ATTACKER_RELOCATED,sinkhole,control,0,0,16,123456,480,540,1,70,69,0,7,873,30587,1254,16,347,176,75,16,0,0,0,0,0,0,0,0,0,0,0,11,15,384,450.5733,556,172,75,384,450.5733,556,172,0,0,465.875,256,422.4234,556,300,0,0,0,16,128,413.8125,539,411,8.625,14,15,4,8,1,2.3333,3,0,0,0,0,0,0,0,0,0,0,0,0,0,0,0,0,0,0,0
ATTACKER_RELOCATED_SH_CONTROL_N16_SEED234567,ATTACKER_RELOCATED,sinkhole,control,0,0,16,234567,0,60,0,0,0,0,0,658,28578,1223,16,243,113,468,108,43,9,15,30,15,1,14,6,15,15,0,16,16,128,8954.0427,65535,65407,464,256,9030.1293,65535,65279,0,0,37216.3704,256,481.2263,662,406,0,0,0,15,307,562.2,736,429,2.0667,5,0,0,0,0,0.0,0,0,0,0,0,0,0,0,0,0,0,0,0,0,0,0,0,0,0,0
ATTACKER_RELOCATED_SH_CONTROL_N16_SEED234567,ATTACKER_RELOCATED,sinkhole,control,0,0,16,234567,60,120,0,0,0,0,0,868,30909,1480,16,338,169,199,35,0,0,0,0,0,0,0,0,0,0,0,15,16,256,476.4523,632,376,199,256,476.4523,632,376,0,0,486.2286,256,448.9635,582,326,0,0,0,16,128,464.3125,632,504,8.625,14,15,6,8,1,2.3333,3,0,0,0,0,0,0,0,0,0,0,0,0,0,0,0,0,0,0,0
ATTACKER_RELOCATED_SH_CONTROL_N16_SEED234567,ATTACKER_RELOCATED,sinkhole,control,0,0,16,234567,120,180,0,140,140,0,14,852,30136,1431,16,338,169,147,25,0,0,0,0,0,0,0,0,0,0,0,16,16,128,431.068,559,431,146,256,433.1438,559,303,0,0,431.2,256,432.2263,559,303,0,0,0,16,128,432.0,568,440,8.625,14,15,6,8,1,2.3333,3,0,0,0,0,0,0,0,0,0,0,0,0,0,0,0,0,0,0,0
ATTACKER_RELOCATED_SH_CONTROL_N16_SEED234567,ATTACKER_RELOCATED,sinkhole,control,0,0,16,234567,180,240,0,90,90,0,9,849,29354,1425,16,340,172,19,11,0,0,0,0,0,0,0,0,0,0,0,10,11,384,425.5789,530,146,19,384,425.5789,530,146,0,0,450.0,256,430.5182,559,303,0,0,0,16,128,417.5625,540,412,8.625,14,15,6,8,1,2.3333,3,0,0,0,0,0,0,0,0,0,0,0,0,0,0,0,0,0,0,0
ATTACKER_RELOCATED_SH_CONTROL_N16_SEED234567,ATTACKER_RELOCATED,sinkhole,control,0,0,16,234567,240,300,1,50,50,0,5,852,30241,1442,16,336,169,140,26,0,0,0,0,0,0,0,0,0,0,0,15,16,128,421.6786,523,395,139,256,423.7914,523,267,0,0,426.5769,256,419.8832,523,267,0,0,0,16,128,412.4375,525,397,8.625,14,15,6,8,1,2.3333,3,0,0,0,0,0,0,0,0,0,0,0,0,0,0,0,0,0,0,0
ATTACKER_RELOCATED_SH_CONTROL_N16_SEED234567,ATTACKER_RELOCATED,sinkhole,control,0,0,16,234567,300,360,1,130,130,0,13,829,28565,1398,16,332,166,12,12,0,0,0,0,0,0,0,0,0,0,0,11,9,384,438.3333,521,137,12,384,438.3333,521,137,0,0,438.3333,256,419.6131,523,267,0,0,0,16,128,409.6875,528,400,8.625,14,15,6,8,1,2.3333,3,0,0,0,0,0,0,0,0,0,0,0,0,0,0,0,0,0,0,0
ATTACKER_RELOCATED_SH_CONTROL_N16_SEED234567,ATTACKER_RELOCATED,sinkhole,control,0,0,16,234567,360,420,1,10,9,0,1,830,28589,1380,16,334,169,10,10,0,0,0,0,0,0,0,0,0,0,0,10,7,128,410.1,515,387,9,384,441.4444,515,131,0,0,410.1,256,419.4453,523,267,0,0,0,16,128,408.875,519,391,8.625,14,15,6,8,1,2.3333,3,0,0,0,0,0,0,0,0,0,0,0,0,0,0,0,0,0,0,0
ATTACKER_RELOCATED_SH_CONTROL_N16_SEED234567,ATTACKER_RELOCATED,sinkhole,control,0,0,16,234567,420,480,1,140,140,0,14,845,29621,1431,16,334,167,71,18,0,0,0,0,0,0,0,0,0,0,0,12,16,256,375.1549,524,268,71,256,375.1549,524,268,0,0,406.0,256,418.2336,524,268,0,0,0,16,128,408.0625,513,385,8.625,14,15,6,8,1,2.3333,3,0,0,0,0,0,0,0,0,0,0,0,0,0,0,0,0,0,0,0
ATTACKER_RELOCATED_SH_CONTROL_N16_SEED234567,ATTACKER_RELOCATED,sinkhole,control,0,0,16,234567,480,540,1,80,80,0,8,862,30251,1459,16,342,174,79,17,0,0,0,0,0,0,0,0,0,0,0,11,15,384,456.8101,528,144,79,384,456.8101,528,144,0,0,461.7059,256,419.4672,528,272,0,0,0,16,128,408.9375,521,393,8.625,14,15,6,8,1,2.3333,3,0,0,0,0,0,0,0,0,0,0,0,0,0,0,0,0,0,0,0
ATTACKER_RELOCATED_SH_CONTROL_N16_SEED345678,ATTACKER_RELOCATED,sinkhole,control,0,0,16,345678,0,60,0,0,0,0,0,637,27670,1108,16,235,108,453,110,52,9,15,30,15,1,14,5,15,15,0,16,16,128,9807.5872,65535,65407,449,258,9893.8196,65535,65277,0,0,38911.2636,258,472.0146,644,386,0,0,0,15,307,546.6,667,360,2.1333,5,0,0,0,0,0.0,0,0,0,0,0,0,0,0,0,0,0,0,0,0,0,0,0,0,0,0
ATTACKER_RELOCATED_SH_CONTROL_N16_SEED345678,ATTACKER_RELOCATED,sinkhole,control,0,0,16,345678,60,120,0,0,0,0,0,865,30688,1343,16,341,171,202,32,0,0,0,0,0,0,0,0,0,0,0,16,16,128,473.0594,597,469,201,256,474.7761,597,341,0,0,471.9062,256,444.8832,556,300,0,0,0,16,128,458.8125,597,469,8.625,14,15,5,8,1,2.3333,3,0,0,0,0,0,0,0,0,0,0,0,0,0,0,0,0,0,0,0
ATTACKER_RELOCATED_SH_CONTROL_N16_SEED345678,ATTACKER_RELOCATED,sinkhole,control,0,0,16,345678,120,180,0,140,140,0,14,865,30790,1337,16,337,171,150,28,0,0,0,0,0,0,0,0,0,0,0,15,16,256,433.02,545,289,150,256,433.02,545,289,0,0,451.0714,256,430.1095,535,279,0,0,0,16,128,428.5,547,419,8.625,14,15,5,8,1,2.3333,3,0,0,0,0,0,0,0,0,0,0,0,0,0,0,0,0,0,0,0
ATTACKER_RELOCATED_SH_CONTROL_N16_SEED345678,ATTACKER_RELOCATED,sinkhole,control,0,0,16,345678,180,240,0,80,80,0,8,838,29166,1290,16,335,167,62,16,0,0,0,0,0,0,0,0,0,0,0,13,16,128,388.6774,525,397,61,256,392.9508,525,269,0,0,405.3125,256,427.5474,535,279,0,0,0,16,128,417.0625,529,401,8.625,14,15,5,8,1,2.3333,3,0,0,0,0,0,0,0,0,0,0,0,0,0,0,0,0,0,0,0
ATTACKER_RELOCATED_SH_CONTROL_N16_SEED345678,ATTACKER_RELOCATED,sinkhole,control,0,0,16,345678,240,300,1,60,60,0,6,826,29073,1285,16,326,163,91,20,0,0,0,0,0,0,0,0,0,0,0,13,15,384,436.8571,524,140,91,384,436.8571,524,140,0,0,449.85,256,419.2993,534,278,0,0,0,16,128,411.75,522,394,8.625,14,15,5,8,1,2.3333,3,0,0,0,0,0,0,0,0,0,0,0,0,0,0,0,0,0,0,0
ATTACKER_RELOCATED_SH_CONTROL_N16_SEED345678,ATTACKER_RELOCATED,sinkhole,control,0,0,16,345678,300,360,1,140,139,0,14,887,30545,1361,16,354,177,11,11,0,0,0,0,0,0,0,0,0,0,0,11,7,384,431.2727,520,136,11,384,431.2727,520,136,0,0,431.2727,256,419.146,534,278,0,0,0,16,128,408.8125,522,394,8.625,14,15,5,8,1,2.3333,3,0,0,0,0,0,0,0,0,0,0,0,0,0,0,0,0,0,0,0
ATTACKER_RELOCATED_SH_CONTROL_N16_SEED345678,ATTACKER_RELOCATED,sinkhole,control,0,0,16,345678,360,420,1,0,0,0,0,852,29369,1299,16,342,174,11,11,0,0,0,0,0,0,0,0,0,0,0,11,7,128,395.6364,512,384,10,384,422.4,512,128,0,0,395.6364,256,419.0803,534,278,0,0,0,16,128,408.875,522,394,8.625,14,15,5,8,1,2.3333,3,0,0,0,0,0,0,0,0,0,0,0,0,0,0,0,0,0,0,0
ATTACKER_RELOCATED_SH_CONTROL_N16_SEED345678,ATTACKER_RELOCATED,sinkhole,control,0,0,16,345678,420,480,1,140,140,0,14,843,29724,1357,16,335,166,81,18,0,0,0,0,0,0,0,0,0,0,0,11,15,384,430.6543,524,140,81,384,430.6543,524,140,0,0,450.1667,256,417.5182,524,268,0,0,0,16,128,408.8125,516,388,8.625,14,15,5,8,1,2.3333,3,0,0,0,0,0,0,0,0,0,0,0,0,0,0,0,0,0,0,0
ATTACKER_RELOCATED_SH_CONTROL_N16_SEED345678,ATTACKER_RELOCATED,sinkhole,control,0,0,16,345678,480,540,1,70,70,0,7,851,29728,1325,16,335,170,62,15,0,0,0,0,0,0,0,0,0,0,0,12,16,256,389.4355,531,275,62,256,389.4355,531,275,0,0,413.4,256,418.5474,531,275,0,0,0,16,128,411.6875,534,406,8.625,14,15,5,8,1,2.3333,3,0,0,0,0,0,0,0,0,0,0,0,0,0,0,0,0,0,0,0
ATTACKER_RELOCATED_SH_CONTROL_N16_SEED456789,ATTACKER_RELOCATED,sinkhole,control,0,0,16,456789,0,60,0,0,0,0,0,564,25147,1056,16,206,92,459,109,44,10,15,30,15,1,14,7,15,15,0,16,16,128,9530.7821,65535,65407,455,256,9613.444,65535,65279,0,0,38660.3945,256,477.3066,633,377,0,0,0,15,307,545.4,683,376,2.5333,6,0,0,0,0,0.0,0,0,0,0,0,0,0,0,0,0,0,0,0,0,0,0,0,0,0,0
ATTACKER_RELOCATED_SH_CONTROL_N16_SEED456789,ATTACKER_RELOCATED,sinkhole,control,0,0,16,456789,60,120,0,0,0,0,0,897,32331,1573,16,349,176,277,40,0,0,0,0,0,0,0,0,0,0,0,15,16,256,479.7076,627,371,277,256,479.7076,627,371,0,0,486.75,256,446.0146,580,324,0,0,0,16,128,463.25,633,505,8.625,14,15,7,8,1,2.3333,3,0,0,0,0,0,0,0,0,0,0,0,0,0,0,0,0,0,0,0
ATTACKER_RELOCATED_SH_CONTROL_N16_SEED456789,ATTACKER_RELOCATED,sinkhole,control,0,0,16,456789,120,180,0,140,140,0,14,860,30537,1458,16,337,172,147,25,0,0,0,0,0,0,0,0,0,0,0,16,16,128,431.5374,550,422,146,256,433.6164,550,294,0,0,438.88,256,431.4672,547,291,0,0,0,16,128,430.9375,566,438,8.625,14,15,7,8,1,2.3333,3,0,0,0,0,0,0,0,0,0,0,0,0,0,0,0,0,0,0,0
ATTACKER_RELOCATED_SH_CONTROL_N16_SEED456789,ATTACKER_RELOCATED,sinkhole,control,0,0,16,456789,180,240,0,50,50,0,5,842,29223,1440,16,333,166,34,16,0,0,0,0,0,0,0,0,0,0,0,13,13,384,405.5294,534,150,34,384,405.5294,534,150,0,0,429.75,256,429.4453,547,291,0,0,0,16,128,418.0625,539,411,8.625,14,15,7,8,1,2.3333,3,0,0,0,0,0,0,0,0,0,0,0,0,0,0,0,0,0,0,0
ATTACKER_RELOCATED_SH_CONTROL_N16_SEED456789,ATTACKER_RELOCATED,sinkhole,control,0,0,16,456789,240,300,1,90,90,0,9,859,30374,1486,16,338,170,106,21,0,0,0,0,0,0,0,0,0,0,0,16,16,128,406.0472,530,402,105,256,408.6952,530,274,0,0,417.5238,256,422.2847,546,290,0,0,0,16,128,412.0,530,402,8.625,14,15,7,8,1,2.3333,3,0,0,0,0,0,0,0,0,0,0,0,0,0,0,0,0,0,0,0
ATTACKER_RELOCATED_SH_CONTROL_N16_SEED456789,ATTACKER_RELOCATED,sinkhole,control,0,0,16,456789,300,360,1,130,130,0,13,838,29083,1438,16,335,169,33,14,0,0,0,0,0,0,0,0,0,0,0,12,13,384,493.3939,532,148,33,384,493.3939,532,148,0,0,453.4286,256,420.1752,532,276,0,0,0,16,128,410.8125,532,404,8.625,14,15,7,8,1,2.3333,3,0,0,0,0,0,0,0,0,0,0,0,0,0,0,0,0,0,0,0
ATTACKER_RELOCATED_SH_CONTROL_N16_SEED456789,ATTACKER_RELOCATED,sinkhole,control,0,0,16,456789,360,420,1,10,10,0,1,808,27748,1368,16,326,162,11,11,0,0,0,0,0,0,0,0,0,0,0,11,5,384,455.6364,522,138,11,384,455.6364,522,138,0,0,455.6364,256,420.0292,532,276,0,0,0,16,128,410.0,526,398,8.625,14,15,7,8,1,2.3333,3,0,0,0,0,0,0,0,0,0,0,0,0,0,0,0,0,0,0,0
ATTACKER_RELOCATED_SH_CONTROL_N16_SEED456789,ATTACKER_RELOCATED,sinkhole,control,0,0,16,456789,420,480,1,140,139,0,14,856,29979,1454,16,340,173,85,18,0,0,0,0,0,0,0,0,0,0,0,11,15,384,412.0471,522,138,85,384,412.0471,522,138,0,0,427.7778,256,418.5839,532,276,0,0,0,16,128,409.25,522,394,8.625,14,15,7,8,1,2.3333,3,0,0,0,0,0,0,0,0,0,0,0,0,0,0,0,0,0,0,0
ATTACKER_RELOCATED_SH_CONTROL_N16_SEED456789,ATTACKER_RELOCATED,sinkhole,control,0,0,16,456789,480,540,1,40,40,0,4,855,30046,1483,16,340,169,75,20,0,0,0,0,0,0,0,0,0,0,0,14,16,128,423.2667,512,384,74,256,427.2568,512,256,0,0,416.05,256,417.2117,522,266,0,0,0,16,128,408.0625,512,384,8.625,14,15,7,8,1,2.3333,3,0,0,0,0,0,0,0,0,0,0,0,0,0,0,0,0,0,0,0
ATTACKER_RELOCATED_SH_CONTROL_N16_SEED567890,ATTACKER_RELOCATED,sinkhole,control,0,0,16,567890,0,60,0,0,0,0,0,647,28037,1061,16,238,109,440,106,39,10,15,30,15,1,14,4,15,15,0,16,16,128,9643.9023,65535,65407,436,256,9731.2041,65535,65279,0,0,38522.3962,256,481.6204,650,394,0,0,0,15,307,562.7333,760,453,2.0667,6,0,0,0,0,0.0,0,0,0,0,0,0,0,0,0,0,0,0,0,0,0,0,0,0,0,0
ATTACKER_RELOCATED_SH_CONTROL_N16_SEED567890,ATTACKER_RELOCATED,sinkhole,control,0,0,16,567890,60,120,0,0,0,0,0,848,30258,1247,16,330,165,204,33,0,0,0,0,0,0,0,0,0,0,0,16,16,128,470.6176,626,498,203,256,472.3054,626,370,0,0,473.0,256,450.1606,591,335,0,0,0,16,128,461.0,637,509,8.625,14,15,4,8,1,2.3333,3,0,0,0,0,0,0,0,0,0,0,0,0,0,0,0,0,0,0,0
ATTACKER_RELOCATED_SH_CONTROL_N16_SEED567890,ATTACKER_RELOCATED,sinkhole,control,0,0,16,567890,120,180,0,140,140,0,14,857,30346,1237,16,339,171,149,27,0,0,0,0,0,0,0,0,0,0,0,15,16,256,437.3423,566,310,149,256,437.3423,566,310,0,0,455.1481,256,434.7372,555,299,0,0,0,16,128,433.5625,588,460,8.625,14,15,4,8,1,2.3333,3,0,0,0,0,0,0,0,0,0,0,0,0,0,0,0,0,0,0,0
ATTACKER_RELOCATED_SH_CONTROL_N16_SEED567890,ATTACKER_RELOCATED,sinkhole,control,0,0,16,567890,180,240,0,60,59,0,6,818,28357,1166,16,325,163,30,14,0,0,0,0,0,0,0,0,0,0,0,12,14,128,425.6,543,415,29,384,435.8621,543,159,0,0,412.0,256,432.4015,555,299,0,0,0,16,128,420.375,550,422,8.625,14,15,4,8,1,2.3333,3,0,0,0,0,0,0,0,0,0,0,0,0,0,0,0,0,0,0,0
ATTACKER_RELOCATED_SH_CONTROL_N16_SEED567890,ATTACKER_RELOCATED,sinkhole,control,0,0,16,567890,240,300,1,80,80,0,8,893,31659,1277,16,350,174,131,25,0,0,0,0,0,0,0,0,0,0,0,14,16,256,421.4504,528,272,131,256,421.4504,528,272,0,0,440.12,256,421.0292,528,272,0,0,0,16,128,413.375,530,402,8.625,14,15,4,8,1,2.3333,3,0,0,0,0,0,0,0,0,0,0,0,0,0,0,0,0,0,0,0
ATTACKER_RELOCATED_SH_CONTROL_N16_SEED567890,ATTACKER_RELOCATED,sinkhole,control,0,0,16,567890,300,360,1,140,140,0,14,832,28650,1182,16,335,171,8,8,0,0,0,0,0,0,0,0,0,0,0,8,5,384,433.625,521,137,8,384,433.625,521,137,0,0,433.625,256,420.8248,528,272,0,0,0,16,128,410.8125,524,396,8.625,14,15,4,8,1,2.3333,3,0,0,0,0,0,0,0,0,0,0,0,0,0,0,0,0,0,0,0
ATTACKER_RELOCATED_SH_CONTROL_N16_SEED567890,ATTACKER_RELOCATED,sinkhole,control,0,0,16,567890,360,420,1,0,0,0,0,853,29331,1197,16,344,173,11,11,0,0,0,0,0,0,0,0,0,0,0,11,6,128,421.0909,528,400,10,384,450.4,528,144,0,0,421.0909,256,420.7153,528,272,0,0,0,16,128,411.625,530,402,8.625,14,15,4,8,1,2.3333,3,0,0,0,0,0,0,0,0,0,0,0,0,0,0,0,0,0,0,0
ATTACKER_RELOCATED_SH_CONTROL_N16_SEED567890,ATTACKER_RELOCATED,sinkhole,control,0,0,16,567890,420,480,1,140,140,0,14,845,29840,1222,16,334,168,104,21,0,0,0,0,0,0,0,0,0,0,0,15,16,256,405.9327,516,260,104,256,405.9327,516,260,0,0,421.9524,256,418.3796,528,272,0,0,0,16,128,410.0625,522,394,8.625,14,15,4,8,1,2.3333,3,0,0,0,0,0,0,0,0,0,0,0,0,0,0,0,0,0,0,0
ATTACKER_RELOCATED_SH_CONTROL_N16_SEED567890,ATTACKER_RELOCATED,sinkhole,control,0,0,16,567890,480,540,1,70,70,0,7,856,29633,1210,16,342,171,39,13,0,0,0,0,0,0,0,0,0,0,0,10,15,384,426.7179,512,128,39,384,426.7179,512,128,0,0,453.0769,256,417.9635,528,272,0,0,0,16,128,408.25,512,384,8.625,14,15,4,8,1,2.3333,3,0,0,0,0,0,0,0,0,0,0,0,0,0,0,0,0,0,0,0
ATTACKER_RELOCATED_SYBIL_ATTACK_N16_SEED123456,ATTACKER_RELOCATED,sybil,attack,1,0,16,123456,0,60,0,0,0,0,0,628,27823,1084,16,233,104,64,8,4,0,0,1,1,1,0,1,1,1,0,9,1,128,32976.5469,65535,65407,60,403,35166.45,65535,65132,0,0,32909.125,403,434.875,454,51,0,0,0,1,307,307.0,307,0,1.0,1,0,0,0,0,0.0,0,0,0,0,0,0,0,0,0,0,0,0,0,0,0,0,0,0,0,0
ATTACKER_RELOCATED_SYBIL_ATTACK_N16_SEED123456,ATTACKER_RELOCATED,sybil,attack,1,0,16,123456,60,120,0,0,0,0,0,859,31122,1293,16,333,165,17,1,0,0,0,0,0,0,0,0,0,0,0,9,1,128,402.1176,450,322,16,384,419.25,450,66,0,0,256.0,384,413.75,450,66,0,0,0,1,256,256.0,256,0,9.0,9,0,0,0,0,0.0,0,0,0,0,0,0,0,0,0,0,0,0,0,0,0,0,0,0,0,0
ATTACKER_RELOCATED_SYBIL_ATTACK_N16_SEED123456,ATTACKER_RELOCATED,sybil,attack,1,0,16,123456,120,180,0,140,140,0,14,861,30492,1254,16,340,175,7,1,0,0,0,0,0,0,0,0,0,0,0,7,1,384,399.5714,426,42,7,384,399.5714,426,42,0,0,256.0,384,402.625,426,42,0,0,0,1,256,256.0,256,0,9.0,9,0,0,0,0,0.0,0,0,0,0,0,0,0,0,0,0,0,0,0,0,0,0,0,0,0,0
ATTACKER_RELOCATED_SYBIL_ATTACK_N16_SEED123456,ATTACKER_RELOCATED,sybil,attack,1,0,16,123456,180,240,0,60,60,0,6,833,29033,1192,16,332,167,2,1,0,0,0,0,0,0,0,0,0,0,0,2,1,128,257.0,386,258,1,386,386.0,386,0,0,0,256.0,384,401.625,426,42,0,0,0,1,256,256.0,256,0,9.0,9,0,0,0,0,0.0,0,0,0,0,0,0,0,0,0,0,0,0,0,0,0,0,0,0,0,0
ATTACKER_RELOCATED_SYBIL_ATTACK_N16_SEED123456,ATTACKER_RELOCATED,sybil,attack,1,1,16,123456,240,300,1,80,79,0,8,902,33990,1318,16,372,176,7,29,0,0,0,0,0,0,0,0,0,0,0,7,1,384,389.1429,396,12,7,384,389.1429,396,12,0,0,256.0,384,388.75,396,12,0,0,0,1,256,256.0,256,0,9.0,9,0,0,0,0,0.0,0,0,0,0,0,0,0,0,0,0,0,0,0,0,0,0,0,1,0,29
ATTACKER_RELOCATED_SYBIL_ATTACK_N16_SEED123456,ATTACKER_RELOCATED,sybil,attack,1,1,16,123456,300,360,1,140,140,0,14,869,32191,1245,16,364,167,0,30,0,0,0,0,0,0,0,0,0,0,0,0,0,0.0,0.0,0.0,0.0,0,0.0,0.0,0.0,0.0,0,0,256.0,384,388.75,396,12,0,0,0,1,256,256.0,256,0,9.0,9,0,0,0,0,0.0,0,0,0,0,0,0,0,0,0,0,0,0,0,0,0,0,0,0,0,30
ATTACKER_RELOCATED_SYBIL_ATTACK_N16_SEED123456,ATTACKER_RELOCATED,sybil,attack,1,1,16,123456,360,420,1,0,0,0,0,859,31769,1218,16,362,169,1,30,0,0,0,0,0,0,0,0,0,0,0,1,1,128,128.0,128,0,0,0.0,0.0,0.0,0.0,0,0,256.0,384,388.75,396,12,0,0,0,1,256,256.0,256,0,9.0,9,0,0,0,0,0.0,0,0,0,0,0,0,0,0,0,0,0,0,0,0,0,0,0,0,0,30
ATTACKER_RELOCATED_SYBIL_ATTACK_N16_SEED123456,ATTACKER_RELOCATED,sybil,attack,1,1,16,123456,420,480,1,140,140,0,14,859,31959,1232,16,362,166,3,30,0,0,0,0,0,0,0,0,0,0,0,3,1,384,384.0,384,0,3,384,384.0,384,0,0,0,256.0,384,387.25,392,8,0,0,0,1,256,256.0,256,0,9.0,9,0,0,0,0,0.0,0,0,0,0,0,0,0,0,0,0,0,0,0,0,0,0,0,0,0,30
ATTACKER_RELOCATED_SYBIL_ATTACK_N16_SEED123456,ATTACKER_RELOCATED,sybil,attack,1,1,16,123456,480,540,1,60,60,0,6,893,33494,1326,16,373,171,4,31,0,0,0,0,0,0,0,0,0,0,0,4,1,384,387.0,396,12,4,384,387.0,396,12,0,0,256.0,384,386.125,396,12,0,0,0,1,256,256.0,256,0,9.0,9,0,0,0,0,0.0,0,0,0,0,0,0,0,0,0,0,0,0,0,0,0,0,0,0,0,30
ATTACKER_RELOCATED_SYBIL_ATTACK_N16_SEED234567,ATTACKER_RELOCATED,sybil,attack,1,0,16,234567,0,60,0,0,0,0,0,658,28578,1223,16,243,113,62,8,3,0,0,1,1,1,0,1,1,1,0,9,1,128,34022.9032,65535,65407,58,396,36360.4828,65535,65139,0,0,32906.125,396,432.25,465,69,0,0,0,1,307,307.0,307,0,1.0,1,0,0,0,0,0.0,0,0,0,0,0,0,0,0,0,0,0,0,0,0,0,0,0,0,0,0
ATTACKER_RELOCATED_SYBIL_ATTACK_N16_SEED234567,ATTACKER_RELOCATED,sybil,attack,1,0,16,234567,60,120,0,0,0,0,0,868,30909,1480,16,338,169,9,1,0,0,0,0,0,0,0,0,0,0,0,8,1,384,411.5556,441,57,9,384,411.5556,441,57,0,0,256.0,384,411.625,441,57,0,0,0,1,265,265.0,265,0,9.0,9,0,0,0,0,0.0,0,0,0,0,0,0,0,0,0,0,0,0,0,0,0,0,0,0,0,0
ATTACKER_RELOCATED_SYBIL_ATTACK_N16_SEED234567,ATTACKER_RELOCATED,sybil,attack,1,0,16,234567,120,180,0,140,140,0,14,852,30136,1431,16,338,169,9,1,0,0,0,0,0,0,0,0,0,0,0,9,1,128,365.8889,416,288,8,384,395.625,416,32,0,0,256.0,384,395.625,416,32,0,0,0,1,256,256.0,256,0,9.0,9,0,0,0,0,0.0,0,0,0,0,0,0,0,0,0,0,0,0,0,0,0,0,0,0,0,0
ATTACKER_RELOCATED_SYBIL_ATTACK_N16_SEED234567,ATTACKER_RELOCATED,sybil,attack,1,0,16,234567,180,240,0,90,90,0,9,849,29354,1425,16,340,172,1,0,0,0,0,0,0,0,0,0,0,0,0,1,1,392,392.0,392,0,1,392,392.0,392,0,0,0,0.0,384,393.875,416,32,0,0,0,1,256,256.0,256,0,9.0,9,0,0,0,0,0.0,0,0,0,0,0,0,0,0,0,0,0,0,0,0,0,0,0,0,0,0
ATTACKER_RELOCATED_SYBIL_ATTACK_N16_SEED234567,ATTACKER_RELOCATED,sybil,attack,1,1,16,234567,240,300,1,50,50,0,5,893,33927,1538,16,368,172,8,30,0,0,0,0,0,0,0,0,0,0,0,8,1,128,356.25,402,274,7,384,388.8571,402,18,0,0,256.0,384,389.25,402,18,0,0,0,1,256,256.0,256,0,9.0,9,0,0,0,0,0.0,0,0,0,0,0,0,0,0,0,0,0,0,0,0,0,0,0,1,0,29
ATTACKER_RELOCATED_SYBIL_ATTACK_N16_SEED234567,ATTACKER_RELOCATED,sybil,attack,1,1,16,234567,300,360,1,140,139,0,14,879,32539,1492,16,367,170,0,30,0,0,0,0,0,0,0,0,0,0,0,0,0,0.0,0.0,0.0,0.0,0,0.0,0.0,0.0,0.0,0,0,256.0,384,389.25,402,18,0,0,0,1,256,256.0,256,0,9.0,9,0,0,0,0,0.0,0,0,0,0,0,0,0,0,0,0,0,0,0,0,0,0,0,0,0,30
ATTACKER_RELOCATED_SYBIL_ATTACK_N16_SEED234567,ATTACKER_RELOCATED,sybil,attack,1,1,16,234567,360,420,1,0,0,0,0,858,31642,1449,16,363,167,1,30,0,0,0,0,0,0,0,0,0,0,0,1,1,128,128.0,128,0,0,0.0,0.0,0.0,0.0,0,0,256.0,384,389.25,402,18,0,0,0,1,256,256.0,256,0,9.0,9,0,0,0,0,0.0,0,0,0,0,0,0,0,0,0,0,0,0,0,0,0,0,0,0,0,30
ATTACKER_RELOCATED_SYBIL_ATTACK_N16_SEED234567,ATTACKER_RELOCATED,sybil,attack,1,1,16,234567,420,480,1,140,140,0,14,865,32447,1490,16,362,166,5,31,0,0,0,0,0,0,0,0,0,0,0,5,1,384,384.0,384,0,5,384,384.0,384,0,0,0,256.0,384,385.0,392,8,0,0,0,1,256,256.0,256,0,9.0,9,0,0,0,0,0.0,0,0,0,0,0,0,0,0,0,0,0,0,0,0,0,0,0,0,0,30
ATTACKER_RELOCATED_SYBIL_ATTACK_N16_SEED234567,ATTACKER_RELOCATED,sybil,attack,1,1,16,234567,480,540,1,100,100,0,10,902,33624,1514,16,376,175,3,30,0,0,0,0,0,0,0,0,0,0,0,3,1,384,384.0,384,0,3,384,384.0,384,0,0,0,256.0,384,384.0,384,0,0,0,0,1,256,256.0,256,0,9.0,9,0,0,0,0,0.0,0,0,0,0,0,0,0,0,0,0,0,0,0,0,0,0,0,0,0,30
ATTACKER_RELOCATED_SYBIL_ATTACK_N16_SEED345678,ATTACKER_RELOCATED,sybil,attack,1,0,16,345678,0,60,0,0,0,0,0,637,27670,1108,16,235,108,61,8,3,0,0,1,1,1,0,1,1,1,0,9,1,128,34575.8525,65535,65407,57,404,36993.2456,65535,65131,0,0,32910.125,404,433.0,456,52,0,0,0,1,307,307.0,307,0,1.0,1,0,0,0,0,0.0,0,0,0,0,0,0,0,0,0,0,0,0,0,0,0,0,0,0,0,0
ATTACKER_RELOCATED_SYBIL_ATTACK_N16_SEED345678,ATTACKER_RELOCATED,sybil,attack,1,0,16,345678,60,120,0,0,0,0,0,865,30688,1343,16,341,171,10,1,0,0,0,0,0,0,0,0,0,0,0,9,1,128,385.9,444,316,9,387,414.5556,444,57,0,0,256.0,387,414.375,444,57,0,0,0,1,256,256.0,256,0,9.0,9,0,0,0,0,0.0,0,0,0,0,0,0,0,0,0,0,0,0,0,0,0,0,0,0,0,0
ATTACKER_RELOCATED_SYBIL_ATTACK_N16_SEED345678,ATTACKER_RELOCATED,sybil,attack,1,0,16,345678,120,180,0,140,140,0,14,865,30790,1337,16,337,171,8,1,0,0,0,0,0,0,0,0,0,0,0,8,1,384,398.75,414,30,8,384,398.75,414,30,0,0,256.0,384,398.75,414,30,0,0,0,1,256,256.0,256,0,9.0,9,0,0,0,0,0.0,0,0,0,0,0,0,0,0,0,0,0,0,0,0,0,0,0,0,0,0
ATTACKER_RELOCATED_SYBIL_ATTACK_N16_SEED345678,ATTACKER_RELOCATED,sybil,attack,1,0,16,345678,180,240,0,80,80,0,8,838,29166,1290,16,335,167,4,1,0,0,0,0,0,0,0,0,0,0,0,4,1,128,321.75,391,263,3,384,386.3333,391,7,0,0,256.0,384,396.125,414,30,0,0,0,1,256,256.0,256,0,9.0,9,0,0,0,0,0.0,0,0,0,0,0,0,0,0,0,0,0,0,0,0,0,0,0,0,0,0
ATTACKER_RELOCATED_SYBIL_ATTACK_N16_SEED345678,ATTACKER_RELOCATED,sybil,attack,1,1,16,345678,240,300,1,60,60,0,6,855,32186,1330,16,357,164,5,29,0,0,0,0,0,0,0,0,0,0,0,5,1,384,386.4,389,5,5,384,386.4,389,5,0,0,256.0,384,386.375,391,7,0,0,0,1,256,256.0,256,0,9.0,9,0,0,0,0,0.0,0,0,0,0,0,0,0,0,0,0,0,0,0,0,0,0,0,1,0,29
ATTACKER_RELOCATED_SYBIL_ATTACK_N16_SEED345678,ATTACKER_RELOCATED,sybil,attack,1,1,16,345678,300,360,1,140,139,0,14,895,32989,1370,16,374,173,0,30,0,0,0,0,0,0,0,0,0,0,0,0,0,0.0,0.0,0.0,0.0,0,0.0,0.0,0.0,0.0,0,0,256.0,384,386.375,391,7,0,0,0,1,256,256.0,256,0,9.0,9,0,0,0,0,0.0,0,0,0,0,0,0,0,0,0,0,0,0,0,0,0,0,0,0,0,30
ATTACKER_RELOCATED_SYBIL_ATTACK_N16_SEED345678,ATTACKER_RELOCATED,sybil,attack,1,1,16,345678,360,420,1,0,0,0,0,870,32031,1338,16,368,168,0,30,0,0,0,0,0,0,0,0,0,0,0,0,0,0.0,0.0,0.0,0.0,0,0.0,0.0,0.0,0.0,0,0,256.0,384,386.375,391,7,0,0,0,1,256,256.0,256,0,9.0,9,0,0,0,0,0.0,0,0,0,0,0,0,0,0,0,0,0,0,0,0,0,0,0,0,0,30
ATTACKER_RELOCATED_SYBIL_ATTACK_N16_SEED345678,ATTACKER_RELOCATED,sybil,attack,1,1,16,345678,420,480,1,140,140,0,14,873,32775,1351,16,367,171,7,31,0,0,0,0,0,0,0,0,0,0,0,7,1,128,347.4286,384,256,6,384,384.0,384,0,0,0,256.0,384,384.0,384,0,0,0,0,1,256,256.0,256,0,9.0,9,0,0,0,0,0.0,0,0,0,0,0,0,0,0,0,0,0,0,0,0,0,0,0,0,0,30
ATTACKER_RELOCATED_SYBIL_ATTACK_N16_SEED345678,ATTACKER_RELOCATED,sybil,attack,1,1,16,345678,480,540,1,60,60,0,6,875,32562,1365,16,366,168,2,30,0,0,0,0,0,0,0,0,0,0,0,2,1,384,384.0,384,0,2,384,384.0,384,0,0,0,256.0,384,384.0,384,0,0,0,0,1,256,256.0,256,0,9.0,9,0,0,0,0,0.0,0,0,0,0,0,0,0,0,0,0,0,0,0,0,0,0,0,0,0,30
ATTACKER_RELOCATED_SYBIL_ATTACK_N16_SEED456789,ATTACKER_RELOCATED,sybil,attack,1,0,16,456789,0,60,0,0,0,0,0,564,25147,1056,16,206,92,64,8,2,0,0,1,1,1,0,1,1,1,0,9,1,128,32974.2812,65535,65407,60,402,35164.0333,65535,65133,0,0,32907.0,402,434.5,454,52,0,0,0,1,307,307.0,307,0,1.0,1,0,0,0,0,0.0,0,0,0,0,0,0,0,0,0,0,0,0,0,0,0,0,0,0,0,0
ATTACKER_RELOCATED_SYBIL_ATTACK_N16_SEED456789,ATTACKER_RELOCATED,sybil,attack,1,0,16,456789,60,120,0,0,0,0,0,897,32331,1573,16,349,176,13,1,0,0,0,0,0,0,0,0,0,0,0,8,1,393,413.0769,440,47,13,393,413.0769,440,47,0,0,256.0,393,409.75,429,36,0,0,0,1,256,256.0,256,0,9.0,9,0,0,0,0,0.0,0,0,0,0,0,0,0,0,0,0,0,0,0,0,0,0,0,0,0,0
ATTACKER_RELOCATED_SYBIL_ATTACK_N16_SEED456789,ATTACKER_RELOCATED,sybil,attack,1,0,16,456789,120,180,0,140,140,0,14,860,30537,1458,16,337,172,9,1,0,0,0,0,0,0,0,0,0,0,0,9,1,128,366.3333,409,281,8,384,396.125,409,25,0,0,256.0,384,396.125,409,25,0,0,0,1,256,256.0,256,0,9.0,9,0,0,0,0,0.0,0,0,0,0,0,0,0,0,0,0,0,0,0,0,0,0,0,0,0,0
ATTACKER_RELOCATED_SYBIL_ATTACK_N16_SEED456789,ATTACKER_RELOCATED,sybil,attack,1,0,16,456789,180,240,0,50,50,0,5,842,29223,1440,16,333,166,2,0,0,0,0,0,0,0,0,0,0,0,0,2,1,384,384.0,384,0,2,384,384.0,384,0,0,0,0.0,384,393.875,409,25,0,0,0,1,256,256.0,256,0,9.0,9,0,0,0,0,0.0,0,0,0,0,0,0,0,0,0,0,0,0,0,0,0,0,0,0,0,0
ATTACKER_RELOCATED_SYBIL_ATTACK_N16_SEED456789,ATTACKER_RELOCATED,sybil,attack,1,1,16,456789,240,300,1,90,90,0,9,898,33648,1552,16,375,173,7,30,0,0,0,0,0,0,0,0,0,0,0,7,1,128,348.8571,390,262,6,384,385.6667,390,6,0,0,256.0,384,385.25,390,6,0,0,0,1,256,256.0,256,0,9.0,9,0,0,0,0,0.0,0,0,0,0,0,0,0,0,0,0,0,0,0,0,0,0,0,1,0,29
ATTACKER_RELOCATED_SYBIL_ATTACK_N16_SEED456789,ATTACKER_RELOCATED,sybil,attack,1,1,16,456789,300,360,1,130,129,0,13,854,31733,1490,16,359,164,0,30,0,0,0,0,0,0,0,0,0,0,0,0,0,0.0,0.0,0.0,0.0,0,0.0,0.0,0.0,0.0,0,0,256.0,384,385.25,390,6,0,0,0,1,256,256.0,256,0,9.0,9,0,0,0,0,0.0,0,0,0,0,0,0,0,0,0,0,0,0,0,0,0,0,0,0,0,30
ATTACKER_RELOCATED_SYBIL_ATTACK_N16_SEED456789,ATTACKER_RELOCATED,sybil,attack,1,1,16,456789,360,420,1,10,10,0,1,868,32039,1497,16,367,169,0,30,0,0,0,0,0,0,0,0,0,0,0,0,0,0.0,0.0,0.0,0.0,0,0.0,0.0,0.0,0.0,0,0,256.0,384,385.25,390,6,0,0,0,1,256,256.0,256,0,9.0,9,0,0,0,0,0.0,0,0,0,0,0,0,0,0,0,0,0,0,0,0,0,0,0,0,0,30
ATTACKER_RELOCATED_SYBIL_ATTACK_N16_SEED456789,ATTACKER_RELOCATED,sybil,attack,1,1,16,456789,420,480,1,140,140,0,14,878,33053,1531,16,364,167,6,30,0,0,0,0,0,0,0,0,0,0,0,6,1,384,385.3333,392,8,6,384,385.3333,392,8,0,0,256.0,384,385.0,392,8,0,0,0,1,256,256.0,256,0,9.0,9,0,0,0,0,0.0,0,0,0,0,0,0,0,0,0,0,0,0,0,0,0,0,0,0,0,30
ATTACKER_RELOCATED_SYBIL_ATTACK_N16_SEED456789,ATTACKER_RELOCATED,sybil,attack,1,1,16,456789,480,540,1,60,60,0,6,903,33814,1548,16,376,176,2,31,0,0,0,0,0,0,0,0,0,0,0,2,1,128,256.0,384,256,1,384,384.0,384,0,0,0,256.0,384,385.0,392,8,0,0,0,1,256,256.0,256,0,9.0,9,0,0,0,0,0.0,0,0,0,0,0,0,0,0,0,0,0,0,0,0,0,0,0,0,0,30
ATTACKER_RELOCATED_SYBIL_ATTACK_N16_SEED567890,ATTACKER_RELOCATED,sybil,attack,1,0,16,567890,0,60,0,0,0,0,0,647,28037,1061,16,238,109,57,9,4,0,0,1,1,1,0,1,1,1,0,9,1,128,34690.3684,65535,65407,53,401,37298.8491,65535,65134,0,0,29284.8889,401,444.125,498,97,0,0,0,1,307,307.0,307,0,1.0,1,0,0,0,0,0.0,0,0,0,0,0,0,0,0,0,0,0,0,0,0,0,0,0,0,0,0
ATTACKER_RELOCATED_SYBIL_ATTACK_N16_SEED567890,ATTACKER_RELOCATED,sybil,attack,1,0,16,567890,60,120,0,0,0,0,0,848,30258,1247,16,330,165,11,1,0,0,0,0,0,0,0,0,0,0,0,9,1,128,396.1818,465,337,10,385,423.0,465,80,0,0,256.0,385,421.125,465,80,0,0,0,1,256,256.0,256,0,9.0,9,0,0,0,0,0.0,0,0,0,0,0,0,0,0,0,0,0,0,0,0,0,0,0,0,0,0
ATTACKER_RELOCATED_SYBIL_ATTACK_N16_SEED567890,ATTACKER_RELOCATED,sybil,attack,1,0,16,567890,120,180,0,140,140,0,14,857,30346,1237,16,339,171,8,1,0,0,0,0,0,0,0,0,0,0,0,8,1,384,404.0,429,45,8,384,404.0,429,45,0,0,256.0,384,404.0,429,45,0,0,0,1,256,256.0,256,0,9.0,9,0,0,0,0,0.0,0,0,0,0,0,0,0,0,0,0,0,0,0,0,0,0,0,0,0,0
ATTACKER_RELOCATED_SYBIL_ATTACK_N16_SEED567890,ATTACKER_RELOCATED,sybil,attack,1,0,16,567890,180,240,0,60,59,0,6,818,28357,1166,16,325,163,2,0,0,0,0,0,0,0,0,0,0,0,0,2,1,128,259.5,391,263,1,391,391.0,391,0,0,0,0.0,384,402.0,429,45,0,0,0,1,256,256.0,256,0,9.0,9,0,0,0,0,0.0,0,0,0,0,0,0,0,0,0,0,0,0,0,0,0,0,0,0,0,0
ATTACKER_RELOCATED_SYBIL_ATTACK_N16_SEED567890,ATTACKER_RELOCATED,sybil,attack,1,1,16,567890,240,300,1,80,80,0,8,931,35032,1346,16,383,178,7,30,0,0,0,0,0,0,0,0,0,0,0,7,1,384,387.2857,392,8,7,384,387.2857,392,8,0,0,256.0,384,387.75,392,8,0,0,0,1,256,256.0,256,0,9.0,9,0,0,0,0,0.0,0,0,0,0,0,0,0,0,0,0,0,0,0,0,0,0,0,1,0,29
ATTACKER_RELOCATED_SYBIL_ATTACK_N16_SEED567890,ATTACKER_RELOCATED,sybil,attack,1,1,16,567890,300,360,1,140,140,0,14,854,31540,1224,16,361,165,0,30,0,0,0,0,0,0,0,0,0,0,0,0,0,0.0,0.0,0.0,0.0,0,0.0,0.0,0.0,0.0,0,0,256.0,384,387.75,392,8,0,0,0,1,256,256.0,256,0,9.0,9,0,0,0,0,0.0,0,0,0,0,0,0,0,0,0,0,0,0,0,0,0,0,0,0,0,30
ATTACKER_RELOCATED_SYBIL_ATTACK_N16_SEED567890,ATTACKER_RELOCATED,sybil,attack,1,1,16,567890,360,420,1,0,0,0,0,884,32750,1278,16,370,173,1,30,0,0,0,0,0,0,0,0,0,0,0,1,1,128,128.0,128,0,0,0.0,0.0,0.0,0.0,0,0,256.0,384,387.75,392,8,0,0,0,1,256,256.0,256,0,9.0,9,0,0,0,0,0.0,0,0,0,0,0,0,0,0,0,0,0,0,0,0,0,0,0,0,0,30
ATTACKER_RELOCATED_SYBIL_ATTACK_N16_SEED567890,ATTACKER_RELOCATED,sybil,attack,1,1,16,567890,420,480,1,140,139,0,14,891,33396,1291,16,369,170,7,31,0,0,0,0,0,0,0,0,0,0,0,7,1,384,384.0,384,0,7,384,384.0,384,0,0,0,256.0,384,384.375,387,3,0,0,0,1,256,256.0,256,0,9.0,9,0,0,0,0,0.0,0,0,0,0,0,0,0,0,0,0,0,0,0,0,0,0,0,0,0,30
ATTACKER_RELOCATED_SYBIL_ATTACK_N16_SEED567890,ATTACKER_RELOCATED,sybil,attack,1,1,16,567890,480,540,1,60,60,0,6,883,32968,1297,16,366,171,1,30,0,0,0,0,0,0,0,0,0,0,0,1,1,384,384.0,384,0,1,384,384.0,384,0,0,0,256.0,384,384.0,384,0,0,0,0,1,256,256.0,256,0,9.0,9,0,0,0,0,0.0,0,0,0,0,0,0,0,0,0,0,0,0,0,0,0,0,0,0,0,30
ATTACKER_RELOCATED_SYBIL_CONTROL_N16_SEED123456,ATTACKER_RELOCATED,sybil,control,0,0,16,123456,0,60,0,0,0,0,0,628,27823,1084,16,233,104,64,8,4,0,0,1,1,1,0,1,1,1,0,9,1,128,32976.5469,65535,65407,60,403,35166.45,65535,65132,0,0,32909.125,403,434.875,454,51,0,0,0,1,307,307.0,307,0,1.0,1,0,0,0,0,0.0,0,0,0,0,0,0,0,0,0,0,0,0,0,0,0,0,0,0,0,0
ATTACKER_RELOCATED_SYBIL_CONTROL_N16_SEED123456,ATTACKER_RELOCATED,sybil,control,0,0,16,123456,60,120,0,0,0,0,0,859,31122,1293,16,333,165,17,1,0,0,0,0,0,0,0,0,0,0,0,9,1,128,402.1176,450,322,16,384,419.25,450,66,0,0,256.0,384,413.75,450,66,0,0,0,1,256,256.0,256,0,9.0,9,0,0,0,0,0.0,0,0,0,0,0,0,0,0,0,0,0,0,0,0,0,0,0,0,0,0
ATTACKER_RELOCATED_SYBIL_CONTROL_N16_SEED123456,ATTACKER_RELOCATED,sybil,control,0,0,16,123456,120,180,0,140,140,0,14,861,30492,1254,16,340,175,7,1,0,0,0,0,0,0,0,0,0,0,0,7,1,384,399.5714,426,42,7,384,399.5714,426,42,0,0,256.0,384,402.625,426,42,0,0,0,1,256,256.0,256,0,9.0,9,0,0,0,0,0.0,0,0,0,0,0,0,0,0,0,0,0,0,0,0,0,0,0,0,0,0
ATTACKER_RELOCATED_SYBIL_CONTROL_N16_SEED123456,ATTACKER_RELOCATED,sybil,control,0,0,16,123456,180,240,0,60,60,0,6,833,29033,1192,16,332,167,2,1,0,0,0,0,0,0,0,0,0,0,0,2,1,128,257.0,386,258,1,386,386.0,386,0,0,0,256.0,384,401.625,426,42,0,0,0,1,256,256.0,256,0,9.0,9,0,0,0,0,0.0,0,0,0,0,0,0,0,0,0,0,0,0,0,0,0,0,0,0,0,0
ATTACKER_RELOCATED_SYBIL_CONTROL_N16_SEED123456,ATTACKER_RELOCATED,sybil,control,0,0,16,123456,240,300,1,80,79,0,8,877,31120,1251,16,344,179,7,0,0,0,0,0,0,0,0,0,0,0,0,7,1,384,390.4286,396,12,7,384,390.4286,396,12,0,0,0.0,384,389.875,396,12,0,0,0,1,256,256.0,256,0,9.0,9,0,0,0,0,0.0,0,0,0,0,0,0,0,0,0,0,0,0,0,0,0,0,0,0,0,0
ATTACKER_RELOCATED_SYBIL_CONTROL_N16_SEED123456,ATTACKER_RELOCATED,sybil,control,0,0,16,123456,300,360,1,140,140,0,14,828,28734,1172,16,329,164,0,0,0,0,0,0,0,0,0,0,0,0,0,0,0,0.0,0.0,0.0,0.0,0,0.0,0.0,0.0,0.0,0,0,0.0,384,389.875,396,12,0,0,0,1,256,256.0,256,0,9.0,9,0,0,0,0,0.0,0,0,0,0,0,0,0,0,0,0,0,0,0,0,0,0,0,0,0,0
ATTACKER_RELOCATED_SYBIL_CONTROL_N16_SEED123456,ATTACKER_RELOCATED,sybil,control,0,0,16,123456,360,420,1,0,0,0,0,851,29281,1200,16,342,173,1,0,0,0,0,0,0,0,0,0,0,0,0,1,1,128,128.0,128,0,0,0.0,0.0,0.0,0.0,0,0,0.0,384,389.875,396,12,0,0,0,1,256,256.0,256,0,9.0,9,0,0,0,0,0.0,0,0,0,0,0,0,0,0,0,0,0,0,0,0,0,0,0,0,0,0
ATTACKER_RELOCATED_SYBIL_CONTROL_N16_SEED123456,ATTACKER_RELOCATED,sybil,control,0,0,16,123456,420,480,1,140,139,0,14,862,30214,1259,16,344,171,4,1,0,0,0,0,0,0,0,0,0,0,0,4,1,384,384.0,384,0,4,384,384.0,384,0,0,0,256.0,384,387.375,393,9,0,0,0,1,256,256.0,256,0,9.0,9,0,0,0,0,0.0,0,0,0,0,0,0,0,0,0,0,0,0,0,0,0,0,0,0,0,0
ATTACKER_RELOCATED_SYBIL_CONTROL_N16_SEED123456,ATTACKER_RELOCATED,sybil,control,0,0,16,123456,480,540,1,70,69,0,7,873,30587,1254,16,347,176,3,0,0,0,0,0,0,0,0,0,0,0,0,3,1,384,384.0,384,0,3,384,384.0,384,0,0,0,0.0,384,384.625,389,5,0,0,0,1,256,256.0,256,0,9.0,9,0,0,0,0,0.0,0,0,0,0,0,0,0,0,0,0,0,0,0,0,0,0,0,0,0,0
ATTACKER_RELOCATED_SYBIL_CONTROL_N16_SEED234567,ATTACKER_RELOCATED,sybil,control,0,0,16,234567,0,60,0,0,0,0,0,658,28578,1223,16,243,113,62,8,3,0,0,1,1,1,0,1,1,1,0,9,1,128,34022.9032,65535,65407,58,396,36360.4828,65535,65139,0,0,32906.125,396,432.25,465,69,0,0,0,1,307,307.0,307,0,1.0,1,0,0,0,0,0.0,0,0,0,0,0,0,0,0,0,0,0,0,0,0,0,0,0,0,0,0
ATTACKER_RELOCATED_SYBIL_CONTROL_N16_SEED234567,ATTACKER_RELOCATED,sybil,control,0,0,16,234567,60,120,0,0,0,0,0,868,30909,1480,16,338,169,9,1,0,0,0,0,0,0,0,0,0,0,0,8,1,384,411.5556,441,57,9,384,411.5556,441,57,0,0,256.0,384,411.625,441,57,0,0,0,1,265,265.0,265,0,9.0,9,0,0,0,0,0.0,0,0,0,0,0,0,0,0,0,0,0,0,0,0,0,0,0,0,0,0
ATTACKER_RELOCATED_SYBIL_CONTROL_N16_SEED234567,ATTACKER_RELOCATED,sybil,control,0,0,16,234567,120,180,0,140,140,0,14,852,30136,1431,16,338,169,9,1,0,0,0,0,0,0,0,0,0,0,0,9,1,128,365.8889,416,288,8,384,395.625,416,32,0,0,256.0,384,395.625,416,32,0,0,0,1,256,256.0,256,0,9.0,9,0,0,0,0,0.0,0,0,0,0,0,0,0,0,0,0,0,0,0,0,0,0,0,0,0,0
ATTACKER_RELOCATED_SYBIL_CONTROL_N16_SEED234567,ATTACKER_RELOCATED,sybil,control,0,0,16,234567,180,240,0,90,90,0,9,849,29354,1425,16,340,172,1,0,0,0,0,0,0,0,0,0,0,0,0,1,1,392,392.0,392,0,1,392,392.0,392,0,0,0,0.0,384,393.875,416,32,0,0,0,1,256,256.0,256,0,9.0,9,0,0,0,0,0.0,0,0,0,0,0,0,0,0,0,0,0,0,0,0,0,0,0,0,0,0
ATTACKER_RELOCATED_SYBIL_CONTROL_N16_SEED234567,ATTACKER_RELOCATED,sybil,control,0,0,16,234567,240,300,1,50,50,0,5,852,30241,1442,16,336,169,8,1,0,0,0,0,0,0,0,0,0,0,0,8,1,128,354.625,400,272,7,384,387.0,400,16,0,0,256.0,384,387.625,400,16,0,0,0,1,256,256.0,256,0,9.0,9,0,0,0,0,0.0,0,0,0,0,0,0,0,0,0,0,0,0,0,0,0,0,0,0,0,0
ATTACKER_RELOCATED_SYBIL_CONTROL_N16_SEED234567,ATTACKER_RELOCATED,sybil,control,0,0,16,234567,300,360,1,130,130,0,13,829,28565,1398,16,332,166,0,0,0,0,0,0,0,0,0,0,0,0,0,0,0,0.0,0.0,0.0,0.0,0,0.0,0.0,0.0,0.0,0,0,0.0,384,387.625,400,16,0,0,0,1,256,256.0,256,0,9.0,9,0,0,0,0,0.0,0,0,0,0,0,0,0,0,0,0,0,0,0,0,0,0,0,0,0,0
ATTACKER_RELOCATED_SYBIL_CONTROL_N16_SEED234567,ATTACKER_RELOCATED,sybil,control,0,0,16,234567,360,420,1,10,9,0,1,830,28589,1380,16,334,169,1,0,0,0,0,0,0,0,0,0,0,0,0,1,1,128,128.0,128,0,0,0.0,0.0,0.0,0.0,0,0,0.0,384,387.625,400,16,0,0,0,1,256,256.0,256,0,9.0,9,0,0,0,0,0.0,0,0,0,0,0,0,0,0,0,0,0,0,0,0,0,0,0,0,0,0
ATTACKER_RELOCATED_SYBIL_CONTROL_N16_SEED234567,ATTACKER_RELOCATED,sybil,control,0,0,16,234567,420,480,1,140,140,0,14,845,29621,1431,16,334,167,5,1,0,0,0,0,0,0,0,0,0,0,0,5,1,384,384.0,384,0,5,384,384.0,384,0,0,0,256.0,384,385.0,392,8,0,0,0,1,256,256.0,256,0,9.0,9,0,0,0,0,0.0,0,0,0,0,0,0,0,0,0,0,0,0,0,0,0,0,0,0,0,0
ATTACKER_RELOCATED_SYBIL_CONTROL_N16_SEED234567,ATTACKER_RELOCATED,sybil,control,0,0,16,234567,480,540,1,80,80,0,8,862,30251,1459,16,342,174,2,0,0,0,0,0,0,0,0,0,0,0,0,2,1,384,392.5,401,17,2,384,392.5,401,17,0,0,0.0,384,387.125,401,17,0,0,0,1,256,256.0,256,0,9.0,9,0,0,0,0,0.0,0,0,0,0,0,0,0,0,0,0,0,0,0,0,0,0,0,0,0,0
ATTACKER_RELOCATED_SYBIL_CONTROL_N16_SEED345678,ATTACKER_RELOCATED,sybil,control,0,0,16,345678,0,60,0,0,0,0,0,637,27670,1108,16,235,108,61,8,3,0,0,1,1,1,0,1,1,1,0,9,1,128,34575.8525,65535,65407,57,404,36993.2456,65535,65131,0,0,32910.125,404,433.0,456,52,0,0,0,1,307,307.0,307,0,1.0,1,0,0,0,0,0.0,0,0,0,0,0,0,0,0,0,0,0,0,0,0,0,0,0,0,0,0
ATTACKER_RELOCATED_SYBIL_CONTROL_N16_SEED345678,ATTACKER_RELOCATED,sybil,control,0,0,16,345678,60,120,0,0,0,0,0,865,30688,1343,16,341,171,10,1,0,0,0,0,0,0,0,0,0,0,0,9,1,128,385.9,444,316,9,387,414.5556,444,57,0,0,256.0,387,414.375,444,57,0,0,0,1,256,256.0,256,0,9.0,9,0,0,0,0,0.0,0,0,0,0,0,0,0,0,0,0,0,0,0,0,0,0,0,0,0,0
ATTACKER_RELOCATED_SYBIL_CONTROL_N16_SEED345678,ATTACKER_RELOCATED,sybil,control,0,0,16,345678,120,180,0,140,140,0,14,865,30790,1337,16,337,171,8,1,0,0,0,0,0,0,0,0,0,0,0,8,1,384,398.75,414,30,8,384,398.75,414,30,0,0,256.0,384,398.75,414,30,0,0,0,1,256,256.0,256,0,9.0,9,0,0,0,0,0.0,0,0,0,0,0,0,0,0,0,0,0,0,0,0,0,0,0,0,0,0
ATTACKER_RELOCATED_SYBIL_CONTROL_N16_SEED345678,ATTACKER_RELOCATED,sybil,control,0,0,16,345678,180,240,0,80,80,0,8,838,29166,1290,16,335,167,4,1,0,0,0,0,0,0,0,0,0,0,0,4,1,128,321.75,391,263,3,384,386.3333,391,7,0,0,256.0,384,396.125,414,30,0,0,0,1,256,256.0,256,0,9.0,9,0,0,0,0,0.0,0,0,0,0,0,0,0,0,0,0,0,0,0,0,0,0,0,0,0,0
ATTACKER_RELOCATED_SYBIL_CONTROL_N16_SEED345678,ATTACKER_RELOCATED,sybil,control,0,0,16,345678,240,300,1,60,60,0,6,826,29073,1285,16,326,163,5,0,0,0,0,0,0,0,0,0,0,0,0,5,1,384,386.4,389,5,5,384,386.4,389,5,0,0,0.0,384,386.375,391,7,0,0,0,1,256,256.0,256,0,9.0,9,0,0,0,0,0.0,0,0,0,0,0,0,0,0,0,0,0,0,0,0,0,0,0,0,0,0
ATTACKER_RELOCATED_SYBIL_CONTROL_N16_SEED345678,ATTACKER_RELOCATED,sybil,control,0,0,16,345678,300,360,1,140,139,0,14,887,30545,1361,16,354,177,0,0,0,0,0,0,0,0,0,0,0,0,0,0,0,0.0,0.0,0.0,0.0,0,0.0,0.0,0.0,0.0,0,0,0.0,384,386.375,391,7,0,0,0,1,256,256.0,256,0,9.0,9,0,0,0,0,0.0,0,0,0,0,0,0,0,0,0,0,0,0,0,0,0,0,0,0,0,0
ATTACKER_RELOCATED_SYBIL_CONTROL_N16_SEED345678,ATTACKER_RELOCATED,sybil,control,0,0,16,345678,360,420,1,0,0,0,0,852,29369,1299,16,342,174,1,0,0,0,0,0,0,0,0,0,0,0,0,1,1,128,128.0,128,0,0,0.0,0.0,0.0,0.0,0,0,0.0,384,386.375,391,7,0,0,0,1,256,256.0,256,0,9.0,9,0,0,0,0,0.0,0,0,0,0,0,0,0,0,0,0,0,0,0,0,0,0,0,0,0,0
ATTACKER_RELOCATED_SYBIL_CONTROL_N16_SEED345678,ATTACKER_RELOCATED,sybil,control,0,0,16,345678,420,480,1,140,140,0,14,843,29724,1357,16,335,166,5,0,0,0,0,0,0,0,0,0,0,0,0,5,1,384,384.8,388,4,5,384,384.8,388,4,0,0,0.0,384,384.5,388,4,0,0,0,1,256,256.0,256,0,9.0,9,0,0,0,0,0.0,0,0,0,0,0,0,0,0,0,0,0,0,0,0,0,0,0,0,0,0
ATTACKER_RELOCATED_SYBIL_CONTROL_N16_SEED345678,ATTACKER_RELOCATED,sybil,control,0,0,16,345678,480,540,1,70,70,0,7,851,29728,1325,16,335,170,3,1,0,0,0,0,0,0,0,0,0,0,0,3,1,384,386.6667,392,8,3,384,386.6667,392,8,0,0,256.0,384,385.5,392,8,0,0,0,1,256,256.0,256,0,9.0,9,0,0,0,0,0.0,0,0,0,0,0,0,0,0,0,0,0,0,0,0,0,0,0,0,0,0
ATTACKER_RELOCATED_SYBIL_CONTROL_N16_SEED456789,ATTACKER_RELOCATED,sybil,control,0,0,16,456789,0,60,0,0,0,0,0,564,25147,1056,16,206,92,64,8,2,0,0,1,1,1,0,1,1,1,0,9,1,128,32974.2812,65535,65407,60,402,35164.0333,65535,65133,0,0,32907.0,402,434.5,454,52,0,0,0,1,307,307.0,307,0,1.0,1,0,0,0,0,0.0,0,0,0,0,0,0,0,0,0,0,0,0,0,0,0,0,0,0,0,0
ATTACKER_RELOCATED_SYBIL_CONTROL_N16_SEED456789,ATTACKER_RELOCATED,sybil,control,0,0,16,456789,60,120,0,0,0,0,0,897,32331,1573,16,349,176,13,1,0,0,0,0,0,0,0,0,0,0,0,8,1,393,413.0769,440,47,13,393,413.0769,440,47,0,0,256.0,393,409.75,429,36,0,0,0,1,256,256.0,256,0,9.0,9,0,0,0,0,0.0,0,0,0,0,0,0,0,0,0,0,0,0,0,0,0,0,0,0,0,0
ATTACKER_RELOCATED_SYBIL_CONTROL_N16_SEED456789,ATTACKER_RELOCATED,sybil,control,0,0,16,456789,120,180,0,140,140,0,14,860,30537,1458,16,337,172,9,1,0,0,0,0,0,0,0,0,0,0,0,9,1,128,366.3333,409,281,8,384,396.125,409,25,0,0,256.0,384,396.125,409,25,0,0,0,1,256,256.0,256,0,9.0,9,0,0,0,0,0.0,0,0,0,0,0,0,0,0,0,0,0,0,0,0,0,0,0,0,0,0
ATTACKER_RELOCATED_SYBIL_CONTROL_N16_SEED456789,ATTACKER_RELOCATED,sybil,control,0,0,16,456789,180,240,0,50,50,0,5,842,29223,1440,16,333,166,2,0,0,0,0,0,0,0,0,0,0,0,0,2,1,384,384.0,384,0,2,384,384.0,384,0,0,0,0.0,384,393.875,409,25,0,0,0,1,256,256.0,256,0,9.0,9,0,0,0,0,0.0,0,0,0,0,0,0,0,0,0,0,0,0,0,0,0,0,0,0,0,0
ATTACKER_RELOCATED_SYBIL_CONTROL_N16_SEED456789,ATTACKER_RELOCATED,sybil,control,0,0,16,456789,240,300,1,90,90,0,9,859,30374,1486,16,338,170,7,1,0,0,0,0,0,0,0,0,0,0,0,7,1,128,350.2857,394,266,6,384,387.3333,394,10,0,0,256.0,384,386.5,394,10,0,0,0,1,256,256.0,256,0,9.0,9,0,0,0,0,0.0,0,0,0,0,0,0,0,0,0,0,0,0,0,0,0,0,0,0,0,0
ATTACKER_RELOCATED_SYBIL_CONTROL_N16_SEED456789,ATTACKER_RELOCATED,sybil,control,0,0,16,456789,300,360,1,130,130,0,13,838,29083,1438,16,335,169,0,0,0,0,0,0,0,0,0,0,0,0,0,0,0,0.0,0.0,0.0,0.0,0,0.0,0.0,0.0,0.0,0,0,0.0,384,386.5,394,10,0,0,0,1,256,256.0,256,0,9.0,9,0,0,0,0,0.0,0,0,0,0,0,0,0,0,0,0,0,0,0,0,0,0,0,0,0,0
ATTACKER_RELOCATED_SYBIL_CONTROL_N16_SEED456789,ATTACKER_RELOCATED,sybil,control,0,0,16,456789,360,420,1,10,10,0,1,808,27748,1368,16,326,162,0,0,0,0,0,0,0,0,0,0,0,0,0,0,0,0.0,0.0,0.0,0.0,0,0.0,0.0,0.0,0.0,0,0,0.0,384,386.5,394,10,0,0,0,1,256,256.0,256,0,9.0,9,0,0,0,0,0.0,0,0,0,0,0,0,0,0,0,0,0,0,0,0,0,0,0,0,0,0
ATTACKER_RELOCATED_SYBIL_CONTROL_N16_SEED456789,ATTACKER_RELOCATED,sybil,control,0,0,16,456789,420,480,1,140,139,0,14,856,29979,1454,16,340,173,6,0,0,0,0,0,0,0,0,0,0,0,0,6,1,384,384.0,384,0,6,384,384.0,384,0,0,0,0.0,384,384.125,385,1,0,0,0,1,256,256.0,256,0,9.0,9,0,0,0,0,0.0,0,0,0,0,0,0,0,0,0,0,0,0,0,0,0,0,0,0,0,0
ATTACKER_RELOCATED_SYBIL_CONTROL_N16_SEED456789,ATTACKER_RELOCATED,sybil,control,0,0,16,456789,480,540,1,40,40,0,4,855,30046,1483,16,340,169,3,1,0,0,0,0,0,0,0,0,0,0,0,3,1,128,298.6667,384,256,2,384,384.0,384,0,0,0,256.0,384,384.0,384,0,0,0,0,1,256,256.0,256,0,9.0,9,0,0,0,0,0.0,0,0,0,0,0,0,0,0,0,0,0,0,0,0,0,0,0,0,0,0
ATTACKER_RELOCATED_SYBIL_CONTROL_N16_SEED567890,ATTACKER_RELOCATED,sybil,control,0,0,16,567890,0,60,0,0,0,0,0,647,28037,1061,16,238,109,57,9,4,0,0,1,1,1,0,1,1,1,0,9,1,128,34690.3684,65535,65407,53,401,37298.8491,65535,65134,0,0,29284.8889,401,444.125,498,97,0,0,0,1,307,307.0,307,0,1.0,1,0,0,0,0,0.0,0,0,0,0,0,0,0,0,0,0,0,0,0,0,0,0,0,0,0,0
ATTACKER_RELOCATED_SYBIL_CONTROL_N16_SEED567890,ATTACKER_RELOCATED,sybil,control,0,0,16,567890,60,120,0,0,0,0,0,848,30258,1247,16,330,165,11,1,0,0,0,0,0,0,0,0,0,0,0,9,1,128,396.1818,465,337,10,385,423.0,465,80,0,0,256.0,385,421.125,465,80,0,0,0,1,256,256.0,256,0,9.0,9,0,0,0,0,0.0,0,0,0,0,0,0,0,0,0,0,0,0,0,0,0,0,0,0,0,0
ATTACKER_RELOCATED_SYBIL_CONTROL_N16_SEED567890,ATTACKER_RELOCATED,sybil,control,0,0,16,567890,120,180,0,140,140,0,14,857,30346,1237,16,339,171,8,1,0,0,0,0,0,0,0,0,0,0,0,8,1,384,404.0,429,45,8,384,404.0,429,45,0,0,256.0,384,404.0,429,45,0,0,0,1,256,256.0,256,0,9.0,9,0,0,0,0,0.0,0,0,0,0,0,0,0,0,0,0,0,0,0,0,0,0,0,0,0,0
ATTACKER_RELOCATED_SYBIL_CONTROL_N16_SEED567890,ATTACKER_RELOCATED,sybil,control,0,0,16,567890,180,240,0,60,59,0,6,818,28357,1166,16,325,163,2,0,0,0,0,0,0,0,0,0,0,0,0,2,1,128,259.5,391,263,1,391,391.0,391,0,0,0,0.0,384,402.0,429,45,0,0,0,1,256,256.0,256,0,9.0,9,0,0,0,0,0.0,0,0,0,0,0,0,0,0,0,0,0,0,0,0,0,0,0,0,0,0
ATTACKER_RELOCATED_SYBIL_CONTROL_N16_SEED567890,ATTACKER_RELOCATED,sybil,control,0,0,16,567890,240,300,1,80,80,0,8,893,31659,1277,16,350,174,7,1,0,0,0,0,0,0,0,0,0,0,0,7,1,384,387.2857,392,8,7,384,387.2857,392,8,0,0,256.0,384,387.75,392,8,0,0,0,1,256,256.0,256,0,9.0,9,0,0,0,0,0.0,0,0,0,0,0,0,0,0,0,0,0,0,0,0,0,0,0,0,0,0
ATTACKER_RELOCATED_SYBIL_CONTROL_N16_SEED567890,ATTACKER_RELOCATED,sybil,control,0,0,16,567890,300,360,1,140,140,0,14,832,28650,1182,16,335,171,0,0,0,0,0,0,0,0,0,0,0,0,0,0,0,0.0,0.0,0.0,0.0,0,0.0,0.0,0.0,0.0,0,0,0.0,384,387.75,392,8,0,0,0,1,256,256.0,256,0,9.0,9,0,0,0,0,0.0,0,0,0,0,0,0,0,0,0,0,0,0,0,0,0,0,0,0,0,0
ATTACKER_RELOCATED_SYBIL_CONTROL_N16_SEED567890,ATTACKER_RELOCATED,sybil,control,0,0,16,567890,360,420,1,0,0,0,0,853,29331,1197,16,344,173,1,0,0,0,0,0,0,0,0,0,0,0,0,1,1,128,128.0,128,0,0,0.0,0.0,0.0,0.0,0,0,0.0,384,387.75,392,8,0,0,0,1,256,256.0,256,0,9.0,9,0,0,0,0,0.0,0,0,0,0,0,0,0,0,0,0,0,0,0,0,0,0,0,0,0,0
ATTACKER_RELOCATED_SYBIL_CONTROL_N16_SEED567890,ATTACKER_RELOCATED,sybil,control,0,0,16,567890,420,480,1,140,140,0,14,845,29840,1222,16,334,168,6,1,0,0,0,0,0,0,0,0,0,0,0,6,1,384,385.0,390,6,6,384,385.0,390,6,0,0,256.0,384,385.125,390,6,0,0,0,1,256,256.0,256,0,9.0,9,0,0,0,0,0.0,0,0,0,0,0,0,0,0,0,0,0,0,0,0,0,0,0,0,0,0
ATTACKER_RELOCATED_SYBIL_CONTROL_N16_SEED567890,ATTACKER_RELOCATED,sybil,control,0,0,16,567890,480,540,1,70,70,0,7,856,29633,1210,16,342,171,2,0,0,0,0,0,0,0,0,0,0,0,0,2,1,384,384.0,384,0,2,384,384.0,384,0,0,0,0.0,384,384.75,390,6,0,0,0,1,256,256.0,256,0,9.0,9,0,0,0,0,0.0,0,0,0,0,0,0,0,0,0,0,0,0,0,0,0,0,0,0,0,0
LOSSY_RADIO_BH_ATTACK_N16_SEED123456,LOSSY_RADIO,blackhole,attack,1,0,16,123456,0,60,0,0,0,0,0,681,31114,1743,16,201,101,32,8,2,0,0,1,1,1,0,1,1,1,0,5,1,128,30953.2812,65535,65407,28,504,35356.8929,65535,65031,0,0,32928.125,504,520.75,537,33,0,0,0,1,338,338.0,338,0,1.0,1,0,0,0,0,0.0,0,0,0,0,0,0,0,0,0,0,0,0,0,0,0,0,0,0,0,0
LOSSY_RADIO_BH_ATTACK_N16_SEED123456,LOSSY_RADIO,blackhole,attack,1,0,16,123456,60,120,0,0,0,0,0,1208,47105,2948,16,389,199,9,2,0,0,0,0,0,0,0,0,0,0,0,5,1,128,436.1111,516,388,8,433,474.625,516,83,0,0,273.5,433,445.0,469,36,0,0,0,1,265,265.0,265,0,5.0,5,0,0,0,0,0.0,0,0,0,0,0,0,0,0,0,0,0,0,0,0,0,0,0,0,0,0
LOSSY_RADIO_BH_ATTACK_N16_SEED123456,LOSSY_RADIO,blackhole,attack,1,0,16,123456,120,180,0,140,139,0,14,1169,44372,2832,16,371,189,3,0,0,0,0,0,0,0,0,0,0,0,0,3,1,405,432.3333,468,63,3,405,432.3333,468,63,0,0,0.0,405,432.5,468,63,0,0,0,1,269,269.0,269,0,5.0,5,0,0,0,0,0.0,0,0,0,0,0,0,0,0,0,0,0,0,0,0,0,0,0,0,0,0
LOSSY_RADIO_BH_ATTACK_N16_SEED123456,LOSSY_RADIO,blackhole,attack,1,0,16,123456,180,240,0,40,40,0,4,1157,42963,2768,16,374,188,1,0,0,0,0,0,0,0,0,0,0,0,0,1,1,128,128.0,128,0,0,0.0,0.0,0.0,0.0,0,0,0.0,405,432.5,468,63,0,0,0,1,284,284.0,284,0,5.0,5,0,0,0,0,0.0,0,0,0,0,0,0,0,0,0,0,0,0,0,0,0,0,0,0,0,0
LOSSY_RADIO_BH_ATTACK_N16_SEED123456,LOSSY_RADIO,blackhole,attack,1,1,16,123456,240,300,1,100,93,0,10,403,15136,1220,15,93,0,4,1,0,0,0,0,0,0,0,0,0,0,0,4,1,408,414.75,419,11,4,408,414.75,419,11,0,0,265.0,408,414.75,419,11,0,0,0,1,265,265.0,265,0,5.0,5,0,0,0,0,0.0,0,0,0,1,82,0,0,0,0,0,0,0,0,0,0,0,0,0,0,0
LOSSY_RADIO_BH_ATTACK_N16_SEED123456,LOSSY_RADIO,blackhole,attack,1,1,16,123456,300,360,1,130,4,0,13,406,14428,1208,15,92,0,0,0,0,0,0,0,0,0,0,0,0,0,0,0,0,0.0,0.0,0.0,0.0,0,0.0,0.0,0.0,0.0,0,0,0.0,408,414.75,419,11,0,0,0,1,265,265.0,265,0,5.0,5,0,0,0,0,0.0,0,0,0,0,85,0,0,0,0,0,0,0,0,0,0,0,0,0,0,0
LOSSY_RADIO_BH_ATTACK_N16_SEED123456,LOSSY_RADIO,blackhole,attack,1,1,16,123456,360,420,1,10,0,0,1,403,14519,1241,15,93,0,0,0,0,0,0,0,0,0,0,0,0,0,0,0,0,0.0,0.0,0.0,0.0,0,0.0,0.0,0.0,0.0,0,0,0.0,408,414.75,419,11,0,0,0,1,265,265.0,265,0,5.0,5,0,0,0,0,0.0,0,0,0,0,84,0,0,0,0,0,0,0,0,0,0,0,0,0,0,0
LOSSY_RADIO_BH_ATTACK_N16_SEED123456,LOSSY_RADIO,blackhole,attack,1,1,16,123456,420,480,1,140,0,0,14,413,15089,1236,15,89,0,2,1,0,0,0,0,0,0,0,0,0,0,0,2,1,399,404.0,409,10,2,399,404.0,409,10,0,0,265.0,399,410.0,417,18,0,0,0,1,265,265.0,265,0,5.0,5,0,0,0,0,0.0,0,0,0,0,85,0,0,0,0,0,0,0,0,0,0,0,0,0,0,0
LOSSY_RADIO_BH_ATTACK_N16_SEED123456,LOSSY_RADIO,blackhole,attack,1,1,16,123456,480,540,1,40,0,0,4,409,14713,1248,16,90,1,2,0,0,0,0,0,0,0,0,0,0,0,0,2,1,128,265.0,402,274,1,402,402.0,402,0,0,0,0.0,399,406.25,415,16,0,0,0,1,265,265.0,265,0,5.0,5,0,0,0,0,0.0,0,0,0,0,82,0,0,0,0,0,0,0,0,0,0,0,0,0,0,0
LOSSY_RADIO_BH_ATTACK_N16_SEED234567,LOSSY_RADIO,blackhole,attack,1,0,16,234567,0,60,0,0,0,0,0,676,30584,1680,16,202,101,33,8,1,0,0,1,1,1,0,1,1,1,0,5,1,128,30015.5758,65535,65407,29,446,34138.0,65535,65089,0,0,32919.75,446,466.75,483,37,0,0,0,1,338,338.0,338,0,1.0,1,0,0,0,0,0.0,0,0,0,0,0,0,0,0,0,0,0,0,0,0,0,0,0,0,0,0
LOSSY_RADIO_BH_ATTACK_N16_SEED234567,LOSSY_RADIO,blackhole,attack,1,0,16,234567,60,120,0,0,0,0,0,1219,46928,3031,16,378,192,5,1,0,0,0,0,0,0,0,0,0,0,0,4,1,414,437.4,481,67,5,414,437.4,481,67,0,0,274.0,414,440.0,481,67,0,0,0,1,271,271.0,271,0,5.0,5,0,0,0,0,0.0,0,0,0,0,0,0,0,0,0,0,0,0,0,0,0,0,0,0,0,0
LOSSY_RADIO_BH_ATTACK_N16_SEED234567,LOSSY_RADIO,blackhole,attack,1,0,16,234567,120,180,0,140,140,0,14,1211,46253,2932,16,383,201,5,1,0,0,0,0,0,0,0,0,0,0,0,5,1,128,364.0,438,310,4,408,423.0,438,30,0,0,266.0,408,423.0,438,30,0,0,0,1,265,265.0,265,0,5.0,5,0,0,0,0,0.0,0,0,0,0,0,0,0,0,0,0,0,0,0,0,0,0,0,0,0,0
LOSSY_RADIO_BH_ATTACK_N16_SEED234567,LOSSY_RADIO,blackhole,attack,1,0,16,234567,180,240,0,50,50,0,5,1161,43466,2816,16,381,196,2,1,0,0,0,0,0,0,0,0,0,0,0,2,1,420,428.0,436,16,2,420,428.0,436,16,0,0,273.0,408,423.75,436,28,0,0,0,1,268,268.0,268,0,5.0,5,0,0,0,0,0.0,0,0,0,0,0,0,0,0,0,0,0,0,0,0,0,0,0,0,0,0
LOSSY_RADIO_BH_ATTACK_N16_SEED234567,LOSSY_RADIO,blackhole,attack,1,1,16,234567,240,300,1,90,84,0,9,431,16253,1276,16,94,5,3,0,0,0,0,0,0,0,0,0,0,0,0,3,1,128,310.3333,402,274,2,401,401.5,402,1,0,0,0.0,401,414.75,436,35,0,0,0,1,270,270.0,270,0,5.0,5,0,0,0,0,0.0,0,0,0,1,82,0,0,0,0,0,0,0,0,0,0,0,0,0,0,0
LOSSY_RADIO_BH_ATTACK_N16_SEED234567,LOSSY_RADIO,blackhole,attack,1,1,16,234567,300,360,1,140,6,0,14,405,14401,1217,15,90,0,0,0,0,0,0,0,0,0,0,0,0,0,0,0,0,0.0,0.0,0.0,0.0,0,0.0,0.0,0.0,0.0,0,0,0.0,401,414.75,436,35,0,0,0,1,270,270.0,270,0,5.0,5,0,0,0,0,0.0,0,0,0,0,83,0,0,0,0,0,0,0,0,0,0,0,0,0,0,0
LOSSY_RADIO_BH_ATTACK_N16_SEED234567,LOSSY_RADIO,blackhole,attack,1,1,16,234567,360,420,1,0,0,0,0,389,13801,1190,15,88,0,0,0,0,0,0,0,0,0,0,0,0,0,0,0,0,0.0,0.0,0.0,0.0,0,0.0,0.0,0.0,0.0,0,0,0.0,401,414.75,436,35,0,0,0,1,270,270.0,270,0,5.0,5,0,0,0,0,0.0,0,0,0,0,85,0,0,0,0,0,0,0,0,0,0,0,0,0,0,0
LOSSY_RADIO_BH_ATTACK_N16_SEED234567,LOSSY_RADIO,blackhole,attack,1,1,16,234567,420,480,1,140,0,0,14,419,15531,1289,16,89,1,4,0,0,0,0,0,0,0,0,0,0,0,0,4,1,128,344.0,421,293,3,413,416.0,421,8,0,0,0.0,413,417.0,421,8,0,0,0,1,270,270.0,270,0,5.0,5,0,0,0,0,0.0,0,0,0,0,84,0,0,0,0,0,0,0,0,0,0,0,0,0,0,0
LOSSY_RADIO_BH_ATTACK_N16_SEED234567,LOSSY_RADIO,blackhole,attack,1,1,16,234567,480,540,1,50,0,0,5,408,15152,1286,15,88,0,1,1,0,0,0,0,0,0,0,0,0,0,0,1,1,409,409.0,409,0,1,409,409.0,409,0,0,0,270.0,409,414.25,421,12,0,0,0,1,270,270.0,270,0,5.0,5,0,0,0,0,0.0,0,0,0,0,85,0,0,0,0,0,0,0,0,0,0,0,0,0,0,0
LOSSY_RADIO_BH_ATTACK_N16_SEED345678,LOSSY_RADIO,blackhole,attack,1,0,16,345678,0,60,0,0,0,0,0,732,33137,1938,16,225,102,32,8,1,0,0,1,1,1,0,1,1,1,0,5,1,128,30950.4375,65535,65407,29,426,34138.9655,65535,65109,0,0,32920.125,426,472.5,501,75,0,0,0,1,338,338.0,338,0,1.0,1,0,0,0,0,0.0,0,0,0,0,0,0,0,0,0,0,0,0,0,0,0,0,0,0,0,0
LOSSY_RADIO_BH_ATTACK_N16_SEED345678,LOSSY_RADIO,blackhole,attack,1,0,16,345678,60,120,0,0,0,0,0,1172,45273,3015,16,366,188,6,2,0,0,0,0,0,0,0,0,0,0,0,5,1,128,401.6667,501,373,5,423,456.4,501,78,0,0,265.0,423,451.5,501,78,0,0,0,1,270,270.0,270,0,5.0,5,0,0,0,0,0.0,0,0,0,0,0,0,0,0,0,0,0,0,0,0,0,0,0,0,0,0
LOSSY_RADIO_BH_ATTACK_N16_SEED345678,LOSSY_RADIO,blackhole,attack,1,0,16,345678,120,180,0,140,140,0,14,1194,45350,3066,16,376,189,4,0,0,0,0,0,0,0,0,0,0,0,0,4,1,411,414.75,419,8,4,411,414.75,419,8,0,0,0.0,411,414.75,419,8,0,0,0,1,291,291.0,291,0,5.0,5,0,0,0,0,0.0,0,0,0,0,0,0,0,0,0,0,0,0,0,0,0,0,0,0,0,0
LOSSY_RADIO_BH_ATTACK_N16_SEED345678,LOSSY_RADIO,blackhole,attack,1,0,16,345678,180,240,0,50,50,0,5,1178,44452,3016,16,380,194,0,1,0,0,0,0,0,0,0,0,0,0,0,0,0,0.0,0.0,0.0,0.0,0,0.0,0.0,0.0,0.0,0,0,266.0,411,414.75,419,8,0,0,0,1,268,268.0,268,0,5.0,5,0,0,0,0,0.0,0,0,0,0,0,0,0,0,0,0,0,0,0,0,0,0,0,0,0,0
LOSSY_RADIO_BH_ATTACK_N16_SEED345678,LOSSY_RADIO,blackhole,attack,1,1,16,345678,240,300,1,90,83,0,9,427,16063,1378,16,92,1,5,0,0,0,0,0,0,0,0,0,0,0,0,5,1,128,351.0,414,286,4,399,406.75,414,15,0,0,0.0,399,406.75,414,15,0,0,0,1,261,261.0,261,0,5.0,5,0,0,0,0,0.0,0,0,0,1,83,0,0,0,0,0,0,0,0,0,0,0,0,0,0,0
LOSSY_RADIO_BH_ATTACK_N16_SEED345678,LOSSY_RADIO,blackhole,attack,1,1,16,345678,300,360,1,120,6,0,12,388,13597,1254,15,89,0,0,0,0,0,0,0,0,0,0,0,0,0,0,0,0,0.0,0.0,0.0,0.0,0,0.0,0.0,0.0,0.0,0,0,0.0,399,406.75,414,15,0,0,0,1,261,261.0,261,0,5.0,5,0,0,0,0,0.0,0,0,0,0,85,0,0,0,0,0,0,0,0,0,0,0,0,0,0,0
LOSSY_RADIO_BH_ATTACK_N16_SEED345678,LOSSY_RADIO,blackhole,attack,1,1,16,345678,360,420,1,20,0,0,2,403,14377,1289,15,93,0,0,0,0,0,0,0,0,0,0,0,0,0,0,0,0,0.0,0.0,0.0,0.0,0,0.0,0.0,0.0,0.0,0,0,0.0,399,406.75,414,15,0,0,0,1,261,261.0,261,0,5.0,5,0,0,0,0,0.0,0,0,0,0,83,0,0,0,0,0,0,0,0,0,0,0,0,0,0,0
LOSSY_RADIO_BH_ATTACK_N16_SEED345678,LOSSY_RADIO,blackhole,attack,1,1,16,345678,420,480,1,140,0,0,14,410,15106,1317,16,86,1,3,1,0,0,0,0,0,0,0,0,0,0,0,3,1,128,320.6667,424,296,2,410,417.0,424,14,0,0,261.0,399,410.75,424,25,0,0,0,1,261,261.0,261,0,5.0,5,0,0,0,0,0.0,0,0,0,0,83,0,0,0,0,0,0,0,0,0,0,0,0,0,0,0
LOSSY_RADIO_BH_ATTACK_N16_SEED345678,LOSSY_RADIO,blackhole,attack,1,1,16,345678,480,540,1,50,0,0,5,450,16592,1457,15,95,0,1,0,0,0,0,0,0,0,0,0,0,0,0,1,1,403,403.0,403,0,1,403,403.0,403,0,0,0,0.0,399,409.0,424,25,0,0,0,1,261,261.0,261,0,5.0,5,0,0,0,0,0.0,0,0,0,0,87,0,0,0,0,0,0,0,0,0,0,0,0,0,0,0
LOSSY_RADIO_BH_ATTACK_N16_SEED456789,LOSSY_RADIO,blackhole,attack,1,0,16,456789,0,60,0,0,0,0,0,620,28395,1660,16,190,94,30,7,0,0,0,1,1,1,0,1,1,1,0,5,1,128,30815.3667,65535,65407,26,466,35536.5,65535,65069,0,0,37584.4286,466,511.5,583,117,0,0,0,1,338,338.0,338,0,1.0,1,0,0,0,0,0.0,0,0,0,0,0,0,0,0,0,0,0,0,0,0,0,0,0,0,0,0
LOSSY_RADIO_BH_ATTACK_N16_SEED456789,LOSSY_RADIO,blackhole,attack,1,0,16,456789,60,120,0,0,0,0,0,1204,46205,3141,16,387,194,3,1,0,0,0,0,0,0,0,0,0,0,0,3,1,422,454.3333,482,60,3,422,454.3333,482,60,0,0,273.0,422,457.25,482,60,0,0,0,1,279,279.0,279,0,5.0,5,0,0,0,0,0.0,0,0,0,0,0,0,0,0,0,0,0,0,0,0,0,0,0,0,0,0
LOSSY_RADIO_BH_ATTACK_N16_SEED456789,LOSSY_RADIO,blackhole,attack,1,0,16,456789,120,180,0,140,140,0,14,1167,44176,2968,16,376,197,4,1,0,0,0,0,0,0,0,0,0,0,0,4,1,128,342.5,431,303,3,395,414.0,431,36,0,0,260.0,395,416.0,431,36,0,0,0,1,306,306.0,306,0,5.0,5,0,0,0,0,0.0,0,0,0,0,0,0,0,0,0,0,0,0,0,0,0,0,0,0,0,0
LOSSY_RADIO_BH_ATTACK_N16_SEED456789,LOSSY_RADIO,blackhole,attack,1,0,16,456789,180,240,0,30,30,0,3,1161,43487,2997,16,374,187,1,0,0,0,0,0,0,0,0,0,0,0,0,1,1,388,388.0,388,0,1,388,388.0,388,0,0,0,0.0,388,405.25,422,34,0,0,0,1,288,288.0,288,0,5.0,5,0,0,0,0,0.0,0,0,0,0,0,0,0,0,0,0,0,0,0,0,0,0,0,0,0,0
LOSSY_RADIO_BH_ATTACK_N16_SEED456789,LOSSY_RADIO,blackhole,attack,1,1,16,456789,240,300,1,110,102,0,11,430,16398,1377,16,97,3,4,1,0,0,0,0,0,0,0,0,0,0,0,4,1,128,342.0,425,297,3,396,413.3333,425,29,0,0,273.0,388,407.0,425,37,0,0,0,1,261,261.0,261,0,5.0,5,0,0,0,0,0.0,0,0,0,1,83,0,0,0,0,0,0,0,0,0,0,0,0,0,0,0
LOSSY_RADIO_BH_ATTACK_N16_SEED456789,LOSSY_RADIO,blackhole,attack,1,1,16,456789,300,360,1,100,4,0,10,401,14356,1308,15,90,0,0,0,0,0,0,0,0,0,0,0,0,0,0,0,0,0.0,0.0,0.0,0.0,0,0.0,0.0,0.0,0.0,0,0,0.0,388,407.0,425,37,0,0,0,1,273,273.0,273,0,5.0,5,0,0,0,0,0.0,0,0,0,0,84,0,0,0,0,0,0,0,0,0,0,0,0,0,0,0
LOSSY_RADIO_BH_ATTACK_N16_SEED456789,LOSSY_RADIO,blackhole,attack,1,1,16,456789,360,420,1,40,0,0,4,390,13929,1246,16,89,1,1,1,0,0,0,0,0,0,0,0,0,0,0,1,1,128,128.0,128,0,0,0.0,0.0,0.0,0.0,0,0,273.0,388,407.0,425,37,0,0,0,1,273,273.0,273,0,5.0,5,0,0,0,0,0.0,0,0,0,0,86,0,0,0,0,0,0,0,0,0,0,0,0,0,0,0
LOSSY_RADIO_BH_ATTACK_N16_SEED456789,LOSSY_RADIO,blackhole,attack,1,1,16,456789,420,480,1,140,0,0,14,384,13817,1245,15,84,0,2,0,0,0,0,0,0,0,0,0,0,0,0,2,1,404,408.5,413,9,2,404,408.5,413,9,0,0,0.0,396,408.0,419,23,0,0,0,1,273,273.0,273,0,5.0,5,0,0,0,0,0.0,0,0,0,0,82,0,0,0,0,0,0,0,0,0,0,0,0,0,0,0
LOSSY_RADIO_BH_ATTACK_N16_SEED456789,LOSSY_RADIO,blackhole,attack,1,1,16,456789,480,540,1,50,0,0,5,425,15589,1396,15,96,0,2,0,0,0,0,0,0,0,0,0,0,0,0,2,1,410,412.5,415,5,2,410,412.5,415,5,0,0,0.0,404,410.5,415,11,0,0,0,1,273,273.0,273,0,5.0,5,0,0,0,0,0.0,0,0,0,0,87,0,0,0,0,0,0,0,0,0,0,0,0,0,0,0
LOSSY_RADIO_BH_ATTACK_N16_SEED567890,LOSSY_RADIO,blackhole,attack,1,0,16,567890,0,60,0,0,0,0,0,637,29687,1589,16,199,94,32,8,1,0,0,1,1,1,0,1,1,1,0,5,1,128,28932.5312,65535,65407,28,509,33047.4643,65535,65026,0,0,32936.25,530,556.0,580,50,0,0,0,1,351,351.0,351,0,1.0,1,0,0,0,0,0.0,0,0,0,0,0,0,0,0,0,0,0,0,0,0,0,0,0,0,0,0
LOSSY_RADIO_BH_ATTACK_N16_SEED567890,LOSSY_RADIO,blackhole,attack,1,0,16,567890,60,120,0,0,0,0,0,1194,46166,2927,16,384,187,7,1,0,0,0,0,0,0,0,0,0,0,0,5,1,128,441.1429,557,429,6,435,493.3333,557,122,0,0,278.0,435,465.25,485,50,0,0,0,1,294,294.0,294,0,5.0,5,0,0,0,0,0.0,0,0,0,0,0,0,0,0,0,0,0,0,0,0,0,0,0,0,0,0
LOSSY_RADIO_BH_ATTACK_N16_SEED567890,LOSSY_RADIO,blackhole,attack,1,0,16,567890,120,180,0,140,140,0,14,1179,44560,2868,16,383,200,4,1,0,0,0,0,0,0,0,0,0,0,0,4,1,420,428.75,433,13,4,420,428.75,433,13,0,0,256.0,420,428.75,433,13,0,0,0,1,272,272.0,272,0,5.0,5,0,0,0,0,0.0,0,0,0,0,0,0,0,0,0,0,0,0,0,0,0,0,0,0,0,0
LOSSY_RADIO_BH_ATTACK_N16_SEED567890,LOSSY_RADIO,blackhole,attack,1,0,16,567890,180,240,0,40,40,0,4,1184,44632,2795,16,396,202,0,1,0,0,0,0,0,0,0,0,0,0,0,0,0,0.0,0.0,0.0,0.0,0,0.0,0.0,0.0,0.0,0,0,274.0,420,428.75,433,13,0,0,0,1,265,265.0,265,0,5.0,5,0,0,0,0,0.0,0,0,0,0,0,0,0,0,0,0,0,0,0,0,0,0,0,0,0,0
LOSSY_RADIO_BH_ATTACK_N16_SEED567890,LOSSY_RADIO,blackhole,attack,1,1,16,567890,240,300,1,100,92,0,10,414,15558,1245,15,92,0,4,0,0,0,0,0,0,0,0,0,0,0,0,4,1,404,409.5,420,16,4,404,409.5,420,16,0,0,0.0,404,409.5,420,16,0,0,0,1,279,279.0,279,0,5.0,5,0,0,0,0,0.0,0,0,0,1,84,0,0,0,0,0,0,0,0,0,0,0,0,0,0,0
LOSSY_RADIO_BH_ATTACK_N16_SEED567890,LOSSY_RADIO,blackhole,attack,1,1,16,567890,300,360,1,120,5,0,12,415,15033,1248,15,91,0,0,0,0,0,0,0,0,0,0,0,0,0,0,0,0,0.0,0.0,0.0,0.0,0,0.0,0.0,0.0,0.0,0,0,0.0,404,409.5,420,16,0,0,0,1,279,279.0,279,0,5.0,5,0,0,0,0,0.0,0,0,0,0,84,0,0,0,0,0,0,0,0,0,0,0,0,0,0,0
LOSSY_RADIO_BH_ATTACK_N16_SEED567890,LOSSY_RADIO,blackhole,attack,1,1,16,567890,360,420,1,20,0,0,2,428,15417,1316,15,93,0,0,0,0,0,0,0,0,0,0,0,0,0,0,0,0,0.0,0.0,0.0,0.0,0,0.0,0.0,0.0,0.0,0,0,0.0,404,409.5,420,16,0,0,0,1,279,279.0,279,0,5.0,5,0,0,0,0,0.0,0,0,0,0,84,0,0,0,0,0,0,0,0,0,0,0,0,0,0,0
LOSSY_RADIO_BH_ATTACK_N16_SEED567890,LOSSY_RADIO,blackhole,attack,1,1,16,567890,420,480,1,140,0,0,14,419,15365,1274,16,93,1,2,0,0,0,0,0,0,0,0,0,0,0,0,2,1,128,273.0,418,290,1,418,418.0,418,0,0,0,0.0,404,413.0,420,16,0,0,0,1,279,279.0,279,0,5.0,5,0,0,0,0,0.0,0,0,0,0,85,0,0,0,0,0,0,0,0,0,0,0,0,0,0,0
LOSSY_RADIO_BH_ATTACK_N16_SEED567890,LOSSY_RADIO,blackhole,attack,1,1,16,567890,480,540,1,40,0,0,4,442,16417,1326,15,100,0,2,1,0,0,0,0,0,0,0,0,0,0,0,2,1,407,420.5,434,27,2,407,420.5,434,27,0,0,279.0,404,415.75,434,30,0,0,0,1,279,279.0,279,0,5.0,5,0,0,0,0,0.0,0,0,0,0,84,0,0,0,0,0,0,0,0,0,0,0,0,0,0,0
LOSSY_RADIO_BH_CONTROL_N16_SEED123456,LOSSY_RADIO,blackhole,control,0,0,16,123456,0,60,0,0,0,0,0,681,31114,1743,16,201,101,32,8,2,0,0,1,1,1,0,1,1,1,0,5,1,128,30953.2812,65535,65407,28,504,35356.8929,65535,65031,0,0,32928.125,504,520.75,537,33,0,0,0,1,338,338.0,338,0,1.0,1,0,0,0,0,0.0,0,0,0,0,0,0,0,0,0,0,0,0,0,0,0,0,0,0,0,0
LOSSY_RADIO_BH_CONTROL_N16_SEED123456,LOSSY_RADIO,blackhole,control,0,0,16,123456,60,120,0,0,0,0,0,1208,47105,2948,16,389,199,9,2,0,0,0,0,0,0,0,0,0,0,0,5,1,128,436.1111,516,388,8,433,474.625,516,83,0,0,273.5,433,445.0,469,36,0,0,0,1,265,265.0,265,0,5.0,5,0,0,0,0,0.0,0,0,0,0,0,0,0,0,0,0,0,0,0,0,0,0,0,0,0,0
LOSSY_RADIO_BH_CONTROL_N16_SEED123456,LOSSY_RADIO,blackhole,control,0,0,16,123456,120,180,0,140,139,0,14,1169,44372,2832,16,371,189,3,0,0,0,0,0,0,0,0,0,0,0,0,3,1,405,432.3333,468,63,3,405,432.3333,468,63,0,0,0.0,405,432.5,468,63,0,0,0,1,269,269.0,269,0,5.0,5,0,0,0,0,0.0,0,0,0,0,0,0,0,0,0,0,0,0,0,0,0,0,0,0,0,0
LOSSY_RADIO_BH_CONTROL_N16_SEED123456,LOSSY_RADIO,blackhole,control,0,0,16,123456,180,240,0,40,40,0,4,1157,42963,2768,16,374,188,1,0,0,0,0,0,0,0,0,0,0,0,0,1,1,128,128.0,128,0,0,0.0,0.0,0.0,0.0,0,0,0.0,405,432.5,468,63,0,0,0,1,284,284.0,284,0,5.0,5,0,0,0,0,0.0,0,0,0,0,0,0,0,0,0,0,0,0,0,0,0,0,0,0,0,0
LOSSY_RADIO_BH_CONTROL_N16_SEED123456,LOSSY_RADIO,blackhole,control,0,0,16,123456,240,300,1,100,100,0,10,1149,43819,2823,16,371,187,3,1,0,0,0,0,0,0,0,0,0,0,0,3,1,407,411.3333,415,8,3,407,411.3333,415,8,0,0,273.0,407,425.5,468,61,0,0,0,1,265,265.0,265,0,5.0,5,0,0,0,0,0.0,0,0,0,0,0,0,0,0,0,0,0,0,0,0,0,0,0,0,0,0
LOSSY_RADIO_BH_CONTROL_N16_SEED123456,LOSSY_RADIO,blackhole,control,0,0,16,123456,300,360,1,130,130,0,13,1159,43308,2784,16,368,191,0,0,0,0,0,0,0,0,0,0,0,0,0,0,0,0.0,0.0,0.0,0.0,0,0.0,0.0,0.0,0.0,0,0,0.0,407,425.5,468,61,0,0,0,1,263,263.0,263,0,5.0,5,0,0,0,0,0.0,0,0,0,0,0,0,0,0,0,0,0,0,0,0,0,0,0,0,0,0
LOSSY_RADIO_BH_CONTROL_N16_SEED123456,LOSSY_RADIO,blackhole,control,0,0,16,123456,360,420,1,10,10,0,1,1150,43301,2799,16,372,191,0,0,0,0,0,0,0,0,0,0,0,0,0,0,0,0.0,0.0,0.0,0.0,0,0.0,0.0,0.0,0.0,0,0,0.0,407,425.5,468,61,0,0,0,1,279,279.0,279,0,5.0,5,0,0,0,0,0.0,0,0,0,0,0,0,0,0,0,0,0,0,0,0,0,0,0,0,0,0
LOSSY_RADIO_BH_CONTROL_N16_SEED123456,LOSSY_RADIO,blackhole,control,0,0,16,123456,420,480,1,140,140,0,14,1144,42917,2735,16,374,190,2,0,0,0,0,0,0,0,0,0,0,0,0,2,1,419,420.5,422,3,2,419,420.5,422,3,0,0,0.0,407,415.0,422,15,0,0,0,1,293,293.0,293,0,5.0,5,0,0,0,0,0.0,0,0,0,0,0,0,0,0,0,0,0,0,0,0,0,0,0,0,0,0
LOSSY_RADIO_BH_CONTROL_N16_SEED123456,LOSSY_RADIO,blackhole,control,0,0,16,123456,480,540,1,30,30,0,3,1175,44663,2875,16,389,189,2,1,0,0,0,0,0,0,0,0,0,0,0,2,1,398,415.5,433,35,2,398,415.5,433,35,0,0,270.0,398,418.0,433,35,0,0,0,1,256,256.0,256,0,5.0,5,0,0,0,0,0.0,0,0,0,0,0,0,0,0,0,0,0,0,0,0,0,0,0,0,0,0
LOSSY_RADIO_BH_CONTROL_N16_SEED234567,LOSSY_RADIO,blackhole,control,0,0,16,234567,0,60,0,0,0,0,0,676,30584,1680,16,202,101,33,8,1,0,0,1,1,1,0,1,1,1,0,5,1,128,30015.5758,65535,65407,29,446,34138.0,65535,65089,0,0,32919.75,446,466.75,483,37,0,0,0,1,338,338.0,338,0,1.0,1,0,0,0,0,0.0,0,0,0,0,0,0,0,0,0,0,0,0,0,0,0,0,0,0,0,0
LOSSY_RADIO_BH_CONTROL_N16_SEED234567,LOSSY_RADIO,blackhole,control,0,0,16,234567,60,120,0,0,0,0,0,1219,46928,3031,16,378,192,5,1,0,0,0,0,0,0,0,0,0,0,0,4,1,414,437.4,481,67,5,414,437.4,481,67,0,0,274.0,414,440.0,481,67,0,0,0,1,271,271.0,271,0,5.0,5,0,0,0,0,0.0,0,0,0,0,0,0,0,0,0,0,0,0,0,0,0,0,0,0,0,0
LOSSY_RADIO_BH_CONTROL_N16_SEED234567,LOSSY_RADIO,blackhole,control,0,0,16,234567,120,180,0,140,140,0,14,1211,46253,2932,16,383,201,5,1,0,0,0,0,0,0,0,0,0,0,0,5,1,128,364.0,438,310,4,408,423.0,438,30,0,0,266.0,408,423.0,438,30,0,0,0,1,265,265.0,265,0,5.0,5,0,0,0,0,0.0,0,0,0,0,0,0,0,0,0,0,0,0,0,0,0,0,0,0,0,0
LOSSY_RADIO_BH_CONTROL_N16_SEED234567,LOSSY_RADIO,blackhole,control,0,0,16,234567,180,240,0,50,50,0,5,1161,43466,2816,16,381,196,2,1,0,0,0,0,0,0,0,0,0,0,0,2,1,420,428.0,436,16,2,420,428.0,436,16,0,0,273.0,408,423.75,436,28,0,0,0,1,268,268.0,268,0,5.0,5,0,0,0,0,0.0,0,0,0,0,0,0,0,0,0,0,0,0,0,0,0,0,0,0,0,0
LOSSY_RADIO_BH_CONTROL_N16_SEED234567,LOSSY_RADIO,blackhole,control,0,0,16,234567,240,300,1,90,90,0,9,1196,45426,2922,16,379,196,3,0,0,0,0,0,0,0,0,0,0,0,0,3,1,128,321.6667,424,296,2,413,418.5,424,11,0,0,0.0,413,423.25,436,23,0,0,0,1,270,270.0,270,0,5.0,5,0,0,0,0,0.0,0,0,0,0,0,0,0,0,0,0,0,0,0,0,0,0,0,0,0,0
LOSSY_RADIO_BH_CONTROL_N16_SEED234567,LOSSY_RADIO,blackhole,control,0,0,16,234567,300,360,1,140,140,0,14,1146,42848,2778,16,370,194,0,0,0,0,0,0,0,0,0,0,0,0,0,0,0,0.0,0.0,0.0,0.0,0,0.0,0.0,0.0,0.0,0,0,0.0,413,423.25,436,23,0,0,0,1,272,272.0,272,0,5.0,5,0,0,0,0,0.0,0,0,0,0,0,0,0,0,0,0,0,0,0,0,0,0,0,0,0,0
LOSSY_RADIO_BH_CONTROL_N16_SEED234567,LOSSY_RADIO,blackhole,control,0,0,16,234567,360,420,1,0,0,0,0,1170,44241,2935,16,370,192,0,0,0,0,0,0,0,0,0,0,0,0,0,0,0,0.0,0.0,0.0,0.0,0,0.0,0.0,0.0,0.0,0,0,0.0,413,423.25,436,23,0,0,0,1,319,319.0,319,0,5.0,5,0,0,0,0,0.0,0,0,0,0,0,0,0,0,0,0,0,0,0,0,0,0,0,0,0,0
LOSSY_RADIO_BH_CONTROL_N16_SEED234567,LOSSY_RADIO,blackhole,control,0,0,16,234567,420,480,1,140,140,0,14,1192,45104,2994,16,371,194,1,0,0,0,0,0,0,0,0,0,0,0,0,1,1,128,128.0,128,0,0,0.0,0.0,0.0,0.0,0,0,0.0,413,423.25,436,23,0,0,0,1,262,262.0,262,0,5.0,5,0,0,0,0,0.0,0,0,0,0,0,0,0,0,0,0,0,0,0,0,0,0,0,0,0,0
LOSSY_RADIO_BH_CONTROL_N16_SEED234567,LOSSY_RADIO,blackhole,control,0,0,16,234567,480,540,1,50,50,0,5,1185,44915,2904,16,383,192,2,1,0,0,0,0,0,0,0,0,0,0,0,2,1,401,412.0,423,22,2,401,412.0,423,22,0,0,272.0,401,421.0,436,35,0,0,0,1,256,256.0,256,0,5.0,5,0,0,0,0,0.0,0,0,0,0,0,0,0,0,0,0,0,0,0,0,0,0,0,0,0,0
LOSSY_RADIO_BH_CONTROL_N16_SEED345678,LOSSY_RADIO,blackhole,control,0,0,16,345678,0,60,0,0,0,0,0,732,33137,1938,16,225,102,32,8,1,0,0,1,1,1,0,1,1,1,0,5,1,128,30950.4375,65535,65407,29,426,34138.9655,65535,65109,0,0,32920.125,426,472.5,501,75,0,0,0,1,338,338.0,338,0,1.0,1,0,0,0,0,0.0,0,0,0,0,0,0,0,0,0,0,0,0,0,0,0,0,0,0,0,0
LOSSY_RADIO_BH_CONTROL_N16_SEED345678,LOSSY_RADIO,blackhole,control,0,0,16,345678,60,120,0,0,0,0,0,1172,45273,3015,16,366,188,6,2,0,0,0,0,0,0,0,0,0,0,0,5,1,128,401.6667,501,373,5,423,456.4,501,78,0,0,265.0,423,451.5,501,78,0,0,0,1,270,270.0,270,0,5.0,5,0,0,0,0,0.0,0,0,0,0,0,0,0,0,0,0,0,0,0,0,0,0,0,0,0,0
LOSSY_RADIO_BH_CONTROL_N16_SEED345678,LOSSY_RADIO,blackhole,control,0,0,16,345678,120,180,0,140,140,0,14,1194,45350,3066,16,376,189,4,0,0,0,0,0,0,0,0,0,0,0,0,4,1,411,414.75,419,8,4,411,414.75,419,8,0,0,0.0,411,414.75,419,8,0,0,0,1,291,291.0,291,0,5.0,5,0,0,0,0,0.0,0,0,0,0,0,0,0,0,0,0,0,0,0,0,0,0,0,0,0,0
LOSSY_RADIO_BH_CONTROL_N16_SEED345678,LOSSY_RADIO,blackhole,control,0,0,16,345678,180,240,0,50,50,0,5,1178,44452,3016,16,380,194,0,1,0,0,0,0,0,0,0,0,0,0,0,0,0,0.0,0.0,0.0,0.0,0,0.0,0.0,0.0,0.0,0,0,266.0,411,414.75,419,8,0,0,0,1,268,268.0,268,0,5.0,5,0,0,0,0,0.0,0,0,0,0,0,0,0,0,0,0,0,0,0,0,0,0,0,0,0,0
LOSSY_RADIO_BH_CONTROL_N16_SEED345678,LOSSY_RADIO,blackhole,control,0,0,16,345678,240,300,1,90,90,0,9,1210,46669,3156,16,384,192,5,0,0,0,0,0,0,0,0,0,0,0,0,5,1,128,349.0,412,284,4,394,404.25,412,18,0,0,0.0,394,404.25,412,18,0,0,0,1,261,261.0,261,0,5.0,5,0,0,0,0,0.0,0,0,0,0,0,0,0,0,0,0,0,0,0,0,0,0,0,0,0,0
LOSSY_RADIO_BH_CONTROL_N16_SEED345678,LOSSY_RADIO,blackhole,control,0,0,16,345678,300,360,1,120,120,0,12,1160,43413,3029,16,369,182,0,0,0,0,0,0,0,0,0,0,0,0,0,0,0,0.0,0.0,0.0,0.0,0,0.0,0.0,0.0,0.0,0,0,0.0,394,404.25,412,18,0,0,0,1,260,260.0,260,0,5.0,5,0,0,0,0,0.0,0,0,0,0,0,0,0,0,0,0,0,0,0,0,0,0,0,0,0,0
LOSSY_RADIO_BH_CONTROL_N16_SEED345678,LOSSY_RADIO,blackhole,control,0,0,16,345678,360,420,1,20,20,0,2,1113,41291,2809,16,354,191,0,0,0,0,0,0,0,0,0,0,0,0,0,0,0,0.0,0.0,0.0,0.0,0,0.0,0.0,0.0,0.0,0,0,0.0,394,404.25,412,18,0,0,0,1,262,262.0,262,0,5.0,5,0,0,0,0,0.0,0,0,0,0,0,0,0,0,0,0,0,0,0,0,0,0,0,0,0,0
LOSSY_RADIO_BH_CONTROL_N16_SEED345678,LOSSY_RADIO,blackhole,control,0,0,16,345678,420,480,1,140,140,0,14,1200,45197,3068,16,387,196,1,1,0,0,0,0,0,0,0,0,0,0,0,1,1,418,418.0,418,0,1,418,418.0,418,0,0,0,266.0,404,410.25,418,14,0,0,0,1,256,256.0,256,0,5.0,5,0,0,0,0,0.0,0,0,0,0,0,0,0,0,0,0,0,0,0,0,0,0,0,0,0,0
LOSSY_RADIO_BH_CONTROL_N16_SEED345678,LOSSY_RADIO,blackhole,control,0,0,16,345678,480,540,1,50,50,0,5,1170,44716,2988,16,375,188,4,0,0,0,0,0,0,0,0,0,0,0,0,4,1,128,337.25,414,286,3,398,407.0,414,16,0,0,0.0,398,409.75,418,20,0,0,0,1,300,300.0,300,0,5.0,5,0,0,0,0,0.0,0,0,0,0,0,0,0,0,0,0,0,0,0,0,0,0,0,0,0,0
LOSSY_RADIO_BH_CONTROL_N16_SEED456789,LOSSY_RADIO,blackhole,control,0,0,16,456789,0,60,0,0,0,0,0,620,28395,1660,16,190,94,30,7,0,0,0,1,1,1,0,1,1,1,0,5,1,128,30815.3667,65535,65407,26,466,35536.5,65535,65069,0,0,37584.4286,466,511.5,583,117,0,0,0,1,338,338.0,338,0,1.0,1,0,0,0,0,0.0,0,0,0,0,0,0,0,0,0,0,0,0,0,0,0,0,0,0,0,0
LOSSY_RADIO_BH_CONTROL_N16_SEED456789,LOSSY_RADIO,blackhole,control,0,0,16,456789,60,120,0,0,0,0,0,1204,46205,3141,16,387,194,3,1,0,0,0,0,0,0,0,0,0,0,0,3,1,422,454.3333,482,60,3,422,454.3333,482,60,0,0,273.0,422,457.25,482,60,0,0,0,1,279,279.0,279,0,5.0,5,0,0,0,0,0.0,0,0,0,0,0,0,0,0,0,0,0,0,0,0,0,0,0,0,0,0
LOSSY_RADIO_BH_CONTROL_N16_SEED456789,LOSSY_RADIO,blackhole,control,0,0,16,456789,120,180,0,140,140,0,14,1167,44176,2968,16,376,197,4,1,0,0,0,0,0,0,0,0,0,0,0,4,1,128,342.5,431,303,3,395,414.0,431,36,0,0,260.0,395,416.0,431,36,0,0,0,1,306,306.0,306,0,5.0,5,0,0,0,0,0.0,0,0,0,0,0,0,0,0,0,0,0,0,0,0,0,0,0,0,0,0
LOSSY_RADIO_BH_CONTROL_N16_SEED456789,LOSSY_RADIO,blackhole,control,0,0,16,456789,180,240,0,30,30,0,3,1161,43487,2997,16,374,187,1,0,0,0,0,0,0,0,0,0,0,0,0,1,1,388,388.0,388,0,1,388,388.0,388,0,0,0,0.0,388,405.25,422,34,0,0,0,1,288,288.0,288,0,5.0,5,0,0,0,0,0.0,0,0,0,0,0,0,0,0,0,0,0,0,0,0,0,0,0,0,0,0
LOSSY_RADIO_BH_CONTROL_N16_SEED456789,LOSSY_RADIO,blackhole,control,0,0,16,456789,240,300,1,110,110,0,11,1161,44385,3087,16,363,180,4,1,0,0,0,0,0,0,0,0,0,0,0,4,1,128,335.25,411,283,3,396,404.3333,411,15,0,0,277.0,388,400.25,411,23,0,0,0,1,261,261.0,261,0,5.0,5,0,0,0,0,0.0,0,0,0,0,0,0,0,0,0,0,0,0,0,0,0,0,0,0,0,0
LOSSY_RADIO_BH_CONTROL_N16_SEED456789,LOSSY_RADIO,blackhole,control,0,0,16,456789,300,360,1,100,100,0,10,1164,43777,3013,16,372,198,0,0,0,0,0,0,0,0,0,0,0,0,0,0,0,0.0,0.0,0.0,0.0,0,0.0,0.0,0.0,0.0,0,0,0.0,388,400.25,411,23,0,0,0,1,304,304.0,304,0,5.0,5,0,0,0,0,0.0,0,0,0,0,0,0,0,0,0,0,0,0,0,0,0,0,0,0,0,0
LOSSY_RADIO_BH_CONTROL_N16_SEED456789,LOSSY_RADIO,blackhole,control,0,0,16,456789,360,420,1,40,39,0,4,1199,45202,3132,16,384,200,0,0,0,0,0,0,0,0,0,0,0,0,0,0,0,0.0,0.0,0.0,0.0,0,0.0,0.0,0.0,0.0,0,0,0.0,388,400.25,411,23,0,0,0,1,256,256.0,256,0,5.0,5,0,0,0,0,0.0,0,0,0,0,0,0,0,0,0,0,0,0,0,0,0,0,0,0,0,0
LOSSY_RADIO_BH_CONTROL_N16_SEED456789,LOSSY_RADIO,blackhole,control,0,0,16,456789,420,480,1,140,140,0,14,1134,42845,2925,16,359,184,2,1,0,0,0,0,0,0,0,0,0,0,0,2,1,128,268.0,408,280,1,408,408.0,408,0,0,0,257.0,388,403.25,411,23,0,0,0,1,256,256.0,256,0,5.0,5,0,0,0,0,0.0,0,0,0,0,0,0,0,0,0,0,0,0,0,0,0,0,0,0,0,0
LOSSY_RADIO_BH_CONTROL_N16_SEED456789,LOSSY_RADIO,blackhole,control,0,0,16,456789,480,540,1,20,20,0,2,1142,43138,2953,16,367,185,3,0,0,0,0,0,0,0,0,0,0,0,0,3,1,394,403.3333,421,27,3,394,403.3333,421,27,0,0,0.0,394,404.5,421,27,0,0,0,1,261,261.0,261,0,5.0,5,0,0,0,0,0.0,0,0,0,0,0,0,0,0,0,0,0,0,0,0,0,0,0,0,0,0
LOSSY_RADIO_BH_CONTROL_N16_SEED567890,LOSSY_RADIO,blackhole,control,0,0,16,567890,0,60,0,0,0,0,0,637,29687,1589,16,199,94,32,8,1,0,0,1,1,1,0,1,1,1,0,5,1,128,28932.5312,65535,65407,28,509,33047.4643,65535,65026,0,0,32936.25,530,556.0,580,50,0,0,0,1,351,351.0,351,0,1.0,1,0,0,0,0,0.0,0,0,0,0,0,0,0,0,0,0,0,0,0,0,0,0,0,0,0,0
LOSSY_RADIO_BH_CONTROL_N16_SEED567890,LOSSY_RADIO,blackhole,control,0,0,16,567890,60,120,0,0,0,0,0,1194,46166,2927,16,384,187,7,1,0,0,0,0,0,0,0,0,0,0,0,5,1,128,441.1429,557,429,6,435,493.3333,557,122,0,0,278.0,435,465.25,485,50,0,0,0,1,294,294.0,294,0,5.0,5,0,0,0,0,0.0,0,0,0,0,0,0,0,0,0,0,0,0,0,0,0,0,0,0,0,0
LOSSY_RADIO_BH_CONTROL_N16_SEED567890,LOSSY_RADIO,blackhole,control,0,0,16,567890,120,180,0,140,140,0,14,1179,44560,2868,16,383,200,4,1,0,0,0,0,0,0,0,0,0,0,0,4,1,420,428.75,433,13,4,420,428.75,433,13,0,0,256.0,420,428.75,433,13,0,0,0,1,272,272.0,272,0,5.0,5,0,0,0,0,0.0,0,0,0,0,0,0,0,0,0,0,0,0,0,0,0,0,0,0,0,0
LOSSY_RADIO_BH_CONTROL_N16_SEED567890,LOSSY_RADIO,blackhole,control,0,0,16,567890,180,240,0,40,40,0,4,1184,44632,2795,16,396,202,0,1,0,0,0,0,0,0,0,0,0,0,0,0,0,0.0,0.0,0.0,0.0,0,0.0,0.0,0.0,0.0,0,0,274.0,420,428.75,433,13,0,0,0,1,265,265.0,265,0,5.0,5,0,0,0,0,0.0,0,0,0,0,0,0,0,0,0,0,0,0,0,0,0,0,0,0,0,0
LOSSY_RADIO_BH_CONTROL_N16_SEED567890,LOSSY_RADIO,blackhole,control,0,0,16,567890,240,300,1,100,100,0,10,1145,43535,2756,16,369,192,4,0,0,0,0,0,0,0,0,0,0,0,0,4,1,404,420.25,432,28,4,404,420.25,432,28,0,0,0.0,404,420.25,432,28,0,0,0,1,279,279.0,279,0,5.0,5,0,0,0,0,0.0,0,0,0,0,0,0,0,0,0,0,0,0,0,0,0,0,0,0,0,0
LOSSY_RADIO_BH_CONTROL_N16_SEED567890,LOSSY_RADIO,blackhole,control,0,0,16,567890,300,360,1,120,120,0,12,1209,45463,2983,16,395,197,0,0,0,0,0,0,0,0,0,0,0,0,0,0,0,0.0,0.0,0.0,0.0,0,0.0,0.0,0.0,0.0,0,0,0.0,404,420.25,432,28,0,0,0,1,284,284.0,284,0,5.0,5,0,0,0,0,0.0,0,0,0,0,0,0,0,0,0,0,0,0,0,0,0,0,0,0,0,0
LOSSY_RADIO_BH_CONTROL_N16_SEED567890,LOSSY_RADIO,blackhole,control,0,0,16,567890,360,420,1,20,20,0,2,1151,42987,2792,16,377,189,0,1,0,0,0,0,0,0,0,0,0,0,0,0,0,0.0,0.0,0.0,0.0,0,0.0,0.0,0.0,0.0,0,0,264.0,404,420.25,432,28,0,0,0,1,268,268.0,268,0,5.0,5,0,0,0,0,0.0,0,0,0,0,0,0,0,0,0,0,0,0,0,0,0,0,0,0,0,0
LOSSY_RADIO_BH_CONTROL_N16_SEED567890,LOSSY_RADIO,blackhole,control,0,0,16,567890,420,480,1,140,140,0,14,1179,44705,2850,16,380,188,2,0,0,0,0,0,0,0,0,0,0,0,0,2,1,128,262.5,397,269,1,397,397.0,397,0,0,0,0.0,397,414.0,432,35,0,0,0,1,261,261.0,261,0,5.0,5,0,0,0,0,0.0,0,0,0,0,0,0,0,0,0,0,0,0,0,0,0,0,0,0,0,0
LOSSY_RADIO_BH_CONTROL_N16_SEED567890,LOSSY_RADIO,blackhole,control,0,0,16,567890,480,540,1,40,40,0,4,1184,44399,2818,16,377,197,3,0,0,0,0,0,0,0,0,0,0,0,0,3,1,392,399.6667,406,14,3,392,399.6667,406,14,0,0,0.0,392,399.0,406,14,0,0,0,1,263,263.0,263,0,5.0,5,0,0,0,0,0.0,0,0,0,0,0,0,0,0,0,0,0,0,0,0,0,0,0,0,0,0
LOSSY_RADIO_SH_ATTACK_N16_SEED123456,LOSSY_RADIO,sinkhole,attack,1,0,16,123456,0,60,0,0,0,0,0,681,31114,1743,16,201,101,313,95,49,13,15,30,15,1,14,6,15,15,0,16,16,128,12876.492,65535,65407,309,306,13041.521,65535,65229,0,0,40920.0947,306,706.9355,1003,697,0,0,0,15,338,740.2,1037,699,2.3333,5,0,0,0,0,0.0,0,0,0,0,0,0,0,0,0,0,0,0,0,0,0,0,0,0,0,0
LOSSY_RADIO_SH_ATTACK_N16_SEED123456,LOSSY_RADIO,sinkhole,attack,1,0,16,123456,60,120,0,0,0,0,0,1208,47105,2948,16,389,199,297,45,0,0,0,0,0,0,0,0,0,0,0,16,16,128,669.229,979,851,296,271,671.0574,979,708,0,0,651.9556,271,602.0078,773,502,0,0,0,16,128,665.125,979,851,7.875,13,15,6,4,1,2.8667,4,0,0,0,0,0,0,0,0,0,0,0,0,0,0,0,0,0,0,0
LOSSY_RADIO_SH_ATTACK_N16_SEED123456,LOSSY_RADIO,sinkhole,attack,1,0,16,123456,120,180,0,140,139,0,14,1169,44372,2832,16,371,189,126,26,0,0,0,0,0,0,0,0,0,0,0,14,15,400,597.0635,784,384,126,400,597.0635,784,384,0,0,599.3846,271,581.6047,784,513,0,0,0,16,128,553.1875,798,670,8.125,13,15,6,4,1,2.8667,4,0,0,0,0,0,0,0,0,0,0,0,0,0,0,0,0,0,0,0
LOSSY_RADIO_SH_ATTACK_N16_SEED123456,LOSSY_RADIO,sinkhole,attack,1,0,16,123456,180,240,0,40,40,0,4,1157,42963,2768,16,374,188,14,14,0,0,0,0,0,0,0,0,0,0,0,13,9,128,549.2143,772,644,13,405,581.6154,772,367,0,0,549.2143,271,579.8527,784,513,0,0,0,16,128,538.9375,776,648,8.125,13,15,6,4,1,2.8667,4,0,0,0,0,0,0,0,0,0,0,0,0,0,0,0,0,0,0,0
LOSSY_RADIO_SH_ATTACK_N16_SEED123456,LOSSY_RADIO,sinkhole,attack,1,1,16,123456,240,300,1,100,100,0,10,1260,49929,3113,16,423,187,196,74,0,0,0,0,0,0,0,0,0,0,0,15,16,128,358.6276,761,633,196,128,358.6276,761,633,67,1,243.5946,128,469.5039,771,643,5,1,5,16,128,510.4375,760,632,8.125,13,15,6,4,1,2.8667,4,1,50,0,0,0,0,0,0,0,0,0,0,0,0,0,0,0,0,0
LOSSY_RADIO_SH_ATTACK_N16_SEED123456,LOSSY_RADIO,sinkhole,attack,1,1,16,123456,300,360,1,130,128,0,13,1263,48625,3092,16,421,197,39,36,0,0,0,0,0,0,0,0,0,0,0,13,9,128,221.0513,560,432,39,128,221.0513,560,432,27,1,228.8056,128,460.0233,755,627,5,1,5,16,128,387.625,564,436,8.125,13,15,6,4,1,2.8667,4,0,24,0,0,0,0,0,0,0,0,0,0,0,0,0,0,0,0,0
LOSSY_RADIO_SH_ATTACK_N16_SEED123456,LOSSY_RADIO,sinkhole,attack,1,1,16,123456,360,420,1,10,10,0,1,1234,47995,3032,16,400,201,43,45,0,0,0,0,0,0,0,0,0,0,0,13,9,128,205.0465,549,421,42,128,206.881,549,421,31,1,201.6222,128,455.4729,755,627,5,1,5,16,128,393.25,553,425,8.125,13,15,6,4,1,2.8667,4,0,33,0,0,0,0,0,0,0,0,0,0,0,0,0,0,0,0,0
LOSSY_RADIO_SH_ATTACK_N16_SEED123456,LOSSY_RADIO,sinkhole,attack,1,1,16,123456,420,480,1,140,139,0,14,1260,49353,3081,16,424,187,80,49,0,0,0,0,0,0,0,0,0,0,0,14,15,128,284.1625,557,429,80,128,284.1625,557,429,31,1,225.0,128,443.1783,755,627,5,1,5,16,128,392.625,560,432,8.125,13,15,6,4,1,2.8667,4,0,32,0,0,0,0,0,0,0,0,0,0,0,0,0,0,0,0,0
LOSSY_RADIO_SH_ATTACK_N16_SEED123456,LOSSY_RADIO,sinkhole,attack,1,1,16,123456,480,540,1,30,30,0,3,1264,49439,3122,16,418,189,99,56,0,0,0,0,0,0,0,0,0,0,0,15,16,128,291.6263,598,470,99,128,291.6263,598,470,43,1,212.6964,128,425.4806,750,622,5,1,5,16,128,397.1875,562,434,8.125,13,15,6,4,1,2.8667,4,0,40,0,0,0,0,0,0,0,0,0,0,0,0,0,0,0,0,0
LOSSY_RADIO_SH_ATTACK_N16_SEED234567,LOSSY_RADIO,sinkhole,attack,1,0,16,234567,0,60,0,0,0,0,0,676,30584,1680,16,202,101,365,99,30,11,15,30,15,1,14,7,15,15,0,16,16,128,10591.6658,65535,65407,361,278,10707.6066,65535,65257,0,0,37323.1919,278,681.6953,975,697,0,0,0,15,338,731.1333,988,650,2.3333,8,0,0,0,0,0.0,0,0,0,0,0,0,0,0,0,0,0,0,0,0,0,0,0,0,0,0
LOSSY_RADIO_SH_ATTACK_N16_SEED234567,LOSSY_RADIO,sinkhole,attack,1,0,16,234567,60,120,0,0,0,0,0,1219,46928,3031,16,378,192,227,38,0,0,0,0,0,0,0,0,0,0,0,15,16,274,626.8546,827,553,227,274,626.8546,827,553,0,0,618.4211,274,599.4453,825,551,0,0,0,16,128,620.6875,965,837,8.0625,13,15,7,4,1,2.8667,4,0,0,0,0,0,0,0,0,0,0,0,0,0,0,0,0,0,0,0
LOSSY_RADIO_SH_ATTACK_N16_SEED234567,LOSSY_RADIO,sinkhole,attack,1,0,16,234567,120,180,0,140,140,0,14,1211,46253,2932,16,383,201,133,25,0,0,0,0,0,0,0,0,0,0,0,16,16,128,582.203,824,696,132,266,585.6439,824,558,0,0,576.8,266,580.9845,824,558,0,0,0,16,128,558.25,804,676,8.0625,13,15,7,4,1,2.8667,4,0,0,0,0,0,0,0,0,0,0,0,0,0,0,0,0,0,0,0
LOSSY_RADIO_SH_ATTACK_N16_SEED234567,LOSSY_RADIO,sinkhole,attack,1,0,16,234567,180,240,0,50,50,0,5,1161,43466,2816,16,381,196,40,16,0,0,0,0,0,0,0,0,0,0,0,14,14,273,479.575,782,509,40,273,479.575,782,509,0,0,530.0,266,577.8915,824,558,0,0,0,16,128,541.0,797,669,8.125,13,15,7,4,1,2.8667,4,0,0,0,0,0,0,0,0,0,0,0,0,0,0,0,0,0,0,0
LOSSY_RADIO_SH_ATTACK_N16_SEED234567,LOSSY_RADIO,sinkhole,attack,1,1,16,234567,240,300,1,90,90,0,9,1286,50545,3197,16,431,195,165,66,0,0,0,0,0,0,0,0,0,0,0,14,16,128,376.3758,725,597,165,128,376.3758,725,597,61,1,243.3333,128,501.9535,782,654,5,1,5,16,128,526.6875,796,668,8.125,13,15,7,4,1,2.8667,4,1,45,0,0,0,0,0,0,0,0,0,0,0,0,0,0,0,0,0
LOSSY_RADIO_SH_ATTACK_N16_SEED234567,LOSSY_RADIO,sinkhole,attack,1,1,16,234567,300,360,1,140,140,0,14,1272,49475,3178,16,427,196,58,55,0,0,0,0,0,0,0,0,0,0,0,12,8,128,190.6552,711,583,58,128,190.6552,711,583,47,1,194.0727,128,497.2093,782,654,5,1,5,16,128,438.125,716,588,8.125,13,15,7,4,1,2.8667,4,0,44,0,0,0,0,0,0,0,0,0,0,0,0,0,0,0,0,0
LOSSY_RADIO_SH_ATTACK_N16_SEED234567,LOSSY_RADIO,sinkhole,attack,1,1,16,234567,360,420,1,0,0,0,0,1240,48781,3141,16,430,185,61,62,0,0,0,0,0,0,0,0,0,0,0,13,7,128,200.1148,736,608,61,128,200.1148,736,608,49,1,198.9516,128,494.7597,782,654,5,1,5,16,128,438.75,735,607,8.125,13,15,7,4,1,2.8667,4,0,50,0,0,0,0,0,0,0,0,0,0,0,0,0,0,0,0,0
LOSSY_RADIO_SH_ATTACK_N16_SEED234567,LOSSY_RADIO,sinkhole,attack,1,1,16,234567,420,480,1,140,139,0,14,1283,49784,3238,16,405,201,67,34,0,0,0,0,0,0,0,0,0,0,0,12,15,128,345.9254,714,586,67,128,345.9254,714,586,18,1,256.8824,128,464.9845,736,608,5,1,5,16,128,435.125,716,588,8.125,13,15,7,4,1,2.8667,4,0,20,0,0,0,0,0,0,0,0,0,0,0,0,0,0,0,0,0
LOSSY_RADIO_SH_ATTACK_N16_SEED234567,LOSSY_RADIO,sinkhole,attack,1,1,16,234567,480,540,1,60,58,0,6,1302,50923,3218,16,428,203,105,56,0,0,0,0,0,0,0,0,0,0,0,15,16,128,331.7905,710,582,104,128,333.75,710,582,39,1,240.5536,128,433.8217,714,586,5,1,5,16,128,424.625,714,586,8.125,13,15,7,4,1,2.8667,4,0,36,0,0,0,0,0,0,0,0,0,0,0,0,0,0,0,0,0
LOSSY_RADIO_SH_ATTACK_N16_SEED345678,LOSSY_RADIO,sinkhole,attack,1,0,16,345678,0,60,0,0,0,0,0,732,33137,1938,16,225,102,345,99,42,13,15,30,15,1,14,8,15,15,0,16,16,128,11905.8029,65535,65407,342,266,12009.117,65535,65269,0,0,39937.8182,266,2236.5806,65535,65269,0,0,0,15,338,725.3333,1051,713,2.4667,5,0,0,0,0,0.0,0,0,0,0,0,0,0,0,0,0,0,0,0,0,0,0,0,0,0,0
LOSSY_RADIO_SH_ATTACK_N16_SEED345678,LOSSY_RADIO,sinkhole,attack,1,0,16,345678,60,120,0,0,0,0,0,1172,45273,3015,16,366,188,254,39,0,0,0,0,0,0,0,0,0,0,0,16,16,128,672.7244,1027,899,253,256,674.8775,1027,771,0,0,652.7436,256,610.9225,887,631,0,0,0,16,128,627.0,1027,899,8.125,13,15,8,4,1,2.8667,4,0,0,0,0,0,0,0,0,0,0,0,0,0,0,0,0,0,0,0
LOSSY_RADIO_SH_ATTACK_N16_SEED345678,LOSSY_RADIO,sinkhole,attack,1,0,16,345678,120,180,0,140,140,0,14,1194,45350,3066,16,376,189,130,27,0,0,0,0,0,0,0,0,0,0,0,14,15,407,582.4462,818,411,130,407,582.4462,818,411,0,0,592.8519,256,570.8837,818,562,0,0,0,16,128,562.75,836,708,8.125,13,15,8,4,1,2.8667,4,0,0,0,0,0,0,0,0,0,0,0,0,0,0,0,0,0,0,0
LOSSY_RADIO_SH_ATTACK_N16_SEED345678,LOSSY_RADIO,sinkhole,attack,1,0,16,345678,180,240,0,50,50,0,5,1178,44452,3016,16,380,194,14,11,0,0,0,0,0,0,0,0,0,0,0,11,8,266,495.9286,794,528,14,266,495.9286,794,528,0,0,558.6364,256,569.7132,794,538,0,0,0,16,128,537.5625,788,660,8.125,13,15,8,4,1,2.8667,4,0,0,0,0,0,0,0,0,0,0,0,0,0,0,0,0,0,0,0
LOSSY_RADIO_SH_ATTACK_N16_SEED345678,LOSSY_RADIO,sinkhole,attack,1,1,16,345678,240,300,1,90,90,0,9,1338,54402,3590,16,459,187,195,90,0,0,0,0,0,0,0,0,0,0,0,16,16,128,334.1026,780,652,194,128,335.1649,780,652,80,1,219.2333,128,493.0388,793,665,5,1,5,16,128,506.25,802,674,8.125,13,15,8,4,1,2.8667,4,1,65,0,0,0,0,0,0,0,0,0,0,0,0,0,0,0,0,0
LOSSY_RADIO_SH_ATTACK_N16_SEED345678,LOSSY_RADIO,sinkhole,attack,1,1,16,345678,300,360,1,130,128,0,13,1309,50401,3414,16,437,198,55,49,0,0,0,0,0,0,0,0,0,0,0,10,13,128,248.1455,718,590,55,128,248.1455,718,590,39,1,215.9184,128,480.1473,779,651,5,1,5,16,128,413.375,718,590,8.125,13,15,8,4,1,2.8667,4,0,38,0,0,0,0,0,0,0,0,0,0,0,0,0,0,0,0,0
LOSSY_RADIO_SH_ATTACK_N16_SEED345678,LOSSY_RADIO,sinkhole,attack,1,1,16,345678,360,420,1,10,10,0,1,1173,44919,3063,16,387,177,44,46,0,0,0,0,0,0,0,0,0,0,0,12,8,128,199.5455,706,578,44,128,199.5455,706,578,33,1,196.4348,128,474.031,779,651,5,1,5,16,128,409.3125,717,589,8.125,13,15,8,4,1,2.8667,4,0,35,0,0,0,0,0,0,0,0,0,0,0,0,0,0,0,0,0
LOSSY_RADIO_SH_ATTACK_N16_SEED345678,LOSSY_RADIO,sinkhole,attack,1,1,16,345678,420,480,1,140,137,0,14,1235,47909,3249,16,399,181,85,52,0,0,0,0,0,0,0,0,0,0,0,11,16,128,274.7529,705,577,85,128,274.7529,705,577,41,1,213.5577,128,455.5426,779,651,5,1,5,16,128,407.0625,706,578,8.125,13,15,8,4,1,2.8667,4,0,38,0,0,0,0,0,0,0,0,0,0,0,0,0,0,0,0,0
LOSSY_RADIO_SH_ATTACK_N16_SEED345678,LOSSY_RADIO,sinkhole,attack,1,1,16,345678,480,540,1,50,50,0,5,1244,48229,3224,16,408,189,103,56,0,0,0,0,0,0,0,0,0,0,0,16,15,128,330.8932,695,567,102,128,332.8824,695,567,31,1,246.5714,128,429.155,706,578,5,1,5,16,128,407.6875,702,574,8.125,13,15,8,4,1,2.8667,4,0,33,0,0,0,0,0,0,0,0,0,0,0,0,0,0,0,0,0
LOSSY_RADIO_SH_ATTACK_N16_SEED456789,LOSSY_RADIO,sinkhole,attack,1,0,16,456789,0,60,0,0,0,0,0,620,28395,1660,16,190,94,298,90,26,9,15,30,15,1,14,6,15,15,0,16,16,128,12639.2148,65535,65407,294,293,12809.4354,65535,65242,0,0,40288.0889,293,1779.3058,65535,65242,0,0,0,15,338,774.7333,1097,759,2.4667,5,0,0,0,0,0.0,0,0,0,0,0,0,0,0,0,0,0,0,0,0,0,0,0,0,0,0
LOSSY_RADIO_SH_ATTACK_N16_SEED456789,LOSSY_RADIO,sinkhole,attack,1,0,16,456789,60,120,0,0,0,0,0,1204,46205,3141,16,387,194,254,40,0,0,0,0,0,0,0,0,0,0,0,15,16,273,703.8976,1046,773,254,273,703.8976,1046,773,0,0,695.875,273,608.2326,1026,753,0,0,0,16,128,665.125,1062,934,7.6875,13,15,6,4,1,2.8667,4,0,0,0,0,0,0,0,0,0,0,0,0,0,0,0,0,0,0,0
LOSSY_RADIO_SH_ATTACK_N16_SEED456789,LOSSY_RADIO,sinkhole,attack,1,0,16,456789,120,180,0,140,140,0,14,1167,44176,2968,16,376,197,133,26,0,0,0,0,0,0,0,0,0,0,0,16,16,128,560.4962,769,641,132,260,563.7727,769,509,0,0,544.1154,260,564.9767,888,628,0,0,0,16,128,561.5625,813,685,8.125,13,15,6,4,1,2.8667,4,0,0,0,0,0,0,0,0,0,0,0,0,0,0,0,0,0,0,0
LOSSY_RADIO_SH_ATTACK_N16_SEED456789,LOSSY_RADIO,sinkhole,attack,1,0,16,456789,180,240,0,30,30,0,3,1161,43487,2997,16,374,187,18,11,0,0,0,0,0,0,0,0,0,0,0,11,11,388,493.6111,758,370,18,388,493.6111,758,370,0,0,560.8182,260,561.9457,888,628,0,0,0,16,128,528.3125,748,620,8.125,13,15,6,4,1,2.8667,4,0,0,0,0,0,0,0,0,0,0,0,0,0,0,0,0,0,0,0
LOSSY_RADIO_SH_ATTACK_N16_SEED456789,LOSSY_RADIO,sinkhole,attack,1,1,16,456789,240,300,1,110,110,0,11,1269,50769,3398,16,421,193,165,74,0,0,0,0,0,0,0,0,0,0,0,14,16,128,310.8061,748,620,165,128,310.8061,748,620,68,1,227.6081,128,473.8605,748,620,5,1,5,16,128,500.5625,753,625,8.125,13,15,6,4,1,2.8667,4,1,51,0,0,0,0,0,0,0,0,0,0,0,0,0,0,0,0,0
LOSSY_RADIO_SH_ATTACK_N16_SEED456789,LOSSY_RADIO,sinkhole,attack,1,1,16,456789,300,360,1,100,100,0,10,1256,49190,3321,16,421,182,78,59,0,0,0,0,0,0,0,0,0,0,0,15,14,128,305.9744,618,490,78,128,305.9744,618,490,44,1,221.5254,128,452.4341,748,620,5,1,5,16,128,423.375,615,487,8.125,13,15,6,4,1,2.8667,4,0,43,0,0,0,0,0,0,0,0,0,0,0,0,0,0,0,0,0
LOSSY_RADIO_SH_ATTACK_N16_SEED456789,LOSSY_RADIO,sinkhole,attack,1,1,16,456789,360,420,1,40,39,0,4,1244,47946,3295,16,414,194,41,43,0,0,0,0,0,0,0,0,0,0,0,11,8,128,220.7073,589,461,41,128,220.7073,589,461,30,1,216.3953,128,452.4574,748,620,5,1,5,16,128,421.1875,618,490,8.125,13,15,6,4,1,2.8667,4,0,31,0,0,0,0,0,0,0,0,0,0,0,0,0,0,0,0,0
LOSSY_RADIO_SH_ATTACK_N16_SEED456789,LOSSY_RADIO,sinkhole,attack,1,1,16,456789,420,480,1,140,139,0,14,1277,50140,3308,16,437,198,126,74,0,0,0,0,0,0,0,0,0,0,0,13,16,128,278.0952,624,496,126,128,278.0952,624,496,56,1,205.9324,128,436.9612,748,620,5,1,5,16,128,420.5,624,496,8.125,13,15,6,4,1,2.8667,4,0,55,0,0,0,0,0,0,0,0,0,0,0,0,0,0,0,0,0
LOSSY_RADIO_SH_ATTACK_N16_SEED456789,LOSSY_RADIO,sinkhole,attack,1,1,16,456789,480,540,1,30,30,0,3,1242,48451,3224,16,419,196,89,56,0,0,0,0,0,0,0,0,0,0,0,13,15,128,276.6854,565,437,89,128,276.6854,565,437,38,1,210.3214,128,408.7132,748,620,5,1,5,16,128,394.9375,557,429,8.125,13,15,6,4,1,2.8667,4,0,39,0,0,0,0,0,0,0,0,0,0,0,0,0,0,0,0,0
LOSSY_RADIO_SH_ATTACK_N16_SEED567890,LOSSY_RADIO,sinkhole,attack,1,0,16,567890,0,60,0,0,0,0,0,637,29687,1589,16,199,94,322,96,43,14,15,30,15,1,14,7,15,15,0,16,16,128,12726.2826,65535,65407,318,330,12884.7516,65535,65205,0,0,41173.9479,338,2303.5207,65535,65197,0,0,0,15,351,742.4667,1022,671,2.4667,5,0,0,0,0,0.0,0,0,0,0,0,0,0,0,0,0,0,0,0,0,0,0,0,0,0,0
LOSSY_RADIO_SH_ATTACK_N16_SEED567890,LOSSY_RADIO,sinkhole,attack,1,0,16,567890,60,120,0,0,0,0,0,1194,46166,2927,16,384,187,282,42,0,0,0,0,0,0,0,0,0,0,0,16,16,128,692.6915,951,823,281,278,694.7011,951,673,0,0,660.4762,278,604.5039,897,619,0,0,0,16,128,664.75,951,823,7.625,13,15,7,4,1,2.8667,4,0,0,0,0,0,0,0,0,0,0,0,0,0,0,0,0,0,0,0
LOSSY_RADIO_SH_ATTACK_N16_SEED567890,LOSSY_RADIO,sinkhole,attack,1,0,16,567890,120,180,0,140,140,0,14,1179,44560,2868,16,383,200,125,24,0,0,0,0,0,0,0,0,0,0,0,15,16,256,568.64,759,503,125,256,568.64,759,503,0,0,583.9167,256,579.3488,897,641,0,0,0,16,128,560.6875,788,660,8.125,13,15,7,4,1,2.8667,4,0,0,0,0,0,0,0,0,0,0,0,0,0,0,0,0,0,0,0
LOSSY_RADIO_SH_ATTACK_N16_SEED567890,LOSSY_RADIO,sinkhole,attack,1,0,16,567890,180,240,0,40,40,0,4,1184,44632,2795,16,396,202,35,15,0,0,0,0,0,0,0,0,0,0,0,12,15,274,581.8857,750,476,35,274,581.8857,750,476,0,0,551.7333,274,577.3953,759,485,0,0,0,16,128,531.375,750,622,8.125,13,15,7,4,1,2.8667,4,0,0,0,0,0,0,0,0,0,0,0,0,0,0,0,0,0,0,0
LOSSY_RADIO_SH_ATTACK_N16_SEED567890,LOSSY_RADIO,sinkhole,attack,1,1,16,567890,240,300,1,100,100,0,10,1322,53209,3304,16,455,199,187,84,0,0,0,0,0,0,0,0,0,0,0,15,16,128,358.0481,757,629,187,128,358.0481,757,629,76,1,231.8333,128,513.062,757,629,5,1,5,16,128,521.6875,754,626,8.125,13,15,7,4,1,2.8667,4,1,61,0,0,0,0,0,0,0,0,0,0,0,0,0,0,0,0,0
LOSSY_RADIO_SH_ATTACK_N16_SEED567890,LOSSY_RADIO,sinkhole,attack,1,1,16,567890,300,360,1,110,110,0,11,1340,53520,3369,16,450,202,71,67,0,0,0,0,0,0,0,0,0,0,0,13,9,128,187.9437,737,609,71,128,187.9437,737,609,59,1,191.5224,128,510.876,757,629,5,1,5,16,128,468.0,764,636,8.125,13,15,7,4,1,2.8667,4,0,55,0,0,0,0,0,0,0,0,0,0,0,0,0,0,0,0,0
LOSSY_RADIO_SH_ATTACK_N16_SEED567890,LOSSY_RADIO,sinkhole,attack,1,1,16,567890,360,420,1,30,30,0,3,1178,44863,2844,16,380,182,23,24,0,0,0,0,0,0,0,0,0,0,0,14,10,128,345.3913,785,657,22,128,355.2727,785,657,10,1,336.3333,128,509.3798,785,657,5,1,5,16,128,471.1875,807,679,8.125,13,15,7,4,1,2.8667,4,0,11,0,0,0,0,0,0,0,0,0,0,0,0,0,0,0,0,0
LOSSY_RADIO_SH_ATTACK_N16_SEED567890,LOSSY_RADIO,sinkhole,attack,1,1,16,567890,420,480,1,140,140,0,14,1321,51675,3218,16,452,205,128,73,0,0,0,0,0,0,0,0,0,0,0,12,16,128,302.7031,745,617,128,128,302.7031,745,617,58,1,204.7945,128,493.2636,785,657,5,1,5,16,128,473.1875,792,664,8.125,13,15,7,4,1,2.8667,4,0,56,0,0,0,0,0,0,0,0,0,0,0,0,0,0,0,0,0
LOSSY_RADIO_SH_ATTACK_N16_SEED567890,LOSSY_RADIO,sinkhole,attack,1,1,16,567890,480,540,1,40,39,0,4,1325,52683,3282,16,447,196,126,86,0,0,0,0,0,0,0,0,0,0,0,12,15,128,332.5,756,628,126,128,332.5,756,628,63,1,215.3605,128,476.1163,756,628,5,1,5,16,128,432.5,735,607,8.125,13,15,7,4,1,2.8667,4,0,67,0,0,0,0,0,0,0,0,0,0,0,0,0,0,0,0,0
LOSSY_RADIO_SH_CONTROL_N16_SEED123456,LOSSY_RADIO,sinkhole,control,0,0,16,123456,0,60,0,0,0,0,0,681,31114,1743,16,201,101,313,95,49,13,15,30,15,1,14,6,15,15,0,16,16,128,12876.492,65535,65407,309,306,13041.521,65535,65229,0,0,40920.0947,306,706.9355,1003,697,0,0,0,15,338,740.2,1037,699,2.3333,5,0,0,0,0,0.0,0,0,0,0,0,0,0,0,0,0,0,0,0,0,0,0,0,0,0,0
LOSSY_RADIO_SH_CONTROL_N16_SEED123456,LOSSY_RADIO,sinkhole,control,0,0,16,123456,60,120,0,0,0,0,0,1208,47105,2948,16,389,199,297,45,0,0,0,0,0,0,0,0,0,0,0,16,16,128,669.229,979,851,296,271,671.0574,979,708,0,0,651.9556,271,602.0078,773,502,0,0,0,16,128,665.125,979,851,7.875,13,15,6,4,1,2.8667,4,0,0,0,0,0,0,0,0,0,0,0,0,0,0,0,0,0,0,0
LOSSY_RADIO_SH_CONTROL_N16_SEED123456,LOSSY_RADIO,sinkhole,control,0,0,16,123456,120,180,0,140,139,0,14,1169,44372,2832,16,371,189,126,26,0,0,0,0,0,0,0,0,0,0,0,14,15,400,597.0635,784,384,126,400,597.0635,784,384,0,0,599.3846,271,581.6047,784,513,0,0,0,16,128,553.1875,798,670,8.125,13,15,6,4,1,2.8667,4,0,0,0,0,0,0,0,0,0,0,0,0,0,0,0,0,0,0,0
LOSSY_RADIO_SH_CONTROL_N16_SEED123456,LOSSY_RADIO,sinkhole,control,0,0,16,123456,180,240,0,40,40,0,4,1157,42963,2768,16,374,188,14,14,0,0,0,0,0,0,0,0,0,0,0,13,9,128,549.2143,772,644,13,405,581.6154,772,367,0,0,549.2143,271,579.8527,784,513,0,0,0,16,128,538.9375,776,648,8.125,13,15,6,4,1,2.8667,4,0,0,0,0,0,0,0,0,0,0,0,0,0,0,0,0,0,0,0
LOSSY_RADIO_SH_CONTROL_N16_SEED123456,LOSSY_RADIO,sinkhole,control,0,0,16,123456,240,300,1,100,100,0,10,1149,43819,2823,16,371,187,133,25,0,0,0,0,0,0,0,0,0,0,0,15,16,273,554.1278,762,489,133,273,554.1278,762,489,0,0,554.52,273,559.3333,784,511,0,0,0,16,128,528.3125,760,632,8.125,13,15,6,4,1,2.8667,4,0,0,0,0,0,0,0,0,0,0,0,0,0,0,0,0,0,0,0
LOSSY_RADIO_SH_CONTROL_N16_SEED123456,LOSSY_RADIO,sinkhole,control,0,0,16,123456,300,360,1,130,130,0,13,1159,43308,2784,16,368,191,13,13,0,0,0,0,0,0,0,0,0,0,0,13,7,401,576.3846,741,340,13,401,576.3846,741,340,0,0,576.3846,273,559.1938,784,511,0,0,0,16,128,526.1875,751,623,8.125,13,15,6,4,1,2.8667,4,0,0,0,0,0,0,0,0,0,0,0,0,0,0,0,0,0,0,0
LOSSY_RADIO_SH_CONTROL_N16_SEED123456,LOSSY_RADIO,sinkhole,control,0,0,16,123456,360,420,1,10,10,0,1,1150,43301,2799,16,372,191,11,12,0,0,0,0,0,0,0,0,0,0,0,11,8,401,587.2727,745,344,11,401,587.2727,745,344,0,0,549.0,273,557.8915,773,500,0,0,0,16,128,528.6875,754,626,8.125,13,15,6,4,1,2.8667,4,0,0,0,0,0,0,0,0,0,0,0,0,0,0,0,0,0,0,0
LOSSY_RADIO_SH_CONTROL_N16_SEED123456,LOSSY_RADIO,sinkhole,control,0,0,16,123456,420,480,1,140,140,0,14,1144,42917,2735,16,374,190,26,12,0,0,0,0,0,0,0,0,0,0,0,10,11,401,486.5385,770,369,26,401,486.5385,770,369,0,0,563.5833,273,557.5426,773,500,0,0,0,16,128,527.625,745,617,8.125,13,15,6,4,1,2.8667,4,0,0,0,0,0,0,0,0,0,0,0,0,0,0,0,0,0,0,0
LOSSY_RADIO_SH_CONTROL_N16_SEED123456,LOSSY_RADIO,sinkhole,control,0,0,16,123456,480,540,1,30,30,0,3,1175,44663,2875,16,389,189,71,20,0,0,0,0,0,0,0,0,0,0,0,15,16,270,559.7324,763,493,71,270,559.7324,763,493,0,0,536.9,270,556.7674,763,493,0,0,0,16,128,522.8125,763,635,8.125,13,15,6,4,1,2.8667,4,0,0,0,0,0,0,0,0,0,0,0,0,0,0,0,0,0,0,0
LOSSY_RADIO_SH_CONTROL_N16_SEED234567,LOSSY_RADIO,sinkhole,control,0,0,16,234567,0,60,0,0,0,0,0,676,30584,1680,16,202,101,365,99,30,11,15,30,15,1,14,7,15,15,0,16,16,128,10591.6658,65535,65407,361,278,10707.6066,65535,65257,0,0,37323.1919,278,681.6953,975,697,0,0,0,15,338,731.1333,988,650,2.3333,8,0,0,0,0,0.0,0,0,0,0,0,0,0,0,0,0,0,0,0,0,0,0,0,0,0,0
LOSSY_RADIO_SH_CONTROL_N16_SEED234567,LOSSY_RADIO,sinkhole,control,0,0,16,234567,60,120,0,0,0,0,0,1219,46928,3031,16,378,192,227,38,0,0,0,0,0,0,0,0,0,0,0,15,16,274,626.8546,827,553,227,274,626.8546,827,553,0,0,618.4211,274,599.4453,825,551,0,0,0,16,128,620.6875,965,837,8.0625,13,15,7,4,1,2.8667,4,0,0,0,0,0,0,0,0,0,0,0,0,0,0,0,0,0,0,0
LOSSY_RADIO_SH_CONTROL_N16_SEED234567,LOSSY_RADIO,sinkhole,control,0,0,16,234567,120,180,0,140,140,0,14,1211,46253,2932,16,383,201,133,25,0,0,0,0,0,0,0,0,0,0,0,16,16,128,582.203,824,696,132,266,585.6439,824,558,0,0,576.8,266,580.9845,824,558,0,0,0,16,128,558.25,804,676,8.0625,13,15,7,4,1,2.8667,4,0,0,0,0,0,0,0,0,0,0,0,0,0,0,0,0,0,0,0
LOSSY_RADIO_SH_CONTROL_N16_SEED234567,LOSSY_RADIO,sinkhole,control,0,0,16,234567,180,240,0,50,50,0,5,1161,43466,2816,16,381,196,40,16,0,0,0,0,0,0,0,0,0,0,0,14,14,273,479.575,782,509,40,273,479.575,782,509,0,0,530.0,266,577.8915,824,558,0,0,0,16,128,541.0,797,669,8.125,13,15,7,4,1,2.8667,4,0,0,0,0,0,0,0,0,0,0,0,0,0,0,0,0,0,0,0
LOSSY_RADIO_SH_CONTROL_N16_SEED234567,LOSSY_RADIO,sinkhole,control,0,0,16,234567,240,300,1,90,90,0,9,1196,45426,2922,16,379,196,101,21,0,0,0,0,0,0,0,0,0,0,0,14,15,128,580.3564,724,596,100,413,584.88,724,311,0,0,559.8571,266,555.7519,748,482,0,0,0,16,128,535.75,796,668,8.125,13,15,7,4,1,2.8667,4,0,0,0,0,0,0,0,0,0,0,0,0,0,0,0,0,0,0,0
LOSSY_RADIO_SH_CONTROL_N16_SEED234567,LOSSY_RADIO,sinkhole,control,0,0,16,234567,300,360,1,140,140,0,14,1146,42848,2778,16,370,194,10,10,0,0,0,0,0,0,0,0,0,0,0,10,6,407,576.8,734,327,10,407,576.8,734,327,0,0,576.8,266,554.7597,748,482,0,0,0,16,128,526.375,734,606,8.125,13,15,7,4,1,2.8667,4,0,0,0,0,0,0,0,0,0,0,0,0,0,0,0,0,0,0,0
LOSSY_RADIO_SH_CONTROL_N16_SEED234567,LOSSY_RADIO,sinkhole,control,0,0,16,234567,360,420,1,0,0,0,0,1170,44241,2935,16,370,192,11,11,0,0,0,0,0,0,0,0,0,0,0,11,6,405,570.7273,767,362,11,405,570.7273,767,362,0,0,570.7273,266,553.8915,767,501,0,0,0,16,128,524.25,733,605,8.125,13,15,7,4,1,2.8667,4,0,0,0,0,0,0,0,0,0,0,0,0,0,0,0,0,0,0,0
LOSSY_RADIO_SH_CONTROL_N16_SEED234567,LOSSY_RADIO,sinkhole,control,0,0,16,234567,420,480,1,140,140,0,14,1192,45104,2994,16,371,194,55,18,0,0,0,0,0,0,0,0,0,0,0,14,15,128,578.8,793,665,54,401,587.1481,793,392,0,0,569.2778,266,559.8605,793,527,0,0,0,16,128,523.375,756,628,8.125,13,15,7,4,1,2.8667,4,0,0,0,0,0,0,0,0,0,0,0,0,0,0,0,0,0,0,0
LOSSY_RADIO_SH_CONTROL_N16_SEED234567,LOSSY_RADIO,sinkhole,control,0,0,16,234567,480,540,1,50,50,0,5,1185,44915,2904,16,383,192,59,17,0,0,0,0,0,0,0,0,0,0,0,12,16,272,560.1864,760,488,59,272,560.1864,760,488,0,0,567.5294,272,562.9535,760,488,0,0,0,16,128,533.1875,785,657,8.125,13,15,7,4,1,2.8667,4,0,0,0,0,0,0,0,0,0,0,0,0,0,0,0,0,0,0,0
LOSSY_RADIO_SH_CONTROL_N16_SEED345678,LOSSY_RADIO,sinkhole,control,0,0,16,345678,0,60,0,0,0,0,0,732,33137,1938,16,225,102,345,99,42,13,15,30,15,1,14,8,15,15,0,16,16,128,11905.8029,65535,65407,342,266,12009.117,65535,65269,0,0,39937.8182,266,2236.5806,65535,65269,0,0,0,15,338,725.3333,1051,713,2.4667,5,0,0,0,0,0.0,0,0,0,0,0,0,0,0,0,0,0,0,0,0,0,0,0,0,0,0
LOSSY_RADIO_SH_CONTROL_N16_SEED345678,LOSSY_RADIO,sinkhole,control,0,0,16,345678,60,120,0,0,0,0,0,1172,45273,3015,16,366,188,254,39,0,0,0,0,0,0,0,0,0,0,0,16,16,128,672.7244,1027,899,253,256,674.8775,1027,771,0,0,652.7436,256,610.9225,887,631,0,0,0,16,128,627.0,1027,899,8.125,13,15,8,4,1,2.8667,4,0,0,0,0,0,0,0,0,0,0,0,0,0,0,0,0,0,0,0
LOSSY_RADIO_SH_CONTROL_N16_SEED345678,LOSSY_RADIO,sinkhole,control,0,0,16,345678,120,180,0,140,140,0,14,1194,45350,3066,16,376,189,130,27,0,0,0,0,0,0,0,0,0,0,0,14,15,407,582.4462,818,411,130,407,582.4462,818,411,0,0,592.8519,256,570.8837,818,562,0,0,0,16,128,562.75,836,708,8.125,13,15,8,4,1,2.8667,4,0,0,0,0,0,0,0,0,0,0,0,0,0,0,0,0,0,0,0
LOSSY_RADIO_SH_CONTROL_N16_SEED345678,LOSSY_RADIO,sinkhole,control,0,0,16,345678,180,240,0,50,50,0,5,1178,44452,3016,16,380,194,14,11,0,0,0,0,0,0,0,0,0,0,0,11,8,266,495.9286,794,528,14,266,495.9286,794,528,0,0,558.6364,256,569.7132,794,538,0,0,0,16,128,537.5625,788,660,8.125,13,15,8,4,1,2.8667,4,0,0,0,0,0,0,0,0,0,0,0,0,0,0,0,0,0,0,0
LOSSY_RADIO_SH_CONTROL_N16_SEED345678,LOSSY_RADIO,sinkhole,control,0,0,16,345678,240,300,1,90,90,0,9,1210,46669,3156,16,384,192,126,25,0,0,0,0,0,0,0,0,0,0,0,15,15,128,553.2619,793,665,125,394,556.664,793,399,0,0,539.32,256,560.6047,793,537,0,0,0,16,128,532.125,802,674,8.125,13,15,8,4,1,2.8667,4,0,0,0,0,0,0,0,0,0,0,0,0,0,0,0,0,0,0,0
LOSSY_RADIO_SH_CONTROL_N16_SEED345678,LOSSY_RADIO,sinkhole,control,0,0,16,345678,300,360,1,120,120,0,12,1160,43413,3029,16,369,182,17,11,0,0,0,0,0,0,0,0,0,0,0,10,12,396,650.5294,779,383,17,396,650.5294,779,383,0,0,602.2727,256,558.1395,793,537,0,0,0,16,128,522.8125,786,658,8.125,13,15,8,4,1,2.8667,4,0,0,0,0,0,0,0,0,0,0,0,0,0,0,0,0,0,0,0
LOSSY_RADIO_SH_CONTROL_N16_SEED345678,LOSSY_RADIO,sinkhole,control,0,0,16,345678,360,420,1,20,20,0,2,1113,41291,2809,16,354,191,10,10,0,0,0,0,0,0,0,0,0,0,0,9,5,400,530.9,765,365,10,400,530.9,765,365,0,0,530.9,256,557.4109,793,537,0,0,0,16,128,522.25,775,647,8.125,13,15,8,4,1,2.8667,4,0,0,0,0,0,0,0,0,0,0,0,0,0,0,0,0,0,0,0
LOSSY_RADIO_SH_CONTROL_N16_SEED345678,LOSSY_RADIO,sinkhole,control,0,0,16,345678,420,480,1,140,140,0,14,1200,45197,3068,16,387,196,23,13,0,0,0,0,0,0,0,0,0,0,0,13,11,266,489.3478,768,502,23,266,489.3478,768,502,0,0,567.6154,256,558.7907,793,537,0,0,0,16,128,514.4375,784,656,8.125,13,15,8,4,1,2.8667,4,0,0,0,0,0,0,0,0,0,0,0,0,0,0,0,0,0,0,0
LOSSY_RADIO_SH_CONTROL_N16_SEED345678,LOSSY_RADIO,sinkhole,control,0,0,16,345678,480,540,1,50,50,0,5,1170,44716,2988,16,375,188,94,21,0,0,0,0,0,0,0,0,0,0,0,15,15,128,538.4468,749,621,93,394,542.8602,749,355,0,0,535.4762,256,553.1938,793,537,0,0,0,16,128,521.0625,763,635,8.125,13,15,8,4,1,2.8667,4,0,0,0,0,0,0,0,0,0,0,0,0,0,0,0,0,0,0,0
LOSSY_RADIO_SH_CONTROL_N16_SEED456789,LOSSY_RADIO,sinkhole,control,0,0,16,456789,0,60,0,0,0,0,0,620,28395,1660,16,190,94,298,90,26,9,15,30,15,1,14,6,15,15,0,16,16,128,12639.2148,65535,65407,294,293,12809.4354,65535,65242,0,0,40288.0889,293,1779.3058,65535,65242,0,0,0,15,338,774.7333,1097,759,2.4667,5,0,0,0,0,0.0,0,0,0,0,0,0,0,0,0,0,0,0,0,0,0,0,0,0,0,0
LOSSY_RADIO_SH_CONTROL_N16_SEED456789,LOSSY_RADIO,sinkhole,control,0,0,16,456789,60,120,0,0,0,0,0,1204,46205,3141,16,387,194,254,40,0,0,0,0,0,0,0,0,0,0,0,15,16,273,703.8976,1046,773,254,273,703.8976,1046,773,0,0,695.875,273,608.2326,1026,753,0,0,0,16,128,665.125,1062,934,7.6875,13,15,6,4,1,2.8667,4,0,0,0,0,0,0,0,0,0,0,0,0,0,0,0,0,0,0,0
LOSSY_RADIO_SH_CONTROL_N16_SEED456789,LOSSY_RADIO,sinkhole,control,0,0,16,456789,120,180,0,140,140,0,14,1167,44176,2968,16,376,197,133,26,0,0,0,0,0,0,0,0,0,0,0,16,16,128,560.4962,769,641,132,260,563.7727,769,509,0,0,544.1154,260,564.9767,888,628,0,0,0,16,128,561.5625,813,685,8.125,13,15,6,4,1,2.8667,4,0,0,0,0,0,0,0,0,0,0,0,0,0,0,0,0,0,0,0
LOSSY_RADIO_SH_CONTROL_N16_SEED456789,LOSSY_RADIO,sinkhole,control,0,0,16,456789,180,240,0,30,30,0,3,1161,43487,2997,16,374,187,18,11,0,0,0,0,0,0,0,0,0,0,0,11,11,388,493.6111,758,370,18,388,493.6111,758,370,0,0,560.8182,260,561.9457,888,628,0,0,0,16,128,528.3125,748,620,8.125,13,15,6,4,1,2.8667,4,0,0,0,0,0,0,0,0,0,0,0,0,0,0,0,0,0,0,0
LOSSY_RADIO_SH_CONTROL_N16_SEED456789,LOSSY_RADIO,sinkhole,control,0,0,16,456789,240,300,1,110,110,0,11,1161,44385,3087,16,363,180,98,24,0,0,0,0,0,0,0,0,0,0,0,15,16,128,531.0918,748,620,97,277,535.2474,748,471,0,0,528.0,260,557.7442,748,488,0,0,0,16,128,525.3125,753,625,8.125,13,15,6,4,1,2.8667,4,0,0,0,0,0,0,0,0,0,0,0,0,0,0,0,0,0,0,0
LOSSY_RADIO_SH_CONTROL_N16_SEED456789,LOSSY_RADIO,sinkhole,control,0,0,16,456789,300,360,1,100,100,0,10,1164,43777,3013,16,372,198,33,14,0,0,0,0,0,0,0,0,0,0,0,11,13,405,670.9091,723,318,33,405,670.9091,723,318,0,0,630.2857,260,554.9767,723,463,0,0,0,16,128,536.8125,716,588,8.125,13,15,6,4,1,2.8667,4,0,0,0,0,0,0,0,0,0,0,0,0,0,0,0,0,0,0,0
LOSSY_RADIO_SH_CONTROL_N16_SEED456789,LOSSY_RADIO,sinkhole,control,0,0,16,456789,360,420,1,40,39,0,4,1199,45202,3132,16,384,200,10,10,0,0,0,0,0,0,0,0,0,0,0,10,8,415,575.6,713,298,10,415,575.6,713,298,0,0,575.6,260,555.0543,723,463,0,0,0,16,128,528.0625,724,596,8.125,13,15,6,4,1,2.8667,4,0,0,0,0,0,0,0,0,0,0,0,0,0,0,0,0,0,0,0
LOSSY_RADIO_SH_CONTROL_N16_SEED456789,LOSSY_RADIO,sinkhole,control,0,0,16,456789,420,480,1,140,140,0,14,1134,42845,2925,16,359,184,78,22,0,0,0,0,0,0,0,0,0,0,0,14,16,128,555.2436,710,582,77,257,560.7922,710,453,0,0,550.8636,257,549.2171,712,455,0,0,0,16,128,523.0625,721,593,8.125,13,15,6,4,1,2.8667,4,0,0,0,0,0,0,0,0,0,0,0,0,0,0,0,0,0,0,0
LOSSY_RADIO_SH_CONTROL_N16_SEED456789,LOSSY_RADIO,sinkhole,control,0,0,16,456789,480,540,1,20,20,0,2,1142,43138,2953,16,367,185,63,14,0,0,0,0,0,0,0,0,0,0,0,10,15,385,527.0952,718,333,63,385,527.0952,718,333,0,0,531.7857,257,545.9922,718,461,0,0,0,16,128,516.6875,718,590,8.125,13,15,6,4,1,2.8667,4,0,0,0,0,0,0,0,0,0,0,0,0,0,0,0,0,0,0,0
LOSSY_RADIO_SH_CONTROL_N16_SEED567890,LOSSY_RADIO,sinkhole,control,0,0,16,567890,0,60,0,0,0,0,0,637,29687,1589,16,199,94,322,96,43,14,15,30,15,1,14,7,15,15,0,16,16,128,12726.2826,65535,65407,318,330,12884.7516,65535,65205,0,0,41173.9479,338,2303.5207,65535,65197,0,0,0,15,351,742.4667,1022,671,2.4667,5,0,0,0,0,0.0,0,0,0,0,0,0,0,0,0,0,0,0,0,0,0,0,0,0,0,0
LOSSY_RADIO_SH_CONTROL_N16_SEED567890,LOSSY_RADIO,sinkhole,control,0,0,16,567890,60,120,0,0,0,0,0,1194,46166,2927,16,384,187,282,42,0,0,0,0,0,0,0,0,0,0,0,16,16,128,692.6915,951,823,281,278,694.7011,951,673,0,0,660.4762,278,604.5039,897,619,0,0,0,16,128,664.75,951,823,7.625,13,15,7,4,1,2.8667,4,0,0,0,0,0,0,0,0,0,0,0,0,0,0,0,0,0,0,0
LOSSY_RADIO_SH_CONTROL_N16_SEED567890,LOSSY_RADIO,sinkhole,control,0,0,16,567890,120,180,0,140,140,0,14,1179,44560,2868,16,383,200,125,24,0,0,0,0,0,0,0,0,0,0,0,15,16,256,568.64,759,503,125,256,568.64,759,503,0,0,583.9167,256,579.3488,897,641,0,0,0,16,128,560.6875,788,660,8.125,13,15,7,4,1,2.8667,4,0,0,0,0,0,0,0,0,0,0,0,0,0,0,0,0,0,0,0
LOSSY_RADIO_SH_CONTROL_N16_SEED567890,LOSSY_RADIO,sinkhole,control,0,0,16,567890,180,240,0,40,40,0,4,1184,44632,2795,16,396,202,35,15,0,0,0,0,0,0,0,0,0,0,0,12,15,274,581.8857,750,476,35,274,581.8857,750,476,0,0,551.7333,274,577.3953,759,485,0,0,0,16,128,531.375,750,622,8.125,13,15,7,4,1,2.8667,4,0,0,0,0,0,0,0,0,0,0,0,0,0,0,0,0,0,0,0
LOSSY_RADIO_SH_CONTROL_N16_SEED567890,LOSSY_RADIO,sinkhole,control,0,0,16,567890,240,300,1,100,100,0,10,1145,43535,2756,16,369,192,114,23,0,0,0,0,0,0,0,0,0,0,0,14,15,404,557.0351,797,393,114,404,557.0351,797,393,0,0,557.6957,274,556.1163,797,523,0,0,0,16,128,530.8125,754,626,8.125,13,15,7,4,1,2.8667,4,0,0,0,0,0,0,0,0,0,0,0,0,0,0,0,0,0,0,0
LOSSY_RADIO_SH_CONTROL_N16_SEED567890,LOSSY_RADIO,sinkhole,control,0,0,16,567890,300,360,1,120,120,0,12,1209,45463,2983,16,395,197,13,13,0,0,0,0,0,0,0,0,0,0,0,13,8,417,574.7692,781,364,13,417,574.7692,781,364,0,0,574.7692,274,555.124,797,523,0,0,0,16,128,516.8125,773,645,8.125,13,15,7,4,1,2.8667,4,0,0,0,0,0,0,0,0,0,0,0,0,0,0,0,0,0,0,0
LOSSY_RADIO_SH_CONTROL_N16_SEED567890,LOSSY_RADIO,sinkhole,control,0,0,16,567890,360,420,1,20,20,0,2,1151,42987,2792,16,377,189,16,12,0,0,0,0,0,0,0,0,0,0,0,11,7,264,477.625,765,501,16,264,477.625,765,501,0,0,548.8333,264,554.7364,797,533,0,0,0,16,128,516.875,786,658,8.125,13,15,7,4,1,2.8667,4,0,0,0,0,0,0,0,0,0,0,0,0,0,0,0,0,0,0,0
LOSSY_RADIO_SH_CONTROL_N16_SEED567890,LOSSY_RADIO,sinkhole,control,0,0,16,567890,420,480,1,140,140,0,14,1179,44705,2850,16,380,188,50,17,0,0,0,0,0,0,0,0,0,0,0,13,15,128,518.24,762,634,49,396,526.2041,762,366,0,0,526.0588,264,546.5659,797,533,0,0,0,16,128,516.9375,766,638,8.125,13,15,7,4,1,2.8667,4,0,0,0,0,0,0,0,0,0,0,0,0,0,0,0,0,0,0,0
LOSSY_RADIO_SH_CONTROL_N16_SEED567890,LOSSY_RADIO,sinkhole,control,0,0,16,567890,480,540,1,40,40,0,4,1184,44399,2818,16,377,197,71,18,0,0,0,0,0,0,0,0,0,0,0,12,15,392,562.1972,739,347,71,392,562.1972,739,347,0,0,540.2222,264,545.3721,762,498,0,0,0,16,128,512.4375,728,600,8.125,13,15,7,4,1,2.8667,4,0,0,0,0,0,0,0,0,0,0,0,0,0,0,0,0,0,0,0
LOSSY_RADIO_SYBIL_ATTACK_N16_SEED123456,LOSSY_RADIO,sybil,attack,1,0,16,123456,0,60,0,0,0,0,0,681,31114,1743,16,201,101,32,8,2,0,0,1,1,1,0,1,1,1,0,5,1,128,30953.2812,65535,65407,28,504,35356.8929,65535,65031,0,0,32928.125,504,520.75,537,33,0,0,0,1,338,338.0,338,0,1.0,1,0,0,0,0,0.0,0,0,0,0,0,0,0,0,0,0,0,0,0,0,0,0,0,0,0,0
LOSSY_RADIO_SYBIL_ATTACK_N16_SEED123456,LOSSY_RADIO,sybil,attack,1,0,16,123456,60,120,0,0,0,0,0,1208,47105,2948,16,389,199,9,2,0,0,0,0,0,0,0,0,0,0,0,5,1,128,436.1111,516,388,8,433,474.625,516,83,0,0,273.5,433,445.0,469,36,0,0,0,1,265,265.0,265,0,5.0,5,0,0,0,0,0.0,0,0,0,0,0,0,0,0,0,0,0,0,0,0,0,0,0,0,0,0
LOSSY_RADIO_SYBIL_ATTACK_N16_SEED123456,LOSSY_RADIO,sybil,attack,1,0,16,123456,120,180,0,140,139,0,14,1169,44372,2832,16,371,189,3,0,0,0,0,0,0,0,0,0,0,0,0,3,1,405,432.3333,468,63,3,405,432.3333,468,63,0,0,0.0,405,432.5,468,63,0,0,0,1,269,269.0,269,0,5.0,5,0,0,0,0,0.0,0,0,0,0,0,0,0,0,0,0,0,0,0,0,0,0,0,0,0,0
LOSSY_RADIO_SYBIL_ATTACK_N16_SEED123456,LOSSY_RADIO,sybil,attack,1,0,16,123456,180,240,0,40,40,0,4,1157,42963,2768,16,374,188,1,0,0,0,0,0,0,0,0,0,0,0,0,1,1,128,128.0,128,0,0,0.0,0.0,0.0,0.0,0,0,0.0,405,432.5,468,63,0,0,0,1,284,284.0,284,0,5.0,5,0,0,0,0,0.0,0,0,0,0,0,0,0,0,0,0,0,0,0,0,0,0,0,0,0,0
LOSSY_RADIO_SYBIL_ATTACK_N16_SEED123456,LOSSY_RADIO,sybil,attack,1,1,16,123456,240,300,1,100,100,0,10,1193,47821,2921,16,398,188,4,30,0,0,0,0,0,0,0,0,0,0,0,4,1,401,416.0,447,46,4,401,416.0,447,46,0,0,274.2667,401,416.0,447,46,0,0,0,1,265,265.0,265,0,5.0,5,0,0,0,0,0.0,0,0,0,0,0,0,0,0,0,0,0,0,0,0,0,0,0,1,0,29
LOSSY_RADIO_SYBIL_ATTACK_N16_SEED123456,LOSSY_RADIO,sybil,attack,1,1,16,123456,300,360,1,130,129,0,13,1212,47923,2918,16,413,192,0,30,0,0,0,0,0,0,0,0,0,0,0,0,0,0.0,0.0,0.0,0.0,0,0.0,0.0,0.0,0.0,0,0,279.8333,401,416.0,447,46,0,0,0,1,277,277.0,277,0,5.0,5,0,0,0,0,0.0,0,0,0,0,0,0,0,0,0,0,0,0,0,0,0,0,0,0,0,30
LOSSY_RADIO_SYBIL_ATTACK_N16_SEED123456,LOSSY_RADIO,sybil,attack,1,1,16,123456,360,420,1,10,10,0,1,1209,47582,2930,16,411,198,0,30,0,0,0,0,0,0,0,0,0,0,0,0,0,0.0,0.0,0.0,0.0,0,0.0,0.0,0.0,0.0,0,0,269.7333,401,416.0,447,46,0,0,0,1,279,279.0,279,0,5.0,5,0,0,0,0,0.0,0,0,0,0,0,0,0,0,0,0,0,0,0,0,0,0,0,0,0,30
LOSSY_RADIO_SYBIL_ATTACK_N16_SEED123456,LOSSY_RADIO,sybil,attack,1,1,16,123456,420,480,1,140,140,0,14,1187,47771,2884,16,398,182,1,30,0,0,0,0,0,0,0,0,0,0,0,1,1,396,396.0,396,0,1,396,396.0,396,0,0,0,264.6,396,414.75,447,51,0,0,0,1,265,265.0,265,0,5.0,5,0,0,0,0,0.0,0,0,0,0,0,0,0,0,0,0,0,0,0,0,0,0,0,0,0,30
LOSSY_RADIO_SYBIL_ATTACK_N16_SEED123456,LOSSY_RADIO,sybil,attack,1,1,16,123456,480,540,1,40,40,0,4,1176,46413,2819,16,406,193,2,31,0,0,0,0,0,0,0,0,0,0,0,2,1,414,428.0,442,28,2,414,428.0,442,28,0,0,278.1613,396,414.75,442,46,0,0,0,1,276,276.0,276,0,5.0,5,0,0,0,0,0.0,0,0,0,0,0,0,0,0,0,0,0,0,0,0,0,0,0,0,0,30
LOSSY_RADIO_SYBIL_ATTACK_N16_SEED234567,LOSSY_RADIO,sybil,attack,1,0,16,234567,0,60,0,0,0,0,0,676,30584,1680,16,202,101,33,8,1,0,0,1,1,1,0,1,1,1,0,5,1,128,30015.5758,65535,65407,29,446,34138.0,65535,65089,0,0,32919.75,446,466.75,483,37,0,0,0,1,338,338.0,338,0,1.0,1,0,0,0,0,0.0,0,0,0,0,0,0,0,0,0,0,0,0,0,0,0,0,0,0,0,0
LOSSY_RADIO_SYBIL_ATTACK_N16_SEED234567,LOSSY_RADIO,sybil,attack,1,0,16,234567,60,120,0,0,0,0,0,1219,46928,3031,16,378,192,5,1,0,0,0,0,0,0,0,0,0,0,0,4,1,414,437.4,481,67,5,414,437.4,481,67,0,0,274.0,414,440.0,481,67,0,0,0,1,271,271.0,271,0,5.0,5,0,0,0,0,0.0,0,0,0,0,0,0,0,0,0,0,0,0,0,0,0,0,0,0,0,0
LOSSY_RADIO_SYBIL_ATTACK_N16_SEED234567,LOSSY_RADIO,sybil,attack,1,0,16,234567,120,180,0,140,140,0,14,1211,46253,2932,16,383,201,5,1,0,0,0,0,0,0,0,0,0,0,0,5,1,128,364.0,438,310,4,408,423.0,438,30,0,0,266.0,408,423.0,438,30,0,0,0,1,265,265.0,265,0,5.0,5,0,0,0,0,0.0,0,0,0,0,0,0,0,0,0,0,0,0,0,0,0,0,0,0,0,0
LOSSY_RADIO_SYBIL_ATTACK_N16_SEED234567,LOSSY_RADIO,sybil,attack,1,0,16,234567,180,240,0,50,50,0,5,1161,43466,2816,16,381,196,2,1,0,0,0,0,0,0,0,0,0,0,0,2,1,420,428.0,436,16,2,420,428.0,436,16,0,0,273.0,408,423.75,436,28,0,0,0,1,268,268.0,268,0,5.0,5,0,0,0,0,0.0,0,0,0,0,0,0,0,0,0,0,0,0,0,0,0,0,0,0,0,0
LOSSY_RADIO_SYBIL_ATTACK_N16_SEED234567,LOSSY_RADIO,sybil,attack,1,1,16,234567,240,300,1,90,90,0,9,1209,47692,2970,16,401,185,3,29,0,0,0,0,0,0,0,0,0,0,0,3,1,128,302.0,393,265,2,385,389.0,393,8,0,0,263.4483,385,408.5,436,51,0,0,0,1,270,270.0,270,0,5.0,5,0,0,0,0,0.0,0,0,0,0,0,0,0,0,0,0,0,0,0,0,0,0,0,1,0,29
LOSSY_RADIO_SYBIL_ATTACK_N16_SEED234567,LOSSY_RADIO,sybil,attack,1,1,16,234567,300,360,1,140,140,0,14,1253,49643,3142,16,417,199,0,30,0,0,0,0,0,0,0,0,0,0,0,0,0,0.0,0.0,0.0,0.0,0,0.0,0.0,0.0,0.0,0,0,267.0667,385,408.5,436,51,0,0,0,1,261,261.0,261,0,5.0,5,0,0,0,0,0.0,0,0,0,0,0,0,0,0,0,0,0,0,0,0,0,0,0,0,0,30
LOSSY_RADIO_SYBIL_ATTACK_N16_SEED234567,LOSSY_RADIO,sybil,attack,1,1,16,234567,360,420,1,0,0,0,0,1193,46697,2932,16,405,188,0,30,0,0,0,0,0,0,0,0,0,0,0,0,0,0.0,0.0,0.0,0.0,0,0.0,0.0,0.0,0.0,0,0,283.8333,385,408.5,436,51,0,0,0,1,289,289.0,289,0,5.0,5,0,0,0,0,0.0,0,0,0,0,0,0,0,0,0,0,0,0,0,0,0,0,0,0,0,30
LOSSY_RADIO_SYBIL_ATTACK_N16_SEED234567,LOSSY_RADIO,sybil,attack,1,1,16,234567,420,480,1,140,140,0,14,1194,46558,2894,16,404,200,1,31,0,0,0,0,0,0,0,0,0,0,0,1,1,128,128.0,128,0,0,0.0,0.0,0.0,0.0,0,0,277.9032,385,408.5,436,51,0,0,0,1,288,288.0,288,0,5.0,5,0,0,0,0,0.0,0,0,0,0,0,0,0,0,0,0,0,0,0,0,0,0,0,0,0,30
LOSSY_RADIO_SYBIL_ATTACK_N16_SEED234567,LOSSY_RADIO,sybil,attack,1,1,16,234567,480,540,1,50,47,0,5,1222,48777,2987,16,413,193,4,30,0,0,0,0,0,0,0,0,0,0,0,4,1,407,416.0,426,19,4,407,416.0,426,19,0,0,278.7,407,416.0,426,19,0,0,0,1,292,292.0,292,0,5.0,5,0,0,0,0,0.0,0,0,0,0,0,0,0,0,0,0,0,0,0,0,0,0,0,0,0,30
LOSSY_RADIO_SYBIL_ATTACK_N16_SEED345678,LOSSY_RADIO,sybil,attack,1,0,16,345678,0,60,0,0,0,0,0,732,33137,1938,16,225,102,32,8,1,0,0,1,1,1,0,1,1,1,0,5,1,128,30950.4375,65535,65407,29,426,34138.9655,65535,65109,0,0,32920.125,426,472.5,501,75,0,0,0,1,338,338.0,338,0,1.0,1,0,0,0,0,0.0,0,0,0,0,0,0,0,0,0,0,0,0,0,0,0,0,0,0,0,0
LOSSY_RADIO_SYBIL_ATTACK_N16_SEED345678,LOSSY_RADIO,sybil,attack,1,0,16,345678,60,120,0,0,0,0,0,1172,45273,3015,16,366,188,6,2,0,0,0,0,0,0,0,0,0,0,0,5,1,128,401.6667,501,373,5,423,456.4,501,78,0,0,265.0,423,451.5,501,78,0,0,0,1,270,270.0,270,0,5.0,5,0,0,0,0,0.0,0,0,0,0,0,0,0,0,0,0,0,0,0,0,0,0,0,0,0,0
LOSSY_RADIO_SYBIL_ATTACK_N16_SEED345678,LOSSY_RADIO,sybil,attack,1,0,16,345678,120,180,0,140,140,0,14,1194,45350,3066,16,376,189,4,0,0,0,0,0,0,0,0,0,0,0,0,4,1,411,414.75,419,8,4,411,414.75,419,8,0,0,0.0,411,414.75,419,8,0,0,0,1,291,291.0,291,0,5.0,5,0,0,0,0,0.0,0,0,0,0,0,0,0,0,0,0,0,0,0,0,0,0,0,0,0,0
LOSSY_RADIO_SYBIL_ATTACK_N16_SEED345678,LOSSY_RADIO,sybil,attack,1,0,16,345678,180,240,0,50,50,0,5,1178,44452,3016,16,380,194,0,1,0,0,0,0,0,0,0,0,0,0,0,0,0,0.0,0.0,0.0,0.0,0,0.0,0.0,0.0,0.0,0,0,266.0,411,414.75,419,8,0,0,0,1,268,268.0,268,0,5.0,5,0,0,0,0,0.0,0,0,0,0,0,0,0,0,0,0,0,0,0,0,0,0,0,0,0,0
LOSSY_RADIO_SYBIL_ATTACK_N16_SEED345678,LOSSY_RADIO,sybil,attack,1,1,16,345678,240,300,1,90,90,0,9,1221,48363,3167,16,408,193,4,29,0,0,0,0,0,0,0,0,0,0,0,4,1,128,328.0,403,275,3,387,394.6667,403,16,0,0,269.7241,387,400.75,419,32,0,0,0,1,261,261.0,261,0,5.0,5,0,0,0,0,0.0,0,0,0,0,0,0,0,0,0,0,0,0,0,0,0,0,0,1,0,29
LOSSY_RADIO_SYBIL_ATTACK_N16_SEED345678,LOSSY_RADIO,sybil,attack,1,1,16,345678,300,360,1,120,119,0,12,1202,47404,3128,16,404,193,0,30,0,0,0,0,0,0,0,0,0,0,0,0,0,0.0,0.0,0.0,0.0,0,0.0,0.0,0.0,0.0,0,0,269.1,387,400.75,419,32,0,0,0,1,278,278.0,278,0,5.0,5,0,0,0,0,0.0,0,0,0,0,0,0,0,0,0,0,0,0,0,0,0,0,0,0,0,30
LOSSY_RADIO_SYBIL_ATTACK_N16_SEED345678,LOSSY_RADIO,sybil,attack,1,1,16,345678,360,420,1,20,20,0,2,1188,46489,2994,16,410,195,0,30,0,0,0,0,0,0,0,0,0,0,0,0,0,0.0,0.0,0.0,0.0,0,0.0,0.0,0.0,0.0,0,0,276.7667,387,400.75,419,32,0,0,0,1,270,270.0,270,0,5.0,5,0,0,0,0,0.0,0,0,0,0,0,0,0,0,0,0,0,0,0,0,0,0,0,0,0,30
LOSSY_RADIO_SYBIL_ATTACK_N16_SEED345678,LOSSY_RADIO,sybil,attack,1,1,16,345678,420,480,1,140,139,0,14,1168,46074,2958,16,396,188,1,30,0,0,0,0,0,0,0,0,0,0,0,1,1,128,128.0,128,0,0,0.0,0.0,0.0,0.0,0,0,272.5667,387,400.75,419,32,0,0,0,1,263,263.0,263,0,5.0,5,0,0,0,0,0.0,0,0,0,0,0,0,0,0,0,0,0,0,0,0,0,0,0,0,0,30
LOSSY_RADIO_SYBIL_ATTACK_N16_SEED345678,LOSSY_RADIO,sybil,attack,1,1,16,345678,480,540,1,40,40,0,4,1178,46371,3000,16,402,181,2,31,0,0,0,0,0,0,0,0,0,0,0,2,1,398,418.0,438,40,2,398,418.0,438,40,0,0,274.5484,387,406.5,438,51,0,0,0,1,274,274.0,274,0,5.0,5,0,0,0,0,0.0,0,0,0,0,0,0,0,0,0,0,0,0,0,0,0,0,0,0,0,30
LOSSY_RADIO_SYBIL_ATTACK_N16_SEED456789,LOSSY_RADIO,sybil,attack,1,0,16,456789,0,60,0,0,0,0,0,620,28395,1660,16,190,94,30,7,0,0,0,1,1,1,0,1,1,1,0,5,1,128,30815.3667,65535,65407,26,466,35536.5,65535,65069,0,0,37584.4286,466,511.5,583,117,0,0,0,1,338,338.0,338,0,1.0,1,0,0,0,0,0.0,0,0,0,0,0,0,0,0,0,0,0,0,0,0,0,0,0,0,0,0
LOSSY_RADIO_SYBIL_ATTACK_N16_SEED456789,LOSSY_RADIO,sybil,attack,1,0,16,456789,60,120,0,0,0,0,0,1204,46205,3141,16,387,194,3,1,0,0,0,0,0,0,0,0,0,0,0,3,1,422,454.3333,482,60,3,422,454.3333,482,60,0,0,273.0,422,457.25,482,60,0,0,0,1,279,279.0,279,0,5.0,5,0,0,0,0,0.0,0,0,0,0,0,0,0,0,0,0,0,0,0,0,0,0,0,0,0,0
LOSSY_RADIO_SYBIL_ATTACK_N16_SEED456789,LOSSY_RADIO,sybil,attack,1,0,16,456789,120,180,0,140,140,0,14,1167,44176,2968,16,376,197,4,1,0,0,0,0,0,0,0,0,0,0,0,4,1,128,342.5,431,303,3,395,414.0,431,36,0,0,260.0,395,416.0,431,36,0,0,0,1,306,306.0,306,0,5.0,5,0,0,0,0,0.0,0,0,0,0,0,0,0,0,0,0,0,0,0,0,0,0,0,0,0,0
LOSSY_RADIO_SYBIL_ATTACK_N16_SEED456789,LOSSY_RADIO,sybil,attack,1,0,16,456789,180,240,0,30,30,0,3,1161,43487,2997,16,374,187,1,0,0,0,0,0,0,0,0,0,0,0,0,1,1,388,388.0,388,0,1,388,388.0,388,0,0,0,0.0,388,405.25,422,34,0,0,0,1,288,288.0,288,0,5.0,5,0,0,0,0,0.0,0,0,0,0,0,0,0,0,0,0,0,0,0,0,0,0,0,0,0,0
LOSSY_RADIO_SYBIL_ATTACK_N16_SEED456789,LOSSY_RADIO,sybil,attack,1,1,16,456789,240,300,1,110,110,0,11,1212,48207,3174,16,402,191,4,30,0,0,0,0,0,0,0,0,0,0,0,4,1,128,343.75,442,314,3,402,415.6667,442,40,0,0,273.2333,388,408.75,442,54,0,0,0,1,261,261.0,261,0,5.0,5,0,0,0,0,0.0,0,0,0,0,0,0,0,0,0,0,0,0,0,0,0,0,0,1,0,29
LOSSY_RADIO_SYBIL_ATTACK_N16_SEED456789,LOSSY_RADIO,sybil,attack,1,1,16,456789,300,360,1,110,108,0,11,1183,46401,3075,16,396,190,0,30,0,0,0,0,0,0,0,0,0,0,0,0,0,0.0,0.0,0.0,0.0,0,0.0,0.0,0.0,0.0,0,0,270.5333,388,408.75,442,54,0,0,0,1,269,269.0,269,0,5.0,5,0,0,0,0,0.0,0,0,0,0,0,0,0,0,0,0,0,0,0,0,0,0,0,0,0,30
LOSSY_RADIO_SYBIL_ATTACK_N16_SEED456789,LOSSY_RADIO,sybil,attack,1,1,16,456789,360,420,1,30,30,0,3,1213,47497,3145,16,412,196,1,30,0,0,0,0,0,0,0,0,0,0,0,1,1,128,128.0,128,0,0,0.0,0.0,0.0,0.0,0,0,268.3333,388,408.75,442,54,0,0,0,1,269,269.0,269,0,5.0,5,0,0,0,0,0.0,0,0,0,0,0,0,0,0,0,0,0,0,0,0,0,0,0,0,0,30
LOSSY_RADIO_SYBIL_ATTACK_N16_SEED456789,LOSSY_RADIO,sybil,attack,1,1,16,456789,420,480,1,140,141,0,14,1217,48330,3122,16,408,195,2,31,0,0,0,0,0,0,0,0,0,0,0,2,1,424,436.5,449,25,2,424,436.5,449,25,0,0,273.6774,402,419.5,449,47,0,0,0,1,292,292.0,292,0,5.0,5,0,0,0,0,0.0,0,0,0,0,0,0,0,0,0,0,0,0,0,0,0,0,0,0,0,30
LOSSY_RADIO_SYBIL_ATTACK_N16_SEED456789,LOSSY_RADIO,sybil,attack,1,1,16,456789,480,540,1,30,30,0,3,1207,47757,3047,16,409,203,2,30,0,0,0,0,0,0,0,0,0,0,0,2,1,411,438.0,465,54,2,411,438.0,465,54,0,0,277.7,411,437.25,465,54,0,0,0,1,285,285.0,285,0,5.0,5,0,0,0,0,0.0,0,0,0,0,0,0,0,0,0,0,0,0,0,0,0,0,0,0,0,30
LOSSY_RADIO_SYBIL_ATTACK_N16_SEED567890,LOSSY_RADIO,sybil,attack,1,0,16,567890,0,60,0,0,0,0,0,637,29687,1589,16,199,94,32,8,1,0,0,1,1,1,0,1,1,1,0,5,1,128,28932.5312,65535,65407,28,509,33047.4643,65535,65026,0,0,32936.25,530,556.0,580,50,0,0,0,1,351,351.0,351,0,1.0,1,0,0,0,0,0.0,0,0,0,0,0,0,0,0,0,0,0,0,0,0,0,0,0,0,0,0
LOSSY_RADIO_SYBIL_ATTACK_N16_SEED567890,LOSSY_RADIO,sybil,attack,1,0,16,567890,60,120,0,0,0,0,0,1194,46166,2927,16,384,187,7,1,0,0,0,0,0,0,0,0,0,0,0,5,1,128,441.1429,557,429,6,435,493.3333,557,122,0,0,278.0,435,465.25,485,50,0,0,0,1,294,294.0,294,0,5.0,5,0,0,0,0,0.0,0,0,0,0,0,0,0,0,0,0,0,0,0,0,0,0,0,0,0,0
LOSSY_RADIO_SYBIL_ATTACK_N16_SEED567890,LOSSY_RADIO,sybil,attack,1,0,16,567890,120,180,0,140,140,0,14,1179,44560,2868,16,383,200,4,1,0,0,0,0,0,0,0,0,0,0,0,4,1,420,428.75,433,13,4,420,428.75,433,13,0,0,256.0,420,428.75,433,13,0,0,0,1,272,272.0,272,0,5.0,5,0,0,0,0,0.0,0,0,0,0,0,0,0,0,0,0,0,0,0,0,0,0,0,0,0,0
LOSSY_RADIO_SYBIL_ATTACK_N16_SEED567890,LOSSY_RADIO,sybil,attack,1,0,16,567890,180,240,0,40,40,0,4,1184,44632,2795,16,396,202,0,1,0,0,0,0,0,0,0,0,0,0,0,0,0,0.0,0.0,0.0,0.0,0,0.0,0.0,0.0,0.0,0,0,274.0,420,428.75,433,13,0,0,0,1,265,265.0,265,0,5.0,5,0,0,0,0,0.0,0,0,0,0,0,0,0,0,0,0,0,0,0,0,0,0,0,0,0,0
LOSSY_RADIO_SYBIL_ATTACK_N16_SEED567890,LOSSY_RADIO,sybil,attack,1,1,16,567890,240,300,1,100,100,0,10,1221,48549,2980,16,411,194,4,29,0,0,0,0,0,0,0,0,0,0,0,4,1,404,424.75,437,33,4,404,424.75,437,33,0,0,275.8966,404,424.75,437,33,0,0,0,1,279,279.0,279,0,5.0,5,0,0,0,0,0.0,0,0,0,0,0,0,0,0,0,0,0,0,0,0,0,0,0,1,0,29
LOSSY_RADIO_SYBIL_ATTACK_N16_SEED567890,LOSSY_RADIO,sybil,attack,1,1,16,567890,300,360,1,120,121,0,12,1214,48325,2946,16,400,195,0,30,0,0,0,0,0,0,0,0,0,0,0,0,0,0.0,0.0,0.0,0.0,0,0.0,0.0,0.0,0.0,0,0,270.3667,404,424.75,437,33,0,0,0,1,283,283.0,283,0,5.0,5,0,0,0,0,0.0,0,0,0,0,0,0,0,0,0,0,0,0,0,0,0,0,0,0,0,30
LOSSY_RADIO_SYBIL_ATTACK_N16_SEED567890,LOSSY_RADIO,sybil,attack,1,1,16,567890,360,420,1,20,20,0,2,1158,45393,2788,16,396,186,0,30,0,0,0,0,0,0,0,0,0,0,0,0,0,0.0,0.0,0.0,0.0,0,0.0,0.0,0.0,0.0,0,0,268.0,404,424.75,437,33,0,0,0,1,256,256.0,256,0,5.0,5,0,0,0,0,0.0,0,0,0,0,0,0,0,0,0,0,0,0,0,0,0,0,0,0,0,30
LOSSY_RADIO_SYBIL_ATTACK_N16_SEED567890,LOSSY_RADIO,sybil,attack,1,1,16,567890,420,480,1,140,138,0,14,1224,48421,2988,16,412,197,2,31,0,0,0,0,0,0,0,0,0,0,0,2,1,398,407.5,417,19,2,398,407.5,417,19,0,0,271.871,398,413.25,434,36,0,0,0,1,267,267.0,267,0,5.0,5,0,0,0,0,0.0,0,0,0,0,0,0,0,0,0,0,0,0,0,0,0,0,0,0,0,30
LOSSY_RADIO_SYBIL_ATTACK_N16_SEED567890,LOSSY_RADIO,sybil,attack,1,1,16,567890,480,540,1,40,40,0,4,1165,45900,2782,16,404,188,3,30,0,0,0,0,0,0,0,0,0,0,0,3,1,128,311.6667,410,282,2,397,403.5,410,13,0,0,269.5333,397,405.5,417,20,0,0,0,1,274,274.0,274,0,5.0,5,0,0,0,0,0.0,0,0,0,0,0,0,0,0,0,0,0,0,0,0,0,0,0,0,0,30
LOSSY_RADIO_SYBIL_CONTROL_N16_SEED123456,LOSSY_RADIO,sybil,control,0,0,16,123456,0,60,0,0,0,0,0,681,31114,1743,16,201,101,32,8,2,0,0,1,1,1,0,1,1,1,0,5,1,128,30953.2812,65535,65407,28,504,35356.8929,65535,65031,0,0,32928.125,504,520.75,537,33,0,0,0,1,338,338.0,338,0,1.0,1,0,0,0,0,0.0,0,0,0,0,0,0,0,0,0,0,0,0,0,0,0,0,0,0,0,0
LOSSY_RADIO_SYBIL_CONTROL_N16_SEED123456,LOSSY_RADIO,sybil,control,0,0,16,123456,60,120,0,0,0,0,0,1208,47105,2948,16,389,199,9,2,0,0,0,0,0,0,0,0,0,0,0,5,1,128,436.1111,516,388,8,433,474.625,516,83,0,0,273.5,433,445.0,469,36,0,0,0,1,265,265.0,265,0,5.0,5,0,0,0,0,0.0,0,0,0,0,0,0,0,0,0,0,0,0,0,0,0,0,0,0,0,0
LOSSY_RADIO_SYBIL_CONTROL_N16_SEED123456,LOSSY_RADIO,sybil,control,0,0,16,123456,120,180,0,140,139,0,14,1169,44372,2832,16,371,189,3,0,0,0,0,0,0,0,0,0,0,0,0,3,1,405,432.3333,468,63,3,405,432.3333,468,63,0,0,0.0,405,432.5,468,63,0,0,0,1,269,269.0,269,0,5.0,5,0,0,0,0,0.0,0,0,0,0,0,0,0,0,0,0,0,0,0,0,0,0,0,0,0,0
LOSSY_RADIO_SYBIL_CONTROL_N16_SEED123456,LOSSY_RADIO,sybil,control,0,0,16,123456,180,240,0,40,40,0,4,1157,42963,2768,16,374,188,1,0,0,0,0,0,0,0,0,0,0,0,0,1,1,128,128.0,128,0,0,0.0,0.0,0.0,0.0,0,0,0.0,405,432.5,468,63,0,0,0,1,284,284.0,284,0,5.0,5,0,0,0,0,0.0,0,0,0,0,0,0,0,0,0,0,0,0,0,0,0,0,0,0,0,0
LOSSY_RADIO_SYBIL_CONTROL_N16_SEED123456,LOSSY_RADIO,sybil,control,0,0,16,123456,240,300,1,100,100,0,10,1149,43819,2823,16,371,187,3,1,0,0,0,0,0,0,0,0,0,0,0,3,1,407,411.3333,415,8,3,407,411.3333,415,8,0,0,273.0,407,425.5,468,61,0,0,0,1,265,265.0,265,0,5.0,5,0,0,0,0,0.0,0,0,0,0,0,0,0,0,0,0,0,0,0,0,0,0,0,0,0,0
LOSSY_RADIO_SYBIL_CONTROL_N16_SEED123456,LOSSY_RADIO,sybil,control,0,0,16,123456,300,360,1,130,130,0,13,1159,43308,2784,16,368,191,0,0,0,0,0,0,0,0,0,0,0,0,0,0,0,0.0,0.0,0.0,0.0,0,0.0,0.0,0.0,0.0,0,0,0.0,407,425.5,468,61,0,0,0,1,263,263.0,263,0,5.0,5,0,0,0,0,0.0,0,0,0,0,0,0,0,0,0,0,0,0,0,0,0,0,0,0,0,0
LOSSY_RADIO_SYBIL_CONTROL_N16_SEED123456,LOSSY_RADIO,sybil,control,0,0,16,123456,360,420,1,10,10,0,1,1150,43301,2799,16,372,191,0,0,0,0,0,0,0,0,0,0,0,0,0,0,0,0.0,0.0,0.0,0.0,0,0.0,0.0,0.0,0.0,0,0,0.0,407,425.5,468,61,0,0,0,1,279,279.0,279,0,5.0,5,0,0,0,0,0.0,0,0,0,0,0,0,0,0,0,0,0,0,0,0,0,0,0,0,0,0
LOSSY_RADIO_SYBIL_CONTROL_N16_SEED123456,LOSSY_RADIO,sybil,control,0,0,16,123456,420,480,1,140,140,0,14,1144,42917,2735,16,374,190,2,0,0,0,0,0,0,0,0,0,0,0,0,2,1,419,420.5,422,3,2,419,420.5,422,3,0,0,0.0,407,415.0,422,15,0,0,0,1,293,293.0,293,0,5.0,5,0,0,0,0,0.0,0,0,0,0,0,0,0,0,0,0,0,0,0,0,0,0,0,0,0,0
LOSSY_RADIO_SYBIL_CONTROL_N16_SEED123456,LOSSY_RADIO,sybil,control,0,0,16,123456,480,540,1,30,30,0,3,1175,44663,2875,16,389,189,2,1,0,0,0,0,0,0,0,0,0,0,0,2,1,398,415.5,433,35,2,398,415.5,433,35,0,0,270.0,398,418.0,433,35,0,0,0,1,256,256.0,256,0,5.0,5,0,0,0,0,0.0,0,0,0,0,0,0,0,0,0,0,0,0,0,0,0,0,0,0,0,0
LOSSY_RADIO_SYBIL_CONTROL_N16_SEED234567,LOSSY_RADIO,sybil,control,0,0,16,234567,0,60,0,0,0,0,0,676,30584,1680,16,202,101,33,8,1,0,0,1,1,1,0,1,1,1,0,5,1,128,30015.5758,65535,65407,29,446,34138.0,65535,65089,0,0,32919.75,446,466.75,483,37,0,0,0,1,338,338.0,338,0,1.0,1,0,0,0,0,0.0,0,0,0,0,0,0,0,0,0,0,0,0,0,0,0,0,0,0,0,0
LOSSY_RADIO_SYBIL_CONTROL_N16_SEED234567,LOSSY_RADIO,sybil,control,0,0,16,234567,60,120,0,0,0,0,0,1219,46928,3031,16,378,192,5,1,0,0,0,0,0,0,0,0,0,0,0,4,1,414,437.4,481,67,5,414,437.4,481,67,0,0,274.0,414,440.0,481,67,0,0,0,1,271,271.0,271,0,5.0,5,0,0,0,0,0.0,0,0,0,0,0,0,0,0,0,0,0,0,0,0,0,0,0,0,0,0
LOSSY_RADIO_SYBIL_CONTROL_N16_SEED234567,LOSSY_RADIO,sybil,control,0,0,16,234567,120,180,0,140,140,0,14,1211,46253,2932,16,383,201,5,1,0,0,0,0,0,0,0,0,0,0,0,5,1,128,364.0,438,310,4,408,423.0,438,30,0,0,266.0,408,423.0,438,30,0,0,0,1,265,265.0,265,0,5.0,5,0,0,0,0,0.0,0,0,0,0,0,0,0,0,0,0,0,0,0,0,0,0,0,0,0,0
LOSSY_RADIO_SYBIL_CONTROL_N16_SEED234567,LOSSY_RADIO,sybil,control,0,0,16,234567,180,240,0,50,50,0,5,1161,43466,2816,16,381,196,2,1,0,0,0,0,0,0,0,0,0,0,0,2,1,420,428.0,436,16,2,420,428.0,436,16,0,0,273.0,408,423.75,436,28,0,0,0,1,268,268.0,268,0,5.0,5,0,0,0,0,0.0,0,0,0,0,0,0,0,0,0,0,0,0,0,0,0,0,0,0,0,0
LOSSY_RADIO_SYBIL_CONTROL_N16_SEED234567,LOSSY_RADIO,sybil,control,0,0,16,234567,240,300,1,90,90,0,9,1196,45426,2922,16,379,196,3,0,0,0,0,0,0,0,0,0,0,0,0,3,1,128,321.6667,424,296,2,413,418.5,424,11,0,0,0.0,413,423.25,436,23,0,0,0,1,270,270.0,270,0,5.0,5,0,0,0,0,0.0,0,0,0,0,0,0,0,0,0,0,0,0,0,0,0,0,0,0,0,0
LOSSY_RADIO_SYBIL_CONTROL_N16_SEED234567,LOSSY_RADIO,sybil,control,0,0,16,234567,300,360,1,140,140,0,14,1146,42848,2778,16,370,194,0,0,0,0,0,0,0,0,0,0,0,0,0,0,0,0.0,0.0,0.0,0.0,0,0.0,0.0,0.0,0.0,0,0,0.0,413,423.25,436,23,0,0,0,1,272,272.0,272,0,5.0,5,0,0,0,0,0.0,0,0,0,0,0,0,0,0,0,0,0,0,0,0,0,0,0,0,0,0
LOSSY_RADIO_SYBIL_CONTROL_N16_SEED234567,LOSSY_RADIO,sybil,control,0,0,16,234567,360,420,1,0,0,0,0,1170,44241,2935,16,370,192,0,0,0,0,0,0,0,0,0,0,0,0,0,0,0,0.0,0.0,0.0,0.0,0,0.0,0.0,0.0,0.0,0,0,0.0,413,423.25,436,23,0,0,0,1,319,319.0,319,0,5.0,5,0,0,0,0,0.0,0,0,0,0,0,0,0,0,0,0,0,0,0,0,0,0,0,0,0,0
LOSSY_RADIO_SYBIL_CONTROL_N16_SEED234567,LOSSY_RADIO,sybil,control,0,0,16,234567,420,480,1,140,140,0,14,1192,45104,2994,16,371,194,1,0,0,0,0,0,0,0,0,0,0,0,0,1,1,128,128.0,128,0,0,0.0,0.0,0.0,0.0,0,0,0.0,413,423.25,436,23,0,0,0,1,262,262.0,262,0,5.0,5,0,0,0,0,0.0,0,0,0,0,0,0,0,0,0,0,0,0,0,0,0,0,0,0,0,0
LOSSY_RADIO_SYBIL_CONTROL_N16_SEED234567,LOSSY_RADIO,sybil,control,0,0,16,234567,480,540,1,50,50,0,5,1185,44915,2904,16,383,192,2,1,0,0,0,0,0,0,0,0,0,0,0,2,1,401,412.0,423,22,2,401,412.0,423,22,0,0,272.0,401,421.0,436,35,0,0,0,1,256,256.0,256,0,5.0,5,0,0,0,0,0.0,0,0,0,0,0,0,0,0,0,0,0,0,0,0,0,0,0,0,0,0
LOSSY_RADIO_SYBIL_CONTROL_N16_SEED345678,LOSSY_RADIO,sybil,control,0,0,16,345678,0,60,0,0,0,0,0,732,33137,1938,16,225,102,32,8,1,0,0,1,1,1,0,1,1,1,0,5,1,128,30950.4375,65535,65407,29,426,34138.9655,65535,65109,0,0,32920.125,426,472.5,501,75,0,0,0,1,338,338.0,338,0,1.0,1,0,0,0,0,0.0,0,0,0,0,0,0,0,0,0,0,0,0,0,0,0,0,0,0,0,0
LOSSY_RADIO_SYBIL_CONTROL_N16_SEED345678,LOSSY_RADIO,sybil,control,0,0,16,345678,60,120,0,0,0,0,0,1172,45273,3015,16,366,188,6,2,0,0,0,0,0,0,0,0,0,0,0,5,1,128,401.6667,501,373,5,423,456.4,501,78,0,0,265.0,423,451.5,501,78,0,0,0,1,270,270.0,270,0,5.0,5,0,0,0,0,0.0,0,0,0,0,0,0,0,0,0,0,0,0,0,0,0,0,0,0,0,0
LOSSY_RADIO_SYBIL_CONTROL_N16_SEED345678,LOSSY_RADIO,sybil,control,0,0,16,345678,120,180,0,140,140,0,14,1194,45350,3066,16,376,189,4,0,0,0,0,0,0,0,0,0,0,0,0,4,1,411,414.75,419,8,4,411,414.75,419,8,0,0,0.0,411,414.75,419,8,0,0,0,1,291,291.0,291,0,5.0,5,0,0,0,0,0.0,0,0,0,0,0,0,0,0,0,0,0,0,0,0,0,0,0,0,0,0
LOSSY_RADIO_SYBIL_CONTROL_N16_SEED345678,LOSSY_RADIO,sybil,control,0,0,16,345678,180,240,0,50,50,0,5,1178,44452,3016,16,380,194,0,1,0,0,0,0,0,0,0,0,0,0,0,0,0,0.0,0.0,0.0,0.0,0,0.0,0.0,0.0,0.0,0,0,266.0,411,414.75,419,8,0,0,0,1,268,268.0,268,0,5.0,5,0,0,0,0,0.0,0,0,0,0,0,0,0,0,0,0,0,0,0,0,0,0,0,0,0,0
LOSSY_RADIO_SYBIL_CONTROL_N16_SEED345678,LOSSY_RADIO,sybil,control,0,0,16,345678,240,300,1,90,90,0,9,1210,46669,3156,16,384,192,5,0,0,0,0,0,0,0,0,0,0,0,0,5,1,128,349.0,412,284,4,394,404.25,412,18,0,0,0.0,394,404.25,412,18,0,0,0,1,261,261.0,261,0,5.0,5,0,0,0,0,0.0,0,0,0,0,0,0,0,0,0,0,0,0,0,0,0,0,0,0,0,0
LOSSY_RADIO_SYBIL_CONTROL_N16_SEED345678,LOSSY_RADIO,sybil,control,0,0,16,345678,300,360,1,120,120,0,12,1160,43413,3029,16,369,182,0,0,0,0,0,0,0,0,0,0,0,0,0,0,0,0.0,0.0,0.0,0.0,0,0.0,0.0,0.0,0.0,0,0,0.0,394,404.25,412,18,0,0,0,1,260,260.0,260,0,5.0,5,0,0,0,0,0.0,0,0,0,0,0,0,0,0,0,0,0,0,0,0,0,0,0,0,0,0
LOSSY_RADIO_SYBIL_CONTROL_N16_SEED345678,LOSSY_RADIO,sybil,control,0,0,16,345678,360,420,1,20,20,0,2,1113,41291,2809,16,354,191,0,0,0,0,0,0,0,0,0,0,0,0,0,0,0,0.0,0.0,0.0,0.0,0,0.0,0.0,0.0,0.0,0,0,0.0,394,404.25,412,18,0,0,0,1,262,262.0,262,0,5.0,5,0,0,0,0,0.0,0,0,0,0,0,0,0,0,0,0,0,0,0,0,0,0,0,0,0,0
LOSSY_RADIO_SYBIL_CONTROL_N16_SEED345678,LOSSY_RADIO,sybil,control,0,0,16,345678,420,480,1,140,140,0,14,1200,45197,3068,16,387,196,1,1,0,0,0,0,0,0,0,0,0,0,0,1,1,418,418.0,418,0,1,418,418.0,418,0,0,0,266.0,404,410.25,418,14,0,0,0,1,256,256.0,256,0,5.0,5,0,0,0,0,0.0,0,0,0,0,0,0,0,0,0,0,0,0,0,0,0,0,0,0,0,0
LOSSY_RADIO_SYBIL_CONTROL_N16_SEED345678,LOSSY_RADIO,sybil,control,0,0,16,345678,480,540,1,50,50,0,5,1170,44716,2988,16,375,188,4,0,0,0,0,0,0,0,0,0,0,0,0,4,1,128,337.25,414,286,3,398,407.0,414,16,0,0,0.0,398,409.75,418,20,0,0,0,1,300,300.0,300,0,5.0,5,0,0,0,0,0.0,0,0,0,0,0,0,0,0,0,0,0,0,0,0,0,0,0,0,0,0
LOSSY_RADIO_SYBIL_CONTROL_N16_SEED456789,LOSSY_RADIO,sybil,control,0,0,16,456789,0,60,0,0,0,0,0,620,28395,1660,16,190,94,30,7,0,0,0,1,1,1,0,1,1,1,0,5,1,128,30815.3667,65535,65407,26,466,35536.5,65535,65069,0,0,37584.4286,466,511.5,583,117,0,0,0,1,338,338.0,338,0,1.0,1,0,0,0,0,0.0,0,0,0,0,0,0,0,0,0,0,0,0,0,0,0,0,0,0,0,0
LOSSY_RADIO_SYBIL_CONTROL_N16_SEED456789,LOSSY_RADIO,sybil,control,0,0,16,456789,60,120,0,0,0,0,0,1204,46205,3141,16,387,194,3,1,0,0,0,0,0,0,0,0,0,0,0,3,1,422,454.3333,482,60,3,422,454.3333,482,60,0,0,273.0,422,457.25,482,60,0,0,0,1,279,279.0,279,0,5.0,5,0,0,0,0,0.0,0,0,0,0,0,0,0,0,0,0,0,0,0,0,0,0,0,0,0,0
LOSSY_RADIO_SYBIL_CONTROL_N16_SEED456789,LOSSY_RADIO,sybil,control,0,0,16,456789,120,180,0,140,140,0,14,1167,44176,2968,16,376,197,4,1,0,0,0,0,0,0,0,0,0,0,0,4,1,128,342.5,431,303,3,395,414.0,431,36,0,0,260.0,395,416.0,431,36,0,0,0,1,306,306.0,306,0,5.0,5,0,0,0,0,0.0,0,0,0,0,0,0,0,0,0,0,0,0,0,0,0,0,0,0,0,0
LOSSY_RADIO_SYBIL_CONTROL_N16_SEED456789,LOSSY_RADIO,sybil,control,0,0,16,456789,180,240,0,30,30,0,3,1161,43487,2997,16,374,187,1,0,0,0,0,0,0,0,0,0,0,0,0,1,1,388,388.0,388,0,1,388,388.0,388,0,0,0,0.0,388,405.25,422,34,0,0,0,1,288,288.0,288,0,5.0,5,0,0,0,0,0.0,0,0,0,0,0,0,0,0,0,0,0,0,0,0,0,0,0,0,0,0
LOSSY_RADIO_SYBIL_CONTROL_N16_SEED456789,LOSSY_RADIO,sybil,control,0,0,16,456789,240,300,1,110,110,0,11,1161,44385,3087,16,363,180,4,1,0,0,0,0,0,0,0,0,0,0,0,4,1,128,335.25,411,283,3,396,404.3333,411,15,0,0,277.0,388,400.25,411,23,0,0,0,1,261,261.0,261,0,5.0,5,0,0,0,0,0.0,0,0,0,0,0,0,0,0,0,0,0,0,0,0,0,0,0,0,0,0
LOSSY_RADIO_SYBIL_CONTROL_N16_SEED456789,LOSSY_RADIO,sybil,control,0,0,16,456789,300,360,1,100,100,0,10,1164,43777,3013,16,372,198,0,0,0,0,0,0,0,0,0,0,0,0,0,0,0,0.0,0.0,0.0,0.0,0,0.0,0.0,0.0,0.0,0,0,0.0,388,400.25,411,23,0,0,0,1,304,304.0,304,0,5.0,5,0,0,0,0,0.0,0,0,0,0,0,0,0,0,0,0,0,0,0,0,0,0,0,0,0,0
LOSSY_RADIO_SYBIL_CONTROL_N16_SEED456789,LOSSY_RADIO,sybil,control,0,0,16,456789,360,420,1,40,39,0,4,1199,45202,3132,16,384,200,0,0,0,0,0,0,0,0,0,0,0,0,0,0,0,0.0,0.0,0.0,0.0,0,0.0,0.0,0.0,0.0,0,0,0.0,388,400.25,411,23,0,0,0,1,256,256.0,256,0,5.0,5,0,0,0,0,0.0,0,0,0,0,0,0,0,0,0,0,0,0,0,0,0,0,0,0,0,0
LOSSY_RADIO_SYBIL_CONTROL_N16_SEED456789,LOSSY_RADIO,sybil,control,0,0,16,456789,420,480,1,140,140,0,14,1134,42845,2925,16,359,184,2,1,0,0,0,0,0,0,0,0,0,0,0,2,1,128,268.0,408,280,1,408,408.0,408,0,0,0,257.0,388,403.25,411,23,0,0,0,1,256,256.0,256,0,5.0,5,0,0,0,0,0.0,0,0,0,0,0,0,0,0,0,0,0,0,0,0,0,0,0,0,0,0
LOSSY_RADIO_SYBIL_CONTROL_N16_SEED456789,LOSSY_RADIO,sybil,control,0,0,16,456789,480,540,1,20,20,0,2,1142,43138,2953,16,367,185,3,0,0,0,0,0,0,0,0,0,0,0,0,3,1,394,403.3333,421,27,3,394,403.3333,421,27,0,0,0.0,394,404.5,421,27,0,0,0,1,261,261.0,261,0,5.0,5,0,0,0,0,0.0,0,0,0,0,0,0,0,0,0,0,0,0,0,0,0,0,0,0,0,0
LOSSY_RADIO_SYBIL_CONTROL_N16_SEED567890,LOSSY_RADIO,sybil,control,0,0,16,567890,0,60,0,0,0,0,0,637,29687,1589,16,199,94,32,8,1,0,0,1,1,1,0,1,1,1,0,5,1,128,28932.5312,65535,65407,28,509,33047.4643,65535,65026,0,0,32936.25,530,556.0,580,50,0,0,0,1,351,351.0,351,0,1.0,1,0,0,0,0,0.0,0,0,0,0,0,0,0,0,0,0,0,0,0,0,0,0,0,0,0,0
LOSSY_RADIO_SYBIL_CONTROL_N16_SEED567890,LOSSY_RADIO,sybil,control,0,0,16,567890,60,120,0,0,0,0,0,1194,46166,2927,16,384,187,7,1,0,0,0,0,0,0,0,0,0,0,0,5,1,128,441.1429,557,429,6,435,493.3333,557,122,0,0,278.0,435,465.25,485,50,0,0,0,1,294,294.0,294,0,5.0,5,0,0,0,0,0.0,0,0,0,0,0,0,0,0,0,0,0,0,0,0,0,0,0,0,0,0
LOSSY_RADIO_SYBIL_CONTROL_N16_SEED567890,LOSSY_RADIO,sybil,control,0,0,16,567890,120,180,0,140,140,0,14,1179,44560,2868,16,383,200,4,1,0,0,0,0,0,0,0,0,0,0,0,4,1,420,428.75,433,13,4,420,428.75,433,13,0,0,256.0,420,428.75,433,13,0,0,0,1,272,272.0,272,0,5.0,5,0,0,0,0,0.0,0,0,0,0,0,0,0,0,0,0,0,0,0,0,0,0,0,0,0,0
LOSSY_RADIO_SYBIL_CONTROL_N16_SEED567890,LOSSY_RADIO,sybil,control,0,0,16,567890,180,240,0,40,40,0,4,1184,44632,2795,16,396,202,0,1,0,0,0,0,0,0,0,0,0,0,0,0,0,0.0,0.0,0.0,0.0,0,0.0,0.0,0.0,0.0,0,0,274.0,420,428.75,433,13,0,0,0,1,265,265.0,265,0,5.0,5,0,0,0,0,0.0,0,0,0,0,0,0,0,0,0,0,0,0,0,0,0,0,0,0,0,0
LOSSY_RADIO_SYBIL_CONTROL_N16_SEED567890,LOSSY_RADIO,sybil,control,0,0,16,567890,240,300,1,100,100,0,10,1145,43535,2756,16,369,192,4,0,0,0,0,0,0,0,0,0,0,0,0,4,1,404,420.25,432,28,4,404,420.25,432,28,0,0,0.0,404,420.25,432,28,0,0,0,1,279,279.0,279,0,5.0,5,0,0,0,0,0.0,0,0,0,0,0,0,0,0,0,0,0,0,0,0,0,0,0,0,0,0
LOSSY_RADIO_SYBIL_CONTROL_N16_SEED567890,LOSSY_RADIO,sybil,control,0,0,16,567890,300,360,1,120,120,0,12,1209,45463,2983,16,395,197,0,0,0,0,0,0,0,0,0,0,0,0,0,0,0,0.0,0.0,0.0,0.0,0,0.0,0.0,0.0,0.0,0,0,0.0,404,420.25,432,28,0,0,0,1,284,284.0,284,0,5.0,5,0,0,0,0,0.0,0,0,0,0,0,0,0,0,0,0,0,0,0,0,0,0,0,0,0,0
LOSSY_RADIO_SYBIL_CONTROL_N16_SEED567890,LOSSY_RADIO,sybil,control,0,0,16,567890,360,420,1,20,20,0,2,1151,42987,2792,16,377,189,0,1,0,0,0,0,0,0,0,0,0,0,0,0,0,0.0,0.0,0.0,0.0,0,0.0,0.0,0.0,0.0,0,0,264.0,404,420.25,432,28,0,0,0,1,268,268.0,268,0,5.0,5,0,0,0,0,0.0,0,0,0,0,0,0,0,0,0,0,0,0,0,0,0,0,0,0,0,0
LOSSY_RADIO_SYBIL_CONTROL_N16_SEED567890,LOSSY_RADIO,sybil,control,0,0,16,567890,420,480,1,140,140,0,14,1179,44705,2850,16,380,188,2,0,0,0,0,0,0,0,0,0,0,0,0,2,1,128,262.5,397,269,1,397,397.0,397,0,0,0,0.0,397,414.0,432,35,0,0,0,1,261,261.0,261,0,5.0,5,0,0,0,0,0.0,0,0,0,0,0,0,0,0,0,0,0,0,0,0,0,0,0,0,0,0
LOSSY_RADIO_SYBIL_CONTROL_N16_SEED567890,LOSSY_RADIO,sybil,control,0,0,16,567890,480,540,1,40,40,0,4,1184,44399,2818,16,377,197,3,0,0,0,0,0,0,0,0,0,0,0,0,3,1,392,399.6667,406,14,3,392,399.6667,406,14,0,0,0.0,392,399.0,406,14,0,0,0,1,263,263.0,263,0,5.0,5,0,0,0,0,0.0,0,0,0,0,0,0,0,0,0,0,0,0,0,0,0,0,0,0,0,0
