source_feature_file,run_id,family,mode,binary_run_label,window_label,nodes,seed,window_start_s,window_end_s,post_activation,app_tx_delta,app_rx_delta,app_missed_delta,app_reporting_nodes,radio_tx_count,radio_bytes,radio_interfered_count,unique_radio_senders,attacker_node16_radio_tx,root_node1_radio_tx,dio_rx_count,dio_tx_count,dis_rx_count,dis_tx_count,dao_rx_count,dao_tx_count,parent_switch_count,parent_switch_to_root_count,parent_switch_to_nonroot_count,unique_parent_targets,parent_found_events,no_parent_events,significant_rank_update_count,unique_dio_senders,unique_dio_receivers,dio_rx_rank_min,dio_rx_rank_mean,dio_rx_rank_max,dio_rx_rank_range,dio_rx_nonroot_count,dio_rx_nonroot_rank_min,dio_rx_nonroot_rank_mean,dio_rx_nonroot_rank_max,dio_rx_nonroot_rank_range,dio_rx_low_rank_nonroot_count,unique_low_rank_nonroot_senders,dio_tx_rank_mean,state_nonroot_rank_min,state_nonroot_rank_mean,state_nonroot_rank_max,state_nonroot_rank_range,state_low_rank_nonroot_pairs,state_low_rank_nonroot_senders,state_receivers_exposed_low_rank_nonroot,own_state_sample_count,own_rank_min,own_rank_mean,own_rank_max,own_rank_range,own_neighbor_count_mean,own_neighbor_count_max,topology_edge_count,topology_unique_parents,topology_max_parent_fanout,topology_root_direct_children,topology_mean_depth,topology_max_depth,sinkhole_attack_enabled_events,sinkhole_advertised_rank_events,blackhole_attack_enabled_events,blackhole_drop_events,grayhole_attack_enabled_events,grayhole_drop_events,increase_rank_attack_enabled_events,increase_rank_advertised_rank_events,dis_flood_attack_enabled_events,dis_flood_sent_events,dio_suppression_attack_enabled_events,dio_suppression_events,worst_parent_attack_enabled_events,worst_parent_selection_events,wormhole_attack_enabled_events,wormhole_endpoint_radio_events
experiments/cross_attack_drift_v1/features/bh_sh_routing_window_features.csv,BH_ATTACK_N16_SEED123456,blackhole,attack,1,0,16,123456,0,60,0,0,0,0,0,623,27507,1290,16,188,90,333,96,51,14,15,30,15,1,14,5,15,15,0,16,16,128,12093.4715,65535,65407,329,258,12238.9483,65535,65277,0,0,40482.2396,258,1151.112,65535,65277,0,0,0,15,338,688.0667,899,561,2.4667,5,0,0,0,0,0.0,0,0,0,0,0,0,0,0,0,0,0,0,0,0,0,0,0
experiments/cross_attack_drift_v1/features/bh_sh_routing_window_features.csv,BH_ATTACK_N16_SEED123456,blackhole,attack,1,0,16,123456,60,120,0,0,0,0,0,1069,40249,2128,16,337,171,294,45,0,0,0,0,0,0,0,0,0,0,0,16,16,128,590.6122,811,683,293,256,592.1911,811,555,0,0,577.2667,256,539.7364,697,441,0,0,0,16,128,577.1875,820,692,7.9375,13,15,5,4,1,2.8667,4,0,0,0,0,0,0,0,0,0,0,0,0,0,0,0,0
experiments/cross_attack_drift_v1/features/bh_sh_routing_window_features.csv,BH_ATTACK_N16_SEED123456,blackhole,attack,1,0,16,123456,120,180,0,140,140,0,14,1046,38768,2088,16,337,172,135,23,0,0,0,0,0,0,0,0,0,0,0,15,16,256,512.8222,668,412,135,256,512.8222,668,412,0,0,503.1304,256,517.4341,693,437,0,0,0,16,128,499.9375,692,564,8.125,13,15,5,4,1,2.8667,4,0,0,0,0,0,0,0,0,0,0,0,0,0,0,0,0
experiments/cross_attack_drift_v1/features/bh_sh_routing_window_features.csv,BH_ATTACK_N16_SEED123456,blackhole,attack,1,0,16,123456,180,240,0,40,40,0,4,1029,37392,2001,16,333,168,19,15,0,0,0,0,0,0,0,0,0,0,0,15,10,128,438.6842,657,529,18,256,455.9444,657,401,0,0,487.4,256,516.2636,693,437,0,0,0,16,128,485.0,662,534,8.125,13,15,5,4,1,2.8667,4,0,0,0,0,0,0,0,0,0,0,0,0,0,0,0,0
experiments/cross_attack_drift_v1/features/bh_sh_routing_window_features.csv,BH_ATTACK_N16_SEED123456,blackhole,attack,1,1,16,123456,240,300,1,100,92,0,10,375,13768,901,16,86,2,128,24,0,0,0,0,0,0,0,0,0,0,0,14,15,384,503.8672,646,262,128,384,503.8672,646,262,0,0,510.0,256,501.845,693,437,0,0,0,16,128,477.3125,649,521,8.125,13,15,5,4,1,2.8667,4,0,0,1,82,0,0,0,0,0,0,0,0,0,0,0,0
experiments/cross_attack_drift_v1/features/bh_sh_routing_window_features.csv,BH_ATTACK_N16_SEED123456,blackhole,attack,1,1,16,123456,300,360,1,130,4,0,13,366,12743,899,15,85,0,19,13,0,0,0,0,0,0,0,0,0,0,0,11,10,384,566.4737,642,258,19,384,566.4737,642,258,0,0,532.0769,256,500.4341,645,389,0,0,0,16,128,473.25,643,515,8.125,13,15,5,4,1,2.8667,4,0,0,0,85,0,0,0,0,0,0,0,0,0,0,0,0
experiments/cross_attack_drift_v1/features/bh_sh_routing_window_features.csv,BH_ATTACK_N16_SEED123456,blackhole,attack,1,1,16,123456,360,420,1,10,0,0,1,352,12028,850,15,85,0,8,8,0,0,0,0,0,0,0,0,0,0,0,7,5,384,464.0,640,256,8,384,464.0,640,256,0,0,464.0,256,500.2946,645,389,0,0,0,16,128,472.625,650,522,8.125,13,15,5,4,1,2.8667,4,0,0,0,84,0,0,0,0,0,0,0,0,0,0,0,0
experiments/cross_attack_drift_v1/features/bh_sh_routing_window_features.csv,BH_ATTACK_N16_SEED123456,blackhole,attack,1,1,16,123456,420,480,1,140,0,0,14,368,13313,890,16,84,1,76,22,0,0,0,0,0,0,0,0,0,0,0,15,16,128,486.7632,642,514,75,256,491.5467,642,386,0,0,483.0,256,498.9535,645,389,0,0,0,16,128,472.25,644,516,8.125,13,15,5,4,1,2.8667,4,0,0,0,83,0,0,0,0,0,0,0,0,0,0,0,0
experiments/cross_attack_drift_v1/features/bh_sh_routing_window_features.csv,BH_ATTACK_N16_SEED123456,blackhole,attack,1,1,16,123456,480,540,1,40,0,0,4,360,12636,864,15,85,0,58,13,0,0,0,0,0,0,0,0,0,0,0,9,15,384,551.7241,640,256,58,384,551.7241,640,256,0,0,561.2308,256,498.1628,640,384,0,0,0,16,128,472.0,640,512,8.125,13,15,5,4,1,2.8667,4,0,0,0,85,0,0,0,0,0,0,0,0,0,0,0,0
experiments/cross_attack_drift_v1/features/bh_sh_routing_window_features.csv,BH_ATTACK_N16_SEED234567,blackhole,attack,1,0,16,234567,0,60,0,0,0,0,0,611,27199,1316,16,184,88,354,100,31,11,15,30,15,1,14,8,15,15,0,16,16,128,11777.1073,65535,65407,350,256,11910.24,65535,65279,0,0,40185.35,256,1150.7705,65535,65279,0,0,0,15,338,687.4,903,565,2.4667,7,0,0,0,0,0.0,0,0,0,0,0,0,0,0,0,0,0,0,0,0,0,0,0
experiments/cross_attack_drift_v1/features/bh_sh_routing_window_features.csv,BH_ATTACK_N16_SEED234567,blackhole,attack,1,0,16,234567,60,120,0,0,0,0,0,1073,40168,2230,16,342,170,278,42,0,0,0,0,0,0,0,0,0,0,0,15,16,256,571.464,748,492,278,256,571.464,748,492,0,0,562.1905,256,536.4651,715,459,0,0,0,16,128,577.375,878,750,7.6875,12,15,8,4,1,2.8667,4,0,0,0,0,0,0,0,0,0,0,0,0,0,0,0,0
experiments/cross_attack_drift_v1/features/bh_sh_routing_window_features.csv,BH_ATTACK_N16_SEED234567,blackhole,attack,1,0,16,234567,120,180,0,140,140,0,14,1072,39625,2230,16,343,175,138,25,0,0,0,0,0,0,0,0,0,0,0,16,16,128,516.1957,687,559,137,256,519.0292,687,431,0,0,516.36,256,514.7132,683,427,0,0,0,16,128,499.3125,710,582,8.125,13,15,8,4,1,2.8667,4,0,0,0,0,0,0,0,0,0,0,0,0,0,0,0,0
experiments/cross_attack_drift_v1/features/bh_sh_routing_window_features.csv,BH_ATTACK_N16_SEED234567,blackhole,attack,1,0,16,234567,180,240,0,60,60,0,6,1031,37414,2100,16,337,171,18,11,0,0,0,0,0,0,0,0,0,0,0,11,12,128,442.8333,664,536,17,384,461.3529,664,280,0,0,476.4545,256,514.6822,683,427,0,0,0,16,128,484.125,672,544,8.125,13,15,8,4,1,2.8667,4,0,0,0,0,0,0,0,0,0,0,0,0,0,0,0,0
experiments/cross_attack_drift_v1/features/bh_sh_routing_window_features.csv,BH_ATTACK_N16_SEED234567,blackhole,attack,1,1,16,234567,240,300,1,80,75,0,8,403,14941,1045,16,93,4,127,27,0,0,0,0,0,0,0,0,0,0,0,15,16,256,503.7087,655,399,127,256,503.7087,655,399,0,0,508.4815,256,504.4031,657,401,0,0,0,16,128,479.625,657,529,8.125,13,15,8,4,1,2.8667,4,0,0,1,82,0,0,0,0,0,0,0,0,0,0,0,0
experiments/cross_attack_drift_v1/features/bh_sh_routing_window_features.csv,BH_ATTACK_N16_SEED234567,blackhole,attack,1,1,16,234567,300,360,1,130,6,0,13,353,12170,904,15,84,0,17,10,0,0,0,0,0,0,0,0,0,0,0,10,13,384,564.7647,668,284,17,384,564.7647,668,284,0,0,492.5,256,505.0853,668,412,0,0,0,16,128,477.8125,671,543,8.125,13,15,8,4,1,2.8667,4,0,0,0,83,0,0,0,0,0,0,0,0,0,0,0,0
experiments/cross_attack_drift_v1/features/bh_sh_routing_window_features.csv,BH_ATTACK_N16_SEED234567,blackhole,attack,1,1,16,234567,360,420,1,10,0,0,1,357,12299,926,15,84,0,10,10,0,0,0,0,0,0,0,0,0,0,0,10,9,384,515.8,654,270,10,384,515.8,654,270,0,0,515.8,256,504.814,668,412,0,0,0,16,128,475.8125,657,529,8.125,13,15,8,4,1,2.8667,4,0,0,0,84,0,0,0,0,0,0,0,0,0,0,0,0
experiments/cross_attack_drift_v1/features/bh_sh_routing_window_features.csv,BH_ATTACK_N16_SEED234567,blackhole,attack,1,1,16,234567,420,480,1,140,0,0,14,356,12707,914,16,84,1,70,17,0,0,0,0,0,0,0,0,0,0,0,15,16,128,491.2143,647,519,69,256,496.4783,647,391,0,0,492.8824,256,503.093,653,397,0,0,0,16,128,475.875,650,522,8.125,13,15,8,4,1,2.8667,4,0,0,0,83,0,0,0,0,0,0,0,0,0,0,0,0
experiments/cross_attack_drift_v1/features/bh_sh_routing_window_features.csv,BH_ATTACK_N16_SEED234567,blackhole,attack,1,1,16,234567,480,540,1,60,0,0,6,373,13258,945,15,86,0,71,17,0,0,0,0,0,0,0,0,0,0,0,13,15,384,527.0423,646,262,71,384,527.0423,646,262,0,0,523.0588,256,501.7829,646,390,0,0,0,16,128,475.0,646,518,8.125,13,15,8,4,1,2.8667,4,0,0,0,86,0,0,0,0,0,0,0,0,0,0,0,0
experiments/cross_attack_drift_v1/features/bh_sh_routing_window_features.csv,BH_ATTACK_N16_SEED345678,blackhole,attack,1,0,16,345678,0,60,0,0,0,0,0,596,26481,1300,16,178,87,356,100,53,14,14,28,15,1,14,7,15,15,0,16,16,128,11879.4972,65535,65407,352,281,12013.0369,65535,65254,0,0,40826.62,281,1670.5082,65535,65254,0,0,0,15,338,681.8667,868,530,2.7333,6,0,0,0,0,0.0,0,0,0,0,0,0,0,0,0,0,0,0,0,0,0,0,0
experiments/cross_attack_drift_v1/features/bh_sh_routing_window_features.csv,BH_ATTACK_N16_SEED345678,blackhole,attack,1,0,16,345678,60,120,0,0,0,0,0,1074,40361,2250,16,342,172,272,39,0,0,1,2,0,0,0,0,0,0,0,16,16,128,603.1213,824,696,271,256,604.8745,824,568,0,0,601.359,256,541.5116,706,450,0,0,0,16,128,575.6875,833,705,7.6875,12,15,7,4,1,2.8667,4,0,0,0,0,0,0,0,0,0,0,0,0,0,0,0,0
experiments/cross_attack_drift_v1/features/bh_sh_routing_window_features.csv,BH_ATTACK_N16_SEED345678,blackhole,attack,1,0,16,345678,120,180,0,140,139,0,14,1054,39044,2212,16,336,170,134,29,0,0,0,0,0,0,0,0,0,0,0,14,16,256,506.6567,691,435,134,256,506.6567,691,435,0,0,504.1034,256,519.6279,706,450,0,0,0,16,128,499.125,701,573,8.125,13,15,7,4,1,2.8667,4,0,0,0,0,0,0,0,0,0,0,0,0,0,0,0,0
experiments/cross_attack_drift_v1/features/bh_sh_routing_window_features.csv,BH_ATTACK_N16_SEED345678,blackhole,attack,1,0,16,345678,180,240,0,40,40,0,4,1050,38894,2266,16,338,174,43,15,0,0,0,0,0,0,0,0,0,0,0,12,16,128,504.5116,678,550,42,256,513.4762,678,422,0,0,482.4,256,516.1628,702,446,0,0,0,16,128,486.4375,681,553,8.125,13,15,7,4,1,2.8667,4,0,0,0,0,0,0,0,0,0,0,0,0,0,0,0,0
experiments/cross_attack_drift_v1/features/bh_sh_routing_window_features.csv,BH_ATTACK_N16_SEED345678,blackhole,attack,1,1,16,345678,240,300,1,100,90,0,10,380,13850,987,15,86,0,115,23,0,0,0,0,0,0,0,0,0,0,0,14,15,384,518.6,665,281,115,384,518.6,665,281,0,0,527.5217,256,507.7519,663,407,0,0,0,16,128,484.5625,675,547,8.125,13,15,7,4,1,2.8667,4,0,0,1,86,0,0,0,0,0,0,0,0,0,0,0,0
experiments/cross_attack_drift_v1/features/bh_sh_routing_window_features.csv,BH_ATTACK_N16_SEED345678,blackhole,attack,1,1,16,345678,300,360,1,120,5,0,12,362,12446,952,15,84,0,10,10,0,0,0,0,0,0,0,0,0,0,0,10,8,384,504.1,658,274,10,384,504.1,658,274,0,0,504.1,256,507.2248,663,407,0,0,0,16,128,475.5,655,527,8.125,13,15,7,4,1,2.8667,4,0,0,0,84,0,0,0,0,0,0,0,0,0,0,0,0
experiments/cross_attack_drift_v1/features/bh_sh_routing_window_features.csv,BH_ATTACK_N16_SEED345678,blackhole,attack,1,1,16,345678,360,420,1,20,0,0,2,355,12349,908,16,83,1,13,13,0,0,0,0,0,0,0,0,0,0,0,13,9,128,464.0,647,519,12,384,492.0,647,263,0,0,464.0,256,506.3876,663,407,0,0,0,16,128,474.0,652,524,8.125,13,15,7,4,1,2.8667,4,0,0,0,83,0,0,0,0,0,0,0,0,0,0,0,0
experiments/cross_attack_drift_v1/features/bh_sh_routing_window_features.csv,BH_ATTACK_N16_SEED345678,blackhole,attack,1,1,16,345678,420,480,1,140,0,0,14,368,13223,958,15,85,0,73,20,0,0,0,0,0,0,0,0,0,0,0,13,15,384,503.6712,650,266,73,384,503.6712,650,266,0,0,525.65,256,502.6512,663,407,0,0,0,16,128,473.25,650,522,8.125,13,15,7,4,1,2.8667,4,0,0,0,85,0,0,0,0,0,0,0,0,0,0,0,0
experiments/cross_attack_drift_v1/features/bh_sh_routing_window_features.csv,BH_ATTACK_N16_SEED345678,blackhole,attack,1,1,16,345678,480,540,1,50,0,0,5,356,12365,920,15,84,0,28,12,0,0,0,0,0,0,0,0,0,0,0,12,14,256,462.0714,650,394,28,256,462.0714,650,394,0,0,480.8333,256,501.5736,663,407,0,0,0,16,128,472.625,650,522,8.125,13,15,7,4,1,2.8667,4,0,0,0,83,0,0,0,0,0,0,0,0,0,0,0,0
experiments/cross_attack_drift_v1/features/bh_sh_routing_window_features.csv,BH_ATTACK_N16_SEED456789,blackhole,attack,1,0,16,456789,0,60,0,0,0,0,0,537,24301,1226,16,162,81,299,93,30,10,15,30,15,1,14,7,15,15,0,16,16,128,13828.7826,65535,65407,295,297,14014.5559,65535,65238,0,0,43162.7097,297,2388.0734,65535,65238,0,0,0,15,338,696.9333,970,632,2.7333,5,0,0,0,0,0.0,0,0,0,0,0,0,0,0,0,0,0,0,0,0,0,0,0
experiments/cross_attack_drift_v1/features/bh_sh_routing_window_features.csv,BH_ATTACK_N16_SEED456789,blackhole,attack,1,0,16,456789,60,120,0,0,0,0,0,1080,40683,2392,16,340,172,295,43,0,0,0,0,0,0,0,0,0,0,0,15,16,256,647.9492,882,626,295,256,647.9492,882,626,0,0,624.6279,256,536.4031,723,467,0,0,0,16,128,603.8125,912,784,6.875,12,15,7,4,1,2.8667,4,0,0,0,0,0,0,0,0,0,0,0,0,0,0,0,0
experiments/cross_attack_drift_v1/features/bh_sh_routing_window_features.csv,BH_ATTACK_N16_SEED456789,blackhole,attack,1,0,16,456789,120,180,0,140,140,0,14,1092,40371,2467,16,353,178,133,25,0,0,0,0,0,0,0,0,0,0,0,15,16,128,507.3383,705,577,132,256,510.2121,705,449,0,0,500.56,256,519.6667,722,466,0,0,0,16,128,501.375,723,595,8.125,13,15,7,4,1,2.8667,4,0,0,0,0,0,0,0,0,0,0,0,0,0,0,0,0
experiments/cross_attack_drift_v1/features/bh_sh_routing_window_features.csv,BH_ATTACK_N16_SEED456789,blackhole,attack,1,0,16,456789,180,240,0,40,40,0,4,1043,38137,2348,16,339,169,39,14,0,0,0,0,0,0,0,0,0,0,0,11,14,256,455.8462,674,418,39,256,455.8462,674,418,0,0,496.4286,256,515.876,690,434,0,0,0,16,128,485.75,674,546,8.125,13,15,7,4,1,2.8667,4,0,0,0,0,0,0,0,0,0,0,0,0,0,0,0,0
experiments/cross_attack_drift_v1/features/bh_sh_routing_window_features.csv,BH_ATTACK_N16_SEED456789,blackhole,attack,1,1,16,456789,240,300,1,100,91,0,10,355,12829,982,16,82,1,102,19,0,0,0,0,0,0,0,0,0,0,0,13,15,128,513.9412,660,532,101,384,517.7624,660,276,0,0,491.7895,256,508.4496,690,434,0,0,0,16,128,480.125,656,528,8.125,13,15,7,4,1,2.8667,4,0,0,1,82,0,0,0,0,0,0,0,0,0,0,0,0
experiments/cross_attack_drift_v1/features/bh_sh_routing_window_features.csv,BH_ATTACK_N16_SEED456789,blackhole,attack,1,1,16,456789,300,360,1,100,4,0,10,366,12864,1027,15,84,0,28,16,0,0,0,0,0,0,0,0,0,0,0,12,14,384,584.6429,665,281,28,384,584.6429,665,281,0,0,533.75,256,505.1628,665,409,0,0,0,16,128,475.5625,665,537,8.125,13,15,7,4,1,2.8667,4,0,0,0,84,0,0,0,0,0,0,0,0,0,0,0,0
experiments/cross_attack_drift_v1/features/bh_sh_routing_window_features.csv,BH_ATTACK_N16_SEED456789,blackhole,attack,1,1,16,456789,360,420,1,40,0,0,4,358,12394,989,15,85,0,12,12,0,0,0,0,0,0,0,0,0,0,0,11,8,384,513.5,658,274,12,384,513.5,658,274,0,0,513.5,256,504.6744,665,409,0,0,0,16,128,474.375,659,531,8.125,13,15,7,4,1,2.8667,4,0,0,0,83,0,0,0,0,0,0,0,0,0,0,0,0
experiments/cross_attack_drift_v1/features/bh_sh_routing_window_features.csv,BH_ATTACK_N16_SEED456789,blackhole,attack,1,1,16,456789,420,480,1,140,0,0,14,362,12699,1015,15,85,0,39,13,0,0,0,0,0,0,0,0,0,0,0,9,15,384,542.5385,658,274,39,384,542.5385,658,274,0,0,547.1538,256,504.4806,660,404,0,0,0,16,128,474.5,658,530,8.125,13,15,7,4,1,2.8667,4,0,0,0,84,0,0,0,0,0,0,0,0,0,0,0,0
experiments/cross_attack_drift_v1/features/bh_sh_routing_window_features.csv,BH_ATTACK_N16_SEED456789,blackhole,attack,1,1,16,456789,480,540,1,30,0,0,3,364,13063,1008,16,84,1,76,19,0,0,0,0,0,0,0,0,0,0,0,15,16,128,490.6053,659,531,75,256,495.44,659,403,0,0,480.3158,256,501.7287,660,404,0,0,0,16,128,475.75,659,531,8.125,13,15,7,4,1,2.8667,4,0,0,0,83,0,0,0,0,0,0,0,0,0,0,0,0
experiments/cross_attack_drift_v1/features/bh_sh_routing_window_features.csv,BH_ATTACK_N16_SEED567890,blackhole,attack,1,0,16,567890,0,60,0,0,0,0,0,591,26793,1311,16,176,84,337,99,45,15,15,30,15,1,14,7,15,15,0,16,16,128,12515.6499,65535,65407,333,271,12664.4505,65535,65264,0,0,41231.9899,271,619.3465,837,566,0,0,0,15,338,681.7333,901,563,2.4,4,0,0,0,0,0.0,0,0,0,0,0,0,0,0,0,0,0,0,0,0,0,0,0
experiments/cross_attack_drift_v1/features/bh_sh_routing_window_features.csv,BH_ATTACK_N16_SEED567890,blackhole,attack,1,0,16,567890,60,120,0,0,0,0,0,1056,39820,2186,16,336,169,302,41,0,0,0,0,0,0,0,0,0,0,0,16,16,128,604.2351,829,701,301,256,605.8173,829,573,0,0,582.4634,256,543.9225,711,455,0,0,0,16,128,578.75,837,709,8.0,12,15,7,4,1,2.8667,4,0,0,0,0,0,0,0,0,0,0,0,0,0,0,0,0
experiments/cross_attack_drift_v1/features/bh_sh_routing_window_features.csv,BH_ATTACK_N16_SEED567890,blackhole,attack,1,0,16,567890,120,180,0,140,140,0,14,1053,38794,2142,16,338,169,139,25,0,0,0,0,0,0,0,0,0,0,0,15,16,256,520.9209,691,435,139,256,520.9209,691,435,0,0,541.44,256,516.031,669,413,0,0,0,16,128,507.5625,705,577,8.125,13,15,7,4,1,2.8667,4,0,0,0,0,0,0,0,0,0,0,0,0,0,0,0,0
experiments/cross_attack_drift_v1/features/bh_sh_routing_window_features.csv,BH_ATTACK_N16_SEED567890,blackhole,attack,1,0,16,567890,180,240,0,40,40,0,4,1055,38466,2164,16,344,171,30,16,0,0,0,0,0,0,0,0,0,0,0,14,11,128,435.8667,656,528,29,384,446.4828,656,272,0,0,481.25,256,515.1705,669,413,0,0,0,16,128,484.875,666,538,8.125,13,15,7,4,1,2.8667,4,0,0,0,0,0,0,0,0,0,0,0,0,0,0,0,0
experiments/cross_attack_drift_v1/features/bh_sh_routing_window_features.csv,BH_ATTACK_N16_SEED567890,blackhole,attack,1,1,16,567890,240,300,1,100,89,0,10,385,14164,981,15,86,0,119,26,0,0,0,0,0,0,0,0,0,0,0,15,16,256,513.7143,649,393,119,256,513.7143,649,393,0,0,514.3077,256,505.8992,662,406,0,0,0,16,128,480.3125,652,524,8.125,13,15,7,4,1,2.8667,4,0,0,1,85,0,0,0,0,0,0,0,0,0,0,0,0
experiments/cross_attack_drift_v1/features/bh_sh_routing_window_features.csv,BH_ATTACK_N16_SEED567890,blackhole,attack,1,1,16,567890,300,360,1,130,5,0,13,357,12303,892,15,83,0,16,9,0,0,0,0,0,0,0,0,0,0,0,9,9,384,593.8125,642,258,16,384,593.8125,642,258,0,0,556.5556,256,504.7132,649,393,0,0,0,16,128,476.8125,645,517,8.125,13,15,7,4,1,2.8667,4,0,0,0,83,0,0,0,0,0,0,0,0,0,0,0,0
experiments/cross_attack_drift_v1/features/bh_sh_routing_window_features.csv,BH_ATTACK_N16_SEED567890,blackhole,attack,1,1,16,567890,360,420,1,10,0,0,1,369,12826,958,16,88,1,12,12,0,0,0,0,0,0,0,0,0,0,0,12,8,128,472.75,665,537,11,384,504.0909,665,281,0,0,472.75,256,504.3488,665,409,0,0,0,16,128,473.625,640,512,8.125,13,15,7,4,1,2.8667,4,0,0,0,85,0,0,0,0,0,0,0,0,0,0,0,0
experiments/cross_attack_drift_v1/features/bh_sh_routing_window_features.csv,BH_ATTACK_N16_SEED567890,blackhole,attack,1,1,16,567890,420,480,1,140,0,0,14,367,13012,924,15,85,0,58,17,0,0,0,0,0,0,0,0,0,0,0,12,15,384,482.2414,650,266,58,384,482.2414,650,266,0,0,500.8235,256,505.5736,665,409,0,0,0,16,128,474.5,659,531,8.125,13,15,7,4,1,2.8667,4,0,0,0,84,0,0,0,0,0,0,0,0,0,0,0,0
experiments/cross_attack_drift_v1/features/bh_sh_routing_window_features.csv,BH_ATTACK_N16_SEED567890,blackhole,attack,1,1,16,567890,480,540,1,40,0,0,4,372,13320,931,15,87,0,80,19,0,0,0,0,0,0,0,0,0,0,0,14,16,256,511.9875,657,401,80,256,511.9875,657,401,0,0,529.8421,256,503.4109,657,401,0,0,0,16,128,475.9375,658,530,8.125,13,15,7,4,1,2.8667,4,0,0,0,86,0,0,0,0,0,0,0,0,0,0,0,0
experiments/cross_attack_drift_v1/features/bh_sh_routing_window_features.csv,BH_CONTROL_N16_SEED123456,blackhole,control,0,0,16,123456,0,60,0,0,0,0,0,623,27507,1290,16,188,90,333,96,51,14,15,30,15,1,14,5,15,15,0,16,16,128,12093.4715,65535,65407,329,258,12238.9483,65535,65277,0,0,40482.2396,258,1151.112,65535,65277,0,0,0,15,338,688.0667,899,561,2.4667,5,0,0,0,0,0.0,0,0,0,0,0,0,0,0,0,0,0,0,0,0,0,0,0
experiments/cross_attack_drift_v1/features/bh_sh_routing_window_features.csv,BH_CONTROL_N16_SEED123456,blackhole,control,0,0,16,123456,60,120,0,0,0,0,0,1069,40249,2128,16,337,171,294,45,0,0,0,0,0,0,0,0,0,0,0,16,16,128,590.6122,811,683,293,256,592.1911,811,555,0,0,577.2667,256,539.7364,697,441,0,0,0,16,128,577.1875,820,692,7.9375,13,15,5,4,1,2.8667,4,0,0,0,0,0,0,0,0,0,0,0,0,0,0,0,0
experiments/cross_attack_drift_v1/features/bh_sh_routing_window_features.csv,BH_CONTROL_N16_SEED123456,blackhole,control,0,0,16,123456,120,180,0,140,140,0,14,1046,38768,2088,16,337,172,135,23,0,0,0,0,0,0,0,0,0,0,0,15,16,256,512.8222,668,412,135,256,512.8222,668,412,0,0,503.1304,256,517.4341,693,437,0,0,0,16,128,499.9375,692,564,8.125,13,15,5,4,1,2.8667,4,0,0,0,0,0,0,0,0,0,0,0,0,0,0,0,0
experiments/cross_attack_drift_v1/features/bh_sh_routing_window_features.csv,BH_CONTROL_N16_SEED123456,blackhole,control,0,0,16,123456,180,240,0,40,40,0,4,1029,37392,2001,16,333,168,19,15,0,0,0,0,0,0,0,0,0,0,0,15,10,128,438.6842,657,529,18,256,455.9444,657,401,0,0,487.4,256,516.2636,693,437,0,0,0,16,128,485.0,662,534,8.125,13,15,5,4,1,2.8667,4,0,0,0,0,0,0,0,0,0,0,0,0,0,0,0,0
experiments/cross_attack_drift_v1/features/bh_sh_routing_window_features.csv,BH_CONTROL_N16_SEED123456,blackhole,control,0,0,16,123456,240,300,1,100,98,0,10,1036,38317,2029,16,332,167,128,24,0,0,0,0,0,0,0,0,0,0,0,14,15,384,503.8672,646,262,128,384,503.8672,646,262,0,0,510.0,256,501.845,693,437,0,0,0,16,128,477.3125,649,521,8.125,13,15,5,4,1,2.8667,4,0,0,0,0,0,0,0,0,0,0,0,0,0,0,0,0
experiments/cross_attack_drift_v1/features/bh_sh_routing_window_features.csv,BH_CONTROL_N16_SEED123456,blackhole,control,0,0,16,123456,300,360,1,130,130,0,13,1036,37480,2027,16,337,169,18,12,0,0,0,0,0,0,0,0,0,0,0,10,10,384,569.5,642,258,18,384,569.5,642,258,0,0,533.75,256,500.4341,645,389,0,0,0,16,128,473.25,643,515,8.125,13,15,5,4,1,2.8667,4,0,0,0,0,0,0,0,0,0,0,0,0,0,0,0,0
experiments/cross_attack_drift_v1/features/bh_sh_routing_window_features.csv,BH_CONTROL_N16_SEED123456,blackhole,control,0,0,16,123456,360,420,1,10,10,0,1,1054,38271,2076,16,343,173,10,10,0,0,0,0,0,0,0,0,0,0,0,10,5,384,486.4,640,256,10,384,486.4,640,256,0,0,486.4,256,500.2636,645,389,0,0,0,16,128,472.0,640,512,8.125,13,15,5,4,1,2.8667,4,0,0,0,0,0,0,0,0,0,0,0,0,0,0,0,0
experiments/cross_attack_drift_v1/features/bh_sh_routing_window_features.csv,BH_CONTROL_N16_SEED123456,blackhole,control,0,0,16,123456,420,480,1,140,140,0,14,1034,38190,2041,16,338,169,85,19,0,0,0,0,0,0,0,0,0,0,0,14,16,128,495.9059,646,518,84,256,500.2857,646,390,0,0,500.2632,256,500.0465,646,390,0,0,0,16,128,473.25,648,520,8.125,13,15,5,4,1,2.8667,4,0,0,0,0,0,0,0,0,0,0,0,0,0,0,0,0
experiments/cross_attack_drift_v1/features/bh_sh_routing_window_features.csv,BH_CONTROL_N16_SEED123456,blackhole,control,0,0,16,123456,480,540,1,30,30,0,3,1030,37739,2042,16,335,167,59,17,0,0,0,0,0,0,0,0,0,0,0,12,15,384,496.1695,642,258,59,384,496.1695,642,258,0,0,514.0,256,499.7907,642,386,0,0,0,16,128,473.75,643,515,8.125,13,15,5,4,1,2.8667,4,0,0,0,0,0,0,0,0,0,0,0,0,0,0,0,0
experiments/cross_attack_drift_v1/features/bh_sh_routing_window_features.csv,BH_CONTROL_N16_SEED234567,blackhole,control,0,0,16,234567,0,60,0,0,0,0,0,611,27199,1316,16,184,88,354,100,31,11,15,30,15,1,14,8,15,15,0,16,16,128,11777.1073,65535,65407,350,256,11910.24,65535,65279,0,0,40185.35,256,1150.7705,65535,65279,0,0,0,15,338,687.4,903,565,2.4667,7,0,0,0,0,0.0,0,0,0,0,0,0,0,0,0,0,0,0,0,0,0,0,0
experiments/cross_attack_drift_v1/features/bh_sh_routing_window_features.csv,BH_CONTROL_N16_SEED234567,blackhole,control,0,0,16,234567,60,120,0,0,0,0,0,1073,40168,2230,16,342,170,278,42,0,0,0,0,0,0,0,0,0,0,0,15,16,256,571.464,748,492,278,256,571.464,748,492,0,0,562.1905,256,536.4651,715,459,0,0,0,16,128,577.375,878,750,7.6875,12,15,8,4,1,2.8667,4,0,0,0,0,0,0,0,0,0,0,0,0,0,0,0,0
experiments/cross_attack_drift_v1/features/bh_sh_routing_window_features.csv,BH_CONTROL_N16_SEED234567,blackhole,control,0,0,16,234567,120,180,0,140,140,0,14,1072,39625,2230,16,343,175,138,25,0,0,0,0,0,0,0,0,0,0,0,16,16,128,516.1957,687,559,137,256,519.0292,687,431,0,0,516.36,256,514.7132,683,427,0,0,0,16,128,499.3125,710,582,8.125,13,15,8,4,1,2.8667,4,0,0,0,0,0,0,0,0,0,0,0,0,0,0,0,0
experiments/cross_attack_drift_v1/features/bh_sh_routing_window_features.csv,BH_CONTROL_N16_SEED234567,blackhole,control,0,0,16,234567,180,240,0,60,60,0,6,1031,37414,2100,16,337,171,18,11,0,0,0,0,0,0,0,0,0,0,0,11,12,128,442.8333,664,536,17,384,461.3529,664,280,0,0,476.4545,256,514.6822,683,427,0,0,0,16,128,484.125,672,544,8.125,13,15,8,4,1,2.8667,4,0,0,0,0,0,0,0,0,0,0,0,0,0,0,0,0
experiments/cross_attack_drift_v1/features/bh_sh_routing_window_features.csv,BH_CONTROL_N16_SEED234567,blackhole,control,0,0,16,234567,240,300,1,80,80,0,8,1058,39279,2194,16,338,171,127,27,0,0,0,0,0,0,0,0,0,0,0,15,16,256,504.3937,664,408,127,256,504.3937,664,408,0,0,509.2593,256,505.0775,664,408,0,0,0,16,128,479.625,657,529,8.125,13,15,8,4,1,2.8667,4,0,0,0,0,0,0,0,0,0,0,0,0,0,0,0,0
experiments/cross_attack_drift_v1/features/bh_sh_routing_window_features.csv,BH_CONTROL_N16_SEED234567,blackhole,control,0,0,16,234567,300,360,1,120,120,0,12,989,35775,2030,16,324,165,15,8,0,0,0,0,0,0,0,0,0,0,0,8,11,384,568.6667,654,270,15,384,568.6667,654,270,0,0,501.0,256,504.3643,664,408,0,0,0,16,128,477.125,660,532,8.125,13,15,8,4,1,2.8667,4,0,0,0,0,0,0,0,0,0,0,0,0,0,0,0,0
experiments/cross_attack_drift_v1/features/bh_sh_routing_window_features.csv,BH_CONTROL_N16_SEED234567,blackhole,control,0,0,16,234567,360,420,1,20,20,0,2,1044,38066,2154,16,338,169,14,14,0,0,0,0,0,0,0,0,0,0,0,13,9,384,498.5714,646,262,14,384,498.5714,646,262,0,0,498.5714,256,504.3566,664,408,0,0,0,16,128,476.8125,653,525,8.125,13,15,8,4,1,2.8667,4,0,0,0,0,0,0,0,0,0,0,0,0,0,0,0,0
experiments/cross_attack_drift_v1/features/bh_sh_routing_window_features.csv,BH_CONTROL_N16_SEED234567,blackhole,control,0,0,16,234567,420,480,1,140,140,0,14,1055,38768,2182,16,340,174,87,18,0,0,0,0,0,0,0,0,0,0,0,13,15,128,499.1149,646,518,86,384,503.4302,646,262,0,0,496.3889,256,505.1628,664,408,0,0,0,16,128,475.875,646,518,8.125,13,15,8,4,1,2.8667,4,0,0,0,0,0,0,0,0,0,0,0,0,0,0,0,0
experiments/cross_attack_drift_v1/features/bh_sh_routing_window_features.csv,BH_CONTROL_N16_SEED234567,blackhole,control,0,0,16,234567,480,540,1,60,60,0,6,1073,39226,2195,16,347,172,54,18,0,0,0,0,0,0,0,0,0,0,0,13,15,256,511.6296,659,403,54,256,511.6296,659,403,0,0,511.7778,256,504.6589,658,402,0,0,0,16,128,477.25,649,521,8.125,13,15,8,4,1,2.8667,4,0,0,0,0,0,0,0,0,0,0,0,0,0,0,0,0
experiments/cross_attack_drift_v1/features/bh_sh_routing_window_features.csv,BH_CONTROL_N16_SEED345678,blackhole,control,0,0,16,345678,0,60,0,0,0,0,0,596,26481,1300,16,178,87,356,100,53,14,14,28,15,1,14,7,15,15,0,16,16,128,11879.4972,65535,65407,352,281,12013.0369,65535,65254,0,0,40826.62,281,1670.5082,65535,65254,0,0,0,15,338,681.8667,868,530,2.7333,6,0,0,0,0,0.0,0,0,0,0,0,0,0,0,0,0,0,0,0,0,0,0,0
experiments/cross_attack_drift_v1/features/bh_sh_routing_window_features.csv,BH_CONTROL_N16_SEED345678,blackhole,control,0,0,16,345678,60,120,0,0,0,0,0,1074,40361,2250,16,342,172,272,39,0,0,1,2,0,0,0,0,0,0,0,16,16,128,603.1213,824,696,271,256,604.8745,824,568,0,0,601.359,256,541.5116,706,450,0,0,0,16,128,575.6875,833,705,7.6875,12,15,7,4,1,2.8667,4,0,0,0,0,0,0,0,0,0,0,0,0,0,0,0,0
experiments/cross_attack_drift_v1/features/bh_sh_routing_window_features.csv,BH_CONTROL_N16_SEED345678,blackhole,control,0,0,16,345678,120,180,0,140,139,0,14,1054,39044,2212,16,336,170,134,29,0,0,0,0,0,0,0,0,0,0,0,14,16,256,506.6567,691,435,134,256,506.6567,691,435,0,0,504.1034,256,519.6279,706,450,0,0,0,16,128,499.125,701,573,8.125,13,15,7,4,1,2.8667,4,0,0,0,0,0,0,0,0,0,0,0,0,0,0,0,0
experiments/cross_attack_drift_v1/features/bh_sh_routing_window_features.csv,BH_CONTROL_N16_SEED345678,blackhole,control,0,0,16,345678,180,240,0,40,40,0,4,1050,38894,2266,16,338,174,43,15,0,0,0,0,0,0,0,0,0,0,0,12,16,128,504.5116,678,550,42,256,513.4762,678,422,0,0,482.4,256,516.1628,702,446,0,0,0,16,128,486.4375,681,553,8.125,13,15,7,4,1,2.8667,4,0,0,0,0,0,0,0,0,0,0,0,0,0,0,0,0
experiments/cross_attack_drift_v1/features/bh_sh_routing_window_features.csv,BH_CONTROL_N16_SEED345678,blackhole,control,0,0,16,345678,240,300,1,100,100,0,10,1087,40173,2267,16,351,177,114,22,0,0,0,0,0,0,0,0,0,0,0,14,15,384,519.8509,665,281,114,384,519.8509,665,281,0,0,534.4091,256,507.814,663,407,0,0,0,16,128,485.3125,675,547,8.125,13,15,7,4,1,2.8667,4,0,0,0,0,0,0,0,0,0,0,0,0,0,0,0,0
experiments/cross_attack_drift_v1/features/bh_sh_routing_window_features.csv,BH_CONTROL_N16_SEED345678,blackhole,control,0,0,16,345678,300,360,1,110,110,0,11,1040,37966,2211,16,335,169,12,12,0,0,0,0,0,0,0,0,0,0,0,12,8,384,506.5,659,275,12,384,506.5,659,275,0,0,506.5,256,507.2481,663,407,0,0,0,16,128,476.625,655,527,8.125,13,15,7,4,1,2.8667,4,0,0,0,0,0,0,0,0,0,0,0,0,0,0,0,0
experiments/cross_attack_drift_v1/features/bh_sh_routing_window_features.csv,BH_CONTROL_N16_SEED345678,blackhole,control,0,0,16,345678,360,420,1,30,30,0,3,1048,38020,2171,16,340,172,12,12,0,0,0,0,0,0,0,0,0,0,0,12,7,384,505.9167,665,281,12,384,505.9167,665,281,0,0,505.9167,256,506.7674,665,409,0,0,0,16,128,475.8125,659,531,8.125,13,15,7,4,1,2.8667,4,0,0,0,0,0,0,0,0,0,0,0,0,0,0,0,0
experiments/cross_attack_drift_v1/features/bh_sh_routing_window_features.csv,BH_CONTROL_N16_SEED345678,blackhole,control,0,0,16,345678,420,480,1,140,140,0,14,1045,38334,2170,16,340,171,76,18,0,0,0,0,0,0,0,0,0,0,0,14,16,128,489.3421,657,529,75,256,494.16,657,401,0,0,485.8889,256,504.3798,665,409,0,0,0,16,128,475.75,665,537,8.125,13,15,7,4,1,2.8667,4,0,0,0,0,0,0,0,0,0,0,0,0,0,0,0,0
experiments/cross_attack_drift_v1/features/bh_sh_routing_window_features.csv,BH_CONTROL_N16_SEED345678,blackhole,control,0,0,16,345678,480,540,1,50,50,0,5,1031,37821,2141,16,333,169,60,16,0,0,0,0,0,0,0,0,0,0,0,13,15,384,494.5167,652,268,60,384,494.5167,652,268,0,0,505.9375,256,501.8837,657,401,0,0,0,16,128,474.0625,656,528,8.125,13,15,7,4,1,2.8667,4,0,0,0,0,0,0,0,0,0,0,0,0,0,0,0,0
experiments/cross_attack_drift_v1/features/bh_sh_routing_window_features.csv,BH_CONTROL_N16_SEED456789,blackhole,control,0,0,16,456789,0,60,0,0,0,0,0,537,24301,1226,16,162,81,299,93,30,10,15,30,15,1,14,7,15,15,0,16,16,128,13828.7826,65535,65407,295,297,14014.5559,65535,65238,0,0,43162.7097,297,2388.0734,65535,65238,0,0,0,15,338,696.9333,970,632,2.7333,5,0,0,0,0,0.0,0,0,0,0,0,0,0,0,0,0,0,0,0,0,0,0,0
experiments/cross_attack_drift_v1/features/bh_sh_routing_window_features.csv,BH_CONTROL_N16_SEED456789,blackhole,control,0,0,16,456789,60,120,0,0,0,0,0,1080,40683,2392,16,340,172,295,43,0,0,0,0,0,0,0,0,0,0,0,15,16,256,647.9492,882,626,295,256,647.9492,882,626,0,0,624.6279,256,536.4031,723,467,0,0,0,16,128,603.8125,912,784,6.875,12,15,7,4,1,2.8667,4,0,0,0,0,0,0,0,0,0,0,0,0,0,0,0,0
experiments/cross_attack_drift_v1/features/bh_sh_routing_window_features.csv,BH_CONTROL_N16_SEED456789,blackhole,control,0,0,16,456789,120,180,0,140,140,0,14,1092,40371,2467,16,353,178,133,25,0,0,0,0,0,0,0,0,0,0,0,15,16,128,507.3383,705,577,132,256,510.2121,705,449,0,0,500.56,256,519.6667,722,466,0,0,0,16,128,501.375,723,595,8.125,13,15,7,4,1,2.8667,4,0,0,0,0,0,0,0,0,0,0,0,0,0,0,0,0
experiments/cross_attack_drift_v1/features/bh_sh_routing_window_features.csv,BH_CONTROL_N16_SEED456789,blackhole,control,0,0,16,456789,180,240,0,40,40,0,4,1043,38137,2348,16,339,169,39,14,0,0,0,0,0,0,0,0,0,0,0,11,14,256,455.8462,674,418,39,256,455.8462,674,418,0,0,496.4286,256,515.876,690,434,0,0,0,16,128,485.75,674,546,8.125,13,15,7,4,1,2.8667,4,0,0,0,0,0,0,0,0,0,0,0,0,0,0,0,0
experiments/cross_attack_drift_v1/features/bh_sh_routing_window_features.csv,BH_CONTROL_N16_SEED456789,blackhole,control,0,0,16,456789,240,300,1,100,100,0,10,1021,37550,2259,16,331,166,102,19,0,0,0,0,0,0,0,0,0,0,0,13,15,128,514.049,660,532,101,384,517.8713,660,276,0,0,491.9474,256,508.5194,690,434,0,0,0,16,128,480.125,656,528,8.125,13,15,7,4,1,2.8667,4,0,0,0,0,0,0,0,0,0,0,0,0,0,0,0,0
experiments/cross_attack_drift_v1/features/bh_sh_routing_window_features.csv,BH_CONTROL_N16_SEED456789,blackhole,control,0,0,16,456789,300,360,1,100,100,0,10,1047,38185,2328,16,340,169,27,15,0,0,0,0,0,0,0,0,0,0,0,12,14,384,598.7407,666,282,27,384,598.7407,666,282,0,0,555.7333,256,505.6279,666,410,0,0,0,16,128,477.0625,665,537,8.125,13,15,7,4,1,2.8667,4,0,0,0,0,0,0,0,0,0,0,0,0,0,0,0,0
experiments/cross_attack_drift_v1/features/bh_sh_routing_window_features.csv,BH_CONTROL_N16_SEED456789,blackhole,control,0,0,16,456789,360,420,1,40,40,0,4,1038,37730,2278,16,336,173,14,14,0,0,0,0,0,0,0,0,0,0,0,13,11,128,488.0714,658,530,13,384,515.7692,658,274,0,0,488.0714,256,505.2171,666,410,0,0,0,16,128,476.75,660,532,8.125,13,15,7,4,1,2.8667,4,0,0,0,0,0,0,0,0,0,0,0,0,0,0,0,0
experiments/cross_attack_drift_v1/features/bh_sh_routing_window_features.csv,BH_CONTROL_N16_SEED456789,blackhole,control,0,0,16,456789,420,480,1,140,140,0,14,1049,38526,2336,16,339,170,68,20,0,0,0,0,0,0,0,0,0,0,0,15,16,256,504.4118,658,402,68,256,504.4118,658,402,0,0,508.2,256,502.6124,666,410,0,0,0,16,128,476.125,658,530,8.125,13,15,7,4,1,2.8667,4,0,0,0,0,0,0,0,0,0,0,0,0,0,0,0,0
experiments/cross_attack_drift_v1/features/bh_sh_routing_window_features.csv,BH_CONTROL_N16_SEED456789,blackhole,control,0,0,16,456789,480,540,1,30,29,0,3,1014,36825,2255,16,330,165,47,12,0,0,0,0,0,0,0,0,0,0,0,12,15,384,515.234,646,262,47,384,515.234,646,262,0,0,524.6667,256,500.4496,660,404,0,0,0,16,128,473.625,646,518,8.125,13,15,7,4,1,2.8667,4,0,0,0,0,0,0,0,0,0,0,0,0,0,0,0,0
experiments/cross_attack_drift_v1/features/bh_sh_routing_window_features.csv,BH_CONTROL_N16_SEED567890,blackhole,control,0,0,16,567890,0,60,0,0,0,0,0,591,26793,1311,16,176,84,337,99,45,15,15,30,15,1,14,7,15,15,0,16,16,128,12515.6499,65535,65407,333,271,12664.4505,65535,65264,0,0,41231.9899,271,619.3465,837,566,0,0,0,15,338,681.7333,901,563,2.4,4,0,0,0,0,0.0,0,0,0,0,0,0,0,0,0,0,0,0,0,0,0,0,0
experiments/cross_attack_drift_v1/features/bh_sh_routing_window_features.csv,BH_CONTROL_N16_SEED567890,blackhole,control,0,0,16,567890,60,120,0,0,0,0,0,1056,39820,2186,16,336,169,302,41,0,0,0,0,0,0,0,0,0,0,0,16,16,128,604.2351,829,701,301,256,605.8173,829,573,0,0,582.4634,256,543.9225,711,455,0,0,0,16,128,578.75,837,709,8.0,12,15,7,4,1,2.8667,4,0,0,0,0,0,0,0,0,0,0,0,0,0,0,0,0
experiments/cross_attack_drift_v1/features/bh_sh_routing_window_features.csv,BH_CONTROL_N16_SEED567890,blackhole,control,0,0,16,567890,120,180,0,140,140,0,14,1053,38794,2142,16,338,169,139,25,0,0,0,0,0,0,0,0,0,0,0,15,16,256,520.9209,691,435,139,256,520.9209,691,435,0,0,541.44,256,516.031,669,413,0,0,0,16,128,507.5625,705,577,8.125,13,15,7,4,1,2.8667,4,0,0,0,0,0,0,0,0,0,0,0,0,0,0,0,0
experiments/cross_attack_drift_v1/features/bh_sh_routing_window_features.csv,BH_CONTROL_N16_SEED567890,blackhole,control,0,0,16,567890,180,240,0,40,40,0,4,1055,38466,2164,16,344,171,30,16,0,0,0,0,0,0,0,0,0,0,0,14,11,128,435.8667,656,528,29,384,446.4828,656,272,0,0,481.25,256,515.1705,669,413,0,0,0,16,128,484.875,666,538,8.125,13,15,7,4,1,2.8667,4,0,0,0,0,0,0,0,0,0,0,0,0,0,0,0,0
experiments/cross_attack_drift_v1/features/bh_sh_routing_window_features.csv,BH_CONTROL_N16_SEED567890,blackhole,control,0,0,16,567890,240,300,1,100,100,0,10,1069,39484,2180,16,339,170,119,26,0,0,0,0,0,0,0,0,0,0,0,15,16,256,514.0336,649,393,119,256,514.0336,649,393,0,0,514.0385,256,506.2248,662,406,0,0,0,16,128,480.3125,652,524,8.125,13,15,7,4,1,2.8667,4,0,0,0,0,0,0,0,0,0,0,0,0,0,0,0,0
experiments/cross_attack_drift_v1/features/bh_sh_routing_window_features.csv,BH_CONTROL_N16_SEED567890,blackhole,control,0,0,16,567890,300,360,1,130,130,0,13,1040,37680,2129,16,339,171,17,10,0,0,0,0,0,0,0,0,0,0,0,10,11,384,589.0,642,258,17,384,589.0,642,258,0,0,552.1,256,504.938,649,393,0,0,0,16,128,475.8125,645,517,8.125,13,15,7,4,1,2.8667,4,0,0,0,0,0,0,0,0,0,0,0,0,0,0,0,0
experiments/cross_attack_drift_v1/features/bh_sh_routing_window_features.csv,BH_CONTROL_N16_SEED567890,blackhole,control,0,0,16,567890,360,420,1,10,10,0,1,1022,36941,2067,16,335,170,8,8,0,0,0,0,0,0,0,0,0,0,0,8,5,384,515.75,649,265,8,384,515.75,649,265,0,0,515.75,256,504.7519,649,393,0,0,0,16,128,475.1875,650,522,8.125,13,15,7,4,1,2.8667,4,0,0,0,0,0,0,0,0,0,0,0,0,0,0,0,0
experiments/cross_attack_drift_v1/features/bh_sh_routing_window_features.csv,BH_CONTROL_N16_SEED567890,blackhole,control,0,0,16,567890,420,480,1,140,140,0,14,1065,39293,2165,16,340,171,84,23,0,0,0,0,0,0,0,0,0,0,0,16,16,128,471.4762,648,520,83,256,475.6145,648,392,0,0,481.4783,256,502.9922,649,393,0,0,0,16,128,473.875,656,528,8.125,13,15,7,4,1,2.8667,4,0,0,0,0,0,0,0,0,0,0,0,0,0,0,0,0
experiments/cross_attack_drift_v1/features/bh_sh_routing_window_features.csv,BH_CONTROL_N16_SEED567890,blackhole,control,0,0,16,567890,480,540,1,40,40,0,4,1062,38749,2149,16,346,174,56,15,0,0,0,0,0,0,0,0,0,0,0,12,15,384,525.3214,640,256,56,384,525.3214,640,256,0,0,514.2667,256,500.9922,649,393,0,0,0,16,128,474.25,647,519,8.125,13,15,7,4,1,2.8667,4,0,0,0,0,0,0,0,0,0,0,0,0,0,0,0,0
experiments/cross_attack_drift_v1/features/bh_sh_routing_window_features.csv,SH_ATTACK_N16_SEED123456,sinkhole,attack,1,0,16,123456,0,60,0,0,0,0,0,623,27507,1290,16,188,90,333,96,51,14,15,30,15,1,14,5,15,15,0,16,16,128,12093.4715,65535,65407,329,258,12238.9483,65535,65277,0,0,40482.2396,258,1151.112,65535,65277,0,0,0,15,338,688.0667,899,561,2.4667,5,0,0,0,0,0.0,0,0,0,0,0,0,0,0,0,0,0,0,0,0,0,0,0
experiments/cross_attack_drift_v1/features/bh_sh_routing_window_features.csv,SH_ATTACK_N16_SEED123456,sinkhole,attack,1,0,16,123456,60,120,0,0,0,0,0,1069,40249,2128,16,337,171,294,45,0,0,0,0,0,0,0,0,0,0,0,16,16,128,590.6122,811,683,293,256,592.1911,811,555,0,0,577.2667,256,539.7364,697,441,0,0,0,16,128,577.1875,820,692,7.9375,13,15,5,4,1,2.8667,4,0,0,0,0,0,0,0,0,0,0,0,0,0,0,0,0
experiments/cross_attack_drift_v1/features/bh_sh_routing_window_features.csv,SH_ATTACK_N16_SEED123456,sinkhole,attack,1,0,16,123456,120,180,0,140,140,0,14,1046,38768,2088,16,337,172,135,23,0,0,0,0,0,0,0,0,0,0,0,15,16,256,512.8222,668,412,135,256,512.8222,668,412,0,0,503.1304,256,517.4341,693,437,0,0,0,16,128,499.9375,692,564,8.125,13,15,5,4,1,2.8667,4,0,0,0,0,0,0,0,0,0,0,0,0,0,0,0,0
experiments/cross_attack_drift_v1/features/bh_sh_routing_window_features.csv,SH_ATTACK_N16_SEED123456,sinkhole,attack,1,0,16,123456,180,240,0,40,40,0,4,1029,37392,2001,16,333,168,19,15,0,0,0,0,0,0,0,0,0,0,0,15,10,128,438.6842,657,529,18,256,455.9444,657,401,0,0,487.4,256,516.2636,693,437,0,0,0,16,128,485.0,662,534,8.125,13,15,5,4,1,2.8667,4,0,0,0,0,0,0,0,0,0,0,0,0,0,0,0,0
experiments/cross_attack_drift_v1/features/bh_sh_routing_window_features.csv,SH_ATTACK_N16_SEED123456,sinkhole,attack,1,1,16,123456,240,300,1,100,98,0,10,1063,39915,2103,16,343,175,153,29,0,0,0,0,0,0,0,0,0,0,0,15,16,128,390.7124,656,528,153,128,390.7124,656,528,25,1,392.0,128,439.4884,693,565,5,1,5,16,128,461.3125,649,521,8.125,13,15,5,4,1,2.8667,4,1,5,0,0,0,0,0,0,0,0,0,0,0,0,0,0
experiments/cross_attack_drift_v1/features/bh_sh_routing_window_features.csv,SH_ATTACK_N16_SEED123456,sinkhole,attack,1,1,16,123456,300,360,1,130,130,0,13,1059,38908,2100,16,348,171,31,22,0,0,0,0,0,0,0,0,0,0,0,10,12,128,347.9677,649,521,31,128,347.9677,649,521,14,1,298.0455,128,437.1628,656,528,5,1,5,16,128,395.6875,654,526,8.125,13,15,5,4,1,2.8667,4,0,11,0,0,0,0,0,0,0,0,0,0,0,0,0,0
experiments/cross_attack_drift_v1/features/bh_sh_routing_window_features.csv,SH_ATTACK_N16_SEED123456,sinkhole,attack,1,1,16,123456,360,420,1,10,10,0,1,1037,37548,2040,16,337,169,11,11,0,0,0,0,0,0,0,0,0,0,0,11,6,256,385.9091,643,387,11,256,385.9091,643,387,0,0,385.9091,128,434.9457,656,528,5,1,5,16,128,394.5625,646,518,8.125,13,15,5,4,1,2.8667,4,0,0,0,0,0,0,0,0,0,0,0,0,0,0,0,0
experiments/cross_attack_drift_v1/features/bh_sh_routing_window_features.csv,SH_ATTACK_N16_SEED123456,sinkhole,attack,1,1,16,123456,420,480,1,140,139,0,14,1040,38197,2053,16,333,168,77,19,0,0,0,0,0,0,0,0,0,0,0,13,15,256,387.4935,640,384,77,256,387.4935,640,384,0,0,419.4211,128,414.3178,656,528,5,1,5,16,128,393.25,640,512,8.125,13,15,5,4,1,2.8667,4,0,0,0,0,0,0,0,0,0,0,0,0,0,0,0,0
experiments/cross_attack_drift_v1/features/bh_sh_routing_window_features.csv,SH_ATTACK_N16_SEED123456,sinkhole,attack,1,1,16,123456,480,540,1,30,29,0,3,1055,38765,2095,16,342,171,67,17,0,0,0,0,0,0,0,0,0,0,0,12,16,128,380.8955,528,400,66,128,384.7273,528,400,5,1,379.2941,128,378.3876,640,512,5,1,5,16,128,362.875,528,400,8.125,13,15,5,4,1,2.8667,4,0,1,0,0,0,0,0,0,0,0,0,0,0,0,0,0
experiments/cross_attack_drift_v1/features/bh_sh_routing_window_features.csv,SH_ATTACK_N16_SEED234567,sinkhole,attack,1,0,16,234567,0,60,0,0,0,0,0,611,27199,1316,16,184,88,354,100,31,11,15,30,15,1,14,8,15,15,0,16,16,128,11777.1073,65535,65407,350,256,11910.24,65535,65279,0,0,40185.35,256,1150.7705,65535,65279,0,0,0,15,338,687.4,903,565,2.4667,7,0,0,0,0,0.0,0,0,0,0,0,0,0,0,0,0,0,0,0,0,0,0,0
experiments/cross_attack_drift_v1/features/bh_sh_routing_window_features.csv,SH_ATTACK_N16_SEED234567,sinkhole,attack,1,0,16,234567,60,120,0,0,0,0,0,1073,40168,2230,16,342,170,278,42,0,0,0,0,0,0,0,0,0,0,0,15,16,256,571.464,748,492,278,256,571.464,748,492,0,0,562.1905,256,536.4651,715,459,0,0,0,16,128,577.375,878,750,7.6875,12,15,8,4,1,2.8667,4,0,0,0,0,0,0,0,0,0,0,0,0,0,0,0,0
experiments/cross_attack_drift_v1/features/bh_sh_routing_window_features.csv,SH_ATTACK_N16_SEED234567,sinkhole,attack,1,0,16,234567,120,180,0,140,140,0,14,1072,39625,2230,16,343,175,138,25,0,0,0,0,0,0,0,0,0,0,0,16,16,128,516.1957,687,559,137,256,519.0292,687,431,0,0,516.36,256,514.7132,683,427,0,0,0,16,128,499.3125,710,582,8.125,13,15,8,4,1,2.8667,4,0,0,0,0,0,0,0,0,0,0,0,0,0,0,0,0
experiments/cross_attack_drift_v1/features/bh_sh_routing_window_features.csv,SH_ATTACK_N16_SEED234567,sinkhole,attack,1,0,16,234567,180,240,0,60,60,0,6,1031,37414,2100,16,337,171,18,11,0,0,0,0,0,0,0,0,0,0,0,11,12,128,442.8333,664,536,17,384,461.3529,664,280,0,0,476.4545,256,514.6822,683,427,0,0,0,16,128,484.125,672,544,8.125,13,15,8,4,1,2.8667,4,0,0,0,0,0,0,0,0,0,0,0,0,0,0,0,0
experiments/cross_attack_drift_v1/features/bh_sh_routing_window_features.csv,SH_ATTACK_N16_SEED234567,sinkhole,attack,1,1,16,234567,240,300,1,80,80,0,8,1065,39715,2186,16,343,171,147,31,0,0,0,0,0,0,0,0,0,0,0,15,16,128,423.8571,655,527,147,128,423.8571,655,527,25,1,426.3548,128,473.6434,657,529,5,1,5,16,128,471.625,657,529,8.125,13,15,8,4,1,2.8667,4,1,5,0,0,0,0,0,0,0,0,0,0,0,0,0,0
experiments/cross_attack_drift_v1/features/bh_sh_routing_window_features.csv,SH_ATTACK_N16_SEED234567,sinkhole,attack,1,1,16,234567,300,360,1,130,130,0,13,1026,37249,2134,16,337,167,21,10,0,0,0,0,0,0,0,0,0,0,0,10,14,128,437.4762,647,519,21,128,437.4762,647,519,5,1,415.3,128,473.1008,653,525,5,1,5,16,128,436.8125,651,523,8.125,13,15,8,4,1,2.8667,4,0,1,0,0,0,0,0,0,0,0,0,0,0,0,0,0
experiments/cross_attack_drift_v1/features/bh_sh_routing_window_features.csv,SH_ATTACK_N16_SEED234567,sinkhole,attack,1,1,16,234567,360,420,1,10,10,0,1,1025,37148,2103,16,333,166,14,14,0,0,0,0,0,0,0,0,0,0,0,13,6,256,442.9286,646,390,14,256,442.9286,646,390,0,0,442.9286,128,470.907,653,525,5,1,5,16,128,437.25,646,518,8.125,13,15,8,4,1,2.8667,4,0,0,0,0,0,0,0,0,0,0,0,0,0,0,0,0
experiments/cross_attack_drift_v1/features/bh_sh_routing_window_features.csv,SH_ATTACK_N16_SEED234567,sinkhole,attack,1,1,16,234567,420,480,1,140,140,0,14,1032,37747,2126,16,338,171,79,16,0,0,0,0,0,0,0,0,0,0,0,13,16,128,434.2025,646,518,78,128,438.1282,646,518,5,1,435.125,128,453.3721,653,525,5,1,5,16,128,435.5625,646,518,8.125,13,15,8,4,1,2.8667,4,0,1,0,0,0,0,0,0,0,0,0,0,0,0,0,0
experiments/cross_attack_drift_v1/features/bh_sh_routing_window_features.csv,SH_ATTACK_N16_SEED234567,sinkhole,attack,1,1,16,234567,480,540,1,60,60,0,6,1070,39126,2193,16,344,173,63,19,0,0,0,0,0,0,0,0,0,0,0,14,15,256,489.6825,646,390,63,256,489.6825,646,390,0,0,475.3684,128,452.1705,646,518,5,1,5,16,128,427.0625,646,518,8.125,13,15,8,4,1,2.8667,4,0,0,0,0,0,0,0,0,0,0,0,0,0,0,0,0
experiments/cross_attack_drift_v1/features/bh_sh_routing_window_features.csv,SH_ATTACK_N16_SEED345678,sinkhole,attack,1,0,16,345678,0,60,0,0,0,0,0,596,26481,1300,16,178,87,356,100,53,14,14,28,15,1,14,7,15,15,0,16,16,128,11879.4972,65535,65407,352,281,12013.0369,65535,65254,0,0,40826.62,281,1670.5082,65535,65254,0,0,0,15,338,681.8667,868,530,2.7333,6,0,0,0,0,0.0,0,0,0,0,0,0,0,0,0,0,0,0,0,0,0,0,0
experiments/cross_attack_drift_v1/features/bh_sh_routing_window_features.csv,SH_ATTACK_N16_SEED345678,sinkhole,attack,1,0,16,345678,60,120,0,0,0,0,0,1074,40361,2250,16,342,172,272,39,0,0,1,2,0,0,0,0,0,0,0,16,16,128,603.1213,824,696,271,256,604.8745,824,568,0,0,601.359,256,541.5116,706,450,0,0,0,16,128,575.6875,833,705,7.6875,12,15,7,4,1,2.8667,4,0,0,0,0,0,0,0,0,0,0,0,0,0,0,0,0
experiments/cross_attack_drift_v1/features/bh_sh_routing_window_features.csv,SH_ATTACK_N16_SEED345678,sinkhole,attack,1,0,16,345678,120,180,0,140,139,0,14,1054,39044,2212,16,336,170,134,29,0,0,0,0,0,0,0,0,0,0,0,14,16,256,506.6567,691,435,134,256,506.6567,691,435,0,0,504.1034,256,519.6279,706,450,0,0,0,16,128,499.125,701,573,8.125,13,15,7,4,1,2.8667,4,0,0,0,0,0,0,0,0,0,0,0,0,0,0,0,0
experiments/cross_attack_drift_v1/features/bh_sh_routing_window_features.csv,SH_ATTACK_N16_SEED345678,sinkhole,attack,1,0,16,345678,180,240,0,40,40,0,4,1050,38894,2266,16,338,174,43,15,0,0,0,0,0,0,0,0,0,0,0,12,16,128,504.5116,678,550,42,256,513.4762,678,422,0,0,482.4,256,516.1628,702,446,0,0,0,16,128,486.4375,681,553,8.125,13,15,7,4,1,2.8667,4,0,0,0,0,0,0,0,0,0,0,0,0,0,0,0,0
experiments/cross_attack_drift_v1/features/bh_sh_routing_window_features.csv,SH_ATTACK_N16_SEED345678,sinkhole,attack,1,1,16,345678,240,300,1,100,100,0,10,1086,40190,2265,16,352,175,127,26,0,0,0,0,0,0,0,0,0,0,0,15,16,128,402.811,665,537,127,128,402.811,665,537,20,1,422.3462,128,452.6124,672,544,5,1,5,16,128,460.5625,675,547,8.125,13,15,7,4,1,2.8667,4,1,4,0,0,0,0,0,0,0,0,0,0,0,0,0,0
experiments/cross_attack_drift_v1/features/bh_sh_routing_window_features.csv,SH_ATTACK_N16_SEED345678,sinkhole,attack,1,1,16,345678,300,360,1,110,109,0,11,1023,37242,2119,16,335,171,20,12,0,0,0,0,0,0,0,0,0,0,0,11,9,128,258.25,650,522,20,128,258.25,650,522,10,1,345.0833,128,448.0853,672,544,5,1,5,16,128,372.25,655,527,8.125,13,15,7,4,1,2.8667,4,0,2,0,0,0,0,0,0,0,0,0,0,0,0,0,0
experiments/cross_attack_drift_v1/features/bh_sh_routing_window_features.csv,SH_ATTACK_N16_SEED345678,sinkhole,attack,1,1,16,345678,360,420,1,30,29,0,3,1059,38735,2203,16,343,173,17,17,0,0,0,0,0,0,0,0,0,0,0,13,8,128,295.7647,512,384,17,128,295.7647,512,384,5,1,295.7647,128,440.2636,663,535,5,1,5,16,128,370.5625,650,522,8.125,13,15,7,4,1,2.8667,4,0,5,0,0,0,0,0,0,0,0,0,0,0,0,0,0
experiments/cross_attack_drift_v1/features/bh_sh_routing_window_features.csv,SH_ATTACK_N16_SEED345678,sinkhole,attack,1,1,16,345678,420,480,1,140,140,0,14,1048,38608,2172,16,337,171,109,23,0,0,0,0,0,0,0,0,0,0,0,15,16,128,364.055,650,522,109,128,364.055,650,522,5,1,380.1739,128,387.7054,659,531,5,1,5,16,128,369.875,650,522,8.125,13,15,7,4,1,2.8667,4,0,1,0,0,0,0,0,0,0,0,0,0,0,0,0,0
experiments/cross_attack_drift_v1/features/bh_sh_routing_window_features.csv,SH_ATTACK_N16_SEED345678,sinkhole,attack,1,1,16,345678,480,540,1,50,49,0,5,1032,37419,2124,16,336,169,24,15,0,0,0,0,0,0,0,0,0,0,0,14,13,128,373.3333,512,384,23,256,384.0,512,256,0,0,366.9333,128,382.1163,659,531,5,1,5,16,128,360.5,512,384,8.125,13,15,7,4,1,2.8667,4,0,0,0,0,0,0,0,0,0,0,0,0,0,0,0,0
experiments/cross_attack_drift_v1/features/bh_sh_routing_window_features.csv,SH_ATTACK_N16_SEED456789,sinkhole,attack,1,0,16,456789,0,60,0,0,0,0,0,537,24301,1226,16,162,81,299,93,30,10,15,30,15,1,14,7,15,15,0,16,16,128,13828.7826,65535,65407,295,297,14014.5559,65535,65238,0,0,43162.7097,297,2388.0734,65535,65238,0,0,0,15,338,696.9333,970,632,2.7333,5,0,0,0,0,0.0,0,0,0,0,0,0,0,0,0,0,0,0,0,0,0,0,0
experiments/cross_attack_drift_v1/features/bh_sh_routing_window_features.csv,SH_ATTACK_N16_SEED456789,sinkhole,attack,1,0,16,456789,60,120,0,0,0,0,0,1080,40683,2392,16,340,172,295,43,0,0,0,0,0,0,0,0,0,0,0,15,16,256,647.9492,882,626,295,256,647.9492,882,626,0,0,624.6279,256,536.4031,723,467,0,0,0,16,128,603.8125,912,784,6.875,12,15,7,4,1,2.8667,4,0,0,0,0,0,0,0,0,0,0,0,0,0,0,0,0
experiments/cross_attack_drift_v1/features/bh_sh_routing_window_features.csv,SH_ATTACK_N16_SEED456789,sinkhole,attack,1,0,16,456789,120,180,0,140,140,0,14,1092,40371,2467,16,353,178,133,25,0,0,0,0,0,0,0,0,0,0,0,15,16,128,507.3383,705,577,132,256,510.2121,705,449,0,0,500.56,256,519.6667,722,466,0,0,0,16,128,501.375,723,595,8.125,13,15,7,4,1,2.8667,4,0,0,0,0,0,0,0,0,0,0,0,0,0,0,0,0
experiments/cross_attack_drift_v1/features/bh_sh_routing_window_features.csv,SH_ATTACK_N16_SEED456789,sinkhole,attack,1,0,16,456789,180,240,0,40,40,0,4,1043,38137,2348,16,339,169,39,14,0,0,0,0,0,0,0,0,0,0,0,11,14,256,455.8462,674,418,39,256,455.8462,674,418,0,0,496.4286,256,515.876,690,434,0,0,0,16,128,485.75,674,546,8.125,13,15,7,4,1,2.8667,4,0,0,0,0,0,0,0,0,0,0,0,0,0,0,0,0
experiments/cross_attack_drift_v1/features/bh_sh_routing_window_features.csv,SH_ATTACK_N16_SEED456789,sinkhole,attack,1,1,16,456789,240,300,1,100,100,0,10,1022,37823,2265,16,334,168,117,24,0,0,0,0,0,0,0,0,0,0,0,14,16,128,403.9487,660,532,116,128,406.3276,660,532,25,1,389.3333,128,486.2868,690,562,5,1,5,16,128,456.125,656,528,8.125,13,15,7,4,1,2.8667,4,1,5,0,0,0,0,0,0,0,0,0,0,0,0,0,0
experiments/cross_attack_drift_v1/features/bh_sh_routing_window_features.csv,SH_ATTACK_N16_SEED456789,sinkhole,attack,1,1,16,456789,300,360,1,100,100,0,10,1046,38231,2347,16,338,169,33,17,0,0,0,0,0,0,0,0,0,0,0,14,15,128,496.0606,665,537,33,128,496.0606,665,537,5,1,472.2353,128,479.8915,665,537,5,1,5,16,128,427.5625,665,537,8.125,13,15,7,4,1,2.8667,4,0,1,0,0,0,0,0,0,0,0,0,0,0,0,0,0
experiments/cross_attack_drift_v1/features/bh_sh_routing_window_features.csv,SH_ATTACK_N16_SEED456789,sinkhole,attack,1,1,16,456789,360,420,1,40,40,0,4,1051,38242,2314,16,348,171,21,21,0,0,0,0,0,0,0,0,0,0,0,11,10,128,299.9524,658,530,20,128,308.55,658,530,10,1,299.9524,128,477.3566,665,537,5,1,5,16,128,429.8125,659,531,8.125,13,15,7,4,1,2.8667,4,0,10,0,0,0,0,0,0,0,0,0,0,0,0,0,0
experiments/cross_attack_drift_v1/features/bh_sh_routing_window_features.csv,SH_ATTACK_N16_SEED456789,sinkhole,attack,1,1,16,456789,420,480,1,140,140,0,14,1049,38488,2328,16,340,171,51,17,0,0,0,0,0,0,0,0,0,0,0,12,15,128,485.2745,658,530,51,128,485.2745,658,530,6,1,431.8235,128,473.3488,665,537,5,1,5,16,128,427.125,658,530,8.125,13,15,7,4,1,2.8667,4,0,2,0,0,0,0,0,0,0,0,0,0,0,0,0,0
experiments/cross_attack_drift_v1/features/bh_sh_routing_window_features.csv,SH_ATTACK_N16_SEED456789,sinkhole,attack,1,1,16,456789,480,540,1,40,40,0,4,1058,38880,2346,16,340,171,76,19,0,0,0,0,0,0,0,0,0,0,0,14,15,256,378.1316,658,402,76,256,378.1316,658,402,0,0,419.4737,128,429.5736,660,532,5,1,5,16,128,427.25,650,522,8.125,13,15,7,4,1,2.8667,4,0,0,0,0,0,0,0,0,0,0,0,0,0,0,0,0
experiments/cross_attack_drift_v1/features/bh_sh_routing_window_features.csv,SH_ATTACK_N16_SEED567890,sinkhole,attack,1,0,16,567890,0,60,0,0,0,0,0,591,26793,1311,16,176,84,337,99,45,15,15,30,15,1,14,7,15,15,0,16,16,128,12515.6499,65535,65407,333,271,12664.4505,65535,65264,0,0,41231.9899,271,619.3465,837,566,0,0,0,15,338,681.7333,901,563,2.4,4,0,0,0,0,0.0,0,0,0,0,0,0,0,0,0,0,0,0,0,0,0,0,0
experiments/cross_attack_drift_v1/features/bh_sh_routing_window_features.csv,SH_ATTACK_N16_SEED567890,sinkhole,attack,1,0,16,567890,60,120,0,0,0,0,0,1056,39820,2186,16,336,169,302,41,0,0,0,0,0,0,0,0,0,0,0,16,16,128,604.2351,829,701,301,256,605.8173,829,573,0,0,582.4634,256,543.9225,711,455,0,0,0,16,128,578.75,837,709,8.0,12,15,7,4,1,2.8667,4,0,0,0,0,0,0,0,0,0,0,0,0,0,0,0,0
experiments/cross_attack_drift_v1/features/bh_sh_routing_window_features.csv,SH_ATTACK_N16_SEED567890,sinkhole,attack,1,0,16,567890,120,180,0,140,140,0,14,1053,38794,2142,16,338,169,139,25,0,0,0,0,0,0,0,0,0,0,0,15,16,256,520.9209,691,435,139,256,520.9209,691,435,0,0,541.44,256,516.031,669,413,0,0,0,16,128,507.5625,705,577,8.125,13,15,7,4,1,2.8667,4,0,0,0,0,0,0,0,0,0,0,0,0,0,0,0,0
experiments/cross_attack_drift_v1/features/bh_sh_routing_window_features.csv,SH_ATTACK_N16_SEED567890,sinkhole,attack,1,0,16,567890,180,240,0,40,40,0,4,1055,38466,2164,16,344,171,30,16,0,0,0,0,0,0,0,0,0,0,0,14,11,128,435.8667,656,528,29,384,446.4828,656,272,0,0,481.25,256,515.1705,669,413,0,0,0,16,128,484.875,666,538,8.125,13,15,7,4,1,2.8667,4,0,0,0,0,0,0,0,0,0,0,0,0,0,0,0,0
experiments/cross_attack_drift_v1/features/bh_sh_routing_window_features.csv,SH_ATTACK_N16_SEED567890,sinkhole,attack,1,1,16,567890,240,300,1,100,100,0,10,1068,39843,2201,16,338,168,139,30,0,0,0,0,0,0,0,0,0,0,0,15,16,128,426.2158,649,521,139,128,426.2158,649,521,25,1,425.9667,128,474.2713,662,534,5,1,5,16,128,472.3125,652,524,8.125,13,15,7,4,1,2.8667,4,1,5,0,0,0,0,0,0,0,0,0,0,0,0,0,0
experiments/cross_attack_drift_v1/features/bh_sh_routing_window_features.csv,SH_ATTACK_N16_SEED567890,sinkhole,attack,1,1,16,567890,300,360,1,130,130,0,13,1041,37682,2116,16,343,170,21,10,0,0,0,0,0,0,0,0,0,0,0,10,13,128,482.3333,674,546,21,128,482.3333,674,546,5,1,506.5,128,472.7907,674,546,5,1,5,16,128,439.6875,655,527,8.125,13,15,7,4,1,2.8667,4,0,1,0,0,0,0,0,0,0,0,0,0,0,0,0,0
experiments/cross_attack_drift_v1/features/bh_sh_routing_window_features.csv,SH_ATTACK_N16_SEED567890,sinkhole,attack,1,1,16,567890,360,420,1,10,10,0,1,999,36271,2051,16,324,163,11,11,0,0,0,0,0,0,0,0,0,0,0,11,6,256,470.2727,662,406,11,256,470.2727,662,406,0,0,470.2727,128,471.2326,674,546,5,1,5,16,128,436.6875,664,536,8.125,13,15,7,4,1,2.8667,4,0,0,0,0,0,0,0,0,0,0,0,0,0,0,0,0
experiments/cross_attack_drift_v1/features/bh_sh_routing_window_features.csv,SH_ATTACK_N16_SEED567890,sinkhole,attack,1,1,16,567890,420,480,1,140,140,0,14,1059,38728,2177,16,345,172,41,16,0,0,0,0,0,0,0,0,0,0,0,13,15,128,480.6829,664,536,41,128,480.6829,664,536,5,1,468.5,128,466.9922,662,534,5,1,5,16,128,435.0,657,529,8.125,13,15,7,4,1,2.8667,4,0,1,0,0,0,0,0,0,0,0,0,0,0,0,0,0
experiments/cross_attack_drift_v1/features/bh_sh_routing_window_features.csv,SH_ATTACK_N16_SEED567890,sinkhole,attack,1,1,16,567890,480,540,1,30,30,0,3,1100,40759,2295,16,349,180,85,18,0,0,0,0,0,0,0,0,0,0,0,14,15,128,449.8,652,524,84,256,453.631,652,396,0,0,441.8333,128,454.9767,662,534,5,1,5,16,128,434.25,650,522,8.125,13,15,7,4,1,2.8667,4,0,0,0,0,0,0,0,0,0,0,0,0,0,0,0,0
experiments/cross_attack_drift_v1/features/bh_sh_routing_window_features.csv,SH_CONTROL_N16_SEED123456,sinkhole,control,0,0,16,123456,0,60,0,0,0,0,0,623,27507,1290,16,188,90,333,96,51,14,15,30,15,1,14,5,15,15,0,16,16,128,12093.4715,65535,65407,329,258,12238.9483,65535,65277,0,0,40482.2396,258,1151.112,65535,65277,0,0,0,15,338,688.0667,899,561,2.4667,5,0,0,0,0,0.0,0,0,0,0,0,0,0,0,0,0,0,0,0,0,0,0,0
experiments/cross_attack_drift_v1/features/bh_sh_routing_window_features.csv,SH_CONTROL_N16_SEED123456,sinkhole,control,0,0,16,123456,60,120,0,0,0,0,0,1069,40249,2128,16,337,171,294,45,0,0,0,0,0,0,0,0,0,0,0,16,16,128,590.6122,811,683,293,256,592.1911,811,555,0,0,577.2667,256,539.7364,697,441,0,0,0,16,128,577.1875,820,692,7.9375,13,15,5,4,1,2.8667,4,0,0,0,0,0,0,0,0,0,0,0,0,0,0,0,0
experiments/cross_attack_drift_v1/features/bh_sh_routing_window_features.csv,SH_CONTROL_N16_SEED123456,sinkhole,control,0,0,16,123456,120,180,0,140,140,0,14,1046,38768,2088,16,337,172,135,23,0,0,0,0,0,0,0,0,0,0,0,15,16,256,512.8222,668,412,135,256,512.8222,668,412,0,0,503.1304,256,517.4341,693,437,0,0,0,16,128,499.9375,692,564,8.125,13,15,5,4,1,2.8667,4,0,0,0,0,0,0,0,0,0,0,0,0,0,0,0,0
experiments/cross_attack_drift_v1/features/bh_sh_routing_window_features.csv,SH_CONTROL_N16_SEED123456,sinkhole,control,0,0,16,123456,180,240,0,40,40,0,4,1029,37392,2001,16,333,168,19,15,0,0,0,0,0,0,0,0,0,0,0,15,10,128,438.6842,657,529,18,256,455.9444,657,401,0,0,487.4,256,516.2636,693,437,0,0,0,16,128,485.0,662,534,8.125,13,15,5,4,1,2.8667,4,0,0,0,0,0,0,0,0,0,0,0,0,0,0,0,0
experiments/cross_attack_drift_v1/features/bh_sh_routing_window_features.csv,SH_CONTROL_N16_SEED123456,sinkhole,control,0,0,16,123456,240,300,1,100,98,0,10,1036,38317,2029,16,332,167,128,24,0,0,0,0,0,0,0,0,0,0,0,14,15,384,503.8672,646,262,128,384,503.8672,646,262,0,0,510.0,256,501.845,693,437,0,0,0,16,128,477.3125,649,521,8.125,13,15,5,4,1,2.8667,4,0,0,0,0,0,0,0,0,0,0,0,0,0,0,0,0
experiments/cross_attack_drift_v1/features/bh_sh_routing_window_features.csv,SH_CONTROL_N16_SEED123456,sinkhole,control,0,0,16,123456,300,360,1,130,130,0,13,1036,37480,2027,16,337,169,18,12,0,0,0,0,0,0,0,0,0,0,0,10,10,384,569.5,642,258,18,384,569.5,642,258,0,0,533.75,256,500.4341,645,389,0,0,0,16,128,473.25,643,515,8.125,13,15,5,4,1,2.8667,4,0,0,0,0,0,0,0,0,0,0,0,0,0,0,0,0
experiments/cross_attack_drift_v1/features/bh_sh_routing_window_features.csv,SH_CONTROL_N16_SEED123456,sinkhole,control,0,0,16,123456,360,420,1,10,10,0,1,1054,38271,2076,16,343,173,10,10,0,0,0,0,0,0,0,0,0,0,0,10,5,384,486.4,640,256,10,384,486.4,640,256,0,0,486.4,256,500.2636,645,389,0,0,0,16,128,472.0,640,512,8.125,13,15,5,4,1,2.8667,4,0,0,0,0,0,0,0,0,0,0,0,0,0,0,0,0
experiments/cross_attack_drift_v1/features/bh_sh_routing_window_features.csv,SH_CONTROL_N16_SEED123456,sinkhole,control,0,0,16,123456,420,480,1,140,140,0,14,1034,38190,2041,16,338,169,85,19,0,0,0,0,0,0,0,0,0,0,0,14,16,128,495.9059,646,518,84,256,500.2857,646,390,0,0,500.2632,256,500.0465,646,390,0,0,0,16,128,473.25,648,520,8.125,13,15,5,4,1,2.8667,4,0,0,0,0,0,0,0,0,0,0,0,0,0,0,0,0
experiments/cross_attack_drift_v1/features/bh_sh_routing_window_features.csv,SH_CONTROL_N16_SEED123456,sinkhole,control,0,0,16,123456,480,540,1,30,30,0,3,1030,37739,2042,16,335,167,59,17,0,0,0,0,0,0,0,0,0,0,0,12,15,384,496.1695,642,258,59,384,496.1695,642,258,0,0,514.0,256,499.7907,642,386,0,0,0,16,128,473.75,643,515,8.125,13,15,5,4,1,2.8667,4,0,0,0,0,0,0,0,0,0,0,0,0,0,0,0,0
experiments/cross_attack_drift_v1/features/bh_sh_routing_window_features.csv,SH_CONTROL_N16_SEED234567,sinkhole,control,0,0,16,234567,0,60,0,0,0,0,0,611,27199,1316,16,184,88,354,100,31,11,15,30,15,1,14,8,15,15,0,16,16,128,11777.1073,65535,65407,350,256,11910.24,65535,65279,0,0,40185.35,256,1150.7705,65535,65279,0,0,0,15,338,687.4,903,565,2.4667,7,0,0,0,0,0.0,0,0,0,0,0,0,0,0,0,0,0,0,0,0,0,0,0
experiments/cross_attack_drift_v1/features/bh_sh_routing_window_features.csv,SH_CONTROL_N16_SEED234567,sinkhole,control,0,0,16,234567,60,120,0,0,0,0,0,1073,40168,2230,16,342,170,278,42,0,0,0,0,0,0,0,0,0,0,0,15,16,256,571.464,748,492,278,256,571.464,748,492,0,0,562.1905,256,536.4651,715,459,0,0,0,16,128,577.375,878,750,7.6875,12,15,8,4,1,2.8667,4,0,0,0,0,0,0,0,0,0,0,0,0,0,0,0,0
experiments/cross_attack_drift_v1/features/bh_sh_routing_window_features.csv,SH_CONTROL_N16_SEED234567,sinkhole,control,0,0,16,234567,120,180,0,140,140,0,14,1072,39625,2230,16,343,175,138,25,0,0,0,0,0,0,0,0,0,0,0,16,16,128,516.1957,687,559,137,256,519.0292,687,431,0,0,516.36,256,514.7132,683,427,0,0,0,16,128,499.3125,710,582,8.125,13,15,8,4,1,2.8667,4,0,0,0,0,0,0,0,0,0,0,0,0,0,0,0,0
experiments/cross_attack_drift_v1/features/bh_sh_routing_window_features.csv,SH_CONTROL_N16_SEED234567,sinkhole,control,0,0,16,234567,180,240,0,60,60,0,6,1031,37414,2100,16,337,171,18,11,0,0,0,0,0,0,0,0,0,0,0,11,12,128,442.8333,664,536,17,384,461.3529,664,280,0,0,476.4545,256,514.6822,683,427,0,0,0,16,128,484.125,672,544,8.125,13,15,8,4,1,2.8667,4,0,0,0,0,0,0,0,0,0,0,0,0,0,0,0,0
experiments/cross_attack_drift_v1/features/bh_sh_routing_window_features.csv,SH_CONTROL_N16_SEED234567,sinkhole,control,0,0,16,234567,240,300,1,80,80,0,8,1058,39279,2194,16,338,171,127,27,0,0,0,0,0,0,0,0,0,0,0,15,16,256,504.3937,664,408,127,256,504.3937,664,408,0,0,509.2593,256,505.0775,664,408,0,0,0,16,128,479.625,657,529,8.125,13,15,8,4,1,2.8667,4,0,0,0,0,0,0,0,0,0,0,0,0,0,0,0,0
experiments/cross_attack_drift_v1/features/bh_sh_routing_window_features.csv,SH_CONTROL_N16_SEED234567,sinkhole,control,0,0,16,234567,300,360,1,120,120,0,12,989,35775,2030,16,324,165,15,8,0,0,0,0,0,0,0,0,0,0,0,8,11,384,568.6667,654,270,15,384,568.6667,654,270,0,0,501.0,256,504.3643,664,408,0,0,0,16,128,477.125,660,532,8.125,13,15,8,4,1,2.8667,4,0,0,0,0,0,0,0,0,0,0,0,0,0,0,0,0
experiments/cross_attack_drift_v1/features/bh_sh_routing_window_features.csv,SH_CONTROL_N16_SEED234567,sinkhole,control,0,0,16,234567,360,420,1,20,20,0,2,1044,38066,2154,16,338,169,14,14,0,0,0,0,0,0,0,0,0,0,0,13,9,384,498.5714,646,262,14,384,498.5714,646,262,0,0,498.5714,256,504.3566,664,408,0,0,0,16,128,476.8125,653,525,8.125,13,15,8,4,1,2.8667,4,0,0,0,0,0,0,0,0,0,0,0,0,0,0,0,0
experiments/cross_attack_drift_v1/features/bh_sh_routing_window_features.csv,SH_CONTROL_N16_SEED234567,sinkhole,control,0,0,16,234567,420,480,1,140,140,0,14,1055,38768,2182,16,340,174,87,18,0,0,0,0,0,0,0,0,0,0,0,13,15,128,499.1149,646,518,86,384,503.4302,646,262,0,0,496.3889,256,505.1628,664,408,0,0,0,16,128,475.875,646,518,8.125,13,15,8,4,1,2.8667,4,0,0,0,0,0,0,0,0,0,0,0,0,0,0,0,0
experiments/cross_attack_drift_v1/features/bh_sh_routing_window_features.csv,SH_CONTROL_N16_SEED234567,sinkhole,control,0,0,16,234567,480,540,1,60,60,0,6,1073,39226,2195,16,347,172,54,18,0,0,0,0,0,0,0,0,0,0,0,13,15,256,511.6296,659,403,54,256,511.6296,659,403,0,0,511.7778,256,504.6589,658,402,0,0,0,16,128,477.25,649,521,8.125,13,15,8,4,1,2.8667,4,0,0,0,0,0,0,0,0,0,0,0,0,0,0,0,0
experiments/cross_attack_drift_v1/features/bh_sh_routing_window_features.csv,SH_CONTROL_N16_SEED345678,sinkhole,control,0,0,16,345678,0,60,0,0,0,0,0,596,26481,1300,16,178,87,356,100,53,14,14,28,15,1,14,7,15,15,0,16,16,128,11879.4972,65535,65407,352,281,12013.0369,65535,65254,0,0,40826.62,281,1670.5082,65535,65254,0,0,0,15,338,681.8667,868,530,2.7333,6,0,0,0,0,0.0,0,0,0,0,0,0,0,0,0,0,0,0,0,0,0,0,0
experiments/cross_attack_drift_v1/features/bh_sh_routing_window_features.csv,SH_CONTROL_N16_SEED345678,sinkhole,control,0,0,16,345678,60,120,0,0,0,0,0,1074,40361,2250,16,342,172,272,39,0,0,1,2,0,0,0,0,0,0,0,16,16,128,603.1213,824,696,271,256,604.8745,824,568,0,0,601.359,256,541.5116,706,450,0,0,0,16,128,575.6875,833,705,7.6875,12,15,7,4,1,2.8667,4,0,0,0,0,0,0,0,0,0,0,0,0,0,0,0,0
experiments/cross_attack_drift_v1/features/bh_sh_routing_window_features.csv,SH_CONTROL_N16_SEED345678,sinkhole,control,0,0,16,345678,120,180,0,140,139,0,14,1054,39044,2212,16,336,170,134,29,0,0,0,0,0,0,0,0,0,0,0,14,16,256,506.6567,691,435,134,256,506.6567,691,435,0,0,504.1034,256,519.6279,706,450,0,0,0,16,128,499.125,701,573,8.125,13,15,7,4,1,2.8667,4,0,0,0,0,0,0,0,0,0,0,0,0,0,0,0,0
experiments/cross_attack_drift_v1/features/bh_sh_routing_window_features.csv,SH_CONTROL_N16_SEED345678,sinkhole,control,0,0,16,345678,180,240,0,40,40,0,4,1050,38894,2266,16,338,174,43,15,0,0,0,0,0,0,0,0,0,0,0,12,16,128,504.5116,678,550,42,256,513.4762,678,422,0,0,482.4,256,516.1628,702,446,0,0,0,16,128,486.4375,681,553,8.125,13,15,7,4,1,2.8667,4,0,0,0,0,0,0,0,0,0,0,0,0,0,0,0,0
experiments/cross_attack_drift_v1/features/bh_sh_routing_window_features.csv,SH_CONTROL_N16_SEED345678,sinkhole,control,0,0,16,345678,240,300,1,100,100,0,10,1087,40173,2267,16,351,177,114,22,0,0,0,0,0,0,0,0,0,0,0,14,15,384,519.8509,665,281,114,384,519.8509,665,281,0,0,534.4091,256,507.814,663,407,0,0,0,16,128,485.3125,675,547,8.125,13,15,7,4,1,2.8667,4,0,0,0,0,0,0,0,0,0,0,0,0,0,0,0,0
experiments/cross_attack_drift_v1/features/bh_sh_routing_window_features.csv,SH_CONTROL_N16_SEED345678,sinkhole,control,0,0,16,345678,300,360,1,110,110,0,11,1040,37966,2211,16,335,169,12,12,0,0,0,0,0,0,0,0,0,0,0,12,8,384,506.5,659,275,12,384,506.5,659,275,0,0,506.5,256,507.2481,663,407,0,0,0,16,128,476.625,655,527,8.125,13,15,7,4,1,2.8667,4,0,0,0,0,0,0,0,0,0,0,0,0,0,0,0,0
experiments/cross_attack_drift_v1/features/bh_sh_routing_window_features.csv,SH_CONTROL_N16_SEED345678,sinkhole,control,0,0,16,345678,360,420,1,30,30,0,3,1048,38020,2171,16,340,172,12,12,0,0,0,0,0,0,0,0,0,0,0,12,7,384,505.9167,665,281,12,384,505.9167,665,281,0,0,505.9167,256,506.7674,665,409,0,0,0,16,128,475.8125,659,531,8.125,13,15,7,4,1,2.8667,4,0,0,0,0,0,0,0,0,0,0,0,0,0,0,0,0
experiments/cross_attack_drift_v1/features/bh_sh_routing_window_features.csv,SH_CONTROL_N16_SEED345678,sinkhole,control,0,0,16,345678,420,480,1,140,140,0,14,1045,38334,2170,16,340,171,76,18,0,0,0,0,0,0,0,0,0,0,0,14,16,128,489.3421,657,529,75,256,494.16,657,401,0,0,485.8889,256,504.3798,665,409,0,0,0,16,128,475.75,665,537,8.125,13,15,7,4,1,2.8667,4,0,0,0,0,0,0,0,0,0,0,0,0,0,0,0,0
experiments/cross_attack_drift_v1/features/bh_sh_routing_window_features.csv,SH_CONTROL_N16_SEED345678,sinkhole,control,0,0,16,345678,480,540,1,50,50,0,5,1031,37821,2141,16,333,169,60,16,0,0,0,0,0,0,0,0,0,0,0,13,15,384,494.5167,652,268,60,384,494.5167,652,268,0,0,505.9375,256,501.8837,657,401,0,0,0,16,128,474.0625,656,528,8.125,13,15,7,4,1,2.8667,4,0,0,0,0,0,0,0,0,0,0,0,0,0,0,0,0
experiments/cross_attack_drift_v1/features/bh_sh_routing_window_features.csv,SH_CONTROL_N16_SEED456789,sinkhole,control,0,0,16,456789,0,60,0,0,0,0,0,537,24301,1226,16,162,81,299,93,30,10,15,30,15,1,14,7,15,15,0,16,16,128,13828.7826,65535,65407,295,297,14014.5559,65535,65238,0,0,43162.7097,297,2388.0734,65535,65238,0,0,0,15,338,696.9333,970,632,2.7333,5,0,0,0,0,0.0,0,0,0,0,0,0,0,0,0,0,0,0,0,0,0,0,0
experiments/cross_attack_drift_v1/features/bh_sh_routing_window_features.csv,SH_CONTROL_N16_SEED456789,sinkhole,control,0,0,16,456789,60,120,0,0,0,0,0,1080,40683,2392,16,340,172,295,43,0,0,0,0,0,0,0,0,0,0,0,15,16,256,647.9492,882,626,295,256,647.9492,882,626,0,0,624.6279,256,536.4031,723,467,0,0,0,16,128,603.8125,912,784,6.875,12,15,7,4,1,2.8667,4,0,0,0,0,0,0,0,0,0,0,0,0,0,0,0,0
experiments/cross_attack_drift_v1/features/bh_sh_routing_window_features.csv,SH_CONTROL_N16_SEED456789,sinkhole,control,0,0,16,456789,120,180,0,140,140,0,14,1092,40371,2467,16,353,178,133,25,0,0,0,0,0,0,0,0,0,0,0,15,16,128,507.3383,705,577,132,256,510.2121,705,449,0,0,500.56,256,519.6667,722,466,0,0,0,16,128,501.375,723,595,8.125,13,15,7,4,1,2.8667,4,0,0,0,0,0,0,0,0,0,0,0,0,0,0,0,0
experiments/cross_attack_drift_v1/features/bh_sh_routing_window_features.csv,SH_CONTROL_N16_SEED456789,sinkhole,control,0,0,16,456789,180,240,0,40,40,0,4,1043,38137,2348,16,339,169,39,14,0,0,0,0,0,0,0,0,0,0,0,11,14,256,455.8462,674,418,39,256,455.8462,674,418,0,0,496.4286,256,515.876,690,434,0,0,0,16,128,485.75,674,546,8.125,13,15,7,4,1,2.8667,4,0,0,0,0,0,0,0,0,0,0,0,0,0,0,0,0
experiments/cross_attack_drift_v1/features/bh_sh_routing_window_features.csv,SH_CONTROL_N16_SEED456789,sinkhole,control,0,0,16,456789,240,300,1,100,100,0,10,1021,37550,2259,16,331,166,102,19,0,0,0,0,0,0,0,0,0,0,0,13,15,128,514.049,660,532,101,384,517.8713,660,276,0,0,491.9474,256,508.5194,690,434,0,0,0,16,128,480.125,656,528,8.125,13,15,7,4,1,2.8667,4,0,0,0,0,0,0,0,0,0,0,0,0,0,0,0,0
experiments/cross_attack_drift_v1/features/bh_sh_routing_window_features.csv,SH_CONTROL_N16_SEED456789,sinkhole,control,0,0,16,456789,300,360,1,100,100,0,10,1047,38185,2328,16,340,169,27,15,0,0,0,0,0,0,0,0,0,0,0,12,14,384,598.7407,666,282,27,384,598.7407,666,282,0,0,555.7333,256,505.6279,666,410,0,0,0,16,128,477.0625,665,537,8.125,13,15,7,4,1,2.8667,4,0,0,0,0,0,0,0,0,0,0,0,0,0,0,0,0
experiments/cross_attack_drift_v1/features/bh_sh_routing_window_features.csv,SH_CONTROL_N16_SEED456789,sinkhole,control,0,0,16,456789,360,420,1,40,40,0,4,1038,37730,2278,16,336,173,14,14,0,0,0,0,0,0,0,0,0,0,0,13,11,128,488.0714,658,530,13,384,515.7692,658,274,0,0,488.0714,256,505.2171,666,410,0,0,0,16,128,476.75,660,532,8.125,13,15,7,4,1,2.8667,4,0,0,0,0,0,0,0,0,0,0,0,0,0,0,0,0
experiments/cross_attack_drift_v1/features/bh_sh_routing_window_features.csv,SH_CONTROL_N16_SEED456789,sinkhole,control,0,0,16,456789,420,480,1,140,140,0,14,1049,38526,2336,16,339,170,68,20,0,0,0,0,0,0,0,0,0,0,0,15,16,256,504.4118,658,402,68,256,504.4118,658,402,0,0,508.2,256,502.6124,666,410,0,0,0,16,128,476.125,658,530,8.125,13,15,7,4,1,2.8667,4,0,0,0,0,0,0,0,0,0,0,0,0,0,0,0,0
experiments/cross_attack_drift_v1/features/bh_sh_routing_window_features.csv,SH_CONTROL_N16_SEED456789,sinkhole,control,0,0,16,456789,480,540,1,30,29,0,3,1014,36825,2255,16,330,165,47,12,0,0,0,0,0,0,0,0,0,0,0,12,15,384,515.234,646,262,47,384,515.234,646,262,0,0,524.6667,256,500.4496,660,404,0,0,0,16,128,473.625,646,518,8.125,13,15,7,4,1,2.8667,4,0,0,0,0,0,0,0,0,0,0,0,0,0,0,0,0
experiments/cross_attack_drift_v1/features/bh_sh_routing_window_features.csv,SH_CONTROL_N16_SEED567890,sinkhole,control,0,0,16,567890,0,60,0,0,0,0,0,591,26793,1311,16,176,84,337,99,45,15,15,30,15,1,14,7,15,15,0,16,16,128,12515.6499,65535,65407,333,271,12664.4505,65535,65264,0,0,41231.9899,271,619.3465,837,566,0,0,0,15,338,681.7333,901,563,2.4,4,0,0,0,0,0.0,0,0,0,0,0,0,0,0,0,0,0,0,0,0,0,0,0
experiments/cross_attack_drift_v1/features/bh_sh_routing_window_features.csv,SH_CONTROL_N16_SEED567890,sinkhole,control,0,0,16,567890,60,120,0,0,0,0,0,1056,39820,2186,16,336,169,302,41,0,0,0,0,0,0,0,0,0,0,0,16,16,128,604.2351,829,701,301,256,605.8173,829,573,0,0,582.4634,256,543.9225,711,455,0,0,0,16,128,578.75,837,709,8.0,12,15,7,4,1,2.8667,4,0,0,0,0,0,0,0,0,0,0,0,0,0,0,0,0
experiments/cross_attack_drift_v1/features/bh_sh_routing_window_features.csv,SH_CONTROL_N16_SEED567890,sinkhole,control,0,0,16,567890,120,180,0,140,140,0,14,1053,38794,2142,16,338,169,139,25,0,0,0,0,0,0,0,0,0,0,0,15,16,256,520.9209,691,435,139,256,520.9209,691,435,0,0,541.44,256,516.031,669,413,0,0,0,16,128,507.5625,705,577,8.125,13,15,7,4,1,2.8667,4,0,0,0,0,0,0,0,0,0,0,0,0,0,0,0,0
experiments/cross_attack_drift_v1/features/bh_sh_routing_window_features.csv,SH_CONTROL_N16_SEED567890,sinkhole,control,0,0,16,567890,180,240,0,40,40,0,4,1055,38466,2164,16,344,171,30,16,0,0,0,0,0,0,0,0,0,0,0,14,11,128,435.8667,656,528,29,384,446.4828,656,272,0,0,481.25,256,515.1705,669,413,0,0,0,16,128,484.875,666,538,8.125,13,15,7,4,1,2.8667,4,0,0,0,0,0,0,0,0,0,0,0,0,0,0,0,0
experiments/cross_attack_drift_v1/features/bh_sh_routing_window_features.csv,SH_CONTROL_N16_SEED567890,sinkhole,control,0,0,16,567890,240,300,1,100,100,0,10,1069,39484,2180,16,339,170,119,26,0,0,0,0,0,0,0,0,0,0,0,15,16,256,514.0336,649,393,119,256,514.0336,649,393,0,0,514.0385,256,506.2248,662,406,0,0,0,16,128,480.3125,652,524,8.125,13,15,7,4,1,2.8667,4,0,0,0,0,0,0,0,0,0,0,0,0,0,0,0,0
experiments/cross_attack_drift_v1/features/bh_sh_routing_window_features.csv,SH_CONTROL_N16_SEED567890,sinkhole,control,0,0,16,567890,300,360,1,130,130,0,13,1040,37680,2129,16,339,171,17,10,0,0,0,0,0,0,0,0,0,0,0,10,11,384,589.0,642,258,17,384,589.0,642,258,0,0,552.1,256,504.938,649,393,0,0,0,16,128,475.8125,645,517,8.125,13,15,7,4,1,2.8667,4,0,0,0,0,0,0,0,0,0,0,0,0,0,0,0,0
experiments/cross_attack_drift_v1/features/bh_sh_routing_window_features.csv,SH_CONTROL_N16_SEED567890,sinkhole,control,0,0,16,567890,360,420,1,10,10,0,1,1022,36941,2067,16,335,170,8,8,0,0,0,0,0,0,0,0,0,0,0,8,5,384,515.75,649,265,8,384,515.75,649,265,0,0,515.75,256,504.7519,649,393,0,0,0,16,128,475.1875,650,522,8.125,13,15,7,4,1,2.8667,4,0,0,0,0,0,0,0,0,0,0,0,0,0,0,0,0
experiments/cross_attack_drift_v1/features/bh_sh_routing_window_features.csv,SH_CONTROL_N16_SEED567890,sinkhole,control,0,0,16,567890,420,480,1,140,140,0,14,1065,39293,2165,16,340,171,84,23,0,0,0,0,0,0,0,0,0,0,0,16,16,128,471.4762,648,520,83,256,475.6145,648,392,0,0,481.4783,256,502.9922,649,393,0,0,0,16,128,473.875,656,528,8.125,13,15,7,4,1,2.8667,4,0,0,0,0,0,0,0,0,0,0,0,0,0,0,0,0
experiments/cross_attack_drift_v1/features/bh_sh_routing_window_features.csv,SH_CONTROL_N16_SEED567890,sinkhole,control,0,0,16,567890,480,540,1,40,40,0,4,1062,38749,2149,16,346,174,56,15,0,0,0,0,0,0,0,0,0,0,0,12,15,384,525.3214,640,256,56,384,525.3214,640,256,0,0,514.2667,256,500.9922,649,393,0,0,0,16,128,474.25,647,519,8.125,13,15,7,4,1,2.8667,4,0,0,0,0,0,0,0,0,0,0,0,0,0,0,0,0
experiments/cross_attack_drift_v1/features/additional_routing_window_features.csv,DIO_SUPPRESSION_ATTACK_N16_SEED123456,dio_suppression,attack,1,0,16,123456,0,60,0,0,0,0,0,623,27507,1290,16,188,90,33,8,2,0,0,1,1,1,0,1,1,1,0,5,1,128,31985.7576,65535,65407,29,456,36379.931,65535,65079,0,0,32919.75,456,471.0,500,44,0,0,0,1,338,338.0,338,0,1.0,1,0,0,0,0,0.0,0,0,0,0,0,0,0,0,0,0,0,0,0,0,0,0,0
experiments/cross_attack_drift_v1/features/additional_routing_window_features.csv,DIO_SUPPRESSION_ATTACK_N16_SEED123456,dio_suppression,attack,1,0,16,123456,60,120,0,0,0,0,0,1069,40249,2128,16,337,171,8,1,0,0,0,0,0,0,0,0,0,0,0,5,1,128,378.875,449,321,7,384,414.7143,449,65,0,0,256.0,384,413.0,449,65,0,0,0,1,256,256.0,256,0,5.0,5,0,0,0,0,0.0,0,0,0,0,0,0,0,0,0,0,0,0,0,0,0,0,0
experiments/cross_attack_drift_v1/features/additional_routing_window_features.csv,DIO_SUPPRESSION_ATTACK_N16_SEED123456,dio_suppression,attack,1,0,16,123456,120,180,0,140,140,0,14,1046,38768,2088,16,337,172,4,1,0,0,0,0,0,0,0,0,0,0,0,4,1,384,394.25,406,22,4,384,394.25,406,22,0,0,256.0,384,394.25,406,22,0,0,0,1,256,256.0,256,0,5.0,5,0,0,0,0,0.0,0,0,0,0,0,0,0,0,0,0,0,0,0,0,0,0,0
experiments/cross_attack_drift_v1/features/additional_routing_window_features.csv,DIO_SUPPRESSION_ATTACK_N16_SEED123456,dio_suppression,attack,1,0,16,123456,180,240,0,40,40,0,4,1029,37392,2001,16,333,168,1,1,0,0,0,0,0,0,0,0,0,0,0,1,1,128,128.0,128,0,0,0.0,0.0,0.0,0.0,0,0,256.0,384,394.25,406,22,0,0,0,1,256,256.0,256,0,5.0,5,0,0,0,0,0.0,0,0,0,0,0,0,0,0,0,0,0,0,0,0,0,0,0
experiments/cross_attack_drift_v1/features/additional_routing_window_features.csv,DIO_SUPPRESSION_ATTACK_N16_SEED123456,dio_suppression,attack,1,1,16,123456,240,300,1,100,98,0,10,1036,38317,2029,16,332,167,4,0,0,0,0,0,0,0,0,0,0,0,0,4,1,384,384.75,386,2,4,384,384.75,386,2,0,0,0.0,384,384.75,386,2,0,0,0,1,256,256.0,256,0,5.0,5,0,0,0,0,0.0,0,0,0,0,0,0,0,0,0,0,0,1,0,0,0,0,0
experiments/cross_attack_drift_v1/features/additional_routing_window_features.csv,DIO_SUPPRESSION_ATTACK_N16_SEED123456,dio_suppression,attack,1,1,16,123456,300,360,1,130,130,0,13,1036,37480,2027,16,337,169,0,0,0,0,0,0,0,0,0,0,0,0,0,0,0,0.0,0.0,0.0,0.0,0,0.0,0.0,0.0,0.0,0,0,0.0,384,384.75,386,2,0,0,0,1,256,256.0,256,0,5.0,5,0,0,0,0,0.0,0,0,0,0,0,0,0,0,0,0,0,0,0,0,0,0,0
experiments/cross_attack_drift_v1/features/additional_routing_window_features.csv,DIO_SUPPRESSION_ATTACK_N16_SEED123456,dio_suppression,attack,1,1,16,123456,360,420,1,10,10,0,1,1054,38271,2076,16,343,173,0,0,0,0,0,0,0,0,0,0,0,0,0,0,0,0.0,0.0,0.0,0.0,0,0.0,0.0,0.0,0.0,0,0,0.0,384,384.75,386,2,0,0,0,1,256,256.0,256,0,5.0,5,0,0,0,0,0.0,0,0,0,0,0,0,0,0,0,0,0,0,0,0,0,0,0
experiments/cross_attack_drift_v1/features/additional_routing_window_features.csv,DIO_SUPPRESSION_ATTACK_N16_SEED123456,dio_suppression,attack,1,1,16,123456,420,480,1,140,140,0,14,1033,38086,2038,16,337,168,2,0,0,0,0,0,0,0,0,0,0,0,0,2,1,128,256.0,384,256,1,384,384.0,384,0,0,0,0.0,384,384.25,385,1,0,0,0,1,256,256.0,256,0,5.0,5,0,0,0,0,0.0,0,0,0,0,0,0,0,0,0,0,0,0,1,0,0,0,0
experiments/cross_attack_drift_v1/features/additional_routing_window_features.csv,DIO_SUPPRESSION_ATTACK_N16_SEED123456,dio_suppression,attack,1,1,16,123456,480,540,1,30,30,0,3,1032,37700,2028,16,335,166,3,0,0,0,0,0,0,0,0,0,0,0,0,3,1,384,384.0,384,0,3,384,384.0,384,0,0,0,0.0,384,384.0,384,0,0,0,0,1,256,256.0,256,0,5.0,5,0,0,0,0,0.0,0,0,0,0,0,0,0,0,0,0,0,0,0,0,0,0,0
experiments/cross_attack_drift_v1/features/additional_routing_window_features.csv,DIO_SUPPRESSION_ATTACK_N16_SEED234567,dio_suppression,attack,1,0,16,234567,0,60,0,0,0,0,0,611,27199,1316,16,184,88,34,8,1,0,0,1,1,1,0,1,1,1,0,5,1,128,31057.0588,65535,65407,30,442,35180.9333,65535,65093,0,0,32917.0,442,463.25,488,46,0,0,0,1,338,338.0,338,0,1.0,1,0,0,0,0,0.0,0,0,0,0,0,0,0,0,0,0,0,0,0,0,0,0,0
experiments/cross_attack_drift_v1/features/additional_routing_window_features.csv,DIO_SUPPRESSION_ATTACK_N16_SEED234567,dio_suppression,attack,1,0,16,234567,60,120,0,0,0,0,0,1073,40168,2230,16,342,170,7,1,0,0,0,0,0,0,0,0,0,0,0,4,1,384,408.1429,429,45,7,384,408.1429,429,45,0,0,256.0,384,405.75,424,40,0,0,0,1,256,256.0,256,0,5.0,5,0,0,0,0,0.0,0,0,0,0,0,0,0,0,0,0,0,0,0,0,0,0,0
experiments/cross_attack_drift_v1/features/additional_routing_window_features.csv,DIO_SUPPRESSION_ATTACK_N16_SEED234567,dio_suppression,attack,1,0,16,234567,120,180,0,140,140,0,14,1072,39625,2230,16,343,175,4,1,0,0,0,0,0,0,0,0,0,0,0,4,1,128,327.5,409,281,3,384,394.0,409,25,0,0,256.0,384,397.0,409,25,0,0,0,1,256,256.0,256,0,5.0,5,0,0,0,0,0.0,0,0,0,0,0,0,0,0,0,0,0,0,0,0,0,0,0
experiments/cross_attack_drift_v1/features/additional_routing_window_features.csv,DIO_SUPPRESSION_ATTACK_N16_SEED234567,dio_suppression,attack,1,0,16,234567,180,240,0,60,60,0,6,1031,37414,2100,16,337,171,2,0,0,0,0,0,0,0,0,0,0,0,0,2,1,128,259.0,390,262,1,390,390.0,390,0,0,0,0.0,389,398.5,409,20,0,0,0,1,256,256.0,256,0,5.0,5,0,0,0,0,0.0,0,0,0,0,0,0,0,0,0,0,0,0,0,0,0,0,0
experiments/cross_attack_drift_v1/features/additional_routing_window_features.csv,DIO_SUPPRESSION_ATTACK_N16_SEED234567,dio_suppression,attack,1,1,16,234567,240,300,1,80,80,0,8,1057,39182,2192,16,337,171,3,0,0,0,0,0,0,0,0,0,0,0,0,3,1,384,385.3333,388,4,3,384,385.3333,388,4,0,0,0.0,384,386.5,390,6,0,0,0,1,256,256.0,256,0,5.0,5,0,0,0,0,0.0,0,0,0,0,0,0,0,0,0,0,0,1,1,0,0,0,0
experiments/cross_attack_drift_v1/features/additional_routing_window_features.csv,DIO_SUPPRESSION_ATTACK_N16_SEED234567,dio_suppression,attack,1,1,16,234567,300,360,1,120,120,0,12,990,35729,2034,16,326,163,0,0,0,0,0,0,0,0,0,0,0,0,0,0,0,0.0,0.0,0.0,0.0,0,0.0,0.0,0.0,0.0,0,0,0.0,384,386.5,390,6,0,0,0,1,256,256.0,256,0,5.0,5,0,0,0,0,0.0,0,0,0,0,0,0,0,0,0,0,0,0,0,0,0,0,0
experiments/cross_attack_drift_v1/features/additional_routing_window_features.csv,DIO_SUPPRESSION_ATTACK_N16_SEED234567,dio_suppression,attack,1,1,16,234567,360,420,1,20,20,0,2,1046,38048,2178,16,337,169,0,0,0,0,0,0,0,0,0,0,0,0,0,0,0,0.0,0.0,0.0,0.0,0,0.0,0.0,0.0,0.0,0,0,0.0,384,386.5,390,6,0,0,0,1,256,256.0,256,0,5.0,5,0,0,0,0,0.0,0,0,0,0,0,0,0,0,0,0,0,0,0,0,0,0,0
experiments/cross_attack_drift_v1/features/additional_routing_window_features.csv,DIO_SUPPRESSION_ATTACK_N16_SEED234567,dio_suppression,attack,1,1,16,234567,420,480,1,140,140,0,14,1050,38414,2170,16,344,171,3,0,0,0,0,0,0,0,0,0,0,0,0,3,1,128,298.6667,384,256,2,384,384.0,384,0,0,0,0.0,384,385.5,390,6,0,0,0,1,256,256.0,256,0,5.0,5,0,0,0,0,0.0,0,0,0,0,0,0,0,0,0,0,0,0,1,0,0,0,0
experiments/cross_attack_drift_v1/features/additional_routing_window_features.csv,DIO_SUPPRESSION_ATTACK_N16_SEED234567,dio_suppression,attack,1,1,16,234567,480,540,1,40,40,0,4,1044,38269,2144,16,332,168,1,0,0,0,0,0,0,0,0,0,0,0,0,1,1,384,384.0,384,0,1,384,384.0,384,0,0,0,0.0,384,385.5,390,6,0,0,0,1,256,256.0,256,0,5.0,5,0,0,0,0,0.0,0,0,0,0,0,0,0,0,0,0,0,0,0,0,0,0,0
experiments/cross_attack_drift_v1/features/additional_routing_window_features.csv,DIO_SUPPRESSION_ATTACK_N16_SEED345678,dio_suppression,attack,1,0,16,345678,0,60,0,0,0,0,0,596,26481,1300,16,178,87,34,8,1,0,0,1,1,1,0,1,1,1,0,5,1,128,31054.1176,65535,65407,30,437,35177.6,65535,65098,0,0,32923.375,437,454.75,479,42,0,0,0,1,338,338.0,338,0,1.0,1,0,0,0,0,0.0,0,0,0,0,0,0,0,0,0,0,0,0,0,0,0,0,0
experiments/cross_attack_drift_v1/features/additional_routing_window_features.csv,DIO_SUPPRESSION_ATTACK_N16_SEED345678,dio_suppression,attack,1,0,16,345678,60,120,0,0,0,0,0,1074,40361,2250,16,342,172,8,1,0,0,0,0,0,0,0,0,0,0,0,5,1,128,382.875,472,344,7,388,419.2857,472,84,0,0,256.0,388,402.0,429,41,0,0,0,1,256,256.0,256,0,5.0,5,0,0,0,0,0.0,0,0,0,0,0,0,0,0,0,0,0,0,0,0,0,0,0
experiments/cross_attack_drift_v1/features/additional_routing_window_features.csv,DIO_SUPPRESSION_ATTACK_N16_SEED345678,dio_suppression,attack,1,0,16,345678,120,180,0,140,139,0,14,1054,39044,2212,16,336,170,3,1,0,0,0,0,0,0,0,0,0,0,0,3,1,384,393.3333,409,25,3,384,393.3333,409,25,0,0,256.0,384,392.0,409,25,0,0,0,1,256,256.0,256,0,5.0,5,0,0,0,0,0.0,0,0,0,0,0,0,0,0,0,0,0,0,0,0,0,0,0
experiments/cross_attack_drift_v1/features/additional_routing_window_features.csv,DIO_SUPPRESSION_ATTACK_N16_SEED345678,dio_suppression,attack,1,0,16,345678,180,240,0,40,40,0,4,1050,38894,2266,16,338,174,1,1,0,0,0,0,0,0,0,0,0,0,0,1,1,128,128.0,128,0,0,0.0,0.0,0.0,0.0,0,0,256.0,384,392.0,409,25,0,0,0,1,256,256.0,256,0,5.0,5,0,0,0,0,0.0,0,0,0,0,0,0,0,0,0,0,0,0,0,0,0,0,0
experiments/cross_attack_drift_v1/features/additional_routing_window_features.csv,DIO_SUPPRESSION_ATTACK_N16_SEED345678,dio_suppression,attack,1,1,16,345678,240,300,1,100,100,0,10,1087,40173,2267,16,351,177,4,0,0,0,0,0,0,0,0,0,0,0,0,4,1,384,385.0,388,4,4,384,385.0,388,4,0,0,0.0,384,385.0,388,4,0,0,0,1,256,256.0,256,0,5.0,5,0,0,0,0,0.0,0,0,0,0,0,0,0,0,0,0,0,1,0,0,0,0,0
experiments/cross_attack_drift_v1/features/additional_routing_window_features.csv,DIO_SUPPRESSION_ATTACK_N16_SEED345678,dio_suppression,attack,1,1,16,345678,300,360,1,110,110,0,11,1040,37966,2211,16,335,169,0,0,0,0,0,0,0,0,0,0,0,0,0,0,0,0.0,0.0,0.0,0.0,0,0.0,0.0,0.0,0.0,0,0,0.0,384,385.0,388,4,0,0,0,1,256,256.0,256,0,5.0,5,0,0,0,0,0.0,0,0,0,0,0,0,0,0,0,0,0,0,0,0,0,0,0
experiments/cross_attack_drift_v1/features/additional_routing_window_features.csv,DIO_SUPPRESSION_ATTACK_N16_SEED345678,dio_suppression,attack,1,1,16,345678,360,420,1,30,30,0,3,1048,38020,2171,16,340,172,0,0,0,0,0,0,0,0,0,0,0,0,0,0,0,0.0,0.0,0.0,0.0,0,0.0,0.0,0.0,0.0,0,0,0.0,384,385.0,388,4,0,0,0,1,256,256.0,256,0,5.0,5,0,0,0,0,0.0,0,0,0,0,0,0,0,0,0,0,0,0,0,0,0,0,0
experiments/cross_attack_drift_v1/features/additional_routing_window_features.csv,DIO_SUPPRESSION_ATTACK_N16_SEED345678,dio_suppression,attack,1,1,16,345678,420,480,1,140,140,0,14,1038,38009,2151,16,335,171,3,0,0,0,0,0,0,0,0,0,0,0,0,3,1,128,298.6667,384,256,2,384,384.0,384,0,0,0,0.0,384,384.0,384,0,0,0,0,1,256,256.0,256,0,5.0,5,0,0,0,0,0.0,0,0,0,0,0,0,0,0,0,0,0,0,1,0,0,0,0
experiments/cross_attack_drift_v1/features/additional_routing_window_features.csv,DIO_SUPPRESSION_ATTACK_N16_SEED345678,dio_suppression,attack,1,1,16,345678,480,540,1,50,50,0,5,1019,37157,2116,16,330,164,2,0,0,0,0,0,0,0,0,0,0,0,0,2,1,384,387.0,390,6,2,384,387.0,390,6,0,0,0.0,384,385.5,390,6,0,0,0,1,256,256.0,256,0,5.0,5,0,0,0,0,0.0,0,0,0,0,0,0,0,0,0,0,0,0,0,0,0,0,0
experiments/cross_attack_drift_v1/features/additional_routing_window_features.csv,DIO_SUPPRESSION_ATTACK_N16_SEED456789,dio_suppression,attack,1,0,16,456789,0,60,0,0,0,0,0,537,24301,1226,16,162,81,32,7,0,0,0,1,1,1,0,1,1,1,0,5,1,128,32971.6562,65535,65407,28,465,37663.6071,65535,65070,0,0,37585.0,465,474.25,482,17,0,0,0,1,338,338.0,338,0,1.0,1,0,0,0,0,0.0,0,0,0,0,0,0,0,0,0,0,0,0,0,0,0,0,0
experiments/cross_attack_drift_v1/features/additional_routing_window_features.csv,DIO_SUPPRESSION_ATTACK_N16_SEED456789,dio_suppression,attack,1,0,16,456789,60,120,0,0,0,0,0,1080,40683,2392,16,340,172,4,1,0,0,0,0,0,0,0,0,0,0,0,4,1,385,404.25,420,35,4,385,404.25,420,35,0,0,256.0,385,404.25,420,35,0,0,0,1,256,256.0,256,0,5.0,5,0,0,0,0,0.0,0,0,0,0,0,0,0,0,0,0,0,0,0,0,0,0,0
experiments/cross_attack_drift_v1/features/additional_routing_window_features.csv,DIO_SUPPRESSION_ATTACK_N16_SEED456789,dio_suppression,attack,1,0,16,456789,120,180,0,140,140,0,14,1092,40371,2467,16,353,178,5,1,0,0,0,0,0,0,0,0,0,0,0,5,1,128,340.8,401,273,4,384,394.0,401,17,0,0,256.0,384,394.0,401,17,0,0,0,1,256,256.0,256,0,5.0,5,0,0,0,0,0.0,0,0,0,0,0,0,0,0,0,0,0,0,0,0,0,0,0
experiments/cross_attack_drift_v1/features/additional_routing_window_features.csv,DIO_SUPPRESSION_ATTACK_N16_SEED456789,dio_suppression,attack,1,0,16,456789,180,240,0,40,40,0,4,1043,38137,2348,16,339,169,2,1,0,0,0,0,0,0,0,0,0,0,0,2,1,384,384.0,384,0,2,384,384.0,384,0,0,0,256.0,384,391.75,401,17,0,0,0,1,256,256.0,256,0,5.0,5,0,0,0,0,0.0,0,0,0,0,0,0,0,0,0,0,0,0,0,0,0,0,0
experiments/cross_attack_drift_v1/features/additional_routing_window_features.csv,DIO_SUPPRESSION_ATTACK_N16_SEED456789,dio_suppression,attack,1,1,16,456789,240,300,1,100,100,0,10,1021,37550,2259,16,331,166,3,0,0,0,0,0,0,0,0,0,0,0,0,3,1,128,300.3333,388,260,2,385,386.5,388,3,0,0,0.0,384,385.25,388,4,0,0,0,1,256,256.0,256,0,5.0,5,0,0,0,0,0.0,0,0,0,0,0,0,0,0,0,0,0,1,0,0,0,0,0
experiments/cross_attack_drift_v1/features/additional_routing_window_features.csv,DIO_SUPPRESSION_ATTACK_N16_SEED456789,dio_suppression,attack,1,1,16,456789,300,360,1,100,100,0,10,1047,38185,2328,16,340,169,0,0,0,0,0,0,0,0,0,0,0,0,0,0,0,0.0,0.0,0.0,0.0,0,0.0,0.0,0.0,0.0,0,0,0.0,384,385.25,388,4,0,0,0,1,256,256.0,256,0,5.0,5,0,0,0,0,0.0,0,0,0,0,0,0,0,0,0,0,0,0,0,0,0,0,0
experiments/cross_attack_drift_v1/features/additional_routing_window_features.csv,DIO_SUPPRESSION_ATTACK_N16_SEED456789,dio_suppression,attack,1,1,16,456789,360,420,1,40,40,0,4,1038,37730,2278,16,336,173,1,0,0,0,0,0,0,0,0,0,0,0,0,1,1,128,128.0,128,0,0,0.0,0.0,0.0,0.0,0,0,0.0,384,385.25,388,4,0,0,0,1,256,256.0,256,0,5.0,5,0,0,0,0,0.0,0,0,0,0,0,0,0,0,0,0,0,0,0,0,0,0,0
experiments/cross_attack_drift_v1/features/additional_routing_window_features.csv,DIO_SUPPRESSION_ATTACK_N16_SEED456789,dio_suppression,attack,1,1,16,456789,420,480,1,140,140,0,14,1039,38096,2306,16,335,169,1,0,0,0,0,0,0,0,0,0,0,0,0,1,1,384,384.0,384,0,1,384,384.0,384,0,0,0,0.0,384,385.0,388,4,0,0,0,1,256,256.0,256,0,5.0,5,0,0,0,0,0.0,0,0,0,0,0,0,0,0,0,0,0,0,1,0,0,0,0
experiments/cross_attack_drift_v1/features/additional_routing_window_features.csv,DIO_SUPPRESSION_ATTACK_N16_SEED456789,dio_suppression,attack,1,1,16,456789,480,540,1,40,40,0,4,1029,37402,2291,16,336,168,1,0,0,0,0,0,0,0,0,0,0,0,0,1,1,384,384.0,384,0,1,384,384.0,384,0,0,0,0.0,384,385.0,388,4,0,0,0,1,256,256.0,256,0,5.0,5,0,0,0,0,0.0,0,0,0,0,0,0,0,0,0,0,0,0,0,0,0,0,0
experiments/cross_attack_drift_v1/features/additional_routing_window_features.csv,DIO_SUPPRESSION_ATTACK_N16_SEED567890,dio_suppression,attack,1,0,16,567890,0,60,0,0,0,0,0,591,26793,1311,16,176,84,34,9,2,0,0,1,1,1,0,1,1,1,0,5,1,128,31055.9706,65535,65407,30,435,35179.7,65535,65100,0,0,29298.8889,435,453.0,469,34,0,0,0,1,338,338.0,338,0,1.0,1,0,0,0,0,0.0,0,0,0,0,0,0,0,0,0,0,0,0,0,0,0,0,0
experiments/cross_attack_drift_v1/features/additional_routing_window_features.csv,DIO_SUPPRESSION_ATTACK_N16_SEED567890,dio_suppression,attack,1,0,16,567890,60,120,0,0,0,0,0,1056,39820,2186,16,336,169,8,1,0,0,0,0,0,0,0,0,0,0,0,5,1,128,388.125,462,334,7,384,425.2857,462,78,0,0,256.0,384,410.0,435,51,0,0,0,1,256,256.0,256,0,5.0,5,0,0,0,0,0.0,0,0,0,0,0,0,0,0,0,0,0,0,0,0,0,0,0
experiments/cross_attack_drift_v1/features/additional_routing_window_features.csv,DIO_SUPPRESSION_ATTACK_N16_SEED567890,dio_suppression,attack,1,0,16,567890,120,180,0,140,140,0,14,1053,38794,2142,16,338,169,4,1,0,0,0,0,0,0,0,0,0,0,0,4,1,384,392.25,412,28,4,384,392.25,412,28,0,0,256.0,384,392.25,412,28,0,0,0,1,256,256.0,256,0,5.0,5,0,0,0,0,0.0,0,0,0,0,0,0,0,0,0,0,0,0,0,0,0,0,0
experiments/cross_attack_drift_v1/features/additional_routing_window_features.csv,DIO_SUPPRESSION_ATTACK_N16_SEED567890,dio_suppression,attack,1,0,16,567890,180,240,0,40,40,0,4,1055,38466,2164,16,344,171,3,0,0,0,0,0,0,0,0,0,0,0,0,3,1,128,298.6667,384,256,2,384,384.0,384,0,0,0,0.0,384,392.25,412,28,0,0,0,1,256,256.0,256,0,5.0,5,0,0,0,0,0.0,0,0,0,0,0,0,0,0,0,0,0,0,0,0,0,0,0
experiments/cross_attack_drift_v1/features/additional_routing_window_features.csv,DIO_SUPPRESSION_ATTACK_N16_SEED567890,dio_suppression,attack,1,1,16,567890,240,300,1,100,100,0,10,1077,39657,2191,16,341,172,2,0,0,0,0,0,0,0,0,0,0,0,0,2,1,384,387.5,391,7,2,384,387.5,391,7,0,0,0.0,384,385.75,391,7,0,0,0,1,256,256.0,256,0,5.0,5,0,0,0,0,0.0,0,0,0,0,0,0,0,0,0,0,0,1,1,0,0,0,0
experiments/cross_attack_drift_v1/features/additional_routing_window_features.csv,DIO_SUPPRESSION_ATTACK_N16_SEED567890,dio_suppression,attack,1,1,16,567890,300,360,1,130,130,0,13,1025,37267,2075,16,331,166,0,0,0,0,0,0,0,0,0,0,0,0,0,0,0,0.0,0.0,0.0,0.0,0,0.0,0.0,0.0,0.0,0,0,0.0,384,385.75,391,7,0,0,0,1,256,256.0,256,0,5.0,5,0,0,0,0,0.0,0,0,0,0,0,0,0,0,0,0,0,0,0,0,0,0,0
experiments/cross_attack_drift_v1/features/additional_routing_window_features.csv,DIO_SUPPRESSION_ATTACK_N16_SEED567890,dio_suppression,attack,1,1,16,567890,360,420,1,10,10,0,1,1013,36725,2048,16,331,169,0,0,0,0,0,0,0,0,0,0,0,0,0,0,0,0.0,0.0,0.0,0.0,0,0.0,0.0,0.0,0.0,0,0,0.0,384,385.75,391,7,0,0,0,1,256,256.0,256,0,5.0,5,0,0,0,0,0.0,0,0,0,0,0,0,0,0,0,0,0,0,0,0,0,0,0
experiments/cross_attack_drift_v1/features/additional_routing_window_features.csv,DIO_SUPPRESSION_ATTACK_N16_SEED567890,dio_suppression,attack,1,1,16,567890,420,480,1,140,139,0,14,1058,38691,2139,16,342,173,3,0,0,0,0,0,0,0,0,0,0,0,0,3,1,128,298.6667,384,256,2,384,384.0,384,0,0,0,0.0,384,385.75,391,7,0,0,0,1,256,256.0,256,0,5.0,5,0,0,0,0,0.0,0,0,0,0,0,0,0,0,0,0,0,0,0,0,0,0,0
experiments/cross_attack_drift_v1/features/additional_routing_window_features.csv,DIO_SUPPRESSION_ATTACK_N16_SEED567890,dio_suppression,attack,1,1,16,567890,480,540,1,30,30,0,3,1088,39879,2216,16,352,177,2,0,0,0,0,0,0,0,0,0,0,0,0,2,1,384,387.5,391,7,2,384,387.5,391,7,0,0,0.0,384,385.75,391,7,0,0,0,1,256,256.0,256,0,5.0,5,0,0,0,0,0.0,0,0,0,0,0,0,0,0,0,0,0,0,1,0,0,0,0
experiments/cross_attack_drift_v1/features/additional_routing_window_features.csv,DIO_SUPPRESSION_CONTROL_N16_SEED123456,dio_suppression,control,0,0,16,123456,0,60,0,0,0,0,0,623,27507,1290,16,188,90,33,8,2,0,0,1,1,1,0,1,1,1,0,5,1,128,31985.7576,65535,65407,29,456,36379.931,65535,65079,0,0,32919.75,456,471.0,500,44,0,0,0,1,338,338.0,338,0,1.0,1,0,0,0,0,0.0,0,0,0,0,0,0,0,0,0,0,0,0,0,0,0,0,0
experiments/cross_attack_drift_v1/features/additional_routing_window_features.csv,DIO_SUPPRESSION_CONTROL_N16_SEED123456,dio_suppression,control,0,0,16,123456,60,120,0,0,0,0,0,1069,40249,2128,16,337,171,8,1,0,0,0,0,0,0,0,0,0,0,0,5,1,128,378.875,449,321,7,384,414.7143,449,65,0,0,256.0,384,413.0,449,65,0,0,0,1,256,256.0,256,0,5.0,5,0,0,0,0,0.0,0,0,0,0,0,0,0,0,0,0,0,0,0,0,0,0,0
experiments/cross_attack_drift_v1/features/additional_routing_window_features.csv,DIO_SUPPRESSION_CONTROL_N16_SEED123456,dio_suppression,control,0,0,16,123456,120,180,0,140,140,0,14,1046,38768,2088,16,337,172,4,1,0,0,0,0,0,0,0,0,0,0,0,4,1,384,394.25,406,22,4,384,394.25,406,22,0,0,256.0,384,394.25,406,22,0,0,0,1,256,256.0,256,0,5.0,5,0,0,0,0,0.0,0,0,0,0,0,0,0,0,0,0,0,0,0,0,0,0,0
experiments/cross_attack_drift_v1/features/additional_routing_window_features.csv,DIO_SUPPRESSION_CONTROL_N16_SEED123456,dio_suppression,control,0,0,16,123456,180,240,0,40,40,0,4,1029,37392,2001,16,333,168,1,1,0,0,0,0,0,0,0,0,0,0,0,1,1,128,128.0,128,0,0,0.0,0.0,0.0,0.0,0,0,256.0,384,394.25,406,22,0,0,0,1,256,256.0,256,0,5.0,5,0,0,0,0,0.0,0,0,0,0,0,0,0,0,0,0,0,0,0,0,0,0,0
experiments/cross_attack_drift_v1/features/additional_routing_window_features.csv,DIO_SUPPRESSION_CONTROL_N16_SEED123456,dio_suppression,control,0,0,16,123456,240,300,1,100,98,0,10,1036,38317,2029,16,332,167,4,0,0,0,0,0,0,0,0,0,0,0,0,4,1,384,384.75,386,2,4,384,384.75,386,2,0,0,0.0,384,384.75,386,2,0,0,0,1,256,256.0,256,0,5.0,5,0,0,0,0,0.0,0,0,0,0,0,0,0,0,0,0,0,0,0,0,0,0,0
experiments/cross_attack_drift_v1/features/additional_routing_window_features.csv,DIO_SUPPRESSION_CONTROL_N16_SEED123456,dio_suppression,control,0,0,16,123456,300,360,1,130,130,0,13,1036,37480,2027,16,337,169,0,0,0,0,0,0,0,0,0,0,0,0,0,0,0,0.0,0.0,0.0,0.0,0,0.0,0.0,0.0,0.0,0,0,0.0,384,384.75,386,2,0,0,0,1,256,256.0,256,0,5.0,5,0,0,0,0,0.0,0,0,0,0,0,0,0,0,0,0,0,0,0,0,0,0,0
experiments/cross_attack_drift_v1/features/additional_routing_window_features.csv,DIO_SUPPRESSION_CONTROL_N16_SEED123456,dio_suppression,control,0,0,16,123456,360,420,1,10,10,0,1,1054,38271,2076,16,343,173,0,0,0,0,0,0,0,0,0,0,0,0,0,0,0,0.0,0.0,0.0,0.0,0,0.0,0.0,0.0,0.0,0,0,0.0,384,384.75,386,2,0,0,0,1,256,256.0,256,0,5.0,5,0,0,0,0,0.0,0,0,0,0,0,0,0,0,0,0,0,0,0,0,0,0,0
experiments/cross_attack_drift_v1/features/additional_routing_window_features.csv,DIO_SUPPRESSION_CONTROL_N16_SEED123456,dio_suppression,control,0,0,16,123456,420,480,1,140,140,0,14,1034,38190,2041,16,338,169,2,1,0,0,0,0,0,0,0,0,0,0,0,2,1,128,256.0,384,256,1,384,384.0,384,0,0,0,256.0,384,384.25,385,1,0,0,0,1,256,256.0,256,0,5.0,5,0,0,0,0,0.0,0,0,0,0,0,0,0,0,0,0,0,0,0,0,0,0,0
experiments/cross_attack_drift_v1/features/additional_routing_window_features.csv,DIO_SUPPRESSION_CONTROL_N16_SEED123456,dio_suppression,control,0,0,16,123456,480,540,1,30,30,0,3,1030,37739,2042,16,335,167,3,0,0,0,0,0,0,0,0,0,0,0,0,3,1,384,384.0,384,0,3,384,384.0,384,0,0,0,0.0,384,384.0,384,0,0,0,0,1,256,256.0,256,0,5.0,5,0,0,0,0,0.0,0,0,0,0,0,0,0,0,0,0,0,0,0,0,0,0,0
experiments/cross_attack_drift_v1/features/additional_routing_window_features.csv,DIO_SUPPRESSION_CONTROL_N16_SEED234567,dio_suppression,control,0,0,16,234567,0,60,0,0,0,0,0,611,27199,1316,16,184,88,34,8,1,0,0,1,1,1,0,1,1,1,0,5,1,128,31057.0588,65535,65407,30,442,35180.9333,65535,65093,0,0,32917.0,442,463.25,488,46,0,0,0,1,338,338.0,338,0,1.0,1,0,0,0,0,0.0,0,0,0,0,0,0,0,0,0,0,0,0,0,0,0,0,0
experiments/cross_attack_drift_v1/features/additional_routing_window_features.csv,DIO_SUPPRESSION_CONTROL_N16_SEED234567,dio_suppression,control,0,0,16,234567,60,120,0,0,0,0,0,1073,40168,2230,16,342,170,7,1,0,0,0,0,0,0,0,0,0,0,0,4,1,384,408.1429,429,45,7,384,408.1429,429,45,0,0,256.0,384,405.75,424,40,0,0,0,1,256,256.0,256,0,5.0,5,0,0,0,0,0.0,0,0,0,0,0,0,0,0,0,0,0,0,0,0,0,0,0
experiments/cross_attack_drift_v1/features/additional_routing_window_features.csv,DIO_SUPPRESSION_CONTROL_N16_SEED234567,dio_suppression,control,0,0,16,234567,120,180,0,140,140,0,14,1072,39625,2230,16,343,175,4,1,0,0,0,0,0,0,0,0,0,0,0,4,1,128,327.5,409,281,3,384,394.0,409,25,0,0,256.0,384,397.0,409,25,0,0,0,1,256,256.0,256,0,5.0,5,0,0,0,0,0.0,0,0,0,0,0,0,0,0,0,0,0,0,0,0,0,0,0
experiments/cross_attack_drift_v1/features/additional_routing_window_features.csv,DIO_SUPPRESSION_CONTROL_N16_SEED234567,dio_suppression,control,0,0,16,234567,180,240,0,60,60,0,6,1031,37414,2100,16,337,171,2,0,0,0,0,0,0,0,0,0,0,0,0,2,1,128,259.0,390,262,1,390,390.0,390,0,0,0,0.0,389,398.5,409,20,0,0,0,1,256,256.0,256,0,5.0,5,0,0,0,0,0.0,0,0,0,0,0,0,0,0,0,0,0,0,0,0,0,0,0
experiments/cross_attack_drift_v1/features/additional_routing_window_features.csv,DIO_SUPPRESSION_CONTROL_N16_SEED234567,dio_suppression,control,0,0,16,234567,240,300,1,80,80,0,8,1058,39279,2194,16,338,171,3,1,0,0,0,0,0,0,0,0,0,0,0,3,1,384,385.3333,388,4,3,384,385.3333,388,4,0,0,256.0,384,386.5,390,6,0,0,0,1,256,256.0,256,0,5.0,5,0,0,0,0,0.0,0,0,0,0,0,0,0,0,0,0,0,0,0,0,0,0,0
experiments/cross_attack_drift_v1/features/additional_routing_window_features.csv,DIO_SUPPRESSION_CONTROL_N16_SEED234567,dio_suppression,control,0,0,16,234567,300,360,1,120,120,0,12,989,35775,2030,16,324,165,0,0,0,0,0,0,0,0,0,0,0,0,0,0,0,0.0,0.0,0.0,0.0,0,0.0,0.0,0.0,0.0,0,0,0.0,384,386.5,390,6,0,0,0,1,256,256.0,256,0,5.0,5,0,0,0,0,0.0,0,0,0,0,0,0,0,0,0,0,0,0,0,0,0,0,0
experiments/cross_attack_drift_v1/features/additional_routing_window_features.csv,DIO_SUPPRESSION_CONTROL_N16_SEED234567,dio_suppression,control,0,0,16,234567,360,420,1,20,20,0,2,1044,38066,2154,16,338,169,0,0,0,0,0,0,0,0,0,0,0,0,0,0,0,0.0,0.0,0.0,0.0,0,0.0,0.0,0.0,0.0,0,0,0.0,384,386.5,390,6,0,0,0,1,256,256.0,256,0,5.0,5,0,0,0,0,0.0,0,0,0,0,0,0,0,0,0,0,0,0,0,0,0,0,0
experiments/cross_attack_drift_v1/features/additional_routing_window_features.csv,DIO_SUPPRESSION_CONTROL_N16_SEED234567,dio_suppression,control,0,0,16,234567,420,480,1,140,140,0,14,1055,38768,2182,16,340,174,4,0,0,0,0,0,0,0,0,0,0,0,0,4,1,128,324.5,394,266,3,384,390.0,394,10,0,0,0.0,384,388.5,394,10,0,0,0,1,256,256.0,256,0,5.0,5,0,0,0,0,0.0,0,0,0,0,0,0,0,0,0,0,0,0,0,0,0,0,0
experiments/cross_attack_drift_v1/features/additional_routing_window_features.csv,DIO_SUPPRESSION_CONTROL_N16_SEED234567,dio_suppression,control,0,0,16,234567,480,540,1,60,60,0,6,1073,39226,2195,16,347,172,1,1,0,0,0,0,0,0,0,0,0,0,0,1,1,384,384.0,384,0,1,384,384.0,384,0,0,0,256.0,384,388.5,394,10,0,0,0,1,256,256.0,256,0,5.0,5,0,0,0,0,0.0,0,0,0,0,0,0,0,0,0,0,0,0,0,0,0,0,0
experiments/cross_attack_drift_v1/features/additional_routing_window_features.csv,DIO_SUPPRESSION_CONTROL_N16_SEED345678,dio_suppression,control,0,0,16,345678,0,60,0,0,0,0,0,596,26481,1300,16,178,87,34,8,1,0,0,1,1,1,0,1,1,1,0,5,1,128,31054.1176,65535,65407,30,437,35177.6,65535,65098,0,0,32923.375,437,454.75,479,42,0,0,0,1,338,338.0,338,0,1.0,1,0,0,0,0,0.0,0,0,0,0,0,0,0,0,0,0,0,0,0,0,0,0,0
experiments/cross_attack_drift_v1/features/additional_routing_window_features.csv,DIO_SUPPRESSION_CONTROL_N16_SEED345678,dio_suppression,control,0,0,16,345678,60,120,0,0,0,0,0,1074,40361,2250,16,342,172,8,1,0,0,0,0,0,0,0,0,0,0,0,5,1,128,382.875,472,344,7,388,419.2857,472,84,0,0,256.0,388,402.0,429,41,0,0,0,1,256,256.0,256,0,5.0,5,0,0,0,0,0.0,0,0,0,0,0,0,0,0,0,0,0,0,0,0,0,0,0
experiments/cross_attack_drift_v1/features/additional_routing_window_features.csv,DIO_SUPPRESSION_CONTROL_N16_SEED345678,dio_suppression,control,0,0,16,345678,120,180,0,140,139,0,14,1054,39044,2212,16,336,170,3,1,0,0,0,0,0,0,0,0,0,0,0,3,1,384,393.3333,409,25,3,384,393.3333,409,25,0,0,256.0,384,392.0,409,25,0,0,0,1,256,256.0,256,0,5.0,5,0,0,0,0,0.0,0,0,0,0,0,0,0,0,0,0,0,0,0,0,0,0,0
experiments/cross_attack_drift_v1/features/additional_routing_window_features.csv,DIO_SUPPRESSION_CONTROL_N16_SEED345678,dio_suppression,control,0,0,16,345678,180,240,0,40,40,0,4,1050,38894,2266,16,338,174,1,1,0,0,0,0,0,0,0,0,0,0,0,1,1,128,128.0,128,0,0,0.0,0.0,0.0,0.0,0,0,256.0,384,392.0,409,25,0,0,0,1,256,256.0,256,0,5.0,5,0,0,0,0,0.0,0,0,0,0,0,0,0,0,0,0,0,0,0,0,0,0,0
experiments/cross_attack_drift_v1/features/additional_routing_window_features.csv,DIO_SUPPRESSION_CONTROL_N16_SEED345678,dio_suppression,control,0,0,16,345678,240,300,1,100,100,0,10,1087,40173,2267,16,351,177,4,0,0,0,0,0,0,0,0,0,0,0,0,4,1,384,385.0,388,4,4,384,385.0,388,4,0,0,0.0,384,385.0,388,4,0,0,0,1,256,256.0,256,0,5.0,5,0,0,0,0,0.0,0,0,0,0,0,0,0,0,0,0,0,0,0,0,0,0,0
experiments/cross_attack_drift_v1/features/additional_routing_window_features.csv,DIO_SUPPRESSION_CONTROL_N16_SEED345678,dio_suppression,control,0,0,16,345678,300,360,1,110,110,0,11,1040,37966,2211,16,335,169,0,0,0,0,0,0,0,0,0,0,0,0,0,0,0,0.0,0.0,0.0,0.0,0,0.0,0.0,0.0,0.0,0,0,0.0,384,385.0,388,4,0,0,0,1,256,256.0,256,0,5.0,5,0,0,0,0,0.0,0,0,0,0,0,0,0,0,0,0,0,0,0,0,0,0,0
experiments/cross_attack_drift_v1/features/additional_routing_window_features.csv,DIO_SUPPRESSION_CONTROL_N16_SEED345678,dio_suppression,control,0,0,16,345678,360,420,1,30,30,0,3,1048,38020,2171,16,340,172,0,0,0,0,0,0,0,0,0,0,0,0,0,0,0,0.0,0.0,0.0,0.0,0,0.0,0.0,0.0,0.0,0,0,0.0,384,385.0,388,4,0,0,0,1,256,256.0,256,0,5.0,5,0,0,0,0,0.0,0,0,0,0,0,0,0,0,0,0,0,0,0,0,0,0,0
experiments/cross_attack_drift_v1/features/additional_routing_window_features.csv,DIO_SUPPRESSION_CONTROL_N16_SEED345678,dio_suppression,control,0,0,16,345678,420,480,1,140,140,0,14,1045,38334,2170,16,340,171,3,1,0,0,0,0,0,0,0,0,0,0,0,3,1,128,298.6667,384,256,2,384,384.0,384,0,0,0,256.0,384,384.0,384,0,0,0,0,1,256,256.0,256,0,5.0,5,0,0,0,0,0.0,0,0,0,0,0,0,0,0,0,0,0,0,0,0,0,0,0
experiments/cross_attack_drift_v1/features/additional_routing_window_features.csv,DIO_SUPPRESSION_CONTROL_N16_SEED345678,dio_suppression,control,0,0,16,345678,480,540,1,50,50,0,5,1031,37821,2141,16,333,169,2,0,0,0,0,0,0,0,0,0,0,0,0,2,1,384,384.0,384,0,2,384,384.0,384,0,0,0,0.0,384,384.0,384,0,0,0,0,1,256,256.0,256,0,5.0,5,0,0,0,0,0.0,0,0,0,0,0,0,0,0,0,0,0,0,0,0,0,0,0
experiments/cross_attack_drift_v1/features/additional_routing_window_features.csv,DIO_SUPPRESSION_CONTROL_N16_SEED456789,dio_suppression,control,0,0,16,456789,0,60,0,0,0,0,0,537,24301,1226,16,162,81,32,7,0,0,0,1,1,1,0,1,1,1,0,5,1,128,32971.6562,65535,65407,28,465,37663.6071,65535,65070,0,0,37585.0,465,474.25,482,17,0,0,0,1,338,338.0,338,0,1.0,1,0,0,0,0,0.0,0,0,0,0,0,0,0,0,0,0,0,0,0,0,0,0,0
experiments/cross_attack_drift_v1/features/additional_routing_window_features.csv,DIO_SUPPRESSION_CONTROL_N16_SEED456789,dio_suppression,control,0,0,16,456789,60,120,0,0,0,0,0,1080,40683,2392,16,340,172,4,1,0,0,0,0,0,0,0,0,0,0,0,4,1,385,404.25,420,35,4,385,404.25,420,35,0,0,256.0,385,404.25,420,35,0,0,0,1,256,256.0,256,0,5.0,5,0,0,0,0,0.0,0,0,0,0,0,0,0,0,0,0,0,0,0,0,0,0,0
experiments/cross_attack_drift_v1/features/additional_routing_window_features.csv,DIO_SUPPRESSION_CONTROL_N16_SEED456789,dio_suppression,control,0,0,16,456789,120,180,0,140,140,0,14,1092,40371,2467,16,353,178,5,1,0,0,0,0,0,0,0,0,0,0,0,5,1,128,340.8,401,273,4,384,394.0,401,17,0,0,256.0,384,394.0,401,17,0,0,0,1,256,256.0,256,0,5.0,5,0,0,0,0,0.0,0,0,0,0,0,0,0,0,0,0,0,0,0,0,0,0,0
experiments/cross_attack_drift_v1/features/additional_routing_window_features.csv,DIO_SUPPRESSION_CONTROL_N16_SEED456789,dio_suppression,control,0,0,16,456789,180,240,0,40,40,0,4,1043,38137,2348,16,339,169,2,1,0,0,0,0,0,0,0,0,0,0,0,2,1,384,384.0,384,0,2,384,384.0,384,0,0,0,256.0,384,391.75,401,17,0,0,0,1,256,256.0,256,0,5.0,5,0,0,0,0,0.0,0,0,0,0,0,0,0,0,0,0,0,0,0,0,0,0,0
experiments/cross_attack_drift_v1/features/additional_routing_window_features.csv,DIO_SUPPRESSION_CONTROL_N16_SEED456789,dio_suppression,control,0,0,16,456789,240,300,1,100,100,0,10,1021,37550,2259,16,331,166,3,0,0,0,0,0,0,0,0,0,0,0,0,3,1,128,300.3333,388,260,2,385,386.5,388,3,0,0,0.0,384,385.25,388,4,0,0,0,1,256,256.0,256,0,5.0,5,0,0,0,0,0.0,0,0,0,0,0,0,0,0,0,0,0,0,0,0,0,0,0
experiments/cross_attack_drift_v1/features/additional_routing_window_features.csv,DIO_SUPPRESSION_CONTROL_N16_SEED456789,dio_suppression,control,0,0,16,456789,300,360,1,100,100,0,10,1047,38185,2328,16,340,169,0,0,0,0,0,0,0,0,0,0,0,0,0,0,0,0.0,0.0,0.0,0.0,0,0.0,0.0,0.0,0.0,0,0,0.0,384,385.25,388,4,0,0,0,1,256,256.0,256,0,5.0,5,0,0,0,0,0.0,0,0,0,0,0,0,0,0,0,0,0,0,0,0,0,0,0
experiments/cross_attack_drift_v1/features/additional_routing_window_features.csv,DIO_SUPPRESSION_CONTROL_N16_SEED456789,dio_suppression,control,0,0,16,456789,360,420,1,40,40,0,4,1038,37730,2278,16,336,173,1,0,0,0,0,0,0,0,0,0,0,0,0,1,1,128,128.0,128,0,0,0.0,0.0,0.0,0.0,0,0,0.0,384,385.25,388,4,0,0,0,1,256,256.0,256,0,5.0,5,0,0,0,0,0.0,0,0,0,0,0,0,0,0,0,0,0,0,0,0,0,0,0
experiments/cross_attack_drift_v1/features/additional_routing_window_features.csv,DIO_SUPPRESSION_CONTROL_N16_SEED456789,dio_suppression,control,0,0,16,456789,420,480,1,140,140,0,14,1049,38526,2336,16,339,170,1,1,0,0,0,0,0,0,0,0,0,0,0,1,1,384,384.0,384,0,1,384,384.0,384,0,0,0,256.0,384,385.0,388,4,0,0,0,1,256,256.0,256,0,5.0,5,0,0,0,0,0.0,0,0,0,0,0,0,0,0,0,0,0,0,0,0,0,0,0
experiments/cross_attack_drift_v1/features/additional_routing_window_features.csv,DIO_SUPPRESSION_CONTROL_N16_SEED456789,dio_suppression,control,0,0,16,456789,480,540,1,30,29,0,3,1014,36825,2255,16,330,165,1,0,0,0,0,0,0,0,0,0,0,0,0,1,1,384,384.0,384,0,1,384,384.0,384,0,0,0,0.0,384,385.0,388,4,0,0,0,1,256,256.0,256,0,5.0,5,0,0,0,0,0.0,0,0,0,0,0,0,0,0,0,0,0,0,0,0,0,0,0
experiments/cross_attack_drift_v1/features/additional_routing_window_features.csv,DIO_SUPPRESSION_CONTROL_N16_SEED567890,dio_suppression,control,0,0,16,567890,0,60,0,0,0,0,0,591,26793,1311,16,176,84,34,9,2,0,0,1,1,1,0,1,1,1,0,5,1,128,31055.9706,65535,65407,30,435,35179.7,65535,65100,0,0,29298.8889,435,453.0,469,34,0,0,0,1,338,338.0,338,0,1.0,1,0,0,0,0,0.0,0,0,0,0,0,0,0,0,0,0,0,0,0,0,0,0,0
experiments/cross_attack_drift_v1/features/additional_routing_window_features.csv,DIO_SUPPRESSION_CONTROL_N16_SEED567890,dio_suppression,control,0,0,16,567890,60,120,0,0,0,0,0,1056,39820,2186,16,336,169,8,1,0,0,0,0,0,0,0,0,0,0,0,5,1,128,388.125,462,334,7,384,425.2857,462,78,0,0,256.0,384,410.0,435,51,0,0,0,1,256,256.0,256,0,5.0,5,0,0,0,0,0.0,0,0,0,0,0,0,0,0,0,0,0,0,0,0,0,0,0
experiments/cross_attack_drift_v1/features/additional_routing_window_features.csv,DIO_SUPPRESSION_CONTROL_N16_SEED567890,dio_suppression,control,0,0,16,567890,120,180,0,140,140,0,14,1053,38794,2142,16,338,169,4,1,0,0,0,0,0,0,0,0,0,0,0,4,1,384,392.25,412,28,4,384,392.25,412,28,0,0,256.0,384,392.25,412,28,0,0,0,1,256,256.0,256,0,5.0,5,0,0,0,0,0.0,0,0,0,0,0,0,0,0,0,0,0,0,0,0,0,0,0
experiments/cross_attack_drift_v1/features/additional_routing_window_features.csv,DIO_SUPPRESSION_CONTROL_N16_SEED567890,dio_suppression,control,0,0,16,567890,180,240,0,40,40,0,4,1055,38466,2164,16,344,171,3,0,0,0,0,0,0,0,0,0,0,0,0,3,1,128,298.6667,384,256,2,384,384.0,384,0,0,0,0.0,384,392.25,412,28,0,0,0,1,256,256.0,256,0,5.0,5,0,0,0,0,0.0,0,0,0,0,0,0,0,0,0,0,0,0,0,0,0,0,0
experiments/cross_attack_drift_v1/features/additional_routing_window_features.csv,DIO_SUPPRESSION_CONTROL_N16_SEED567890,dio_suppression,control,0,0,16,567890,240,300,1,100,100,0,10,1069,39484,2180,16,339,170,2,1,0,0,0,0,0,0,0,0,0,0,0,2,1,384,387.5,391,7,2,384,387.5,391,7,0,0,256.0,384,385.75,391,7,0,0,0,1,256,256.0,256,0,5.0,5,0,0,0,0,0.0,0,0,0,0,0,0,0,0,0,0,0,0,0,0,0,0,0
experiments/cross_attack_drift_v1/features/additional_routing_window_features.csv,DIO_SUPPRESSION_CONTROL_N16_SEED567890,dio_suppression,control,0,0,16,567890,300,360,1,130,130,0,13,1040,37680,2129,16,339,171,0,0,0,0,0,0,0,0,0,0,0,0,0,0,0,0.0,0.0,0.0,0.0,0,0.0,0.0,0.0,0.0,0,0,0.0,384,385.75,391,7,0,0,0,1,256,256.0,256,0,5.0,5,0,0,0,0,0.0,0,0,0,0,0,0,0,0,0,0,0,0,0,0,0,0,0
experiments/cross_attack_drift_v1/features/additional_routing_window_features.csv,DIO_SUPPRESSION_CONTROL_N16_SEED567890,dio_suppression,control,0,0,16,567890,360,420,1,10,10,0,1,1022,36941,2067,16,335,170,0,0,0,0,0,0,0,0,0,0,0,0,0,0,0,0.0,0.0,0.0,0.0,0,0.0,0.0,0.0,0.0,0,0,0.0,384,385.75,391,7,0,0,0,1,256,256.0,256,0,5.0,5,0,0,0,0,0.0,0,0,0,0,0,0,0,0,0,0,0,0,0,0,0,0,0
experiments/cross_attack_drift_v1/features/additional_routing_window_features.csv,DIO_SUPPRESSION_CONTROL_N16_SEED567890,dio_suppression,control,0,0,16,567890,420,480,1,140,140,0,14,1065,39293,2165,16,340,171,3,1,0,0,0,0,0,0,0,0,0,0,0,3,1,128,301.3333,392,264,2,384,388.0,392,8,0,0,256.0,384,387.75,392,8,0,0,0,1,256,256.0,256,0,5.0,5,0,0,0,0,0.0,0,0,0,0,0,0,0,0,0,0,0,0,0,0,0,0,0
experiments/cross_attack_drift_v1/features/additional_routing_window_features.csv,DIO_SUPPRESSION_CONTROL_N16_SEED567890,dio_suppression,control,0,0,16,567890,480,540,1,40,40,0,4,1062,38749,2149,16,346,174,2,0,0,0,0,0,0,0,0,0,0,0,0,2,1,384,384.0,384,0,2,384,384.0,384,0,0,0,0.0,384,386.0,392,8,0,0,0,1,256,256.0,256,0,5.0,5,0,0,0,0,0.0,0,0,0,0,0,0,0,0,0,0,0,0,0,0,0,0,0
experiments/cross_attack_drift_v1/features/additional_routing_window_features.csv,DIS_FLOOD_ATTACK_N16_SEED123456,dis_flood,attack,1,0,16,123456,0,60,0,0,0,0,0,623,27507,1290,16,188,90,33,8,2,0,0,1,1,1,0,1,1,1,0,5,1,128,31985.7576,65535,65407,29,456,36379.931,65535,65079,0,0,32919.75,456,471.0,500,44,0,0,0,1,338,338.0,338,0,1.0,1,0,0,0,0,0.0,0,0,0,0,0,0,0,0,0,0,0,0,0,0,0,0,0
experiments/cross_attack_drift_v1/features/additional_routing_window_features.csv,DIS_FLOOD_ATTACK_N16_SEED123456,dis_flood,attack,1,0,16,123456,60,120,0,0,0,0,0,1069,40249,2128,16,337,171,8,1,0,0,0,0,0,0,0,0,0,0,0,5,1,128,378.875,449,321,7,384,414.7143,449,65,0,0,256.0,384,413.0,449,65,0,0,0,1,256,256.0,256,0,5.0,5,0,0,0,0,0.0,0,0,0,0,0,0,0,0,0,0,0,0,0,0,0,0,0
experiments/cross_attack_drift_v1/features/additional_routing_window_features.csv,DIS_FLOOD_ATTACK_N16_SEED123456,dis_flood,attack,1,0,16,123456,120,180,0,140,140,0,14,1046,38768,2088,16,337,172,4,1,0,0,0,0,0,0,0,0,0,0,0,4,1,384,394.25,406,22,4,384,394.25,406,22,0,0,256.0,384,394.25,406,22,0,0,0,1,256,256.0,256,0,5.0,5,0,0,0,0,0.0,0,0,0,0,0,0,0,0,0,0,0,0,0,0,0,0,0
experiments/cross_attack_drift_v1/features/additional_routing_window_features.csv,DIS_FLOOD_ATTACK_N16_SEED123456,dis_flood,attack,1,0,16,123456,180,240,0,40,40,0,4,1029,37392,2001,16,333,168,1,1,0,0,0,0,0,0,0,0,0,0,0,1,1,128,128.0,128,0,0,0.0,0.0,0.0,0.0,0,0,256.0,384,394.25,406,22,0,0,0,1,256,256.0,256,0,5.0,5,0,0,0,0,0.0,0,0,0,0,0,0,0,0,0,0,0,0,0,0,0,0,0
experiments/cross_attack_drift_v1/features/additional_routing_window_features.csv,DIS_FLOOD_ATTACK_N16_SEED123456,dis_flood,attack,1,1,16,123456,240,300,1,100,98,0,10,1117,43824,2253,16,365,179,46,0,0,29,0,0,0,0,0,0,0,0,0,5,1,128,335.3478,393,265,37,384,385.7838,393,9,0,0,0.0,384,386.5,393,9,0,0,0,1,256,256.0,256,0,5.0,5,0,0,0,0,0.0,0,0,0,0,0,0,0,0,0,1,29,0,0,0,0,0,0
experiments/cross_attack_drift_v1/features/additional_routing_window_features.csv,DIS_FLOOD_ATTACK_N16_SEED123456,dis_flood,attack,1,1,16,123456,300,360,1,130,130,0,13,1131,43867,2264,16,371,183,50,0,0,30,0,0,0,0,0,0,0,0,0,5,1,128,338.26,394,266,41,384,384.4146,394,10,0,0,0.0,384,384.0,384,0,0,0,0,1,256,256.0,256,0,5.0,5,0,0,0,0,0.0,0,0,0,0,0,0,0,0,0,0,30,0,0,0,0,0,0
experiments/cross_attack_drift_v1/features/additional_routing_window_features.csv,DIS_FLOOD_ATTACK_N16_SEED123456,dis_flood,attack,1,1,16,123456,360,420,1,10,10,0,1,1112,43085,2236,16,366,181,44,0,0,30,0,0,0,0,0,0,0,0,0,5,1,128,331.6364,384,256,35,384,384.0,384,0,0,0,0.0,384,384.0,384,0,0,0,0,1,259,259.0,259,0,5.0,5,0,0,0,0,0.0,0,0,0,0,0,0,0,0,0,0,30,0,0,0,0,0,0
experiments/cross_attack_drift_v1/features/additional_routing_window_features.csv,DIS_FLOOD_ATTACK_N16_SEED123456,dis_flood,attack,1,1,16,123456,420,480,1,140,140,0,14,1101,42772,2186,16,361,178,48,0,0,30,0,0,0,0,0,0,0,0,0,5,1,128,337.75,396,268,39,384,386.1538,396,12,0,0,0.0,384,385.75,391,7,0,0,0,1,256,256.0,256,0,5.0,5,0,0,0,0,0.0,0,0,0,0,0,0,0,0,0,0,30,0,0,0,0,0,0
experiments/cross_attack_drift_v1/features/additional_routing_window_features.csv,DIS_FLOOD_ATTACK_N16_SEED123456,dis_flood,attack,1,1,16,123456,480,540,1,20,20,0,2,1145,44924,2316,16,374,184,46,1,0,30,0,0,0,0,0,0,0,0,0,5,1,128,340.6522,394,266,38,384,385.4211,394,10,0,0,256.0,384,385.25,389,5,0,0,0,1,256,256.0,256,0,5.0,5,0,0,0,0,0.0,0,0,0,0,0,0,0,0,0,0,30,0,0,0,0,0,0
experiments/cross_attack_drift_v1/features/additional_routing_window_features.csv,DIS_FLOOD_ATTACK_N16_SEED234567,dis_flood,attack,1,0,16,234567,0,60,0,0,0,0,0,611,27199,1316,16,184,88,34,8,1,0,0,1,1,1,0,1,1,1,0,5,1,128,31057.0588,65535,65407,30,442,35180.9333,65535,65093,0,0,32917.0,442,463.25,488,46,0,0,0,1,338,338.0,338,0,1.0,1,0,0,0,0,0.0,0,0,0,0,0,0,0,0,0,0,0,0,0,0,0,0,0
experiments/cross_attack_drift_v1/features/additional_routing_window_features.csv,DIS_FLOOD_ATTACK_N16_SEED234567,dis_flood,attack,1,0,16,234567,60,120,0,0,0,0,0,1073,40168,2230,16,342,170,7,1,0,0,0,0,0,0,0,0,0,0,0,4,1,384,408.1429,429,45,7,384,408.1429,429,45,0,0,256.0,384,405.75,424,40,0,0,0,1,256,256.0,256,0,5.0,5,0,0,0,0,0.0,0,0,0,0,0,0,0,0,0,0,0,0,0,0,0,0,0
experiments/cross_attack_drift_v1/features/additional_routing_window_features.csv,DIS_FLOOD_ATTACK_N16_SEED234567,dis_flood,attack,1,0,16,234567,120,180,0,140,140,0,14,1072,39625,2230,16,343,175,4,1,0,0,0,0,0,0,0,0,0,0,0,4,1,128,327.5,409,281,3,384,394.0,409,25,0,0,256.0,384,397.0,409,25,0,0,0,1,256,256.0,256,0,5.0,5,0,0,0,0,0.0,0,0,0,0,0,0,0,0,0,0,0,0,0,0,0,0,0
experiments/cross_attack_drift_v1/features/additional_routing_window_features.csv,DIS_FLOOD_ATTACK_N16_SEED234567,dis_flood,attack,1,0,16,234567,180,240,0,60,60,0,6,1031,37414,2100,16,337,171,2,0,0,0,0,0,0,0,0,0,0,0,0,2,1,128,259.0,390,262,1,390,390.0,390,0,0,0,0.0,389,398.5,409,20,0,0,0,1,256,256.0,256,0,5.0,5,0,0,0,0,0.0,0,0,0,0,0,0,0,0,0,0,0,0,0,0,0,0,0
experiments/cross_attack_drift_v1/features/additional_routing_window_features.csv,DIS_FLOOD_ATTACK_N16_SEED234567,dis_flood,attack,1,1,16,234567,240,300,1,80,80,0,8,1129,44147,2347,16,366,179,47,1,0,29,0,0,0,0,0,0,0,0,0,5,1,128,336.8298,396,268,38,384,386.2895,396,12,0,0,256.0,384,385.5,389,5,0,0,0,1,256,256.0,256,0,5.0,5,0,0,0,0,0.0,0,0,0,0,0,0,0,0,0,1,29,0,0,0,0,0,0
experiments/cross_attack_drift_v1/features/additional_routing_window_features.csv,DIS_FLOOD_ATTACK_N16_SEED234567,dis_flood,attack,1,1,16,234567,300,360,1,130,130,0,13,1091,42404,2300,16,358,176,50,0,0,30,0,0,0,0,0,0,0,0,0,5,1,128,338.06,387,259,41,384,384.1707,387,3,0,0,0.0,384,384.0,384,0,0,0,0,1,256,256.0,256,0,5.0,5,0,0,0,0,0.0,0,0,0,0,0,0,0,0,0,0,30,0,0,0,0,0,0
experiments/cross_attack_drift_v1/features/additional_routing_window_features.csv,DIS_FLOOD_ATTACK_N16_SEED234567,dis_flood,attack,1,1,16,234567,360,420,1,10,10,0,1,1119,43214,2355,16,367,179,48,0,0,30,0,0,0,0,0,0,0,0,0,5,1,128,336.4167,394,266,39,384,384.5128,394,10,0,0,0.0,384,386.5,394,10,0,0,0,1,256,256.0,256,0,5.0,5,0,0,0,0,0.0,0,0,0,0,0,0,0,0,0,0,30,0,0,0,0,0,0
experiments/cross_attack_drift_v1/features/additional_routing_window_features.csv,DIS_FLOOD_ATTACK_N16_SEED234567,dis_flood,attack,1,1,16,234567,420,480,1,140,140,0,14,1124,43702,2339,16,373,180,50,1,0,30,0,0,0,0,0,0,0,0,0,5,1,128,333.5,392,264,40,384,384.875,392,8,0,0,256.0,384,384.0,384,0,0,0,0,1,256,256.0,256,0,5.0,5,0,0,0,0,0.0,0,0,0,0,0,0,0,0,0,0,30,0,0,0,0,0,0
experiments/cross_attack_drift_v1/features/additional_routing_window_features.csv,DIS_FLOOD_ATTACK_N16_SEED234567,dis_flood,attack,1,1,16,234567,480,540,1,60,60,0,6,1138,44347,2366,16,371,182,48,0,0,30,0,0,0,0,0,0,0,0,0,5,1,128,330.6667,384,256,38,384,384.0,384,0,0,0,0.0,384,384.0,384,0,0,0,0,1,256,256.0,256,0,5.0,5,0,0,0,0,0.0,0,0,0,0,0,0,0,0,0,0,30,0,0,0,0,0,0
experiments/cross_attack_drift_v1/features/additional_routing_window_features.csv,DIS_FLOOD_ATTACK_N16_SEED345678,dis_flood,attack,1,0,16,345678,0,60,0,0,0,0,0,596,26481,1300,16,178,87,34,8,1,0,0,1,1,1,0,1,1,1,0,5,1,128,31054.1176,65535,65407,30,437,35177.6,65535,65098,0,0,32923.375,437,454.75,479,42,0,0,0,1,338,338.0,338,0,1.0,1,0,0,0,0,0.0,0,0,0,0,0,0,0,0,0,0,0,0,0,0,0,0,0
experiments/cross_attack_drift_v1/features/additional_routing_window_features.csv,DIS_FLOOD_ATTACK_N16_SEED345678,dis_flood,attack,1,0,16,345678,60,120,0,0,0,0,0,1074,40361,2250,16,342,172,8,1,0,0,0,0,0,0,0,0,0,0,0,5,1,128,382.875,472,344,7,388,419.2857,472,84,0,0,256.0,388,402.0,429,41,0,0,0,1,256,256.0,256,0,5.0,5,0,0,0,0,0.0,0,0,0,0,0,0,0,0,0,0,0,0,0,0,0,0,0
experiments/cross_attack_drift_v1/features/additional_routing_window_features.csv,DIS_FLOOD_ATTACK_N16_SEED345678,dis_flood,attack,1,0,16,345678,120,180,0,140,139,0,14,1054,39044,2212,16,336,170,3,1,0,0,0,0,0,0,0,0,0,0,0,3,1,384,393.3333,409,25,3,384,393.3333,409,25,0,0,256.0,384,392.0,409,25,0,0,0,1,256,256.0,256,0,5.0,5,0,0,0,0,0.0,0,0,0,0,0,0,0,0,0,0,0,0,0,0,0,0,0
experiments/cross_attack_drift_v1/features/additional_routing_window_features.csv,DIS_FLOOD_ATTACK_N16_SEED345678,dis_flood,attack,1,0,16,345678,180,240,0,40,40,0,4,1050,38894,2266,16,338,174,1,1,0,0,0,0,0,0,0,0,0,0,0,1,1,128,128.0,128,0,0,0.0,0.0,0.0,0.0,0,0,256.0,384,392.0,409,25,0,0,0,1,256,256.0,256,0,5.0,5,0,0,0,0,0.0,0,0,0,0,0,0,0,0,0,0,0,0,0,0,0,0,0
experiments/cross_attack_drift_v1/features/additional_routing_window_features.csv,DIS_FLOOD_ATTACK_N16_SEED345678,dis_flood,attack,1,1,16,345678,240,300,1,100,100,0,10,1145,44507,2451,16,374,182,46,0,0,29,0,0,0,0,0,0,0,0,0,5,1,128,334.913,392,264,37,384,385.2432,392,8,0,0,0.0,384,384.25,385,1,0,0,0,1,256,256.0,256,0,5.0,5,0,0,0,0,0.0,0,0,0,0,0,0,0,0,0,1,29,0,0,0,0,0,0
experiments/cross_attack_drift_v1/features/additional_routing_window_features.csv,DIS_FLOOD_ATTACK_N16_SEED345678,dis_flood,attack,1,1,16,345678,300,360,1,110,110,0,11,1113,43325,2339,16,362,180,53,0,0,30,0,0,0,0,0,0,0,0,0,5,1,128,331.1887,396,268,42,384,384.4048,396,12,0,0,0.0,384,384.0,384,0,0,0,0,1,256,256.0,256,0,5.0,5,0,0,0,0,0.0,0,0,0,0,0,0,0,0,0,0,30,0,0,0,0,0,0
experiments/cross_attack_drift_v1/features/additional_routing_window_features.csv,DIS_FLOOD_ATTACK_N16_SEED345678,dis_flood,attack,1,1,16,345678,360,420,1,30,30,0,3,1123,43492,2357,16,371,184,50,0,0,30,0,0,0,0,0,0,0,0,0,5,1,128,334.06,396,268,40,384,385.575,396,12,0,0,0.0,384,385.75,391,7,0,0,0,1,256,256.0,256,0,5.0,5,0,0,0,0,0.0,0,0,0,0,0,0,0,0,0,0,30,0,0,0,0,0,0
experiments/cross_attack_drift_v1/features/additional_routing_window_features.csv,DIS_FLOOD_ATTACK_N16_SEED345678,dis_flood,attack,1,1,16,345678,420,480,1,140,139,0,14,1123,43960,2383,16,370,179,50,1,0,30,0,0,0,0,0,0,0,0,0,5,1,128,334.18,393,265,40,384,385.725,393,9,0,0,256.0,384,384.25,385,1,0,0,0,1,256,256.0,256,0,5.0,5,0,0,0,0,0.0,0,0,0,0,0,0,0,0,0,0,30,0,0,0,0,0,0
experiments/cross_attack_drift_v1/features/additional_routing_window_features.csv,DIS_FLOOD_ATTACK_N16_SEED345678,dis_flood,attack,1,1,16,345678,480,540,1,40,40,0,4,1110,42909,2334,16,366,179,49,0,0,30,0,0,0,0,0,0,0,0,0,5,1,128,337.5102,396,268,40,384,384.65,396,12,0,0,0.0,384,384.0,384,0,0,0,0,1,256,256.0,256,0,5.0,5,0,0,0,0,0.0,0,0,0,0,0,0,0,0,0,0,30,0,0,0,0,0,0
experiments/cross_attack_drift_v1/features/additional_routing_window_features.csv,DIS_FLOOD_ATTACK_N16_SEED456789,dis_flood,attack,1,0,16,456789,0,60,0,0,0,0,0,537,24301,1226,16,162,81,32,7,0,0,0,1,1,1,0,1,1,1,0,5,1,128,32971.6562,65535,65407,28,465,37663.6071,65535,65070,0,0,37585.0,465,474.25,482,17,0,0,0,1,338,338.0,338,0,1.0,1,0,0,0,0,0.0,0,0,0,0,0,0,0,0,0,0,0,0,0,0,0,0,0
experiments/cross_attack_drift_v1/features/additional_routing_window_features.csv,DIS_FLOOD_ATTACK_N16_SEED456789,dis_flood,attack,1,0,16,456789,60,120,0,0,0,0,0,1080,40683,2392,16,340,172,4,1,0,0,0,0,0,0,0,0,0,0,0,4,1,385,404.25,420,35,4,385,404.25,420,35,0,0,256.0,385,404.25,420,35,0,0,0,1,256,256.0,256,0,5.0,5,0,0,0,0,0.0,0,0,0,0,0,0,0,0,0,0,0,0,0,0,0,0,0
experiments/cross_attack_drift_v1/features/additional_routing_window_features.csv,DIS_FLOOD_ATTACK_N16_SEED456789,dis_flood,attack,1,0,16,456789,120,180,0,140,140,0,14,1092,40371,2467,16,353,178,5,1,0,0,0,0,0,0,0,0,0,0,0,5,1,128,340.8,401,273,4,384,394.0,401,17,0,0,256.0,384,394.0,401,17,0,0,0,1,256,256.0,256,0,5.0,5,0,0,0,0,0.0,0,0,0,0,0,0,0,0,0,0,0,0,0,0,0,0,0
experiments/cross_attack_drift_v1/features/additional_routing_window_features.csv,DIS_FLOOD_ATTACK_N16_SEED456789,dis_flood,attack,1,0,16,456789,180,240,0,40,40,0,4,1043,38137,2348,16,339,169,2,1,0,0,0,0,0,0,0,0,0,0,0,2,1,384,384.0,384,0,2,384,384.0,384,0,0,0,256.0,384,391.75,401,17,0,0,0,1,256,256.0,256,0,5.0,5,0,0,0,0,0.0,0,0,0,0,0,0,0,0,0,0,0,0,0,0,0,0,0
experiments/cross_attack_drift_v1/features/additional_routing_window_features.csv,DIS_FLOOD_ATTACK_N16_SEED456789,dis_flood,attack,1,1,16,456789,240,300,1,100,100,0,10,1092,42566,2440,16,359,175,47,0,0,29,0,0,0,0,0,0,0,0,0,5,1,128,335.3617,388,260,38,384,384.4737,388,4,0,0,0.0,384,384.0,384,0,0,0,0,1,256,256.0,256,0,5.0,5,0,0,0,0,0.0,0,0,0,0,0,0,0,0,0,1,29,0,0,0,0,0,0
experiments/cross_attack_drift_v1/features/additional_routing_window_features.csv,DIS_FLOOD_ATTACK_N16_SEED456789,dis_flood,attack,1,1,16,456789,300,360,1,100,100,0,10,1106,42883,2471,16,363,176,50,0,0,30,0,0,0,0,0,0,0,0,0,5,1,128,332.8,384,256,40,384,384.0,384,0,0,0,0.0,384,384.0,384,0,0,0,0,1,256,256.0,256,0,5.0,5,0,0,0,0,0.0,0,0,0,0,0,0,0,0,0,0,30,0,0,0,0,0,0
experiments/cross_attack_drift_v1/features/additional_routing_window_features.csv,DIS_FLOOD_ATTACK_N16_SEED456789,dis_flood,attack,1,1,16,456789,360,420,1,40,40,0,4,1117,43316,2517,16,367,180,49,0,0,30,0,0,0,0,0,0,0,0,0,5,1,128,338.2653,396,268,40,384,385.575,396,12,0,0,0.0,384,384.5,386,2,0,0,0,1,256,256.0,256,0,5.0,5,0,0,0,0,0.0,0,0,0,0,0,0,0,0,0,0,30,0,0,0,0,0,0
experiments/cross_attack_drift_v1/features/additional_routing_window_features.csv,DIS_FLOOD_ATTACK_N16_SEED456789,dis_flood,attack,1,1,16,456789,420,480,1,140,138,0,14,1147,44788,2602,16,374,183,48,0,0,30,0,0,0,0,0,0,0,0,0,5,1,128,331.375,409,281,38,384,384.8947,409,25,0,0,0.0,384,386.25,393,9,0,0,0,1,256,256.0,256,0,5.0,5,0,0,0,0,0.0,0,0,0,0,0,0,0,0,0,0,30,0,0,0,0,0,0
experiments/cross_attack_drift_v1/features/additional_routing_window_features.csv,DIS_FLOOD_ATTACK_N16_SEED456789,dis_flood,attack,1,1,16,456789,480,540,1,40,40,0,4,1127,44111,2527,16,369,183,49,1,0,30,0,0,0,0,0,0,0,0,0,5,1,128,326.6327,389,261,38,384,384.1316,389,5,0,0,256.0,384,384.0,384,0,0,0,0,1,256,256.0,256,0,5.0,5,0,0,0,0,0.0,0,0,0,0,0,0,0,0,0,0,30,0,0,0,0,0,0
experiments/cross_attack_drift_v1/features/additional_routing_window_features.csv,DIS_FLOOD_ATTACK_N16_SEED567890,dis_flood,attack,1,0,16,567890,0,60,0,0,0,0,0,591,26793,1311,16,176,84,34,9,2,0,0,1,1,1,0,1,1,1,0,5,1,128,31055.9706,65535,65407,30,435,35179.7,65535,65100,0,0,29298.8889,435,453.0,469,34,0,0,0,1,338,338.0,338,0,1.0,1,0,0,0,0,0.0,0,0,0,0,0,0,0,0,0,0,0,0,0,0,0,0,0
experiments/cross_attack_drift_v1/features/additional_routing_window_features.csv,DIS_FLOOD_ATTACK_N16_SEED567890,dis_flood,attack,1,0,16,567890,60,120,0,0,0,0,0,1056,39820,2186,16,336,169,8,1,0,0,0,0,0,0,0,0,0,0,0,5,1,128,388.125,462,334,7,384,425.2857,462,78,0,0,256.0,384,410.0,435,51,0,0,0,1,256,256.0,256,0,5.0,5,0,0,0,0,0.0,0,0,0,0,0,0,0,0,0,0,0,0,0,0,0,0,0
experiments/cross_attack_drift_v1/features/additional_routing_window_features.csv,DIS_FLOOD_ATTACK_N16_SEED567890,dis_flood,attack,1,0,16,567890,120,180,0,140,140,0,14,1053,38794,2142,16,338,169,4,1,0,0,0,0,0,0,0,0,0,0,0,4,1,384,392.25,412,28,4,384,392.25,412,28,0,0,256.0,384,392.25,412,28,0,0,0,1,256,256.0,256,0,5.0,5,0,0,0,0,0.0,0,0,0,0,0,0,0,0,0,0,0,0,0,0,0,0,0
experiments/cross_attack_drift_v1/features/additional_routing_window_features.csv,DIS_FLOOD_ATTACK_N16_SEED567890,dis_flood,attack,1,0,16,567890,180,240,0,40,40,0,4,1055,38466,2164,16,344,171,3,0,0,0,0,0,0,0,0,0,0,0,0,3,1,128,298.6667,384,256,2,384,384.0,384,0,0,0,0.0,384,392.25,412,28,0,0,0,1,256,256.0,256,0,5.0,5,0,0,0,0,0.0,0,0,0,0,0,0,0,0,0,0,0,0,0,0,0,0,0
experiments/cross_attack_drift_v1/features/additional_routing_window_features.csv,DIS_FLOOD_ATTACK_N16_SEED567890,dis_flood,attack,1,1,16,567890,240,300,1,100,100,0,10,1148,45008,2366,16,367,181,47,1,0,29,0,0,0,0,0,0,0,0,0,5,1,128,336.2128,393,265,38,384,385.5263,393,9,0,0,256.0,384,384.5,386,2,0,0,0,1,256,256.0,256,0,5.0,5,0,0,0,0,0.0,0,0,0,0,0,0,0,0,0,1,29,0,0,0,0,0,0
experiments/cross_attack_drift_v1/features/additional_routing_window_features.csv,DIS_FLOOD_ATTACK_N16_SEED567890,dis_flood,attack,1,1,16,567890,300,360,1,130,130,0,13,1108,42971,2286,16,362,178,49,0,0,30,0,0,0,0,0,0,0,0,0,5,1,128,332.3469,399,271,39,384,384.7436,399,15,0,0,0.0,384,385.0,388,4,0,0,0,1,256,256.0,256,0,5.0,5,0,0,0,0,0.0,0,0,0,0,0,0,0,0,0,0,30,0,0,0,0,0,0
experiments/cross_attack_drift_v1/features/additional_routing_window_features.csv,DIS_FLOOD_ATTACK_N16_SEED567890,dis_flood,attack,1,1,16,567890,360,420,1,10,10,0,1,1104,42818,2304,16,363,177,51,0,0,30,0,0,0,0,0,0,0,0,0,5,1,128,333.8039,384,256,41,384,384.0,384,0,0,0,0.0,384,384.0,384,0,0,0,0,1,256,256.0,256,0,5.0,5,0,0,0,0,0.0,0,0,0,0,0,0,0,0,0,0,30,0,0,0,0,0,0
experiments/cross_attack_drift_v1/features/additional_routing_window_features.csv,DIS_FLOOD_ATTACK_N16_SEED567890,dis_flood,attack,1,1,16,567890,420,480,1,140,140,0,14,1165,45173,2388,16,381,187,51,0,0,30,0,0,0,0,0,0,0,0,0,5,1,128,328.7843,384,256,40,384,384.0,384,0,0,0,0.0,384,384.0,384,0,0,0,0,1,256,256.0,256,0,5.0,5,0,0,0,0,0.0,0,0,0,0,0,0,0,0,0,0,30,0,0,0,0,0,0
experiments/cross_attack_drift_v1/features/additional_routing_window_features.csv,DIS_FLOOD_ATTACK_N16_SEED567890,dis_flood,attack,1,1,16,567890,480,540,1,30,30,0,3,1124,44106,2356,16,364,179,50,1,0,30,0,0,0,0,0,0,0,0,0,5,1,128,338.46,396,268,41,384,384.6585,396,12,0,0,256.0,384,384.0,384,0,0,0,0,1,256,256.0,256,0,5.0,5,0,0,0,0,0.0,0,0,0,0,0,0,0,0,0,0,30,0,0,0,0,0,0
experiments/cross_attack_drift_v1/features/additional_routing_window_features.csv,DIS_FLOOD_CONTROL_N16_SEED123456,dis_flood,control,0,0,16,123456,0,60,0,0,0,0,0,623,27507,1290,16,188,90,33,8,2,0,0,1,1,1,0,1,1,1,0,5,1,128,31985.7576,65535,65407,29,456,36379.931,65535,65079,0,0,32919.75,456,471.0,500,44,0,0,0,1,338,338.0,338,0,1.0,1,0,0,0,0,0.0,0,0,0,0,0,0,0,0,0,0,0,0,0,0,0,0,0
experiments/cross_attack_drift_v1/features/additional_routing_window_features.csv,DIS_FLOOD_CONTROL_N16_SEED123456,dis_flood,control,0,0,16,123456,60,120,0,0,0,0,0,1069,40249,2128,16,337,171,8,1,0,0,0,0,0,0,0,0,0,0,0,5,1,128,378.875,449,321,7,384,414.7143,449,65,0,0,256.0,384,413.0,449,65,0,0,0,1,256,256.0,256,0,5.0,5,0,0,0,0,0.0,0,0,0,0,0,0,0,0,0,0,0,0,0,0,0,0,0
experiments/cross_attack_drift_v1/features/additional_routing_window_features.csv,DIS_FLOOD_CONTROL_N16_SEED123456,dis_flood,control,0,0,16,123456,120,180,0,140,140,0,14,1046,38768,2088,16,337,172,4,1,0,0,0,0,0,0,0,0,0,0,0,4,1,384,394.25,406,22,4,384,394.25,406,22,0,0,256.0,384,394.25,406,22,0,0,0,1,256,256.0,256,0,5.0,5,0,0,0,0,0.0,0,0,0,0,0,0,0,0,0,0,0,0,0,0,0,0,0
experiments/cross_attack_drift_v1/features/additional_routing_window_features.csv,DIS_FLOOD_CONTROL_N16_SEED123456,dis_flood,control,0,0,16,123456,180,240,0,40,40,0,4,1029,37392,2001,16,333,168,1,1,0,0,0,0,0,0,0,0,0,0,0,1,1,128,128.0,128,0,0,0.0,0.0,0.0,0.0,0,0,256.0,384,394.25,406,22,0,0,0,1,256,256.0,256,0,5.0,5,0,0,0,0,0.0,0,0,0,0,0,0,0,0,0,0,0,0,0,0,0,0,0
experiments/cross_attack_drift_v1/features/additional_routing_window_features.csv,DIS_FLOOD_CONTROL_N16_SEED123456,dis_flood,control,0,0,16,123456,240,300,1,100,98,0,10,1036,38317,2029,16,332,167,4,0,0,0,0,0,0,0,0,0,0,0,0,4,1,384,384.75,386,2,4,384,384.75,386,2,0,0,0.0,384,384.75,386,2,0,0,0,1,256,256.0,256,0,5.0,5,0,0,0,0,0.0,0,0,0,0,0,0,0,0,0,0,0,0,0,0,0,0,0
experiments/cross_attack_drift_v1/features/additional_routing_window_features.csv,DIS_FLOOD_CONTROL_N16_SEED123456,dis_flood,control,0,0,16,123456,300,360,1,130,130,0,13,1036,37480,2027,16,337,169,0,0,0,0,0,0,0,0,0,0,0,0,0,0,0,0.0,0.0,0.0,0.0,0,0.0,0.0,0.0,0.0,0,0,0.0,384,384.75,386,2,0,0,0,1,256,256.0,256,0,5.0,5,0,0,0,0,0.0,0,0,0,0,0,0,0,0,0,0,0,0,0,0,0,0,0
experiments/cross_attack_drift_v1/features/additional_routing_window_features.csv,DIS_FLOOD_CONTROL_N16_SEED123456,dis_flood,control,0,0,16,123456,360,420,1,10,10,0,1,1054,38271,2076,16,343,173,0,0,0,0,0,0,0,0,0,0,0,0,0,0,0,0.0,0.0,0.0,0.0,0,0.0,0.0,0.0,0.0,0,0,0.0,384,384.75,386,2,0,0,0,1,256,256.0,256,0,5.0,5,0,0,0,0,0.0,0,0,0,0,0,0,0,0,0,0,0,0,0,0,0,0,0
experiments/cross_attack_drift_v1/features/additional_routing_window_features.csv,DIS_FLOOD_CONTROL_N16_SEED123456,dis_flood,control,0,0,16,123456,420,480,1,140,140,0,14,1034,38190,2041,16,338,169,2,1,0,0,0,0,0,0,0,0,0,0,0,2,1,128,256.0,384,256,1,384,384.0,384,0,0,0,256.0,384,384.25,385,1,0,0,0,1,256,256.0,256,0,5.0,5,0,0,0,0,0.0,0,0,0,0,0,0,0,0,0,0,0,0,0,0,0,0,0
experiments/cross_attack_drift_v1/features/additional_routing_window_features.csv,DIS_FLOOD_CONTROL_N16_SEED123456,dis_flood,control,0,0,16,123456,480,540,1,30,30,0,3,1030,37739,2042,16,335,167,3,0,0,0,0,0,0,0,0,0,0,0,0,3,1,384,384.0,384,0,3,384,384.0,384,0,0,0,0.0,384,384.0,384,0,0,0,0,1,256,256.0,256,0,5.0,5,0,0,0,0,0.0,0,0,0,0,0,0,0,0,0,0,0,0,0,0,0,0,0
experiments/cross_attack_drift_v1/features/additional_routing_window_features.csv,DIS_FLOOD_CONTROL_N16_SEED234567,dis_flood,control,0,0,16,234567,0,60,0,0,0,0,0,611,27199,1316,16,184,88,34,8,1,0,0,1,1,1,0,1,1,1,0,5,1,128,31057.0588,65535,65407,30,442,35180.9333,65535,65093,0,0,32917.0,442,463.25,488,46,0,0,0,1,338,338.0,338,0,1.0,1,0,0,0,0,0.0,0,0,0,0,0,0,0,0,0,0,0,0,0,0,0,0,0
experiments/cross_attack_drift_v1/features/additional_routing_window_features.csv,DIS_FLOOD_CONTROL_N16_SEED234567,dis_flood,control,0,0,16,234567,60,120,0,0,0,0,0,1073,40168,2230,16,342,170,7,1,0,0,0,0,0,0,0,0,0,0,0,4,1,384,408.1429,429,45,7,384,408.1429,429,45,0,0,256.0,384,405.75,424,40,0,0,0,1,256,256.0,256,0,5.0,5,0,0,0,0,0.0,0,0,0,0,0,0,0,0,0,0,0,0,0,0,0,0,0
experiments/cross_attack_drift_v1/features/additional_routing_window_features.csv,DIS_FLOOD_CONTROL_N16_SEED234567,dis_flood,control,0,0,16,234567,120,180,0,140,140,0,14,1072,39625,2230,16,343,175,4,1,0,0,0,0,0,0,0,0,0,0,0,4,1,128,327.5,409,281,3,384,394.0,409,25,0,0,256.0,384,397.0,409,25,0,0,0,1,256,256.0,256,0,5.0,5,0,0,0,0,0.0,0,0,0,0,0,0,0,0,0,0,0,0,0,0,0,0,0
experiments/cross_attack_drift_v1/features/additional_routing_window_features.csv,DIS_FLOOD_CONTROL_N16_SEED234567,dis_flood,control,0,0,16,234567,180,240,0,60,60,0,6,1031,37414,2100,16,337,171,2,0,0,0,0,0,0,0,0,0,0,0,0,2,1,128,259.0,390,262,1,390,390.0,390,0,0,0,0.0,389,398.5,409,20,0,0,0,1,256,256.0,256,0,5.0,5,0,0,0,0,0.0,0,0,0,0,0,0,0,0,0,0,0,0,0,0,0,0,0
experiments/cross_attack_drift_v1/features/additional_routing_window_features.csv,DIS_FLOOD_CONTROL_N16_SEED234567,dis_flood,control,0,0,16,234567,240,300,1,80,80,0,8,1058,39279,2194,16,338,171,3,1,0,0,0,0,0,0,0,0,0,0,0,3,1,384,385.3333,388,4,3,384,385.3333,388,4,0,0,256.0,384,386.5,390,6,0,0,0,1,256,256.0,256,0,5.0,5,0,0,0,0,0.0,0,0,0,0,0,0,0,0,0,0,0,0,0,0,0,0,0
experiments/cross_attack_drift_v1/features/additional_routing_window_features.csv,DIS_FLOOD_CONTROL_N16_SEED234567,dis_flood,control,0,0,16,234567,300,360,1,120,120,0,12,989,35775,2030,16,324,165,0,0,0,0,0,0,0,0,0,0,0,0,0,0,0,0.0,0.0,0.0,0.0,0,0.0,0.0,0.0,0.0,0,0,0.0,384,386.5,390,6,0,0,0,1,256,256.0,256,0,5.0,5,0,0,0,0,0.0,0,0,0,0,0,0,0,0,0,0,0,0,0,0,0,0,0
experiments/cross_attack_drift_v1/features/additional_routing_window_features.csv,DIS_FLOOD_CONTROL_N16_SEED234567,dis_flood,control,0,0,16,234567,360,420,1,20,20,0,2,1044,38066,2154,16,338,169,0,0,0,0,0,0,0,0,0,0,0,0,0,0,0,0.0,0.0,0.0,0.0,0,0.0,0.0,0.0,0.0,0,0,0.0,384,386.5,390,6,0,0,0,1,256,256.0,256,0,5.0,5,0,0,0,0,0.0,0,0,0,0,0,0,0,0,0,0,0,0,0,0,0,0,0
experiments/cross_attack_drift_v1/features/additional_routing_window_features.csv,DIS_FLOOD_CONTROL_N16_SEED234567,dis_flood,control,0,0,16,234567,420,480,1,140,140,0,14,1055,38768,2182,16,340,174,4,0,0,0,0,0,0,0,0,0,0,0,0,4,1,128,324.5,394,266,3,384,390.0,394,10,0,0,0.0,384,388.5,394,10,0,0,0,1,256,256.0,256,0,5.0,5,0,0,0,0,0.0,0,0,0,0,0,0,0,0,0,0,0,0,0,0,0,0,0
experiments/cross_attack_drift_v1/features/additional_routing_window_features.csv,DIS_FLOOD_CONTROL_N16_SEED234567,dis_flood,control,0,0,16,234567,480,540,1,60,60,0,6,1073,39226,2195,16,347,172,1,1,0,0,0,0,0,0,0,0,0,0,0,1,1,384,384.0,384,0,1,384,384.0,384,0,0,0,256.0,384,388.5,394,10,0,0,0,1,256,256.0,256,0,5.0,5,0,0,0,0,0.0,0,0,0,0,0,0,0,0,0,0,0,0,0,0,0,0,0
experiments/cross_attack_drift_v1/features/additional_routing_window_features.csv,DIS_FLOOD_CONTROL_N16_SEED345678,dis_flood,control,0,0,16,345678,0,60,0,0,0,0,0,596,26481,1300,16,178,87,34,8,1,0,0,1,1,1,0,1,1,1,0,5,1,128,31054.1176,65535,65407,30,437,35177.6,65535,65098,0,0,32923.375,437,454.75,479,42,0,0,0,1,338,338.0,338,0,1.0,1,0,0,0,0,0.0,0,0,0,0,0,0,0,0,0,0,0,0,0,0,0,0,0
experiments/cross_attack_drift_v1/features/additional_routing_window_features.csv,DIS_FLOOD_CONTROL_N16_SEED345678,dis_flood,control,0,0,16,345678,60,120,0,0,0,0,0,1074,40361,2250,16,342,172,8,1,0,0,0,0,0,0,0,0,0,0,0,5,1,128,382.875,472,344,7,388,419.2857,472,84,0,0,256.0,388,402.0,429,41,0,0,0,1,256,256.0,256,0,5.0,5,0,0,0,0,0.0,0,0,0,0,0,0,0,0,0,0,0,0,0,0,0,0,0
experiments/cross_attack_drift_v1/features/additional_routing_window_features.csv,DIS_FLOOD_CONTROL_N16_SEED345678,dis_flood,control,0,0,16,345678,120,180,0,140,139,0,14,1054,39044,2212,16,336,170,3,1,0,0,0,0,0,0,0,0,0,0,0,3,1,384,393.3333,409,25,3,384,393.3333,409,25,0,0,256.0,384,392.0,409,25,0,0,0,1,256,256.0,256,0,5.0,5,0,0,0,0,0.0,0,0,0,0,0,0,0,0,0,0,0,0,0,0,0,0,0
experiments/cross_attack_drift_v1/features/additional_routing_window_features.csv,DIS_FLOOD_CONTROL_N16_SEED345678,dis_flood,control,0,0,16,345678,180,240,0,40,40,0,4,1050,38894,2266,16,338,174,1,1,0,0,0,0,0,0,0,0,0,0,0,1,1,128,128.0,128,0,0,0.0,0.0,0.0,0.0,0,0,256.0,384,392.0,409,25,0,0,0,1,256,256.0,256,0,5.0,5,0,0,0,0,0.0,0,0,0,0,0,0,0,0,0,0,0,0,0,0,0,0,0
experiments/cross_attack_drift_v1/features/additional_routing_window_features.csv,DIS_FLOOD_CONTROL_N16_SEED345678,dis_flood,control,0,0,16,345678,240,300,1,100,100,0,10,1087,40173,2267,16,351,177,4,0,0,0,0,0,0,0,0,0,0,0,0,4,1,384,385.0,388,4,4,384,385.0,388,4,0,0,0.0,384,385.0,388,4,0,0,0,1,256,256.0,256,0,5.0,5,0,0,0,0,0.0,0,0,0,0,0,0,0,0,0,0,0,0,0,0,0,0,0
experiments/cross_attack_drift_v1/features/additional_routing_window_features.csv,DIS_FLOOD_CONTROL_N16_SEED345678,dis_flood,control,0,0,16,345678,300,360,1,110,110,0,11,1040,37966,2211,16,335,169,0,0,0,0,0,0,0,0,0,0,0,0,0,0,0,0.0,0.0,0.0,0.0,0,0.0,0.0,0.0,0.0,0,0,0.0,384,385.0,388,4,0,0,0,1,256,256.0,256,0,5.0,5,0,0,0,0,0.0,0,0,0,0,0,0,0,0,0,0,0,0,0,0,0,0,0
experiments/cross_attack_drift_v1/features/additional_routing_window_features.csv,DIS_FLOOD_CONTROL_N16_SEED345678,dis_flood,control,0,0,16,345678,360,420,1,30,30,0,3,1048,38020,2171,16,340,172,0,0,0,0,0,0,0,0,0,0,0,0,0,0,0,0.0,0.0,0.0,0.0,0,0.0,0.0,0.0,0.0,0,0,0.0,384,385.0,388,4,0,0,0,1,256,256.0,256,0,5.0,5,0,0,0,0,0.0,0,0,0,0,0,0,0,0,0,0,0,0,0,0,0,0,0
experiments/cross_attack_drift_v1/features/additional_routing_window_features.csv,DIS_FLOOD_CONTROL_N16_SEED345678,dis_flood,control,0,0,16,345678,420,480,1,140,140,0,14,1045,38334,2170,16,340,171,3,1,0,0,0,0,0,0,0,0,0,0,0,3,1,128,298.6667,384,256,2,384,384.0,384,0,0,0,256.0,384,384.0,384,0,0,0,0,1,256,256.0,256,0,5.0,5,0,0,0,0,0.0,0,0,0,0,0,0,0,0,0,0,0,0,0,0,0,0,0
experiments/cross_attack_drift_v1/features/additional_routing_window_features.csv,DIS_FLOOD_CONTROL_N16_SEED345678,dis_flood,control,0,0,16,345678,480,540,1,50,50,0,5,1031,37821,2141,16,333,169,2,0,0,0,0,0,0,0,0,0,0,0,0,2,1,384,384.0,384,0,2,384,384.0,384,0,0,0,0.0,384,384.0,384,0,0,0,0,1,256,256.0,256,0,5.0,5,0,0,0,0,0.0,0,0,0,0,0,0,0,0,0,0,0,0,0,0,0,0,0
experiments/cross_attack_drift_v1/features/additional_routing_window_features.csv,DIS_FLOOD_CONTROL_N16_SEED456789,dis_flood,control,0,0,16,456789,0,60,0,0,0,0,0,537,24301,1226,16,162,81,32,7,0,0,0,1,1,1,0,1,1,1,0,5,1,128,32971.6562,65535,65407,28,465,37663.6071,65535,65070,0,0,37585.0,465,474.25,482,17,0,0,0,1,338,338.0,338,0,1.0,1,0,0,0,0,0.0,0,0,0,0,0,0,0,0,0,0,0,0,0,0,0,0,0
experiments/cross_attack_drift_v1/features/additional_routing_window_features.csv,DIS_FLOOD_CONTROL_N16_SEED456789,dis_flood,control,0,0,16,456789,60,120,0,0,0,0,0,1080,40683,2392,16,340,172,4,1,0,0,0,0,0,0,0,0,0,0,0,4,1,385,404.25,420,35,4,385,404.25,420,35,0,0,256.0,385,404.25,420,35,0,0,0,1,256,256.0,256,0,5.0,5,0,0,0,0,0.0,0,0,0,0,0,0,0,0,0,0,0,0,0,0,0,0,0
experiments/cross_attack_drift_v1/features/additional_routing_window_features.csv,DIS_FLOOD_CONTROL_N16_SEED456789,dis_flood,control,0,0,16,456789,120,180,0,140,140,0,14,1092,40371,2467,16,353,178,5,1,0,0,0,0,0,0,0,0,0,0,0,5,1,128,340.8,401,273,4,384,394.0,401,17,0,0,256.0,384,394.0,401,17,0,0,0,1,256,256.0,256,0,5.0,5,0,0,0,0,0.0,0,0,0,0,0,0,0,0,0,0,0,0,0,0,0,0,0
experiments/cross_attack_drift_v1/features/additional_routing_window_features.csv,DIS_FLOOD_CONTROL_N16_SEED456789,dis_flood,control,0,0,16,456789,180,240,0,40,40,0,4,1043,38137,2348,16,339,169,2,1,0,0,0,0,0,0,0,0,0,0,0,2,1,384,384.0,384,0,2,384,384.0,384,0,0,0,256.0,384,391.75,401,17,0,0,0,1,256,256.0,256,0,5.0,5,0,0,0,0,0.0,0,0,0,0,0,0,0,0,0,0,0,0,0,0,0,0,0
experiments/cross_attack_drift_v1/features/additional_routing_window_features.csv,DIS_FLOOD_CONTROL_N16_SEED456789,dis_flood,control,0,0,16,456789,240,300,1,100,100,0,10,1021,37550,2259,16,331,166,3,0,0,0,0,0,0,0,0,0,0,0,0,3,1,128,300.3333,388,260,2,385,386.5,388,3,0,0,0.0,384,385.25,388,4,0,0,0,1,256,256.0,256,0,5.0,5,0,0,0,0,0.0,0,0,0,0,0,0,0,0,0,0,0,0,0,0,0,0,0
experiments/cross_attack_drift_v1/features/additional_routing_window_features.csv,DIS_FLOOD_CONTROL_N16_SEED456789,dis_flood,control,0,0,16,456789,300,360,1,100,100,0,10,1047,38185,2328,16,340,169,0,0,0,0,0,0,0,0,0,0,0,0,0,0,0,0.0,0.0,0.0,0.0,0,0.0,0.0,0.0,0.0,0,0,0.0,384,385.25,388,4,0,0,0,1,256,256.0,256,0,5.0,5,0,0,0,0,0.0,0,0,0,0,0,0,0,0,0,0,0,0,0,0,0,0,0
experiments/cross_attack_drift_v1/features/additional_routing_window_features.csv,DIS_FLOOD_CONTROL_N16_SEED456789,dis_flood,control,0,0,16,456789,360,420,1,40,40,0,4,1038,37730,2278,16,336,173,1,0,0,0,0,0,0,0,0,0,0,0,0,1,1,128,128.0,128,0,0,0.0,0.0,0.0,0.0,0,0,0.0,384,385.25,388,4,0,0,0,1,256,256.0,256,0,5.0,5,0,0,0,0,0.0,0,0,0,0,0,0,0,0,0,0,0,0,0,0,0,0,0
experiments/cross_attack_drift_v1/features/additional_routing_window_features.csv,DIS_FLOOD_CONTROL_N16_SEED456789,dis_flood,control,0,0,16,456789,420,480,1,140,140,0,14,1049,38526,2336,16,339,170,1,1,0,0,0,0,0,0,0,0,0,0,0,1,1,384,384.0,384,0,1,384,384.0,384,0,0,0,256.0,384,385.0,388,4,0,0,0,1,256,256.0,256,0,5.0,5,0,0,0,0,0.0,0,0,0,0,0,0,0,0,0,0,0,0,0,0,0,0,0
experiments/cross_attack_drift_v1/features/additional_routing_window_features.csv,DIS_FLOOD_CONTROL_N16_SEED456789,dis_flood,control,0,0,16,456789,480,540,1,30,29,0,3,1014,36825,2255,16,330,165,1,0,0,0,0,0,0,0,0,0,0,0,0,1,1,384,384.0,384,0,1,384,384.0,384,0,0,0,0.0,384,385.0,388,4,0,0,0,1,256,256.0,256,0,5.0,5,0,0,0,0,0.0,0,0,0,0,0,0,0,0,0,0,0,0,0,0,0,0,0
experiments/cross_attack_drift_v1/features/additional_routing_window_features.csv,DIS_FLOOD_CONTROL_N16_SEED567890,dis_flood,control,0,0,16,567890,0,60,0,0,0,0,0,591,26793,1311,16,176,84,34,9,2,0,0,1,1,1,0,1,1,1,0,5,1,128,31055.9706,65535,65407,30,435,35179.7,65535,65100,0,0,29298.8889,435,453.0,469,34,0,0,0,1,338,338.0,338,0,1.0,1,0,0,0,0,0.0,0,0,0,0,0,0,0,0,0,0,0,0,0,0,0,0,0
experiments/cross_attack_drift_v1/features/additional_routing_window_features.csv,DIS_FLOOD_CONTROL_N16_SEED567890,dis_flood,control,0,0,16,567890,60,120,0,0,0,0,0,1056,39820,2186,16,336,169,8,1,0,0,0,0,0,0,0,0,0,0,0,5,1,128,388.125,462,334,7,384,425.2857,462,78,0,0,256.0,384,410.0,435,51,0,0,0,1,256,256.0,256,0,5.0,5,0,0,0,0,0.0,0,0,0,0,0,0,0,0,0,0,0,0,0,0,0,0,0
experiments/cross_attack_drift_v1/features/additional_routing_window_features.csv,DIS_FLOOD_CONTROL_N16_SEED567890,dis_flood,control,0,0,16,567890,120,180,0,140,140,0,14,1053,38794,2142,16,338,169,4,1,0,0,0,0,0,0,0,0,0,0,0,4,1,384,392.25,412,28,4,384,392.25,412,28,0,0,256.0,384,392.25,412,28,0,0,0,1,256,256.0,256,0,5.0,5,0,0,0,0,0.0,0,0,0,0,0,0,0,0,0,0,0,0,0,0,0,0,0
experiments/cross_attack_drift_v1/features/additional_routing_window_features.csv,DIS_FLOOD_CONTROL_N16_SEED567890,dis_flood,control,0,0,16,567890,180,240,0,40,40,0,4,1055,38466,2164,16,344,171,3,0,0,0,0,0,0,0,0,0,0,0,0,3,1,128,298.6667,384,256,2,384,384.0,384,0,0,0,0.0,384,392.25,412,28,0,0,0,1,256,256.0,256,0,5.0,5,0,0,0,0,0.0,0,0,0,0,0,0,0,0,0,0,0,0,0,0,0,0,0
experiments/cross_attack_drift_v1/features/additional_routing_window_features.csv,DIS_FLOOD_CONTROL_N16_SEED567890,dis_flood,control,0,0,16,567890,240,300,1,100,100,0,10,1069,39484,2180,16,339,170,2,1,0,0,0,0,0,0,0,0,0,0,0,2,1,384,387.5,391,7,2,384,387.5,391,7,0,0,256.0,384,385.75,391,7,0,0,0,1,256,256.0,256,0,5.0,5,0,0,0,0,0.0,0,0,0,0,0,0,0,0,0,0,0,0,0,0,0,0,0
experiments/cross_attack_drift_v1/features/additional_routing_window_features.csv,DIS_FLOOD_CONTROL_N16_SEED567890,dis_flood,control,0,0,16,567890,300,360,1,130,130,0,13,1040,37680,2129,16,339,171,0,0,0,0,0,0,0,0,0,0,0,0,0,0,0,0.0,0.0,0.0,0.0,0,0.0,0.0,0.0,0.0,0,0,0.0,384,385.75,391,7,0,0,0,1,256,256.0,256,0,5.0,5,0,0,0,0,0.0,0,0,0,0,0,0,0,0,0,0,0,0,0,0,0,0,0
experiments/cross_attack_drift_v1/features/additional_routing_window_features.csv,DIS_FLOOD_CONTROL_N16_SEED567890,dis_flood,control,0,0,16,567890,360,420,1,10,10,0,1,1022,36941,2067,16,335,170,0,0,0,0,0,0,0,0,0,0,0,0,0,0,0,0.0,0.0,0.0,0.0,0,0.0,0.0,0.0,0.0,0,0,0.0,384,385.75,391,7,0,0,0,1,256,256.0,256,0,5.0,5,0,0,0,0,0.0,0,0,0,0,0,0,0,0,0,0,0,0,0,0,0,0,0
experiments/cross_attack_drift_v1/features/additional_routing_window_features.csv,DIS_FLOOD_CONTROL_N16_SEED567890,dis_flood,control,0,0,16,567890,420,480,1,140,140,0,14,1065,39293,2165,16,340,171,3,1,0,0,0,0,0,0,0,0,0,0,0,3,1,128,301.3333,392,264,2,384,388.0,392,8,0,0,256.0,384,387.75,392,8,0,0,0,1,256,256.0,256,0,5.0,5,0,0,0,0,0.0,0,0,0,0,0,0,0,0,0,0,0,0,0,0,0,0,0
experiments/cross_attack_drift_v1/features/additional_routing_window_features.csv,DIS_FLOOD_CONTROL_N16_SEED567890,dis_flood,control,0,0,16,567890,480,540,1,40,40,0,4,1062,38749,2149,16,346,174,2,0,0,0,0,0,0,0,0,0,0,0,0,2,1,384,384.0,384,0,2,384,384.0,384,0,0,0,0.0,384,386.0,392,8,0,0,0,1,256,256.0,256,0,5.0,5,0,0,0,0,0.0,0,0,0,0,0,0,0,0,0,0,0,0,0,0,0,0,0
experiments/cross_attack_drift_v1/features/additional_routing_window_features.csv,GRAYHOLE_ATTACK_N16_SEED123456,grayhole,attack,1,0,16,123456,0,60,0,0,0,0,0,623,27507,1290,16,188,90,33,8,2,0,0,1,1,1,0,1,1,1,0,5,1,128,31985.7576,65535,65407,29,456,36379.931,65535,65079,0,0,32919.75,456,471.0,500,44,0,0,0,1,338,338.0,338,0,1.0,1,0,0,0,0,0.0,0,0,0,0,0,0,0,0,0,0,0,0,0,0,0,0,0
experiments/cross_attack_drift_v1/features/additional_routing_window_features.csv,GRAYHOLE_ATTACK_N16_SEED123456,grayhole,attack,1,0,16,123456,60,120,0,0,0,0,0,1069,40249,2128,16,337,171,8,1,0,0,0,0,0,0,0,0,0,0,0,5,1,128,378.875,449,321,7,384,414.7143,449,65,0,0,256.0,384,413.0,449,65,0,0,0,1,256,256.0,256,0,5.0,5,0,0,0,0,0.0,0,0,0,0,0,0,0,0,0,0,0,0,0,0,0,0,0
experiments/cross_attack_drift_v1/features/additional_routing_window_features.csv,GRAYHOLE_ATTACK_N16_SEED123456,grayhole,attack,1,0,16,123456,120,180,0,140,140,0,14,1046,38768,2088,16,337,172,4,1,0,0,0,0,0,0,0,0,0,0,0,4,1,384,394.25,406,22,4,384,394.25,406,22,0,0,256.0,384,394.25,406,22,0,0,0,1,256,256.0,256,0,5.0,5,0,0,0,0,0.0,0,0,0,0,0,0,0,0,0,0,0,0,0,0,0,0,0
experiments/cross_attack_drift_v1/features/additional_routing_window_features.csv,GRAYHOLE_ATTACK_N16_SEED123456,grayhole,attack,1,0,16,123456,180,240,0,40,40,0,4,1029,37392,2001,16,333,168,1,1,0,0,0,0,0,0,0,0,0,0,0,1,1,128,128.0,128,0,0,0.0,0.0,0.0,0.0,0,0,256.0,384,394.25,406,22,0,0,0,1,256,256.0,256,0,5.0,5,0,0,0,0,0.0,0,0,0,0,0,0,0,0,0,0,0,0,0,0,0,0,0
experiments/cross_attack_drift_v1/features/additional_routing_window_features.csv,GRAYHOLE_ATTACK_N16_SEED123456,grayhole,attack,1,1,16,123456,240,300,1,100,95,0,10,698,25679,1451,16,209,85,4,0,0,0,0,0,0,0,0,0,0,0,0,4,1,384,384.75,386,2,4,384,384.75,386,2,0,0,0.0,384,384.75,386,2,0,0,0,1,256,256.0,256,0,5.0,5,0,0,0,0,0.0,0,0,0,0,0,1,41,0,0,0,0,0,0,0,0,0,0
experiments/cross_attack_drift_v1/features/additional_routing_window_features.csv,GRAYHOLE_ATTACK_N16_SEED123456,grayhole,attack,1,1,16,123456,300,360,1,130,65,0,13,708,25411,1468,16,213,85,0,0,0,0,0,0,0,0,0,0,0,0,0,0,0,0.0,0.0,0.0,0.0,0,0.0,0.0,0.0,0.0,0,0,0.0,384,384.75,386,2,0,0,0,1,256,256.0,256,0,5.0,5,0,0,0,0,0.0,0,0,0,0,0,0,42,0,0,0,0,0,0,0,0,0,0
experiments/cross_attack_drift_v1/features/additional_routing_window_features.csv,GRAYHOLE_ATTACK_N16_SEED123456,grayhole,attack,1,1,16,123456,360,420,1,10,8,0,1,700,24873,1442,16,215,88,0,0,0,0,0,0,0,0,0,0,0,0,0,0,0,0.0,0.0,0.0,0.0,0,0.0,0.0,0.0,0.0,0,0,0.0,384,384.75,386,2,0,0,0,1,256,256.0,256,0,5.0,5,0,0,0,0,0.0,0,0,0,0,0,0,42,0,0,0,0,0,0,0,0,0,0
experiments/cross_attack_drift_v1/features/additional_routing_window_features.csv,GRAYHOLE_ATTACK_N16_SEED123456,grayhole,attack,1,1,16,123456,420,480,1,140,72,0,14,722,26498,1507,16,212,84,1,0,0,0,0,0,0,0,0,0,0,0,0,1,1,384,384.0,384,0,1,384,384.0,384,0,0,0,0.0,384,384.25,385,1,0,0,0,1,256,256.0,256,0,5.0,5,0,0,0,0,0.0,0,0,0,0,0,0,42,0,0,0,0,0,0,0,0,0,0
experiments/cross_attack_drift_v1/features/additional_routing_window_features.csv,GRAYHOLE_ATTACK_N16_SEED123456,grayhole,attack,1,1,16,123456,480,540,1,40,18,0,4,702,25599,1463,16,213,85,3,1,0,0,0,0,0,0,0,0,0,0,0,3,1,128,298.6667,384,256,2,384,384.0,384,0,0,0,256.0,384,384.25,385,1,0,0,0,1,256,256.0,256,0,5.0,5,0,0,0,0,0.0,0,0,0,0,0,0,43,0,0,0,0,0,0,0,0,0,0
experiments/cross_attack_drift_v1/features/additional_routing_window_features.csv,GRAYHOLE_ATTACK_N16_SEED234567,grayhole,attack,1,0,16,234567,0,60,0,0,0,0,0,611,27199,1316,16,184,88,34,8,1,0,0,1,1,1,0,1,1,1,0,5,1,128,31057.0588,65535,65407,30,442,35180.9333,65535,65093,0,0,32917.0,442,463.25,488,46,0,0,0,1,338,338.0,338,0,1.0,1,0,0,0,0,0.0,0,0,0,0,0,0,0,0,0,0,0,0,0,0,0,0,0
experiments/cross_attack_drift_v1/features/additional_routing_window_features.csv,GRAYHOLE_ATTACK_N16_SEED234567,grayhole,attack,1,0,16,234567,60,120,0,0,0,0,0,1073,40168,2230,16,342,170,7,1,0,0,0,0,0,0,0,0,0,0,0,4,1,384,408.1429,429,45,7,384,408.1429,429,45,0,0,256.0,384,405.75,424,40,0,0,0,1,256,256.0,256,0,5.0,5,0,0,0,0,0.0,0,0,0,0,0,0,0,0,0,0,0,0,0,0,0,0,0
experiments/cross_attack_drift_v1/features/additional_routing_window_features.csv,GRAYHOLE_ATTACK_N16_SEED234567,grayhole,attack,1,0,16,234567,120,180,0,140,140,0,14,1072,39625,2230,16,343,175,4,1,0,0,0,0,0,0,0,0,0,0,0,4,1,128,327.5,409,281,3,384,394.0,409,25,0,0,256.0,384,397.0,409,25,0,0,0,1,256,256.0,256,0,5.0,5,0,0,0,0,0.0,0,0,0,0,0,0,0,0,0,0,0,0,0,0,0,0,0
experiments/cross_attack_drift_v1/features/additional_routing_window_features.csv,GRAYHOLE_ATTACK_N16_SEED234567,grayhole,attack,1,0,16,234567,180,240,0,60,60,0,6,1031,37414,2100,16,337,171,2,0,0,0,0,0,0,0,0,0,0,0,0,2,1,128,259.0,390,262,1,390,390.0,390,0,0,0,0.0,389,398.5,409,20,0,0,0,1,256,256.0,256,0,5.0,5,0,0,0,0,0.0,0,0,0,0,0,0,0,0,0,0,0,0,0,0,0,0,0
experiments/cross_attack_drift_v1/features/additional_routing_window_features.csv,GRAYHOLE_ATTACK_N16_SEED234567,grayhole,attack,1,1,16,234567,240,300,1,80,77,0,8,733,27287,1614,16,216,86,3,1,0,0,0,0,0,0,0,0,0,0,0,3,1,384,385.3333,388,4,3,384,385.3333,388,4,0,0,256.0,384,386.5,390,6,0,0,0,1,256,256.0,256,0,5.0,5,0,0,0,0,0.0,0,0,0,0,0,1,41,0,0,0,0,0,0,0,0,0,0
experiments/cross_attack_drift_v1/features/additional_routing_window_features.csv,GRAYHOLE_ATTACK_N16_SEED234567,grayhole,attack,1,1,16,234567,300,360,1,130,70,0,13,695,24913,1507,16,209,84,0,0,0,0,0,0,0,0,0,0,0,0,0,0,0,0.0,0.0,0.0,0.0,0,0.0,0.0,0.0,0.0,0,0,0.0,384,386.5,390,6,0,0,0,1,256,256.0,256,0,5.0,5,0,0,0,0,0.0,0,0,0,0,0,0,41,0,0,0,0,0,0,0,0,0,0
experiments/cross_attack_drift_v1/features/additional_routing_window_features.csv,GRAYHOLE_ATTACK_N16_SEED234567,grayhole,attack,1,1,16,234567,360,420,1,10,5,0,1,697,24883,1517,16,212,85,0,0,0,0,0,0,0,0,0,0,0,0,0,0,0,0.0,0.0,0.0,0.0,0,0.0,0.0,0.0,0.0,0,0,0.0,384,386.5,390,6,0,0,0,1,256,256.0,256,0,5.0,5,0,0,0,0,0.0,0,0,0,0,0,0,42,0,0,0,0,0,0,0,0,0,0
experiments/cross_attack_drift_v1/features/additional_routing_window_features.csv,GRAYHOLE_ATTACK_N16_SEED234567,grayhole,attack,1,1,16,234567,420,480,1,140,70,0,14,703,25477,1526,16,212,86,2,0,0,0,0,0,0,0,0,0,0,0,0,2,1,128,256.0,384,256,1,384,384.0,384,0,0,0,0.0,384,385.5,390,6,0,0,0,1,256,256.0,256,0,5.0,5,0,0,0,0,0.0,0,0,0,0,0,0,42,0,0,0,0,0,0,0,0,0,0
experiments/cross_attack_drift_v1/features/additional_routing_window_features.csv,GRAYHOLE_ATTACK_N16_SEED234567,grayhole,attack,1,1,16,234567,480,540,1,60,27,0,6,703,25375,1532,16,213,84,2,1,0,0,0,0,0,0,0,0,0,0,0,2,1,384,384.0,384,0,2,384,384.0,384,0,0,0,256.0,384,385.5,390,6,0,0,0,1,256,256.0,256,0,5.0,5,0,0,0,0,0.0,0,0,0,0,0,0,43,0,0,0,0,0,0,0,0,0,0
experiments/cross_attack_drift_v1/features/additional_routing_window_features.csv,GRAYHOLE_ATTACK_N16_SEED345678,grayhole,attack,1,0,16,345678,0,60,0,0,0,0,0,596,26481,1300,16,178,87,34,8,1,0,0,1,1,1,0,1,1,1,0,5,1,128,31054.1176,65535,65407,30,437,35177.6,65535,65098,0,0,32923.375,437,454.75,479,42,0,0,0,1,338,338.0,338,0,1.0,1,0,0,0,0,0.0,0,0,0,0,0,0,0,0,0,0,0,0,0,0,0,0,0
experiments/cross_attack_drift_v1/features/additional_routing_window_features.csv,GRAYHOLE_ATTACK_N16_SEED345678,grayhole,attack,1,0,16,345678,60,120,0,0,0,0,0,1074,40361,2250,16,342,172,8,1,0,0,0,0,0,0,0,0,0,0,0,5,1,128,382.875,472,344,7,388,419.2857,472,84,0,0,256.0,388,402.0,429,41,0,0,0,1,256,256.0,256,0,5.0,5,0,0,0,0,0.0,0,0,0,0,0,0,0,0,0,0,0,0,0,0,0,0,0
experiments/cross_attack_drift_v1/features/additional_routing_window_features.csv,GRAYHOLE_ATTACK_N16_SEED345678,grayhole,attack,1,0,16,345678,120,180,0,140,139,0,14,1054,39044,2212,16,336,170,3,1,0,0,0,0,0,0,0,0,0,0,0,3,1,384,393.3333,409,25,3,384,393.3333,409,25,0,0,256.0,384,392.0,409,25,0,0,0,1,256,256.0,256,0,5.0,5,0,0,0,0,0.0,0,0,0,0,0,0,0,0,0,0,0,0,0,0,0,0,0
experiments/cross_attack_drift_v1/features/additional_routing_window_features.csv,GRAYHOLE_ATTACK_N16_SEED345678,grayhole,attack,1,0,16,345678,180,240,0,40,40,0,4,1050,38894,2266,16,338,174,1,1,0,0,0,0,0,0,0,0,0,0,0,1,1,128,128.0,128,0,0,0.0,0.0,0.0,0.0,0,0,256.0,384,392.0,409,25,0,0,0,1,256,256.0,256,0,5.0,5,0,0,0,0,0.0,0,0,0,0,0,0,0,0,0,0,0,0,0,0,0,0,0
experiments/cross_attack_drift_v1/features/additional_routing_window_features.csv,GRAYHOLE_ATTACK_N16_SEED345678,grayhole,attack,1,1,16,345678,240,300,1,100,96,0,10,763,28424,1711,16,221,88,4,0,0,0,0,0,0,0,0,0,0,0,0,4,1,384,388.0,396,12,4,384,388.0,396,12,0,0,0.0,384,388.0,396,12,0,0,0,1,256,256.0,256,0,5.0,5,0,0,0,0,0.0,0,0,0,0,0,1,43,0,0,0,0,0,0,0,0,0,0
experiments/cross_attack_drift_v1/features/additional_routing_window_features.csv,GRAYHOLE_ATTACK_N16_SEED345678,grayhole,attack,1,1,16,345678,300,360,1,120,61,0,12,699,25124,1582,16,207,82,0,0,0,0,0,0,0,0,0,0,0,0,0,0,0,0.0,0.0,0.0,0.0,0,0.0,0.0,0.0,0.0,0,0,0.0,384,388.0,396,12,0,0,0,1,256,256.0,256,0,5.0,5,0,0,0,0,0.0,0,0,0,0,0,0,42,0,0,0,0,0,0,0,0,0,0
experiments/cross_attack_drift_v1/features/additional_routing_window_features.csv,GRAYHOLE_ATTACK_N16_SEED345678,grayhole,attack,1,1,16,345678,360,420,1,20,10,0,2,679,24177,1484,16,209,86,1,0,0,0,0,0,0,0,0,0,0,0,0,1,1,128,128.0,128,0,0,0.0,0.0,0.0,0.0,0,0,0.0,384,388.0,396,12,0,0,0,1,256,256.0,256,0,5.0,5,0,0,0,0,0.0,0,0,0,0,0,0,42,0,0,0,0,0,0,0,0,0,0
experiments/cross_attack_drift_v1/features/additional_routing_window_features.csv,GRAYHOLE_ATTACK_N16_SEED345678,grayhole,attack,1,1,16,345678,420,480,1,140,73,0,14,726,26664,1630,16,216,86,2,0,0,0,0,0,0,0,0,0,0,0,0,2,1,384,384.0,384,0,2,384,384.0,384,0,0,0,0.0,384,387.0,396,12,0,0,0,1,256,256.0,256,0,5.0,5,0,0,0,0,0.0,0,0,0,0,0,0,43,0,0,0,0,0,0,0,0,0,0
experiments/cross_attack_drift_v1/features/additional_routing_window_features.csv,GRAYHOLE_ATTACK_N16_SEED345678,grayhole,attack,1,1,16,345678,480,540,1,50,22,0,5,705,25483,1549,16,210,84,1,1,0,0,0,0,0,0,0,0,0,0,0,1,1,384,384.0,384,0,1,384,384.0,384,0,0,0,256.0,384,387.0,396,12,0,0,0,1,256,256.0,256,0,5.0,5,0,0,0,0,0.0,0,0,0,0,0,0,41,0,0,0,0,0,0,0,0,0,0
experiments/cross_attack_drift_v1/features/additional_routing_window_features.csv,GRAYHOLE_ATTACK_N16_SEED456789,grayhole,attack,1,0,16,456789,0,60,0,0,0,0,0,537,24301,1226,16,162,81,32,7,0,0,0,1,1,1,0,1,1,1,0,5,1,128,32971.6562,65535,65407,28,465,37663.6071,65535,65070,0,0,37585.0,465,474.25,482,17,0,0,0,1,338,338.0,338,0,1.0,1,0,0,0,0,0.0,0,0,0,0,0,0,0,0,0,0,0,0,0,0,0,0,0
experiments/cross_attack_drift_v1/features/additional_routing_window_features.csv,GRAYHOLE_ATTACK_N16_SEED456789,grayhole,attack,1,0,16,456789,60,120,0,0,0,0,0,1080,40683,2392,16,340,172,4,1,0,0,0,0,0,0,0,0,0,0,0,4,1,385,404.25,420,35,4,385,404.25,420,35,0,0,256.0,385,404.25,420,35,0,0,0,1,256,256.0,256,0,5.0,5,0,0,0,0,0.0,0,0,0,0,0,0,0,0,0,0,0,0,0,0,0,0,0
experiments/cross_attack_drift_v1/features/additional_routing_window_features.csv,GRAYHOLE_ATTACK_N16_SEED456789,grayhole,attack,1,0,16,456789,120,180,0,140,140,0,14,1092,40371,2467,16,353,178,5,1,0,0,0,0,0,0,0,0,0,0,0,5,1,128,340.8,401,273,4,384,394.0,401,17,0,0,256.0,384,394.0,401,17,0,0,0,1,256,256.0,256,0,5.0,5,0,0,0,0,0.0,0,0,0,0,0,0,0,0,0,0,0,0,0,0,0,0,0
experiments/cross_attack_drift_v1/features/additional_routing_window_features.csv,GRAYHOLE_ATTACK_N16_SEED456789,grayhole,attack,1,0,16,456789,180,240,0,40,40,0,4,1043,38137,2348,16,339,169,2,1,0,0,0,0,0,0,0,0,0,0,0,2,1,384,384.0,384,0,2,384,384.0,384,0,0,0,256.0,384,391.75,401,17,0,0,0,1,256,256.0,256,0,5.0,5,0,0,0,0,0.0,0,0,0,0,0,0,0,0,0,0,0,0,0,0,0,0,0
experiments/cross_attack_drift_v1/features/additional_routing_window_features.csv,GRAYHOLE_ATTACK_N16_SEED456789,grayhole,attack,1,1,16,456789,240,300,1,100,95,0,10,689,24994,1613,16,210,85,3,0,0,0,0,0,0,0,0,0,0,0,0,3,1,128,300.0,388,260,2,384,386.0,388,4,0,0,0.0,384,385.0,388,4,0,0,0,1,256,256.0,256,0,5.0,5,0,0,0,0,0.0,0,0,0,0,0,1,41,0,0,0,0,0,0,0,0,0,0
experiments/cross_attack_drift_v1/features/additional_routing_window_features.csv,GRAYHOLE_ATTACK_N16_SEED456789,grayhole,attack,1,1,16,456789,300,360,1,100,59,0,10,690,24716,1653,16,213,86,0,0,0,0,0,0,0,0,0,0,0,0,0,0,0,0.0,0.0,0.0,0.0,0,0.0,0.0,0.0,0.0,0,0,0.0,384,385.0,388,4,0,0,0,1,256,256.0,256,0,5.0,5,0,0,0,0,0.0,0,0,0,0,0,0,42,0,0,0,0,0,0,0,0,0,0
experiments/cross_attack_drift_v1/features/additional_routing_window_features.csv,GRAYHOLE_ATTACK_N16_SEED456789,grayhole,attack,1,1,16,456789,360,420,1,40,12,0,4,679,24342,1607,16,206,83,2,0,0,0,0,0,0,0,0,0,0,0,0,2,1,128,256.0,384,256,1,384,384.0,384,0,0,0,0.0,384,385.0,388,4,0,0,0,1,264,264.0,264,0,5.0,5,0,0,0,0,0.0,0,0,0,0,0,0,42,0,0,0,0,0,0,0,0,0,0
experiments/cross_attack_drift_v1/features/additional_routing_window_features.csv,GRAYHOLE_ATTACK_N16_SEED456789,grayhole,attack,1,1,16,456789,420,480,1,140,70,0,14,724,26551,1724,16,213,86,2,1,0,0,0,0,0,0,0,0,0,0,0,2,1,384,387.5,391,7,2,384,387.5,391,7,0,0,256.0,384,385.75,391,7,0,0,0,1,256,256.0,256,0,5.0,5,0,0,0,0,0.0,0,0,0,0,0,0,42,0,0,0,0,0,0,0,0,0,0
experiments/cross_attack_drift_v1/features/additional_routing_window_features.csv,GRAYHOLE_ATTACK_N16_SEED456789,grayhole,attack,1,1,16,456789,480,540,1,30,11,0,3,710,26011,1701,16,206,82,1,0,0,0,0,0,0,0,0,0,0,0,0,1,1,384,384.0,384,0,1,384,384.0,384,0,0,0,0.0,384,385.75,391,7,0,0,0,1,256,256.0,256,0,5.0,5,0,0,0,0,0.0,0,0,0,0,0,0,41,0,0,0,0,0,0,0,0,0,0
experiments/cross_attack_drift_v1/features/additional_routing_window_features.csv,GRAYHOLE_ATTACK_N16_SEED567890,grayhole,attack,1,0,16,567890,0,60,0,0,0,0,0,591,26793,1311,16,176,84,34,9,2,0,0,1,1,1,0,1,1,1,0,5,1,128,31055.9706,65535,65407,30,435,35179.7,65535,65100,0,0,29298.8889,435,453.0,469,34,0,0,0,1,338,338.0,338,0,1.0,1,0,0,0,0,0.0,0,0,0,0,0,0,0,0,0,0,0,0,0,0,0,0,0
experiments/cross_attack_drift_v1/features/additional_routing_window_features.csv,GRAYHOLE_ATTACK_N16_SEED567890,grayhole,attack,1,0,16,567890,60,120,0,0,0,0,0,1056,39820,2186,16,336,169,8,1,0,0,0,0,0,0,0,0,0,0,0,5,1,128,388.125,462,334,7,384,425.2857,462,78,0,0,256.0,384,410.0,435,51,0,0,0,1,256,256.0,256,0,5.0,5,0,0,0,0,0.0,0,0,0,0,0,0,0,0,0,0,0,0,0,0,0,0,0
experiments/cross_attack_drift_v1/features/additional_routing_window_features.csv,GRAYHOLE_ATTACK_N16_SEED567890,grayhole,attack,1,0,16,567890,120,180,0,140,140,0,14,1053,38794,2142,16,338,169,4,1,0,0,0,0,0,0,0,0,0,0,0,4,1,384,392.25,412,28,4,384,392.25,412,28,0,0,256.0,384,392.25,412,28,0,0,0,1,256,256.0,256,0,5.0,5,0,0,0,0,0.0,0,0,0,0,0,0,0,0,0,0,0,0,0,0,0,0,0
experiments/cross_attack_drift_v1/features/additional_routing_window_features.csv,GRAYHOLE_ATTACK_N16_SEED567890,grayhole,attack,1,0,16,567890,180,240,0,40,40,0,4,1055,38466,2164,16,344,171,3,0,0,0,0,0,0,0,0,0,0,0,0,3,1,128,298.6667,384,256,2,384,384.0,384,0,0,0,0.0,384,392.25,412,28,0,0,0,1,256,256.0,256,0,5.0,5,0,0,0,0,0.0,0,0,0,0,0,0,0,0,0,0,0,0,0,0,0,0,0
experiments/cross_attack_drift_v1/features/additional_routing_window_features.csv,GRAYHOLE_ATTACK_N16_SEED567890,grayhole,attack,1,1,16,567890,240,300,1,100,93,0,10,737,27448,1637,16,214,85,2,1,0,0,0,0,0,0,0,0,0,0,0,2,1,384,387.5,391,7,2,384,387.5,391,7,0,0,256.0,384,385.75,391,7,0,0,0,1,256,256.0,256,0,5.0,5,0,0,0,0,0.0,0,0,0,0,0,1,41,0,0,0,0,0,0,0,0,0,0
experiments/cross_attack_drift_v1/features/additional_routing_window_features.csv,GRAYHOLE_ATTACK_N16_SEED567890,grayhole,attack,1,1,16,567890,300,360,1,130,69,0,13,700,25074,1505,16,211,84,0,0,0,0,0,0,0,0,0,0,0,0,0,0,0,0.0,0.0,0.0,0.0,0,0.0,0.0,0.0,0.0,0,0,0.0,384,385.75,391,7,0,0,0,1,256,256.0,256,0,5.0,5,0,0,0,0,0.0,0,0,0,0,0,0,43,0,0,0,0,0,0,0,0,0,0
experiments/cross_attack_drift_v1/features/additional_routing_window_features.csv,GRAYHOLE_ATTACK_N16_SEED567890,grayhole,attack,1,1,16,567890,360,420,1,10,4,0,1,682,24283,1472,16,209,84,0,0,0,0,0,0,0,0,0,0,0,0,0,0,0,0.0,0.0,0.0,0.0,0,0.0,0.0,0.0,0.0,0,0,0.0,384,385.75,391,7,0,0,0,1,256,256.0,256,0,5.0,5,0,0,0,0,0.0,0,0,0,0,0,0,41,0,0,0,0,0,0,0,0,0,0
experiments/cross_attack_drift_v1/features/additional_routing_window_features.csv,GRAYHOLE_ATTACK_N16_SEED567890,grayhole,attack,1,1,16,567890,420,480,1,140,71,0,14,677,24361,1462,16,206,84,3,0,0,0,0,0,0,0,0,0,0,0,0,3,1,128,301.3333,392,264,2,384,388.0,392,8,0,0,0.0,384,387.75,392,8,0,0,0,1,256,256.0,256,0,5.0,5,0,0,0,0,0.0,0,0,0,0,0,0,42,0,0,0,0,0,0,0,0,0,0
experiments/cross_attack_drift_v1/features/additional_routing_window_features.csv,GRAYHOLE_ATTACK_N16_SEED567890,grayhole,attack,1,1,16,567890,480,540,1,40,29,0,4,717,25990,1540,16,218,86,1,1,0,0,0,0,0,0,0,0,0,0,0,1,1,384,384.0,384,0,1,384,384.0,384,0,0,0,256.0,384,386.0,392,8,0,0,0,1,256,256.0,256,0,5.0,5,0,0,0,0,0.0,0,0,0,0,0,0,43,0,0,0,0,0,0,0,0,0,0
experiments/cross_attack_drift_v1/features/additional_routing_window_features.csv,GRAYHOLE_CONTROL_N16_SEED123456,grayhole,control,0,0,16,123456,0,60,0,0,0,0,0,623,27507,1290,16,188,90,33,8,2,0,0,1,1,1,0,1,1,1,0,5,1,128,31985.7576,65535,65407,29,456,36379.931,65535,65079,0,0,32919.75,456,471.0,500,44,0,0,0,1,338,338.0,338,0,1.0,1,0,0,0,0,0.0,0,0,0,0,0,0,0,0,0,0,0,0,0,0,0,0,0
experiments/cross_attack_drift_v1/features/additional_routing_window_features.csv,GRAYHOLE_CONTROL_N16_SEED123456,grayhole,control,0,0,16,123456,60,120,0,0,0,0,0,1069,40249,2128,16,337,171,8,1,0,0,0,0,0,0,0,0,0,0,0,5,1,128,378.875,449,321,7,384,414.7143,449,65,0,0,256.0,384,413.0,449,65,0,0,0,1,256,256.0,256,0,5.0,5,0,0,0,0,0.0,0,0,0,0,0,0,0,0,0,0,0,0,0,0,0,0,0
experiments/cross_attack_drift_v1/features/additional_routing_window_features.csv,GRAYHOLE_CONTROL_N16_SEED123456,grayhole,control,0,0,16,123456,120,180,0,140,140,0,14,1046,38768,2088,16,337,172,4,1,0,0,0,0,0,0,0,0,0,0,0,4,1,384,394.25,406,22,4,384,394.25,406,22,0,0,256.0,384,394.25,406,22,0,0,0,1,256,256.0,256,0,5.0,5,0,0,0,0,0.0,0,0,0,0,0,0,0,0,0,0,0,0,0,0,0,0,0
experiments/cross_attack_drift_v1/features/additional_routing_window_features.csv,GRAYHOLE_CONTROL_N16_SEED123456,grayhole,control,0,0,16,123456,180,240,0,40,40,0,4,1029,37392,2001,16,333,168,1,1,0,0,0,0,0,0,0,0,0,0,0,1,1,128,128.0,128,0,0,0.0,0.0,0.0,0.0,0,0,256.0,384,394.25,406,22,0,0,0,1,256,256.0,256,0,5.0,5,0,0,0,0,0.0,0,0,0,0,0,0,0,0,0,0,0,0,0,0,0,0,0
experiments/cross_attack_drift_v1/features/additional_routing_window_features.csv,GRAYHOLE_CONTROL_N16_SEED123456,grayhole,control,0,0,16,123456,240,300,1,100,98,0,10,1036,38317,2029,16,332,167,4,0,0,0,0,0,0,0,0,0,0,0,0,4,1,384,384.75,386,2,4,384,384.75,386,2,0,0,0.0,384,384.75,386,2,0,0,0,1,256,256.0,256,0,5.0,5,0,0,0,0,0.0,0,0,0,0,0,0,0,0,0,0,0,0,0,0,0,0,0
experiments/cross_attack_drift_v1/features/additional_routing_window_features.csv,GRAYHOLE_CONTROL_N16_SEED123456,grayhole,control,0,0,16,123456,300,360,1,130,130,0,13,1036,37480,2027,16,337,169,0,0,0,0,0,0,0,0,0,0,0,0,0,0,0,0.0,0.0,0.0,0.0,0,0.0,0.0,0.0,0.0,0,0,0.0,384,384.75,386,2,0,0,0,1,256,256.0,256,0,5.0,5,0,0,0,0,0.0,0,0,0,0,0,0,0,0,0,0,0,0,0,0,0,0,0
experiments/cross_attack_drift_v1/features/additional_routing_window_features.csv,GRAYHOLE_CONTROL_N16_SEED123456,grayhole,control,0,0,16,123456,360,420,1,10,10,0,1,1054,38271,2076,16,343,173,0,0,0,0,0,0,0,0,0,0,0,0,0,0,0,0.0,0.0,0.0,0.0,0,0.0,0.0,0.0,0.0,0,0,0.0,384,384.75,386,2,0,0,0,1,256,256.0,256,0,5.0,5,0,0,0,0,0.0,0,0,0,0,0,0,0,0,0,0,0,0,0,0,0,0,0
experiments/cross_attack_drift_v1/features/additional_routing_window_features.csv,GRAYHOLE_CONTROL_N16_SEED123456,grayhole,control,0,0,16,123456,420,480,1,140,140,0,14,1034,38190,2041,16,338,169,2,1,0,0,0,0,0,0,0,0,0,0,0,2,1,128,256.0,384,256,1,384,384.0,384,0,0,0,256.0,384,384.25,385,1,0,0,0,1,256,256.0,256,0,5.0,5,0,0,0,0,0.0,0,0,0,0,0,0,0,0,0,0,0,0,0,0,0,0,0
experiments/cross_attack_drift_v1/features/additional_routing_window_features.csv,GRAYHOLE_CONTROL_N16_SEED123456,grayhole,control,0,0,16,123456,480,540,1,30,30,0,3,1030,37739,2042,16,335,167,3,0,0,0,0,0,0,0,0,0,0,0,0,3,1,384,384.0,384,0,3,384,384.0,384,0,0,0,0.0,384,384.0,384,0,0,0,0,1,256,256.0,256,0,5.0,5,0,0,0,0,0.0,0,0,0,0,0,0,0,0,0,0,0,0,0,0,0,0,0
experiments/cross_attack_drift_v1/features/additional_routing_window_features.csv,GRAYHOLE_CONTROL_N16_SEED234567,grayhole,control,0,0,16,234567,0,60,0,0,0,0,0,611,27199,1316,16,184,88,34,8,1,0,0,1,1,1,0,1,1,1,0,5,1,128,31057.0588,65535,65407,30,442,35180.9333,65535,65093,0,0,32917.0,442,463.25,488,46,0,0,0,1,338,338.0,338,0,1.0,1,0,0,0,0,0.0,0,0,0,0,0,0,0,0,0,0,0,0,0,0,0,0,0
experiments/cross_attack_drift_v1/features/additional_routing_window_features.csv,GRAYHOLE_CONTROL_N16_SEED234567,grayhole,control,0,0,16,234567,60,120,0,0,0,0,0,1073,40168,2230,16,342,170,7,1,0,0,0,0,0,0,0,0,0,0,0,4,1,384,408.1429,429,45,7,384,408.1429,429,45,0,0,256.0,384,405.75,424,40,0,0,0,1,256,256.0,256,0,5.0,5,0,0,0,0,0.0,0,0,0,0,0,0,0,0,0,0,0,0,0,0,0,0,0
experiments/cross_attack_drift_v1/features/additional_routing_window_features.csv,GRAYHOLE_CONTROL_N16_SEED234567,grayhole,control,0,0,16,234567,120,180,0,140,140,0,14,1072,39625,2230,16,343,175,4,1,0,0,0,0,0,0,0,0,0,0,0,4,1,128,327.5,409,281,3,384,394.0,409,25,0,0,256.0,384,397.0,409,25,0,0,0,1,256,256.0,256,0,5.0,5,0,0,0,0,0.0,0,0,0,0,0,0,0,0,0,0,0,0,0,0,0,0,0
experiments/cross_attack_drift_v1/features/additional_routing_window_features.csv,GRAYHOLE_CONTROL_N16_SEED234567,grayhole,control,0,0,16,234567,180,240,0,60,60,0,6,1031,37414,2100,16,337,171,2,0,0,0,0,0,0,0,0,0,0,0,0,2,1,128,259.0,390,262,1,390,390.0,390,0,0,0,0.0,389,398.5,409,20,0,0,0,1,256,256.0,256,0,5.0,5,0,0,0,0,0.0,0,0,0,0,0,0,0,0,0,0,0,0,0,0,0,0,0
experiments/cross_attack_drift_v1/features/additional_routing_window_features.csv,GRAYHOLE_CONTROL_N16_SEED234567,grayhole,control,0,0,16,234567,240,300,1,80,80,0,8,1058,39279,2194,16,338,171,3,1,0,0,0,0,0,0,0,0,0,0,0,3,1,384,385.3333,388,4,3,384,385.3333,388,4,0,0,256.0,384,386.5,390,6,0,0,0,1,256,256.0,256,0,5.0,5,0,0,0,0,0.0,0,0,0,0,0,0,0,0,0,0,0,0,0,0,0,0,0
experiments/cross_attack_drift_v1/features/additional_routing_window_features.csv,GRAYHOLE_CONTROL_N16_SEED234567,grayhole,control,0,0,16,234567,300,360,1,120,120,0,12,989,35775,2030,16,324,165,0,0,0,0,0,0,0,0,0,0,0,0,0,0,0,0.0,0.0,0.0,0.0,0,0.0,0.0,0.0,0.0,0,0,0.0,384,386.5,390,6,0,0,0,1,256,256.0,256,0,5.0,5,0,0,0,0,0.0,0,0,0,0,0,0,0,0,0,0,0,0,0,0,0,0,0
experiments/cross_attack_drift_v1/features/additional_routing_window_features.csv,GRAYHOLE_CONTROL_N16_SEED234567,grayhole,control,0,0,16,234567,360,420,1,20,20,0,2,1044,38066,2154,16,338,169,0,0,0,0,0,0,0,0,0,0,0,0,0,0,0,0.0,0.0,0.0,0.0,0,0.0,0.0,0.0,0.0,0,0,0.0,384,386.5,390,6,0,0,0,1,256,256.0,256,0,5.0,5,0,0,0,0,0.0,0,0,0,0,0,0,0,0,0,0,0,0,0,0,0,0,0
experiments/cross_attack_drift_v1/features/additional_routing_window_features.csv,GRAYHOLE_CONTROL_N16_SEED234567,grayhole,control,0,0,16,234567,420,480,1,140,140,0,14,1055,38768,2182,16,340,174,4,0,0,0,0,0,0,0,0,0,0,0,0,4,1,128,324.5,394,266,3,384,390.0,394,10,0,0,0.0,384,388.5,394,10,0,0,0,1,256,256.0,256,0,5.0,5,0,0,0,0,0.0,0,0,0,0,0,0,0,0,0,0,0,0,0,0,0,0,0
experiments/cross_attack_drift_v1/features/additional_routing_window_features.csv,GRAYHOLE_CONTROL_N16_SEED234567,grayhole,control,0,0,16,234567,480,540,1,60,60,0,6,1073,39226,2195,16,347,172,1,1,0,0,0,0,0,0,0,0,0,0,0,1,1,384,384.0,384,0,1,384,384.0,384,0,0,0,256.0,384,388.5,394,10,0,0,0,1,256,256.0,256,0,5.0,5,0,0,0,0,0.0,0,0,0,0,0,0,0,0,0,0,0,0,0,0,0,0,0
experiments/cross_attack_drift_v1/features/additional_routing_window_features.csv,GRAYHOLE_CONTROL_N16_SEED345678,grayhole,control,0,0,16,345678,0,60,0,0,0,0,0,596,26481,1300,16,178,87,34,8,1,0,0,1,1,1,0,1,1,1,0,5,1,128,31054.1176,65535,65407,30,437,35177.6,65535,65098,0,0,32923.375,437,454.75,479,42,0,0,0,1,338,338.0,338,0,1.0,1,0,0,0,0,0.0,0,0,0,0,0,0,0,0,0,0,0,0,0,0,0,0,0
experiments/cross_attack_drift_v1/features/additional_routing_window_features.csv,GRAYHOLE_CONTROL_N16_SEED345678,grayhole,control,0,0,16,345678,60,120,0,0,0,0,0,1074,40361,2250,16,342,172,8,1,0,0,0,0,0,0,0,0,0,0,0,5,1,128,382.875,472,344,7,388,419.2857,472,84,0,0,256.0,388,402.0,429,41,0,0,0,1,256,256.0,256,0,5.0,5,0,0,0,0,0.0,0,0,0,0,0,0,0,0,0,0,0,0,0,0,0,0,0
experiments/cross_attack_drift_v1/features/additional_routing_window_features.csv,GRAYHOLE_CONTROL_N16_SEED345678,grayhole,control,0,0,16,345678,120,180,0,140,139,0,14,1054,39044,2212,16,336,170,3,1,0,0,0,0,0,0,0,0,0,0,0,3,1,384,393.3333,409,25,3,384,393.3333,409,25,0,0,256.0,384,392.0,409,25,0,0,0,1,256,256.0,256,0,5.0,5,0,0,0,0,0.0,0,0,0,0,0,0,0,0,0,0,0,0,0,0,0,0,0
experiments/cross_attack_drift_v1/features/additional_routing_window_features.csv,GRAYHOLE_CONTROL_N16_SEED345678,grayhole,control,0,0,16,345678,180,240,0,40,40,0,4,1050,38894,2266,16,338,174,1,1,0,0,0,0,0,0,0,0,0,0,0,1,1,128,128.0,128,0,0,0.0,0.0,0.0,0.0,0,0,256.0,384,392.0,409,25,0,0,0,1,256,256.0,256,0,5.0,5,0,0,0,0,0.0,0,0,0,0,0,0,0,0,0,0,0,0,0,0,0,0,0
experiments/cross_attack_drift_v1/features/additional_routing_window_features.csv,GRAYHOLE_CONTROL_N16_SEED345678,grayhole,control,0,0,16,345678,240,300,1,100,100,0,10,1087,40173,2267,16,351,177,4,0,0,0,0,0,0,0,0,0,0,0,0,4,1,384,385.0,388,4,4,384,385.0,388,4,0,0,0.0,384,385.0,388,4,0,0,0,1,256,256.0,256,0,5.0,5,0,0,0,0,0.0,0,0,0,0,0,0,0,0,0,0,0,0,0,0,0,0,0
experiments/cross_attack_drift_v1/features/additional_routing_window_features.csv,GRAYHOLE_CONTROL_N16_SEED345678,grayhole,control,0,0,16,345678,300,360,1,110,110,0,11,1040,37966,2211,16,335,169,0,0,0,0,0,0,0,0,0,0,0,0,0,0,0,0.0,0.0,0.0,0.0,0,0.0,0.0,0.0,0.0,0,0,0.0,384,385.0,388,4,0,0,0,1,256,256.0,256,0,5.0,5,0,0,0,0,0.0,0,0,0,0,0,0,0,0,0,0,0,0,0,0,0,0,0
experiments/cross_attack_drift_v1/features/additional_routing_window_features.csv,GRAYHOLE_CONTROL_N16_SEED345678,grayhole,control,0,0,16,345678,360,420,1,30,30,0,3,1048,38020,2171,16,340,172,0,0,0,0,0,0,0,0,0,0,0,0,0,0,0,0.0,0.0,0.0,0.0,0,0.0,0.0,0.0,0.0,0,0,0.0,384,385.0,388,4,0,0,0,1,256,256.0,256,0,5.0,5,0,0,0,0,0.0,0,0,0,0,0,0,0,0,0,0,0,0,0,0,0,0,0
experiments/cross_attack_drift_v1/features/additional_routing_window_features.csv,GRAYHOLE_CONTROL_N16_SEED345678,grayhole,control,0,0,16,345678,420,480,1,140,140,0,14,1045,38334,2170,16,340,171,3,1,0,0,0,0,0,0,0,0,0,0,0,3,1,128,298.6667,384,256,2,384,384.0,384,0,0,0,256.0,384,384.0,384,0,0,0,0,1,256,256.0,256,0,5.0,5,0,0,0,0,0.0,0,0,0,0,0,0,0,0,0,0,0,0,0,0,0,0,0
experiments/cross_attack_drift_v1/features/additional_routing_window_features.csv,GRAYHOLE_CONTROL_N16_SEED345678,grayhole,control,0,0,16,345678,480,540,1,50,50,0,5,1031,37821,2141,16,333,169,2,0,0,0,0,0,0,0,0,0,0,0,0,2,1,384,384.0,384,0,2,384,384.0,384,0,0,0,0.0,384,384.0,384,0,0,0,0,1,256,256.0,256,0,5.0,5,0,0,0,0,0.0,0,0,0,0,0,0,0,0,0,0,0,0,0,0,0,0,0
experiments/cross_attack_drift_v1/features/additional_routing_window_features.csv,GRAYHOLE_CONTROL_N16_SEED456789,grayhole,control,0,0,16,456789,0,60,0,0,0,0,0,537,24301,1226,16,162,81,32,7,0,0,0,1,1,1,0,1,1,1,0,5,1,128,32971.6562,65535,65407,28,465,37663.6071,65535,65070,0,0,37585.0,465,474.25,482,17,0,0,0,1,338,338.0,338,0,1.0,1,0,0,0,0,0.0,0,0,0,0,0,0,0,0,0,0,0,0,0,0,0,0,0
experiments/cross_attack_drift_v1/features/additional_routing_window_features.csv,GRAYHOLE_CONTROL_N16_SEED456789,grayhole,control,0,0,16,456789,60,120,0,0,0,0,0,1080,40683,2392,16,340,172,4,1,0,0,0,0,0,0,0,0,0,0,0,4,1,385,404.25,420,35,4,385,404.25,420,35,0,0,256.0,385,404.25,420,35,0,0,0,1,256,256.0,256,0,5.0,5,0,0,0,0,0.0,0,0,0,0,0,0,0,0,0,0,0,0,0,0,0,0,0
experiments/cross_attack_drift_v1/features/additional_routing_window_features.csv,GRAYHOLE_CONTROL_N16_SEED456789,grayhole,control,0,0,16,456789,120,180,0,140,140,0,14,1092,40371,2467,16,353,178,5,1,0,0,0,0,0,0,0,0,0,0,0,5,1,128,340.8,401,273,4,384,394.0,401,17,0,0,256.0,384,394.0,401,17,0,0,0,1,256,256.0,256,0,5.0,5,0,0,0,0,0.0,0,0,0,0,0,0,0,0,0,0,0,0,0,0,0,0,0
experiments/cross_attack_drift_v1/features/additional_routing_window_features.csv,GRAYHOLE_CONTROL_N16_SEED456789,grayhole,control,0,0,16,456789,180,240,0,40,40,0,4,1043,38137,2348,16,339,169,2,1,0,0,0,0,0,0,0,0,0,0,0,2,1,384,384.0,384,0,2,384,384.0,384,0,0,0,256.0,384,391.75,401,17,0,0,0,1,256,256.0,256,0,5.0,5,0,0,0,0,0.0,0,0,0,0,0,0,0,0,0,0,0,0,0,0,0,0,0
experiments/cross_attack_drift_v1/features/additional_routing_window_features.csv,GRAYHOLE_CONTROL_N16_SEED456789,grayhole,control,0,0,16,456789,240,300,1,100,100,0,10,1021,37550,2259,16,331,166,3,0,0,0,0,0,0,0,0,0,0,0,0,3,1,128,300.3333,388,260,2,385,386.5,388,3,0,0,0.0,384,385.25,388,4,0,0,0,1,256,256.0,256,0,5.0,5,0,0,0,0,0.0,0,0,0,0,0,0,0,0,0,0,0,0,0,0,0,0,0
experiments/cross_attack_drift_v1/features/additional_routing_window_features.csv,GRAYHOLE_CONTROL_N16_SEED456789,grayhole,control,0,0,16,456789,300,360,1,100,100,0,10,1047,38185,2328,16,340,169,0,0,0,0,0,0,0,0,0,0,0,0,0,0,0,0.0,0.0,0.0,0.0,0,0.0,0.0,0.0,0.0,0,0,0.0,384,385.25,388,4,0,0,0,1,256,256.0,256,0,5.0,5,0,0,0,0,0.0,0,0,0,0,0,0,0,0,0,0,0,0,0,0,0,0,0
experiments/cross_attack_drift_v1/features/additional_routing_window_features.csv,GRAYHOLE_CONTROL_N16_SEED456789,grayhole,control,0,0,16,456789,360,420,1,40,40,0,4,1038,37730,2278,16,336,173,1,0,0,0,0,0,0,0,0,0,0,0,0,1,1,128,128.0,128,0,0,0.0,0.0,0.0,0.0,0,0,0.0,384,385.25,388,4,0,0,0,1,256,256.0,256,0,5.0,5,0,0,0,0,0.0,0,0,0,0,0,0,0,0,0,0,0,0,0,0,0,0,0
experiments/cross_attack_drift_v1/features/additional_routing_window_features.csv,GRAYHOLE_CONTROL_N16_SEED456789,grayhole,control,0,0,16,456789,420,480,1,140,140,0,14,1049,38526,2336,16,339,170,1,1,0,0,0,0,0,0,0,0,0,0,0,1,1,384,384.0,384,0,1,384,384.0,384,0,0,0,256.0,384,385.0,388,4,0,0,0,1,256,256.0,256,0,5.0,5,0,0,0,0,0.0,0,0,0,0,0,0,0,0,0,0,0,0,0,0,0,0,0
experiments/cross_attack_drift_v1/features/additional_routing_window_features.csv,GRAYHOLE_CONTROL_N16_SEED456789,grayhole,control,0,0,16,456789,480,540,1,30,29,0,3,1014,36825,2255,16,330,165,1,0,0,0,0,0,0,0,0,0,0,0,0,1,1,384,384.0,384,0,1,384,384.0,384,0,0,0,0.0,384,385.0,388,4,0,0,0,1,256,256.0,256,0,5.0,5,0,0,0,0,0.0,0,0,0,0,0,0,0,0,0,0,0,0,0,0,0,0,0
experiments/cross_attack_drift_v1/features/additional_routing_window_features.csv,GRAYHOLE_CONTROL_N16_SEED567890,grayhole,control,0,0,16,567890,0,60,0,0,0,0,0,591,26793,1311,16,176,84,34,9,2,0,0,1,1,1,0,1,1,1,0,5,1,128,31055.9706,65535,65407,30,435,35179.7,65535,65100,0,0,29298.8889,435,453.0,469,34,0,0,0,1,338,338.0,338,0,1.0,1,0,0,0,0,0.0,0,0,0,0,0,0,0,0,0,0,0,0,0,0,0,0,0
experiments/cross_attack_drift_v1/features/additional_routing_window_features.csv,GRAYHOLE_CONTROL_N16_SEED567890,grayhole,control,0,0,16,567890,60,120,0,0,0,0,0,1056,39820,2186,16,336,169,8,1,0,0,0,0,0,0,0,0,0,0,0,5,1,128,388.125,462,334,7,384,425.2857,462,78,0,0,256.0,384,410.0,435,51,0,0,0,1,256,256.0,256,0,5.0,5,0,0,0,0,0.0,0,0,0,0,0,0,0,0,0,0,0,0,0,0,0,0,0
experiments/cross_attack_drift_v1/features/additional_routing_window_features.csv,GRAYHOLE_CONTROL_N16_SEED567890,grayhole,control,0,0,16,567890,120,180,0,140,140,0,14,1053,38794,2142,16,338,169,4,1,0,0,0,0,0,0,0,0,0,0,0,4,1,384,392.25,412,28,4,384,392.25,412,28,0,0,256.0,384,392.25,412,28,0,0,0,1,256,256.0,256,0,5.0,5,0,0,0,0,0.0,0,0,0,0,0,0,0,0,0,0,0,0,0,0,0,0,0
experiments/cross_attack_drift_v1/features/additional_routing_window_features.csv,GRAYHOLE_CONTROL_N16_SEED567890,grayhole,control,0,0,16,567890,180,240,0,40,40,0,4,1055,38466,2164,16,344,171,3,0,0,0,0,0,0,0,0,0,0,0,0,3,1,128,298.6667,384,256,2,384,384.0,384,0,0,0,0.0,384,392.25,412,28,0,0,0,1,256,256.0,256,0,5.0,5,0,0,0,0,0.0,0,0,0,0,0,0,0,0,0,0,0,0,0,0,0,0,0
experiments/cross_attack_drift_v1/features/additional_routing_window_features.csv,GRAYHOLE_CONTROL_N16_SEED567890,grayhole,control,0,0,16,567890,240,300,1,100,100,0,10,1069,39484,2180,16,339,170,2,1,0,0,0,0,0,0,0,0,0,0,0,2,1,384,387.5,391,7,2,384,387.5,391,7,0,0,256.0,384,385.75,391,7,0,0,0,1,256,256.0,256,0,5.0,5,0,0,0,0,0.0,0,0,0,0,0,0,0,0,0,0,0,0,0,0,0,0,0
experiments/cross_attack_drift_v1/features/additional_routing_window_features.csv,GRAYHOLE_CONTROL_N16_SEED567890,grayhole,control,0,0,16,567890,300,360,1,130,130,0,13,1040,37680,2129,16,339,171,0,0,0,0,0,0,0,0,0,0,0,0,0,0,0,0.0,0.0,0.0,0.0,0,0.0,0.0,0.0,0.0,0,0,0.0,384,385.75,391,7,0,0,0,1,256,256.0,256,0,5.0,5,0,0,0,0,0.0,0,0,0,0,0,0,0,0,0,0,0,0,0,0,0,0,0
experiments/cross_attack_drift_v1/features/additional_routing_window_features.csv,GRAYHOLE_CONTROL_N16_SEED567890,grayhole,control,0,0,16,567890,360,420,1,10,10,0,1,1022,36941,2067,16,335,170,0,0,0,0,0,0,0,0,0,0,0,0,0,0,0,0.0,0.0,0.0,0.0,0,0.0,0.0,0.0,0.0,0,0,0.0,384,385.75,391,7,0,0,0,1,256,256.0,256,0,5.0,5,0,0,0,0,0.0,0,0,0,0,0,0,0,0,0,0,0,0,0,0,0,0,0
experiments/cross_attack_drift_v1/features/additional_routing_window_features.csv,GRAYHOLE_CONTROL_N16_SEED567890,grayhole,control,0,0,16,567890,420,480,1,140,140,0,14,1065,39293,2165,16,340,171,3,1,0,0,0,0,0,0,0,0,0,0,0,3,1,128,301.3333,392,264,2,384,388.0,392,8,0,0,256.0,384,387.75,392,8,0,0,0,1,256,256.0,256,0,5.0,5,0,0,0,0,0.0,0,0,0,0,0,0,0,0,0,0,0,0,0,0,0,0,0
experiments/cross_attack_drift_v1/features/additional_routing_window_features.csv,GRAYHOLE_CONTROL_N16_SEED567890,grayhole,control,0,0,16,567890,480,540,1,40,40,0,4,1062,38749,2149,16,346,174,2,0,0,0,0,0,0,0,0,0,0,0,0,2,1,384,384.0,384,0,2,384,384.0,384,0,0,0,0.0,384,386.0,392,8,0,0,0,1,256,256.0,256,0,5.0,5,0,0,0,0,0.0,0,0,0,0,0,0,0,0,0,0,0,0,0,0,0,0,0
experiments/cross_attack_drift_v1/features/additional_routing_window_features.csv,INCREASE_RANK_ATTACK_N16_SEED123456,increase_rank,attack,1,0,16,123456,0,60,0,0,0,0,0,623,27507,1290,16,188,90,33,8,2,0,0,1,1,1,0,1,1,1,0,5,1,128,31985.7576,65535,65407,29,456,36379.931,65535,65079,0,0,32919.75,456,471.0,500,44,0,0,0,1,338,338.0,338,0,1.0,1,0,0,0,0,0.0,0,0,0,0,0,0,0,0,0,0,0,0,0,0,0,0,0
experiments/cross_attack_drift_v1/features/additional_routing_window_features.csv,INCREASE_RANK_ATTACK_N16_SEED123456,increase_rank,attack,1,0,16,123456,60,120,0,0,0,0,0,1069,40249,2128,16,337,171,8,1,0,0,0,0,0,0,0,0,0,0,0,5,1,128,378.875,449,321,7,384,414.7143,449,65,0,0,256.0,384,413.0,449,65,0,0,0,1,256,256.0,256,0,5.0,5,0,0,0,0,0.0,0,0,0,0,0,0,0,0,0,0,0,0,0,0,0,0,0
experiments/cross_attack_drift_v1/features/additional_routing_window_features.csv,INCREASE_RANK_ATTACK_N16_SEED123456,increase_rank,attack,1,0,16,123456,120,180,0,140,140,0,14,1046,38768,2088,16,337,172,4,1,0,0,0,0,0,0,0,0,0,0,0,4,1,384,394.25,406,22,4,384,394.25,406,22,0,0,256.0,384,394.25,406,22,0,0,0,1,256,256.0,256,0,5.0,5,0,0,0,0,0.0,0,0,0,0,0,0,0,0,0,0,0,0,0,0,0,0,0
experiments/cross_attack_drift_v1/features/additional_routing_window_features.csv,INCREASE_RANK_ATTACK_N16_SEED123456,increase_rank,attack,1,0,16,123456,180,240,0,40,40,0,4,1029,37392,2001,16,333,168,1,1,0,0,0,0,0,0,0,0,0,0,0,1,1,128,128.0,128,0,0,0.0,0.0,0.0,0.0,0,0,256.0,384,394.25,406,22,0,0,0,1,256,256.0,256,0,5.0,5,0,0,0,0,0.0,0,0,0,0,0,0,0,0,0,0,0,0,0,0,0,0,0
experiments/cross_attack_drift_v1/features/additional_routing_window_features.csv,INCREASE_RANK_ATTACK_N16_SEED123456,increase_rank,attack,1,1,16,123456,240,300,1,100,98,0,10,1036,38317,2029,16,332,167,4,0,0,0,0,0,0,0,0,0,0,0,0,4,1,384,384.75,386,2,4,384,384.75,386,2,0,0,0.0,384,384.75,386,2,0,0,0,1,256,256.0,256,0,5.0,5,0,0,0,0,0.0,0,0,0,0,0,0,0,1,0,0,0,0,0,0,0,0,0
experiments/cross_attack_drift_v1/features/additional_routing_window_features.csv,INCREASE_RANK_ATTACK_N16_SEED123456,increase_rank,attack,1,1,16,123456,300,360,1,130,130,0,13,1036,37480,2027,16,337,169,0,0,0,0,0,0,0,0,0,0,0,0,0,0,0,0.0,0.0,0.0,0.0,0,0.0,0.0,0.0,0.0,0,0,0.0,384,384.75,386,2,0,0,0,1,256,256.0,256,0,5.0,5,0,0,0,0,0.0,0,0,0,0,0,0,0,0,0,0,0,0,0,0,0,0,0
experiments/cross_attack_drift_v1/features/additional_routing_window_features.csv,INCREASE_RANK_ATTACK_N16_SEED123456,increase_rank,attack,1,1,16,123456,360,420,1,10,10,0,1,1054,38271,2076,16,343,173,0,0,0,0,0,0,0,0,0,0,0,0,0,0,0,0.0,0.0,0.0,0.0,0,0.0,0.0,0.0,0.0,0,0,0.0,384,384.75,386,2,0,0,0,1,256,256.0,256,0,5.0,5,0,0,0,0,0.0,0,0,0,0,0,0,0,0,0,0,0,0,0,0,0,0,0
experiments/cross_attack_drift_v1/features/additional_routing_window_features.csv,INCREASE_RANK_ATTACK_N16_SEED123456,increase_rank,attack,1,1,16,123456,420,480,1,120,119,0,12,6198,327694,18836,16,149,74,3,1,0,0,0,0,0,0,0,0,0,0,0,3,1,768,1154.0,1373,605,3,768,1154.0,1373,605,0,0,65534.0,384,961.5,1373,989,0,0,0,1,256,256.0,256,0,5.0,5,0,0,0,0,0.0,0,0,0,0,0,0,0,0,1,0,0,0,0,0,0,0,0
experiments/cross_attack_drift_v1/features/additional_routing_window_features.csv,INCREASE_RANK_ATTACK_N16_SEED123456,increase_rank,attack,1,1,16,123456,480,540,1,0,0,0,0,11159,645966,36175,14,0,0,0,0,0,0,0,0,0,0,0,0,0,0,0,0,0,0.0,0.0,0.0,0.0,0,0.0,0.0,0.0,0.0,0,0,0.0,384,961.5,1373,989,0,0,0,1,256,256.0,256,0,5.0,5,0,0,0,0,0.0,0,0,0,0,0,0,0,0,0,0,0,0,0,0,0,0,0
experiments/cross_attack_drift_v1/features/additional_routing_window_features.csv,INCREASE_RANK_ATTACK_N16_SEED234567,increase_rank,attack,1,0,16,234567,0,60,0,0,0,0,0,611,27199,1316,16,184,88,34,8,1,0,0,1,1,1,0,1,1,1,0,5,1,128,31057.0588,65535,65407,30,442,35180.9333,65535,65093,0,0,32917.0,442,463.25,488,46,0,0,0,1,338,338.0,338,0,1.0,1,0,0,0,0,0.0,0,0,0,0,0,0,0,0,0,0,0,0,0,0,0,0,0
experiments/cross_attack_drift_v1/features/additional_routing_window_features.csv,INCREASE_RANK_ATTACK_N16_SEED234567,increase_rank,attack,1,0,16,234567,60,120,0,0,0,0,0,1073,40168,2230,16,342,170,7,1,0,0,0,0,0,0,0,0,0,0,0,4,1,384,408.1429,429,45,7,384,408.1429,429,45,0,0,256.0,384,405.75,424,40,0,0,0,1,256,256.0,256,0,5.0,5,0,0,0,0,0.0,0,0,0,0,0,0,0,0,0,0,0,0,0,0,0,0,0
experiments/cross_attack_drift_v1/features/additional_routing_window_features.csv,INCREASE_RANK_ATTACK_N16_SEED234567,increase_rank,attack,1,0,16,234567,120,180,0,140,140,0,14,1072,39625,2230,16,343,175,4,1,0,0,0,0,0,0,0,0,0,0,0,4,1,128,327.5,409,281,3,384,394.0,409,25,0,0,256.0,384,397.0,409,25,0,0,0,1,256,256.0,256,0,5.0,5,0,0,0,0,0.0,0,0,0,0,0,0,0,0,0,0,0,0,0,0,0,0,0
experiments/cross_attack_drift_v1/features/additional_routing_window_features.csv,INCREASE_RANK_ATTACK_N16_SEED234567,increase_rank,attack,1,0,16,234567,180,240,0,60,60,0,6,1031,37414,2100,16,337,171,2,0,0,0,0,0,0,0,0,0,0,0,0,2,1,128,259.0,390,262,1,390,390.0,390,0,0,0,0.0,389,398.5,409,20,0,0,0,1,256,256.0,256,0,5.0,5,0,0,0,0,0.0,0,0,0,0,0,0,0,0,0,0,0,0,0,0,0,0,0
experiments/cross_attack_drift_v1/features/additional_routing_window_features.csv,INCREASE_RANK_ATTACK_N16_SEED234567,increase_rank,attack,1,1,16,234567,240,300,1,80,80,0,8,3957,193421,11802,16,222,113,7,1,0,0,0,0,0,0,0,0,0,0,0,4,1,384,793.5714,1320,936,7,384,793.5714,1320,936,0,0,65534.0,874,1099.75,1320,446,0,0,0,1,256,256.0,256,0,5.0,5,0,0,0,0,0.0,0,0,0,0,0,0,0,1,1,0,0,0,0,0,0,0,0
experiments/cross_attack_drift_v1/features/additional_routing_window_features.csv,INCREASE_RANK_ATTACK_N16_SEED234567,increase_rank,attack,1,1,16,234567,300,360,1,0,0,0,0,10217,581239,30880,14,0,0,0,0,0,0,0,0,0,0,0,0,0,0,0,0,0,0.0,0.0,0.0,0.0,0,0.0,0.0,0.0,0.0,0,0,0.0,874,1099.75,1320,446,0,0,0,1,256,256.0,256,0,5.0,5,0,0,0,0,0.0,0,0,0,0,0,0,0,0,0,0,0,0,0,0,0,0,0
experiments/cross_attack_drift_v1/features/additional_routing_window_features.csv,INCREASE_RANK_ATTACK_N16_SEED234567,increase_rank,attack,1,1,16,234567,360,420,1,0,0,0,0,10995,636545,35981,14,0,0,0,0,0,0,0,0,0,0,0,0,0,0,0,0,0,0.0,0.0,0.0,0.0,0,0.0,0.0,0.0,0.0,0,0,0.0,874,1099.75,1320,446,0,0,0,1,256,256.0,256,0,5.0,5,0,0,0,0,0.0,0,0,0,0,0,0,0,0,0,0,0,0,0,0,0,0,0
experiments/cross_attack_drift_v1/features/additional_routing_window_features.csv,INCREASE_RANK_ATTACK_N16_SEED234567,increase_rank,attack,1,1,16,234567,420,480,1,0,0,0,0,11494,676711,37436,16,1,1,1,1,0,0,0,0,0,0,0,0,0,0,0,1,1,128,128.0,128,0,0,0.0,0.0,0.0,0.0,0,0,65534.0,874,1099.75,1320,446,0,0,0,1,256,256.0,256,0,5.0,5,0,0,0,0,0.0,0,0,0,0,0,0,0,0,1,0,0,0,0,0,0,0,0
experiments/cross_attack_drift_v1/features/additional_routing_window_features.csv,INCREASE_RANK_ATTACK_N16_SEED234567,increase_rank,attack,1,1,16,234567,480,540,1,0,0,0,0,10956,633453,34869,14,0,0,0,0,0,0,0,0,0,0,0,0,0,0,0,0,0,0.0,0.0,0.0,0.0,0,0.0,0.0,0.0,0.0,0,0,0.0,874,1099.75,1320,446,0,0,0,1,256,256.0,256,0,5.0,5,0,0,0,0,0.0,0,0,0,0,0,0,0,0,0,0,0,0,0,0,0,0,0
experiments/cross_attack_drift_v1/features/additional_routing_window_features.csv,INCREASE_RANK_ATTACK_N16_SEED345678,increase_rank,attack,1,0,16,345678,0,60,0,0,0,0,0,596,26481,1300,16,178,87,34,8,1,0,0,1,1,1,0,1,1,1,0,5,1,128,31054.1176,65535,65407,30,437,35177.6,65535,65098,0,0,32923.375,437,454.75,479,42,0,0,0,1,338,338.0,338,0,1.0,1,0,0,0,0,0.0,0,0,0,0,0,0,0,0,0,0,0,0,0,0,0,0,0
experiments/cross_attack_drift_v1/features/additional_routing_window_features.csv,INCREASE_RANK_ATTACK_N16_SEED345678,increase_rank,attack,1,0,16,345678,60,120,0,0,0,0,0,1074,40361,2250,16,342,172,8,1,0,0,0,0,0,0,0,0,0,0,0,5,1,128,382.875,472,344,7,388,419.2857,472,84,0,0,256.0,388,402.0,429,41,0,0,0,1,256,256.0,256,0,5.0,5,0,0,0,0,0.0,0,0,0,0,0,0,0,0,0,0,0,0,0,0,0,0,0
experiments/cross_attack_drift_v1/features/additional_routing_window_features.csv,INCREASE_RANK_ATTACK_N16_SEED345678,increase_rank,attack,1,0,16,345678,120,180,0,140,139,0,14,1054,39044,2212,16,336,170,3,1,0,0,0,0,0,0,0,0,0,0,0,3,1,384,393.3333,409,25,3,384,393.3333,409,25,0,0,256.0,384,392.0,409,25,0,0,0,1,256,256.0,256,0,5.0,5,0,0,0,0,0.0,0,0,0,0,0,0,0,0,0,0,0,0,0,0,0,0,0
experiments/cross_attack_drift_v1/features/additional_routing_window_features.csv,INCREASE_RANK_ATTACK_N16_SEED345678,increase_rank,attack,1,0,16,345678,180,240,0,40,40,0,4,1050,38894,2266,16,338,174,1,1,0,0,0,0,0,0,0,0,0,0,0,1,1,128,128.0,128,0,0,0.0,0.0,0.0,0.0,0,0,256.0,384,392.0,409,25,0,0,0,1,256,256.0,256,0,5.0,5,0,0,0,0,0.0,0,0,0,0,0,0,0,0,0,0,0,0,0,0,0,0,0
experiments/cross_attack_drift_v1/features/additional_routing_window_features.csv,INCREASE_RANK_ATTACK_N16_SEED345678,increase_rank,attack,1,1,16,345678,240,300,1,100,100,0,10,1087,40173,2267,16,351,177,4,0,0,0,0,0,0,0,0,0,0,0,0,4,1,384,385.0,388,4,4,384,385.0,388,4,0,0,0.0,384,385.0,388,4,0,0,0,1,256,256.0,256,0,5.0,5,0,0,0,0,0.0,0,0,0,0,0,0,0,1,0,0,0,0,0,0,0,0,0
experiments/cross_attack_drift_v1/features/additional_routing_window_features.csv,INCREASE_RANK_ATTACK_N16_SEED345678,increase_rank,attack,1,1,16,345678,300,360,1,110,110,0,11,1040,37966,2211,16,335,169,0,0,0,0,0,0,0,0,0,0,0,0,0,0,0,0.0,0.0,0.0,0.0,0,0.0,0.0,0.0,0.0,0,0,0.0,384,385.0,388,4,0,0,0,1,256,256.0,256,0,5.0,5,0,0,0,0,0.0,0,0,0,0,0,0,0,0,0,0,0,0,0,0,0,0,0
experiments/cross_attack_drift_v1/features/additional_routing_window_features.csv,INCREASE_RANK_ATTACK_N16_SEED345678,increase_rank,attack,1,1,16,345678,360,420,1,30,30,0,3,1048,38020,2171,16,340,172,0,0,0,0,0,0,0,0,0,0,0,0,0,0,0,0.0,0.0,0.0,0.0,0,0.0,0.0,0.0,0.0,0,0,0.0,384,385.0,388,4,0,0,0,1,256,256.0,256,0,5.0,5,0,0,0,0,0.0,0,0,0,0,0,0,0,0,0,0,0,0,0,0,0,0,0
experiments/cross_attack_drift_v1/features/additional_routing_window_features.csv,INCREASE_RANK_ATTACK_N16_SEED345678,increase_rank,attack,1,1,16,345678,420,480,1,40,39,0,4,9804,527529,31300,16,33,17,3,1,0,0,0,0,0,0,0,0,0,0,0,3,1,1131,1172.3333,1234,103,3,1131,1172.3333,1234,103,0,0,65534.0,384,975.25,1234,850,0,0,0,1,256,256.0,256,0,5.0,5,0,0,0,0,0.0,0,0,0,0,0,0,0,0,1,0,0,0,0,0,0,0,0
experiments/cross_attack_drift_v1/features/additional_routing_window_features.csv,INCREASE_RANK_ATTACK_N16_SEED345678,increase_rank,attack,1,1,16,345678,480,540,1,0,0,0,0,11828,690812,39305,14,0,0,0,0,0,0,0,0,0,0,0,0,0,0,0,0,0,0.0,0.0,0.0,0.0,0,0.0,0.0,0.0,0.0,0,0,0.0,384,975.25,1234,850,0,0,0,1,256,256.0,256,0,5.0,5,0,0,0,0,0.0,0,0,0,0,0,0,0,0,0,0,0,0,0,0,0,0,0
experiments/cross_attack_drift_v1/features/additional_routing_window_features.csv,INCREASE_RANK_ATTACK_N16_SEED456789,increase_rank,attack,1,0,16,456789,0,60,0,0,0,0,0,537,24301,1226,16,162,81,32,7,0,0,0,1,1,1,0,1,1,1,0,5,1,128,32971.6562,65535,65407,28,465,37663.6071,65535,65070,0,0,37585.0,465,474.25,482,17,0,0,0,1,338,338.0,338,0,1.0,1,0,0,0,0,0.0,0,0,0,0,0,0,0,0,0,0,0,0,0,0,0,0,0
experiments/cross_attack_drift_v1/features/additional_routing_window_features.csv,INCREASE_RANK_ATTACK_N16_SEED456789,increase_rank,attack,1,0,16,456789,60,120,0,0,0,0,0,1080,40683,2392,16,340,172,4,1,0,0,0,0,0,0,0,0,0,0,0,4,1,385,404.25,420,35,4,385,404.25,420,35,0,0,256.0,385,404.25,420,35,0,0,0,1,256,256.0,256,0,5.0,5,0,0,0,0,0.0,0,0,0,0,0,0,0,0,0,0,0,0,0,0,0,0,0
experiments/cross_attack_drift_v1/features/additional_routing_window_features.csv,INCREASE_RANK_ATTACK_N16_SEED456789,increase_rank,attack,1,0,16,456789,120,180,0,140,140,0,14,1092,40371,2467,16,353,178,5,1,0,0,0,0,0,0,0,0,0,0,0,5,1,128,340.8,401,273,4,384,394.0,401,17,0,0,256.0,384,394.0,401,17,0,0,0,1,256,256.0,256,0,5.0,5,0,0,0,0,0.0,0,0,0,0,0,0,0,0,0,0,0,0,0,0,0,0,0
experiments/cross_attack_drift_v1/features/additional_routing_window_features.csv,INCREASE_RANK_ATTACK_N16_SEED456789,increase_rank,attack,1,0,16,456789,180,240,0,40,40,0,4,1043,38137,2348,16,339,169,2,1,0,0,0,0,0,0,0,0,0,0,0,2,1,384,384.0,384,0,2,384,384.0,384,0,0,0,256.0,384,391.75,401,17,0,0,0,1,256,256.0,256,0,5.0,5,0,0,0,0,0.0,0,0,0,0,0,0,0,0,0,0,0,0,0,0,0,0,0
experiments/cross_attack_drift_v1/features/additional_routing_window_features.csv,INCREASE_RANK_ATTACK_N16_SEED456789,increase_rank,attack,1,1,16,456789,240,300,1,100,100,0,10,1021,37550,2259,16,331,166,3,0,0,0,0,0,0,0,0,0,0,0,0,3,1,128,300.3333,388,260,2,385,386.5,388,3,0,0,0.0,384,385.25,388,4,0,0,0,1,256,256.0,256,0,5.0,5,0,0,0,0,0.0,0,0,0,0,0,0,0,1,0,0,0,0,0,0,0,0,0
experiments/cross_attack_drift_v1/features/additional_routing_window_features.csv,INCREASE_RANK_ATTACK_N16_SEED456789,increase_rank,attack,1,1,16,456789,300,360,1,100,100,0,10,1047,38185,2328,16,340,169,0,0,0,0,0,0,0,0,0,0,0,0,0,0,0,0.0,0.0,0.0,0.0,0,0.0,0.0,0.0,0.0,0,0,0.0,384,385.25,388,4,0,0,0,1,256,256.0,256,0,5.0,5,0,0,0,0,0.0,0,0,0,0,0,0,0,0,0,0,0,0,0,0,0,0,0
experiments/cross_attack_drift_v1/features/additional_routing_window_features.csv,INCREASE_RANK_ATTACK_N16_SEED456789,increase_rank,attack,1,1,16,456789,360,420,1,40,40,0,4,1038,37730,2278,16,336,173,1,0,0,0,0,0,0,0,0,0,0,0,0,1,1,128,128.0,128,0,0,0.0,0.0,0.0,0.0,0,0,0.0,384,385.25,388,4,0,0,0,1,256,256.0,256,0,5.0,5,0,0,0,0,0.0,0,0,0,0,0,0,0,0,0,0,0,0,0,0,0,0,0
experiments/cross_attack_drift_v1/features/additional_routing_window_features.csv,INCREASE_RANK_ATTACK_N16_SEED456789,increase_rank,attack,1,1,16,456789,420,480,1,130,128,0,13,5126,253154,13783,16,183,92,4,1,0,0,0,0,0,0,0,0,0,0,0,4,1,384,1099.0,1408,1024,4,384,1099.0,1408,1024,0,0,65534.0,384,1099.0,1408,1024,0,0,0,1,256,256.0,256,0,5.0,5,0,0,0,0,0.0,0,0,0,0,0,0,0,0,1,0,0,0,0,0,0,0,0
experiments/cross_attack_drift_v1/features/additional_routing_window_features.csv,INCREASE_RANK_ATTACK_N16_SEED456789,increase_rank,attack,1,1,16,456789,480,540,1,0,0,0,0,11722,685120,37800,14,0,0,0,0,0,0,0,0,0,0,0,0,0,0,0,0,0,0.0,0.0,0.0,0.0,0,0.0,0.0,0.0,0.0,0,0,0.0,384,1099.0,1408,1024,0,0,0,1,256,256.0,256,0,5.0,5,0,0,0,0,0.0,0,0,0,0,0,0,0,0,0,0,0,0,0,0,0,0,0
experiments/cross_attack_drift_v1/features/additional_routing_window_features.csv,INCREASE_RANK_ATTACK_N16_SEED567890,increase_rank,attack,1,0,16,567890,0,60,0,0,0,0,0,591,26793,1311,16,176,84,34,9,2,0,0,1,1,1,0,1,1,1,0,5,1,128,31055.9706,65535,65407,30,435,35179.7,65535,65100,0,0,29298.8889,435,453.0,469,34,0,0,0,1,338,338.0,338,0,1.0,1,0,0,0,0,0.0,0,0,0,0,0,0,0,0,0,0,0,0,0,0,0,0,0
experiments/cross_attack_drift_v1/features/additional_routing_window_features.csv,INCREASE_RANK_ATTACK_N16_SEED567890,increase_rank,attack,1,0,16,567890,60,120,0,0,0,0,0,1056,39820,2186,16,336,169,8,1,0,0,0,0,0,0,0,0,0,0,0,5,1,128,388.125,462,334,7,384,425.2857,462,78,0,0,256.0,384,410.0,435,51,0,0,0,1,256,256.0,256,0,5.0,5,0,0,0,0,0.0,0,0,0,0,0,0,0,0,0,0,0,0,0,0,0,0,0
experiments/cross_attack_drift_v1/features/additional_routing_window_features.csv,INCREASE_RANK_ATTACK_N16_SEED567890,increase_rank,attack,1,0,16,567890,120,180,0,140,140,0,14,1053,38794,2142,16,338,169,4,1,0,0,0,0,0,0,0,0,0,0,0,4,1,384,392.25,412,28,4,384,392.25,412,28,0,0,256.0,384,392.25,412,28,0,0,0,1,256,256.0,256,0,5.0,5,0,0,0,0,0.0,0,0,0,0,0,0,0,0,0,0,0,0,0,0,0,0,0
experiments/cross_attack_drift_v1/features/additional_routing_window_features.csv,INCREASE_RANK_ATTACK_N16_SEED567890,increase_rank,attack,1,0,16,567890,180,240,0,40,40,0,4,1055,38466,2164,16,344,171,3,0,0,0,0,0,0,0,0,0,0,0,0,3,1,128,298.6667,384,256,2,384,384.0,384,0,0,0,0.0,384,392.25,412,28,0,0,0,1,256,256.0,256,0,5.0,5,0,0,0,0,0.0,0,0,0,0,0,0,0,0,0,0,0,0,0,0,0,0,0
experiments/cross_attack_drift_v1/features/additional_routing_window_features.csv,INCREASE_RANK_ATTACK_N16_SEED567890,increase_rank,attack,1,1,16,567890,240,300,1,100,100,0,10,3217,156714,9482,16,227,114,4,1,0,0,0,0,0,0,0,0,0,0,0,4,1,384,849.0,1382,998,4,384,849.0,1382,998,0,0,65534.0,384,849.0,1382,998,0,0,0,1,256,256.0,256,0,5.0,5,0,0,0,0,0.0,0,0,0,0,0,0,0,1,1,0,0,0,0,0,0,0,0
experiments/cross_attack_drift_v1/features/additional_routing_window_features.csv,INCREASE_RANK_ATTACK_N16_SEED567890,increase_rank,attack,1,1,16,567890,300,360,1,0,0,0,0,10972,642541,36567,14,0,0,0,0,0,0,0,0,0,0,0,0,0,0,0,0,0,0.0,0.0,0.0,0.0,0,0.0,0.0,0.0,0.0,0,0,0.0,384,849.0,1382,998,0,0,0,1,256,256.0,256,0,5.0,5,0,0,0,0,0.0,0,0,0,0,0,0,0,0,0,0,0,0,0,0,0,0,0
experiments/cross_attack_drift_v1/features/additional_routing_window_features.csv,INCREASE_RANK_ATTACK_N16_SEED567890,increase_rank,attack,1,1,16,567890,360,420,1,0,0,0,0,10895,626663,33982,14,0,0,0,0,0,0,0,0,0,0,0,0,0,0,0,0,0,0.0,0.0,0.0,0.0,0,0.0,0.0,0.0,0.0,0,0,0.0,384,849.0,1382,998,0,0,0,1,256,256.0,256,0,5.0,5,0,0,0,0,0.0,0,0,0,0,0,0,0,0,0,0,0,0,0,0,0,0,0
experiments/cross_attack_drift_v1/features/additional_routing_window_features.csv,INCREASE_RANK_ATTACK_N16_SEED567890,increase_rank,attack,1,1,16,567890,420,480,1,0,0,0,0,11111,646003,36005,16,1,1,1,1,0,0,0,0,0,0,0,0,0,0,0,1,1,128,128.0,128,0,0,0.0,0.0,0.0,0.0,0,0,65534.0,384,849.0,1382,998,0,0,0,1,256,256.0,256,0,5.0,5,0,0,0,0,0.0,0,0,0,0,0,0,0,0,1,0,0,0,0,0,0,0,0
experiments/cross_attack_drift_v1/features/additional_routing_window_features.csv,INCREASE_RANK_ATTACK_N16_SEED567890,increase_rank,attack,1,1,16,567890,480,540,1,0,0,0,0,11863,700983,41043,14,0,0,0,0,0,0,0,0,0,0,0,0,0,0,0,0,0,0.0,0.0,0.0,0.0,0,0.0,0.0,0.0,0.0,0,0,0.0,384,849.0,1382,998,0,0,0,1,256,256.0,256,0,5.0,5,0,0,0,0,0.0,0,0,0,0,0,0,0,0,0,0,0,0,0,0,0,0,0
experiments/cross_attack_drift_v1/features/additional_routing_window_features.csv,INCREASE_RANK_CONTROL_N16_SEED123456,increase_rank,control,0,0,16,123456,0,60,0,0,0,0,0,623,27507,1290,16,188,90,33,8,2,0,0,1,1,1,0,1,1,1,0,5,1,128,31985.7576,65535,65407,29,456,36379.931,65535,65079,0,0,32919.75,456,471.0,500,44,0,0,0,1,338,338.0,338,0,1.0,1,0,0,0,0,0.0,0,0,0,0,0,0,0,0,0,0,0,0,0,0,0,0,0
experiments/cross_attack_drift_v1/features/additional_routing_window_features.csv,INCREASE_RANK_CONTROL_N16_SEED123456,increase_rank,control,0,0,16,123456,60,120,0,0,0,0,0,1069,40249,2128,16,337,171,8,1,0,0,0,0,0,0,0,0,0,0,0,5,1,128,378.875,449,321,7,384,414.7143,449,65,0,0,256.0,384,413.0,449,65,0,0,0,1,256,256.0,256,0,5.0,5,0,0,0,0,0.0,0,0,0,0,0,0,0,0,0,0,0,0,0,0,0,0,0
experiments/cross_attack_drift_v1/features/additional_routing_window_features.csv,INCREASE_RANK_CONTROL_N16_SEED123456,increase_rank,control,0,0,16,123456,120,180,0,140,140,0,14,1046,38768,2088,16,337,172,4,1,0,0,0,0,0,0,0,0,0,0,0,4,1,384,394.25,406,22,4,384,394.25,406,22,0,0,256.0,384,394.25,406,22,0,0,0,1,256,256.0,256,0,5.0,5,0,0,0,0,0.0,0,0,0,0,0,0,0,0,0,0,0,0,0,0,0,0,0
experiments/cross_attack_drift_v1/features/additional_routing_window_features.csv,INCREASE_RANK_CONTROL_N16_SEED123456,increase_rank,control,0,0,16,123456,180,240,0,40,40,0,4,1029,37392,2001,16,333,168,1,1,0,0,0,0,0,0,0,0,0,0,0,1,1,128,128.0,128,0,0,0.0,0.0,0.0,0.0,0,0,256.0,384,394.25,406,22,0,0,0,1,256,256.0,256,0,5.0,5,0,0,0,0,0.0,0,0,0,0,0,0,0,0,0,0,0,0,0,0,0,0,0
experiments/cross_attack_drift_v1/features/additional_routing_window_features.csv,INCREASE_RANK_CONTROL_N16_SEED123456,increase_rank,control,0,0,16,123456,240,300,1,100,98,0,10,1036,38317,2029,16,332,167,4,0,0,0,0,0,0,0,0,0,0,0,0,4,1,384,384.75,386,2,4,384,384.75,386,2,0,0,0.0,384,384.75,386,2,0,0,0,1,256,256.0,256,0,5.0,5,0,0,0,0,0.0,0,0,0,0,0,0,0,0,0,0,0,0,0,0,0,0,0
experiments/cross_attack_drift_v1/features/additional_routing_window_features.csv,INCREASE_RANK_CONTROL_N16_SEED123456,increase_rank,control,0,0,16,123456,300,360,1,130,130,0,13,1036,37480,2027,16,337,169,0,0,0,0,0,0,0,0,0,0,0,0,0,0,0,0.0,0.0,0.0,0.0,0,0.0,0.0,0.0,0.0,0,0,0.0,384,384.75,386,2,0,0,0,1,256,256.0,256,0,5.0,5,0,0,0,0,0.0,0,0,0,0,0,0,0,0,0,0,0,0,0,0,0,0,0
experiments/cross_attack_drift_v1/features/additional_routing_window_features.csv,INCREASE_RANK_CONTROL_N16_SEED123456,increase_rank,control,0,0,16,123456,360,420,1,10,10,0,1,1054,38271,2076,16,343,173,0,0,0,0,0,0,0,0,0,0,0,0,0,0,0,0.0,0.0,0.0,0.0,0,0.0,0.0,0.0,0.0,0,0,0.0,384,384.75,386,2,0,0,0,1,256,256.0,256,0,5.0,5,0,0,0,0,0.0,0,0,0,0,0,0,0,0,0,0,0,0,0,0,0,0,0
experiments/cross_attack_drift_v1/features/additional_routing_window_features.csv,INCREASE_RANK_CONTROL_N16_SEED123456,increase_rank,control,0,0,16,123456,420,480,1,140,140,0,14,1034,38190,2041,16,338,169,2,1,0,0,0,0,0,0,0,0,0,0,0,2,1,128,256.0,384,256,1,384,384.0,384,0,0,0,256.0,384,384.25,385,1,0,0,0,1,256,256.0,256,0,5.0,5,0,0,0,0,0.0,0,0,0,0,0,0,0,0,0,0,0,0,0,0,0,0,0
experiments/cross_attack_drift_v1/features/additional_routing_window_features.csv,INCREASE_RANK_CONTROL_N16_SEED123456,increase_rank,control,0,0,16,123456,480,540,1,30,30,0,3,1030,37739,2042,16,335,167,3,0,0,0,0,0,0,0,0,0,0,0,0,3,1,384,384.0,384,0,3,384,384.0,384,0,0,0,0.0,384,384.0,384,0,0,0,0,1,256,256.0,256,0,5.0,5,0,0,0,0,0.0,0,0,0,0,0,0,0,0,0,0,0,0,0,0,0,0,0
experiments/cross_attack_drift_v1/features/additional_routing_window_features.csv,INCREASE_RANK_CONTROL_N16_SEED234567,increase_rank,control,0,0,16,234567,0,60,0,0,0,0,0,611,27199,1316,16,184,88,34,8,1,0,0,1,1,1,0,1,1,1,0,5,1,128,31057.0588,65535,65407,30,442,35180.9333,65535,65093,0,0,32917.0,442,463.25,488,46,0,0,0,1,338,338.0,338,0,1.0,1,0,0,0,0,0.0,0,0,0,0,0,0,0,0,0,0,0,0,0,0,0,0,0
experiments/cross_attack_drift_v1/features/additional_routing_window_features.csv,INCREASE_RANK_CONTROL_N16_SEED234567,increase_rank,control,0,0,16,234567,60,120,0,0,0,0,0,1073,40168,2230,16,342,170,7,1,0,0,0,0,0,0,0,0,0,0,0,4,1,384,408.1429,429,45,7,384,408.1429,429,45,0,0,256.0,384,405.75,424,40,0,0,0,1,256,256.0,256,0,5.0,5,0,0,0,0,0.0,0,0,0,0,0,0,0,0,0,0,0,0,0,0,0,0,0
experiments/cross_attack_drift_v1/features/additional_routing_window_features.csv,INCREASE_RANK_CONTROL_N16_SEED234567,increase_rank,control,0,0,16,234567,120,180,0,140,140,0,14,1072,39625,2230,16,343,175,4,1,0,0,0,0,0,0,0,0,0,0,0,4,1,128,327.5,409,281,3,384,394.0,409,25,0,0,256.0,384,397.0,409,25,0,0,0,1,256,256.0,256,0,5.0,5,0,0,0,0,0.0,0,0,0,0,0,0,0,0,0,0,0,0,0,0,0,0,0
experiments/cross_attack_drift_v1/features/additional_routing_window_features.csv,INCREASE_RANK_CONTROL_N16_SEED234567,increase_rank,control,0,0,16,234567,180,240,0,60,60,0,6,1031,37414,2100,16,337,171,2,0,0,0,0,0,0,0,0,0,0,0,0,2,1,128,259.0,390,262,1,390,390.0,390,0,0,0,0.0,389,398.5,409,20,0,0,0,1,256,256.0,256,0,5.0,5,0,0,0,0,0.0,0,0,0,0,0,0,0,0,0,0,0,0,0,0,0,0,0
experiments/cross_attack_drift_v1/features/additional_routing_window_features.csv,INCREASE_RANK_CONTROL_N16_SEED234567,increase_rank,control,0,0,16,234567,240,300,1,80,80,0,8,1058,39279,2194,16,338,171,3,1,0,0,0,0,0,0,0,0,0,0,0,3,1,384,385.3333,388,4,3,384,385.3333,388,4,0,0,256.0,384,386.5,390,6,0,0,0,1,256,256.0,256,0,5.0,5,0,0,0,0,0.0,0,0,0,0,0,0,0,0,0,0,0,0,0,0,0,0,0
experiments/cross_attack_drift_v1/features/additional_routing_window_features.csv,INCREASE_RANK_CONTROL_N16_SEED234567,increase_rank,control,0,0,16,234567,300,360,1,120,120,0,12,989,35775,2030,16,324,165,0,0,0,0,0,0,0,0,0,0,0,0,0,0,0,0.0,0.0,0.0,0.0,0,0.0,0.0,0.0,0.0,0,0,0.0,384,386.5,390,6,0,0,0,1,256,256.0,256,0,5.0,5,0,0,0,0,0.0,0,0,0,0,0,0,0,0,0,0,0,0,0,0,0,0,0
experiments/cross_attack_drift_v1/features/additional_routing_window_features.csv,INCREASE_RANK_CONTROL_N16_SEED234567,increase_rank,control,0,0,16,234567,360,420,1,20,20,0,2,1044,38066,2154,16,338,169,0,0,0,0,0,0,0,0,0,0,0,0,0,0,0,0.0,0.0,0.0,0.0,0,0.0,0.0,0.0,0.0,0,0,0.0,384,386.5,390,6,0,0,0,1,256,256.0,256,0,5.0,5,0,0,0,0,0.0,0,0,0,0,0,0,0,0,0,0,0,0,0,0,0,0,0
experiments/cross_attack_drift_v1/features/additional_routing_window_features.csv,INCREASE_RANK_CONTROL_N16_SEED234567,increase_rank,control,0,0,16,234567,420,480,1,140,140,0,14,1055,38768,2182,16,340,174,4,0,0,0,0,0,0,0,0,0,0,0,0,4,1,128,324.5,394,266,3,384,390.0,394,10,0,0,0.0,384,388.5,394,10,0,0,0,1,256,256.0,256,0,5.0,5,0,0,0,0,0.0,0,0,0,0,0,0,0,0,0,0,0,0,0,0,0,0,0
experiments/cross_attack_drift_v1/features/additional_routing_window_features.csv,INCREASE_RANK_CONTROL_N16_SEED234567,increase_rank,control,0,0,16,234567,480,540,1,60,60,0,6,1073,39226,2195,16,347,172,1,1,0,0,0,0,0,0,0,0,0,0,0,1,1,384,384.0,384,0,1,384,384.0,384,0,0,0,256.0,384,388.5,394,10,0,0,0,1,256,256.0,256,0,5.0,5,0,0,0,0,0.0,0,0,0,0,0,0,0,0,0,0,0,0,0,0,0,0,0
experiments/cross_attack_drift_v1/features/additional_routing_window_features.csv,INCREASE_RANK_CONTROL_N16_SEED345678,increase_rank,control,0,0,16,345678,0,60,0,0,0,0,0,596,26481,1300,16,178,87,34,8,1,0,0,1,1,1,0,1,1,1,0,5,1,128,31054.1176,65535,65407,30,437,35177.6,65535,65098,0,0,32923.375,437,454.75,479,42,0,0,0,1,338,338.0,338,0,1.0,1,0,0,0,0,0.0,0,0,0,0,0,0,0,0,0,0,0,0,0,0,0,0,0
experiments/cross_attack_drift_v1/features/additional_routing_window_features.csv,INCREASE_RANK_CONTROL_N16_SEED345678,increase_rank,control,0,0,16,345678,60,120,0,0,0,0,0,1074,40361,2250,16,342,172,8,1,0,0,0,0,0,0,0,0,0,0,0,5,1,128,382.875,472,344,7,388,419.2857,472,84,0,0,256.0,388,402.0,429,41,0,0,0,1,256,256.0,256,0,5.0,5,0,0,0,0,0.0,0,0,0,0,0,0,0,0,0,0,0,0,0,0,0,0,0
experiments/cross_attack_drift_v1/features/additional_routing_window_features.csv,INCREASE_RANK_CONTROL_N16_SEED345678,increase_rank,control,0,0,16,345678,120,180,0,140,139,0,14,1054,39044,2212,16,336,170,3,1,0,0,0,0,0,0,0,0,0,0,0,3,1,384,393.3333,409,25,3,384,393.3333,409,25,0,0,256.0,384,392.0,409,25,0,0,0,1,256,256.0,256,0,5.0,5,0,0,0,0,0.0,0,0,0,0,0,0,0,0,0,0,0,0,0,0,0,0,0
experiments/cross_attack_drift_v1/features/additional_routing_window_features.csv,INCREASE_RANK_CONTROL_N16_SEED345678,increase_rank,control,0,0,16,345678,180,240,0,40,40,0,4,1050,38894,2266,16,338,174,1,1,0,0,0,0,0,0,0,0,0,0,0,1,1,128,128.0,128,0,0,0.0,0.0,0.0,0.0,0,0,256.0,384,392.0,409,25,0,0,0,1,256,256.0,256,0,5.0,5,0,0,0,0,0.0,0,0,0,0,0,0,0,0,0,0,0,0,0,0,0,0,0
experiments/cross_attack_drift_v1/features/additional_routing_window_features.csv,INCREASE_RANK_CONTROL_N16_SEED345678,increase_rank,control,0,0,16,345678,240,300,1,100,100,0,10,1087,40173,2267,16,351,177,4,0,0,0,0,0,0,0,0,0,0,0,0,4,1,384,385.0,388,4,4,384,385.0,388,4,0,0,0.0,384,385.0,388,4,0,0,0,1,256,256.0,256,0,5.0,5,0,0,0,0,0.0,0,0,0,0,0,0,0,0,0,0,0,0,0,0,0,0,0
experiments/cross_attack_drift_v1/features/additional_routing_window_features.csv,INCREASE_RANK_CONTROL_N16_SEED345678,increase_rank,control,0,0,16,345678,300,360,1,110,110,0,11,1040,37966,2211,16,335,169,0,0,0,0,0,0,0,0,0,0,0,0,0,0,0,0.0,0.0,0.0,0.0,0,0.0,0.0,0.0,0.0,0,0,0.0,384,385.0,388,4,0,0,0,1,256,256.0,256,0,5.0,5,0,0,0,0,0.0,0,0,0,0,0,0,0,0,0,0,0,0,0,0,0,0,0
experiments/cross_attack_drift_v1/features/additional_routing_window_features.csv,INCREASE_RANK_CONTROL_N16_SEED345678,increase_rank,control,0,0,16,345678,360,420,1,30,30,0,3,1048,38020,2171,16,340,172,0,0,0,0,0,0,0,0,0,0,0,0,0,0,0,0.0,0.0,0.0,0.0,0,0.0,0.0,0.0,0.0,0,0,0.0,384,385.0,388,4,0,0,0,1,256,256.0,256,0,5.0,5,0,0,0,0,0.0,0,0,0,0,0,0,0,0,0,0,0,0,0,0,0,0,0
experiments/cross_attack_drift_v1/features/additional_routing_window_features.csv,INCREASE_RANK_CONTROL_N16_SEED345678,increase_rank,control,0,0,16,345678,420,480,1,140,140,0,14,1045,38334,2170,16,340,171,3,1,0,0,0,0,0,0,0,0,0,0,0,3,1,128,298.6667,384,256,2,384,384.0,384,0,0,0,256.0,384,384.0,384,0,0,0,0,1,256,256.0,256,0,5.0,5,0,0,0,0,0.0,0,0,0,0,0,0,0,0,0,0,0,0,0,0,0,0,0
experiments/cross_attack_drift_v1/features/additional_routing_window_features.csv,INCREASE_RANK_CONTROL_N16_SEED345678,increase_rank,control,0,0,16,345678,480,540,1,50,50,0,5,1031,37821,2141,16,333,169,2,0,0,0,0,0,0,0,0,0,0,0,0,2,1,384,384.0,384,0,2,384,384.0,384,0,0,0,0.0,384,384.0,384,0,0,0,0,1,256,256.0,256,0,5.0,5,0,0,0,0,0.0,0,0,0,0,0,0,0,0,0,0,0,0,0,0,0,0,0
experiments/cross_attack_drift_v1/features/additional_routing_window_features.csv,INCREASE_RANK_CONTROL_N16_SEED456789,increase_rank,control,0,0,16,456789,0,60,0,0,0,0,0,537,24301,1226,16,162,81,32,7,0,0,0,1,1,1,0,1,1,1,0,5,1,128,32971.6562,65535,65407,28,465,37663.6071,65535,65070,0,0,37585.0,465,474.25,482,17,0,0,0,1,338,338.0,338,0,1.0,1,0,0,0,0,0.0,0,0,0,0,0,0,0,0,0,0,0,0,0,0,0,0,0
experiments/cross_attack_drift_v1/features/additional_routing_window_features.csv,INCREASE_RANK_CONTROL_N16_SEED456789,increase_rank,control,0,0,16,456789,60,120,0,0,0,0,0,1080,40683,2392,16,340,172,4,1,0,0,0,0,0,0,0,0,0,0,0,4,1,385,404.25,420,35,4,385,404.25,420,35,0,0,256.0,385,404.25,420,35,0,0,0,1,256,256.0,256,0,5.0,5,0,0,0,0,0.0,0,0,0,0,0,0,0,0,0,0,0,0,0,0,0,0,0
experiments/cross_attack_drift_v1/features/additional_routing_window_features.csv,INCREASE_RANK_CONTROL_N16_SEED456789,increase_rank,control,0,0,16,456789,120,180,0,140,140,0,14,1092,40371,2467,16,353,178,5,1,0,0,0,0,0,0,0,0,0,0,0,5,1,128,340.8,401,273,4,384,394.0,401,17,0,0,256.0,384,394.0,401,17,0,0,0,1,256,256.0,256,0,5.0,5,0,0,0,0,0.0,0,0,0,0,0,0,0,0,0,0,0,0,0,0,0,0,0
experiments/cross_attack_drift_v1/features/additional_routing_window_features.csv,INCREASE_RANK_CONTROL_N16_SEED456789,increase_rank,control,0,0,16,456789,180,240,0,40,40,0,4,1043,38137,2348,16,339,169,2,1,0,0,0,0,0,0,0,0,0,0,0,2,1,384,384.0,384,0,2,384,384.0,384,0,0,0,256.0,384,391.75,401,17,0,0,0,1,256,256.0,256,0,5.0,5,0,0,0,0,0.0,0,0,0,0,0,0,0,0,0,0,0,0,0,0,0,0,0
experiments/cross_attack_drift_v1/features/additional_routing_window_features.csv,INCREASE_RANK_CONTROL_N16_SEED456789,increase_rank,control,0,0,16,456789,240,300,1,100,100,0,10,1021,37550,2259,16,331,166,3,0,0,0,0,0,0,0,0,0,0,0,0,3,1,128,300.3333,388,260,2,385,386.5,388,3,0,0,0.0,384,385.25,388,4,0,0,0,1,256,256.0,256,0,5.0,5,0,0,0,0,0.0,0,0,0,0,0,0,0,0,0,0,0,0,0,0,0,0,0
experiments/cross_attack_drift_v1/features/additional_routing_window_features.csv,INCREASE_RANK_CONTROL_N16_SEED456789,increase_rank,control,0,0,16,456789,300,360,1,100,100,0,10,1047,38185,2328,16,340,169,0,0,0,0,0,0,0,0,0,0,0,0,0,0,0,0.0,0.0,0.0,0.0,0,0.0,0.0,0.0,0.0,0,0,0.0,384,385.25,388,4,0,0,0,1,256,256.0,256,0,5.0,5,0,0,0,0,0.0,0,0,0,0,0,0,0,0,0,0,0,0,0,0,0,0,0
experiments/cross_attack_drift_v1/features/additional_routing_window_features.csv,INCREASE_RANK_CONTROL_N16_SEED456789,increase_rank,control,0,0,16,456789,360,420,1,40,40,0,4,1038,37730,2278,16,336,173,1,0,0,0,0,0,0,0,0,0,0,0,0,1,1,128,128.0,128,0,0,0.0,0.0,0.0,0.0,0,0,0.0,384,385.25,388,4,0,0,0,1,256,256.0,256,0,5.0,5,0,0,0,0,0.0,0,0,0,0,0,0,0,0,0,0,0,0,0,0,0,0,0
experiments/cross_attack_drift_v1/features/additional_routing_window_features.csv,INCREASE_RANK_CONTROL_N16_SEED456789,increase_rank,control,0,0,16,456789,420,480,1,140,140,0,14,1049,38526,2336,16,339,170,1,1,0,0,0,0,0,0,0,0,0,0,0,1,1,384,384.0,384,0,1,384,384.0,384,0,0,0,256.0,384,385.0,388,4,0,0,0,1,256,256.0,256,0,5.0,5,0,0,0,0,0.0,0,0,0,0,0,0,0,0,0,0,0,0,0,0,0,0,0
experiments/cross_attack_drift_v1/features/additional_routing_window_features.csv,INCREASE_RANK_CONTROL_N16_SEED456789,increase_rank,control,0,0,16,456789,480,540,1,30,29,0,3,1014,36825,2255,16,330,165,1,0,0,0,0,0,0,0,0,0,0,0,0,1,1,384,384.0,384,0,1,384,384.0,384,0,0,0,0.0,384,385.0,388,4,0,0,0,1,256,256.0,256,0,5.0,5,0,0,0,0,0.0,0,0,0,0,0,0,0,0,0,0,0,0,0,0,0,0,0
experiments/cross_attack_drift_v1/features/additional_routing_window_features.csv,INCREASE_RANK_CONTROL_N16_SEED567890,increase_rank,control,0,0,16,567890,0,60,0,0,0,0,0,591,26793,1311,16,176,84,34,9,2,0,0,1,1,1,0,1,1,1,0,5,1,128,31055.9706,65535,65407,30,435,35179.7,65535,65100,0,0,29298.8889,435,453.0,469,34,0,0,0,1,338,338.0,338,0,1.0,1,0,0,0,0,0.0,0,0,0,0,0,0,0,0,0,0,0,0,0,0,0,0,0
experiments/cross_attack_drift_v1/features/additional_routing_window_features.csv,INCREASE_RANK_CONTROL_N16_SEED567890,increase_rank,control,0,0,16,567890,60,120,0,0,0,0,0,1056,39820,2186,16,336,169,8,1,0,0,0,0,0,0,0,0,0,0,0,5,1,128,388.125,462,334,7,384,425.2857,462,78,0,0,256.0,384,410.0,435,51,0,0,0,1,256,256.0,256,0,5.0,5,0,0,0,0,0.0,0,0,0,0,0,0,0,0,0,0,0,0,0,0,0,0,0
experiments/cross_attack_drift_v1/features/additional_routing_window_features.csv,INCREASE_RANK_CONTROL_N16_SEED567890,increase_rank,control,0,0,16,567890,120,180,0,140,140,0,14,1053,38794,2142,16,338,169,4,1,0,0,0,0,0,0,0,0,0,0,0,4,1,384,392.25,412,28,4,384,392.25,412,28,0,0,256.0,384,392.25,412,28,0,0,0,1,256,256.0,256,0,5.0,5,0,0,0,0,0.0,0,0,0,0,0,0,0,0,0,0,0,0,0,0,0,0,0
experiments/cross_attack_drift_v1/features/additional_routing_window_features.csv,INCREASE_RANK_CONTROL_N16_SEED567890,increase_rank,control,0,0,16,567890,180,240,0,40,40,0,4,1055,38466,2164,16,344,171,3,0,0,0,0,0,0,0,0,0,0,0,0,3,1,128,298.6667,384,256,2,384,384.0,384,0,0,0,0.0,384,392.25,412,28,0,0,0,1,256,256.0,256,0,5.0,5,0,0,0,0,0.0,0,0,0,0,0,0,0,0,0,0,0,0,0,0,0,0,0
experiments/cross_attack_drift_v1/features/additional_routing_window_features.csv,INCREASE_RANK_CONTROL_N16_SEED567890,increase_rank,control,0,0,16,567890,240,300,1,100,100,0,10,1069,39484,2180,16,339,170,2,1,0,0,0,0,0,0,0,0,0,0,0,2,1,384,387.5,391,7,2,384,387.5,391,7,0,0,256.0,384,385.75,391,7,0,0,0,1,256,256.0,256,0,5.0,5,0,0,0,0,0.0,0,0,0,0,0,0,0,0,0,0,0,0,0,0,0,0,0
experiments/cross_attack_drift_v1/features/additional_routing_window_features.csv,INCREASE_RANK_CONTROL_N16_SEED567890,increase_rank,control,0,0,16,567890,300,360,1,130,130,0,13,1040,37680,2129,16,339,171,0,0,0,0,0,0,0,0,0,0,0,0,0,0,0,0.0,0.0,0.0,0.0,0,0.0,0.0,0.0,0.0,0,0,0.0,384,385.75,391,7,0,0,0,1,256,256.0,256,0,5.0,5,0,0,0,0,0.0,0,0,0,0,0,0,0,0,0,0,0,0,0,0,0,0,0
experiments/cross_attack_drift_v1/features/additional_routing_window_features.csv,INCREASE_RANK_CONTROL_N16_SEED567890,increase_rank,control,0,0,16,567890,360,420,1,10,10,0,1,1022,36941,2067,16,335,170,0,0,0,0,0,0,0,0,0,0,0,0,0,0,0,0.0,0.0,0.0,0.0,0,0.0,0.0,0.0,0.0,0,0,0.0,384,385.75,391,7,0,0,0,1,256,256.0,256,0,5.0,5,0,0,0,0,0.0,0,0,0,0,0,0,0,0,0,0,0,0,0,0,0,0,0
experiments/cross_attack_drift_v1/features/additional_routing_window_features.csv,INCREASE_RANK_CONTROL_N16_SEED567890,increase_rank,control,0,0,16,567890,420,480,1,140,140,0,14,1065,39293,2165,16,340,171,3,1,0,0,0,0,0,0,0,0,0,0,0,3,1,128,301.3333,392,264,2,384,388.0,392,8,0,0,256.0,384,387.75,392,8,0,0,0,1,256,256.0,256,0,5.0,5,0,0,0,0,0.0,0,0,0,0,0,0,0,0,0,0,0,0,0,0,0,0,0
experiments/cross_attack_drift_v1/features/additional_routing_window_features.csv,INCREASE_RANK_CONTROL_N16_SEED567890,increase_rank,control,0,0,16,567890,480,540,1,40,40,0,4,1062,38749,2149,16,346,174,2,0,0,0,0,0,0,0,0,0,0,0,0,2,1,384,384.0,384,0,2,384,384.0,384,0,0,0,0.0,384,386.0,392,8,0,0,0,1,256,256.0,256,0,5.0,5,0,0,0,0,0.0,0,0,0,0,0,0,0,0,0,0,0,0,0,0,0,0,0
experiments/cross_attack_drift_v1/features/additional_routing_window_features.csv,WORMHOLE_ATTACK_N17_SEED123456,wormhole,attack,1,0,17,123456,0,60,0,0,0,0,0,630,27855,20,17,188,90,37,11,2,1,0,1,1,1,0,1,1,2,0,9,2,128,28630.7297,65535,65407,33,458,32085.6061,65535,65077,0,0,41818.4545,458,690.25,897,439,0,0,0,1,353,353.0,353,0,1.0,1,0,0,0,0,0.0,0,0,0,0,0,0,0,0,0,0,0,0,0,0,0,0,0
experiments/cross_attack_drift_v1/features/additional_routing_window_features.csv,WORMHOLE_ATTACK_N17_SEED123456,wormhole,attack,1,0,17,123456,60,120,0,0,0,0,0,1101,41971,34,17,341,173,21,6,0,0,0,1,1,0,1,1,1,0,0,9,2,128,618.7619,842,714,20,384,643.3,842,458,0,0,11641.0,384,557.25,717,333,0,0,0,3,256,22286.0,65535,65279,4.3333,5,0,0,0,0,0.0,0,0,0,0,0,0,0,0,0,0,0,0,0,0,0,0,0
experiments/cross_attack_drift_v1/features/additional_routing_window_features.csv,WORMHOLE_ATTACK_N17_SEED123456,wormhole,attack,1,0,17,123456,120,180,0,140,140,0,14,1055,39054,22,17,339,172,8,2,0,0,0,0,0,0,0,0,0,0,0,8,2,384,533.875,682,298,8,384,533.875,682,298,0,0,585.0,384,533.875,682,298,0,0,0,2,256,585.0,914,658,4.5,5,0,0,0,0,0.0,0,0,0,0,0,0,0,0,0,0,0,0,0,0,0,0,0
experiments/cross_attack_drift_v1/features/additional_routing_window_features.csv,WORMHOLE_ATTACK_N17_SEED123456,wormhole,attack,1,0,17,123456,180,240,0,40,40,0,4,1041,37876,10,17,337,170,1,2,0,0,0,0,0,0,0,0,0,0,0,1,1,128,128.0,128,0,0,0.0,0.0,0.0,0.0,0,0,897.0,384,533.875,682,298,0,0,0,2,256,576.5,897,641,4.5,5,0,0,0,0,0.0,0,0,0,0,0,0,0,0,0,0,0,0,0,0,0,0,0
experiments/cross_attack_drift_v1/features/additional_routing_window_features.csv,WORMHOLE_ATTACK_N17_SEED123456,wormhole,attack,1,1,17,123456,240,300,1,100,100,0,10,1060,39722,38,17,344,171,14,6,0,0,0,1,1,0,1,1,0,0,0,10,2,256,604.1429,897,641,14,256,604.1429,897,641,0,0,719.1667,256,487.0,656,400,0,0,0,3,256,544.6667,897,641,4.6667,5,0,0,0,0,0.0,0,0,0,0,0,0,0,0,0,0,0,0,0,0,0,1,350
experiments/cross_attack_drift_v1/features/additional_routing_window_features.csv,WORMHOLE_ATTACK_N17_SEED123456,wormhole,attack,1,1,17,123456,300,360,1,130,130,0,13,1055,38289,6,17,341,170,2,2,0,0,0,0,0,0,0,0,0,0,0,2,1,256,448.0,640,384,2,256,448.0,640,384,0,0,363.5,256,486.8,656,400,0,0,0,2,256,363.5,471,215,5.5,6,0,0,0,0,0.0,0,0,0,0,0,0,0,0,0,0,0,0,0,0,0,0,343
experiments/cross_attack_drift_v1/features/additional_routing_window_features.csv,WORMHOLE_ATTACK_N17_SEED123456,wormhole,attack,1,1,17,123456,360,420,1,10,10,0,1,1019,36822,0,17,334,166,3,3,0,0,0,0,0,0,0,0,0,0,0,2,1,256,384.0,640,384,3,256,384.0,640,384,0,0,327.6667,256,486.8,656,400,0,0,0,2,256,363.5,471,215,5.5,6,0,0,0,0,0.0,0,0,0,0,0,0,0,0,0,0,0,0,0,0,0,0,337
experiments/cross_attack_drift_v1/features/additional_routing_window_features.csv,WORMHOLE_ATTACK_N17_SEED123456,wormhole,attack,1,1,17,123456,420,480,1,140,140,0,14,1063,39231,70,17,341,174,7,1,0,0,0,0,0,0,0,0,0,0,0,6,2,128,475.4286,640,512,6,256,533.3333,640,384,0,0,256.0,256,483.7,643,387,0,0,0,2,256,363.5,471,215,5.5,6,0,0,0,0,0.0,0,0,0,0,0,0,0,0,0,0,0,0,0,0,0,0,341
experiments/cross_attack_drift_v1/features/additional_routing_window_features.csv,WORMHOLE_ATTACK_N17_SEED123456,wormhole,attack,1,1,17,123456,480,540,1,40,40,0,4,1048,38660,18,17,336,169,6,2,0,0,0,0,0,0,0,0,0,0,0,6,2,384,484.5,640,256,6,384,484.5,640,256,0,0,471.0,256,482.7,640,384,0,0,0,2,256,363.5,471,215,5.5,6,0,0,0,0,0.0,0,0,0,0,0,0,0,0,0,0,0,0,0,0,0,0,338
experiments/cross_attack_drift_v1/features/additional_routing_window_features.csv,WORMHOLE_ATTACK_N17_SEED234567,wormhole,attack,1,0,17,234567,0,60,0,0,0,0,0,630,27927,8,17,187,90,39,12,1,2,0,1,2,1,1,2,2,2,0,8,2,128,27196.7436,65535,65407,35,447,30290.3143,65535,65088,0,0,43792.5833,447,654.7143,909,462,0,0,0,2,353,748.0,1143,790,1.5,2,0,0,0,0,0.0,0,0,0,0,0,0,0,0,0,0,0,0,0,0,0,0,0
experiments/cross_attack_drift_v1/features/additional_routing_window_features.csv,WORMHOLE_ATTACK_N17_SEED234567,wormhole,attack,1,0,17,234567,60,120,0,0,0,0,0,1073,40648,30,17,337,169,18,5,0,0,0,1,0,0,0,0,0,0,0,8,2,384,625.6667,868,484,18,384,625.6667,868,484,0,0,889.4,384,560.0,718,334,0,0,0,2,256,690.0,1124,868,4.0,5,0,0,0,0,0.0,0,0,0,0,0,0,0,0,0,0,0,0,0,0,0,0,0
experiments/cross_attack_drift_v1/features/additional_routing_window_features.csv,WORMHOLE_ATTACK_N17_SEED234567,wormhole,attack,1,0,17,234567,120,180,0,140,140,0,14,1074,39774,24,17,343,172,9,3,0,0,0,0,0,0,0,0,0,0,0,9,2,128,490.5556,675,547,8,384,535.875,675,291,0,0,687.3333,384,535.875,675,291,0,0,0,2,256,586.5,917,661,4.5,5,0,0,0,0,0.0,0,0,0,0,0,0,0,0,0,0,0,0,0,0,0,0,0
experiments/cross_attack_drift_v1/features/additional_routing_window_features.csv,WORMHOLE_ATTACK_N17_SEED234567,wormhole,attack,1,0,17,234567,180,240,0,50,50,0,5,1041,37781,14,17,339,169,2,1,0,0,0,0,0,0,0,0,0,0,0,2,1,391,392.0,393,2,2,391,392.0,393,2,0,0,889.0,384,533.25,675,291,0,0,0,2,256,572.5,889,633,4.5,5,0,0,0,0,0.0,0,0,0,0,0,0,0,0,0,0,0,0,0,0,0,0,0
experiments/cross_attack_drift_v1/features/additional_routing_window_features.csv,WORMHOLE_ATTACK_N17_SEED234567,wormhole,attack,1,1,17,234567,240,300,1,90,90,0,9,1074,40155,48,17,347,173,14,7,0,0,0,1,1,0,1,1,0,0,0,9,2,128,574.1429,889,761,13,256,608.4615,889,633,0,0,644.1429,256,491.2,664,408,0,0,0,3,256,542.0,889,633,4.6667,5,0,0,0,0,0.0,0,0,0,0,0,0,0,0,0,0,0,0,0,0,0,1,354
experiments/cross_attack_drift_v1/features/additional_routing_window_features.csv,WORMHOLE_ATTACK_N17_SEED234567,wormhole,attack,1,1,17,234567,300,360,1,130,130,0,13,1034,37624,26,17,336,171,0,1,0,0,0,0,0,0,0,0,0,0,0,0,0,0.0,0.0,0.0,0.0,0,0.0,0.0,0.0,0.0,0,0,471.0,256,491.2,664,408,0,0,0,2,256,363.5,471,215,5.5,6,0,0,0,0,0.0,0,0,0,0,0,0,0,0,0,0,0,0,0,0,0,0,337
experiments/cross_attack_drift_v1/features/additional_routing_window_features.csv,WORMHOLE_ATTACK_N17_SEED234567,wormhole,attack,1,1,17,234567,360,420,1,10,10,0,1,1067,38759,30,17,347,175,3,2,0,0,0,0,0,0,0,0,0,0,0,3,2,128,347.6667,659,531,2,256,457.5,659,403,0,0,363.5,256,490.7,659,403,0,0,0,2,256,363.5,471,215,5.5,6,0,0,0,0,0.0,0,0,0,0,0,0,0,0,0,0,0,0,0,0,0,0,349
experiments/cross_attack_drift_v1/features/additional_routing_window_features.csv,WORMHOLE_ATTACK_N17_SEED234567,wormhole,attack,1,1,17,234567,420,480,1,140,140,0,14,1026,37427,2,17,334,166,8,1,0,0,0,0,0,0,0,0,0,0,0,7,2,256,536.0,660,404,8,256,536.0,660,404,0,0,256.0,256,488.9,660,404,0,0,0,2,256,363.5,471,215,5.5,6,0,0,0,0,0.0,0,0,0,0,0,0,0,0,0,0,0,0,0,0,0,0,336
experiments/cross_attack_drift_v1/features/additional_routing_window_features.csv,WORMHOLE_ATTACK_N17_SEED234567,wormhole,attack,1,1,17,234567,480,540,1,50,50,0,5,1040,38213,34,17,336,170,6,2,0,0,0,0,0,0,0,0,0,0,0,5,2,256,496.5,654,398,6,256,496.5,654,398,0,0,363.5,256,488.0,660,404,0,0,0,2,256,363.5,471,215,5.5,6,0,0,0,0,0.0,0,0,0,0,0,0,0,0,0,0,0,0,0,0,0,0,339
experiments/cross_attack_drift_v1/features/additional_routing_window_features.csv,WORMHOLE_ATTACK_N17_SEED345678,wormhole,attack,1,0,17,345678,0,60,0,0,0,0,0,634,27928,8,17,190,93,37,11,1,2,0,1,1,1,0,1,1,2,0,8,2,128,28613.3514,65535,65407,33,423,32066.1212,65535,65112,0,0,41821.6364,423,648.4286,893,470,0,0,0,1,353,353.0,353,0,1.0,1,0,0,0,0,0.0,0,0,0,0,0,0,0,0,0,0,0,0,0,0,0,0,0
experiments/cross_attack_drift_v1/features/additional_routing_window_features.csv,WORMHOLE_ATTACK_N17_SEED345678,wormhole,attack,1,0,17,345678,60,120,0,0,0,0,0,1072,40567,18,17,338,170,19,6,0,0,0,1,1,0,1,1,1,0,0,8,2,384,669.3684,896,512,19,384,669.3684,896,512,0,0,11624.3333,384,560.625,739,355,0,0,0,3,256,839.3333,1131,875,3.6667,5,0,0,0,0,0.0,0,0,0,0,0,0,0,0,0,0,0,0,0,0,0,0,0
experiments/cross_attack_drift_v1/features/additional_routing_window_features.csv,WORMHOLE_ATTACK_N17_SEED345678,wormhole,attack,1,0,17,345678,120,180,0,140,140,0,14,1051,38842,8,17,339,170,8,4,0,0,0,0,0,0,0,0,0,0,0,8,2,128,463.625,689,561,7,384,511.5714,689,305,0,0,748.75,384,534.625,696,312,0,0,0,2,256,584.5,913,657,4.5,5,0,0,0,0,0.0,0,0,0,0,0,0,0,0,0,0,0,0,0,0,0,0,0
experiments/cross_attack_drift_v1/features/additional_routing_window_features.csv,WORMHOLE_ATTACK_N17_SEED345678,wormhole,attack,1,0,17,345678,180,240,0,30,30,0,3,1018,37036,20,17,329,165,3,1,0,0,0,0,0,0,0,0,0,0,0,3,2,128,391.3333,662,534,2,384,523.0,662,278,0,0,886.0,384,529.5,689,305,0,0,0,2,256,571.0,886,630,4.5,5,0,0,0,0,0.0,0,0,0,0,0,0,0,0,0,0,0,0,0,0,0,0,0
experiments/cross_attack_drift_v1/features/additional_routing_window_features.csv,WORMHOLE_ATTACK_N17_SEED345678,wormhole,attack,1,1,17,345678,240,300,1,110,109,0,11,1046,39030,20,17,341,172,13,7,0,0,0,1,1,0,1,1,0,0,0,9,2,256,645.1538,873,617,13,256,645.1538,873,617,0,0,784.8571,256,527.9,873,617,0,0,0,3,256,541.0,886,630,4.6667,5,0,0,0,0,0.0,0,0,0,0,0,0,0,0,0,0,0,0,0,0,0,1,347
experiments/cross_attack_drift_v1/features/additional_routing_window_features.csv,WORMHOLE_ATTACK_N17_SEED345678,wormhole,attack,1,1,17,345678,300,360,1,110,109,0,11,1061,38678,14,17,342,172,1,2,0,0,0,0,0,0,0,0,0,0,0,1,1,256,256.0,256,0,1,256,256.0,256,0,0,0,363.5,256,527.9,873,617,0,0,0,2,256,363.5,471,215,5.5,6,0,0,0,0,0.0,0,0,0,0,0,0,0,0,0,0,0,0,0,0,0,0,344
experiments/cross_attack_drift_v1/features/additional_routing_window_features.csv,WORMHOLE_ATTACK_N17_SEED345678,wormhole,attack,1,1,17,345678,360,420,1,30,30,0,3,1026,37418,42,17,335,166,0,1,0,0,0,0,0,0,0,0,0,0,0,0,0,0.0,0.0,0.0,0.0,0,0.0,0.0,0.0,0.0,0,0,471.0,256,527.9,873,617,0,0,0,2,256,363.5,471,215,5.5,6,0,0,0,0,0.0,0,0,0,0,0,0,0,0,0,0,0,0,0,0,0,0,336
experiments/cross_attack_drift_v1/features/additional_routing_window_features.csv,WORMHOLE_ATTACK_N17_SEED345678,wormhole,attack,1,1,17,345678,420,480,1,140,139,0,14,1048,38377,28,17,338,172,7,1,0,0,0,0,0,0,0,0,0,0,0,7,2,128,477.7143,642,514,6,256,536.0,642,386,0,0,256.0,256,524.1,873,617,0,0,0,2,256,363.5,471,215,5.5,6,0,0,0,0,0.0,0,0,0,0,0,0,0,0,0,0,0,0,0,0,0,0,339
experiments/cross_attack_drift_v1/features/additional_routing_window_features.csv,WORMHOLE_ATTACK_N17_SEED345678,wormhole,attack,1,1,17,345678,480,540,1,30,30,0,3,1039,38364,10,17,335,167,9,4,0,0,0,0,0,0,0,0,0,0,0,7,2,256,450.7778,642,386,9,256,450.7778,642,386,0,0,363.5,256,483.7,642,386,0,0,0,2,256,363.5,471,215,5.5,6,0,0,0,0,0.0,0,0,0,0,0,0,0,0,0,0,0,0,0,0,0,0,340
experiments/cross_attack_drift_v1/features/additional_routing_window_features.csv,WORMHOLE_ATTACK_N17_SEED456789,wormhole,attack,1,0,17,456789,0,60,0,0,0,0,0,512,22912,0,17,157,76,32,7,0,1,0,1,1,1,0,1,1,1,0,5,1,128,32978.625,65535,65407,28,474,37671.5714,65535,65061,0,0,37590.2857,474,493.0,504,30,0,0,0,1,353,353.0,353,0,1.0,1,0,0,0,0,0.0,0,0,0,0,0,0,0,0,0,0,0,0,0,0,0,0,0
experiments/cross_attack_drift_v1/features/additional_routing_window_features.csv,WORMHOLE_ATTACK_N17_SEED456789,wormhole,attack,1,0,17,456789,60,120,0,0,0,0,0,1139,43872,30,17,353,180,21,8,0,0,0,1,1,0,1,1,1,1,0,9,2,128,706.1905,895,767,20,384,735.1,895,511,0,0,33195.125,384,559.625,709,325,0,0,0,3,256,22289.6667,65535,65279,3.3333,5,0,0,0,0,0.0,0,0,0,0,0,0,0,0,0,0,0,0,0,0,0,0,0
experiments/cross_attack_drift_v1/features/additional_routing_window_features.csv,WORMHOLE_ATTACK_N17_SEED456789,wormhole,attack,1,0,17,456789,120,180,0,140,140,0,14,1042,38395,22,17,334,166,6,3,0,0,0,0,0,0,0,0,0,0,0,6,2,384,494.1667,687,303,6,384,494.1667,687,303,0,0,696.0,384,545.5,701,317,0,0,0,2,256,586.0,916,660,4.5,5,0,0,0,0,0.0,0,0,0,0,0,0,0,0,0,0,0,0,0,0,0,0,0
experiments/cross_attack_drift_v1/features/additional_routing_window_features.csv,WORMHOLE_ATTACK_N17_SEED456789,wormhole,attack,1,0,17,456789,180,240,0,20,20,0,2,1041,38022,26,17,336,170,4,2,0,0,0,0,0,0,0,0,0,0,0,4,2,384,530.5,678,294,4,384,530.5,678,294,0,0,893.0,384,537.75,687,303,0,0,0,2,256,574.5,893,637,4.5,5,0,0,0,0,0.0,0,0,0,0,0,0,0,0,0,0,0,0,0,0,0,0,0
experiments/cross_attack_drift_v1/features/additional_routing_window_features.csv,WORMHOLE_ATTACK_N17_SEED456789,wormhole,attack,1,1,17,456789,240,300,1,120,120,0,12,1065,39335,10,17,348,173,10,7,0,0,0,1,1,0,1,1,0,0,0,5,2,128,546.0,893,765,9,256,592.4444,893,637,0,0,650.7143,256,499.4,687,431,0,0,0,3,256,543.3333,893,637,4.6667,5,0,0,0,0,0.0,0,0,0,0,0,0,0,0,0,0,0,0,0,0,0,1,356
experiments/cross_attack_drift_v1/features/additional_routing_window_features.csv,WORMHOLE_ATTACK_N17_SEED456789,wormhole,attack,1,1,17,456789,300,360,1,100,100,0,10,1035,37863,16,17,336,169,7,2,0,0,0,0,0,0,0,0,0,0,0,5,1,256,596.4286,658,402,7,256,596.4286,658,402,0,0,363.5,256,489.3,657,401,0,0,0,2,256,363.5,471,215,5.5,6,0,0,0,0,0.0,0,0,0,0,0,0,0,0,0,0,0,0,0,0,0,0,338
experiments/cross_attack_drift_v1/features/additional_routing_window_features.csv,WORMHOLE_ATTACK_N17_SEED456789,wormhole,attack,1,1,17,456789,360,420,1,40,40,0,4,1033,37453,30,17,338,173,0,1,0,0,0,0,0,0,0,0,0,0,0,0,0,0.0,0.0,0.0,0.0,0,0.0,0.0,0.0,0.0,0,0,471.0,256,489.3,657,401,0,0,0,2,256,363.5,471,215,5.5,6,0,0,0,0,0.0,0,0,0,0,0,0,0,0,0,0,0,0,0,0,0,0,338
experiments/cross_attack_drift_v1/features/additional_routing_window_features.csv,WORMHOLE_ATTACK_N17_SEED456789,wormhole,attack,1,1,17,456789,420,480,1,140,140,0,14,1072,39691,46,17,343,175,8,1,0,0,0,0,0,0,0,0,0,0,0,7,2,128,436.75,655,527,7,256,480.8571,655,399,0,0,256.0,256,487.4,657,401,0,0,0,2,256,363.5,471,215,5.5,6,0,0,0,0,0.0,0,0,0,0,0,0,0,0,0,0,0,0,0,0,0,0,345
experiments/cross_attack_drift_v1/features/additional_routing_window_features.csv,WORMHOLE_ATTACK_N17_SEED456789,wormhole,attack,1,1,17,456789,480,540,1,30,30,0,3,1026,37665,38,17,332,165,4,2,0,0,0,0,0,0,0,0,0,0,0,4,2,256,483.75,648,392,4,256,483.75,648,392,0,0,363.5,256,486.6,657,401,0,0,0,2,256,363.5,471,215,5.5,6,0,0,0,0,0.0,0,0,0,0,0,0,0,0,0,0,0,0,0,0,0,0,332
experiments/cross_attack_drift_v1/features/additional_routing_window_features.csv,WORMHOLE_ATTACK_N17_SEED567890,wormhole,attack,1,0,17,567890,0,60,0,0,0,0,0,575,25850,38,17,173,82,38,9,2,1,0,1,1,1,0,1,1,2,0,9,2,128,27882.1579,65535,65407,34,441,31147.3529,65535,65094,0,0,29304.7778,441,655.25,860,419,0,0,0,1,353,353.0,353,0,1.0,1,0,0,0,0,0.0,0,0,0,0,0,0,0,0,0,0,0,0,0,0,0,0,0
experiments/cross_attack_drift_v1/features/additional_routing_window_features.csv,WORMHOLE_ATTACK_N17_SEED567890,wormhole,attack,1,0,17,567890,60,120,0,0,0,0,0,1079,41083,32,17,338,169,20,9,0,0,0,1,1,0,1,1,1,0,0,9,2,128,622.0,853,725,19,384,648.0,853,469,0,0,29593.1111,384,562.125,730,346,0,0,0,3,256,22284.6667,65535,65279,4.3333,5,0,0,0,0,0.0,0,0,0,0,0,0,0,0,0,0,0,0,0,0,0,0,0
experiments/cross_attack_drift_v1/features/additional_routing_window_features.csv,WORMHOLE_ATTACK_N17_SEED567890,wormhole,attack,1,0,17,567890,120,180,0,140,140,0,14,1056,39156,48,17,339,170,8,3,0,0,0,0,0,0,0,0,0,0,0,8,2,384,537.125,705,321,8,384,537.125,705,321,0,0,687.3333,384,537.125,705,321,0,0,0,2,256,584.5,913,657,4.5,5,0,0,0,0,0.0,0,0,0,0,0,0,0,0,0,0,0,0,0,0,0,0,0
experiments/cross_attack_drift_v1/features/additional_routing_window_features.csv,WORMHOLE_ATTACK_N17_SEED567890,wormhole,attack,1,0,17,567890,180,240,0,40,40,0,4,1047,38257,10,17,338,170,3,1,0,0,0,0,0,0,0,0,0,0,0,3,1,128,300.6667,390,262,2,384,387.0,390,6,0,0,893.0,384,535.75,705,321,0,0,0,2,256,574.5,893,637,4.5,5,0,0,0,0,0.0,0,0,0,0,0,0,0,0,0,0,0,0,0,0,0,0,0
experiments/cross_attack_drift_v1/features/additional_routing_window_features.csv,WORMHOLE_ATTACK_N17_SEED567890,wormhole,attack,1,1,17,567890,240,300,1,100,100,0,10,1076,40297,54,17,348,172,11,5,0,0,0,1,1,0,1,1,0,0,0,8,2,256,645.8182,861,605,11,256,645.8182,861,605,0,0,740.0,256,529.5,861,605,0,0,0,3,256,543.3333,893,637,4.6667,5,0,0,0,0,0.0,0,0,0,0,0,0,0,0,0,0,0,0,0,0,0,1,353
experiments/cross_attack_drift_v1/features/additional_routing_window_features.csv,WORMHOLE_ATTACK_N17_SEED567890,wormhole,attack,1,1,17,567890,300,360,1,120,119,0,12,1053,38174,26,17,344,173,2,3,0,0,0,0,0,0,0,0,0,0,0,2,2,256,363.5,471,215,2,256,363.5,471,215,0,0,399.3333,256,490.5,665,409,0,0,0,2,256,363.5,471,215,5.5,6,0,0,0,0,0.0,0,0,0,0,0,0,0,0,0,0,0,0,0,0,0,0,347
experiments/cross_attack_drift_v1/features/additional_routing_window_features.csv,WORMHOLE_ATTACK_N17_SEED567890,wormhole,attack,1,1,17,567890,360,420,1,20,20,0,2,1042,37833,32,17,339,171,1,1,0,0,0,0,0,0,0,0,0,0,0,1,1,256,256.0,256,0,1,256,256.0,256,0,0,0,256.0,256,490.5,665,409,0,0,0,2,256,363.5,471,215,5.5,6,0,0,0,0,0.0,0,0,0,0,0,0,0,0,0,0,0,0,0,0,0,0,340
experiments/cross_attack_drift_v1/features/additional_routing_window_features.csv,WORMHOLE_ATTACK_N17_SEED567890,wormhole,attack,1,1,17,567890,420,480,1,140,140,0,14,1057,38849,30,17,340,171,3,2,0,0,0,0,0,0,0,0,0,0,0,3,2,128,256.0,384,256,2,256,320.0,384,128,0,0,363.5,256,488.7,665,409,0,0,0,2,256,363.5,471,215,5.5,6,0,0,0,0,0.0,0,0,0,0,0,0,0,0,0,0,0,0,0,0,0,0,340
experiments/cross_attack_drift_v1/features/additional_routing_window_features.csv,WORMHOLE_ATTACK_N17_SEED567890,wormhole,attack,1,1,17,567890,480,540,1,30,29,0,3,1072,39692,60,17,343,175,7,3,0,0,0,0,0,0,0,0,0,0,0,7,2,256,492.2857,655,399,7,256,492.2857,655,399,0,0,399.3333,256,486.0,655,399,0,0,0,2,256,363.5,471,215,5.5,6,0,0,0,0,0.0,0,0,0,0,0,0,0,0,0,0,0,0,0,0,0,0,345
experiments/cross_attack_drift_v1/features/additional_routing_window_features.csv,WORMHOLE_CONTROL_N17_SEED123456,wormhole,control,0,0,17,123456,0,60,0,0,0,0,0,630,27855,20,17,188,90,37,11,2,1,0,1,1,1,0,1,1,2,0,9,2,128,28630.7297,65535,65407,33,458,32085.6061,65535,65077,0,0,41818.4545,458,690.25,897,439,0,0,0,1,353,353.0,353,0,1.0,1,0,0,0,0,0.0,0,0,0,0,0,0,0,0,0,0,0,0,0,0,0,0,0
experiments/cross_attack_drift_v1/features/additional_routing_window_features.csv,WORMHOLE_CONTROL_N17_SEED123456,wormhole,control,0,0,17,123456,60,120,0,0,0,0,0,1101,41971,34,17,341,173,21,6,0,0,0,1,1,0,1,1,1,0,0,9,2,128,618.7619,842,714,20,384,643.3,842,458,0,0,11641.0,384,557.25,717,333,0,0,0,3,256,22286.0,65535,65279,4.3333,5,0,0,0,0,0.0,0,0,0,0,0,0,0,0,0,0,0,0,0,0,0,0,0
experiments/cross_attack_drift_v1/features/additional_routing_window_features.csv,WORMHOLE_CONTROL_N17_SEED123456,wormhole,control,0,0,17,123456,120,180,0,140,140,0,14,1055,39054,22,17,339,172,8,2,0,0,0,0,0,0,0,0,0,0,0,8,2,384,533.875,682,298,8,384,533.875,682,298,0,0,585.0,384,533.875,682,298,0,0,0,2,256,585.0,914,658,4.5,5,0,0,0,0,0.0,0,0,0,0,0,0,0,0,0,0,0,0,0,0,0,0,0
experiments/cross_attack_drift_v1/features/additional_routing_window_features.csv,WORMHOLE_CONTROL_N17_SEED123456,wormhole,control,0,0,17,123456,180,240,0,40,40,0,4,1041,37876,10,17,337,170,1,2,0,0,0,0,0,0,0,0,0,0,0,1,1,128,128.0,128,0,0,0.0,0.0,0.0,0.0,0,0,897.0,384,533.875,682,298,0,0,0,2,256,576.5,897,641,4.5,5,0,0,0,0,0.0,0,0,0,0,0,0,0,0,0,0,0,0,0,0,0,0,0
experiments/cross_attack_drift_v1/features/additional_routing_window_features.csv,WORMHOLE_CONTROL_N17_SEED123456,wormhole,control,0,0,17,123456,240,300,1,100,100,0,10,1045,39017,44,17,337,169,8,2,0,0,0,0,0,0,0,0,0,0,0,8,2,384,517.875,656,272,8,384,517.875,656,272,0,0,576.5,384,517.875,656,272,0,0,0,2,256,576.5,897,641,4.5,5,0,0,0,0,0.0,0,0,0,0,0,0,0,0,0,0,0,0,0,0,0,0,0
experiments/cross_attack_drift_v1/features/additional_routing_window_features.csv,WORMHOLE_CONTROL_N17_SEED123456,wormhole,control,0,0,17,123456,300,360,1,130,130,0,13,1050,38138,10,17,341,170,0,1,0,0,0,0,0,0,0,0,0,0,0,0,0,0.0,0.0,0.0,0.0,0,0.0,0.0,0.0,0.0,0,0,857.0,384,517.875,656,272,0,0,0,2,256,556.5,857,601,4.5,5,0,0,0,0,0.0,0,0,0,0,0,0,0,0,0,0,0,0,0,0,0,0,0
experiments/cross_attack_drift_v1/features/additional_routing_window_features.csv,WORMHOLE_CONTROL_N17_SEED123456,wormhole,control,0,0,17,123456,360,420,1,10,10,0,1,1025,37174,18,17,333,166,0,2,0,0,0,0,0,0,0,0,0,0,0,0,0,0.0,0.0,0.0,0.0,0,0.0,0.0,0.0,0.0,0,0,556.5,384,517.875,656,272,0,0,0,2,256,556.5,857,601,4.5,5,0,0,0,0,0.0,0,0,0,0,0,0,0,0,0,0,0,0,0,0,0,0,0
experiments/cross_attack_drift_v1/features/additional_routing_window_features.csv,WORMHOLE_CONTROL_N17_SEED123456,wormhole,control,0,0,17,123456,420,480,1,140,140,0,14,1055,38520,18,17,342,174,3,2,0,0,0,0,0,0,0,0,0,0,0,3,2,128,471.0,645,517,2,640,642.5,645,5,0,0,857.0,384,515.75,645,261,0,0,0,2,256,556.5,857,601,4.5,5,0,0,0,0,0.0,0,0,0,0,0,0,0,0,0,0,0,0,0,0,0,0,0
experiments/cross_attack_drift_v1/features/additional_routing_window_features.csv,WORMHOLE_CONTROL_N17_SEED123456,wormhole,control,0,0,17,123456,480,540,1,40,40,0,4,1038,38271,6,17,334,169,6,1,0,0,0,0,0,0,0,0,0,0,0,6,2,384,473.8333,655,271,6,384,473.8333,655,271,0,0,857.0,384,516.0,655,271,0,0,0,2,256,556.5,857,601,4.5,5,0,0,0,0,0.0,0,0,0,0,0,0,0,0,0,0,0,0,0,0,0,0,0
experiments/cross_attack_drift_v1/features/additional_routing_window_features.csv,WORMHOLE_CONTROL_N17_SEED234567,wormhole,control,0,0,17,234567,0,60,0,0,0,0,0,630,27927,8,17,187,90,39,12,1,2,0,1,2,1,1,2,2,2,0,8,2,128,27196.7436,65535,65407,35,447,30290.3143,65535,65088,0,0,43792.5833,447,654.7143,909,462,0,0,0,2,353,748.0,1143,790,1.5,2,0,0,0,0,0.0,0,0,0,0,0,0,0,0,0,0,0,0,0,0,0,0,0
experiments/cross_attack_drift_v1/features/additional_routing_window_features.csv,WORMHOLE_CONTROL_N17_SEED234567,wormhole,control,0,0,17,234567,60,120,0,0,0,0,0,1073,40648,30,17,337,169,18,5,0,0,0,1,0,0,0,0,0,0,0,8,2,384,625.6667,868,484,18,384,625.6667,868,484,0,0,889.4,384,560.0,718,334,0,0,0,2,256,690.0,1124,868,4.0,5,0,0,0,0,0.0,0,0,0,0,0,0,0,0,0,0,0,0,0,0,0,0,0
experiments/cross_attack_drift_v1/features/additional_routing_window_features.csv,WORMHOLE_CONTROL_N17_SEED234567,wormhole,control,0,0,17,234567,120,180,0,140,140,0,14,1074,39774,24,17,343,172,9,3,0,0,0,0,0,0,0,0,0,0,0,9,2,128,490.5556,675,547,8,384,535.875,675,291,0,0,687.3333,384,535.875,675,291,0,0,0,2,256,586.5,917,661,4.5,5,0,0,0,0,0.0,0,0,0,0,0,0,0,0,0,0,0,0,0,0,0,0,0
experiments/cross_attack_drift_v1/features/additional_routing_window_features.csv,WORMHOLE_CONTROL_N17_SEED234567,wormhole,control,0,0,17,234567,180,240,0,50,50,0,5,1041,37781,14,17,339,169,2,1,0,0,0,0,0,0,0,0,0,0,0,2,1,391,392.0,393,2,2,391,392.0,393,2,0,0,889.0,384,533.25,675,291,0,0,0,2,256,572.5,889,633,4.5,5,0,0,0,0,0.0,0,0,0,0,0,0,0,0,0,0,0,0,0,0,0,0,0
experiments/cross_attack_drift_v1/features/additional_routing_window_features.csv,WORMHOLE_CONTROL_N17_SEED234567,wormhole,control,0,0,17,234567,240,300,1,90,90,0,9,1053,39199,46,17,335,169,7,2,0,0,0,0,0,0,0,0,0,0,0,7,2,128,504.1429,664,536,6,384,566.8333,664,280,0,0,567.5,384,523.125,664,280,0,0,0,2,256,572.5,889,633,4.5,5,0,0,0,0,0.0,0,0,0,0,0,0,0,0,0,0,0,0,0,0,0,0,0
experiments/cross_attack_drift_v1/features/additional_routing_window_features.csv,WORMHOLE_CONTROL_N17_SEED234567,wormhole,control,0,0,17,234567,300,360,1,130,130,0,13,1044,37883,26,17,339,172,0,1,0,0,0,0,0,0,0,0,0,0,0,0,0,0.0,0.0,0.0,0.0,0,0.0,0.0,0.0,0.0,0,0,879.0,384,523.125,664,280,0,0,0,2,256,567.5,879,623,4.5,5,0,0,0,0,0.0,0,0,0,0,0,0,0,0,0,0,0,0,0,0,0,0,0
experiments/cross_attack_drift_v1/features/additional_routing_window_features.csv,WORMHOLE_CONTROL_N17_SEED234567,wormhole,control,0,0,17,234567,360,420,1,10,10,0,1,1020,36967,4,17,330,165,1,1,0,0,0,0,0,0,0,0,0,0,0,1,1,128,128.0,128,0,0,0.0,0.0,0.0,0.0,0,0,879.0,384,523.125,664,280,0,0,0,2,256,567.5,879,623,4.5,5,0,0,0,0,0.0,0,0,0,0,0,0,0,0,0,0,0,0,0,0,0,0,0
experiments/cross_attack_drift_v1/features/additional_routing_window_features.csv,WORMHOLE_CONTROL_N17_SEED234567,wormhole,control,0,0,17,234567,420,480,1,140,140,0,14,1053,38383,6,17,341,171,4,1,0,0,0,0,0,0,0,0,0,0,0,4,2,384,589.0,662,278,4,384,589.0,662,278,0,0,879.0,384,523.5,664,280,0,0,0,2,256,567.5,879,623,4.5,5,0,0,0,0,0.0,0,0,0,0,0,0,0,0,0,0,0,0,0,0,0,0,0
experiments/cross_attack_drift_v1/features/additional_routing_window_features.csv,WORMHOLE_CONTROL_N17_SEED234567,wormhole,control,0,0,17,234567,480,540,1,40,40,0,4,1044,38257,34,17,339,169,4,2,0,0,0,0,0,0,0,0,0,0,0,4,2,384,452.5,654,270,4,384,452.5,654,270,0,0,567.5,384,522.0,664,280,0,0,0,2,256,567.5,879,623,4.5,5,0,0,0,0,0.0,0,0,0,0,0,0,0,0,0,0,0,0,0,0,0,0,0
experiments/cross_attack_drift_v1/features/additional_routing_window_features.csv,WORMHOLE_CONTROL_N17_SEED345678,wormhole,control,0,0,17,345678,0,60,0,0,0,0,0,634,27928,8,17,190,93,37,11,1,2,0,1,1,1,0,1,1,2,0,8,2,128,28613.3514,65535,65407,33,423,32066.1212,65535,65112,0,0,41821.6364,423,648.4286,893,470,0,0,0,1,353,353.0,353,0,1.0,1,0,0,0,0,0.0,0,0,0,0,0,0,0,0,0,0,0,0,0,0,0,0,0
experiments/cross_attack_drift_v1/features/additional_routing_window_features.csv,WORMHOLE_CONTROL_N17_SEED345678,wormhole,control,0,0,17,345678,60,120,0,0,0,0,0,1072,40567,18,17,338,170,19,6,0,0,0,1,1,0,1,1,1,0,0,8,2,384,669.3684,896,512,19,384,669.3684,896,512,0,0,11624.3333,384,560.625,739,355,0,0,0,3,256,839.3333,1131,875,3.6667,5,0,0,0,0,0.0,0,0,0,0,0,0,0,0,0,0,0,0,0,0,0,0,0
experiments/cross_attack_drift_v1/features/additional_routing_window_features.csv,WORMHOLE_CONTROL_N17_SEED345678,wormhole,control,0,0,17,345678,120,180,0,140,140,0,14,1051,38842,8,17,339,170,8,4,0,0,0,0,0,0,0,0,0,0,0,8,2,128,463.625,689,561,7,384,511.5714,689,305,0,0,748.75,384,534.625,696,312,0,0,0,2,256,584.5,913,657,4.5,5,0,0,0,0,0.0,0,0,0,0,0,0,0,0,0,0,0,0,0,0,0,0,0
experiments/cross_attack_drift_v1/features/additional_routing_window_features.csv,WORMHOLE_CONTROL_N17_SEED345678,wormhole,control,0,0,17,345678,180,240,0,30,30,0,3,1018,37036,20,17,329,165,3,1,0,0,0,0,0,0,0,0,0,0,0,3,2,128,391.3333,662,534,2,384,523.0,662,278,0,0,886.0,384,529.5,689,305,0,0,0,2,256,571.0,886,630,4.5,5,0,0,0,0,0.0,0,0,0,0,0,0,0,0,0,0,0,0,0,0,0,0,0
experiments/cross_attack_drift_v1/features/additional_routing_window_features.csv,WORMHOLE_CONTROL_N17_SEED345678,wormhole,control,0,0,17,345678,240,300,1,110,109,0,11,1033,38437,18,17,334,170,7,3,0,0,0,0,0,0,0,0,0,0,0,7,2,384,538.0,672,288,7,384,538.0,672,288,0,0,667.3333,384,518.75,672,288,0,0,0,2,256,571.0,886,630,4.5,5,0,0,0,0,0.0,0,0,0,0,0,0,0,0,0,0,0,0,0,0,0,0,0
experiments/cross_attack_drift_v1/features/additional_routing_window_features.csv,WORMHOLE_CONTROL_N17_SEED345678,wormhole,control,0,0,17,345678,300,360,1,110,109,0,11,1066,38717,20,17,342,174,0,1,0,0,0,0,0,0,0,0,0,0,0,0,0,0.0,0.0,0.0,0.0,0,0.0,0.0,0.0,0.0,0,0,873.0,384,518.75,672,288,0,0,0,2,256,564.5,873,617,4.5,5,0,0,0,0,0.0,0,0,0,0,0,0,0,0,0,0,0,0,0,0,0,0,0
experiments/cross_attack_drift_v1/features/additional_routing_window_features.csv,WORMHOLE_CONTROL_N17_SEED345678,wormhole,control,0,0,17,345678,360,420,1,30,30,0,3,1026,37054,18,17,337,169,0,1,0,0,0,0,0,0,0,0,0,0,0,0,0,0.0,0.0,0.0,0.0,0,0.0,0.0,0.0,0.0,0,0,873.0,384,518.75,672,288,0,0,0,2,256,564.5,873,617,4.5,5,0,0,0,0,0.0,0,0,0,0,0,0,0,0,0,0,0,0,0,0,0,0,0
experiments/cross_attack_drift_v1/features/additional_routing_window_features.csv,WORMHOLE_CONTROL_N17_SEED345678,wormhole,control,0,0,17,345678,420,480,1,140,140,0,14,1054,38606,4,17,340,171,6,1,0,0,0,0,0,0,0,0,0,0,0,6,2,128,470.0,642,514,5,384,538.4,642,258,0,0,873.0,384,513.5,648,264,0,0,0,2,256,564.5,873,617,4.5,5,0,0,0,0,0.0,0,0,0,0,0,0,0,0,0,0,0,0,0,0,0,0,0
experiments/cross_attack_drift_v1/features/additional_routing_window_features.csv,WORMHOLE_CONTROL_N17_SEED345678,wormhole,control,0,0,17,345678,480,540,1,40,40,0,4,1029,37633,10,17,334,166,3,2,0,0,0,0,0,0,0,0,0,0,0,3,2,384,469.3333,640,256,3,384,469.3333,640,256,0,0,562.5,384,512.5,642,258,0,0,0,2,256,562.5,869,613,4.5,5,0,0,0,0,0.0,0,0,0,0,0,0,0,0,0,0,0,0,0,0,0,0,0
experiments/cross_attack_drift_v1/features/additional_routing_window_features.csv,WORMHOLE_CONTROL_N17_SEED456789,wormhole,control,0,0,17,456789,0,60,0,0,0,0,0,512,22912,0,17,157,76,32,7,0,1,0,1,1,1,0,1,1,1,0,5,1,128,32978.625,65535,65407,28,474,37671.5714,65535,65061,0,0,37590.2857,474,493.0,504,30,0,0,0,1,353,353.0,353,0,1.0,1,0,0,0,0,0.0,0,0,0,0,0,0,0,0,0,0,0,0,0,0,0,0,0
experiments/cross_attack_drift_v1/features/additional_routing_window_features.csv,WORMHOLE_CONTROL_N17_SEED456789,wormhole,control,0,0,17,456789,60,120,0,0,0,0,0,1139,43872,30,17,353,180,21,8,0,0,0,1,1,0,1,1,1,1,0,9,2,128,706.1905,895,767,20,384,735.1,895,511,0,0,33195.125,384,559.625,709,325,0,0,0,3,256,22289.6667,65535,65279,3.3333,5,0,0,0,0,0.0,0,0,0,0,0,0,0,0,0,0,0,0,0,0,0,0,0
experiments/cross_attack_drift_v1/features/additional_routing_window_features.csv,WORMHOLE_CONTROL_N17_SEED456789,wormhole,control,0,0,17,456789,120,180,0,140,140,0,14,1042,38395,22,17,334,166,6,3,0,0,0,0,0,0,0,0,0,0,0,6,2,384,494.1667,687,303,6,384,494.1667,687,303,0,0,696.0,384,545.5,701,317,0,0,0,2,256,586.0,916,660,4.5,5,0,0,0,0,0.0,0,0,0,0,0,0,0,0,0,0,0,0,0,0,0,0,0
experiments/cross_attack_drift_v1/features/additional_routing_window_features.csv,WORMHOLE_CONTROL_N17_SEED456789,wormhole,control,0,0,17,456789,180,240,0,20,20,0,2,1041,38022,26,17,336,170,4,2,0,0,0,0,0,0,0,0,0,0,0,4,2,384,530.5,678,294,4,384,530.5,678,294,0,0,893.0,384,537.75,687,303,0,0,0,2,256,574.5,893,637,4.5,5,0,0,0,0,0.0,0,0,0,0,0,0,0,0,0,0,0,0,0,0,0,0,0
experiments/cross_attack_drift_v1/features/additional_routing_window_features.csv,WORMHOLE_CONTROL_N17_SEED456789,wormhole,control,0,0,17,456789,240,300,1,120,120,0,12,1046,38417,14,17,339,170,3,2,0,0,0,0,0,0,0,0,0,0,0,3,1,128,301.6667,389,261,2,388,388.5,389,1,0,0,574.5,384,533.375,687,303,0,0,0,2,256,574.5,893,637,4.5,5,0,0,0,0,0.0,0,0,0,0,0,0,0,0,0,0,0,0,0,0,0,0,0
experiments/cross_attack_drift_v1/features/additional_routing_window_features.csv,WORMHOLE_CONTROL_N17_SEED456789,wormhole,control,0,0,17,456789,300,360,1,100,100,0,10,1044,38150,18,17,342,170,4,1,0,0,0,0,0,0,0,0,0,0,0,4,1,650,654.25,660,10,4,650,654.25,660,10,0,0,872.0,384,521.25,660,276,0,0,0,2,256,574.5,893,637,4.5,5,0,0,0,0,0.0,0,0,0,0,0,0,0,0,0,0,0,0,0,0,0,0,0
experiments/cross_attack_drift_v1/features/additional_routing_window_features.csv,WORMHOLE_CONTROL_N17_SEED456789,wormhole,control,0,0,17,456789,360,420,1,40,40,0,4,1034,37366,8,17,339,172,0,1,0,0,0,0,0,0,0,0,0,0,0,0,0,0.0,0.0,0.0,0.0,0,0.0,0.0,0.0,0.0,0,0,872.0,384,521.25,660,276,0,0,0,2,256,564.0,872,616,4.5,5,0,0,0,0,0.0,0,0,0,0,0,0,0,0,0,0,0,0,0,0,0,0,0
experiments/cross_attack_drift_v1/features/additional_routing_window_features.csv,WORMHOLE_CONTROL_N17_SEED456789,wormhole,control,0,0,17,456789,420,480,1,140,140,0,14,1055,38658,22,17,337,169,6,1,0,0,0,0,0,0,0,0,0,0,0,6,2,128,430.8333,657,529,5,384,491.4,657,273,0,0,872.0,384,518.875,660,276,0,0,0,2,256,564.0,872,616,4.5,5,0,0,0,0,0.0,0,0,0,0,0,0,0,0,0,0,0,0,0,0,0,0,0
experiments/cross_attack_drift_v1/features/additional_routing_window_features.csv,WORMHOLE_CONTROL_N17_SEED456789,wormhole,control,0,0,17,456789,480,540,1,30,30,0,3,1044,38550,34,17,335,169,1,2,0,0,0,0,0,0,0,0,0,0,0,1,1,406,406.0,406,0,1,406,406.0,406,0,0,0,564.0,384,521.625,660,276,0,0,0,2,256,564.0,872,616,4.5,5,0,0,0,0,0.0,0,0,0,0,0,0,0,0,0,0,0,0,0,0,0,0,0
experiments/cross_attack_drift_v1/features/additional_routing_window_features.csv,WORMHOLE_CONTROL_N17_SEED567890,wormhole,control,0,0,17,567890,0,60,0,0,0,0,0,575,25850,38,17,173,82,38,9,2,1,0,1,1,1,0,1,1,2,0,9,2,128,27882.1579,65535,65407,34,441,31147.3529,65535,65094,0,0,29304.7778,441,655.25,860,419,0,0,0,1,353,353.0,353,0,1.0,1,0,0,0,0,0.0,0,0,0,0,0,0,0,0,0,0,0,0,0,0,0,0,0
experiments/cross_attack_drift_v1/features/additional_routing_window_features.csv,WORMHOLE_CONTROL_N17_SEED567890,wormhole,control,0,0,17,567890,60,120,0,0,0,0,0,1079,41083,32,17,338,169,20,9,0,0,0,1,1,0,1,1,1,0,0,9,2,128,622.0,853,725,19,384,648.0,853,469,0,0,29593.1111,384,562.125,730,346,0,0,0,3,256,22284.6667,65535,65279,4.3333,5,0,0,0,0,0.0,0,0,0,0,0,0,0,0,0,0,0,0,0,0,0,0,0
experiments/cross_attack_drift_v1/features/additional_routing_window_features.csv,WORMHOLE_CONTROL_N17_SEED567890,wormhole,control,0,0,17,567890,120,180,0,140,140,0,14,1056,39156,48,17,339,170,8,3,0,0,0,0,0,0,0,0,0,0,0,8,2,384,537.125,705,321,8,384,537.125,705,321,0,0,687.3333,384,537.125,705,321,0,0,0,2,256,584.5,913,657,4.5,5,0,0,0,0,0.0,0,0,0,0,0,0,0,0,0,0,0,0,0,0,0,0,0
experiments/cross_attack_drift_v1/features/additional_routing_window_features.csv,WORMHOLE_CONTROL_N17_SEED567890,wormhole,control,0,0,17,567890,180,240,0,40,40,0,4,1047,38257,10,17,338,170,3,1,0,0,0,0,0,0,0,0,0,0,0,3,1,128,300.6667,390,262,2,384,387.0,390,6,0,0,893.0,384,535.75,705,321,0,0,0,2,256,574.5,893,637,4.5,5,0,0,0,0,0.0,0,0,0,0,0,0,0,0,0,0,0,0,0,0,0,0,0
experiments/cross_attack_drift_v1/features/additional_routing_window_features.csv,WORMHOLE_CONTROL_N17_SEED567890,wormhole,control,0,0,17,567890,240,300,1,100,100,0,10,1058,39488,52,16,339,169,6,1,0,0,0,0,0,0,0,0,0,0,0,6,2,384,567.3333,665,281,6,384,567.3333,665,281,0,0,256.0,384,522.25,665,281,0,0,0,2,256,574.5,893,637,4.5,5,0,0,0,0,0.0,0,0,0,0,0,0,0,0,0,0,0,0,0,0,0,0,0
experiments/cross_attack_drift_v1/features/additional_routing_window_features.csv,WORMHOLE_CONTROL_N17_SEED567890,wormhole,control,0,0,17,567890,300,360,1,120,120,0,12,1060,38554,22,17,344,177,0,2,0,0,0,0,0,0,0,0,0,0,0,0,0,0.0,0.0,0.0,0.0,0,0.0,0.0,0.0,0.0,0,0,861.0,384,522.25,665,281,0,0,0,2,256,558.5,861,605,4.5,5,0,0,0,0,0.0,0,0,0,0,0,0,0,0,0,0,0,0,0,0,0,0,0
experiments/cross_attack_drift_v1/features/additional_routing_window_features.csv,WORMHOLE_CONTROL_N17_SEED567890,wormhole,control,0,0,17,567890,360,420,1,20,20,0,2,1052,38173,36,17,340,172,0,1,0,0,0,0,0,0,0,0,0,0,0,0,0,0.0,0.0,0.0,0.0,0,0.0,0.0,0.0,0.0,0,0,861.0,384,522.25,665,281,0,0,0,2,256,558.5,861,605,4.5,5,0,0,0,0,0.0,0,0,0,0,0,0,0,0,0,0,0,0,0,0,0,0,0
experiments/cross_attack_drift_v1/features/additional_routing_window_features.csv,WORMHOLE_CONTROL_N17_SEED567890,wormhole,control,0,0,17,567890,420,480,1,140,140,0,14,1049,38650,32,16,338,171,4,0,0,0,0,0,0,0,0,0,0,0,0,4,2,128,394.25,659,531,3,384,483.0,659,275,0,0,0.0,384,523.625,665,281,0,0,0,2,256,558.5,861,605,4.5,5,0,0,0,0,0.0,0,0,0,0,0,0,0,0,0,0,0,0,0,0,0,0,0
experiments/cross_attack_drift_v1/features/additional_routing_window_features.csv,WORMHOLE_CONTROL_N17_SEED567890,wormhole,control,0,0,17,567890,480,540,1,30,30,0,3,1086,39947,16,17,346,174,4,2,0,0,0,0,0,0,0,0,0,0,0,4,2,384,585.5,659,275,4,384,585.5,659,275,0,0,565.0,384,521.875,659,275,0,0,0,2,256,565.0,874,618,4.5,5,0,0,0,0,0.0,0,0,0,0,0,0,0,0,0,0,0,0,0,0,0,0,0
experiments/cross_attack_drift_v1/features/additional_routing_window_features.csv,WORST_PARENT_ATTACK_N16_SEED123456,worst_parent,attack,1,0,16,123456,0,60,0,0,0,0,0,623,27507,1290,16,188,90,33,8,2,0,0,1,1,1,0,1,1,1,0,5,1,128,31985.7576,65535,65407,29,456,36379.931,65535,65079,0,0,32919.75,456,471.0,500,44,0,0,0,1,338,338.0,338,0,1.0,1,0,0,0,0,0.0,0,0,0,0,0,0,0,0,0,0,0,0,0,0,0,0,0
experiments/cross_attack_drift_v1/features/additional_routing_window_features.csv,WORST_PARENT_ATTACK_N16_SEED123456,worst_parent,attack,1,0,16,123456,60,120,0,0,0,0,0,1069,40249,2128,16,337,171,8,1,0,0,0,0,0,0,0,0,0,0,0,5,1,128,378.875,449,321,7,384,414.7143,449,65,0,0,256.0,384,413.0,449,65,0,0,0,1,256,256.0,256,0,5.0,5,0,0,0,0,0.0,0,0,0,0,0,0,0,0,0,0,0,0,0,0,0,0,0
experiments/cross_attack_drift_v1/features/additional_routing_window_features.csv,WORST_PARENT_ATTACK_N16_SEED123456,worst_parent,attack,1,0,16,123456,120,180,0,140,140,0,14,1046,38768,2088,16,337,172,4,1,0,0,0,0,0,0,0,0,0,0,0,4,1,384,394.25,406,22,4,384,394.25,406,22,0,0,256.0,384,394.25,406,22,0,0,0,1,256,256.0,256,0,5.0,5,0,0,0,0,0.0,0,0,0,0,0,0,0,0,0,0,0,0,0,0,0,0,0
experiments/cross_attack_drift_v1/features/additional_routing_window_features.csv,WORST_PARENT_ATTACK_N16_SEED123456,worst_parent,attack,1,0,16,123456,180,240,0,40,40,0,4,1029,37392,2001,16,333,168,1,1,0,0,0,0,0,0,0,0,0,0,0,1,1,128,128.0,128,0,0,0.0,0.0,0.0,0.0,0,0,256.0,384,394.25,406,22,0,0,0,1,256,256.0,256,0,5.0,5,0,0,0,0,0.0,0,0,0,0,0,0,0,0,0,0,0,0,0,0,0,0,0
experiments/cross_attack_drift_v1/features/additional_routing_window_features.csv,WORST_PARENT_ATTACK_N16_SEED123456,worst_parent,attack,1,1,16,123456,240,300,1,100,97,0,10,6471,312209,18395,16,1037,297,96,58,0,0,0,2,49,15,34,5,0,0,30,4,1,384,1014.5312,1408,1024,96,384,1014.5312,1408,1024,0,0,903.6379,407,972.75,1392,985,0,0,0,50,256,613.96,1279,1023,5.0,5,0,0,0,0,0.0,0,0,0,0,0,0,0,0,0,0,0,0,0,1,815,0,0
experiments/cross_attack_drift_v1/features/additional_routing_window_features.csv,WORST_PARENT_ATTACK_N16_SEED123456,worst_parent,attack,1,1,16,123456,300,360,1,110,74,1,11,9125,450402,26947,16,625,233,53,25,0,0,0,6,34,7,27,5,0,0,14,4,1,384,1046.9245,1441,1057,53,384,1046.9245,1441,1057,0,0,914.92,1152,1217.5,1370,218,0,0,0,35,256,729.0857,1247,991,5.0,5,0,0,0,0,0.0,0,0,0,0,0,0,0,0,0,0,0,0,0,0,470,0,0
experiments/cross_attack_drift_v1/features/additional_routing_window_features.csv,WORST_PARENT_ATTACK_N16_SEED123456,worst_parent,attack,1,1,16,123456,360,420,1,30,18,4,3,8975,441859,28431,16,703,233,63,52,0,0,0,3,36,7,29,5,0,0,15,4,1,384,1011.4127,1546,1162,63,384,1011.4127,1546,1162,0,0,941.6538,425,905.0,1296,871,0,0,0,37,256,792.8378,1277,1021,5.0,5,0,0,0,0,0.0,0,0,0,0,0,0,0,0,0,0,0,0,0,0,565,0,0
experiments/cross_attack_drift_v1/features/additional_routing_window_features.csv,WORST_PARENT_ATTACK_N16_SEED123456,worst_parent,attack,1,1,16,123456,420,480,1,140,67,1,14,8978,454110,27621,16,504,196,32,23,0,0,0,8,14,3,11,5,0,0,5,4,1,386,1074.8438,1398,1012,32,386,1074.8438,1398,1012,0,0,916.0435,1256,1335.0,1390,134,0,0,0,15,256,810.7333,1192,936,5.0,5,0,0,0,0,0.0,0,0,0,0,0,0,0,0,0,0,0,0,0,0,347,0,0
experiments/cross_attack_drift_v1/features/additional_routing_window_features.csv,WORST_PARENT_ATTACK_N16_SEED123456,worst_parent,attack,1,1,16,123456,480,540,1,30,17,0,3,9632,483655,29083,16,548,180,47,41,0,0,0,7,32,7,25,5,0,0,14,4,1,391,980.5319,1374,983,47,391,980.5319,1374,983,0,0,963.3415,1043,1169.25,1317,274,0,0,0,33,256,754.8485,1253,997,5.0,5,0,0,0,0,0.0,0,0,0,0,0,0,0,0,0,0,0,0,0,0,433,0,0
experiments/cross_attack_drift_v1/features/additional_routing_window_features.csv,WORST_PARENT_ATTACK_N16_SEED234567,worst_parent,attack,1,0,16,234567,0,60,0,0,0,0,0,611,27199,1316,16,184,88,34,8,1,0,0,1,1,1,0,1,1,1,0,5,1,128,31057.0588,65535,65407,30,442,35180.9333,65535,65093,0,0,32917.0,442,463.25,488,46,0,0,0,1,338,338.0,338,0,1.0,1,0,0,0,0,0.0,0,0,0,0,0,0,0,0,0,0,0,0,0,0,0,0,0
experiments/cross_attack_drift_v1/features/additional_routing_window_features.csv,WORST_PARENT_ATTACK_N16_SEED234567,worst_parent,attack,1,0,16,234567,60,120,0,0,0,0,0,1073,40168,2230,16,342,170,7,1,0,0,0,0,0,0,0,0,0,0,0,4,1,384,408.1429,429,45,7,384,408.1429,429,45,0,0,256.0,384,405.75,424,40,0,0,0,1,256,256.0,256,0,5.0,5,0,0,0,0,0.0,0,0,0,0,0,0,0,0,0,0,0,0,0,0,0,0,0
experiments/cross_attack_drift_v1/features/additional_routing_window_features.csv,WORST_PARENT_ATTACK_N16_SEED234567,worst_parent,attack,1,0,16,234567,120,180,0,140,140,0,14,1072,39625,2230,16,343,175,4,1,0,0,0,0,0,0,0,0,0,0,0,4,1,128,327.5,409,281,3,384,394.0,409,25,0,0,256.0,384,397.0,409,25,0,0,0,1,256,256.0,256,0,5.0,5,0,0,0,0,0.0,0,0,0,0,0,0,0,0,0,0,0,0,0,0,0,0,0
experiments/cross_attack_drift_v1/features/additional_routing_window_features.csv,WORST_PARENT_ATTACK_N16_SEED234567,worst_parent,attack,1,0,16,234567,180,240,0,60,60,0,6,1031,37414,2100,16,337,171,2,0,0,0,0,0,0,0,0,0,0,0,0,2,1,128,259.0,390,262,1,390,390.0,390,0,0,0,0.0,389,398.5,409,20,0,0,0,1,256,256.0,256,0,5.0,5,0,0,0,0,0.0,0,0,0,0,0,0,0,0,0,0,0,0,0,0,0,0,0
experiments/cross_attack_drift_v1/features/additional_routing_window_features.csv,WORST_PARENT_ATTACK_N16_SEED234567,worst_parent,attack,1,1,16,234567,240,300,1,80,79,0,8,5921,287707,17054,16,928,250,85,62,0,0,0,2,42,12,30,5,0,0,24,4,1,384,1014.6235,1586,1202,85,384,1014.6235,1586,1202,0,0,941.2903,1199,1321.5,1586,387,0,0,0,43,256,653.814,1279,1023,5.0,5,0,0,0,0,0.0,0,0,0,0,0,0,0,0,0,0,0,0,0,1,742,0,0
experiments/cross_attack_drift_v1/features/additional_routing_window_features.csv,WORST_PARENT_ATTACK_N16_SEED234567,worst_parent,attack,1,1,16,234567,300,360,1,130,107,1,13,6505,319449,18880,16,949,331,58,62,0,0,0,4,32,12,20,3,0,0,24,2,1,384,1034.3793,1404,1020,58,384,1034.3793,1404,1020,0,0,828.0484,1212,1368.5,1586,374,0,0,0,33,256,588.1212,1177,921,5.0,5,0,0,0,0,0.0,0,0,0,0,0,0,0,0,0,0,0,0,0,0,717,0,0
experiments/cross_attack_drift_v1/features/additional_routing_window_features.csv,WORST_PARENT_ATTACK_N16_SEED234567,worst_parent,attack,1,1,16,234567,360,420,1,10,7,0,1,6971,337452,20572,16,502,202,18,25,0,0,0,6,19,6,13,3,0,0,12,2,1,385,924.6111,1358,973,18,385,924.6111,1358,973,0,0,763.68,1058,1295.5,1586,528,0,0,0,20,256,610.95,1192,936,5.0,5,0,0,0,0,0.0,0,0,0,0,0,0,0,0,0,0,0,0,0,0,342,0,0
experiments/cross_attack_drift_v1/features/additional_routing_window_features.csv,WORST_PARENT_ATTACK_N16_SEED234567,worst_parent,attack,1,1,16,234567,420,480,1,140,101,0,14,7346,363591,22013,16,666,300,17,14,0,0,0,3,8,4,4,3,0,0,8,2,1,384,1057.5294,1381,997,17,384,1057.5294,1381,997,0,0,650.4286,1288,1386.0,1586,298,0,0,0,9,256,380.1111,553,297,5.0,5,0,0,0,0,0.0,0,0,0,0,0,0,0,0,0,0,0,0,0,0,411,0,0
experiments/cross_attack_drift_v1/features/additional_routing_window_features.csv,WORST_PARENT_ATTACK_N16_SEED234567,worst_parent,attack,1,1,16,234567,480,540,1,30,19,0,3,7872,390258,23706,16,817,262,59,58,0,0,0,5,33,14,19,3,0,0,24,2,1,386,1046.8305,1433,1047,59,386,1046.8305,1433,1047,0,0,854.7931,1200,1327.0,1586,386,0,0,0,34,256,569.7941,1277,1021,5.0,5,0,0,0,0,0.0,0,0,0,0,0,0,0,0,0,0,0,0,0,0,606,0,0
experiments/cross_attack_drift_v1/features/additional_routing_window_features.csv,WORST_PARENT_ATTACK_N16_SEED345678,worst_parent,attack,1,0,16,345678,0,60,0,0,0,0,0,596,26481,1300,16,178,87,34,8,1,0,0,1,1,1,0,1,1,1,0,5,1,128,31054.1176,65535,65407,30,437,35177.6,65535,65098,0,0,32923.375,437,454.75,479,42,0,0,0,1,338,338.0,338,0,1.0,1,0,0,0,0,0.0,0,0,0,0,0,0,0,0,0,0,0,0,0,0,0,0,0
experiments/cross_attack_drift_v1/features/additional_routing_window_features.csv,WORST_PARENT_ATTACK_N16_SEED345678,worst_parent,attack,1,0,16,345678,60,120,0,0,0,0,0,1074,40361,2250,16,342,172,8,1,0,0,0,0,0,0,0,0,0,0,0,5,1,128,382.875,472,344,7,388,419.2857,472,84,0,0,256.0,388,402.0,429,41,0,0,0,1,256,256.0,256,0,5.0,5,0,0,0,0,0.0,0,0,0,0,0,0,0,0,0,0,0,0,0,0,0,0,0
experiments/cross_attack_drift_v1/features/additional_routing_window_features.csv,WORST_PARENT_ATTACK_N16_SEED345678,worst_parent,attack,1,0,16,345678,120,180,0,140,139,0,14,1054,39044,2212,16,336,170,3,1,0,0,0,0,0,0,0,0,0,0,0,3,1,384,393.3333,409,25,3,384,393.3333,409,25,0,0,256.0,384,392.0,409,25,0,0,0,1,256,256.0,256,0,5.0,5,0,0,0,0,0.0,0,0,0,0,0,0,0,0,0,0,0,0,0,0,0,0,0
experiments/cross_attack_drift_v1/features/additional_routing_window_features.csv,WORST_PARENT_ATTACK_N16_SEED345678,worst_parent,attack,1,0,16,345678,180,240,0,40,40,0,4,1050,38894,2266,16,338,174,1,1,0,0,0,0,0,0,0,0,0,0,0,1,1,128,128.0,128,0,0,0.0,0.0,0.0,0.0,0,0,256.0,384,392.0,409,25,0,0,0,1,256,256.0,256,0,5.0,5,0,0,0,0,0.0,0,0,0,0,0,0,0,0,0,0,0,0,0,0,0,0,0
experiments/cross_attack_drift_v1/features/additional_routing_window_features.csv,WORST_PARENT_ATTACK_N16_SEED345678,worst_parent,attack,1,1,16,345678,240,300,1,100,97,0,10,6078,284498,16327,16,850,282,71,48,0,0,0,4,54,15,39,5,0,0,30,4,1,384,1001.7183,1381,997,71,384,1001.7183,1381,997,0,0,891.125,1110,1245.75,1368,258,0,0,0,55,256,659.0364,1280,1024,5.0,5,0,0,0,0,0.0,0,0,0,0,0,0,0,0,0,0,0,0,0,1,693,0,0
experiments/cross_attack_drift_v1/features/additional_routing_window_features.csv,WORST_PARENT_ATTACK_N16_SEED345678,worst_parent,attack,1,1,16,345678,300,360,1,110,69,0,11,9114,448973,27467,16,649,195,51,45,0,0,0,8,38,5,33,5,0,0,12,4,1,384,920.2745,1360,976,51,384,920.2745,1360,976,0,0,974.9333,696,939.25,1166,470,0,0,0,39,256,779.5128,1270,1014,5.0,5,0,0,0,0,0.0,0,0,0,0,0,0,0,0,0,0,0,0,0,0,514,0,0
experiments/cross_attack_drift_v1/features/additional_routing_window_features.csv,WORST_PARENT_ATTACK_N16_SEED345678,worst_parent,attack,1,1,16,345678,360,420,1,30,15,0,3,10765,553808,34511,16,636,176,53,39,0,0,0,4,33,7,26,5,0,0,14,4,1,390,1084.8491,1401,1011,53,390,1084.8491,1401,1011,0,0,1000.6667,878,1155.0,1398,520,0,0,0,34,256,821.4118,1278,1022,5.0,5,0,0,0,0,0.0,0,0,0,0,0,0,0,0,0,0,0,0,0,0,446,0,0
experiments/cross_attack_drift_v1/features/additional_routing_window_features.csv,WORST_PARENT_ATTACK_N16_SEED345678,worst_parent,attack,1,1,16,345678,420,480,1,140,59,0,14,9215,458816,26910,16,526,235,28,23,0,0,0,12,18,5,13,5,0,0,10,4,1,390,917.4643,1380,990,28,390,917.4643,1380,990,0,0,864.913,391,761.75,1212,821,0,0,0,19,256,688.2632,1233,977,5.0,5,0,0,0,0,0.0,0,0,0,0,0,0,0,0,0,0,0,0,0,0,374,0,0
experiments/cross_attack_drift_v1/features/additional_routing_window_features.csv,WORST_PARENT_ATTACK_N16_SEED345678,worst_parent,attack,1,1,16,345678,480,540,1,50,16,0,5,11737,600074,36326,16,785,207,65,84,0,0,0,7,22,8,14,5,0,0,16,4,1,384,1005.5846,1399,1015,65,384,1005.5846,1399,1015,0,0,951.5,410,727.25,841,431,0,0,0,23,256,703.3913,1277,1021,5.0,5,0,0,0,0,0.0,0,0,0,0,0,0,0,0,0,0,0,0,0,0,666,0,0
experiments/cross_attack_drift_v1/features/additional_routing_window_features.csv,WORST_PARENT_ATTACK_N16_SEED456789,worst_parent,attack,1,0,16,456789,0,60,0,0,0,0,0,537,24301,1226,16,162,81,32,7,0,0,0,1,1,1,0,1,1,1,0,5,1,128,32971.6562,65535,65407,28,465,37663.6071,65535,65070,0,0,37585.0,465,474.25,482,17,0,0,0,1,338,338.0,338,0,1.0,1,0,0,0,0,0.0,0,0,0,0,0,0,0,0,0,0,0,0,0,0,0,0,0
experiments/cross_attack_drift_v1/features/additional_routing_window_features.csv,WORST_PARENT_ATTACK_N16_SEED456789,worst_parent,attack,1,0,16,456789,60,120,0,0,0,0,0,1080,40683,2392,16,340,172,4,1,0,0,0,0,0,0,0,0,0,0,0,4,1,385,404.25,420,35,4,385,404.25,420,35,0,0,256.0,385,404.25,420,35,0,0,0,1,256,256.0,256,0,5.0,5,0,0,0,0,0.0,0,0,0,0,0,0,0,0,0,0,0,0,0,0,0,0,0
experiments/cross_attack_drift_v1/features/additional_routing_window_features.csv,WORST_PARENT_ATTACK_N16_SEED456789,worst_parent,attack,1,0,16,456789,120,180,0,140,140,0,14,1092,40371,2467,16,353,178,5,1,0,0,0,0,0,0,0,0,0,0,0,5,1,128,340.8,401,273,4,384,394.0,401,17,0,0,256.0,384,394.0,401,17,0,0,0,1,256,256.0,256,0,5.0,5,0,0,0,0,0.0,0,0,0,0,0,0,0,0,0,0,0,0,0,0,0,0,0
experiments/cross_attack_drift_v1/features/additional_routing_window_features.csv,WORST_PARENT_ATTACK_N16_SEED456789,worst_parent,attack,1,0,16,456789,180,240,0,40,40,0,4,1043,38137,2348,16,339,169,2,1,0,0,0,0,0,0,0,0,0,0,0,2,1,384,384.0,384,0,2,384,384.0,384,0,0,0,256.0,384,391.75,401,17,0,0,0,1,256,256.0,256,0,5.0,5,0,0,0,0,0.0,0,0,0,0,0,0,0,0,0,0,0,0,0,0,0,0,0
experiments/cross_attack_drift_v1/features/additional_routing_window_features.csv,WORST_PARENT_ATTACK_N16_SEED456789,worst_parent,attack,1,1,16,456789,240,300,1,100,98,0,10,7604,373214,23110,16,1123,294,111,89,0,0,0,4,38,11,27,5,0,0,23,5,1,128,1002.6577,1400,1272,110,384,1010.6091,1400,1016,0,0,918.0562,391,925.25,1389,998,0,0,0,39,256,564.641,1132,876,5.0,5,0,0,0,0,0.0,0,0,0,0,0,0,0,0,0,0,0,0,0,1,935,0,0
experiments/cross_attack_drift_v1/features/additional_routing_window_features.csv,WORST_PARENT_ATTACK_N16_SEED456789,worst_parent,attack,1,1,16,456789,300,360,1,90,59,0,9,8861,442806,27758,16,705,206,59,61,0,0,0,7,23,5,18,5,0,0,9,4,1,384,1073.5085,1427,1043,59,384,1073.5085,1427,1043,0,0,968.2131,1380,1402.75,1427,47,0,0,0,24,256,864.1667,1280,1024,5.0,5,0,0,0,0,0.0,0,0,0,0,0,0,0,0,0,0,0,0,0,0,556,0,0
experiments/cross_attack_drift_v1/features/additional_routing_window_features.csv,WORST_PARENT_ATTACK_N16_SEED456789,worst_parent,attack,1,1,16,456789,360,420,1,50,30,6,5,11539,597524,35650,16,771,84,106,101,0,0,0,6,22,5,17,5,0,0,11,4,1,384,1063.6038,1427,1043,106,384,1063.6038,1427,1043,0,0,998.0693,875,1121.0,1292,417,0,0,0,23,256,701.3043,1261,1005,5.0,5,0,0,0,0,0.0,0,0,0,0,0,0,0,0,0,0,0,0,0,0,706,0,0
experiments/cross_attack_drift_v1/features/additional_routing_window_features.csv,WORST_PARENT_ATTACK_N16_SEED456789,worst_parent,attack,1,1,16,456789,420,480,1,130,43,4,13,10830,557147,35178,16,1069,391,67,69,0,0,0,8,35,13,22,5,0,0,27,4,1,392,1066.4328,1422,1030,67,392,1066.4328,1422,1030,0,0,924.8406,1217,1352.5,1422,205,0,0,0,36,256,720.8333,1279,1023,5.0,5,0,0,0,0,0.0,0,0,0,0,0,0,0,0,0,0,0,0,0,0,798,0,0
experiments/cross_attack_drift_v1/features/additional_routing_window_features.csv,WORST_PARENT_ATTACK_N16_SEED456789,worst_parent,attack,1,1,16,456789,480,540,1,10,4,3,1,7203,349787,20165,16,789,243,49,58,0,0,0,7,35,11,24,4,0,0,24,3,1,384,1122.6939,1408,1024,49,384,1122.6939,1408,1024,0,0,973.1207,1150,1285.25,1413,263,0,0,0,36,256,635.8889,1280,1024,5.0,5,0,0,0,0,0.0,0,0,0,0,0,0,0,0,0,0,0,0,0,0,598,0,0
experiments/cross_attack_drift_v1/features/additional_routing_window_features.csv,WORST_PARENT_ATTACK_N16_SEED567890,worst_parent,attack,1,0,16,567890,0,60,0,0,0,0,0,591,26793,1311,16,176,84,34,9,2,0,0,1,1,1,0,1,1,1,0,5,1,128,31055.9706,65535,65407,30,435,35179.7,65535,65100,0,0,29298.8889,435,453.0,469,34,0,0,0,1,338,338.0,338,0,1.0,1,0,0,0,0,0.0,0,0,0,0,0,0,0,0,0,0,0,0,0,0,0,0,0
experiments/cross_attack_drift_v1/features/additional_routing_window_features.csv,WORST_PARENT_ATTACK_N16_SEED567890,worst_parent,attack,1,0,16,567890,60,120,0,0,0,0,0,1056,39820,2186,16,336,169,8,1,0,0,0,0,0,0,0,0,0,0,0,5,1,128,388.125,462,334,7,384,425.2857,462,78,0,0,256.0,384,410.0,435,51,0,0,0,1,256,256.0,256,0,5.0,5,0,0,0,0,0.0,0,0,0,0,0,0,0,0,0,0,0,0,0,0,0,0,0
experiments/cross_attack_drift_v1/features/additional_routing_window_features.csv,WORST_PARENT_ATTACK_N16_SEED567890,worst_parent,attack,1,0,16,567890,120,180,0,140,140,0,14,1053,38794,2142,16,338,169,4,1,0,0,0,0,0,0,0,0,0,0,0,4,1,384,392.25,412,28,4,384,392.25,412,28,0,0,256.0,384,392.25,412,28,0,0,0,1,256,256.0,256,0,5.0,5,0,0,0,0,0.0,0,0,0,0,0,0,0,0,0,0,0,0,0,0,0,0,0
experiments/cross_attack_drift_v1/features/additional_routing_window_features.csv,WORST_PARENT_ATTACK_N16_SEED567890,worst_parent,attack,1,0,16,567890,180,240,0,40,40,0,4,1055,38466,2164,16,344,171,3,0,0,0,0,0,0,0,0,0,0,0,0,3,1,128,298.6667,384,256,2,384,384.0,384,0,0,0,0.0,384,392.25,412,28,0,0,0,1,256,256.0,256,0,5.0,5,0,0,0,0,0.0,0,0,0,0,0,0,0,0,0,0,0,0,0,0,0,0,0
experiments/cross_attack_drift_v1/features/additional_routing_window_features.csv,WORST_PARENT_ATTACK_N16_SEED567890,worst_parent,attack,1,1,16,567890,240,300,1,100,97,0,10,6605,325413,18907,16,859,248,83,61,0,0,0,5,53,13,40,5,0,0,29,4,1,384,947.1566,1388,1004,83,384,947.1566,1388,1004,0,0,867.7869,989,1152.0,1283,294,0,0,0,54,256,670.5926,1280,1024,5.0,5,0,0,0,0,0.0,0,0,0,0,0,0,0,0,0,0,0,0,0,1,722,0,0
experiments/cross_attack_drift_v1/features/additional_routing_window_features.csv,WORST_PARENT_ATTACK_N16_SEED567890,worst_parent,attack,1,1,16,567890,300,360,1,90,70,3,9,6291,307481,17347,16,642,267,42,33,0,0,0,2,20,6,14,5,0,0,12,4,1,388,1067.619,1432,1044,42,388,1067.619,1432,1044,0,0,856.6061,778,946.0,1211,433,0,0,0,21,256,690.1429,1279,1023,5.0,5,0,0,0,0,0.0,0,0,0,0,0,0,0,0,0,0,0,0,0,0,476,0,0
experiments/cross_attack_drift_v1/features/additional_routing_window_features.csv,WORST_PARENT_ATTACK_N16_SEED567890,worst_parent,attack,1,1,16,567890,360,420,1,50,33,4,5,10493,534702,32902,16,816,266,75,50,0,0,0,8,23,8,15,5,0,0,15,5,1,128,1075.7333,1365,1237,74,384,1088.5405,1365,981,0,0,963.9,1046,1247.5,1365,319,0,0,0,24,256,683.8333,1233,977,5.0,5,0,0,0,0,0.0,0,0,0,0,0,0,0,0,0,0,0,0,0,0,616,0,0
experiments/cross_attack_drift_v1/features/additional_routing_window_features.csv,WORST_PARENT_ATTACK_N16_SEED567890,worst_parent,attack,1,1,16,567890,420,480,1,140,64,0,14,10111,507970,30553,16,673,211,51,27,0,0,0,4,36,9,27,5,0,0,18,4,1,399,1076.4902,1476,1077,51,399,1076.4902,1476,1077,0,0,966.037,1053,1218.25,1377,324,0,0,0,37,256,772.8378,1258,1002,5.0,5,0,0,0,0,0.0,0,0,0,0,0,0,0,0,0,0,0,0,0,0,494,0,0
experiments/cross_attack_drift_v1/features/additional_routing_window_features.csv,WORST_PARENT_ATTACK_N16_SEED567890,worst_parent,attack,1,1,16,567890,480,540,1,30,9,0,3,11723,602595,35730,16,982,175,146,103,0,0,0,8,25,7,18,5,0,0,14,4,1,385,1114.4041,1405,1020,146,385,1114.4041,1405,1020,0,0,1068.1068,1195,1263.75,1344,149,0,0,0,26,256,700.2692,1280,1024,5.0,5,0,0,0,0,0.0,0,0,0,0,0,0,0,0,0,0,0,0,0,0,925,0,0
experiments/cross_attack_drift_v1/features/additional_routing_window_features.csv,WORST_PARENT_CONTROL_N16_SEED123456,worst_parent,control,0,0,16,123456,0,60,0,0,0,0,0,623,27507,1290,16,188,90,33,8,2,0,0,1,1,1,0,1,1,1,0,5,1,128,31985.7576,65535,65407,29,456,36379.931,65535,65079,0,0,32919.75,456,471.0,500,44,0,0,0,1,338,338.0,338,0,1.0,1,0,0,0,0,0.0,0,0,0,0,0,0,0,0,0,0,0,0,0,0,0,0,0
experiments/cross_attack_drift_v1/features/additional_routing_window_features.csv,WORST_PARENT_CONTROL_N16_SEED123456,worst_parent,control,0,0,16,123456,60,120,0,0,0,0,0,1069,40249,2128,16,337,171,8,1,0,0,0,0,0,0,0,0,0,0,0,5,1,128,378.875,449,321,7,384,414.7143,449,65,0,0,256.0,384,413.0,449,65,0,0,0,1,256,256.0,256,0,5.0,5,0,0,0,0,0.0,0,0,0,0,0,0,0,0,0,0,0,0,0,0,0,0,0
experiments/cross_attack_drift_v1/features/additional_routing_window_features.csv,WORST_PARENT_CONTROL_N16_SEED123456,worst_parent,control,0,0,16,123456,120,180,0,140,140,0,14,1046,38768,2088,16,337,172,4,1,0,0,0,0,0,0,0,0,0,0,0,4,1,384,394.25,406,22,4,384,394.25,406,22,0,0,256.0,384,394.25,406,22,0,0,0,1,256,256.0,256,0,5.0,5,0,0,0,0,0.0,0,0,0,0,0,0,0,0,0,0,0,0,0,0,0,0,0
experiments/cross_attack_drift_v1/features/additional_routing_window_features.csv,WORST_PARENT_CONTROL_N16_SEED123456,worst_parent,control,0,0,16,123456,180,240,0,40,40,0,4,1029,37392,2001,16,333,168,1,1,0,0,0,0,0,0,0,0,0,0,0,1,1,128,128.0,128,0,0,0.0,0.0,0.0,0.0,0,0,256.0,384,394.25,406,22,0,0,0,1,256,256.0,256,0,5.0,5,0,0,0,0,0.0,0,0,0,0,0,0,0,0,0,0,0,0,0,0,0,0,0
experiments/cross_attack_drift_v1/features/additional_routing_window_features.csv,WORST_PARENT_CONTROL_N16_SEED123456,worst_parent,control,0,0,16,123456,240,300,1,100,98,0,10,1036,38317,2029,16,332,167,4,0,0,0,0,0,0,0,0,0,0,0,0,4,1,384,384.75,386,2,4,384,384.75,386,2,0,0,0.0,384,384.75,386,2,0,0,0,1,256,256.0,256,0,5.0,5,0,0,0,0,0.0,0,0,0,0,0,0,0,0,0,0,0,0,0,0,0,0,0
experiments/cross_attack_drift_v1/features/additional_routing_window_features.csv,WORST_PARENT_CONTROL_N16_SEED123456,worst_parent,control,0,0,16,123456,300,360,1,130,130,0,13,1036,37480,2027,16,337,169,0,0,0,0,0,0,0,0,0,0,0,0,0,0,0,0.0,0.0,0.0,0.0,0,0.0,0.0,0.0,0.0,0,0,0.0,384,384.75,386,2,0,0,0,1,256,256.0,256,0,5.0,5,0,0,0,0,0.0,0,0,0,0,0,0,0,0,0,0,0,0,0,0,0,0,0
experiments/cross_attack_drift_v1/features/additional_routing_window_features.csv,WORST_PARENT_CONTROL_N16_SEED123456,worst_parent,control,0,0,16,123456,360,420,1,10,10,0,1,1054,38271,2076,16,343,173,0,0,0,0,0,0,0,0,0,0,0,0,0,0,0,0.0,0.0,0.0,0.0,0,0.0,0.0,0.0,0.0,0,0,0.0,384,384.75,386,2,0,0,0,1,256,256.0,256,0,5.0,5,0,0,0,0,0.0,0,0,0,0,0,0,0,0,0,0,0,0,0,0,0,0,0
experiments/cross_attack_drift_v1/features/additional_routing_window_features.csv,WORST_PARENT_CONTROL_N16_SEED123456,worst_parent,control,0,0,16,123456,420,480,1,140,140,0,14,1034,38190,2041,16,338,169,2,1,0,0,0,0,0,0,0,0,0,0,0,2,1,128,256.0,384,256,1,384,384.0,384,0,0,0,256.0,384,384.25,385,1,0,0,0,1,256,256.0,256,0,5.0,5,0,0,0,0,0.0,0,0,0,0,0,0,0,0,0,0,0,0,0,0,0,0,0
experiments/cross_attack_drift_v1/features/additional_routing_window_features.csv,WORST_PARENT_CONTROL_N16_SEED123456,worst_parent,control,0,0,16,123456,480,540,1,30,30,0,3,1030,37739,2042,16,335,167,3,0,0,0,0,0,0,0,0,0,0,0,0,3,1,384,384.0,384,0,3,384,384.0,384,0,0,0,0.0,384,384.0,384,0,0,0,0,1,256,256.0,256,0,5.0,5,0,0,0,0,0.0,0,0,0,0,0,0,0,0,0,0,0,0,0,0,0,0,0
experiments/cross_attack_drift_v1/features/additional_routing_window_features.csv,WORST_PARENT_CONTROL_N16_SEED234567,worst_parent,control,0,0,16,234567,0,60,0,0,0,0,0,611,27199,1316,16,184,88,34,8,1,0,0,1,1,1,0,1,1,1,0,5,1,128,31057.0588,65535,65407,30,442,35180.9333,65535,65093,0,0,32917.0,442,463.25,488,46,0,0,0,1,338,338.0,338,0,1.0,1,0,0,0,0,0.0,0,0,0,0,0,0,0,0,0,0,0,0,0,0,0,0,0
experiments/cross_attack_drift_v1/features/additional_routing_window_features.csv,WORST_PARENT_CONTROL_N16_SEED234567,worst_parent,control,0,0,16,234567,60,120,0,0,0,0,0,1073,40168,2230,16,342,170,7,1,0,0,0,0,0,0,0,0,0,0,0,4,1,384,408.1429,429,45,7,384,408.1429,429,45,0,0,256.0,384,405.75,424,40,0,0,0,1,256,256.0,256,0,5.0,5,0,0,0,0,0.0,0,0,0,0,0,0,0,0,0,0,0,0,0,0,0,0,0
experiments/cross_attack_drift_v1/features/additional_routing_window_features.csv,WORST_PARENT_CONTROL_N16_SEED234567,worst_parent,control,0,0,16,234567,120,180,0,140,140,0,14,1072,39625,2230,16,343,175,4,1,0,0,0,0,0,0,0,0,0,0,0,4,1,128,327.5,409,281,3,384,394.0,409,25,0,0,256.0,384,397.0,409,25,0,0,0,1,256,256.0,256,0,5.0,5,0,0,0,0,0.0,0,0,0,0,0,0,0,0,0,0,0,0,0,0,0,0,0
experiments/cross_attack_drift_v1/features/additional_routing_window_features.csv,WORST_PARENT_CONTROL_N16_SEED234567,worst_parent,control,0,0,16,234567,180,240,0,60,60,0,6,1031,37414,2100,16,337,171,2,0,0,0,0,0,0,0,0,0,0,0,0,2,1,128,259.0,390,262,1,390,390.0,390,0,0,0,0.0,389,398.5,409,20,0,0,0,1,256,256.0,256,0,5.0,5,0,0,0,0,0.0,0,0,0,0,0,0,0,0,0,0,0,0,0,0,0,0,0
experiments/cross_attack_drift_v1/features/additional_routing_window_features.csv,WORST_PARENT_CONTROL_N16_SEED234567,worst_parent,control,0,0,16,234567,240,300,1,80,80,0,8,1058,39279,2194,16,338,171,3,1,0,0,0,0,0,0,0,0,0,0,0,3,1,384,385.3333,388,4,3,384,385.3333,388,4,0,0,256.0,384,386.5,390,6,0,0,0,1,256,256.0,256,0,5.0,5,0,0,0,0,0.0,0,0,0,0,0,0,0,0,0,0,0,0,0,0,0,0,0
experiments/cross_attack_drift_v1/features/additional_routing_window_features.csv,WORST_PARENT_CONTROL_N16_SEED234567,worst_parent,control,0,0,16,234567,300,360,1,120,120,0,12,989,35775,2030,16,324,165,0,0,0,0,0,0,0,0,0,0,0,0,0,0,0,0.0,0.0,0.0,0.0,0,0.0,0.0,0.0,0.0,0,0,0.0,384,386.5,390,6,0,0,0,1,256,256.0,256,0,5.0,5,0,0,0,0,0.0,0,0,0,0,0,0,0,0,0,0,0,0,0,0,0,0,0
experiments/cross_attack_drift_v1/features/additional_routing_window_features.csv,WORST_PARENT_CONTROL_N16_SEED234567,worst_parent,control,0,0,16,234567,360,420,1,20,20,0,2,1044,38066,2154,16,338,169,0,0,0,0,0,0,0,0,0,0,0,0,0,0,0,0.0,0.0,0.0,0.0,0,0.0,0.0,0.0,0.0,0,0,0.0,384,386.5,390,6,0,0,0,1,256,256.0,256,0,5.0,5,0,0,0,0,0.0,0,0,0,0,0,0,0,0,0,0,0,0,0,0,0,0,0
experiments/cross_attack_drift_v1/features/additional_routing_window_features.csv,WORST_PARENT_CONTROL_N16_SEED234567,worst_parent,control,0,0,16,234567,420,480,1,140,140,0,14,1055,38768,2182,16,340,174,4,0,0,0,0,0,0,0,0,0,0,0,0,4,1,128,324.5,394,266,3,384,390.0,394,10,0,0,0.0,384,388.5,394,10,0,0,0,1,256,256.0,256,0,5.0,5,0,0,0,0,0.0,0,0,0,0,0,0,0,0,0,0,0,0,0,0,0,0,0
experiments/cross_attack_drift_v1/features/additional_routing_window_features.csv,WORST_PARENT_CONTROL_N16_SEED234567,worst_parent,control,0,0,16,234567,480,540,1,60,60,0,6,1073,39226,2195,16,347,172,1,1,0,0,0,0,0,0,0,0,0,0,0,1,1,384,384.0,384,0,1,384,384.0,384,0,0,0,256.0,384,388.5,394,10,0,0,0,1,256,256.0,256,0,5.0,5,0,0,0,0,0.0,0,0,0,0,0,0,0,0,0,0,0,0,0,0,0,0,0
experiments/cross_attack_drift_v1/features/additional_routing_window_features.csv,WORST_PARENT_CONTROL_N16_SEED345678,worst_parent,control,0,0,16,345678,0,60,0,0,0,0,0,596,26481,1300,16,178,87,34,8,1,0,0,1,1,1,0,1,1,1,0,5,1,128,31054.1176,65535,65407,30,437,35177.6,65535,65098,0,0,32923.375,437,454.75,479,42,0,0,0,1,338,338.0,338,0,1.0,1,0,0,0,0,0.0,0,0,0,0,0,0,0,0,0,0,0,0,0,0,0,0,0
experiments/cross_attack_drift_v1/features/additional_routing_window_features.csv,WORST_PARENT_CONTROL_N16_SEED345678,worst_parent,control,0,0,16,345678,60,120,0,0,0,0,0,1074,40361,2250,16,342,172,8,1,0,0,0,0,0,0,0,0,0,0,0,5,1,128,382.875,472,344,7,388,419.2857,472,84,0,0,256.0,388,402.0,429,41,0,0,0,1,256,256.0,256,0,5.0,5,0,0,0,0,0.0,0,0,0,0,0,0,0,0,0,0,0,0,0,0,0,0,0
experiments/cross_attack_drift_v1/features/additional_routing_window_features.csv,WORST_PARENT_CONTROL_N16_SEED345678,worst_parent,control,0,0,16,345678,120,180,0,140,139,0,14,1054,39044,2212,16,336,170,3,1,0,0,0,0,0,0,0,0,0,0,0,3,1,384,393.3333,409,25,3,384,393.3333,409,25,0,0,256.0,384,392.0,409,25,0,0,0,1,256,256.0,256,0,5.0,5,0,0,0,0,0.0,0,0,0,0,0,0,0,0,0,0,0,0,0,0,0,0,0
experiments/cross_attack_drift_v1/features/additional_routing_window_features.csv,WORST_PARENT_CONTROL_N16_SEED345678,worst_parent,control,0,0,16,345678,180,240,0,40,40,0,4,1050,38894,2266,16,338,174,1,1,0,0,0,0,0,0,0,0,0,0,0,1,1,128,128.0,128,0,0,0.0,0.0,0.0,0.0,0,0,256.0,384,392.0,409,25,0,0,0,1,256,256.0,256,0,5.0,5,0,0,0,0,0.0,0,0,0,0,0,0,0,0,0,0,0,0,0,0,0,0,0
experiments/cross_attack_drift_v1/features/additional_routing_window_features.csv,WORST_PARENT_CONTROL_N16_SEED345678,worst_parent,control,0,0,16,345678,240,300,1,100,100,0,10,1087,40173,2267,16,351,177,4,0,0,0,0,0,0,0,0,0,0,0,0,4,1,384,385.0,388,4,4,384,385.0,388,4,0,0,0.0,384,385.0,388,4,0,0,0,1,256,256.0,256,0,5.0,5,0,0,0,0,0.0,0,0,0,0,0,0,0,0,0,0,0,0,0,0,0,0,0
experiments/cross_attack_drift_v1/features/additional_routing_window_features.csv,WORST_PARENT_CONTROL_N16_SEED345678,worst_parent,control,0,0,16,345678,300,360,1,110,110,0,11,1040,37966,2211,16,335,169,0,0,0,0,0,0,0,0,0,0,0,0,0,0,0,0.0,0.0,0.0,0.0,0,0.0,0.0,0.0,0.0,0,0,0.0,384,385.0,388,4,0,0,0,1,256,256.0,256,0,5.0,5,0,0,0,0,0.0,0,0,0,0,0,0,0,0,0,0,0,0,0,0,0,0,0
experiments/cross_attack_drift_v1/features/additional_routing_window_features.csv,WORST_PARENT_CONTROL_N16_SEED345678,worst_parent,control,0,0,16,345678,360,420,1,30,30,0,3,1048,38020,2171,16,340,172,0,0,0,0,0,0,0,0,0,0,0,0,0,0,0,0.0,0.0,0.0,0.0,0,0.0,0.0,0.0,0.0,0,0,0.0,384,385.0,388,4,0,0,0,1,256,256.0,256,0,5.0,5,0,0,0,0,0.0,0,0,0,0,0,0,0,0,0,0,0,0,0,0,0,0,0
experiments/cross_attack_drift_v1/features/additional_routing_window_features.csv,WORST_PARENT_CONTROL_N16_SEED345678,worst_parent,control,0,0,16,345678,420,480,1,140,140,0,14,1045,38334,2170,16,340,171,3,1,0,0,0,0,0,0,0,0,0,0,0,3,1,128,298.6667,384,256,2,384,384.0,384,0,0,0,256.0,384,384.0,384,0,0,0,0,1,256,256.0,256,0,5.0,5,0,0,0,0,0.0,0,0,0,0,0,0,0,0,0,0,0,0,0,0,0,0,0
experiments/cross_attack_drift_v1/features/additional_routing_window_features.csv,WORST_PARENT_CONTROL_N16_SEED345678,worst_parent,control,0,0,16,345678,480,540,1,50,50,0,5,1031,37821,2141,16,333,169,2,0,0,0,0,0,0,0,0,0,0,0,0,2,1,384,384.0,384,0,2,384,384.0,384,0,0,0,0.0,384,384.0,384,0,0,0,0,1,256,256.0,256,0,5.0,5,0,0,0,0,0.0,0,0,0,0,0,0,0,0,0,0,0,0,0,0,0,0,0
experiments/cross_attack_drift_v1/features/additional_routing_window_features.csv,WORST_PARENT_CONTROL_N16_SEED456789,worst_parent,control,0,0,16,456789,0,60,0,0,0,0,0,537,24301,1226,16,162,81,32,7,0,0,0,1,1,1,0,1,1,1,0,5,1,128,32971.6562,65535,65407,28,465,37663.6071,65535,65070,0,0,37585.0,465,474.25,482,17,0,0,0,1,338,338.0,338,0,1.0,1,0,0,0,0,0.0,0,0,0,0,0,0,0,0,0,0,0,0,0,0,0,0,0
experiments/cross_attack_drift_v1/features/additional_routing_window_features.csv,WORST_PARENT_CONTROL_N16_SEED456789,worst_parent,control,0,0,16,456789,60,120,0,0,0,0,0,1080,40683,2392,16,340,172,4,1,0,0,0,0,0,0,0,0,0,0,0,4,1,385,404.25,420,35,4,385,404.25,420,35,0,0,256.0,385,404.25,420,35,0,0,0,1,256,256.0,256,0,5.0,5,0,0,0,0,0.0,0,0,0,0,0,0,0,0,0,0,0,0,0,0,0,0,0
experiments/cross_attack_drift_v1/features/additional_routing_window_features.csv,WORST_PARENT_CONTROL_N16_SEED456789,worst_parent,control,0,0,16,456789,120,180,0,140,140,0,14,1092,40371,2467,16,353,178,5,1,0,0,0,0,0,0,0,0,0,0,0,5,1,128,340.8,401,273,4,384,394.0,401,17,0,0,256.0,384,394.0,401,17,0,0,0,1,256,256.0,256,0,5.0,5,0,0,0,0,0.0,0,0,0,0,0,0,0,0,0,0,0,0,0,0,0,0,0
experiments/cross_attack_drift_v1/features/additional_routing_window_features.csv,WORST_PARENT_CONTROL_N16_SEED456789,worst_parent,control,0,0,16,456789,180,240,0,40,40,0,4,1043,38137,2348,16,339,169,2,1,0,0,0,0,0,0,0,0,0,0,0,2,1,384,384.0,384,0,2,384,384.0,384,0,0,0,256.0,384,391.75,401,17,0,0,0,1,256,256.0,256,0,5.0,5,0,0,0,0,0.0,0,0,0,0,0,0,0,0,0,0,0,0,0,0,0,0,0
experiments/cross_attack_drift_v1/features/additional_routing_window_features.csv,WORST_PARENT_CONTROL_N16_SEED456789,worst_parent,control,0,0,16,456789,240,300,1,100,100,0,10,1021,37550,2259,16,331,166,3,0,0,0,0,0,0,0,0,0,0,0,0,3,1,128,300.3333,388,260,2,385,386.5,388,3,0,0,0.0,384,385.25,388,4,0,0,0,1,256,256.0,256,0,5.0,5,0,0,0,0,0.0,0,0,0,0,0,0,0,0,0,0,0,0,0,0,0,0,0
experiments/cross_attack_drift_v1/features/additional_routing_window_features.csv,WORST_PARENT_CONTROL_N16_SEED456789,worst_parent,control,0,0,16,456789,300,360,1,100,100,0,10,1047,38185,2328,16,340,169,0,0,0,0,0,0,0,0,0,0,0,0,0,0,0,0.0,0.0,0.0,0.0,0,0.0,0.0,0.0,0.0,0,0,0.0,384,385.25,388,4,0,0,0,1,256,256.0,256,0,5.0,5,0,0,0,0,0.0,0,0,0,0,0,0,0,0,0,0,0,0,0,0,0,0,0
experiments/cross_attack_drift_v1/features/additional_routing_window_features.csv,WORST_PARENT_CONTROL_N16_SEED456789,worst_parent,control,0,0,16,456789,360,420,1,40,40,0,4,1038,37730,2278,16,336,173,1,0,0,0,0,0,0,0,0,0,0,0,0,1,1,128,128.0,128,0,0,0.0,0.0,0.0,0.0,0,0,0.0,384,385.25,388,4,0,0,0,1,256,256.0,256,0,5.0,5,0,0,0,0,0.0,0,0,0,0,0,0,0,0,0,0,0,0,0,0,0,0,0
experiments/cross_attack_drift_v1/features/additional_routing_window_features.csv,WORST_PARENT_CONTROL_N16_SEED456789,worst_parent,control,0,0,16,456789,420,480,1,140,140,0,14,1049,38526,2336,16,339,170,1,1,0,0,0,0,0,0,0,0,0,0,0,1,1,384,384.0,384,0,1,384,384.0,384,0,0,0,256.0,384,385.0,388,4,0,0,0,1,256,256.0,256,0,5.0,5,0,0,0,0,0.0,0,0,0,0,0,0,0,0,0,0,0,0,0,0,0,0,0
experiments/cross_attack_drift_v1/features/additional_routing_window_features.csv,WORST_PARENT_CONTROL_N16_SEED456789,worst_parent,control,0,0,16,456789,480,540,1,30,29,0,3,1014,36825,2255,16,330,165,1,0,0,0,0,0,0,0,0,0,0,0,0,1,1,384,384.0,384,0,1,384,384.0,384,0,0,0,0.0,384,385.0,388,4,0,0,0,1,256,256.0,256,0,5.0,5,0,0,0,0,0.0,0,0,0,0,0,0,0,0,0,0,0,0,0,0,0,0,0
experiments/cross_attack_drift_v1/features/additional_routing_window_features.csv,WORST_PARENT_CONTROL_N16_SEED567890,worst_parent,control,0,0,16,567890,0,60,0,0,0,0,0,591,26793,1311,16,176,84,34,9,2,0,0,1,1,1,0,1,1,1,0,5,1,128,31055.9706,65535,65407,30,435,35179.7,65535,65100,0,0,29298.8889,435,453.0,469,34,0,0,0,1,338,338.0,338,0,1.0,1,0,0,0,0,0.0,0,0,0,0,0,0,0,0,0,0,0,0,0,0,0,0,0
experiments/cross_attack_drift_v1/features/additional_routing_window_features.csv,WORST_PARENT_CONTROL_N16_SEED567890,worst_parent,control,0,0,16,567890,60,120,0,0,0,0,0,1056,39820,2186,16,336,169,8,1,0,0,0,0,0,0,0,0,0,0,0,5,1,128,388.125,462,334,7,384,425.2857,462,78,0,0,256.0,384,410.0,435,51,0,0,0,1,256,256.0,256,0,5.0,5,0,0,0,0,0.0,0,0,0,0,0,0,0,0,0,0,0,0,0,0,0,0,0
experiments/cross_attack_drift_v1/features/additional_routing_window_features.csv,WORST_PARENT_CONTROL_N16_SEED567890,worst_parent,control,0,0,16,567890,120,180,0,140,140,0,14,1053,38794,2142,16,338,169,4,1,0,0,0,0,0,0,0,0,0,0,0,4,1,384,392.25,412,28,4,384,392.25,412,28,0,0,256.0,384,392.25,412,28,0,0,0,1,256,256.0,256,0,5.0,5,0,0,0,0,0.0,0,0,0,0,0,0,0,0,0,0,0,0,0,0,0,0,0
experiments/cross_attack_drift_v1/features/additional_routing_window_features.csv,WORST_PARENT_CONTROL_N16_SEED567890,worst_parent,control,0,0,16,567890,180,240,0,40,40,0,4,1055,38466,2164,16,344,171,3,0,0,0,0,0,0,0,0,0,0,0,0,3,1,128,298.6667,384,256,2,384,384.0,384,0,0,0,0.0,384,392.25,412,28,0,0,0,1,256,256.0,256,0,5.0,5,0,0,0,0,0.0,0,0,0,0,0,0,0,0,0,0,0,0,0,0,0,0,0
experiments/cross_attack_drift_v1/features/additional_routing_window_features.csv,WORST_PARENT_CONTROL_N16_SEED567890,worst_parent,control,0,0,16,567890,240,300,1,100,100,0,10,1069,39484,2180,16,339,170,2,1,0,0,0,0,0,0,0,0,0,0,0,2,1,384,387.5,391,7,2,384,387.5,391,7,0,0,256.0,384,385.75,391,7,0,0,0,1,256,256.0,256,0,5.0,5,0,0,0,0,0.0,0,0,0,0,0,0,0,0,0,0,0,0,0,0,0,0,0
experiments/cross_attack_drift_v1/features/additional_routing_window_features.csv,WORST_PARENT_CONTROL_N16_SEED567890,worst_parent,control,0,0,16,567890,300,360,1,130,130,0,13,1040,37680,2129,16,339,171,0,0,0,0,0,0,0,0,0,0,0,0,0,0,0,0.0,0.0,0.0,0.0,0,0.0,0.0,0.0,0.0,0,0,0.0,384,385.75,391,7,0,0,0,1,256,256.0,256,0,5.0,5,0,0,0,0,0.0,0,0,0,0,0,0,0,0,0,0,0,0,0,0,0,0,0
experiments/cross_attack_drift_v1/features/additional_routing_window_features.csv,WORST_PARENT_CONTROL_N16_SEED567890,worst_parent,control,0,0,16,567890,360,420,1,10,10,0,1,1022,36941,2067,16,335,170,0,0,0,0,0,0,0,0,0,0,0,0,0,0,0,0.0,0.0,0.0,0.0,0,0.0,0.0,0.0,0.0,0,0,0.0,384,385.75,391,7,0,0,0,1,256,256.0,256,0,5.0,5,0,0,0,0,0.0,0,0,0,0,0,0,0,0,0,0,0,0,0,0,0,0,0
experiments/cross_attack_drift_v1/features/additional_routing_window_features.csv,WORST_PARENT_CONTROL_N16_SEED567890,worst_parent,control,0,0,16,567890,420,480,1,140,140,0,14,1065,39293,2165,16,340,171,3,1,0,0,0,0,0,0,0,0,0,0,0,3,1,128,301.3333,392,264,2,384,388.0,392,8,0,0,256.0,384,387.75,392,8,0,0,0,1,256,256.0,256,0,5.0,5,0,0,0,0,0.0,0,0,0,0,0,0,0,0,0,0,0,0,0,0,0,0,0
experiments/cross_attack_drift_v1/features/additional_routing_window_features.csv,WORST_PARENT_CONTROL_N16_SEED567890,worst_parent,control,0,0,16,567890,480,540,1,40,40,0,4,1062,38749,2149,16,346,174,2,0,0,0,0,0,0,0,0,0,0,0,0,2,1,384,384.0,384,0,2,384,384.0,384,0,0,0,0.0,384,386.0,392,8,0,0,0,1,256,256.0,256,0,5.0,5,0,0,0,0,0.0,0,0,0,0,0,0,0,0,0,0,0,0,0,0,0,0,0
experiments/sybil_attack_v1/features/routing_window_features.csv,SYBIL_ATTACK_N16_SEED123456,sybil,attack,1,0,16,123456,0,60,0,0,0,0,0,623,27507,1290,16,188,90,33,8,2,0,0,1,1,1,0,1,1,1,0,5,1,128,31985.7576,65535,65407,29,456,36379.931,65535,65079,0,0,32919.75,456,471.0,500,44,0,0,0,1,338,338.0,338,0,1.0,1,0,0,0,0,0.0,0,0,0,0,0,0,0,0,0,0,0,0,0,0,0,0,0
experiments/sybil_attack_v1/features/routing_window_features.csv,SYBIL_ATTACK_N16_SEED123456,sybil,attack,1,0,16,123456,60,120,0,0,0,0,0,1069,40249,2128,16,337,171,8,1,0,0,0,0,0,0,0,0,0,0,0,5,1,128,378.875,449,321,7,384,414.7143,449,65,0,0,256.0,384,413.0,449,65,0,0,0,1,256,256.0,256,0,5.0,5,0,0,0,0,0.0,0,0,0,0,0,0,0,0,0,0,0,0,0,0,0,0,0
experiments/sybil_attack_v1/features/routing_window_features.csv,SYBIL_ATTACK_N16_SEED123456,sybil,attack,1,0,16,123456,120,180,0,140,140,0,14,1046,38768,2088,16,337,172,4,1,0,0,0,0,0,0,0,0,0,0,0,4,1,384,394.25,406,22,4,384,394.25,406,22,0,0,256.0,384,394.25,406,22,0,0,0,1,256,256.0,256,0,5.0,5,0,0,0,0,0.0,0,0,0,0,0,0,0,0,0,0,0,0,0,0,0,0,0
experiments/sybil_attack_v1/features/routing_window_features.csv,SYBIL_ATTACK_N16_SEED123456,sybil,attack,1,0,16,123456,180,240,0,40,40,0,4,1029,37392,2001,16,333,168,1,1,0,0,0,0,0,0,0,0,0,0,0,1,1,128,128.0,128,0,0,0.0,0.0,0.0,0.0,0,0,256.0,384,394.25,406,22,0,0,0,1,256,256.0,256,0,5.0,5,0,0,0,0,0.0,0,0,0,0,0,0,0,0,0,0,0,0,0,0,0,0,0
experiments/sybil_attack_v1/features/routing_window_features.csv,SYBIL_ATTACK_N16_SEED123456,sybil,attack,1,1,16,123456,240,300,1,100,98,0,10,1068,41456,2095,16,362,167,4,29,0,0,0,0,0,0,0,0,0,0,0,4,1,384,384.75,386,2,4,384,384.75,386,2,0,0,256.0,384,384.75,386,2,0,0,0,1,256,256.0,256,0,5.0,5,0,0,0,0,0.0,0,0,0,0,0,0,0,0,0,0,0,0,0,0,0,0,0
experiments/sybil_attack_v1/features/routing_window_features.csv,SYBIL_ATTACK_N16_SEED123456,sybil,attack,1,1,16,123456,300,360,1,130,130,0,13,1077,41278,2110,16,370,174,0,30,0,0,0,0,0,0,0,0,0,0,0,0,0,0.0,0.0,0.0,0.0,0,0.0,0.0,0.0,0.0,0,0,256.0,384,384.75,386,2,0,0,0,1,256,256.0,256,0,5.0,5,0,0,0,0,0.0,0,0,0,0,0,0,0,0,0,0,0,0,0,0,0,0,0
experiments/sybil_attack_v1/features/routing_window_features.csv,SYBIL_ATTACK_N16_SEED123456,sybil,attack,1,1,16,123456,360,420,1,10,10,0,1,1064,40778,2082,16,365,171,0,30,0,0,0,0,0,0,0,0,0,0,0,0,0,0.0,0.0,0.0,0.0,0,0.0,0.0,0.0,0.0,0,0,256.0,384,384.75,386,2,0,0,0,1,256,256.0,256,0,5.0,5,0,0,0,0,0.0,0,0,0,0,0,0,0,0,0,0,0,0,0,0,0,0,0
experiments/sybil_attack_v1/features/routing_window_features.csv,SYBIL_ATTACK_N16_SEED123456,sybil,attack,1,1,16,123456,420,480,1,140,140,0,14,1063,40995,2071,16,366,169,2,31,0,0,0,0,0,0,0,0,0,0,0,2,1,384,384.0,384,0,2,384,384.0,384,0,0,0,256.0,384,384.25,385,1,0,0,0,1,256,256.0,256,0,5.0,5,0,0,0,0,0.0,0,0,0,0,0,0,0,0,0,0,0,0,0,0,0,0,0
experiments/sybil_attack_v1/features/routing_window_features.csv,SYBIL_ATTACK_N16_SEED123456,sybil,attack,1,1,16,123456,480,540,1,30,30,0,3,1063,40838,2084,16,366,170,2,30,0,0,0,0,0,0,0,0,0,0,0,2,1,128,256.0,384,256,1,384,384.0,384,0,0,0,256.0,384,384.25,385,1,0,0,0,1,256,256.0,256,0,5.0,5,0,0,0,0,0.0,0,0,0,0,0,0,0,0,0,0,0,0,0,0,0,0,0
experiments/sybil_attack_v1/features/routing_window_features.csv,SYBIL_ATTACK_N16_SEED234567,sybil,attack,1,0,16,234567,0,60,0,0,0,0,0,611,27199,1316,16,184,88,34,8,1,0,0,1,1,1,0,1,1,1,0,5,1,128,31057.0588,65535,65407,30,442,35180.9333,65535,65093,0,0,32917.0,442,463.25,488,46,0,0,0,1,338,338.0,338,0,1.0,1,0,0,0,0,0.0,0,0,0,0,0,0,0,0,0,0,0,0,0,0,0,0,0
experiments/sybil_attack_v1/features/routing_window_features.csv,SYBIL_ATTACK_N16_SEED234567,sybil,attack,1,0,16,234567,60,120,0,0,0,0,0,1073,40168,2230,16,342,170,7,1,0,0,0,0,0,0,0,0,0,0,0,4,1,384,408.1429,429,45,7,384,408.1429,429,45,0,0,256.0,384,405.75,424,40,0,0,0,1,256,256.0,256,0,5.0,5,0,0,0,0,0.0,0,0,0,0,0,0,0,0,0,0,0,0,0,0,0,0,0
experiments/sybil_attack_v1/features/routing_window_features.csv,SYBIL_ATTACK_N16_SEED234567,sybil,attack,1,0,16,234567,120,180,0,140,140,0,14,1072,39625,2230,16,343,175,4,1,0,0,0,0,0,0,0,0,0,0,0,4,1,128,327.5,409,281,3,384,394.0,409,25,0,0,256.0,384,397.0,409,25,0,0,0,1,256,256.0,256,0,5.0,5,0,0,0,0,0.0,0,0,0,0,0,0,0,0,0,0,0,0,0,0,0,0,0
experiments/sybil_attack_v1/features/routing_window_features.csv,SYBIL_ATTACK_N16_SEED234567,sybil,attack,1,0,16,234567,180,240,0,60,60,0,6,1031,37414,2100,16,337,171,2,0,0,0,0,0,0,0,0,0,0,0,0,2,1,128,259.0,390,262,1,390,390.0,390,0,0,0,0.0,389,398.5,409,20,0,0,0,1,256,256.0,256,0,5.0,5,0,0,0,0,0.0,0,0,0,0,0,0,0,0,0,0,0,0,0,0,0,0,0
experiments/sybil_attack_v1/features/routing_window_features.csv,SYBIL_ATTACK_N16_SEED234567,sybil,attack,1,1,16,234567,240,300,1,80,80,0,8,1077,41898,2218,16,364,166,3,30,0,0,0,0,0,0,0,0,0,0,0,3,1,384,385.3333,388,4,3,384,385.3333,388,4,0,0,256.0,384,386.5,390,6,0,0,0,1,256,256.0,256,0,5.0,5,0,0,0,0,0.0,0,0,0,0,0,0,0,0,0,0,0,0,0,0,0,0,0
experiments/sybil_attack_v1/features/routing_window_features.csv,SYBIL_ATTACK_N16_SEED234567,sybil,attack,1,1,16,234567,300,360,1,120,119,0,12,1040,39896,2167,16,359,165,0,30,0,0,0,0,0,0,0,0,0,0,0,0,0,0.0,0.0,0.0,0.0,0,0.0,0.0,0.0,0.0,0,0,256.0,384,386.5,390,6,0,0,0,1,256,256.0,256,0,5.0,5,0,0,0,0,0.0,0,0,0,0,0,0,0,0,0,0,0,0,0,0,0,0,0
experiments/sybil_attack_v1/features/routing_window_features.csv,SYBIL_ATTACK_N16_SEED234567,sybil,attack,1,1,16,234567,360,420,1,20,20,0,2,1071,40989,2200,16,366,172,1,30,0,0,0,0,0,0,0,0,0,0,0,1,1,128,128.0,128,0,0,0.0,0.0,0.0,0.0,0,0,256.0,384,386.5,390,6,0,0,0,1,256,256.0,256,0,5.0,5,0,0,0,0,0.0,0,0,0,0,0,0,0,0,0,0,0,0,0,0,0,0,0
experiments/sybil_attack_v1/features/routing_window_features.csv,SYBIL_ATTACK_N16_SEED234567,sybil,attack,1,1,16,234567,420,480,1,140,140,0,14,1065,41089,2194,16,368,169,3,31,0,0,0,0,0,0,0,0,0,0,0,3,1,384,385.3333,388,4,3,384,385.3333,388,4,0,0,256.0,384,385.0,388,4,0,0,0,1,256,256.0,256,0,5.0,5,0,0,0,0,0.0,0,0,0,0,0,0,0,0,0,0,0,0,0,0,0,0,0
experiments/sybil_attack_v1/features/routing_window_features.csv,SYBIL_ATTACK_N16_SEED234567,sybil,attack,1,1,16,234567,480,540,1,60,60,0,6,1088,41988,2243,16,372,170,1,30,0,0,0,0,0,0,0,0,0,0,0,1,1,384,384.0,384,0,1,384,384.0,384,0,0,0,256.0,384,385.0,388,4,0,0,0,1,256,256.0,256,0,5.0,5,0,0,0,0,0.0,0,0,0,0,0,0,0,0,0,0,0,0,0,0,0,0,0
experiments/sybil_attack_v1/features/routing_window_features.csv,SYBIL_ATTACK_N16_SEED345678,sybil,attack,1,0,16,345678,0,60,0,0,0,0,0,596,26481,1300,16,178,87,34,8,1,0,0,1,1,1,0,1,1,1,0,5,1,128,31054.1176,65535,65407,30,437,35177.6,65535,65098,0,0,32923.375,437,454.75,479,42,0,0,0,1,338,338.0,338,0,1.0,1,0,0,0,0,0.0,0,0,0,0,0,0,0,0,0,0,0,0,0,0,0,0,0
experiments/sybil_attack_v1/features/routing_window_features.csv,SYBIL_ATTACK_N16_SEED345678,sybil,attack,1,0,16,345678,60,120,0,0,0,0,0,1074,40361,2250,16,342,172,8,1,0,0,0,0,0,0,0,0,0,0,0,5,1,128,382.875,472,344,7,388,419.2857,472,84,0,0,256.0,388,402.0,429,41,0,0,0,1,256,256.0,256,0,5.0,5,0,0,0,0,0.0,0,0,0,0,0,0,0,0,0,0,0,0,0,0,0,0,0
experiments/sybil_attack_v1/features/routing_window_features.csv,SYBIL_ATTACK_N16_SEED345678,sybil,attack,1,0,16,345678,120,180,0,140,139,0,14,1054,39044,2212,16,336,170,3,1,0,0,0,0,0,0,0,0,0,0,0,3,1,384,393.3333,409,25,3,384,393.3333,409,25,0,0,256.0,384,392.0,409,25,0,0,0,1,256,256.0,256,0,5.0,5,0,0,0,0,0.0,0,0,0,0,0,0,0,0,0,0,0,0,0,0,0,0,0
experiments/sybil_attack_v1/features/routing_window_features.csv,SYBIL_ATTACK_N16_SEED345678,sybil,attack,1,0,16,345678,180,240,0,40,40,0,4,1050,38894,2266,16,338,174,1,1,0,0,0,0,0,0,0,0,0,0,0,1,1,128,128.0,128,0,0,0.0,0.0,0.0,0.0,0,0,256.0,384,392.0,409,25,0,0,0,1,256,256.0,256,0,5.0,5,0,0,0,0,0.0,0,0,0,0,0,0,0,0,0,0,0,0,0,0,0,0,0
experiments/sybil_attack_v1/features/routing_window_features.csv,SYBIL_ATTACK_N16_SEED345678,sybil,attack,1,1,16,345678,240,300,1,100,100,0,10,1115,43095,2328,16,380,175,4,29,0,0,0,0,0,0,0,0,0,0,0,4,1,384,385.0,388,4,4,384,385.0,388,4,0,0,256.0,384,385.0,388,4,0,0,0,1,256,256.0,256,0,5.0,5,0,0,0,0,0.0,0,0,0,0,0,0,0,0,0,0,0,0,0,0,0,0,0
experiments/sybil_attack_v1/features/routing_window_features.csv,SYBIL_ATTACK_N16_SEED345678,sybil,attack,1,1,16,345678,300,360,1,120,120,0,12,1082,41474,2295,16,370,170,0,30,0,0,0,0,0,0,0,0,0,0,0,0,0,0.0,0.0,0.0,0.0,0,0.0,0.0,0.0,0.0,0,0,256.0,384,385.0,388,4,0,0,0,1,256,256.0,256,0,5.0,5,0,0,0,0,0.0,0,0,0,0,0,0,0,0,0,0,0,0,0,0,0,0,0
experiments/sybil_attack_v1/features/routing_window_features.csv,SYBIL_ATTACK_N16_SEED345678,sybil,attack,1,1,16,345678,360,420,1,20,20,0,2,1055,40359,2193,16,362,167,0,30,0,0,0,0,0,0,0,0,0,0,0,0,0,0.0,0.0,0.0,0.0,0,0.0,0.0,0.0,0.0,0,0,256.0,384,385.0,388,4,0,0,0,1,256,256.0,256,0,5.0,5,0,0,0,0,0.0,0,0,0,0,0,0,0,0,0,0,0,0,0,0,0,0,0
experiments/sybil_attack_v1/features/routing_window_features.csv,SYBIL_ATTACK_N16_SEED345678,sybil,attack,1,1,16,345678,420,480,1,140,140,0,14,1057,40557,2183,16,365,168,1,31,0,0,0,0,0,0,0,0,0,0,0,1,1,384,384.0,384,0,1,384,384.0,384,0,0,0,256.0,384,385.0,388,4,0,0,0,1,256,256.0,256,0,5.0,5,0,0,0,0,0.0,0,0,0,0,0,0,0,0,0,0,0,0,0,0,0,0,0
experiments/sybil_attack_v1/features/routing_window_features.csv,SYBIL_ATTACK_N16_SEED345678,sybil,attack,1,1,16,345678,480,540,1,50,48,0,5,1080,41591,2230,16,369,170,3,30,0,0,0,0,0,0,0,0,0,0,0,3,1,128,298.6667,384,256,2,384,384.0,384,0,0,0,256.0,384,384.0,384,0,0,0,0,1,256,256.0,256,0,5.0,5,0,0,0,0,0.0,0,0,0,0,0,0,0,0,0,0,0,0,0,0,0,0,0
experiments/sybil_attack_v1/features/routing_window_features.csv,SYBIL_ATTACK_N16_SEED456789,sybil,attack,1,0,16,456789,0,60,0,0,0,0,0,537,24301,1226,16,162,81,32,7,0,0,0,1,1,1,0,1,1,1,0,5,1,128,32971.6562,65535,65407,28,465,37663.6071,65535,65070,0,0,37585.0,465,474.25,482,17,0,0,0,1,338,338.0,338,0,1.0,1,0,0,0,0,0.0,0,0,0,0,0,0,0,0,0,0,0,0,0,0,0,0,0
experiments/sybil_attack_v1/features/routing_window_features.csv,SYBIL_ATTACK_N16_SEED456789,sybil,attack,1,0,16,456789,60,120,0,0,0,0,0,1080,40683,2392,16,340,172,4,1,0,0,0,0,0,0,0,0,0,0,0,4,1,385,404.25,420,35,4,385,404.25,420,35,0,0,256.0,385,404.25,420,35,0,0,0,1,256,256.0,256,0,5.0,5,0,0,0,0,0.0,0,0,0,0,0,0,0,0,0,0,0,0,0,0,0,0,0
experiments/sybil_attack_v1/features/routing_window_features.csv,SYBIL_ATTACK_N16_SEED456789,sybil,attack,1,0,16,456789,120,180,0,140,140,0,14,1092,40371,2467,16,353,178,5,1,0,0,0,0,0,0,0,0,0,0,0,5,1,128,340.8,401,273,4,384,394.0,401,17,0,0,256.0,384,394.0,401,17,0,0,0,1,256,256.0,256,0,5.0,5,0,0,0,0,0.0,0,0,0,0,0,0,0,0,0,0,0,0,0,0,0,0,0
experiments/sybil_attack_v1/features/routing_window_features.csv,SYBIL_ATTACK_N16_SEED456789,sybil,attack,1,0,16,456789,180,240,0,40,40,0,4,1043,38137,2348,16,339,169,2,1,0,0,0,0,0,0,0,0,0,0,0,2,1,384,384.0,384,0,2,384,384.0,384,0,0,0,256.0,384,391.75,401,17,0,0,0,1,256,256.0,256,0,5.0,5,0,0,0,0,0.0,0,0,0,0,0,0,0,0,0,0,0,0,0,0,0,0,0
experiments/sybil_attack_v1/features/routing_window_features.csv,SYBIL_ATTACK_N16_SEED456789,sybil,attack,1,1,16,456789,240,300,1,100,100,0,10,1048,40787,2324,16,359,166,3,29,0,0,0,0,0,0,0,0,0,0,0,3,1,128,304.0,396,268,2,388,392.0,396,8,0,0,256.0,384,388.0,396,12,0,0,0,1,256,256.0,256,0,5.0,5,0,0,0,0,0.0,0,0,0,0,0,0,0,0,0,0,0,0,0,0,0,0,0
experiments/sybil_attack_v1/features/routing_window_features.csv,SYBIL_ATTACK_N16_SEED456789,sybil,attack,1,1,16,456789,300,360,1,100,99,0,10,1081,41547,2420,16,369,170,0,30,0,0,0,0,0,0,0,0,0,0,0,0,0,0.0,0.0,0.0,0.0,0,0.0,0.0,0.0,0.0,0,0,256.7333,384,388.0,396,12,0,0,0,1,256,256.0,256,0,5.0,5,0,0,0,0,0.0,0,0,0,0,0,0,0,0,0,0,0,0,0,0,0,0,0
experiments/sybil_attack_v1/features/routing_window_features.csv,SYBIL_ATTACK_N16_SEED456789,sybil,attack,1,1,16,456789,360,420,1,40,40,0,4,1039,39599,2267,16,358,166,0,30,0,0,0,0,0,0,0,0,0,0,0,0,0,0.0,0.0,0.0,0.0,0,0.0,0.0,0.0,0.0,0,0,256.0,384,388.0,396,12,0,0,0,1,256,256.0,256,0,5.0,5,0,0,0,0,0.0,0,0,0,0,0,0,0,0,0,0,0,0,0,0,0,0,0
experiments/sybil_attack_v1/features/routing_window_features.csv,SYBIL_ATTACK_N16_SEED456789,sybil,attack,1,1,16,456789,420,480,1,140,140,0,14,1077,41611,2414,16,368,169,1,31,0,0,0,0,0,0,0,0,0,0,0,1,1,384,384.0,384,0,1,384,384.0,384,0,0,0,256.0,384,388.0,396,12,0,0,0,1,256,256.0,256,0,5.0,5,0,0,0,0,0.0,0,0,0,0,0,0,0,0,0,0,0,0,0,0,0,0,0
experiments/sybil_attack_v1/features/routing_window_features.csv,SYBIL_ATTACK_N16_SEED456789,sybil,attack,1,1,16,456789,480,540,1,30,30,0,3,1083,41773,2417,16,369,170,3,30,0,0,0,0,0,0,0,0,0,0,0,3,1,128,298.6667,384,256,2,384,384.0,384,0,0,0,256.0,384,385.0,388,4,0,0,0,1,256,256.0,256,0,5.0,5,0,0,0,0,0.0,0,0,0,0,0,0,0,0,0,0,0,0,0,0,0,0,0
experiments/sybil_attack_v1/features/routing_window_features.csv,SYBIL_ATTACK_N16_SEED567890,sybil,attack,1,0,16,567890,0,60,0,0,0,0,0,591,26793,1311,16,176,84,34,9,2,0,0,1,1,1,0,1,1,1,0,5,1,128,31055.9706,65535,65407,30,435,35179.7,65535,65100,0,0,29298.8889,435,453.0,469,34,0,0,0,1,338,338.0,338,0,1.0,1,0,0,0,0,0.0,0,0,0,0,0,0,0,0,0,0,0,0,0,0,0,0,0
experiments/sybil_attack_v1/features/routing_window_features.csv,SYBIL_ATTACK_N16_SEED567890,sybil,attack,1,0,16,567890,60,120,0,0,0,0,0,1056,39820,2186,16,336,169,8,1,0,0,0,0,0,0,0,0,0,0,0,5,1,128,388.125,462,334,7,384,425.2857,462,78,0,0,256.0,384,410.0,435,51,0,0,0,1,256,256.0,256,0,5.0,5,0,0,0,0,0.0,0,0,0,0,0,0,0,0,0,0,0,0,0,0,0,0,0
experiments/sybil_attack_v1/features/routing_window_features.csv,SYBIL_ATTACK_N16_SEED567890,sybil,attack,1,0,16,567890,120,180,0,140,140,0,14,1053,38794,2142,16,338,169,4,1,0,0,0,0,0,0,0,0,0,0,0,4,1,384,392.25,412,28,4,384,392.25,412,28,0,0,256.0,384,392.25,412,28,0,0,0,1,256,256.0,256,0,5.0,5,0,0,0,0,0.0,0,0,0,0,0,0,0,0,0,0,0,0,0,0,0,0,0
experiments/sybil_attack_v1/features/routing_window_features.csv,SYBIL_ATTACK_N16_SEED567890,sybil,attack,1,0,16,567890,180,240,0,40,40,0,4,1055,38466,2164,16,344,171,3,0,0,0,0,0,0,0,0,0,0,0,0,3,1,128,298.6667,384,256,2,384,384.0,384,0,0,0,0.0,384,392.25,412,28,0,0,0,1,256,256.0,256,0,5.0,5,0,0,0,0,0.0,0,0,0,0,0,0,0,0,0,0,0,0,0,0,0,0,0
experiments/sybil_attack_v1/features/routing_window_features.csv,SYBIL_ATTACK_N16_SEED567890,sybil,attack,1,1,16,567890,240,300,1,100,100,0,10,1088,42422,2225,16,362,170,2,30,0,0,0,0,0,0,0,0,0,0,0,2,1,384,387.5,391,7,2,384,387.5,391,7,0,0,256.0,384,385.75,391,7,0,0,0,1,256,256.0,256,0,5.0,5,0,0,0,0,0.0,0,0,0,0,0,0,0,0,0,0,0,0,0,0,0,0,0
experiments/sybil_attack_v1/features/routing_window_features.csv,SYBIL_ATTACK_N16_SEED567890,sybil,attack,1,1,16,567890,300,360,1,130,130,0,13,1079,41320,2213,16,372,175,0,30,0,0,0,0,0,0,0,0,0,0,0,0,0,0.0,0.0,0.0,0.0,0,0.0,0.0,0.0,0.0,0,0,256.0,384,385.75,391,7,0,0,0,1,256,256.0,256,0,5.0,5,0,0,0,0,0.0,0,0,0,0,0,0,0,0,0,0,0,0,0,0,0,0,0
experiments/sybil_attack_v1/features/routing_window_features.csv,SYBIL_ATTACK_N16_SEED567890,sybil,attack,1,1,16,567890,360,420,1,10,10,0,1,1040,39593,2097,16,362,167,1,30,0,0,0,0,0,0,0,0,0,0,0,1,1,128,128.0,128,0,0,0.0,0.0,0.0,0.0,0,0,256.0,384,385.75,391,7,0,0,0,1,256,256.0,256,0,5.0,5,0,0,0,0,0.0,0,0,0,0,0,0,0,0,0,0,0,0,0,0,0,0,0
experiments/sybil_attack_v1/features/routing_window_features.csv,SYBIL_ATTACK_N16_SEED567890,sybil,attack,1,1,16,567890,420,480,1,140,139,0,14,1069,41177,2168,16,365,166,1,31,0,0,0,0,0,0,0,0,0,0,0,1,1,384,384.0,384,0,1,384,384.0,384,0,0,0,256.0,384,385.75,391,7,0,0,0,1,256,256.0,256,0,5.0,5,0,0,0,0,0.0,0,0,0,0,0,0,0,0,0,0,0,0,0,0,0,0,0
experiments/sybil_attack_v1/features/routing_window_features.csv,SYBIL_ATTACK_N16_SEED567890,sybil,attack,1,1,16,567890,480,540,1,30,30,0,3,1114,42691,2262,16,382,175,3,30,0,0,0,0,0,0,0,0,0,0,0,3,1,384,384.0,384,0,3,384,384.0,384,0,0,0,256.0,384,384.0,384,0,0,0,0,1,256,256.0,256,0,5.0,5,0,0,0,0,0.0,0,0,0,0,0,0,0,0,0,0,0,0,0,0,0,0,0
experiments/sybil_attack_v1/features/routing_window_features.csv,SYBIL_CONTROL_N16_SEED123456,sybil,control,0,0,16,123456,0,60,0,0,0,0,0,623,27507,1290,16,188,90,33,8,2,0,0,1,1,1,0,1,1,1,0,5,1,128,31985.7576,65535,65407,29,456,36379.931,65535,65079,0,0,32919.75,456,471.0,500,44,0,0,0,1,338,338.0,338,0,1.0,1,0,0,0,0,0.0,0,0,0,0,0,0,0,0,0,0,0,0,0,0,0,0,0
experiments/sybil_attack_v1/features/routing_window_features.csv,SYBIL_CONTROL_N16_SEED123456,sybil,control,0,0,16,123456,60,120,0,0,0,0,0,1069,40249,2128,16,337,171,8,1,0,0,0,0,0,0,0,0,0,0,0,5,1,128,378.875,449,321,7,384,414.7143,449,65,0,0,256.0,384,413.0,449,65,0,0,0,1,256,256.0,256,0,5.0,5,0,0,0,0,0.0,0,0,0,0,0,0,0,0,0,0,0,0,0,0,0,0,0
experiments/sybil_attack_v1/features/routing_window_features.csv,SYBIL_CONTROL_N16_SEED123456,sybil,control,0,0,16,123456,120,180,0,140,140,0,14,1046,38768,2088,16,337,172,4,1,0,0,0,0,0,0,0,0,0,0,0,4,1,384,394.25,406,22,4,384,394.25,406,22,0,0,256.0,384,394.25,406,22,0,0,0,1,256,256.0,256,0,5.0,5,0,0,0,0,0.0,0,0,0,0,0,0,0,0,0,0,0,0,0,0,0,0,0
experiments/sybil_attack_v1/features/routing_window_features.csv,SYBIL_CONTROL_N16_SEED123456,sybil,control,0,0,16,123456,180,240,0,40,40,0,4,1029,37392,2001,16,333,168,1,1,0,0,0,0,0,0,0,0,0,0,0,1,1,128,128.0,128,0,0,0.0,0.0,0.0,0.0,0,0,256.0,384,394.25,406,22,0,0,0,1,256,256.0,256,0,5.0,5,0,0,0,0,0.0,0,0,0,0,0,0,0,0,0,0,0,0,0,0,0,0,0
experiments/sybil_attack_v1/features/routing_window_features.csv,SYBIL_CONTROL_N16_SEED123456,sybil,control,0,0,16,123456,240,300,1,100,98,0,10,1036,38317,2029,16,332,167,4,0,0,0,0,0,0,0,0,0,0,0,0,4,1,384,384.75,386,2,4,384,384.75,386,2,0,0,0.0,384,384.75,386,2,0,0,0,1,256,256.0,256,0,5.0,5,0,0,0,0,0.0,0,0,0,0,0,0,0,0,0,0,0,0,0,0,0,0,0
experiments/sybil_attack_v1/features/routing_window_features.csv,SYBIL_CONTROL_N16_SEED123456,sybil,control,0,0,16,123456,300,360,1,130,130,0,13,1036,37480,2027,16,337,169,0,0,0,0,0,0,0,0,0,0,0,0,0,0,0,0.0,0.0,0.0,0.0,0,0.0,0.0,0.0,0.0,0,0,0.0,384,384.75,386,2,0,0,0,1,256,256.0,256,0,5.0,5,0,0,0,0,0.0,0,0,0,0,0,0,0,0,0,0,0,0,0,0,0,0,0
experiments/sybil_attack_v1/features/routing_window_features.csv,SYBIL_CONTROL_N16_SEED123456,sybil,control,0,0,16,123456,360,420,1,10,10,0,1,1054,38271,2076,16,343,173,0,0,0,0,0,0,0,0,0,0,0,0,0,0,0,0.0,0.0,0.0,0.0,0,0.0,0.0,0.0,0.0,0,0,0.0,384,384.75,386,2,0,0,0,1,256,256.0,256,0,5.0,5,0,0,0,0,0.0,0,0,0,0,0,0,0,0,0,0,0,0,0,0,0,0,0
experiments/sybil_attack_v1/features/routing_window_features.csv,SYBIL_CONTROL_N16_SEED123456,sybil,control,0,0,16,123456,420,480,1,140,140,0,14,1034,38190,2041,16,338,169,2,1,0,0,0,0,0,0,0,0,0,0,0,2,1,128,256.0,384,256,1,384,384.0,384,0,0,0,256.0,384,384.25,385,1,0,0,0,1,256,256.0,256,0,5.0,5,0,0,0,0,0.0,0,0,0,0,0,0,0,0,0,0,0,0,0,0,0,0,0
experiments/sybil_attack_v1/features/routing_window_features.csv,SYBIL_CONTROL_N16_SEED123456,sybil,control,0,0,16,123456,480,540,1,30,30,0,3,1030,37739,2042,16,335,167,3,0,0,0,0,0,0,0,0,0,0,0,0,3,1,384,384.0,384,0,3,384,384.0,384,0,0,0,0.0,384,384.0,384,0,0,0,0,1,256,256.0,256,0,5.0,5,0,0,0,0,0.0,0,0,0,0,0,0,0,0,0,0,0,0,0,0,0,0,0
experiments/sybil_attack_v1/features/routing_window_features.csv,SYBIL_CONTROL_N16_SEED234567,sybil,control,0,0,16,234567,0,60,0,0,0,0,0,611,27199,1316,16,184,88,34,8,1,0,0,1,1,1,0,1,1,1,0,5,1,128,31057.0588,65535,65407,30,442,35180.9333,65535,65093,0,0,32917.0,442,463.25,488,46,0,0,0,1,338,338.0,338,0,1.0,1,0,0,0,0,0.0,0,0,0,0,0,0,0,0,0,0,0,0,0,0,0,0,0
experiments/sybil_attack_v1/features/routing_window_features.csv,SYBIL_CONTROL_N16_SEED234567,sybil,control,0,0,16,234567,60,120,0,0,0,0,0,1073,40168,2230,16,342,170,7,1,0,0,0,0,0,0,0,0,0,0,0,4,1,384,408.1429,429,45,7,384,408.1429,429,45,0,0,256.0,384,405.75,424,40,0,0,0,1,256,256.0,256,0,5.0,5,0,0,0,0,0.0,0,0,0,0,0,0,0,0,0,0,0,0,0,0,0,0,0
experiments/sybil_attack_v1/features/routing_window_features.csv,SYBIL_CONTROL_N16_SEED234567,sybil,control,0,0,16,234567,120,180,0,140,140,0,14,1072,39625,2230,16,343,175,4,1,0,0,0,0,0,0,0,0,0,0,0,4,1,128,327.5,409,281,3,384,394.0,409,25,0,0,256.0,384,397.0,409,25,0,0,0,1,256,256.0,256,0,5.0,5,0,0,0,0,0.0,0,0,0,0,0,0,0,0,0,0,0,0,0,0,0,0,0
experiments/sybil_attack_v1/features/routing_window_features.csv,SYBIL_CONTROL_N16_SEED234567,sybil,control,0,0,16,234567,180,240,0,60,60,0,6,1031,37414,2100,16,337,171,2,0,0,0,0,0,0,0,0,0,0,0,0,2,1,128,259.0,390,262,1,390,390.0,390,0,0,0,0.0,389,398.5,409,20,0,0,0,1,256,256.0,256,0,5.0,5,0,0,0,0,0.0,0,0,0,0,0,0,0,0,0,0,0,0,0,0,0,0,0
experiments/sybil_attack_v1/features/routing_window_features.csv,SYBIL_CONTROL_N16_SEED234567,sybil,control,0,0,16,234567,240,300,1,80,80,0,8,1058,39279,2194,16,338,171,3,1,0,0,0,0,0,0,0,0,0,0,0,3,1,384,385.3333,388,4,3,384,385.3333,388,4,0,0,256.0,384,386.5,390,6,0,0,0,1,256,256.0,256,0,5.0,5,0,0,0,0,0.0,0,0,0,0,0,0,0,0,0,0,0,0,0,0,0,0,0
experiments/sybil_attack_v1/features/routing_window_features.csv,SYBIL_CONTROL_N16_SEED234567,sybil,control,0,0,16,234567,300,360,1,120,120,0,12,989,35775,2030,16,324,165,0,0,0,0,0,0,0,0,0,0,0,0,0,0,0,0.0,0.0,0.0,0.0,0,0.0,0.0,0.0,0.0,0,0,0.0,384,386.5,390,6,0,0,0,1,256,256.0,256,0,5.0,5,0,0,0,0,0.0,0,0,0,0,0,0,0,0,0,0,0,0,0,0,0,0,0
experiments/sybil_attack_v1/features/routing_window_features.csv,SYBIL_CONTROL_N16_SEED234567,sybil,control,0,0,16,234567,360,420,1,20,20,0,2,1044,38066,2154,16,338,169,0,0,0,0,0,0,0,0,0,0,0,0,0,0,0,0.0,0.0,0.0,0.0,0,0.0,0.0,0.0,0.0,0,0,0.0,384,386.5,390,6,0,0,0,1,256,256.0,256,0,5.0,5,0,0,0,0,0.0,0,0,0,0,0,0,0,0,0,0,0,0,0,0,0,0,0
experiments/sybil_attack_v1/features/routing_window_features.csv,SYBIL_CONTROL_N16_SEED234567,sybil,control,0,0,16,234567,420,480,1,140,140,0,14,1055,38768,2182,16,340,174,4,0,0,0,0,0,0,0,0,0,0,0,0,4,1,128,324.5,394,266,3,384,390.0,394,10,0,0,0.0,384,388.5,394,10,0,0,0,1,256,256.0,256,0,5.0,5,0,0,0,0,0.0,0,0,0,0,0,0,0,0,0,0,0,0,0,0,0,0,0
experiments/sybil_attack_v1/features/routing_window_features.csv,SYBIL_CONTROL_N16_SEED234567,sybil,control,0,0,16,234567,480,540,1,60,60,0,6,1073,39226,2195,16,347,172,1,1,0,0,0,0,0,0,0,0,0,0,0,1,1,384,384.0,384,0,1,384,384.0,384,0,0,0,256.0,384,388.5,394,10,0,0,0,1,256,256.0,256,0,5.0,5,0,0,0,0,0.0,0,0,0,0,0,0,0,0,0,0,0,0,0,0,0,0,0
experiments/sybil_attack_v1/features/routing_window_features.csv,SYBIL_CONTROL_N16_SEED345678,sybil,control,0,0,16,345678,0,60,0,0,0,0,0,596,26481,1300,16,178,87,34,8,1,0,0,1,1,1,0,1,1,1,0,5,1,128,31054.1176,65535,65407,30,437,35177.6,65535,65098,0,0,32923.375,437,454.75,479,42,0,0,0,1,338,338.0,338,0,1.0,1,0,0,0,0,0.0,0,0,0,0,0,0,0,0,0,0,0,0,0,0,0,0,0
experiments/sybil_attack_v1/features/routing_window_features.csv,SYBIL_CONTROL_N16_SEED345678,sybil,control,0,0,16,345678,60,120,0,0,0,0,0,1074,40361,2250,16,342,172,8,1,0,0,0,0,0,0,0,0,0,0,0,5,1,128,382.875,472,344,7,388,419.2857,472,84,0,0,256.0,388,402.0,429,41,0,0,0,1,256,256.0,256,0,5.0,5,0,0,0,0,0.0,0,0,0,0,0,0,0,0,0,0,0,0,0,0,0,0,0
experiments/sybil_attack_v1/features/routing_window_features.csv,SYBIL_CONTROL_N16_SEED345678,sybil,control,0,0,16,345678,120,180,0,140,139,0,14,1054,39044,2212,16,336,170,3,1,0,0,0,0,0,0,0,0,0,0,0,3,1,384,393.3333,409,25,3,384,393.3333,409,25,0,0,256.0,384,392.0,409,25,0,0,0,1,256,256.0,256,0,5.0,5,0,0,0,0,0.0,0,0,0,0,0,0,0,0,0,0,0,0,0,0,0,0,0
experiments/sybil_attack_v1/features/routing_window_features.csv,SYBIL_CONTROL_N16_SEED345678,sybil,control,0,0,16,345678,180,240,0,40,40,0,4,1050,38894,2266,16,338,174,1,1,0,0,0,0,0,0,0,0,0,0,0,1,1,128,128.0,128,0,0,0.0,0.0,0.0,0.0,0,0,256.0,384,392.0,409,25,0,0,0,1,256,256.0,256,0,5.0,5,0,0,0,0,0.0,0,0,0,0,0,0,0,0,0,0,0,0,0,0,0,0,0
experiments/sybil_attack_v1/features/routing_window_features.csv,SYBIL_CONTROL_N16_SEED345678,sybil,control,0,0,16,345678,240,300,1,100,100,0,10,1087,40173,2267,16,351,177,4,0,0,0,0,0,0,0,0,0,0,0,0,4,1,384,385.0,388,4,4,384,385.0,388,4,0,0,0.0,384,385.0,388,4,0,0,0,1,256,256.0,256,0,5.0,5,0,0,0,0,0.0,0,0,0,0,0,0,0,0,0,0,0,0,0,0,0,0,0
experiments/sybil_attack_v1/features/routing_window_features.csv,SYBIL_CONTROL_N16_SEED345678,sybil,control,0,0,16,345678,300,360,1,110,110,0,11,1040,37966,2211,16,335,169,0,0,0,0,0,0,0,0,0,0,0,0,0,0,0,0.0,0.0,0.0,0.0,0,0.0,0.0,0.0,0.0,0,0,0.0,384,385.0,388,4,0,0,0,1,256,256.0,256,0,5.0,5,0,0,0,0,0.0,0,0,0,0,0,0,0,0,0,0,0,0,0,0,0,0,0
experiments/sybil_attack_v1/features/routing_window_features.csv,SYBIL_CONTROL_N16_SEED345678,sybil,control,0,0,16,345678,360,420,1,30,30,0,3,1048,38020,2171,16,340,172,0,0,0,0,0,0,0,0,0,0,0,0,0,0,0,0.0,0.0,0.0,0.0,0,0.0,0.0,0.0,0.0,0,0,0.0,384,385.0,388,4,0,0,0,1,256,256.0,256,0,5.0,5,0,0,0,0,0.0,0,0,0,0,0,0,0,0,0,0,0,0,0,0,0,0,0
experiments/sybil_attack_v1/features/routing_window_features.csv,SYBIL_CONTROL_N16_SEED345678,sybil,control,0,0,16,345678,420,480,1,140,140,0,14,1045,38334,2170,16,340,171,3,1,0,0,0,0,0,0,0,0,0,0,0,3,1,128,298.6667,384,256,2,384,384.0,384,0,0,0,256.0,384,384.0,384,0,0,0,0,1,256,256.0,256,0,5.0,5,0,0,0,0,0.0,0,0,0,0,0,0,0,0,0,0,0,0,0,0,0,0,0
experiments/sybil_attack_v1/features/routing_window_features.csv,SYBIL_CONTROL_N16_SEED345678,sybil,control,0,0,16,345678,480,540,1,50,50,0,5,1031,37821,2141,16,333,169,2,0,0,0,0,0,0,0,0,0,0,0,0,2,1,384,384.0,384,0,2,384,384.0,384,0,0,0,0.0,384,384.0,384,0,0,0,0,1,256,256.0,256,0,5.0,5,0,0,0,0,0.0,0,0,0,0,0,0,0,0,0,0,0,0,0,0,0,0,0
experiments/sybil_attack_v1/features/routing_window_features.csv,SYBIL_CONTROL_N16_SEED456789,sybil,control,0,0,16,456789,0,60,0,0,0,0,0,537,24301,1226,16,162,81,32,7,0,0,0,1,1,1,0,1,1,1,0,5,1,128,32971.6562,65535,65407,28,465,37663.6071,65535,65070,0,0,37585.0,465,474.25,482,17,0,0,0,1,338,338.0,338,0,1.0,1,0,0,0,0,0.0,0,0,0,0,0,0,0,0,0,0,0,0,0,0,0,0,0
experiments/sybil_attack_v1/features/routing_window_features.csv,SYBIL_CONTROL_N16_SEED456789,sybil,control,0,0,16,456789,60,120,0,0,0,0,0,1080,40683,2392,16,340,172,4,1,0,0,0,0,0,0,0,0,0,0,0,4,1,385,404.25,420,35,4,385,404.25,420,35,0,0,256.0,385,404.25,420,35,0,0,0,1,256,256.0,256,0,5.0,5,0,0,0,0,0.0,0,0,0,0,0,0,0,0,0,0,0,0,0,0,0,0,0
experiments/sybil_attack_v1/features/routing_window_features.csv,SYBIL_CONTROL_N16_SEED456789,sybil,control,0,0,16,456789,120,180,0,140,140,0,14,1092,40371,2467,16,353,178,5,1,0,0,0,0,0,0,0,0,0,0,0,5,1,128,340.8,401,273,4,384,394.0,401,17,0,0,256.0,384,394.0,401,17,0,0,0,1,256,256.0,256,0,5.0,5,0,0,0,0,0.0,0,0,0,0,0,0,0,0,0,0,0,0,0,0,0,0,0
experiments/sybil_attack_v1/features/routing_window_features.csv,SYBIL_CONTROL_N16_SEED456789,sybil,control,0,0,16,456789,180,240,0,40,40,0,4,1043,38137,2348,16,339,169,2,1,0,0,0,0,0,0,0,0,0,0,0,2,1,384,384.0,384,0,2,384,384.0,384,0,0,0,256.0,384,391.75,401,17,0,0,0,1,256,256.0,256,0,5.0,5,0,0,0,0,0.0,0,0,0,0,0,0,0,0,0,0,0,0,0,0,0,0,0
experiments/sybil_attack_v1/features/routing_window_features.csv,SYBIL_CONTROL_N16_SEED456789,sybil,control,0,0,16,456789,240,300,1,100,100,0,10,1021,37550,2259,16,331,166,3,0,0,0,0,0,0,0,0,0,0,0,0,3,1,128,300.3333,388,260,2,385,386.5,388,3,0,0,0.0,384,385.25,388,4,0,0,0,1,256,256.0,256,0,5.0,5,0,0,0,0,0.0,0,0,0,0,0,0,0,0,0,0,0,0,0,0,0,0,0
experiments/sybil_attack_v1/features/routing_window_features.csv,SYBIL_CONTROL_N16_SEED456789,sybil,control,0,0,16,456789,300,360,1,100,100,0,10,1047,38185,2328,16,340,169,0,0,0,0,0,0,0,0,0,0,0,0,0,0,0,0.0,0.0,0.0,0.0,0,0.0,0.0,0.0,0.0,0,0,0.0,384,385.25,388,4,0,0,0,1,256,256.0,256,0,5.0,5,0,0,0,0,0.0,0,0,0,0,0,0,0,0,0,0,0,0,0,0,0,0,0
experiments/sybil_attack_v1/features/routing_window_features.csv,SYBIL_CONTROL_N16_SEED456789,sybil,control,0,0,16,456789,360,420,1,40,40,0,4,1038,37730,2278,16,336,173,1,0,0,0,0,0,0,0,0,0,0,0,0,1,1,128,128.0,128,0,0,0.0,0.0,0.0,0.0,0,0,0.0,384,385.25,388,4,0,0,0,1,256,256.0,256,0,5.0,5,0,0,0,0,0.0,0,0,0,0,0,0,0,0,0,0,0,0,0,0,0,0,0
experiments/sybil_attack_v1/features/routing_window_features.csv,SYBIL_CONTROL_N16_SEED456789,sybil,control,0,0,16,456789,420,480,1,140,140,0,14,1049,38526,2336,16,339,170,1,1,0,0,0,0,0,0,0,0,0,0,0,1,1,384,384.0,384,0,1,384,384.0,384,0,0,0,256.0,384,385.0,388,4,0,0,0,1,256,256.0,256,0,5.0,5,0,0,0,0,0.0,0,0,0,0,0,0,0,0,0,0,0,0,0,0,0,0,0
experiments/sybil_attack_v1/features/routing_window_features.csv,SYBIL_CONTROL_N16_SEED456789,sybil,control,0,0,16,456789,480,540,1,30,29,0,3,1014,36825,2255,16,330,165,1,0,0,0,0,0,0,0,0,0,0,0,0,1,1,384,384.0,384,0,1,384,384.0,384,0,0,0,0.0,384,385.0,388,4,0,0,0,1,256,256.0,256,0,5.0,5,0,0,0,0,0.0,0,0,0,0,0,0,0,0,0,0,0,0,0,0,0,0,0
experiments/sybil_attack_v1/features/routing_window_features.csv,SYBIL_CONTROL_N16_SEED567890,sybil,control,0,0,16,567890,0,60,0,0,0,0,0,591,26793,1311,16,176,84,34,9,2,0,0,1,1,1,0,1,1,1,0,5,1,128,31055.9706,65535,65407,30,435,35179.7,65535,65100,0,0,29298.8889,435,453.0,469,34,0,0,0,1,338,338.0,338,0,1.0,1,0,0,0,0,0.0,0,0,0,0,0,0,0,0,0,0,0,0,0,0,0,0,0
experiments/sybil_attack_v1/features/routing_window_features.csv,SYBIL_CONTROL_N16_SEED567890,sybil,control,0,0,16,567890,60,120,0,0,0,0,0,1056,39820,2186,16,336,169,8,1,0,0,0,0,0,0,0,0,0,0,0,5,1,128,388.125,462,334,7,384,425.2857,462,78,0,0,256.0,384,410.0,435,51,0,0,0,1,256,256.0,256,0,5.0,5,0,0,0,0,0.0,0,0,0,0,0,0,0,0,0,0,0,0,0,0,0,0,0
experiments/sybil_attack_v1/features/routing_window_features.csv,SYBIL_CONTROL_N16_SEED567890,sybil,control,0,0,16,567890,120,180,0,140,140,0,14,1053,38794,2142,16,338,169,4,1,0,0,0,0,0,0,0,0,0,0,0,4,1,384,392.25,412,28,4,384,392.25,412,28,0,0,256.0,384,392.25,412,28,0,0,0,1,256,256.0,256,0,5.0,5,0,0,0,0,0.0,0,0,0,0,0,0,0,0,0,0,0,0,0,0,0,0,0
experiments/sybil_attack_v1/features/routing_window_features.csv,SYBIL_CONTROL_N16_SEED567890,sybil,control,0,0,16,567890,180,240,0,40,40,0,4,1055,38466,2164,16,344,171,3,0,0,0,0,0,0,0,0,0,0,0,0,3,1,128,298.6667,384,256,2,384,384.0,384,0,0,0,0.0,384,392.25,412,28,0,0,0,1,256,256.0,256,0,5.0,5,0,0,0,0,0.0,0,0,0,0,0,0,0,0,0,0,0,0,0,0,0,0,0
experiments/sybil_attack_v1/features/routing_window_features.csv,SYBIL_CONTROL_N16_SEED567890,sybil,control,0,0,16,567890,240,300,1,100,100,0,10,1069,39484,2180,16,339,170,2,1,0,0,0,0,0,0,0,0,0,0,0,2,1,384,387.5,391,7,2,384,387.5,391,7,0,0,256.0,384,385.75,391,7,0,0,0,1,256,256.0,256,0,5.0,5,0,0,0,0,0.0,0,0,0,0,0,0,0,0,0,0,0,0,0,0,0,0,0
experiments/sybil_attack_v1/features/routing_window_features.csv,SYBIL_CONTROL_N16_SEED567890,sybil,control,0,0,16,567890,300,360,1,130,130,0,13,1040,37680,2129,16,339,171,0,0,0,0,0,0,0,0,0,0,0,0,0,0,0,0.0,0.0,0.0,0.0,0,0.0,0.0,0.0,0.0,0,0,0.0,384,385.75,391,7,0,0,0,1,256,256.0,256,0,5.0,5,0,0,0,0,0.0,0,0,0,0,0,0,0,0,0,0,0,0,0,0,0,0,0
experiments/sybil_attack_v1/features/routing_window_features.csv,SYBIL_CONTROL_N16_SEED567890,sybil,control,0,0,16,567890,360,420,1,10,10,0,1,1022,36941,2067,16,335,170,0,0,0,0,0,0,0,0,0,0,0,0,0,0,0,0.0,0.0,0.0,0.0,0,0.0,0.0,0.0,0.0,0,0,0.0,384,385.75,391,7,0,0,0,1,256,256.0,256,0,5.0,5,0,0,0,0,0.0,0,0,0,0,0,0,0,0,0,0,0,0,0,0,0,0,0
experiments/sybil_attack_v1/features/routing_window_features.csv,SYBIL_CONTROL_N16_SEED567890,sybil,control,0,0,16,567890,420,480,1,140,140,0,14,1065,39293,2165,16,340,171,3,1,0,0,0,0,0,0,0,0,0,0,0,3,1,128,301.3333,392,264,2,384,388.0,392,8,0,0,256.0,384,387.75,392,8,0,0,0,1,256,256.0,256,0,5.0,5,0,0,0,0,0.0,0,0,0,0,0,0,0,0,0,0,0,0,0,0,0,0,0
experiments/sybil_attack_v1/features/routing_window_features.csv,SYBIL_CONTROL_N16_SEED567890,sybil,control,0,0,16,567890,480,540,1,40,40,0,4,1062,38749,2149,16,346,174,2,0,0,0,0,0,0,0,0,0,0,0,0,2,1,384,384.0,384,0,2,384,384.0,384,0,0,0,0.0,384,386.0,392,8,0,0,0,1,256,256.0,256,0,5.0,5,0,0,0,0,0.0,0,0,0,0,0,0,0,0,0,0,0,0,0,0,0,0,0
