3496	1	16	97: 0x41D8EBCD ABFFFF01 00010001 0001007A 3B3A1A9B 01012100 F0008008 F00000FD 00000000 00000002 01000100 01000104 0E00080C 00040000 80000100 1E003C08 1E4040FF FFFFFFFF FFFFFF00 000000FD 00000000 00000000 00000000 000000B6 BA
5054	16	1,2,3,4,5	102: 0x61DC28CD AB010001 00010001 00100010 00100010 007A333A 9B01FFFC 00F0FFFF 08F00000 FD000000 00000000 02010001 00010001 040E0008 0C000400 00800001 001E003C 081E4040 FFFFFFFF FFFFFFFF 00000000 FD000000 00000000 00000000 00000000 0378
5058	1	16	5: 0x020028F2 18
7501	16	1,2,3,4,5	102: 0x61DC29CD AB010001 00010001 00100010 00100010 007A333A 9B01FFFC 00F0FFFF 08F00000 FD000000 00000000 02010001 00010001 040E0008 0C000400 00800001 001E003C 081E4040 FFFFFFFF FFFFFFFF 00000000 FD000000 00000000 00000000 00000000 780E
7505	1	16	5: 0x0200297B 09
8853	1	16	97: 0x41D8ECCD ABFFFF01 00010001 0001007A 3B3A1A9B 01012100 F0008008 F00000FD 00000000 00000002 01000100 01000104 0E00080C 00040000 80000100 1E003C08 1E4040FF FFFFFFFF FFFFFF00 000000FD 00000000 00000000 00000000 0000008F DD
11144	16	1,2,3,4,5	102: 0x61DC2ACD AB010001 00010001 00100010 00100010 007A333A 9B01FFFC 00F0FFFF 08F00000 FD000000 00000000 02010001 00010001 040E0008 0C000400 00800001 001E003C 081E4040 FFFFFFFF FFFFFFFF 00000000 FD000000 00000000 00000000 00000000 F594
11148	1	16	5: 0x02002AE0 3B
13070	16	1,2,3,4,5	102: 0x61DC2BCD AB010001 00010001 00100010 00100010 007A333A 9B01FFFC 00F0FFFF 08F00000 FD000000 00000000 02010001 00010001 040E0008 0C000400 00800001 001E003C 081E4040 FFFFFFFF FFFFFFFF 00000000 FD000000 00000000 00000000 00000000 8EE2
13074	1	16	5: 0x02002B69 2A
15156	16	1,2,3,4,5	85: 0x61DC2CCD AB010001 00010001 00100010 00100010 007EF700 E03A0663 04000001 529B025A D0008000 F1051200 80FD0000 00000000 00021000 10001000 10061400 00001EFD 00000000 00000002 01000100 010001F6 D1
15159	1	16	5: 0x02002CD6 5E
15167	1	16	43: 0x61DCEDCD AB100010 00100010 00010001 00010001 007EF700 E23A0603 00FF0000 009B0375 730000F1 00245D
15169	16	1,2,3,4,5	5: 0x0200ED53 89
16314	4	2,3,5,7,8,9,10,11,16	27: 0x41D8DACD ABFFFF04 00040004 0004007A 3B3A1A9B 00651100 00E897
17394	8	2,3,4,5,6,7,9,10,11,12,13,14,15	27: 0x41D8BBCD ABFFFF08 00080008 0008007A 3B3A1A9B 00650100 00C02C
17430	14	7,8,9,10,11,12,13,15	27: 0x41D88CCD ABFFFF0E 000E000E 000E007A 3B3A1A9B 0064E900 00EE01
19211	16	1,2,3,4,5	97: 0x41D82DCD ABFFFF10 00100010 0010007A 3B3A1A9B 01001C00 F0014908 F00000FD 00000000 00000002 01000100 01000104 0E00080C 00040000 80000100 1E003C08 1E4040FF FFFFFFFF FFFFFF00 000000FD 00000000 00000000 00000000 000000AE 6A
19592	5	2,3,4,8,9,10,11,16	102: 0x61DCC7CD AB100010 00100010 00050005 00050005 007A333A 9B01FFEC 00F0FFFF 08F00000 FD000000 00000000 02010001 00010001 040E0008 0C000400 00800001 001E003C 081E4040 FFFFFFFF FFFFFFFF 00000000 FD000000 00000000 00000000 00000000 6A42
19596	16	1,2,3,4,5	5: 0x0200C70B 07
19913	11	4,5,8,9,10,14,15	27: 0x41D8EFCD ABFFFF0B 000B000B 000B007A 3B3A1A9B 0064F500 00AAC3
20266	5	2,3,4,8,9,10,11,16	102: 0x61DCC8CD AB100010 00100010 00050005 00050005 007A333A 9B01FFEC 00F0FFFF 08F00000 FD000000 00000000 02010001 00010001 040E0008 0C000400 00800001 001E003C 081E4040 FFFFFFFF FFFFFFFF 00000000 FD000000 00000000 00000000 00000000 F1A2
20270	16	1,2,3,4,5	5: 0x0200C8FC FF
21831	4	2,3,5,7,8,9,10,11,16	102: 0x61DCDBCD AB100010 00100010 00040004 00040004 007A333A 9B01FFF0 00F0FFFF 08F00000 FD000000 00000000 02010001 00010001 040E0008 0C000400 00800001 001E003C 081E4040 FFFFFFFF FFFFFFFF 00000000 FD000000 00000000 00000000 00000000 DE03
21835	16	1,2,3,4,5	5: 0x0200DBE6 DD
21988	5	2,3,4,8,9,10,11,16	102: 0x61DCC9CD AB100010 00100010 00050005 00050005 007A333A 9B01FFEC 00F0FFFF 08F00000 FD000000 00000000 02010001 00010001 040E0008 0C000400 00800001 001E003C 081E4040 FFFFFFFF FFFFFFFF 00000000 FD000000 00000000 00000000 00000000 8AD4
21992	16	1,2,3,4,5	5: 0x0200C975 EE
22144	3	2,4,5,6,7,8,9,10,16	102: 0x61DCA6CD AB100010 00100010 00030003 00030003 007A333A 9B01FFF4 00F0FFFF 08F00000 FD000000 00000000 02010001 00010001 040E0008 0C000400 00800001 001E003C 081E4040 FFFFFFFF FFFFFFFF 00000000 FD000000 00000000 00000000 00000000 430A
22148	16	1,2,3,4,5	5: 0x0200A684 75
22362	3	2,4,5,6,7,8,9,10,16	102: 0x61DCA7CD AB100010 00100010 00030003 00030003 007A333A 9B01FFF4 00F0FFFF 08F00000 FD000000 00000000 02010001 00010001 040E0008 0C000400 00800001 001E003C 081E4040 FFFFFFFF FFFFFFFF 00000000 FD000000 00000000 00000000 00000000 387C
22366	16	1,2,3,4,5	5: 0x0200A70D 64
22439	2	3,4,5,6,7,8,9,16	102: 0x61DCE4CD AB100010 00100010 00020002 00020002 007A333A 9B01FFF8 00F0FFFF 08F00000 FD000000 00000000 02010001 00010001 040E0008 0C000400 00800001 001E003C 081E4040 FFFFFFFF FFFFFFFF 00000000 FD000000 00000000 00000000 00000000 5BD4
22443	16	1,2,3,4,5	5: 0x0200E492 14
22825	2	3,4,5,6,7,8,9,16	27: 0x41D8E5CD ABFFFF02 00020002 0002007A 3B3A1A9B 00651900 00D0C1
23309	5	2,3,4,8,9,10,11,16	102: 0x61DCCACD AB100010 00100010 00050005 00050005 007A333A 9B01FFEC 00F0FFFF 08F00000 FD000000 00000000 02010001 00010001 040E0008 0C000400 00800001 001E003C 081E4040 FFFFFFFF FFFFFFFF 00000000 FD000000 00000000 00000000 00000000 074E
23313	16	1,2,3,4,5	5: 0x0200CAEE DC
23317	2	3,4,5,6,7,8,9,16	102: 0x61DCE6CD AB100010 00100010 00020002 00020002 007A333A 9B01FFF8 00F0FFFF 08F00000 FD000000 00000000 02010001 00010001 040E0008 0C000400 00800001 001E003C 081E4040 FFFFFFFF FFFFFFFF 00000000 FD000000 00000000 00000000 00000000 AD38
23321	16	1,2,3,4,5	5: 0x0200E680 37
24034	3	2,4,5,6,7,8,9,10,16	102: 0x61DCA8CD AB100010 00100010 00030003 00030003 007A333A 9B01FFF4 00F0FFFF 08F00000 FD000000 00000000 02010001 00010001 040E0008 0C000400 00800001 001E003C 081E4040 FFFFFFFF FFFFFFFF 00000000 FD000000 00000000 00000000 00000000 A39C
24038	16	1,2,3,4,5	5: 0x0200A8FA 9C
24277	2	3,4,5,6,7,8,9,16	102: 0x61DCE7CD AB100010 00100010 00020002 00020002 007A333A 9B01FFF8 00F0FFFF 08F00000 FD000000 00000000 02010001 00010001 040E0008 0C000400 00800001 001E003C 081E4040 FFFFFFFF FFFFFFFF 00000000 FD000000 00000000 00000000 00000000 D64E
24281	16	1,2,3,4,5	5: 0x0200E709 26
25039	16	1,2,3,4,5	97: 0x41D82ECD ABFFFF10 00100010 0010007A 3B3A1A9B 01001C00 F0014908 F00000FD 00000000 00000002 01000100 01000104 0E00080C 00040000 80000100 1E003C08 1E4040FF FFFFFFFF FFFFFF00 000000FD 00000000 00000000 00000000 000000DB 52
25675	4	2,3,5,7,8,9,10,11,16	102: 0x61DCDCCD AB100010 00100010 00040004 00040004 007A333A 9B01FFF0 00F0FFFF 08F00000 FD000000 00000000 02010001 00010001 040E0008 0C000400 00800001 001E003C 081E4040 FFFFFFFF FFFFFFFF 00000000 FD000000 00000000 00000000 00000000 AE48
25679	16	1,2,3,4,5	5: 0x0200DC59 A9
26530	2	3,4,5,6,7,8,9,16	102: 0x61DCE8CD AB100010 00100010 00020002 00020002 007A333A 9B01FFF8 00F0FFFF 08F00000 FD000000 00000000 02010001 00010001 040E0008 0C000400 00800001 001E003C 081E4040 FFFFFFFF FFFFFFFF 00000000 FD000000 00000000 00000000 00000000 4DAE
26534	16	1,2,3,4,5	5: 0x0200E8FE DE
26569	4	2,3,5,7,8,9,10,11,16	102: 0x61DCDDCD AB100010 00100010 00040004 00040004 007A333A 9B01FFF0 00F0FFFF 08F00000 FD000000 00000000 02010001 00010001 040E0008 0C000400 00800001 001E003C 081E4040 FFFFFFFF FFFFFFFF 00000000 FD000000 00000000 00000000 00000000 D53E
26573	16	1,2,3,4,5	5: 0x0200DDD0 B8
26817	10	3,4,5,7,8,9,11,13,14,15	27: 0x41D8E7CD ABFFFF0A 000A000A 000A007A 3B3A1A9B 0064F900 004D85
27117	5	2,3,4,8,9,10,11,16	93: 0x61DCCBCD AB100010 00100010 00050005 00050005 007EF500 02010001 00010001 E03A0663 04000002 199B025A EC008000 F1051200 80FD0000 00000000 00020500 05000500 05061400 00001EFD 00000000 00000002 10001000 10001092 32
27120	16	1,2,3,4,5	5: 0x0200CB67 CD
27128	16	1,2,3,4,5	94: 0x61DC2FCD AB010001 00010001 00100010 00100010 007CD700 3F020500 05000500 05E03A06 63040000 01499B02 5AEC0080 00F10512 0080FD00 00000000 00000205 00050005 00050614 0000001E FD000000 00000000 02100010 00100010 4CA0
27131	1	16	5: 0x02002F4D 6C
27144	1	16	51: 0x61DCEECD AB100010 00100010 00010001 00010001 007EF700 E23A0E03 01991000 00050005 00050005 009B0375 9F0000F1 003A15
27146	16	1,2,3,4,5	5: 0x0200EEC8 BB
27175	16	1,2,3,4,5	60: 0x61DC30CD AB050005 00050005 00100010 00100010 007CD700 3F020100 01000100 01E23A0E 03009910 00001000 10001000 10009B03 759F0000 F1003946
27177	5	2,3,4,8,9,10,11,16	5: 0x0200303B 84
27405	3	2,4,5,6,7,8,9,10,16	102: 0x61DCA9CD AB100010 00100010 00030003 00030003 007A333A 9B01FFF4 00F0FFFF 08F00000 FD000000 00000000 02010001 00010001 040E0008 0C000400 00800001 001E003C 081E4040 FFFFFFFF FFFFFFFF 00000000 FD000000 00000000 00000000 00000000 D8EA
27409	16	1,2,3,4,5	5: 0x0200A973 8D
27572	1	16	97: 0x41D8EFCD ABFFFF01 00010001 0001007A 3B3A1A9B 01012100 F0008008 F00000FD 00000000 00000002 01000100 01000104 0E00080C 00040000 80000100 1E003C08 1E4040FF FFFFFFFF FFFFFF00 000000FD 00000000 00000000 00000000 000000FA E5
28657	2	3,4,5,6,7,8,9,16	93: 0x61DCE9CD AB100010 00100010 00020002 00020002 007EF500 02010001 00010001 E03A0663 04000002 199B025B 04008000 F1051200 80FD0000 00000000 00020200 02000200 02061400 00001EFD 00000000 00000002 10001000 1000104C E1
28660	16	1,2,3,4,5	5: 0x0200E977 CF
28699	16	1,2,3,4,5	94: 0x61DC31CD AB010001 00010001 00100010 00100010 007CD700 3F020200 02000200 02E03A06 63040000 01419B02 5B040080 00F10512 0080FD00 00000000 00000202 00020002 00020614 0000001E FD000000 00000000 02100010 00100010 9D8B
28702	1	16	5: 0x020031B2 95
28727	1	16	51: 0x61DCF0CD AB100010 00100010 00010001 00010001 007EF700 E23A0E03 01991000 00020002 00020002 009B0375 AB0000F1 00D821
28729	16	1,2,3,4,5	5: 0x0200F037 42
28754	16	1,2,3,4,5	60: 0x61DC32CD AB020002 00020002 00100010 00100010 007CD700 3F020100 01000100 01E23A0E 03009910 00001000 10001000 10009B03 75AB0000 F100EE73
28756	2	3,4,5,6,7,8,9,16	5: 0x02003229 A7
30216	4	2,3,5,7,8,9,10,11,16	102: 0x61DCDECD AB100010 00100010 00040004 00040004 007A333A 9B01FFF0 00F0FFFF 08F00000 FD000000 00000000 02010001 00010001 040E0008 0C000400 00800001 001E003C 081E4040 FFFFFFFF FFFFFFFF 00000000 FD000000 00000000 00000000 00000000 58A4
30220	16	1,2,3,4,5	5: 0x0200DE4B 8A
30909	9	2,3,4,5,6,7,8,10,11,12,13,14,15	27: 0x41D846CD ABFFFF09 00090009 0009007A 3B3A1A9B 0064FD00 00AB90
31195	5	2,3,4,8,9,10,11,16	97: 0x41D8CCCD ABFFFF05 00050005 0005007A 3B3A1A9B 01FF7F00 F0021108 F00000FD 00000000 00000002 01000100 01000104 0E00080C 00040000 80000100 1E003C08 1E4040FF FFFFFFFF FFFFFF00 000000FD 00000000 00000000 00000000 00000094 62
32001	9	2,3,4,5,6,7,8,10,11,12,13,14,15	102: 0x61DC47CD AB050005 00050005 00090009 00090009 007A333A 9B010009 00F0FFFF 08F00000 FD000000 00000000 02010001 00010001 040E0008 0C000400 00800001 001E003C 081E4040 FFFFFFFF FFFFFFFF 00000000 FD000000 00000000 00000000 00000000 0FF5
32005	5	2,3,4,8,9,10,11,16	5: 0x02004703 83
32010	8	2,3,4,5,6,7,9,10,11,12,13,14,15	102: 0x61DCBCCD AB050005 00050005 00080008 00080008 007A333A 9B01000D 00F0FFFF 08F00000 FD000000 00000000 02010001 00010001 040E0008 0C000400 00800001 001E003C 081E4040 FFFFFFFF FFFFFFFF 00000000 FD000000 00000000 00000000 00000000 17E8
32014	5	2,3,4,8,9,10,11,16	5: 0x0200BC5F CA
32037	2	3,4,5,6,7,8,9,16	97: 0x41D8EACD ABFFFF02 00020002 0002007A 3B3A1A9B 01FF8B00 F0021108 F00000FD 00000000 00000002 01000100 01000104 0E00080C 00040000 80000100 1E003C08 1E4040FF FFFFFFFF FFFFFF00 000000FD 00000000 00000000 00000000 00000090 99
32071	9	2,3,4,5,6,7,8,10,11,12,13,14,15	102: 0x61DC48CD AB050005 00050005 00090009 00090009 007A333A 9B010009 00F0FFFF 08F00000 FD000000 00000000 02010001 00010001 040E0008 0C000400 00800001 001E003C 081E4040 FFFFFFFF FFFFFFFF 00000000 FD000000 00000000 00000000 00000000 9415
32075	5	2,3,4,8,9,10,11,16	5: 0x020048F4 7B
32589	3	2,4,5,6,7,8,9,10,16	93: 0x61DCAACD AB100010 00100010 00030003 00030003 007EF500 02010001 00010001 E03A0663 04000002 2A9B025A FC008000 F1051200 80FD0000 00000000 00020300 03000300 03061400 00001EFD 00000000 00000002 10001000 100010BD CA
32592	16	1,2,3,4,5	5: 0x0200AAE8 BF
32612	16	1,2,3,4,5	94: 0x61DC33CD AB010001 00010001 00100010 00100010 007CD700 3F020300 03000300 03E03A06 63040000 013A9B02 5AFC0080 00F10512 0080FD00 00000000 00000203 00030003 00030614 0000001E FD000000 00000000 02100010 00100010 CB8C
32615	1	16	5: 0x020033A0 B6
32620	1	16	51: 0x61DCF1CD AB100010 00100010 00010001 00010001 007EF700 E23A0E03 01991000 00030003 00030003 009B0375 A70000F1 00DF09
32622	16	1,2,3,4,5	5: 0x0200F1BE 53
32636	16	1,2,3,4,5	60: 0x61DC34CD AB030003 00030003 00100010 00100010 007CD700 3F020100 01000100 01E23A0E 03009910 00001000 10001000 10009B03 75A70000 F1007587
32638	3	2,4,5,6,7,8,9,10,16	5: 0x0200341F C2
32699	4	2,3,5,7,8,9,10,11,16	93: 0x61DCDFCD AB100010 00100010 00040004 00040004 007EF500 02010001 00010001 E03A0663 04000002 2A9B025A F4008000 F1051200 80FD0000 00000000 00020400 04000400 04061400 00001EFD 00000000 00000002 10001000 10001071 B8
32702	16	1,2,3,4,5	5: 0x0200DFC2 9B
32706	16	1,2,3,4,5	94: 0x61DC35CD AB010001 00010001 00100010 00100010 007CD700 3F020400 04000400 04E03A06 63040000 01349B02 5AF40080 00F10512 0080FD00 00000000 00000204 00040004 00040614 0000001E FD000000 00000000 02100010 00100010 44D7
32709	1	16	5: 0x02003596 D3
32731	16	1,2,3,4,5	97: 0x41D836CD ABFFFF10 00100010 0010007A 3B3A1A9B 01003700 F0012E08 F00000FD 00000000 00000002 01000100 01000104 0E00080C 00040000 80000100 1E003C08 1E4040FF FFFFFFFF FFFFFF00 000000FD 00000000 00000000 00000000 00000033 E7
32737	7	2,3,4,6,8,9,10,12,13,14	102: 0x61DC81CD AB020002 00020002 00070007 00070007 007A333A 9B01001D 00F0FFFF 08F00000 FD000000 00000000 02010001 00010001 040E0008 0C000400 00800001 001E003C 081E4040 FFFFFFFF FFFFFFFF 00000000 FD000000 00000000 00000000 00000000 18BD
32741	2	3,4,5,6,7,8,9,16	5: 0x02008139 20
32765	1	16	51: 0x61DCF2CD AB100010 00100010 00010001 00010001 007EF700 E23A0E03 01991000 00040004 00040004 009B0375 A30000F1 00A7AB
32767	16	1,2,3,4,5	5: 0x0200F225 61
32772	16	1,2,3,4,5	60: 0x61DC37CD AB040004 00040004 00100010 00100010 007CD700 3F020100 01000100 01E23A0E 03009910 00001000 10001000 10009B03 75A30000 F1009021
32774	4	2,3,5,7,8,9,10,11,16	5: 0x02003784 F0
32781	10	3,4,5,7,8,9,11,13,14,15	102: 0x61DCE8CD AB050005 00050005 000A000A 000A000A 007A333A 9B010005 00F0FFFF 08F00000 FD000000 00000000 02010001 00010001 040E0008 0C000400 00800001 001E003C 081E4040 FFFFFFFF FFFFFFFF 00000000 FD000000 00000000 00000000 00000000 60BB
32785	5	2,3,4,8,9,10,11,16	5: 0x0200E8FE DE
32916	3	2,4,5,6,7,8,9,10,16	56: 0x61DCABCD AB100010 00100010 00030003 00030003 007EF500 02010001 00010001 E1066304 00000205 F0223D16 2E556168 656C6C6F 2030B45E
32918	16	1,2,3,4,5	5: 0x0200AB61 AE
32942	16	1,2,3,4,5	57: 0x61DC38CD AB010001 00010001 00100010 00100010 007CD700 3F020300 03000300 03E10663 04000001 2EF0223D 162E5561 68656C6C 6F2030C2 9D
32944	1	16	5: 0x02003873 08
32971	1	16	56: 0x61DCF3CD AB100010 00100010 00010001 00010001 007EF700 E30E0301 99100000 03000300 03000300 F0162E22 3D556168 656C6C6F 2030F66C
32973	16	1,2,3,4,5	5: 0x0200F3AC 70
32982	16	1,2,3,4,5	65: 0x61DC39CD AB030003 00030003 00100010 00100010 007CD700 3F020100 01000100 01E30E03 00991000 00100010 00100010 00F0162E 223D5561 68656C6C 6F2030CE 97
32985	3	2,4,5,6,7,8,9,10,16	5: 0x020039FA 19
33075	9	2,3,4,5,6,7,8,10,11,12,13,14,15	102: 0x61DC49CD AB050005 00050005 00090009 00090009 007A333A 9B010009 00F0FFFF 08F00000 FD000000 00000000 02010001 00010001 040E0008 0C000400 00800001 001E003C 081E4040 FFFFFFFF FFFFFFFF 00000000 FD000000 00000000 00000000 00000000 EF63
33079	5	2,3,4,8,9,10,11,16	5: 0x0200497D 6A
33444	10	3,4,5,7,8,9,11,13,14,15	102: 0x61DCE9CD AB050005 00050005 000A000A 000A000A 007A333A 9B010005 00F0FFFF 08F00000 FD000000 00000000 02010001 00010001 040E0008 0C000400 00800001 001E003C 081E4040 FFFFFFFF FFFFFFFF 00000000 FD000000 00000000 00000000 00000000 1BCD
33448	5	2,3,4,8,9,10,11,16	5: 0x0200E977 CF
33520	10	3,4,5,7,8,9,11,13,14,15	102: 0x61DCEACD AB050005 00050005 000A000A 000A000A 007A333A 9B010005 00F0FFFF 08F00000 FD000000 00000000 02010001 00010001 040E0008 0C000400 00800001 001E003C 081E4040 FFFFFFFF FFFFFFFF 00000000 FD000000 00000000 00000000 00000000 9657
33524	5	2,3,4,8,9,10,11,16	5: 0x0200EAEC FD
34239	15	8,9,10,11,12,13,14	27: 0x41D8B6CD ABFFFF0F 000F000F 000F007A 3B3A1A9B 0064E500 00B330
34562	8	2,3,4,5,6,7,9,10,11,12,13,14,15	27: 0x41D8BDCD ABFFFF08 00080008 0008007A 3B3A1A9B 00650100 004500
34786	8	2,3,4,5,6,7,9,10,11,12,13,14,15	102: 0x61DCBECD AB050005 00050005 00080008 00080008 007A333A 9B01000D 00F0FFFF 08F00000 FD000000 00000000 02010001 00010001 040E0008 0C000400 00800001 001E003C 081E4040 FFFFFFFF FFFFFFFF 00000000 FD000000 00000000 00000000 00000000 E104
34790	5	2,3,4,8,9,10,11,16	5: 0x0200BE4D E9
34820	11	4,5,8,9,10,14,15	102: 0x61DCF0CD AB050005 00050005 000B000B 000B000B 007A333A 9B010001 00F0FFFF 08F00000 FD000000 00000000 02010001 00010001 040E0008 0C000400 00800001 001E003C 081E4040 FFFFFFFF FFFFFFFF 00000000 FD000000 00000000 00000000 00000000 6C1A
34824	5	2,3,4,8,9,10,11,16	5: 0x0200F037 42
35068	5	2,3,4,8,9,10,11,16	56: 0x61DCCDCD AB100010 00100010 00050005 00050005 007EF500 02010001 00010001 E1066304 000001F6 F0223D16 2E555968 656C6C6F 20307B59
35070	16	1,2,3,4,5	5: 0x0200CD51 A8
35081	16	1,2,3,4,5	57: 0x61DC3ACD AB010001 00010001 00100010 00100010 007CD700 3F020500 05000500 05E10663 04000001 29F0223D 162E5559 68656C6C 6F20305C FB
35083	1	16	5: 0x02003A61 2B
35097	1	16	56: 0x61DCF4CD AB100010 00100010 00010001 00010001 007EF700 E30E0301 99100000 05000500 05000500 F0162E22 3D555968 656C6C6F 203075D9
35099	16	1,2,3,4,5	5: 0x0200F413 04
35123	16	1,2,3,4,5	65: 0x61DC3BCD AB050005 00050005 00100010 00100010 007CD700 3F020100 01000100 01E30E03 00991000 00100010 00100010 00F0162E 223D5559 68656C6C 6F2030DD E8
35126	5	2,3,4,8,9,10,11,16	5: 0x02003BE8 3A
35523	7	2,3,4,6,8,9,10,12,13,14	102: 0x61DC82CD AB020002 00020002 00070007 00070007 007A333A 9B01001D 00F0FFFF 08F00000 FD000000 00000000 02010001 00010001 040E0008 0C000400 00800001 001E003C 081E4040 FFFFFFFF FFFFFFFF 00000000 FD000000 00000000 00000000 00000000 9527
35527	2	3,4,5,6,7,8,9,16	5: 0x020082A2 12
35710	2	3,4,5,6,7,8,9,16	56: 0x61DCEBCD AB100010 00100010 00020002 00020002 007EF500 02010001 00010001 E1066304 000001F6 F0223D16 2E556568 656C6C6F 2030FF23
35712	16	1,2,3,4,5	5: 0x0200EB65 EC
35719	16	1,2,3,4,5	57: 0x61DC3CCD AB010001 00010001 00100010 00100010 007CD700 3F020200 02000200 02E10663 04000001 24F0223D 162E5565 68656C6C 6F20304E 65
35721	1	16	5: 0x02003C57 4E
35746	1	16	56: 0x61DCF5CD AB100010 00100010 00010001 00010001 007EF700 E30E0301 99100000 02000200 02000200 F0162E22 3D556568 656C6C6F 20308972
35745	6	2,3,7,8,9,12,13	102: 0x61DCDECD AB020002 00020002 00060006 00060006 007A333A 9B010021 00F0FFFF 08F00000 FD000000 00000000 02010001 00010001 040E0008 0C000400 00800001 001E003C 081E4040 FFFFFFFF FFFFFFFF 00000000 FD000000 00000000 00000000 00000000 2052
35748	16	1,2,3,4,5	5: 0x0200F59A 15
35761	6	2,3,7,8,9,12,13	102: 0x61DCDECD AB020002 00020002 00060006 00060006 007A333A 9B010021 00F0FFFF 08F00000 FD000000 00000000 02010001 00010001 040E0008 0C000400 00800001 001E003C 081E4040 FFFFFFFF FFFFFFFF 00000000 FD000000 00000000 00000000 00000000 2052
35765	2	3,4,5,6,7,8,9,16	5: 0x0200DE4B 8A
35789	16	1,2,3,4,5	65: 0x61DC3DCD AB020002 00020002 00100010 00100010 007CD700 3F020100 01000100 01E30E03 00991000 00100010 00100010 00F0162E 223D5565 68656C6C 6F2030E3 CB
35792	2	3,4,5,6,7,8,9,16	5: 0x02003DDE 5F
35809	10	3,4,5,7,8,9,11,13,14,15	102: 0x61DCEBCD AB050005 00050005 000A000A 000A000A 007A333A 9B010005 00F0FFFF 08F00000 FD000000 00000000 02010001 00010001 040E0008 0C000400 00800001 001E003C 081E4040 FFFFFFFF FFFFFFFF 00000000 FD000000 00000000 00000000 00000000 ED21
35813	5	2,3,4,8,9,10,11,16	5: 0x0200EB65 EC
36481	8	2,3,4,5,6,7,9,10,11,12,13,14,15	102: 0x61DCBFCD AB050005 00050005 00080008 00080008 007A333A 9B01000D 00F0FFFF 08F00000 FD000000 00000000 02010001 00010001 040E0008 0C000400 00800001 001E003C 081E4040 FFFFFFFF FFFFFFFF 00000000 FD000000 00000000 00000000 00000000 9A72
36485	5	2,3,4,8,9,10,11,16	5: 0x0200BFC4 F8
36565	3	2,4,5,6,7,8,9,10,16	97: 0x41D8ACCD ABFFFF03 00030003 0003007A 3B3A1A9B 01FF9C00 F001FC08 F00000FD 00000000 00000002 01000100 01000104 0E00080C 00040000 80000100 1E003C08 1E4040FF FFFFFFFF FFFFFF00 000000FD 00000000 00000000 00000000 000000DC A6
36628	4	2,3,5,7,8,9,10,11,16	97: 0x41D8E0CD ABFFFF04 00040004 0004007A 3B3A1A9B 01FF8F00 F0020508 F00000FD 00000000 00000002 01000100 01000104 0E00080C 00040000 80000100 1E003C08 1E4040FF FFFFFFFF FFFFFF00 000000FD 00000000 00000000 00000000 000000E2 B6
36752	11	4,5,8,9,10,14,15	102: 0x61DCF1CD AB050005 00050005 000B000B 000B000B 007A333A 9B010001 00F0FFFF 08F00000 FD000000 00000000 02010001 00010001 040E0008 0C000400 00800001 001E003C 081E4040 FFFFFFFF FFFFFFFF 00000000 FD000000 00000000 00000000 00000000 176C
36756	5	2,3,4,8,9,10,11,16	5: 0x0200F1BE 53
36802	5	2,3,4,8,9,10,11,16	97: 0x41D8CECD ABFFFF05 00050005 0005007A 3B3A1A9B 01FFA200 F001EE08 F00000FD 00000000 00000002 01000100 01000104 0E00080C 00040000 80000100 1E003C08 1E4040FF FFFFFFFF FFFFFF00 000000FD 00000000 00000000 00000000 0000007E 1A
36814	8	2,3,4,5,6,7,9,10,11,12,13,14,15	102: 0x61DCC0CD AB050005 00050005 00080008 00080008 007A333A 9B01000D 00F0FFFF 08F00000 FD000000 00000000 02010001 00010001 040E0008 0C000400 00800001 001E003C 081E4040 FFFFFFFF FFFFFFFF 00000000 FD000000 00000000 00000000 00000000 4505
36818	5	2,3,4,8,9,10,11,16	5: 0x0200C0B4 73
36929	9	2,3,4,5,6,7,8,10,11,12,13,14,15	102: 0x61DC4ACD AB050005 00050005 00090009 00090009 007A333A 9B010009 00F0FFFF 08F00000 FD000000 00000000 02010001 00010001 040E0008 0C000400 00800001 001E003C 081E4040 FFFFFFFF FFFFFFFF 00000000 FD000000 00000000 00000000 00000000 62F9
36933	5	2,3,4,8,9,10,11,16	5: 0x02004AE6 58
36996	11	4,5,8,9,10,14,15	102: 0x61DCF2CD AB050005 00050005 000B000B 000B000B 007A333A 9B010001 00F0FFFF 08F00000 FD000000 00000000 02010001 00010001 040E0008 0C000400 00800001 001E003C 081E4040 FFFFFFFF FFFFFFFF 00000000 FD000000 00000000 00000000 00000000 9AF6
37000	5	2,3,4,8,9,10,11,16	5: 0x0200F225 61
37157	4	2,3,5,7,8,9,10,11,16	56: 0x61DCE1CD AB100010 00100010 00040004 00040004 007EF500 02010001 00010001 E1066304 00000205 F0223D16 2E555D68 656C6C6F 20305AB1
37159	16	1,2,3,4,5	5: 0x0200E13F 43
37191	16	1,2,3,4,5	57: 0x61DC3ECD AB010001 00010001 00100010 00100010 007CD700 3F020400 04000400 04E10663 04000001 20F0223D 162E555D 68656C6C 6F2030AE DB
37193	1	16	5: 0x02003E45 6D
37220	1	16	56: 0x61DCF6CD AB100010 00100010 00010001 00010001 007EF700 E30E0301 99100000 04000400 04000400 F0162E22 3D555D68 656C6C6F 20309330
37222	16	1,2,3,4,5	5: 0x0200F601 27
37262	16	1,2,3,4,5	65: 0x61DC3FCD AB040004 00040004 00100010 00100010 007CD700 3F020100 01000100 01E30E03 00991000 00100010 00100010 00F0162E 223D555D 68656C6C 6F2030F0 B4
37265	4	2,3,5,7,8,9,10,11,16	5: 0x02003FCC 7C
37980	11	4,5,8,9,10,14,15	27: 0x41D8F3CD ABFFFF0B 000B000B 000B007A 3B3A1A9B 0064F500 00B846
38128	7	2,3,4,6,8,9,10,12,13,14	102: 0x61DC83CD AB020002 00020002 00070007 00070007 007A333A 9B01001D 00F0FFFF 08F00000 FD000000 00000000 02010001 00010001 040E0008 0C000400 00800001 001E003C 081E4040 FFFFFFFF FFFFFFFF 00000000 FD000000 00000000 00000000 00000000 EE51
38132	2	3,4,5,6,7,8,9,16	5: 0x0200832B 03
38542	2	3,4,5,6,7,8,9,16	97: 0x41D8ECCD ABFFFF02 00020002 0002007A 3B3A1A9B 01FFAE00 F001EE08 F00000FD 00000000 00000002 01000100 01000104 0E00080C 00040000 80000100 1E003C08 1E4040FF FFFFFFFF FFFFFF00 000000FD 00000000 00000000 00000000 00000046 4E
38914	10	3,4,5,7,8,9,11,13,14,15	93: 0x61DCECCD AB050005 00050005 000A000A 000A000A 007EF500 02010001 00010001 E03A0663 04000002 CF9B025A F0008000 F1051200 80FD0000 00000000 00020A00 0A000A00 0A061400 00001EFD 00000000 00000002 05000500 050005DF 94
38917	5	2,3,4,8,9,10,11,16	5: 0x0200ECDA 98
38922	5	2,3,4,8,9,10,11,16	102: 0x61DCCFCD AB100010 00100010 00050005 00050005 007CD500 3F020A00 0A000A00 0A020100 01000100 01E03A06 63040000 01EE9B02 5AF00080 00F10512 0080FD00 00000000 0000020A 000A000A 000A0614 0000001E FD000000 00000000 02050005 00050005 9924
38926	16	1,2,3,4,5	5: 0x0200CF43 8B
38945	16	1,2,3,4,5	94: 0x61DC40CD AB010001 00010001 00100010 00100010 007CD700 3E020A00 0A000A00 0AE03A06 63040000 011C9B02 5AF00080 00F10512 0080FD00 00000000 0000020A 000A000A 000A0614 0000001E FD000000 00000000 02050005 00050005 BF0F
38948	1	16	5: 0x020040BC F7
38952	1	16	59: 0x61DCF7CD AB100010 00100010 00010001 00010001 007EF700 E23A1603 02992000 00050005 00050005 0A000A00 0A000A00 009B0375 8B0000F1 00CA30
38954	16	1,2,3,4,5	5: 0x0200F788 36
38963	16	1,2,3,4,5	68: 0x61DC41CD AB050005 00050005 00100010 00100010 007CD700 3F020100 01000100 01E23A16 03019920 00001000 10001000 100A000A 000A000A 00009B03 758B0000 F1004C01
38966	5	2,3,4,8,9,10,11,16	5: 0x02004135 E6
38969	5	2,3,4,8,9,10,11,16	68: 0x61DCD0CD AB0A000A 000A000A 00050005 00050005 007CD700 3E020100 01000100 01E23A16 03009920 00001000 10001000 10050005 00050005 00009B03 758B0000 F100AFEF
38972	10	3,4,5,7,8,9,11,13,14,15	5: 0x0200D035 63
39231	8	2,3,4,5,6,7,9,10,11,12,13,14,15	93: 0x61DCC1CD AB050005 00050005 00080008 00080008 007EF500 02010001 00010001 E03A0663 04000002 AE9B025B 00008000 F1051200 80FD0000 00000000 00020800 08000800 08061400 00001EFD 00000000 00000002 05000500 05000513 2A
39234	5	2,3,4,8,9,10,11,16	5: 0x0200C13D 62
39241	5	2,3,4,8,9,10,11,16	102: 0x61DCD1CD AB100010 00100010 00050005 00050005 007CD500 3F020800 08000800 08020100 01000100 01E03A06 63040000 01E79B02 5B000080 00F10512 0080FD00 00000000 00000208 00080008 00080614 0000001E FD000000 00000000 02050005 00050005 BA3A
39245	16	1,2,3,4,5	5: 0x0200D1BC 72
39257	16	1,2,3,4,5	94: 0x61DC42CD AB010001 00010001 00100010 00100010 007CD700 3E020800 08000800 08E03A06 63040000 01199B02 5B000080 00F10512 0080FD00 00000000 00000208 00080008 00080614 0000001E FD000000 00000000 02050005 00050005 8F93
39260	1	16	5: 0x020042AE D4
39287	1	16	59: 0x61DCF8CD AB100010 00100010 00010001 00010001 007EF700 E23A1603 02992000 00050005 00050005 08000800 08000800 009B0375 930000F1 001FFB
39289	16	1,2,3,4,5	5: 0x0200F87F CE
39296	16	1,2,3,4,5	68: 0x61DC43CD AB050005 00050005 00100010 00100010 007CD700 3F020100 01000100 01E23A16 03019920 00001000 10001000 10080008 00080008 00009B03 75930000 F10055D3
39299	5	2,3,4,8,9,10,11,16	5: 0x02004327 C5
39338	5	2,3,4,8,9,10,11,16	68: 0x61DCD2CD AB080008 00080008 00050005 00050005 007CD700 3E020100 01000100 01E23A16 03009920 00001000 10001000 10050005 00050005 00009B03 75930000 F1003524
39341	8	2,3,4,5,6,7,9,10,11,12,13,14,15	5: 0x0200D227 40
39374	12	6,7,8,9,13,14,15	27: 0x41D833CD ABFFFF0C 000C000C 000C007A 3B3A1A9B 0064F100 00E727
39626	7	2,3,4,6,8,9,10,12,13,14	27: 0x41D884CD ABFFFF07 00070007 0007007A 3B3A1A9B 00650500 001718
39738	6	2,3,7,8,9,12,13	102: 0x61DCDFCD AB020002 00020002 00060006 00060006 007A333A 9B010021 00F0FFFF 08F00000 FD000000 00000000 02010001 00010001 040E0008 0C000400 00800001 001E003C 081E4040 FFFFFFFF FFFFFFFF 00000000 FD000000 00000000 00000000 00000000 5B24
39742	2	3,4,5,6,7,8,9,16	5: 0x0200DFC2 9B
39902	10	3,4,5,7,8,9,11,13,14,15	56: 0x61DCEDCD AB050005 00050005 000A000A 000A000A 007EF500 02010001 00010001 E1066304 000002C5 F0223D16 2E554568 656C6C6F 2030C1D3
39904	5	2,3,4,8,9,10,11,16	5: 0x0200ED53 89
39932	5	2,3,4,8,9,10,11,16	65: 0x61DCD3CD AB100010 00100010 00050005 00050005 007CD500 3F020A00 0A000A00 0A020100 01000100 01E10663 04000001 E1F0223D 162E5545 68656C6C 6F203088 8D
39935	16	1,2,3,4,5	5: 0x0200D3AE 51
39953	16	1,2,3,4,5	57: 0x61DC44CD AB010001 00010001 00100010 00100010 007CD700 3E020A00 0A000A00 0AE10663 04000001 16F0223D 162E5545 68656C6C 6F203020 B4
39955	1	16	5: 0x02004498 B1
39966	1	16	64: 0x61DCF9CD AB100010 00100010 00010001 00010001 007EF700 E3160302 99200000 05000500 0500050A 000A000A 000A0000 F0162E22 3D554568 656C6C6F 203091EA
39968	16	1,2,3,4,5	5: 0x0200F9F6 DF
40010	16	1,2,3,4,5	73: 0x61DC45CD AB050005 00050005 00100010 00100010 007CD700 3F020100 01000100 01E31603 01992000 00100010 00100010 0A000A00 0A000A00 00F0162E 223D5545 68656C6C 6F2030FC BD
40013	5	10,11,16	5: 0x02004511 A0
40013	6	7,12,13	27: 0x41D8E0CD ABFFFF06 00060006 0006007A 3B3A1A9B 00650900 0088DF
40030	5	2,3,4,8,9,10,11,16	73: 0x61DCD4CD AB0A000A 000A000A 00050005 00050005 007CD700 3E020100 01000100 01E31603 00992000 00100010 00100010 05000500 05000500 00F0162E 223D5545 68656C6C 6F20304E 9E
40033	10	3,4,5,7,8,9,11,13,14,15	5: 0x0200D411 25
40057	11	4,5,8,9,10,14,15	102: 0x61DCF4CD AB050005 00050005 000B000B 000B000B 007A333A 9B010001 00F0FFFF 08F00000 FD000000 00000000 02010001 00010001 040E0008 0C000400 00800001 001E003C 081E4040 FFFFFFFF FFFFFFFF 00000000 FD000000 00000000 00000000 00000000 91CB
40061	5	2,3,4,8,9,10,11,16	5: 0x0200F413 04
40144	6	2,3,7,8,9,12,13	102: 0x61DCE1CD AB020002 00020002 00060006 00060006 007A333A 9B010021 00F0FFFF 08F00000 FD000000 00000000 02010001 00010001 040E0008 0C000400 00800001 001E003C 081E4040 FFFFFFFF FFFFFFFF 00000000 FD000000 00000000 00000000 00000000 F252
40148	2	3,4,5,6,7,8,9,16	5: 0x0200E13F 43
40912	9	2,3,4,5,6,7,8,10,11,12,13,14,15	93: 0x61DC4BCD AB050005 00050005 00090009 00090009 007EF500 02010001 00010001 E03A0663 04000002 CA9B025A F8008000 F1051200 80FD0000 00000000 00020900 09000900 09061400 00001EFD 00000000 00000002 05000500 050005F7 67
40915	5	2,3,4,8,9,10,11,16	5: 0x02004B6F 49
40939	5	2,3,4,8,9,10,11,16	102: 0x61DCD5CD AB100010 00100010 00050005 00050005 007CD500 3F020900 09000900 09020100 01000100 01E03A06 63040000 01DB9B02 5AF80080 00F10512 0080FD00 00000000 00000209 00090009 00090614 0000001E FD000000 00000000 02050005 00050005 CF6F
40943	16	1,2,3,4,5	5: 0x0200D598 34
40962	16	1,2,3,4,5	94: 0x61DC46CD AB010001 00010001 00100010 00100010 007CD700 3E020900 09000900 09E03A06 63040000 01139B02 5AF80080 00F10512 0080FD00 00000000 00000209 00090009 00090614 0000001E FD000000 00000000 02050005 00050005 F79B
40965	1	16	5: 0x0200468A 92
40969	1	16	59: 0x61DCFACD AB100010 00100010 00010001 00010001 007EF700 E23A1603 02992000 00050005 00050005 09000900 09000900 009B0375 8F0000F1 004DA6
40971	16	1,2,3,4,5	5: 0x0200FA6D ED
40982	16	1,2,3,4,5	68: 0x61DC47CD AB050005 00050005 00100010 00100010 007CD700 3F020100 01000100 01E23A16 03019920 00001000 10001000 10090009 00090009 00009B03 758F0000 F100AA40
40985	5	2,3,4,8,9,10,11,16	5: 0x02004703 83
40988	5	2,3,4,8,9,10,11,16	68: 0x61DCD6CD AB090009 00090009 00050005 00050005 007CD700 3E020100 01000100 01E23A16 03009920 00001000 10001000 10050005 00050005 00009B03 758F0000 F100033F
40991	9	2,3,4,5,6,7,8,10,11,12,13,14,15	5: 0x0200D603 06
41374	4	2,3,5,7,8,9,10,11,16	97: 0x41D8E2CD ABFFFF04 00040004 0004007A 3B3A1A9B 01FF9800 F001FC08 F00000FD 00000000 00000002 01000100 01000104 0E00080C 00040000 80000100 1E003C08 1E4040FF FFFFFFFF FFFFFF00 000000FD 00000000 00000000 00000000 00000024 35
41690	7	2,3,4,6,8,9,10,12,13,14	102: 0x61DC85CD AB020002 00020002 00070007 00070007 007A333A 9B01001D 00F0FFFF 08F00000 FD000000 00000000 02010001 00010001 040E0008 0C000400 00800001 001E003C 081E4040 FFFFFFFF FFFFFFFF 00000000 FD000000 00000000 00000000 00000000 E56C
41694	2	3,4,5,6,7,8,9,16	5: 0x0200851D 66
41990	8	2,3,4,5,6,7,9,10,11,12,13,14,15	97: 0x41D8C2CD ABFFFF08 00080008 0008007A 3B3A1A9B 01FEDD00 F002A708 F00000FD 00000000 00000002 01000100 01000104 0E00080C 00040000 80000100 1E003C08 1E4040FF FFFFFFFF FFFFFF00 000000FD 00000000 00000000 00000000 00000059 E7
42625	6	2,3,7,8,9,12,13	93: 0x61DCE2CD AB020002 00020002 00060006 00060006 007EF500 02010001 00010001 E03A0663 04000002 FF9B025B 1C008000 F1051200 80FD0000 00000000 00020600 06000600 06061400 00001EFD 00000000 00000002 02000200 02000292 B8
42628	2	3,4,5,6,7,8,9,16	5: 0x0200E2A4 71
42629	13	6,7,8,9,10,12,14,15	27: 0x41D849CD ABFFFF0D 000D000D 000D007A 3B3A1A9B 0064ED00 007CFB
42648	2	3,4,5,6,7,8,9,16	102: 0x61DCEDCD AB100010 00100010 00020002 00020002 007CD500 3F020600 06000600 06020100 01000100 01E03A06 63040000 01EE9B02 5B1C0080 00F10512 0080FD00 00000000 00000206 00060006 00060614 0000001E FD000000 00000000 02020002 00020002 7C46
42652	16	1,2,3,4,5	5: 0x0200ED53 89
42691	16	1,2,3,4,5	94: 0x61DC48CD AB010001 00010001 00100010 00100010 007CD700 3E020600 06000600 06E03A06 63040000 01119B02 5B1C0080 00F10512 0080FD00 00000000 00000206 00060006 00060614 0000001E FD000000 00000000 02020002 00020002 18C8
42694	1	16	5: 0x020048F4 7B
42710	1	16	59: 0x61DCFBCD AB100010 00100010 00010001 00010001 007EF700 E23A1603 02992000 00020002 00020002 06000600 06000600 009B0375 9B0000F1 00F5B0
42712	16	1,2,3,4,5	5: 0x0200FBE4 FC
42722	16	1,2,3,4,5	68: 0x61DC49CD AB020002 00020002 00100010 00100010 007CD700 3F020100 01000100 01E23A16 03019920 00001000 10001000 10060006 00060006 00009B03 759B0000 F1008FFE
42725	2	3,4,5,6,7,8,9,16	5: 0x0200497D 6A
42735	2	3,4,5,6,7,8,9,16	68: 0x61DCEECD AB060006 00060006 00020002 00020002 007CD700 3E020100 01000100 01E23A16 03009920 00001000 10001000 10020002 00020002 00009B03 759B0000 F100FC6E
42738	6	2,3,7,8,9,12,13	5: 0x0200EEC8 BB
42956	3	2,4,5,6,7,8,9,10,16	97: 0x41D8ADCD ABFFFF03 00030003 0003007A 3B3A1A9B 01FF9C00 F001FC08 F00000FD 00000000 00000002 01000100 01000104 0E00080C 00040000 80000100 1E003C08 1E4040FF FFFFFFFF FFFFFF00 000000FD 00000000 00000000 00000000 0000000F B1
42987	10	3,4,5,7,8,9,11,13,14,15	97: 0x41D8EECD ABFFFF0A 000A000A 000A007A 3B3A1A9B 01FEC000 F002BC08 F00000FD 00000000 00000002 01000100 01000104 0E00080C 00040000 80000100 1E003C08 1E4040FF FFFFFFFF FFFFFF00 000000FD 00000000 00000000 00000000 000000AB 6C
43058	11	4,5,8,9,10,14,15	93: 0x61DCF5CD AB050005 00050005 000B000B 000B000B 007EF500 02010001 00010001 E03A0663 04000002 CA9B025A E8008000 F1051200 80FD0000 00000000 00020B00 0B000B00 0B061400 00001EFD 00000000 00000002 05000500 05000511 73
43061	5	2,3,4,8,9,10,11,16	5: 0x0200F59A 15
43068	5	2,3,4,8,9,10,11,16	102: 0x61DCD7CD AB100010 00100010 00050005 00050005 007CD500 3F020B00 0B000B00 0B020100 01000100 01E03A06 63040000 01D69B02 5AE80080 00F10512 0080FD00 00000000 0000020B 000B000B 000B0614 0000001E FD000000 00000000 02050005 00050005 3538
43072	16	1,2,3,4,5	5: 0x0200D78A 17
43111	16	1,2,3,4,5	94: 0x61DC4ACD AB010001 00010001 00100010 00100010 007CD700 3E020B00 0B000B00 0BE03A06 63040000 010F9B02 5AE80080 00F10512 0080FD00 00000000 0000020B 000B000B 000B0614 0000001E FD000000 00000000 02050005 00050005 757A
43114	1	16	5: 0x02004AE6 58
43120	1	16	59: 0x61DCFCCD AB100010 00100010 00010001 00010001 007EF700 E23A1603 02992000 00050005 00050005 0B000B00 0B000B00 009B0375 870000F1 00035E
43122	16	1,2,3,4,5	5: 0x0200FC5B 88
43143	16	1,2,3,4,5	68: 0x61DC4BCD AB050005 00050005 00100010 00100010 007CD700 3F020100 01000100 01E23A16 03019920 00001000 10001000 100B000B 000B000B 00009B03 75870000 F10002E3
43146	5	2,3,4,8,9,10,11,16	5: 0x02004B6F 49
43181	5	2,3,4,8,9,10,11,16	68: 0x61DCD8CD AB0B000B 000B000B 00050005 00050005 007CD700 3E020100 01000100 01E23A16 03009920 00001000 10001000 10050005 00050005 00009B03 75870000 F10063A9
43184	11	4,5,8,9,10,14,15	5: 0x0200D87D EF
43199	2	3,4,5,6,7,8,9,16	97: 0x41D8EFCD ABFFFF02 00020002 0002007A 3B3A1A9B 01FFB500 F001E708 F00000FD 00000000 00000002 01000100 01000104 0E00080C 00040000 80000100 1E003C08 1E4040FF FFFFFFFF FFFFFF00 000000FD 00000000 00000000 00000000 0000008E 45
43266	3	2,4,5,6,7,8,9,10,16	56: 0x61DCAECD AB100010 00100010 00030003 00030003 007EF500 02010001 00010001 E1066304 000001FC F0223D16 2E546168 656C6C6F 20313842
43268	16	1,2,3,4,5	5: 0x0200AECC F9
43299	16	1,2,3,4,5	57: 0x61DC4CCD AB010001 00010001 00100010 00100010 007CD700 3F020300 03000300 03E10663 04000001 0DF0223D 162E5461 68656C6C 6F20315A AD
43301	1	16	5: 0x02004CD0 3D
43308	1	16	56: 0x61DCFDCD AB100010 00100010 00010001 00010001 007EF700 E30E0301 99100000 03000300 03000300 F0162E22 3D546168 656C6C6F 2031FCDF
43310	16	1,2,3,4,5	5: 0x0200FDD2 99
43333	16	1,2,3,4,5	65: 0x61DC4DCD AB030003 00030003 00100010 00100010 007CD700 3F020100 01000100 01E30E03 00991000 00100010 00100010 00F0162E 223D5461 68656C6C 6F20314F DF
43336	3	2,4,5,6,7,8,9,10,16	5: 0x02004D59 2C
43693	14	7,8,9,10,11,12,13,15	102: 0x61DC8DCD AB080008 00080008 000E000E 000E000E 007A333A 9B01FFE8 00F0FFFF 08F00000 FD000000 00000000 02010001 00010001 040E0008 0C000400 00800001 001E003C 081E4040 FFFFFFFF FFFFFFFF 00000000 FD000000 00000000 00000000 00000000 EB66
43697	8	2,3,4,5,6,7,9,10,11,12,13,14,15	5: 0x02008D55 EA
43709	14	7,8,9,10,11,12,13,15	102: 0x61DC8ECD AB080008 00080008 000E000E 000E000E 007A333A 9B01FFE8 00F0FFFF 08F00000 FD000000 00000000 02010001 00010001 040E0008 0C000400 00800001 001E003C 081E4040 FFFFFFFF FFFFFFFF 00000000 FD000000 00000000 00000000 00000000 66FC
43713	8	2,3,4,5,6,7,9,10,11,12,13,14,15	5: 0x02008ECE D8
43792	9	2,3,4,5,6,7,8,10,11,12,13,14,15	97: 0x41D84CCD ABFFFF09 00090009 0009007A 3B3A1A9B 01FEC000 F002C008 F00000FD 00000000 00000002 01000100 01000104 0E00080C 00040000 80000100 1E003C08 1E4040FF FFFFFFFF FFFFFF00 000000FD 00000000 00000000 00000000 00000082 15
44277	5	2,3,4,8,9,10,11,16	56: 0x61DCD9CD AB100010 00100010 00050005 00050005 007EF500 02010001 00010001 E1066304 000001D2 F0223D16 2E545968 656C6C6F 2031A151
44279	16	1,2,3,4,5	5: 0x0200D9F4 FE
44296	16	1,2,3,4,5	57: 0x61DC4ECD AB010001 00010001 00100010 00100010 007CD700 3F020500 05000500 05E10663 04000001 0BF0223D 162E5459 68656C6C 6F2031EE 83
44298	1	16	5: 0x02004EC2 1E
44313	1	16	56: 0x61DCFECD AB100010 00100010 00010001 00010001 007EF700 E30E0301 99100000 05000500 05000500 F0162E22 3D545968 656C6C6F 2031E69D
44315	16	1,2,3,4,5	5: 0x0200FE49 AB
44325	16	1,2,3,4,5	65: 0x61DC4FCD AB050005 00050005 00100010 00100010 007CD700 3F020100 01000100 01E30E03 00991000 00100010 00100010 00F0162E 223D5459 68656C6C 6F20315C A0
44328	5	2,3,4,8,9,10,11,16	5: 0x02004F4B 0F
44417	12	6,7,8,9,13,14,15	102: 0x61DC34CD AB080008 00080008 000C000C 000C000C 007A333A 9B01FFF0 00F0FFFF 08F00000 FD000000 00000000 02010001 00010001 040E0008 0C000400 00800001 001E003C 081E4040 FFFFFFFF FFFFFFFF 00000000 FD000000 00000000 00000000 00000000 EE3E
44421	8	2,3,4,5,6,7,9,10,11,12,13,14,15	5: 0x0200341F C2
44581	12	6,7,8,9,13,14,15	102: 0x61DC35CD AB080008 00080008 000C000C 000C000C 007A333A 9B01FFF0 00F0FFFF 08F00000 FD000000 00000000 02010001 00010001 040E0008 0C000400 00800001 001E003C 081E4040 FFFFFFFF FFFFFFFF 00000000 FD000000 00000000 00000000 00000000 9548
44585	8	2,3,4,5,6,7,9,10,11,12,13,14,15	5: 0x02003596 D3
44882	15	8,9,10,11,12,13,14	102: 0x61DCB7CD AB080008 00080008 000F000F 000F000F 007A333A 9B01FFE4 00F0FFFF 08F00000 FD000000 00000000 02010001 00010001 040E0008 0C000400 00800001 001E003C 081E4040 FFFFFFFF FFFFFFFF 00000000 FD000000 00000000 00000000 00000000 5C84
44886	8	2,3,4,5,6,7,9,10,11,12,13,14,15	5: 0x0200B78C 74
44979	12	6,7,8,9,13,14,15	102: 0x61DC36CD AB080008 00080008 000C000C 000C000C 007A333A 9B01FFF0 00F0FFFF 08F00000 FD000000 00000000 02010001 00010001 040E0008 0C000400 00800001 001E003C 081E4040 FFFFFFFF FFFFFFFF 00000000 FD000000 00000000 00000000 00000000 18D2
44983	8	2,3,4,5,6,7,9,10,11,12,13,14,15	5: 0x0200360D E1
45173	13	6,7,8,9,10,12,14,15	102: 0x61DC4ACD AB080008 00080008 000D000D 000D000D 007A333A 9B01FFEC 00F0FFFF 08F00000 FD000000 00000000 02010001 00010001 040E0008 0C000400 00800001 001E003C 081E4040 FFFFFFFF FFFFFFFF 00000000 FD000000 00000000 00000000 00000000 2F5B
45177	8	2,3,4,5,6,7,9,10,11,12,13,14,15	5: 0x02004AE6 58
45207	7	2,3,4,6,8,9,10,12,13,14	93: 0x61DC86CD AB020002 00020002 00070007 00070007 007EF500 02010001 00010001 E03A0663 04000002 C89B025B 14008000 F1051200 80FD0000 00000000 00020700 07000700 07061400 00001EFD 00000000 00000002 02000200 0200027A 1F
45210	2	3,4,5,6,7,8,9,16	5: 0x02008686 54
45217	11	4,5,8,9,10,14,15	56: 0x61DCF6CD AB050005 00050005 000B000B 000B000B 007EF500 02010001 00010001 E1066304 000002C0 F0223D16 2E554168 656C6C6F 20308167
45219	5	2,3,4,8,9,10,11,16	5: 0x0200F601 27
45219	2	3,4,5,6,7,8,9,16	102: 0x61DCF0CD AB100010 00100010 00020002 00020002 007CD500 3F020700 07000700 07020100 01000100 01E03A06 63040000 01E79B02 5B140080 00F10512 0080FD00 00000000 00000207 00070007 00070614 0000001E FD000000 00000000 02020002 00020002 5A7F
45224	16	1,2,3,4,5	5: 0x0200F037 42
45227	2	3,4,5,6,7,8,9,16	102: 0x61DCF0CD AB100010 00100010 00020002 00020002 007CD500 3F020700 07000700 07020100 01000100 01E03A06 63040000 01E79B02 5B140080 00F10512 0080FD00 00000000 00000207 00070007 00070614 0000001E FD000000 00000000 02020002 00020002 5A7F
45231	16	1,2,3,4,5	5: 0x0200F037 42
45237	5	2,3,4,8,9,10,11,16	65: 0x61DCDACD AB100010 00100010 00050005 00050005 007CD500 3F020B00 0B000B00 0B020100 01000100 01E10663 04000001 CEF0223D 162E5541 68656C6C 6F203064 97
45240	16	1,2,3,4,5	5: 0x0200DA6F CC
45243	16	1,2,3,4,5	94: 0x61DC50CD AB010001 00010001 00100010 00100010 007CD700 3E020700 07000700 07E03A06 63040000 01099B02 5B140080 00F10512 0080FD00 00000000 00000207 00070007 00070614 0000001E FD000000 00000000 02020002 00020002 7C68
45247	1	16	5: 0x0200503D E7
45279	16	1,2,3,4,5	57: 0x61DC51CD AB010001 00010001 00100010 00100010 007CD700 3E020B00 0B000B00 0BE10663 04000001 09F0223D 162E5541 68656C6C 6F203044 6C
45281	1	16	5: 0x020051B4 F6
45290	1	16	59: 0x61DCFFCD AB100010 00100010 00010001 00010001 007EF700 E23A1603 02992000 00020002 00020002 07000700 07000700 009B0375 970000F1 00BBEB
45292	16	1,2,3,4,5	5: 0x0200FFC0 BA
45296	1	16	64: 0x61DC00CD AB100010 00100010 00010001 00010001 007EF700 E3160302 99200000 05000500 0500050B 000B000B 000B0000 F0162E22 3D554168 656C6C6F 203061C9
45295	15	8,9,10,11,12,13,14	102: 0x61DCB8CD AB080008 00080008 000F000F 000F000F 007A333A 9B01FFE4 00F0FFFF 08F00000 FD000000 00000000 02010001 00010001 040E0008 0C000400 00800001 001E003C 081E4040 FFFFFFFF FFFFFFFF 00000000 FD000000 00000000 00000000 00000000 C764
45298	16	1,2,3,4,5	5: 0x020000B8 B5
45299	8	2,3,4,5,6,7,9,10,11,12,13,14,15	5: 0x0200B87B 8C
45302	16	1,2,3,4,5	73: 0x61DC53CD AB050005 00050005 00100010 00100010 007CD700 3F020100 01000100 01E31603 01992000 00100010 00100010 0B000B00 0B000B00 00F0162E 223D5541 68656C6C 6F203027 E8
45305	5	2,3,4,8,9,10,11,16	5: 0x020053A6 D5
45332	16	1,2,3,4,5	68: 0x61DC52CD AB020002 00020002 00100010 00100010 007CD700 3F020100 01000100 01E23A16 03019920 00001000 10001000 10070007 00070007 00009B03 75970000 F100A5E4
45335	2	3,4,5,6,7,8,9,16	5: 0x0200522F C4
45347	2	3,4,5,6,7,8,9,16	68: 0x61DCF1CD AB070007 00070007 00020002 00020002 007CD700 3E020100 01000100 01E23A16 03009920 00001000 10001000 10020002 00020002 00009B03 75970000 F10089A4
45350	7	2,3,4,6,8,9,10,12,13,14	5: 0x0200F1BE 53
45414	5	2,3,4,8,9,10,11,16	73: 0x61DCDBCD AB0B000B 000B000B 00050005 00050005 007CD700 3E020100 01000100 01E31603 00992000 00100010 00100010 05000500 05000500 00F0162E 223D5541 68656C6C 6F2030F9 50
45417	11	4,5,8,9,10,14,15	5: 0x0200DBE6 DD
45476	5	2,3,4,8,9,10,11,16	97: 0x41D8DCCD ABFFFF05 00050005 0005007A 3B3A1A9B 01FFC600 F001CA08 F00000FD 00000000 00000002 01000100 01000104 0E00080C 00040000 80000100 1E003C08 1E4040FF FFFFFFFF FFFFFF00 000000FD 00000000 00000000 00000000 000000CE 9E
45542	8	2,3,4,5,6,7,9,10,11,12,13,14,15	56: 0x61DCC3CD AB050005 00050005 00080008 00080008 007EF500 02010001 00010001 E1066304 00000283 F0223D16 2E554D68 656C6C6F 20305D70
45544	5	2,3,4,8,9,10,11,16	5: 0x0200C32F 41
45552	5	2,3,4,8,9,10,11,16	65: 0x61DCDDCD AB100010 00100010 00050005 00050005 007CD500 3F020800 08000800 08020100 01000100 01E10663 04000001 CAF0223D 162E554D 68656C6C 6F2030C9 9C
45555	16	1,2,3,4,5	5: 0x0200DDD0 B8
45559	16	1,2,3,4,5	57: 0x61DC54CD AB010001 00010001 00100010 00100010 007CD700 3E020800 08000800 08E10663 04000001 07F0223D 162E554D 68656C6C 6F203038 18
45561	1	16	5: 0x02005419 A1
45586	1	16	64: 0x61DC01CD AB100010 00100010 00010001 00010001 007EF700 E3160302 99200000 05000500 05000508 00080008 00080000 F0162E22 3D554D68 656C6C6F 203012AF
45588	16	1,2,3,4,5	5: 0x02000131 A4
45631	16	1,2,3,4,5	73: 0x61DC55CD AB050005 00050005 00100010 00100010 007CD700 3F020100 01000100 01E31603 01992000 00100010 00100010 08000800 08000800 00F0162E 223D554D 68656C6C 6F20308A 3E
45634	5	2,3,4,8,9,10,11,16	5: 0x02005590 B0
45663	13	6,7,8,9,10,12,14,15	102: 0x61DC4BCD AB080008 00080008 000D000D 000D000D 007A333A 9B01FFEC 00F0FFFF 08F00000 FD000000 00000000 02010001 00010001 040E0008 0C000400 00800001 001E003C 081E4040 FFFFFFFF FFFFFFFF 00000000 FD000000 00000000 00000000 00000000 542D
45667	8	2,3,4,5,6,7,9,10,11,12,13,14,15	5: 0x02004B6F 49
45677	5	2,3,4,8,9,10,11,16	73: 0x61DCDECD AB080008 00080008 00050005 00050005 007CD700 3E020100 01000100 01E31603 00992000 00100010 00100010 05000500 05000500 00F0162E 223D554D 68656C6C 6F20307E EB
45680	8	2,3,4,5,6,7,9,10,11,12,13,14,15	5: 0x0200DE4B 8A
45815	12	6,7,8,9,13,14,15	102: 0x61DC37CD AB080008 00080008 000C000C 000C000C 007A333A 9B01FFF0 00F0FFFF 08F00000 FD000000 00000000 02010001 00010001 040E0008 0C000400 00800001 001E003C 081E4040 FFFFFFFF FFFFFFFF 00000000 FD000000 00000000 00000000 00000000 63A4
45819	8	2,3,4,5,6,7,9,10,11,12,13,14,15	5: 0x02003784 F0
45883	11	4,5,8,9,10,14,15	97: 0x41D8F7CD ABFFFF0B 000B000B 000B007A 3B3A1A9B 01FEE500 F0029308 F00000FD 00000000 00000002 01000100 01000104 0E00080C 00040000 80000100 1E003C08 1E4040FF FFFFFFFF FFFFFF00 000000FD 00000000 00000000 00000000 0000009F 69
46190	2	3,4,5,6,7,8,9,16	56: 0x61DCF2CD AB100010 00100010 00020002 00020002 007EF500 02010001 00010001 E1066304 000001E1 F0223D16 2E546568 656C6C6F 20313E73
46192	16	1,2,3,4,5	5: 0x0200F225 61
46224	16	1,2,3,4,5	57: 0x61DC56CD AB010001 00010001 00100010 00100010 007CD700 3F020200 02000200 02E10663 04000001 06F0223D 162E5465 68656C6C 6F203116 A1
46226	1	16	5: 0x0200560B 82
46251	1	16	56: 0x61DC02CD AB100010 00100010 00010001 00010001 007EF700 E30E0301 99100000 02000200 02000200 F0162E22 3D546568 656C6C6F 20311B18
46253	16	1,2,3,4,5	5: 0x020002AA 96
46257	16	1,2,3,4,5	65: 0x61DC57CD AB020002 00020002 00100010 00100010 007CD700 3F020100 01000100 01E30E03 00991000 00100010 00100010 00F0162E 223D5465 68656C6C 6F20319F 5C
46260	2	3,4,5,6,7,8,9,16	5: 0x02005782 93
46292	6	2,3,7,8,9,12,13	97: 0x41D8E3CD ABFFFF06 00060006 0006007A 3B3A1A9B 01FEA300 F002E908 F00000FD 00000000 00000002 01000100 01000104 0E00080C 00040000 80000100 1E003C08 1E4040FF FFFFFFFF FFFFFF00 000000FD 00000000 00000000 00000000 0000004F 37
46317	4	2,3,5,7,8,9,10,11,16	56: 0x61DCE3CD AB100010 00100010 00040004 00040004 007EF500 02010001 00010001 E1066304 000001FC F0223D16 2E545D68 656C6C6F 203169DA
46319	16	1,2,3,4,5	5: 0x0200E32D 60
46359	16	1,2,3,4,5	57: 0x61DC58CD AB010001 00010001 00100010 00100010 007CD700 3F020400 04000400 04E10663 04000001 05F0223D 162E545D 68656C6C 6F2031F0 F5
46361	1	16	5: 0x02005875 6B
46395	1	16	56: 0x61DC03CD AB100010 00100010 00010001 00010001 007EF700 E30E0301 99100000 04000400 04000400 F0162E22 3D545D68 656C6C6F 2031C5A5
46397	16	1,2,3,4,5	5: 0x02000323 87
46411	16	1,2,3,4,5	65: 0x61DC59CD AB040004 00040004 00100010 00100010 007CD700 3F020100 01000100 01E30E03 00991000 00100010 00100010 00F0162E 223D545D 68656C6C 6F2031BE 50
46414	4	2,3,5,7,8,9,10,11,16	5: 0x020059FC 7A
47178	15	8,9,10,11,12,13,14	102: 0x61DCB9CD AB080008 00080008 000F000F 000F000F 007A333A 9B01FFE4 00F0FFFF 08F00000 FD000000 00000000 02010001 00010001 040E0008 0C000400 00800001 001E003C 081E4040 FFFFFFFF FFFFFFFF 00000000 FD000000 00000000 00000000 00000000 BC12
47182	8	2,3,4,5,6,7,9,10,11,12,13,14,15	5: 0x0200B9F2 9D
47302	1	16	97: 0x41D804CD ABFFFF01 00010001 0001007A 3B3A1A9B 01012100 F0008008 F00000FD 00000000 00000002 01000100 01000104 0E00080C 00040000 80000100 1E003C08 1E4040FF FFFFFFFF FFFFFF00 000000FD 00000000 00000000 00000000 000000FB E4
47365	14	7,8,9,10,11,12,13,15	102: 0x61DC8FCD AB080008 00080008 000E000E 000E000E 007A333A 9B01FFE8 00F0FFFF 08F00000 FD000000 00000000 02010001 00010001 040E0008 0C000400 00800001 001E003C 081E4040 FFFFFFFF FFFFFFFF 00000000 FD000000 00000000 00000000 00000000 1D8A
47369	8	2,3,4,5,6,7,9,10,11,12,13,14,15	5: 0x02008F47 C9
47734	13	6,7,8,9,10,12,14,15	102: 0x61DC4CCD AB080008 00080008 000D000D 000D000D 007A333A 9B01FFEC 00F0FFFF 08F00000 FD000000 00000000 02010001 00010001 040E0008 0C000400 00800001 001E003C 081E4040 FFFFFFFF FFFFFFFF 00000000 FD000000 00000000 00000000 00000000 2466
47738	8	2,3,4,5,6,7,9,10,11,12,13,14,15	5: 0x02004CD0 3D
47993	6	2,3,7,8,9,12,13	56: 0x61DCE4CD AB020002 00020002 00060006 00060006 007EF500 02010001 00010001 E1066304 000002E9 F0223D16 2E555568 656C6C6F 2030CF30
47995	2	3,4,5,6,7,8,9,16	5: 0x0200E492 14
48002	2	3,4,5,6,7,8,9,16	65: 0x61DCF3CD AB100010 00100010 00020002 00020002 007CD500 3F020600 06000600 06020100 01000100 01E10663 04000001 DBF0223D 162E5555 68656C6C 6F2030D0 1C
48005	16	1,2,3,4,5	5: 0x0200F3AC 70
48010	16	1,2,3,4,5	57: 0x61DC5ACD AB010001 00010001 00100010 00100010 007CD700 3E020600 06000600 06E10663 04000001 04F0223D 162E5555 68656C6C 6F203067 C4
48012	1	16	5: 0x02005A67 48
48039	1	16	64: 0x61DC05CD AB100010 00100010 00010001 00010001 007EF700 E3160302 99200000 02000200 02000206 00060006 00060000 F0162E22 3D555568 656C6C6F 2030BBBC
48041	16	1,2,3,4,5	5: 0x02000515 E2
48081	16	1,2,3,4,5	73: 0x61DC5BCD AB020002 00020002 00100010 00100010 007CD700 3F020100 01000100 01E31603 01992000 00100010 00100010 06000600 06000600 00F0162E 223D5555 68656C6C 6F2030CC CD
48084	2	3,4,5,6,7,8,9,16	5: 0x02005BEE 59
48101	2	3,4,5,6,7,8,9,16	73: 0x61DCF4CD AB060006 00060006 00020002 00020002 007CD700 3E020100 01000100 01E31603 00992000 00100010 00100010 02000200 02000200 00F0162E 223D5555 68656C6C 6F203022 E9
48104	6	2,3,7,8,9,12,13	5: 0x0200F413 04
48237	2	3,4,5,6,7,8,9,16	97: 0x41D8F5CD ABFFFF02 00020002 0002007A 3B3A1A9B 01FFC600 F001D608 F00000FD 00000000 00000002 01000100 01000104 0E00080C 00040000 80000100 1E003C08 1E4040FF FFFFFFFF FFFFFF00 000000FD 00000000 00000000 00000000 00000078 5A
48394	4	2,3,5,7,8,9,10,11,16	97: 0x41D8E4CD ABFFFF04 00040004 0004007A 3B3A1A9B 01FFA000 F001F408 F00000FD 00000000 00000002 01000100 01000104 0E00080C 00040000 80000100 1E003C08 1E4040FF FFFFFFFF FFFFFF00 000000FD 00000000 00000000 00000000 00000001 5D
48416	9	2,3,4,5,6,7,8,10,11,12,13,14,15	56: 0x61DC4DCD AB050005 00050005 00090009 00090009 007EF500 02010001 00010001 E1066304 0000029C F0223D16 2E554968 656C6C6F 20302DEB
48418	5	2,3,4,8,9,10,11,16	5: 0x02004D59 2C
48439	5	2,3,4,8,9,10,11,16	65: 0x61DCDFCD AB100010 00100010 00050005 00050005 007CD500 3F020900 09000900 09020100 01000100 01E10663 04000001 C7F0223D 162E5549 68656C6C 6F2030BF 66
48442	16	1,2,3,4,5	5: 0x0200DFC2 9B
48468	16	1,2,3,4,5	57: 0x61DC5CCD AB010001 00010001 00100010 00100010 007CD700 3E020900 09000900 09E10663 04000001 03F0223D 162E5549 68656C6C 6F2030EA 13
48470	1	16	5: 0x02005C51 2D
48474	1	16	64: 0x61DC06CD AB100010 00100010 00010001 00010001 007EF700 E3160302 99200000 05000500 05000509 00090009 00090000 F0162E22 3D554968 656C6C6F 2030A3C5
48476	16	1,2,3,4,5	5: 0x0200068E D0
48487	16	1	73: 0x61DC5DCD AB050005 00050005 00100010 00100010 007CD700 3F020100 01000100 01E31603 01992000 00100010 00100010 09000900 09000900 00F0162E 223D5549 68656C6C 6F203031 7F
48487	8	6,7,9,10,11,12,13,14,15	97: 0x41D8C4CD ABFFFF08 00080008 0008007A 3B3A1A9B 01FF0700 F0027D08 F00000FD 00000000 00000002 01000100 01000104 0E00080C 00040000 80000100 1E003C08 1E4040FF FFFFFFFF FFFFFF00 000000FD 00000000 00000000 00000000 0000004B EA
48505	16	1,2,3,4,5	73: 0x61DC5DCD AB050005 00050005 00100010 00100010 007CD700 3F020100 01000100 01E31603 01992000 00100010 00100010 09000900 09000900 00F0162E 223D5549 68656C6C 6F203031 7F
48508	5	2,3,4,8,9,10,11,16	5: 0x02005DD8 3C
48535	5	2,3,4,8,9,10,11,16	73: 0x61DCE0CD AB090009 00090009 00050005 00050005 007CD700 3E020100 01000100 01E31603 00992000 00100010 00100010 05000500 05000500 00F0162E 223D5549 68656C6C 6F203090 99
48538	9	2,3,4,5,6,7,8,10,11,12,13,14,15	5: 0x0200E0B6 52
48843	16	1,2,3,4,5	97: 0x41D85ECD ABFFFF10 00100010 0010007A 3B3A1A9B 01006300 F0010208 F00000FD 00000000 00000002 01000100 01000104 0E00080C 00040000 80000100 1E003C08 1E4040FF FFFFFFFF FFFFFF00 000000FD 00000000 00000000 00000000 00000047 B9
49070	7	2,3,4,6,8,9,10,12,13,14	97: 0x41D887CD ABFFFF07 00070007 0007007A 3B3A1A9B 01FEDB00 F002AD08 F00000FD 00000000 00000002 01000100 01000104 0E00080C 00040000 80000100 1E003C08 1E4040FF FFFFFFFF FFFFFF00 000000FD 00000000 00000000 00000000 000000D9 0C
49383	12	6,7,8,9,13,14,15	93: 0x61DC38CD AB080008 00080008 000C000C 000C000C 007EF500 02010001 00010001 E03A0663 04000003 599B025A D4008000 F1051200 80FD0000 00000000 00020C00 0C000C00 0C061400 00001EFD 00000000 00000002 08000800 0800086D E1
49386	8	2,3,4,5,6,7,9,10,11,12,13,14,15	5: 0x02003873 08
49391	8	2,3,4,5,6,7,9,10,11,12,13,14,15	102: 0x61DCC5CD AB050005 00050005 00080008 00080008 007CD500 3F020C00 0C000C00 0C020100 01000100 01E03A06 63040000 027D9B02 5AD40080 00F10512 0080FD00 00000000 0000020C 000C000C 000C0614 0000001E FD000000 00000000 02080008 00080008 23DA
49395	5	2,3,4,8,9,10,11,16	5: 0x0200C519 24
49406	5	2,3,4,8,9,10,11,16	102: 0x61DCE1CD AB100010 00100010 00050005 00050005 007CD500 3E020C00 0C000C00 0C020100 01000100 01E03A06 63040000 01989B02 5AD40080 00F10512 0080FD00 00000000 0000020C 000C000C 000C0614 0000001E FD000000 00000000 02080008 00080008 71F3
49410	16	1,2,3,4,5	5: 0x0200E13F 43
49449	16	1,2,3,4,5	94: 0x61DC5FCD AB010001 00010001 00100010 00100010 007CD700 3D020C00 0C000C00 0CE03A06 63040000 01029B02 5AD40080 00F10512 0080FD00 00000000 0000020C 000C000C 000C0614 0000001E FD000000 00000000 02080008 00080008 8691
49452	1	16	5: 0x02005FCA 1F
49456	1	16	67: 0x61DC07CD AB100010 00100010 00010001 00010001 007EF700 E23A1E03 03993000 00050005 00050005 08000800 0800080C 000C000C 000C0000 009B0375 830000F1 006DB6
49459	16	1,2,3,4,5	5: 0x02000707 C1
49500	16	1,2,3,4,5	76: 0x61DC60CD AB050005 00050005 00100010 00100010 007CD700 3F020100 01000100 01E23A1E 03029930 00001000 10001000 10080008 00080008 0C000C00 0C000C00 00009B03 75830000 F1003A75
49503	5	2,3,4,8,9,10,11,16	5: 0x020060BE D6
49546	5	2,3,4,8,9,10,11,16	76: 0x61DCE2CD AB080008 00080008 00050005 00050005 007CD700 3E020100 01000100 01E23A1E 03019930 00001000 10001000 10050005 00050005 0C000C00 0C000C00 00009B03 75830000 F1003B16
49549	8	2,3,4,5,6,7,9,10,11,12,13,14,15	5: 0x0200E2A4 71
49549	14	7,8,9,10,11,12,13,15	102: 0x61DC90CD AB080008 00080008 000E000E 000E000E 007A333A 9B01FFE8 00F0FFFF 08F00000 FD000000 00000000 02010001 00010001 040E0008 0C000400 00800001 001E003C 081E4040 FFFFFFFF FFFFFFFF 00000000 FD000000 00000000 00000000 00000000 4135
49553	8	2,3,4,5,6,7,9,10,11,12,13,14,15	5: 0x02009031 21
49573	8	2,3,4,5,6,7,9,10,11,12,13,14,15	76: 0x61DCC6CD AB0C000C 000C000C 00080008 00080008 007CD700 3D020100 01000100 01E23A1E 03009930 00001000 10001000 10050005 00050005 08000800 08000800 00009B03 75830000 F1006E6C
49576	12	6,7,8,9,13,14,15	5: 0x0200C682 16
49620	9	2,3,4,5,6,7,8,10,11,12,13,14,15	97: 0x41D84ECD ABFFFF09 00090009 0009007A 3B3A1A9B 01FEED00 F0029308 F00000FD 00000000 00000002 01000100 01000104 0E00080C 00040000 80000100 1E003C08 1E4040FF FFFFFFFF FFFFFF00 000000FD 00000000 00000000 00000000 00000066 48
49631	15	8,9,10,11,12,13,14	102: 0x61DCBACD AB080008 00080008 000F000F 000F000F 007A333A 9B01FFE4 00F0FFFF 08F00000 FD000000 00000000 02010001 00010001 040E0008 0C000400 00800001 001E003C 081E4040 FFFFFFFF FFFFFFFF 00000000 FD000000 00000000 00000000 00000000 3188
49635	8	2,3,4,5,6,7,9,10,11,12,13,14,15	5: 0x0200BA69 AF
49650	10	3,4,5,7,8,9,11,13,14,15	56: 0x61DCEFCD AB050005 00050005 000A000A 000A000A 007EF500 02010001 00010001 E1066304 00000298 F0223D16 2E544568 656C6C6F 2031C678
49652	5	2,3,4,8,9,10,11,16	5: 0x0200EF41 AA
49657	5	2,3,4,8,9,10,11,16	65: 0x61DCE3CD AB100010 00100010 00050005 00050005 007CD500 3F020A00 0A000A00 0A020100 01000100 01E10663 04000001 95F0223D 162E5445 68656C6C 6F203113 49
49660	16	1,2,3,4,5	5: 0x0200E32D 60
49670	16	1,2,3,4,5	57: 0x61DC61CD AB010001 00010001 00100010 00100010 007CD700 3E020A00 0A000A00 0AE10663 04000001 01F0223D 162E5445 68656C6C 6F203153 3A
49672	1	16	5: 0x02006137 C7
49675	14	7,8,9,10,11,12,13,15	102: 0x61DC90CD AB080008 00080008 000E000E 000E000E 007A333A 9B01FFE8 00F0FFFF 08F00000 FD000000 00000000 02010001 00010001 040E0008 0C000400 00800001 001E003C 081E4040 FFFFFFFF FFFFFFFF 00000000 FD000000 00000000 00000000 00000000 4135
49679	8	2,3,4,5,6,7,9,10,11,12,13,14,15	5: 0x02009031 21
49710	1	16	64: 0x61DC08CD AB100010 00100010 00010001 00010001 007EF700 E3160302 99200000 05000500 0500050A 000A000A 000A0000 F0162E22 3D544568 656C6C6F 20318867
49712	16	1,2,3,4,5	5: 0x020008F0 39
49746	16	1,2,3,4,5	73: 0x61DC62CD AB050005 00050005 00100010 00100010 007CD700 3F020100 01000100 01E31603 01992000 00100010 00100010 0A000A00 0A000A00 00F0162E 223D5445 68656C6C 6F203137 23
49749	5	2,3,4,8,9,10,11,16	5: 0x020062AC F5
49760	5	2,3,4,8,9,10,11,16	73: 0x61DCE4CD AB0A000A 000A000A 00050005 00050005 007CD700 3E020100 01000100 01E31603 00992000 00100010 00100010 05000500 05000500 00F0162E 223D5445 68656C6C 6F20313F B5
49763	10	3,4,5,7,8,9,11,13,14,15	5: 0x0200E492 14
50121	10	3,4,5,7,8,9,11,13,14,15	97: 0x41D8F0CD ABFFFF0A 000A000A 000A007A 3B3A1A9B 01FEEC00 F0029008 F00000FD 00000000 00000002 01000100 01000104 0E00080C 00040000 80000100 1E003C08 1E4040FF FFFFFFFF FFFFFF00 000000FD 00000000 00000000 00000000 00000092 F5
50324	3	2,4,5,6,7,8,9,10,16	97: 0x41D8AFCD ABFFFF03 00030003 0003007A 3B3A1A9B 01FFD000 F001C808 F00000FD 00000000 00000002 01000100 01000104 0E00080C 00040000 80000100 1E003C08 1E4040FF FFFFFFFF FFFFFF00 000000FD 00000000 00000000 00000000 0000005D C6
51455	13	6,7,8,9,10,12,14,15	102: 0x61DC4DCD AB080008 00080008 000D000D 000D000D 007A333A 9B01FFEC 00F0FFFF 08F00000 FD000000 00000000 02010001 00010001 040E0008 0C000400 00800001 001E003C 081E4040 FFFFFFFF FFFFFFFF 00000000 FD000000 00000000 00000000 00000000 5F10
51459	8	2,3,4,5,6,7,9,10,11,12,13,14,15	5: 0x02004D59 2C
52117	6	2,3,7,8,9,12,13	97: 0x41D8E5CD ABFFFF06 00060006 0006007A 3B3A1A9B 01FEC100 F002CB08 F00000FD 00000000 00000002 01000100 01000104 0E00080C 00040000 80000100 1E003C08 1E4040FF FFFFFFFF FFFFFF00 000000FD 00000000 00000000 00000000 0000002D 7C
52598	3	2,4,5,6,7,8,9,10,16	56: 0x61DCB0CD AB100010 00100010 00030003 00030003 007EF500 02010001 00010001 E1066304 000001C8 F0223D16 2E536168 656C6C6F 2032EC77
52600	16	1,2,3,4,5	5: 0x0200B033 00
52627	16	1,2,3,4,5	57: 0x61DC63CD AB010001 00010001 00100010 00100010 007CD700 3F020300 03000300 03E10663 04000001 00F0223D 162E5361 68656C6C 6F20324F 54
52629	1	16	5: 0x02006325 E4
52637	1	16	56: 0x61DC09CD AB100010 00100010 00010001 00010001 007EF700 E30E0301 99100000 03000300 03000300 F0162E22 3D536168 656C6C6F 203245B2
52639	16	1,2,3,4,5	5: 0x02000979 28
52661	16	1,2,3,4,5	65: 0x61DC64CD AB030003 00030003 00100010 00100010 007CD700 3F020100 01000100 01E30E03 00991000 00100010 00100010 00F0162E 223D5361 68656C6C 6F203237 51
52664	3	2,4,5,6,7,8,9,10,16	5: 0x0200649A 90
52807	11	4,5,8,9,10,14,15	97: 0x41D8F8CD ABFFFF0B 000B000B 000B007A 3B3A1A9B 01FEE500 F0029308 F00000FD 00000000 00000002 01000100 01000104 0E00080C 00040000 80000100 1E003C08 1E4040FF FFFFFFFF FFFFFF00 000000FD 00000000 00000000 00000000 0000003E B0
53074	15	8,9,10,11,12,13,14	93: 0x61DCBBCD AB080008 00080008 000F000F 000F000F 007EF500 02010001 00010001 E03A0663 04000003 3D9B025A BC008000 F1051200 80FD0000 00000000 00020F00 0F000F00 0F061400 00001EFD 00000000 00000002 08000800 0800085A C9
53077	8	2,3,4,5,6,7,9,10,11,12,13,14,15	5: 0x0200BBE0 BE
53109	8	2,3,4,5,6,7,9,10,11,12,13,14,15	102: 0x61DCC7CD AB050005 00050005 00080008 00080008 007CD500 3F020F00 0F000F00 0F020100 01000100 01E03A06 63040000 02779B02 5ABC0080 00F10512 0080FD00 00000000 0000020F 000F000F 000F0614 0000001E FD000000 00000000 02080008 00080008 FCCC
53113	5	2,3,4,8,9,10,11,16	5: 0x0200C70B 07
53127	5	2,3,4,8,9,10,11,16	102: 0x61DCE5CD AB100010 00100010 00050005 00050005 007CD500 3E020F00 0F000F00 0F020100 01000100 01E03A06 63040000 01939B02 5ABC0080 00F10512 0080FD00 00000000 0000020F 000F000F 000F0614 0000001E FD000000 00000000 02080008 00080008 19DD
53131	16	1,2,3,4,5	5: 0x0200E51B 05
53144	16	1,2,3,4,5	94: 0x61DC65CD AB010001 00010001 00100010 00100010 007CD700 3D020F00 0F000F00 0FE03A06 63040000 01009B02 5ABC0080 00F10512 0080FD00 00000000 0000020F 000F000F 000F0614 0000001E FD000000 00000000 02080008 00080008 986E
53147	1	16	5: 0x02006513 81
53181	1	16	67: 0x61DC0ACD AB100010 00100010 00010001 00010001 007EF700 E23A1E03 03993000 00050005 00050005 08000800 0800080F 000F000F 000F0000 009B0375 770000F1 00EACB
53184	16	1,2,3,4,5	5: 0x02000AE2 1A
53221	16	1,2,3,4,5	76: 0x61DC66CD AB050005 00050005 00100010 00100010 007CD700 3F020100 01000100 01E23A1E 03029930 00001000 10001000 10080008 00080008 0F000F00 0F000F00 00009B03 75770000 F100C969
53224	5	4,11,16	5: 0x02006688 B3
53222	12	6,7,13,14,15	97: 0x41D839CD ABFFFF0C 000C000C 000C007A 3B3A1A9B 01FE2500 F0034F08 F00000FD 00000000 00000002 01000100 01000104 0E00080C 00040000 80000100 1E003C08 1E4040FF FFFFFFFF FFFFFF00 000000FD 00000000 00000000 00000000 000000E2 83
53256	5	2,3,4,8,9,10,11,16	76: 0x61DCE6CD AB080008 00080008 00050005 00050005 007CD700 3E020100 01000100 01E23A1E 03019930 00001000 10001000 10050005 00050005 0F000F00 0F000F00 00009B03 75770000 F1004C1A
53259	8	2,3,4,5,6,7,9,10,11,12,13,14,15	5: 0x0200E680 37
53275	14	7,8,9,10,11,12,13,15	93: 0x61DC91CD AB080008 00080008 000E000E 000E000E 007EF500 02010001 00010001 E03A0663 04000003 599B025A C4008000 F1051200 80FD0000 00000000 00020E00 0E000E00 0E061400 00001EFD 00000000 00000002 08000800 080008B5 58
53278	8	2,3,4,5,6,7,9,10,11,12,13,14,15	5: 0x020091B8 30
53294	8	2,3,4,5,6,7,9,10,11,12,13,14,15	76: 0x61DCC8CD AB0F000F 000F000F 00080008 00080008 007CD700 3D020100 01000100 01E23A1E 03009930 00001000 10001000 10050005 00050005 08000800 08000800 00009B03 75770000 F100DE38
53297	15	8,9,10,11,12,13,14	5: 0x0200C8FC FF
53315	8	2,3,4,5,6,7,9,10,11,12,13,14,15	102: 0x61DCC9CD AB050005 00050005 00080008 00080008 007CD500 3F020E00 0E000E00 0E020100 01000100 01E03A06 63040000 02729B02 5AC40080 00F10512 0080FD00 00000000 0000020E 000E000E 000E0614 0000001E FD000000 00000000 02080008 00080008 4110
53319	5	2,3,4,8,9,10,11,16	5: 0x0200C975 EE
53329	5	2,3,4,8,9,10,11,16	102: 0x61DCE7CD AB100010 00100010 00050005 00050005 007CD500 3E020E00 0E000E00 0E020100 01000100 01E03A06 63040000 01919B02 5AC40080 00F10512 0080FD00 00000000 0000020E 000E000E 000E0614 0000001E FD000000 00000000 02080008 00080008 8663
53333	16	1,2,3,4,5	5: 0x0200E709 26
53375	16	1,2,3,4,5	94: 0x61DC67CD AB010001 00010001 00100010 00100010 007CD700 3D020E00 0E000E00 0EE03A06 63040000 01009B02 5AC40080 00F10512 0080FD00 00000000 0000020E 000E000E 000E0614 0000001E FD000000 00000000 02080008 00080008 72CB
53378	1	16	5: 0x02006701 A2
53404	1	16	67: 0x61DC0BCD AB100010 00100010 00010001 00010001 007EF700 E23A1E03 03993000 00050005 00050005 08000800 0800080E 000E000E 000E0000 009B0375 7B0000F1 0064A5
53407	16	1,2,3,4,5	5: 0x02000B6B 0B
53435	16	1,2,3,4,5	76: 0x61DC68CD AB050005 00050005 00100010 00100010 007CD700 3F020100 01000100 01E23A1E 03029930 00001000 10001000 10080008 00080008 0E000E00 0E000E00 00009B03 757B0000 F1002DE0
53438	5	2,3,4,8,9,10,11,16	5: 0x020068F6 5A
53445	5	2,3,4,8,9,10,11,16	76: 0x61DCE8CD AB080008 00080008 00050005 00050005 007CD700 3E020100 01000100 01E23A1E 03019930 00001000 10001000 10050005 00050005 0E000E00 0E000E00 00009B03 757B0000 F100A893
53448	8	2,3,4,5,6,7,9,10,11,12,13,14,15	5: 0x0200E8FE DE
53465	8	2,3,4,5,6,7,9,10,11,12,13,14,15	76: 0x61DCCACD AB0E000E 000E000E 00080008 00080008 007CD700 3D020100 01000100 01E23A1E 03009930 00001000 10001000 10050005 00050005 08000800 08000800 00009B03 757B0000 F1001C2C
53468	14	7,8,9,10,11,12,13,15	5: 0x0200CAEE DC
53596	7	2,3,4,6,8,9,10,12,13,14	56: 0x61DC88CD AB020002 00020002 00070007 00070007 007EF500 02010001 00010001 E1066304 000002AD F0223D16 2E555168 656C6C6F 20302F63
53598	2	3,4,5,6,7,8,9,16	5: 0x020088F8 BD
53619	2	3,4,5,6,7,8,9,16	65: 0x61DCF6CD AB100010 00100010 00020002 00020002 007CD500 3F020700 07000700 07020100 01000100 01E10663 04000001 AAF0223D 162E5551 68656C6C 6F2030C7 A5
53622	16	1,2,3,4,5	5: 0x0200F601 27
53627	16	1,2,3,4,5	57: 0x61DC69CD AB010001 00010001 00100010 00100010 007CD700 3E020700 07000700 07E10663 04000001 00F0223D 162E5551 68656C6C 6F20307B F3
53629	1	16	5: 0x0200697F 4B
53632	1	16	64: 0x61DC0CCD AB100010 00100010 00010001 00010001 007EF700 E3160302 99200000 02000200 02000207 00070007 00070000 F0162E22 3D555168 656C6C6F 20301255
53635	16	1,2,3,4,5	5: 0x02000CD4 7F
53644	16	1,2,3,4,5	73: 0x61DC6ACD AB020002 00020002 00100010 00100010 007CD700 3F020100 01000100 01E31603 01992000 00100010 00100010 07000700 07000700 00F0162E 223D5551 68656C6C 6F2030A8 5A
53647	2	3,4,5,6,7,8,9,16	5: 0x02006AE4 79
53690	2	3,4,5,6,7,8,9,16	73: 0x61DCF7CD AB070007 00070007 00020002 00020002 007CD700 3E020100 01000100 01E31603 00992000 00100010 00100010 02000200 02000200 00F0162E 223D5551 68656C6C 6F203050 78
53693	7	2,3,4,6,8,9,10,12,13,14	5: 0x0200F788 36
54405	5	2,3,4,8,9,10,11,16	56: 0x61DCE9CD AB100010 00100010 00050005 00050005 007EF500 02010001 00010001 E1066304 0000018F F0223D16 2E535968 656C6C6F 203287C0
54407	16	1,2,3,4,5	5: 0x0200E977 CF
54430	16	1,2,3,4,5	57: 0x61DC6BCD AB010001 00010001 00100010 00100010 007CD700 3F020500 05000500 05E10663 04000001 00F0223D 162E5359 68656C6C 6F2032BF 51
54432	1	16	5: 0x02006B6D 68
54452	1	16	56: 0x61DC0DCD AB100010 00100010 00010001 00010001 007EF700 E30E0301 99100000 05000500 05000500 F0162E22 3D535968 656C6C6F 2032E087
54454	16	1,2,3,4,5	5: 0x02000D5D 6E
54474	16	1,2,3,4,5	65: 0x61DC6CCD AB050005 00050005 00100010 00100010 007CD700 3F020100 01000100 01E30E03 00991000 00100010 00100010 00F0162E 223D5359 68656C6C 6F20328F 64
54477	5	2,3,4,8,9,10,11,16	5: 0x02006CD2 1C
54985	11	4,5,8,9,10,14,15	56: 0x61DCF9CD AB050005 00050005 000B000B 000B000B 007EF500 02010001 00010001 E1066304 00000293 F0223D16 2E544168 656C6C6F 2031414A
54987	5	2,3,4,8,9,10,11,16	5: 0x0200F9F6 DF
55000	5	2,3,4,8,9,10,11,16	65: 0x61DCEACD AB100010 00100010 00050005 00050005 007CD500 3F020B00 0B000B00 0B020100 01000100 01E10663 04000001 8DF0223D 162E5441 68656C6C 6F203105 4C
55003	16	1,2,3,4,5	5: 0x0200EAEC FD
55014	16	1,2,3,4,5	57: 0x61DC6DCD AB010001 00010001 00100010 00100010 007CD700 3E020B00 0B000B00 0BE10663 04000001 00F0223D 162E5441 68656C6C 6F2031AD 58
55016	1	16	5: 0x02006D5B 0D
55053	1	16	64: 0x61DC0ECD AB100010 00100010 00010001 00010001 007EF700 E3160302 99200000 05000500 0500050B 000B000B 000B0000 F0162E22 3D544168 656C6C6F 20310D16
55055	16	1,2,3,4,5	5: 0x02000EC6 5C
55060	7	2,3,4,6,8,9,10,12,13,14	97: 0x41D889CD ABFFFF07 00070007 0007007A 3B3A1A9B 01FEE400 F002A408 F00000FD 00000000 00000002 01000100 01000104 0E00080C 00040000 80000100 1E003C08 1E4040FF FFFFFFFF FFFFFF00 000000FD 00000000 00000000 00000000 00000073 3E
55087	16	1,2,3,4,5	73: 0x61DC6ECD AB050005 00050005 00100010 00100010 007CD700 3F020100 01000100 01E31603 01992000 00100010 00100010 0B000B00 0B000B00 00F0162E 223D5441 68656C6C 6F2031CF 57
55090	5	2,3,4,8,9,10,11,16	5: 0x02006EC0 3F
55116	5	2,3,4,8,9,10,11,16	73: 0x61DCEBCD AB0B000B 000B000B 00050005 00050005 007CD700 3E020100 01000100 01E31603 00992000 00100010 00100010 05000500 05000500 00F0162E 223D5441 68656C6C 6F203188 7B
55119	11	4,5,8,9,10,14,15	5: 0x0200EB65 EC
55594	13	6,7,8,9,10,12,14,15	93: 0x61DC4ECD AB080008 00080008 000D000D 000D000D 007EF500 02010001 00010001 E03A0663 04000003 5E9B025A CC008000 F1051200 80FD0000 00000000 00020D00 0D000D00 0D061400 00001EFD 00000000 00000002 08000800 0800083C 7A
55597	8	2,3,4,5,6,7,9,10,11,12,13,14,15	5: 0x02004EC2 1E
55637	8	2,3,4,5,6,7,9,10,11,12,13,14,15	102: 0x61DCCBCD AB050005 00050005 00080008 00080008 007CD500 3F020D00 0D000D00 0D020100 01000100 01E03A06 63040000 026E9B02 5ACC0080 00F10512 0080FD00 00000000 0000020D 000D000D 000D0614 0000001E FD000000 00000000 02080008 00080008 E730
55641	5	2,3,4,8,9,10,11,16	5: 0x0200CB67 CD
55656	5	2,3,4,8,9,10,11,16	102: 0x61DCECCD AB100010 00100010 00050005 00050005 007CD500 3E020D00 0D000D00 0D020100 01000100 01E03A06 63040000 018B9B02 5ACC0080 00F10512 0080FD00 00000000 0000020D 000D000D 000D0614 0000001E FD000000 00000000 02080008 00080008 3883
55660	16	1,2,3,4,5	5: 0x0200ECDA 98
55697	16	1,2,3,4,5	94: 0x61DC6FCD AB010001 00010001 00100010 00100010 007CD700 3D020D00 0D000D00 0DE03A06 63040000 01009B02 5ACC0080 00F10512 0080FD00 00000000 0000020D 000D000D 000D0614 0000001E FD000000 00000000 02080008 00080008 381E
55700	1	16	5: 0x02006F49 2E
55714	1	16	67: 0x61DC0FCD AB100010 00100010 00010001 00010001 007EF700 E23A1E03 03993000 00050005 00050005 08000800 0800080D 000D000D 000D0000 009B0375 7F0000F1 004754
55717	16	1,2,3,4,5	5: 0x02000F4F 4D
55738	16	1,2,3,4,5	76: 0x61DC70CD AB050005 00050005 00100010 00100010 007CD700 3F020100 01000100 01E23A1E 03029930 00001000 10001000 10080008 00080008 0D000D00 0D000D00 00009B03 757F0000 F100C494
55741	5	2,3,4,8,9,10,11,16	5: 0x0200703F C6
55770	5	2,3,4,8,9,10,11,16	76: 0x61DCEDCD AB080008 00080008 00050005 00050005 007CD700 3E020100 01000100 01E23A1E 03019930 00001000 10001000 10050005 00050005 0D000D00 0D000D00 00009B03 757F0000 F1003B08
55773	8	2,3,4,5,6,7,9,10,11,12,13,14,15	5: 0x0200ED53 89
55805	8	2,3,4,5,6,7,9,10,11,12,13,14,15	76: 0x61DCCCCD AB0D000D 000D000D 00080008 00080008 007CD700 3D020100 01000100 01E23A1E 03009930 00001000 10001000 10050005 00050005 08000800 08000800 00009B03 757F0000 F1001AA5
55808	13	6,7,8,9,10,12,14,15	5: 0x0200CCD8 B9
56138	8	2,3,4,5,6,7,9,10,11,12,13,14,15	56: 0x61DCCDCD AB050005 00050005 00080008 00080008 007EF500 02010001 00010001 E1066304 0000026A F0223D16 2E544D68 656C6C6F 20311133
56140	5	2,3,4,8,9,10,11,16	5: 0x0200CD51 A8
56164	5	2,3,4,8,9,10,11,16	65: 0x61DCEECD AB100010 00100010 00050005 00050005 007CD500 3F020800 08000800 08020100 01000100 01E10663 04000001 8AF0223D 162E544D 68656C6C 6F203112 07
56167	16	1,2,3,4,5	5: 0x0200EEC8 BB
56204	16	1,2,3,4,5	57: 0x61DC71CD AB010001 00010001 00100010 00100010 007CD700 3E020800 08000800 08E10663 04000001 00F0223D 162E544D 68656C6C 6F2031AF 34
56206	1	16	5: 0x020071B6 D7
56244	1	16	64: 0x61DC10CD AB100010 00100010 00010001 00010001 007EF700 E3160302 99200000 05000500 05000508 00080008 00080000 F0162E22 3D544D68 656C6C6F 20310353
56246	16	1,2,3,4,5	5: 0x02001039 A5
56282	16	1,2,3,4,5	73: 0x61DC72CD AB050005 00050005 00100010 00100010 007CD700 3F020100 01000100 01E31603 01992000 00100010 00100010 08000800 08000800 00F0162E 223D544D 68656C6C 6F203141 A0
56285	5	2,3,4,8,9,10,11,16	5: 0x0200722D E5
56311	5	2,3,4,8,9,10,11,16	73: 0x61DCEFCD AB080008 00080008 00050005 00050005 007CD700 3E020100 01000100 01E31603 00992000 00100010 00100010 05000500 05000500 00F0162E 223D544D 68656C6C 6F203153 0B
56314	8	2,3,4,5,6,7,9,10,11,12,13,14,15	5: 0x0200EF41 AA
56362	15	8,9,10,11,12,13,14	97: 0x41D8BCCD ABFFFF0F 000F000F 000F007A 3B3A1A9B 01FE3200 F0033608 F00000FD 00000000 00000002 01000100 01000104 0E00080C 00040000 80000100 1E003C08 1E4040FF FFFFFFFF FFFFFF00 000000FD 00000000 00000000 00000000 00000062 87
56384	2	3,4,5,6,7,8,9,16	56: 0x61DCF8CD AB100010 00100010 00020002 00020002 007EF500 02010001 00010001 E1066304 000001A6 F0223D16 2E536568 656C6C6F 2032D5DB
56386	16	1,2,3,4,5	5: 0x0200F87F CE
56415	16	1,2,3,4,5	57: 0x61DC73CD AB010001 00010001 00100010 00100010 007CD700 3F020200 02000200 02E10663 04000001 00F0223D 162E5365 68656C6C 6F2032A6 42
56417	1	16	5: 0x020073A4 F4
56426	1	16	56: 0x61DC11CD AB100010 00100010 00010001 00010001 007EF700 E30E0301 99100000 02000200 02000200 F0162E22 3D536568 656C6C6F 20321385
56428	16	1,2,3,4,5	5: 0x020011B0 B4
56442	16	1,2,3,4,5	65: 0x61DC74CD AB020002 00020002 00100010 00100010 007CD700 3F020100 01000100 01E30E03 00991000 00100010 00100010 00F0162E 223D5365 68656C6C 6F20324C 98
56445	2	3,4,5,6,7,8,9,16	5: 0x0200741B 80
56579	4	2,3,5,7,8,9,10,11,16	56: 0x61DCE5CD AB100010 00100010 00040004 00040004 007EF500 02010001 00010001 E1066304 000001C8 F0223D16 2E535D68 656C6C6F 2032C9CE
56581	16	1,2,3,4,5	5: 0x0200E51B 05
56595	16	1,2,3,4,5	57: 0x61DC75CD AB010001 00010001 00100010 00100010 007CD700 3F020400 04000400 04E10663 04000001 00F0223D 162E535D 68656C6C 6F203240 DD
56597	1	16	5: 0x02007592 91
56605	1	16	56: 0x61DC12CD AB100010 00100010 00010001 00010001 007EF700 E30E0301 99100000 04000400 04000400 F0162E22 3D535D68 656C6C6F 203209C7
56607	16	1,2,3,4,5	5: 0x0200122B 86
56623	16	1,2,3,4,5	65: 0x61DC76CD AB040004 00040004 00100010 00100010 007CD700 3F020100 01000100 01E30E03 00991000 00100010 00100010 00F0162E 223D535D 68656C6C 6F20325F E7
56626	4	2,3,5,7,8,9,10,11,16	5: 0x02007609 A3
56643	14	7,8,9,10,11,12,13,15	97: 0x41D892CD ABFFFF0E 000E000E 000E007A 3B3A1A9B 01FE1D00 F0034F08 F00000FD 00000000 00000002 01000100 01000104 0E00080C 00040000 80000100 1E003C08 1E4040FF FFFFFFFF FFFFFF00 000000FD 00000000 00000000 00000000 00000016 9A
57214	12	6,7,8,9,13,14,15	56: 0x61DC3ACD AB080008 00080008 000C000C 000C000C 007EF500 02010001 00010001 E1066304 0000034F F0223D16 2E553D68 656C6C6F 2030BB55
57216	8	2,3,4,5,6,7,9,10,11,12,13,14,15	5: 0x02003A61 2B
57233	8	2,3,4,5,6,7,9,10,11,12,13,14,15	65: 0x61DCCECD AB050005 00050005 00080008 00080008 007CD500 3F020C00 0C000C00 0C020100 01000100 01E10663 04000002 66F0223D 162E553D 68656C6C 6F203093 F5
57236	5	2,3,4,8,9,10,11,16	5: 0x0200CECA 9A
57268	5	2,3,4,8,9,10,11,16	65: 0x61DCF0CD AB100010 00100010 00050005 00050005 007CD500 3E020C00 0C000C00 0C020100 01000100 01E10663 04000001 89F0223D 162E553D 68656C6C 6F2030B6 56
57271	16	1,2,3,4,5	5: 0x0200F037 42
57296	16	1,2,3,4,5	57: 0x61DC77CD AB010001 00010001 00100010 00100010 007CD700 3D020C00 0C000C00 0CE10663 04000001 00F0223D 162E553D 68656C6C 6F2030AB B5
57298	1	16	5: 0x02007780 B2
57336	1	16	72: 0x61DC13CD AB100010 00100010 00010001 00010001 007EF700 E31E0303 99300000 05000500 05000508 00080008 00080C00 0C000C00 0C000000 F0162E22 3D553D68 656C6C6F 203002C1
57339	16	1,2,3,4,5	5: 0x020013A2 97
57362	16	1,2,3,4,5	81: 0x61DC78CD AB050005 00050005 00100010 00100010 007CD700 3F020100 01000100 01E31E03 02993000 00100010 00100010 08000800 0800080C 000C000C 000C0000 00F0162E 223D553D 68656C6C 6F203069 F8
57365	5	2,3,4,8,9,10,11,16	5: 0x02007877 4A
57402	5	2,3,4,8,9,10,11,16	81: 0x61DCF1CD AB080008 00080008 00050005 00050005 007CD700 3E020100 01000100 01E31E03 01993000 00100010 00100010 05000500 0500050C 000C000C 000C0000 00F0162E 223D553D 68656C6C 6F203031 12
57405	8	2,3,4,5,6,7,9,10,11,12,13,14,15	5: 0x0200F1BE 53
57437	8	2,3,4,5,6,7,9,10,11,12,13,14,15	81: 0x61DCCFCD AB0C000C 000C000C 00080008 00080008 007CD700 3D020100 01000100 01E31E03 00993000 00100010 00100010 05000500 05000508 00080008 00080000 00F0162E 223D553D 68656C6C 6F2030ED 73
57440	12	6,7,8,9,13,14,15	5: 0x0200CF43 8B
58029	6	2,3,7,8,9,12,13	56: 0x61DCE6CD AB020002 00020002 00060006 00060006 007EF500 02010001 00010001 E1066304 000002CB F0223D16 2E545568 656C6C6F 2031F24E
58031	2	3,4,5,6,7,8,9,16	5: 0x0200E680 37
58061	2	3,4,5,6,7,8,9,16	65: 0x61DCF9CD AB100010 00100010 00020002 00020002 007CD500 3F020600 06000600 06020100 01000100 01E10663 04000001 A2F0223D 162E5455 68656C6C 6F2031D8 67
58064	16	1,2,3,4,5	5: 0x0200F9F6 DF
58082	16	1,2,3,4,5	57: 0x61DC79CD AB010001 00010001 00100010 00100010 007CD700 3E020600 06000600 06E10663 04000001 00F0223D 162E5455 68656C6C 6F2031E6 B9
58084	1	16	5: 0x020079FE 5B
58094	1	16	64: 0x61DC14CD AB100010 00100010 00010001 00010001 007EF700 E3160302 99200000 02000200 02000206 00060006 00060000 F0162E22 3D545568 656C6C6F 2031AA40
58096	16	1,2,3,4,5	5: 0x0200141D E3
58114	16	1,2,3,4,5	73: 0x61DC7ACD AB020002 00020002 00100010 00100010 007CD700 3F020100 01000100 01E31603 01992000 00100010 00100010 06000600 06000600 00F0162E 223D5455 68656C6C 6F2031ED F8
58117	2	3,4,5,6,7,8,9,16	5: 0x02007A65 69
58124	2	3,4,5,6,7,8,9,16	73: 0x61DCFACD AB060006 00060006 00020002 00020002 007CD700 3E020100 01000100 01E31603 00992000 00100010 00100010 02000200 02000200 00F0162E 223D5455 68656C6C 6F20313A 74
58127	6	2,3,7,8,9,12,13	5: 0x0200FA6D ED
58451	14	7,8,9,10,11,12,13,15	56: 0x61DC93CD AB080008 00080008 000E000E 000E000E 007EF500 02010001 00010001 E1066304 0000034F F0223D16 2E553568 656C6C6F 203019A0
58453	8	2,3,4,5,6,7,9,10,11,12,13,14,15	5: 0x020093AA 13
58461	8	2,3,4,5,6,7,9,10,11,12,13,14,15	65: 0x61DCD0CD AB050005 00050005 00080008 00080008 007CD500 3F020E00 0E000E00 0E020100 01000100 01E10663 04000002 63F0223D 162E5535 68656C6C 6F203023 03
58464	5	2,3,4,8,9,10,11,16	5: 0x0200D035 63
58471	5	2,3,4,8,9,10,11,16	65: 0x61DCF2CD AB100010 00100010 00050005 00050005 007CD500 3E020E00 0E000E00 0E020100 01000100 01E10663 04000001 88F0223D 162E5535 68656C6C 6F20303A B8
58474	16	1,2,3,4,5	5: 0x0200F225 61
58515	16	1,2,3,4,5	57: 0x61DC7BCD AB010001 00010001 00100010 00100010 007CD700 3D020E00 0E000E00 0EE10663 04000001 00F0223D 162E5535 68656C6C 6F203040 CF
58517	1	16	5: 0x02007BEC 78
58548	1	16	72: 0x61DC15CD AB100010 00100010 00010001 00010001 007EF700 E31E0303 99300000 05000500 05000508 00080008 00080E00 0E000E00 0E000000 F0162E22 3D553568 656C6C6F 2030B1DF
58551	16	1,2,3,4,5	5: 0x02001594 F2
58580	16	1,2,3,4,5	81: 0x61DC7CCD AB050005 00050005 00100010 00100010 007CD700 3F020100 01000100 01E31E03 02993000 00100010 00100010 08000800 0800080E 000E000E 000E0000 00F0162E 223D5535 68656C6C 6F20305C BF
58583	5	2,3,4,8,9,10,11,16	5: 0x02007C53 0C
58608	9	2,3,4,5,6,7,8,10,11,12,13,14,15	56: 0x61DC4FCD AB050005 00050005 00090009 00090009 007EF500 02010001 00010001 E1066304 00000293 F0223D16 2E544968 656C6C6F 203128E9
58610	5	2,3,4,8,9,10,11,16	5: 0x02004F4B 0F
58640	5	2,3,4,8,9,10,11,16	65: 0x61DCF4CD AB100010 00100010 00050005 00050005 007CD500 3F020900 09000900 09020100 01000100 01E10663 04000001 87F0223D 162E5449 68656C6C 6F203100 1B
58643	16	1,2,3,4,5	5: 0x0200F413 04
58658	5	2,3,4,8,9,10,11,16	81: 0x61DCF3CD AB080008 00080008 00050005 00050005 007CD700 3E020100 01000100 01E31E03 01993000 00100010 00100010 05000500 0500050E 000E000E 000E0000 00F0162E 223D5535 68656C6C 6F203028 F8
58661	8	2,3,4,5,6,7,9,10,11,12,13,14,15	5: 0x0200F3AC 70
58683	8	2,3,4,5,6,7,9,10,11,12,13,14,15	81: 0x61DCD1CD AB0E000E 000E000E 00080008 00080008 007CD700 3D020100 01000100 01E31E03 00993000 00100010 00100010 05000500 05000508 00080008 00080000 00F0162E 223D5535 68656C6C 6F203029 F4
58686	14	7,8,9,10,11,12,13,15	5: 0x0200D1BC 72
58706	16	1,2,3,4,5	57: 0x61DC7DCD AB010001 00010001 00100010 00100010 007CD700 3E020900 09000900 09E10663 04000001 00F0223D 162E5449 68656C6C 6F20317B 1E
58708	1	16	5: 0x02007DDA 1D
58711	1	16	64: 0x61DC16CD AB100010 00100010 00010001 00010001 007EF700 E3160302 99200000 05000500 05000509 00090009 00090000 F0162E22 3D544968 656C6C6F 20318622
58714	16	1,2,3,4,5	5: 0x0200160F C0
58728	16	1,2,3,4,5	73: 0x61DC7ECD AB050005 00050005 00100010 00100010 007CD700 3F020100 01000100 01E31603 01992000 00100010 00100010 09000900 09000900 00F0162E 223D5449 68656C6C 6F2031B9 D4
58731	5	2,3,4,8,9,10,11,16	5: 0x02007E41 2F
58769	5	2,3,4,8,9,10,11,16	73: 0x61DCF5CD AB090009 00090009 00050005 00050005 007CD700 3E020100 01000100 01E31603 00992000 00100010 00100010 05000500 05000500 00F0162E 223D5449 68656C6C 6F2031F7 EE
58772	9	2,3,4,5,6,7,8,10,11,12,13,14,15	5: 0x0200F59A 15
58904	13	6,7,8,9,10,12,14,15	97: 0x41D84FCD ABFFFF0D 000D000D 000D007A 3B3A1A9B 01FE1C00 F0035408 F00000FD 00000000 00000002 01000100 01000104 0E00080C 00040000 80000100 1E003C08 1E4040FF FFFFFFFF FFFFFF00 000000FD 00000000 00000000 00000000 000000CA 96
59505	15	8,9,10,11,12,13,14	56: 0x61DCBDCD AB080008 00080008 000F000F 000F000F 007EF500 02010001 00010001 E1066304 00000336 F0223D16 2E553168 656C6C6F 20308ED3
59507	8	2,3,4,5,6,7,9,10,11,12,13,14,15	5: 0x0200BDD6 DB
59511	8	2,3,4,5,6,7,9,10,11,12,13,14,15	65: 0x61DCD2CD AB050005 00050005 00080008 00080008 007CD500 3F020F00 0F000F00 0F020100 01000100 01E10663 04000002 60F0223D 162E5531 68656C6C 6F2030CA 10
59514	5	2,3,4,8,9,10,11,16	5: 0x0200D227 40
59521	5	2,3,4,8,9,10,11,16	65: 0x61DCF6CD AB100010 00100010 00050005 00050005 007CD500 3E020F00 0F000F00 0F020100 01000100 01E10663 04000001 86F0223D 162E5531 68656C6C 6F2030AB A3
59524	16	1,2,3,4,5	5: 0x0200F601 27
59540	16	1,2,3,4,5	57: 0x61DC7FCD AB010001 00010001 00100010 00100010 007CD700 3D020F00 0F000F00 0FE10663 04000001 00F0223D 162E5531 68656C6C 6F2030EA F6
59542	1	16	5: 0x02007FC8 3E
59563	1	16	72: 0x61DC17CD AB100010 00100010 00010001 00010001 007EF700 E31E0303 99300000 05000500 05000508 00080008 00080F00 0F000F00 0F000000 F0162E22 3D553168 656C6C6F 2030FD6C
59566	16	1,2,3,4,5	5: 0x02001786 D1
59596	16	1,2,3,4,5	81: 0x61DC80CD AB050005 00050005 00100010 00100010 007CD700 3F020100 01000100 01E31E03 02993000 00100010 00100010 08000800 0800080F 000F000F 000F0000 00F0162E 223D5531 68656C6C 6F203093 63
59599	5	2,3,4,8,9,10,11,16	5: 0x020080B0 31
59616	5	2,3,4,8,9,10,11,16	81: 0x61DCF7CD AB080008 00080008 00050005 00050005 007CD700 3E020100 01000100 01E31E03 01993000 00100010 00100010 05000500 0500050F 000F000F 000F0000 00F0162E 223D5531 68656C6C 6F203096 F2
59619	8	2,3,4,5,6,7,9,10,11,12,13,14,15	5: 0x0200F788 36
59662	8	2,3,4,5,6,7,9,10,11,12,13,14,15	81: 0x61DCD3CD AB0F000F 000F000F 00080008 00080008 007CD700 3D020100 01000100 01E31E03 00993000 00100010 00100010 05000500 05000508 00080008 00080000 00F0162E 223D5531 68656C6C 6F2030F0 D7
59665	15	8,9,10,11,12,13,14	5: 0x0200D3AE 51
60107	10	3,4,5,7,8,9,11,13,14,15	56: 0x61DCF1CD AB050005 00050005 000A000A 000A000A 007EF500 02010001 00010001 E1066304 00000290 F0223D16 2E534568 656C6C6F 2032E4DB
60109	5	2,3,4,8,9,10,11,16	5: 0x0200F1BE 53
60125	5	2,3,4,8,9,10,11,16	65: 0x61DCF8CD AB100010 00100010 00050005 00050005 007CD500 3F020A00 0A000A00 0A020100 01000100 01E10663 04000001 85F0223D 162E5345 68656C6C 6F20322E 4E
60128	16	1,2,3,4,5	5: 0x0200F87F CE
60143	16	1,2,3,4,5	57: 0x61DC81CD AB010001 00010001 00100010 00100010 007CD700 3E020A00 0A000A00 0AE10663 04000001 00F0223D 162E5345 68656C6C 6F2032F9 40
60145	1	16	5: 0x02008139 20
60183	1	16	64: 0x61DC18CD AB100010 00100010 00010001 00010001 007EF700 E3160302 99200000 05000500 0500050A 000A000A 000A0000 F0162E22 3D534568 656C6C6F 2032A007
60185	16	1,2,3,4,5	5: 0x02001871 29
60205	16	1,2,3,4,5	73: 0x61DC82CD AB050005 00050005 00100010 00100010 007CD700 3F020100 01000100 01E31603 01992000 00100010 00100010 0A000A00 0A000A00 00F0162E 223D5345 68656C6C 6F203242 8E
60208	5	2,3,4,8,9,10,11,16	5: 0x020082A2 12
60242	5	2,3,4,8,9,10,11,16	73: 0x61DCF9CD AB0A000A 000A000A 00050005 00050005 007CD700 3E020100 01000100 01E31603 00992000 00100010 00100010 05000500 05000500 00F0162E 223D5345 68656C6C 6F2032D3 2F
60245	10	3,4,5,7,8,9,11,13,14,15	5: 0x0200F9F6 DF
60293	8	2,3,4,5,6,7,9,10,11,12,13,14,15	97: 0x41D8D4CD ABFFFF08 00080008 0008007A 3B3A1A9B 01FF2700 F0025D08 F00000FD 00000000 00000002 01000100 01000104 0E00080C 00040000 80000100 1E003C08 1E4040FF FFFFFFFF FFFFFF00 000000FD 00000000 00000000 00000000 0000006F 7E
60461	12	6,7,8,9,13,14,15	97: 0x41D83BCD ABFFFF0C 000C000C 000C007A 3B3A1A9B 01FE4E00 F0032608 F00000FD 00000000 00000002 01000100 01000104 0E00080C 00040000 80000100 1E003C08 1E4040FF FFFFFFFF FFFFFF00 000000FD 00000000 00000000 00000000 00000061 95
61190	3	2,4,5,6,7,8,9,10,16	97: 0x41D8B1CD ABFFFF03 00030003 0003007A 3B3A1A9B 01FFD700 F001C108 F00000FD 00000000 00000002 01000100 01000104 0E00080C 00040000 80000100 1E003C08 1E4040FF FFFFFFFF FFFFFF00 000000FD 00000000 00000000 00000000 0000009F F3
61460	4	2,3,5,7,8,9,10,11,16	97: 0x41D8E6CD ABFFFF04 00040004 0004007A 3B3A1A9B 01FFD300 F001C108 F00000FD 00000000 00000002 01000100 01000104 0E00080C 00040000 80000100 1E003C08 1E4040FF FFFFFFFF FFFFFF00 000000FD 00000000 00000000 00000000 0000000D BC
62190	3	2,4,5,6,7,8,9,10,16	56: 0x61DCB2CD AB100010 00100010 00030003 00030003 007EF500 02010001 00010001 E1066304 000001C1 F0223D16 2E526168 656C6C6F 203304CD
62192	16	1,2,3,4,5	5: 0x0200B221 23
62203	16	1,2,3,4,5	57: 0x61DC83CD AB010001 00010001 00100010 00100010 007CD700 3F020300 03000300 03E10663 04000001 00F0223D 162E5261 68656C6C 6F2033C2 E1
62205	1	16	5: 0x0200832B 03
62232	1	16	56: 0x61DC19CD AB100010 00100010 00010001 00010001 007EF700 E30E0301 99100000 03000300 03000300 F0162E22 3D526168 656C6C6F 20336628
62234	16	1,2,3,4,5	5: 0x020019F8 38
62260	16	1,2,3,4,5	65: 0x61DC84CD AB030003 00030003 00100010 00100010 007CD700 3F020100 01000100 01E30E03 00991000 00100010 00100010 00F0162E 223D5261 68656C6C 6F20337A 81
62263	3	2,4,5,6,7,8,9,10,16	5: 0x02008494 77
62512	5	2,3,4,8,9,10,11,16	97: 0x41D8FACD ABFFFF05 00050005 0005007A 3B3A1A9B 01000D00 F0018408 F00000FD 00000000 00000002 01000100 01000104 0E00080C 00040000 80000100 1E003C08 1E4040FF FFFFFFFF FFFFFF00 000000FD 00000000 00000000 00000000 0000005E 37
62855	2	3,4,5,6,7,8,9,16	97: 0x41D8FBCD ABFFFF02 00020002 0002007A 3B3A1A9B 01FFFE00 F0019E08 F00000FD 00000000 00000002 01000100 01000104 0E00080C 00040000 80000100 1E003C08 1E4040FF FFFFFFFF FFFFFF00 000000FD 00000000 00000000 00000000 000000C6 C0
62897	15	8,9,10,11,12,13,14	97: 0x41D8BECD ABFFFF0F 000F000F 000F007A 3B3A1A9B 01FE5800 F0031008 F00000FD 00000000 00000002 01000100 01000104 0E00080C 00040000 80000100 1E003C08 1E4040FF FFFFFFFF FFFFFF00 000000FD 00000000 00000000 00000000 000000CC B6
63222	14	7,8,9,10,11,12,13,15	97: 0x41D894CD ABFFFF0E 000E000E 000E007A 3B3A1A9B 01FE4600 F0032608 F00000FD 00000000 00000002 01000100 01000104 0E00080C 00040000 80000100 1E003C08 1E4040FF FFFFFFFF FFFFFF00 000000FD 00000000 00000000 00000000 00000053 B1
63332	7	2,3,4,6,8,9,10,12,13,14	56: 0x61DC8ACD AB020002 00020002 00070007 00070007 007EF500 02010001 00010001 E1066304 0000026C F0223D16 2E545168 656C6C6F 2031722C
63334	2	3,4,5,6,7,8,9,16	5: 0x02008AEA 9E
63337	2	3,4,5,6,7,8,9,16	65: 0x61DCFCCD AB100010 00100010 00020002 00020002 007CD500 3F020700 07000700 07020100 01000100 01E10663 04000001 9EF0223D 162E5451 68656C6C 6F20319C 74
63340	16	1,2,3,4,5	5: 0x0200FC5B 88
63360	13	6,7,8,9,10,12,14,15	56: 0x61DC50CD AB080008 00080008 000D000D 000D000D 007EF500 02010001 00010001 E1066304 00000334 F0223D16 2E553968 656C6C6F 20308E40
63362	8	2,3,4,5,6,7,9,10,11,12,13,14,15	5: 0x0200503D E7
63372	8	2,3,4,5,6,7,9,10,11,12,13,14,15	65: 0x61DCD5CD AB050005 00050005 00080008 00080008 007CD500 3F020D00 0D000D00 0D020100 01000100 01E10663 04000002 17F0223D 162E5539 68656C6C 6F203079 93
63375	5	2,3,4,8,9,10,11,16	5: 0x0200D598 34
63381	16	1,2,3,4,5	57: 0x61DC85CD AB010001 00010001 00100010 00100010 007CD700 3E020700 07000700 07E10663 04000001 00F0223D 162E5451 68656C6C 6F203137 5C
63383	1	16	5: 0x0200851D 66
63387	1	16	64: 0x61DC1ACD AB100010 00100010 00010001 00010001 007EF700 E3160302 99200000 02000200 02000207 00070007 00070000 F0162E22 3D545168 656C6C6F 20318FE8
63389	16	1,2,3,4,5	5: 0x02001A63 0A
63393	5	2,3,4,8,9,10,11,16	65: 0x61DCFBCD AB100010 00100010 00050005 00050005 007CD500 3E020D00 0D000D00 0D020100 01000100 01E10663 04000001 84F0223D 162E5539 68656C6C 6F2030AF 7E
63396	16	1,2,3,4,5	5: 0x0200FBE4 FC
63428	16	1,2,3,4,5	57: 0x61DC87CD AB010001 00010001 00100010 00100010 007CD700 3D020D00 0D000D00 0DE10663 04000001 00F0223D 162E5539 68656C6C 6F2030BB 4A
63430	1	16	5: 0x0200870F 45
63433	16	1,2,3,4,5	73: 0x61DC86CD AB020002 00020002 00100010 00100010 007CD700 3F020100 01000100 01E31603 01992000 00100010 00100010 07000700 07000700 00F0162E 223D5451 68656C6C 6F203115 2F
63437	2	3,4,5,6,7,8,9,16	5: 0x02008686 54
63459	1	16	72: 0x61DC1BCD AB100010 00100010 00010001 00010001 007EF700 E31E0303 99300000 05000500 05000508 00080008 00080D00 0D000D00 0D000000 F0162E22 3D553968 656C6C6F 20308DCA
63462	16	1,2,3,4,5	5: 0x02001BEA 1B
63469	2	3,4,5,6,7,8,9,16	73: 0x61DCFDCD AB070007 00070007 00020002 00020002 007CD700 3E020100 01000100 01E31603 00992000 00100010 00100010 02000200 02000200 00F0162E 223D5451 68656C6C 6F20310B D0
63472	7	2,3,4,6,8,9,10,12,13,14	5: 0x0200FDD2 99
63474	16	1,2,3,4,5	81: 0x61DC88CD AB050005 00050005 00100010 00100010 007CD700 3F020100 01000100 01E31E03 02993000 00100010 00100010 08000800 0800080D 000D000D 000D0000 00F0162E 223D5539 68656C6C 6F2030EF 76
63477	5	2,3,4,8,9,10,11,16	5: 0x020088F8 BD
63502	5	2,3,4,8,9,10,11,16	81: 0x61DCFCCD AB080008 00080008 00050005 00050005 007CD700 3E020100 01000100 01E31E03 01993000 00100010 00100010 05000500 0500050D 000D000D 000D0000 00F0162E 223D5539 68656C6C 6F20307C B1
63505	8	2,3,4,5,6,7,9,10,11,12,13,14,15	5: 0x0200FC5B 88
63517	8	2,3,4,5,6,7,9,10,11,12,13,14,15	81: 0x61DCD6CD AB0D000D 000D000D 00080008 00080008 007CD700 3D020100 01000100 01E31E03 00993000 00100010 00100010 05000500 05000508 00080008 00080000 00F0162E 223D5539 68656C6C 6F203030 A2
63520	13	6,7,8,9,10,12,14,15	5: 0x0200D603 06
64521	13	6,7,8,9,10,12,14,15	97: 0x41D851CD ABFFFF0D 000D000D 000D007A 3B3A1A9B 01FE4500 F0032B08 F00000FD 00000000 00000002 01000100 01000104 0E00080C 00040000 80000100 1E003C08 1E4040FF FFFFFFFF FFFFFF00 000000FD 00000000 00000000 00000000 000000EC CA
64986	5	2,3,4,8,9,10,11,16	56: 0x61DCFDCD AB100010 00100010 00050005 00050005 007EF500 02010001 00010001 E1066304 00000183 F0223D16 2E525968 656C6C6F 2033F6D4
64988	16	1,2,3,4,5	5: 0x0200FDD2 99
65009	16	1,2,3,4,5	57: 0x61DC89CD AB010001 00010001 00100010 00100010 007CD700 3F020500 05000500 05E10663 04000001 00F0223D 162E5259 68656C6C 6F2033E5 64
65011	1	16	5: 0x02008971 AC
65046	1	16	56: 0x61DC1CCD AB100010 00100010 00010001 00010001 007EF700 E30E0301 99100000 05000500 05000500 F0162E22 3D525968 656C6C6F 20332162
65048	16	1,2,3,4,5	5: 0x02001C55 6F
65051	16	1,2,3,4,5	65: 0x61DC8ACD AB050005 00050005 00100010 00100010 007CD700 3F020100 01000100 01E30E03 00991000 00100010 00100010 00F0162E 223D5259 68656C6C 6F20335B 8D
65054	5	2,3,4,8,9,10,11,16	5: 0x02008AEA 9E
65072	9	2,3,4,5,6,7,8,10,11,12,13,14,15	97: 0x41D850CD ABFFFF09 00090009 0009007A 3B3A1A9B 01FF3B00 F0024508 F00000FD 00000000 00000002 01000100 01000104 0E00080C 00040000 80000100 1E003C08 1E4040FF FFFFFFFF FFFFFF00 000000FD 00000000 00000000 00000000 000000A2 4D
65516	11	4,5,8,9,10,14,15	56: 0x61DCFACD AB050005 00050005 000B000B 000B000B 007EF500 02010001 00010001 E1066304 00000245 F0223D16 2E534168 656C6C6F 2032D0AF
65518	5	2,3,4,8,9,10,11,16	5: 0x0200FA6D ED
65522	5	2,3,4,8,9,10,11,16	65: 0x61DCFECD AB100010 00100010 00050005 00050005 007CD500 3F020B00 0B000B00 0B020100 01000100 01E10663 04000001 82F0223D 162E5341 68656C6C 6F20329F A3
65525	16	1,2,3,4,5	5: 0x0200FE49 AB
65541	16	1,2,3,4,5	57: 0x61DC8BCD AB010001 00010001 00100010 00100010 007CD700 3E020B00 0B000B00 0BE10663 04000001 00F0223D 162E5341 68656C6C 6F203245 E3
65543	1	16	5: 0x02008B63 8F
65567	1	16	64: 0x61DC1DCD AB100010 00100010 00010001 00010001 007EF700 E3160302 99200000 05000500 0500050B 000B000B 000B0000 F0162E22 3D534168 656C6C6F 2032795B
65569	16	1,2,3,4,5	5: 0x02001DDC 7E
65591	16	1,2,3,4,5	73: 0x61DC8CCD AB050005 00050005 00100010 00100010 007CD700 3F020100 01000100 01E31603 01992000 00100010 00100010 0B000B00 0B000B00 00F0162E 223D5341 68656C6C 6F203213 64
65594	5	2,3,4,8,9,10,11,16	5: 0x02008CDC FB
65634	5	2,3,4,8,9,10,11,16	73: 0x61DCFFCD AB0B000B 000B000B 00050005 00050005 007CD700 3E020100 01000100 01E31603 00992000 00100010 00100010 05000500 05000500 00F0162E 223D5341 68656C6C 6F2032BE 40
65637	11	4,5,8,9,10,14,15	5: 0x0200FFC0 BA
65757	10	3,4,5,7,8,9,11,13,14,15	97: 0x41D8F2CD ABFFFF0A 000A000A 000A007A 3B3A1A9B 01FF3900 F0024308 F00000FD 00000000 00000002 01000100 01000104 0E00080C 00040000 80000100 1E003C08 1E4040FF FFFFFFFF FFFFFF00 000000FD 00000000 00000000 00000000 0000009E 39
65829	8	2,3,4,5,6,7,9,10,11,12,13,14,15	56: 0x61DCD7CD AB050005 00050005 00080008 00080008 007EF500 02010001 00010001 E1066304 00000215 F0223D16 2E534D68 656C6C6F 2032E2E3
65831	5	2,3,4,8,9,10,11,16	5: 0x0200D78A 17
65837	5	2,3,4,8,9,10,11,16	65: 0x61DC00CD AB100010 00100010 00050005 00050005 007CD500 3F020800 08000800 08020100 01000100 01E10663 04000001 82F0223D 162E534D 68656C6C 6F20326A 9D
65840	16	1,2,3,4,5	5: 0x020000B8 B5
65874	16	1,2,3,4,5	57: 0x61DC8DCD AB010001 00010001 00100010 00100010 007CD700 3E020800 08000800 08E10663 04000001 00F0223D 162E534D 68656C6C 6F203212 3A
65876	1	16	5: 0x02008D55 EA
65890	1	16	64: 0x61DC1ECD AB100010 00100010 00010001 00010001 007EF700 E3160302 99200000 05000500 05000508 00080008 00080000 F0162E22 3D534D68 656C6C6F 2032620B
65892	16	1,2,3,4,5	5: 0x02001E47 4C
65936	16	1,2,3,4,5	73: 0x61DC8ECD AB050005 00050005 00100010 00100010 007CD700 3F020100 01000100 01E31603 01992000 00100010 00100010 08000800 08000800 00F0162E 223D534D 68656C6C 6F2032FD 87
65939	5	2,3,4,8,9,10,11,16	5: 0x02008ECE D8
65957	5	2,3,4,8,9,10,11,16	73: 0x61DC01CD AB080008 00080008 00050005 00050005 007CD700 3E020100 01000100 01E31603 00992000 00100010 00100010 05000500 05000500 00F0162E 223D534D 68656C6C 6F20324A 67
65960	8	2,3,4,5,6,7,9,10,11,12,13,14,15	5: 0x02000131 A4
66578	6	2,3,7,8,9,12,13	97: 0x41D8E7CD ABFFFF06 00060006 0006007A 3B3A1A9B 01FF0500 F0028708 F00000FD 00000000 00000002 01000100 01000104 0E00080C 00040000 80000100 1E003C08 1E4040FF FFFFFFFF FFFFFF00 000000FD 00000000 00000000 00000000 00000083 B7
66611	4	2,3,5,7,8,9,10,11,16	56: 0x61DCE7CD AB100010 00100010 00040004 00040004 007EF500 02010001 00010001 E1066304 000001C1 F0223D16 2E525D68 656C6C6F 20332174
66613	16	1,2,3,4,5	5: 0x0200E709 26
66632	16	1,2,3,4,5	57: 0x61DC8FCD AB010001 00010001 00100010 00100010 007CD700 3F020400 04000400 04E10663 04000001 00F0223D 162E525D 68656C6C 6F203398 DD
66634	1	16	5: 0x02008F47 C9
66644	1	16	56: 0x61DC1FCD AB100010 00100010 00010001 00010001 007EF700 E30E0301 99100000 04000400 04000400 F0162E22 3D525D68 656C6C6F 203325F4
66646	16	1,2,3,4,5	5: 0x02001FCE 5D
66670	16	1,2,3,4,5	65: 0x61DC90CD AB040004 00040004 00100010 00100010 007CD700 3F020100 01000100 01E30E03 00991000 00100010 00100010 00F0162E 223D525D 68656C6C 6F20338B 0E
66673	4	2,3,5,7,8,9,10,11,16	5: 0x02009031 21
67354	2	3,4,5,6,7,8,9,16	56: 0x61DCFECD AB100010 00100010 00020002 00020002 007EF500 02010001 00010001 E1066304 0000019B F0223D16 2E526568 656C6C6F 20332051
67356	16	1,2,3,4,5	5: 0x0200FE49 AB
67375	12	6,7,8,9,13,14,15	56: 0x61DC3CCD AB080008 00080008 000C000C 000C000C 007EF500 02010001 00010001 E1066304 00000326 F0223D16 2E543D68 656C6C6F 2031A1CE
67377	8	6,7,10,11,12,13,14,15	5: 0x02003C57 4E
67377	16	1	57: 0x61DC91CD AB010001 00010001 00100010 00100010 007CD700 3F020200 02000200 02E10663 04000001 00F0223D 162E5265 68656C6C 6F2033FC 77
67379	1	16	5: 0x020091B8 30
67403	1	16	56: 0x61DC20CD AB100010 00100010 00010001 00010001 007EF700 E30E0301 99100000 02000200 02000200 F0162E22 3D526568 656C6C6F 20336DE4
67405	16	1,2,3,4,5	5: 0x020020BA 94
67410	16	1,2,3,4,5	65: 0x61DC92CD AB020002 00020002 00100010 00100010 007CD700 3F020100 01000100 01E30E03 00991000 00100010 00100010 00F0162E 223D5265 68656C6C 6F203398 71
67413	2	3,4,5,6,7,8,9,16	5: 0x02009223 02
67417	8	2,3,4,5,6,7,9,10,11,12,13,14,15	65: 0x61DCD8CD AB050005 00050005 00080008 00080008 007CD500 3F020C00 0C000C00 0C020100 01000100 01E10663 04000002 13F0223D 162E543D 68656C6C 6F2031D5 C7
67420	5	2,3,4,8,9,10,11,16	5: 0x0200D87D EF
67463	5	2,3,4,8,9,10,11,16	65: 0x61DC02CD AB100010 00100010 00050005 00050005 007CD500 3E020C00 0C000C00 0C020100 01000100 01E10663 04000001 82F0223D 162E543D 68656C6C 6F203138 A3
67466	16	1,2,3,4,5	5: 0x020002AA 96
67488	16	1,2,3,4,5	57: 0x61DC93CD AB010001 00010001 00100010 00100010 007CD700 3D020C00 0C000C00 0CE10663 04000001 00F0223D 162E543D 68656C6C 6F203199 09
67490	1	16	5: 0x020093AA 13
67513	1	16	72: 0x61DC21CD AB100010 00100010 00010001 00010001 007EF700 E31E0303 99300000 05000500 05000508 00080008 00080C00 0C000C00 0C000000 F0162E22 3D543D68 656C6C6F 2031784F
67516	16	1,2,3,4,5	5: 0x02002133 85
67535	16	1,2,3,4,5	81: 0x61DC94CD AB050005 00050005 00100010 00100010 007CD700 3F020100 01000100 01E31E03 02993000 00100010 00100010 08000800 0800080C 000C000C 000C0000 00F0162E 223D543D 68656C6C 6F2031B7 84
67538	5	2,3,4,8,9,10,11,16	5: 0x02009415 67
67546	5	2,3,4,8,9,10,11,16	81: 0x61DC03CD AB080008 00080008 00050005 00050005 007CD700 3E020100 01000100 01E31E03 01993000 00100010 00100010 05000500 0500050C 000C000C 000C0000 00F0162E 223D543D 68656C6C 6F203151 67
67549	8	2,3,4,5,6,7,9,10,11,12,13,14,15	5: 0x02000323 87
67557	8	2,3,4,5,6,7,9,10,11,12,13,14,15	81: 0x61DCD9CD AB0C000C 000C000C 00080008 00080008 007CD700 3D020100 01000100 01E31E03 00993000 00100010 00100010 05000500 05000508 00080008 00080000 00F0162E 223D543D 68656C6C 6F2031A6 BD
67560	12	6,7,8,9,13,14,15	5: 0x0200D9F4 FE
67606	14	7,8,9,10,11,12,13,15	56: 0x61DC95CD AB080008 00080008 000E000E 000E000E 007EF500 02010001 00010001 E1066304 00000326 F0223D16 2E543568 656C6C6F 2031033B
67608	8	2,3,4,5,6,7,9,10,11,12,13,14,15	5: 0x0200959C 76
67645	8	2,3,4,5,6,7,9,10,11,12,13,14,15	65: 0x61DCDACD AB050005 00050005 00080008 00080008 007CD500 3F020E00 0E000E00 0E020100 01000100 01E10663 04000002 11F0223D 162E5435 68656C6C 6F203127 F1
67648	5	2,3,4,8,9,10,11,16	5: 0x0200DA6F CC
67675	5	2,3,4,8,9,10,11,16	65: 0x61DC04CD AB100010 00100010 00050005 00050005 007CD500 3E020E00 0E000E00 0E020100 01000100 01E10663 04000001 82F0223D 162E5435 68656C6C 6F20317F D3
67678	16	1,2,3,4,5	5: 0x0200049C F3
67691	16	1,2,3,4,5	57: 0x61DC95CD AB010001 00010001 00100010 00100010 007CD700 3D020E00 0E000E00 0EE10663 04000001 00F0223D 162E5435 68656C6C 6F2031DB E0
67693	1	16	5: 0x0200959C 76
67704	1	16	72: 0x61DC22CD AB100010 00100010 00010001 00010001 007EF700 E31E0303 99300000 05000500 05000508 00080008 00080E00 0E000E00 0E000000 F0162E22 3D543568 656C6C6F 2031A289
67707	16	1,2,3,4,5	5: 0x020022A8 B7
67736	16	1,2,3,4,5	81: 0x61DC96CD AB050005 00050005 00100010 00100010 007CD700 3F020100 01000100 01E31E03 02993000 00100010 00100010 08000800 0800080E 000E000E 000E0000 00F0162E 223D5435 68656C6C 6F2031AE 6E
67739	5	2,3,4,8,9,10,11,16	5: 0x02009607 44
67742	5	2,3,4,8,9,10,11,16	81: 0x61DC05CD AB080008 00080008 00050005 00050005 007CD700 3E020100 01000100 01E31E03 01993000 00100010 00100010 05000500 0500050E 000E000E 000E0000 00F0162E 223D5435 68656C6C 6F203180 44
67746	8	2,3,4,5,6,7,9,10,11,12,13,14,15	5: 0x02000515 E2
67773	8	2,3,4,5,6,7,9,10,11,12,13,14,15	81: 0x61DCDBCD AB0E000E 000E000E 00080008 00080008 007CD700 3D020100 01000100 01E31E03 00993000 00100010 00100010 05000500 05000508 00080008 00080000 00F0162E 223D5435 68656C6C 6F203138 57
67776	14	7,8,9,10,11,12,13,15	5: 0x0200DBE6 DD
68959	6	2,3,7,8,9,12,13	56: 0x61DCE8CD AB020002 00020002 00060006 00060006 007EF500 02010001 00010001 E1066304 00000287 F0223D16 2E535568 656C6C6F 20328C98
68961	2	3,4,5,6,7,8,9,16	5: 0x0200E8FE DE
68982	2	3,4,5,6,7,8,9,16	65: 0x61DCFFCD AB100010 00100010 00020002 00020002 007CD500 3F020600 06000600 06020100 01000100 01E10663 04000001 98F0223D 162E5355 68656C6C 6F203223 AB
68985	16	1,2,3,4,5	5: 0x0200FFC0 BA
69011	9	2,3,4,5,6,7,8,10,11,12,13,14,15	56: 0x61DC51CD AB050005 00050005 00090009 00090009 007EF500 02010001 00010001 E1066304 00000245 F0223D16 2E534968 656C6C6F 2032B6A5
69013	5	2,3,4,8,9,10,11,16	5: 0x020051B4 F6
69022	16	1,2,3,4,5	57: 0x61DC97CD AB010001 00010001 00100010 00100010 007CD700 3E020600 06000600 06E10663 04000001 00F0223D 162E5355 68656C6C 6F203270 11
69024	1	16	5: 0x0200978E 55
69030	1	16	64: 0x61DC23CD AB100010 00100010 00010001 00010001 007EF700 E3160302 99200000 02000200 02000206 00060006 00060000 F0162E22 3D535568 656C6C6F 2032BD1F
69032	16	1,2,3,4,5	5: 0x02002321 A6
69038	5	2,3,4,8,9,10,11,16	65: 0x61DC06CD AB100010 00100010 00050005 00050005 007CD500 3F020900 09000900 09020100 01000100 01E10663 04000001 82F0223D 162E5349 68656C6C 6F20321C 80
69041	16	1,2,3,4,5	5: 0x0200068E D0
69057	16	1,2,3,4,5	73: 0x61DC98CD AB020002 00020002 00100010 00100010 007CD700 3F020100 01000100 01E31603 01992000 00100010 00100010 06000600 06000600 00F0162E 223D5355 68656C6C 6F203231 CB
69060	2	3,4,5,6,7,8,9,16	5: 0x02009879 AD
69066	16	1,2,3,4,5	57: 0x61DC99CD AB010001 00010001 00100010 00100010 007CD700 3E020900 09000900 09E10663 04000001 00F0223D 162E5349 68656C6C 6F203244 25
69068	1	16	5: 0x020099F0 BC
69073	2	3,4,5,6,7,8,9,16	73: 0x61DC00CD AB060006 00060006 00020002 00020002 007CD700 3E020100 01000100 01E31603 00992000 00100010 00100010 02000200 02000200 00F0162E 223D5355 68656C6C 6F20326C F8
69076	6	2,3,7,8,9,12,13	5: 0x020000B8 B5
69078	1	16	64: 0x61DC24CD AB100010 00100010 00010001 00010001 007EF700 E3160302 99200000 05000500 05000509 00090009 00090000 F0162E22 3D534968 656C6C6F 2032750A
69080	16	1,2,3,4,5	5: 0x0200249E D2
69097	16	1,2,3,4,5	73: 0x61DC9ACD AB050005 00050005 00100010 00100010 007CD700 3F020100 01000100 01E31603 01992000 00100010 00100010 09000900 09000900 00F0162E 223D5349 68656C6C 6F20328F 4C
69100	5	2,3,4,8,9,10,11,16	5: 0x02009A6B 8E
69121	5	2,3,4,8,9,10,11,16	73: 0x61DC07CD AB090009 00090009 00050005 00050005 007CD700 3E020100 01000100 01E31603 00992000 00100010 00100010 05000500 05000500 00F0162E 223D5349 68656C6C 6F203227 08
69124	9	2,3,4,5,6,7,8,10,11,12,13,14,15	5: 0x02000707 C1
69766	15	8,9,10,11,12,13,14	56: 0x61DCBFCD AB080008 00080008 000F000F 000F000F 007EF500 02010001 00010001 E1066304 00000310 F0223D16 2E543168 656C6C6F 20310A85
69768	8	2,3,4,5,6,7,9,10,11,12,13,14,15	5: 0x0200BFC4 F8
69798	8	2,3,4,5,6,7,9,10,11,12,13,14,15	65: 0x61DCDCCD AB050005 00050005 00080008 00080008 007CD500 3F020F00 0F000F00 0F020100 01000100 01E10663 04000002 0FF0223D 162E5431 68656C6C 6F20312A A7
69801	5	2,3,4,8,9,10,11,16	5: 0x0200DC59 A9
69812	5	2,3,4,8,9,10,11,16	65: 0x61DC08CD AB100010 00100010 00050005 00050005 007CD500 3E020F00 0F000F00 0F020100 01000100 01E10663 04000001 82F0223D 162E5431 68656C6C 6F2031A2 84
69815	16	1,2,3,4,5	5: 0x020008F0 39
69831	16	1,2,3,4,5	57: 0x61DC9BCD AB010001 00010001 00100010 00100010 007CD700 3D020F00 0F000F00 0FE10663 04000001 00F0223D 162E5431 68656C6C 6F2031D8 4A
69833	1	16	5: 0x02009BE2 9F
69836	1	16	72: 0x61DC25CD AB100010 00100010 00010001 00010001 007EF700 E31E0303 99300000 05000500 05000508 00080008 00080F00 0F000F00 0F000000 F0162E22 3D543168 656C6C6F 203187E2
69840	16	1,2,3,4,5	5: 0x02002517 C3
69875	16	1,2,3,4,5	81: 0x61DC9CCD AB050005 00050005 00100010 00100010 007CD700 3F020100 01000100 01E31E03 02993000 00100010 00100010 08000800 0800080F 000F000F 000F0000 00F0162E 223D5431 68656C6C 6F2031BD 52
69878	5	2,3,4,8,9,10,11,16	5: 0x02009C5D EB
69881	5	2,3,4,8,9,10,11,16	81: 0x61DC09CD AB080008 00080008 00050005 00050005 007CD700 3E020100 01000100 01E31E03 01993000 00100010 00100010 05000500 0500050F 000F000F 000F0000 00F0162E 223D5431 68656C6C 6F2031BF D5
69885	8	2,3,4,5,6,7,9,10,11,12,13,14,15	5: 0x02000979 28
69919	8	2,3,4,5,6,7,9,10,11,12,13,14,15	81: 0x61DCDDCD AB0F000F 000F000F 00080008 00080008 007CD700 3D020100 01000100 01E31E03 00993000 00100010 00100010 05000500 05000508 00080008 00080000 00F0162E 223D5431 68656C6C 6F203129 BD
69922	15	8,9,10,11,12,13,14	5: 0x0200DDD0 B8
70371	10	3,4,5,7,8,9,11,13,14,15	56: 0x61DCF3CD AB050005 00050005 000A000A 000A000A 007EF500 02010001 00010001 E1066304 00000243 F0223D16 2E524568 656C6C6F 203309A6
70373	5	2,3,4,8,9,10,11,16	5: 0x0200F3AC 70
70413	5	2,3,4,8,9,10,11,16	65: 0x61DC0ACD AB100010 00100010 00050005 00050005 007CD500 3F020A00 0A000A00 0A020100 01000100 01E10663 04000001 82F0223D 162E5245 68656C6C 6F20336B C2
70416	16	1,2,3,4,5	5: 0x02000AE2 1A
70436	16	1,2,3,4,5	57: 0x61DC9DCD AB010001 00010001 00100010 00100010 007CD700 3E020A00 0A000A00 0AE10663 04000001 00F0223D 162E5245 68656C6C 6F2033B0 20
70438	1	16	5: 0x02009DD4 FA
70466	1	16	64: 0x61DC26CD AB100010 00100010 00010001 00010001 007EF700 E3160302 99200000 05000500 0500050A 000A000A 000A0000 F0162E22 3D524568 656C6C6F 20332E1D
70468	16	1,2,3,4,5	5: 0x0200268C F1
70493	16	1,2,3,4,5	73: 0x61DC9ECD AB050005 00050005 00100010 00100010 007CD700 3F020100 01000100 01E31603 01992000 00100010 00100010 0A000A00 0A000A00 00F0162E 223D5245 68656C6C 6F2033FF 58
70496	5	2,3,4,8,9,10,11,16	5: 0x02009E4F C8
70524	5	2,3,4,8,9,10,11,16	73: 0x61DC0BCD AB0A000A 000A000A 00050005 00050005 007CD700 3E020100 01000100 01E31603 00992000 00100010 00100010 05000500 05000500 00F0162E 223D5245 68656C6C 6F20330E 4E
70527	10	3,4,5,7,8,9,11,13,14,15	5: 0x02000B6B 0B
71666	11	4,5,8,9,10,14,15	97: 0x41D8FBCD ABFFFF0B 000B000B 000B007A 3B3A1A9B 01FF3A00 F0023E08 F00000FD 00000000 00000002 01000100 01000104 0E00080C 00040000 80000100 1E003C08 1E4040FF FFFFFFFF FFFFFF00 000000FD 00000000 00000000 00000000 00000074 43
72098	3	2,4,5,6,7,8,9,10,16	56: 0x61DCB3CD AB100010 00100010 00030003 00030003 007EF500 02010001 00010001 E1066304 000001BA F0223D16 2E516168 656C6C6F 2034DDED
72100	16	1,2,3,4,5	5: 0x0200B3A8 32
72117	16	1,2,3,4,5	57: 0x61DC9FCD AB010001 00010001 00100010 00100010 007CD700 3F020300 03000300 03E10663 04000001 00F0223D 162E5161 68656C6C 6F203447 7F
72119	1	16	5: 0x02009FC6 D9
72128	12	6,7,8,9,13,14,15	97: 0x41D83DCD ABFFFF0C 000C000C 000C007A 3B3A1A9B 01FE5600 F0031E08 F00000FD 00000000 00000002 01000100 01000104 0E00080C 00040000 80000100 1E003C08 1E4040FF FFFFFFFF FFFFFF00 000000FD 00000000 00000000 00000000 0000004D C9
72159	1	16	56: 0x61DC27CD AB100010 00100010 00010001 00010001 007EF700 E30E0301 99100000 03000300 03000300 F0162E22 3D516168 656C6C6F 20344827
72161	16	1,2,3,4,5	5: 0x02002705 E0
72195	16	1,2,3,4,5	65: 0x61DCA0CD AB030003 00030003 00100010 00100010 007CD700 3F020100 01000100 01E30E03 00991000 00100010 00100010 00F0162E 223D5161 68656C6C 6F20344D 72
72198	3	2,4,5,6,7,8,9,10,16	5: 0x0200A0B2 10
73381	7	2,3,4,6,8,9,10,12,13,14	56: 0x61DC8BCD AB020002 00020002 00070007 00070007 007EF500 02010001 00010001 E1066304 00000264 F0223D16 2E535168 656C6C6F 20329BD9
73383	2	3,4,5,6,7,8,9,16	5: 0x02008B63 8F
73389	2	3,4,5,6,7,8,9,16	65: 0x61DC01CD AB100010 00100010 00020002 00020002 007CD500 3F020700 07000700 07020100 01000100 01E10663 04000001 95F0223D 162E5351 68656C6C 6F2032E9 ED
73392	16	1,2,3,4,5	5: 0x02000131 A4
73410	16	1,2,3,4,5	57: 0x61DCA1CD AB010001 00010001 00100010 00100010 007CD700 3E020700 07000700 07E10663 04000001 00F0223D 162E5351 68656C6C 6F203209 C3
73412	1	16	5: 0x0200A13B 01
73439	1	16	64: 0x61DC28CD AB100010 00100010 00010001 00010001 007EF700 E3160302 99200000 02000200 02000207 00070007 00070000 F0162E22 3D535168 656C6C6F 20327CC0
73441	16	1,2,3,4,5	5: 0x020028F2 18
73478	16	1,2,3,4,5	73: 0x61DCA2CD AB020002 00020002 00100010 00100010 007CD700 3F020100 01000100 01E31603 01992000 00100010 00100010 07000700 07000700 00F0162E 223D5351 68656C6C 6F203226 63
73481	2	3,4,5,6,7,8,9,16	5: 0x0200A2A0 33
73489	2	3,4,5,6,7,8,9,16	73: 0x61DC02CD AB070007 00070007 00020002 00020002 007CD700 3E020100 01000100 01E31603 00992000 00100010 00100010 02000200 02000200 00F0162E 223D5351 68656C6C 6F203242 A2
73492	7	2,3,4,6,8,9,10,12,13,14	5: 0x020002AA 96
73569	7	2,3,4,6,8,9,10,12,13,14	97: 0x41D88CCD ABFFFF07 00070007 0007007A 3B3A1A9B 01FF2B00 F0025D08 F00000FD 00000000 00000002 01000100 01000104 0E00080C 00040000 80000100 1E003C08 1E4040FF FFFFFFFF FFFFFF00 000000FD 00000000 00000000 00000000 00000019 30
74204	13	6,7,8,9,10,12,14,15	56: 0x61DC52CD AB080008 00080008 000D000D 000D000D 007EF500 02010001 00010001 E1066304 0000032B F0223D16 2E543968 656C6C6F 20316FE0
74206	8	2,3,4,5,6,7,9,10,11,12,13,14,15	5: 0x0200522F C4
74218	8	2,3,4,5,6,7,9,10,11,12,13,14,15	65: 0x61DCDECD AB050005 00050005 00080008 00080008 007CD500 3F020D00 0D000D00 0D020100 01000100 01E10663 04000002 0DF0223D 162E5439 68656C6C 6F2031D8 91
74221	5	2,3,4,8,9,10,11,16	5: 0x0200DE4B 8A
74256	5	2,3,4,8,9,10,11,16	65: 0x61DC0CCD AB100010 00100010 00050005 00050005 007CD500 3E020D00 0D000D00 0D020100 01000100 01E10663 04000001 82F0223D 162E5439 68656C6C 6F20319D 1B
74259	16	1,2,3,4,5	5: 0x02000CD4 7F
74280	16	1,2,3,4,5	57: 0x61DCA3CD AB010001 00010001 00100010 00100010 007CD700 3D020D00 0D000D00 0DE10663 04000001 00F0223D 162E5439 68656C6C 6F203188 52
74282	1	16	5: 0x0200A329 22
74322	1	16	72: 0x61DC29CD AB100010 00100010 00010001 00010001 007EF700 E31E0303 99300000 05000500 05000508 00080008 00080D00 0D000D00 0D000000 F0162E22 3D543968 656C6C6F 2031F744
74325	16	1,2,3,4,5	5: 0x0200297B 09
74340	16	1,2,3,4,5	81: 0x61DCA4CD AB050005 00050005 00100010 00100010 007CD700 3F020100 01000100 01E31E03 02993000 00100010 00100010 08000800 0800080D 000D000D 000D0000 00F0162E 223D5439 68656C6C 6F2031F4 06
74343	5	2,3,4,8,9,10,11,16	5: 0x0200A496 56
74348	5	2,3,4,8,9,10,11,16	81: 0x61DC0DCD AB080008 00080008 00050005 00050005 007CD700 3E020100 01000100 01E31E03 01993000 00100010 00100010 05000500 0500050D 000D000D 000D0000 00F0162E 223D5439 68656C6C 6F20318A 92
74351	8	2,3,4,5,6,7,9,10,11,12,13,14,15	5: 0x02000D5D 6E
74393	8	2,3,4,5,6,7,9,10,11,12,13,14,15	81: 0x61DCDFCD AB0D000D 000D000D 00080008 00080008 007CD700 3D020100 01000100 01E31E03 00993000 00100010 00100010 05000500 05000508 00080008 00080000 00F0162E 223D5439 68656C6C 6F2031B7 57
74396	13	6,7,8,9,10,12,14,15	5: 0x0200DFC2 9B
75209	5	2,3,4,8,9,10,11,16	56: 0x61DC0ECD AB100010 00100010 00050005 00050005 007EF500 02010001 00010001 E1066304 00000182 F0223D16 2E515968 656C6C6F 20341BFF
75211	16	1,2,3,4,5	5: 0x02000EC6 5C
75239	16	1,2,3,4,5	57: 0x61DCA5CD AB010001 00010001 00100010 00100010 007CD700 3F020500 05000500 05E10663 04000001 00F0223D 162E5159 68656C6C 6F203464 91
75241	1	16	5: 0x0200A51F 47
75279	1	16	56: 0x61DC2ACD AB100010 00100010 00010001 00010001 007EF700 E30E0301 99100000 05000500 05000500 F0162E22 3D515968 656C6C6F 20342C8A
75281	16	1,2,3,4,5	5: 0x02002AE0 3B
75288	16	1,2,3,4,5	65: 0x61DCA6CD AB050005 00050005 00100010 00100010 007CD700 3F020100 01000100 01E30E03 00991000 00100010 00100010 00F0162E 223D5159 68656C6C 6F2034BF DB
75291	5	2,3,4,8,9,10,11,16	5: 0x0200A684 75
75506	8	2,3,4,5,6,7,9,10,11,12,13,14,15	56: 0x61DCE0CD AB050005 00050005 00080008 00080008 007EF500 02010001 00010001 E1066304 0000020C F0223D16 2E524D68 656C6C6F 20337D31
75508	5	2,3,4,8,9,10,11,16	5: 0x0200E0B6 52
75514	5	2,3,4,8,9,10,11,16	65: 0x61DC0FCD AB100010 00100010 00050005 00050005 007CD500 3F020800 08000800 08020100 01000100 01E10663 04000001 82F0223D 162E524D 68656C6C 6F2033E8 2A
75517	16	1,2,3,4,5	5: 0x02000F4F 4D
75524	16	1,2,3,4,5	57: 0x61DCA7CD AB010001 00010001 00100010 00100010 007CD700 3E020800 08000800 08E10663 04000001 00F0223D 162E524D 68656C6C 6F203337 B8
75526	1	16	5: 0x0200A70D 64
75539	1	16	64: 0x61DC2BCD AB100010 00100010 00010001 00010001 007EF700 E3160302 99200000 05000500 05000508 00080008 00080000 F0162E22 3D524D68 656C6C6F 203310E5
75541	16	1,2,3,4,5	5: 0x02002B69 2A
75545	16	1,2,3,4,5	73: 0x61DCA8CD AB050005 00050005 00100010 00100010 007CD700 3F020100 01000100 01E31603 01992000 00100010 00100010 08000800 08000800 00F0162E 223D524D 68656C6C 6F20336A D2
75548	5	2,3,4,8,9,10,11,16	5: 0x0200A8FA 9C
75584	5	2,3,4,8,9,10,11,16	73: 0x61DC10CD AB080008 00080008 00050005 00050005 007CD700 3E020100 01000100 01E31603 00992000 00100010 00100010 05000500 05000500 00F0162E 223D524D 68656C6C 6F20336E 25
75587	8	2,3,4,5,6,7,9,10,11,12,13,14,15	5: 0x02001039 A5
75820	4	2,3,5,7,8,9,10,11,16	56: 0x61DCE8CD AB100010 00100010 00040004 00040004 007EF500 02010001 00010001 E1066304 000001BA F0223D16 2E515D68 656C6C6F 203486BB
75822	16	1,2,3,4,5	5: 0x0200E8FE DE
75860	16	1,2,3,4,5	57: 0x61DCA9CD AB010001 00010001 00100010 00100010 007CD700 3F020400 04000400 04E10663 04000001 00F0223D 162E515D 68656C6C 6F2034B0 BB
75862	1	16	5: 0x0200A973 8D
75867	1	16	56: 0x61DC2CCD AB100010 00100010 00010001 00010001 007EF700 E30E0301 99100000 04000400 04000400 F0162E22 3D515D68 656C6C6F 20345394
75869	16	1,2,3,4,5	5: 0x02002CD6 5E
75893	16	1,2,3,4,5	65: 0x61DCAACD AB040004 00040004 00100010 00100010 007CD700 3F020100 01000100 01E30E03 00991000 00100010 00100010 00F0162E 223D515D 68656C6C 6F203441 22
75896	4	2,3,5,7,8,9,10,11,16	5: 0x0200AAE8 BF
75928	11	4,5,8,9,10,14,15	56: 0x61DCFCCD AB050005 00050005 000B000B 000B000B 007EF500 02010001 00010001 E1066304 0000023E F0223D16 2E524168 656C6C6F 20337A06
75930	5	2,3,4,8,9,10,11,16	5: 0x0200FC5B 88
75956	5	2,3,4,8,9,10,11,16	65: 0x61DC11CD AB100010 00100010 00050005 00050005 007CD500 3F020B00 0B000B00 0B020100 01000100 01E10663 04000001 82F0223D 162E5241 68656C6C 6F203324 98
75959	16	1,2,3,4,5	5: 0x020011B0 B4
75984	16	1,2,3,4,5	57: 0x61DCABCD AB010001 00010001 00100010 00100010 007CD700 3E020B00 0B000B00 0BE10663 04000001 00F0223D 162E5241 68656C6C 6F2033C9 F2
75986	1	16	5: 0x0200AB61 AE
76020	1	16	64: 0x61DC2DCD AB100010 00100010 00010001 00010001 007EF700 E3160302 99200000 05000500 0500050B 000B000B 000B0000 F0162E22 3D524168 656C6C6F 2033EFC2
76022	16	1,2,3,4,5	5: 0x02002D5F 4F
76029	16	1,2,3,4,5	73: 0x61DCACCD AB050005 00050005 00100010 00100010 007CD700 3F020100 01000100 01E31603 01992000 00100010 00100010 0B000B00 0B000B00 00F0162E 223D5241 68656C6C 6F20336E 9A
76032	5	2,3,4,8,9,10,11,16	5: 0x0200ACDE DA
76066	5	2,3,4,8,9,10,11,16	73: 0x61DC12CD AB0B000B 000B000B 00050005 00050005 007CD700 3E020100 01000100 01E31603 00992000 00100010 00100010 05000500 05000500 00F0162E 223D5241 68656C6C 6F20335F FE
76069	11	4,5,8,9,10,14,15	5: 0x0200122B 86
76989	12	6,7,8,9,13,14,15	56: 0x61DC3ECD AB080008 00080008 000C000C 000C000C 007EF500 02010001 00010001 E1066304 0000031E F0223D16 2E533D68 656C6C6F 20325354
76991	8	2,3,4,5,6,7,9,10,11,12,13,14,15	5: 0x02003E45 6D
77007	8	2,3,4,5,6,7,9,10,11,12,13,14,15	65: 0x61DCE1CD AB050005 00050005 00080008 00080008 007CD500 3F020C00 0C000C00 0C020100 01000100 01E10663 04000002 0BF0223D 162E533D 68656C6C 6F20328C F9
77010	5	2,3,4,8,9,10,11,16	5: 0x0200E13F 43
77016	5	2,3,4,8,9,10,11,16	65: 0x61DC13CD AB100010 00100010 00050005 00050005 007CD500 3E020C00 0C000C00 0C020100 01000100 01E10663 04000001 82F0223D 162E533D 68656C6C 6F20324A 4C
77019	16	1,2,3,4,5	5: 0x020013A2 97
77053	16	1,2,3,4,5	57: 0x61DCADCD AB010001 00010001 00100010 00100010 007CD700 3D020C00 0C000C00 0CE10663 04000001 00F0223D 162E533D 68656C6C 6F2032F2 23
77055	1	16	5: 0x0200AD57 CB
77089	1	16	72: 0x61DC2ECD AB100010 00100010 00010001 00010001 007EF700 E31E0303 99300000 05000500 05000508 00080008 00080C00 0C000C00 0C000000 F0162E22 3D533D68 656C6C6F 2032ABF4
77092	16	1,2,3,4,5	5: 0x02002EC4 7D
77127	16	1,2,3,4,5	81: 0x61DCAECD AB050005 00050005 00100010 00100010 007CD700 3F020100 01000100 01E31E03 02993000 00100010 00100010 08000800 0800080C 000C000C 000C0000 00F0162E 223D533D 68656C6C 6F20329E E1
77130	5	2,3,4,8,9,10,11,16	5: 0x0200AECC F9
77135	5	2,3,4,8,9,10,11,16	81: 0x61DC14CD AB080008 00080008 00050005 00050005 007CD700 3E020100 01000100 01E31E03 01993000 00100010 00100010 05000500 0500050C 000C000C 000C0000 00F0162E 223D533D 68656C6C 6F203265 1C
77138	8	2,3,4,5,6,7,9,10,11,12,13,14,15	5: 0x0200141D E3
77174	8	2,3,4,5,6,7,9,10,11,12,13,14,15	81: 0x61DCE2CD AB0C000C 000C000C 00080008 00080008 007CD700 3D020100 01000100 01E31E03 00993000 00100010 00100010 05000500 05000508 00080008 00080000 00F0162E 223D533D 68656C6C 6F2032FD EA
77177	12	6,7,8,9,13,14,15	5: 0x0200E2A4 71
77466	15	8,9,10,11,12,13,14	97: 0x41D8C0CD ABFFFF0F 000F000F 000F007A 3B3A1A9B 01FE5E00 F0030A08 F00000FD 00000000 00000002 01000100 01000104 0E00080C 00040000 80000100 1E003C08 1E4040FF FFFFFFFF FFFFFF00 000000FD 00000000 00000000 00000000 0000003E 54
77651	14	7,8,9,10,11,12,13,15	56: 0x61DC96CD AB080008 00080008 000E000E 000E000E 007EF500 02010001 00010001 E1066304 0000031E F0223D16 2E533568 656C6C6F 203213DE
77653	8	2,3,4,5,6,7,9,10,11,12,13,14,15	5: 0x02009607 44
77669	8	2,3,4,5,6,7,9,10,11,12,13,14,15	65: 0x61DCE3CD AB050005 00050005 00080008 00080008 007CD500 3F020E00 0E000E00 0E020100 01000100 01E10663 04000002 0AF0223D 162E5335 68656C6C 6F203200 17
77672	5	2,3,4,8,9,10,11,16	5: 0x0200E32D 60
77678	5	2,3,4,8,9,10,11,16	65: 0x61DC15CD AB100010 00100010 00050005 00050005 007CD500 3E020E00 0E000E00 0E020100 01000100 01E10663 04000001 82F0223D 162E5335 68656C6C 6F20320D 3C
77681	16	1,2,3,4,5	5: 0x02001594 F2
77689	16	1,2,3,4,5	57: 0x61DCAFCD AB010001 00010001 00100010 00100010 007CD700 3D020E00 0E000E00 0EE10663 04000001 00F0223D 162E5335 68656C6C 6F20320F C3
77691	1	16	5: 0x0200AF45 E8
77696	1	16	72: 0x61DC2FCD AB100010 00100010 00010001 00010001 007EF700 E31E0303 99300000 05000500 05000508 00080008 00080E00 0E000E00 0E000000 F0162E22 3D533568 656C6C6F 20324B42
77699	16	1,2,3,4,5	5: 0x02002F4D 6C
77707	16	1,2,3,4,5	81: 0x61DCB0CD AB050005 00050005 00100010 00100010 007CD700 3F020100 01000100 01E31E03 02993000 00100010 00100010 08000800 0800080E 000E000E 000E0000 00F0162E 223D5335 68656C6C 6F2032DD 66
77710	5	2,3,4,8,9,10,11,16	5: 0x0200B033 00
77749	5	2,3,4,8,9,10,11,16	81: 0x61DC16CD AB080008 00080008 00050005 00050005 007CD700 3E020100 01000100 01E31E03 01993000 00100010 00100010 05000500 0500050E 000E000E 000E0000 00F0162E 223D5335 68656C6C 6F20327C F6
77752	8	2,3,4,5,6,7,9,10,11,12,13,14,15	5: 0x0200160F C0
77769	8	2,3,4,5,6,7,9,10,11,12,13,14,15	81: 0x61DCE4CD AB0E000E 000E000E 00080008 00080008 007CD700 3D020100 01000100 01E31E03 00993000 00100010 00100010 05000500 05000508 00080008 00080000 00F0162E 223D5335 68656C6C 6F2032AB C9
77772	14	7,8,9,10,11,12,13,15	5: 0x0200E492 14
77880	2	3,4,5,6,7,8,9,16	56: 0x61DC03CD AB100010 00100010 00020002 00020002 007EF500 02010001 00010001 E1066304 00000193 F0223D16 2E516568 656C6C6F 2034EB8C
77882	16	1,2,3,4,5	5: 0x02000323 87
77906	16	1,2,3,4,5	57: 0x61DCB1CD AB010001 00010001 00100010 00100010 007CD700 3F020200 02000200 02E10663 04000001 00F0223D 162E5165 68656C6C 6F2034BC 98
77908	1	16	5: 0x0200B1BA 11
77913	13	6,7,8,9,10,12,14,15	97: 0x41D853CD ABFFFF0D 000D000D 000D007A 3B3A1A9B 01FE4D00 F0032308 F00000FD 00000000 00000002 01000100 01000104 0E00080C 00040000 80000100 1E003C08 1E4040FF FFFFFFFF FFFFFF00 000000FD 00000000 00000000 00000000 0000000F 9F
77930	1	16	56: 0x61DC30CD AB100010 00100010 00010001 00010001 007EF700 E30E0301 99100000 02000200 02000200 F0162E22 3D516568 656C6C6F 20348280
77932	16	1,2,3,4,5	5: 0x0200303B 84
77941	16	1,2,3,4,5	65: 0x61DCB2CD AB020002 00020002 00100010 00100010 007CD700 3F020100 01000100 01E30E03 00991000 00100010 00100010 00F0162E 223D5165 68656C6C 6F20344E 54
77944	2	3,4,5,6,7,8,9,16	5: 0x0200B221 23
78484	6	2,3,7,8,9,12,13	56: 0x61DCE9CD AB020002 00020002 00060006 00060006 007EF500 02010001 00010001 E1066304 0000027C F0223D16 2E525568 656C6C6F 2033EC79
78486	2	3,4,5,6,7,8,9,16	5: 0x0200E977 CF
78503	2	3,4,5,6,7,8,9,16	65: 0x61DC04CD AB100010 00100010 00020002 00020002 007CD500 3F020600 06000600 06020100 01000100 01E10663 04000001 91F0223D 162E5255 68656C6C 6F203396 1C
78506	16	1,2,3,4,5	5: 0x0200049C F3
78538	16	1,2,3,4,5	57: 0x61DCB3CD AB010001 00010001 00100010 00100010 007CD700 3E020600 06000600 06E10663 04000001 00F0223D 162E5255 68656C6C 6F203343 09
78540	1	16	5: 0x0200B3A8 32
78554	1	16	64: 0x61DC31CD AB100010 00100010 00010001 00010001 007EF700 E3160302 99200000 02000200 02000206 00060006 00060000 F0162E22 3D525568 656C6C6F 2033F0CE
78556	16	1,2,3,4,5	5: 0x020031B2 95
78568	16	1,2,3,4,5	73: 0x61DCB4CD AB020002 00020002 00100010 00100010 007CD700 3F020100 01000100 01E31603 01992000 00100010 00100010 06000600 06000600 00F0162E 223D5255 68656C6C 6F203389 6A
78571	2	3,4,5,6,7,8,9,16	5: 0x0200B417 46
78610	2	3,4,5,6,7,8,9,16	73: 0x61DC05CD AB060006 00060006 00020002 00020002 007CD700 3E020100 01000100 01E31603 00992000 00100010 00100010 02000200 02000200 00F0162E 223D5255 68656C6C 6F203307 5A
78613	6	2,3,7,8,9,12,13	5: 0x02000515 E2
78737	9	2,3,4,5,6,7,8,10,11,12,13,14,15	56: 0x61DC52CD AB050005 00050005 00090009 00090009 007EF500 02010001 00010001 E1066304 0000023E F0223D16 2E524968 656C6C6F 20336784
78739	5	2,3,4,8,9,10,11,16	5: 0x0200522F C4
78771	5	2,3,4,8,9,10,11,16	65: 0x61DC17CD AB100010 00100010 00050005 00050005 007CD500 3F020900 09000900 09020100 01000100 01E10663 04000001 82F0223D 162E5249 68656C6C 6F203363 E8
78774	16	1,2,3,4,5	5: 0x02001786 D1
78780	16	1,2,3,4,5	57: 0x61DCB5CD AB010001 00010001 00100010 00100010 007CD700 3E020900 09000900 09E10663 04000001 00F0223D 162E5249 68656C6C 6F203309 2E
78782	1	16	5: 0x0200B59E 57
78795	1	16	64: 0x61DC32CD AB100010 00100010 00010001 00010001 007EF700 E3160302 99200000 05000500 05000509 00090009 00090000 F0162E22 3D524968 656C6C6F 2033E8B7
78797	16	1,2,3,4,5	5: 0x02003229 A7
78808	16	1,2,3,4,5	73: 0x61DCB6CD AB050005 00050005 00100010 00100010 007CD700 3F020100 01000100 01E31603 01992000 00100010 00100010 09000900 09000900 00F0162E 223D5249 68656C6C 6F203337 ED
78811	5	2,3,4,8,9,10,11,16	5: 0x0200B605 65
78840	5	2,3,4,8,9,10,11,16	73: 0x61DC18CD AB090009 00090009 00050005 00050005 007CD700 3E020100 01000100 01E31603 00992000 00100010 00100010 05000500 05000500 00F0162E 223D5249 68656C6C 6F20336F 8B
78843	9	2,3,4,5,6,7,8,10,11,12,13,14,15	5: 0x02001871 29
79336	15	8,9,10,11,12,13,14	56: 0x61DCC1CD AB080008 00080008 000F000F 000F000F 007EF500 02010001 00010001 E1066304 0000030A F0223D16 2E533168 656C6C6F 20324891
79338	8	2,3,4,5,6,7,9,10,11,12,13,14,15	5: 0x0200C13D 62
79381	8	2,3,4,5,6,7,9,10,11,12,13,14,15	65: 0x61DCE5CD AB050005 00050005 00080008 00080008 007CD500 3F020F00 0F000F00 0F020100 01000100 01E10663 04000002 09F0223D 162E5331 68656C6C 6F203208 D2
79384	5	2,3,4,8,9,10,11,16	5: 0x0200E51B 05
79412	5	2,3,4,8,9,10,11,16	65: 0x61DC19CD AB100010 00100010 00050005 00050005 007CD500 3E020F00 0F000F00 0F020100 01000100 01E10663 04000001 82F0223D 162E5331 68656C6C 6F2032D0 6B
79415	16	1,2,3,4,5	5: 0x020019F8 38
79440	16	1,2,3,4,5	57: 0x61DCB7CD AB010001 00010001 00100010 00100010 007CD700 3D020F00 0F000F00 0FE10663 04000001 00F0223D 162E5331 68656C6C 6F203298 C6
79442	1	16	5: 0x0200B78C 74
79471	1	16	72: 0x61DC33CD AB100010 00100010 00010001 00010001 007EF700 E31E0303 99300000 05000500 05000508 00080008 00080F00 0F000F00 0F000000 F0162E22 3D533168 656C6C6F 20325330
79474	16	1,2,3,4,5	5: 0x020033A0 B6
79481	16	1,2,3,4,5	81: 0x61DCB8CD AB050005 00050005 00100010 00100010 007CD700 3F020100 01000100 01E31E03 02993000 00100010 00100010 08000800 0800080F 000F000F 000F0000 00F0162E 223D5331 68656C6C 6F20322A 3E
79484	5	2,3,4,8,9,10,11,16	5: 0x0200B87B 8C
79498	5	2,3,4,8,9,10,11,16	81: 0x61DC1ACD AB080008 00080008 00050005 00050005 007CD700 3E020100 01000100 01E31E03 01993000 00100010 00100010 05000500 0500050F 000F000F 000F0000 00F0162E 223D5331 68656C6C 6F203243 67
79501	8	2,3,4,5,6,7,9,10,11,12,13,14,15	5: 0x02001A63 0A
79541	8	2,3,4,5,6,7,9,10,11,12,13,14,15	81: 0x61DCE6CD AB0F000F 000F000F 00080008 00080008 007CD700 3D020100 01000100 01E31E03 00993000 00100010 00100010 05000500 05000508 00080008 00080000 00F0162E 223D5331 68656C6C 6F203272 EA
79544	15	8,9,10,11,12,13,14	5: 0x0200E680 37
79950	10	3,4,5,7,8,9,11,13,14,15	56: 0x61DCF4CD AB050005 00050005 000A000A 000A000A 007EF500 02010001 00010001 E1066304 0000023C F0223D16 2E514568 656C6C6F 203434A6
79952	5	2,3,4,8,9,10,11,16	5: 0x0200F413 04
79980	5	2,3,4,8,9,10,11,16	65: 0x61DC1BCD AB100010 00100010 00050005 00050005 007CD500 3F020A00 0A000A00 0A020100 01000100 01E10663 04000001 82F0223D 162E5145 68656C6C 6F2034D8 54
79983	16	1,2,3,4,5	5: 0x02001BEA 1B
80026	16	1,2,3,4,5	57: 0x61DCB9CD AB010001 00010001 00100010 00100010 007CD700 3E020A00 0A000A00 0AE10663 04000001 00F0223D 162E5145 68656C6C 6F20344F C6
80028	1	16	5: 0x0200B9F2 9D
80054	1	16	64: 0x61DC34CD AB100010 00100010 00010001 00010001 007EF700 E3160302 99200000 05000500 0500050A 000A000A 000A0000 F0162E22 3D514568 656C6C6F 2034AF32
80056	16	1,2,3,4,5	5: 0x0200341F C2
80060	16	1,2,3,4,5	73: 0x61DCBACD AB050005 00050005 00100010 00100010 007CD700 3F020100 01000100 01E31603 01992000 00100010 00100010 0A000A00 0A000A00 00F0162E 223D5145 68656C6C 6F20340D 6D
80063	5	2,3,4,8,9,10,11,16	5: 0x0200BA69 AF
80076	5	2,3,4,8,9,10,11,16	73: 0x61DC1CCD AB0A000A 000A000A 00050005 00050005 007CD700 3E020100 01000100 01E31603 00992000 00100010 00100010 05000500 05000500 00F0162E 223D5145 68656C6C 6F20340C 59
80079	10	3,4,5,7,8,9,11,13,14,15	5: 0x02001C55 6F
80112	14	7,8,9,10,11,12,13,15	97: 0x41D897CD ABFFFF0E 000E000E 000E007A 3B3A1A9B 01FE5500 F0031708 F00000FD 00000000 00000002 01000100 01000104 0E00080C 00040000 80000100 1E003C08 1E4040FF FFFFFFFF FFFFFF00 000000FD 00000000 00000000 00000000 000000DB B7
80372	3	2,4,5,6,7,8,9,10,16	102: 0x61DCB4CD AB040004 00040004 00030003 00030003 007A333A 9B01FE70 00F001B4 08F00000 FD000000 00000000 02010001 00010001 040E0008 0C000400 00800001 001E003C 081E4040 FFFFFFFF FFFFFFFF 00000000 FD000000 00000000 00000000 00000000 4E13
80376	4	2,3,5,7,8,9,10,11,16	5: 0x0200B417 46
82539	16	1,2,3,4,5	97: 0x41D8BBCD ABFFFF10 00100010 0010007A 3B3A1A9B 01006500 F0010008 F00000FD 00000000 00000002 01000100 01000104 0E00080C 00040000 80000100 1E003C08 1E4040FF FFFFFFFF FFFFFF00 000000FD 00000000 00000000 00000000 000000C8 A6
83059	3	2,4,5,6,7,8,9,10,16	56: 0x61DCB5CD AB100010 00100010 00030003 00030003 007EF500 02010001 00010001 E1066304 000001B2 F0223D16 2E506168 656C6C6F 203586E8
83061	16	1,2,3,4,5	5: 0x0200B59E 57
83067	16	1,2,3,4,5	57: 0x61DCBCCD AB010001 00010001 00100010 00100010 007CD700 3F020300 03000300 03E10663 04000001 00F0223D 162E5061 68656C6C 6F20357F 2A
83069	1	16	5: 0x0200BC5F CA
83094	1	16	56: 0x61DC35CD AB100010 00100010 00010001 00010001 007EF700 E30E0301 99100000 03000300 03000300 F0162E22 3D506168 656C6C6F 2035AF42
83096	16	1,2,3,4,5	5: 0x02003596 D3
83118	16	1,2,3,4,5	65: 0x61DCBDCD AB030003 00030003 00100010 00100010 007CD700 3F020100 01000100 01E30E03 00991000 00100010 00100010 00F0162E 223D5061 68656C6C 6F203500 69
83121	3	2,4,5,6,7,8,9,10,16	5: 0x0200BDD6 DB
83942	2	3,4,5,6,7,8,9,16	102: 0x61DC06CD AB050005 00050005 00020002 00020002 007A333A 9B01FE97 00F0018D 08F00000 FD000000 00000000 02010001 00010001 040E0008 0C000400 00800001 001E003C 081E4040 FFFFFFFF FFFFFFFF 00000000 FD000000 00000000 00000000 00000000 1A6C
83946	5	2,3,4,8,9,10,11,16	5: 0x0200068E D0
84006	13	6,7,8,9,10,12,14,15	56: 0x61DC54CD AB080008 00080008 000D000D 000D000D 007EF500 02010001 00010001 E1066304 00000323 F0223D16 2E533968 656C6C6F 20323962
84008	8	2,3,4,5,6,7,9,10,11,12,13,14,15	5: 0x02005419 A1
84043	8	2,3,4,5,6,7,9,10,11,12,13,14,15	65: 0x61DCE7CD AB050005 00050005 00080008 00080008 007CD500 3F020D00 0D000D00 0D020100 01000100 01E10663 04000002 08F0223D 162E5339 68656C6C 6F203284 3C
84046	5	2,3,4,8,9,10,11,16	5: 0x0200E709 26
84072	5	2,3,4,8,9,10,11,16	65: 0x61DC1DCD AB100010 00100010 00050005 00050005 007CD500 3E020D00 0D000D00 0D020100 01000100 01E10663 04000001 80F0223D 162E5339 68656C6C 6F2032BB 64
84075	16	1,2,3,4,5	5: 0x02001DDC 7E
84093	16	1,2,3,4,5	57: 0x61DCBECD AB010001 00010001 00100010 00100010 007CD700 3D020D00 0D000D00 0DE10663 04000001 00F0223D 162E5339 68656C6C 6F2032AF 71
84095	1	16	5: 0x0200BE4D E9
84136	1	16	72: 0x61DC36CD AB100010 00100010 00010001 00010001 007EF700 E31E0303 99300000 05000500 05000508 00080008 00080D00 0D000D00 0D000000 F0162E22 3D533968 656C6C6F 2032C766
84139	16	1,2,3,4,5	5: 0x0200360D E1
84165	16	1,2,3,4,5	81: 0x61DCBFCD AB050005 00050005 00100010 00100010 007CD700 3F020100 01000100 01E31E03 02993000 00100010 00100010 08000800 0800080D 000D000D 000D0000 00F0162E 223D5339 68656C6C 6F203289 2F
84168	5	2,3,4,8,9,10,11,16	5: 0x0200BFC4 F8
84184	5	2,3,4,8,9,10,11,16	81: 0x61DC1ECD AB080008 00080008 00050005 00050005 007CD700 3E020100 01000100 01E31E03 01993000 00100010 00100010 05000500 0500050D 000D000D 000D0000 00F0162E 223D5339 68656C6C 6F203276 20
84187	8	2,3,4,5,6,7,9,10,11,12,13,14,15	5: 0x02001E47 4C
84193	7	2,3,4,6,8,9,10,12,13,14	56: 0x61DC8DCD AB020002 00020002 00070007 00070007 007EF500 02010001 00010001 E1066304 0000025D F0223D16 2E525168 656C6C6F 2033D77B
84195	2	3,4,5,6,7,8,9,16	5: 0x02008D55 EA
84226	8	2,3,4,5,6,7,9,10,11,12,13,14,15	81: 0x61DCE8CD AB0D000D 000D000D 00080008 00080008 007CD700 3D020100 01000100 01E31E03 00993000 00100010 00100010 05000500 05000508 00080008 00080000 00F0162E 223D5339 68656C6C 6F2032A5 52
84229	13	6,7,8,9,10,12,14,15	5: 0x0200E8FE DE
84316	2	3,4,5,6,7,8,9,16	65: 0x61DC07CD AB100010 00100010 00020002 00020002 007CD500 3F020700 07000700 07020100 01000100 01E10663 04000001 8DF0223D 162E5251 68656C6C 6F203392 7B
84319	16	1,2,3,4,5	5: 0x02000707 C1
84329	16	1,2,3,4,5	57: 0x61DCC0CD AB010001 00010001 00100010 00100010 007CD700 3E020700 07000700 07E10663 04000001 00F0223D 162E5251 68656C6C 6F203316 8D
84331	1	16	5: 0x0200C0B4 73
84354	1	16	64: 0x61DC37CD AB100010 00100010 00010001 00010001 007EF700 E3160302 99200000 02000200 02000207 00070007 00070000 F0162E22 3D525168 656C6C6F 203375BF
84356	16	1,2,3,4,5	5: 0x02003784 F0
84386	16	1,2,3,4,5	73: 0x61DCC1CD AB020002 00020002 00100010 00100010 007CD700 3F020100 01000100 01E31603 01992000 00100010 00100010 07000700 07000700 00F0162E 223D5251 68656C6C 6F2033AD 84
84389	2	3,4,5,6,7,8,9,16	5: 0x0200C13D 62
84399	2	3,4,5,6,7,8,9,16	73: 0x61DC08CD AB070007 00070007 00020002 00020002 007CD700 3E020100 01000100 01E31603 00992000 00100010 00100010 02000200 02000200 00F0162E 223D5251 68656C6C 6F203319 0A
84402	7	2,3,4,6,8,9,10,12,13,14	5: 0x020008F0 39
84929	11	4,5,8,9,10,14,15	56: 0x61DCFDCD AB050005 00050005 000B000B 000B000B 007EF500 02010001 00010001 E1066304 00000238 F0223D16 2E514168 656C6C6F 2034CD63
84931	5	2,3,4,8,9,10,11,16	5: 0x0200FDD2 99
84961	5	2,3,4,8,9,10,11,16	65: 0x61DC1FCD AB100010 00100010 00050005 00050005 007CD500 3F020B00 0B000B00 0B020100 01000100 01E10663 04000001 80F0223D 162E5141 68656C6C 6F203482 36
84964	16	1,2,3,4,5	5: 0x02001FCE 5D
84994	16	1,2,3,4,5	57: 0x61DCC2CD AB010001 00010001 00100010 00100010 007CD700 3E020B00 0B000B00 0BE10663 04000001 00F0223D 162E5141 68656C6C 6F203464 51
84996	1	16	5: 0x0200C2A6 50
85009	1	16	64: 0x61DC38CD AB100010 00100010 00010001 00010001 007EF700 E3160302 99200000 05000500 0500050B 000B000B 000B0000 F0162E22 3D514168 656C6C6F 2034E2AC
85011	5	2,3,4,8,9,10,11,16	56: 0x61DC20CD AB100010 00100010 00050005 00050005 007EF500 02010001 00010001 E1066304 00000180 F0223D16 2E505968 656C6C6F 2035FA58
85013	16	1,2,3,4,5	5: 0x020020BA 94
85021	16	1,2,3,4,5	57: 0x61DCC4CD AB010001 00010001 00100010 00100010 007CD700 3F020500 05000500 05E10663 04000001 00F0223D 162E5059 68656C6C 6F20357B DF
85023	1	16	5: 0x0200C490 35
85026	16	1,2,3,4,5	73: 0x61DCC3CD AB050005 00050005 00100010 00100010 007CD700 3F020100 01000100 01E31603 01992000 00100010 00100010 0B000B00 0B000B00 00F0162E 223D5141 68656C6C 6F2034EC DC
85030	5	2,3,4,8,9,10,11,16	5: 0x0200C32F 41
85060	5	2,3,4,8,9,10,11,16	73: 0x61DC21CD AB0B000B 000B000B 00050005 00050005 007CD700 3E020100 01000100 01E31603 00992000 00100010 00100010 05000500 05000500 00F0162E 223D5141 68656C6C 6F203417 7E
85063	11	4,5,8,9,10,14,15	5: 0x02002133 85
85068	8	2,3,4,5,6,7,9,10,11,12,13,14,15	97: 0x41D8E9CD ABFFFF08 00080008 0008007A 3B3A1A9B 01FF7D00 F0020708 F00000FD 00000000 00000002 01000100 01000104 0E00080C 00040000 80000100 1E003C08 1E4040FF FFFFFFFF FFFFFF00 000000FD 00000000 00000000 00000000 0000004A 0F
85081	1	16	64: 0x61DC38CD AB100010 00100010 00010001 00010001 007EF700 E3160302 99200000 05000500 0500050B 000B000B 000B0000 F0162E22 3D514168 656C6C6F 2034E2AC
85083	16	1,2,3,4,5	5: 0x02003873 08
85117	1	16	56: 0x61DC39CD AB100010 00100010 00010001 00010001 007EF700 E30E0301 99100000 05000500 05000500 F0162E22 3D505968 656C6C6F 20352990
85119	16	1,2,3,4,5	5: 0x020039FA 19
85139	16	1,2,3,4,5	65: 0x61DCC5CD AB050005 00050005 00100010 00100010 007CD700 3F020100 01000100 01E30E03 00991000 00100010 00100010 00F0162E 223D5059 68656C6C 6F2035AC 9E
85142	5	2,3,4,8,9,10,11,16	5: 0x0200C519 24
85702	8	2,3,4,5,6,7,9,10,11,12,13,14,15	102: 0x61DCEACD AB040004 00040004 00080008 00080008 007A333A 9B01FE09 00F00207 08F00000 FD000000 00000000 02010001 00010001 040E0008 0C000400 00800001 001E003C 081E4040 FFFFFFFF FFFFFFFF 00000000 FD000000 00000000 00000000 00000000 4EBB
85706	4	2,3,5,7,8,9,10,11,16	5: 0x0200EAEC FD
86308	8	2,3,4,5,6,7,9,10,11,12,13,14,15	56: 0x61DCEBCD AB050005 00050005 00080008 00080008 007EF500 02010001 00010001 E1066304 00000207 F0223D16 2E514D68 656C6C6F 2034CC7D
86310	5	2,3,4,8,9,10,11,16	5: 0x0200EB65 EC
86325	5	2,3,4,8,9,10,11,16	65: 0x61DC22CD AB100010 00100010 00050005 00050005 007CD500 3F020800 08000800 08020100 01000100 01E10663 04000001 80F0223D 162E514D 68656C6C 6F2034E4 9B
86328	16	1,2,3,4,5	5: 0x020022A8 B7
86363	16	1,2,3,4,5	57: 0x61DCC6CD AB010001 00010001 00100010 00100010 007CD700 3E020800 08000800 08E10663 04000001 00F0223D 162E514D 68656C6C 6F2034E4 08
86365	1	16	5: 0x0200C682 16
86384	1	16	64: 0x61DC3ACD AB100010 00100010 00010001 00010001 007EF700 E3160302 99200000 05000500 05000508 00080008 00080000 F0162E22 3D514D68 656C6C6F 2034CDE7
86386	16	1,2,3,4,5	5: 0x02003A61 2B
86394	4	2,3,5,7,8,9,10,11,16	56: 0x61DCE9CD AB100010 00100010 00040004 00040004 007EF500 02010001 00010001 E1066304 000001B2 F0223D16 2E505D68 656C6C6F 203562C9
86396	16	1,2,3,4,5	5: 0x0200E977 CF
86425	16	1,2,3,4,5	57: 0x61DCC8CD AB010001 00010001 00100010 00100010 007CD700 3F020400 04000400 04E10663 04000001 00F0223D 162E505D 68656C6C 6F2035AF F5
86427	1	16	5: 0x0200C8FC FF
86430	16	1,2,3,4,5	73: 0x61DCC7CD AB050005 00050005 00100010 00100010 007CD700 3F020100 01000100 01E31603 01992000 00100010 00100010 08000800 08000800 00F0162E 223D514D 68656C6C 6F2034E8 94
86434	5	2,3,4,8,9,10,11,16	5: 0x0200C70B 07
86437	5	2,3,4,8,9,10,11,16	73: 0x61DC23CD AB080008 00080008 00050005 00050005 007CD700 3E020100 01000100 01E31603 00992000 00100010 00100010 05000500 05000500 00F0162E 223D514D 68656C6C 6F203426 A5
86440	8	2,3,4,5,6,7,9,10,11,12,13,14,15	5: 0x02002321 A6
86454	1	16	56: 0x61DC3BCD AB100010 00100010 00010001 00010001 007EF700 E30E0301 99100000 04000400 04000400 F0162E22 3D505D68 656C6C6F 2035CF79
86456	16	1,2,3,4,5	5: 0x02003BE8 3A
86470	16	1,2,3,4,5	65: 0x61DCC9CD AB040004 00040004 00100010 00100010 007CD700 3F020100 01000100 01E30E03 00991000 00100010 00100010 00F0162E 223D505D 68656C6C 6F203552 67
86473	4	2,3,5,7,8,9,10,11,16	5: 0x0200C975 EE
87213	2	3,4,5,6,7,8,9,16	56: 0x61DC09CD AB100010 00100010 00020002 00020002 007EF500 02010001 00010001 E1066304 0000018B F0223D16 2E506568 656C6C6F 2035EE3B
87215	16	1,2,3,4,5	5: 0x02000979 28
87218	16	1,2,3,4,5	57: 0x61DCCACD AB010001 00010001 00100010 00100010 007CD700 3F020200 02000200 02E10663 04000001 00F0223D 162E5065 68656C6C 6F2035F6 63
87221	1	16	5: 0x0200CAEE DC
87225	1	16	56: 0x61DC3CCD AB100010 00100010 00010001 00010001 007EF700 E30E0301 99100000 02000200 02000200 F0162E22 3D506568 656C6C6F 20354CCC
87227	16	1,2,3,4,5	5: 0x02003C57 4E
87270	16	1,2,3,4,5	65: 0x61DCCBCD AB020002 00020002 00100010 00100010 007CD700 3F020100 01000100 01E30E03 00991000 00100010 00100010 00F0162E 223D5065 68656C6C 6F203541 18
87273	2	3,4,5,6,7,8,9,16	5: 0x0200CB67 CD
87575	12	6,7,8,9,13,14,15	56: 0x61DC3FCD AB080008 00080008 000C000C 000C000C 007EF500 02010001 00010001 E1066304 000002C1 F0223D16 2E523D68 656C6C6F 2033435E
87577	8	2,3,4,5,6,7,9,10,11,12,13,14,15	5: 0x02003FCC 7C
87598	8	2,3,4,5,6,7,9,10,11,12,13,14,15	65: 0x61DCECCD AB050005 00050005 00080008 00080008 007CD500 3F020C00 0C000C00 0C020100 01000100 01E10663 04000002 06F0223D 162E523D 68656C6C 6F203397 90
87601	5	2,3,4,8,9,10,11,16	5: 0x0200ECDA 98
87623	5	2,3,4,8,9,10,11,16	65: 0x61DC24CD AB100010 00100010 00050005 00050005 007CD500 3E020C00 0C000C00 0C020100 01000100 01E10663 04000001 80F0223D 162E523D 68656C6C 6F203396 0A
87626	16	1,2,3,4,5	5: 0x0200249E D2
87659	16	1,2,3,4,5	57: 0x61DCCCCD AB010001 00010001 00100010 00100010 007CD700 3D020C00 0C000C00 0CE10663 04000001 00F0223D 162E523D 68656C6C 6F2033ED 6D
87661	1	16	5: 0x0200CCD8 B9
87665	1	16	72: 0x61DC3DCD AB100010 00100010 00010001 00010001 007EF700 E31E0303 99300000 05000500 05000508 00080008 00080C00 0C000C00 0C000000 F0162E22 3D523D68 656C6C6F 20331B79
87668	16	1,2,3,4,5	5: 0x02003DDE 5F
87671	16	1,2,3,4,5	81: 0x61DCCDCD AB050005 00050005 00100010 00100010 007CD700 3F020100 01000100 01E31E03 02993000 00100010 00100010 08000800 0800080C 000C000C 000C0000 00F0162E 223D523D 68656C6C 6F203316 69
87674	5	2,3,4,8,9,10,11,16	5: 0x0200CD51 A8
87697	5	2,3,4,8,9,10,11,16	81: 0x61DC25CD AB080008 00080008 00050005 00050005 007CD700 3E020100 01000100 01E31E03 01993000 00100010 00100010 05000500 0500050C 000C000C 000C0000 00F0162E 223D523D 68656C6C 6F203356 33
87700	8	2,3,4,5,6,7,9,10,11,12,13,14,15	5: 0x02002517 C3
87729	8	2,3,4,5,6,7,9,10,11,12,13,14,15	81: 0x61DCEDCD AB0C000C 000C000C 00080008 00080008 007CD700 3D020100 01000100 01E31E03 00993000 00100010 00100010 05000500 05000508 00080008 00080000 00F0162E 223D523D 68656C6C 6F203356 B2
87732	12	6,7,8,9,13,14,15	5: 0x0200ED53 89
87755	5	2,3,4,8,9,10,11,16	97: 0x41D826CD ABFFFF05 00050005 0005007A 3B3A1A9B 01001100 F0018008 F00000FD 00000000 00000002 01000100 01000104 0E00080C 00040000 80000100 1E003C08 1E4040FF FFFFFFFF FFFFFF00 000000FD 00000000 00000000 00000000 0000006A 46
88008	14	7,8,9,10,11,12,13,15	56: 0x61DC98CD AB080008 00080008 000E000E 000E000E 007EF500 02010001 00010001 E1066304 000002C1 F0223D16 2E523568 656C6C6F 20339F44
88010	8	2,3,4,5,6,7,9,10,11,12,13,14,15	5: 0x02009879 AD
88045	8	2,3,4,5,6,7,9,10,11,12,13,14,15	65: 0x61DCEECD AB050005 00050005 00080008 00080008 007CD500 3F020E00 0E000E00 0E020100 01000100 01E10663 04000002 01F0223D 162E5235 68656C6C 6F2033F6 C6
88048	5	2,3,4,8,9,10,11,16	5: 0x0200EEC8 BB
88059	5	2,3,4,8,9,10,11,16	65: 0x61DC27CD AB100010 00100010 00050005 00050005 007CD500 3E020E00 0E000E00 0E020100 01000100 01E10663 04000001 80F0223D 162E5235 68656C6C 6F20338C DB
88062	16	1,2,3,4,5	5: 0x02002705 E0
88092	16	1,2,3,4,5	57: 0x61DCCECD AB010001 00010001 00100010 00100010 007CD700 3D020E00 0E000E00 0EE10663 04000001 00F0223D 162E5235 68656C6C 6F203310 8D
88094	1	16	5: 0x0200CECA 9A
88097	1	16	72: 0x61DC3ECD AB100010 00100010 00010001 00010001 007EF700 E31E0303 99300000 05000500 05000508 00080008 00080E00 0E000E00 0E000000 F0162E22 3D523568 656C6C6F 2033C1BF
88101	16	1,2,3,4,5	5: 0x02003E45 6D
88127	16	1,2,3,4,5	81: 0x61DCCFCD AB050005 00050005 00100010 00100010 007CD700 3F020100 01000100 01E31E03 02993000 00100010 00100010 08000800 0800080E 000E000E 000E0000 00F0162E 223D5235 68656C6C 6F20330F 83
88130	5	2,3,4,8,9,10,11,16	5: 0x0200CF43 8B
88172	5	2,3,4,8,9,10,11,16	81: 0x61DC28CD AB080008 00080008 00050005 00050005 007CD700 3E020100 01000100 01E31E03 01993000 00100010 00100010 05000500 0500050E 000E000E 000E0000 00F0162E 223D5235 68656C6C 6F203390 DD
88175	8	2,3,4,5,6,7,9,10,11,12,13,14,15	5: 0x020028F2 18
88207	8	2,3,4,5,6,7,9,10,11,12,13,14,15	81: 0x61DCEFCD AB0E000E 000E000E 00080008 00080008 007CD700 3D020100 01000100 01E31E03 00993000 00100010 00100010 05000500 05000508 00080008 00080000 00F0162E 223D5235 68656C6C 6F2033C8 58
88210	14	7,8,9,10,11,12,13,15	5: 0x0200EF41 AA
88571	6	2,3,7,8,9,12,13	56: 0x61DCEACD AB020002 00020002 00060006 00060006 007EF500 02010001 00010001 E1066304 00000272 F0223D16 2E515568 656C6C6F 2034EDB2
88573	2	3,4,5,6,7,8,9,16	5: 0x0200EAEC FD
88601	2	3,4,5,6,7,8,9,16	65: 0x61DC0ACD AB100010 00100010 00020002 00020002 007CD500 3F020600 06000600 06020100 01000100 01E10663 04000001 89F0223D 162E5155 68656C6C 6F2034F2 D1
88604	16	1,2,3,4,5	5: 0x02000AE2 1A
88636	16	1,2,3,4,5	57: 0x61DCD0CD AB010001 00010001 00100010 00100010 007CD700 3E020600 06000600 06E10663 04000001 00F0223D 162E5155 68656C6C 6F203447 39
88638	1	16	5: 0x0200D035 63
88655	1	16	64: 0x61DC3FCD AB100010 00100010 00010001 00010001 007EF700 E3160302 99200000 02000200 02000206 00060006 00060000 F0162E22 3D515568 656C6C6F 203450EF
88657	16	1,2,3,4,5	5: 0x02003FCC 7C
88664	16	1,2,3,4,5	73: 0x61DCD1CD AB020002 00020002 00100010 00100010 007CD700 3F020100 01000100 01E31603 01992000 00100010 00100010 06000600 06000600 00F0162E 223D5155 68656C6C 6F203424 D8
88667	2	3,4,5,6,7,8,9,16	5: 0x0200D1BC 72
88670	2	3,4,5,6,7,8,9,16	73: 0x61DC0BCD AB060006 00060006 00020002 00020002 007CD700 3E020100 01000100 01E31603 00992000 00100010 00100010 02000200 02000200 00F0162E 223D5155 68656C6C 6F2034D3 39
88673	6	2,3,7,8,9,12,13	5: 0x02000B6B 0B
89553	9	2,3,4,5,6,7,8,10,11,12,13,14,15	56: 0x61DC53CD AB050005 00050005 00090009 00090009 007EF500 02010001 00010001 E1066304 00000234 F0223D16 2E514968 656C6C6F 20341B98
89555	5	2,3,4,8,9,10,11,16	5: 0x020053A6 D5
89574	5	2,3,4,8,9,10,11,16	65: 0x61DC29CD AB100010 00100010 00050005 00050005 007CD500 3F020900 09000900 09020100 01000100 01E10663 04000001 80F0223D 162E5149 68656C6C 6F20341C 82
89577	16	1,2,3,4,5	5: 0x0200297B 09
89614	16	1,2,3,4,5	57: 0x61DCD2CD AB010001 00010001 00100010 00100010 007CD700 3E020900 09000900 09E10663 04000001 00F0223D 162E5149 68656C6C 6F2034B2 17
89616	1	16	5: 0x0200D227 40
89624	1	16	64: 0x61DC40CD AB100010 00100010 00010001 00010001 007EF700 E3160302 99200000 05000500 05000509 00090009 00090000 F0162E22 3D514968 656C6C6F 2034BC1B
89626	16	1,2,3,4,5	5: 0x020040BC F7
89643	16	1,2,3,4,5	73: 0x61DCD3CD AB050005 00050005 00100010 00100010 007CD700 3F020100 01000100 01E31603 01992000 00100010 00100010 09000900 09000900 00F0162E 223D5149 68656C6C 6F20349A 5F
89646	5	2,3,4,8,9,10,11,16	5: 0x0200D3AE 51
89688	5	2,3,4,8,9,10,11,16	73: 0x61DC2ACD AB090009 00090009 00050005 00050005 007CD700 3E020100 01000100 01E31603 00992000 00100010 00100010 05000500 05000500 00F0162E 223D5149 68656C6C 6F20347B C0
89691	9	2,3,4,5,6,7,8,10,11,12,13,14,15	5: 0x02002AE0 3B
89910	15	8,9,10,11,12,13,14	56: 0x61DCC2CD AB080008 00080008 000F000F 000F000F 007EF500 02010001 00010001 E1066304 000002AF F0223D16 2E523168 656C6C6F 203335D1
89912	8	2,3,4,5,6,7,9,10,11,12,13,14,15	5: 0x0200C2A6 50
89937	8	2,3,4,5,6,7,9,10,11,12,13,14,15	65: 0x61DCF0CD AB050005 00050005 00080008 00080008 007CD500 3F020F00 0F000F00 0F020100 01000100 01E10663 04000002 00F0223D 162E5231 68656C6C 6F2033CE 75
89940	5	2,3,4,8,9,10,11,16	5: 0x0200F037 42
89981	5	2,3,4,8,9,10,11,16	65: 0x61DC2BCD AB100010 00100010 00050005 00050005 007CD500 3E020F00 0F000F00 0F020100 01000100 01E10663 04000001 80F0223D 162E5231 68656C6C 6F203351 8C
89984	16	1,2,3,4,5	5: 0x02002B69 2A
89999	10	3,4,5,7,8,9,11,13,14,15	56: 0x61DCF5CD AB050005 00050005 000A000A 000A000A 007EF500 02010001 00010001 E1066304 00000232 F0223D16 2E504568 656C6C6F 20353D6C
90001	5	2,3,4,8,9,10,11,16	5: 0x0200F59A 15
90004	5	2,3,4,8,9,10,11,16	65: 0x61DC2CCD AB100010 00100010 00050005 00050005 007CD500 3F020A00 0A000A00 0A020100 01000100 01E10663 04000001 80F0223D 162E5045 68656C6C 6F203504 12
90007	16	1,2,3,4,5	5: 0x02002CD6 5E
90023	16	1,2,3,4,5	57: 0x61DCD4CD AB010001 00010001 00100010 00100010 007CD700 3D020F00 0F000F00 0FE10663 04000001 00F0223D 162E5231 68656C6C 6F203350 08
90025	1	16	5: 0x0200D411 25
90046	16	1,2,3,4,5	57: 0x61DCD5CD AB010001 00010001 00100010 00100010 007CD700 3E020A00 0A000A00 0AE10663 04000001 00F0223D 162E5045 68656C6C 6F2035F2 56
90048	1	16	5: 0x0200D598 34
90063	1	16	72: 0x61DC41CD AB100010 00100010 00010001 00010001 007EF700 E31E0303 99300000 05000500 05000508 00080008 00080F00 0F000F00 0F000000 F0162E22 3D523168 656C6C6F 203387C9
90066	16	1,2,3,4,5	5: 0x02004135 E6
90089	1	16	64: 0x61DC42CD AB100010 00100010 00010001 00010001 007EF700 E3160302 99200000 05000500 0500050A 000A000A 000A0000 F0162E22 3D504568 656C6C6F 2035E70C
90091	16	1,2,3,4,5	5: 0x020042AE D4
90100	16	1,2,3,4,5	81: 0x61DCD6CD AB050005 00050005 00100010 00100010 007CD700 3F020100 01000100 01E31E03 02993000 00100010 00100010 08000800 0800080F 000F000F 000F0000 00F0162E 223D5231 68656C6C 6F203399 D6
90103	5	2,3,4,8,9,10,11,16	5: 0x0200D603 06
90123	16	1,2,3,4,5	73: 0x61DCD7CD AB050005 00050005 00100010 00100010 007CD700 3F020100 01000100 01E31603 01992000 00100010 00100010 0A000A00 0A000A00 00F0162E 223D5045 68656C6C 6F2035EA 4B
90126	5	2,3,4,8,9,10,11,16	5: 0x0200D78A 17
90148	5	2,3,4,8,9,10,11,16	73: 0x61DC2ECD AB0A000A 000A000A 00050005 00050005 007CD700 3E020100 01000100 01E31603 00992000 00100010 00100010 05000500 05000500 00F0162E 223D5045 68656C6C 6F2035D4 EC
90151	10	3,4,5,7,8,9,11,13,14,15	5: 0x02002EC4 7D
90163	5	2,3,4,8,9,10,11,16	81: 0x61DC2DCD AB080008 00080008 00050005 00050005 007CD700 3E020100 01000100 01E31E03 01993000 00100010 00100010 05000500 0500050F 000F000F 000F0000 00F0162E 223D5231 68656C6C 6F20335C E5
90166	8	2,3,4,5,6,7,9,10,11,12,13,14,15	5: 0x02002D5F 4F
90188	8	2,3,4,5,6,7,9,10,11,12,13,14,15	81: 0x61DCF1CD AB0F000F 000F000F 00080008 00080008 007CD700 3D020100 01000100 01E31E03 00993000 00100010 00100010 05000500 05000508 00080008 00080000 00F0162E 223D5231 68656C6C 6F20334B 16
90191	15	8,9,10,11,12,13,14	5: 0x0200F1BE 53
90404	6	2,3,7,8,9,12,13	97: 0x41D8EBCD ABFFFF06 00060006 0006007A 3B3A1A9B 01FF2300 F0026908 F00000FD 00000000 00000002 01000100 01000104 0E00080C 00040000 80000100 1E003C08 1E4040FF FFFFFFFF FFFFFF00 000000FD 00000000 00000000 00000000 0000006E EC
91344	6	2,3,7,8,9,12,13	102: 0x61DCECCD AB030003 00030003 00060006 00060006 007A333A 9B01FDB3 00F00269 08F00000 FD000000 00000000 02010001 00010001 040E0008 0C000400 00800001 001E003C 081E4040 FFFFFFFF FFFFFFFF 00000000 FD000000 00000000 00000000 00000000 205E
91348	3	2,4,5,6,7,8,9,10,16	5: 0x0200ECDA 98
91681	7	2,3,4,6,8,9,10,12,13,14	97: 0x41D88ECD ABFFFF07 00070007 0007007A 3B3A1A9B 01FF3200 F0025608 F00000FD 00000000 00000002 01000100 01000104 0E00080C 00040000 80000100 1E003C08 1E4040FF FFFFFFFF FFFFFF00 000000FD 00000000 00000000 00000000 00000097 70
91908	3	2,4,5,6,7,8,9,10,16	97: 0x41D8B6CD ABFFFF03 00030003 0003007A 3B3A1A9B 01FFEB00 F001AD08 F00000FD 00000000 00000002 01000100 01000104 0E00080C 00040000 80000100 1E003C08 1E4040FF FFFFFFFF FFFFFF00 000000FD 00000000 00000000 00000000 00000049 DB
92090	3	2,4,5,6,7,8,9,10,16	56: 0x61DCB7CD AB100010 00100010 00030003 00030003 007EF500 02010001 00010001 E1066304 000001AD F0223D16 2E4F6168 656C6C6F 2036344F
92092	16	1,2,3,4,5	5: 0x0200B78C 74
92111	16	1,2,3,4,5	57: 0x61DCD8CD AB010001 00010001 00100010 00100010 007CD700 3F020300 03000300 03E10663 04000001 00F0223D 162E4F61 68656C6C 6F2036EF AE
92113	1	16	5: 0x0200D87D EF
92127	1	16	56: 0x61DC43CD AB100010 00100010 00010001 00010001 007EF700 E30E0301 99100000 03000300 03000300 F0162E22 3D4F6168 656C6C6F 20365252
92129	16	1,2,3,4,5	5: 0x02004327 C5
92137	16	1,2,3,4,5	65: 0x61DCD9CD AB030003 00030003 00100010 00100010 007CD700 3F020100 01000100 01E30E03 00991000 00100010 00100010 00F0162E 223D4F61 68656C6C 6F203665 65
92140	3	2,4,5,6,7,8,9,10,16	5: 0x0200D9F4 FE
93231	7	2,3,4,6,8,9,10,12,13,14	56: 0x61DC8FCD AB020002 00020002 00070007 00070007 007EF500 02010001 00010001 E1066304 00000256 F0223D16 2E515168 656C6C6F 2034A7AF
93233	2	3,4,5,6,7,8,9,16	5: 0x02008F47 C9
93247	2	3,4,5,6,7,8,9,16	65: 0x61DC0CCD AB100010 00100010 00020002 00020002 007CD500 3F020700 07000700 07020100 01000100 01E10663 04000001 88F0223D 162E5151 68656C6C 6F2034AE 84
93250	16	1,2,3,4,5	5: 0x02000CD4 7F
93263	16	1,2,3,4,5	57: 0x61DCDACD AB010001 00010001 00100010 00100010 007CD700 3E020700 07000700 07E10663 04000001 00F0223D 162E5151 68656C6C 6F2034FB 9A
93265	1	16	5: 0x0200DA6F CC
93299	1	16	64: 0x61DC44CD AB100010 00100010 00010001 00010001 007EF700 E3160302 99200000 02000200 02000207 00070007 00070000 F0162E22 3D515168 656C6C6F 20341508
93301	16	1,2,3,4,5	5: 0x02004498 B1
93337	16	1,2,3,4,5	73: 0x61DCDBCD AB020002 00020002 00100010 00100010 007CD700 3F020100 01000100 01E31603 01992000 00100010 00100010 07000700 07000700 00F0162E 223D5151 68656C6C 6F203436 07
93340	2	3,4,5,6,7,8,9,16	5: 0x0200DBE6 DD
93355	2	3,4,5,6,7,8,9,16	73: 0x61DC0DCD AB070007 00070007 00020002 00020002 007CD700 3E020100 01000100 01E31603 00992000 00100010 00100010 02000200 02000200 00F0162E 223D5151 68656C6C 6F2034BE 56
93358	7	2,3,4,6,8,9,10,12,13,14	5: 0x02000D5D 6E
94150	5	2,3,4,8,9,10,11,16	56: 0x61DC2FCD AB100010 00100010 00050005 00050005 007EF500 02010001 00010001 E1066304 00000180 F0223D16 2E4F5968 656C6C6F 20364193
94152	16	1,2,3,4,5	5: 0x02002F4D 6C
94180	16	1,2,3,4,5	57: 0x61DCDCCD AB010001 00010001 00100010 00100010 007CD700 3F020500 05000500 05E10663 04000001 00F0223D 162E4F59 68656C6C 6F2036DE B1
94182	1	16	5: 0x0200DC59 A9
94192	9	2,3,4,5,6,7,8,10,11,12,13,14,15	97: 0x41D854CD ABFFFF09 00090009 0009007A 3B3A1A9B 01FF5200 F0022E08 F00000FD 00000000 00000002 01000100 01000104 0E00080C 00040000 80000100 1E003C08 1E4040FF FFFFFFFF FFFFFF00 000000FD 00000000 00000000 00000000 0000005E 77
94224	1	16	56: 0x61DC45CD AB100010 00100010 00010001 00010001 007EF700 E30E0301 99100000 05000500 05000500 F0162E22 3D4F5968 656C6C6F 20363398
94226	16	1,2,3,4,5	5: 0x02004511 A0
94268	16	1,2,3,4,5	65: 0x61DCDDCD AB050005 00050005 00100010 00100010 007CD700 3F020100 01000100 01E30E03 00991000 00100010 00100010 00F0162E 223D4F59 68656C6C 6F2036EF 23
94271	5	2,3,4,8,9,10,11,16	5: 0x0200DDD0 B8
94863	13	6,7,8,9,10,12,14,15	56: 0x61DC55CD AB080008 00080008 000D000D 000D000D 007EF500 02010001 00010001 E1066304 000002C6 F0223D16 2E523968 656C6C6F 20333246
94865	8	2,3,4,5,6,7,9,10,11,12,13,14,15	5: 0x02005590 B0
94902	11	4,5,8,9,10,14,15	56: 0x61DCFECD AB050005 00050005 000B000B 000B000B 007EF500 02010001 00010001 E1066304 0000022E F0223D16 2E504168 656C6C6F 203596A5
94904	5	2,3,4,8,9,10,11,16	5: 0x0200FE49 AB
94927	5	2,3,4,8,9,10,11,16	65: 0x61DC30CD AB100010 00100010 00050005 00050005 007CD500 3F020B00 0B000B00 0B020100 01000100 01E10663 04000001 80F0223D 162E5041 68656C6C 6F20356E 06
94930	16	1,2,3,4,5	5: 0x0200303B 84
94948	16	1,2,3,4,5	57: 0x61DCDECD AB010001 00010001 00100010 00100010 007CD700 3E020B00 0B000B00 0BE10663 04000001 00F0223D 162E5041 68656C6C 6F20352D 31
94950	1	16	5: 0x0200DE4B 8A
94957	1	16	64: 0x61DC46CD AB100010 00100010 00010001 00010001 007EF700 E3160302 99200000 05000500 0500050B 000B000B 000B0000 F0162E22 3D504168 656C6C6F 20350A4B
94959	16	1,2,3,4,5	5: 0x0200468A 92
94966	8	2,3,4,5,6,7,9,10,11,12,13,14,15	65: 0x61DCF2CD AB050005 00050005 00080008 00080008 007CD500 3F020D00 0D000D00 0D020100 01000100 01E10663 04000002 00F0223D 162E5239 68656C6C 6F203368 D3
94969	5	2,3,4,8,9,10,11,16	5: 0x0200F225 61
94989	5	2,3,4,8,9,10,11,16	65: 0x61DC31CD AB100010 00100010 00050005 00050005 007CD500 3E020D00 0D000D00 0D020100 01000100 01E10663 04000001 80F0223D 162E5239 68656C6C 6F203393 CC
94992	16	1,2,3,4,5	5: 0x020031B2 95
94998	16	1,2,3,4,5	73: 0x61DCDFCD AB050005 00050005 00100010 00100010 007CD700 3F020100 01000100 01E31603 01992000 00100010 00100010 0B000B00 0B000B00 00F0162E 223D5041 68656C6C 6F203551 0A
95001	5	2,3,4,8,9,10,11,16	5: 0x0200DFC2 9B
95021	16	1,2,3,4,5	57: 0x61DCE0CD AB010001 00010001 00100010 00100010 007CD700 3D020D00 0D000D00 0DE10663 04000001 00F0223D 162E5239 68656C6C 6F2033C1 0A
95023	1	16	5: 0x0200E0B6 52
95039	1	-	72: 0x61DC47CD AB100010 00100010 00010001 00010001 007EF700 E31E0303 99300000 05000500 05000508 00080008 00080D00 0D000D00 0D000000 F0162E22 3D523968 656C6C6F 203334D7
95041	4	2,3,5,7,8,9,10,11	97: 0x41D8EACD ABFFFF04 00040004 0004007A 3B3A1A9B 01FFE700 F001AD08 F00000FD 00000000 00000002 01000100 01000104 0E00080C 00040000 80000100 1E003C08 1E4040FF FFFFFFFF FFFFFF00 000000FD 00000000 00000000 00000000 000000F5 02
95072	1	16	72: 0x61DC47CD AB100010 00100010 00010001 00010001 007EF700 E31E0303 99300000 05000500 05000508 00080008 00080D00 0D000D00 0D000000 F0162E22 3D523968 656C6C6F 203334D7
95075	16	1,2,3,4,5	5: 0x02004703 83
95114	5	2,3,4,8,9,10,11,16	73: 0x61DC32CD AB0B000B 000B000B 00050005 00050005 007CD700 3E020100 01000100 01E31603 00992000 00100010 00100010 05000500 05000500 00F0162E 223D5041 68656C6C 6F20359A A2
95117	11	4,5,8,9,10,14,15	5: 0x02003229 A7
95130	16	1,2,3,4,5	81: 0x61DCE1CD AB050005 00050005 00100010 00100010 007CD700 3F020100 01000100 01E31E03 02993000 00100010 00100010 08000800 0800080D 000D000D 000D0000 00F0162E 223D5239 68656C6C 6F20330F 86
95133	5	2,3,4,8,9,10,11,16	5: 0x0200E13F 43
95162	5	2,3,4,8,9,10,11,16	81: 0x61DC33CD AB080008 00080008 00050005 00050005 007CD700 3E020100 01000100 01E31E03 01993000 00100010 00100010 05000500 0500050D 000D000D 000D0000 00F0162E 223D5239 68656C6C 6F20331F 62
95165	8	2,3,4,5,6,7,9,10,11,12,13,14,15	5: 0x020033A0 B6
95194	8	2,3,4,5,6,7,9,10,11,12,13,14,15	81: 0x61DCF3CD AB0D000D 000D000D 00080008 00080008 007CD700 3D020100 01000100 01E31E03 00993000 00100010 00100010 05000500 05000508 00080008 00080000 00F0162E 223D5239 68656C6C 6F2033D5 FC
95197	13	6,7,8,9,10,12,14,15	5: 0x0200F3AC 70
96016	12	6,7,8,9,13,14,15	102: 0x61DC40CD AB090009 00090009 000C000C 000C000C 007A333A 9B01FD31 00F002BB 08F00000 FD000000 00000000 02010001 00010001 040E0008 0C000400 00800001 001E003C 081E4040 FFFFFFFF FFFFFFFF 00000000 FD000000 00000000 00000000 00000000 7B6C
96020	9	2,3,4,5,6,7,8,10,11,12,13,14,15	5: 0x020040BC F7
96565	4	2,3,5,7,8,9,10,11,16	56: 0x61DCEBCD AB100010 00100010 00040004 00040004 007EF500 02010001 00010001 E1066304 000001AD F0223D16 2E4F5D68 656C6C6F 2036D06E
96567	16	1,2,3,4,5	5: 0x0200EB65 EC
96586	16	1,2,3,4,5	57: 0x61DCE2CD AB010001 00010001 00100010 00100010 007CD700 3F020400 04000400 04E10663 04000001 00F0223D 162E4F5D 68656C6C 6F2036D9 70
96588	1	16	5: 0x0200E2A4 71
96620	1	16	56: 0x61DC48CD AB100010 00100010 00010001 00010001 007EF700 E30E0301 99100000 04000400 04000400 F0162E22 3D4F5D68 656C6C6F 203649E1
96622	16	1,2,3,4,5	5: 0x020048F4 7B
96625	16	1,2,3,4,5	65: 0x61DCE3CD AB040004 00040004 00100010 00100010 007CD700 3F020100 01000100 01E30E03 00991000 00100010 00100010 00F0162E 223D4F5D 68656C6C 6F2036B0 F1
96628	4	2,3,5,7,8,9,10,11,16	5: 0x0200E32D 60
97136	8	2,3,4,5,6,7,9,10,11,12,13,14,15	56: 0x61DCF4CD AB050005 00050005 00080008 00080008 007EF500 02010001 00010001 E1066304 00000200 F0223D16 2E504D68 656C6C6F 2035B487
97138	5	2,3,4,8,9,10,11,16	5: 0x0200F413 04
97141	5	2,3,4,8,9,10,11,16	65: 0x61DC34CD AB100010 00100010 00050005 00050005 007CD500 3F020800 08000800 08020100 01000100 01E10663 04000001 80F0223D 162E504D 68656C6C 6F2035BE BD
97144	16	1,2,3,4,5	5: 0x0200341F C2
97162	16	1,2,3,4,5	57: 0x61DCE4CD AB010001 00010001 00100010 00100010 007CD700 3E020800 08000800 08E10663 04000001 00F0223D 162E504D 68656C6C 6F2035BF 99
97164	1	16	5: 0x0200E492 14
97186	1	16	64: 0x61DC49CD AB100010 00100010 00010001 00010001 007EF700 E3160302 99200000 05000500 05000508 00080008 00080000 F0162E22 3D504D68 656C6C6F 203561AE
97188	16	1,2,3,4,5	5: 0x0200497D 6A
97193	16	1,2,3,4,5	73: 0x61DCE5CD AB050005 00050005 00100010 00100010 007CD700 3F020100 01000100 01E31603 01992000 00100010 00100010 08000800 08000800 00F0162E 223D504D 68656C6C 6F20353C F4
97196	5	2,3,4,8,9,10,11,16	5: 0x0200E51B 05
97201	5	2,3,4,8,9,10,11,16	73: 0x61DC35CD AB080008 00080008 00050005 00050005 007CD700 3E020100 01000100 01E31603 00992000 00100010 00100010 05000500 05000500 00F0162E 223D504D 68656C6C 6F2035B4 87
97204	8	2,3,4,5,6,7,9,10,11,12,13,14,15	5: 0x02003596 D3
97332	2	3,4,5,6,7,8,9,16	56: 0x61DC0ECD AB100010 00100010 00020002 00020002 007EF500 02010001 00010001 E1066304 00000187 F0223D16 2E4F6568 656C6C6F 2036BD6E
97334	16	1,2,3,4,5	5: 0x02000EC6 5C
97368	16	1,2,3,4,5	57: 0x61DCE6CD AB010001 00010001 00100010 00100010 007CD700 3F020200 02000200 02E10663 04000001 00F0223D 162E4F65 68656C6C 6F2036E8 6F
97370	1	16	5: 0x0200E680 37
97402	1	16	56: 0x61DC4ACD AB100010 00100010 00010001 00010001 007EF700 E30E0301 99100000 02000200 02000200 F0162E22 3D4F6568 656C6C6F 2036B1DC
97404	16	1,2,3,4,5	5: 0x02004AE6 58
97416	16	1,2,3,4,5	65: 0x61DCE7CD AB020002 00020002 00100010 00100010 007CD700 3F020100 01000100 01E30E03 00991000 00100010 00100010 00F0162E 223D4F65 68656C6C 6F20363A B7
97419	2	3,4,5,6,7,8,9,16	5: 0x0200E709 26
97482	14	7,8,9,10,11,12,13,15	56: 0x61DC99CD AB080008 00080008 000E000E 000E000E 007EF500 02010001 00010001 E1066304 000002BB F0223D16 2E513568 656C6C6F 20346C2C
97484	8	2,3,4,5,6,7,9,10,11,12,13,14,15	5: 0x020099F0 BC
97504	8	2,3,4,5,6,7,9,10,11,12,13,14,15	65: 0x61DCF5CD AB050005 00050005 00080008 00080008 007CD500 3F020E00 0E000E00 0E020100 01000100 01E10663 04000002 00F0223D 162E5135 68656C6C 6F2034C4 52
97507	5	2,3,4,8,9,10,11,16	5: 0x0200F59A 15
97544	5	2,3,4,8,9,10,11,16	65: 0x61DC36CD AB100010 00100010 00050005 00050005 007CD500 3E020E00 0E000E00 0E020100 01000100 01E10663 04000001 80F0223D 162E5135 68656C6C 6F20343F 4D
97547	16	1,2,3,4,5	5: 0x0200360D E1
97553	16	1,2,3,4,5	57: 0x61DCE8CD AB010001 00010001 00100010 00100010 007CD700 3D020E00 0E000E00 0EE10663 04000001 00F0223D 162E5135 68656C6C 6F203438 EB
97555	1	16	5: 0x0200E8FE DE
97582	1	16	72: 0x61DC4BCD AB100010 00100010 00010001 00010001 007EF700 E31E0303 99300000 05000500 05000508 00080008 00080E00 0E000E00 0E000000 F0162E22 3D513568 656C6C6F 20348A10
97585	16	1,2,3,4,5	5: 0x02004B6F 49
97625	16	1,2,3,4,5	81: 0x61DCE9CD AB050005 00050005 00100010 00100010 007CD700 3F020100 01000100 01E31E03 02993000 00100010 00100010 08000800 0800080E 000E000E 000E0000 00F0162E 223D5135 68656C6C 6F2034BD F2
97628	5	2,3,4,8,9,10,11,16	5: 0x0200E977 CF
97637	5	2,3,4,8,9,10,11,16	81: 0x61DC37CD AB080008 00080008 00050005 00050005 007CD700 3E020100 01000100 01E31E03 01993000 00100010 00100010 05000500 0500050E 000E000E 000E0000 00F0162E 223D5135 68656C6C 6F2034E4 44
97640	8	2,3,4,5,6,7,9,10,11,12,13,14,15	5: 0x02003784 F0
97665	8	2,3,4,5,6,7,9,10,11,12,13,14,15	81: 0x61DCF6CD AB0E000E 000E000E 00080008 00080008 007CD700 3D020100 01000100 01E31E03 00993000 00100010 00100010 05000500 05000508 00080008 00080000 00F0162E 223D5135 68656C6C 6F203490 6C
97668	14	7,8,9,10,11,12,13,15	5: 0x0200F601 27
98075	2	3,4,5,6,7,8,9,16	97: 0x41D80FCD ABFFFF02 00020002 0002007A 3B3A1A9B 01001700 F0018608 F00000FD 00000000 00000002 01000100 01000104 0E00080C 00040000 80000100 1E003C08 1E4040FF FFFFFFFF FFFFFF00 000000FD 00000000 00000000 00000000 000000AA ED
98254	12	6,7,8,9,13,14,15	56: 0x61DC41CD AB080008 00080008 000C000C 000C000C 007EF500 02010001 00010001 E1066304 000002BB F0223D16 2E513D68 656C6C6F 2034ABE5
98256	8	2,3,4,5,6,7,9,10,11,12,13,14,15	5: 0x02004135 E6
98286	8	2,3,4,5,6,7,9,10,11,12,13,14,15	65: 0x61DCF7CD AB050005 00050005 00080008 00080008 007CD500 3F020C00 0C000C00 0C020100 01000100 01E10663 04000002 00F0223D 162E513D 68656C6C 6F203462 F4
98289	5	2,3,4,8,9,10,11,16	5: 0x0200F788 36
98324	10	3,4,5,7,8,9,11,13,14,15	97: 0x41D8F6CD ABFFFF0A 000A000A 000A007A 3B3A1A9B 01FF4F00 F0022D08 F00000FD 00000000 00000002 01000100 01000104 0E00080C 00040000 80000100 1E003C08 1E4040FF FFFFFFFF FFFFFF00 000000FD 00000000 00000000 00000000 00000073 E3
98415	5	2,3,4,8,9,10,11,16	65: 0x61DC38CD AB100010 00100010 00050005 00050005 007CD500 3E020C00 0C000C00 0C020100 01000100 01E10663 04000001 80F0223D 162E513D 68656C6C 6F2034AB 98
98418	16	1,2,3,4,5	5: 0x02003873 08
98445	16	1,2,3,4,5	57: 0x61DCEACD AB010001 00010001 00100010 00100010 007CD700 3D020C00 0C000C00 0CE10663 04000001 00F0223D 162E513D 68656C6C 6F2034C5 0B
98447	1	16	5: 0x0200EAEC FD
98466	1	16	72: 0x61DC4CCD AB100010 00100010 00010001 00010001 007EF700 E31E0303 99300000 05000500 05000508 00080008 00080C00 0C000C00 0C000000 F0162E22 3D513D68 656C6C6F 20342436
98469	16	1,2,3,4,5	5: 0x02004CD0 3D
98485	16	1,2,3,4,5	81: 0x61DCEBCD AB050005 00050005 00100010 00100010 007CD700 3F020100 01000100 01E31E03 02993000 00100010 00100010 08000800 0800080C 000C000C 000C0000 00F0162E 223D513D 68656C6C 6F2034A4 18
98488	5	2,3,4,8,9,10,11,16	5: 0x0200EB65 EC
98523	5	2,3,4,8,9,10,11,16	81: 0x61DC39CD AB080008 00080008 00050005 00050005 007CD700 3E020100 01000100 01E31E03 01993000 00100010 00100010 05000500 0500050C 000C000C 000C0000 00F0162E 223D513D 68656C6C 6F2034B4 FC
98526	8	2,3,4,5,6,7,9,10,11,12,13,14,15	5: 0x020039FA 19
98536	8	2,3,4,5,6,7,9,10,11,12,13,14,15	81: 0x61DCF8CD AB0C000C 000C000C 00080008 00080008 007CD700 3D020100 01000100 01E31E03 00993000 00100010 00100010 05000500 05000508 00080008 00080000 00F0162E 223D513D 68656C6C 6F203447 D4
98539	12	6,7,8,9,13,14,15	5: 0x0200F87F CE
98784	6	2,3,7,8,9,12,13	56: 0x61DCEDCD AB020002 00020002 00060006 00060006 007EF500 02010001 00010001 E1066304 00000251 F0223D16 2E505568 656C6C6F 2035810C
98786	2	3,4,5,6,7,8,9,16	5: 0x0200ED53 89
98823	2	3,4,5,6,7,8,9,16	65: 0x61DC10CD AB100010 00100010 00020002 00020002 007CD500 3F020600 06000600 06020100 01000100 01E10663 04000001 86F0223D 162E5055 68656C6C 6F20352F 25
98826	16	1,2,3,4,5	5: 0x02001039 A5
98864	16	1,2,3,4,5	57: 0x61DCECCD AB010001 00010001 00100010 00100010 007CD700 3E020600 06000600 06E10663 04000001 00F0223D 162E5055 68656C6C 6F2035F6 14
98866	1	16	5: 0x0200ECDA 98
98897	1	16	64: 0x61DC4DCD AB100010 00100010 00010001 00010001 007EF700 E3160302 99200000 02000200 02000206 00060006 00060000 F0162E22 3D505568 656C6C6F 2035C8BD
98899	16	1,2,3,4,5	5: 0x02004D59 2C
98927	16	1,2,3,4,5	73: 0x61DCEDCD AB020002 00020002 00100010 00100010 007CD700 3F020100 01000100 01E31603 01992000 00100010 00100010 06000600 06000600 00F0162E 223D5055 68656C6C 6F203590 AC
98930	2	3,4,5,6,7,8,9,16	5: 0x0200ED53 89
98940	2	3,4,5,6,7,8,9,16	73: 0x61DC11CD AB060006 00060006 00020002 00020002 007CD700 3E020100 01000100 01E31603 00992000 00100010 00100010 02000200 02000200 00F0162E 223D5055 68656C6C 6F203584 44
98943	6	2,3,7,8,9,12,13	5: 0x020011B0 B4
99602	10	3,4,5,7,8,9,11,13,14,15	56: 0x61DCF7CD AB050005 00050005 000A000A 000A000A 007EF500 02010001 00010001 E1066304 0000022D F0223D16 2E4F4568 656C6C6F 20368FCB
99604	5	2,3,4,8,9,10,11,16	5: 0x0200F788 36
99610	5	2,3,4,8,9,10,11,16	65: 0x61DC3ACD AB100010 00100010 00050005 00050005 007CD500 3F020A00 0A000A00 0A020100 01000100 01E10663 04000001 80F0223D 162E4F45 68656C6C 6F20360D 33
99613	16	1,2,3,4,5	5: 0x02003A61 2B
99648	16	1,2,3,4,5	57: 0x61DCEECD AB010001 00010001 00100010 00100010 007CD700 3E020A00 0A000A00 0AE10663 04000001 00F0223D 162E4F45 68656C6C 6F20361B 31
99650	1	16	5: 0x0200EEC8 BB
99661	1	16	64: 0x61DC4ECD AB100010 00100010 00010001 00010001 007EF700 E3160302 99200000 05000500 0500050A 000A000A 000A0000 F0162E22 3D4F4568 656C6C6F 2036B0E2
99663	16	1,2,3,4,5	5: 0x02004EC2 1E
99689	16	1,2,3,4,5	73: 0x61DCEFCD AB050005 00050005 00100010 00100010 007CD700 3F020100 01000100 01E31603 01992000 00100010 00100010 0A000A00 0A000A00 00F0162E 223D4F45 68656C6C 6F20364E 0D
99692	5	2,3,4,8,9,10,11,16	5: 0x0200EF41 AA
99720	5	2,3,4,8,9,10,11,16	73: 0x61DC3BCD AB0A000A 000A000A 00050005 00050005 007CD700 3E020100 01000100 01E31603 00992000 00100010 00100010 05000500 05000500 00F0162E 223D4F45 68656C6C 6F2036E0 9C
99723	10	3,4,5,7,8,9,11,13,14,15	5: 0x02003BE8 3A
100031	12	6,7,8,9,13,14,15	97: 0x41D842CD ABFFFF0C 000C000C 000C007A 3B3A1A9B 01FEBF00 F002B508 F00000FD 00000000 00000002 01000100 01000104 0E00080C 00040000 80000100 1E003C08 1E4040FF FFFFFFFF FFFFFF00 000000FD 00000000 00000000 00000000 000000AC 7E
100067	15	8,9,10,11,12,13,14	56: 0x61DCC3CD AB080008 00080008 000F000F 000F000F 007EF500 02010001 00010001 E1066304 000002AB F0223D16 2E513168 656C6C6F 2034D624
100069	8	2,3,4,5,6,7,9,10,11,12,13,14,15	5: 0x0200C32F 41
100086	8	2,3,4,5,6,7,9,10,11,12,13,14,15	65: 0x61DCF9CD AB050005 00050005 00080008 00080008 007CD500 3F020F00 0F000F00 0F020100 01000100 01E10663 04000002 00F0223D 162E5131 68656C6C 6F203419 05
100089	5	2,3,4,8,9,10,11,16	5: 0x0200F9F6 DF
100130	5	2,3,4,8,9,10,11,16	65: 0x61DC3CCD AB100010 00100010 00050005 00050005 007CD500 3E020F00 0F000F00 0F020100 01000100 01E10663 04000001 80F0223D 162E5131 68656C6C 6F20347B 23
100133	16	1,2,3,4,5	5: 0x02003C57 4E
100166	16	1,2,3,4,5	57: 0x61DCF0CD AB010001 00010001 00100010 00100010 007CD700 3D020F00 0F000F00 0FE10663 04000001 00F0223D 162E5131 68656C6C 6F2034AF EE
100168	1	16	5: 0x0200F037 42
100177	1	16	72: 0x61DC4FCD AB100010 00100010 00010001 00010001 007EF700 E31E0303 99300000 05000500 05000508 00080008 00080F00 0F000F00 0F000000 F0162E22 3D513168 656C6C6F 20348833
100180	16	1,2,3,4,5	5: 0x02004F4B 0F
100194	16	1,2,3,4,5	81: 0x61DCF1CD AB050005 00050005 00100010 00100010 007CD700 3F020100 01000100 01E31E03 02993000 00100010 00100010 08000800 0800080F 000F000F 000F0000 00F0162E 223D5131 68656C6C 6F203459 95
100197	5	2,3,4,8,9,10,11,16	5: 0x0200F1BE 53
100237	5	2,3,4,8,9,10,11,16	81: 0x61DC3DCD AB080008 00080008 00050005 00050005 007CD700 3E020100 01000100 01E31E03 01993000 00100010 00100010 05000500 0500050F 000F000F 000F0000 00F0162E 223D5131 68656C6C 6F2034F7 78
100240	8	2,3,4,5,6,7,9,10,11,12,13,14,15	5: 0x02003DDE 5F
100277	8	2,3,4,5,6,7,9,10,11,12,13,14,15	81: 0x61DCFACD AB0F000F 000F000F 00080008 00080008 007CD700 3D020100 01000100 01E31E03 00993000 00100010 00100010 05000500 05000508 00080008 00080000 00F0162E 223D5131 68656C6C 6F2034E4 79
100280	15	8,9,10,11,12,13,14	5: 0x0200FA6D ED
100299	9	2,3,4,5,6,7,8,10,11,12,13,14,15	56: 0x61DC55CD AB050005 00050005 00090009 00090009 007EF500 02010001 00010001 E1066304 0000022E F0223D16 2E504968 656C6C6F 2035F0AF
100301	5	2,3,4,8,9,10,11,16	5: 0x02005590 B0
100309	5	2,3,4,8,9,10,11,16	65: 0x61DC3ECD AB100010 00100010 00050005 00050005 007CD500 3F020900 09000900 09020100 01000100 01E10663 04000001 80F0223D 162E5049 68656C6C 6F2035FA D3
100312	16	1,2,3,4,5	5: 0x02003E45 6D
100355	16	1,2,3,4,5	57: 0x61DCF2CD AB010001 00010001 00100010 00100010 007CD700 3E020900 09000900 09E10663 04000001 00F0223D 162E5049 68656C6C 6F20353E 06
100357	1	16	5: 0x0200F225 61
100380	1	16	64: 0x61DC50CD AB100010 00100010 00010001 00010001 007EF700 E3160302 99200000 05000500 05000509 00090009 00090000 F0162E22 3D504968 656C6C6F 203599FC
100382	16	1,2,3,4,5	5: 0x0200503D E7
100408	16	1,2,3,4,5	73: 0x61DCF3CD AB050005 00050005 00100010 00100010 007CD700 3F020100 01000100 01E31603 01992000 00100010 00100010 09000900 09000900 00F0162E 223D5049 68656C6C 6F2035E7 A1
100411	5	2,3,4,8,9,10,11,16	5: 0x0200F3AC 70
100442	5	2,3,4,8,9,10,11,16	73: 0x61DC3FCD AB090009 00090009 00050005 00050005 007CD700 3E020100 01000100 01E31603 00992000 00100010 00100010 05000500 05000500 00F0162E 223D5049 68656C6C 6F20351C B7
100445	9	2,3,4,5,6,7,8,10,11,12,13,14,15	5: 0x02003FCC 7C
100863	11	4,5,8,9,10,14,15	97: 0x41D8FFCD ABFFFF0B 000B000B 000B007A 3B3A1A9B 01FF4F00 F0022908 F00000FD 00000000 00000002 01000100 01000104 0E00080C 00040000 80000100 1E003C08 1E4040FF FFFFFFFF FFFFFF00 000000FD 00000000 00000000 00000000 00000067 A0
102044	7	2,3,4,6,8,9,10,12,13,14	102: 0x61DC90CD AB040004 00040004 00070007 00070007 007A333A 9B01FDDC 00F00238 08F00000 FD000000 00000000 02010001 00010001 040E0008 0C000400 00800001 001E003C 081E4040 FFFFFFFF FFFFFFFF 00000000 FD000000 00000000 00000000 00000000 AABE
102048	4	2,3,5,7,8,9,10,11,16	5: 0x02009031 21
103009	3	2,4,5,6,7,8,9,10,16	56: 0x61DCB8CD AB100010 00100010 00030003 00030003 007EF500 02010001 00010001 E1066304 000001A8 F0223D16 2E4E6168 656C6C6F 20374FE3
103011	16	1,2,3,4,5	5: 0x0200B87B 8C
103027	1	16	97: 0x41D851CD ABFFFF01 00010001 0001007A 3B3A1A9B 01012100 F0008008 F00000FD 00000000 00000002 01000100 01000104 0E00080C 00040000 80000100 1E003C08 1E4040FF FFFFFFFF FFFFFF00 000000FD 00000000 00000000 00000000 000000D0 05
103037	16	1,2,3,4,5	57: 0x61DCF4CD AB010001 00010001 00100010 00100010 007CD700 3F020300 03000300 03E10663 04000001 00F0223D 162E4E61 68656C6C 6F2037A2 A5
103039	1	16	5: 0x0200F413 04
103065	1	16	56: 0x61DC52CD AB100010 00100010 00010001 00010001 007EF700 E30E0301 99100000 03000300 03000300 F0162E22 3D4E6168 656C6C6F 203793B7
103067	16	1,2,3,4,5	5: 0x0200522F C4
103092	16	1,2,3,4,5	65: 0x61DCF5CD AB030003 00030003 00100010 00100010 007CD700 3F020100 01000100 01E30E03 00991000 00100010 00100010 00F0162E 223D4E61 68656C6C 6F20374D CD
103095	3	2,4,5,6,7,8,9,10,16	5: 0x0200F59A 15
103210	9	2,3,4,5,6,7,8,10,11,12,13,14,15	102: 0x61DC56CD AB040004 00040004 00090009 00090009 007A333A 9B01FDE3 00F00229 08F00000 FD000000 00000000 02010001 00010001 040E0008 0C000400 00800001 001E003C 081E4040 FFFFFFFF FFFFFFFF 00000000 FD000000 00000000 00000000 00000000 5E64
103214	4	2,3,5,7,8,9,10,11,16	5: 0x0200560B 82
103885	7	2,3,4,6,8,9,10,12,13,14	56: 0x61DC91CD AB020002 00020002 00070007 00070007 007EF500 02010001 00010001 E1066304 00000238 F0223D16 2E505168 656C6C6F 20350EE5
103887	2	3,4,5,6,7,8,9,16	5: 0x020091B8 30
103892	2	3,4,5,6,7,8,9,16	65: 0x61DC12CD AB100010 00100010 00020002 00020002 007CD500 3F020700 07000700 07020100 01000100 01E10663 04000001 85F0223D 162E5051 68656C6C 6F2035C6 36
103895	16	1,2,3,4,5	5: 0x0200122B 86
103930	16	1,2,3,4,5	57: 0x61DCF6CD AB010001 00010001 00100010 00100010 007CD700 3E020700 07000700 07E10663 04000001 00F0223D 162E5051 68656C6C 6F2035B6 91
103932	1	16	5: 0x0200F601 27
103943	1	16	64: 0x61DC53CD AB100010 00100010 00010001 00010001 007EF700 E3160302 99200000 02000200 02000207 00070007 00070000 F0162E22 3D505168 656C6C6F 2035BCAE
103945	16	1,2,3,4,5	5: 0x020053A6 D5
103972	16	1,2,3,4,5	73: 0x61DCF7CD AB020002 00020002 00100010 00100010 007CD700 3F020100 01000100 01E31603 01992000 00100010 00100010 07000700 07000700 00F0162E 223D5051 68656C6C 6F20358E A6
103975	2	3,4,5,6,7,8,9,16	5: 0x0200F788 36
103994	2	3,4,5,6,7,8,9,16	73: 0x61DC13CD AB070007 00070007 00020002 00020002 007CD700 3E020100 01000100 01E31603 00992000 00100010 00100010 02000200 02000200 00F0162E 223D5051 68656C6C 6F2035AA 1E
103997	7	2,3,4,6,8,9,10,12,13,14	5: 0x020013A2 97
104047	14	7,8,9,10,11,12,13,15	97: 0x41D89ACD ABFFFF0E 000E000E 000E007A 3B3A1A9B 01FEB700 F002B508 F00000FD 00000000 00000002 01000100 01000104 0E00080C 00040000 80000100 1E003C08 1E4040FF FFFFFFFF FFFFFF00 000000FD 00000000 00000000 00000000 00000051 7E
104125	13	6,7,8,9,10,12,14,15	56: 0x61DC56CD AB080008 00080008 000D000D 000D000D 007EF500 02010001 00010001 E1066304 000002BF F0223D16 2E513968 656C6C6F 20347B09
104127	8	2,3,4,5,6,7,9,10,11,12,13,14,15	5: 0x0200560B 82
104165	8	2,3,4,5,6,7,9,10,11,12,13,14,15	65: 0x61DCFBCD AB050005 00050005 00080008 00080008 007CD500 3F020D00 0D000D00 0D020100 01000100 01E10663 04000002 00F0223D 162E5139 68656C6C 6F2034BF A3
104168	5	2,3,4,8,9,10,11,16	5: 0x0200FBE4 FC
104186	11	4,5,8,9,10,14,15	56: 0x61DC00CD AB050005 00050005 000B000B 000B000B 007EF500 02010001 00010001 E1066304 00000229 F0223D16 2E4F4168 656C6C6F 203651A0
104188	5	2,3,4,8,9,10,11,16	5: 0x020000B8 B5
104237	5	2,3,4,8,9,10,11,16	65: 0x61DC40CD AB100010 00100010 00050005 00050005 007CD500 3E020D00 0D000D00 0D020100 01000100 01E10663 04000001 80F0223D 162E5139 68656C6C 6F203483 DB
104240	16	1,2,3,4,5	5: 0x020040BC F7
104278	5	2,3,4,8,9,10,11,16	65: 0x61DC41CD AB100010 00100010 00050005 00050005 007CD500 3F020B00 0B000B00 0B020100 01000100 01E10663 04000001 80F0223D 162E4F41 68656C6C 6F2036E1 E8
104281	16	1,2,3,4,5	5: 0x02004135 E6
104284	16	1,2,3,4,5	57: 0x61DCF8CD AB010001 00010001 00100010 00100010 007CD700 3D020D00 0D000D00 0DE10663 04000001 00F0223D 162E5139 68656C6C 6F2034FB 9D
104286	1	16	5: 0x0200F87F CE
104294	1	16	72: 0x61DC54CD AB100010 00100010 00010001 00010001 007EF700 E31E0303 99300000 05000500 05000508 00080008 00080D00 0D000D00 0D000000 F0162E22 3D513968 656C6C6F 203448A4
104297	16	1,2,3,4,5	5: 0x02005419 A1
104325	16	1,2,3,4,5	57: 0x61DCF9CD AB010001 00010001 00100010 00100010 007CD700 3E020B00 0B000B00 0BE10663 04000001 00F0223D 162E4F41 68656C6C 6F2036F9 6A
104327	1	16	5: 0x0200F9F6 DF
104334	16	1,2,3,4,5	81: 0x61DCFACD AB050005 00050005 00100010 00100010 007CD700 3F020100 01000100 01E31E03 02993000 00100010 00100010 08000800 0800080D 000D000D 000D0000 00F0162E 223D5139 68656C6C 6F2034B3 D6
104337	5	2,3,4,8,9,10,11,16	5: 0x0200FA6D ED
104362	1	16	64: 0x61DC55CD AB100010 00100010 00010001 00010001 007EF700 E3160302 99200000 05000500 0500050B 000B000B 000B0000 F0162E22 3D4F4168 656C6C6F 20362086
104364	16	1,2,3,4,5	5: 0x02005590 B0
104377	5	2,3,4,8,9,10,11,16	81: 0x61DC42CD AB080008 00080008 00050005 00050005 007CD700 3E020100 01000100 01E31E03 01993000 00100010 00100010 05000500 0500050D 000D000D 000D0000 00F0162E 223D5139 68656C6C 6F2034AC 4F
104380	8	2,3,4,5,6,7,9,10,11,12,13,14,15	5: 0x020042AE D4
104391	8	2,3,4,5,6,7,9,10,11,12,13,14,15	81: 0x61DCFCCD AB0D000D 000D000D 00080008 00080008 007CD700 3D020100 01000100 01E31E03 00993000 00100010 00100010 05000500 05000508 00080008 00080000 00F0162E 223D5139 68656C6C 6F2034B2 5A
104394	13	6,7,8,9,10,12,14,15	5: 0x0200FC5B 88
104394	16	1,5	73: 0x61DCFBCD AB050005 00050005 00100010 00100010 007CD700 3F020100 01000100 01E31603 01992000 00100010 00100010 0B000B00 0B000B00 00F0162E 223D4F41 68656C6C 6F20363C C6
104397	5	2,3,4,8,9,10,11,16	5: 0x0200FBE4 FC
104421	8	2,3,4,5,6,7,9,10,11,12,13,14,15	81: 0x61DCFCCD AB0D000D 000D000D 00080008 00080008 007CD700 3D020100 01000100 01E31E03 00993000 00100010 00100010 05000500 05000508 00080008 00080000 00F0162E 223D5139 68656C6C 6F2034B2 5A
104424	13	6,7,8,9,10,12,14,15	5: 0x0200FC5B 88
104437	5	2,3,4,8,9,10,11,16	73: 0x61DC43CD AB0B000B 000B000B 00050005 00050005 007CD700 3E020100 01000100 01E31603 00992000 00100010 00100010 05000500 05000500 00F0162E 223D4F41 68656C6C 6F2036E7 09
104440	11	4,5,8,9,10,14,15	5: 0x02004327 C5
104455	13	6,7,8,9,10,12,14,15	102: 0x61DC57CD AB0A000A 000A000A 000D000D 000D000D 007A333A 9B01FD2B 00F002B9 08F00000 FD000000 00000000 02010001 00010001 040E0008 0C000400 00800001 001E003C 081E4040 FFFFFFFF FFFFFFFF 00000000 FD000000 00000000 00000000 00000000 7E48
104459	10	3,4,5,7,8,9,11,13,14,15	5: 0x02005782 93
104782	5	2,3,4,8,9,10,11,16	56: 0x61DC44CD AB100010 00100010 00050005 00050005 007EF500 02010001 00010001 E1066304 00000180 F0223D16 2E4E5968 656C6C6F 2037E02D
104784	16	1,2,3,4,5	5: 0x02004498 B1
104801	16	1,2,3,4,5	57: 0x61DCFCCD AB010001 00010001 00100010 00100010 007CD700 3F020500 05000500 05E10663 04000001 00F0223D 162E4E59 68656C6C 6F203752 A0
104803	1	16	5: 0x0200FC5B 88
104812	1	16	56: 0x61DC56CD AB100010 00100010 00010001 00010001 007EF700 E30E0301 99100000 05000500 05000500 F0162E22 3D4E5968 656C6C6F 20373682
104814	16	1,2,3,4,5	5: 0x0200560B 82
104839	16	1,2,3,4,5	65: 0x61DCFDCD AB050005 00050005 00100010 00100010 007CD700 3F020100 01000100 01E30E03 00991000 00100010 00100010 00F0162E 223D4E59 68656C6C 6F2037F5 F8
104842	5	2,3,4,8,9,10,11,16	5: 0x0200FDD2 99
106714	8	2,3,4,5,6,7,9,10,11,12,13,14,15	56: 0x61DCFDCD AB050005 00050005 00080008 00080008 007EF500 02010001 00010001 E1066304 00000200 F0223D16 2E4F4D68 656C6C6F 20365244
106716	5	2,3,4,8,9,10,11,16	5: 0x0200FDD2 99
106725	11	4,5,8,9,10,14,15	102: 0x61DC01CD AB040004 00040004 000B000B 000B000B 007A333A 9B01FDE0 00F00224 08F00000 FD000000 00000000 02010001 00010001 040E0008 0C000400 00800001 001E003C 081E4040 FFFFFFFF FFFFFFFF 00000000 FD000000 00000000 00000000 00000000 DC8A
106729	4	2,3,5,7,8,9,10,11,16	5: 0x02000131 A4
106749	4	2,3,5,7,8,9,10,11,16	56: 0x61DCECCD AB100010 00100010 00040004 00040004 007EF500 02010001 00010001 E1066304 000001A8 F0223D16 2E4E5D68 656C6C6F 20378825
106751	16	1,2,3,4,5	5: 0x0200ECDA 98
106756	5	2,3,4,8,9,10,11,16	65: 0x61DC45CD AB100010 00100010 00050005 00050005 007CD500 3F020800 08000800 08020100 01000100 01E10663 04000001 80F0223D 162E4F4D 68656C6C 6F203631 53
106759	16	1,2,3,4,5	5: 0x02004511 A0
106774	16	1,2,3,4,5	57: 0x61DCFECD AB010001 00010001 00100010 00100010 007CD700 3F020400 04000400 04E10663 04000001 00F0223D 162E4E5D 68656C6C 6F203790 10
106776	1	16	5: 0x0200FE49 AB
106812	16	1,2,3,4,5	57: 0x61DCFFCD AB010001 00010001 00100010 00100010 007CD700 3E020800 08000800 08E10663 04000001 00F0223D 162E4F4D 68656C6C 6F2036AE B3
106814	1	16	5: 0x0200FFC0 BA
106890	1	16	56: 0x61DC57CD AB100010 00100010 00010001 00010001 007EF700 E30E0301 99100000 04000400 04000400 F0162E22 3D4E5D68 656C6C6F 2037F6EB
106892	16	1,2,3,4,5	5: 0x02005782 93
106910	16	1,2,3,4,5	65: 0x61DC00CD AB040004 00040004 00100010 00100010 007CD700 3F020100 01000100 01E30E03 00991000 00100010 00100010 00F0162E 223D4E5D 68656C6C 6F203739 B9
106913	4	2,3,5,7,8,9,10,11,16	5: 0x020000B8 B5
106934	1	16	64: 0x61DC58CD AB100010 00100010 00010001 00010001 007EF700 E3160302 99200000 05000500 05000508 00080008 00080000 F0162E22 3D4F4D68 656C6C6F 20362355
106936	16	1,2,3,4,5	5: 0x02005875 6B
106961	16	1,2,3,4,5	73: 0x61DC01CD AB050005 00050005 00100010 00100010 007CD700 3F020100 01000100 01E31603 01992000 00100010 00100010 08000800 08000800 00F0162E 223D4F4D 68656C6C 6F203654 EC
106964	5	2,3,4,8,9,10,11,16	5: 0x02000131 A4
106967	5	2,3,4,8,9,10,11,16	73: 0x61DC46CD AB080008 00080008 00050005 00050005 007CD700 3E020100 01000100 01E31603 00992000 00100010 00100010 05000500 05000500 00F0162E 223D4F4D 68656C6C 6F203660 B2
106970	8	2,3,4,5,6,7,9,10,11,12,13,14,15	5: 0x0200468A 92
107593	2	3,4,5,6,7,8,9,16	56: 0x61DC14CD AB100010 00100010 00020002 00020002 007EF500 02010001 00010001 E1066304 00000184 F0223D16 2E4E6568 656C6C6F 20370734
107595	16	1,2,3,4,5	5: 0x0200141D E3
107610	16	1,2,3,4,5	57: 0x61DC02CD AB010001 00010001 00100010 00100010 007CD700 3F020200 02000200 02E10663 04000001 00F0223D 162E4E65 68656C6C 6F2037DA D3
107612	1	16	5: 0x020002AA 96
107630	1	16	56: 0x61DC59CD AB100010 00100010 00010001 00010001 007EF700 E30E0301 99100000 02000200 02000200 F0162E22 3D4E6568 656C6C6F 2037B4C6
107632	16	1,2,3,4,5	5: 0x020059FC 7A
107642	16	1,2,3,4,5	65: 0x61DC03CD AB020002 00020002 00100010 00100010 007CD700 3F020100 01000100 01E30E03 00991000 00100010 00100010 00F0162E 223D4E65 68656C6C 6F203796 B1
107645	2	3,4,5,6,7,8,9,16	5: 0x02000323 87
107922	12	6,7,8,9,13,14,15	56: 0x61DC43CD AB080008 00080008 000C000C 000C000C 007EF500 02010001 00010001 E1066304 000002B5 F0223D16 2E503D68 656C6C6F 203584AF
107924	8	2,3,4,5,6,7,9,10,11,12,13,14,15	5: 0x02004327 C5
107953	8	2,3,4,5,6,7,9,10,11,12,13,14,15	65: 0x61DCFECD AB050005 00050005 00080008 00080008 007CD500 3F020C00 0C000C00 0C020100 01000100 01E10663 04000002 00F0223D 162E503D 68656C6C 6F203579 7A
107956	5	2,3,4,8,9,10,11,16	5: 0x0200FE49 AB
107979	5	2,3,4,8,9,10,11,16	65: 0x61DC47CD AB100010 00100010 00050005 00050005 007CD500 3E020C00 0C000C00 0C020100 01000100 01E10663 04000001 80F0223D 162E503D 68656C6C 6F20353D ED
107982	16	1,2,3,4,5	5: 0x02004703 83
107997	16	1,2,3,4,5	57: 0x61DC04CD AB010001 00010001 00100010 00100010 007CD700 3D020C00 0C000C00 0CE10663 04000001 00F0223D 162E503D 68656C6C 6F20355E 24
107999	1	16	5: 0x0200049C F3
108042	1	16	72: 0x61DC5ACD AB100010 00100010 00010001 00010001 007EF700 E31E0303 99300000 05000500 05000508 00080008 00080C00 0C000C00 0C000000 F0162E22 3D503D68 656C6C6F 2035FD63
108045	16	1,2,3,4,5	5: 0x02005A67 48
108083	16	1,2,3,4,5	81: 0x61DC05CD AB050005 00050005 00100010 00100010 007CD700 3F020100 01000100 01E31E03 02993000 00100010 00100010 08000800 0800080C 000C000C 000C0000 00F0162E 223D503D 68656C6C 6F20359E 00
108086	5	2,3,4,8,9,10,11,16	5: 0x02000515 E2
108114	5	2,3,4,8,9,10,11,16	81: 0x61DC48CD AB080008 00080008 00050005 00050005 007CD700 3E020100 01000100 01E31E03 01993000 00100010 00100010 05000500 0500050C 000C000C 000C0000 00F0162E 223D503D 68656C6C 6F2035CB 2F
108117	8	2,3,4,5,6,7,9,10,11,12,13,14,15	5: 0x020048F4 7B
108128	8	2,3,4,5,6,7,9,10,11,12,13,14,15	81: 0x61DCFFCD AB0C000C 000C000C 00080008 00080008 007CD700 3D020100 01000100 01E31E03 00993000 00100010 00100010 05000500 05000508 00080008 00080000 00F0162E 223D503D 68656C6C 6F20356D 17
108131	12	6,7,8,9,13,14,15	5: 0x0200FFC0 BA
108327	6	2,3,7,8,9,12,13	56: 0x61DCEECD AB020002 00020002 00060006 00060006 007EF500 02010001 00010001 E1066304 00000249 F0223D16 2E4F5568 656C6C6F 20361624
108329	2	3,4,5,6,7,8,9,16	5: 0x0200EEC8 BB
108359	2	3,4,5,6,7,8,9,16	65: 0x61DC15CD AB100010 00100010 00020002 00020002 007CD500 3F020600 06000600 06020100 01000100 01E10663 04000001 83F0223D 162E4F55 68656C6C 6F2036C6 BF
108362	16	1,2,3,4,5	5: 0x02001594 F2
108365	16	1,2,3,4,5	57: 0x61DC06CD AB010001 00010001 00100010 00100010 007CD700 3E020600 06000600 06E10663 04000001 00F0223D 162E4F55 68656C6C 6F203681 35
108367	1	16	5: 0x0200068E D0
108376	1	16	64: 0x61DC5BCD AB100010 00100010 00010001 00010001 007EF700 E3160302 99200000 02000200 02000206 00060006 00060000 F0162E22 3D4F5568 656C6C6F 20360607
108378	16	1,2,3,4,5	5: 0x02005BEE 59
108383	16	1,2,3,4,5	73: 0x61DC07CD AB020002 00020002 00100010 00100010 007CD700 3F020100 01000100 01E31603 01992000 00100010 00100010 06000600 06000600 00F0162E 223D4F55 68656C6C 6F203694 75
108386	2	3,4,5,6,7,8,9,16	5: 0x02000707 C1
108394	2	3,4,5,6,7,8,9,16	73: 0x61DC16CD AB060006 00060006 00020002 00020002 007CD700 3E020100 01000100 01E31603 00992000 00100010 00100010 02000200 02000200 00F0162E 223D4F55 68656C6C 6F203615 7F
108397	6	2,3,7,8,9,12,13	5: 0x0200160F C0
108441	14	7,8,9,10,11,12,13,15	56: 0x61DC9BCD AB080008 00080008 000E000E 000E000E 007EF500 02010001 00010001 E1066304 000002B5 F0223D16 2E503568 656C6C6F 20354366
108443	8	2,3,4,5,6,7,9,10,11,12,13,14,15	5: 0x02009BE2 9F
108476	8	2,3,4,5,6,7,9,10,11,12,13,14,15	65: 0x61DC00CD AB050005 00050005 00080008 00080008 007CD500 3F020E00 0E000E00 0E020100 01000100 01E10663 04000002 00F0223D 162E5035 68656C6C 6F203563 60
108479	5	2,3,4,8,9,10,11,16	5: 0x020000B8 B5
108508	5	2,3,4,8,9,10,11,16	65: 0x61DC49CD AB100010 00100010 00050005 00050005 007CD500 3E020E00 0E000E00 0E020100 01000100 01E10663 04000001 80F0223D 162E5035 68656C6C 6F2035A9 38
108511	16	1,2,3,4,5	5: 0x0200497D 6A
108545	16	1,2,3,4,5	57: 0x61DC08CD AB010001 00010001 00100010 00100010 007CD700 3D020E00 0E000E00 0EE10663 04000001 00F0223D 162E5035 68656C6C 6F2035B5 5E
108547	1	16	5: 0x020008F0 39
108551	1	16	72: 0x61DC5CCD AB100010 00100010 00010001 00010001 007EF700 E31E0303 99300000 05000500 05000508 00080008 00080E00 0E000E00 0E000000 F0162E22 3D503568 656C6C6F 20354E7D
108554	16	1,2,3,4,5	5: 0x02005C51 2D
108569	16	1,2,3,4,5	81: 0x61DC09CD AB050005 00050005 00100010 00100010 007CD700 3F020100 01000100 01E31E03 02993000 00100010 00100010 08000800 0800080E 000E000E 000E0000 00F0162E 223D5035 68656C6C 6F20352A DC
108572	5	2,3,4,8,9,10,11,16	5: 0x02000979 28
108611	5	2,3,4,8,9,10,11,16	81: 0x61DC4ACD AB080008 00080008 00050005 00050005 007CD700 3E020100 01000100 01E31E03 01993000 00100010 00100010 05000500 0500050E 000E000E 000E0000 00F0162E 223D5035 68656C6C 6F2035D2 C5
108614	8	2,3,4,5,6,7,9,10,11,12,13,14,15	5: 0x02004AE6 58
108638	8	2,3,4,5,6,7,9,10,11,12,13,14,15	81: 0x61DC01CD AB0E000E 000E000E 00080008 00080008 007CD700 3D020100 01000100 01E31E03 00993000 00100010 00100010 05000500 05000508 00080008 00080000 00F0162E 223D5035 68656C6C 6F20354A E2
108641	14	7,8,9,10,11,12,13,15	5: 0x02000131 A4
109303	15	8,9,10,11,12,13,14	97: 0x41D8C4CD ABFFFF0F 000F000F 000F007A 3B3A1A9B 01FEC100 F002A708 F00000FD 00000000 00000002 01000100 01000104 0E00080C 00040000 80000100 1E003C08 1E4040FF FFFFFFFF FFFFFF00 000000FD 00000000 00000000 00000000 000000E9 27
109794	15	8,9,10,11,12,13,14	56: 0x61DCC5CD AB080008 00080008 000F000F 000F000F 007EF500 02010001 00010001 E1066304 000002A7 F0223D16 2E503168 656C6C6F 20353409
109796	8	2,3,4,5,6,7,9,10,11,12,13,14,15	5: 0x0200C519 24
109816	13	6,7,8,9,10,12,14,15	97: 0x41D858CD ABFFFF0D 000D000D 000D007A 3B3A1A9B 01FEB700 F002B908 F00000FD 00000000 00000002 01000100 01000104 0E00080C 00040000 80000100 1E003C08 1E4040FF FFFFFFFF FFFFFF00 000000FD 00000000 00000000 00000000 000000A9 0A
109825	8	2,3,4,5,6,7,9,10,11,12,13,14,15	65: 0x61DC02CD AB050005 00050005 00080008 00080008 007CD500 3F020F00 0F000F00 0F020100 01000100 01E10663 04000002 00F0223D 162E5031 68656C6C 6F2035F4 AB
109828	5	2,3,4,8,9,10,11,16	5: 0x020002AA 96
109840	9	2,3,4,5,6,7,8,10,11,12,13,14,15	56: 0x61DC57CD AB050005 00050005 00090009 00090009 007EF500 02010001 00010001 E1066304 00000229 F0223D16 2E4F4968 656C6C6F 2036D4FB
109842	5	2,3,4,8,9,10,11,16	5: 0x02005782 93
109850	5	2,3,4,8,9,10,11,16	65: 0x61DC4BCD AB100010 00100010 00050005 00050005 007CD500 3E020F00 0F000F00 0F020100 01000100 01E10663 04000001 80F0223D 162E5031 68656C6C 6F20353E F3
109853	16	1,2,3,4,5	5: 0x02004B6F 49
109873	5	2,3,4,8,9,10,11,16	65: 0x61DC4CCD AB100010 00100010 00050005 00050005 007CD500 3F020900 09000900 09020100 01000100 01E10663 04000001 80F0223D 162E4F49 68656C6C 6F2036B1 A5
109876	16	1,2,3,4,5	5: 0x02004CD0 3D
109888	16	1,2,3,4,5	57: 0x61DC0ACD AB010001 00010001 00100010 00100010 007CD700 3D020F00 0F000F00 0FE10663 04000001 00F0223D 162E5031 68656C6C 6F203577 EE
109890	1	16	5: 0x02000AE2 1A
109901	16	1,2,3,4,5	57: 0x61DC0BCD AB010001 00010001 00100010 00100010 007CD700 3E020900 09000900 09E10663 04000001 00F0223D 162E4F49 68656C6C 6F203601 45
109903	1	16	5: 0x02000B6B 0B
109961	1	16	72: 0x61DC5DCD AB100010 00100010 00010001 00010001 007EF700 E31E0303 99300000 05000500 05000508 00080008 00080F00 0F000F00 0F000000 F0162E22 3D503168 656C6C6F 20352586
109964	16	1,2,3,4,5	5: 0x02005DD8 3C
110002	16	1,2,3,4,5	81: 0x61DC0CCD AB050005 00050005 00100010 00100010 007CD700 3F020100 01000100 01E31E03 02993000 00100010 00100010 08000800 0800080F 000F000F 000F0000 00F0162E 223D5031 68656C6C 6F2035E6 E4
110005	5	2,3,4,8,9,10,11,16	5: 0x02000CD4 7F
110024	5	2,3,4,8,9,10,11,16	81: 0x61DC4DCD AB080008 00080008 00050005 00050005 007CD700 3E020100 01000100 01E31E03 01993000 00100010 00100010 05000500 0500050F 000F000F 000F0000 00F0162E 223D5031 68656C6C 6F2035FA 99
110027	8	2,3,4,5,6,7,9,10,11,12,13,14,15	5: 0x02004D59 2C
110044	8	2,3,4,5,6,7,9,10,11,12,13,14,15	81: 0x61DC03CD AB0F000F 000F000F 00080008 00080008 007CD700 3D020100 01000100 01E31E03 00993000 00100010 00100010 05000500 05000508 00080008 00080000 00F0162E 223D5031 68656C6C 6F203593 C1
110047	15	8,9,10,11,12,13,14	5: 0x02000323 87
110089	1	16	64: 0x61DC5ECD AB100010 00100010 00010001 00010001 007EF700 E3160302 99200000 05000500 05000509 00090009 00090000 F0162E22 3D4F4968 656C6C6F 2036A624
110091	16	1	5: 0x02005E43 0E
110091	10	7,8,9,11,13,14,15	56: 0x61DCF8CD AB050005 00050005 000A000A 000A000A 007EF500 02010001 00010001 E1066304 00000228 F0223D16 2E4E4568 656C6C6F 2037F467
110100	16	1,2,3,4,5	73: 0x61DC0DCD AB050005 00050005 00100010 00100010 007CD700 3F020100 01000100 01E31603 01992000 00100010 00100010 09000900 09000900 00F0162E 223D4F49 68656C6C 6F2036AC 98
110103	5	2,3,4,8,9,10,11,16	5: 0x02000D5D 6E
110130	5	2,3,4,8,9,10,11,16	73: 0x61DC4ECD AB090009 00090009 00050005 00050005 007CD700 3E020100 01000100 01E31603 00992000 00100010 00100010 05000500 05000500 00F0162E 223D4F49 68656C6C 6F203661 1C
110133	9	2,3,4,5,6,7,8,10,11,12,13,14,15	5: 0x02004EC2 1E
110136	10	3,4,5,7,8,9,11,13,14,15	56: 0x61DCF8CD AB050005 00050005 000A000A 000A000A 007EF500 02010001 00010001 E1066304 00000228 F0223D16 2E4E4568 656C6C6F 2037F467
110138	5	2,3,4,8,9,10,11,16	5: 0x0200F87F CE
110161	5	2,3,4,8,9,10,11,16	65: 0x61DC4FCD AB100010 00100010 00050005 00050005 007CD500 3F020A00 0A000A00 0A020100 01000100 01E10663 04000001 80F0223D 162E4E45 68656C6C 6F203730 0C
110164	16	1,2,3,4,5	5: 0x02004F4B 0F
110191	16	1,2,3,4,5	57: 0x61DC0ECD AB010001 00010001 00100010 00100010 007CD700 3E020A00 0A000A00 0AE10663 04000001 00F0223D 162E4E45 68656C6C 6F203796 84
110193	1	16	5: 0x02000EC6 5C
110226	1	16	64: 0x61DC5FCD AB100010 00100010 00010001 00010001 007EF700 E3160302 99200000 05000500 0500050A 000A000A 000A0000 F0162E22 3D4E4568 656C6C6F 2037A11E
110228	16	1,2,3,4,5	5: 0x02005FCA 1F
110239	16	1,2,3,4,5	73: 0x61DC0FCD AB050005 00050005 00100010 00100010 007CD700 3F020100 01000100 01E31603 01992000 00100010 00100010 0A000A00 0A000A00 00F0162E 223D4E45 68656C6C 6F203736 27
110242	5	2,3,4,8,9,10,11,16	5: 0x02000F4F 4D
110252	5	2,3,4,8,9,10,11,16	73: 0x61DC50CD AB0A000A 000A000A 00050005 00050005 007CD700 3E020100 01000100 01E31603 00992000 00100010 00100010 05000500 05000500 00F0162E 223D4E45 68656C6C 6F2037ED 11
110255	10	3,4,5,7,8,9,11,13,14,15	5: 0x0200503D E7
110410	15	8,9,10,11,12,13,14	102: 0x61DCC6CD AB0B000B 000B000B 000F000F 000F000F 007A333A 9B01FD35 00F002A3 08F00000 FD000000 00000000 02010001 00010001 040E0008 0C000400 00800001 001E003C 081E4040 FFFFFFFF FFFFFFFF 00000000 FD000000 00000000 00000000 00000000 7117
110414	11	4,5,8,9,10,14,15	5: 0x0200C682 16
111186	4	2,3,5,7,8,9,10,11,16	102: 0x61DCEDCD AB080008 00080008 00040004 00040004 007A333A 9B01FE6C 00F001A4 08F00000 FD000000 00000000 02010001 00010001 040E0008 0C000400 00800001 001E003C 081E4040 FFFFFFFF FFFFFFFF 00000000 FD000000 00000000 00000000 00000000 6790
111190	8	2,3,4,5,6,7,9,10,11,12,13,14,15	5: 0x0200ED53 89
113264	13	6,7,8,9,10,12,14,15	56: 0x61DC59CD AB080008 00080008 000D000D 000D000D 007EF500 02010001 00010001 E1066304 000002B9 F0223D16 2E503968 656C6C6F 20357E7D
113266	8	2,3,4,5,6,7,9,10,11,12,13,14,15	5: 0x020059FC 7A
113300	8	2,3,4,5,6,7,9,10,11,12,13,14,15	65: 0x61DC04CD AB050005 00050005 00080008 00080008 007CD500 3F020D00 0D000D00 0D020100 01000100 01E10663 04000002 00F0223D 162E5039 68656C6C 6F2035B3 DB
113303	5	2,3,4,8,9,10,11,16	5: 0x0200049C F3
113311	5	2,3,4,8,9,10,11,16	65: 0x61DC51CD AB100010 00100010 00050005 00050005 007CD500 3E020D00 0D000D00 0D020100 01000100 01E10663 04000001 80F0223D 162E5039 68656C6C 6F2035FC B3
113314	16	1,2,3,4,5	5: 0x020051B4 F6
113317	16	1,2,3,4,5	57: 0x61DC10CD AB010001 00010001 00100010 00100010 007CD700 3D020D00 0D000D00 0DE10663 04000001 00F0223D 162E5039 68656C6C 6F203508 3B
113319	1	16	5: 0x02001039 A5
113357	1	16	72: 0x61DC60CD AB100010 00100010 00010001 00010001 007EF700 E31E0303 99300000 05000500 05000508 00080008 00080D00 0D000D00 0D000000 F0162E22 3D503968 656C6C6F 20357CBA
113360	16	1,2,3,4,5	5: 0x020060BE D6
113391	3	2,4,5,6,7,8,9,10,16	56: 0x61DCB9CD AB100010 00100010 00030003 00030003 007EF500 02010001 00010001 E1066304 000001A4 F0223D16 2E4D6168 656C6C6F 203896CB
113393	16	1,2,3,4,5	5: 0x0200B9F2 9D
113396	16	1,2,3,4,5	81: 0x61DC11CD AB050005 00050005 00100010 00100010 007CD700 3F020100 01000100 01E31E03 02993000 00100010 00100010 08000800 0800080D 000D000D 000D0000 00F0162E 223D5039 68656C6C 6F203533 35
113400	5	2,3,4,8,9,10,11,16	5: 0x020011B0 B4
113403	16	1,2,3,4,5	57: 0x61DC12CD AB010001 00010001 00100010 00100010 007CD700 3F020300 03000300 03E10663 04000001 00F0223D 162E4D61 68656C6C 6F2038C3 EB
113406	1	16	5: 0x0200122B 86
113425	5	2,3,4,8,9,10,11,16	81: 0x61DC52CD AB080008 00080008 00050005 00050005 007CD700 3E020100 01000100 01E31E03 01993000 00100010 00100010 05000500 0500050D 000D000D 000D0000 00F0162E 223D5039 68656C6C 6F2035CB 2C
113428	8	2,3,4,5,6,7,9,10,11,12,13,14,15	5: 0x0200522F C4
113436	1	16	56: 0x61DC61CD AB100010 00100010 00010001 00010001 007EF700 E30E0301 99100000 03000300 03000300 F0162E22 3D4D6168 656C6C6F 2038AD5B
113438	16	1,2,3,4,5	5: 0x02006137 C7
113461	8	2,3,4,5,6,7,9,10,11,12,13,14,15	81: 0x61DC05CD AB0D000D 000D000D 00080008 00080008 007CD700 3D020100 01000100 01E31E03 00993000 00100010 00100010 05000500 05000508 00080008 00080000 00F0162E 223D5039 68656C6C 6F2035C5 E2
113464	13	6,7,8,9,10,12,14,15	5: 0x02000515 E2
113479	16	1,2,3,4,5	65: 0x61DC13CD AB030003 00030003 00100010 00100010 007CD700 3F020100 01000100 01E30E03 00991000 00100010 00100010 00F0162E 223D4D61 68656C6C 6F20381D 56
113482	3	2,4,5,6,7,8,9,10,16	5: 0x020013A2 97
113690	7	2,3,4,6,8,9,10,12,13,14	56: 0x61DC92CD AB020002 00020002 00070007 00070007 007EF500 02010001 00010001 E1066304 00000233 F0223D16 2E4F5168 656C6C6F 203603B7
113692	2	3,4,5,6,7,8,9,16	5: 0x02009223 02
113709	2	3,4,5,6,7,8,9,16	65: 0x61DC17CD AB100010 00100010 00020002 00020002 007CD500 3F020700 07000700 07020100 01000100 01E10663 04000001 82F0223D 162E4F51 68656C6C 6F20367B 3C
113712	16	1,2,3,4,5	5: 0x02001786 D1
113735	16	1,2,3,4,5	57: 0x61DC14CD AB010001 00010001 00100010 00100010 007CD700 3E020700 07000700 07E10663 04000001 00F0223D 162E4F51 68656C6C 6F2036BF A3
113737	1	16	5: 0x0200141D E3
113776	1	16	64: 0x61DC62CD AB100010 00100010 00010001 00010001 007EF700 E3160302 99200000 02000200 02000207 00070007 00070000 F0162E22 3D4F5168 656C6C6F 20364D2B
113778	16	1,2,3,4,5	5: 0x020062AC F5
113784	16	1,2,3,4,5	73: 0x61DC15CD AB020002 00020002 00100010 00100010 007CD700 3F020100 01000100 01E31603 01992000 00100010 00100010 07000700 07000700 00F0162E 223D4F51 68656C6C 6F20360C 15
113787	2	3,4,5,6,7,8,9,16	5: 0x02001594 F2
113792	2	3,4,5,6,7,8,9,16	73: 0x61DC18CD AB070007 00070007 00020002 00020002 007CD700 3E020100 01000100 01E31603 00992000 00100010 00100010 02000200 02000200 00F0162E 223D4F51 68656C6C 6F2036FE 7A
113795	7	2,3,4,6,8,9,10,12,13,14	5: 0x02001871 29
115084	11	4,5,8,9,10,14,15	56: 0x61DC02CD AB050005 00050005 000B000B 000B000B 007EF500 02010001 00010001 E1066304 00000224 F0223D16 2E4E4168 656C6C6F 20370032
115086	5	2,3,4,8,9,10,11,16	5: 0x020002AA 96
115125	5	2,3,4,8,9,10,11,16	65: 0x61DC53CD AB100010 00100010 00050005 00050005 007CD500 3F020B00 0B000B00 0B020100 01000100 01E10663 04000001 80F0223D 162E4E41 68656C6C 6F20375A 18
115128	16	1,2,3,4,5	5: 0x020053A6 D5
115139	16	1,2,3,4,5	57: 0x61DC16CD AB010001 00010001 00100010 00100010 007CD700 3E020B00 0B000B00 0BE10663 04000001 00F0223D 162E4E41 68656C6C 6F203701 81
115141	1	16	5: 0x0200160F C0
115180	1	16	64: 0x61DC63CD AB100010 00100010 00010001 00010001 007EF700 E3160302 99200000 05000500 0500050B 000B000B 000B0000 F0162E22 3D4E4168 656C6C6F 20370E45
115182	16	1,2,3,4,5	5: 0x02006325 E4
115186	16	1,2,3,4,5	73: 0x61DC17CD AB050005 00050005 00100010 00100010 007CD700 3F020100 01000100 01E31603 01992000 00100010 00100010 0B000B00 0B000B00 00F0162E 223D4E41 68656C6C 6F203781 B3
115189	5	2,3,4,8,9,10,11,16	5: 0x02001786 D1
115220	5	2,3,4,8,9,10,11,16	73: 0x61DC54CD AB0B000B 000B000B 00050005 00050005 007CD700 3E020100 01000100 01E31603 00992000 00100010 00100010 05000500 05000500 00F0162E 223D4E41 68656C6C 6F203729 E0
115223	11	4,5,8,9,10,14,15	5: 0x02005419 A1
115525	5	2,3,4,8,9,10,11,16	56: 0x61DC55CD AB100010 00100010 00050005 00050005 007EF500 02010001 00010001 E1066304 00000180 F0223D16 2E4D5968 656C6C6F 2038A5BA
115527	16	1,2,3,4,5	5: 0x02005590 B0
115543	16	1,2,3,4,5	57: 0x61DC18CD AB010001 00010001 00100010 00100010 007CD700 3F020500 05000500 05E10663 04000001 00F0223D 162E4D59 68656C6C 6F2038E4 6E
115545	1	16	5: 0x02001871 29
115562	1	16	56: 0x61DC64CD AB100010 00100010 00010001 00010001 007EF700 E30E0301 99100000 05000500 05000500 F0162E22 3D4D5968 656C6C6F 2038EA11
115564	16	1,2,3,4,5	5: 0x0200649A 90
115578	16	1,2,3,4,5	65: 0x61DC19CD AB050005 00050005 00100010 00100010 007CD700 3F020100 01000100 01E30E03 00991000 00100010 00100010 00F0162E 223D4D59 68656C6C 6F2038DD 8C
115581	5	2,3,4,8,9,10,11,16	5: 0x020019F8 38
115919	8	2,3,4,5,6,7,9,10,11,12,13,14,15	56: 0x61DC06CD AB050005 00050005 00080008 00080008 007EF500 02010001 00010001 E1066304 00000200 F0223D16 2E4E4D68 656C6C6F 20377A3E
115921	5	2,3,4,8,9,10,11,16	5: 0x0200068E D0
115950	5	2,3,4,8,9,10,11,16	65: 0x61DC56CD AB100010 00100010 00050005 00050005 007CD500 3F020800 08000800 08020100 01000100 01E10663 04000001 80F0223D 162E4E4D 68656C6C 6F203736 D4
115953	16	1,2,3,4,5	5: 0x0200560B 82
115979	16	1,2,3,4,5	57: 0x61DC1ACD AB010001 00010001 00100010 00100010 007CD700 3E020800 08000800 08E10663 04000001 00F0223D 162E4E4D 68656C6C 6F2037FF CB
115981	1	16	5: 0x02001A63 0A
116004	1	16	64: 0x61DC65CD AB100010 00100010 00010001 00010001 007EF700 E3160302 99200000 05000500 05000508 00080008 00080000 F0162E22 3D4E4D68 656C6C6F 2037F162
116006	16	1,2,3,4,5	5: 0x02006513 81
116028	16	1,2,3,4,5	73: 0x61DC1BCD AB050005 00050005 00100010 00100010 007CD700 3F020100 01000100 01E31603 01992000 00100010 00100010 08000800 08000800 00F0162E 223D4E4D 68656C6C 6F203703 91
116031	5	2,3,4,8,9,10,11,16	5: 0x02001BEA 1B
116037	5	2,3,4,8,9,10,11,16	73: 0x61DC57CD AB080008 00080008 00050005 00050005 007CD700 3E020100 01000100 01E31603 00992000 00100010 00100010 05000500 05000500 00F0162E 223D4E4D 68656C6C 6F203744 F0
116040	8	2,3,4,5,6,7,9,10,11,12,13,14,15	5: 0x02005782 93
116445	4	2,3,5,7,8,9,10,11,16	56: 0x61DCEECD AB100010 00100010 00040004 00040004 007EF500 02010001 00010001 E1066304 000001A4 F0223D16 2E4D5D68 656C6C6F 2038778D
116447	16	1,2,3,4,5	5: 0x0200EEC8 BB
116487	16	1,2,3,4,5	57: 0x61DC1CCD AB010001 00010001 00100010 00100010 007CD700 3F020400 04000400 04E10663 04000001 00F0223D 162E4D5D 68656C6C 6F20384E 57
116489	1	16	5: 0x02001C55 6F
116524	1	16	56: 0x61DC66CD AB100010 00100010 00010001 00010001 007EF700 E30E0301 99100000 04000400 04000400 F0162E22 3D4D5D68 656C6C6F 20380CF8
116526	16	1,2,3,4,5	5: 0x02006688 B3
116538	16	1,2,3,4,5	65: 0x61DC1DCD AB040004 00040004 00100010 00100010 007CD700 3F020100 01000100 01E30E03 00991000 00100010 00100010 00F0162E 223D4D5D 68656C6C 6F2038F0 D0
116541	4	2,3,5,7,8,9,10,11,16	5: 0x02001DDC 7E
117494	2	3,4,5,6,7,8,9,16	56: 0x61DC19CD AB100010 00100010 00020002 00020002 007EF500 02010001 00010001 E1066304 00000181 F0223D16 2E4D6568 656C6C6F 20383C15
117496	16	1,2,3,4,5	5: 0x020019F8 38
117507	16	1,2,3,4,5	57: 0x61DC1ECD AB010001 00010001 00100010 00100010 007CD700 3F020200 02000200 02E10663 04000001 00F0223D 162E4D65 68656C6C 6F203817 C1
117509	1	16	5: 0x02001E47 4C
117512	1	16	56: 0x61DC67CD AB100010 00100010 00010001 00010001 007EF700 E30E0301 99100000 02000200 02000200 F0162E22 3D4D6568 656C6C6F 2038D245
117515	16	1,2,3,4,5	5: 0x02006701 A2
117526	16	1,2,3,4,5	65: 0x61DC1FCD AB020002 00020002 00100010 00100010 007CD700 3F020100 01000100 01E30E03 00991000 00100010 00100010 00F0162E 223D4D65 68656C6C 6F2038E3 AF
117529	2	3,4,5,6,7,8,9,16	5: 0x02001FCE 5D
118274	12	6,7,8,9,13,14,15	56: 0x61DC44CD AB080008 00080008 000C000C 000C000C 007EF500 02010001 00010001 E1066304 000002B0 F0223D16 2E4F3D68 656C6C6F 20368FE3
118276	8	2,3,4,5,6,7,9,10,11,12,13,14,15	5: 0x02004498 B1
118285	8	2,3,4,5,6,7,9,10,11,12,13,14,15	65: 0x61DC07CD AB050005 00050005 00080008 00080008 007CD500 3F020C00 0C000C00 0C020100 01000100 01E10663 04000002 00F0223D 162E4F3D 68656C6C 6F2036BF 3C
118288	5	2,3,4,8,9,10,11,16	5: 0x02000707 C1
118307	5	2,3,4,8,9,10,11,16	65: 0x61DC58CD AB100010 00100010 00050005 00050005 007CD500 3E020C00 0C000C00 0C020100 01000100 01E10663 04000001 80F0223D 162E4F3D 68656C6C 6F20365B 1E
118310	16	1,2,3,4,5	5: 0x02005875 6B
118321	16	1,2,3,4,5	57: 0x61DC20CD AB010001 00010001 00100010 00100010 007CD700 3D020C00 0C000C00 0CE10663 04000001 00F0223D 162E4F3D 68656C6C 6F20363E 3B
118323	1	16	5: 0x020020BA 94
118360	1	16	72: 0x61DC68CD AB100010 00100010 00010001 00010001 007EF700 E31E0303 99300000 05000500 05000508 00080008 00080C00 0C000C00 0C000000 F0162E22 3D4F3D68 656C6C6F 2036D4EA
118363	16	1,2,3,4,5	5: 0x020068F6 5A
118404	16	1,2,3,4,5	81: 0x61DC21CD AB050005 00050005 00100010 00100010 007CD700 3F020100 01000100 01E31E03 02993000 00100010 00100010 08000800 0800080C 000C000C 000C0000 00F0162E 223D4F3D 68656C6C 6F203657 EC
118407	5	2,3,4,8,9,10,11,16	5: 0x02002133 85
118431	5	2,3,4,8,9,10,11,16	81: 0x61DC59CD AB080008 00080008 00050005 00050005 007CD700 3E020100 01000100 01E31E03 01993000 00100010 00100010 05000500 0500050C 000C000C 000C0000 00F0162E 223D4F3D 68656C6C 6F20368D 79
118434	8	2,3,4,5,6,7,9,10,11,12,13,14,15	5: 0x020059FC 7A
118439	8	2,3,4,5,6,7,9,10,11,12,13,14,15	81: 0x61DC08CD AB0C000C 000C000C 00080008 00080008 007CD700 3D020100 01000100 01E31E03 00993000 00100010 00100010 05000500 05000508 00080008 00080000 00F0162E 223D4F3D 68656C6C 6F2036E4 9E
118442	12	6,7,8,9,13,14,15	5: 0x020008F0 39
119135	6	2,3,7,8,9,12,13	56: 0x61DCEFCD AB020002 00020002 00060006 00060006 007EF500 02010001 00010001 E1066304 00000242 F0223D16 2E4E5568 656C6C6F 20378C8E
119137	2	3,4,5,6,7,8,9,16	5: 0x0200EF41 AA
119149	2	3,4,5,6,7,8,9,16	65: 0x61DC1ACD AB100010 00100010 00020002 00020002 007CD500 3F020600 06000600 06020100 01000100 01E10663 04000001 80F0223D 162E4E55 68656C6C 6F20373A D0
119152	16	1,2,3,4,5	5: 0x02001A63 0A
119155	16	1,2,3,4,5	57: 0x61DC22CD AB010001 00010001 00100010 00100010 007CD700 3E020600 06000600 06E10663 04000001 00F0223D 162E4E55 68656C6C 6F2037B2 2D
119157	1	16	5: 0x020022A8 B7
119172	1	16	64: 0x61DC69CD AB100010 00100010 00010001 00010001 007EF700 E3160302 99200000 02000200 02000206 00060006 00060000 F0162E22 3D4E5568 656C6C6F 2037F8A8
119174	16	1,2,3,4,5	5: 0x0200697F 4B
119182	16	1,2,3,4,5	73: 0x61DC23CD AB020002 00020002 00100010 00100010 007CD700 3F020100 01000100 01E31603 01992000 00100010 00100010 06000600 06000600 00F0162E 223D4E55 68656C6C 6F2037AA BE
119185	2	3,4,5,6,7,8,9,16	5: 0x02002321 A6
119208	14	7,8,9,10,11,12,13,15	56: 0x61DC9CCD AB080008 00080008 000E000E 000E000E 007EF500 02010001 00010001 E1066304 000002B0 F0223D16 2E4F3568 656C6C6F 2036482A
119210	8	2,3,4,5,6,7,9,10,11,12,13,14,15	5: 0x02009C5D EB
119214	2	3,4,5,6,7,8,9,16	73: 0x61DC1BCD AB060006 00060006 00020002 00020002 007CD700 3E020100 01000100 01E31603 00992000 00100010 00100010 02000200 02000200 00F0162E 223D4E55 68656C6C 6F2037F8 B7
119217	6	2,3,7,8,9,12,13	5: 0x02001BEA 1B
119243	8	2,3,4,5,6,7,9,10,11,12,13,14,15	65: 0x61DC09CD AB050005 00050005 00080008 00080008 007CD500 3F020E00 0E000E00 0E020100 01000100 01E10663 04000002 00F0223D 162E4F35 68656C6C 6F20362B E9
119246	5	2,3,4,8,9,10,11,16	5: 0x02000979 28
119265	5	2,3,4,8,9,10,11,16	65: 0x61DC5ACD AB100010 00100010 00050005 00050005 007CD500 3E020E00 0E000E00 0E020100 01000100 01E10663 04000001 80F0223D 162E4F35 68656C6C 6F2036FD B8
119268	16	1,2,3,4,5	5: 0x02005A67 48
119311	16	1,2,3,4,5	57: 0x61DC24CD AB010001 00010001 00100010 00100010 007CD700 3D020E00 0E000E00 0EE10663 04000001 00F0223D 162E4F35 68656C6C 6F2036AB 52
119313	1	16	5: 0x0200249E D2
119325	1	16	72: 0x61DC6ACD AB100010 00100010 00010001 00010001 007EF700 E31E0303 99300000 05000500 05000508 00080008 00080E00 0E000E00 0E000000 F0162E22 3D4F3568 656C6C6F 20361314
119328	16	1,2,3,4,5	5: 0x02006AE4 79
119331	16	1,2,3,4,5	81: 0x61DC25CD AB050005 00050005 00100010 00100010 007CD700 3F020100 01000100 01E31E03 02993000 00100010 00100010 08000800 0800080E 000E000E 000E0000 00F0162E 223D4F35 68656C6C 6F203662 AB
119334	5	2,3,4,8,9,10,11,16	5: 0x02002517 C3
119375	5	2,3,4,8,9,10,11,16	81: 0x61DC5BCD AB080008 00080008 00050005 00050005 007CD700 3E020100 01000100 01E31E03 01993000 00100010 00100010 05000500 0500050E 000E000E 000E0000 00F0162E 223D4F35 68656C6C 6F203694 93
119378	8	2,3,4,5,6,7,9,10,11,12,13,14,15	5: 0x02005BEE 59
119407	8	2,3,4,5,6,7,9,10,11,12,13,14,15	81: 0x61DC0ACD AB0E000E 000E000E 00080008 00080008 007CD700 3D020100 01000100 01E31E03 00993000 00100010 00100010 05000500 05000508 00080008 00080000 00F0162E 223D4F35 68656C6C 6F20367A 74
119410	14	7,8,9,10,11,12,13,15	5: 0x02000AE2 1A
119666	15	8,9,10,11,12,13,14	56: 0x61DCC7CD AB080008 00080008 000F000F 000F000F 007EF500 02010001 00010001 E1066304 000002A3 F0223D16 2E4F3168 656C6C6F 20366E85
119668	8	2,3,4,5,6,7,9,10,11,12,13,14,15	5: 0x0200C70B 07
119681	8	2,3,4,5,6,7,9,10,11,12,13,14,15	65: 0x61DC0BCD AB050005 00050005 00080008 00080008 007CD500 3F020F00 0F000F00 0F020100 01000100 01E10663 04000002 00F0223D 162E4F31 68656C6C 6F2036BC 22
119684	5	2,3,4,8,9,10,11,16	5: 0x02000B6B 0B
119723	5	2,3,4,8,9,10,11,16	65: 0x61DC5CCD AB100010 00100010 00050005 00050005 007CD500 3E020F00 0F000F00 0F020100 01000100 01E10663 04000001 80F0223D 162E4F31 68656C6C 6F20368B A5
119726	16	1,2,3,4,5	5: 0x02005C51 2D
119735	16	1,2,3,4,5	57: 0x61DC26CD AB010001 00010001 00100010 00100010 007CD700 3D020F00 0F000F00 0FE10663 04000001 00F0223D 162E4F31 68656C6C 6F203669 E2
119737	1	16	5: 0x0200268C F1
119766	1	16	72: 0x61DC6BCD AB100010 00100010 00010001 00010001 007EF700 E31E0303 99300000 05000500 05000508 00080008 00080F00 0F000F00 0F000000 F0162E22 3D4F3168 656C6C6F 203678EF
119769	16	1,2,3,4,5	5: 0x02006B6D 68
119784	10	3,4,5,7,8,9,11,13,14,15	56: 0x61DCF9CD AB050005 00050005 000A000A 000A000A 007EF500 02010001 00010001 E1066304 00000230 F0223D16 2E4D4568 656C6C6F 203870C5
119786	5	2,3,4,8,9,10,11,16	5: 0x0200F9F6 DF
119808	16	1,2,3,4,5	81: 0x61DC27CD AB050005 00050005 00100010 00100010 007CD700 3F020100 01000100 01E31E03 02993000 00100010 00100010 08000800 0800080F 000F000F 000F0000 00F0162E 223D4F31 68656C6C 6F2036F0 0C
119811	5	2,3,4,8,9,10,11,16	5: 0x02002705 E0
119821	5	2,3,4,8,9,10,11,16	81: 0x61DC5ECD AB080008 00080008 00050005 00050005 007CD700 3E020100 01000100 01E31E03 01993000 00100010 00100010 05000500 0500050F 000F000F 000F0000 00F0162E 223D4F31 68656C6C 6F203658 AB
119824	8	2,3,4,5,6,7,9,10,11,12,13,14,15	5: 0x02005E43 0E
119839	5	2,3,4,8,9,10,11,16	65: 0x61DC5DCD AB100010 00100010 00050005 00050005 007CD500 3F020A00 0A000A00 0A020100 01000100 01E10663 04000001 80F0223D 162E4D45 68656C6C 6F20380F 8E
119842	16	1,2,3,4,5	5: 0x02005DD8 3C
119865	8	2,3,4,5,6,7,9,10,11,12,13,14,15	81: 0x61DC0CCD AB0F000F 000F000F 00080008 00080008 007CD700 3D020100 01000100 01E31E03 00993000 00100010 00100010 05000500 05000508 00080008 00080000 00F0162E 223D4F31 68656C6C 6F20366B 9E
119868	15	8,9,10,11,12,13,14	5: 0x02000CD4 7F
119874	16	1,2,3,4,5	57: 0x61DC28CD AB010001 00010001 00100010 00100010 007CD700 3E020A00 0A000A00 0AE10663 04000001 00F0223D 162E4D45 68656C6C 6F2038F6 6E
119876	1	16	5: 0x020028F2 18
119888	1	16	64: 0x61DC6CCD AB100010 00100010 00010001 00010001 007EF700 E3160302 99200000 05000500 0500050A 000A000A 000A0000 F0162E22 3D4D4568 656C6C6F 2038EFD8
119890	16	1,2,3,4,5	5: 0x02006CD2 1C
119928	16	1,2,3,4,5	73: 0x61DC29CD AB050005 00050005 00100010 00100010 007CD700 3F020100 01000100 01E31603 01992000 00100010 00100010 0A000A00 0A000A00 00F0162E 223D4D45 68656C6C 6F203825 00
119931	5	2,3,4,8,9,10,11,16	5: 0x0200297B 09
119952	5	2,3,4,8,9,10,11,16	73: 0x61DC5FCD AB0A000A 000A000A 00050005 00050005 007CD700 3E020100 01000100 01E31603 00992000 00100010 00100010 05000500 05000500 00F0162E 223D4D45 68656C6C 6F20382D 35
119955	10	3,4,5,7,8,9,11,13,14,15	5: 0x02005FCA 1F
120501	9	2,3,4,5,6,7,8,10,11,12,13,14,15	56: 0x61DC58CD AB050005 00050005 00090009 00090009 007EF500 02010001 00010001 E1066304 00000224 F0223D16 2E4E4968 656C6C6F 2037DD06
120503	5	2,3,4,8,9,10,11,16	5: 0x02005875 6B
120532	5	2,3,4,8,9,10,11,16	65: 0x61DC60CD AB100010 00100010 00050005 00050005 007CD500 3F020900 09000900 09020100 01000100 01E10663 04000001 80F0223D 162E4E49 68656C6C 6F203799 0D
120535	16	1,2,3,4,5	5: 0x020060BE D6
120542	16	1,2,3,4,5	57: 0x61DC2ACD AB010001 00010001 00100010 00100010 007CD700 3E020900 09000900 09E10663 04000001 00F0223D 162E4E49 68656C6C 6F2037EE 90
120544	1	16	5: 0x02002AE0 3B
120548	1	16	64: 0x61DC6DCD AB100010 00100010 00010001 00010001 007EF700 E3160302 99200000 05000500 05000509 00090009 00090000 F0162E22 3D4E4968 656C6C6F 20376C90
120550	16	1,2,3,4,5	5: 0x02006D5B 0D
120581	16	1,2,3,4,5	73: 0x61DC2BCD AB050005 00050005 00100010 00100010 007CD700 3F020100 01000100 01E31603 01992000 00100010 00100010 09000900 09000900 00F0162E 223D4E49 68656C6C 6F20373B CD
120584	5	2,3,4,8,9,10,11,16	5: 0x02002B69 2A
120589	5	2,3,4,8,9,10,11,16	102: 0x61DC61CD AB040004 00040004 00050005 00050005 007A333A 9B01FE9C 00F00180 08F00000 FD000000 00000000 02010001 00010001 040E0008 0C000400 00800001 001E003C 081E4040 FFFFFFFF FFFFFFFF 00000000 FD000000 00000000 00000000 00000000 55AA
120593	4	2,3,5,7,8,9,10,11,16	5: 0x02006137 C7
120602	5	2,3,4,8,9,10,11,16	73: 0x61DC62CD AB090009 00090009 00050005 00050005 007CD700 3E020100 01000100 01E31603 00992000 00100010 00100010 05000500 05000500 00F0162E 223D4E49 68656C6C 6F2037D9 BD
120605	9	2,3,4,5,6,7,8,10,11,12,13,14,15	5: 0x020062AC F5
123651	13	6,7,8,9,10,12,14,15	56: 0x61DC5ACD AB080008 00080008 000D000D 000D000D 007EF500 02010001 00010001 E1066304 000002B4 F0223D16 2E4F3968 656C6C6F 20369E97
123653	8	2,3,4,5,6,7,9,10,11,12,13,14,15	5: 0x02005A67 48
123664	3	2,4,5,6,7,8,9,10,16	56: 0x61DCBACD AB100010 00100010 00030003 00030003 007EF500 02010001 00010001 E1066304 000001A0 F0223D16 2E4C6168 656C6C6F 20397D3F
123666	16	1,2,3,4,5	5: 0x0200BA69 AF
123671	8	2,3,4,5,6,7,9,10,11,12,13,14,15	65: 0x61DC0DCD AB050005 00050005 00080008 00080008 007CD500 3F020D00 0D000D00 0D020100 01000100 01E10663 04000002 00F0223D 162E4F39 68656C6C 6F2036FB 52
123674	5	2,3,4,8,9,10,11,16	5: 0x02000D5D 6E
123697	5	2,3,4,8,9,10,11,16	65: 0x61DC63CD AB100010 00100010 00050005 00050005 007CD500 3E020D00 0D000D00 0D020100 01000100 01E10663 04000001 80F0223D 162E4F39 68656C6C 6F20367A C3
123700	16	1,2,3,4,5	5: 0x02006325 E4
123703	16	1,2,3,4,5	57: 0x61DC2CCD AB010001 00010001 00100010 00100010 007CD700 3F020300 03000300 03E10663 04000001 00F0223D 162E4C61 68656C6C 6F2039A5 46
123705	1	16	5: 0x02002CD6 5E
123729	1	16	56: 0x61DC6ECD AB100010 00100010 00010001 00010001 007EF700 E30E0301 99100000 03000300 03000300 F0162E22 3D4C6168 656C6C6F 20394597
123731	16	1,2,3,4,5	5: 0x02006EC0 3F
123742	16	1,2,3,4,5	57: 0x61DC2DCD AB010001 00010001 00100010 00100010 007CD700 3D020D00 0D000D00 0DE10663 04000001 00F0223D 162E4F39 68656C6C 6F203689 D5
123744	1	16	5: 0x02002D5F 4F
123747	1	16	72: 0x61DC6FCD AB100010 00100010 00010001 00010001 007EF700 E31E0303 99300000 05000500 05000508 00080008 00080D00 0D000D00 0D000000 F0162E22 3D4F3968 656C6C6F 2036F181
123751	16	1,2,3,4,5	5: 0x02006F49 2E
123766	16	1,2,3,4,5	81: 0x61DC2FCD AB050005 00050005 00100010 00100010 007CD700 3F020100 01000100 01E31E03 02993000 00100010 00100010 08000800 0800080D 000D000D 000D0000 00F0162E 223D4F39 68656C6C 6F20368C 19
123769	5	2,3,4,8,9,10,11,16	5: 0x02002F4D 6C
123791	5	2,3,4,8,9,10,11,16	81: 0x61DC64CD AB080008 00080008 00050005 00050005 007CD700 3E020100 01000100 01E31E03 01993000 00100010 00100010 05000500 0500050D 000D000D 000D0000 00F0162E 223D4F39 68656C6C 6F2036F5 9B
123794	8	2,3,4,5,6,7,9,10,11,12,13,14,15	5: 0x0200649A 90
123811	8	2,3,4,5,6,7,9,10,11,12,13,14,15	81: 0x61DC0ECD AB0D000D 000D000D 00080008 00080008 007CD700 3D020100 01000100 01E31E03 00993000 00100010 00100010 05000500 05000508 00080008 00080000 00F0162E 223D4F39 68656C6C 6F2036F5 74
123814	13	6,7,8,9,10,12,14,15	5: 0x02000EC6 5C
123826	16	1,2,3,4,5	65: 0x61DC2ECD AB030003 00030003 00100010 00100010 007CD700 3F020100 01000100 01E30E03 00991000 00100010 00100010 00F0162E 223D4C61 68656C6C 6F20393E CA
123829	3	2,4,5,6,7,8,9,10,16	5: 0x02002EC4 7D
124311	10	3,4,5,7,8,9,11,13,14,15	102: 0x61DCFACD AB030003 00030003 000A000A 000A000A 007A333A 9B01FDE1 00F0022B 08F00000 FD000000 00000000 02010001 00010001 040E0008 0C000400 00800001 001E003C 081E4040 FFFFFFFF FFFFFFFF 00000000 FD000000 00000000 00000000 00000000 DD0C
124315	3	2,4,5,6,7,8,9,10,16	5: 0x0200FA6D ED
124546	7	2,3,4,6,8,9,10,12,13,14	56: 0x61DC93CD AB020002 00020002 00070007 00070007 007EF500 02010001 00010001 E1066304 0000022E F0223D16 2E4E5168 656C6C6F 20379007
124548	2	3,4,5,6,7,8,9,16	5: 0x020093AA 13
124551	2	3,4,5,6,7,8,9,16	65: 0x61DC1CCD AB100010 00100010 00020002 00020002 007CD500 3F020700 07000700 07020100 01000100 01E10663 04000001 80F0223D 162E4E51 68656C6C 6F20374C CD
124554	16	1,2,3,4,5	5: 0x02001C55 6F
124576	16	1,2,3,4,5	57: 0x61DC30CD AB010001 00010001 00100010 00100010 007CD700 3E020700 07000700 07E10663 04000001 00F0223D 162E4E51 68656C6C 6F20378C BB
124578	1	16	5: 0x0200303B 84
124619	1	16	64: 0x61DC70CD AB100010 00100010 00010001 00010001 007EF700 E3160302 99200000 02000200 02000207 00070007 00070000 F0162E22 3D4E5168 656C6C6F 203700FA
124621	16	1,2,3,4,5	5: 0x0200703F C6
124635	16	1,2,3,4,5	73: 0x61DC31CD AB020002 00020002 00100010 00100010 007CD700 3F020100 01000100 01E31603 01992000 00100010 00100010 07000700 07000700 00F0162E 223D4E51 68656C6C 6F203732 DE
124638	2	3,4,5,6,7,8,9,16	5: 0x020031B2 95
124673	2	3,4,5,6,7,8,9,16	73: 0x61DC1DCD AB070007 00070007 00020002 00020002 007CD700 3E020100 01000100 01E31603 00992000 00100010 00100010 02000200 02000200 00F0162E 223D4E51 68656C6C 6F203795 D8
124676	7	2,3,4,6,8,9,10,12,13,14	5: 0x02001DDC 7E
125390	11	4,5,8,9,10,14,15	56: 0x61DC03CD AB050005 00050005 000B000B 000B000B 007EF500 02010001 00010001 E1066304 00000220 F0223D16 2E4D4168 656C6C6F 2038AB4B
125392	5	2,3,4,8,9,10,11,16	5: 0x02000323 87
125419	5	2,3,4,8,9,10,11,16	65: 0x61DC65CD AB100010 00100010 00050005 00050005 007CD500 3F020B00 0B000B00 0B020100 01000100 01E10663 04000001 80F0223D 162E4D41 68656C6C 6F2038EA CB
125422	16	1,2,3,4,5	5: 0x02006513 81
125452	16	1,2,3,4,5	57: 0x61DC32CD AB010001 00010001 00100010 00100010 007CD700 3E020B00 0B000B00 0BE10663 04000001 00F0223D 162E4D41 68656C6C 6F2038B6 EB
125454	1	16	5: 0x02003229 A7
125482	1	16	64: 0x61DC71CD AB100010 00100010 00010001 00010001 007EF700 E3160302 99200000 05000500 0500050B 000B000B 000B0000 F0162E22 3D4D4168 656C6C6F 2038C7E6
125484	16	1,2,3,4,5	5: 0x020071B6 D7
125506	16	1,2,3,4,5	73: 0x61DC33CD AB050005 00050005 00100010 00100010 007CD700 3F020100 01000100 01E31603 01992000 00100010 00100010 0B000B00 0B000B00 00F0162E 223D4D41 68656C6C 6F20383B 0A
125509	5	2,3,4,8,9,10,11,16	5: 0x020033A0 B6
125547	5	2,3,4,8,9,10,11,16	73: 0x61DC66CD AB0B000B 000B000B 00050005 00050005 007CD700 3E020100 01000100 01E31603 00992000 00100010 00100010 05000500 05000500 00F0162E 223D4D41 68656C6C 6F203875 27
125550	11	4,5,8,9,10,14,15	5: 0x02006688 B3
126104	8	2,3,4,5,6,7,9,10,11,12,13,14,15	56: 0x61DC0FCD AB050005 00050005 00080008 00080008 007EF500 02010001 00010001 E1066304 00000200 F0223D16 2E4D4D68 656C6C6F 20384B88
126106	5	2,3,4,8,9,10,11,16	5: 0x02000F4F 4D
126122	4	2,3,5,7,8,9,10,11,16	56: 0x61DCEFCD AB100010 00100010 00040004 00040004 007EF500 02010001 00010001 E1066304 000001A0 F0223D16 2E4C5D68 656C6C6F 20395886
126124	16	1,2,3,4,5	5: 0x0200EF41 AA
126128	16	1,2,3,4,5	57: 0x61DC34CD AB010001 00010001 00100010 00100010 007CD700 3F020400 04000400 04E10663 04000001 00F0223D 162E4C5D 68656C6C 6F2039BC 55
126130	1	16	5: 0x0200341F C2
126137	5	2,3,4,8,9,10,11,16	65: 0x61DC67CD AB100010 00100010 00050005 00050005 007CD500 3F020800 08000800 08020100 01000100 01E10663 04000001 80F0223D 162E4D4D 68656C6C 6F2038A3 49
126140	16	1,2,3,4,5	5: 0x02006701 A2
126147	16	1,2,3,4,5	57: 0x61DC35CD AB010001 00010001 00100010 00100010 007CD700 3E020800 08000800 08E10663 04000001 00F0223D 162E4D4D 68656C6C 6F203882 F6
126149	1	16	5: 0x02003596 D3
126173	1	16	56: 0x61DC72CD AB100010 00100010 00010001 00010001 007EF700 E30E0301 99100000 04000400 04000400 F0162E22 3D4C5D68 656C6C6F 2039B695
126175	16	1,2,3,4,5	5: 0x0200722D E5
126189	16	1,2,3,4,5	65: 0x61DC36CD AB040004 00040004 00100010 00100010 007CD700 3F020100 01000100 01E30E03 00991000 00100010 00100010 00F0162E 223D4C5D 68656C6C 6F2039FD 36
126192	4	2,3,5,7,8,9,10,11,16	5: 0x0200360D E1
126215	1	16	64: 0x61DC73CD AB100010 00100010 00010001 00010001 007EF700 E3160302 99200000 05000500 05000508 00080008 00080000 F0162E22 3D4D4D68 656C6C6F 2038E8AD
126217	16	1,2,3,4,5	5: 0x020073A4 F4
126222	16	1,2,3,4,5	73: 0x61DC37CD AB050005 00050005 00100010 00100010 007CD700 3F020100 01000100 01E31603 01992000 00100010 00100010 08000800 08000800 00F0162E 223D4D4D 68656C6C 6F20383F 42
126225	5	2,3,4,8,9,10,11,16	5: 0x02003784 F0
126234	5	2,3,4,8,9,10,11,16	73: 0x61DC68CD AB080008 00080008 00050005 00050005 007CD700 3E020100 01000100 01E31603 00992000 00100010 00100010 05000500 05000500 00F0162E 223D4D4D 68656C6C 6F203881 A3
126237	8	2,3,4,5,6,7,9,10,11,12,13,14,15	5: 0x020068F6 5A
126304	5	2,3,4,8,9,10,11,16	56: 0x61DC69CD AB100010 00100010 00050005 00050005 007EF500 02010001 00010001 E1066304 00000180 F0223D16 2E4C5968 656C6C6F 203983B4
126306	16	1,2,3,4,5	5: 0x0200697F 4B
126339	16	1,2,3,4,5	57: 0x61DC38CD AB010001 00010001 00100010 00100010 007CD700 3F020500 05000500 05E10663 04000001 00F0223D 162E4C59 68656C6C 6F203968 7F
126341	1	16	5: 0x02003873 08
126363	1	16	56: 0x61DC74CD AB100010 00100010 00010001 00010001 007EF700 E30E0301 99100000 05000500 05000500 F0162E22 3D4C5968 656C6C6F 2039C98B
126365	16	1,2,3,4,5	5: 0x0200741B 80
126374	16	1,2,3,4,5	65: 0x61DC39CD AB050005 00050005 00100010 00100010 007CD700 3F020100 01000100 01E30E03 00991000 00100010 00100010 00F0162E 223D4C59 68656C6C 6F2039C7 57
126377	5	2,3,4,8,9,10,11,16	5: 0x020039FA 19
127699	12	6,7,8,9,13,14,15	56: 0x61DC45CD AB080008 00080008 000C000C 000C000C 007EF500 02010001 00010001 E1066304 000002AB F0223D16 2E4E3D68 656C6C6F 2037F1EB
127701	8	2,3,4,5,6,7,9,10,11,12,13,14,15	5: 0x02004511 A0
127735	8	2,3,4,5,6,7,9,10,11,12,13,14,15	65: 0x61DC10CD AB050005 00050005 00080008 00080008 007CD500 3F020C00 0C000C00 0C020100 01000100 01E10663 04000002 00F0223D 162E4E3D 68656C6C 6F203759 6D
127738	5	2,3,4,8,9,10,11,16	5: 0x02001039 A5
127750	2	3,4,5,6,7,8,9,16	56: 0x61DC1ECD AB100010 00100010 00020002 00020002 007EF500 02010001 00010001 E1066304 00000180 F0223D16 2E4C6568 656C6C6F 2039DD76
127752	16	1,2,3,4,5	5: 0x02001E47 4C
127763	5	2,3,4,8,9,10,11,16	65: 0x61DC6ACD AB100010 00100010 00050005 00050005 007CD500 3E020C00 0C000C00 0C020100 01000100 01E10663 04000001 80F0223D 162E4E3D 68656C6C 6F20378E 69
127766	16	1,2,3,4,5	5: 0x02006AE4 79
127777	16	1,2,3,4,5	57: 0x61DC3ACD AB010001 00010001 00100010 00100010 007CD700 3F020200 02000200 02E10663 04000001 00F0223D 162E4C65 68656C6C 6F203924 D9
127779	1	16	5: 0x02003A61 2B
127789	16	1,2,3,4,5	57: 0x61DC3BCD AB010001 00010001 00100010 00100010 007CD700 3D020C00 0C000C00 0CE10663 04000001 00F0223D 162E4E3D 68656C6C 6F20377C 16
127791	1	16	5: 0x02003BE8 3A
127815	1	16	56: 0x61DC75CD AB100010 00100010 00010001 00010001 007EF700 E30E0301 99100000 02000200 02000200 F0162E22 3D4C6568 656C6C6F 20393520
127817	16	1,2,3,4,5	5: 0x02007592 91
127820	16	1,2,3,4,5	65: 0x61DC3CCD AB020002 00020002 00100010 00100010 007CD700 3F020100 01000100 01E30E03 00991000 00100010 00100010 00F0162E 223D4C65 68656C6C 6F20393D EC
127823	2	3,4,5,6,7,8,9,16	5: 0x02003C57 4E
127842	1	16	72: 0x61DC76CD AB100010 00100010 00010001 00010001 007EF700 E31E0303 99300000 05000500 05000508 00080008 00080C00 0C000C00 0C000000 F0162E22 3D4E3D68 656C6C6F 2037F477
127845	16	1,2,3,4,5	5: 0x02007609 A3
127854	16	1,2,3,4,5	81: 0x61DC3DCD AB050005 00050005 00100010 00100010 007CD700 3F020100 01000100 01E31E03 02993000 00100010 00100010 08000800 0800080C 000C000C 000C0000 00F0162E 223D4E3D 68656C6C 6F203779 DD
127857	5	2,3,4,8,9,10,11,16	5: 0x02003DDE 5F
127864	5	2,3,4,8,9,10,11,16	81: 0x61DC6BCD AB080008 00080008 00050005 00050005 007CD700 3E020100 01000100 01E31E03 01993000 00100010 00100010 05000500 0500050C 000C000C 000C0000 00F0162E 223D4E3D 68656C6C 6F203728 00
127867	8	2,3,4,5,6,7,9,10,11,12,13,14,15	5: 0x02006B6D 68
127872	8	2,3,4,5,6,7,9,10,11,12,13,14,15	81: 0x61DC11CD AB0C000C 000C000C 00080008 00080008 007CD700 3D020100 01000100 01E31E03 00993000 00100010 00100010 05000500 05000508 00080008 00080000 00F0162E 223D4E3D 68656C6C 6F203770 54
127875	12	6,7,8,9,13,14,15	5: 0x020011B0 B4
128237	6	2,3,7,8,9,12,13	56: 0x61DCF0CD AB020002 00020002 00060006 00060006 007EF500 02010001 00010001 E1066304 0000023C F0223D16 2E4D5568 656C6C6F 2038A76B
128239	2	3,4,5,6,7,8,9,16	5: 0x0200F037 42
128242	2	3,4,5,6,7,8,9,16	65: 0x61DC1FCD AB100010 00100010 00020002 00020002 007CD500 3F020600 06000600 06020100 01000100 01E10663 04000001 80F0223D 162E4D55 68656C6C 6F203897 5F
128245	16	1,2,3,4,5	5: 0x02001FCE 5D
128268	16	1,2,3,4,5	57: 0x61DC3ECD AB010001 00010001 00100010 00100010 007CD700 3E020600 06000600 06E10663 04000001 00F0223D 162E4D55 68656C6C 6F20387F 3F
128270	1	16	5: 0x02003E45 6D
128311	1	16	64: 0x61DC77CD AB100010 00100010 00010001 00010001 007EF700 E3160302 99200000 02000200 02000206 00060006 00060000 F0162E22 3D4D5568 656C6C6F 203841BE
128313	16	1,2,3,4,5	5: 0x02007780 B2
128323	16	1,2,3,4,5	73: 0x61DC3FCD AB020002 00020002 00100010 00100010 007CD700 3F020100 01000100 01E31603 01992000 00100010 00100010 06000600 06000600 00F0162E 223D4D55 68656C6C 6F203893 1A
128326	2	3,4,5,6,7,8,9,16	5: 0x02003FCC 7C
128346	2	3,4,5,6,7,8,9,16	73: 0x61DC20CD AB060006 00060006 00020002 00020002 007CD700 3E020100 01000100 01E31603 00992000 00100010 00100010 02000200 02000200 00F0162E 223D4D55 68656C6C 6F20387E D1
128349	6	2,3,7,8,9,12,13	5: 0x020020BA 94
129149	10	3,4,5,7,8,9,11,13,14,15	56: 0x61DCFBCD AB050005 00050005 000A000A 000A000A 007EF500 02010001 00010001 E1066304 0000022B F0223D16 2E4C4568 656C6C6F 2039284D
129151	5	2,3,4,8,9,10,11,16	5: 0x0200FBE4 FC
129170	5	2,3,4,8,9,10,11,16	65: 0x61DC6CCD AB100010 00100010 00050005 00050005 007CD500 3F020A00 0A000A00 0A020100 01000100 01E10663 04000001 80F0223D 162E4C45 68656C6C 6F20391E 61
129173	16	1,2,3,4,5	5: 0x02006CD2 1C
129184	16	1,2,3,4,5	57: 0x61DC40CD AB010001 00010001 00100010 00100010 007CD700 3E020A00 0A000A00 0AE10663 04000001 00F0223D 162E4C45 68656C6C 6F2039F4 F7
129186	1	16	5: 0x020040BC F7
129221	1	16	64: 0x61DC78CD AB100010 00100010 00010001 00010001 007EF700 E3160302 99200000 05000500 0500050A 000A000A 000A0000 F0162E22 3D4C4568 656C6C6F 20391A53
129223	16	1,2,3,4,5	5: 0x02007877 4A
129255	16	1,2,3,4,5	73: 0x61DC41CD AB050005 00050005 00100010 00100010 007CD700 3F020100 01000100 01E31603 01992000 00100010 00100010 0A000A00 0A000A00 00F0162E 223D4C45 68656C6C 6F2039DD D8
129258	5	2,3,4,8,9,10,11,16	5: 0x02004135 E6
129275	5	2,3,4,8,9,10,11,16	73: 0x61DC6DCD AB0A000A 000A000A 00050005 00050005 007CD700 3E020100 01000100 01E31603 00992000 00100010 00100010 05000500 05000500 00F0162E 223D4C45 68656C6C 6F2039F5 80
129278	10	3,4,5,7,8,9,11,13,14,15	5: 0x02006D5B 0D
129359	14	7,8,9,10,11,12,13,15	56: 0x61DC9DCD AB080008 00080008 000E000E 000E000E 007EF500 02010001 00010001 E1066304 000002AB F0223D16 2E4E3568 656C6C6F 20373622
129361	8	2,3,4,5,6,7,9,10,11,12,13,14,15	5: 0x02009DD4 FA
129395	8	2,3,4,5,6,7,9,10,11,12,13,14,15	65: 0x61DC12CD AB050005 00050005 00080008 00080008 007CD500 3F020E00 0E000E00 0E020100 01000100 01E10663 04000002 00F0223D 162E4E35 68656C6C 6F2037FF CB
129398	5	2,3,4,8,9,10,11,16	5: 0x0200122B 86
129419	5	2,3,4,8,9,10,11,16	65: 0x61DC6ECD AB100010 00100010 00050005 00050005 007CD500 3E020E00 0E000E00 0E020100 01000100 01E10663 04000001 80F0223D 162E4E35 68656C6C 6F2037B1 F6
129422	16	1,2,3,4,5	5: 0x02006EC0 3F
129426	16	1,2,3,4,5	57: 0x61DC42CD AB010001 00010001 00100010 00100010 007CD700 3D020E00 0E000E00 0EE10663 04000001 00F0223D 162E4E35 68656C6C 6F2037BF 51
129428	1	16	5: 0x020042AE D4
129448	1	16	72: 0x61DC79CD AB100010 00100010 00010001 00010001 007EF700 E31E0303 99300000 05000500 05000508 00080008 00080E00 0E000E00 0E000000 F0162E22 3D4E3568 656C6C6F 2037A399
129451	16	1,2,3,4,5	5: 0x020079FE 5B
129454	16	1,2,3,4,5	81: 0x61DC43CD AB050005 00050005 00100010 00100010 007CD700 3F020100 01000100 01E31E03 02993000 00100010 00100010 08000800 0800080E 000E000E 000E0000 00F0162E 223D4E35 68656C6C 6F203750 D8
129457	5	2,3,4,8,9,10,11,16	5: 0x02004327 C5
129460	5	2,3,4,8,9,10,11,16	81: 0x61DC6FCD AB080008 00080008 00050005 00050005 007CD700 3E020100 01000100 01E31E03 01993000 00100010 00100010 05000500 0500050E 000E000E 000E0000 00F0162E 223D4E35 68656C6C 6F20371D 47
129464	8	2,3,4,5,6,7,9,10,11,12,13,14,15	5: 0x02006F49 2E
129490	8	2,3,4,5,6,7,9,10,11,12,13,14,15	81: 0x61DC13CD AB0E000E 000E000E 00080008 00080008 007CD700 3D020100 01000100 01E31E03 00993000 00100010 00100010 05000500 05000508 00080008 00080000 00F0162E 223D4E35 68656C6C 6F2037EE BE
129493	14	7,8,9,10,11,12,13,15	5: 0x020013A2 97
129635	15	8,9,10,11,12,13,14	56: 0x61DCC8CD AB080008 00080008 000F000F 000F000F 007EF500 02010001 00010001 E1066304 000002A0 F0223D16 2E4E3168 656C6C6F 2037F891
129637	8	2,3,4,5,6,7,9,10,11,12,13,14,15	5: 0x0200C8FC FF
129642	9	2,3,4,5,6,7,8,10,11,12,13,14,15	56: 0x61DC59CD AB050005 00050005 00090009 00090009 007EF500 02010001 00010001 E1066304 00000220 F0223D16 2E4D4968 656C6C6F 2038767F
129644	5	2,3,4,8,9,10,11,16	5: 0x020059FC 7A
129664	5	2,3,4,8,9,10,11,16	65: 0x61DC70CD AB100010 00100010 00050005 00050005 007CD500 3F020900 09000900 09020100 01000100 01E10663 04000001 80F0223D 162E4D49 68656C6C 6F2038DE 60
129667	16	1,2,3,4,5	5: 0x0200703F C6
129676	8	2,3,4,5,6,7,9,10,11,12,13,14,15	65: 0x61DC14CD AB050005 00050005 00080008 00080008 007CD500 3F020F00 0F000F00 0F020100 01000100 01E10663 04000002 00F0223D 162E4E31 68656C6C 6F203789 D6
129679	5	2,3,4,8,9,10,11,16	5: 0x0200141D E3
129693	5	2,3,4,8,9,10,11,16	65: 0x61DC71CD AB100010 00100010 00050005 00050005 007CD500 3E020F00 0F000F00 0F020100 01000100 01E10663 04000001 80F0223D 162E4E31 68656C6C 6F20371F 7A
129696	16	1,2,3,4,5	5: 0x020071B6 D7
129762	16	1,2,3,4,5	57: 0x61DC44CD AB010001 00010001 00100010 00100010 007CD700 3E020900 09000900 09E10663 04000001 00F0223D 162E4D49 68656C6C 6F203800 F2
129764	1	16	5: 0x02004498 B1
129782	16	1,2,3,4,5	57: 0x61DC45CD AB010001 00010001 00100010 00100010 007CD700 3D020F00 0F000F00 0FE10663 04000001 00F0223D 162E4E31 68656C6C 6F2037A1 2C
129784	1	16	5: 0x02004511 A0
129814	1	16	64: 0x61DC7ACD AB100010 00100010 00010001 00010001 007EF700 E3160302 99200000 05000500 05000509 00090009 00090000 F0162E22 3D4D4968 656C6C6F 20384144
129816	16	1,2,3,4,5	5: 0x02007A65 69
129833	1	16	72: 0x61DC7BCD AB100010 00100010 00010001 00010001 007EF700 E31E0303 99300000 05000500 05000508 00080008 00080F00 0F000F00 0F000000 F0162E22 3D4E3168 656C6C6F 2037EF2A
129836	16	1,2,3,4,5	5: 0x02007BEC 78
129839	16	1,2,3,4,5	73: 0x61DC46CD AB050005 00050005 00100010 00100010 007CD700 3F020100 01000100 01E31603 01992000 00100010 00100010 09000900 09000900 00F0162E 223D4D49 68656C6C 6F203858 99
129842	5	2,3,4,8,9,10,11,16	5: 0x0200468A 92
129858	16	1,2,3,4,5	81: 0x61DC47CD AB050005 00050005 00100010 00100010 007CD700 3F020100 01000100 01E31E03 02993000 00100010 00100010 08000800 0800080F 000F000F 000F0000 00F0162E 223D4E31 68656C6C 6F2037EE D2
129861	5	2,3,4,8,9,10,11,16	5: 0x02004703 83
129876	5	2,3,4,8,9,10,11,16	81: 0x61DC73CD AB080008 00080008 00050005 00050005 007CD700 3E020100 01000100 01E31E03 01993000 00100010 00100010 05000500 0500050F 000F000F 000F0000 00F0162E 223D4E31 68656C6C 6F203731 E9
129879	8	2,3,4,5,6,7,9,10,11,12,13,14,15	5: 0x020073A4 F4
129882	5	2,3,4,8,9,10,11,16	73: 0x61DC72CD AB090009 00090009 00050005 00050005 007CD700 3E020100 01000100 01E31603 00992000 00100010 00100010 05000500 05000500 00F0162E 223D4D49 68656C6C 6F203825 46
129885	9	2,3,4,5,6,7,8,10,11,12,13,14,15	5: 0x0200722D E5
129918	8	2,3,4,5,6,7,9,10,11,12,13,14,15	81: 0x61DC15CD AB0F000F 000F000F 00080008 00080008 007CD700 3D020100 01000100 01E31E03 00993000 00100010 00100010 05000500 05000508 00080008 00080000 00F0162E 223D4E31 68656C6C 6F2037FF 54
129921	15	8,9,10,11,12,13,14	5: 0x02001594 F2
133276	3	2,4,5,6,7,8,9,10,16	57: 0x61DCBBCD AB100010 00100010 00030003 00030003 007EF500 02010001 00010001 E1066304 0000019C F0223D16 2E542F68 656C6C6F 2031309F 87
133278	16	1,2,3,4,5	5: 0x0200BBE0 BE
133300	16	1,2,3,4,5	58: 0x61DC48CD AB010001 00010001 00100010 00100010 007CD700 3F020300 03000300 03E10663 04000001 00F0223D 162E542F 68656C6C 6F203130 844A
133302	1	16	5: 0x020048F4 7B
133310	1	16	57: 0x61DC7CCD AB100010 00100010 00010001 00010001 007EF700 E30E0301 99100000 03000300 03000300 F0162E22 3D542F68 656C6C6F 2031309B CA
133312	16	1,2,3,4,5	5: 0x02007C53 0C
133346	16	1,2,3,4,5	66: 0x61DC49CD AB030003 00030003 00100010 00100010 007CD700 3F020100 01000100 01E30E03 00991000 00100010 00100010 00F0162E 223D542F 68656C6C 6F203130 4840
133349	3	2,4,5,6,7,8,9,10,16	5: 0x0200497D 6A
134253	13	6,7,8,9,10,12,14,15	56: 0x61DC5BCD AB080008 00080008 000D000D 000D000D 007EF500 02010001 00010001 E1066304 000002AF F0223D16 2E4E3968 656C6C6F 2037E09F
134255	8	2,3,4,5,6,7,9,10,11,12,13,14,15	5: 0x02005BEE 59
134295	8	2,3,4,5,6,7,9,10,11,12,13,14,15	65: 0x61DC16CD AB050005 00050005 00080008 00080008 007CD500 3F020D00 0D000D00 0D020100 01000100 01E10663 04000002 00F0223D 162E4E39 68656C6C 6F20372F 70
134298	5	2,3,4,8,9,10,11,16	5: 0x0200160F C0
134306	5	2,3,4,8,9,10,11,16	65: 0x61DC74CD AB100010 00100010 00050005 00050005 007CD500 3E020D00 0D000D00 0D020100 01000100 01E10663 04000001 80F0223D 162E4E39 68656C6C 6F20379C 92
134309	16	1,2,3,4,5	5: 0x0200741B 80
134317	16	1,2,3,4,5	57: 0x61DC4ACD AB010001 00010001 00100010 00100010 007CD700 3D020D00 0D000D00 0DE10663 04000001 00F0223D 162E4E39 68656C6C 6F2037FE 12
134319	1	16	5: 0x02004AE6 58
134325	1	16	72: 0x61DC7DCD AB100010 00100010 00010001 00010001 007EF700 E31E0303 99300000 05000500 05000508 00080008 00080D00 0D000D00 0D000000 F0162E22 3D4E3968 656C6C6F 20375C34
134328	16	1,2,3,4,5	5: 0x02007DDA 1D
134346	16	1,2,3,4,5	81: 0x61DC4BCD AB050005 00050005 00100010 00100010 007CD700 3F020100 01000100 01E31E03 02993000 00100010 00100010 08000800 0800080D 000D000D 000D0000 00F0162E 223D4E39 68656C6C 6F20375A 0E
134349	5	2,3,4,8,9,10,11,16	5: 0x02004B6F 49
134373	5	2,3,4,8,9,10,11,16	81: 0x61DC75CD AB080008 00080008 00050005 00050005 007CD700 3E020100 01000100 01E31E03 01993000 00100010 00100010 05000500 0500050D 000D000D 000D0000 00F0162E 223D4E39 68656C6C 6F2037E0 CA
134376	8	2,3,4,5,6,7,9,10,11,12,13,14,15	5: 0x02007592 91
134388	8	2,3,4,5,6,7,9,10,11,12,13,14,15	81: 0x61DC17CD AB0D000D 000D000D 00080008 00080008 007CD700 3D020100 01000100 01E31E03 00993000 00100010 00100010 05000500 05000508 00080008 00080000 00F0162E 223D4E39 68656C6C 6F203761 BE
134391	13	6,7,8,9,10,12,14,15	5: 0x02001786 D1
135028	7	2,3,4,6,8,9,10,12,13,14	56: 0x61DC94CD AB020002 00020002 00070007 00070007 007EF500 02010001 00010001 E1066304 0000022A F0223D16 2E4D5168 656C6C6F 20386676
135030	2	3,4,5,6,7,8,9,16	5: 0x02009415 67
135039	2	3,4,5,6,7,8,9,16	65: 0x61DC21CD AB100010 00100010 00020002 00020002 007CD500 3F020700 07000700 07020100 01000100 01E10663 04000001 80F0223D 162E4D51 68656C6C 6F2038EB 23
135042	16	1,2,3,4,5	5: 0x02002133 85
135081	16	1,2,3,4,5	57: 0x61DC4CCD AB010001 00010001 00100010 00100010 007CD700 3E020700 07000700 07E10663 04000001 00F0223D 162E4D51 68656C6C 6F203849 7F
135083	1	16	5: 0x02004CD0 3D
135114	1	16	64: 0x61DC7ECD AB100010 00100010 00010001 00010001 007EF700 E3160302 99200000 02000200 02000207 00070007 00070000 F0162E22 3D4D5168 656C6C6F 2038E857
135116	16	1,2,3,4,5	5: 0x02007E41 2F
135139	16	1,2,3,4,5	73: 0x61DC4DCD AB020002 00020002 00100010 00100010 007CD700 3F020100 01000100 01E31603 01992000 00100010 00100010 07000700 07000700 00F0162E 223D4D51 68656C6C 6F203801 94
135142	2	3,4,5,6,7,8,9,16	5: 0x02004D59 2C
135185	2	3,4,5,6,7,8,9,16	73: 0x61DC22CD AB070007 00070007 00020002 00020002 007CD700 3E020100 01000100 01E31603 00992000 00100010 00100010 02000200 02000200 00F0162E 223D4D51 68656C6C 6F203850 8B
135188	7	2,3,4,6,8,9,10,12,13,14	5: 0x020022A8 B7
135492	8	2,3,4,5,6,7,9,10,11,12,13,14,15	56: 0x61DC18CD AB050005 00050005 00080008 00080008 007EF500 02010001 00010001 E1066304 00000200 F0223D16 2E4C4D68 656C6C6F 2039D765
135494	5	2,3,4,8,9,10,11,16	5: 0x02001871 29
135513	5	2,3,4,8,9,10,11,16	65: 0x61DC76CD AB100010 00100010 00050005 00050005 007CD500 3F020800 08000800 08020100 01000100 01E10663 04000001 80F0223D 162E4C4D 68656C6C 6F2039DC 21
135516	16	1,2,3,4,5	5: 0x02007609 A3
135526	16	1,2,3,4,5	57: 0x61DC4ECD AB010001 00010001 00100010 00100010 007CD700 3E020800 08000800 08E10663 04000001 00F0223D 162E4C4D 68656C6C 6F2039C8 0D
135528	1	16	5: 0x02004EC2 1E
135557	1	16	64: 0x61DC7FCD AB100010 00100010 00010001 00010001 007EF700 E3160302 99200000 05000500 05000508 00080008 00080000 F0162E22 3D4C4D68 656C6C6F 2039EC44
135559	16	1,2,3,4,5	5: 0x02007FC8 3E
135582	16	1,2,3,4,5	73: 0x61DC4FCD AB050005 00050005 00100010 00100010 007CD700 3F020100 01000100 01E31603 01992000 00100010 00100010 08000800 08000800 00F0162E 223D4C4D 68656C6C 6F2039CB 4F
135585	5	2,3,4,8,9,10,11,16	5: 0x02004F4B 0F
135618	5	2,3,4,8,9,10,11,16	73: 0x61DC77CD AB080008 00080008 00050005 00050005 007CD700 3E020100 01000100 01E31603 00992000 00100010 00100010 05000500 05000500 00F0162E 223D4C4D 68656C6C 6F2039C9 20
135621	8	2,3,4,5,6,7,9,10,11,12,13,14,15	5: 0x02007780 B2
135807	11	4,5,8,9,10,14,15	56: 0x61DC04CD AB050005 00050005 000B000B 000B000B 007EF500 02010001 00010001 E1066304 0000021C F0223D16 2E4C4168 656C6C6F 203996F6
135809	5	2,3,4,8,9,10,11,16	5: 0x0200049C F3
135821	5	2,3,4,8,9,10,11,16	65: 0x61DC78CD AB100010 00100010 00050005 00050005 007CD500 3F020B00 0B000B00 0B020100 01000100 01E10663 04000001 80F0223D 162E4C41 68656C6C 6F2039A7 D0
135824	16	1,2,3,4,5	5: 0x02007877 4A
135864	16	1,2,3,4,5	57: 0x61DC50CD AB010001 00010001 00100010 00100010 007CD700 3E020B00 0B000B00 0BE10663 04000001 00F0223D 162E4C41 68656C6C 6F20391D E1
135866	1	16	5: 0x0200503D E7
135892	1	16	64: 0x61DC80CD AB100010 00100010 00010001 00010001 007EF700 E3160302 99200000 05000500 0500050B 000B000B 000B0000 F0162E22 3D4C4168 656C6C6F 2039DE6B
135894	5	2,3,4,8,9,10,11,16	57: 0x61DC79CD AB100010 00100010 00050005 00050005 007EF500 02010001 00010001 E1066304 00000180 F0223D16 2E542768 656C6C6F 203130F8 E1
135896	16	1,2,3,4,5	5: 0x020079FE 5B
135926	1	16	64: 0x61DC80CD AB100010 00100010 00010001 00010001 007EF700 E3160302 99200000 05000500 0500050B 000B000B 000B0000 F0162E22 3D4C4168 656C6C6F 2039DE6B
135928	16	1,2,3,4,5	5: 0x020080B0 31
135935	16	1,2,3,4,5	73: 0x61DC51CD AB050005 00050005 00100010 00100010 007CD700 3F020100 01000100 01E31603 01992000 00100010 00100010 0B000B00 0B000B00 00F0162E 223D4C41 68656C6C 6F2039EC 26
135938	5	2,3,4,8,9,10,11,16	5: 0x020051B4 F6
135972	16	1,2,3,4,5	58: 0x61DC52CD AB010001 00010001 00100010 00100010 007CD700 3F020500 05000500 05E10663 04000001 00F0223D 162E5427 68656C6C 6F203130 D42A
135974	1	16	5: 0x0200522F C4
135976	5	2,3,4,8,9,10,11,16	73: 0x61DC7ACD AB0B000B 000B000B 00050005 00050005 007CD700 3E020100 01000100 01E31603 00992000 00100010 00100010 05000500 05000500 00F0162E 223D4C41 68656C6C 6F2039C8 F1
135979	11	4,5,8,9,10,14,15	5: 0x02007A65 69
136001	1	16	57: 0x61DC81CD AB100010 00100010 00010001 00010001 007EF700 E30E0301 99100000 05000500 05000500 F0162E22 3D542768 656C6C6F 203130BC 28
136003	16	1,2,3,4,5	5: 0x02008139 20
136032	16	1,2,3,4,5	66: 0x61DC53CD AB050005 00050005 00100010 00100010 007CD700 3F020100 01000100 01E30E03 00991000 00100010 00100010 00F0162E 223D5427 68656C6C 6F203130 444F
136035	5	2,3,4,8,9,10,11,16	5: 0x020053A6 D5
136597	4	2,3,5,7,8,9,10,11,16	57: 0x61DCF0CD AB100010 00100010 00040004 00040004 007EF500 02010001 00010001 E1066304 0000019C F0223D16 2E542B68 656C6C6F 20313004 3A
136599	16	1,2,3,4,5	5: 0x0200F037 42
136628	16	1,2,3,4,5	58: 0x61DC54CD AB010001 00010001 00100010 00100010 007CD700 3F020400 04000400 04E10663 04000001 00F0223D 162E542B 68656C6C 6F203130 C5FD
136630	1	16	5: 0x02005419 A1
136641	1	16	57: 0x61DC82CD AB100010 00100010 00010001 00010001 007EF700 E30E0301 99100000 04000400 04000400 F0162E22 3D542B68 656C6C6F 203130C4 11
136643	16	1,2,3,4,5	5: 0x020082A2 12
136646	16	1,2,3,4,5	66: 0x61DC55CD AB040004 00040004 00100010 00100010 007CD700 3F020100 01000100 01E30E03 00991000 00100010 00100010 00F0162E 223D542B 68656C6C 6F203130 1535
136649	4	2,3,5,7,8,9,10,11,16	5: 0x02005590 B0
137017	2	3,4,5,6,7,8,9,16	57: 0x61DC23CD AB100010 00100010 00020002 00020002 007EF500 02010001 00010001 E1066304 00000180 F0223D16 2E543368 656C6C6F 20313068 41
137019	16	1,2,3,4,5	5: 0x02002321 A6
137057	16	1,2,3,4,5	58: 0x61DC56CD AB010001 00010001 00100010 00100010 007CD700 3F020200 02000200 02E10663 04000001 00F0223D 162E5433 68656C6C 6F203130 2EC5
137059	1	16	5: 0x0200560B 82
137091	12	6,7,8,9,13,14,15	56: 0x61DC46CD AB080008 00080008 000C000C 000C000C 007EF500 02010001 00010001 E1066304 000002A7 F0223D16 2E4D3D68 656C6C6F 2038EC3C
137093	8	2,3,4,5,6,7,9,10,11,12,13,14,15	5: 0x0200468A 92
137101	1	16	57: 0x61DC83CD AB100010 00100010 00010001 00010001 007EF700 E30E0301 99100000 02000200 02000200 F0162E22 3D543368 656C6C6F 203130B3 D9
137103	16	1,2,3,4,5	5: 0x0200832B 03
137128	8	2,3,4,5,6,7,9,10,11,12,13,14,15	65: 0x61DC19CD AB050005 00050005 00080008 00080008 007CD500 3F020C00 0C000C00 0C020100 01000100 01E10663 04000002 00F0223D 162E4D3D 68656C6C 6F2038C6 91
137131	5	2,3,4,8,9,10,11,16	5: 0x020019F8 38
137146	16	1,2,3,4,5	66: 0x61DC57CD AB020002 00020002 00100010 00100010 007CD700 3F020100 01000100 01E30E03 00991000 00100010 00100010 00F0162E 223D5433 68656C6C 6F203130 49E0
137149	2	3,4,5,6,7,8,9,16	5: 0x02005782 93
137154	5	2,3,4,8,9,10,11,16	65: 0x61DC7BCD AB100010 00100010 00050005 00050005 007CD500 3E020C00 0C000C00 0C020100 01000100 01E10663 04000001 80F0223D 162E4D3D 68656C6C 6F203875 73
137157	16	1,2,3,4,5	5: 0x02007BEC 78
137196	16	1,2,3,4,5	57: 0x61DC58CD AB010001 00010001 00100010 00100010 007CD700 3D020C00 0C000C00 0CE10663 04000001 00F0223D 162E4D3D 68656C6C 6F203830 AA
137198	1	16	5: 0x02005875 6B
137231	1	16	72: 0x61DC84CD AB100010 00100010 00010001 00010001 007EF700 E31E0303 99300000 05000500 05000508 00080008 00080C00 0C000C00 0C000000 F0162E22 3D4D3D68 656C6C6F 2038F813
137234	16	1,2,3,4,5	5: 0x02008494 77
137245	16	1,2,3,4,5	81: 0x61DC59CD AB050005 00050005 00100010 00100010 007CD700 3F020100 01000100 01E31E03 02993000 00100010 00100010 08000800 0800080C 000C000C 000C0000 00F0162E 223D4D3D 68656C6C 6F20382B B8
137248	5	2,3,4,8,9,10,11,16	5: 0x020059FC 7A
137251	5	2,3,4,8,9,10,11,16	81: 0x61DC7CCD AB080008 00080008 00050005 00050005 007CD700 3E020100 01000100 01E31E03 01993000 00100010 00100010 05000500 0500050C 000C000C 000C0000 00F0162E 223D4D3D 68656C6C 6F203895 8E
137255	8	2,3,4,5,6,7,9,10,11,12,13,14,15	5: 0x02007C53 0C
137267	8	2,3,4,5,6,7,9,10,11,12,13,14,15	81: 0x61DC1ACD AB0C000C 000C000C 00080008 00080008 007CD700 3D020100 01000100 01E31E03 00993000 00100010 00100010 05000500 05000508 00080008 00080000 00F0162E 223D4D3D 68656C6C 6F203897 B7
137270	12	6,7,8,9,13,14,15	5: 0x02001A63 0A
137590	6	2,3,7,8,9,12,13	56: 0x61DCF1CD AB020002 00020002 00060006 00060006 007EF500 02010001 00010001 E1066304 00000236 F0223D16 2E4C5568 656C6C6F 20391789
137592	2	3,4,5,6,7,8,9,16	5: 0x0200F1BE 53
137601	2	3,4,5,6,7,8,9,16	65: 0x61DC24CD AB100010 00100010 00020002 00020002 007CD500 3F020600 06000600 06020100 01000100 01E10663 04000001 80F0223D 162E4C55 68656C6C 6F20392D FA
137604	16	1,2,3,4,5	5: 0x0200249E D2
137645	16	1,2,3,4,5	57: 0x61DC5ACD AB010001 00010001 00100010 00100010 007CD700 3E020600 06000600 06E10663 04000001 00F0223D 162E4C55 68656C6C 6F2039BC BC
137647	1	16	5: 0x02005A67 48
137663	1	16	64: 0x61DC85CD AB100010 00100010 00010001 00010001 007EF700 E3160302 99200000 02000200 02000206 00060006 00060000 F0162E22 3D4C5568 656C6C6F 2039041E
137665	16	1,2,3,4,5	5: 0x0200851D 66
137681	16	1,2,3,4,5	73: 0x61DC5BCD AB020002 00020002 00100010 00100010 007CD700 3F020100 01000100 01E31603 01992000 00100010 00100010 06000600 06000600 00F0162E 223D4C55 68656C6C 6F2039AE 9D
137684	2	3,4,5,6,7,8,9,16	5: 0x02005BEE 59
137700	2	3,4,5,6,7,8,9,16	73: 0x61DC25CD AB060006 00060006 00020002 00020002 007CD700 3E020100 01000100 01E31603 00992000 00100010 00100010 02000200 02000200 00F0162E 223D4C55 68656C6C 6F203915 73
137703	6	2,3,7,8,9,12,13	5: 0x02002517 C3
138655	15	8,9,10,11,12,13,14	56: 0x61DCC9CD AB080008 00080008 000F000F 000F000F 007EF500 02010001 00010001 E1066304 0000029D F0223D16 2E4D3168 656C6C6F 2038361E
138657	8	2,3,4,5,6,7,9,10,11,12,13,14,15	5: 0x0200C975 EE
138683	8	2,3,4,5,6,7,9,10,11,12,13,14,15	65: 0x61DC1BCD AB050005 00050005 00080008 00080008 007CD500 3F020F00 0F000F00 0F020100 01000100 01E10663 04000002 00F0223D 162E4D31 68656C6C 6F20388F 13
138686	5	2,3,4,8,9,10,11,16	5: 0x02001BEA 1B
138705	5	2,3,4,8,9,10,11,16	65: 0x61DC7DCD AB100010 00100010 00050005 00050005 007CD500 3E020F00 0F000F00 0F020100 01000100 01E10663 04000001 80F0223D 162E4D31 68656C6C 6F2038DD 27
138708	16	1,2,3,4,5	5: 0x02007DDA 1D
138744	16	1,2,3,4,5	57: 0x61DC5CCD AB010001 00010001 00100010 00100010 007CD700 3D020F00 0F000F00 0FE10663 04000001 00F0223D 162E4D31 68656C6C 6F2038B0 F3
138746	1	16	5: 0x02005C51 2D
138751	1	16	72: 0x61DC86CD AB100010 00100010 00010001 00010001 007EF700 E31E0303 99300000 05000500 05000508 00080008 00080F00 0F000F00 0F000000 F0162E22 3D4D3168 656C6C6F 2038492E
138754	16	1,2,3,4,5	5: 0x02008686 54
138787	16	1,2,3,4,5	81: 0x61DC5DCD AB050005 00050005 00100010 00100010 007CD700 3F020100 01000100 01E31E03 02993000 00100010 00100010 08000800 0800080F 000F000F 000F0000 00F0162E 223D4D31 68656C6C 6F203868 3C
138790	5	2,3,4,8,9,10,11,16	5: 0x02005DD8 3C
138814	5	2,3,4,8,9,10,11,16	81: 0x61DC7ECD AB080008 00080008 00050005 00050005 007CD700 3E020100 01000100 01E31E03 01993000 00100010 00100010 05000500 0500050F 000F000F 000F0000 00F0162E 223D4D31 68656C6C 6F2038FA A7
138817	8	2,3,4,5,6,7,9,10,11,12,13,14,15	5: 0x02007E41 2F
138845	8	2,3,4,5,6,7,9,10,11,12,13,14,15	81: 0x61DC1CCD AB0F000F 000F000F 00080008 00080008 007CD700 3D020100 01000100 01E31E03 00993000 00100010 00100010 05000500 05000508 00080008 00080000 00F0162E 223D4D31 68656C6C 6F2038FC D3
138848	15	8,9,10,11,12,13,14	5: 0x02001C55 6F
138873	14	7,8,9,10,11,12,13,15	56: 0x61DC9ECD AB080008 00080008 000E000E 000E000E 007EF500 02010001 00010001 E1066304 000002A7 F0223D16 2E4D3568 656C6C6F 20382BF5
138875	8	2,3,4,5,6,7,9,10,11,12,13,14,15	5: 0x02009E4F C8
138911	8	2,3,4,5,6,7,9,10,11,12,13,14,15	65: 0x61DC1DCD AB050005 00050005 00080008 00080008 007CD500 3F020E00 0E000E00 0E020100 01000100 01E10663 04000002 00F0223D 162E4D35 68656C6C 6F2038F9 0E
138914	5	2,3,4,8,9,10,11,16	5: 0x02001DDC 7E
138939	5	2,3,4,8,9,10,11,16	65: 0x61DC7FCD AB100010 00100010 00050005 00050005 007CD500 3E020E00 0E000E00 0E020100 01000100 01E10663 04000001 80F0223D 162E4D35 68656C6C 6F20384A EC
138942	16	1,2,3,4,5	5: 0x02007FC8 3E
138959	16	1,2,3,4,5	57: 0x61DC5ECD AB010001 00010001 00100010 00100010 007CD700 3D020E00 0E000E00 0EE10663 04000001 00F0223D 162E4D35 68656C6C 6F203872 43
138961	1	16	5: 0x02005E43 0E
139002	1	16	72: 0x61DC87CD AB100010 00100010 00010001 00010001 007EF700 E31E0303 99300000 05000500 05000508 00080008 00080E00 0E000E00 0E000000 F0162E22 3D4D3568 656C6C6F 203822D5
139005	16	1,2,3,4,5	5: 0x0200870F 45
139016	16	1,2,3,4,5	81: 0x61DC5FCD AB050005 00050005 00100010 00100010 007CD700 3F020100 01000100 01E31E03 02993000 00100010 00100010 08000800 0800080E 000E000E 000E0000 00F0162E 223D4D35 68656C6C 6F2038FA 9B
139019	5	2,3,4,8,9,10,11,16	5: 0x02005FCA 1F
139037	5	2,3,4,8,9,10,11,16	81: 0x61DC80CD AB080008 00080008 00050005 00050005 007CD700 3E020100 01000100 01E31E03 01993000 00100010 00100010 05000500 0500050E 000E000E 000E0000 00F0162E 223D4D35 68656C6C 6F2038D1 1F
139040	8	2,3,4,5,6,7,9,10,11,12,13,14,15	5: 0x020080B0 31
139072	8	2,3,4,5,6,7,9,10,11,12,13,14,15	81: 0x61DC1ECD AB0E000E 000E000E 00080008 00080008 007CD700 3D020100 01000100 01E31E03 00993000 00100010 00100010 05000500 05000508 00080008 00080000 00F0162E 223D4D35 68656C6C 6F203825 F0
139075	14	7,8,9,10,11,12,13,15	5: 0x02001E47 4C
139346	16	1,2,3,4,5	97: 0x41D860CD ABFFFF10 00100010 0010007A 3B3A1A9B 01006500 F0010008 F00000FD 00000000 00000002 01000100 01000104 0E00080C 00040000 80000100 1E003C08 1E4040FF FFFFFFFF FFFFFF00 000000FD 00000000 00000000 00000000 000000AA 38
139601	9	2,3,4,5,6,7,8,10,11,12,13,14,15	56: 0x61DC5ACD AB050005 00050005 00090009 00090009 007EF500 02010001 00010001 E1066304 0000021C F0223D16 2E4C4968 656C6C6F 2039D235
139603	5	2,3,4,8,9,10,11,16	5: 0x02005A67 48
139625	5	2,3,4,8,9,10,11,16	65: 0x61DC81CD AB100010 00100010 00050005 00050005 007CD500 3F020900 09000900 09020100 01000100 01E10663 04000001 80F0223D 162E4C49 68656C6C 6F203998 84
139628	16	1,2,3,4,5	5: 0x02008139 20
139633	16	1,2,3,4,5	57: 0x61DC61CD AB010001 00010001 00100010 00100010 007CD700 3E020900 09000900 09E10663 04000001 00F0223D 162E4C49 68656C6C 6F203950 2E
139635	1	16	5: 0x02006137 C7
139640	1	16	64: 0x61DC88CD AB100010 00100010 00010001 00010001 007EF700 E3160302 99200000 05000500 05000509 00090009 00090000 F0162E22 3D4C4968 656C6C6F 203904E4
139642	16	1,2,3,4,5	5: 0x020088F8 BD
139666	10	3,4,5,7,8,9,11,13,14,15	57: 0x61DCFCCD AB050005 00050005 000A000A 000A000A 007EF500 02010001 00010001 E1066304 00000226 F0223D16 2E541368 656C6C6F 2031306A EF
139668	5	2,3,4,8,9,10,11,16	5: 0x0200FC5B 88
139681	16	1,2,3,4,5	73: 0x61DC62CD AB050005 00050005 00100010 00100010 007CD700 3F020100 01000100 01E31603 01992000 00100010 00100010 09000900 09000900 00F0162E 223D4C49 68656C6C 6F203966 52
139684	5	2,3,4,8,9,10,11,16	5: 0x020062AC F5
139694	5	2,3,4,8,9,10,11,16	66: 0x61DC82CD AB100010 00100010 00050005 00050005 007CD500 3F020A00 0A000A00 0A020100 01000100 01E10663 04000001 80F0223D 162E5413 68656C6C 6F203130 4241
139697	16	1,2,3,4,5	5: 0x020082A2 12
139703	5	2,3,4,8,9,10,11,16	73: 0x61DC83CD AB090009 00090009 00050005 00050005 007CD700 3E020100 01000100 01E31603 00992000 00100010 00100010 05000500 05000500 00F0162E 223D4C49 68656C6C 6F20390D 72
139706	9	2,3,4,5,6,7,8,10,11,12,13,14,15	5: 0x0200832B 03
139707	16	1,2,3,4,5	58: 0x61DC63CD AB010001 00010001 00100010 00100010 007CD700 3E020A00 0A000A00 0AE10663 04000001 00F0223D 162E5413 68656C6C 6F203130 EDC0
139710	1	16	5: 0x02006325 E4
139743	1	16	65: 0x61DC89CD AB100010 00100010 00010001 00010001 007EF700 E3160302 99200000 05000500 0500050A 000A000A 000A0000 F0162E22 3D541368 656C6C6F 2031306A FE
139746	16	1,2,3,4,5	5: 0x02008971 AC
139784	16	1,2,3,4,5	74: 0x61DC64CD AB050005 00050005 00100010 00100010 007CD700 3F020100 01000100 01E31603 01992000 00100010 00100010 0A000A00 0A000A00 00F0162E 223D5413 68656C6C 6F203130 8B81
139787	5	2,3,4,8,9,10,11,16	5: 0x0200649A 90
139827	5	2,3,4,8,9,10,11,16	74: 0x61DC84CD AB0A000A 000A000A 00050005 00050005 007CD700 3E020100 01000100 01E31603 00992000 00100010 00100010 05000500 05000500 00F0162E 223D5413 68656C6C 6F203130 1EEA
139830	10	3,4,5,7,8,9,11,13,14,15	5: 0x02008494 77
141246	9	2,3,4,5,6,7,8,10,11,12,13,14,15	97: 0x41D85BCD ABFFFF09 00090009 0009007A 3B3A1A9B 01FF6700 F0021908 F00000FD 00000000 00000002 01000100 01000104 0E00080C 00040000 80000100 1E003C08 1E4040FF FFFFFFFF FFFFFF00 000000FD 00000000 00000000 00000000 000000B1 36
141679	10	3,4,5,7,8,9,11,13,14,15	97: 0x41D8FDCD ABFFFF0A 000A000A 000A007A 3B3A1A9B 01FF5A00 F0022208 F00000FD 00000000 00000002 01000100 01000104 0E00080C 00040000 80000100 1E003C08 1E4040FF FFFFFFFF FFFFFF00 000000FD 00000000 00000000 00000000 0000005F A3
143269	3	2,4,5,6,7,8,9,10,16	57: 0x61DCBCCD AB100010 00100010 00030003 00030003 007EF500 02010001 00010001 E1066304 00000199 F0223D16 2E542E68 656C6C6F 20313192 30
143271	16	1,2,3,4,5	5: 0x0200BC5F CA
143313	16	1,2,3,4,5	58: 0x61DC65CD AB010001 00010001 00100010 00100010 007CD700 3F020300 03000300 03E10663 04000001 00F0223D 162E542E 68656C6C 6F203131 BCEB
143315	1	16	5: 0x02006513 81
143320	1	16	57: 0x61DC8ACD AB100010 00100010 00010001 00010001 007EF700 E30E0301 99100000 03000300 03000300 F0162E22 3D542E68 656C6C6F 20313182 D0
143322	16	1,2,3,4,5	5: 0x02008AEA 9E
143350	16	1,2,3,4,5	66: 0x61DC66CD AB030003 00030003 00100010 00100010 007CD700 3F020100 01000100 01E30E03 00991000 00100010 00100010 00F0162E 223D542E 68656C6C 6F203131 9104
143353	3	2,4,5,6,7,8,9,10,16	5: 0x02006688 B3
143527	3	2,4,5,6,7,8,9,10,16	97: 0x41D8BDCD ABFFFF03 00030003 0003007A 3B3A1A9B 01000300 F0019608 F00000FD 00000000 00000002 01000100 01000104 0E00080C 00040000 80000100 1E003C08 1E4040FF FFFFFFFF FFFFFF00 000000FD 00000000 00000000 00000000 000000AB 4B
143840	13	6,7,8,9,10,12,14,15	56: 0x61DC5CCD AB080008 00080008 000D000D 000D000D 007EF500 02010001 00010001 E1066304 000002AB F0223D16 2E4D3968 656C6C6F 203816EE
143842	8	2,3,4,5,6,7,9,10,11,12,13,14,15	5: 0x02005C51 2D
143851	8	2,3,4,5,6,7,9,10,11,12,13,14,15	65: 0x61DC1FCD AB050005 00050005 00080008 00080008 007CD500 3F020D00 0D000D00 0D020100 01000100 01E10663 04000002 00F0223D 162E4D39 68656C6C 6F2038B0 8C
143854	5	2,3,4,8,9,10,11,16	5: 0x02001FCE 5D
143888	5	2,3,4,8,9,10,11,16	65: 0x61DC85CD AB100010 00100010 00050005 00050005 007CD500 3E020D00 0D000D00 0D020100 01000100 01E10663 04000001 80F0223D 162E4D39 68656C6C 6F20385E 04
143891	16	1,2,3,4,5	5: 0x0200851D 66
143928	16	1,2,3,4,5	57: 0x61DC67CD AB010001 00010001 00100010 00100010 007CD700 3D020D00 0D000D00 0DE10663 04000001 00F0223D 162E4D39 68656C6C 6F203854 AF
143930	1	16	5: 0x02006701 A2
143954	1	16	72: 0x61DC8BCD AB100010 00100010 00010001 00010001 007EF700 E31E0303 99300000 05000500 05000508 00080008 00080D00 0D000D00 0D000000 F0162E22 3D4D3968 656C6C6F 203824B0
143957	16	1,2,3,4,5	5: 0x02008B63 8F
144000	16	1,2,3,4,5	81: 0x61DC68CD AB050005 00050005 00100010 00100010 007CD700 3F020100 01000100 01E31E03 02993000 00100010 00100010 08000800 0800080D 000D000D 000D0000 00F0162E 223D4D39 68656C6C 6F20381A 08
144003	5	2,3,4,8,9,10,11,16	5: 0x020068F6 5A
144026	5	2,3,4,8,9,10,11,16	81: 0x61DC86CD AB080008 00080008 00050005 00050005 007CD700 3E020100 01000100 01E31E03 01993000 00100010 00100010 05000500 0500050D 000D000D 000D0000 00F0162E 223D4D39 68656C6C 6F203876 FF
144029	8	2,3,4,5,6,7,9,10,11,12,13,14,15	5: 0x02008686 54
144048	8	2,3,4,5,6,7,9,10,11,12,13,14,15	81: 0x61DC20CD AB0D000D 000D000D 00080008 00080008 007CD700 3D020100 01000100 01E31E03 00993000 00100010 00100010 05000500 05000508 00080008 00080000 00F0162E 223D4D39 68656C6C 6F2038FA 4E
144051	13	6,7,8,9,10,12,14,15	5: 0x020020BA 94
144324	8	2,3,4,5,6,7,9,10,11,12,13,14,15	97: 0x41D821CD ABFFFF08 00080008 0008007A 3B3A1A9B 01FF8400 F0020008 F00000FD 00000000 00000002 01000100 01000104 0E00080C 00040000 80000100 1E003C08 1E4040FF FFFFFFFF FFFFFF00 000000FD 00000000 00000000 00000000 000000A4 2D
144602	7	2,3,4,6,8,9,10,12,13,14	56: 0x61DC95CD AB020002 00020002 00070007 00070007 007EF500 02010001 00010001 E1066304 00000226 F0223D16 2E4C5168 656C6C6F 20393B2C
144604	2	3,4,5,6,7,8,9,16	5: 0x0200959C 76
144613	2	3,4,5,6,7,8,9,16	65: 0x61DC26CD AB100010 00100010 00020002 00020002 007CD500 3F020700 07000700 07020100 01000100 01E10663 04000001 80F0223D 162E4C51 68656C6C 6F2039BA 31
144616	16	1,2,3,4,5	5: 0x0200268C F1
144645	16	1,2,3,4,5	57: 0x61DC69CD AB010001 00010001 00100010 00100010 007CD700 3E020700 07000700 07E10663 04000001 00F0223D 162E4C51 68656C6C 6F203919 A3
144647	1	16	5: 0x0200697F 4B
144658	1	16	64: 0x61DC8CCD AB100010 00100010 00010001 00010001 007EF700 E3160302 99200000 02000200 02000207 00070007 00070000 F0162E22 3D4C5168 656C6C6F 2039ADF7
144660	16	1,2,3,4,5	5: 0x02008CDC FB
144691	16	1,2,3,4,5	73: 0x61DC6ACD AB020002 00020002 00100010 00100010 007CD700 3F020100 01000100 01E31603 01992000 00100010 00100010 07000700 07000700 00F0162E 223D4C51 68656C6C 6F2039CA 0A
144694	2	3,4,5,6,7,8,9,16	5: 0x02006AE4 79
144710	2	3,4,5,6,7,8,9,16	73: 0x61DC27CD AB070007 00070007 00020002 00020002 007CD700 3E020100 01000100 01E31603 00992000 00100010 00100010 02000200 02000200 00F0162E 223D4C51 68656C6C 6F20393B 29
144713	7	2,3,4,6,8,9,10,12,13,14	5: 0x02002705 E0
144844	11	4,5,8,9,10,14,15	57: 0x61DC05CD AB050005 00050005 000B000B 000B000B 007EF500 02010001 00010001 E1066304 00000219 F0223D16 2E540F68 656C6C6F 203130D6 EA
144846	5	2,3,4,8,9,10,11,16	5: 0x02000515 E2
144878	5	2,3,4,8,9,10,11,16	66: 0x61DC87CD AB100010 00100010 00050005 00050005 007CD500 3F020B00 0B000B00 0B020100 01000100 01E10663 04000001 80F0223D 162E540F 68656C6C 6F203130 0057
144881	16	1,2,3,4,5	5: 0x0200870F 45
144913	16	1,2,3,4,5	58: 0x61DC6BCD AB010001 00010001 00100010 00100010 007CD700 3E020B00 0B000B00 0BE10663 04000001 00F0223D 162E540F 68656C6C 6F203130 459D
144915	1	16	5: 0x02006B6D 68
144918	1	16	65: 0x61DC8DCD AB100010 00100010 00010001 00010001 007EF700 E3160302 99200000 05000500 0500050B 000B000B 000B0000 F0162E22 3D540F68 656C6C6F 20313098 42
144921	16	1,2,3,4,5	5: 0x02008D55 EA
144953	16	1,2,3,4,5	74: 0x61DC6CCD AB050005 00050005 00100010 00100010 007CD700 3F020100 01000100 01E31603 01992000 00100010 00100010 0B000B00 0B000B00 00F0162E 223D540F 68656C6C 6F203130 CC0A
144956	5	2,3,4,8,9,10,11,16	5: 0x02006CD2 1C
144962	5	2,3,4,8,9,10,11,16	74: 0x61DC88CD AB0B000B 000B000B 00050005 00050005 007CD700 3E020100 01000100 01E31603 00992000 00100010 00100010 05000500 05000500 00F0162E 223D540F 68656C6C 6F203130 CD0B
144965	11	4,5,8,9,10,14,15	5: 0x020088F8 BD
145162	5	2,3,4,8,9,10,11,16	57: 0x61DC89CD AB100010 00100010 00050005 00050005 007EF500 02010001 00010001 E1066304 00000180 F0223D16 2E542668 656C6C6F 20313189 72
145164	16	1,2,3,4,5	5: 0x02008971 AC
145178	16	1,2,3,4,5	58: 0x61DC6DCD AB010001 00010001 00100010 00100010 007CD700 3F020500 05000500 05E10663 04000001 00F0223D 162E5426 68656C6C 6F203131 9B14
145180	1	16	5: 0x02006D5B 0D
145218	1	16	57: 0x61DC8ECD AB100010 00100010 00010001 00010001 007EF700 E30E0301 99100000 05000500 05000500 F0162E22 3D542668 656C6C6F 203131BD 2A
145220	16	1,2,3,4,5	5: 0x02008ECE D8
145255	16	1,2,3,4,5	66: 0x61DC6ECD AB050005 00050005 00100010 00100010 007CD700 3F020100 01000100 01E30E03 00991000 00100010 00100010 00F0162E 223D5426 68656C6C 6F203131 CA35
145258	5	2,3,4,8,9,10,11,16	5: 0x02006EC0 3F
145273	14	7,8,9,10,11,12,13,15	102: 0x61DC9FCD AB0B000B 000B000B 000E000E 000E000E 007A333A 9B01FD40 00F0029C 08F00000 FD000000 00000000 02010001 00010001 040E0008 0C000400 00800001 001E003C 081E4040 FFFFFFFF FFFFFFFF 00000000 FD000000 00000000 00000000 00000000 B24F
145277	11	4,5,8,9,10,14,15	5: 0x02009FC6 D9
145805	3	2,4,5,6,7,8,9,10,16	102: 0x61DCBECD AB040004 00040004 00030003 00030003 007A333A 9B01FE8E 00F00196 08F00000 FD000000 00000000 02010001 00010001 040E0008 0C000400 00800001 001E003C 081E4040 FFFFFFFF FFFFFFFF 00000000 FD000000 00000000 00000000 00000000 D6D6
145809	4	2,3,5,7,8,9,10,11,16	5: 0x0200BE4D E9
146300	8	2,3,4,5,6,7,9,10,11,12,13,14,15	57: 0x61DC22CD AB050005 00050005 00080008 00080008 007EF500 02010001 00010001 E1066304 00000200 F0223D16 2E541B68 656C6C6F 2031302A A3
146302	5	2,3,4,8,9,10,11,16	5: 0x020022A8 B7
146309	5	2,3,4,8,9,10,11,16	66: 0x61DC8ACD AB100010 00100010 00050005 00050005 007CD500 3F020800 08000800 08020100 01000100 01E10663 04000001 80F0223D 162E541B 68656C6C 6F203130 4B9A
146312	16	1,2,3,4,5	5: 0x02008AEA 9E
146322	16	1,2,3,4,5	58: 0x61DC6FCD AB010001 00010001 00100010 00100010 007CD700 3E020800 08000800 08E10663 04000001 00F0223D 162E541B 68656C6C 6F203130 4A99
146324	1	16	5: 0x02006F49 2E
146354	1	16	65: 0x61DC8FCD AB100010 00100010 00010001 00010001 007EF700 E3160302 99200000 05000500 05000508 00080008 00080000 F0162E22 3D541B68 656C6C6F 20313078 1B
146357	16	1,2,3,4,5	5: 0x02008F47 C9
146365	16	1,2,3,4,5	74: 0x61DC70CD AB050005 00050005 00100010 00100010 007CD700 3F020100 01000100 01E31603 01992000 00100010 00100010 08000800 08000800 00F0162E 223D541B 68656C6C 6F203130 13E7
146368	5	2,3,4,8,9,10,11,16	5: 0x0200703F C6
146403	5	2,3,4,8,9,10,11,16	74: 0x61DC8BCD AB080008 00080008 00050005 00050005 007CD700 3E020100 01000100 01E31603 00992000 00100010 00100010 05000500 05000500 00F0162E 223D541B 68656C6C 6F203130 6033
146406	8	2,3,4,5,6,7,9,10,11,12,13,14,15	5: 0x02008B63 8F
146613	4	2,3,5,7,8,9,10,11,16	57: 0x61DCF1CD AB100010 00100010 00040004 00040004 007EF500 02010001 00010001 E1066304 00000199 F0223D16 2E542A68 656C6C6F 20313161 04
146615	16	1,2,3,4,5	5: 0x0200F1BE 53
146626	16	1,2,3,4,5	58: 0x61DC71CD AB010001 00010001 00100010 00100010 007CD700 3F020400 04000400 04E10663 04000001 00F0223D 162E542A 68656C6C 6F203131 17C6
146628	1	16	5: 0x020071B6 D7
146650	1	16	57: 0x61DC90CD AB100010 00100010 00010001 00010001 007EF700 E30E0301 99100000 04000400 04000400 F0162E22 3D542A68 656C6C6F 2031319B EB
146652	16	1,2,3,4,5	5: 0x02009031 21
146678	16	1,2,3,4,5	66: 0x61DC72CD AB040004 00040004 00100010 00100010 007CD700 3F020100 01000100 01E30E03 00991000 00100010 00100010 00F0162E 223D542A 68656C6C 6F203131 7F95
146681	4	2,3,5,7,8,9,10,11,16	5: 0x0200722D E5
146706	5	2,3,4,8,9,10,11,16	97: 0x41D88CCD ABFFFF05 00050005 0005007A 3B3A1A9B 01001100 F0018008 F00000FD 00000000 00000002 01000100 01000104 0E00080C 00040000 80000100 1E003C08 1E4040FF FFFFFFFF FFFFFF00 000000FD 00000000 00000000 00000000 0000002D 8C
147369	2	3,4,5,6,7,8,9,16	57: 0x61DC28CD AB100010 00100010 00020002 00020002 007EF500 02010001 00010001 E1066304 00000180 F0223D16 2E543268 656C6C6F 203131D6 4A
147371	16	1,2,3,4,5	5: 0x020028F2 18
147376	16	1,2,3,4,5	58: 0x61DC73CD AB010001 00010001 00100010 00100010 007CD700 3F020200 02000200 02E10663 04000001 00F0223D 162E5432 68656C6C 6F203131 FCFE
147378	1	16	5: 0x020073A4 F4
147386	12	6,7,8,9,13,14,15	56: 0x61DC47CD AB080008 00080008 000C000C 000C000C 007EF500 02010001 00010001 E1066304 0000029C F0223D16 2E4C3D68 656C6C6F 20394B79
147386	1	16	57: 0x61DC91CD AB100010 00100010 00010001 00010001 007EF700 E30E0301 99100000 02000200 02000200 F0162E22 3D543268 656C6C6F 203131EC 23
147388	8	6,7,9,10,11,12,13,14,15	5: 0x02004703 83
147388	16	1	5: 0x020091B8 30
147403	8	2,3,4,5,6,7,9,10,11,12,13,14,15	65: 0x61DC23CD AB050005 00050005 00080008 00080008 007CD500 3F020C00 0C000C00 0C020100 01000100 01E10663 04000002 00F0223D 162E4C3D 68656C6C 6F2039C0 43
147406	5	2,3,4,8,9,10,11,16	5: 0x02002321 A6
147428	16	1,2,3,4,5	66: 0x61DC74CD AB020002 00020002 00100010 00100010 007CD700 3F020100 01000100 01E30E03 00991000 00100010 00100010 00F0162E 223D5432 68656C6C 6F203131 72B6
147431	2	3,4,5,6,7,8,9,16	5: 0x0200741B 80
147436	5	2,3,4,8,9,10,11,16	65: 0x61DC8DCD AB100010 00100010 00050005 00050005 007CD500 3E020C00 0C000C00 0C020100 01000100 01E10663 04000001 80F0223D 162E4C3D 68656C6C 6F203916 D9
147439	16	1,2,3,4,5	5: 0x02008D55 EA
147466	16	1,2,3,4,5	57: 0x61DC75CD AB010001 00010001 00100010 00100010 007CD700 3D020C00 0C000C00 0CE10663 04000001 00F0223D 162E4C3D 68656C6C 6F20391E 65
147468	1	16	5: 0x02007592 91
147477	1	16	72: 0x61DC92CD AB100010 00100010 00010001 00010001 007EF700 E31E0303 99300000 05000500 05000508 00080008 00080C00 0C000C00 0C000000 F0162E22 3D4C3D68 656C6C6F 20392146
147480	16	1,2,3,4,5	5: 0x02009223 02
147516	16	1,2,3,4,5	81: 0x61DC76CD AB050005 00050005 00100010 00100010 007CD700 3F020100 01000100 01E31E03 02993000 00100010 00100010 08000800 0800080C 000C000C 000C0000 00F0162E 223D4C3D 68656C6C 6F2039A6 9E
147519	5	2,3,4,8,9,10,11,16	5: 0x02007609 A3
147544	5	2,3,4,8,9,10,11,16	81: 0x61DC8ECD AB080008 00080008 00050005 00050005 007CD700 3E020100 01000100 01E31E03 01993000 00100010 00100010 05000500 0500050C 000C000C 000C0000 00F0162E 223D4C3D 68656C6C 6F2039F5 FB
147547	8	2,3,4,5,6,7,9,10,11,12,13,14,15	5: 0x02008ECE D8
147574	8	2,3,4,5,6,7,9,10,11,12,13,14,15	81: 0x61DC24CD AB0C000C 000C000C 00080008 00080008 007CD700 3D020100 01000100 01E31E03 00993000 00100010 00100010 05000500 05000508 00080008 00080000 00F0162E 223D4C3D 68656C6C 6F20397B 9C
147577	12	6,7,8,9,13,14,15	5: 0x0200249E D2
147874	15	8,9,10,11,12,13,14	56: 0x61DCCACD AB080008 00080008 000F000F 000F000F 007EF500 02010001 00010001 E1066304 00000293 F0223D16 2E4C3168 656C6C6F 2039FB2B
147876	8	2,3,4,5,6,7,9,10,11,12,13,14,15	5: 0x0200CAEE DC
147891	8	2,3,4,5,6,7,9,10,11,12,13,14,15	65: 0x61DC25CD AB050005 00050005 00080008 00080008 007CD500 3F020F00 0F000F00 0F020100 01000100 01E10663 04000002 00F0223D 162E4C31 68656C6C 6F203968 17
147894	5	2,3,4,8,9,10,11,16	5: 0x02002517 C3
147906	5	2,3,4,8,9,10,11,16	65: 0x61DC8FCD AB100010 00100010 00050005 00050005 007CD500 3E020F00 0F000F00 0F020100 01000100 01E10663 04000001 80F0223D 162E4C31 68656C6C 6F20395F 5B
147909	16	1,2,3,4,5	5: 0x02008F47 C9
147926	16	1,2,3,4,5	57: 0x61DC77CD AB010001 00010001 00100010 00100010 007CD700 3D020F00 0F000F00 0FE10663 04000001 00F0223D 162E4C31 68656C6C 6F2039F6 B5
147928	1	16	5: 0x02007780 B2
147940	1	16	72: 0x61DC93CD AB100010 00100010 00010001 00010001 007EF700 E31E0303 99300000 05000500 05000508 00080008 00080F00 0F000F00 0F000000 F0162E22 3D4C3168 656C6C6F 2039B733
147943	16	1,2,3,4,5	5: 0x020093AA 13
147961	14	7,8,9,10,11,12,13,15	56: 0x61DCA0CD AB080008 00080008 000E000E 000E000E 007EF500 02010001 00010001 E1066304 0000029C F0223D16 2E4C3568 656C6C6F 2039F862
147963	8	2,3,4,5,6,7,9,10,11,12,13,14,15	5: 0x0200A0B2 10
147967	6	2,3,7,8,9,12,13	57: 0x61DCF2CD AB020002 00020002 00060006 00060006 007EF500 02010001 00010001 E1066304 00000231 F0223D16 2E542368 656C6C6F 203130A9 9C
147969	2	3,4,5,6,7,8,9,16	5: 0x0200F225 61
147979	8	6,7,9,10,11,12,13,14,15	65: 0x61DC26CD AB050005 00050005 00080008 00080008 007CD500 3F020E00 0E000E00 0E020100 01000100 01E10663 04000002 00F0223D 162E4C35 68656C6C 6F203943 AB
147979	16	1	81: 0x61DC78CD AB050005 00050005 00100010 00100010 007CD700 3F020100 01000100 01E31E03 02993000 00100010 00100010 08000800 0800080F 000F000F 000F0000 00F0162E 223D4C31 68656C6C 6F203980 E5
148003	8	2,3,4,5,6,7,9,10,11,12,13,14,15	65: 0x61DC26CD AB050005 00050005 00080008 00080008 007CD500 3F020E00 0E000E00 0E020100 01000100 01E10663 04000002 00F0223D 162E4C35 68656C6C 6F203943 AB
148006	5	2,3,4,8,9,10,11,16	5: 0x0200268C F1
148009	2	3,4,5,6,7,8,9,16	66: 0x61DC29CD AB100010 00100010 00020002 00020002 007CD500 3F020600 06000600 06020100 01000100 01E10663 04000001 80F0223D 162E5423 68656C6C 6F203130 8699
148012	16	1,2,3,4,5	5: 0x0200297B 09
148015	5	2,3,4,8,9,10,11,16	65: 0x61DC90CD AB100010 00100010 00050005 00050005 007CD500 3E020E00 0E000E00 0E020100 01000100 01E10663 04000001 80F0223D 162E4C35 68656C6C 6F2039F1 D7
148018	16	1,2,3,4,5	5: 0x02009031 21
148041	16	1,2,3,4,5	58: 0x61DC79CD AB010001 00010001 00100010 00100010 007CD700 3E020600 06000600 06E10663 04000001 00F0223D 162E5423 68656C6C 6F203130 D3F9
148043	1	16	5: 0x020079FE 5B
148061	1	16	65: 0x61DC94CD AB100010 00100010 00010001 00010001 007EF700 E3160302 99200000 02000200 02000206 00060006 00060000 F0162E22 3D542368 656C6C6F 203130D8 7C
148064	16	1,2,3,4,5	5: 0x02009415 67
148085	16	1,2,3,4,5	81: 0x61DC78CD AB050005 00050005 00100010 00100010 007CD700 3F020100 01000100 01E31E03 02993000 00100010 00100010 08000800 0800080F 000F000F 000F0000 00F0162E 223D4C31 68656C6C 6F203980 E5
148088	5	2,3,4,8,9,10,11,16	5: 0x02007877 4A
148091	16	1,2,3,4,5	57: 0x61DC7ACD AB010001 00010001 00100010 00100010 007CD700 3D020E00 0E000E00 0EE10663 04000001 00F0223D 162E4C35 68656C6C 6F203941 5B
148094	1	16	5: 0x02007A65 69
148108	1	-	72: 0x61DC95CD AB100010 00100010 00010001 00010001 007EF700 E31E0303 99300000 05000500 05000508 00080008 00080E00 0E000E00 0E000000 F0162E22 3D4C3568 656C6C6F 20398F60
148109	5	2,3,4,8,9,10,11	81: 0x61DC91CD AB080008 00080008 00050005 00050005 007CD700 3E020100 01000100 01E31E03 01993000 00100010 00100010 05000500 0500050F 000F000F 000F0000 00F0162E 223D4C31 68656C6C 6F2039B2 8D
148112	8	2,3,4,5,6,7,9,10,11,12,13,14,15	5: 0x020091B8 30
148133	1	16	72: 0x61DC95CD AB100010 00100010 00010001 00010001 007EF700 E31E0303 99300000 05000500 05000508 00080008 00080E00 0E000E00 0E000000 F0162E22 3D4C3568 656C6C6F 20398F60
148136	16	1,2,3,4,5	5: 0x0200959C 76
148147	8	2,3,4,5,6,7,9,10,11,12,13,14,15	81: 0x61DC27CD AB0F000F 000F000F 00080008 00080008 007CD700 3D020100 01000100 01E31E03 00993000 00100010 00100010 05000500 05000508 00080008 00080000 00F0162E 223D4C31 68656C6C 6F2039AA 03
148150	15	8,9,10,11,12,13,14	5: 0x02002705 E0
148171	16	1,2,3,4,5	81: 0x61DC7CCD AB050005 00050005 00100010 00100010 007CD700 3F020100 01000100 01E31E03 02993000 00100010 00100010 08000800 0800080E 000E000E 000E0000 00F0162E 223D4C35 68656C6C 6F20393E EF
148174	5	2,3,4,8,9,10,11,16	5: 0x02007C53 0C
148205	5	2,3,4,8,9,10,11,16	81: 0x61DC92CD AB080008 00080008 00050005 00050005 007CD700 3E020100 01000100 01E31E03 01993000 00100010 00100010 05000500 0500050E 000E000E 000E0000 00F0162E 223D4C35 68656C6C 6F203952 18
148208	8	2,3,4,5,6,7,9,10,11,12,13,14,15	5: 0x02009223 02
148230	8	2,3,4,5,6,7,9,10,11,12,13,14,15	81: 0x61DC28CD AB0E000E 000E000E 00080008 00080008 007CD700 3D020100 01000100 01E31E03 00993000 00100010 00100010 05000500 05000508 00080008 00080000 00F0162E 223D4C35 68656C6C 6F203948 40
148233	14	7,8,9,10,11,12,13,15	5: 0x020028F2 18
148529	2	3,4,5,6,7,8,9,16	97: 0x41D82ACD ABFFFF02 00020002 0002007A 3B3A1A9B 01001D00 F0018008 F00000FD 00000000 00000002 01000100 01000104 0E00080C 00040000 80000100 1E003C08 1E4040FF FFFFFFFF FFFFFF00 000000FD 00000000 00000000 00000000 00000062 36
149722	9	2,3,4,5,6,7,8,10,11,12,13,14,15	57: 0x61DC5CCD AB050005 00050005 00090009 00090009 007EF500 02010001 00010001 E1066304 00000219 F0223D16 2E541768 656C6C6F 203130AA 5C
149724	5	2,3,4,8,9,10,11,16	5: 0x02005C51 2D
149743	5	2,3,4,8,9,10,11,16	66: 0x61DC93CD AB100010 00100010 00050005 00050005 007CD500 3F020900 09000900 09020100 01000100 01E10663 04000001 80F0223D 162E5417 68656C6C 6F203130 08A0
149746	16	1,2,3,4,5	5: 0x020093AA 13
149757	10	3,4,5,7,8,9,11,13,14,15	57: 0x61DCFECD AB050005 00050005 000A000A 000A000A 007EF500 02010001 00010001 E1066304 00000222 F0223D16 2E541268 656C6C6F 203131AB 1B
149759	5	2,3,4,8,9,10,11,16	5: 0x0200FE49 AB
149771	16	1,2,3,4,5	58: 0x61DC7DCD AB010001 00010001 00100010 00100010 007CD700 3E020900 09000900 09E10663 04000001 00F0223D 162E5417 68656C6C 6F203130 EB3E
149773	1	16	5: 0x02007DDA 1D
149788	1	16	65: 0x61DC96CD AB100010 00100010 00010001 00010001 007EF700 E3160302 99200000 05000500 05000509 00090009 00090000 F0162E22 3D541768 656C6C6F 20313027 1F
149791	16	1,2,3,4,5	5: 0x02009607 44
149801	5	2,3,4,8,9,10,11,16	66: 0x61DC94CD AB100010 00100010 00050005 00050005 007CD500 3F020A00 0A000A00 0A020100 01000100 01E10663 04000001 80F0223D 162E5412 68656C6C 6F203131 30D5
149804	16	1,2,3,4,5	5: 0x02009415 67
149810	16	1,2,3,4,5	58: 0x61DC7FCD AB010001 00010001 00100010 00100010 007CD700 3E020A00 0A000A00 0AE10663 04000001 00F0223D 162E5412 68656C6C 6F203131 C376
149812	1	16	5: 0x02007FC8 3E
149831	16	1,2,3,4,5	74: 0x61DC7ECD AB050005 00050005 00100010 00100010 007CD700 3F020100 01000100 01E31603 01992000 00100010 00100010 09000900 09000900 00F0162E 223D5417 68656C6C 6F203130 3FDB
149834	5	2,3,4,8,9,10,11,16	5: 0x02007E41 2F
149837	5	2,3,4,8,9,10,11,16	74: 0x61DC95CD AB090009 00090009 00050005 00050005 007CD700 3E020100 01000100 01E31603 00992000 00100010 00100010 05000500 05000500 00F0162E 223D5417 68656C6C 6F203130 CBDF
149840	9	2,3,4,5,6,7,8,10,11,12,13,14,15	5: 0x0200959C 76
149840	1	16	65: 0x61DC97CD AB100010 00100010 00010001 00010001 007EF700 E3160302 99200000 05000500 0500050A 000A000A 000A0000 F0162E22 3D541268 656C6C6F 203131E3 7D
149878	1	16	65: 0x61DC97CD AB100010 00100010 00010001 00010001 007EF700 E3160302 99200000 05000500 0500050A 000A000A 000A0000 F0162E22 3D541268 656C6C6F 203131E3 7D
149881	16	1,2,3,4,5	5: 0x0200978E 55
149906	16	1,2,3,4,5	74: 0x61DC80CD AB050005 00050005 00100010 00100010 007CD700 3F020100 01000100 01E31603 01992000 00100010 00100010 0A000A00 0A000A00 00F0162E 223D5412 68656C6C 6F203131 4F67
149909	5	2,3,4,8,9,10,11,16	5: 0x020080B0 31
149952	5	2,3,4,8,9,10,11,16	74: 0x61DC96CD AB0A000A 000A000A 00050005 00050005 007CD700 3E020100 01000100 01E31603 00992000 00100010 00100010 05000500 05000500 00F0162E 223D5412 68656C6C 6F203131 8644
149955	10	3,4,5,7,8,9,11,13,14,15	5: 0x02009607 44
153009	6	2,3,7,8,9,12,13	97: 0x41D8F3CD ABFFFF06 00060006 0006007A 3B3A1A9B 01FF6600 F0022608 F00000FD 00000000 00000002 01000100 01000104 0E00080C 00040000 80000100 1E003C08 1E4040FF FFFFFFFF FFFFFF00 000000FD 00000000 00000000 00000000 0000008B 0A
153240	13	6,7,8,9,10,12,14,15	56: 0x61DC5DCD AB080008 00080008 000D000D 000D000D 007EF500 02010001 00010001 E1066304 000002A0 F0223D16 2E4C3968 656C6C6F 20398C44
153242	8	2,3,4,5,6,7,9,10,11,12,13,14,15	5: 0x02005DD8 3C
153253	8	2,3,4,5,6,7,9,10,11,12,13,14,15	65: 0x61DC29CD AB050005 00050005 00080008 00080008 007CD500 3F020D00 0D000D00 0D020100 01000100 01E10663 04000002 0CF0223D 162E4C39 68656C6C 6F20394F 54
153256	5	2,3,4,8,9,10,11,16	5: 0x0200297B 09
153294	5	2,3,4,8,9,10,11,16	65: 0x61DC97CD AB100010 00100010 00050005 00050005 007CD500 3E020D00 0D000D00 0D020100 01000100 01E10663 04000001 80F0223D 162E4C39 68656C6C 6F2039E5 F4
153297	16	1,2,3,4,5	5: 0x0200978E 55
153333	16	1,2,3,4,5	57: 0x61DC81CD AB010001 00010001 00100010 00100010 007CD700 3D020D00 0D000D00 0DE10663 04000001 00F0223D 162E4C39 68656C6C 6F2039B1 93
153335	1	16	5: 0x02008139 20
153335	13	6,7,8,9,10,12,14,15	97: 0x41D85ECD ABFFFF0D 000D000D 000D007A 3B3A1A9B 01FED400 F0029C08 F00000FD 00000000 00000002 01000100 01000104 0E00080C 00040000 80000100 1E003C08 1E4040FF FFFFFFFF FFFFFF00 000000FD 00000000 00000000 00000000 00000063 40
153365	1	16	72: 0x61DC98CD AB100010 00100010 00010001 00010001 007EF700 E31E0303 99300000 05000500 05000508 00080008 00080D00 0D000D00 0D000000 F0162E22 3D4C3968 656C6C6F 2039943D
153368	16	1,2,3,4,5	5: 0x02009879 AD
153393	16	1,2,3,4,5	81: 0x61DC82CD AB050005 00050005 00100010 00100010 007CD700 3F020100 01000100 01E31E03 02993000 00100010 00100010 08000800 0800080D 000D000D 000D0000 00F0162E 223D4C39 68656C6C 6F2039E8 D9
153396	5	2,3,4,8,9,10,11,16	5: 0x020082A2 12
153416	5	2,3,4,8,9,10,11,16	81: 0x61DC98CD AB080008 00080008 00050005 00050005 007CD700 3E020100 01000100 01E31E03 01993000 00100010 00100010 05000500 0500050D 000D000D 000D0000 00F0162E 223D4C39 68656C6C 6F2039BC AA
153419	8	2,3,4,5,6,7,9,10,11,12,13,14,15	5: 0x02009879 AD
153437	8	2,3,4,5,6,7,9,10,11,12,13,14,15	81: 0x61DC2ACD AB0D000D 000D000D 00080008 00080008 007CD700 3D020100 01000100 01E31E03 00993000 00100010 00100010 05000500 05000508 00080008 00080000 00F0162E 223D4C39 68656C6C 6F2039EB ED
153440	13	6,7,8,9,10,12,14,15	5: 0x02002AE0 3B
154022	3	2,4,5,6,7,8,9,10,16	57: 0x61DCBFCD AB100010 00100010 00030003 00030003 007EF500 02010001 00010001 E1066304 00000196 F0223D16 2E542D68 656C6C6F 2031323D 72
154024	16	1,2,3,4,5	5: 0x0200BFC4 F8
154064	16	1,2,3,4,5	58: 0x61DC83CD AB010001 00010001 00100010 00100010 007CD700 3F020300 03000300 03E10663 04000001 00F0223D 162E542D 68656C6C 6F203132 408A
154066	1	16	5: 0x0200832B 03
154105	1	16	57: 0x61DC99CD AB100010 00100010 00010001 00010001 007EF700 E30E0301 99100000 03000300 03000300 F0162E22 3D542D68 656C6C6F 20313256 56
154107	16	1,2,3,4,5	5: 0x020099F0 BC
154137	16	1,2,3,4,5	66: 0x61DC84CD AB030003 00030003 00100010 00100010 007CD700 3F020100 01000100 01E30E03 00991000 00100010 00100010 00F0162E 223D542D 68656C6C 6F203132 E3B3
154140	3	2,4,5,6,7,8,9,10,16	5: 0x02008494 77
154169	11	4,5,8,9,10,14,15	57: 0x61DC06CD AB050005 00050005 000B000B 000B000B 007EF500 02010001 00010001 E1066304 00000216 F0223D16 2E540E68 656C6C6F 20313191 10
154171	5	2,3,4,8,9,10,11,16	5: 0x0200068E D0
154196	5	2,3,4,8,9,10,11,16	66: 0x61DC99CD AB100010 00100010 00050005 00050005 007CD500 3F020B00 0B000B00 0B020100 01000100 01E10663 04000001 80F0223D 162E540E 68656C6C 6F203131 C127
154199	16	1,2,3,4,5	5: 0x020099F0 BC
154206	16	1,2,3,4,5	58: 0x61DC85CD AB010001 00010001 00100010 00100010 007CD700 3E020B00 0B000B00 0BE10663 04000001 00F0223D 162E540E 68656C6C 6F203131 BBDE
154208	1	16	5: 0x0200851D 66
154235	1	16	65: 0x61DC9ACD AB100010 00100010 00010001 00010001 007EF700 E3160302 99200000 05000500 0500050B 000B000B 000B0000 F0162E22 3D540E68 656C6C6F 2031317E 13
154238	16	1,2,3,4,5	5: 0x02009A6B 8E
154261	16	1,2,3,4,5	74: 0x61DC86CD AB050005 00050005 00100010 00100010 007CD700 3F020100 01000100 01E31603 01992000 00100010 00100010 0B000B00 0B000B00 00F0162E 223D540E 68656C6C 6F203131 A345
154264	5	2,3,4,8,9,10,11,16	5: 0x02008686 54
154295	5	2,3,4,8,9,10,11,16	74: 0x61DC9ACD AB0B000B 000B000B 00050005 00050005 007CD700 3E020100 01000100 01E31603 00992000 00100010 00100010 05000500 05000500 00F0162E 223D540E 68656C6C 6F203131 55A5
154298	11	4,5,8,9,10,14,15	5: 0x02009A6B 8E
154381	5	2,3,4,8,9,10,11,16	57: 0x61DC9BCD AB100010 00100010 00050005 00050005 007EF500 02010001 00010001 E1066304 00000180 F0223D16 2E542568 656C6C6F 2031323E 30
154383	16	1,2,3,4,5	5: 0x02009BE2 9F
154393	16	1,2,3,4,5	58: 0x61DC87CD AB010001 00010001 00100010 00100010 007CD700 3F020500 05000500 05E10663 04000001 00F0223D 162E5425 68656C6C 6F203132 F8A2
154395	1	16	5: 0x0200870F 45
154426	1	16	57: 0x61DC9BCD AB100010 00100010 00010001 00010001 007EF700 E30E0301 99100000 05000500 05000500 F0162E22 3D542568 656C6C6F 20313201 25
154428	16	1,2,3,4,5	5: 0x02009BE2 9F
154444	16	1,2,3,4,5	66: 0x61DC88CD AB050005 00050005 00100010 00100010 007CD700 3F020100 01000100 01E30E03 00991000 00100010 00100010 00F0162E 223D5425 68656C6C 6F203132 E974
154447	5	2,3,4,8,9,10,11,16	5: 0x020088F8 BD
154697	7	2,3,4,6,8,9,10,12,13,14	57: 0x61DC96CD AB020002 00020002 00070007 00070007 007EF500 02010001 00010001 E1066304 0000021C F0223D16 2E541F68 656C6C6F 2031303A 1C
154699	2	3,4,5,6,7,8,9,16	5: 0x02009607 44
154725	2	3,4,5,6,7,8,9,16	66: 0x61DC2BCD AB100010 00100010 00020002 00020002 007CD500 3F020700 07000700 07020100 01000100 01E10663 04000001 80F0223D 162E541F 68656C6C 6F203130 1C0E
154728	16	1,2,3,4,5	5: 0x02002B69 2A
154760	16	1,2,3,4,5	58: 0x61DC89CD AB010001 00010001 00100010 00100010 007CD700 3E020700 07000700 07E10663 04000001 00F0223D 162E541F 68656C6C 6F203130 CA9E
154762	1	16	5: 0x02008971 AC
154766	1	16	65: 0x61DC9CCD AB100010 00100010 00010001 00010001 007EF700 E3160302 99200000 02000200 02000207 00070007 00070000 F0162E22 3D541F68 656C6C6F 20313021 44
154769	16	1,2,3,4,5	5: 0x02009C5D EB
154804	16	1,2,3,4,5	74: 0x61DC8ACD AB020002 00020002 00100010 00100010 007CD700 3F020100 01000100 01E31603 01992000 00100010 00100010 07000700 07000700 00F0162E 223D541F 68656C6C 6F203130 C8DA
154807	2	3,4,5,6,7,8,9,16	5: 0x02008AEA 9E
154845	2	3,4,5,6,7,8,9,16	74: 0x61DC2CCD AB070007 00070007 00020002 00020002 007CD700 3E020100 01000100 01E31603 00992000 00100010 00100010 02000200 02000200 00F0162E 223D541F 68656C6C 6F203130 D4B7
154848	7	2,3,4,6,8,9,10,12,13,14	5: 0x02002CD6 5E
155310	7	2,3,4,6,8,9,10,12,13,14	97: 0x41D897CD ABFFFF07 00070007 0007007A 3B3A1A9B 01FF6F00 F0021908 F00000FD 00000000 00000002 01000100 01000104 0E00080C 00040000 80000100 1E003C08 1E4040FF FFFFFFFF FFFFFF00 000000FD 00000000 00000000 00000000 000000E4 B0
155334	8	2,3,4,5,6,7,9,10,11,12,13,14,15	57: 0x61DC2BCD AB050005 00050005 00080008 00080008 007EF500 02010001 00010001 E1066304 0000020A F0223D16 2E541A68 656C6C6F 203131B6 6C
155336	5	2,3,4,8,9,10,11,16	5: 0x02002B69 2A
155353	5	2,3,4,8,9,10,11,16	66: 0x61DC9CCD AB100010 00100010 00050005 00050005 007CD500 3F020800 08000800 08020100 01000100 01E10663 04000001 80F0223D 162E541A 68656C6C 6F203131 390E
155356	16	1,2,3,4,5	5: 0x02009C5D EB
155395	16	1,2,3,4,5	58: 0x61DC8BCD AB010001 00010001 00100010 00100010 007CD700 3E020800 08000800 08E10663 04000001 00F0223D 162E541A 68656C6C 6F203131 ECE2
155397	1	16	5: 0x02008B63 8F
155433	1	16	65: 0x61DC9DCD AB100010 00100010 00010001 00010001 007EF700 E3160302 99200000 05000500 05000508 00080008 00080000 F0162E22 3D541A68 656C6C6F 203131C3 EB
155436	16	1,2,3,4,5	5: 0x02009DD4 FA
155440	16	1,2,3,4,5	74: 0x61DC8CCD AB050005 00050005 00100010 00100010 007CD700 3F020100 01000100 01E31603 01992000 00100010 00100010 08000800 08000800 00F0162E 223D541A 68656C6C 6F203131 3A2A
155443	5	2,3,4,8,9,10,11,16	5: 0x02008CDC FB
155473	7	6,12,13,14	102: 0x61DC98CD AB040004 00040004 00070007 00070007 007A333A 9B01FDFB 00F00219 08F00000 FD000000 00000000 02010001 00010001 040E0008 0C000400 00800001 001E003C 081E4040 FFFFFFFF FFFFFFFF 00000000 FD000000 00000000 00000000 00000000 5310
155476	5	11,16	74: 0x61DC9DCD AB080008 00080008 00050005 00050005 007CD700 3E020100 01000100 01E31603 00992000 00100010 00100010 05000500 05000500 00F0162E 223D541A 68656C6C 6F203131 52ED
155492	7	6,12,13,14	102: 0x61DC98CD AB040004 00040004 00070007 00070007 007A333A 9B01FDFB 00F00219 08F00000 FD000000 00000000 02010001 00010001 040E0008 0C000400 00800001 001E003C 081E4040 FFFFFFFF FFFFFFFF 00000000 FD000000 00000000 00000000 00000000 5310
155494	5	11,16	74: 0x61DC9DCD AB080008 00080008 00050005 00050005 007CD700 3E020100 01000100 01E31603 00992000 00100010 00100010 05000500 05000500 00F0162E 223D541A 68656C6C 6F203131 52ED
155529	5	2,3,4,8,9,10,11,16	74: 0x61DC9DCD AB080008 00080008 00050005 00050005 007CD700 3E020100 01000100 01E31603 00992000 00100010 00100010 05000500 05000500 00F0162E 223D541A 68656C6C 6F203131 52ED
155532	8	2,3,4,5,6,7,9,10,11,12,13,14,15	5: 0x02009DD4 FA
155540	7	2,3,4,6,8,9,10,12,13,14	102: 0x61DC98CD AB040004 00040004 00070007 00070007 007A333A 9B01FDFB 00F00219 08F00000 FD000000 00000000 02010001 00010001 040E0008 0C000400 00800001 001E003C 081E4040 FFFFFFFF FFFFFFFF 00000000 FD000000 00000000 00000000 00000000 5310
155544	4	2,3,5,7,8,9,10,11,16	5: 0x02009879 AD
156487	11	4,5,8,9,10,14,15	102: 0x61DC07CD AB040004 00040004 000B000B 000B000B 007A333A 9B01FDF1 00F00213 08F00000 FD000000 00000000 02010001 00010001 040E0008 0C000400 00800001 001E003C 081E4040 FFFFFFFF FFFFFFFF 00000000 FD000000 00000000 00000000 00000000 FCE0
156491	4	2,3,5,7,8,9,10,11,16	5: 0x02000707 C1
156901	4	2,3,5,7,8,9,10,11,16	57: 0x61DCF2CD AB100010 00100010 00040004 00040004 007EF500 02010001 00010001 E1066304 00000196 F0223D16 2E542968 656C6C6F 203132CE 46
156903	16	1,2,3,4,5	5: 0x0200F225 61
156934	16	1,2,3,4,5	58: 0x61DC8DCD AB010001 00010001 00100010 00100010 007CD700 3F020400 04000400 04E10663 04000001 00F0223D 162E5429 68656C6C 6F203132 76A2
156936	1	16	5: 0x02008D55 EA
156939	1	16	57: 0x61DC9ECD AB100010 00100010 00010001 00010001 007EF700 E30E0301 99100000 04000400 04000400 F0162E22 3D542968 656C6C6F 20313211 95
156942	16	1,2,3,4,5	5: 0x02009E4F C8
156958	16	1,2,3,4,5	66: 0x61DC8ECD AB040004 00040004 00100010 00100010 007CD700 3F020100 01000100 01E30E03 00991000 00100010 00100010 00F0162E 223D5429 68656C6C 6F203132 B80E
156961	4	2,3,5,7,8,9,10,11,16	5: 0x02008ECE D8
157666	14	7,8,9,10,11,12,13,15	57: 0x61DCA1CD AB080008 00080008 000E000E 000E000E 007EF500 02010001 00010001 E1066304 00000299 F0223D16 2E540368 656C6C6F 2031303E F1
157668	8	2,3,4,5,6,7,9,10,11,12,13,14,15	5: 0x0200A13B 01
157692	8	2,3,4,5,6,7,9,10,11,12,13,14,15	66: 0x61DC2CCD AB050005 00050005 00080008 00080008 007CD500 3F020E00 0E000E00 0E020100 01000100 01E10663 04000002 09F0223D 162E5403 68656C6C 6F203130 F95D
157695	5	2,3,4,8,9,10,11,16	5: 0x02002CD6 5E
157698	5	2,3,4,8,9,10,11,16	66: 0x61DC9ECD AB100010 00100010 00050005 00050005 007CD500 3E020E00 0E000E00 0E020100 01000100 01E10663 04000001 80F0223D 162E5403 68656C6C 6F203130 99E3
157701	16	1,2,3,4,5	5: 0x02009E4F C8
157727	16	1,2,3,4,5	58: 0x61DC8FCD AB010001 00010001 00100010 00100010 007CD700 3D020E00 0E000E00 0EE10663 04000001 00F0223D 162E5403 68656C6C 6F203130 12F0
157729	1	16	5: 0x02008F47 C9
157746	2	3,4,5,6,7,8,9,16	57: 0x61DC2DCD AB100010 00100010 00020002 00020002 007EF500 02010001 00010001 E1066304 00000180 F0223D16 2E543168 656C6C6F 20313296 63
157748	16	1,2,3,4,5	5: 0x02002D5F 4F
157767	1	16	73: 0x61DC9FCD AB100010 00100010 00010001 00010001 007EF700 E31E0303 99300000 05000500 05000508 00080008 00080E00 0E000E00 0E000000 F0162E22 3D540368 656C6C6F 2031303A 60
157770	16	1,2,3,4,5	5: 0x02009FC6 D9
157773	16	1,2,3,4,5	82: 0x61DC91CD AB050005 00050005 00100010 00100010 007CD700 3F020100 01000100 01E31E03 02993000 00100010 00100010 08000800 0800080E 000E000E 000E0000 00F0162E 223D5403 68656C6C 6F203130 4F6A
157776	5	2,3,4,8,9,10,11,16	5: 0x020091B8 30
157779	16	1,2,3,4,5	58: 0x61DC90CD AB010001 00010001 00100010 00100010 007CD700 3F020200 02000200 02E10663 04000001 00F0223D 162E5431 68656C6C 6F203132 2C83
157781	1	16	5: 0x02009031 21
157797	5	2,3,4,8,9,10,11,16	82: 0x61DC9FCD AB080008 00080008 00050005 00050005 007CD700 3E020100 01000100 01E31E03 01993000 00100010 00100010 05000500 0500050E 000E000E 000E0000 00F0162E 223D5403 68656C6C 6F203130 3516
157800	8	2,3,4,5,6,7,9,10,11,12,13,14,15	5: 0x02009FC6 D9
157803	1	16	57: 0x61DCA0CD AB100010 00100010 00010001 00010001 007EF700 E30E0301 99100000 02000200 02000200 F0162E22 3D543168 656C6C6F 20313217 68
157805	16	1,2,3,4,5	5: 0x0200A0B2 10
157813	6	2,3,7,8,9,12,13	57: 0x61DCF4CD AB020002 00020002 00060006 00060006 007EF500 02010001 00010001 E1066304 00000226 F0223D16 2E542268 656C6C6F 2031317E 5A
157815	2	3,4,5,6,7,8,9,16	5: 0x0200F413 04
157830	16	1,2,3,4,5	66: 0x61DC92CD AB020002 00020002 00100010 00100010 007CD700 3F020100 01000100 01E30E03 00991000 00100010 00100010 00F0162E 223D5431 68656C6C 6F203132 51F7
157833	2	3,4,5,6,7,8,9,16	5: 0x02009223 02
157833	8	2,3,4,5,6,7,9,10,11,12,13,14,15	82: 0x61DC2DCD AB0E000E 000E000E 00080008 00080008 007CD700 3D020100 01000100 01E31E03 00993000 00100010 00100010 05000500 05000508 00080008 00080000 00F0162E 223D5403 68656C6C 6F203130 AC3C
157836	14	7,8,9,10,11,12,13,15	5: 0x02002D5F 4F
157857	2	3,4,5,6,7,8,9,16	66: 0x61DC2ECD AB100010 00100010 00020002 00020002 007CD500 3F020600 06000600 06020100 01000100 01E10663 04000001 80F0223D 162E5422 68656C6C 6F203131 13B3
157860	16	1,2,3,4,5	5: 0x02002EC4 7D
157867	8	2,3,4,5,6,7,9,10,11,12,13,14,15	82: 0x61DC2DCD AB0E000E 000E000E 00080008 00080008 007CD700 3D020100 01000100 01E31E03 00993000 00100010 00100010 05000500 05000508 00080008 00080000 00F0162E 223D5403 68656C6C 6F203130 AC3C
157870	14	7,8,9,10,11,12,13,15	5: 0x02002D5F 4F
157903	16	1,2,3,4,5	58: 0x61DC93CD AB010001 00010001 00100010 00100010 007CD700 3E020600 06000600 06E10663 04000001 00F0223D 162E5422 68656C6C 6F203131 58F7
157905	1	16	5: 0x020093AA 13
157920	1	16	65: 0x61DCA1CD AB100010 00100010 00010001 00010001 007EF700 E3160302 99200000 02000200 02000206 00060006 00060000 F0162E22 3D542268 656C6C6F 20313128 45
157923	16	1,2,3,4,5	5: 0x0200A13B 01
157966	15	10,11,12,13,14	57: 0x61DCCBCD AB080008 00080008 000F000F 000F000F 007EF500 02010001 00010001 E1066304 00000291 F0223D16 2E53FF68 656C6C6F 20313089 E0
157966	16	1,2,3,4,5	74: 0x61DC94CD AB020002 00020002 00100010 00100010 007CD700 3F020100 01000100 01E31603 01992000 00100010 00100010 06000600 06000600 00F0162E 223D5422 68656C6C 6F203131 8478
157969	2	3,4,5,6,7,8,9,16	5: 0x02009415 67
157992	15	8,9,10,11,12,13,14	57: 0x61DCCBCD AB080008 00080008 000F000F 000F000F 007EF500 02010001 00010001 E1066304 00000291 F0223D16 2E53FF68 656C6C6F 20313089 E0
157994	8	2,3,4,5,6,7,9,10,11,12,13,14,15	5: 0x0200CB67 CD
158005	2	3,4,5,6,7,8,9,16	74: 0x61DC2FCD AB060006 00060006 00020002 00020002 007CD700 3E020100 01000100 01E31603 00992000 00100010 00100010 02000200 02000200 00F0162E 223D5422 68656C6C 6F203131 C3CC
158008	6	2,3,7,8,9,12,13	5: 0x02002F4D 6C
158077	8	2,3,4,5,6,7,9,10,11,12,13,14,15	66: 0x61DC2ECD AB050005 00050005 00080008 00080008 007CD500 3F020F00 0F000F00 0F020100 01000100 01E10663 04000002 08F0223D 162E53FF 68656C6C 6F203130 32A2
158080	5	2,3,4,8,9,10,11,16	5: 0x02002EC4 7D
158114	5	2,3,4,8,9,10,11,16	66: 0x61DCA0CD AB100010 00100010 00050005 00050005 007CD500 3E020F00 0F000F00 0F020100 01000100 01E10663 04000001 80F0223D 162E53FF 68656C6C 6F203130 28CB
158117	16	1,2,3,4,5	5: 0x0200A0B2 10
158156	16	1,2,3,4,5	58: 0x61DC95CD AB010001 00010001 00100010 00100010 007CD700 3D020F00 0F000F00 0FE10663 04000001 00F0223D 162E53FF 68656C6C 6F203130 B523
158158	1	16	5: 0x0200959C 76
158181	1	16	73: 0x61DCA2CD AB100010 00100010 00010001 00010001 007EF700 E31E0303 99300000 05000500 05000508 00080008 00080F00 0F000F00 0F000000 F0162E22 3D53FF68 656C6C6F 203130F2 04
158184	16	1,2,3,4,5	5: 0x0200A2A0 33
158213	16	1,2,3,4,5	82: 0x61DC96CD AB050005 00050005 00100010 00100010 007CD700 3F020100 01000100 01E31E03 02993000 00100010 00100010 08000800 0800080F 000F000F 000F0000 00F0162E 223D53FF 68656C6C 6F203130 7F56
158216	5	2,3,4,8,9,10,11,16	5: 0x02009607 44
158236	5	2,3,4,8,9,10,11,16	82: 0x61DCA1CD AB080008 00080008 00050005 00050005 007CD700 3E020100 01000100 01E31E03 01993000 00100010 00100010 05000500 0500050F 000F000F 000F0000 00F0162E 223D53FF 68656C6C 6F203130 D789
158239	8	2,3,4,5,6,7,9,10,11,12,13,14,15	5: 0x0200A13B 01
158261	8	2,3,4,5,6,7,9,10,11,12,13,14,15	82: 0x61DC2FCD AB0F000F 000F000F 00080008 00080008 007CD700 3D020100 01000100 01E31E03 00993000 00100010 00100010 05000500 05000508 00080008 00080000 00F0162E 223D53FF 68656C6C 6F203130 E5E6
158264	15	8,9,10,11,12,13,14	5: 0x02002F4D 6C
158340	12	6,7,8,9,13,14,15	57: 0x61DC48CD AB080008 00080008 000C000C 000C000C 007EF500 02010001 00010001 E1066304 00000299 F0223D16 2E540B68 656C6C6F 20313023 EC
158342	8	2,3,4,5,6,7,9,10,11,12,13,14,15	5: 0x020048F4 7B
158363	8	2,3,4,5,6,7,9,10,11,12,13,14,15	66: 0x61DC30CD AB050005 00050005 00080008 00080008 007CD500 3F020C00 0C000C00 0C020100 01000100 01E10663 04000002 07F0223D 162E540B 68656C6C 6F203130 41DD
158366	5	2,3,4,8,9,10,11,16	5: 0x0200303B 84
158406	5	2,3,4,8,9,10,11,16	66: 0x61DCA2CD AB100010 00100010 00050005 00050005 007CD500 3E020C00 0C000C00 0C020100 01000100 01E10663 04000001 80F0223D 162E540B 68656C6C 6F203130 4985
158409	16	1,2,3,4,5	5: 0x0200A2A0 33
158420	16	1,2,3,4,5	58: 0x61DC97CD AB010001 00010001 00100010 00100010 007CD700 3D020C00 0C000C00 0CE10663 04000001 00F0223D 162E540B 68656C6C 6F203130 05D9
158422	1	16	5: 0x0200978E 55
158449	1	16	73: 0x61DCA3CD AB100010 00100010 00010001 00010001 007EF700 E31E0303 99300000 05000500 05000508 00080008 00080C00 0C000C00 0C000000 F0162E22 3D540B68 656C6C6F 2031301E 64
158452	16	1,2,3,4,5	5: 0x0200A329 22
158472	16	1,2,3,4,5	82: 0x61DC98CD AB050005 00050005 00100010 00100010 007CD700 3F020100 01000100 01E31E03 02993000 00100010 00100010 08000800 0800080C 000C000C 000C0000 00F0162E 223D540B 68656C6C 6F203130 1683
158475	5	2,3,4,8,9,10,11,16	5: 0x02009879 AD
158489	5	2,3,4,8,9,10,11,16	82: 0x61DCA3CD AB080008 00080008 00050005 00050005 007CD700 3E020100 01000100 01E31E03 01993000 00100010 00100010 05000500 0500050C 000C000C 000C0000 00F0162E 223D540B 68656C6C 6F203130 2983
158492	8	2,3,4,5,6,7,9,10,11,12,13,14,15	5: 0x0200A329 22
158500	8	2,3,4,5,6,7,9,10,11,12,13,14,15	82: 0x61DC31CD AB0C000C 000C000C 00080008 00080008 007CD700 3D020100 01000100 01E31E03 00993000 00100010 00100010 05000500 05000508 00080008 00080000 00F0162E 223D540B 68656C6C 6F203130 4D1D
158503	12	6,7,8,9,13,14,15	5: 0x020031B2 95
158818	9	2,3,4,5,6,7,8,10,11,12,13,14,15	57: 0x61DC5DCD AB050005 00050005 00090009 00090009 007EF500 02010001 00010001 E1066304 00000216 F0223D16 2E541668 656C6C6F 2031313A 26
158820	5	2,3,4,8,9,10,11,16	5: 0x02005DD8 3C
158835	5	2,3,4,8,9,10,11,16	66: 0x61DCA4CD AB100010 00100010 00050005 00050005 007CD500 3F020900 09000900 09020100 01000100 01E10663 04000001 80F0223D 162E5416 68656C6C 6F203131 15C1
158838	16	1,2,3,4,5	5: 0x0200A496 56
158845	16	1,2,3,4,5	58: 0x61DC99CD AB010001 00010001 00100010 00100010 007CD700 3E020900 09000900 09E10663 04000001 00F0223D 162E5416 68656C6C 6F203131 4D45
158847	1	16	5: 0x020099F0 BC
158880	1	16	65: 0x61DCA4CD AB100010 00100010 00010001 00010001 007EF700 E3160302 99200000 05000500 05000509 00090009 00090000 F0162E22 3D541668 656C6C6F 203131F2 68
158883	16	1,2,3,4,5	5: 0x0200A496 56
158894	16	1,2,3,4,5	74: 0x61DC9ACD AB050005 00050005 00100010 00100010 007CD700 3F020100 01000100 01E31603 01992000 00100010 00100010 09000900 09000900 00F0162E 223D5416 68656C6C 6F203131 FB3D
158897	5	2,3,4,8,9,10,11,16	5: 0x02009A6B 8E
158921	5	2,3,4,8,9,10,11,16	74: 0x61DCA5CD AB090009 00090009 00050005 00050005 007CD700 3E020100 01000100 01E31603 00992000 00100010 00100010 05000500 05000500 00F0162E 223D5416 68656C6C 6F203131 65D4
158924	9	2,3,4,5,6,7,8,10,11,12,13,14,15	5: 0x0200A51F 47
159006	14	7,8,9,10,11,12,13,15	97: 0x41D8A2CD ABFFFF0E 000E000E 000E007A 3B3A1A9B 01FED600 F0029608 F00000FD 00000000 00000002 01000100 01000104 0E00080C 00040000 80000100 1E003C08 1E4040FF FFFFFFFF FFFFFF00 000000FD 00000000 00000000 00000000 0000005C 0C
160323	10	3,4,5,7,8,9,11,13,14,15	57: 0x61DCFFCD AB050005 00050005 000A000A 000A000A 007EF500 02010001 00010001 E1066304 0000021E F0223D16 2E541168 656C6C6F 2031327B A9
160325	5	2,3,4,8,9,10,11,16	5: 0x0200FFC0 BA
160362	5	2,3,4,8,9,10,11,16	66: 0x61DCA6CD AB100010 00100010 00050005 00050005 007CD500 3F020A00 0A000A00 0A020100 01000100 01E10663 04000001 80F0223D 162E5411 68656C6C 6F203132 0485
160365	16	1,2,3,4,5	5: 0x0200A684 75
160374	12	6,7,8,9,13,14,15	97: 0x41D849CD ABFFFF0C 000C000C 000C007A 3B3A1A9B 01FEDE00 F0029608 F00000FD 00000000 00000002 01000100 01000104 0E00080C 00040000 80000100 1E003C08 1E4040FF FFFFFFFF FFFFFF00 000000FD 00000000 00000000 00000000 000000B7 AB
160376	16	1,4,5	58: 0x61DC9BCD AB010001 00010001 00100010 00100010 007CD700 3E020A00 0A000A00 0AE10663 04000001 00F0223D 162E5411 68656C6C 6F203132 8DB5
160378	1	16	5: 0x02009BE2 9F
160381	1	16	65: 0x61DCA5CD AB100010 00100010 00010001 00010001 007EF700 E3160302 99200000 05000500 0500050A 000A000A 000A0000 F0162E22 3D541168 656C6C6F 203132DE B2
160384	16	1,2,3,4,5	5: 0x0200A51F 47
160417	16	1,2,3,4,5	74: 0x61DC9CCD AB050005 00050005 00100010 00100010 007CD700 3F020100 01000100 01E31603 01992000 00100010 00100010 0A000A00 0A000A00 00F0162E 223D5411 68656C6C 6F203132 94D8
160420	5	2,3,4,8,9,10,11,16	5: 0x02009C5D EB
160439	5	2,3,4,8,9,10,11,16	74: 0x61DCA7CD AB0A000A 000A000A 00050005 00050005 007CD700 3E020100 01000100 01E31603 00992000 00100010 00100010 05000500 05000500 00F0162E 223D5411 68656C6C 6F203132 E26F
160442	10	3,4,5,7,8,9,11,13,14,15	5: 0x0200A70D 64
161406	2	3,4,5,6,7,8,9,16	102: 0x61DC30CD AB050005 00050005 00020002 00020002 007A333A 9B01FEA4 00F00180 08F00000 FD000000 00000000 02010001 00010001 040E0008 0C000400 00800001 001E003C 081E4040 FFFFFFFF FFFFFFFF 00000000 FD000000 00000000 00000000 00000000 69E4
161410	5	2,3,4,8,9,10,11,16	5: 0x0200303B 84
161804	4	2,3,5,7,8,9,10,11,16	97: 0x41D8F3CD ABFFFF04 00040004 0004007A 3B3A1A9B 01000200 F0019308 F00000FD 00000000 00000002 01000100 01000104 0E00080C 00040000 80000100 1E003C08 1E4040FF FFFFFFFF FFFFFF00 000000FD 00000000 00000000 00000000 0000003B CB
161895	11	4,5,8,9,10,14,15	97: 0x41D808CD ABFFFF0B 000B000B 000B007A 3B3A1A9B 01FF6500 F0021308 F00000FD 00000000 00000002 01000100 01000104 0E00080C 00040000 80000100 1E003C08 1E4040FF FFFFFFFF FFFFFF00 000000FD 00000000 00000000 00000000 0000004A 27
163467	3	2,4,5,6,7,8,9,10,16	57: 0x61DCC0CD AB100010 00100010 00030003 00030003 007EF500 02010001 00010001 E1066304 00000193 F0223D16 2E542C68 656C6C6F 203133BA 26
163469	16	1,2,3,4,5	5: 0x0200C0B4 73
163484	16	1,2,3,4,5	58: 0x61DC9DCD AB010001 00010001 00100010 00100010 007CD700 3F020300 03000300 03E10663 04000001 00F0223D 162E542C 68656C6C 6F203133 DC9E
163486	1	16	5: 0x02009DD4 FA
163493	1	16	57: 0x61DCA6CD AB100010 00100010 00010001 00010001 007EF700 E30E0301 99100000 03000300 03000300 F0162E22 3D542C68 656C6C6F 20313353 3F
163495	16	1,2,3,4,5	5: 0x0200A684 75
163527	11	4,5,8,9,10,14,15	57: 0x61DC09CD AB050005 00050005 000B000B 000B000B 007EF500 02010001 00010001 E1066304 00000213 F0223D16 2E540D68 656C6C6F 2031320A 0C
163529	5	2,3,4,8,9,10,11,16	5: 0x02000979 28
163535	16	1,2,3,4,5	66: 0x61DC9ECD AB030003 00030003 00100010 00100010 007CD700 3F020100 01000100 01E30E03 00991000 00100010 00100010 00F0162E 223D542C 68656C6C 6F203133 7335
163538	3	2,4,5,6,7,8,9,10,16	5: 0x02009E4F C8
163562	5	2,3,4,8,9,10,11,16	66: 0x61DCA8CD AB100010 00100010 00050005 00050005 007CD500 3F020B00 0B000B00 0B020100 01000100 01E10663 04000001 80F0223D 162E540D 68656C6C 6F203132 45F7
163565	16	1,2,3,4,5	5: 0x0200A8FA 9C
163602	16	1,2,3,4,5	58: 0x61DC9FCD AB010001 00010001 00100010 00100010 007CD700 3E020B00 0B000B00 0BE10663 04000001 00F0223D 162E540D 68656C6C 6F203132 BA3F
163604	1	16	5: 0x02009FC6 D9
163633	1	16	65: 0x61DCA7CD AB100010 00100010 00010001 00010001 007EF700 E3160302 99200000 05000500 0500050B 000B000B 000B0000 F0162E22 3D540D68 656C6C6F 203132B5 37
163636	16	1,2,3,4,5	5: 0x0200A70D 64
163673	16	1,2,3,4,5	74: 0x61DCA0CD AB050005 00050005 00100010 00100010 007CD700 3F020100 01000100 01E31603 01992000 00100010 00100010 0B000B00 0B000B00 00F0162E 223D540D 68656C6C 6F203132 A374
163676	5	2,3,4,8,9,10,11,16	5: 0x0200A0B2 10
163692	5	2,3,4,8,9,10,11,16	74: 0x61DCA9CD AB0B000B 000B000B 00050005 00050005 007CD700 3E020100 01000100 01E31603 00992000 00100010 00100010 05000500 05000500 00F0162E 223D540D 68656C6C 6F203132 64B6
163695	11	4,5,8,9,10,14,15	5: 0x0200A973 8D
164067	13	6,7,8,9,10,12,14,15	57: 0x61DC5FCD AB080008 00080008 000D000D 000D000D 007EF500 02010001 00010001 E1066304 0000029C F0223D16 2E540768 656C6C6F 20313098 CB
164069	8	2,3,4,5,6,7,9,10,11,12,13,14,15	5: 0x02005FCA 1F
164075	15	8,9,10,11,12,13,14	97: 0x41D8CCCD ABFFFF0F 000F000F 000F007A 3B3A1A9B 01FECC00 F0029C08 F00000FD 00000000 00000002 01000100 01000104 0E00080C 00040000 80000100 1E003C08 1E4040FF FFFFFFFF FFFFFF00 000000FD 00000000 00000000 00000000 000000B3 2C
164102	8	2,3,4,5,6,7,9,10,11,12,13,14,15	66: 0x61DC32CD AB050005 00050005 00080008 00080008 007CD500 3F020D00 0D000D00 0D020100 01000100 01E10663 04000002 06F0223D 162E5407 68656C6C 6F203130 66CC
164105	5	2,3,4,8,9,10,11,16	5: 0x02003229 A7
164128	5	2,3,4,8,9,10,11,16	66: 0x61DCAACD AB100010 00100010 00050005 00050005 007CD500 3E020D00 0D000D00 0D020100 01000100 01E10663 04000001 80F0223D 162E5407 68656C6C 6F203130 ED01
164131	16	1,2,3,4,5	5: 0x0200AAE8 BF
164149	16	1,2,3,4,5	58: 0x61DCA1CD AB010001 00010001 00100010 00100010 007CD700 3D020D00 0D000D00 0DE10663 04000001 00F0223D 162E5407 68656C6C 6F203130 5B48
164151	1	16	5: 0x0200A13B 01
164167	1	16	73: 0x61DCA8CD AB100010 00100010 00010001 00010001 007EF700 E31E0303 99300000 05000500 05000508 00080008 00080D00 0D000D00 0D000000 F0162E22 3D540768 656C6C6F 203130D5 32
164170	16	1,2,3,4,5	5: 0x0200A8FA 9C
164204	16	1,2,3,4,5	82: 0x61DCA2CD AB050005 00050005 00100010 00100010 007CD700 3F020100 01000100 01E31E03 02993000 00100010 00100010 08000800 0800080D 000D000D 000D0000 00F0162E 223D5407 68656C6C 6F203130 95B8
164207	5	2,3,4,8,9,10,11,16	5: 0x0200A2A0 33
164212	7	2,3,4,6,8,9,10,12,13,14	57: 0x61DC99CD AB020002 00020002 00070007 00070007 007EF500 02010001 00010001 E1066304 00000219 F0223D16 2E541E68 656C6C6F 20313149 B8
164214	2	3,4,5,6,7,8,9,16	5: 0x020099F0 BC
164233	5	2,3,4,8,9,10,11,16	82: 0x61DCABCD AB080008 00080008 00050005 00050005 007CD700 3E020100 01000100 01E31E03 01993000 00100010 00100010 05000500 0500050D 000D000D 000D0000 00F0162E 223D5407 68656C6C 6F203130 8B7F
164236	8	2,3,4,5,6,7,9,10,11,12,13,14,15	5: 0x0200AB61 AE
164245	2	3,4,5,6,7,8,9,16	66: 0x61DC31CD AB100010 00100010 00020002 00020002 007CD500 3F020700 07000700 07020100 01000100 01E10663 04000001 80F0223D 162E541E 68656C6C 6F203131 8C88
164248	16	1,2,3,4,5	5: 0x020031B2 95
164272	8	2,3,4,5,6,7,9,10,11,12,13,14,15	82: 0x61DC33CD AB0D000D 000D000D 00080008 00080008 007CD700 3D020100 01000100 01E31E03 00993000 00100010 00100010 05000500 05000508 00080008 00080000 00F0162E 223D5407 68656C6C 6F203130 E829
164275	13	6,7,8,9,10,12,14,15	5: 0x020033A0 B6
164290	16	1,2,3,4,5	58: 0x61DCA3CD AB010001 00010001 00100010 00100010 007CD700 3E020700 07000700 07E10663 04000001 00F0223D 162E541E 68656C6C 6F203131 6C81
164292	1	16	5: 0x0200A329 22
164297	1	16	65: 0x61DCA9CD AB100010 00100010 00010001 00010001 007EF700 E3160302 99200000 02000200 02000207 00070007 00070000 F0162E22 3D541E68 656C6C6F 203131D1 7D
164300	16	1,2,3,4,5	5: 0x0200A973 8D
164323	16	1,2,3,4,5	74: 0x61DCA4CD AB020002 00020002 00100010 00100010 007CD700 3F020100 01000100 01E31603 01992000 00100010 00100010 07000700 07000700 00F0162E 223D541E 68656C6C 6F203131 74B2
164326	2	3,4,5,6,7,8,9,16	5: 0x0200A496 56
164343	2	3,4,5,6,7,8,9,16	74: 0x61DC32CD AB070007 00070007 00020002 00020002 007CD700 3E020100 01000100 01E31603 00992000 00100010 00100010 02000200 02000200 00F0162E 223D541E 68656C6C 6F203131 B288
164346	7	2,3,4,6,8,9,10,12,13,14	5: 0x02003229 A7
164350	5	2,3,4,8,9,10,11,16	57: 0x61DCACCD AB100010 00100010 00050005 00050005 007EF500 02010001 00010001 E1066304 00000180 F0223D16 2E542468 656C6C6F 20313345 4A
164352	16	1,2,3,4,5	5: 0x0200ACDE DA
164382	16	1,2,3,4,5	58: 0x61DCA5CD AB010001 00010001 00100010 00100010 007CD700 3F020500 05000500 05E10663 04000001 00F0223D 162E5424 68656C6C 6F203133 B427
164384	1	16	5: 0x0200A51F 47
164397	1	16	57: 0x61DCAACD AB100010 00100010 00010001 00010001 007EF700 E30E0301 99100000 05000500 05000500 F0162E22 3D542468 656C6C6F 20313312 D6
164399	16	1,2,3,4,5	5: 0x0200AAE8 BF
164439	16	1,2,3,4,5	66: 0x61DCA6CD AB050005 00050005 00100010 00100010 007CD700 3F020100 01000100 01E30E03 00991000 00100010 00100010 00F0162E 223D5424 68656C6C 6F203133 A04F
164442	5	2,3,4,8,9,10,11,16	5: 0x0200A684 75
166144	4	2,3,5,7,8,9,10,11,16	57: 0x61DCF4CD AB100010 00100010 00040004 00040004 007EF500 02010001 00010001 E1066304 00000193 F0223D16 2E542868 656C6C6F 203133A0 35
166146	16	1,2,3,4,5	5: 0x0200F413 04
166184	16	1,2,3,4,5	58: 0x61DCA7CD AB010001 00010001 00100010 00100010 007CD700 3F020400 04000400 04E10663 04000001 00F0223D 162E5428 68656C6C 6F203133 D0BD
166186	1	16	5: 0x0200A70D 64
166220	1	16	57: 0x61DCABCD AB100010 00100010 00010001 00010001 007EF700 E30E0301 99100000 04000400 04000400 F0162E22 3D542868 656C6C6F 203133BD 6F
166222	16	1,2,3,4,5	5: 0x0200AB61 AE
166230	16	1,2,3,4,5	66: 0x61DCA8CD AB040004 00040004 00100010 00100010 007CD700 3F020100 01000100 01E30E03 00991000 00100010 00100010 00F0162E 223D5428 68656C6C 6F203133 42D1
166233	4	2,3,5,7,8,9,10,11,16	5: 0x0200A8FA 9C
166335	8	2,3,4,5,6,7,9,10,11,12,13,14,15	57: 0x61DC34CD AB050005 00050005 00080008 00080008 007EF500 02010001 00010001 E1066304 00000205 F0223D16 2E541968 656C6C6F 20313224 12
166337	5	2,3,4,8,9,10,11,16	5: 0x0200341F C2
166357	5	2,3,4,8,9,10,11,16	66: 0x61DCADCD AB100010 00100010 00050005 00050005 007CD500 3F020800 08000800 08020100 01000100 01E10663 04000001 80F0223D 162E5419 68656C6C 6F203132 BDDE
166360	16	1,2,3,4,5	5: 0x0200AD57 CB
166401	16	1,2,3,4,5	58: 0x61DCA9CD AB010001 00010001 00100010 00100010 007CD700 3E020800 08000800 08E10663 04000001 00F0223D 162E5419 68656C6C 6F203132 48DF
166403	1	16	5: 0x0200A973 8D
166431	1	16	65: 0x61DCACCD AB100010 00100010 00010001 00010001 007EF700 E3160302 99200000 05000500 05000508 00080008 00080000 F0162E22 3D541968 656C6C6F 2031323A BC
166434	16	1,2,3,4,5	5: 0x0200ACDE DA
166458	16	1,2,3,4,5	74: 0x61DCAACD AB050005 00050005 00100010 00100010 007CD700 3F020100 01000100 01E31603 01992000 00100010 00100010 08000800 08000800 00F0162E 223D5419 68656C6C 6F203132 3A1B
166461	5	2,3,4,8,9,10,11,16	5: 0x0200AAE8 BF
166464	5	2,3,4,8,9,10,11,16	74: 0x61DCAECD AB080008 00080008 00050005 00050005 007CD700 3E020100 01000100 01E31603 00992000 00100010 00100010 05000500 05000500 00F0162E 223D5419 68656C6C 6F203132 63FE
166467	8	2,3,4,5,6,7,9,10,11,12,13,14,15	5: 0x0200AECC F9
167430	12	6,7,8,9,13,14,15	57: 0x61DC4ACD AB080008 00080008 000C000C 000C000C 007EF500 02010001 00010001 E1066304 00000296 F0223D16 2E540A68 656C6C6F 20313107 D2
167432	8	2,3,4,5,6,7,9,10,11,12,13,14,15	5: 0x02004AE6 58
167465	8	2,3,4,5,6,7,9,10,11,12,13,14,15	66: 0x61DC35CD AB050005 00050005 00080008 00080008 007CD500 3F020C00 0C000C00 0C020100 01000100 01E10663 04000002 04F0223D 162E540A 68656C6C 6F203131 D592
167468	5	2,3,4,8,9,10,11,16	5: 0x02003596 D3
167510	5	2,3,4,8,9,10,11,16	66: 0x61DCAFCD AB100010 00100010 00050005 00050005 007CD500 3E020C00 0C000C00 0C020100 01000100 01E10663 04000001 80F0223D 162E540A 68656C6C 6F203131 4FB4
167513	16	1,2,3,4,5	5: 0x0200AF45 E8
167516	16	1,2,3,4,5	58: 0x61DCABCD AB010001 00010001 00100010 00100010 007CD700 3D020C00 0C000C00 0CE10663 04000001 00F0223D 162E540A 68656C6C 6F203131 A114
167518	1	16	5: 0x0200AB61 AE
167560	1	16	73: 0x61DCADCD AB100010 00100010 00010001 00010001 007EF700 E31E0303 99300000 05000500 05000508 00080008 00080C00 0C000C00 0C000000 F0162E22 3D540A68 656C6C6F 20313106 F9
167563	16	1,2,3,4,5	5: 0x0200AD57 CB
167578	16	1,2,3,4,5	82: 0x61DCACCD AB050005 00050005 00100010 00100010 007CD700 3F020100 01000100 01E31E03 02993000 00100010 00100010 08000800 0800080C 000C000C 000C0000 00F0162E 223D540A 68656C6C 6F203131 80F3
167581	5	2,3,4,8,9,10,11,16	5: 0x0200ACDE DA
167618	5	2,3,4,8,9,10,11,16	82: 0x61DCB0CD AB080008 00080008 00050005 00050005 007CD700 3E020100 01000100 01E31E03 01993000 00100010 00100010 05000500 0500050C 000C000C 000C0000 00F0162E 223D540A 68656C6C 6F203131 910C
167621	8	2,3,4,5,6,7,9,10,11,12,13,14,15	5: 0x0200B033 00
167624	2	3,4,5,6,7,8,9,16	57: 0x61DC33CD AB100010 00100010 00020002 00020002 007EF500 02010001 00010001 E1066304 00000180 F0223D16 2E543068 656C6C6F 20313308 83
167626	16	1,2,3,4,5	5: 0x020033A0 B6
167632	8	2,3,4,5,6,7,9,10,11,12,13,14,15	82: 0x61DC36CD AB0C000C 000C000C 00080008 00080008 007CD700 3D020100 01000100 01E31E03 00993000 00100010 00100010 05000500 05000508 00080008 00080000 00F0162E 223D540A 68656C6C 6F203131 5DFA
167635	12	6,7,8,9,13,14,15	5: 0x0200360D E1
167665	16	1,2,3,4,5	58: 0x61DCADCD AB010001 00010001 00100010 00100010 007CD700 3F020200 02000200 02E10663 04000001 00F0223D 162E5430 68656C6C 6F203133 D11F
167667	1	16	5: 0x0200AD57 CB
167710	1	16	57: 0x61DCAECD AB100010 00100010 00010001 00010001 007EF700 E30E0301 99100000 02000200 02000200 F0162E22 3D543068 656C6C6F 20313375 AE
167712	16	1,2,3,4,5	5: 0x0200AECC F9
167749	16	1,2,3,4,5	66: 0x61DCAECD AB020002 00020002 00100010 00100010 007CD700 3F020100 01000100 01E30E03 00991000 00100010 00100010 00F0162E 223D5430 68656C6C 6F203133 4FF2
167752	2	3,4,5,6,7,8,9,16	5: 0x0200AECC F9
167968	15	8,9,10,11,12,13,14	57: 0x61DCCDCD AB080008 00080008 000F000F 000F000F 007EF500 02010001 00010001 E1066304 0000029C F0223D16 2E53FE68 656C6C6F 20313123 C3
167970	8	2,3,4,5,6,7,9,10,11,12,13,14,15	5: 0x0200CD51 A8
168001	8	2,3,4,5,6,7,9,10,11,12,13,14,15	66: 0x61DC37CD AB050005 00050005 00080008 00080008 007CD500 3F020F00 0F000F00 0F020100 01000100 01E10663 04000002 03F0223D 162E53FE 68656C6C 6F203131 F76E
168004	5	2,3,4,8,9,10,11,16	5: 0x02003784 F0
168013	5	2,3,4,8,9,10,11,16	66: 0x61DCB1CD AB100010 00100010 00050005 00050005 007CD500 3E020F00 0F000F00 0F020100 01000100 01E10663 04000001 80F0223D 162E53FE 68656C6C 6F203131 BB29
168016	16	1,2,3,4,5	5: 0x0200B1BA 11
168027	16	1,2,3,4,5	58: 0x61DCAFCD AB010001 00010001 00100010 00100010 007CD700 3D020F00 0F000F00 0FE10663 04000001 00F0223D 162E53FE 68656C6C 6F203131 D601
168029	1	16	5: 0x0200AF45 E8
168038	1	16	73: 0x61DCAFCD AB100010 00100010 00010001 00010001 007EF700 E31E0303 99300000 05000500 05000508 00080008 00080F00 0F000F00 0F000000 F0162E22 3D53FE68 656C6C6F 2031311F CC
168041	16	1,2,3,4,5	5: 0x0200AF45 E8
168053	16	1,2,3,4,5	82: 0x61DCB0CD AB050005 00050005 00100010 00100010 007CD700 3F020100 01000100 01E31E03 02993000 00100010 00100010 08000800 0800080F 000F000F 000F0000 00F0162E 223D53FE 68656C6C 6F203131 82A5
168056	5	2,3,4,8,9,10,11,16	5: 0x0200B033 00
168062	5	2,3,4,8,9,10,11,16	82: 0x61DCB2CD AB080008 00080008 00050005 00050005 007CD700 3E020100 01000100 01E31E03 01993000 00100010 00100010 05000500 0500050F 000F000F 000F0000 00F0162E 223D53FE 68656C6C 6F203131 6F06
168065	8	2,3,4,5,6,7,9,10,11,12,13,14,15	5: 0x0200B221 23
168093	8	2,3,4,5,6,7,9,10,11,12,13,14,15	82: 0x61DC38CD AB0F000F 000F000F 00080008 00080008 007CD700 3D020100 01000100 01E31E03 00993000 00100010 00100010 05000500 05000508 00080008 00080000 00F0162E 223D53FE 68656C6C 6F203131 D023
168096	15	8,9,10,11,12,13,14	5: 0x02003873 08
168248	4	2,3,5,7,8,9,10,11,16	102: 0x61DCF5CD AB0B000B 000B000B 00040004 00040004 007A333A 9B01FE73 00F00191 08F00000 FD000000 00000000 02010001 00010001 040E0008 0C000400 00800001 001E003C 081E4040 FFFFFFFF FFFFFFFF 00000000 FD000000 00000000 00000000 00000000 7477
168252	11	4,5,8,9,10,14,15	5: 0x0200F59A 15
168354	14	7,8,9,10,11,12,13,15	57: 0x61DCA3CD AB080008 00080008 000E000E 000E000E 007EF500 02010001 00010001 E1066304 00000296 F0223D16 2E540268 656C6C6F 2031311A CF
168356	8	2,3,4,5,6,7,9,10,11,12,13,14,15	5: 0x0200A329 22
168397	8	2,3,4,5,6,7,9,10,11,12,13,14,15	66: 0x61DC39CD AB050005 00050005 00080008 00080008 007CD500 3F020E00 0E000E00 0E020100 01000100 01E10663 04000002 02F0223D 162E5402 68656C6C 6F203131 DE83
168400	5	2,3,4,8,9,10,11,16	5: 0x020039FA 19
168404	5	2,3,4,8,9,10,11,16	66: 0x61DCB3CD AB100010 00100010 00050005 00050005 007CD500 3E020E00 0E000E00 0E020100 01000100 01E10663 04000001 80F0223D 162E5402 68656C6C 6F203131 6058
168407	16	1,2,3,4,5	5: 0x0200B3A8 32
168436	16	1,2,3,4,5	58: 0x61DCB1CD AB010001 00010001 00100010 00100010 007CD700 3D020E00 0E000E00 0EE10663 04000001 00F0223D 162E5402 68656C6C 6F203131 049F
168438	1	16	5: 0x0200B1BA 11
168446	1	16	73: 0x61DCB0CD AB100010 00100010 00010001 00010001 007EF700 E31E0303 99300000 05000500 05000508 00080008 00080E00 0E000E00 0E000000 F0162E22 3D540268 656C6C6F 20313177 94
168449	16	1,2,3,4,5	5: 0x0200B033 00
168492	16	1,2,3,4,5	82: 0x61DCB2CD AB050005 00050005 00100010 00100010 007CD700 3F020100 01000100 01E31E03 02993000 00100010 00100010 08000800 0800080E 000E000E 000E0000 00F0162E 223D5402 68656C6C 6F203131 9883
168495	5	2,3,4,8,9,10,11,16	5: 0x0200B221 23
168525	5	2,3,4,8,9,10,11,16	82: 0x61DCB4CD AB080008 00080008 00050005 00050005 007CD700 3E020100 01000100 01E31E03 01993000 00100010 00100010 05000500 0500050E 000E000E 000E0000 00F0162E 223D5402 68656C6C 6F203131 F86A
168528	8	2,3,4,5,6,7,9,10,11,12,13,14,15	5: 0x0200B417 46
168534	8	2,3,4,5,6,7,9,10,11,12,13,14,15	82: 0x61DC3ACD AB0E000E 000E000E 00080008 00080008 007CD700 3D020100 01000100 01E31E03 00993000 00100010 00100010 05000500 05000508 00080008 00080000 00F0162E 223D5402 68656C6C 6F203131 99F9
168537	14	7,8,9,10,11,12,13,15	5: 0x02003A61 2B
168723	6	2,3,7,8,9,12,13	57: 0x61DCF5CD AB020002 00020002 00060006 00060006 007EF500 02010001 00010001 E1066304 00000222 F0223D16 2E542168 656C6C6F 203132E3 52
168725	2	3,4,5,6,7,8,9,16	5: 0x0200F59A 15
168736	2	3,4,5,6,7,8,9,16	66: 0x61DC34CD AB100010 00100010 00020002 00020002 007CD500 3F020600 06000600 06020100 01000100 01E10663 04000001 80F0223D 162E5421 68656C6C 6F203132 6B8D
168739	16	1,2,3,4,5	5: 0x0200341F C2
168781	16	1,2,3,4,5	58: 0x61DCB3CD AB010001 00010001 00100010 00100010 007CD700 3E020600 06000600 06E10663 04000001 00F0223D 162E5421 68656C6C 6F203132 4E68
168783	1	16	5: 0x0200B3A8 32
168786	1	16	65: 0x61DCB1CD AB100010 00100010 00010001 00010001 007EF700 E3160302 99200000 02000200 02000206 00060006 00060000 F0162E22 3D542168 656C6C6F 20313203 E2
168789	16	1,2,3,4,5	5: 0x0200B1BA 11
168818	16	1,2,3,4,5	74: 0x61DCB4CD AB020002 00020002 00100010 00100010 007CD700 3F020100 01000100 01E31603 01992000 00100010 00100010 06000600 06000600 00F0162E 223D5421 68656C6C 6F203132 7B01
168821	2	3,4,5,6,7,8,9,16	5: 0x0200B417 46
168832	2	3,4,5,6,7,8,9,16	74: 0x61DC35CD AB060006 00060006 00020002 00020002 007CD700 3E020100 01000100 01E31603 00992000 00100010 00100010 02000200 02000200 00F0162E 223D5421 68656C6C 6F203132 E73B
168835	6	2,3,7,8,9,12,13	5: 0x02003596 D3
168951	9	2,3,4,5,6,7,8,10,11,12,13,14,15	57: 0x61DC5ECD AB050005 00050005 00090009 00090009 007EF500 02010001 00010001 E1066304 00000213 F0223D16 2E541568 656C6C6F 20313260 20
168953	5	2,3,4,8,9,10,11,16	5: 0x02005E43 0E
168995	5	2,3,4,8,9,10,11,16	66: 0x61DCB5CD AB100010 00100010 00050005 00050005 007CD500 3F020900 09000900 09020100 01000100 01E10663 04000001 80F0223D 162E5415 68656C6C 6F203132 6E9B
168998	16	1,2,3,4,5	5: 0x0200B59E 57
169019	16	1,2,3,4,5	58: 0x61DCB5CD AB010001 00010001 00100010 00100010 007CD700 3E020900 09000900 09E10663 04000001 00F0223D 162E5415 68656C6C 6F203132 C40D
169021	1	16	5: 0x0200B59E 57
169024	1	16	65: 0x61DCB2CD AB100010 00100010 00010001 00010001 007EF700 E3160302 99200000 05000500 05000509 00090009 00090000 F0162E22 3D541568 656C6C6F 20313240 F6
169027	16	1,2,3,4,5	5: 0x0200B221 23
169043	16	1,2,3,4,5	74: 0x61DCB6CD AB050005 00050005 00100010 00100010 007CD700 3F020100 01000100 01E31603 01992000 00100010 00100010 09000900 09000900 00F0162E 223D5415 68656C6C 6F203132 FAD5
169046	5	2,3,4,8,9,10,11,16	5: 0x0200B605 65
169060	5	2,3,4,8,9,10,11,16	74: 0x61DCB6CD AB090009 00090009 00050005 00050005 007CD700 3E020100 01000100 01E31603 00992000 00100010 00100010 05000500 05000500 00F0162E 223D5415 68656C6C 6F203132 375A
169063	9	2,3,4,5,6,7,8,10,11,12,13,14,15	5: 0x0200B605 65
171235	10	3,4,5,7,8,9,11,13,14,15	57: 0x61DC00CD AB050005 00050005 000A000A 000A000A 007EF500 02010001 00010001 E1066304 0000021B F0223D16 2E541068 656C6C6F 2031330D C2
171237	5	2,3,4,8,9,10,11,16	5: 0x020000B8 B5
171262	5	2,3,4,8,9,10,11,16	66: 0x61DCB7CD AB100010 00100010 00050005 00050005 007CD500 3F020A00 0A000A00 0A020100 01000100 01E10663 04000001 80F0223D 162E5410 68656C6C 6F203133 9767
171265	16	1,2,3,4,5	5: 0x0200B78C 74
171297	16	1,2,3,4,5	58: 0x61DCB7CD AB010001 00010001 00100010 00100010 007CD700 3E020A00 0A000A00 0AE10663 04000001 00F0223D 162E5410 68656C6C 6F203133 EC45
171299	1	16	5: 0x0200B78C 74
171307	1	16	65: 0x61DCB3CD AB100010 00100010 00010001 00010001 007EF700 E3160302 99200000 05000500 0500050A 000A000A 000A0000 F0162E22 3D541068 656C6C6F 20313384 94
171310	16	1,2,3,4,5	5: 0x0200B3A8 32
171345	16	1,2,3,4,5	74: 0x61DCB8CD AB050005 00050005 00100010 00100010 007CD700 3F020100 01000100 01E31603 01992000 00100010 00100010 0A000A00 0A000A00 00F0162E 223D5410 68656C6C 6F203133 2969
171348	5	2,3,4,8,9,10,11,16	5: 0x0200B87B 8C
171376	5	2,3,4,8,9,10,11,16	74: 0x61DCB8CD AB0A000A 000A000A 00050005 00050005 007CD700 3E020100 01000100 01E31603 00992000 00100010 00100010 05000500 05000500 00F0162E 223D5410 68656C6C 6F203133 A6C8
171379	10	3,4,5,7,8,9,11,13,14,15	5: 0x0200B87B 8C
173064	11	4,5,8,9,10,14,15	57: 0x61DC0ACD AB050005 00050005 000B000B 000B000B 007EF500 02010001 00010001 E1066304 00000211 F0223D16 2E540C68 656C6C6F 203133FB 00
173066	5	2,3,4,8,9,10,11,16	5: 0x02000AE2 1A
173109	5	2,3,4,8,9,10,11,16	66: 0x61DCB9CD AB100010 00100010 00050005 00050005 007CD500 3F020B00 0B000B00 0B020100 01000100 01E10663 04000001 80F0223D 162E540C 68656C6C 6F203133 D615
173112	16	1,2,3,4,5	5: 0x0200B9F2 9D
173123	3	2,4,5,6,7,8,9,10,16	57: 0x61DCC1CD AB100010 00100010 00030003 00030003 007EF500 02010001 00010001 E1066304 00000191 F0223D16 2E542B68 656C6C6F 203134B5 6B
173125	16	1,2,3,4,5	5: 0x0200C13D 62
173134	16	1,2,3,4,5	58: 0x61DCB9CD AB010001 00010001 00100010 00100010 007CD700 3E020B00 0B000B00 0BE10663 04000001 00F0223D 162E540C 68656C6C 6F203133 83F7
173136	1	16	5: 0x0200B9F2 9D
173169	16	1,2,3,4,5	58: 0x61DCBACD AB010001 00010001 00100010 00100010 007CD700 3F020300 03000300 03E10663 04000001 00F0223D 162E542B 68656C6C 6F203134 95C6
173171	1	16	5: 0x0200BA69 AF
173175	1	16	65: 0x61DCB4CD AB100010 00100010 00010001 00010001 007EF700 E3160302 99200000 05000500 0500050B 000B000B 000B0000 F0162E22 3D540C68 656C6C6F 203133B2 B0
173178	16	1,2,3,4,5	5: 0x0200B417 46
173196	16	1,2,3,4,5	74: 0x61DCBBCD AB050005 00050005 00100010 00100010 007CD700 3F020100 01000100 01E31603 01992000 00100010 00100010 0B000B00 0B000B00 00F0162E 223D540C 68656C6C 6F203133 4DA3
173199	5	2,3,4,8,9,10,11,16	5: 0x0200BBE0 BE
173221	1	-	57: 0x61DCB5CD AB100010 00100010 00010001 00010001 007EF700 E30E0301 99100000 03000300 03000300 F0162E22 3D542B68 656C6C6F 20313446 C0
173222	5	2,3,4,8,9,10,11	74: 0x61DCBACD AB0B000B 000B000B 00050005 00050005 007CD700 3E020100 01000100 01E31603 00992000 00100010 00100010 05000500 05000500 00F0162E 223D540C 68656C6C 6F203133 DE80
173225	11	4,5,8,9,10,14,15	5: 0x0200BA69 AF
173261	1	16	57: 0x61DCB5CD AB100010 00100010 00010001 00010001 007EF700 E30E0301 99100000 03000300 03000300 F0162E22 3D542B68 656C6C6F 20313446 C0
173263	16	1,2,3,4,5	5: 0x0200B59E 57
173295	16	1,2,3,4,5	66: 0x61DCBCCD AB030003 00030003 00100010 00100010 007CD700 3F020100 01000100 01E30E03 00991000 00100010 00100010 00F0162E 223D542B 68656C6C 6F203134 F1DD
173298	3	2,4,5,6,7,8,9,10,16	5: 0x0200BC5F CA
174244	13	6,7,8,9,10,12,14,15	57: 0x61DC60CD AB080008 00080008 000D000D 000D000D 007EF500 02010001 00010001 E1066304 00000299 F0223D16 2E540668 656C6C6F 203131EF 04
174246	8	2,3,4,5,6,7,9,10,11,12,13,14,15	5: 0x020060BE D6
174249	8	2,3,4,5,6,7,9,10,11,12,13,14,15	66: 0x61DC3BCD AB050005 00050005 00080008 00080008 007CD500 3F020D00 0D000D00 0D020100 01000100 01E10663 04000002 01F0223D 162E5406 68656C6C 6F203131 72B9
174252	5	2,3,4,8,9,10,11,16	5: 0x02003BE8 3A
174294	5	2,3,4,8,9,10,11,16	66: 0x61DCBBCD AB100010 00100010 00050005 00050005 007CD500 3E020D00 0D000D00 0D020100 01000100 01E10663 04000001 80F0223D 162E5406 68656C6C 6F203131 7EE3
174297	16	1,2,3,4,5	5: 0x0200BBE0 BE
174323	16	1,2,3,4,5	58: 0x61DCBDCD AB010001 00010001 00100010 00100010 007CD700 3D020D00 0D000D00 0DE10663 04000001 00F0223D 162E5406 68656C6C 6F203131 75FE
174325	1	16	5: 0x0200BDD6 DB
174340	1	16	73: 0x61DCB6CD AB100010 00100010 00010001 00010001 007EF700 E31E0303 99300000 05000500 05000508 00080008 00080D00 0D000D00 0D000000 F0162E22 3D540668 656C6C6F 203131C1 7A
174343	16	1,2,3,4,5	5: 0x0200B605 65
174380	16	1,2,3,4,5	82: 0x61DCBECD AB050005 00050005 00100010 00100010 007CD700 3F020100 01000100 01E31E03 02993000 00100010 00100010 08000800 0800080D 000D000D 000D0000 00F0162E 223D5406 68656C6C 6F203131 5319
174383	5	2,3,4,8,9,10,11,16	5: 0x0200BE4D E9
174411	5	2,3,4,8,9,10,11,16	82: 0x61DCBCCD AB080008 00080008 00050005 00050005 007CD700 3E020100 01000100 01E31E03 01993000 00100010 00100010 05000500 0500050D 000D000D 000D0000 00F0162E 223D5406 68656C6C 6F203131 BEBA
174414	8	2,3,4,5,6,7,9,10,11,12,13,14,15	5: 0x0200BC5F CA
174421	8	2,3,4,5,6,7,9,10,11,12,13,14,15	82: 0x61DC3CCD AB0D000D 000D000D 00080008 00080008 007CD700 3D020100 01000100 01E31E03 00993000 00100010 00100010 05000500 05000508 00080008 00080000 00F0162E 223D5406 68656C6C 6F203131 E25B
174424	13	6,7,8,9,10,12,14,15	5: 0x02003C57 4E
174551	7	2,3,4,6,8,9,10,12,13,14	57: 0x61DC9ACD AB020002 00020002 00070007 00070007 007EF500 02010001 00010001 E1066304 00000216 F0223D16 2E541D68 656C6C6F 203132E6 FA
174553	2	3,4,5,6,7,8,9,16	5: 0x02009A6B 8E
174556	2	3,4,5,6,7,8,9,16	66: 0x61DC36CD AB100010 00100010 00020002 00020002 007CD500 3F020700 07000700 07020100 01000100 01E10663 04000001 80F0223D 162E541D 68656C6C 6F203132 F11A
174559	16	1,2,3,4,5	5: 0x0200360D E1
174599	16	1,2,3,4,5	58: 0x61DCBFCD AB010001 00010001 00100010 00100010 007CD700 3E020700 07000700 07E10663 04000001 00F0223D 162E541D 68656C6C 6F203132 AA8F
174601	1	16	5: 0x0200BFC4 F8
174637	1	16	65: 0x61DCB7CD AB100010 00100010 00010001 00010001 007EF700 E3160302 99200000 02000200 02000207 00070007 00070000 F0162E22 3D541D68 656C6C6F 203132B0 46
174640	16	1,2,3,4,5	5: 0x0200B78C 74
174648	16	1,2,3,4,5	74: 0x61DCC0CD AB020002 00020002 00100010 00100010 007CD700 3F020100 01000100 01E31603 01992000 00100010 00100010 07000700 07000700 00F0162E 223D541D 68656C6C 6F203132 F689
174651	2	3,4,5,6,7,8,9,16	5: 0x0200C0B4 73
174668	2	3,4,5,6,7,8,9,16	74: 0x61DC37CD AB070007 00070007 00020002 00020002 007CD700 3E020100 01000100 01E31603 00992000 00100010 00100010 02000200 02000200 00F0162E 223D541D 68656C6C 6F203132 A684
174671	7	2,3,4,6,8,9,10,12,13,14	5: 0x02003784 F0
175025	5	2,3,4,8,9,10,11,16	57: 0x61DCBDCD AB100010 00100010 00050005 00050005 007EF500 02010001 00010001 E1066304 00000180 F0223D16 2E542368 656C6C6F 20313487 35
175027	16	1,2,3,4,5	5: 0x0200BDD6 DB
175038	16	1,2,3,4,5	58: 0x61DCC1CD AB010001 00010001 00100010 00100010 007CD700 3F020500 05000500 05E10663 04000001 00F0223D 162E5423 68656C6C 6F203134 027B
175040	1	16	5: 0x0200C13D 62
175075	1	16	57: 0x61DCB8CD AB100010 00100010 00010001 00010001 007EF700 E30E0301 99100000 05000500 05000500 F0162E22 3D542368 656C6C6F 20313464 ED
175077	16	1,2,3,4,5	5: 0x0200B87B 8C
175111	16	1,2,3,4,5	66: 0x61DCC2CD AB050005 00050005 00100010 00100010 007CD700 3F020100 01000100 01E30E03 00991000 00100010 00100010 00F0162E 223D5423 68656C6C 6F203134 BCB3
175114	5	2,3,4,8,9,10,11,16	5: 0x0200C2A6 50
175299	4	2,3,5,7,8,9,10,11,16	57: 0x61DCF6CD AB100010 00100010 00040004 00040004 007EF500 02010001 00010001 E1066304 00000191 F0223D16 2E542768 656C6C6F 203134D1 43
175301	16	1,2,3,4,5	5: 0x0200F601 27
175311	16	1,2,3,4,5	58: 0x61DCC3CD AB010001 00010001 00100010 00100010 007CD700 3F020400 04000400 04E10663 04000001 00F0223D 162E5427 68656C6C 6F203134 AC9E
175313	1	16	5: 0x0200C32F 41
175323	1	16	57: 0x61DCB9CD AB100010 00100010 00010001 00010001 007EF700 E30E0301 99100000 04000400 04000400 F0162E22 3D542768 656C6C6F 20313401 2B
175325	16	1,2,3,4,5	5: 0x0200B9F2 9D
175328	16	1,2,3,4,5	66: 0x61DCC4CD AB040004 00040004 00100010 00100010 007CD700 3F020100 01000100 01E30E03 00991000 00100010 00100010 00F0162E 223D5427 68656C6C 6F203134 27B6
175331	4	2,3,5,7,8,9,10,11,16	5: 0x0200C490 35
176994	8	2,3,4,5,6,7,9,10,11,12,13,14,15	57: 0x61DC3DCD AB050005 00050005 00080008 00080008 007EF500 02010001 00010001 E1066304 00000200 F0223D16 2E541868 656C6C6F 2031333F 3F
176996	5	2,3,4,8,9,10,11,16	5: 0x02003DDE 5F
177012	5	2,3,4,8,9,10,11,16	66: 0x61DCBECD AB100010 00100010 00050005 00050005 007CD500 3F020800 08000800 08020100 01000100 01E10663 04000001 80F0223D 162E5418 68656C6C 6F203133 0EC3
177015	16	1,2,3,4,5	5: 0x0200BE4D E9
177018	16	1,2,3,4,5	58: 0x61DCC5CD AB010001 00010001 00100010 00100010 007CD700 3E020800 08000800 08E10663 04000001 00F0223D 162E5418 68656C6C 6F203133 3DD8
177020	1	16	5: 0x0200C519 24
177062	1	16	65: 0x61DCBACD AB100010 00100010 00010001 00010001 007EF700 E3160302 99200000 05000500 05000508 00080008 00080000 F0162E22 3D541868 656C6C6F 20313360 9A
177065	16	1,2,3,4,5	5: 0x0200BA69 AF
177107	16	1,2,3,4,5	74: 0x61DCC6CD AB050005 00050005 00100010 00100010 007CD700 3F020100 01000100 01E31603 01992000 00100010 00100010 08000800 08000800 00F0162E 223D5418 68656C6C 6F203133 0479
177110	5	2,3,4,8,9,10,11,16	5: 0x0200C682 16
177142	5	2,3,4,8,9,10,11,16	74: 0x61DCBFCD AB080008 00080008 00050005 00050005 007CD700 3E020100 01000100 01E31603 00992000 00100010 00100010 05000500 05000500 00F0162E 223D5418 68656C6C 6F203133 8CF0
177145	8	2,3,4,5,6,7,9,10,11,12,13,14,15	5: 0x0200BFC4 F8
177476	15	8,9,10,11,12,13,14	57: 0x61DCCECD AB080008 00080008 000F000F 000F000F 007EF500 02010001 00010001 E1066304 00000299 F0223D16 2E53FD68 656C6C6F 20313279 C5
177478	8	2,3,4,5,6,7,9,10,11,12,13,14,15	5: 0x0200CECA 9A
177509	8	2,3,4,5,6,7,9,10,11,12,13,14,15	66: 0x61DC3ECD AB050005 00050005 00080008 00080008 007CD500 3F020F00 0F000F00 0F020100 01000100 01E10663 04000002 00F0223D 162E53FD 68656C6C 6F203132 698B
177512	5	2,3,4,8,9,10,11,16	5: 0x02003E45 6D
177524	5	2,3,4,8,9,10,11,16	66: 0x61DCC0CD AB100010 00100010 00050005 00050005 007CD500 3E020F00 0F000F00 0F020100 01000100 01E10663 04000001 80F0223D 162E53FD 68656C6C 6F203132 D0E4
177527	16	1,2,3,4,5	5: 0x0200C0B4 73
177557	16	1,2,3,4,5	58: 0x61DCC7CD AB010001 00010001 00100010 00100010 007CD700 3D020F00 0F000F00 0FE10663 04000001 00F0223D 162E53FD 68656C6C 6F203132 3EF3
177559	1	16	5: 0x0200C70B 07
177559	12	6,7,8,9,13,14,15	57: 0x61DC4BCD AB080008 00080008 000C000C 000C000C 007EF500 02010001 00010001 E1066304 00000293 F0223D16 2E540968 656C6C6F 2031328A 54
177561	8	2,3,4,5,6,7,9,10,11,12,13,14,15	5: 0x02004B6F 49
177565	8	2,3,4,5,6,7,9,10,11,12,13,14,15	66: 0x61DC3FCD AB050005 00050005 00080008 00080008 007CD500 3F020C00 0C000C00 0C020100 01000100 01E10663 04000002 00F0223D 162E5409 68656C6C 6F203132 B845
177568	5	2,3,4,8,9,10,11,16	5: 0x02003FCC 7C
177571	5	2,3,4,8,9,10,11,16	66: 0x61DCC1CD AB100010 00100010 00050005 00050005 007CD500 3E020C00 0C000C00 0C020100 01000100 01E10663 04000001 80F0223D 162E5409 68656C6C 6F203132 012A
177574	16	1,2,3,4,5	5: 0x0200C13D 62
177588	16	1,2,3,4,5	58: 0x61DCC8CD AB010001 00010001 00100010 00100010 007CD700 3D020C00 0C000C00 0CE10663 04000001 00F0223D 162E5409 68656C6C 6F203132 488F
177590	1	16	5: 0x0200C8FC FF
177594	1	16	73: 0x61DCBBCD AB100010 00100010 00010001 00010001 007EF700 E31E0303 99300000 05000500 05000508 00080008 00080F00 0F000F00 0F000000 F0162E22 3D53FD68 656C6C6F 203132CC C8
177597	16	1,2,3,4,5	5: 0x0200BBE0 BE
177598	14	7,8,9,10,11,12,13,15	57: 0x61DCA4CD AB080008 00080008 000E000E 000E000E 007EF500 02010001 00010001 E1066304 00000293 F0223D16 2E540168 656C6C6F 203132FF C0
177600	8	2,3,4,5,6,7,9,10,11,12,13,14,15	5: 0x0200A496 56
177608	1	16	73: 0x61DCBCCD AB100010 00100010 00010001 00010001 007EF700 E31E0303 99300000 05000500 05000508 00080008 00080C00 0C000C00 0C000000 F0162E22 3D540968 656C6C6F 203132CA 03
177611	16	1,2,3,4,5	5: 0x0200BC5F CA
177624	16	1,2,3,4,5	82: 0x61DCC9CD AB050005 00050005 00100010 00100010 007CD700 3F020100 01000100 01E31E03 02993000 00100010 00100010 08000800 0800080F 000F000F 000F0000 00F0162E 223D53FD 68656C6C 6F203132 586A
177627	5	2,3,4,8,9,10,11,16	5: 0x0200C975 EE
177632	16	1,2,3,4,5	82: 0x61DCCACD AB050005 00050005 00100010 00100010 007CD700 3F020100 01000100 01E31E03 02993000 00100010 00100010 08000800 0800080C 000C000C 000C0000 00F0162E 223D5409 68656C6C 6F203132 0130
177635	5	2,3,4,8,9,10,11,16	5: 0x0200CAEE DC
177643	5	2,3,4,8,9,10,11,16	82: 0x61DCC2CD AB080008 00080008 00050005 00050005 007CD700 3E020100 01000100 01E31E03 01993000 00100010 00100010 05000500 0500050F 000F000F 000F0000 00F0162E 223D53FD 68656C6C 6F203132 080C
177646	8	2,3,4,5,6,7,9,10,11,12,13,14,15	5: 0x0200C2A6 50
177650	5	2,3,4,8,9,10,11,16	82: 0x61DCC3CD AB080008 00080008 00050005 00050005 007CD700 3E020100 01000100 01E31E03 01993000 00100010 00100010 05000500 0500050C 000C000C 000C0000 00F0162E 223D5409 68656C6C 6F203132 1FF7
177653	8	2,3,4,5,6,7,9,10,11,12,13,14,15	5: 0x0200C32F 41
177668	8	2,3,4,5,6,7,9,10,11,12,13,14,15	82: 0x61DC41CD AB0F000F 000F000F 00080008 00080008 007CD700 3D020100 01000100 01E31E03 00993000 00100010 00100010 05000500 05000508 00080008 00080000 00F0162E 223D53FD 68656C6C 6F203132 0AEC
177671	15	8,9,10,11,12,13,14	5: 0x02004135 E6
177719	8	2,3,4,5,6,7,9,10,11,12,13,14,15	66: 0x61DC40CD AB050005 00050005 00080008 00080008 007CD500 3F020E00 0E000E00 0E020100 01000100 01E10663 04000002 00F0223D 162E5401 68656C6C 6F203132 37BE
177722	5	2,3,4,8,9,10,11,16	5: 0x020040BC F7
177749	5	2,3,4,8,9,10,11,16	66: 0x61DCC4CD AB100010 00100010 00050005 00050005 007CD500 3E020E00 0E000E00 0E020100 01000100 01E10663 04000001 80F0223D 162E5401 68656C6C 6F203132 7A9C
177752	16	1,2,3,4,5	5: 0x0200C490 35
177759	16	1,2,3,4,5	58: 0x61DCCBCD AB010001 00010001 00100010 00100010 007CD700 3D020E00 0E000E00 0EE10663 04000001 00F0223D 162E5401 68656C6C 6F203132 9BF2
177761	1	16	5: 0x0200CB67 CD
177767	1	16	73: 0x61DCBDCD AB100010 00100010 00010001 00010001 007EF700 E31E0303 99300000 05000500 05000508 00080008 00080E00 0E000E00 0E000000 F0162E22 3D540168 656C6C6F 20313272 E4
177770	16	1,2,3,4,5	5: 0x0200BDD6 DB
177776	16	1,2,3,4,5	82: 0x61DCCCCD AB050005 00050005 00100010 00100010 007CD700 3F020100 01000100 01E31E03 02993000 00100010 00100010 08000800 0800080E 000E000E 000E0000 00F0162E 223D5401 68656C6C 6F203132 26F7
177779	5	2,3,4,8,9,10,11,16	5: 0x0200CCD8 B9
177792	5	2,3,4,8,9,10,11,16	82: 0x61DCC5CD AB080008 00080008 00050005 00050005 007CD700 3E020100 01000100 01E31E03 01993000 00100010 00100010 05000500 0500050E 000E000E 000E0000 00F0162E 223D5401 68656C6C 6F203132 3830
177795	8	2,3,4,5,6,7,9,10,11,12,13,14,15	5: 0x0200C519 24
177820	8	2,3,4,5,6,7,9,10,11,12,13,14,15	82: 0x61DC43CD AB0E000E 000E000E 00080008 00080008 007CD700 3D020100 01000100 01E31E03 00993000 00100010 00100010 05000500 05000508 00080008 00080000 00F0162E 223D5401 68656C6C 6F203132 4336
177823	14	7,8,9,10,11,12,13,15	5: 0x02004327 C5
178330	9	2,3,4,5,6,7,8,10,11,12,13,14,15	57: 0x61DC5FCD AB050005 00050005 00090009 00090009 007EF500 02010001 00010001 E1066304 00000211 F0223D16 2E541468 656C6C6F 20313346 AC
178332	5	2,3,4,8,9,10,11,16	5: 0x02005FCA 1F
178344	5	2,3,4,8,9,10,11,16	66: 0x61DCC6CD AB100010 00100010 00050005 00050005 007CD500 3F020900 09000900 09020100 01000100 01E10663 04000001 80F0223D 162E5414 68656C6C 6F203133 CD11
178347	16	1,2,3,4,5	5: 0x0200C682 16
178360	16	1,2,3,4,5	58: 0x61DCCDCD AB010001 00010001 00100010 00100010 007CD700 3E020900 09000900 09E10663 04000001 00F0223D 162E5414 68656C6C 6F203133 017A
178362	1	16	5: 0x0200CD51 A8
178365	1	16	65: 0x61DCBECD AB100010 00100010 00010001 00010001 007EF700 E3160302 99200000 05000500 05000509 00090009 00090000 F0162E22 3D541468 656C6C6F 20313306 D9
178368	16	1,2,3,4,5	5: 0x0200BE4D E9
178390	16	1,2,3,4,5	74: 0x61DCCECD AB050005 00050005 00100010 00100010 007CD700 3F020100 01000100 01E31603 01992000 00100010 00100010 09000900 09000900 00F0162E 223D5414 68656C6C 6F203133 D70D
178393	5	2,3,4,8,9,10,11,16	5: 0x0200CECA 9A
178412	5	2,3,4,8,9,10,11,16	74: 0x61DCC7CD AB090009 00090009 00050005 00050005 007CD700 3E020100 01000100 01E31603 00992000 00100010 00100010 05000500 05000500 00F0162E 223D5414 68656C6C 6F203133 6CFB
178415	9	2,3,4,5,6,7,8,10,11,12,13,14,15	5: 0x0200C70B 07
178454	2	3,4,5,6,7,8,9,16	57: 0x61DC38CD AB100010 00100010 00020002 00020002 007EF500 02010001 00010001 E1066304 00000180 F0223D16 2E542F68 656C6C6F 203134C1 C9
178456	16	1,2,3,4,5	5: 0x02003873 08
178499	16	1,2,3,4,5	58: 0x61DCCFCD AB010001 00010001 00100010 00100010 007CD700 3F020200 02000200 02E10663 04000001 00F0223D 162E542F 68656C6C 6F203134 FE2C
178501	1	16	5: 0x0200CF43 8B
178539	1	16	57: 0x61DCBFCD AB100010 00100010 00010001 00010001 007EF700 E30E0301 99100000 02000200 02000200 F0162E22 3D542F68 656C6C6F 203134E9 51
178541	16	1,2,3,4,5	5: 0x0200BFC4 F8
178545	16	1,2,3,4,5	66: 0x61DCD0CD AB020002 00020002 00100010 00100010 007CD700 3F020100 01000100 01E30E03 00991000 00100010 00100010 00F0162E 223D542F 68656C6C 6F203134 E954
178548	2	3,4,5,6,7,8,9,16	5: 0x0200D035 63
178846	6	2,3,7,8,9,12,13	57: 0x61DCF6CD AB020002 00020002 00060006 00060006 007EF500 02010001 00010001 E1066304 0000021E F0223D16 2E542068 656C6C6F 2031330C D8
178848	2	3,4,5,6,7,8,9,16	5: 0x0200F601 27
178874	2	3,4,5,6,7,8,9,16	66: 0x61DC39CD AB100010 00100010 00020002 00020002 007CD500 3F020600 06000600 06020100 01000100 01E10663 04000001 80F0223D 162E5420 68656C6C 6F203133 6DBC
178877	16	1,2,3,4,5	5: 0x020039FA 19
178884	16	1,2,3,4,5	58: 0x61DCD1CD AB010001 00010001 00100010 00100010 007CD700 3E020600 06000600 06E10663 04000001 00F0223D 162E5420 68656C6C 6F203133 161A
178886	1	16	5: 0x0200D1BC 72
178901	1	16	65: 0x61DCC0CD AB100010 00100010 00010001 00010001 007EF700 E3160302 99200000 02000200 02000206 00060006 00060000 F0162E22 3D542068 656C6C6F 203133DF 0B
178904	16	1,2,3,4,5	5: 0x0200C0B4 73
178909	16	1,2,3,4,5	74: 0x61DCD2CD AB020002 00020002 00100010 00100010 007CD700 3F020100 01000100 01E31603 01992000 00100010 00100010 06000600 06000600 00F0162E 223D5420 68656C6C 6F203133 44BA
178912	2	3,4,5,6,7,8,9,16	5: 0x0200D227 40
178952	2	3,4,5,6,7,8,9,16	74: 0x61DC3ACD AB060006 00060006 00020002 00020002 007CD700 3E020100 01000100 01E31603 00992000 00100010 00100010 02000200 02000200 00F0162E 223D5420 68656C6C 6F203133 1A56
178955	6	2,3,7,8,9,12,13	5: 0x02003A61 2B
180429	5	2,3,4,8,9,10,11,16	102: 0x61DCC8CD AB020002 00020002 00050005 00050005 007A333A 9B01FEA4 00F00180 08F00000 FD000000 00000000 02010001 00010001 040E0008 0C000400 00800001 001E003C 081E4040 FFFFFFFF FFFFFFFF 00000000 FD000000 00000000 00000000 00000000 5F54
180433	2	3,4,5,6,7,8,9,16	5: 0x0200C8FC FF
181561	10	3,4,5,7,8,9,11,13,14,15	57: 0x61DC01CD AB050005 00050005 000A000A 000A000A 007EF500 02010001 00010001 E1066304 00000218 F0223D16 2E540F68 656C6C6F 2031344C 81
181563	5	2,3,4,8,9,10,11,16	5: 0x02000131 A4
181583	5	2,3,4,8,9,10,11,16	66: 0x61DCC9CD AB100010 00100010 00050005 00050005 007CD500 3F020A00 0A000A00 0A020100 01000100 01E10663 04000001 80F0223D 162E540F 68656C6C 6F203134 31C1
181586	16	1,2,3,4,5	5: 0x0200C975 EE
181614	16	1,2,3,4,5	58: 0x61DCD3CD AB010001 00010001 00100010 00100010 007CD700 3E020A00 0A000A00 0AE10663 04000001 00F0223D 162E540F 68656C6C 6F203134 0499
181616	1	16	5: 0x0200D3AE 51
181648	1	16	65: 0x61DCC1CD AB100010 00100010 00010001 00010001 007EF700 E3160302 99200000 05000500 0500050A 000A000A 000A0000 F0162E22 3D540F68 656C6C6F 203134EB A4
181651	16	1,2,3,4,5	5: 0x0200C13D 62
181684	16	1,2,3,4,5	74: 0x61DCD4CD AB050005 00050005 00100010 00100010 007CD700 3F020100 01000100 01E31603 01992000 00100010 00100010 0A000A00 0A000A00 00F0162E 223D540F 68656C6C 6F203134 604A
181687	5	2,3,4,8,9,10,11,16	5: 0x0200D411 25
181728	5	2,3,4,8,9,10,11,16	74: 0x61DCCACD AB0A000A 000A000A 00050005 00050005 007CD700 3E020100 01000100 01E31603 00992000 00100010 00100010 05000500 05000500 00F0162E 223D540F 68656C6C 6F203134 FD88
181731	10	3,4,5,7,8,9,11,13,14,15	5: 0x0200CAEE DC
182223	11	4,5,8,9,10,14,15	57: 0x61DC0BCD AB050005 00050005 000B000B 000B000B 007EF500 02010001 00010001 E1066304 0000020F F0223D16 2E540B68 656C6C6F 203134DA 94
182225	5	2,3,4,8,9,10,11,16	5: 0x02000B6B 0B
182260	5	2,3,4,8,9,10,11,16	66: 0x61DCCBCD AB100010 00100010 00050005 00050005 007CD500 3F020B00 0B000B00 0B020100 01000100 01E10663 04000001 80F0223D 162E540B 68656C6C 6F203134 CC21
182263	16	1,2,3,4,5	5: 0x0200CB67 CD
182280	16	1,2,3,4,5	58: 0x61DCD5CD AB010001 00010001 00100010 00100010 007CD700 3E020B00 0B000B00 0BE10663 04000001 00F0223D 162E540B 68656C6C 6F203134 DF31
182282	1	16	5: 0x0200D598 34
182288	1	16	65: 0x61DCC2CD AB100010 00100010 00010001 00010001 007EF700 E3160302 99200000 05000500 0500050B 000B000B 000B0000 F0162E22 3D540B68 656C6C6F 20313462 D6
182291	16	1,2,3,4,5	5: 0x0200C2A6 50
182300	16	1,2,3,4,5	74: 0x61DCD6CD AB050005 00050005 00100010 00100010 007CD700 3F020100 01000100 01E31603 01992000 00100010 00100010 0B000B00 0B000B00 00F0162E 223D540B 68656C6C 6F203134 7898
182303	5	2,3,4,8,9,10,11,16	5: 0x0200D603 06
182308	5	2,3,4,8,9,10,11,16	74: 0x61DCCCCD AB0B000B 000B000B 00050005 00050005 007CD700 3E020100 01000100 01E31603 00992000 00100010 00100010 05000500 05000500 00F0162E 223D540B 68656C6C 6F203134 7130
182311	11	4,5,8,9,10,14,15	5: 0x0200CCD8 B9
182454	9	2,3,4,5,6,7,8,10,11,12,13,14,15	102: 0x61DC60CD AB020002 00020002 00090009 00090009 007A333A 9B01FE05 00F0020F 08F00000 FD000000 00000000 02010001 00010001 040E0008 0C000400 00800001 001E003C 081E4040 FFFFFFFF FFFFFFFF 00000000 FD000000 00000000 00000000 00000000 6B3D
182458	2	3,4,5,6,7,8,9,16	5: 0x020060BE D6
183489	3	2,4,5,6,7,8,9,10,16	57: 0x61DCC2CD AB100010 00100010 00030003 00030003 007EF500 02010001 00010001 E1066304 0000018F F0223D16 2E542A68 656C6C6F 2031356A BE
183491	16	1,2,3,4,5	5: 0x0200C2A6 50
183520	16	1,2,3,4,5	58: 0x61DCD7CD AB010001 00010001 00100010 00100010 007CD700 3F020300 03000300 03E10663 04000001 00F0223D 162E542A 68656C6C 6F203135 B990
183522	1	16	5: 0x0200D78A 17
183550	1	16	57: 0x61DCC3CD AB100010 00100010 00010001 00010001 007EF700 E30E0301 99100000 03000300 03000300 F0162E22 3D542A68 656C6C6F 203135AE E5
183552	16	1,2,3,4,5	5: 0x0200C32F 41
183577	16	1,2,3,4,5	66: 0x61DCD8CD AB030003 00030003 00100010 00100010 007CD700 3F020100 01000100 01E30E03 00991000 00100010 00100010 00F0162E 223D542A 68656C6C 6F203135 C4E0
183580	3	2,4,5,6,7,8,9,10,16	5: 0x0200D87D EF
183851	12	6,7,8,9,13,14,15	102: 0x61DC4CCD AB090009 00090009 000C000C 000C000C 007A333A 9B01FD5B 00F00291 08F00000 FD000000 00000000 02010001 00010001 040E0008 0C000400 00800001 001E003C 081E4040 FFFFFFFF FFFFFFFF 00000000 FD000000 00000000 00000000 00000000 A057
183855	9	2,3,4,5,6,7,8,10,11,12,13,14,15	5: 0x02004CD0 3D
184476	5	2,3,4,8,9,10,11,16	57: 0x61DCCDCD AB100010 00100010 00050005 00050005 007EF500 02010001 00010001 E1066304 00000180 F0223D16 2E542268 656C6C6F 20313507 99
184478	16	1,2,3,4,5	5: 0x0200CD51 A8
184496	16	1,2,3,4,5	58: 0x61DCD9CD AB010001 00010001 00100010 00100010 007CD700 3F020500 05000500 05E10663 04000001 00F0223D 162E5422 68656C6C 6F203135 5980
184498	1	16	5: 0x0200D9F4 FE
184515	1	16	57: 0x61DCC4CD AB100010 00100010 00010001 00010001 007EF700 E30E0301 99100000 05000500 05000500 F0162E22 3D542268 656C6C6F 20313525 5B
184517	16	1,2,3,4,5	5: 0x0200C490 35
184539	16	1,2,3,4,5	66: 0x61DCDACD AB050005 00050005 00100010 00100010 007CD700 3F020100 01000100 01E30E03 00991000 00100010 00100010 00F0162E 223D5422 68656C6C 6F203135 0CCA
184542	5	2,3,4,8,9,10,11,16	5: 0x0200DA6F CC
184691	13	6,7,8,9,10,12,14,15	57: 0x61DC61CD AB080008 00080008 000D000D 000D000D 007EF500 02010001 00010001 E1066304 00000296 F0223D16 2E540568 656C6C6F 20313297 C6
184693	8	2,3,4,5,6,7,9,10,11,12,13,14,15	5: 0x02006137 C7
184733	8	2,3,4,5,6,7,9,10,11,12,13,14,15	66: 0x61DC44CD AB050005 00050005 00080008 00080008 007CD500 3F020D00 0D000D00 0D020100 01000100 01E10663 04000002 00F0223D 162E5405 68656C6C 6F203132 CB17
184736	5	2,3,4,8,9,10,11,16	5: 0x02004498 B1
184763	5	2,3,4,8,9,10,11,16	66: 0x61DCCECD AB100010 00100010 00050005 00050005 007CD500 3E020D00 0D000D00 0D020100 01000100 01E10663 04000001 80F0223D 162E5405 68656C6C 6F203132 44D8
184766	16	1,2,3,4,5	5: 0x0200CECA 9A
184787	16	1,2,3,4,5	58: 0x61DCDBCD AB010001 00010001 00100010 00100010 007CD700 3D020D00 0D000D00 0DE10663 04000001 00F0223D 162E5405 68656C6C 6F203132 B079
184789	1	16	5: 0x0200DBE6 DD
184801	1	16	73: 0x61DCC5CD AB100010 00100010 00010001 00010001 007EF700 E31E0303 99300000 05000500 05000508 00080008 00080D00 0D000D00 0D000000 F0162E22 3D540568 656C6C6F 203132AE F0
184804	16	1,2,3,4,5	5: 0x0200C519 24
184817	16	1,2,3,4,5	82: 0x61DCDCCD AB050005 00050005 00100010 00100010 007CD700 3F020100 01000100 01E31E03 02993000 00100010 00100010 08000800 0800080D 000D000D 000D0000 00F0162E 223D5405 68656C6C 6F203132 5F90
184820	5	2,3,4,8,9,10,11,16	5: 0x0200DC59 A9
184859	5	2,3,4,8,9,10,11,16	82: 0x61DCCFCD AB080008 00080008 00050005 00050005 007CD700 3E020100 01000100 01E31E03 01993000 00100010 00100010 05000500 0500050D 000D000D 000D0000 00F0162E 223D5405 68656C6C 6F203132 3041
184862	8	2,3,4,5,6,7,9,10,11,12,13,14,15	5: 0x0200CF43 8B
184869	8	2,3,4,5,6,7,9,10,11,12,13,14,15	82: 0x61DC45CD AB0D000D 000D000D 00080008 00080008 007CD700 3D020100 01000100 01E31E03 00993000 00100010 00100010 05000500 05000508 00080008 00080000 00F0162E 223D5405 68656C6C 6F203132 3894
184872	13	6,7,8,9,10,12,14,15	5: 0x02004511 A0
185362	7	2,3,4,6,8,9,10,12,13,14	57: 0x61DC9BCD AB020002 00020002 00070007 00070007 007EF500 02010001 00010001 E1066304 00000213 F0223D16 2E541C68 656C6C6F 20313383 C4
185364	2	3,4,5,6,7,8,9,16	5: 0x02009BE2 9F
185395	2	3,4,5,6,7,8,9,16	66: 0x61DC3BCD AB100010 00100010 00020002 00020002 007CD500 3F020700 07000700 07020100 01000100 01E10663 04000001 80F0223D 162E541C 68656C6C 6F203133 F72B
185398	16	1,2,3,4,5	5: 0x02003BE8 3A
185417	16	1,2,3,4,5	58: 0x61DCDDCD AB010001 00010001 00100010 00100010 007CD700 3E020700 07000700 07E10663 04000001 00F0223D 162E541C 68656C6C 6F203133 F2FD
185419	1	16	5: 0x0200DDD0 B8
185432	4	2,3,5,7,8,9,10,11,16	57: 0x61DCF7CD AB100010 00100010 00040004 00040004 007EF500 02010001 00010001 E1066304 0000018F F0223D16 2E542668 656C6C6F 203135D9 16
185434	16	1,2,3,4,5	5: 0x0200F788 36
185449	1	16	65: 0x61DCC6CD AB100010 00100010 00010001 00010001 007EF700 E3160302 99200000 02000200 02000207 00070007 00070000 F0162E22 3D541C68 656C6C6F 2031336C AF
185452	16	1,2,3,4,5	5: 0x0200C682 16
185457	16	1,2,3,4,5	74: 0x61DCDFCD AB020002 00020002 00100010 00100010 007CD700 3F020100 01000100 01E31603 01992000 00100010 00100010 07000700 07000700 00F0162E 223D541C 68656C6C 6F203133 B22E
185460	2	3,4,5,6,7,8,9,16	5: 0x0200DFC2 9B
185467	16	1,2,3,4,5	58: 0x61DCDECD AB010001 00010001 00100010 00100010 007CD700 3F020400 04000400 04E10663 04000001 00F0223D 162E5426 68656C6C 6F203135 DB79
185469	1	16	5: 0x0200DE4B 8A
185481	1	16	57: 0x61DCC7CD AB100010 00100010 00010001 00010001 007EF700 E30E0301 99100000 04000400 04000400 F0162E22 3D542668 656C6C6F 20313597 1D
185483	16	1,2,3,4,5	5: 0x0200C70B 07
185499	2	3,4,5,6,7,8,9,16	74: 0x61DC3CCD AB070007 00070007 00020002 00020002 007CD700 3E020100 01000100 01E31603 00992000 00100010 00100010 02000200 02000200 00F0162E 223D541C 68656C6C 6F203133 F199
185502	7	2,3,4,6,8,9,10,12,13,14	5: 0x02003C57 4E
185517	16	1,2,3,4,5	66: 0x61DCE0CD AB040004 00040004 00100010 00100010 007CD700 3F020100 01000100 01E30E03 00991000 00100010 00100010 00F0162E 223D5426 68656C6C 6F203135 FD96
185520	4	2,3,5,7,8,9,10,11,16	5: 0x0200E0B6 52
186097	8	2,3,4,5,6,7,9,10,11,12,13,14,15	57: 0x61DC46CD AB050005 00050005 00080008 00080008 007EF500 02010001 00010001 E1066304 00000200 F0223D16 2E541768 656C6C6F 20313496 7A
186099	5	2,3,4,8,9,10,11,16	5: 0x0200468A 92
186138	5	2,3,4,8,9,10,11,16	66: 0x61DCD0CD AB100010 00100010 00050005 00050005 007CD500 3F020800 08000800 08020100 01000100 01E10663 04000001 80F0223D 162E5417 68656C6C 6F203134 4B5B
186141	16	1,2,3,4,5	5: 0x0200D035 63
186152	16	1,2,3,4,5	58: 0x61DCE1CD AB010001 00010001 00100010 00100010 007CD700 3E020800 08000800 08E10663 04000001 00F0223D 162E5417 68656C6C 6F203134 550C
186154	1	16	5: 0x0200E13F 43
186183	1	16	65: 0x61DCC8CD AB100010 00100010 00010001 00010001 007EF700 E3160302 99200000 05000500 05000508 00080008 00080000 F0162E22 3D541768 656C6C6F 2031349B 55
186186	16	1,2,3,4,5	5: 0x0200C8FC FF
186222	16	1,2,3,4,5	74: 0x61DCE2CD AB050005 00050005 00100010 00100010 007CD700 3F020100 01000100 01E31603 01992000 00100010 00100010 08000800 08000800 00F0162E 223D5417 68656C6C 6F203134 5A76
186225	5	2,3,4,8,9,10,11,16	5: 0x0200E2A4 71
186249	5	2,3,4,8,9,10,11,16	74: 0x61DCD1CD AB080008 00080008 00050005 00050005 007CD700 3E020100 01000100 01E31603 00992000 00100010 00100010 05000500 05000500 00F0162E 223D5417 68656C6C 6F203134 0414
186252	8	2,3,4,5,6,7,9,10,11,12,13,14,15	5: 0x0200D1BC 72
186689	15	8,9,10,11,12,13,14	57: 0x61DCCFCD AB080008 00080008 000F000F 000F000F 007EF500 02010001 00010001 E1066304 00000296 F0223D16 2E53FC68 656C6C6F 203133E9 BF
186691	8	2,3,4,5,6,7,9,10,11,12,13,14,15	5: 0x0200CF43 8B
186704	8	2,3,4,5,6,7,9,10,11,12,13,14,15	66: 0x61DC47CD AB050005 00050005 00080008 00080008 007CD500 3F020F00 0F000F00 0F020100 01000100 01E10663 04000002 00F0223D 162E53FC 68656C6C 6F203133 591A
186707	5	2,3,4,8,9,10,11,16	5: 0x02004703 83
186738	5	2,3,4,8,9,10,11,16	66: 0x61DCD2CD AB100010 00100010 00050005 00050005 007CD500 3E020F00 0F000F00 0F020100 01000100 01E10663 04000001 80F0223D 162E53FC 68656C6C 6F203133 F386
186741	16	1,2,3,4,5	5: 0x0200D227 40
186756	16	1,2,3,4,5	58: 0x61DCE3CD AB010001 00010001 00100010 00100010 007CD700 3D020F00 0F000F00 0FE10663 04000001 00F0223D 162E53FC 68656C6C 6F203133 B599
186758	1	16	5: 0x0200E32D 60
186773	1	16	73: 0x61DCC9CD AB100010 00100010 00010001 00010001 007EF700 E31E0303 99300000 05000500 05000508 00080008 00080F00 0F000F00 0F000000 F0162E22 3D53FC68 656C6C6F 20313317 31
186776	16	1,2,3,4,5	5: 0x0200C975 EE
186790	16	1,2,3,4,5	82: 0x61DCE4CD AB050005 00050005 00100010 00100010 007CD700 3F020100 01000100 01E31E03 02993000 00100010 00100010 08000800 0800080F 000F000F 000F0000 00F0162E 223D53FC 68656C6C 6F203133 56FD
186793	5	2,3,4,8,9,10,11,16	5: 0x0200E492 14
186809	5	2,3,4,8,9,10,11,16	82: 0x61DCD3CD AB080008 00080008 00050005 00050005 007CD700 3E020100 01000100 01E31E03 01993000 00100010 00100010 05000500 0500050F 000F000F 000F0000 00F0162E 223D53FC 68656C6C 6F203133 FE22
186812	8	2,3,4,5,6,7,9,10,11,12,13,14,15	5: 0x0200D3AE 51
186825	8	2,3,4,5,6,7,9,10,11,12,13,14,15	82: 0x61DC48CD AB0F000F 000F000F 00080008 00080008 007CD700 3D020100 01000100 01E31E03 00993000 00100010 00100010 05000500 05000508 00080008 00080000 00F0162E 223D53FC 68656C6C 6F203133 C375
186828	15	8,9,10,11,12,13,14	5: 0x020048F4 7B
186880	14	7,8,9,10,11,12,13,15	57: 0x61DCA5CD AB080008 00080008 000E000E 000E000E 007EF500 02010001 00010001 E1066304 00000291 F0223D16 2E540068 656C6C6F 203133D9 4C
186882	8	2,3,4,5,6,7,9,10,11,12,13,14,15	5: 0x0200A51F 47
186885	8	2,3,4,5,6,7,9,10,11,12,13,14,15	66: 0x61DC49CD AB050005 00050005 00080008 00080008 007CD500 3F020E00 0E000E00 0E020100 01000100 01E10663 04000002 00F0223D 162E5400 68656C6C 6F203133 6079
186888	5	2,3,4,8,9,10,11,16	5: 0x0200497D 6A
186916	5	2,3,4,8,9,10,11,16	66: 0x61DCD4CD AB100010 00100010 00050005 00050005 007CD500 3E020E00 0E000E00 0E020100 01000100 01E10663 04000001 80F0223D 162E5400 68656C6C 6F203133 7901
186919	16	1,2,3,4,5	5: 0x0200D411 25
186923	16	1,2,3,4,5	58: 0x61DCE5CD AB010001 00010001 00100010 00100010 007CD700 3D020E00 0E000E00 0EE10663 04000001 00F0223D 162E5400 68656C6C 6F203133 48A0
186925	1	16	5: 0x0200E51B 05
186953	1	16	73: 0x61DCCACD AB100010 00100010 00010001 00010001 007EF700 E31E0303 99300000 05000500 05000508 00080008 00080E00 0E000E00 0E000000 F0162E22 3D540068 656C6C6F 203133B6 E3
186956	16	1,2,3,4,5	5: 0x0200CAEE DC
186980	16	1,2,3,4,5	82: 0x61DCE6CD AB050005 00050005 00100010 00100010 007CD700 3F020100 01000100 01E31E03 02993000 00100010 00100010 08000800 0800080E 000E000E 000E0000 00F0162E 223D5400 68656C6C 6F203133 4CDB
186983	5	2,3,4,8,9,10,11,16	5: 0x0200E680 37
187021	5	2,3,4,8,9,10,11,16	82: 0x61DCD5CD AB080008 00080008 00050005 00050005 007CD700 3E020100 01000100 01E31E03 01993000 00100010 00100010 05000500 0500050E 000E000E 000E0000 00F0162E 223D5400 68656C6C 6F203133 694E
187024	8	2,3,4,5,6,7,9,10,11,12,13,14,15	5: 0x0200D598 34
187035	8	2,3,4,5,6,7,9,10,11,12,13,14,15	82: 0x61DC4ACD AB0E000E 000E000E 00080008 00080008 007CD700 3D020100 01000100 01E31E03 00993000 00100010 00100010 05000500 05000508 00080008 00080000 00F0162E 223D5400 68656C6C 6F203133 8AAF
187038	14	7,8,9,10,11,12,13,15	5: 0x02004AE6 58
188381	12	6,7,8,9,13,14,15	57: 0x61DC4DCD AB080008 00080008 000C000C 000C000C 007EF500 02010001 00010001 E1066304 00000291 F0223D16 2E540868 656C6C6F 203133A7 95
188383	8	2,3,4,5,6,7,9,10,11,12,13,14,15	5: 0x02004D59 2C
188404	9	2,3,4,5,6,7,8,10,11,12,13,14,15	57: 0x61DC61CD AB050005 00050005 00090009 00090009 007EF500 02010001 00010001 E1066304 0000020F F0223D16 2E541368 656C6C6F 20313416 0D
188406	5	2,3,4,8,9,10,11,16	5: 0x02006137 C7
188415	8	2,3,4,5,6,7,9,10,11,12,13,14,15	66: 0x61DC4BCD AB050005 00050005 00080008 00080008 007CD500 3F020C00 0C000C00 0C020100 01000100 01E10663 04000002 00F0223D 162E5408 68656C6C 6F203133 FAB9
188418	5	2,3,4,8,9,10,11,16	5: 0x02004B6F 49
188427	5	2,3,4,8,9,10,11,16	66: 0x61DCD6CD AB100010 00100010 00050005 00050005 007CD500 3F020900 09000900 09020100 01000100 01E10663 04000001 80F0223D 162E5413 68656C6C 6F203134 E74D
188430	16	1,2,3,4,5	5: 0x0200D603 06
188435	5	2,3,4,8,9,10,11,16	66: 0x61DCD7CD AB100010 00100010 00050005 00050005 007CD500 3E020C00 0C000C00 0C020100 01000100 01E10663 04000001 80F0223D 162E5408 68656C6C 6F203133 73BE
188438	16	1,2,3,4,5	5: 0x0200D78A 17
188452	16	1,2,3,4,5	58: 0x61DCE7CD AB010001 00010001 00100010 00100010 007CD700 3E020900 09000900 09E10663 04000001 00F0223D 162E5413 68656C6C 6F203134 8EA4
188454	1	16	5: 0x0200E709 26
188474	16	1,2,3,4,5	58: 0x61DCE8CD AB010001 00010001 00100010 00100010 007CD700 3D020C00 0C000C00 0CE10663 04000001 00F0223D 162E5408 68656C6C 6F203133 B6A8
188476	1	16	5: 0x0200E8FE DE
188484	1	16	65: 0x61DCCBCD AB100010 00100010 00010001 00010001 007EF700 E3160302 99200000 05000500 05000509 00090009 00090000 F0162E22 3D541368 656C6C6F 20313412 27
188487	16	1,2,3,4,5	5: 0x0200CB67 CD
188497	1	16	73: 0x61DCCCCD AB100010 00100010 00010001 00010001 007EF700 E31E0303 99300000 05000500 05000508 00080008 00080C00 0C000C00 0C000000 F0162E22 3D540868 656C6C6F 203133B8 64
188500	16	1,2,3,4,5	5: 0x0200CCD8 B9
188518	16	1,2,3,4,5	74: 0x61DCE9CD AB050005 00050005 00100010 00100010 007CD700 3F020100 01000100 01E31603 01992000 00100010 00100010 09000900 09000900 00F0162E 223D5413 68656C6C 6F203134 34DD
188521	5	2,3,4,8,9,10,11,16	5: 0x0200E977 CF
188551	5	2,3,4,8,9,10,11,16	74: 0x61DCD8CD AB090009 00090009 00050005 00050005 007CD700 3E020100 01000100 01E31603 00992000 00100010 00100010 05000500 05000500 00F0162E 223D5413 68656C6C 6F203134 019D
188554	9	2,3,4,5,6,7,8,10,11,12,13,14,15	5: 0x0200D87D EF
188560	16	1,2,3,4,5	82: 0x61DCEACD AB050005 00050005 00100010 00100010 007CD700 3F020100 01000100 01E31E03 02993000 00100010 00100010 08000800 0800080C 000C000C 000C0000 00F0162E 223D5408 68656C6C 6F203133 3F28
188563	5	2,3,4,8,9,10,11,16	5: 0x0200EAEC FD
188589	5	2,3,4,8,9,10,11,16	82: 0x61DCD9CD AB080008 00080008 00050005 00050005 007CD700 3E020100 01000100 01E31E03 01993000 00100010 00100010 05000500 0500050C 000C000C 000C0000 00F0162E 223D5408 68656C6C 6F203133 1ABD
188592	8	2,3,4,5,6,7,9,10,11,12,13,14,15	5: 0x0200D9F4 FE
188599	8	2,3,4,5,6,7,9,10,11,12,13,14,15	82: 0x61DC4CCD AB0C000C 000C000C 00080008 00080008 007CD700 3D020100 01000100 01E31E03 00993000 00100010 00100010 05000500 05000508 00080008 00080000 00F0162E 223D5408 68656C6C 6F203133 1A98
188602	12	6,7,8,9,13,14,15	5: 0x02004CD0 3D
189005	6	2,3,7,8,9,12,13	57: 0x61DCF7CD AB020002 00020002 00060006 00060006 007EF500 02010001 00010001 E1066304 0000021B F0223D16 2E541F68 656C6C6F 20313427 50
189007	2	3,4,5,6,7,8,9,16	5: 0x0200F788 36
189045	2	3,4,5,6,7,8,9,16	66: 0x61DC3DCD AB100010 00100010 00020002 00020002 007CD500 3F020600 06000600 06020100 01000100 01E10663 04000001 80F0223D 162E541F 68656C6C 6F203134 06A0
189048	16	1,2,3,4,5	5: 0x02003DDE 5F
189068	16	1,2,3,4,5	58: 0x61DCEBCD AB010001 00010001 00100010 00100010 007CD700 3E020600 06000600 06E10663 04000001 00F0223D 162E541F 68656C6C 6F203134 3B8E
189070	1	16	5: 0x0200EB65 EC
189090	1	16	65: 0x61DCCDCD AB100010 00100010 00010001 00010001 007EF700 E3160302 99200000 02000200 02000206 00060006 00060000 F0162E22 3D541F68 656C6C6F 2031346B E5
189093	16	1,2,3,4,5	5: 0x0200CD51 A8
189115	16	1,2,3,4,5	74: 0x61DCECCD AB020002 00020002 00100010 00100010 007CD700 3F020100 01000100 01E31603 01992000 00100010 00100010 06000600 06000600 00F0162E 223D541F 68656C6C 6F203134 0FAE
189118	2	3,4,5,6,7,8,9,16	5: 0x0200ECDA 98
189132	2	3,4,5,6,7,8,9,16	74: 0x61DC3ECD AB060006 00060006 00020002 00020002 007CD700 3E020100 01000100 01E31603 00992000 00100010 00100010 02000200 02000200 00F0162E 223D541F 68656C6C 6F203134 8ACC
189135	6	2,3,7,8,9,12,13	5: 0x02003E45 6D
189145	2	3,4,5,6,7,8,9,16	57: 0x61DC3FCD AB100010 00100010 00020002 00020002 007EF500 02010001 00010001 E1066304 00000180 F0223D16 2E542E68 656C6C6F 203135BE D8
189147	16	1,2,3,4,5	5: 0x02003FCC 7C
189186	16	1,2,3,4,5	58: 0x61DCEDCD AB010001 00010001 00100010 00100010 007CD700 3F020200 02000200 02E10663 04000001 00F0223D 162E542E 68656C6C 6F203135 B2A9
189188	1	16	5: 0x0200ED53 89
189207	1	16	57: 0x61DCCECD AB100010 00100010 00010001 00010001 007EF700 E30E0301 99100000 02000200 02000200 F0162E22 3D542E68 656C6C6F 2031350A 39
189209	16	1,2,3,4,5	5: 0x0200CECA 9A
189212	16	1,2,3,4,5	66: 0x61DCEECD AB020002 00020002 00100010 00100010 007CD700 3F020100 01000100 01E30E03 00991000 00100010 00100010 00F0162E 223D542E 68656C6C 6F203135 D7AE
189215	2	3,4,5,6,7,8,9,16	5: 0x0200EEC8 BB
190549	10	3,4,5,7,8,9,11,13,14,15	57: 0x61DC02CD AB050005 00050005 000A000A 000A000A 007EF500 02010001 00010001 E1066304 00000215 F0223D16 2E540E68 656C6C6F 2031353A 6F
190551	5	2,3,4,8,9,10,11,16	5: 0x020002AA 96
190577	5	2,3,4,8,9,10,11,16	66: 0x61DCDACD AB100010 00100010 00050005 00050005 007CD500 3F020A00 0A000A00 0A020100 01000100 01E10663 04000001 80F0223D 162E540E 68656C6C 6F203135 82DC
190580	16	1,2,3,4,5	5: 0x0200DA6F CC
190616	16	1,2,3,4,5	58: 0x61DCEFCD AB010001 00010001 00100010 00100010 007CD700 3E020A00 0A000A00 0AE10663 04000001 00F0223D 162E540E 68656C6C 6F203135 A054
190618	1	16	5: 0x0200EF41 AA
190624	6	2,3,7,8,9,12,13	102: 0x61DCF8CD AB030003 00030003 00060006 00060006 007A333A 9B01FE04 00F00218 08F00000 FD000000 00000000 02010001 00010001 040E0008 0C000400 00800001 001E003C 081E4040 FFFFFFFF FFFFFFFF 00000000 FD000000 00000000 00000000 00000000 136B
190628	3	2,4,5,6,7,8,9,10,16	5: 0x0200F87F CE
190652	1	16	65: 0x61DCCFCD AB100010 00100010 00010001 00010001 007EF700 E3160302 99200000 05000500 0500050A 000A000A 000A0000 F0162E22 3D540E68 656C6C6F 203135D5 64
190655	16	1,2,3,4,5	5: 0x0200CF43 8B
190665	16	1,2,3,4,5	74: 0x61DCF0CD AB050005 00050005 00100010 00100010 007CD700 3F020100 01000100 01E31603 01992000 00100010 00100010 0A000A00 0A000A00 00F0162E 223D540E 68656C6C 6F203135 DDFB
190668	5	2,3,4,8,9,10,11,16	5: 0x0200F037 42
190708	5	2,3,4,8,9,10,11,16	74: 0x61DCDBCD AB0A000A 000A000A 00050005 00050005 007CD700 3E020100 01000100 01E31603 00992000 00100010 00100010 05000500 05000500 00F0162E 223D540E 68656C6C 6F203135 1286
190711	10	3,4,5,7,8,9,11,13,14,15	5: 0x0200DBE6 DD
192356	8	2,3,4,5,6,7,9,10,11,12,13,14,15	102: 0x61DC4DCD AB040004 00040004 00080008 00080008 007A333A 9B01FE10 00F00200 08F00000 FD000000 00000000 02010001 00010001 040E0008 0C000400 00800001 001E003C 081E4040 FFFFFFFF FFFFFFFF 00000000 FD000000 00000000 00000000 00000000 4791
192360	4	2,3,5,7,8,9,10,11,16	5: 0x02004D59 2C
192843	14	7,8,9,10,11,12,13,15	102: 0x61DCA6CD AB0B000B 000B000B 000E000E 000E000E 007A333A 9B01FD4D 00F0028F 08F00000 FD000000 00000000 02010001 00010001 040E0008 0C000400 00800001 001E003C 081E4040 FFFFFFFF FFFFFFFF 00000000 FD000000 00000000 00000000 00000000 260F
192847	11	4,5,8,9,10,14,15	5: 0x0200A684 75
193122	11	4,5,8,9,10,14,15	57: 0x61DC0CCD AB050005 00050005 000B000B 000B000B 007EF500 02010001 00010001 E1066304 0000020D F0223D16 2E540A68 656C6C6F 20313594 91
193124	5	2,3,4,8,9,10,11,16	5: 0x02000CD4 7F
193150	5	2,3,4,8,9,10,11,16	66: 0x61DCDCCD AB100010 00100010 00050005 00050005 007CD500 3F020B00 0B000B00 0B020100 01000100 01E10663 04000001 80F0223D 162E540A 68656C6C 6F203135 2ECA
193153	16	1,2,3,4,5	5: 0x0200DC59 A9
193172	16	1,2,3,4,5	58: 0x61DCF1CD AB010001 00010001 00100010 00100010 007CD700 3E020B00 0B000B00 0BE10663 04000001 00F0223D 162E540A 68656C6C 6F203135 545B
193174	1	16	5: 0x0200F1BE 53
193190	1	16	65: 0x61DCD0CD AB100010 00100010 00010001 00010001 007EF700 E3160302 99200000 05000500 0500050B 000B000B 000B0000 F0162E22 3D540A68 656C6C6F 203135D9 26
193193	16	1,2,3,4,5	5: 0x0200D035 63
193211	16	1,2,3,4,5	74: 0x61DCF2CD AB050005 00050005 00100010 00100010 007CD700 3F020100 01000100 01E31603 01992000 00100010 00100010 0B000B00 0B000B00 00F0162E 223D540A 68656C6C 6F203135 C529
193214	5	2,3,4,8,9,10,11,16	5: 0x0200F225 61
193226	5	2,3,4,8,9,10,11,16	74: 0x61DCDDCD AB0B000B 000B000B 00050005 00050005 007CD700 3E020100 01000100 01E31603 00992000 00100010 00100010 05000500 05000500 00F0162E 223D540A 68656C6C 6F203135 9E3E
193229	11	4,5,8,9,10,14,15	5: 0x0200DDD0 B8
193510	3	2,4,5,6,7,8,9,10,16	57: 0x61DCC3CD AB100010 00100010 00030003 00030003 007EF500 02010001 00010001 E1066304 0000018D F0223D16 2E542968 656C6C6F 203136A4 8A
193512	16	1,2,3,4,5	5: 0x0200C32F 41
193547	16	1,2,3,4,5	58: 0x61DCF3CD AB010001 00010001 00100010 00100010 007CD700 3F020300 03000300 03E10663 04000001 00F0223D 162E5429 68656C6C 6F203136 DA42
193549	1	16	5: 0x0200F3AC 70
193577	1	16	57: 0x61DCD1CD AB100010 00100010 00010001 00010001 007EF700 E30E0301 99100000 03000300 03000300 F0162E22 3D542968 656C6C6F 20313619 A7
193579	16	1,2,3,4,5	5: 0x0200D1BC 72
193601	16	1,2,3,4,5	66: 0x61DCF4CD AB030003 00030003 00100010 00100010 007CD700 3F020100 01000100 01E30E03 00991000 00100010 00100010 00F0162E 223D5429 68656C6C 6F203136 459C
193604	3	2,4,5,6,7,8,9,10,16	5: 0x0200F413 04
194360	13	6,7,8,9,10,12,14,15	57: 0x61DC62CD AB080008 00080008 000D000D 000D000D 007EF500 02010001 00010001 E1066304 00000293 F0223D16 2E540468 656C6C6F 20313325 78
194362	8	2,3,4,5,6,7,9,10,11,12,13,14,15	5: 0x020062AC F5
194372	8	2,3,4,5,6,7,9,10,11,12,13,14,15	66: 0x61DC4ECD AB050005 00050005 00080008 00080008 007CD500 3F020D00 0D000D00 0D020100 01000100 01E10663 04000002 00F0223D 162E5404 68656C6C 6F203133 2C50
194375	5	2,3,4,8,9,10,11,16	5: 0x02004EC2 1E
194389	5	2,3,4,8,9,10,11,16	66: 0x61DCDECD AB100010 00100010 00050005 00050005 007CD500 3E020D00 0D000D00 0D020100 01000100 01E10663 04000001 80F0223D 162E5404 68656C6C 6F203133 4745
194392	16	1,2,3,4,5	5: 0x0200DE4B 8A
194397	16	1,2,3,4,5	58: 0x61DCF5CD AB010001 00010001 00100010 00100010 007CD700 3D020D00 0D000D00 0DE10663 04000001 00F0223D 162E5404 68656C6C 6F203133 632B
194399	1	16	5: 0x0200F59A 15
194407	1	16	73: 0x61DCD2CD AB100010 00100010 00010001 00010001 007EF700 E31E0303 99300000 05000500 05000508 00080008 00080D00 0D000D00 0D000000 F0162E22 3D540468 656C6C6F 20313360 19
194410	16	1,2,3,4,5	5: 0x0200D227 40
194431	16	1,2,3,4,5	82: 0x61DCF6CD AB050005 00050005 00100010 00100010 007CD700 3F020100 01000100 01E31E03 02993000 00100010 00100010 08000800 0800080D 000D000D 000D0000 00F0162E 223D5404 68656C6C 6F203133 35BC
194434	5	2,3,4,8,9,10,11,16	5: 0x0200F601 27
194470	5	2,3,4,8,9,10,11,16	82: 0x61DCDFCD AB080008 00080008 00050005 00050005 007CD700 3E020100 01000100 01E31E03 01993000 00100010 00100010 05000500 0500050D 000D000D 000D0000 00F0162E 223D5404 68656C6C 6F203133 613F
194473	8	2,3,4,5,6,7,9,10,11,12,13,14,15	5: 0x0200DFC2 9B
194487	8	2,3,4,5,6,7,9,10,11,12,13,14,15	82: 0x61DC4FCD AB0D000D 000D000D 00080008 00080008 007CD700 3D020100 01000100 01E31E03 00993000 00100010 00100010 05000500 05000508 00080008 00080000 00F0162E 223D5404 68656C6C 6F203133 18FC
194490	13	6,7,8,9,10,12,14,15	5: 0x02004F4B 0F
195194	5	2,3,4,8,9,10,11,16	57: 0x61DCE0CD AB100010 00100010 00050005 00050005 007EF500 02010001 00010001 E1066304 00000180 F0223D16 2E542168 656C6C6F 203136C1 EE
195196	16	1,2,3,4,5	5: 0x0200E0B6 52
195199	16	1,2,3,4,5	58: 0x61DCF7CD AB010001 00010001 00100010 00100010 007CD700 3F020500 05000500 05E10663 04000001 00F0223D 162E5421 68656C6C 6F203136 626A
195202	1	16	5: 0x0200F788 36
195223	1	16	57: 0x61DCD3CD AB100010 00100010 00010001 00010001 007EF700 E30E0301 99100000 05000500 05000500 F0162E22 3D542168 656C6C6F 2031364E D4
195225	16	1,2,3,4,5	5: 0x0200D3AE 51
195232	16	1,2,3,4,5	66: 0x61DCF8CD AB050005 00050005 00100010 00100010 007CD700 3F020100 01000100 01E30E03 00991000 00100010 00100010 00F0162E 223D5421 68656C6C 6F203136 4F5B
195235	5	2,3,4,8,9,10,11,16	5: 0x0200F87F CE
195457	7	2,3,4,6,8,9,10,12,13,14	57: 0x61DC9CCD AB020002 00020002 00070007 00070007 007EF500 02010001 00010001 E1066304 00000211 F0223D16 2E541B68 656C6C6F 203134E4 00
195459	2	3,4,5,6,7,8,9,16	5: 0x02009C5D EB
195501	2	3,4,5,6,7,8,9,16	66: 0x61DC40CD AB100010 00100010 00020002 00020002 007CD500 3F020700 07000700 07020100 01000100 01E10663 04000001 80F0223D 162E541B 68656C6C 6F203134 CE84
195504	16	1,2,3,4,5	5: 0x020040BC F7
195529	16	1,2,3,4,5	58: 0x61DCF9CD AB010001 00010001 00100010 00100010 007CD700 3E020700 07000700 07E10663 04000001 00F0223D 162E541B 68656C6C 6F203134 5056
195531	1	16	5: 0x0200F9F6 DF
195546	1	16	65: 0x61DCD4CD AB100010 00100010 00010001 00010001 007EF700 E3160302 99200000 02000200 02000207 00070007 00070000 F0162E22 3D541B68 656C6C6F 203134FE 9E
195549	16	1,2,3,4,5	5: 0x0200D411 25
195569	16	1,2,3,4,5	74: 0x61DCFACD AB020002 00020002 00100010 00100010 007CD700 3F020100 01000100 01E31603 01992000 00100010 00100010 07000700 07000700 00F0162E 223D541B 68656C6C 6F203134 04C6
195572	2	3,4,5,6,7,8,9,16	5: 0x0200FA6D ED
195584	2	3,4,5,6,7,8,9,16	74: 0x61DC41CD AB070007 00070007 00020002 00020002 007CD700 3E020100 01000100 01E31603 00992000 00100010 00100010 02000200 02000200 00F0162E 223D541B 68656C6C 6F203134 7D68
195587	7	2,3,4,6,8,9,10,12,13,14	5: 0x02004135 E6
196055	14	7,8,9,10,11,12,13,15	57: 0x61DCA7CD AB080008 00080008 000E000E 000E000E 007EF500 02010001 00010001 E1066304 0000028F F0223D16 2E53FF68 656C6C6F 2031346A 0D
196057	8	2,3,4,5,6,7,9,10,11,12,13,14,15	5: 0x0200A70D 64
196096	8	2,3,4,5,6,7,9,10,11,12,13,14,15	66: 0x61DC50CD AB050005 00050005 00080008 00080008 007CD500 3F020E00 0E000E00 0E020100 01000100 01E10663 04000002 00F0223D 162E53FF 68656C6C 6F203134 4F2F
196099	5	2,3,4,8,9,10,11,16	5: 0x0200503D E7
196103	5	2,3,4,8,9,10,11,16	66: 0x61DCE1CD AB100010 00100010 00050005 00050005 007CD500 3E020E00 0E000E00 0E020100 01000100 01E10663 04000001 80F0223D 162E53FF 68656C6C 6F203134 4BCF
196106	16	1,2,3,4,5	5: 0x0200E13F 43
196143	16	1,2,3,4,5	58: 0x61DCFBCD AB010001 00010001 00100010 00100010 007CD700 3D020E00 0E000E00 0EE10663 04000001 00F0223D 162E53FF 68656C6C 6F203134 DBE4
196145	1	16	5: 0x0200FBE4 FC
196163	1	16	73: 0x61DCD5CD AB100010 00100010 00010001 00010001 007EF700 E31E0303 99300000 05000500 05000508 00080008 00080E00 0E000E00 0E000000 F0162E22 3D53FF68 656C6C6F 203134F1 30
196166	16	1,2,3,4,5	5: 0x0200D598 34
196169	16	1,2,3,4,5	82: 0x61DCFCCD AB050005 00050005 00100010 00100010 007CD700 3F020100 01000100 01E31E03 02993000 00100010 00100010 08000800 0800080E 000E000E 000E0000 00F0162E 223D53FF 68656C6C 6F203134 46C1
196172	5	2,3,4,8,9,10,11,16	5: 0x0200FC5B 88
196205	5	2,3,4,8,9,10,11,16	82: 0x61DCE2CD AB080008 00080008 00050005 00050005 007CD700 3E020100 01000100 01E31E03 01993000 00100010 00100010 05000500 0500050E 000E000E 000E0000 00F0162E 223D53FF 68656C6C 6F203134 199F
196208	8	2,3,4,5,6,7,9,10,11,12,13,14,15	5: 0x0200E2A4 71
196245	8	2,3,4,5,6,7,9,10,11,12,13,14,15	82: 0x61DC51CD AB0E000E 000E000E 00080008 00080008 007CD700 3D020100 01000100 01E31E03 00993000 00100010 00100010 05000500 05000508 00080008 00080000 00F0162E 223D53FF 68656C6C 6F203134 27E5
196248	14	7,8,9,10,11,12,13,15	5: 0x020051B4 F6
196315	4	2,3,5,7,8,9,10,11,16	57: 0x61DCF8CD AB100010 00100010 00040004 00040004 007EF500 02010001 00010001 E1066304 0000018D F0223D16 2E542568 656C6C6F 20313601 B8
196317	16	1,2,3,4,5	5: 0x0200F87F CE
196323	16	1,2,3,4,5	58: 0x61DCFDCD AB010001 00010001 00100010 00100010 007CD700 3F020400 04000400 04E10663 04000001 00F0223D 162E5425 68656C6C 6F203136 2615
196325	1	16	5: 0x0200FDD2 99
196338	1	16	57: 0x61DCD6CD AB100010 00100010 00010001 00010001 007EF700 E30E0301 99100000 04000400 04000400 F0162E22 3D542568 656C6C6F 20313694 1B
196340	16	1,2,3,4,5	5: 0x0200D603 06
196372	16	1,2,3,4,5	66: 0x61DCFECD AB040004 00040004 00100010 00100010 007CD700 3F020100 01000100 01E30E03 00991000 00100010 00100010 00F0162E 223D5425 68656C6C 6F203136 D45E
196375	4	2,3,5,7,8,9,10,11,16	5: 0x0200FE49 AB
196540	8	2,3,4,5,6,7,9,10,11,12,13,14,15	57: 0x61DC52CD AB050005 00050005 00080008 00080008 007EF500 02010001 00010001 E1066304 00000200 F0223D16 2E541668 656C6C6F 203135A1 09
196542	5	2,3,4,8,9,10,11,16	5: 0x0200522F C4
196571	5	2,3,4,8,9,10,11,16	66: 0x61DCE3CD AB100010 00100010 00050005 00050005 007CD500 3F020800 08000800 08020100 01000100 01E10663 04000001 80F0223D 162E5416 68656C6C 6F203135 07CC
196574	16	1,2,3,4,5	5: 0x0200E32D 60
196605	16	1,2,3,4,5	58: 0x61DCFFCD AB010001 00010001 00100010 00100010 007CD700 3E020800 08000800 08E10663 04000001 00F0223D 162E5416 68656C6C 6F203135 C918
196607	1	16	5: 0x0200FFC0 BA
196621	1	16	65: 0x61DCD7CD AB100010 00100010 00010001 00010001 007EF700 E3160302 99200000 05000500 05000508 00080008 00080000 F0162E22 3D541668 656C6C6F 203135AE A1
196624	16	1,2,3,4,5	5: 0x0200D78A 17
196646	16	1,2,3,4,5	74: 0x61DC00CD AB050005 00050005 00100010 00100010 007CD700 3F020100 01000100 01E31603 01992000 00100010 00100010 08000800 08000800 00F0162E 223D5416 68656C6C 6F203135 61D8
196649	5	2,3,4,8,9,10,11,16	5: 0x020000B8 B5
196654	5	2,3,4,8,9,10,11,16	74: 0x61DCE4CD AB080008 00080008 00050005 00050005 007CD700 3E020100 01000100 01E31603 00992000 00100010 00100010 05000500 05000500 00F0162E 223D5416 68656C6C 6F203135 22F7
196657	8	2,3,4,5,6,7,9,10,11,12,13,14,15	5: 0x0200E492 14
197298	15	8,9,10,11,12,13,14	57: 0x61DCD0CD AB080008 00080008 000F000F 000F000F 007EF500 02010001 00010001 E1066304 00000293 F0223D16 2E53FB68 656C6C6F 2031344F FC
197300	8	2,3,4,5,6,7,9,10,11,12,13,14,15	5: 0x0200D035 63
197311	8	2,3,4,5,6,7,9,10,11,12,13,14,15	66: 0x61DC53CD AB050005 00050005 00080008 00080008 007CD500 3F020F00 0F000F00 0F020100 01000100 01E10663 04000002 00F0223D 162E53FB 68656C6C 6F203134 22B0
197314	5	2,3,4,8,9,10,11,16	5: 0x020053A6 D5
197330	5	2,3,4,8,9,10,11,16	66: 0x61DCE5CD AB100010 00100010 00050005 00050005 007CD500 3E020F00 0F000F00 0F020100 01000100 01E10663 04000001 80F0223D 162E53FB 68656C6C 6F203134 C726
197333	16	1,2,3,4,5	5: 0x0200E51B 05
197358	16	1,2,3,4,5	58: 0x61DC01CD AB010001 00010001 00100010 00100010 007CD700 3D020F00 0F000F00 0FE10663 04000001 00F0223D 162E53FB 68656C6C 6F203134 FDCC
197360	1	16	5: 0x02000131 A4
197378	1	16	73: 0x61DCD8CD AB100010 00100010 00010001 00010001 007EF700 E31E0303 99300000 05000500 05000508 00080008 00080F00 0F000F00 0F000000 F0162E22 3D53FB68 656C6C6F 2031341A B2
197381	16	1,2,3,4,5	5: 0x0200D87D EF
197392	16	1,2,3,4,5	82: 0x61DC02CD AB050005 00050005 00100010 00100010 007CD700 3F020100 01000100 01E31E03 02993000 00100010 00100010 08000800 0800080F 000F000F 000F0000 00F0162E 223D53FB 68656C6C 6F203134 2F5E
197395	5	2,3,4,8,9,10,11,16	5: 0x020002AA 96
197428	5	2,3,4,8,9,10,11,16	82: 0x61DCE6CD AB080008 00080008 00050005 00050005 007CD700 3E020100 01000100 01E31E03 01993000 00100010 00100010 05000500 0500050F 000F000F 000F0000 00F0162E 223D53FB 68656C6C 6F203134 E6C3
197431	8	2,3,4,5,6,7,9,10,11,12,13,14,15	5: 0x0200E680 37
197434	8	2,3,4,5,6,7,9,10,11,12,13,14,15	82: 0x61DC54CD AB0F000F 000F000F 00080008 00080008 007CD700 3D020100 01000100 01E31E03 00993000 00100010 00100010 05000500 05000508 00080008 00080000 00F0162E 223D53FB 68656C6C 6F203134 2C15
197438	15	8,9,10,11,12,13,14	5: 0x02005419 A1
198851	12	6,7,8,9,13,14,15	57: 0x61DC4ECD AB080008 00080008 000C000C 000C000C 007EF500 02010001 00010001 E1066304 0000028F F0223D16 2E540768 656C6C6F 2031349B FE
198853	8	2,3,4,5,6,7,9,10,11,12,13,14,15	5: 0x02004EC2 1E
198896	8	2,3,4,5,6,7,9,10,11,12,13,14,15	66: 0x61DC55CD AB050005 00050005 00080008 00080008 007CD500 3F020C00 0C000C00 0C020100 01000100 01E10663 04000002 00F0223D 162E5407 68656C6C 6F203134 D877
198899	5	2,3,4,8,9,10,11,16	5: 0x02005590 B0
198941	5	2,3,4,8,9,10,11,16	66: 0x61DCE7CD AB100010 00100010 00050005 00050005 007CD500 3E020C00 0C000C00 0C020100 01000100 01E10663 04000001 80F0223D 162E5407 68656C6C 6F203134 6C17
198944	16	1,2,3,4,5	5: 0x0200E709 26
198947	16	1,2,3,4,5	58: 0x61DC03CD AB010001 00010001 00100010 00100010 007CD700 3D020C00 0C000C00 0CE10663 04000001 00F0223D 162E5407 68656C6C 6F203134 8749
198949	1	16	5: 0x02000323 87
198980	1	16	73: 0x61DCD9CD AB100010 00100010 00010001 00010001 007EF700 E31E0303 99300000 05000500 05000508 00080008 00080C00 0C000C00 0C000000 F0162E22 3D540768 656C6C6F 2031343C AD
198983	16	1,2,3,4,5	5: 0x0200D9F4 FE
199000	16	1,2,3,4,5	82: 0x61DC04CD AB050005 00050005 00100010 00100010 007CD700 3F020100 01000100 01E31E03 02993000 00100010 00100010 08000800 0800080C 000C000C 000C0000 00F0162E 223D5407 68656C6C 6F203134 9661
199003	5	2,3,4,8,9,10,11,16	5: 0x0200049C F3
199043	5	2,3,4,8,9,10,11,16	82: 0x61DCE8CD AB080008 00080008 00050005 00050005 007CD700 3E020100 01000100 01E31E03 01993000 00100010 00100010 05000500 0500050C 000C000C 000C0000 00F0162E 223D5407 68656C6C 6F203134 4569
199046	8	2,3,4,5,6,7,9,10,11,12,13,14,15	5: 0x0200E8FE DE
199073	8	2,3,4,5,6,7,9,10,11,12,13,14,15	82: 0x61DC56CD AB0C000C 000C000C 00080008 00080008 007CD700 3D020100 01000100 01E31E03 00993000 00100010 00100010 05000500 05000508 00080008 00080000 00F0162E 223D5407 68656C6C 6F203134 FC6C
199076	12	6,7,8,9,13,14,15	5: 0x0200560B 82
199125	9	2,3,4,5,6,7,8,10,11,12,13,14,15	57: 0x61DC62CD AB050005 00050005 00090009 00090009 007EF500 02010001 00010001 E1066304 0000020D F0223D16 2E541268 656C6C6F 203135E7 01
199127	5	2,3,4,8,9,10,11,16	5: 0x020062AC F5
199148	5	2,3,4,8,9,10,11,16	66: 0x61DCE9CD AB100010 00100010 00050005 00050005 007CD500 3F020900 09000900 09020100 01000100 01E10663 04000001 80F0223D 162E5412 68656C6C 6F203135 49C8
199151	16	1,2,3,4,5	5: 0x0200E977 CF
199161	16	1,2,3,4,5	58: 0x61DC05CD AB010001 00010001 00100010 00100010 007CD700 3E020900 09000900 09E10663 04000001 00F0223D 162E5412 68656C6C 6F203135 EF30
199163	1	16	5: 0x02000515 E2
199197	6	2,3,7,8,9,12,13	57: 0x61DCF9CD AB020002 00020002 00060006 00060006 007EF500 02010001 00010001 E1066304 00000218 F0223D16 2E541E68 656C6C6F 20313564 0C
199199	2	3,4,5,6,7,8,9,16	5: 0x0200F9F6 DF
199206	1	16	65: 0x61DCDACD AB100010 00100010 00010001 00010001 007EF700 E3160302 99200000 05000500 05000509 00090009 00090000 F0162E22 3D541268 656C6C6F 2031356D 4F
199209	16	1,2,3,4,5	5: 0x0200DA6F CC
199225	2	3,4,5,6,7,8,9,16	66: 0x61DC42CD AB100010 00100010 00020002 00020002 007CD500 3F020600 06000600 06020100 01000100 01E10663 04000001 80F0223D 162E541E 68656C6C 6F203135 4738
199228	16	1,2,3,4,5	5: 0x020042AE D4
199252	16	1,2,3,4,5	58: 0x61DC07CD AB010001 00010001 00100010 00100010 007CD700 3E020600 06000600 06E10663 04000001 00F0223D 162E541E 68656C6C 6F203135 776F
199254	1	16	5: 0x02000707 C1
199266	16	1,2,3,4,5	74: 0x61DC06CD AB050005 00050005 00100010 00100010 007CD700 3F020100 01000100 01E31603 01992000 00100010 00100010 09000900 09000900 00F0162E 223D5412 68656C6C 6F203135 D37A
199269	5	2,3,4,8,9,10,11,16	5: 0x0200068E D0
199283	1	16	65: 0x61DCDBCD AB100010 00100010 00010001 00010001 007EF700 E3160302 99200000 02000200 02000206 00060006 00060000 F0162E22 3D541E68 656C6C6F 20313531 C3
199286	16	1,2,3,4,5	5: 0x0200DBE6 DD
199308	5	2,3,4,8,9,10,11,16	74: 0x61DCEACD AB090009 00090009 00050005 00050005 007CD700 3E020100 01000100 01E31603 00992000 00100010 00100010 05000500 05000500 00F0162E 223D5412 68656C6C 6F203135 FAAE
199311	9	2,3,4,5,6,7,8,10,11,12,13,14,15	5: 0x0200EAEC FD
199319	16	1,2,3,4,5	74: 0x61DC08CD AB020002 00020002 00100010 00100010 007CD700 3F020100 01000100 01E31603 01992000 00100010 00100010 06000600 06000600 00F0162E 223D541E 68656C6C 6F203135 CB48
199322	2	3,4,5,6,7,8,9,16	5: 0x020008F0 39
199360	2	3,4,5,6,7,8,9,16	74: 0x61DC43CD AB060006 00060006 00020002 00020002 007CD700 3E020100 01000100 01E31603 00992000 00100010 00100010 02000200 02000200 00F0162E 223D541E 68656C6C 6F203135 2FFC
199363	6	2,3,7,8,9,12,13	5: 0x02004327 C5
199755	2	3,4,5,6,7,8,9,16	57: 0x61DC44CD AB100010 00100010 00020002 00020002 007EF500 02010001 00010001 E1066304 00000180 F0223D16 2E542D68 656C6C6F 2031361C 9B
199757	16	1,2,3,4,5	5: 0x02004498 B1
199761	16	1,2,3,4,5	58: 0x61DC09CD AB010001 00010001 00100010 00100010 007CD700 3F020200 02000200 02E10663 04000001 00F0223D 162E542D 68656C6C 6F203136 FC6A
199763	1	16	5: 0x02000979 28
199791	1	16	57: 0x61DCDCCD AB100010 00100010 00010001 00010001 007EF700 E30E0301 99100000 02000200 02000200 F0162E22 3D542D68 656C6C6F 203136BD 7B
199793	16	1,2,3,4,5	5: 0x0200DC59 A9
199832	16	1,2,3,4,5	66: 0x61DC0ACD AB020002 00020002 00100010 00100010 007CD700 3F020100 01000100 01E30E03 00991000 00100010 00100010 00F0162E 223D542D 68656C6C 6F203136 D410
199835	2	3,4,5,6,7,8,9,16	5: 0x02000AE2 1A
201231	10	3,4,5,7,8,9,11,13,14,15	57: 0x61DC03CD AB050005 00050005 000A000A 000A000A 007EF500 02010001 00010001 E1066304 00000212 F0223D16 2E540D68 656C6C6F 20313686 FD
201233	5	2,3,4,8,9,10,11,16	5: 0x02000323 87
201263	5	2,3,4,8,9,10,11,16	66: 0x61DCEBCD AB100010 00100010 00050005 00050005 007CD500 3F020A00 0A000A00 0A020100 01000100 01E10663 04000001 80F0223D 162E540D 68656C6C 6F203136 060C
201266	16	1,2,3,4,5	5: 0x0200EB65 EC
201275	16	1,2,3,4,5	58: 0x61DC0BCD AB010001 00010001 00100010 00100010 007CD700 3E020A00 0A000A00 0AE10663 04000001 00F0223D 162E540D 68656C6C 6F203136 EE97
201277	1	16	5: 0x02000B6B 0B
201318	1	16	65: 0x61DCDDCD AB100010 00100010 00010001 00010001 007EF700 E3160302 99200000 05000500 0500050A 000A000A 000A0000 F0162E22 3D540D68 656C6C6F 20313686 2C
201321	16	1,2,3,4,5	5: 0x0200DDD0 B8
201329	16	1,2,3,4,5	74: 0x61DC0CCD AB050005 00050005 00100010 00100010 007CD700 3F020100 01000100 01E31603 01992000 00100010 00100010 0A000A00 0A000A00 00F0162E 223D540D 68656C6C 6F203136 1C8E
201332	5	2,3,4,8,9,10,11,16	5: 0x02000CD4 7F
201338	5	2,3,4,8,9,10,11,16	74: 0x61DCECCD AB0A000A 000A000A 00050005 00050005 007CD700 3E020100 01000100 01E31603 00992000 00100010 00100010 05000500 05000500 00F0162E 223D540D 68656C6C 6F203136 89E5
201341	10	3,4,5,7,8,9,11,13,14,15	5: 0x0200ECDA 98
201747	13	6,7,8,9,10,12,14,15	102: 0x61DC63CD AB0A000A 000A000A 000D000D 000D000D 007A333A 9B01FD53 00F00291 08F00000 FD000000 00000000 02010001 00010001 040E0008 0C000400 00800001 001E003C 081E4040 FFFFFFFF FFFFFFFF 00000000 FD000000 00000000 00000000 00000000 1445
201751	10	3,4,5,7,8,9,11,13,14,15	5: 0x02006325 E4
202827	11	4,5,8,9,10,14,15	57: 0x61DC0DCD AB050005 00050005 000B000B 000B000B 007EF500 02010001 00010001 E1066304 0000020B F0223D16 2E540968 656C6C6F 20313638 8D
202829	5	2,3,4,8,9,10,11,16	5: 0x02000D5D 6E
202847	5	2,3,4,8,9,10,11,16	66: 0x61DCEDCD AB100010 00100010 00050005 00050005 007CD500 3F020B00 0B000B00 0B020100 01000100 01E10663 04000001 80F0223D 162E5409 68656C6C 6F203136 AA1A
202850	16	1,2,3,4,5	5: 0x0200ED53 89
202877	16	1,2,3,4,5	58: 0x61DC0DCD AB010001 00010001 00100010 00100010 007CD700 3E020B00 0B000B00 0BE10663 04000001 00F0223D 162E5409 68656C6C 6F203136 353F
202879	1	16	5: 0x02000D5D 6E
202885	1	16	65: 0x61DCDECD AB100010 00100010 00010001 00010001 007EF700 E3160302 99200000 05000500 0500050B 000B000B 000B0000 F0162E22 3D540968 656C6C6F 2031360F 5E
202888	16	1,2,3,4,5	5: 0x0200DE4B 8A
202895	16	1,2,3,4,5	74: 0x61DC0ECD AB050005 00050005 00100010 00100010 007CD700 3F020100 01000100 01E31603 01992000 00100010 00100010 0B000B00 0B000B00 00F0162E 223D5409 68656C6C 6F203136 045C
202898	5	2,3,4,8,9,10,11,16	5: 0x02000EC6 5C
202929	5	2,3,4,8,9,10,11,16	74: 0x61DCEECD AB0B000B 000B000B 00050005 00050005 007CD700 3E020100 01000100 01E31603 00992000 00100010 00100010 05000500 05000500 00F0162E 223D5409 68656C6C 6F203136 AF2D
202932	11	4,5,8,9,10,14,15	5: 0x0200EEC8 BB
203855	13	6,7,8,9,10,12,14,15	57: 0x61DC64CD AB080008 00080008 000D000D 000D000D 007EF500 02010001 00010001 E1066304 00000291 F0223D16 2E540368 656C6C6F 20313421 78
203857	8	2,3,4,5,6,7,9,10,11,12,13,14,15	5: 0x0200649A 90
203884	8	2,3,4,5,6,7,9,10,11,12,13,14,15	66: 0x61DC57CD AB050005 00050005 00080008 00080008 007CD500 3F020D00 0D000D00 0D020100 01000100 01E10663 04000002 00F0223D 162E5403 68656C6C 6F203134 2597
203887	5	2,3,4,8,9,10,11,16	5: 0x02005782 93
203929	5	2,3,4,8,9,10,11,16	66: 0x61DCEFCD AB100010 00100010 00050005 00050005 007CD500 3E020D00 0D000D00 0D020100 01000100 01E10663 04000001 80F0223D 162E5403 68656C6C 6F203134 02EC
203932	16	1,2,3,4,5	5: 0x0200EF41 AA
203940	16	1,2,3,4,5	58: 0x61DC0FCD AB010001 00010001 00100010 00100010 007CD700 3D020D00 0D000D00 0DE10663 04000001 00F0223D 162E5403 68656C6C 6F203134 04D9
203942	1	16	5: 0x02000F4F 4D
203955	1	16	73: 0x61DCDFCD AB100010 00100010 00010001 00010001 007EF700 E31E0303 99300000 05000500 05000508 00080008 00080D00 0D000D00 0D000000 F0162E22 3D540368 656C6C6F 203134A4 10
203958	16	1,2,3,4,5	5: 0x0200DFC2 9B
204001	16	1,2,3,4,5	82: 0x61DC10CD AB050005 00050005 00100010 00100010 007CD700 3F020100 01000100 01E31E03 02993000 00100010 00100010 08000800 0800080D 000D000D 000D0000 00F0162E 223D5403 68656C6C 6F203134 4C1F
204004	5	2,3,4,8,9,10,11,16	5: 0x02001039 A5
204010	5	2,3,4,8,9,10,11,16	82: 0x61DCF0CD AB080008 00080008 00050005 00050005 007CD700 3E020100 01000100 01E31E03 01993000 00100010 00100010 05000500 0500050D 000D000D 000D0000 00F0162E 223D5403 68656C6C 6F203134 08C8
204013	8	2,3,4,5,6,7,9,10,11,12,13,14,15	5: 0x0200F037 42
204046	8	2,3,4,5,6,7,9,10,11,12,13,14,15	82: 0x61DC58CD AB0D000D 000D000D 00080008 00080008 007CD700 3D020100 01000100 01E31E03 00993000 00100010 00100010 05000500 05000508 00080008 00080000 00F0162E 223D5403 68656C6C 6F203134 04F8
204049	13	6,7,8,9,10,12,14,15	5: 0x02005875 6B
204443	3	2,4,5,6,7,8,9,10,16	57: 0x61DCC4CD AB100010 00100010 00030003 00030003 007EF500 02010001 00010001 E1066304 0000018B F0223D16 2E542868 656C6C6F 20313788 A7
204445	16	1,2,3,4,5	5: 0x0200C490 35
204448	16	1,2,3,4,5	58: 0x61DC11CD AB010001 00010001 00100010 00100010 007CD700 3F020300 03000300 03E10663 04000001 00F0223D 162E5428 68656C6C 6F203137 BBD6
204451	1	16	5: 0x020011B0 B4
204468	1	16	57: 0x61DCE0CD AB100010 00100010 00010001 00010001 007EF700 E30E0301 99100000 03000300 03000300 F0162E22 3D542868 656C6C6F 2031370A 54
204470	16	1,2,3,4,5	5: 0x0200E0B6 52
204478	16	1,2,3,4,5	66: 0x61DC12CD AB030003 00030003 00100010 00100010 007CD700 3F020100 01000100 01E30E03 00991000 00100010 00100010 00F0162E 223D5428 68656C6C 6F203137 8E65
204481	3	2,4,5,6,7,8,9,10,16	5: 0x0200122B 86
204541	7	2,3,4,6,8,9,10,12,13,14	57: 0x61DC9DCD AB020002 00020002 00070007 00070007 007EF500 02010001 00010001 E1066304 0000020F F0223D16 2E541A68 656C6C6F 203135EC 55
204543	2	3,4,5,6,7,8,9,16	5: 0x02009DD4 FA
204576	5	2,3,4,8,9,10,11,16	57: 0x61DCF1CD AB100010 00100010 00050005 00050005 007EF500 02010001 00010001 E1066304 00000180 F0223D16 2E542068 656C6C6F 2031372A 50
204578	16	1,2,3,4,5	5: 0x0200F1BE 53
204584	2	3,4,5,6,7,8,9,16	66: 0x61DC45CD AB100010 00100010 00020002 00020002 007CD500 3F020700 07000700 07020100 01000100 01E10663 04000001 80F0223D 162E541A 68656C6C 6F203135 7B51
204587	16	1,2,3,4,5	5: 0x02004511 A0
204605	16	1,2,3,4,5	58: 0x61DC13CD AB010001 00010001 00100010 00100010 007CD700 3F020500 05000500 05E10663 04000001 00F0223D 162E5420 68656C6C 6F203137 C411
204607	1	16	5: 0x020013A2 97
204610	1	16	57: 0x61DCE1CD AB100010 00100010 00010001 00010001 007EF700 E30E0301 99100000 05000500 05000500 F0162E22 3D542068 656C6C6F 203137E9 63
204613	16	1,2,3,4,5	5: 0x0200E13F 43
204634	16	1,2,3,4,5	66: 0x61DC15CD AB050005 00050005 00100010 00100010 007CD700 3F020100 01000100 01E30E03 00991000 00100010 00100010 00F0162E 223D5420 68656C6C 6F203137 87C6
204637	5	2,3,4,8,9,10,11,16	5: 0x02001594 F2
204647	16	1,2,3,4,5	58: 0x61DC14CD AB010001 00010001 00100010 00100010 007CD700 3E020700 07000700 07E10663 04000001 00F0223D 162E541A 68656C6C 6F203135 45E6
204649	1	16	5: 0x0200141D E3
204666	1	16	65: 0x61DCE2CD AB100010 00100010 00010001 00010001 007EF700 E3160302 99200000 02000200 02000207 00070007 00070000 F0162E22 3D541A68 656C6C6F 203135CA 3F
204669	16	1,2,3,4,5	5: 0x0200E2A4 71
204711	16	1,2,3,4,5	74: 0x61DC16CD AB020002 00020002 00100010 00100010 007CD700 3F020100 01000100 01E31603 01992000 00100010 00100010 07000700 07000700 00F0162E 223D541A 68656C6C 6F203135 94C1
204714	2	3,4,5,6,7,8,9,16	5: 0x0200160F C0
204739	2	3,4,5,6,7,8,9,16	74: 0x61DC46CD AB070007 00070007 00020002 00020002 007CD700 3E020100 01000100 01E31603 00992000 00100010 00100010 02000200 02000200 00F0162E 223D541A 68656C6C 6F203135 D4E4
204742	7	2,3,4,6,8,9,10,12,13,14	5: 0x0200468A 92
205152	14	7,8,9,10,11,12,13,15	57: 0x61DCA8CD AB080008 00080008 000E000E 000E000E 007EF500 02010001 00010001 E1066304 0000028D F0223D16 2E53FE68 656C6C6F 2031355A 1B
205154	8	2,3,4,5,6,7,9,10,11,12,13,14,15	5: 0x0200A8FA 9C
205174	8	2,3,4,5,6,7,9,10,11,12,13,14,15	66: 0x61DC59CD AB050005 00050005 00080008 00080008 007CD500 3F020E00 0E000E00 0E020100 01000100 01E10663 04000002 00F0223D 162E53FE 68656C6C 6F203135 18E8
205177	5	2,3,4,8,9,10,11,16	5: 0x020059FC 7A
205183	5	2,3,4,8,9,10,11,16	66: 0x61DCF2CD AB100010 00100010 00050005 00050005 007CD500 3E020E00 0E000E00 0E020100 01000100 01E10663 04000001 80F0223D 162E53FE 68656C6C 6F203135 F8D2
205186	16	1,2,3,4,5	5: 0x0200F225 61
205220	16	1,2,3,4,5	58: 0x61DC17CD AB010001 00010001 00100010 00100010 007CD700 3D020E00 0E000E00 0EE10663 04000001 00F0223D 162E53FE 68656C6C 6F203135 9705
205222	1	16	5: 0x02001786 D1
205226	1	16	73: 0x61DCE3CD AB100010 00100010 00010001 00010001 007EF700 E31E0303 99300000 05000500 05000508 00080008 00080E00 0E000E00 0E000000 F0162E22 3D53FE68 656C6C6F 2031356A B0
205229	16	1,2,3,4,5	5: 0x0200E32D 60
205242	16	1,2,3,4,5	82: 0x61DC18CD AB050005 00050005 00100010 00100010 007CD700 3F020100 01000100 01E31E03 02993000 00100010 00100010 08000800 0800080E 000E000E 000E0000 00F0162E 223D53FE 68656C6C 6F203135 5802
205245	5	2,3,4,8,9,10,11,16	5: 0x02001871 29
205274	5	2,3,4,8,9,10,11,16	82: 0x61DCF3CD AB080008 00080008 00050005 00050005 007CD700 3E020100 01000100 01E31E03 01993000 00100010 00100010 05000500 0500050E 000E000E 000E0000 00F0162E 223D53FE 68656C6C 6F203135 EFB1
205277	8	2,3,4,5,6,7,9,10,11,12,13,14,15	5: 0x0200F3AC 70
205288	8	2,3,4,5,6,7,9,10,11,12,13,14,15	82: 0x61DC5ACD AB0E000E 000E000E 00080008 00080008 007CD700 3D020100 01000100 01E31E03 00993000 00100010 00100010 05000500 05000508 00080008 00080000 00F0162E 223D53FE 68656C6C 6F203135 A0DD
205291	14	7,8,9,10,11,12,13,15	5: 0x02005A67 48
205433	4	2,3,5,7,8,9,10,11,16	57: 0x61DCF9CD AB100010 00100010 00040004 00040004 007EF500 02010001 00010001 E1066304 0000018B F0223D16 2E542468 656C6C6F 20313745 1C
205435	16	1,2,3,4,5	5: 0x0200F9F6 DF
205462	16	1,2,3,4,5	58: 0x61DC19CD AB010001 00010001 00100010 00100010 007CD700 3F020400 04000400 04E10663 04000001 00F0223D 162E5424 68656C6C 6F203137 806E
205464	1	16	5: 0x020019F8 38
205468	1	16	57: 0x61DCE4CD AB100010 00100010 00010001 00010001 007EF700 E30E0301 99100000 04000400 04000400 F0162E22 3D542468 656C6C6F 20313733 AC
205470	16	1,2,3,4,5	5: 0x0200E492 14
205477	16	1,2,3,4,5	66: 0x61DC1ACD AB040004 00040004 00100010 00100010 007CD700 3F020100 01000100 01E30E03 00991000 00100010 00100010 00F0162E 223D5424 68656C6C 6F203137 3F58
205480	4	2,3,5,7,8,9,10,11,16	5: 0x02001A63 0A
207004	8	2,3,4,5,6,7,9,10,11,12,13,14,15	57: 0x61DC5BCD AB050005 00050005 00080008 00080008 007EF500 02010001 00010001 E1066304 00000200 F0223D16 2E541568 656C6C6F 20313620 3A
207006	5	2,3,4,8,9,10,11,16	5: 0x02005BEE 59
207036	5	2,3,4,8,9,10,11,16	66: 0x61DCF4CD AB100010 00100010 00050005 00050005 007CD500 3F020800 08000800 08020100 01000100 01E10663 04000001 80F0223D 162E5415 68656C6C 6F203136 0D9F
207039	16	1,2,3,4,5	5: 0x0200F413 04
207044	16	1,2,3,4,5	58: 0x61DC1BCD AB010001 00010001 00100010 00100010 007CD700 3E020800 08000800 08E10663 04000001 00F0223D 162E5415 68656C6C 6F203136 87DB
207046	1	16	5: 0x02001BEA 1B
207081	1	16	65: 0x61DCE5CD AB100010 00100010 00010001 00010001 007EF700 E3160302 99200000 05000500 05000508 00080008 00080000 F0162E22 3D541568 656C6C6F 20313693 6E
207084	16	1,2,3,4,5	5: 0x0200E51B 05
207122	16	1,2,3,4,5	74: 0x61DC1CCD AB050005 00050005 00100010 00100010 007CD700 3F020100 01000100 01E31603 01992000 00100010 00100010 08000800 08000800 00F0162E 223D5415 68656C6C 6F203136 BA67
207125	5	2,3,4,8,9,10,11,16	5: 0x02001C55 6F
207164	5	2,3,4,8,9,10,11,16	74: 0x61DCF5CD AB080008 00080008 00050005 00050005 007CD700 3E020100 01000100 01E31603 00992000 00100010 00100010 05000500 05000500 00F0162E 223D5415 68656C6C 6F203136 2541
207167	8	2,3,4,5,6,7,9,10,11,12,13,14,15	5: 0x0200F59A 15
207520	15	8,9,10,11,12,13,14	102: 0x61DCD1CD AB0B000B 000B000B 000F000F 000F000F 007A333A 9B01FD47 00F00291 08F00000 FD000000 00000000 02010001 00010001 040E0008 0C000400 00800001 001E003C 081E4040 FFFFFFFF FFFFFFFF 00000000 FD000000 00000000 00000000 00000000 C4CC
207524	11	4,5,8,9,10,14,15	5: 0x0200D1BC 72
207688	15	8,9,10,11,12,13,14	57: 0x61DCD2CD AB080008 00080008 000F000F 000F000F 007EF500 02010001 00010001 E1066304 00000291 F0223D16 2E53FA68 656C6C6F 203135DD 34
207690	8	2,3,4,5,6,7,9,10,11,12,13,14,15	5: 0x0200D227 40
207720	8	2,3,4,5,6,7,9,10,11,12,13,14,15	66: 0x61DC5CCD AB050005 00050005 00080008 00080008 007CD500 3F020F00 0F000F00 0F020100 01000100 01E10663 04000002 00F0223D 162E53FA 68656C6C 6F203135 047E
207723	5	2,3,4,8,9,10,11,16	5: 0x02005C51 2D
207726	5	2,3,4,8,9,10,11,16	66: 0x61DCF6CD AB100010 00100010 00050005 00050005 007CD500 3E020F00 0F000F00 0F020100 01000100 01E10663 04000001 80F0223D 162E53FA 68656C6C 6F203135 743B
207729	16	1,2,3,4,5	5: 0x0200F601 27
207764	16	1,2,3,4,5	58: 0x61DC1DCD AB010001 00010001 00100010 00100010 007CD700 3D020F00 0F000F00 0FE10663 04000001 00F0223D 162E53FA 68656C6C 6F203135 D37A
207766	1	16	5: 0x02001DDC 7E
207804	1	16	73: 0x61DCE6CD AB100010 00100010 00010001 00010001 007EF700 E31E0303 99300000 05000500 05000508 00080008 00080F00 0F000F00 0F000000 F0162E22 3D53FA68 656C6C6F 20313507 58
207807	16	1,2,3,4,5	5: 0x0200E680 37
207845	16	1,2,3,4,5	82: 0x61DC1ECD AB050005 00050005 00100010 00100010 007CD700 3F020100 01000100 01E31E03 02993000 00100010 00100010 08000800 0800080F 000F000F 000F0000 00F0162E 223D53FA 68656C6C 6F203135 E9FF
207848	5	2,3,4,8,9,10,11,16	5: 0x02001E47 4C
207889	5	2,3,4,8,9,10,11,16	82: 0x61DCF7CD AB080008 00080008 00050005 00050005 007CD700 3E020100 01000100 01E31E03 01993000 00100010 00100010 05000500 0500050F 000F000F 000F0000 00F0162E 223D53FA 68656C6C 6F203135 10ED
207892	8	2,3,4,5,6,7,9,10,11,12,13,14,15	5: 0x0200F788 36
207915	8	2,3,4,5,6,7,9,10,11,12,13,14,15	82: 0x61DC5DCD AB0F000F 000F000F 00080008 00080008 007CD700 3D020100 01000100 01E31E03 00993000 00100010 00100010 05000500 05000508 00080008 00080000 00F0162E 223D53FA 68656C6C 6F203135 E58C
207918	15	8,9,10,11,12,13,14	5: 0x02005DD8 3C
207949	12	6,7,8,9,13,14,15	57: 0x61DC4FCD AB080008 00080008 000C000C 000C000C 007EF500 02010001 00010001 E1066304 0000028D F0223D16 2E540668 656C6C6F 203135BD 72
207951	8	2,3,4,5,6,7,9,10,11,12,13,14,15	5: 0x02004F4B 0F
207982	8	2,3,4,5,6,7,9,10,11,12,13,14,15	66: 0x61DC5ECD AB050005 00050005 00080008 00080008 007CD500 3F020C00 0C000C00 0C020100 01000100 01E10663 04000002 00F0223D 162E5406 68656C6C 6F203135 AF4F
207985	5	2,3,4,8,9,10,11,16	5: 0x02005E43 0E
208010	5	2,3,4,8,9,10,11,16	66: 0x61DCF8CD AB100010 00100010 00050005 00050005 007CD500 3E020C00 0C000C00 0C020100 01000100 01E10663 04000001 80F0223D 162E5406 68656C6C 6F203135 3D18
208013	16	1,2,3,4,5	5: 0x0200F87F CE
208038	16	1,2,3,4,5	58: 0x61DC1FCD AB010001 00010001 00100010 00100010 007CD700 3D020C00 0C000C00 0CE10663 04000001 00F0223D 162E5406 68656C6C 6F203135 A9FF
208040	1	16	5: 0x02001FCE 5D
208043	1	16	73: 0x61DCE7CD AB100010 00100010 00010001 00010001 007EF700 E31E0303 99300000 05000500 05000508 00080008 00080C00 0C000C00 0C000000 F0162E22 3D540668 656C6C6F 20313521 47
208047	16	1,2,3,4,5	5: 0x0200E709 26
208071	16	1,2,3,4,5	82: 0x61DC20CD AB050005 00050005 00100010 00100010 007CD700 3F020100 01000100 01E31E03 02993000 00100010 00100010 08000800 0800080C 000C000C 000C0000 00F0162E 223D5406 68656C6C 6F203135 2533
208074	5	2,3,4,8,9,10,11,16	5: 0x020020BA 94
208106	5	2,3,4,8,9,10,11,16	82: 0x61DCF9CD AB080008 00080008 00050005 00050005 007CD700 3E020100 01000100 01E31E03 01993000 00100010 00100010 05000500 0500050C 000C000C 000C0000 00F0162E 223D5406 68656C6C 6F203135 B347
208109	8	2,3,4,5,6,7,9,10,11,12,13,14,15	5: 0x0200F9F6 DF
208114	8	2,3,4,5,6,7,9,10,11,12,13,14,15	82: 0x61DC5FCD AB0C000C 000C000C 00080008 00080008 007CD700 3D020100 01000100 01E31E03 00993000 00100010 00100010 05000500 05000508 00080008 00080000 00F0162E 223D5406 68656C6C 6F203135 35F5
208117	12	6,7,8,9,13,14,15	5: 0x02005FCA 1F
208779	6	2,3,7,8,9,12,13	57: 0x61DCFACD AB020002 00020002 00060006 00060006 007EF500 02010001 00010001 E1066304 00000215 F0223D16 2E541D68 656C6C6F 203136FA 5A
208781	2	3,4,5,6,7,8,9,16	5: 0x0200FA6D ED
208794	2	3,4,5,6,7,8,9,16	66: 0x61DC47CD AB100010 00100010 00020002 00020002 007CD500 3F020600 06000600 06020100 01000100 01E10663 04000001 80F0223D 162E541D 68656C6C 6F203136 1A55
208797	16	1,2,3,4,5	5: 0x02004703 83
208840	16	1,2,3,4,5	58: 0x61DC21CD AB010001 00010001 00100010 00100010 007CD700 3E020600 06000600 06E10663 04000001 00F0223D 162E541D 68656C6C 6F203136 A61F
208842	1	16	5: 0x02002133 85
208869	1	16	65: 0x61DCE8CD AB100010 00100010 00010001 00010001 007EF700 E3160302 99200000 02000200 02000206 00060006 00060000 F0162E22 3D541D68 656C6C6F 203136B0 7B
208872	16	1,2,3,4,5	5: 0x0200E8FE DE
208901	16	1,2,3,4,5	74: 0x61DC22CD AB020002 00020002 00100010 00100010 007CD700 3F020100 01000100 01E31603 01992000 00100010 00100010 06000600 06000600 00F0162E 223D541D 68656C6C 6F203136 35E8
208904	2	3,4,5,6,7,8,9,16	5: 0x020022A8 B7
208909	2	3,4,5,6,7,8,9,16	74: 0x61DC48CD AB060006 00060006 00020002 00020002 007CD700 3E020100 01000100 01E31603 00992000 00100010 00100010 02000200 02000200 00F0162E 223D541D 68656C6C 6F203136 9059
208912	6	2,3,7,8,9,12,13	5: 0x020048F4 7B
209378	9	2,3,4,5,6,7,8,10,11,12,13,14,15	57: 0x61DC63CD AB050005 00050005 00090009 00090009 007EF500 02010001 00010001 E1066304 0000020B F0223D16 2E541168 656C6C6F 2031364B 1D
209380	5	2,3,4,8,9,10,11,16	5: 0x02006325 E4
209413	5	2,3,4,8,9,10,11,16	66: 0x61DCFACD AB100010 00100010 00050005 00050005 007CD500 3F020900 09000900 09020100 01000100 01E10663 04000001 80F0223D 162E5411 68656C6C 6F203136 126D
209416	16	1,2,3,4,5	5: 0x0200FA6D ED
209452	16	1,2,3,4,5	58: 0x61DC23CD AB010001 00010001 00100010 00100010 007CD700 3E020900 09000900 09E10663 04000001 00F0223D 162E5411 68656C6C 6F203136 3E40
209454	1	16	5: 0x02002321 A6
209460	1	16	65: 0x61DCE9CD AB100010 00100010 00010001 00010001 007EF700 E3160302 99200000 05000500 05000509 00090009 00090000 F0162E22 3D541168 656C6C6F 203136EC F7
209463	16	1,2,3,4,5	5: 0x0200E977 CF
209490	16	1,2,3,4,5	74: 0x61DC24CD AB050005 00050005 00100010 00100010 007CD700 3F020100 01000100 01E31603 01992000 00100010 00100010 09000900 09000900 00F0162E 223D5411 68656C6C 6F203136 793B
209493	5	2,3,4,8,9,10,11,16	5: 0x0200249E D2
209510	5	2,3,4,8,9,10,11,16	74: 0x61DCFBCD AB090009 00090009 00050005 00050005 007CD700 3E020100 01000100 01E31603 00992000 00100010 00100010 05000500 05000500 00F0162E 223D5411 68656C6C 6F203136 FD18
209513	9	2,3,4,5,6,7,8,10,11,12,13,14,15	5: 0x0200FBE4 FC
210225	2	3,4,5,6,7,8,9,16	57: 0x61DC49CD AB100010 00100010 00020002 00020002 007EF500 02010001 00010001 E1066304 00000180 F0223D16 2E542C68 656C6C6F 203137CA 19
210227	16	1,2,3,4,5	5: 0x0200497D 6A
210235	16	1,2,3,4,5	58: 0x61DC25CD AB010001 00010001 00100010 00100010 007CD700 3F020200 02000200 02E10663 04000001 00F0223D 162E542C 68656C6C 6F203137 9D9A
210237	1	16	5: 0x02002517 C3
210275	1	16	57: 0x61DCEACD AB100010 00100010 00010001 00010001 007EF700 E30E0301 99100000 02000200 02000200 F0162E22 3D542C68 656C6C6F 203137A5 C5
210277	16	1,2,3,4,5	5: 0x0200EAEC FD
210317	16	1,2,3,4,5	66: 0x61DC26CD AB020002 00020002 00100010 00100010 007CD700 3F020100 01000100 01E30E03 00991000 00100010 00100010 00F0162E 223D542C 68656C6C 6F203137 BDD4
210320	2	3,4,5,6,7,8,9,16	5: 0x0200268C F1
210547	10	3,4,5,7,8,9,11,13,14,15	57: 0x61DC04CD AB050005 00050005 000A000A 000A000A 007EF500 02010001 00010001 E1066304 00000210 F0223D16 2E540C68 656C6C6F 203137C8 F8
210549	5	2,3,4,8,9,10,11,16	5: 0x0200049C F3
210581	5	2,3,4,8,9,10,11,16	66: 0x61DCFCCD AB100010 00100010 00050005 00050005 007CD500 3F020A00 0A000A00 0A020100 01000100 01E10663 04000001 80F0223D 162E540C 68656C6C 6F203137 E4E7
210584	16	1,2,3,4,5	5: 0x0200FC5B 88
210605	16	1,2,3,4,5	58: 0x61DC27CD AB010001 00010001 00100010 00100010 007CD700 3E020A00 0A000A00 0AE10663 04000001 00F0223D 162E540C 68656C6C 6F203137 8F67
210607	1	16	5: 0x02002705 E0
210622	1	16	65: 0x61DCEBCD AB100010 00100010 00010001 00010001 007EF700 E3160302 99200000 05000500 0500050A 000A000A 000A0000 F0162E22 3D540C68 656C6C6F 203137B2 8D
210625	16	1,2,3,4,5	5: 0x0200EB65 EC
210639	16	1,2,3,4,5	74: 0x61DC28CD AB050005 00050005 00100010 00100010 007CD700 3F020100 01000100 01E31603 01992000 00100010 00100010 0A000A00 0A000A00 00F0162E 223D540C 68656C6C 6F203137 A13F
210642	5	2,3,4,8,9,10,11,16	5: 0x020028F2 18
210659	5	2,3,4,8,9,10,11,16	74: 0x61DCFDCD AB0A000A 000A000A 00050005 00050005 007CD700 3E020100 01000100 01E31603 00992000 00100010 00100010 05000500 05000500 00F0162E 223D540C 68656C6C 6F203137 66EB
210662	10	3,4,5,7,8,9,11,13,14,15	5: 0x0200FDD2 99
212888	10	3,4,5,7,8,9,11,13,14,15	102: 0x61DC05CD AB030003 00030003 000A000A 000A000A 007A333A 9B01FDFE 00F0020E 08F00000 FD000000 00000000 02010001 00010001 040E0008 0C000400 00800001 001E003C 081E4040 FFFFFFFF FFFFFFFF 00000000 FD000000 00000000 00000000 00000000 00D7
212892	3	2,4,5,6,7,8,9,10,16	5: 0x02000515 E2
213087	13	6,7,8,9,10,12,14,15	57: 0x61DC65CD AB080008 00080008 000D000D 000D000D 007EF500 02010001 00010001 E1066304 0000028F F0223D16 2E540268 656C6C6F 20313529 2D
213089	8	2,3,4,5,6,7,9,10,11,12,13,14,15	5: 0x02006513 81
213116	8	2,3,4,5,6,7,9,10,11,12,13,14,15	66: 0x61DC60CD AB050005 00050005 00080008 00080008 007CD500 3F020D00 0D000D00 0D020100 01000100 01E10663 04000002 00F0223D 162E5402 68656C6C 6F203135 38F6
213119	5	2,3,4,8,9,10,11,16	5: 0x020060BE D6
213145	5	2,3,4,8,9,10,11,16	66: 0x61DCFECD AB100010 00100010 00050005 00050005 007CD500 3E020D00 0D000D00 0D020100 01000100 01E10663 04000001 80F0223D 162E5402 68656C6C 6F203135 910E
213148	16	1,2,3,4,5	5: 0x0200FE49 AB
213158	16	1,2,3,4,5	58: 0x61DC29CD AB010001 00010001 00100010 00100010 007CD700 3D020D00 0D000D00 0DE10663 04000001 00F0223D 162E5402 68656C6C 6F203135 3D11
213160	1	16	5: 0x0200297B 09
213195	1	16	73: 0x61DCECCD AB100010 00100010 00010001 00010001 007EF700 E31E0303 99300000 05000500 05000508 00080008 00080D00 0D000D00 0D000000 F0162E22 3D540268 656C6C6F 20313520 6E
213198	16	1,2,3,4,5	5: 0x0200ECDA 98
213201	16	1,2,3,4,5	82: 0x61DC2ACD AB050005 00050005 00100010 00100010 007CD700 3F020100 01000100 01E31E03 02993000 00100010 00100010 08000800 0800080D 000D000D 000D0000 00F0162E 223D5402 68656C6C 6F203135 0311
213204	5	2,3,4,8,9,10,11,16	5: 0x02002AE0 3B
213214	5	2,3,4,8,9,10,11,16	82: 0x61DCFFCD AB080008 00080008 00050005 00050005 007CD700 3E020100 01000100 01E31E03 01993000 00100010 00100010 05000500 0500050D 000D000D 000D0000 00F0162E 223D5402 68656C6C 6F203135 02BA
213217	8	2,3,4,5,6,7,9,10,11,12,13,14,15	5: 0x0200FFC0 BA
213230	8	2,3,4,5,6,7,9,10,11,12,13,14,15	82: 0x61DC61CD AB0D000D 000D000D 00080008 00080008 007CD700 3D020100 01000100 01E31E03 00993000 00100010 00100010 05000500 05000508 00080008 00080000 00F0162E 223D5402 68656C6C 6F203135 A207
213233	13	6,7,8,9,10,12,14,15	5: 0x02006137 C7
213473	11	4,5,8,9,10,14,15	57: 0x61DC0ECD AB050005 00050005 000B000B 000B000B 007EF500 02010001 00010001 E1066304 00000209 F0223D16 2E540868 656C6C6F 203137C9 81
213475	5	2,3,4,8,9,10,11,16	5: 0x02000EC6 5C
213517	5	2,3,4,8,9,10,11,16	66: 0x61DC00CD AB100010 00100010 00050005 00050005 007CD500 3F020B00 0B000B00 0B020100 01000100 01E10663 04000001 80F0223D 162E5408 68656C6C 6F203137 6287
213520	16	1,2,3,4,5	5: 0x020000B8 B5
213532	16	1,2,3,4,5	58: 0x61DC2BCD AB010001 00010001 00100010 00100010 007CD700 3E020B00 0B000B00 0BE10663 04000001 00F0223D 162E5408 68656C6C 6F203137 0CF7
213534	1	16	5: 0x02002B69 2A
213545	1	16	65: 0x61DCEDCD AB100010 00100010 00010001 00010001 007EF700 E3160302 99200000 05000500 0500050B 000B000B 000B0000 F0162E22 3D540868 656C6C6F 20313766 5E
213548	16	1,2,3,4,5	5: 0x0200ED53 89
213552	16	1,2,3,4,5	74: 0x61DC2CCD AB050005 00050005 00100010 00100010 007CD700 3F020100 01000100 01E31603 01992000 00100010 00100010 0B000B00 0B000B00 00F0162E 223D5408 68656C6C 6F203137 46A5
213555	5	2,3,4,8,9,10,11,16	5: 0x02002CD6 5E
213573	5	2,3,4,8,9,10,11,16	74: 0x61DC01CD AB0B000B 000B000B 00050005 00050005 007CD700 3E020100 01000100 01E31603 00992000 00100010 00100010 05000500 05000500 00F0162E 223D5408 68656C6C 6F203137 488A
213576	11	4,5,8,9,10,14,15	5: 0x02000131 A4
214272	3	2,4,5,6,7,8,9,10,16	57: 0x61DCC5CD AB100010 00100010 00030003 00030003 007EF500 02010001 00010001 E1066304 00000189 F0223D16 2E542768 656C6C6F 20313805 19
214274	16	1,2,3,4,5	5: 0x0200C519 24
214302	16	1,2,3,4,5	58: 0x61DC2DCD AB010001 00010001 00100010 00100010 007CD700 3F020300 03000300 03E10663 04000001 00F0223D 162E5427 68656C6C 6F203138 B429
214304	1	16	5: 0x02002D5F 4F
214322	1	16	57: 0x61DCEECD AB100010 00100010 00010001 00010001 007EF700 E30E0301 99100000 03000300 03000300 F0162E22 3D542768 656C6C6F 203138C3 A0
214324	16	1,2,3,4,5	5: 0x0200EEC8 BB
214354	16	1,2,3,4,5	66: 0x61DC2ECD AB030003 00030003 00100010 00100010 007CD700 3F020100 01000100 01E30E03 00991000 00100010 00100010 00F0162E 223D5427 68656C6C 6F203138 3B52
214357	3	2,4,5,6,7,8,9,10,16	5: 0x02002EC4 7D
214398	5	2,3,4,8,9,10,11,16	57: 0x61DC02CD AB100010 00100010 00050005 00050005 007EF500 02010001 00010001 E1066304 00000180 F0223D16 2E541F68 656C6C6F 203138E9 BD
214400	16	1,2,3,4,5	5: 0x020002AA 96
214427	16	1,2,3,4,5	58: 0x61DC2FCD AB010001 00010001 00100010 00100010 007CD700 3F020500 05000500 05E10663 04000001 00F0223D 162E541F 68656C6C 6F203138 66E6
214429	1	16	5: 0x02002F4D 6C
214437	1	16	57: 0x61DCEFCD AB100010 00100010 00010001 00010001 007EF700 E30E0301 99100000 05000500 05000500 F0162E22 3D541F68 656C6C6F 2031388D 9F
214439	16	1,2,3,4,5	5: 0x0200EF41 AA
214456	16	1,2,3,4,5	66: 0x61DC30CD AB050005 00050005 00100010 00100010 007CD700 3F020100 01000100 01E30E03 00991000 00100010 00100010 00F0162E 223D541F 68656C6C 6F203138 CBA3
214459	5	2,3,4,8,9,10,11,16	5: 0x0200303B 84
214674	7	2,3,4,6,8,9,10,12,13,14	57: 0x61DC9ECD AB020002 00020002 00070007 00070007 007EF500 02010001 00010001 E1066304 0000020D F0223D16 2E541968 656C6C6F 203136F5 E1
214676	2	3,4,5,6,7,8,9,16	5: 0x02009E4F C8
214689	2	3,4,5,6,7,8,9,16	66: 0x61DC4ACD AB100010 00100010 00020002 00020002 007CD500 3F020700 07000700 07020100 01000100 01E10663 04000001 80F0223D 162E5419 68656C6C 6F203136 B527
214692	16	1,2,3,4,5	5: 0x02004AE6 58
214696	16	1,2,3,4,5	58: 0x61DC31CD AB010001 00010001 00100010 00100010 007CD700 3E020700 07000700 07E10663 04000001 00F0223D 162E5419 68656C6C 6F203136 7F65
214698	1	16	5: 0x020031B2 95
214716	1	16	65: 0x61DCF0CD AB100010 00100010 00010001 00010001 007EF700 E3160302 99200000 02000200 02000207 00070007 00070000 F0162E22 3D541968 656C6C6F 20313699 77
214719	16	1,2,3,4,5	5: 0x0200F037 42
214749	16	1,2,3,4,5	74: 0x61DC32CD AB020002 00020002 00100010 00100010 007CD700 3F020100 01000100 01E31603 01992000 00100010 00100010 07000700 07000700 00F0162E 223D5419 68656C6C 6F203136 C1C8
214752	2	3,4,5,6,7,8,9,16	5: 0x02003229 A7
214766	2	3,4,5,6,7,8,9,16	74: 0x61DC4BCD AB070007 00070007 00020002 00020002 007CD700 3E020100 01000100 01E31603 00992000 00100010 00100010 02000200 02000200 00F0162E 223D5419 68656C6C 6F203136 9409
214769	7	2,3,4,6,8,9,10,12,13,14	5: 0x02004B6F 49
215654	14	7,8,9,10,11,12,13,15	57: 0x61DCA9CD AB080008 00080008 000E000E 000E000E 007EF500 02010001 00010001 E1066304 0000028B F0223D16 2E53FD68 656C6C6F 203136F6 07
215656	8	2,3,4,5,6,7,9,10,11,12,13,14,15	5: 0x0200A973 8D
215661	8	2,3,4,5,6,7,9,10,11,12,13,14,15	66: 0x61DC62CD AB050005 00050005 00080008 00080008 007CD500 3F020E00 0E000E00 0E020100 01000100 01E10663 04000002 00F0223D 162E53FD 68656C6C 6F203136 0F23
215664	5	2,3,4,8,9,10,11,16	5: 0x020062AC F5
215703	5	2,3,4,8,9,10,11,16	66: 0x61DC03CD AB100010 00100010 00050005 00050005 007CD500 3E020E00 0E000E00 0E020100 01000100 01E10663 04000001 80F0223D 162E53FD 68656C6C 6F203136 4D24
215706	16	1,2,3,4,5	5: 0x02000323 87
215730	16	1,2,3,4,5	58: 0x61DC33CD AB010001 00010001 00100010 00100010 007CD700 3D020E00 0E000E00 0EE10663 04000001 00F0223D 162E53FD 68656C6C 6F203136 F4D7
215732	1	16	5: 0x020033A0 B6
215735	1	16	73: 0x61DCF1CD AB100010 00100010 00010001 00010001 007EF700 E31E0303 99300000 05000500 05000508 00080008 00080E00 0E000E00 0E000000 F0162E22 3D53FD68 656C6C6F 20313653 1F
215739	16	1,2,3,4,5	5: 0x0200F1BE 53
215742	16	1,2,3,4,5	82: 0x61DC34CD AB050005 00050005 00100010 00100010 007CD700 3F020100 01000100 01E31E03 02993000 00100010 00100010 08000800 0800080E 000E000E 000E0000 00F0162E 223D53FD 68656C6C 6F203136 197D
215745	5	2,3,4,8,9,10,11,16	5: 0x0200341F C2
215772	5	2,3,4,8,9,10,11,16	82: 0x61DC04CD AB080008 00080008 00050005 00050005 007CD700 3E020100 01000100 01E31E03 01993000 00100010 00100010 05000500 0500050E 000E000E 000E0000 00F0162E 223D53FD 68656C6C 6F203136 D519
215775	8	2,3,4,5,6,7,9,10,11,12,13,14,15	5: 0x0200049C F3
215818	8	2,3,4,5,6,7,9,10,11,12,13,14,15	82: 0x61DC63CD AB0E000E 000E000E 00080008 00080008 007CD700 3D020100 01000100 01E31E03 00993000 00100010 00100010 05000500 05000508 00080008 00080000 00F0162E 223D53FD 68656C6C 6F203136 EE9A
215821	14	7,8,9,10,11,12,13,15	5: 0x02006325 E4
216149	8	2,3,4,5,6,7,9,10,11,12,13,14,15	57: 0x61DC64CD AB050005 00050005 00080008 00080008 007EF500 02010001 00010001 E1066304 00000200 F0223D16 2E541468 656C6C6F 20313725 53
216151	5	2,3,4,8,9,10,11,16	5: 0x0200649A 90
216192	5	2,3,4,8,9,10,11,16	66: 0x61DC05CD AB100010 00100010 00050005 00050005 007CD500 3F020800 08000800 08020100 01000100 01E10663 04000001 80F0223D 162E5414 68656C6C 6F203137 50D1
216195	16	1,2,3,4,5	5: 0x02000515 E2
216223	16	1,2,3,4,5	58: 0x61DC35CD AB010001 00010001 00100010 00100010 007CD700 3E020800 08000800 08E10663 04000001 00F0223D 162E5414 68656C6C 6F203137 5489
216225	1	16	5: 0x02003596 D3
216242	1	16	65: 0x61DCF2CD AB100010 00100010 00010001 00010001 007EF700 E3160302 99200000 05000500 05000508 00080008 00080000 F0162E22 3D541468 656C6C6F 20313775 3F
216245	16	1,2,3,4,5	5: 0x0200F225 61
216270	16	1,2,3,4,5	74: 0x61DC36CD AB050005 00050005 00100010 00100010 007CD700 3F020100 01000100 01E31603 01992000 00100010 00100010 08000800 08000800 00F0162E 223D5414 68656C6C 6F203137 AC7F
216273	5	2,3,4,8,9,10,11,16	5: 0x0200360D E1
216311	5	2,3,4,8,9,10,11,16	74: 0x61DC06CD AB080008 00080008 00050005 00050005 007CD700 3E020100 01000100 01E31603 00992000 00100010 00100010 05000500 05000500 00F0162E 223D5414 68656C6C 6F203137 85BD
216314	8	2,3,4,5,6,7,9,10,11,12,13,14,15	5: 0x0200068E D0
216432	4	2,3,5,7,8,9,10,11,16	57: 0x61DCFACD AB100010 00100010 00040004 00040004 007EF500 02010001 00010001 E1066304 00000189 F0223D16 2E542368 656C6C6F 203138D5 5D
216434	16	1,2,3,4,5	5: 0x0200FA6D ED
216462	16	1,2,3,4,5	58: 0x61DC37CD AB010001 00010001 00100010 00100010 007CD700 3F020400 04000400 04E10663 04000001 00F0223D 162E5423 68656C6C 6F203138 3271
216464	1	16	5: 0x02003784 F0
216505	1	16	57: 0x61DCF3CD AB100010 00100010 00010001 00010001 007EF700 E30E0301 99100000 04000400 04000400 F0162E22 3D542368 656C6C6F 203138D1 D6
216507	16	1,2,3,4,5	5: 0x0200F3AC 70
216539	16	1,2,3,4,5	66: 0x61DC38CD AB040004 00040004 00100010 00100010 007CD700 3F020100 01000100 01E30E03 00991000 00100010 00100010 00F0162E 223D5423 68656C6C 6F203138 F53C
216542	4	2,3,5,7,8,9,10,11,16	5: 0x02003873 08
217350	15	8,9,10,11,12,13,14	57: 0x61DCD3CD AB080008 00080008 000F000F 000F000F 007EF500 02010001 00010001 E1066304 0000028F F0223D16 2E53F968 656C6C6F 2031363D D9
217352	8	2,3,4,5,6,7,9,10,11,12,13,14,15	5: 0x0200D3AE 51
217360	8	2,3,4,5,6,7,9,10,11,12,13,14,15	66: 0x61DC65CD AB050005 00050005 00080008 00080008 007CD500 3F020F00 0F000F00 0F020100 01000100 01E10663 04000002 00F0223D 162E53F9 68656C6C 6F203136 334A
217363	5	2,3,4,8,9,10,11,16	5: 0x02006513 81
217396	5	2,3,4,8,9,10,11,16	66: 0x61DC07CD AB100010 00100010 00050005 00050005 007CD500 3E020F00 0F000F00 0F020100 01000100 01E10663 04000001 80F0223D 162E53F9 68656C6C 6F203136 C1CD
217399	16	1,2,3,4,5	5: 0x02000707 C1
217405	16	1,2,3,4,5	58: 0x61DC39CD AB010001 00010001 00100010 00100010 007CD700 3D020F00 0F000F00 0FE10663 04000001 00F0223D 162E53F9 68656C6C 6F203136 B0A8
217407	1	16	5: 0x020039FA 19
217445	1	16	73: 0x61DCF4CD AB100010 00100010 00010001 00010001 007EF700 E31E0303 99300000 05000500 05000508 00080008 00080F00 0F000F00 0F000000 F0162E22 3D53F968 656C6C6F 2031363E F7
217448	16	1,2,3,4,5	5: 0x0200F413 04
217471	16	1,2,3,4,5	82: 0x61DC3ACD AB050005 00050005 00100010 00100010 007CD700 3F020100 01000100 01E31E03 02993000 00100010 00100010 08000800 0800080F 000F000F 000F0000 00F0162E 223D53F9 68656C6C 6F203136 B215
217474	5	2,3,4,8,9,10,11,16	5: 0x02003A61 2B
217480	5	2,3,4,8,9,10,11,16	82: 0x61DC08CD AB080008 00080008 00050005 00050005 007CD700 3E020100 01000100 01E31E03 01993000 00100010 00100010 05000500 0500050F 000F000F 000F0000 00F0162E 223D53F9 68656C6C 6F203136 30D0
217483	8	2,3,4,5,6,7,9,10,11,12,13,14,15	5: 0x020008F0 39
217488	8	2,3,4,5,6,7,9,10,11,12,13,14,15	82: 0x61DC66CD AB0F000F 000F000F 00080008 00080008 007CD700 3D020100 01000100 01E31E03 00993000 00100010 00100010 05000500 05000508 00080008 00080000 00F0162E 223D53F9 68656C6C 6F203136 E56A
217491	15	8,9,10,11,12,13,14	5: 0x02006688 B3
218608	12	6,7,8,9,13,14,15	57: 0x61DC50CD AB080008 00080008 000C000C 000C000C 007EF500 02010001 00010001 E1066304 0000028B F0223D16 2E540568 656C6C6F 203136FB D2
218610	8	2,3,4,5,6,7,9,10,11,12,13,14,15	5: 0x0200503D E7
218614	8	2,3,4,5,6,7,9,10,11,12,13,14,15	66: 0x61DC67CD AB050005 00050005 00080008 00080008 007CD500 3F020C00 0C000C00 0C020100 01000100 01E10663 04000002 00F0223D 162E5405 68656C6C 6F203136 987B
218617	5	2,3,4,8,9,10,11,16	5: 0x02006701 A2
218659	5	2,3,4,8,9,10,11,16	66: 0x61DC09CD AB100010 00100010 00050005 00050005 007CD500 3E020C00 0C000C00 0C020100 01000100 01E10663 04000001 80F0223D 162E5405 68656C6C 6F203136 88EE
218662	16	1,2,3,4,5	5: 0x02000979 28
218683	16	1,2,3,4,5	58: 0x61DC3BCD AB010001 00010001 00100010 00100010 007CD700 3D020C00 0C000C00 0CE10663 04000001 00F0223D 162E5405 68656C6C 6F203136 CA2D
218685	1	16	5: 0x02003BE8 3A
218691	1	16	73: 0x61DCF5CD AB100010 00100010 00010001 00010001 007EF700 E31E0303 99300000 05000500 05000508 00080008 00080C00 0C000C00 0C000000 F0162E22 3D540568 656C6C6F 20313618 E8
218694	16	1,2,3,4,5	5: 0x0200F59A 15
218720	16	1,2,3,4,5	82: 0x61DC3CCD AB050005 00050005 00100010 00100010 007CD700 3F020100 01000100 01E31E03 02993000 00100010 00100010 08000800 0800080C 000C000C 000C0000 00F0162E 223D5405 68656C6C 6F203136 0B2A
218723	5	2,3,4,8,9,10,11,16	5: 0x02003C57 4E
218749	5	2,3,4,8,9,10,11,16	82: 0x61DC0ACD AB080008 00080008 00050005 00050005 007CD700 3E020100 01000100 01E31E03 01993000 00100010 00100010 05000500 0500050C 000C000C 000C0000 00F0162E 223D5405 68656C6C 6F203136 04A5
218752	8	2,3,4,5,6,7,9,10,11,12,13,14,15	5: 0x02000AE2 1A
218764	8	2,3,4,5,6,7,9,10,11,12,13,14,15	82: 0x61DC68CD AB0C000C 000C000C 00080008 00080008 007CD700 3D020100 01000100 01E31E03 00993000 00100010 00100010 05000500 05000508 00080008 00080000 00F0162E 223D5405 68656C6C 6F203136 A2CC
218767	12	6,7,8,9,13,14,15	5: 0x020068F6 5A
219090	6	2,3,7,8,9,12,13	57: 0x61DCFBCD AB020002 00020002 00060006 00060006 007EF500 02010001 00010001 E1066304 00000212 F0223D16 2E541C68 656C6C6F 203137AE 70
219092	2	3,4,5,6,7,8,9,16	5: 0x0200FBE4 FC
219106	2	3,4,5,6,7,8,9,16	66: 0x61DC4CCD AB100010 00100010 00020002 00020002 007CD500 3F020600 06000600 06020100 01000100 01E10663 04000001 80F0223D 162E541C 68656C6C 6F203137 6D6D
219109	16	1,2,3,4,5	5: 0x02004CD0 3D
219116	9	2,3,4,5,6,7,8,10,11,12,13,14,15	57: 0x61DC64CD AB050005 00050005 00090009 00090009 007EF500 02010001 00010001 E1066304 00000209 F0223D16 2E541068 656C6C6F 20313705 18
219118	5	2,3,4,8,9,10,11,16	5: 0x0200649A 90
219137	16	1,2,3,4,5	58: 0x61DC3DCD AB010001 00010001 00100010 00100010 007CD700 3E020600 06000600 06E10663 04000001 00F0223D 162E541C 68656C6C 6F203137 88A9
219139	1	16	5: 0x02003DDE 5F
219142	1	16	65: 0x61DCF6CD AB100010 00100010 00010001 00010001 007EF700 E3160302 99200000 02000200 02000206 00060006 00060000 F0162E22 3D541C68 656C6C6F 20313739 F8
219145	16	1,2,3,4,5	5: 0x0200F601 27
219155	5	2,3,4,8,9,10,11,16	66: 0x61DC0BCD AB100010 00100010 00050005 00050005 007CD500 3F020900 09000900 09020100 01000100 01E10663 04000001 80F0223D 162E5410 68656C6C 6F203137 4F23
219158	16	1,2,3,4,5	5: 0x02000B6B 0B
219173	16	1,2,3,4,5	74: 0x61DC3ECD AB020002 00020002 00100010 00100010 007CD700 3F020100 01000100 01E31603 01992000 00100010 00100010 06000600 06000600 00F0162E 223D541C 68656C6C 6F203137 06EF
219176	2	3,4,5,6,7,8,9,16	5: 0x02003E45 6D
219179	16	1,2,3,4,5	58: 0x61DC3FCD AB010001 00010001 00100010 00100010 007CD700 3E020900 09000900 09E10663 04000001 00F0223D 162E5410 68656C6C 6F203137 10F6
219182	1	16	5: 0x02003FCC 7C
219185	2	3,4,5,6,7,8,9,16	74: 0x61DC4DCD AB060006 00060006 00020002 00020002 007CD700 3E020100 01000100 01E31603 00992000 00100010 00100010 02000200 02000200 00F0162E 223D541C 68656C6C 6F203137 6CED
219188	6	2,3,7,8,9,12,13	5: 0x02004D59 2C
219199	1	16	65: 0x61DCF7CD AB100010 00100010 00010001 00010001 007EF700 E3160302 99200000 05000500 05000509 00090009 00090000 F0162E22 3D541068 656C6C6F 20313765 74
219202	16	1,2,3,4,5	5: 0x0200F788 36
219218	16	1,2,3,4,5	74: 0x61DC40CD AB050005 00050005 00100010 00100010 007CD700 3F020100 01000100 01E31603 01992000 00100010 00100010 09000900 09000900 00F0162E 223D5410 68656C6C 6F203137 13B8
219221	5	2,3,4,8,9,10,11,16	5: 0x020040BC F7
219243	5	2,3,4,8,9,10,11,16	74: 0x61DC0CCD AB090009 00090009 00050005 00050005 007CD700 3E020100 01000100 01E31603 00992000 00100010 00100010 05000500 05000500 00F0162E 223D5410 68656C6C 6F203137 F794
219246	9	2,3,4,5,6,7,8,10,11,12,13,14,15	5: 0x02000CD4 7F
220334	2	3,4,5,6,7,8,9,16	57: 0x61DC4ECD AB100010 00100010 00020002 00020002 007EF500 02010001 00010001 E1066304 00000180 F0223D16 2E542B68 656C6C6F 203138D4 45
220336	16	1,2,3,4,5	5: 0x02004EC2 1E
220349	16	1,2,3,4,5	58: 0x61DC41CD AB010001 00010001 00100010 00100010 007CD700 3F020200 02000200 02E10663 04000001 00F0223D 162E542B 68656C6C 6F203138 634A
220351	1	16	5: 0x02004135 E6
220381	1	16	57: 0x61DCF8CD AB100010 00100010 00010001 00010001 007EF700 E30E0301 99100000 02000200 02000200 F0162E22 3D542B68 656C6C6F 2031389B 72
220383	16	1,2,3,4,5	5: 0x0200F87F CE
220399	16	1,2,3,4,5	66: 0x61DC42CD AB020002 00020002 00100010 00100010 007CD700 3F020100 01000100 01E30E03 00991000 00100010 00100010 00F0162E 223D542B 68656C6C 6F203138 E9A4
220402	2	3,4,5,6,7,8,9,16	5: 0x020042AE D4
221334	10	3,4,5,7,8,9,11,13,14,15	57: 0x61DC06CD AB050005 00050005 000A000A 000A000A 007EF500 02010001 00010001 E1066304 0000020E F0223D16 2E540B68 656C6C6F 20313815 A4
221336	5	2,3,4,8,9,10,11,16	5: 0x0200068E D0
221346	5	2,3,4,8,9,10,11,16	66: 0x61DC0DCD AB100010 00100010 00050005 00050005 007CD500 3F020A00 0A000A00 0A020100 01000100 01E10663 04000001 80F0223D 162E540B 68656C6C 6F203138 D8E4
221349	16	1,2,3,4,5	5: 0x02000D5D 6E
221368	16	1,2,3,4,5	58: 0x61DC43CD AB010001 00010001 00100010 00100010 007CD700 3E020A00 0A000A00 0AE10663 04000001 00F0223D 162E540B 68656C6C 6F203138 71B7
221370	1	16	5: 0x02004327 C5
221377	1	16	65: 0x61DCF9CD AB100010 00100010 00010001 00010001 007EF700 E3160302 99200000 05000500 0500050A 000A000A 000A0000 F0162E22 3D540B68 656C6C6F 20313868 30
221380	16	1,2,3,4,5	5: 0x0200F9F6 DF
221423	16	1,2,3,4,5	74: 0x61DC44CD AB050005 00050005 00100010 00100010 007CD700 3F020100 01000100 01E31603 01992000 00100010 00100010 0A000A00 0A000A00 00F0162E 223D540B 68656C6C 6F203138 FE10
221426	5	2,3,4,8,9,10,11,16	5: 0x02004498 B1
221430	5	2,3,4,8,9,10,11,16	74: 0x61DC0ECD AB0A000A 000A000A 00050005 00050005 007CD700 3E020100 01000100 01E31603 00992000 00100010 00100010 05000500 05000500 00F0162E 223D540B 68656C6C 6F203138 A75A
221433	10	3,4,5,7,8,9,11,13,14,15	5: 0x02000EC6 5C
221675	7	2,3,4,6,8,9,10,12,13,14	102: 0x61DC9FCD AB080008 00080008 00070007 00070007 007A333A 9B01FDF9 00F0020B 08F00000 FD000000 00000000 02010001 00010001 040E0008 0C000400 00800001 001E003C 081E4040 FFFFFFFF FFFFFFFF 00000000 FD000000 00000000 00000000 00000000 34D2
221679	8	2,3,4,5,6,7,9,10,11,12,13,14,15	5: 0x02009FC6 D9
223062	1	16	97: 0x41D8FACD ABFFFF01 00010001 0001007A 3B3A1A9B 01012100 F0008008 F00000FD 00000000 00000002 01000100 01000104 0E00080C 00040000 80000100 1E003C08 1E4040FF FFFFFFFF FFFFFF00 000000FD 00000000 00000000 00000000 00000044 D8
223396	11	4,5,8,9,10,14,15	57: 0x61DC0FCD AB050005 00050005 000B000B 000B000B 007EF500 02010001 00010001 E1066304 00000208 F0223D16 2E540768 656C6C6F 20313865 A5
223398	5	2,3,4,8,9,10,11,16	5: 0x02000F4F 4D
223435	5	2,3,4,8,9,10,11,16	66: 0x61DC0FCD AB100010 00100010 00050005 00050005 007CD500 3F020B00 0B000B00 0B020100 01000100 01E10663 04000001 80F0223D 162E5407 68656C6C 6F203138 EF7B
223438	16	1,2,3,4,5	5: 0x02000F4F 4D
223457	16	1,2,3,4,5	58: 0x61DC45CD AB010001 00010001 00100010 00100010 007CD700 3E020B00 0B000B00 0BE10663 04000001 00F0223D 162E5407 68656C6C 6F203138 6060
223459	1	16	5: 0x02004511 A0
223473	1	16	65: 0x61DCFBCD AB100010 00100010 00010001 00010001 007EF700 E3160302 99200000 05000500 0500050B 000B000B 000B0000 F0162E22 3D540768 656C6C6F 20313897 4A
223476	16	1,2,3,4,5	5: 0x0200FBE4 FC
223510	16	1,2,3,4,5	74: 0x61DC46CD AB050005 00050005 00100010 00100010 007CD700 3F020100 01000100 01E31603 01992000 00100010 00100010 0B000B00 0B000B00 00F0162E 223D5407 68656C6C 6F203138 2CBD
223513	5	2,3,4,8,9,10,11,16	5: 0x0200468A 92
223548	5	2,3,4,8,9,10,11,16	74: 0x61DC10CD AB0B000B 000B000B 00050005 00050005 007CD700 3E020100 01000100 01E31603 00992000 00100010 00100010 05000500 05000500 00F0162E 223D5407 68656C6C 6F203138 0CB6
223551	11	4,5,8,9,10,14,15	5: 0x02001039 A5
223907	13	6,7,8,9,10,12,14,15	57: 0x61DC66CD AB080008 00080008 000D000D 000D000D 007EF500 02010001 00010001 E1066304 0000028D F0223D16 2E540168 656C6C6F 20313630 99
223909	8	2,3,4,5,6,7,9,10,11,12,13,14,15	5: 0x02006688 B3
223912	8	2,3,4,5,6,7,9,10,11,12,13,14,15	66: 0x61DC69CD AB050005 00050005 00080008 00080008 007CD500 3F020D00 0D000D00 0D020100 01000100 01E10663 04000002 00F0223D 162E5401 68656C6C 6F203136 8789
223915	5	2,3,4,8,9,10,11,16	5: 0x0200697F 4B
223949	5	2,3,4,8,9,10,11,16	66: 0x61DC11CD AB100010 00100010 00050005 00050005 007CD500 3E020D00 0D000D00 0D020100 01000100 01E10663 04000001 80F0223D 162E5401 68656C6C 6F203136 91D4
223952	16	1,2,3,4,5	5: 0x020011B0 B4
223969	16	1,2,3,4,5	58: 0x61DC47CD AB010001 00010001 00100010 00100010 007CD700 3D020D00 0D000D00 0DE10663 04000001 00F0223D 162E5401 68656C6C 6F203136 120C
223971	1	16	5: 0x02004703 83
224003	1	16	73: 0x61DCFCCD AB100010 00100010 00010001 00010001 007EF700 E31E0303 99300000 05000500 05000508 00080008 00080D00 0D000D00 0D000000 F0162E22 3D540168 656C6C6F 203136B0 5F
224006	16	1,2,3,4,5	5: 0x0200FC5B 88
224017	16	1,2,3,4,5	82: 0x61DC48CD AB050005 00050005 00100010 00100010 007CD700 3F020100 01000100 01E31E03 02993000 00100010 00100010 08000800 0800080D 000D000D 000D0000 00F0162E 223D5401 68656C6C 6F203136 0F98
224020	5	2,3,4,8,9,10,11,16	5: 0x020048F4 7B
224031	5	2,3,4,8,9,10,11,16	82: 0x61DC12CD AB080008 00080008 00050005 00050005 007CD700 3E020100 01000100 01E31E03 01993000 00100010 00100010 05000500 0500050D 000D000D 000D0000 00F0162E 223D5401 68656C6C 6F203136 4904
224034	8	2,3,4,5,6,7,9,10,11,12,13,14,15	5: 0x0200122B 86
224069	8	2,3,4,5,6,7,9,10,11,12,13,14,15	82: 0x61DC6ACD AB0D000D 000D000D 00080008 00080008 007CD700 3D020100 01000100 01E31E03 00993000 00100010 00100010 05000500 05000508 00080008 00080000 00F0162E 223D5401 68656C6C 6F203136 CD87
224072	13	6,7,8,9,10,12,14,15	5: 0x02006AE4 79
224100	3	2,4,5,6,7,8,9,10,16	57: 0x61DCC6CD AB100010 00100010 00030003 00030003 007EF500 02010001 00010001 E1066304 00000188 F0223D16 2E542668 656C6C6F 203139D5 8F
224102	16	1,2,3,4,5	5: 0x0200C682 16
224107	16	1,2,3,4,5	58: 0x61DC49CD AB010001 00010001 00100010 00100010 007CD700 3F020300 03000300 03E10663 04000001 00F0223D 162E5426 68656C6C 6F203139 2BB4
224109	1	16	5: 0x0200497D 6A
224129	1	16	57: 0x61DCFDCD AB100010 00100010 00010001 00010001 007EF700 E30E0301 99100000 03000300 03000300 F0162E22 3D542668 656C6C6F 203139FF 9E
224131	16	1,2,3,4,5	5: 0x0200FDD2 99
224145	16	1,2,3,4,5	66: 0x61DC4ACD AB030003 00030003 00100010 00100010 007CD700 3F020100 01000100 01E30E03 00991000 00100010 00100010 00F0162E 223D5426 68656C6C 6F203139 0E6F
224148	3	2,4,5,6,7,8,9,10,16	5: 0x02004AE6 58
224330	5	2,3,4,8,9,10,11,16	57: 0x61DC13CD AB100010 00100010 00050005 00050005 007EF500 02010001 00010001 E1066304 00000180 F0223D16 2E541E68 656C6C6F 20313902 03
224332	16	1,2,3,4,5	5: 0x020013A2 97
224343	16	1,2,3,4,5	58: 0x61DC4BCD AB010001 00010001 00100010 00100010 007CD700 3F020500 05000500 05E10663 04000001 00F0223D 162E541E 68656C6C 6F203139 F97B
224345	1	16	5: 0x02004B6F 49
224376	1	16	57: 0x61DCFECD AB100010 00100010 00010001 00010001 007EF700 E30E0301 99100000 05000500 05000500 F0162E22 3D541E68 656C6C6F 20313966 21
224378	16	1,2,3,4,5	5: 0x0200FE49 AB
224390	16	1,2,3,4,5	66: 0x61DC4CCD AB050005 00050005 00100010 00100010 007CD700 3F020100 01000100 01E30E03 00991000 00100010 00100010 00F0162E 223D541E 68656C6C 6F203139 3ABB
224393	5	2,3,4,8,9,10,11,16	5: 0x02004CD0 3D
224972	7	2,3,4,6,8,9,10,12,13,14	57: 0x61DCA0CD AB020002 00020002 00070007 00070007 007EF500 02010001 00010001 E1066304 0000020B F0223D16 2E541868 656C6C6F 203137C0 70
224974	2	3,4,5,6,7,8,9,16	5: 0x0200A0B2 10
224992	2	3,4,5,6,7,8,9,16	66: 0x61DC4FCD AB100010 00100010 00020002 00020002 007CD500 3F020700 07000700 07020100 01000100 01E10663 04000001 80F0223D 162E5418 68656C6C 6F203137 00F2
224995	16	1,2,3,4,5	5: 0x02004F4B 0F
225028	16	1,2,3,4,5	58: 0x61DC4DCD AB010001 00010001 00100010 00100010 007CD700 3E020700 07000700 07E10663 04000001 00F0223D 162E5418 68656C6C 6F203137 CF5F
225030	1	16	5: 0x02004D59 2C
225053	1	16	65: 0x61DCFFCD AB100010 00100010 00010001 00010001 007EF700 E3160302 99200000 02000200 02000207 00070007 00070000 F0162E22 3D541868 656C6C6F 2031371B C0
225056	16	1,2,3,4,5	5: 0x0200FFC0 BA
225085	16	1,2,3,4,5	74: 0x61DC4ECD AB020002 00020002 00100010 00100010 007CD700 3F020100 01000100 01E31603 01992000 00100010 00100010 07000700 07000700 00F0162E 223D5418 68656C6C 6F203137 4660
225088	2	3,4,5,6,7,8,9,16	5: 0x02004EC2 1E
225094	2	3,4,5,6,7,8,9,16	74: 0x61DC50CD AB070007 00070007 00020002 00020002 007CD700 3E020100 01000100 01E31603 00992000 00100010 00100010 02000200 02000200 00F0162E 223D5418 68656C6C 6F203137 7ADE
225097	7	2,3,4,6,8,9,10,12,13,14	5: 0x0200503D E7
225431	8	2,3,4,5,6,7,9,10,11,12,13,14,15	57: 0x61DC6BCD AB050005 00050005 00080008 00080008 007EF500 02010001 00010001 E1066304 00000200 F0223D16 2E541368 656C6C6F 20313845 1C
225433	5	2,3,4,8,9,10,11,16	5: 0x02006B6D 68
225462	5	2,3,4,8,9,10,11,16	66: 0x61DC14CD AB100010 00100010 00050005 00050005 007CD500 3F020800 08000800 08020100 01000100 01E10663 04000001 80F0223D 162E5413 68656C6C 6F203138 A27E
225465	16	1,2,3,4,5	5: 0x0200141D E3
225484	16	1,2,3,4,5	58: 0x61DC4FCD AB010001 00010001 00100010 00100010 007CD700 3E020800 08000800 08E10663 04000001 00F0223D 162E5413 68656C6C 6F203138 4211
225486	1	16	5: 0x02004F4B 0F
225500	1	16	65: 0x61DC00CD AB100010 00100010 00010001 00010001 007EF700 E3160302 99200000 05000500 05000508 00080008 00080000 F0162E22 3D541368 656C6C6F 20313896 0E
225503	16	1,2,3,4,5	5: 0x020000B8 B5
225527	16	1,2,3,4,5	74: 0x61DC50CD AB050005 00050005 00100010 00100010 007CD700 3F020100 01000100 01E31603 01992000 00100010 00100010 08000800 08000800 00F0162E 223D5413 68656C6C 6F203138 F289
225530	5	2,3,4,8,9,10,11,16	5: 0x0200503D E7
225555	5	2,3,4,8,9,10,11,16	74: 0x61DC15CD AB080008 00080008 00050005 00050005 007CD700 3E020100 01000100 01E31603 00992000 00100010 00100010 05000500 05000500 00F0162E 223D5413 68656C6C 6F203138 5EC6
225558	8	2,3,4,5,6,7,9,10,11,12,13,14,15	5: 0x02001594 F2
226158	14	7,8,9,10,11,12,13,15	57: 0x61DCAACD AB080008 00080008 000E000E 000E000E 007EF500 02010001 00010001 E1066304 00000289 F0223D16 2E53FC68 656C6C6F 20313707 0B
226160	8	2,3,4,5,6,7,9,10,11,12,13,14,15	5: 0x0200AAE8 BF
226179	8	2,3,4,5,6,7,9,10,11,12,13,14,15	66: 0x61DC6CCD AB050005 00050005 00080008 00080008 007CD500 3F020E00 0E000E00 0E020100 01000100 01E10663 04000002 00F0223D 162E53FC 68656C6C 6F203137 B992
226182	5	2,3,4,8,9,10,11,16	5: 0x02006CD2 1C
226187	5	2,3,4,8,9,10,11,16	66: 0x61DC16CD AB100010 00100010 00050005 00050005 007CD500 3E020E00 0E000E00 0E020100 01000100 01E10663 04000001 80F0223D 162E53FC 68656C6C 6F203137 8F30
226190	16	1,2,3,4,5	5: 0x0200160F C0
226209	16	1,2,3,4,5	58: 0x61DC51CD AB010001 00010001 00100010 00100010 007CD700 3D020E00 0E000E00 0EE10663 04000001 00F0223D 162E53FC 68656C6C 6F203137 ACA5
226211	1	16	5: 0x020051B4 F6
226249	1	16	73: 0x61DC01CD AB100010 00100010 00010001 00010001 007EF700 E31E0303 99300000 05000500 05000508 00080008 00080E00 0E000E00 0E000000 F0162E22 3D53FC68 656C6C6F 20313727 E0
226252	16	1,2,3,4,5	5: 0x02000131 A4
226259	16	1,2,3,4,5	82: 0x61DC52CD AB050005 00050005 00100010 00100010 007CD700 3F020100 01000100 01E31E03 02993000 00100010 00100010 08000800 0800080E 000E000E 000E0000 00F0162E 223D53FC 68656C6C 6F203137 7006
226262	5	2,3,4,8,9,10,11,16	5: 0x0200522F C4
226295	5	2,3,4,8,9,10,11,16	82: 0x61DC17CD AB080008 00080008 00050005 00050005 007CD700 3E020100 01000100 01E31E03 01993000 00100010 00100010 05000500 0500050E 000E000E 000E0000 00F0162E 223D53FC 68656C6C 6F203137 6D96
226298	8	2,3,4,5,6,7,9,10,11,12,13,14,15	5: 0x02001786 D1
226306	8	2,3,4,5,6,7,9,10,11,12,13,14,15	82: 0x61DC6DCD AB0E000E 000E000E 00080008 00080008 007CD700 3D020100 01000100 01E31E03 00993000 00100010 00100010 05000500 05000508 00080008 00080000 00F0162E 223D53FC 68656C6C 6F203137 43B8
226309	14	7,8,9,10,11,12,13,15	5: 0x02006D5B 0D
226531	16	1,2,3,4,5	97: 0x41D853CD ABFFFF10 00100010 0010007A 3B3A1A9B 01006500 F0010008 F00000FD 00000000 00000002 01000100 01000104 0E00080C 00040000 80000100 1E003C08 1E4040FF FFFFFFFF FFFFFF00 000000FD 00000000 00000000 00000000 000000BC 9F
226694	4	2,3,5,7,8,9,10,11,16	57: 0x61DCFBCD AB100010 00100010 00040004 00040004 007EF500 02010001 00010001 E1066304 00000188 F0223D16 2E542268 656C6C6F 203139D2 4B
226696	16	1,2,3,4,5	5: 0x0200FBE4 FC
226714	16	1,2,3,4,5	58: 0x61DC54CD AB010001 00010001 00100010 00100010 007CD700 3F020400 04000400 04E10663 04000001 00F0223D 162E5422 68656C6C 6F203139 3352
226716	1	16	5: 0x02005419 A1
226729	1	16	57: 0x61DC02CD AB100010 00100010 00010001 00010001 007EF700 E30E0301 99100000 04000400 04000400 F0162E22 3D542268 656C6C6F 203139C3 81
226731	16	1,2,3,4,5	5: 0x020002AA 96
226771	16	1,2,3,4,5	66: 0x61DC55CD AB040004 00040004 00100010 00100010 007CD700 3F020100 01000100 01E30E03 00991000 00100010 00100010 00F0162E 223D5422 68656C6C 6F203139 E39A
226774	4	2,3,5,7,8,9,10,11,16	5: 0x02005590 B0
227125	2	3,4,5,6,7,8,9,16	102: 0x61DC51CD AB050005 00050005 00020002 00020002 007A333A 9B01FEA4 00F00180 08F00000 FD000000 00000000 02010001 00010001 040E0008 0C000400 00800001 001E003C 081E4040 FFFFFFFF FFFFFFFF 00000000 FD000000 00000000 00000000 00000000 915A
227129	5	2,3,4,8,9,10,11,16	5: 0x020051B4 F6
227756	15	8,9,10,11,12,13,14	57: 0x61DCD4CD AB080008 00080008 000F000F 000F000F 007EF500 02010001 00010001 E1066304 0000028D F0223D16 2E53F868 656C6C6F 20313773 DC
227758	8	2,3,4,5,6,7,9,10,11,12,13,14,15	5: 0x0200D411 25
227774	8	2,3,4,5,6,7,9,10,11,12,13,14,15	66: 0x61DC6ECD AB050005 00050005 00080008 00080008 007CD500 3F020F00 0F000F00 0F020100 01000100 01E10663 04000002 00F0223D 162E53F8 68656C6C 6F203137 4472
227777	5	2,3,4,8,9,10,11,16	5: 0x02006EC0 3F
227782	5	2,3,4,8,9,10,11,16	66: 0x61DC18CD AB100010 00100010 00050005 00050005 007CD500 3E020F00 0F000F00 0F020100 01000100 01E10663 04000001 80F0223D 162E53F8 68656C6C 6F203137 90C2
227785	16	1,2,3,4,5	5: 0x02001871 29
227813	16	1,2,3,4,5	58: 0x61DC56CD AB010001 00010001 00100010 00100010 007CD700 3D020F00 0F000F00 0FE10663 04000001 00F0223D 162E53F8 68656C6C 6F203137 2E5C
227815	1	16	5: 0x0200560B 82
227828	1	16	73: 0x61DC03CD AB100010 00100010 00010001 00010001 007EF700 E31E0303 99300000 05000500 05000508 00080008 00080F00 0F000F00 0F000000 F0162E22 3D53F868 656C6C6F 203137FC 68
227831	16	1,2,3,4,5	5: 0x02000323 87
227834	16	1,2,3,4,5	82: 0x61DC57CD AB050005 00050005 00100010 00100010 007CD700 3F020100 01000100 01E31E03 02993000 00100010 00100010 08000800 0800080F 000F000F 000F0000 00F0162E 223D53F8 68656C6C 6F203137 280A
227837	5	2,3,4,8,9,10,11,16	5: 0x02005782 93
227841	5	2,3,4,8,9,10,11,16	82: 0x61DC19CD AB080008 00080008 00050005 00050005 007CD700 3E020100 01000100 01E31E03 01993000 00100010 00100010 05000500 0500050F 000F000F 000F0000 00F0162E 223D53F8 68656C6C 6F203137 C6FE
227844	8	2,3,4,5,6,7,9,10,11,12,13,14,15	5: 0x020019F8 38
227864	8	2,3,4,5,6,7,9,10,11,12,13,14,15	82: 0x61DC6FCD AB0F000F 000F000F 00080008 00080008 007CD700 3D020100 01000100 01E31E03 00993000 00100010 00100010 05000500 05000508 00080008 00080000 00F0162E 223D53F8 68656C6C 6F203137 2CF3
227867	15	8,9,10,11,12,13,14	5: 0x02006F49 2E
228636	6	2,3,7,8,9,12,13	57: 0x61DCFCCD AB020002 00020002 00060006 00060006 007EF500 02010001 00010001 E1066304 00000210 F0223D16 2E541B68 656C6C6F 20313881 38
228638	2	3,4,5,6,7,8,9,16	5: 0x0200FC5B 88
228642	2	3,4,5,6,7,8,9,16	66: 0x61DC52CD AB100010 00100010 00020002 00020002 007CD500 3F020600 06000600 06020100 01000100 01E10663 04000001 80F0223D 162E541B 68656C6C 6F203138 CD50
228645	16	1,2,3,4,5	5: 0x0200522F C4
228675	16	1,2,3,4,5	58: 0x61DC58CD AB010001 00010001 00100010 00100010 007CD700 3E020600 06000600 06E10663 04000001 00F0223D 162E541B 68656C6C 6F203138 2F28
228677	1	16	5: 0x02005875 6B
228720	1	16	65: 0x61DC04CD AB100010 00100010 00010001 00010001 007EF700 E3160302 99200000 02000200 02000206 00060006 00060000 F0162E22 3D541B68 656C6C6F 203138DA C9
228723	16	1,2,3,4,5	5: 0x0200049C F3
228727	16	1,2,3,4,5	74: 0x61DC59CD AB020002 00020002 00100010 00100010 007CD700 3F020100 01000100 01E31603 01992000 00100010 00100010 06000600 06000600 00F0162E 223D541B 68656C6C 6F203138 7A81
228730	2	3,4,5,6,7,8,9,16	5: 0x020059FC 7A
228742	2	3,4,5,6,7,8,9,16	74: 0x61DC53CD AB060006 00060006 00020002 00020002 007CD700 3E020100 01000100 01E31603 00992000 00100010 00100010 02000200 02000200 00F0162E 223D541B 68656C6C 6F203138 6B9F
228745	6	2,3,7,8,9,12,13	5: 0x020053A6 D5
228812	12	6,7,8,9,13,14,15	57: 0x61DC51CD AB080008 00080008 000C000C 000C000C 007EF500 02010001 00010001 E1066304 00000289 F0223D16 2E540468 656C6C6F 203137DD 5E
228814	8	2,3,4,5,6,7,9,10,11,12,13,14,15	5: 0x020051B4 F6
228818	8	2,3,4,5,6,7,9,10,11,12,13,14,15	66: 0x61DC70CD AB050005 00050005 00080008 00080008 007CD500 3F020C00 0C000C00 0C020100 01000100 01E10663 04000002 00F0223D 162E5404 68656C6C 6F203137 7A90
228821	5	2,3,4,8,9,10,11,16	5: 0x0200703F C6
228828	5	2,3,4,8,9,10,11,16	66: 0x61DC1ACD AB100010 00100010 00050005 00050005 007CD500 3E020C00 0C000C00 0C020100 01000100 01E10663 04000001 80F0223D 162E5404 68656C6C 6F203137 3BF3
228831	16	1,2,3,4,5	5: 0x02001A63 0A
228871	16	1,2,3,4,5	58: 0x61DC5ACD AB010001 00010001 00100010 00100010 007CD700 3D020C00 0C000C00 0CE10663 04000001 00F0223D 162E5404 68656C6C 6F203137 79AC
228873	1	16	5: 0x02005A67 48
228885	1	16	73: 0x61DC05CD AB100010 00100010 00010001 00010001 007EF700 E31E0303 99300000 05000500 05000508 00080008 00080C00 0C000C00 0C000000 F0162E22 3D540468 656C6C6F 2031376C 17
228888	16	1,2,3,4,5	5: 0x02000515 E2
228930	16	1,2,3,4,5	82: 0x61DC5BCD AB050005 00050005 00100010 00100010 007CD700 3F020100 01000100 01E31E03 02993000 00100010 00100010 08000800 0800080C 000C000C 000C0000 00F0162E 223D5404 68656C6C 6F203137 C501
228933	5	2,3,4,8,9,10,11,16	5: 0x02005BEE 59
228969	5	2,3,4,8,9,10,11,16	82: 0x61DC1BCD AB080008 00080008 00050005 00050005 007CD700 3E020100 01000100 01E31E03 01993000 00100010 00100010 05000500 0500050C 000C000C 000C0000 00F0162E 223D5404 68656C6C 6F203137 F28B
228972	8	2,3,4,5,6,7,9,10,11,12,13,14,15	5: 0x02001BEA 1B
229013	8	2,3,4,5,6,7,9,10,11,12,13,14,15	82: 0x61DC71CD AB0C000C 000C000C 00080008 00080008 007CD700 3D020100 01000100 01E31E03 00993000 00100010 00100010 05000500 05000508 00080008 00080000 00F0162E 223D5404 68656C6C 6F203137 4E77
229016	12	6,7,8,9,13,14,15	5: 0x020071B6 D7
229460	9	2,3,4,5,6,7,8,10,11,12,13,14,15	57: 0x61DC65CD AB050005 00050005 00090009 00090009 007EF500 02010001 00010001 E1066304 00000208 F0223D16 2E540F68 656C6C6F 2031383D C3
229462	5	2,3,4,8,9,10,11,16	5: 0x02006513 81
229473	5	2,3,4,8,9,10,11,16	66: 0x61DC1CCD AB100010 00100010 00050005 00050005 007CD500 3F020900 09000900 09020100 01000100 01E10663 04000001 80F0223D 162E540F 68656C6C 6F203138 9205
229476	16	1,2,3,4,5	5: 0x02001C55 6F
229487	16	1,2,3,4,5	58: 0x61DC5CCD AB010001 00010001 00100010 00100010 007CD700 3E020900 09000900 09E10663 04000001 00F0223D 162E540F 68656C6C 6F203138 2E18
229489	1	16	5: 0x02005C51 2D
229520	1	16	65: 0x61DC06CD AB100010 00100010 00010001 00010001 007EF700 E3160302 99200000 05000500 05000509 00090009 00090000 F0162E22 3D540F68 656C6C6F 2031381C 5D
229523	16	1,2,3,4,5	5: 0x0200068E D0
229552	16	1,2,3,4,5	74: 0x61DC5DCD AB050005 00050005 00100010 00100010 007CD700 3F020100 01000100 01E31603 01992000 00100010 00100010 09000900 09000900 00F0162E 223D540F 68656C6C 6F203138 3DEA
229555	5	2,3,4,8,9,10,11,16	5: 0x02005DD8 3C
229583	5	2,3,4,8,9,10,11,16	74: 0x61DC1DCD AB090009 00090009 00050005 00050005 007CD700 3E020100 01000100 01E31603 00992000 00100010 00100010 05000500 05000500 00F0162E 223D540F 68656C6C 6F203138 2757
229586	9	2,3,4,5,6,7,8,10,11,12,13,14,15	5: 0x02001DDC 7E
230185	3	2,4,5,6,7,8,9,10,16	102: 0x61DCC7CD AB080008 00080008 00030003 00030003 007A333A 9B01FE8D 00F00187 08F00000 FD000000 00000000 02010001 00010001 040E0008 0C000400 00800001 001E003C 081E4040 FFFFFFFF FFFFFFFF 00000000 FD000000 00000000 00000000 00000000 FE21
230189	8	2,3,4,5,6,7,9,10,11,12,13,14,15	5: 0x0200C70B 07
230372	2	3,4,5,6,7,8,9,16	57: 0x61DC54CD AB100010 00100010 00020002 00020002 007EF500 02010001 00010001 E1066304 00000180 F0223D16 2E542A68 656C6C6F 203139F5 AC
230374	16	1,2,3,4,5	5: 0x02005419 A1
230412	16	1,2,3,4,5	58: 0x61DC5ECD AB010001 00010001 00100010 00100010 007CD700 3F020200 02000200 02E10663 04000001 00F0223D 162E542A 68656C6C 6F203139 A60F
230414	1	16	5: 0x02005E43 0E
230421	1	16	57: 0x61DC07CD AB100010 00100010 00010001 00010001 007EF700 E30E0301 99100000 02000200 02000200 F0162E22 3D542A68 656C6C6F 2031399F BF
230423	16	1,2,3,4,5	5: 0x02000707 C1
230434	10	3,4,5,7,8,9,11,13,14,15	57: 0x61DC07CD AB050005 00050005 000A000A 000A000A 007EF500 02010001 00010001 E1066304 0000020C F0223D16 2E540A68 656C6C6F 20313933 28
230436	5	2,3,4,8,9,10,11,16	5: 0x02000707 C1
230457	16	1,2,3,4,5	66: 0x61DC5FCD AB020002 00020002 00100010 00100010 007CD700 3F020100 01000100 01E30E03 00991000 00100010 00100010 00F0162E 223D542A 68656C6C 6F203139 9854
230460	2	3,4,5,6,7,8,9,16	5: 0x02005FCA 1F
230514	5	2,3,4,8,9,10,11,16	66: 0x61DC1ECD AB100010 00100010 00050005 00050005 007CD500 3F020A00 0A000A00 0A020100 01000100 01E10663 04000001 80F0223D 162E540A 68656C6C 6F203139 6BF9
230517	16	1,2,3,4,5	5: 0x02001E47 4C
230545	16	1,2,3,4,5	58: 0x61DC60CD AB010001 00010001 00100010 00100010 007CD700 3E020A00 0A000A00 0AE10663 04000001 00F0223D 162E540A 68656C6C 6F203139 6463
230547	1	16	5: 0x020060BE D6
230567	1	16	65: 0x61DC08CD AB100010 00100010 00010001 00010001 007EF700 E3160302 99200000 05000500 0500050A 000A000A 000A0000 F0162E22 3D540A68 656C6C6F 2031392E D4
230570	16	1,2,3,4,5	5: 0x020008F0 39
230608	16	1,2,3,4,5	74: 0x61DC61CD AB050005 00050005 00100010 00100010 007CD700 3F020100 01000100 01E31603 01992000 00100010 00100010 0A000A00 0A000A00 00F0162E 223D540A 68656C6C 6F203139 6139
230611	5	2,3,4,8,9,10,11,16	5: 0x02006137 C7
230619	5	2,3,4,8,9,10,11,16	74: 0x61DC1FCD AB0A000A 000A000A 00050005 00050005 007CD700 3E020100 01000100 01E31603 00992000 00100010 00100010 05000500 05000500 00F0162E 223D540A 68656C6C 6F203139 4854
230622	10	3,4,5,7,8,9,11,13,14,15	5: 0x02001FCE 5D
233198	3	2,4,5,6,7,8,9,10,16	57: 0x61DCC8CD AB100010 00100010 00030003 00030003 007EF500 02010001 00010001 E1066304 00000187 F0223D16 2E532F68 656C6C6F 2032302F B6
233200	16	1,2,3,4,5	5: 0x0200C8FC FF
233240	16	1,2,3,4,5	58: 0x61DC62CD AB010001 00010001 00100010 00100010 007CD700 3F020300 03000300 03E10663 04000001 00F0223D 162E532F 68656C6C 6F203230 CBE7
233242	1	16	5: 0x020062AC F5
233272	1	16	57: 0x61DC09CD AB100010 00100010 00010001 00010001 007EF700 E30E0301 99100000 03000300 03000300 F0162E22 3D532F68 656C6C6F 2032302E 19
233274	16	1,2,3,4,5	5: 0x02000979 28
233293	16	1,2,3,4,5	66: 0x61DC63CD AB030003 00030003 00100010 00100010 007CD700 3F020100 01000100 01E30E03 00991000 00100010 00100010 00F0162E 223D532F 68656C6C 6F203230 B93F
233296	3	2,4,5,6,7,8,9,10,16	5: 0x02006325 E4
234042	5	2,3,4,8,9,10,11,16	57: 0x61DC20CD AB100010 00100010 00050005 00050005 007EF500 02010001 00010001 E1066304 00000180 F0223D16 2E532768 656C6C6F 20323074 65
234044	16	1,2,3,4,5	5: 0x020020BA 94
234047	16	1,2,3,4,5	58: 0x61DC64CD AB010001 00010001 00100010 00100010 007CD700 3F020500 05000500 05E10663 04000001 00F0223D 162E5327 68656C6C 6F203230 C16D
234050	1	16	5: 0x0200649A 90
234067	1	16	57: 0x61DC0ACD AB100010 00100010 00010001 00010001 007EF700 E30E0301 99100000 05000500 05000500 F0162E22 3D532768 656C6C6F 2032301A AE
234069	16	1,2,3,4,5	5: 0x02000AE2 1A
234107	16	1,2,3,4,5	66: 0x61DC65CD AB050005 00050005 00100010 00100010 007CD700 3F020100 01000100 01E30E03 00991000 00100010 00100010 00F0162E 223D5327 68656C6C 6F203230 20E3
234110	5	2,3,4,8,9,10,11,16	5: 0x02006513 81
234139	13	6,7,8,9,10,12,14,15	57: 0x61DC67CD AB080008 00080008 000D000D 000D000D 007EF500 02010001 00010001 E1066304 0000028B F0223D16 2E540068 656C6C6F 20313774 3D
234141	8	2,3,4,5,6,7,9,10,11,12,13,14,15	5: 0x02006701 A2
234172	8	2,3,4,5,6,7,9,10,11,12,13,14,15	66: 0x61DC72CD AB050005 00050005 00080008 00080008 007CD500 3F020D00 0D000D00 0D020100 01000100 01E10663 04000002 00F0223D 162E5400 68656C6C 6F203137 8770
234175	5	2,3,4,8,9,10,11,16	5: 0x0200722D E5
234192	5	2,3,4,8,9,10,11,16	66: 0x61DC21CD AB100010 00100010 00050005 00050005 007CD500 3E020D00 0D000D00 0D020100 01000100 01E10663 04000001 80F0223D 162E5400 68656C6C 6F203137 6DC3
234195	16	1,2,3,4,5	5: 0x02002133 85
234208	16	1,2,3,4,5	58: 0x61DC66CD AB010001 00010001 00100010 00100010 007CD700 3D020D00 0D000D00 0DE10663 04000001 00F0223D 162E5400 68656C6C 6F203137 B57A
234210	1	16	5: 0x02006688 B3
234234	1	16	73: 0x61DC0BCD AB100010 00100010 00010001 00010001 007EF700 E31E0303 99300000 05000500 05000508 00080008 00080D00 0D000D00 0D000000 F0162E22 3D540068 656C6C6F 20313772 C0
234237	16	1,2,3,4,5	5: 0x02000B6B 0B
234240	11	4,5,8,9,10,14,15	57: 0x61DC10CD AB050005 00050005 000B000B 000B000B 007EF500 02010001 00010001 E1066304 00000207 F0223D16 2E540668 656C6C6F 2031391F 63
234242	5	2,3,4,8,9,10,11,16	5: 0x02001039 A5
234248	5	2,3,4,8,9,10,11,16	66: 0x61DC22CD AB100010 00100010 00050005 00050005 007CD500 3F020B00 0B000B00 0B020100 01000100 01E10663 04000001 80F0223D 162E5406 68656C6C 6F203139 16C0
234251	16	1,2,3,4,5	5: 0x020022A8 B7
234270	16	1,2,3,4,5	82: 0x61DC67CD AB050005 00050005 00100010 00100010 007CD700 3F020100 01000100 01E31E03 02993000 00100010 00100010 08000800 0800080D 000D000D 000D0000 00F0162E 223D5400 68656C6C 6F203137 4FAE
234273	5	2,3,4,8,9,10,11,16	5: 0x02006701 A2
234282	16	1,2,3,4,5	58: 0x61DC68CD AB010001 00010001 00100010 00100010 007CD700 3E020B00 0B000B00 0BE10663 04000001 00F0223D 162E5406 68656C6C 6F203139 58C1
234284	1	16	5: 0x020068F6 5A
234309	1	16	65: 0x61DC0CCD AB100010 00100010 00010001 00010001 007EF700 E3160302 99200000 05000500 0500050B 000B000B 000B0000 F0162E22 3D540668 656C6C6F 20313948 97
234312	16	1,2,3,4,5	5: 0x02000CD4 7F
234315	16	1,2,3,4,5	74: 0x61DC69CD AB050005 00050005 00100010 00100010 007CD700 3F020100 01000100 01E31603 01992000 00100010 00100010 0B000B00 0B000B00 00F0162E 223D5406 68656C6C 6F203139 B24D
234318	5	2,3,4,8,9,10,11,16	5: 0x0200697F 4B
234328	5	2,3,4,8,9,10,11,16	74: 0x61DC24CD AB0B000B 000B000B 00050005 00050005 007CD700 3E020100 01000100 01E31603 00992000 00100010 00100010 05000500 05000500 00F0162E 223D5406 68656C6C 6F203139 08CD
234331	11	4,5,8,9,10,14,15	5: 0x0200249E D2
234335	5	2,3,4,8,9,10,11,16	82: 0x61DC23CD AB080008 00080008 00050005 00050005 007CD700 3E020100 01000100 01E31E03 01993000 00100010 00100010 05000500 0500050D 000D000D 000D0000 00F0162E 223D5400 68656C6C 6F203137 F56E
234338	8	2,3,4,5,6,7,9,10,11,12,13,14,15	5: 0x02002321 A6
234341	8	2,3,4,5,6,7,9,10,11,12,13,14,15	82: 0x61DC73CD AB0D000D 000D000D 00080008 00080008 007CD700 3D020100 01000100 01E31E03 00993000 00100010 00100010 05000500 05000508 00080008 00080000 00F0162E 223D5400 68656C6C 6F203137 213C
234345	13	6,7,8,9,10,12,14,15	5: 0x020073A4 F4
235083	7	2,3,4,6,8,9,10,12,13,14	57: 0x61DCA1CD AB020002 00020002 00070007 00070007 007EF500 02010001 00010001 E1066304 00000209 F0223D16 2E541768 656C6C6F 2031384D CE
235085	2	3,4,5,6,7,8,9,16	5: 0x0200A13B 01
235105	2	3,4,5,6,7,8,9,16	66: 0x61DC55CD AB100010 00100010 00020002 00020002 007CD500 3F020700 07000700 07020100 01000100 01E10663 04000001 80F0223D 162E5417 68656C6C 6F203138 3B46
235108	16	1,2,3,4,5	5: 0x02005590 B0
235115	16	1,2,3,4,5	58: 0x61DC6ACD AB010001 00010001 00100010 00100010 007CD700 3E020700 07000700 07E10663 04000001 00F0223D 162E5417 68656C6C 6F203138 04F4
235117	1	16	5: 0x02006AE4 79
235120	1	16	65: 0x61DC0DCD AB100010 00100010 00010001 00010001 007EF700 E3160302 99200000 02000200 02000207 00070007 00070000 F0162E22 3D541768 656C6C6F 20313832 8E
235123	16	1,2,3,4,5	5: 0x02000D5D 6E
235154	16	1,2,3,4,5	74: 0x61DC6BCD AB020002 00020002 00100010 00100010 007CD700 3F020100 01000100 01E31603 01992000 00100010 00100010 07000700 07000700 00F0162E 223D5417 68656C6C 6F203138 727B
235157	2	3,4,5,6,7,8,9,16	5: 0x02006B6D 68
235192	2	3,4,5,6,7,8,9,16	74: 0x61DC56CD AB070007 00070007 00020002 00020002 007CD700 3E020100 01000100 01E31603 00992000 00100010 00100010 02000200 02000200 00F0162E 223D5417 68656C6C 6F203138 5AF8
235195	7	2,3,4,6,8,9,10,12,13,14	5: 0x0200560B 82
235748	8	2,3,4,5,6,7,9,10,11,12,13,14,15	57: 0x61DC74CD AB050005 00050005 00080008 00080008 007EF500 02010001 00010001 E1066304 00000200 F0223D16 2E541268 656C6C6F 203139B8 38
235750	5	2,3,4,8,9,10,11,16	5: 0x0200741B 80
235756	5	2,3,4,8,9,10,11,16	66: 0x61DC25CD AB100010 00100010 00050005 00050005 007CD500 3F020800 08000800 08020100 01000100 01E10663 04000001 80F0223D 162E5412 68656C6C 6F203139 CE16
235759	16	1,2,3,4,5	5: 0x02002517 C3
235789	16	1,2,3,4,5	58: 0x61DC6CCD AB010001 00010001 00100010 00100010 007CD700 3E020800 08000800 08E10663 04000001 00F0223D 162E5412 68656C6C 6F203139 57C5
235791	1	16	5: 0x02006CD2 1C
235806	14	7,8,9,10,11,12,13,15	57: 0x61DCABCD AB080008 00080008 000E000E 000E000E 007EF500 02010001 00010001 E1066304 00000288 F0223D16 2E53FB68 656C6C6F 20313861 50
235808	8	2,3,4,5,6,7,9,10,11,12,13,14,15	5: 0x0200AB61 AE
235823	8	2,3,4,5,6,7,9,10,11,12,13,14,15	66: 0x61DC75CD AB050005 00050005 00080008 00080008 007CD500 3F020E00 0E000E00 0E020100 01000100 01E10663 04000002 00F0223D 162E53FB 68656C6C 6F203138 F8D9
235826	5	2,3,4,8,9,10,11	5: 0x02007592 91
235826	1	-	65: 0x61DC0ECD AB100010 00100010 00010001 00010001 007EF700 E3160302 99200000 05000500 05000508 00080008 00080000 F0162E22 3D541268 656C6C6F 203139A8 CE
235841	5	2,3,4,8,9,10,11,16	66: 0x61DC26CD AB100010 00100010 00050005 00050005 007CD500 3E020E00 0E000E00 0E020100 01000100 01E10663 04000001 80F0223D 162E53FB 68656C6C 6F203138 126A
235844	16	1,2,3,4,5	5: 0x0200268C F1
235866	1	16	65: 0x61DC0ECD AB100010 00100010 00010001 00010001 007EF700 E3160302 99200000 05000500 05000508 00080008 00080000 F0162E22 3D541268 656C6C6F 203139A8 CE
235869	16	1,2,3,4,5	5: 0x02000EC6 5C
235887	16	1,2,3,4,5	58: 0x61DC6DCD AB010001 00010001 00100010 00100010 007CD700 3D020E00 0E000E00 0EE10663 04000001 00F0223D 162E53FB 68656C6C 6F203138 6925
235889	1	16	5: 0x02006D5B 0D
235904	16	1,2,3,4,5	74: 0x61DC6ECD AB050005 00050005 00100010 00100010 007CD700 3F020100 01000100 01E31603 01992000 00100010 00100010 08000800 08000800 00F0162E 223D5412 68656C6C 6F203139 F72B
235907	5	2,3,4,8,9,10,11,16	5: 0x02006EC0 3F
235911	1	16	73: 0x61DC0FCD AB100010 00100010 00010001 00010001 007EF700 E31E0303 99300000 05000500 05000508 00080008 00080E00 0E000E00 0E000000 F0162E22 3D53FB68 656C6C6F 2031385E 30
235914	16	1,2,3,4,5	5: 0x02000F4F 4D
235935	16	1,2,3,4,5	82: 0x61DC6FCD AB050005 00050005 00100010 00100010 007CD700 3F020100 01000100 01E31E03 02993000 00100010 00100010 08000800 0800080E 000E000E 000E0000 00F0162E 223D53FB 68656C6C 6F203138 3AFE
235938	5	2,3,4,8,9,10,11,16	5: 0x02006F49 2E
235941	5	2,3,4,8,9,10,11,16	74: 0x61DC27CD AB080008 00080008 00050005 00050005 007CD700 3E020100 01000100 01E31603 00992000 00100010 00100010 05000500 05000500 00F0162E 223D5412 68656C6C 6F203139 A5F5
235944	8	2,3,4,5,6,7,9,10,11,12,13,14,15	5: 0x02002705 E0
235970	5	2,3,4,8,9,10,11,16	82: 0x61DC28CD AB080008 00080008 00050005 00050005 007CD700 3E020100 01000100 01E31E03 01993000 00100010 00100010 05000500 0500050E 000E000E 000E0000 00F0162E 223D53FB 68656C6C 6F203138 69CF
235973	8	2,3,4,5,6,7,9,10,11,12,13,14,15	5: 0x020028F2 18
235986	8	2,3,4,5,6,7,9,10,11,12,13,14,15	82: 0x61DC76CD AB0E000E 000E000E 00080008 00080008 007CD700 3D020100 01000100 01E31E03 00993000 00100010 00100010 05000500 05000508 00080008 00080000 00F0162E 223D53FB 68656C6C 6F203138 80EF
235989	14	7,8,9,10,11,12,13,15	5: 0x02007609 A3
237057	4	2,3,5,7,8,9,10,11,16	57: 0x61DCFCCD AB100010 00100010 00040004 00040004 007EF500 02010001 00010001 E1066304 00000187 F0223D16 2E532B68 656C6C6F 20323035 A5
237059	16	1,2,3,4,5	5: 0x0200FC5B 88
237075	16	1,2,3,4,5	58: 0x61DC70CD AB010001 00010001 00100010 00100010 007CD700 3F020400 04000400 04E10663 04000001 00F0223D 162E532B 68656C6C 6F203230 A725
237077	1	16	5: 0x0200703F C6
237097	1	16	57: 0x61DC10CD AB100010 00100010 00010001 00010001 007EF700 E30E0301 99100000 04000400 04000400 F0162E22 3D532B68 656C6C6F 20323083 66
237099	16	1,2,3,4,5	5: 0x02001039 A5
237138	16	1,2,3,4,5	66: 0x61DC71CD AB040004 00040004 00100010 00100010 007CD700 3F020100 01000100 01E30E03 00991000 00100010 00100010 00F0162E 223D532B 68656C6C 6F203230 26A7
237141	4	2,3,5,7,8,9,10,11,16	5: 0x020071B6 D7
237790	6	2,3,7,8,9,12,13	57: 0x61DCFDCD AB020002 00020002 00060006 00060006 007EF500 02010001 00010001 E1066304 0000020E F0223D16 2E541A68 656C6C6F 20313989 6D
237792	2	3,4,5,6,7,8,9,16	5: 0x0200FDD2 99
237821	2	3,4,5,6,7,8,9,16	66: 0x61DC57CD AB100010 00100010 00020002 00020002 007CD500 3F020600 06000600 06020100 01000100 01E10663 04000001 80F0223D 162E541A 68656C6C 6F203139 7885
237824	16	1,2,3,4,5	5: 0x02005782 93
237846	16	1,2,3,4,5	58: 0x61DC72CD AB010001 00010001 00100010 00100010 007CD700 3E020600 06000600 06E10663 04000001 00F0223D 162E541A 68656C6C 6F203139 8937
237848	1	16	5: 0x0200722D E5
237882	1	16	65: 0x61DC11CD AB100010 00100010 00010001 00010001 007EF700 E3160302 99200000 02000200 02000206 00060006 00060000 F0162E22 3D541A68 656C6C6F 20313944 77
237885	16	1,2,3,4,5	5: 0x020011B0 B4
237914	16	1,2,3,4,5	74: 0x61DC73CD AB020002 00020002 00100010 00100010 007CD700 3F020100 01000100 01E31603 01992000 00100010 00100010 06000600 06000600 00F0162E 223D541A 68656C6C 6F203139 6C99
237917	2	3,4,5,6,7,8,9,16	5: 0x020073A4 F4
237923	2	3,4,5,6,7,8,9,16	74: 0x61DC58CD AB060006 00060006 00020002 00020002 007CD700 3E020100 01000100 01E31603 00992000 00100010 00100010 02000200 02000200 00F0162E 223D541A 68656C6C 6F203139 3C82
237926	6	2,3,7,8,9,12,13	5: 0x02005875 6B
238101	12	6,7,8,9,13,14,15	57: 0x61DC52CD AB080008 00080008 000C000C 000C000C 007EF500 02010001 00010001 E1066304 00000288 F0223D16 2E540368 656C6C6F 2031386C 85
238103	8	2,3,4,5,6,7,9,10,11,12,13,14,15	5: 0x0200522F C4
238111	8	2,3,4,5,6,7,9,10,11,12,13,14,15	66: 0x61DC77CD AB050005 00050005 00080008 00080008 007CD500 3F020C00 0C000C00 0C020100 01000100 01E10663 04000002 00F0223D 162E5403 68656C6C 6F203138 8EF7
238114	5	2,3,4,8,9,10,11,16	5: 0x02007780 B2
238122	5	2,3,4,8,9,10,11,16	66: 0x61DC29CD AB100010 00100010 00050005 00050005 007CD500 3E020C00 0C000C00 0C020100 01000100 01E10663 04000001 80F0223D 162E5403 68656C6C 6F203138 1629
238125	16	1,2,3,4,5	5: 0x0200297B 09
238134	11	4,5,8,9,10,14,15	102: 0x61DC11CD AB080008 00080008 000B000B 000B000B 007A333A 9B01FDEE 00F00206 08F00000 FD000000 00000000 02010001 00010001 040E0008 0C000400 00800001 001E003C 081E4040 FFFFFFFF FFFFFFFF 00000000 FD000000 00000000 00000000 00000000 A3B7
238138	8	2,3,4,5,6,7,9,10,11,12,13,14,15	5: 0x020011B0 B4
238152	16	1,2,3,4,5	58: 0x61DC74CD AB010001 00010001 00100010 00100010 007CD700 3D020C00 0C000C00 0CE10663 04000001 00F0223D 162E5403 68656C6C 6F203138 CBB3
238154	1	16	5: 0x0200741B 80
238180	15	8,9,10,11,12,13,14	57: 0x61DCD5CD AB080008 00080008 000F000F 000F000F 007EF500 02010001 00010001 E1066304 0000028B F0223D16 2E53F768 656C6C6F 2031389C 4A
238182	8	2,3,4,5,6,7,9,10,11,12,13,14,15	5: 0x0200D598 34
238183	1	16	73: 0x61DC12CD AB100010 00100010 00010001 00010001 007EF700 E31E0303 99300000 05000500 05000508 00080008 00080C00 0C000C00 0C000000 F0162E22 3D540368 656C6C6F 203138C3 B3
238186	16	1,2,3,4,5	5: 0x0200122B 86
238192	16	1,2,3,4,5	82: 0x61DC75CD AB050005 00050005 00100010 00100010 007CD700 3F020100 01000100 01E31E03 02993000 00100010 00100010 08000800 0800080C 000C000C 000C0000 00F0162E 223D5403 68656C6C 6F203138 432A
238195	5	2,3,4,8,9,10,11,16	5: 0x02007592 91
238220	5	2,3,4,8,9,10,11,16	82: 0x61DC2ACD AB080008 00080008 00050005 00050005 007CD700 3E020100 01000100 01E31E03 01993000 00100010 00100010 05000500 0500050C 000C000C 000C0000 00F0162E 223D5403 68656C6C 6F203138 2FAC
238223	8	2,3,4,5,6,7,9,10,11,12,13,14,15	5: 0x02002AE0 3B
238253	8	2,3,4,5,6,7,9,10,11,12,13,14,15	82: 0x61DC79CD AB0C000C 000C000C 00080008 00080008 007CD700 3D020100 01000100 01E31E03 00993000 00100010 00100010 05000500 05000508 00080008 00080000 00F0162E 223D5403 68656C6C 6F203138 41F3
238256	12	6,7,8,9,13,14,15	5: 0x020079FE 5B
238270	8	2,3,4,5,6,7,9,10,11,12,13,14,15	66: 0x61DC78CD AB050005 00050005 00080008 00080008 007CD500 3F020F00 0F000F00 0F020100 01000100 01E10663 04000002 00F0223D 162E53F7 68656C6C 6F203138 9DD4
238273	5	2,3,4,8,9,10,11,16	5: 0x02007877 4A
238310	5	2,3,4,8,9,10,11,16	66: 0x61DC2BCD AB100010 00100010 00050005 00050005 007CD500 3E020F00 0F000F00 0F020100 01000100 01E10663 04000001 80F0223D 162E53F7 68656C6C 6F203138 7767
238313	16	1,2,3,4,5	5: 0x02002B69 2A
238318	16	1,2,3,4,5	58: 0x61DC76CD AB010001 00010001 00100010 00100010 007CD700 3D020F00 0F000F00 0FE10663 04000001 00F0223D 162E53F7 68656C6C 6F203138 7B49
238320	1	16	5: 0x02007609 A3
238339	1	16	73: 0x61DC13CD AB100010 00100010 00010001 00010001 007EF700 E31E0303 99300000 05000500 05000508 00080008 00080F00 0F000F00 0F000000 F0162E22 3D53F768 656C6C6F 2031382F D3
238342	16	1,2,3,4,5	5: 0x020013A2 97
238362	16	1,2,3,4,5	82: 0x61DC77CD AB050005 00050005 00100010 00100010 007CD700 3F020100 01000100 01E31E03 02993000 00100010 00100010 08000800 0800080F 000F000F 000F0000 00F0162E 223D53F7 68656C6C 6F203138 BD20
238365	5	2,3,4,8,9,10,11,16	5: 0x02007780 B2
238382	5	2,3,4,8,9,10,11,16	82: 0x61DC2CCD AB080008 00080008 00050005 00050005 007CD700 3E020100 01000100 01E31E03 01993000 00100010 00100010 05000500 0500050F 000F000F 000F0000 00F0162E 223D53F7 68656C6C 6F203138 5CEC
238385	8	2,3,4,5,6,7,9,10,11,12,13,14,15	5: 0x02002CD6 5E
238401	8	2,3,4,5,6,7,9,10,11,12,13,14,15	82: 0x61DC7ACD AB0F000F 000F000F 00080008 00080008 007CD700 3D020100 01000100 01E31E03 00993000 00100010 00100010 05000500 05000508 00080008 00080000 00F0162E 223D53F7 68656C6C 6F203138 FCA5
238404	15	8,9,10,11,12,13,14	5: 0x02007A65 69
239842	10	3,4,5,7,8,9,11,13,14,15	57: 0x61DC08CD AB050005 00050005 000A000A 000A000A 007EF500 02010001 00010001 E1066304 0000020A F0223D16 2E531368 656C6C6F 203230EA F4
239844	5	2,3,4,8,9,10,11,16	5: 0x020008F0 39
239885	5	2,3,4,8,9,10,11,16	66: 0x61DC2DCD AB100010 00100010 00050005 00050005 007CD500 3F020A00 0A000A00 0A020100 01000100 01E10663 04000001 80F0223D 162E5313 68656C6C 6F203230 AC8C
239888	16	1,2,3,4,5	5: 0x02002D5F 4F
239907	16	1,2,3,4,5	58: 0x61DC78CD AB010001 00010001 00100010 00100010 007CD700 3E020A00 0A000A00 0AE10663 04000001 00F0223D 162E5313 68656C6C 6F203230 B47A
239909	1	16	5: 0x02007877 4A
239916	1	16	65: 0x61DC14CD AB100010 00100010 00010001 00010001 007EF700 E3160302 99200000 05000500 0500050A 000A000A 000A0000 F0162E22 3D531368 656C6C6F 20323054 5A
239919	16	1,2,3,4,5	5: 0x0200141D E3
239922	16	1,2,3,4,5	74: 0x61DC79CD AB050005 00050005 00100010 00100010 007CD700 3F020100 01000100 01E31603 01992000 00100010 00100010 0A000A00 0A000A00 00F0162E 223D5313 68656C6C 6F203230 73AC
239925	5	2,3,4,8,9,10,11,16	5: 0x020079FE 5B
239958	5	2,3,4,8,9,10,11,16	74: 0x61DC2ECD AB0A000A 000A000A 00050005 00050005 007CD700 3E020100 01000100 01E31603 00992000 00100010 00100010 05000500 05000500 00F0162E 223D5313 68656C6C 6F203230 4F25
239961	10	3,4,5,7,8,9,11,13,14,15	5: 0x02002EC4 7D
240383	9	2,3,4,5,6,7,8,10,11,12,13,14,15	57: 0x61DC66CD AB050005 00050005 00090009 00090009 007EF500 02010001 00010001 E1066304 00000207 F0223D16 2E540E68 656C6C6F 2031397A 39
240385	5	2,3,4,8,9,10,11,16	5: 0x02006688 B3
240417	5	2,3,4,8,9,10,11,16	66: 0x61DC2FCD AB100010 00100010 00050005 00050005 007CD500 3F020900 09000900 09020100 01000100 01E10663 04000001 80F0223D 162E540E 68656C6C 6F203139 DE92
240420	16	1,2,3,4,5	5: 0x02002F4D 6C
240439	16	1,2,3,4,5	58: 0x61DC7ACD AB010001 00010001 00100010 00100010 007CD700 3E020900 09000900 09E10663 04000001 00F0223D 162E540E 68656C6C 6F203139 17D0
240441	1	16	5: 0x02007A65 69
240450	1	16	65: 0x61DC15CD AB100010 00100010 00010001 00010001 007EF700 E3160302 99200000 05000500 05000509 00090009 00090000 F0162E22 3D540E68 656C6C6F 2031391B DA
240453	16	1,2,3,4,5	5: 0x02001594 F2
240496	16	1,2,3,4,5	74: 0x61DC7BCD AB050005 00050005 00100010 00100010 007CD700 3F020100 01000100 01E31603 01992000 00100010 00100010 09000900 09000900 00F0162E 223D540E 68656C6C 6F203139 D563
240499	5	2,3,4,8,9,10,11,16	5: 0x02007BEC 78
240536	5	2,3,4,8,9,10,11,16	74: 0x61DC30CD AB090009 00090009 00050005 00050005 007CD700 3E020100 01000100 01E31603 00992000 00100010 00100010 05000500 05000500 00F0162E 223D540E 68656C6C 6F203139 EC9F
240539	9	2,3,4,5,6,7,8,10,11,12,13,14,15	5: 0x0200303B 84
241053	2	3,4,5,6,7,8,9,16	57: 0x61DC59CD AB100010 00100010 00020002 00020002 007EF500 02010001 00010001 E1066304 00000180 F0223D16 2E533368 656C6C6F 203230A8 CC
241055	16	1,2,3,4,5	5: 0x020059FC 7A
241087	16	1,2,3,4,5	58: 0x61DC7CCD AB010001 00010001 00100010 00100010 007CD700 3F020200 02000200 02E10663 04000001 00F0223D 162E5333 68656C6C 6F203230 6168
241089	1	16	5: 0x02007C53 0C
241108	1	16	57: 0x61DC16CD AB100010 00100010 00010001 00010001 007EF700 E30E0301 99100000 02000200 02000200 F0162E22 3D533368 656C6C6F 203230FF E3
241110	16	1,2,3,4,5	5: 0x0200160F C0
241142	16	1,2,3,4,5	66: 0x61DC7DCD AB020002 00020002 00100010 00100010 007CD700 3F020100 01000100 01E30E03 00991000 00100010 00100010 00F0162E 223D5333 68656C6C 6F203230 B89F
241145	2	3,4,5,6,7,8,9,16	5: 0x02007DDA 1D
241506	5	2,3,4,8,9,10,11,16	102: 0x61DC31CD AB030003 00030003 00050005 00050005 007A333A 9B01FEA0 00F00180 08F00000 FD000000 00000000 02010001 00010001 040E0008 0C000400 00800001 001E003C 081E4040 FFFFFFFF FFFFFFFF 00000000 FD000000 00000000 00000000 00000000 E100
241510	3	2,4,5,6,7,8,9,10,16	5: 0x020031B2 95
243354	5	2,3,4,8,9,10,11,16	57: 0x61DC32CD AB100010 00100010 00050005 00050005 007EF500 02010001 00010001 E1066304 00000180 F0223D16 2E532668 656C6C6F 2032312B 9F
243356	16	1,2,3,4,5	5: 0x02003229 A7
243365	16	1,2,3,4,5	58: 0x61DC7ECD AB010001 00010001 00100010 00100010 007CD700 3F020500 05000500 05E10663 04000001 00F0223D 162E5326 68656C6C 6F203231 2834
243367	1	16	5: 0x02007E41 2F
243369	13	6,7,8,9,10,12,14,15	57: 0x61DC68CD AB080008 00080008 000D000D 000D000D 007EF500 02010001 00010001 E1066304 00000289 F0223D16 2E53FF68 656C6C6F 20313803 F7
243371	8	2,3,4,5,6,7,9,10,11,12,13,14,15	5: 0x020068F6 5A
243380	8	2,3,4,5,6,7,9,10,11,12,13,14,15	66: 0x61DC7BCD AB050005 00050005 00080008 00080008 007CD500 3F020D00 0D000D00 0D020100 01000100 01E10663 04000002 00F0223D 162E53FF 68656C6C 6F203138 976B
243383	5	2,3,4,8,9,10,11,16	5: 0x02007BEC 78
243405	1	16	57: 0x61DC17CD AB100010 00100010 00010001 00010001 007EF700 E30E0301 99100000 05000500 05000500 F0162E22 3D532668 656C6C6F 20323130 0A
243407	16	1,2,3,4,5	5: 0x02001786 D1
243419	5	2,3,4,8,9,10,11,16	66: 0x61DC33CD AB100010 00100010 00050005 00050005 007CD500 3E020D00 0D000D00 0D020100 01000100 01E10663 04000001 80F0223D 162E53FF 68656C6C 6F203138 097D
243422	16	1,2,3,4,5	5: 0x020033A0 B6
243432	16	1,2,3,4,5	66: 0x61DC7FCD AB050005 00050005 00100010 00100010 007CD700 3F020100 01000100 01E30E03 00991000 00100010 00100010 00F0162E 223D5326 68656C6C 6F203231 B065
243435	5	2,3,4,8,9,10,11,16	5: 0x02007FC8 3E
243447	16	1,2,3,4,5	58: 0x61DC80CD AB010001 00010001 00100010 00100010 007CD700 3D020D00 0D000D00 0DE10663 04000001 00F0223D 162E53FF 68656C6C 6F203138 E67F
243449	1	16	5: 0x020080B0 31
243490	1	16	73: 0x61DC18CD AB100010 00100010 00010001 00010001 007EF700 E31E0303 99300000 05000500 05000508 00080008 00080D00 0D000D00 0D000000 F0162E22 3D53FF68 656C6C6F 203138B8 C0
243493	16	1,2,3,4,5	5: 0x02001871 29
243527	16	1,2,3,4,5	82: 0x61DC81CD AB050005 00050005 00100010 00100010 007CD700 3F020100 01000100 01E31E03 02993000 00100010 00100010 08000800 0800080D 000D000D 000D0000 00F0162E 223D53FF 68656C6C 6F203138 5810
243530	5	2,3,4,8,9,10,11,16	5: 0x02008139 20
243544	5	2,3,4,8,9,10,11,16	82: 0x61DC34CD AB080008 00080008 00050005 00050005 007CD700 3E020100 01000100 01E31E03 01993000 00100010 00100010 05000500 0500050D 000D000D 000D0000 00F0162E 223D53FF 68656C6C 6F203138 8777
243547	8	2,3,4,5,6,7,9,10,11,12,13,14,15	5: 0x0200341F C2
243550	8	2,3,4,5,6,7,9,10,11,12,13,14,15	82: 0x61DC7CCD AB0D000D 000D000D 00080008 00080008 007CD700 3D020100 01000100 01E31E03 00993000 00100010 00100010 05000500 05000508 00080008 00080000 00F0162E 223D53FF 68656C6C 6F203138 6C92
243554	13	6,7,8,9,10,12,14,15	5: 0x02007C53 0C
244111	11	4,5,8,9,10,14,15	57: 0x61DC12CD AB050005 00050005 000B000B 000B000B 007EF500 02010001 00010001 E1066304 00000206 F0223D16 2E530F68 656C6C6F 203230B3 2C
244113	5	2,3,4,8,9,10,11,16	5: 0x0200122B 86
244120	5	2,3,4,8,9,10,11,16	66: 0x61DC35CD AB100010 00100010 00050005 00050005 007CD500 3F020B00 0B000B00 0B020100 01000100 01E10663 04000001 80F0223D 162E530F 68656C6C 6F203230 EB36
244123	16	1,2,3,4,5	5: 0x02003596 D3
244135	16	1,2,3,4,5	58: 0x61DC82CD AB010001 00010001 00100010 00100010 007CD700 3E020B00 0B000B00 0BE10663 04000001 00F0223D 162E530F 68656C6C 6F203230 CCD2
244137	1	16	5: 0x020082A2 12
244143	1	16	65: 0x61DC19CD AB100010 00100010 00010001 00010001 007EF700 E3160302 99200000 05000500 0500050B 000B000B 000B0000 F0162E22 3D530F68 656C6C6F 203230C9 34
244146	16	1,2,3,4,5	5: 0x020019F8 38
244149	3	2,4,5,6,7,8,9,10,16	57: 0x61DCC9CD AB100010 00100010 00030003 00030003 007EF500 02010001 00010001 E1066304 00000186 F0223D16 2E532E68 656C6C6F 20323128 A0
244151	16	1,2,3,4,5	5: 0x0200C975 EE
244160	16	1,2,3,4,5	58: 0x61DC84CD AB010001 00010001 00100010 00100010 007CD700 3F020300 03000300 03E10663 04000001 00F0223D 162E532E 68656C6C 6F203231 DF3E
244162	1	16	5: 0x02008494 77
244175	16	1,2,3,4,5	74: 0x61DC83CD AB050005 00050005 00100010 00100010 007CD700 3F020100 01000100 01E31603 01992000 00100010 00100010 0B000B00 0B000B00 00F0162E 223D530F 68656C6C 6F203230 C21F
244178	5	2,3,4,8,9,10,11,16	5: 0x0200832B 03
244216	5	2,3,4,8,9,10,11,16	74: 0x61DC36CD AB0B000B 000B000B 00050005 00050005 007CD700 3E020100 01000100 01E31603 00992000 00100010 00100010 05000500 05000500 00F0162E 223D530F 68656C6C 6F203230 8F7E
244219	11	4,5,8,9,10,14,15	5: 0x0200360D E1
244228	1	16	57: 0x61DC1ACD AB100010 00100010 00010001 00010001 007EF700 E30E0301 99100000 03000300 03000300 F0162E22 3D532E68 656C6C6F 20323112 27
244230	16	1,2,3,4,5	5: 0x02001A63 0A
244265	16	1,2,3,4,5	66: 0x61DC85CD AB030003 00030003 00100010 00100010 007CD700 3F020100 01000100 01E30E03 00991000 00100010 00100010 00F0162E 223D532E 68656C6C 6F203231 72C6
244268	3	2,4,5,6,7,8,9,10,16	5: 0x0200851D 66
245036	14	7,8,9,10,11,12,13,15	57: 0x61DCACCD AB080008 00080008 000E000E 000E000E 007EF500 02010001 00010001 E1066304 00000287 F0223D16 2E53FA68 656C6C6F 20313999 A3
245038	8	2,3,4,5,6,7,9,10,11,12,13,14,15	5: 0x0200ACDE DA
245060	8	2,3,4,5,6,7,9,10,11,12,13,14,15	66: 0x61DC7DCD AB050005 00050005 00080008 00080008 007CD500 3F020E00 0E000E00 0E020100 01000100 01E10663 04000002 00F0223D 162E53FA 68656C6C 6F203139 3F61
245063	5	2,3,4,8,9,10,11,16	5: 0x02007DDA 1D
245066	5	2,3,4,8,9,10,11,16	66: 0x61DC37CD AB100010 00100010 00050005 00050005 007CD500 3E020E00 0E000E00 0E020100 01000100 01E10663 04000001 80F0223D 162E53FA 68656C6C 6F203139 8188
245069	16	1,2,3,4,5	5: 0x02003784 F0
245112	16	1,2,3,4,5	58: 0x61DC86CD AB010001 00010001 00100010 00100010 007CD700 3D020E00 0E000E00 0EE10663 04000001 00F0223D 162E53FA 68656C6C 6F203139 BB7A
245114	1	16	5: 0x02008686 54
245149	1	16	73: 0x61DC1BCD AB100010 00100010 00010001 00010001 007EF700 E31E0303 99300000 05000500 05000508 00080008 00080E00 0E000E00 0E000000 F0162E22 3D53FA68 656C6C6F 20313965 8C
245152	16	1,2,3,4,5	5: 0x02001BEA 1B
245178	16	1,2,3,4,5	82: 0x61DC87CD AB050005 00050005 00100010 00100010 007CD700 3F020100 01000100 01E31E03 02993000 00100010 00100010 08000800 0800080E 000E000E 000E0000 00F0162E 223D53FA 68656C6C 6F203139 B3E2
245181	5	2,3,4,8,9,10,11,16	5: 0x0200870F 45
245204	5	2,3,4,8,9,10,11,16	82: 0x61DC38CD AB080008 00080008 00050005 00050005 007CD700 3E020100 01000100 01E31E03 01993000 00100010 00100010 05000500 0500050E 000E000E 000E0000 00F0162E 223D53FA 68656C6C 6F203139 38B1
245207	8	2,3,4,5,6,7,9,10,11,12,13,14,15	5: 0x02003873 08
245236	8	2,3,4,5,6,7,9,10,11,12,13,14,15	82: 0x61DC7ECD AB0E000E 000E000E 00080008 00080008 007CD700 3D020100 01000100 01E31E03 00993000 00100010 00100010 05000500 05000508 00080008 00080000 00F0162E 223D53FA 68656C6C 6F203139 EE26
245239	14	7,8,9,10,11,12,13,15	5: 0x02007E41 2F
245254	7	2,3,4,6,8,9,10,12,13,14	57: 0x61DCA2CD AB020002 00020002 00070007 00070007 007EF500 02010001 00010001 E1066304 00000208 F0223D16 2E541668 656C6C6F 2031399D 58
245256	2	3,4,5,6,7,8,9,16	5: 0x0200A2A0 33
245276	2	3,4,5,6,7,8,9,16	66: 0x61DC5ACD AB100010 00100010 00020002 00020002 007CD500 3F020700 07000700 07020100 01000100 01E10663 04000001 80F0223D 162E5416 68656C6C 6F203139 1D88
245279	16	1,2,3,4,5	5: 0x02005A67 48
245305	16	1,2,3,4,5	58: 0x61DC88CD AB010001 00010001 00100010 00100010 007CD700 3E020700 07000700 07E10663 04000001 00F0223D 162E5416 68656C6C 6F203139 6560
245307	1	16	5: 0x020088F8 BD
245330	1	16	65: 0x61DC1CCD AB100010 00100010 00010001 00010001 007EF700 E3160302 99200000 02000200 02000207 00070007 00070000 F0162E22 3D541668 656C6C6F 2031394D E6
245333	16	1,2,3,4,5	5: 0x02001C55 6F
245354	16	1,2,3,4,5	74: 0x61DC89CD AB020002 00020002 00100010 00100010 007CD700 3F020100 01000100 01E31603 01992000 00100010 00100010 07000700 07000700 00F0162E 223D5416 68656C6C 6F203139 49D5
245357	2	3,4,5,6,7,8,9,16	5: 0x02008971 AC
245361	2	3,4,5,6,7,8,9,16	74: 0x61DC5BCD AB070007 00070007 00020002 00020002 007CD700 3E020100 01000100 01E31603 00992000 00100010 00100010 02000200 02000200 00F0162E 223D5416 68656C6C 6F203139 F2AD
245364	7	2,3,4,6,8,9,10,12,13,14	5: 0x02005BEE 59
245673	9	2,3,4,5,6,7,8,10,11,12,13,14,15	102: 0x61DC67CD AB020002 00020002 00090009 00090009 007A333A 9B01FE0E 00F00206 08F00000 FD000000 00000000 02010001 00010001 040E0008 0C000400 00800001 001E003C 081E4040 FFFFFFFF FFFFFFFF 00000000 FD000000 00000000 00000000 00000000 2064
245677	2	3,4,5,6,7,8,9,16	5: 0x02006701 A2
246037	8	2,3,4,5,6,7,9,10,11,12,13,14,15	57: 0x61DC7FCD AB050005 00050005 00080008 00080008 007EF500 02010001 00010001 E1066304 00000200 F0223D16 2E531B68 656C6C6F 20323019 2E
246039	5	2,3,4,8,9,10,11,16	5: 0x02007FC8 3E
246046	5	2,3,4,8,9,10,11,16	66: 0x61DC39CD AB100010 00100010 00050005 00050005 007CD500 3F020800 08000800 08020100 01000100 01E10663 04000001 80F0223D 162E531B 68656C6C 6F203230 3084
246049	16	1,2,3,4,5	5: 0x020039FA 19
246073	16	1,2,3,4,5	58: 0x61DC8ACD AB010001 00010001 00100010 00100010 007CD700 3E020800 08000800 08E10663 04000001 00F0223D 162E531B 68656C6C 6F203230 5C01
246075	1	16	5: 0x02008AEA 9E
246090	1	16	65: 0x61DC1DCD AB100010 00100010 00010001 00010001 007EF700 E3160302 99200000 05000500 05000508 00080008 00080000 F0162E22 3D531B68 656C6C6F 203230B0 54
246093	16	1,2,3,4,5	5: 0x02001DDC 7E
246096	16	1,2,3,4,5	74: 0x61DC8BCD AB050005 00050005 00100010 00100010 007CD700 3F020100 01000100 01E31603 01992000 00100010 00100010 08000800 08000800 00F0162E 223D531B 68656C6C 6F203230 0E48
246099	5	2,3,4,8,9,10,11,16	5: 0x02008B63 8F
246102	5	2,3,4,8,9,10,11,16	74: 0x61DC3ACD AB080008 00080008 00050005 00050005 007CD700 3E020100 01000100 01E31603 00992000 00100010 00100010 05000500 05000500 00F0162E 223D531B 68656C6C 6F203230 AB77
246105	8	2,3,4,5,6,7,9,10,11,12,13,14,15	5: 0x02003A61 2B
246576	4	2,3,5,7,8,9,10,11,16	57: 0x61DCFDCD AB100010 00100010 00040004 00040004 007EF500 02010001 00010001 E1066304 00000186 F0223D16 2E532A68 656C6C6F 20323132 B3
246578	16	1,2,3,4,5	5: 0x0200FDD2 99
246621	16	1,2,3,4,5	58: 0x61DC8CCD AB010001 00010001 00100010 00100010 007CD700 3F020400 04000400 04E10663 04000001 00F0223D 162E532A 68656C6C 6F203231 2EF9
246623	1	16	5: 0x02008CDC FB
246631	1	16	57: 0x61DC1ECD AB100010 00100010 00010001 00010001 007EF700 E30E0301 99100000 04000400 04000400 F0162E22 3D532A68 656C6C6F 203231E1 A0
246633	16	1,2,3,4,5	5: 0x02001E47 4C
246649	16	1,2,3,4,5	66: 0x61DC8DCD AB040004 00040004 00100010 00100010 007CD700 3F020100 01000100 01E30E03 00991000 00100010 00100010 00F0162E 223D532A 68656C6C 6F203231 0984
246652	4	2,3,5,7,8,9,10,11,16	5: 0x02008D55 EA
247203	12	6,7,8,9,13,14,15	57: 0x61DC53CD AB080008 00080008 000C000C 000C000C 007EF500 02010001 00010001 E1066304 00000287 F0223D16 2E540268 656C6C6F 203139FC FF
247205	8	2,3,4,5,6,7,9,10,11,12,13,14,15	5: 0x020053A6 D5
247218	8	2,3,4,5,6,7,9,10,11,12,13,14,15	66: 0x61DC80CD AB050005 00050005 00080008 00080008 007CD500 3F020C00 0C000C00 0C020100 01000100 01E10663 04000002 00F0223D 162E5402 68656C6C 6F203139 A2B0
247221	5	2,3,4,8,9,10,11,16	5: 0x020080B0 31
247226	5	2,3,4,8,9,10,11,16	66: 0x61DC3BCD AB100010 00100010 00050005 00050005 007CD500 3E020C00 0C000C00 0C020100 01000100 01E10663 04000001 80F0223D 162E5402 68656C6C 6F203139 354B
247229	16	1,2,3,4,5	5: 0x02003BE8 3A
247266	16	1,2,3,4,5	58: 0x61DC8ECD AB010001 00010001 00100010 00100010 007CD700 3D020C00 0C000C00 0CE10663 04000001 00F0223D 162E5402 68656C6C 6F203139 8580
247268	1	16	5: 0x02008ECE D8
247276	1	16	73: 0x61DC1FCD AB100010 00100010 00010001 00010001 007EF700 E31E0303 99300000 05000500 05000508 00080008 00080C00 0C000C00 0C000000 F0162E22 3D540268 656C6C6F 2031392E 7B
247279	16	1,2,3,4,5	5: 0x02001FCE 5D
247317	16	1,2,3,4,5	82: 0x61DC8FCD AB050005 00050005 00100010 00100010 007CD700 3F020100 01000100 01E31E03 02993000 00100010 00100010 08000800 0800080C 000C000C 000C0000 00F0162E 223D5402 68656C6C 6F203139 A1B5
247320	5	2,3,4,8,9,10,11,16	5: 0x02008F47 C9
247332	5	2,3,4,8,9,10,11,16	82: 0x61DC3CCD AB080008 00080008 00050005 00050005 007CD700 3E020100 01000100 01E31E03 01993000 00100010 00100010 05000500 0500050C 000C000C 000C0000 00F0162E 223D5402 68656C6C 6F203139 BD39
247335	8	2,3,4,5,6,7,9,10,11,12,13,14,15	5: 0x02003C57 4E
247338	8	2,3,4,5,6,7,9,10,11,12,13,14,15	82: 0x61DC81CD AB0C000C 000C000C 00080008 00080008 007CD700 3D020100 01000100 01E31E03 00993000 00100010 00100010 05000500 05000508 00080008 00080000 00F0162E 223D5402 68656C6C 6F203139 EDCD
247342	12	6,7,8,9,13,14,15	5: 0x02008139 20
248292	15	8,9,10,11,12,13,14	57: 0x61DCD6CD AB080008 00080008 000F000F 000F000F 007EF500 02010001 00010001 E1066304 00000289 F0223D16 2E53F668 656C6C6F 2031396D 46
248294	8	2,3,4,5,6,7,9,10,11,12,13,14,15	5: 0x0200D603 06
248335	8	2,3,4,5,6,7,9,10,11,12,13,14,15	66: 0x61DC82CD AB050005 00050005 00080008 00080008 007CD500 3F020F00 0F000F00 0F020100 01000100 01E10663 04000002 00F0223D 162E53F6 68656C6C 6F203139 C3FE
248338	5	2,3,4,8,9,10,11,16	5: 0x020082A2 12
248372	5	2,3,4,8,9,10,11,16	66: 0x61DC3DCD AB100010 00100010 00050005 00050005 007CD500 3E020F00 0F000F00 0F020100 01000100 01E10663 04000001 80F0223D 162E53F6 68656C6C 6F203139 05F3
248375	16	1,2,3,4,5	5: 0x02003DDE 5F
248396	6	2,3,7,8,9,12,13	102: 0x61DCFECD AB030003 00030003 00060006 00060006 007A333A 9B01FE10 00F0020C 08F00000 FD000000 00000000 02010001 00010001 040E0008 0C000400 00800001 001E003C 081E4040 FFFFFFFF FFFFFFFF 00000000 FD000000 00000000 00000000 00000000 B81B
248400	3	2,4,5,6,7,8,9,10,16	5: 0x0200FE49 AB
248416	16	1,2,3,4,5	58: 0x61DC90CD AB010001 00010001 00100010 00100010 007CD700 3D020F00 0F000F00 0FE10663 04000001 00F0223D 162E53F6 68656C6C 6F203139 6F90
248418	1	16	5: 0x02009031 21
248422	1	16	73: 0x61DC20CD AB100010 00100010 00010001 00010001 007EF700 E31E0303 99300000 05000500 05000508 00080008 00080F00 0F000F00 0F000000 F0162E22 3D53F668 656C6C6F 203139AB AD
248425	16	1,2,3,4,5	5: 0x020020BA 94
248433	16	1,2,3,4,5	82: 0x61DC91CD AB050005 00050005 00100010 00100010 007CD700 3F020100 01000100 01E31E03 02993000 00100010 00100010 08000800 0800080F 000F000F 000F0000 00F0162E 223D53F6 68656C6C 6F203139 ED42
248436	5	2,3,4,8,9,10,11,16	5: 0x020091B8 30
248475	5	2,3,4,8,9,10,11,16	82: 0x61DC3ECD AB080008 00080008 00050005 00050005 007CD700 3E020100 01000100 01E31E03 01993000 00100010 00100010 05000500 0500050F 000F000F 000F0000 00F0162E 223D53F6 68656C6C 6F203139 4333
248478	8	2,3,4,5,6,7,9,10,11,12,13,14,15	5: 0x02003E45 6D
248511	8	2,3,4,5,6,7,9,10,11,12,13,14,15	82: 0x61DC83CD AB0F000F 000F000F 00080008 00080008 007CD700 3D020100 01000100 01E31E03 00993000 00100010 00100010 05000500 05000508 00080008 00080000 00F0162E 223D53F6 68656C6C 6F203139 F7CB
248514	15	8,9,10,11,12,13,14	5: 0x0200832B 03
248691	6	2,3,7,8,9,12,13	57: 0x61DCFFCD AB020002 00020002 00060006 00060006 007EF500 02010001 00010001 E1066304 0000020C F0223D16 2E532368 656C6C6F 203230A9 B0
248693	2	3,4,5,6,7,8,9,16	5: 0x0200FFC0 BA
248709	2	3,4,5,6,7,8,9,16	66: 0x61DC5CCD AB100010 00100010 00020002 00020002 007CD500 3F020600 06000600 06020100 01000100 01E10663 04000001 80F0223D 162E5323 68656C6C 6F203230 BDA8
248712	16	1,2,3,4,5	5: 0x02005C51 2D
248735	16	1,2,3,4,5	58: 0x61DC92CD AB010001 00010001 00100010 00100010 007CD700 3E020600 06000600 06E10663 04000001 00F0223D 162E5323 68656C6C 6F203230 E814
248737	1	16	5: 0x02009223 02
248768	1	16	65: 0x61DC21CD AB100010 00100010 00010001 00010001 007EF700 E3160302 99200000 02000200 02000206 00060006 00060000 F0162E22 3D532368 656C6C6F 2032305B FA
248771	16	1,2,3,4,5	5: 0x02002133 85
248787	16	1,2,3,4,5	74: 0x61DC93CD AB020002 00020002 00100010 00100010 007CD700 3F020100 01000100 01E31603 01992000 00100010 00100010 06000600 06000600 00F0162E 223D5323 68656C6C 6F203230 B01A
248790	2	3,4,5,6,7,8,9,16	5: 0x020093AA 13
248808	2	3,4,5,6,7,8,9,16	74: 0x61DC5DCD AB060006 00060006 00020002 00020002 007CD700 3E020100 01000100 01E31603 00992000 00100010 00100010 02000200 02000200 00F0162E 223D5323 68656C6C 6F203230 7223
248811	6	2,3,7,8,9,12,13	5: 0x02005DD8 3C
249250	10	3,4,5,7,8,9,11,13,14,15	57: 0x61DC09CD AB050005 00050005 000A000A 000A000A 007EF500 02010001 00010001 E1066304 00000209 F0223D16 2E531268 656C6C6F 203231DC F6
249252	5	2,3,4,8,9,10,11,16	5: 0x02000979 28
249280	5	2,3,4,8,9,10,11,16	66: 0x61DC3FCD AB100010 00100010 00050005 00050005 007CD500 3F020A00 0A000A00 0A020100 01000100 01E10663 04000001 80F0223D 162E5312 68656C6C 6F203231 8FEE
249283	16	1,2,3,4,5	5: 0x02003FCC 7C
249308	16	1,2,3,4,5	58: 0x61DC94CD AB010001 00010001 00100010 00100010 007CD700 3E020A00 0A000A00 0AE10663 04000001 00F0223D 162E5312 68656C6C 6F203231 F89B
249310	1	16	5: 0x02009415 67
249336	1	16	65: 0x61DC22CD AB100010 00100010 00010001 00010001 007EF700 E3160302 99200000 05000500 0500050A 000A000A 000A0000 F0162E22 3D531268 656C6C6F 20323160 FB
249339	16	1,2,3,4,5	5: 0x020022A8 B7
249361	9	2,3,4,5,6,7,8,10,11,12,13,14,15	57: 0x61DC68CD AB050005 00050005 00090009 00090009 007EF500 02010001 00010001 E1066304 00000206 F0223D16 2E531768 656C6C6F 20323083 93
249363	5	2,3,4,8,9,10,11,16	5: 0x020068F6 5A
249367	16	1,2,3,4,5	74: 0x61DC95CD AB050005 00050005 00100010 00100010 007CD700 3F020100 01000100 01E31603 01992000 00100010 00100010 0A000A00 0A000A00 00F0162E 223D5312 68656C6C 6F203231 E3AB
249370	5	2,3,4,8,9,10,11,16	5: 0x0200959C 76
249397	5	2,3,4,8,9,10,11,16	66: 0x61DC40CD AB100010 00100010 00050005 00050005 007CD500 3F020900 09000900 09020100 01000100 01E10663 04000001 80F0223D 162E5317 68656C6C 6F203230 6329
249400	16	1,2,3,4,5	5: 0x020040BC F7
249403	5	2,3,4,8,9,10,11,16	74: 0x61DC41CD AB0A000A 000A000A 00050005 00050005 007CD700 3E020100 01000100 01E31603 00992000 00100010 00100010 05000500 05000500 00F0162E 223D5312 68656C6C 6F203231 06E7
249406	10	3,4,5,7,8,9,11,13,14,15	5: 0x02004135 E6
249423	16	1,2,3,4,5	58: 0x61DC96CD AB010001 00010001 00100010 00100010 007CD700 3E020900 09000900 09E10663 04000001 00F0223D 162E5317 68656C6C 6F203230 D0D3
249425	1	16	5: 0x02009607 44
249461	1	16	65: 0x61DC23CD AB100010 00100010 00010001 00010001 007EF700 E3160302 99200000 05000500 05000509 00090009 00090000 F0162E22 3D531768 656C6C6F 203230A4 99
249464	16	1,2,3,4,5	5: 0x02002321 A6
249500	16	1,2,3,4,5	74: 0x61DC97CD AB050005 00050005 00100010 00100010 007CD700 3F020100 01000100 01E31603 01992000 00100010 00100010 09000900 09000900 00F0162E 223D5317 68656C6C 6F203230 CE86
249503	5	2,3,4,8,9,10,11,16	5: 0x0200978E 55
249530	5	2,3,4,8,9,10,11,16	74: 0x61DC42CD AB090009 00090009 00050005 00050005 007CD700 3E020100 01000100 01E31603 00992000 00100010 00100010 05000500 05000500 00F0162E 223D5317 68656C6C 6F203230 4B7C
249533	9	2,3,4,5,6,7,8,10,11,12,13,14,15	5: 0x020042AE D4
251170	2	3,4,5,6,7,8,9,16	57: 0x61DC5ECD AB100010 00100010 00020002 00020002 007EF500 02010001 00010001 E1066304 00000180 F0223D16 2E533268 656C6C6F 203231D7 DD
251172	16	1,2,3,4,5	5: 0x02005E43 0E
251201	16	1,2,3,4,5	58: 0x61DC98CD AB010001 00010001 00100010 00100010 007CD700 3F020200 02000200 02E10663 04000001 00F0223D 162E5332 68656C6C 6F203231 C713
251203	1	16	5: 0x02009879 AD
251240	1	16	57: 0x61DC24CD AB100010 00100010 00010001 00010001 007EF700 E30E0301 99100000 02000200 02000200 F0162E22 3D533268 656C6C6F 20323158 54
251242	16	1,2,3,4,5	5: 0x0200249E D2
251262	16	1,2,3,4,5	66: 0x61DC99CD AB020002 00020002 00100010 00100010 007CD700 3F020100 01000100 01E30E03 00991000 00100010 00100010 00F0162E 223D5332 68656C6C 6F203231 5399
251265	2	3,4,5,6,7,8,9,16	5: 0x020099F0 BC
252384	5	2,3,4,8,9,10,11,16	57: 0x61DC43CD AB100010 00100010 00050005 00050005 007EF500 02010001 00010001 E1066304 00000180 F0223D16 2E532568 656C6C6F 20323220 4F
252386	16	1,2,3,4,5	5: 0x02004327 C5
252417	16	1,2,3,4,5	58: 0x61DC9ACD AB010001 00010001 00100010 00100010 007CD700 3F020500 05000500 05E10663 04000001 00F0223D 162E5325 68656C6C 6F203232 66F7
252419	1	16	5: 0x02009A6B 8E
252427	1	16	57: 0x61DC25CD AB100010 00100010 00010001 00010001 007EF700 E30E0301 99100000 05000500 05000500 F0162E22 3D532568 656C6C6F 2032327F 05
252429	16	1,2,3,4,5	5: 0x02002517 C3
252458	16	1,2,3,4,5	66: 0x61DC9BCD AB050005 00050005 00100010 00100010 007CD700 3F020100 01000100 01E30E03 00991000 00100010 00100010 00F0162E 223D5325 68656C6C 6F203232 B3DB
252461	5	2,3,4,8,9,10,11,16	5: 0x02009BE2 9F
252740	10	3,4,5,7,8,9,11,13,14,15	97: 0x41D80ACD ABFFFF0A 000A000A 000A007A 3B3A1A9B 01FF7400 F0020808 F00000FD 00000000 00000002 01000100 01000104 0E00080C 00040000 80000100 1E003C08 1E4040FF FFFFFFFF FFFFFF00 000000FD 00000000 00000000 00000000 00000017 7D
253451	4	2,3,5,7,8,9,10,11,16	102: 0x61DCFECD AB020002 00020002 00040004 00040004 007A333A 9B01FEA3 00F00185 08F00000 FD000000 00000000 02010001 00010001 040E0008 0C000400 00800001 001E003C 081E4040 FFFFFFFF FFFFFFFF 00000000 FD000000 00000000 00000000 00000000 0081
253455	2	3,4,5,6,7,8,9,16	5: 0x0200FE49 AB
254170	3	2,4,5,6,7,8,9,10,16	57: 0x61DCCACD AB100010 00100010 00030003 00030003 007EF500 02010001 00010001 E1066304 00000185 F0223D16 2E532D68 656C6C6F 20323221 9A
254172	16	1,2,3,4,5	5: 0x0200CAEE DC
254209	16	1,2,3,4,5	58: 0x61DC9CCD AB010001 00010001 00100010 00100010 007CD700 3F020300 03000300 03E10663 04000001 00F0223D 162E532D 68656C6C 6F203232 6C7D
254211	1	16	5: 0x02009C5D EB
254218	1	16	57: 0x61DC26CD AB100010 00100010 00010001 00010001 007EF700 E30E0301 99100000 03000300 03000300 F0162E22 3D532D68 656C6C6F 2032324B B2
254220	16	1,2,3,4,5	5: 0x0200268C F1
254234	16	1,2,3,4,5	66: 0x61DC9DCD AB030003 00030003 00100010 00100010 007CD700 3F020100 01000100 01E30E03 00991000 00100010 00100010 00F0162E 223D532D 68656C6C 6F203232 2A07
254237	3	2,4,5,6,7,8,9,10,16	5: 0x02009DD4 FA
254316	13	6,7,8,9,10,12,14,15	57: 0x61DC69CD AB080008 00080008 000D000D 000D000D 007EF500 02010001 00010001 E1066304 00000288 F0223D16 2E53FE68 656C6C6F 20313904 E1
254318	8	2,3,4,5,6,7,9,10,11,12,13,14,15	5: 0x0200697F 4B
254322	8	2,3,4,5,6,7,9,10,11,12,13,14,15	66: 0x61DC84CD AB050005 00050005 00080008 00080008 007CD500 3F020D00 0D000D00 0D020100 01000100 01E10663 04000002 00F0223D 162E53FE 68656C6C 6F203139 08C8
254325	5	2,3,4,8,9,10,11,16	5: 0x02008494 77
254367	5	2,3,4,8,9,10,11,16	66: 0x61DC44CD AB100010 00100010 00050005 00050005 007CD500 3E020D00 0D000D00 0D020100 01000100 01E10663 04000001 80F0223D 162E53FE 68656C6C 6F203139 FB01
254370	16	1,2,3,4,5	5: 0x02004498 B1
254403	16	1,2,3,4,5	58: 0x61DC9ECD AB010001 00010001 00100010 00100010 007CD700 3D020D00 0D000D00 0DE10663 04000001 00F0223D 162E53FE 68656C6C 6F203139 7A6B
254405	1	16	5: 0x02009E4F C8
254447	1	16	73: 0x61DC27CD AB100010 00100010 00010001 00010001 007EF700 E31E0303 99300000 05000500 05000508 00080008 00080D00 0D000D00 0D000000 F0162E22 3D53FE68 656C6C6F 203139F9 E1
254450	16	1,2,3,4,5	5: 0x02002705 E0
254465	16	1,2,3,4,5	82: 0x61DC9FCD AB050005 00050005 00100010 00100010 007CD700 3F020100 01000100 01E31E03 02993000 00100010 00100010 08000800 0800080D 000D000D 000D0000 00F0162E 223D53FE 68656C6C 6F203139 D010
254468	5	2,3,4,8,9,10,11,16	5: 0x02009FC6 D9
254474	5	2,3,4,8,9,10,11,16	82: 0x61DC45CD AB080008 00080008 00050005 00050005 007CD700 3E020100 01000100 01E31E03 01993000 00100010 00100010 05000500 0500050D 000D000D 000D0000 00F0162E 223D53FE 68656C6C 6F203139 AF95
254477	8	2,3,4,5,6,7,9,10,11,12,13,14,15	5: 0x02004511 A0
254483	8	2,3,4,5,6,7,9,10,11,12,13,14,15	82: 0x61DC85CD AB0D000D 000D000D 00080008 00080008 007CD700 3D020100 01000100 01E31E03 00993000 00100010 00100010 05000500 05000508 00080008 00080000 00F0162E 223D53FE 68656C6C 6F203139 67FC
254486	13	6,7,8,9,10,12,14,15	5: 0x0200851D 66
254774	14	7,8,9,10,11,12,13,15	57: 0x61DCADCD AB080008 00080008 000E000E 000E000E 007EF500 02010001 00010001 E1066304 00000286 F0223D16 2E530368 656C6C6F 2032306D 46
254776	8	2,3,4,5,6,7,9,10,11,12,13,14,15	5: 0x0200AD57 CB
254797	8	2,3,4,5,6,7,9,10,11,12,13,14,15	66: 0x61DC86CD AB050005 00050005 00080008 00080008 007CD500 3F020E00 0E000E00 0E020100 01000100 01E10663 04000002 00F0223D 162E5303 68656C6C 6F203230 02C7
254800	5	2,3,4,8,9,10,11,16	5: 0x02008686 54
254828	5	2,3,4,8,9,10,11,16	66: 0x61DC46CD AB100010 00100010 00050005 00050005 007CD500 3E020E00 0E000E00 0E020100 01000100 01E10663 04000001 80F0223D 162E5303 68656C6C 6F203230 F10E
254831	16	1,2,3,4,5	5: 0x0200468A 92
254842	16	1,2,3,4,5	58: 0x61DCA0CD AB010001 00010001 00100010 00100010 007CD700 3D020E00 0E000E00 0EE10663 04000001 00F0223D 162E5303 68656C6C 6F203230 7141
254844	1	16	5: 0x0200A0B2 10
254861	1	16	73: 0x61DC28CD AB100010 00100010 00010001 00010001 007EF700 E31E0303 99300000 05000500 05000508 00080008 00080E00 0E000E00 0E000000 F0162E22 3D530368 656C6C6F 20323012 01
254864	16	1,2,3,4,5	5: 0x020028F2 18
254898	16	1,2,3,4,5	82: 0x61DCA1CD AB050005 00050005 00100010 00100010 007CD700 3F020100 01000100 01E31E03 02993000 00100010 00100010 08000800 0800080E 000E000E 000E0000 00F0162E 223D5303 68656C6C 6F203230 BDE2
254901	5	2,3,4,8,9,10,11,16	5: 0x0200A13B 01
254937	5	2,3,4,8,9,10,11,16	82: 0x61DC47CD AB080008 00080008 00050005 00050005 007CD700 3E020100 01000100 01E31E03 01993000 00100010 00100010 05000500 0500050E 000E000E 000E0000 00F0162E 223D5303 68656C6C 6F203230 3ADE
254940	8	2,3,4,5,6,7,9,10,11,12,13,14,15	5: 0x02004703 83
254973	8	2,3,4,5,6,7,9,10,11,12,13,14,15	82: 0x61DC87CD AB0E000E 000E000E 00080008 00080008 007CD700 3D020100 01000100 01E31E03 00993000 00100010 00100010 05000500 05000508 00080008 00080000 00F0162E 223D5303 68656C6C 6F203230 16BB
254976	14	7,8,9,10,11,12,13,15	5: 0x0200870F 45
254999	11	4,5,8,9,10,14,15	57: 0x61DC13CD AB050005 00050005 000B000B 000B000B 007EF500 02010001 00010001 E1066304 00000205 F0223D16 2E530E68 656C6C6F 20323185 2E
255001	5	2,3,4,8,9,10,11,16	5: 0x020013A2 97
255027	5	2,3,4,8,9,10,11,16	66: 0x61DC48CD AB100010 00100010 00050005 00050005 007CD500 3F020B00 0B000B00 0B020100 01000100 01E10663 04000001 80F0223D 162E530E 68656C6C 6F203231 8A51
255030	16	1,2,3,4,5	5: 0x020048F4 7B
255065	16	1,2,3,4,5	58: 0x61DCA2CD AB010001 00010001 00100010 00100010 007CD700 3E020B00 0B000B00 0BE10663 04000001 00F0223D 162E530E 68656C6C 6F203231 32F5
255067	1	16	5: 0x0200A2A0 33
255073	1	16	65: 0x61DC29CD AB100010 00100010 00010001 00010001 007EF700 E3160302 99200000 05000500 0500050B 000B000B 000B0000 F0162E22 3D530E68 656C6C6F 20323164 AC
255076	16	1,2,3,4,5	5: 0x0200297B 09
255103	16	1,2,3,4,5	74: 0x61DCA3CD AB050005 00050005 00100010 00100010 007CD700 3F020100 01000100 01E31603 01992000 00100010 00100010 0B000B00 0B000B00 00F0162E 223D530E 68656C6C 6F203231 D5DE
255106	5	2,3,4,8,9,10,11,16	5: 0x0200A329 22
255149	5	2,3,4,8,9,10,11,16	74: 0x61DC49CD AB0B000B 000B000B 00050005 00050005 007CD700 3E020100 01000100 01E31603 00992000 00100010 00100010 05000500 05000500 00F0162E 223D530E 68656C6C 6F203231 7F76
255152	11	4,5,8,9,10,14,15	5: 0x0200497D 6A
255939	7	2,3,4,6,8,9,10,12,13,14	57: 0x61DCA3CD AB020002 00020002 00070007 00070007 007EF500 02010001 00010001 E1066304 00000207 F0223D16 2E531F68 656C6C6F 20323012 3F
255941	2	3,4,5,6,7,8,9,16	5: 0x0200A329 22
255952	2	3,4,5,6,7,8,9,16	66: 0x61DC5FCD AB100010 00100010 00020002 00020002 007CD500 3F020700 07000700 07020100 01000100 01E10663 04000001 80F0223D 162E531F 68656C6C 6F203230 B740
255955	16	1,2,3,4,5	5: 0x02005FCA 1F
255967	16	1,2,3,4,5	58: 0x61DCA4CD AB010001 00010001 00100010 00100010 007CD700 3E020700 07000700 07E10663 04000001 00F0223D 162E531F 68656C6C 6F203230 1B8D
255969	1	16	5: 0x0200A496 56
255972	4	2,3,5,7,8,9,10,11,16	57: 0x61DCFFCD AB100010 00100010 00040004 00040004 007EF500 02010001 00010001 E1066304 00000185 F0223D16 2E532968 656C6C6F 20323258 4D
255974	16	1,2,3,4,5	5: 0x0200FFC0 BA
255992	16	1,2,3,4,5	58: 0x61DCA5CD AB010001 00010001 00100010 00100010 007CD700 3F020400 04000400 04E10663 04000001 00F0223D 162E5329 68656C6C 6F203232 8BAD
255994	1	16	5: 0x0200A51F 47
256010	1	16	65: 0x61DC2ACD AB100010 00100010 00010001 00010001 007EF700 E3160302 99200000 02000200 02000207 00070007 00070000 F0162E22 3D531F68 656C6C6F 20323066 5A
256013	16	1,2,3,4,5	5: 0x02002AE0 3B
256024	1	16	57: 0x61DC2BCD AB100010 00100010 00010001 00010001 007EF700 E30E0301 99100000 04000400 04000400 F0162E22 3D532968 656C6C6F 203232A5 E2
256026	16	1,2,3,4,5	5: 0x02002B69 2A
256036	16	1,2,3,4,5	74: 0x61DCA6CD AB020002 00020002 00100010 00100010 007CD700 3F020100 01000100 01E31603 01992000 00100010 00100010 07000700 07000700 00F0162E 223D531F 68656C6C 6F203230 C838
256039	2	3,4,5,6,7,8,9,16	5: 0x0200A684 75
256042	16	1,2,3,4,5	66: 0x61DCA7CD AB040004 00040004 00100010 00100010 007CD700 3F020100 01000100 01E30E03 00991000 00100010 00100010 00F0162E 223D5329 68656C6C 6F203232 F9F1
256045	4	2,3,5,7,8,9,10,11,16	5: 0x0200A70D 64
256063	2	3,4,5,6,7,8,9,16	74: 0x61DC60CD AB070007 00070007 00020002 00020002 007CD700 3E020100 01000100 01E31603 00992000 00100010 00100010 02000200 02000200 00F0162E 223D531F 68656C6C 6F203230 60FA
256066	7	2,3,4,6,8,9,10,12,13,14	5: 0x020060BE D6
256701	8	2,3,4,5,6,7,9,10,11,12,13,14,15	57: 0x61DC88CD AB050005 00050005 00080008 00080008 007EF500 02010001 00010001 E1066304 00000200 F0223D16 2E531A68 656C6C6F 20323163 F0
256703	5	2,3,4,8,9,10,11,16	5: 0x020088F8 BD
256710	5	2,3,4,8,9,10,11,16	66: 0x61DC4ACD AB100010 00100010 00050005 00050005 007CD500 3F020800 08000800 08020100 01000100 01E10663 04000001 80F0223D 162E531A 68656C6C 6F203231 930E
256713	16	1,2,3,4,5	5: 0x02004AE6 58
256751	16	1,2,3,4,5	58: 0x61DCA8CD AB010001 00010001 00100010 00100010 007CD700 3E020800 08000800 08E10663 04000001 00F0223D 162E531A 68656C6C 6F203231 1084
256753	1	16	5: 0x0200A8FA 9C
256762	1	16	65: 0x61DC2CCD AB100010 00100010 00010001 00010001 007EF700 E3160302 99200000 05000500 05000508 00080008 00080000 F0162E22 3D531A68 656C6C6F 203231A1 BB
256765	16	1,2,3,4,5	5: 0x02002CD6 5E
256770	16	1,2,3,4,5	74: 0x61DCA9CD AB050005 00050005 00100010 00100010 007CD700 3F020100 01000100 01E31603 01992000 00100010 00100010 08000800 08000800 00F0162E 223D531A 68656C6C 6F203231 4CB1
256773	5	2,3,4,8,9,10,11,16	5: 0x0200A973 8D
256786	5	2,3,4,8,9,10,11,16	74: 0x61DC4BCD AB080008 00080008 00050005 00050005 007CD700 3E020100 01000100 01E31603 00992000 00100010 00100010 05000500 05000500 00F0162E 223D531A 68656C6C 6F203231 F0D6
256789	8	2,3,4,5,6,7,9,10,11,12,13,14,15	5: 0x02004B6F 49
257711	15	8,9,10,11,12,13,14	57: 0x61DCD7CD AB080008 00080008 000F000F 000F000F 007EF500 02010001 00010001 E1066304 00000288 F0223D16 2E52FF68 656C6C6F 203230A7 A5
257713	8	2,3,4,5,6,7,9,10,11,12,13,14,15	5: 0x0200D78A 17
257721	8	2,3,4,5,6,7,9,10,11,12,13,14,15	66: 0x61DC89CD AB050005 00050005 00080008 00080008 007CD500 3F020F00 0F000F00 0F020100 01000100 01E10663 04000002 00F0223D 162E52FF 68656C6C 6F203230 7933
257724	5	2,3,4,8,9,10,11,16	5: 0x02008971 AC
257748	5	2,3,4,8,9,10,11,16	66: 0x61DC4CCD AB100010 00100010 00050005 00050005 007CD500 3E020F00 0F000F00 0F020100 01000100 01E10663 04000001 80F0223D 162E52FF 68656C6C 6F203230 4B73
257751	16	1,2,3,4,5	5: 0x02004CD0 3D
257791	16	1,2,3,4,5	58: 0x61DCAACD AB010001 00010001 00100010 00100010 007CD700 3D020F00 0F000F00 0FE10663 04000001 00F0223D 162E52FF 68656C6C 6F203230 C147
257793	1	16	5: 0x0200AAE8 BF
257836	1	16	73: 0x61DC2DCD AB100010 00100010 00010001 00010001 007EF700 E31E0303 99300000 05000500 05000508 00080008 00080F00 0F000F00 0F000000 F0162E22 3D52FF68 656C6C6F 2032308B 90
257839	16	1,2,3,4,5	5: 0x02002D5F 4F
257880	16	1,2,3,4,5	82: 0x61DCABCD AB050005 00050005 00100010 00100010 007CD700 3F020100 01000100 01E31E03 02993000 00100010 00100010 08000800 0800080F 000F000F 000F0000 00F0162E 223D52FF 68656C6C 6F203230 6FB9
257883	5	2,3,4,8,9,10,11,16	5: 0x0200AB61 AE
257891	5	2,3,4,8,9,10,11,16	82: 0x61DC4DCD AB080008 00080008 00050005 00050005 007CD700 3E020100 01000100 01E31E03 01993000 00100010 00100010 05000500 0500050F 000F000F 000F0000 00F0162E 223D52FF 68656C6C 6F203230 E885
257894	8	2,3,4,5,6,7,9,10,11,12,13,14,15	5: 0x02004D59 2C
257934	8	2,3,4,5,6,7,9,10,11,12,13,14,15	82: 0x61DC8ACD AB0F000F 000F000F 00080008 00080008 007CD700 3D020100 01000100 01E31E03 00993000 00100010 00100010 05000500 05000508 00080008 00080000 00F0162E 223D52FF 68656C6C 6F203230 F3A7
257937	15	8,9,10,11,12,13,14	5: 0x02008AEA 9E
258140	12	6,7,8,9,13,14,15	57: 0x61DC54CD AB080008 00080008 000C000C 000C000C 007EF500 02010001 00010001 E1066304 00000286 F0223D16 2E530B68 656C6C6F 2032308C 7D
258142	8	2,3,4,5,6,7,9,10,11,12,13,14,15	5: 0x02005419 A1
258161	8	2,3,4,5,6,7,9,10,11,12,13,14,15	66: 0x61DC8BCD AB050005 00050005 00080008 00080008 007CD500 3F020C00 0C000C00 0C020100 01000100 01E10663 04000002 00F0223D 162E530B 68656C6C 6F203230 CA95
258164	5	2,3,4,8,9,10,11,16	5: 0x02008B63 8F
258169	5	2,3,4,8,9,10,11,16	66: 0x61DC4ECD AB100010 00100010 00050005 00050005 007CD500 3E020C00 0C000C00 0C020100 01000100 01E10663 04000001 80F0223D 162E530B 68656C6C 6F203230 F8D5
258172	16	1,2,3,4,5	5: 0x02004EC2 1E
258209	16	1,2,3,4,5	58: 0x61DCACCD AB010001 00010001 00100010 00100010 007CD700 3D020C00 0C000C00 0CE10663 04000001 00F0223D 162E530B 68656C6C 6F203230 D618
258211	1	16	5: 0x0200ACDE DA
258248	1	16	73: 0x61DC2ECD AB100010 00100010 00010001 00010001 007EF700 E31E0303 99300000 05000500 05000508 00080008 00080C00 0C000C00 0C000000 F0162E22 3D530B68 656C6C6F 2032301C 86
258251	16	1,2,3,4,5	5: 0x02002EC4 7D
258288	16	1,2,3,4,5	82: 0x61DCADCD AB050005 00050005 00100010 00100010 007CD700 3F020100 01000100 01E31E03 02993000 00100010 00100010 08000800 0800080C 000C000C 000C0000 00F0162E 223D530B 68656C6C 6F203230 CE11
258291	5	2,3,4,8,9,10,11,16	5: 0x0200AD57 CB
258329	5	2,3,4,8,9,10,11,16	82: 0x61DC4FCD AB080008 00080008 00050005 00050005 007CD700 3E020100 01000100 01E31E03 01993000 00100010 00100010 05000500 0500050C 000C000C 000C0000 00F0162E 223D530B 68656C6C 6F203230 C467
258332	8	2,3,4,5,6,7,9,10,11,12,13,14,15	5: 0x02004F4B 0F
258364	8	2,3,4,5,6,7,9,10,11,12,13,14,15	82: 0x61DC8CCD AB0C000C 000C000C 00080008 00080008 007CD700 3D020100 01000100 01E31E03 00993000 00100010 00100010 05000500 05000508 00080008 00080000 00F0162E 223D530B 68656C6C 6F203230 B603
258367	12	6,7,8,9,13,14,15	5: 0x02008CDC FB
258990	6	2,3,7,8,9,12,13	57: 0x61DC00CD AB020002 00020002 00060006 00060006 007EF500 02010001 00010001 E1066304 0000020A F0223D16 2E532268 656C6C6F 203231FE 41
258992	2	3,4,5,6,7,8,9,16	5: 0x020000B8 B5
259004	2	3,4,5,6,7,8,9,16	66: 0x61DC61CD AB100010 00100010 00020002 00020002 007CD500 3F020600 06000600 06020100 01000100 01E10663 04000001 80F0223D 162E5322 68656C6C 6F203231 33D2
259007	16	1,2,3,4,5	5: 0x02006137 C7
259037	16	1,2,3,4,5	58: 0x61DCAECD AB010001 00010001 00100010 00100010 007CD700 3E020600 06000600 06E10663 04000001 00F0223D 162E5322 68656C6C 6F203231 4CD9
259039	1	16	5: 0x0200AECC F9
259071	1	16	65: 0x61DC2FCD AB100010 00100010 00010001 00010001 007EF700 E3160302 99200000 02000200 02000206 00060006 00060000 F0162E22 3D532268 656C6C6F 20323165 3A
259074	16	1,2,3,4,5	5: 0x02002F4D 6C
259078	16	1,2,3,4,5	74: 0x61DCAFCD AB020002 00020002 00100010 00100010 007CD700 3F020100 01000100 01E31603 01992000 00100010 00100010 06000600 06000600 00F0162E 223D5322 68656C6C 6F203231 E080
259081	2	3,4,5,6,7,8,9,16	5: 0x0200AF45 E8
259120	2	3,4,5,6,7,8,9,16	74: 0x61DC62CD AB060006 00060006 00020002 00020002 007CD700 3E020100 01000100 01E31603 00992000 00100010 00100010 02000200 02000200 00F0162E 223D5322 68656C6C 6F203231 5519
259123	6	2,3,7,8,9,12,13	5: 0x020062AC F5
259246	9	2,3,4,5,6,7,8,10,11,12,13,14,15	57: 0x61DC69CD AB050005 00050005 00090009 00090009 007EF500 02010001 00010001 E1066304 00000205 F0223D16 2E531668 656C6C6F 203231B5 91
259248	5	2,3,4,8,9,10,11,16	5: 0x0200697F 4B
259279	5	2,3,4,8,9,10,11,16	66: 0x61DC50CD AB100010 00100010 00050005 00050005 007CD500 3F020900 09000900 09020100 01000100 01E10663 04000001 80F0223D 162E5316 68656C6C 6F203231 60B4
259282	16	1,2,3,4,5	5: 0x0200503D E7
259304	16	1,2,3,4,5	58: 0x61DCB0CD AB010001 00010001 00100010 00100010 007CD700 3E020900 09000900 09E10663 04000001 00F0223D 162E5316 68656C6C 6F203231 E91B
259306	1	16	5: 0x0200B033 00
259334	1	16	65: 0x61DC30CD AB100010 00100010 00010001 00010001 007EF700 E3160302 99200000 05000500 05000509 00090009 00090000 F0162E22 3D531668 656C6C6F 203231A3 1E
259337	16	1,2,3,4,5	5: 0x0200303B 84
259352	16	1,2,3,4,5	74: 0x61DCB1CD AB050005 00050005 00100010 00100010 007CD700 3F020100 01000100 01E31603 01992000 00100010 00100010 09000900 09000900 00F0162E 223D5316 68656C6C 6F203231 260F
259355	5	2,3,4,8,9,10,11,16	5: 0x0200B1BA 11
259375	5	2,3,4,8,9,10,11,16	74: 0x61DC51CD AB090009 00090009 00050005 00050005 007CD700 3E020100 01000100 01E31603 00992000 00100010 00100010 05000500 05000500 00F0162E 223D5316 68656C6C 6F203231 F14A
259378	9	2,3,4,5,6,7,8,10,11,12,13,14,15	5: 0x020051B4 F6
260065	10	3,4,5,7,8,9,11,13,14,15	57: 0x61DC0BCD AB050005 00050005 000A000A 000A000A 007EF500 02010001 00010001 E1066304 00000208 F0223D16 2E531168 656C6C6F 20323287 1C
260067	5	2,3,4,8,9,10,11,16	5: 0x02000B6B 0B
260077	5	2,3,4,8,9,10,11,16	66: 0x61DC52CD AB100010 00100010 00050005 00050005 007CD500 3F020A00 0A000A00 0A020100 01000100 01E10663 04000001 80F0223D 162E5311 68656C6C 6F203232 71F0
260080	16	1,2,3,4,5	5: 0x0200522F C4
260101	16	1,2,3,4,5	58: 0x61DCB2CD AB010001 00010001 00100010 00100010 007CD700 3E020A00 0A000A00 0AE10663 04000001 00F0223D 162E5311 68656C6C 6F203232 29EB
260103	1	16	5: 0x0200B221 23
260138	1	16	65: 0x61DC31CD AB100010 00100010 00010001 00010001 007EF700 E3160302 99200000 05000500 0500050A 000A000A 000A0000 F0162E22 3D531168 656C6C6F 2032328F C4
260141	16	1,2,3,4,5	5: 0x020031B2 95
260148	16	1,2,3,4,5	74: 0x61DCB3CD AB050005 00050005 00100010 00100010 007CD700 3F020100 01000100 01E31603 01992000 00100010 00100010 0A000A00 0A000A00 00F0162E 223D5311 68656C6C 6F203232 E39A
260151	5	2,3,4,8,9,10,11,16	5: 0x0200B3A8 32
260182	5	2,3,4,8,9,10,11,16	74: 0x61DC53CD AB0A000A 000A000A 00050005 00050005 007CD700 3E020100 01000100 01E31603 00992000 00100010 00100010 05000500 05000500 00F0162E 223D5311 68656C6C 6F203232 76F1
260185	10	3,4,5,7,8,9,11,13,14,15	5: 0x020053A6 D5
260220	14	7,8,9,10,11,12,13,15	97: 0x41D8AECD ABFFFF0E 000E000E 000E007A 3B3A1A9B 01FEE700 F0028508 F00000FD 00000000 00000002 01000100 01000104 0E00080C 00040000 80000100 1E003C08 1E4040FF FFFFFFFF FFFFFF00 000000FD 00000000 00000000 00000000 000000E5 6E
260900	2	3,4,5,6,7,8,9,16	57: 0x61DC63CD AB100010 00100010 00020002 00020002 007EF500 02010001 00010001 E1066304 00000180 F0223D16 2E533168 656C6C6F 203232ED 8C
260902	16	1,2,3,4,5	5: 0x02006325 E4
260917	16	1,2,3,4,5	58: 0x61DCB4CD AB010001 00010001 00100010 00100010 007CD700 3F020200 02000200 02E10663 04000001 00F0223D 162E5331 68656C6C 6F203232 4E5B
260919	1	16	5: 0x0200B417 46
260954	1	16	57: 0x61DC32CD AB100010 00100010 00010001 00010001 007EF700 E30E0301 99100000 02000200 02000200 F0162E22 3D533168 656C6C6F 20323250 1F
260956	16	1,2,3,4,5	5: 0x02003229 A7
260974	16	1,2,3,4,5	66: 0x61DCB5CD AB020002 00020002 00100010 00100010 007CD700 3F020100 01000100 01E30E03 00991000 00100010 00100010 00F0162E 223D5331 68656C6C 6F203232 D2E5
260977	2	3,4,5,6,7,8,9,16	5: 0x0200B59E 57
263266	5	2,3,4,8,9,10,11,16	57: 0x61DC54CD AB100010 00100010 00050005 00050005 007EF500 02010001 00010001 E1066304 00000180 F0223D16 2E532468 656C6C6F 203233A3 78
263268	16	1,2,3,4,5	5: 0x02005419 A1
263280	16	1,2,3,4,5	58: 0x61DCB6CD AB010001 00010001 00100010 00100010 007CD700 3F020500 05000500 05E10663 04000001 00F0223D 162E5324 68656C6C 6F203233 0707
263282	1	16	5: 0x0200B605 65
263286	1	16	57: 0x61DC33CD AB100010 00100010 00010001 00010001 007EF700 E30E0301 99100000 05000500 05000500 F0162E22 3D532468 656C6C6F 2032339F F6
263288	16	1,2,3,4,5	5: 0x020033A0 B6
263309	16	1,2,3,4,5	66: 0x61DCB7CD AB050005 00050005 00100010 00100010 007CD700 3F020100 01000100 01E30E03 00991000 00100010 00100010 00F0162E 223D5324 68656C6C 6F203233 DA1F
263312	5	2,3,4,8,9,10,11,16	5: 0x0200B78C 74
263729	13	6,7,8,9,10,12,14,15	57: 0x61DC6ACD AB080008 00080008 000D000D 000D000D 007EF500 02010001 00010001 E1066304 00000287 F0223D16 2E530768 656C6C6F 203230B0 E8
263731	8	2,3,4,5,6,7,9,10,11,12,13,14,15	5: 0x02006AE4 79
263761	8	2,3,4,5,6,7,9,10,11,12,13,14,15	66: 0x61DC8DCD AB050005 00050005 00080008 00080008 007CD500 3F020D00 0D000D00 0D020100 01000100 01E10663 04000002 00F0223D 162E5307 68656C6C 6F203230 ACFC
263764	5	2,3,4,8,9,10,11,16	5: 0x02008D55 EA
263782	5	2,3,4,8,9,10,11,16	66: 0x61DC55CD AB100010 00100010 00050005 00050005 007CD500 3E020D00 0D000D00 0D020100 01000100 01E10663 04000001 80F0223D 162E5307 68656C6C 6F203230 9B10
263785	16	1,2,3,4,5	5: 0x02005590 B0
263794	16	1,2,3,4,5	58: 0x61DCB8CD AB010001 00010001 00100010 00100010 007CD700 3D020D00 0D000D00 0DE10663 04000001 00F0223D 162E5307 68656C6C 6F203230 B050
263796	1	16	5: 0x0200B87B 8C
263802	1	16	73: 0x61DC34CD AB100010 00100010 00010001 00010001 007EF700 E31E0303 99300000 05000500 05000508 00080008 00080D00 0D000D00 0D000000 F0162E22 3D530768 656C6C6F 20323087 CE
263805	16	1,2,3,4,5	5: 0x0200341F C2
263812	16	1,2,3,4,5	82: 0x61DCB9CD AB050005 00050005 00100010 00100010 007CD700 3F020100 01000100 01E31E03 02993000 00100010 00100010 08000800 0800080D 000D000D 000D0000 00F0162E 223D5307 68656C6C 6F203230 DE10
263815	5	2,3,4,8,9,10,11,16	5: 0x0200B9F2 9D
263830	5	2,3,4,8,9,10,11,16	82: 0x61DC56CD AB080008 00080008 00050005 00050005 007CD700 3E020100 01000100 01E31E03 01993000 00100010 00100010 05000500 0500050D 000D000D 000D0000 00F0162E 223D5307 68656C6C 6F203230 E4E9
263833	8	2,3,4,5,6,7,9,10,11,12,13,14,15	5: 0x0200560B 82
263867	8	2,3,4,5,6,7,9,10,11,12,13,14,15	82: 0x61DC8ECD AB0D000D 000D000D 00080008 00080008 007CD700 3D020100 01000100 01E31E03 00993000 00100010 00100010 05000500 05000508 00080008 00080000 00F0162E 223D5307 68656C6C 6F203230 1337
263870	13	6,7,8,9,10,12,14,15	5: 0x02008ECE D8
264589	14	7,8,9,10,11,12,13,15	57: 0x61DCAFCD AB080008 00080008 000E000E 000E000E 007EF500 02010001 00010001 E1066304 00000285 F0223D16 2E530268 656C6C6F 203231EF 00
264591	8	2,3,4,5,6,7,9,10,11,12,13,14,15	5: 0x0200AF45 E8
264594	3	2,4,5,6,7,8,9,10,16	57: 0x61DCCBCD AB100010 00100010 00030003 00030003 007EF500 02010001 00010001 E1066304 00000184 F0223D16 2E532C68 656C6C6F 20323326 8C
264596	16	1,2,3,4,5	5: 0x0200CB67 CD
264608	8	2,3,4,5,6,7,9,10,11,12,13,14,15	66: 0x61DC8FCD AB050005 00050005 00080008 00080008 007CD500 3F020E00 0E000E00 0E020100 01000100 01E10663 04000002 00F0223D 162E5302 68656C6C 6F203231 5500
264611	5	2,3,4,8,9,10,11,16	5: 0x02008F47 C9
264614	5	2,3,4,8,9,10,11,16	66: 0x61DC57CD AB100010 00100010 00050005 00050005 007CD500 3E020E00 0E000E00 0E020100 01000100 01E10663 04000001 80F0223D 162E5302 68656C6C 6F203231 62EC
264617	16	1,2,3,4,5	5: 0x02005782 93
264635	16	1,2,3,4,5	58: 0x61DCBACD AB010001 00010001 00100010 00100010 007CD700 3F020300 03000300 03E10663 04000001 00F0223D 162E532C 68656C6C 6F203233 55B5
264637	1	16	5: 0x0200BA69 AF
264674	1	16	57: 0x61DC35CD AB100010 00100010 00010001 00010001 007EF700 E30E0301 99100000 03000300 03000300 F0162E22 3D532C68 656C6C6F 20323377 8C
264676	16	1,2,3,4,5	5: 0x02003596 D3
264680	16	1,2,3,4,5	58: 0x61DCBBCD AB010001 00010001 00100010 00100010 007CD700 3D020E00 0E000E00 0EE10663 04000001 00F0223D 162E5302 68656C6C 6F203231 C149
264682	1	16	5: 0x0200BBE0 BE
264691	1	16	73: 0x61DC36CD AB100010 00100010 00010001 00010001 007EF700 E31E0303 99300000 05000500 05000508 00080008 00080E00 0E000E00 0E000000 F0162E22 3D530268 656C6C6F 20323106 49
264694	16	1,2,3,4,5	5: 0x0200360D E1
264719	16	1,2,3,4,5	66: 0x61DCBCCD AB030003 00030003 00100010 00100010 007CD700 3F020100 01000100 01E30E03 00991000 00100010 00100010 00F0162E 223D532C 68656C6C 6F203233 31AE
264722	3	2,4,5,6,7,8,9,10,16	5: 0x0200BC5F CA
264727	16	1,2,3,4,5	82: 0x61DCBDCD AB050005 00050005 00100010 00100010 007CD700 3F020100 01000100 01E31E03 02993000 00100010 00100010 08000800 0800080E 000E000E 000E0000 00F0162E 223D5302 68656C6C 6F203231 7B43
264730	5	2,3,4,8,9,10,11,16	5: 0x0200BDD6 DB
264770	5	2,3,4,8,9,10,11,16	82: 0x61DC58CD AB080008 00080008 00050005 00050005 007CD700 3E020100 01000100 01E31E03 01993000 00100010 00100010 05000500 0500050E 000E000E 000E0000 00F0162E 223D5302 68656C6C 6F203231 158E
264773	8	2,3,4,5,6,7,9,10,11,12,13,14,15	5: 0x02005875 6B
264812	8	2,3,4,5,6,7,9,10,11,12,13,14,15	82: 0x61DC90CD AB0E000E 000E000E 00080008 00080008 007CD700 3D020100 01000100 01E31E03 00993000 00100010 00100010 05000500 05000508 00080008 00080000 00F0162E 223D5302 68656C6C 6F203231 237E
264815	14	7,8,9,10,11,12,13,15	5: 0x02009031 21
265240	9	2,3,4,5,6,7,8,10,11,12,13,14,15	97: 0x41D86ACD ABFFFF09 00090009 0009007A 3B3A1A9B 01FF7C00 F0020408 F00000FD 00000000 00000002 01000100 01000104 0E00080C 00040000 80000100 1E003C08 1E4040FF FFFFFFFF FFFFFF00 000000FD 00000000 00000000 00000000 000000F3 6D
265423	11	4,5,8,9,10,14,15	57: 0x61DC14CD AB050005 00050005 000B000B 000B000B 007EF500 02010001 00010001 E1066304 00000204 F0223D16 2E530D68 656C6C6F 20323202 09
265425	5	2,3,4,8,9,10,11,16	5: 0x0200141D E3
265462	5	2,3,4,8,9,10,11,16	66: 0x61DC59CD AB100010 00100010 00050005 00050005 007CD500 3F020B00 0B000B00 0B020100 01000100 01E10663 04000001 80F0223D 162E530D 68656C6C 6F203232 F10B
265465	16	1,2,3,4,5	5: 0x020059FC 7A
265498	16	1,2,3,4,5	58: 0x61DCBECD AB010001 00010001 00100010 00100010 007CD700 3E020B00 0B000B00 0BE10663 04000001 00F0223D 162E530D 68656C6C 6F203232 F4FB
265500	1	16	5: 0x0200BE4D E9
265505	1	16	65: 0x61DC37CD AB100010 00100010 00010001 00010001 007EF700 E3160302 99200000 05000500 0500050B 000B000B 000B0000 F0162E22 3D530D68 656C6C6F 20323205 97
265508	16	1,2,3,4,5	5: 0x02003784 F0
265524	16	1,2,3,4,5	74: 0x61DCBFCD AB050005 00050005 00100010 00100010 007CD700 3F020100 01000100 01E31603 01992000 00100010 00100010 0B000B00 0B000B00 00F0162E 223D530D 68656C6C 6F203232 0E61
265527	5	2,3,4,8,9,10,11,16	5: 0x0200BFC4 F8
265539	5	2,3,4,8,9,10,11,16	74: 0x61DC5ACD AB0B000B 000B000B 00050005 00050005 007CD700 3E020100 01000100 01E31603 00992000 00100010 00100010 05000500 05000500 00F0162E 223D530D 68656C6C 6F203232 2DF8
265542	11	4,5,8,9,10,14,15	5: 0x02005A67 48
265899	4	2,3,5,7,8,9,10,11,16	57: 0x61DC00CD AB100010 00100010 00040004 00040004 007EF500 02010001 00010001 E1066304 00000184 F0223D16 2E532868 656C6C6F 2032334C 0E
265901	16	1,2,3,4,5	5: 0x020000B8 B5
265904	16	1,2,3,4,5	58: 0x61DCC0CD AB010001 00010001 00100010 00100010 007CD700 3F020400 04000400 04E10663 04000001 00F0223D 162E5328 68656C6C 6F203233 4D61
265907	1	16	5: 0x0200C0B4 73
265916	1	16	57: 0x61DC38CD AB100010 00100010 00010001 00010001 007EF700 E30E0301 99100000 04000400 04000400 F0162E22 3D532868 656C6C6F 20323399 DC
265918	16	1,2,3,4,5	5: 0x02003873 08
265960	16	1,2,3,4,5	66: 0x61DCC1CD AB040004 00040004 00100010 00100010 007CD700 3F020100 01000100 01E30E03 00991000 00100010 00100010 00F0162E 223D5328 68656C6C 6F203233 EC33
265963	4	2,3,5,7,8,9,10,11,16	5: 0x0200C13D 62
266146	7	2,3,4,6,8,9,10,12,13,14	57: 0x61DCA4CD AB020002 00020002 00070007 00070007 007EF500 02010001 00010001 E1066304 00000206 F0223D16 2E531E68 656C6C6F 2032317D A0
266148	2	3,4,5,6,7,8,9,16	5: 0x0200A496 56
266171	2	3,4,5,6,7,8,9,16	97: 0x41D864CD ABFFFF02 00020002 0002007A 3B3A1A9B 01001D00 F0018008 F00000FD 00000000 00000002 01000100 01000104 0E00080C 00040000 80000100 1E003C08 1E4040FF FFFFFFFF FFFFFF00 000000FD 00000000 00000000 00000000 00000085 24
266190	2	3,4,5,6,7,8,9,16	66: 0x61DC65CD AB100010 00100010 00020002 00020002 007CD500 3F020700 07000700 07020100 01000100 01E10663 04000001 80F0223D 162E531E 68656C6C 6F203231 D84C
266193	16	1,2,3,4,5	5: 0x02006513 81
266232	16	1,2,3,4,5	58: 0x61DCC2CD AB010001 00010001 00100010 00100010 007CD700 3E020700 07000700 07E10663 04000001 00F0223D 162E531E 68656C6C 6F203231 36B2
266234	1	16	5: 0x0200C2A6 50
266239	1	16	65: 0x61DC39CD AB100010 00100010 00010001 00010001 007EF700 E3160302 99200000 02000200 02000207 00070007 00070000 F0162E22 3D531E68 656C6C6F 20323161 DD
266242	16	1,2,3,4,5	5: 0x020039FA 19
266277	16	1,2,3,4,5	74: 0x61DCC3CD AB020002 00020002 00100010 00100010 007CD700 3F020100 01000100 01E31603 01992000 00100010 00100010 07000700 07000700 00F0162E 223D531E 68656C6C 6F203231 8023
266280	2	3,4,5,6,7,8,9,16	5: 0x0200C32F 41
266314	2	3,4,5,6,7,8,9,16	74: 0x61DC66CD AB070007 00070007 00020002 00020002 007CD700 3E020100 01000100 01E31603 00992000 00100010 00100010 02000200 02000200 00F0162E 223D531E 68656C6C 6F203231 EBEE
266317	7	2,3,4,6,8,9,10,12,13,14	5: 0x02006688 B3
266493	8	2,3,4,5,6,7,9,10,11,12,13,14,15	57: 0x61DC91CD AB050005 00050005 00080008 00080008 007EF500 02010001 00010001 E1066304 00000200 F0223D16 2E531968 656C6C6F 2032321E E5
266495	5	2,3,4,8,9,10,11,16	5: 0x020091B8 30
266523	5	2,3,4,8,9,10,11,16	66: 0x61DC5BCD AB100010 00100010 00050005 00050005 007CD500 3F020800 08000800 08020100 01000100 01E10663 04000001 80F0223D 162E5319 68656C6C 6F203232 E854
266526	16	1,2,3,4,5	5: 0x02005BEE 59
266535	16	1,2,3,4,5	58: 0x61DCC4CD AB010001 00010001 00100010 00100010 007CD700 3E020800 08000800 08E10663 04000001 00F0223D 162E5319 68656C6C 6F203232 8D3B
266537	1	16	5: 0x0200C490 35
266577	1	16	65: 0x61DC3ACD AB100010 00100010 00010001 00010001 007EF700 E3160302 99200000 05000500 05000508 00080008 00080000 F0162E22 3D531968 656C6C6F 20323213 25
266580	16	1,2,3,4,5	5: 0x02003A61 2B
266587	16	1,2,3,4,5	74: 0x61DCC5CD AB050005 00050005 00100010 00100010 007CD700 3F020100 01000100 01E31603 01992000 00100010 00100010 08000800 08000800 00F0162E 223D5319 68656C6C 6F203232 9A6B
266590	5	2,3,4,8,9,10,11,16	5: 0x0200C519 24
266601	5	2,3,4,8,9,10,11,16	74: 0x61DC5CCD AB080008 00080008 00050005 00050005 007CD700 3E020100 01000100 01E31603 00992000 00100010 00100010 05000500 05000500 00F0162E 223D5319 68656C6C 6F203232 0828
266604	8	2,3,4,5,6,7,9,10,11,12,13,14,15	5: 0x02005C51 2D
267678	12	6,7,8,9,13,14,15	57: 0x61DC55CD AB080008 00080008 000C000C 000C000C 007EF500 02010001 00010001 E1066304 00000285 F0223D16 2E530A68 656C6C6F 203231BA 7F
267680	8	2,3,4,5,6,7,9,10,11,12,13,14,15	5: 0x02005590 B0
267710	8	2,3,4,5,6,7,9,10,11,12,13,14,15	66: 0x61DC92CD AB050005 00050005 00080008 00080008 007CD500 3F020C00 0C000C00 0C020100 01000100 01E10663 04000002 00F0223D 162E530A 68656C6C 6F203231 EA93
267713	5	2,3,4,8,9,10,11,16	5: 0x02009223 02
267733	5	2,3,4,8,9,10,11,16	66: 0x61DC5DCD AB100010 00100010 00050005 00050005 007CD500 3E020C00 0C000C00 0C020100 01000100 01E10663 04000001 80F0223D 162E530A 68656C6C 6F203231 4BC8
267736	16	1,2,3,4,5	5: 0x02005DD8 3C
267775	16	1,2,3,4,5	58: 0x61DCC6CD AB010001 00010001 00100010 00100010 007CD700 3D020C00 0C000C00 0CE10663 04000001 00F0223D 162E530A 68656C6C 6F203231 64F0
267777	1	16	5: 0x0200C682 16
267796	15	8,9,10,11,12,13,14	57: 0x61DCD8CD AB080008 00080008 000F000F 000F000F 007EF500 02010001 00010001 E1066304 00000287 F0223D16 2E52FE68 656C6C6F 20323121 45
267798	8	2,3,4,5,6,7,9,10,11,12,13,14,15	5: 0x0200D87D EF
267805	8	2,3,4,5,6,7,9,10,11,12,13,14,15	66: 0x61DC93CD AB050005 00050005 00080008 00080008 007CD500 3F020F00 0F000F00 0F020100 01000100 01E10663 04000002 00F0223D 162E52FE 68656C6C 6F203231 E9B5
267808	5	2,3,4,8,9,10,11,16	5: 0x020093AA 13
267811	5	2,3,4,8,9,10,11	66: 0x61DC5ECD AB100010 00100010 00050005 00050005 007CD500 3E020F00 0F000F00 0F020100 01000100 01E10663 04000001 80F0223D 162E52FE 68656C6C 6F203231 6811
267813	1	-	73: 0x61DC3BCD AB100010 00100010 00010001 00010001 007EF700 E31E0303 99300000 05000500 05000508 00080008 00080C00 0C000C00 0C000000 F0162E22 3D530A68 656C6C6F 2032317B F1
267835	1	16	73: 0x61DC3BCD AB100010 00100010 00010001 00010001 007EF700 E31E0303 99300000 05000500 05000508 00080008 00080C00 0C000C00 0C000000 F0162E22 3D530A68 656C6C6F 2032317B F1
267838	16	1,2,3,4,5	5: 0x02003BE8 3A
267864	16	1,2,3,4,5	82: 0x61DCC7CD AB050005 00050005 00100010 00100010 007CD700 3F020100 01000100 01E31E03 02993000 00100010 00100010 08000800 0800080C 000C000C 000C0000 00F0162E 223D530A 68656C6C 6F203231 30B5
267867	5	2,3,4,8,9,10,11,16	5: 0x0200C70B 07
267877	5	2,3,4,8,9,10,11,16	82: 0x61DC5FCD AB080008 00080008 00050005 00050005 007CD700 3E020100 01000100 01E31E03 01993000 00100010 00100010 05000500 0500050C 000C000C 000C0000 00F0162E 223D530A 68656C6C 6F203231 9519
267880	8	2,3,4,5,6,7,9,10,11,12,13,14,15	5: 0x02005FCA 1F
267884	8	2,3,4,5,6,7,9,10,11,12,13,14,15	82: 0x61DC94CD AB0C000C 000C000C 00080008 00080008 007CD700 3D020100 01000100 01E31E03 00993000 00100010 00100010 05000500 05000508 00080008 00080000 00F0162E 223D530A 68656C6C 6F203231 FDE8
267887	12	6,7,8,9,13,14,15	5: 0x02009415 67
267893	5	2,3,4,8,9,10,11,16	66: 0x61DC5ECD AB100010 00100010 00050005 00050005 007CD500 3E020F00 0F000F00 0F020100 01000100 01E10663 04000001 80F0223D 162E52FE 68656C6C 6F203231 6811
267896	16	1,2,3,4,5	5: 0x02005E43 0E
267906	16	1,2,3,4,5	58: 0x61DCC8CD AB010001 00010001 00100010 00100010 007CD700 3D020F00 0F000F00 0FE10663 04000001 00F0223D 162E52FE 68656C6C 6F203231 9935
267908	1	16	5: 0x0200C8FC FF
267912	1	16	73: 0x61DC3CCD AB100010 00100010 00010001 00010001 007EF700 E31E0303 99300000 05000500 05000508 00080008 00080F00 0F000F00 0F000000 F0162E22 3D52FE68 656C6C6F 203231AF D2
267915	16	1,2,3,4,5	5: 0x02003C57 4E
267939	16	1,2,3,4,5	82: 0x61DCC9CD AB050005 00050005 00100010 00100010 007CD700 3F020100 01000100 01E31E03 02993000 00100010 00100010 08000800 0800080F 000F000F 000F0000 00F0162E 223D52FE 68656C6C 6F203231 8B88
267942	5	2,3,4,8,9,10,11,16	5: 0x0200C975 EE
267983	5	2,3,4,8,9,10,11,16	82: 0x61DC60CD AB080008 00080008 00050005 00050005 007CD700 3E020100 01000100 01E31E03 01993000 00100010 00100010 05000500 0500050F 000F000F 000F0000 00F0162E 223D52FE 68656C6C 6F203231 E612
267986	8	2,3,4,5,6,7,9,10,11,12,13,14,15	5: 0x020060BE D6
267990	8	2,3,4,5,6,7,9,10,11,12,13,14,15	82: 0x61DC95CD AB0F000F 000F000F 00080008 00080008 007CD700 3D020100 01000100 01E31E03 00993000 00100010 00100010 05000500 05000508 00080008 00080000 00F0162E 223D52FE 68656C6C 6F203231 DCF7
267993	15	8,9,10,11,12,13,14	5: 0x0200959C 76
269234	9	2,3,4,5,6,7,8,10,11,12,13,14,15	57: 0x61DC6BCD AB050005 00050005 00090009 00090009 007EF500 02010001 00010001 E1066304 00000204 F0223D16 2E531568 656C6C6F 203232EE 7B
269236	5	2,3,4,8,9,10,11,16	5: 0x02006B6D 68
269261	5	2,3,4,8,9,10,11,16	66: 0x61DC61CD AB100010 00100010 00050005 00050005 007CD500 3F020900 09000900 09020100 01000100 01E10663 04000001 8CF0223D 162E5315 68656C6C 6F203232 421C
269264	16	1,2,3,4,5	5: 0x02006137 C7
269267	16	1,2,3,4,5	58: 0x61DCCACD AB010001 00010001 00100010 00100010 007CD700 3E020900 09000900 09E10663 04000001 00F0223D 162E5315 68656C6C 6F203232 7676
269269	1	16	5: 0x0200CAEE DC
269295	1	16	65: 0x61DC3DCD AB100010 00100010 00010001 00010001 007EF700 E3160302 99200000 05000500 05000509 00090009 00090000 F0162E22 3D531568 656C6C6F 203232B1 FE
269298	16	1,2,3,4,5	5: 0x02003DDE 5F
269303	6	2,3,7,8,9,12,13	57: 0x61DC01CD AB020002 00020002 00060006 00060006 007EF500 02010001 00010001 E1066304 00000209 F0223D16 2E532168 656C6C6F 20323220 FB
269305	2	3,4,5,6,7,8,9,16	5: 0x02000131 A4
269322	16	1,2,3,4,5	74: 0x61DCCBCD AB050005 00050005 00100010 00100010 007CD700 3F020100 01000100 01E31603 01992000 00100010 00100010 09000900 09000900 00F0162E 223D5315 68656C6C 6F203232 B657
269325	5	2,3,4,8,9,10,11,16	5: 0x0200CB67 CD
269338	2	3,4,5,6,7,8,9,16	66: 0x61DC67CD AB100010 00100010 00020002 00020002 007CD500 3F020600 06000600 06020100 01000100 01E10663 04000001 80F0223D 162E5321 68656C6C 6F203232 DE3F
269341	16	1,2,3,4,5	5: 0x02006701 A2
269350	5	2,3,4,8,9,10,11,16	74: 0x61DC62CD AB090009 00090009 00050005 00050005 007CD700 3E020100 01000100 01E31603 00992000 00100010 00100010 05000500 05000500 00F0162E 223D5315 68656C6C 6F203232 C059
269353	9	2,3,4,5,6,7,8,10,11,12,13,14,15	5: 0x020062AC F5
269369	16	1,2,3,4,5	58: 0x61DCCCCD AB010001 00010001 00100010 00100010 007CD700 3E020600 06000600 06E10663 04000001 00F0223D 162E5321 68656C6C 6F203232 FC13
269371	1	16	5: 0x0200CCD8 B9
269377	1	16	65: 0x61DC3ECD AB100010 00100010 00010001 00010001 007EF700 E3160302 99200000 02000200 02000206 00060006 00060000 F0162E22 3D532168 656C6C6F 203232F2 EA
269380	16	1,2,3,4,5	5: 0x02003E45 6D
269394	16	1,2,3,4,5	74: 0x61DCCDCD AB020002 00020002 00100010 00100010 007CD700 3F020100 01000100 01E31603 01992000 00100010 00100010 06000600 06000600 00F0162E 223D5321 68656C6C 6F203232 9DF3
269397	2	3,4,5,6,7,8,9,16	5: 0x0200CD51 A8
269404	2	3,4,5,6,7,8,9,16	74: 0x61DC68CD AB060006 00060006 00020002 00020002 007CD700 3E020100 01000100 01E31603 00992000 00100010 00100010 02000200 02000200 00F0162E 223D5321 68656C6C 6F203232 C824
269407	6	2,3,7,8,9,12,13	5: 0x020068F6 5A
269965	10	3,4,5,7,8,9,11,13,14,15	57: 0x61DC0CCD AB050005 00050005 000A000A 000A000A 007EF500 02010001 00010001 E1066304 00000207 F0223D16 2E531068 656C6C6F 2032337F EF
269967	5	2,3,4,8,9,10,11,16	5: 0x02000CD4 7F
269996	5	2,3,4,8,9,10,11,16	66: 0x61DC63CD AB100010 00100010 00050005 00050005 007CD500 3F020A00 0A000A00 0A020100 01000100 01E10663 04000001 8AF0223D 162E5310 68656C6C 6F203233 E8DC
269999	16	1,2,3,4,5	5: 0x02006325 E4
270030	16	1,2,3,4,5	58: 0x61DCCECD AB010001 00010001 00100010 00100010 007CD700 3E020A00 0A000A00 0AE10663 04000001 00F0223D 162E5310 68656C6C 6F203233 99D1
270032	1	16	5: 0x0200CECA 9A
270044	1	16	65: 0x61DC3FCD AB100010 00100010 00010001 00010001 007EF700 E3160302 99200000 05000500 0500050A 000A000A 000A0000 F0162E22 3D531068 656C6C6F 203233B1 04
270047	16	1,2,3,4,5	5: 0x02003FCC 7C
270064	16	1,2,3,4,5	74: 0x61DCCFCD AB050005 00050005 00100010 00100010 007CD700 3F020100 01000100 01E31603 01992000 00100010 00100010 0A000A00 0A000A00 00F0162E 223D5310 68656C6C 6F203233 6432
270067	5	2,3,4,8,9,10,11,16	5: 0x0200CF43 8B
270080	5	2,3,4,8,9,10,11,16	74: 0x61DC64CD AB0A000A 000A000A 00050005 00050005 007CD700 3E020100 01000100 01E31603 00992000 00100010 00100010 05000500 05000500 00F0162E 223D5310 68656C6C 6F203233 052A
270083	10	3,4,5,7,8,9,11,13,14,15	5: 0x0200649A 90
271728	2	3,4,5,6,7,8,9,16	57: 0x61DC69CD AB100010 00100010 00020002 00020002 007EF500 02010001 00010001 E1066304 00000180 F0223D16 2E533068 656C6C6F 20323330 43
271730	16	1,2,3,4,5	5: 0x0200697F 4B
271743	16	1,2,3,4,5	58: 0x61DCD0CD AB010001 00010001 00100010 00100010 007CD700 3F020200 02000200 02E10663 04000001 00F0223D 162E5330 68656C6C 6F203233 D1C6
271745	1	16	5: 0x0200D035 63
271760	1	16	57: 0x61DC40CD AB100010 00100010 00010001 00010001 007EF700 E30E0301 99100000 02000200 02000200 F0162E22 3D533068 656C6C6F 20323307 33
271762	16	1,2,3,4,5	5: 0x020040BC F7
271788	16	1,2,3,4,5	66: 0x61DCD1CD AB020002 00020002 00100010 00100010 007CD700 3F020100 01000100 01E30E03 00991000 00100010 00100010 00F0162E 223D5330 68656C6C 6F203233 E7D8
271791	2	3,4,5,6,7,8,9,16	5: 0x0200D1BC 72
273170	13	6,7,8,9,10,12,14,15	57: 0x61DC6BCD AB080008 00080008 000D000D 000D000D 007EF500 02010001 00010001 E1066304 00000286 F0223D16 2E530668 656C6C6F 203231B7 FE
273172	8	2,3,4,5,6,7,9,10,11,12,13,14,15	5: 0x02006B6D 68
273211	8	2,3,4,5,6,7,9,10,11,12,13,14,15	66: 0x61DC96CD AB050005 00050005 00080008 00080008 007CD500 3F020D00 0D000D00 0D020100 01000100 01E10663 04000002 00F0223D 162E5306 68656C6C 6F203231 AC05
273214	5	2,3,4,8,9,10,11,16	5: 0x02009607 44
273219	5	2,3,4,8,9,10,11,16	66: 0x61DC65CD AB100010 00100010 00050005 00050005 007CD500 3E020D00 0D000D00 0D020100 01000100 01E10663 04000001 89F0223D 162E5306 68656C6C 6F203231 B3D9
273222	16	1,2,3,4,5	5: 0x02006513 81
273228	16	1,2,3,4,5	58: 0x61DCD2CD AB010001 00010001 00100010 00100010 007CD700 3D020D00 0D000D00 0DE10663 04000001 00F0223D 162E5306 68656C6C 6F203231 02B8
273230	1	16	5: 0x0200D227 40
273243	1	16	73: 0x61DC41CD AB100010 00100010 00010001 00010001 007EF700 E31E0303 99300000 05000500 05000508 00080008 00080D00 0D000D00 0D000000 F0162E22 3D530668 656C6C6F 203231EA 57
273246	16	1,2,3,4,5	5: 0x02004135 E6
273267	16	1,2,3,4,5	82: 0x61DCD3CD AB050005 00050005 00100010 00100010 007CD700 3F020100 01000100 01E31E03 02993000 00100010 00100010 08000800 0800080D 000D000D 000D0000 00F0162E 223D5306 68656C6C 6F203231 20B4
273270	5	2,3,4,8,9,10,11,16	5: 0x0200D3AE 51
273297	5	2,3,4,8,9,10,11,16	82: 0x61DC66CD AB080008 00080008 00050005 00050005 007CD700 3E020100 01000100 01E31E03 01993000 00100010 00100010 05000500 0500050D 000D000D 000D0000 00F0162E 223D5306 68656C6C 6F203231 FFD3
273300	8	2,3,4,5,6,7,9,10,11,12,13,14,15	5: 0x02006688 B3
273315	8	2,3,4,5,6,7,9,10,11,12,13,14,15	82: 0x61DC97CD AB0D000D 000D000D 00080008 00080008 007CD700 3D020100 01000100 01E31E03 00993000 00100010 00100010 05000500 05000508 00080008 00080000 00F0162E 223D5306 68656C6C 6F203231 FF8C
273318	13	6,7,8,9,10,12,14,15	5: 0x0200978E 55
273622	5	2,3,4,8,9,10,11,16	57: 0x61DC67CD AB100010 00100010 00050005 00050005 007EF500 02010001 00010001 E1066304 00000188 F0223D16 2E532368 656C6C6F 2032348A 9A
273624	16	1,2,3,4,5	5: 0x02006701 A2
273635	16	1,2,3,4,5	58: 0x61DCD4CD AB010001 00010001 00100010 00100010 007CD700 3F020500 05000500 05E10663 04000001 00F0223D 162E5323 68656C6C 6F203234 76B4
273637	1	16	5: 0x0200D411 25
273648	1	16	57: 0x61DC42CD AB100010 00100010 00010001 00010001 007EF700 E30E0301 99100000 05000500 05000500 F0162E22 3D532368 656C6C6F 20323455 5F
273650	16	1,2,3,4,5	5: 0x020042AE D4
273689	16	1,2,3,4,5	66: 0x61DCD5CD AB050005 00050005 00100010 00100010 007CD700 3F020100 01000100 01E30E03 00991000 00100010 00100010 00F0162E 223D5323 68656C6C 6F203234 B7EA
273692	5	2,3,4,8,9,10,11,16	5: 0x0200D598 34
274715	14	7,8,9,10,11,12,13,15	57: 0x61DCB0CD AB080008 00080008 000E000E 000E000E 007EF500 02010001 00010001 E1066304 00000284 F0223D16 2E530168 656C6C6F 203232EA 12
274717	8	2,3,4,5,6,7,9,10,11,12,13,14,15	5: 0x0200B033 00
274759	8	2,3,4,5,6,7,9,10,11,12,13,14,15	66: 0x61DC98CD AB050005 00050005 00080008 00080008 007CD500 3F020E00 0E000E00 0E020100 01000100 01E10663 04000002 00F0223D 162E5301 68656C6C 6F203232 5F53
274762	5	2,3,4,8,9,10,11,16	5: 0x02009879 AD
274804	5	2,3,4,8,9,10,11,16	66: 0x61DC68CD AB100010 00100010 00050005 00050005 007CD500 3E020E00 0E000E00 0E020100 01000100 01E10663 04000001 87F0223D 162E5301 68656C6C 6F203232 6763
274807	16	1,2,3,4,5	5: 0x020068F6 5A
274845	16	1,2,3,4,5	58: 0x61DCD6CD AB010001 00010001 00100010 00100010 007CD700 3D020E00 0E000E00 0EE10663 04000001 00F0223D 162E5301 68656C6C 6F203232 05A7
274847	1	16	5: 0x0200D603 06
274877	1	16	73: 0x61DC43CD AB100010 00100010 00010001 00010001 007EF700 E31E0303 99300000 05000500 05000508 00080008 00080E00 0E000E00 0E000000 F0162E22 3D530168 656C6C6F 20323283 68
274880	16	1,2,3,4,5	5: 0x02004327 C5
274898	16	1,2,3,4,5	82: 0x61DCD7CD AB050005 00050005 00100010 00100010 007CD700 3F020100 01000100 01E31E03 02993000 00100010 00100010 08000800 0800080E 000E000E 000E0000 00F0162E 223D5301 68656C6C 6F203232 6D5F
274901	5	2,3,4,8,9,10,11,16	5: 0x0200D78A 17
274936	5	2,3,4,8,9,10,11,16	82: 0x61DC69CD AB080008 00080008 00050005 00050005 007CD700 3E020100 01000100 01E31E03 01993000 00100010 00100010 05000500 0500050E 000E000E 000E0000 00F0162E 223D5301 68656C6C 6F203232 415C
274939	8	2,3,4,5,6,7,9,10,11,12,13,14,15	5: 0x0200697F 4B
274951	3	2,4,5,6,7,8,9,10,16	57: 0x61DCCCCD AB100010 00100010 00030003 00030003 007EF500 02010001 00010001 E1066304 00000183 F0223D16 2E532B68 656C6C6F 20323433 EE
274953	16	1,2,3,4,5	5: 0x0200CCD8 B9
274965	16	1,2,3,4,5	58: 0x61DCD8CD AB010001 00010001 00100010 00100010 007CD700 3F020300 03000300 03E10663 04000001 00F0223D 162E532B 68656C6C 6F203234 2406
274967	1	16	5: 0x0200D87D EF
274998	1	16	57: 0x61DC44CD AB100010 00100010 00010001 00010001 007EF700 E30E0301 99100000 03000300 03000300 F0162E22 3D532B68 656C6C6F 203234BD 25
275000	16	1,2,3,4,5	5: 0x02004498 B1
275016	8	2,3,4,5,6,7,9,10,11,12,13,14,15	82: 0x61DC99CD AB0E000E 000E000E 00080008 00080008 007CD700 3D020100 01000100 01E31E03 00993000 00100010 00100010 05000500 05000508 00080008 00080000 00F0162E 223D5301 68656C6C 6F203232 025F
275019	14	7,8,9,10,11,12,13,15	5: 0x020099F0 BC
275027	16	1,2,3,4,5	66: 0x61DCD9CD AB030003 00030003 00100010 00100010 007CD700 3F020100 01000100 01E30E03 00991000 00100010 00100010 00F0162E 223D532B 68656C6C 6F203234 BD2D
275030	3	2,4,5,6,7,8,9,10,16	5: 0x0200D9F4 FE
275415	11	4,5,8,9,10,14,15	57: 0x61DC15CD AB050005 00050005 000B000B 000B000B 007EF500 02010001 00010001 E1066304 00000203 F0223D16 2E530C68 656C6C6F 20323356 23
275417	5	2,3,4,8,9,10,11,16	5: 0x02001594 F2
275453	5	2,3,4,8,9,10,11,16	66: 0x61DC6ACD AB100010 00100010 00050005 00050005 007CD500 3F020B00 0B000B00 0B020100 01000100 01E10663 04000001 86F0223D 162E530C 68656C6C 6F203233 EEA0
275456	16	1,2,3,4,5	5: 0x02006AE4 79
275461	15	8,9,10,11,12,13,14	102: 0x61DCD9CD AB0B000B 000B000B 000F000F 000F000F 007A333A 9B01FD52 00F00286 08F00000 FD000000 00000000 02010001 00010001 040E0008 0C000400 00800001 001E003C 081E4040 FFFFFFFF FFFFFFFF 00000000 FD000000 00000000 00000000 00000000 641E
275465	11	4,5,8,9,10,14,15	5: 0x0200D9F4 FE
275474	16	1,2,3,4,5	58: 0x61DCDACD AB010001 00010001 00100010 00100010 007CD700 3E020B00 0B000B00 0BE10663 04000001 00F0223D 162E530C 68656C6C 6F203233 6B66
275476	1	16	5: 0x0200DA6F CC
275500	1	16	65: 0x61DC45CD AB100010 00100010 00010001 00010001 007EF700 E3160302 99200000 05000500 0500050B 000B000B 000B0000 F0162E22 3D530C68 656C6C6F 2032331D E6
275503	16	1,2,3,4,5	5: 0x02004511 A0
275524	16	1,2,3,4,5	74: 0x61DCDBCD AB050005 00050005 00100010 00100010 007CD700 3F020100 01000100 01E31603 01992000 00100010 00100010 0B000B00 0B000B00 00F0162E 223D530C 68656C6C 6F203233 64E2
275527	5	2,3,4,8,9,10,11,16	5: 0x0200DBE6 DD
275545	5	2,3,4,8,9,10,11,16	74: 0x61DC6BCD AB0B000B 000B000B 00050005 00050005 007CD700 3E020100 01000100 01E31603 00992000 00100010 00100010 05000500 05000500 00F0162E 223D530C 68656C6C 6F203233 A16B
275548	11	4,5,8,9,10,14,15	5: 0x02006B6D 68
276019	4	2,3,5,7,8,9,10,11,16	57: 0x61DC01CD AB100010 00100010 00040004 00040004 007EF500 02010001 00010001 E1066304 00000183 F0223D16 2E532768 656C6C6F 203234FB 9A
276021	16	1,2,3,4,5	5: 0x02000131 A4
276041	16	1,2,3,4,5	58: 0x61DCDCCD AB010001 00010001 00100010 00100010 007CD700 3F020400 04000400 04E10663 04000001 00F0223D 162E5327 68656C6C 6F203234 8069
276043	1	16	5: 0x0200DC59 A9
276053	1	16	57: 0x61DC46CD AB100010 00100010 00010001 00010001 007EF700 E30E0301 99100000 04000400 04000400 F0162E22 3D532768 656C6C6F 203234EC 54
276055	16	1,2,3,4,5	5: 0x0200468A 92
276072	16	1,2,3,4,5	66: 0x61DCDDCD AB040004 00040004 00100010 00100010 007CD700 3F020100 01000100 01E30E03 00991000 00100010 00100010 00F0162E 223D5327 68656C6C 6F203234 EE02
276075	4	2,3,5,7,8,9,10,11,16	5: 0x0200DDD0 B8
277033	7	2,3,4,6,8,9,10,12,13,14	57: 0x61DCA5CD AB020002 00020002 00070007 00070007 007EF500 02010001 00010001 E1066304 00000205 F0223D16 2E531D68 656C6C6F 203232A3 1A
277035	2	3,4,5,6,7,8,9,16	5: 0x0200A51F 47
277069	2	3,4,5,6,7,8,9,16	66: 0x61DC6ACD AB100010 00100010 00020002 00020002 007CD500 3F020700 07000700 07020100 01000100 01E10663 04000001 80F0223D 162E531D 68656C6C 6F203232 163A
277072	16	1,2,3,4,5	5: 0x02006AE4 79
277087	16	1,2,3,4,5	58: 0x61DCDECD AB010001 00010001 00100010 00100010 007CD700 3E020700 07000700 07E10663 04000001 00F0223D 162E531D 68656C6C 6F203232 F0BC
277089	1	16	5: 0x0200DE4B 8A
277101	1	16	65: 0x61DC47CD AB100010 00100010 00010001 00010001 007EF700 E3160302 99200000 02000200 02000207 00070007 00070000 F0162E22 3D531D68 656C6C6F 203232A3 67
277104	16	1,2,3,4,5	5: 0x02004703 83
277137	16	1,2,3,4,5	74: 0x61DCDFCD AB020002 00020002 00100010 00100010 007CD700 3F020100 01000100 01E31603 01992000 00100010 00100010 07000700 07000700 00F0162E 223D531D 68656C6C 6F203232 5B9C
277140	2	3,4,5,6,7,8,9,16	5: 0x0200DFC2 9B
277182	2	3,4,5,6,7,8,9,16	74: 0x61DC6BCD AB070007 00070007 00020002 00020002 007CD700 3E020100 01000100 01E31603 00992000 00100010 00100010 02000200 02000200 00F0162E 223D531D 68656C6C 6F203232 AB03
277185	7	2,3,4,6,8,9,10,12,13,14	5: 0x02006B6D 68
277334	12	6,7,8,9,13,14,15	57: 0x61DC56CD AB080008 00080008 000C000C 000C000C 007EF500 02010001 00010001 E1066304 00000284 F0223D16 2E530968 656C6C6F 20323282 51
277336	8	2,3,4,5,6,7,9,10,11,12,13,14,15	5: 0x0200560B 82
277343	8	2,3,4,5,6,7,9,10,11,12,13,14,15	66: 0x61DC9ACD AB050005 00050005 00080008 00080008 007CD500 3F020C00 0C000C00 0C020100 01000100 01E10663 04000002 00F0223D 162E5309 68656C6C 6F203232 C593
277346	5	2,3,4,8,9,10,11,16	5: 0x02009A6B 8E
277367	5	2,3,4,8,9,10,11,16	66: 0x61DC6CCD AB100010 00100010 00050005 00050005 007CD500 3E020C00 0C000C00 0C020100 01000100 01E10663 04000001 85F0223D 162E5309 68656C6C 6F203232 BDBE
277370	16	1,2,3,4,5	5: 0x02006CD2 1C
277406	16	1,2,3,4,5	58: 0x61DCE0CD AB010001 00010001 00100010 00100010 007CD700 3D020C00 0C000C00 0CE10663 04000001 00F0223D 162E5309 68656C6C 6F203232 B580
277408	1	16	5: 0x0200E0B6 52
277425	8	2,3,4,5,6,7,9,10,11,12,13,14,15	57: 0x61DC9BCD AB050005 00050005 00080008 00080008 007EF500 02010001 00010001 E1066304 00000200 F0223D16 2E531868 656C6C6F 203233C3 2A
277427	5	2,3,4,8,9,10,11,16	5: 0x02009BE2 9F
277433	5	2,3,4,8,9,10,11,16	66: 0x61DC6DCD AB100010 00100010 00050005 00050005 007CD500 3F020800 08000800 08020100 01000100 01E10663 04000001 84F0223D 162E5318 68656C6C 6F203233 0762
277436	16	1,2,3,4,5	5: 0x02006D5B 0D
277439	1	16	73: 0x61DC48CD AB100010 00100010 00010001 00010001 007EF700 E31E0303 99300000 05000500 05000508 00080008 00080C00 0C000C00 0C000000 F0162E22 3D530968 656C6C6F 20323214 7B
277442	16	1,2,3,4,5	5: 0x020048F4 7B
277449	16	1,2,3,4,5	82: 0x61DCE2CD AB050005 00050005 00100010 00100010 007CD700 3F020100 01000100 01E31E03 02993000 00100010 00100010 08000800 0800080C 000C000C 000C0000 00F0162E 223D5309 68656C6C 6F203232 CC0F
277452	5	2,3,4,8,9,10,11,16	5: 0x0200E2A4 71
277470	16	1,2,3,4,5	58: 0x61DCE1CD AB010001 00010001 00100010 00100010 007CD700 3E020800 08000800 08E10663 04000001 00F0223D 162E5318 68656C6C 6F203233 5F00
277472	1	16	5: 0x0200E13F 43
277477	1	16	65: 0x61DC49CD AB100010 00100010 00010001 00010001 007EF700 E3160302 99200000 05000500 05000508 00080008 00080000 F0162E22 3D531868 656C6C6F 203233B7 23
277480	16	1,2,3,4,5	5: 0x0200497D 6A
277488	16	1,2,3,4,5	74: 0x61DCE3CD AB050005 00050005 00100010 00100010 007CD700 3F020100 01000100 01E31603 01992000 00100010 00100010 08000800 08000800 00F0162E 223D5318 68656C6C 6F203233 72E2
277491	5	2,3,4,8,9,10,11,16	5: 0x0200E32D 60
277494	5	2,3,4,8,9,10,11,16	82: 0x61DC6ECD AB080008 00080008 00050005 00050005 007CD700 3E020100 01000100 01E31E03 01993000 00100010 00100010 05000500 0500050C 000C000C 000C0000 00F0162E 223D5309 68656C6C 6F203232 C1CB
277497	8	2,3,4,5,6,7,9,10,11,12,13,14,15	5: 0x02006EC0 3F
277498	15	8,9,10,11,12,13,14	57: 0x61DCDACD AB080008 00080008 000F000F 000F000F 007EF500 02010001 00010001 E1066304 00000286 F0223D16 2E52FD68 656C6C6F 2032327A AF
277500	8	2,3,4,5,6,7,9,10,11,12,13,14,15	5: 0x0200DA6F CC
277504	8	2,3,4,5,6,7,9,10,11,12,13,14,15	82: 0x61DC9CCD AB0C000C 000C000C 00080008 00080008 007CD700 3D020100 01000100 01E31E03 00993000 00100010 00100010 05000500 05000508 00080008 00080000 00F0162E 223D5309 68656C6C 6F203232 7B99
277507	12	6,7,8,9,13,14,15	5: 0x02009C5D EB
277510	8	2,3,4,5,6,7,9,10,11,12,13,14,15	66: 0x61DC9DCD AB050005 00050005 00080008 00080008 007CD500 3F020F00 0F000F00 0F020100 01000100 01E10663 04000002 00F0223D 162E52FD 68656C6C 6F203232 B7BC
277513	5	2,3,4,8,9,10,11,16	5: 0x02009DD4 FA
277523	5	2,3,4,8,9,10,11,16	66: 0x61DC70CD AB100010 00100010 00050005 00050005 007CD500 3E020F00 0F000F00 0F020100 01000100 01E10663 04000001 83F0223D 162E52FD 68656C6C 6F203232 E808
277526	16	1,2,3,4,5	5: 0x0200703F C6
277541	5	2,3,4,8,9,10,11,16	74: 0x61DC6FCD AB080008 00080008 00050005 00050005 007CD700 3E020100 01000100 01E31603 00992000 00100010 00100010 05000500 05000500 00F0162E 223D5318 68656C6C 6F203233 D183
277544	8	2,3,4,5,6,7,9,10,11,12,13,14,15	5: 0x02006F49 2E
277564	16	1,2,3,4,5	58: 0x61DCE4CD AB010001 00010001 00100010 00100010 007CD700 3D020F00 0F000F00 0FE10663 04000001 00F0223D 162E52FD 68656C6C 6F203232 107D
277566	1	16	5: 0x0200E492 14
277573	15	8,9,10,11,12,13,14	57: 0x61DCDACD AB080008 00080008 000F000F 000F000F 007EF500 02010001 00010001 E1066304 00000286 F0223D16 2E52FD68 656C6C6F 2032327A AF
277575	8	2,3,4,5,6,7,9,10,11,12,13,14,15	5: 0x0200DA6F CC
277603	1	16	73: 0x61DC4ACD AB100010 00100010 00010001 00010001 007EF700 E31E0303 99300000 05000500 05000508 00080008 00080F00 0F000F00 0F000000 F0162E22 3D52FD68 656C6C6F 203232DF A6
277606	16	1,2,3,4,5	5: 0x02004AE6 58
277635	16	1,2,3,4,5	82: 0x61DCE5CD AB050005 00050005 00100010 00100010 007CD700 3F020100 01000100 01E31E03 02993000 00100010 00100010 08000800 0800080F 000F000F 000F0000 00F0162E 223D52FD 68656C6C 6F203232 CAF7
277638	5	2,3,4,8,9,10,11,16	5: 0x0200E51B 05
277674	5	2,3,4,8,9,10,11,16	82: 0x61DC71CD AB080008 00080008 00050005 00050005 007CD700 3E020100 01000100 01E31E03 01993000 00100010 00100010 05000500 0500050F 000F000F 000F0000 00F0162E 223D52FD 68656C6C 6F203232 F884
277677	8	2,3,4,5,6,7,9,10,11,12,13,14,15	5: 0x020071B6 D7
277695	8	2,3,4,5,6,7,9,10,11,12,13,14,15	82: 0x61DC9ECD AB0F000F 000F000F 00080008 00080008 007CD700 3D020100 01000100 01E31E03 00993000 00100010 00100010 05000500 05000508 00080008 00080000 00F0162E 223D52FD 68656C6C 6F203232 B377
277698	15	8,9,10,11,12,13,14	5: 0x02009E4F C8
278167	12	6,7,8,9,13,14,15	102: 0x61DC57CD AB090009 00090009 000C000C 000C000C 007A333A 9B01FD69 00F00283 08F00000 FD000000 00000000 02010001 00010001 040E0008 0C000400 00800001 001E003C 081E4040 FFFFFFFF FFFFFFFF 00000000 FD000000 00000000 00000000 00000000 12D2
278171	9	2,3,4,5,6,7,8,10,11,12,13,14,15	5: 0x02005782 93
279244	6	2,3,7,8,9,12,13	57: 0x61DC02CD AB020002 00020002 00060006 00060006 007EF500 02010001 00010001 E1066304 00000208 F0223D16 2E532068 656C6C6F 203233F0 6D
279246	2	3,4,5,6,7,8,9,16	5: 0x020002AA 96
279268	2	3,4,5,6,7,8,9,16	66: 0x61DC6CCD AB100010 00100010 00020002 00020002 007CD500 3F020600 06000600 06020100 01000100 01E10663 04000001 80F0223D 162E5320 68656C6C 6F203233 A907
279271	16	1,2,3,4,5	5: 0x02006CD2 1C
279281	16	1,2,3,4,5	58: 0x61DCE6CD AB010001 00010001 00100010 00100010 007CD700 3E020600 06000600 06E10663 04000001 00F0223D 162E5320 68656C6C 6F203233 5A0C
279283	1	16	5: 0x0200E680 37
279302	1	16	65: 0x61DC4BCD AB100010 00100010 00010001 00010001 007EF700 E3160302 99200000 02000200 02000206 00060006 00060000 F0162E22 3D532068 656C6C6F 203233CF D5
279305	16	1,2,3,4,5	5: 0x02004B6F 49
279348	16	1,2,3,4,5	74: 0x61DCE7CD AB020002 00020002 00100010 00100010 007CD700 3F020100 01000100 01E31603 01992000 00100010 00100010 06000600 06000600 00F0162E 223D5320 68656C6C 6F203233 8BEB
279351	2	3,4,5,6,7,8,9,16	5: 0x0200E709 26
279374	9	2,3,4,5,6,7,8,10,11,12,13,14,15	57: 0x61DC6CCD AB050005 00050005 00090009 00090009 007EF500 02010001 00010001 E1066304 00000203 F0223D16 2E531468 656C6C6F 203233D2 D8
279376	5	2,3,4,8,9,10,11,16	5: 0x02006CD2 1C
279382	2	3,4,5,6,7,8,9,16	74: 0x61DC6DCD AB060006 00060006 00020002 00020002 007CD700 3E020100 01000100 01E31603 00992000 00100010 00100010 02000200 02000200 00F0162E 223D5320 68656C6C 6F203233 3490
279385	6	2,3,7,8,9,12,13	5: 0x02006D5B 0D
279389	5	2,3,4,8,9,10,11,16	66: 0x61DC72CD AB100010 00100010 00050005 00050005 007CD500 3F020900 09000900 09020100 01000100 01E10663 04000001 82F0223D 162E5314 68656C6C 6F203233 666D
279392	16	1,2,3,4,5	5: 0x0200722D E5
279401	16	1,2,3,4,5	58: 0x61DCE8CD AB010001 00010001 00100010 00100010 007CD700 3E020900 09000900 09E10663 04000001 00F0223D 162E5314 68656C6C 6F203233 3AF3
279403	1	16	5: 0x0200E8FE DE
279430	4	2,3,5,7,8,9,10,11,16	97: 0x41D802CD ABFFFF04 00040004 0004007A 3B3A1A9B 01001300 F0018208 F00000FD 00000000 00000002 01000100 01000104 0E00080C 00040000 80000100 1E003C08 1E4040FF FFFFFFFF FFFFFF00 000000FD 00000000 00000000 00000000 000000ED 70
279441	1	16	65: 0x61DC4CCD AB100010 00100010 00010001 00010001 007EF700 E3160302 99200000 05000500 05000509 00090009 00090000 F0162E22 3D531468 656C6C6F 2032336D 17
279444	16	1,2,3,4,5	5: 0x02004CD0 3D
279480	16	1,2,3,4,5	74: 0x61DCE9CD AB050005 00050005 00100010 00100010 007CD700 3F020100 01000100 01E31603 01992000 00100010 00100010 09000900 09000900 00F0162E 223D5314 68656C6C 6F203233 F4AE
279483	5	2,3,4,8,9,10,11,16	5: 0x0200E977 CF
279501	5	2,3,4,8,9,10,11,16	74: 0x61DC73CD AB090009 00090009 00050005 00050005 007CD700 3E020100 01000100 01E31603 00992000 00100010 00100010 05000500 05000500 00F0162E 223D5314 68656C6C 6F203233 2F57
279504	9	2,3,4,5,6,7,8,10,11,12,13,14,15	5: 0x020073A4 F4
280200	10	3,4,5,7,8,9,11,13,14,15	57: 0x61DC0DCD AB050005 00050005 000A000A 000A000A 007EF500 02010001 00010001 E1066304 00000206 F0223D16 2E530F68 656C6C6F 2032340F B8
280202	5	2,3,4,8,9,10,11,16	5: 0x02000D5D 6E
280206	5	2,3,4,8,9,10,11,16	66: 0x61DC74CD AB100010 00100010 00050005 00050005 007CD500 3F020A00 0A000A00 0A020100 01000100 01E10663 04000001 81F0223D 162E530F 68656C6C 6F203234 98BC
280209	16	1,2,3,4,5	5: 0x0200741B 80
280236	16	1,2,3,4,5	58: 0x61DCEACD AB010001 00010001 00100010 00100010 007CD700 3E020A00 0A000A00 0AE10663 04000001 00F0223D 162E530F 68656C6C 6F203234 65FA
280238	1	16	5: 0x0200EAEC FD
280273	1	16	65: 0x61DC4DCD AB100010 00100010 00010001 00010001 007EF700 E3160302 99200000 05000500 0500050A 000A000A 000A0000 F0162E22 3D530F68 656C6C6F 203234DE 34
280276	16	1,2,3,4,5	5: 0x02004D59 2C
280306	16	1,2,3,4,5	74: 0x61DCEBCD AB050005 00050005 00100010 00100010 007CD700 3F020100 01000100 01E31603 01992000 00100010 00100010 0A000A00 0A000A00 00F0162E 223D530F 68656C6C 6F203234 AEC2
280309	5	2,3,4,8,9,10,11,16	5: 0x0200EB65 EC
280349	5	2,3,4,8,9,10,11,16	74: 0x61DC75CD AB0A000A 000A000A 00050005 00050005 007CD700 3E020100 01000100 01E31603 00992000 00100010 00100010 05000500 05000500 00F0162E 223D530F 68656C6C 6F203234 9D65
280352	10	3,4,5,7,8,9,11,13,14,15	5: 0x02007592 91
280461	8	2,3,4,5,6,7,9,10,11,12,13,14,15	102: 0x61DC9FCD AB0B000B 000B000B 00080008 00080008 007A333A 9B01FDF4 00F00200 08F00000 FD000000 00000000 02010001 00010001 040E0008 0C000400 00800001 001E003C 081E4040 FFFFFFFF FFFFFFFF 00000000 FD000000 00000000 00000000 00000000 2B70
280465	11	4,5,8,9,10,14,15	5: 0x02009FC6 D9
280521	8	2,3,4,5,6,7,9,10,11,12,13,14,15	97: 0x41D8A0CD ABFFFF08 00080008 0008007A 3B3A1A9B 01FF8400 F0020008 F00000FD 00000000 00000002 01000100 01000104 0E00080C 00040000 80000100 1E003C08 1E4040FF FFFFFFFF FFFFFF00 000000FD 00000000 00000000 00000000 0000004C 8B
281946	2	3,4,5,6,7,8,9,16	57: 0x61DC6ECD AB100010 00100010 00020002 00020002 007EF500 02010001 00010001 E1066304 00000180 F0223D16 2E532F68 656C6C6F 20323438 13
281948	16	1,2,3,4,5	5: 0x02006EC0 3F
281959	16	1,2,3,4,5	58: 0x61DCECCD AB010001 00010001 00100010 00100010 007CD700 3F020200 02000200 02E10663 04000001 00F0223D 162E532F 68656C6C 6F203234 024A
281961	1	16	5: 0x0200ECDA 98
282004	1	16	57: 0x61DC4ECD AB100010 00100010 00010001 00010001 007EF700 E30E0301 99100000 02000200 02000200 F0162E22 3D532F68 656C6C6F 20323412 B4
282006	16	1,2,3,4,5	5: 0x02004EC2 1E
282032	16	1,2,3,4,5	66: 0x61DCEDCD AB020002 00020002 00100010 00100010 007CD700 3F020100 01000100 01E30E03 00991000 00100010 00100010 00F0162E 223D532F 68656C6C 6F203234 8E9C
282035	2	3,4,5,6,7,8,9,16	5: 0x0200ED53 89
282928	13	6,7,8,9,10,12,14,15	57: 0x61DC6CCD AB080008 00080008 000D000D 000D000D 007EF500 02010001 00010001 E1066304 00000285 F0223D16 2E530568 656C6C6F 20323201 CD
282930	8	2,3,4,5,6,7,9,10,11,12,13,14,15	5: 0x02006CD2 1C
282941	8	2,3,4,5,6,7,9,10,11,12,13,14,15	66: 0x61DCA1CD AB050005 00050005 00080008 00080008 007CD500 3F020D00 0D000D00 0D020100 01000100 01E10663 04000002 00F0223D 162E5305 68656C6C 6F203232 59DC
282944	5	2,3,4,8,9,10,11,16	5: 0x0200A13B 01
282971	5	2,3,4,8,9,10,11,16	66: 0x61DC76CD AB100010 00100010 00050005 00050005 007CD500 3E020D00 0D000D00 0D020100 01000100 01E10663 04000001 80F0223D 162E5305 68656C6C 6F203232 3CA2
282974	16	1,2,3,4,5	5: 0x02007609 A3
283014	16	1,2,3,4,5	58: 0x61DCEECD AB010001 00010001 00100010 00100010 007CD700 3D020D00 0D000D00 0DE10663 04000001 00F0223D 162E5305 68656C6C 6F203232 4ECD
283016	1	16	5: 0x0200EEC8 BB
283026	1	16	73: 0x61DC4FCD AB100010 00100010 00010001 00010001 007EF700 E31E0303 99300000 05000500 05000508 00080008 00080D00 0D000D00 0D000000 F0162E22 3D530568 656C6C6F 2032321A 72
283029	16	1,2,3,4,5	5: 0x02004F4B 0F
283059	16	1,2,3,4,5	82: 0x61DCEFCD AB050005 00050005 00100010 00100010 007CD700 3F020100 01000100 01E31E03 02993000 00100010 00100010 08000800 0800080D 000D000D 000D0000 00F0162E 223D5305 68656C6C 6F203232 44E9
283062	5	2,3,4,8,9,10,11,16	5: 0x0200EF41 AA
283101	5	2,3,4,8,9,10,11,16	82: 0x61DC77CD AB080008 00080008 00050005 00050005 007CD700 3E020100 01000100 01E31E03 01993000 00100010 00100010 05000500 0500050D 000D000D 000D0000 00F0162E 223D5305 68656C6C 6F203232 E145
283104	8	2,3,4,5,6,7,9,10,11,12,13,14,15	5: 0x02007780 B2
283124	8	2,3,4,5,6,7,9,10,11,12,13,14,15	82: 0x61DCA2CD AB0D000D 000D000D 00080008 00080008 007CD700 3D020100 01000100 01E31E03 00993000 00100010 00100010 05000500 05000508 00080008 00080000 00F0162E 223D5305 68656C6C 6F203232 2614
283127	13	6,7,8,9,10,12,14,15	5: 0x0200A2A0 33
283234	5	2,3,4,8,9,10,11,16	57: 0x61DC78CD AB100010 00100010 00050005 00050005 007EF500 02010001 00010001 E1066304 00000180 F0223D16 2E532268 656C6C6F 203235B3 EE
283236	16	1,2,3,4,5	5: 0x02007877 4A
283264	16	1,2,3,4,5	58: 0x61DCF0CD AB010001 00010001 00100010 00100010 007CD700 3F020500 05000500 05E10663 04000001 00F0223D 162E5322 68656C6C 6F203235 FDDE
283266	1	16	5: 0x0200F037 42
283307	1	16	57: 0x61DC50CD AB100010 00100010 00010001 00010001 007EF700 E30E0301 99100000 05000500 05000500 F0162E22 3D532268 656C6C6F 2032350A A5
283309	16	1,2,3,4,5	5: 0x0200503D E7
283329	16	1,2,3,4,5	66: 0x61DCF1CD AB050005 00050005 00100010 00100010 007CD700 3F020100 01000100 01E30E03 00991000 00100010 00100010 00F0162E 223D5322 68656C6C 6F203235 6DCA
283332	5	2,3,4,8,9,10,11,16	5: 0x0200F1BE 53
284107	3	2,4,5,6,7,8,9,10,16	57: 0x61DCCDCD AB100010 00100010 00030003 00030003 007EF500 02010001 00010001 E1066304 00000182 F0223D16 2E532A68 656C6C6F 20323534 F8
284109	16	1,2,3,4,5	5: 0x0200CD51 A8
284115	16	1,2,3,4,5	58: 0x61DCF2CD AB010001 00010001 00100010 00100010 007CD700 3F020300 03000300 03E10663 04000001 00F0223D 162E532A 68656C6C 6F203235 8219
284117	1	16	5: 0x0200F225 61
284125	1	16	57: 0x61DC51CD AB100010 00100010 00010001 00010001 007EF700 E30E0301 99100000 03000300 03000300 F0162E22 3D532A68 656C6C6F 203235E9 92
284127	16	1,2,3,4,5	5: 0x020051B4 F6
284160	16	1,2,3,4,5	66: 0x61DCF3CD AB030003 00030003 00100010 00100010 007CD700 3F020100 01000100 01E30E03 00991000 00100010 00100010 00F0162E 223D532A 68656C6C 6F203235 A5E0
284163	3	2,4,5,6,7,8,9,10,16	5: 0x0200F3AC 70
284238	5	2,3,4,8,9,10,11,16	97: 0x41D879CD ABFFFF05 00050005 0005007A 3B3A1A9B 01001100 F0018008 F00000FD 00000000 00000002 01000100 01000104 0E00080C 00040000 80000100 1E003C08 1E4040FF FFFFFFFF FFFFFF00 000000FD 00000000 00000000 00000000 0000007F 36
285020	11	4,5,8,9,10,14,15	57: 0x61DC16CD AB050005 00050005 000B000B 000B000B 007EF500 02010001 00010001 E1066304 00000202 F0223D16 2E530B68 656C6C6F 203234AF 74
285022	5	2,3,4,8,9,10,11,16	5: 0x0200160F C0
285031	5	2,3,4,8,9,10,11,16	66: 0x61DC7ACD AB100010 00100010 00050005 00050005 007CD500 3F020B00 0B000B00 0B020100 01000100 01E10663 04000001 80F0223D 162E530B 68656C6C 6F203234 97C0
285034	16	1,2,3,4,5	5: 0x02007A65 69
285046	16	1,2,3,4,5	58: 0x61DCF4CD AB010001 00010001 00100010 00100010 007CD700 3E020B00 0B000B00 0BE10663 04000001 00F0223D 162E530B 68656C6C 6F203234 91F5
285048	1	16	5: 0x0200F413 04
285066	1	16	65: 0x61DC52CD AB100010 00100010 00010001 00010001 007EF700 E3160302 99200000 05000500 0500050B 000B000B 000B0000 F0162E22 3D530B68 656C6C6F 203234D2 76
285069	16	1,2,3,4,5	5: 0x0200522F C4
285111	16	1,2,3,4,5	74: 0x61DCF5CD AB050005 00050005 00100010 00100010 007CD700 3F020100 01000100 01E31603 01992000 00100010 00100010 0B000B00 0B000B00 00F0162E 223D530B 68656C6C 6F203234 F14B
285114	5	2,3,4,8,9,10,11,16	5: 0x0200F59A 15
285131	5	2,3,4,8,9,10,11,16	74: 0x61DC7BCD AB0B000B 000B000B 00050005 00050005 007CD700 3E020100 01000100 01E31603 00992000 00100010 00100010 05000500 05000500 00F0162E 223D530B 68656C6C 6F203234 453C
285134	11	4,5,8,9,10,14,15	5: 0x02007BEC 78
285517	14	7,8,9,10,11,12,13,15	57: 0x61DCB1CD AB080008 00080008 000E000E 000E000E 007EF500 02010001 00010001 E1066304 00000283 F0223D16 2E530068 656C6C6F 203233BE 38
285519	8	2,3,4,5,6,7,9,10,11,12,13,14,15	5: 0x0200B1BA 11
285527	8	2,3,4,5,6,7,9,10,11,12,13,14,15	66: 0x61DCA3CD AB050005 00050005 00080008 00080008 007CD500 3F020E00 0E000E00 0E020100 01000100 01E10663 04000002 00F0223D 162E5300 68656C6C 6F203233 A020
285530	5	2,3,4,8,9,10,11,16	5: 0x0200A329 22
285542	5	2,3,4,8,9,10,11,16	66: 0x61DC7CCD AB100010 00100010 00050005 00050005 007CD500 3E020E00 0E000E00 0E020100 01000100 01E10663 04000001 80F0223D 162E5300 68656C6C 6F203233 76BA
285545	16	1,2,3,4,5	5: 0x02007C53 0C
285577	16	1,2,3,4,5	58: 0x61DCF6CD AB010001 00010001 00100010 00100010 007CD700 3D020E00 0E000E00 0EE10663 04000001 00F0223D 162E5300 68656C6C 6F203233 FB80
285579	1	16	5: 0x0200F601 27
285591	1	16	73: 0x61DC53CD AB100010 00100010 00010001 00010001 007EF700 E31E0303 99300000 05000500 05000508 00080008 00080E00 0E000E00 0E000000 F0162E22 3D530068 656C6C6F 203233FB E1
285594	16	1,2,3,4,5	5: 0x020053A6 D5
285601	16	1,2,3,4,5	82: 0x61DCF7CD AB050005 00050005 00100010 00100010 007CD700 3F020100 01000100 01E31E03 02993000 00100010 00100010 08000800 0800080E 000E000E 000E0000 00F0162E 223D5300 68656C6C 6F203233 5347
285604	5	2,3,4,8,9,10,11,16	5: 0x0200F788 36
285645	5	2,3,4,8,9,10,11,16	82: 0x61DC7DCD AB080008 00080008 00050005 00050005 007CD700 3E020100 01000100 01E31E03 01993000 00100010 00100010 05000500 0500050E 000E000E 000E0000 00F0162E 223D5300 68656C6C 6F203233 9D68
285648	8	2,3,4,5,6,7,9,10,11,12,13,14,15	5: 0x02007DDA 1D
285675	14	7,8,9,10,11,12,13,15	102: 0x61DCB2CD AB0B000B 000B000B 000E000E 000E000E 007A333A 9B01FD5A 00F00282 08F00000 FD000000 00000000 02010001 00010001 040E0008 0C000400 00800001 001E003C 081E4040 FFFFFFFF FFFFFFFF 00000000 FD000000 00000000 00000000 00000000 481B
285679	11	4,5,8,9,10,14,15	5: 0x0200B221 23
285682	8	2,3,4,5,6,7,9,10,11,12,13,14,15	82: 0x61DCA4CD AB0E000E 000E000E 00080008 00080008 007CD700 3D020100 01000100 01E31E03 00993000 00100010 00100010 05000500 05000508 00080008 00080000 00F0162E 223D5300 68656C6C 6F203233 29EA
285685	14	7,8,9,10,11,12,13,15	5: 0x0200A496 56
285744	4	2,3,5,7,8,9,10,11,16	57: 0x61DC03CD AB100010 00100010 00040004 00040004 007EF500 02010001 00010001 E1066304 00000182 F0223D16 2E532668 656C6C6F 20323548 C8
285746	16	1,2,3,4,5	5: 0x02000323 87
285768	16	1,2,3,4,5	58: 0x61DCF8CD AB010001 00010001 00100010 00100010 007CD700 3F020400 04000400 04E10663 04000001 00F0223D 162E5326 68656C6C 6F203235 0B03
285770	1	16	5: 0x0200F87F CE
285776	1	16	57: 0x61DC54CD AB100010 00100010 00010001 00010001 007EF700 E30E0301 99100000 04000400 04000400 F0162E22 3D532668 656C6C6F 203235B3 AE
285778	16	1,2,3,4,5	5: 0x02005419 A1
285781	16	1,2,3,4,5	66: 0x61DCF9CD AB040004 00040004 00100010 00100010 007CD700 3F020100 01000100 01E30E03 00991000 00100010 00100010 00F0162E 223D5326 68656C6C 6F203235 3422
285784	4	2,3,5,7,8,9,10,11,16	5: 0x0200F9F6 DF
286827	15	8,9,10,11,12,13,14	57: 0x61DCDBCD AB080008 00080008 000F000F 000F000F 007EF500 02010001 00010001 E1066304 00000285 F0223D16 2E52FC68 656C6C6F 2032334C AD
286829	8	2,3,4,5,6,7,9,10,11,12,13,14,15	5: 0x0200DBE6 DD
286853	8	2,3,4,5,6,7,9,10,11,12,13,14,15	66: 0x61DCA5CD AB050005 00050005 00080008 00080008 007CD500 3F020F00 0F000F00 0F020100 01000100 01E10663 04000002 00F0223D 162E52FC 68656C6C 6F203233 F84F
286856	5	2,3,4,8,9,10,11,16	5: 0x0200A51F 47
286892	5	2,3,4,8,9,10,11,16	66: 0x61DC7ECD AB100010 00100010 00050005 00050005 007CD500 3E020F00 0F000F00 0F020100 01000100 01E10663 04000001 80F0223D 162E52FC 68656C6C 6F203233 7F23
286895	16	1,2,3,4,5	5: 0x02007E41 2F
286899	16	1,2,3,4,5	58: 0x61DCFACD AB010001 00010001 00100010 00100010 007CD700 3D020F00 0F000F00 0FE10663 04000001 00F0223D 162E52FC 68656C6C 6F203233 8C69
286901	1	16	5: 0x0200FA6D ED
286919	1	16	73: 0x61DC55CD AB100010 00100010 00010001 00010001 007EF700 E31E0303 99300000 05000500 05000508 00080008 00080F00 0F000F00 0F000000 F0162E22 3D52FC68 656C6C6F 20323397 25
286922	16	1,2,3,4,5	5: 0x02005590 B0
286949	16	1,2,3,4,5	82: 0x61DCFBCD AB050005 00050005 00100010 00100010 007CD700 3F020100 01000100 01E31E03 02993000 00100010 00100010 08000800 0800080F 000F000F 000F0000 00F0162E 223D52FC 68656C6C 6F203233 42F7
286952	5	2,3,4,8,9,10,11,16	5: 0x0200FBE4 FC
286984	5	2,3,4,8,9,10,11,16	82: 0x61DC7FCD AB080008 00080008 00050005 00050005 007CD700 3E020100 01000100 01E31E03 01993000 00100010 00100010 05000500 0500050F 000F000F 000F0000 00F0162E 223D52FC 68656C6C 6F203233 55A6
286987	8	2,3,4,5,6,7,9,10,11,12,13,14,15	5: 0x02007FC8 3E
287002	8	2,3,4,5,6,7,9,10,11,12,13,14,15	82: 0x61DCA6CD AB0F000F 000F000F 00080008 00080008 007CD700 3D020100 01000100 01E31E03 00993000 00100010 00100010 05000500 05000508 00080008 00080000 00F0162E 223D52FC 68656C6C 6F203233 B2D8
287005	15	8,9,10,11,12,13,14	5: 0x0200A684 75
287101	8	2,3,4,5,6,7,9,10,11,12,13,14,15	57: 0x61DCA7CD AB050005 00050005 00080008 00080008 007EF500 02010001 00010001 E1066304 00000200 F0223D16 2E531768 656C6C6F 20323491 B9
287103	5	2,3,4,8,9,10,11,16	5: 0x0200A70D 64
287145	5	2,3,4,8,9,10,11,16	66: 0x61DC80CD AB100010 00100010 00050005 00050005 007CD500 3F020800 08000800 08020100 01000100 01E10663 04000001 80F0223D 162E5317 68656C6C 6F203234 4E69
287148	16	1,2,3,4,5	5: 0x020080B0 31
287180	16	1,2,3,4,5	58: 0x61DCFCCD AB010001 00010001 00100010 00100010 007CD700 3E020800 08000800 08E10663 04000001 00F0223D 162E5317 68656C6C 6F203234 CB59
287182	1	16	5: 0x0200FC5B 88
287196	1	16	65: 0x61DC56CD AB100010 00100010 00010001 00010001 007EF700 E3160302 99200000 05000500 05000508 00080008 00080000 F0162E22 3D531768 656C6C6F 20323461 69
287199	16	1,2,3,4,5	5: 0x0200560B 82
287235	16	1,2,3,4,5	74: 0x61DCFDCD AB050005 00050005 00100010 00100010 007CD700 3F020100 01000100 01E31603 01992000 00100010 00100010 08000800 08000800 00F0162E 223D5317 68656C6C 6F203234 F763
287238	5	2,3,4,8,9,10,11,16	5: 0x0200FDD2 99
287257	5	2,3,4,8,9,10,11,16	74: 0x61DC81CD AB080008 00080008 00050005 00050005 007CD700 3E020100 01000100 01E31603 00992000 00100010 00100010 05000500 05000500 00F0162E 223D5317 68656C6C 6F203234 F702
287260	8	2,3,4,5,6,7,9,10,11,12,13,14,15	5: 0x02008139 20
287569	7	2,3,4,6,8,9,10,12,13,14	57: 0x61DCA6CD AB020002 00020002 00070007 00070007 007EF500 02010001 00010001 E1066304 00000204 F0223D16 2E531C68 656C6C6F 20323373 8C
287571	2	3,4,5,6,7,8,9,16	5: 0x0200A684 75
287579	2	3,4,5,6,7,8,9,16	66: 0x61DC6FCD AB100010 00100010 00020002 00020002 007CD500 3F020700 07000700 07020100 01000100 01E10663 04000001 80F0223D 162E531C 68656C6C 6F203233 A3EF
287582	16	1,2,3,4,5	5: 0x02006F49 2E
287617	16	1,2,3,4,5	58: 0x61DCFECD AB010001 00010001 00100010 00100010 007CD700 3E020700 07000700 07E10663 04000001 00F0223D 162E531C 68656C6C 6F203233 0E9B
287619	1	16	5: 0x0200FE49 AB
287655	1	16	65: 0x61DC57CD AB100010 00100010 00010001 00010001 007EF700 E3160302 99200000 02000200 02000207 00070007 00070000 F0162E22 3D531C68 656C6C6F 20323360 78
287658	16	1,2,3,4,5	5: 0x02005782 93
287661	16	1,2,3,4,5	74: 0x61DCFFCD AB020002 00020002 00100010 00100010 007CD700 3F020100 01000100 01E31603 01992000 00100010 00100010 07000700 07000700 00F0162E 223D531C 68656C6C 6F203233 4C5D
287664	2	3,4,5,6,7,8,9,16	5: 0x0200FFC0 BA
287672	2	3,4,5,6,7,8,9,16	74: 0x61DC70CD AB070007 00070007 00020002 00020002 007CD700 3E020100 01000100 01E31603 00992000 00100010 00100010 02000200 02000200 00F0162E 223D531C 68656C6C 6F203233 45D4
287675	7	2,3,4,6,8,9,10,12,13,14	5: 0x0200703F C6
288048	12	6,7,8,9,13,14,15	57: 0x61DC58CD AB080008 00080008 000C000C 000C000C 007EF500 02010001 00010001 E1066304 00000283 F0223D16 2E530868 656C6C6F 203233A3 25
288050	8	2,3,4,5,6,7,9,10,11,12,13,14,15	5: 0x02005875 6B
288059	8	2,3,4,5,6,7,9,10,11,12,13,14,15	66: 0x61DCA8CD AB050005 00050005 00080008 00080008 007CD500 3F020C00 0C000C00 0C020100 01000100 01E10663 04000002 00F0223D 162E5308 68656C6C 6F203233 197B
288062	5	2,3,4,8,9,10,11,16	5: 0x0200A8FA 9C
288080	5	2,3,4,8,9,10,11,16	66: 0x61DC82CD AB100010 00100010 00050005 00050005 007CD500 3E020C00 0C000C00 0C020100 01000100 01E10663 04000001 80F0223D 162E5308 68656C6C 6F203233 B705
288083	16	1,2,3,4,5	5: 0x020082A2 12
288090	16	1,2,3,4,5	58: 0x61DC00CD AB010001 00010001 00100010 00100010 007CD700 3D020C00 0C000C00 0CE10663 04000001 00F0223D 162E5308 68656C6C 6F203233 66B6
288092	1	16	5: 0x020000B8 B5
288127	1	16	73: 0x61DC58CD AB100010 00100010 00010001 00010001 007EF700 E31E0303 99300000 05000500 05000508 00080008 00080C00 0C000C00 0C000000 F0162E22 3D530868 656C6C6F 2032336C F2
288130	16	1,2,3,4,5	5: 0x02005875 6B
288133	16	1,2,3,4,5	82: 0x61DC01CD AB050005 00050005 00100010 00100010 007CD700 3F020100 01000100 01E31E03 02993000 00100010 00100010 08000800 0800080C 000C000C 000C0000 00F0162E 223D5308 68656C6C 6F203233 B677
288136	5	2,3,4,8,9,10,11,16	5: 0x02000131 A4
288173	5	2,3,4,8,9,10,11,16	82: 0x61DC83CD AB080008 00080008 00050005 00050005 007CD700 3E020100 01000100 01E31E03 01993000 00100010 00100010 05000500 0500050C 000C000C 000C0000 00F0162E 223D5308 68656C6C 6F203233 62CD
288176	8	2,3,4,5,6,7,9,10,11,12,13,14,15	5: 0x0200832B 03
288188	8	2,3,4,5,6,7,9,10,11,12,13,14,15	82: 0x61DCA9CD AB0C000C 000C000C 00080008 00080008 007CD700 3D020100 01000100 01E31E03 00993000 00100010 00100010 05000500 05000508 00080008 00080000 00F0162E 223D5308 68656C6C 6F203233 4AB9
288191	12	6,7,8,9,13,14,15	5: 0x0200A973 8D
288628	7	2,3,4,6,8,9,10,12,13,14	97: 0x41D8A7CD ABFFFF07 00070007 0007007A 3B3A1A9B 01FF8500 F0020308 F00000FD 00000000 00000002 01000100 01000104 0E00080C 00040000 80000100 1E003C08 1E4040FF FFFFFFFF FFFFFF00 000000FD 00000000 00000000 00000000 0000006E 1D
289544	15	8,9,10,11,12,13,14	97: 0x41D8DCCD ABFFFF0F 000F000F 000F007A 3B3A1A9B 01FEE400 F0028408 F00000FD 00000000 00000002 01000100 01000104 0E00080C 00040000 80000100 1E003C08 1E4040FF FFFFFFFF FFFFFF00 000000FD 00000000 00000000 00000000 000000D7 B5
289707	9	2,3,4,5,6,7,8,10,11,12,13,14,15	57: 0x61DC6DCD AB050005 00050005 00090009 00090009 007EF500 02010001 00010001 E1066304 00000202 F0223D16 2E531368 656C6C6F 203234FC 0F
289709	5	2,3,4,8,9,10,11,16	5: 0x02006D5B 0D
289717	5	2,3,4,8,9,10,11,16	66: 0x61DC84CD AB100010 00100010 00050005 00050005 007CD500 3F020900 09000900 09020100 01000100 01E10663 04000001 80F0223D 162E5313 68656C6C 6F203234 C280
289720	16	1,2,3,4,5	5: 0x02008494 77
289753	16	1,2,3,4,5	58: 0x61DC02CD AB010001 00010001 00100010 00100010 007CD700 3E020900 09000900 09E10663 04000001 00F0223D 162E5313 68656C6C 6F203234 983C
289755	1	16	5: 0x020002AA 96
289772	1	16	65: 0x61DC59CD AB100010 00100010 00010001 00010001 007EF700 E3160302 99200000 05000500 05000509 00090009 00090000 F0162E22 3D531368 656C6C6F 203234DA 68
289775	16	1,2,3,4,5	5: 0x020059FC 7A
289807	16	1,2,3,4,5	74: 0x61DC03CD AB050005 00050005 00100010 00100010 007CD700 3F020100 01000100 01E31603 01992000 00100010 00100010 09000900 09000900 00F0162E 223D5313 68656C6C 6F203234 B220
289810	5	2,3,4,8,9,10,11,16	5: 0x02000323 87
289816	5	2,3,4,8,9,10,11,16	74: 0x61DC85CD AB090009 00090009 00050005 00050005 007CD700 3E020100 01000100 01E31603 00992000 00100010 00100010 05000500 05000500 00F0162E 223D5313 68656C6C 6F203234 2E82
289819	9	2,3,4,5,6,7,8,10,11,12,13,14,15	5: 0x0200851D 66
289994	6	2,3,7,8,9,12,13	57: 0x61DC03CD AB020002 00020002 00060006 00060006 007EF500 02010001 00010001 E1066304 00000207 F0223D16 2E531F68 656C6C6F 2032342E A1
289996	2	3,4,5,6,7,8,9,16	5: 0x02000323 87
290015	2	3,4,5,6,7,8,9,16	66: 0x61DC71CD AB100010 00100010 00020002 00020002 007CD500 3F020600 06000600 06020100 01000100 01E10663 04000001 80F0223D 162E531F 68656C6C 6F203234 9641
290018	16	1,2,3,4,5	5: 0x020071B6 D7
290049	16	1,2,3,4,5	58: 0x61DC04CD AB010001 00010001 00100010 00100010 007CD700 3E020600 06000600 06E10663 04000001 00F0223D 162E531F 68656C6C 6F203234 752E
290051	1	16	5: 0x0200049C F3
290075	1	16	65: 0x61DC5ACD AB100010 00100010 00010001 00010001 007EF700 E3160302 99200000 02000200 02000206 00060006 00060000 F0162E22 3D531F68 656C6C6F 203234FE 0B
290078	16	1,2,3,4,5	5: 0x02005A67 48
290113	16	1,2,3,4,5	74: 0x61DC05CD AB020002 00020002 00100010 00100010 007CD700 3F020100 01000100 01E31603 01992000 00100010 00100010 06000600 06000600 00F0162E 223D531F 68656C6C 6F203234 FEF3
290116	2	3,4,5,6,7,8,9,16	5: 0x02000515 E2
290143	2	3,4,5,6,7,8,9,16	74: 0x61DC72CD AB060006 00060006 00020002 00020002 007CD700 3E020100 01000100 01E31603 00992000 00100010 00100010 02000200 02000200 00F0162E 223D531F 68656C6C 6F203234 3E81
290146	6	2,3,7,8,9,12,13	5: 0x0200722D E5
290256	6	2,3,7,8,9,12,13	97: 0x41D804CD ABFFFF06 00060006 0006007A 3B3A1A9B 01FF8600 F0020608 F00000FD 00000000 00000002 01000100 01000104 0E00080C 00040000 80000100 1E003C08 1E4040FF FFFFFFFF FFFFFF00 000000FD 00000000 00000000 00000000 00000043 FC
290411	10	3,4,5,7,8,9,11,13,14,15	57: 0x61DC0ECD AB050005 00050005 000A000A 000A000A 007EF500 02010001 00010001 E1066304 00000205 F0223D16 2E530E68 656C6C6F 203235EE 3A
290413	5	2,3,4,8,9,10,11,16	5: 0x02000EC6 5C
290453	5	2,3,4,8,9,10,11,16	66: 0x61DC86CD AB100010 00100010 00050005 00050005 007CD500 3F020A00 0A000A00 0A020100 01000100 01E10663 04000001 80F0223D 162E530E 68656C6C 6F203235 65FC
290456	16	1,2,3,4,5	5: 0x02008686 54
290494	16	1,2,3,4,5	58: 0x61DC06CD AB010001 00010001 00100010 00100010 007CD700 3E020A00 0A000A00 0AE10663 04000001 00F0223D 162E530E 68656C6C 6F203235 291B
290496	1	16	5: 0x0200068E D0
290499	1	16	65: 0x61DC5BCD AB100010 00100010 00010001 00010001 007EF700 E3160302 99200000 05000500 0500050A 000A000A 000A0000 F0162E22 3D530E68 656C6C6F 20323584 12
290502	16	1,2,3,4,5	5: 0x02005BEE 59
290517	16	1,2,3,4,5	74: 0x61DC07CD AB050005 00050005 00100010 00100010 007CD700 3F020100 01000100 01E31603 01992000 00100010 00100010 0A000A00 0A000A00 00F0162E 223D530E 68656C6C 6F203235 3EC5
290520	5	2,3,4,8,9,10,11,16	5: 0x02000707 C1
290559	5	2,3,4,8,9,10,11,16	74: 0x61DC87CD AB0A000A 000A000A 00050005 00050005 007CD700 3E020100 01000100 01E31603 00992000 00100010 00100010 05000500 05000500 00F0162E 223D530E 68656C6C 6F203235 1F01
290562	10	3,4,5,7,8,9,11,13,14,15	5: 0x0200870F 45
291773	2	3,4,5,6,7,8,9,16	57: 0x61DC73CD AB100010 00100010 00020002 00020002 007EF500 02010001 00010001 E1066304 00000180 F0223D16 2E532E68 656C6C6F 20323512 B7
291775	16	1,2,3,4,5	5: 0x020073A4 F4
291782	16	1,2,3,4,5	58: 0x61DC08CD AB010001 00010001 00100010 00100010 007CD700 3F020200 02000200 02E10663 04000001 00F0223D 162E532E 68656C6C 6F203235 A431
291784	1	16	5: 0x020008F0 39
291798	1	16	57: 0x61DC5CCD AB100010 00100010 00010001 00010001 007EF700 E30E0301 99100000 02000200 02000200 F0162E22 3D532E68 656C6C6F 2032354D 4E
291800	16	1,2,3,4,5	5: 0x02005C51 2D
291810	16	1,2,3,4,5	66: 0x61DC09CD AB020002 00020002 00100010 00100010 007CD700 3F020100 01000100 01E30E03 00991000 00100010 00100010 00F0162E 223D532E 68656C6C 6F203235 659A
291813	2	3,4,5,6,7,8,9,16	5: 0x02000979 28
292348	3	2,4,5,6,7,8,9,10,16	97: 0x41D8CECD ABFFFF03 00030003 0003007A 3B3A1A9B 01001800 F0018108 F00000FD 00000000 00000002 01000100 01000104 0E00080C 00040000 80000100 1E003C08 1E4040FF FFFFFFFF FFFFFF00 000000FD 00000000 00000000 00000000 000000F5 17
292401	13	6,7,8,9,10,12,14,15	57: 0x61DC6DCD AB080008 00080008 000D000D 000D000D 007EF500 02010001 00010001 E1066304 00000284 F0223D16 2E530468 656C6C6F 20323306 DB
292403	8	2,3,4,5,6,7,9,10,11,12,13,14,15	5: 0x02006D5B 0D
292408	8	2,3,4,5,6,7,9,10,11,12,13,14,15	66: 0x61DCAACD AB050005 00050005 00080008 00080008 007CD500 3F020D00 0D000D00 0D020100 01000100 01E10663 04000002 00F0223D 162E5304 68656C6C 6F203233 2EE4
292411	5	2,3,4,8,9,10,11,16	5: 0x0200AAE8 BF
292426	5	2,3,4,8,9,10,11,16	66: 0x61DC88CD AB100010 00100010 00050005 00050005 007CD500 3E020D00 0D000D00 0D020100 01000100 01E10663 04000001 80F0223D 162E5304 68656C6C 6F203233 337E
292429	16	1,2,3,4,5	5: 0x020088F8 BD
292461	16	1,2,3,4,5	58: 0x61DC0ACD AB010001 00010001 00100010 00100010 007CD700 3D020D00 0D000D00 0DE10663 04000001 00F0223D 162E5304 68656C6C 6F203233 E8B6
292463	1	16	5: 0x02000AE2 1A
292481	1	16	73: 0x61DC5DCD AB100010 00100010 00010001 00010001 007EF700 E31E0303 99300000 05000500 05000508 00080008 00080D00 0D000D00 0D000000 F0162E22 3D530468 656C6C6F 203233CB 65
292484	16	1,2,3,4,5	5: 0x02005DD8 3C
292495	16	1,2,3,4,5	82: 0x61DC0BCD AB050005 00050005 00100010 00100010 007CD700 3F020100 01000100 01E31E03 02993000 00100010 00100010 08000800 0800080D 000D000D 000D0000 00F0162E 223D5304 68656C6C 6F203233 5A2A
292498	5	2,3,4,8,9,10,11,16	5: 0x02000B6B 0B
292530	5	2,3,4,8,9,10,11,16	82: 0x61DC89CD AB080008 00080008 00050005 00050005 007CD700 3E020100 01000100 01E31E03 01993000 00100010 00100010 05000500 0500050D 000D000D 000D0000 00F0162E 223D5304 68656C6C 6F203233 8E90
292533	8	2,3,4,5,6,7,9,10,11,12,13,14,15	5: 0x02008971 AC
292549	8	2,3,4,5,6,7,9,10,11,12,13,14,15	82: 0x61DCABCD AB0D000D 000D000D 00080008 00080008 007CD700 3D020100 01000100 01E31E03 00993000 00100010 00100010 05000500 05000508 00080008 00080000 00F0162E 223D5304 68656C6C 6F203233 EF8D
292552	13	6,7,8,9,10,12,14,15	5: 0x0200AB61 AE
292577	13	6,7,8,9,10,12,14,15	97: 0x41D86ECD ABFFFF0D 000D000D 000D007A 3B3A1A9B 01FEED00 F0028308 F00000FD 00000000 00000002 01000100 01000104 0E00080C 00040000 80000100 1E003C08 1E4040FF FFFFFFFF FFFFFF00 000000FD 00000000 00000000 00000000 0000006B 13
292719	2	3,4,5,6,7,8,9,16	102: 0x61DC74CD AB050005 00050005 00020002 00020002 007A333A 9B01FEA4 00F00180 08F00000 FD000000 00000000 02010001 00010001 040E0008 0C000400 00800001 001E003C 081E4040 FFFFFFFF FFFFFFFF 00000000 FD000000 00000000 00000000 00000000 9942
292723	5	2,3,4,8,9,10,11,16	5: 0x0200741B 80
293117	5	2,3,4,8,9,10,11,16	57: 0x61DC8ACD AB100010 00100010 00050005 00050005 007EF500 02010001 00010001 E1066304 00000180 F0223D16 2E532168 656C6C6F 203236FD 45
293119	16	1,2,3,4,5	5: 0x02008AEA 9E
293157	16	1,2,3,4,5	58: 0x61DC0CCD AB010001 00010001 00100010 00100010 007CD700 3F020500 05000500 05E10663 04000001 00F0223D 162E5321 68656C6C 6F203236 9CBA
293159	1	16	5: 0x02000CD4 7F
293162	1	16	57: 0x61DC5ECD AB100010 00100010 00010001 00010001 007EF700 E30E0301 99100000 05000500 05000500 F0162E22 3D532168 656C6C6F 20323680 DB
293165	16	1,2,3,4,5	5: 0x02005E43 0E
293208	16	1,2,3,4,5	66: 0x61DC0DCD AB050005 00050005 00100010 00100010 007CD700 3F020100 01000100 01E30E03 00991000 00100010 00100010 00F0162E 223D5321 68656C6C 6F203236 AA51
293211	5	2,3,4,8,9,10,11,16	5: 0x02000D5D 6E
294965	11	4,5,8,9,10,14,15	57: 0x61DC17CD AB050005 00050005 000B000B 000B000B 007EF500 02010001 00010001 E1066304 00000201 F0223D16 2E530A68 656C6C6F 20323599 76
294967	5	2,3,4,8,9,10,11,16	5: 0x02001786 D1
294999	5	2,3,4,8,9,10,11,16	66: 0x61DC8BCD AB100010 00100010 00050005 00050005 007CD500 3F020B00 0B000B00 0B020100 01000100 01E10663 04000001 80F0223D 162E530A 68656C6C 6F203235 CA8E
295002	16	1,2,3,4,5	5: 0x02008B63 8F
295029	16	1,2,3,4,5	58: 0x61DC0ECD AB010001 00010001 00100010 00100010 007CD700 3E020B00 0B000B00 0BE10663 04000001 00F0223D 162E530A 68656C6C 6F203235 DFC6
295031	1	16	5: 0x02000EC6 5C
295057	1	16	65: 0x61DC5FCD AB100010 00100010 00010001 00010001 007EF700 E3160302 99200000 05000500 0500050B 000B000B 000B0000 F0162E22 3D530A68 656C6C6F 20323528 2E
295060	16	1,2,3,4,5	5: 0x02005FCA 1F
295086	16	1,2,3,4,5	74: 0x61DC0FCD AB050005 00050005 00100010 00100010 007CD700 3F020100 01000100 01E31603 01992000 00100010 00100010 0B000B00 0B000B00 00F0162E 223D530A 68656C6C 6F203235 27CE
295089	5	2,3,4,8,9,10,11,16	5: 0x02000F4F 4D
295107	5	2,3,4,8,9,10,11,16	74: 0x61DC8CCD AB0B000B 000B000B 00050005 00050005 007CD700 3E020100 01000100 01E31603 00992000 00100010 00100010 05000500 05000500 00F0162E 223D530A 68656C6C 6F203235 4FB0
295110	11	4,5,8,9,10,14,15	5: 0x02008CDC FB
295194	14	7,8,9,10,11,12,13,15	57: 0x61DCB3CD AB080008 00080008 000E000E 000E000E 007EF500 02010001 00010001 E1066304 00000282 F0223D16 2E52FF68 656C6C6F 203234D0 D2
295196	8	2,3,4,5,6,7,9,10,11,12,13,14,15	5: 0x0200B3A8 32
295221	8	2,3,4,5,6,7,9,10,11,12,13,14,15	66: 0x61DCACCD AB050005 00050005 00080008 00080008 007CD500 3F020E00 0E000E00 0E020100 01000100 01E10663 04000002 00F0223D 162E52FF 68656C6C 6F203234 5B56
295224	5	2,3,4,8,9,10,11,16	5: 0x0200ACDE DA
295241	5	2,3,4,8,9,10,11,16	66: 0x61DC8DCD AB100010 00100010 00050005 00050005 007CD500 3E020E00 0E000E00 0E020100 01000100 01E10663 04000001 80F0223D 162E52FF 68656C6C 6F203234 F64C
295244	16	1,2,3,4,5	5: 0x02008D55 EA
295265	16	1,2,3,4,5	58: 0x61DC10CD AB010001 00010001 00100010 00100010 007CD700 3D020E00 0E000E00 0EE10663 04000001 00F0223D 162E52FF 68656C6C 6F203234 32E1
295267	1	16	5: 0x02001039 A5
295276	3	2,4,5,6,7,8,9,10,16	57: 0x61DCCFCD AB100010 00100010 00030003 00030003 007EF500 02010001 00010001 E1066304 00000181 F0223D16 2E532968 656C6C6F 2032365E 06
295278	16	1,2,3,4,5	5: 0x0200CF43 8B
295290	16	1,2,3,4,5	58: 0x61DC11CD AB010001 00010001 00100010 00100010 007CD700 3F020300 03000300 03E10663 04000001 00F0223D 162E5329 68656C6C 6F203236 5264
295292	1	16	5: 0x020011B0 B4
295302	1	16	73: 0x61DC60CD AB100010 00100010 00010001 00010001 007EF700 E31E0303 99300000 05000500 05000508 00080008 00080E00 0E000E00 0E000000 F0162E22 3D52FF68 656C6C6F 203234A2 27
295305	16	1,2,3,4,5	5: 0x020060BE D6
295319	1	16	57: 0x61DC61CD AB100010 00100010 00010001 00010001 007EF700 E30E0301 99100000 03000300 03000300 F0162E22 3D532968 656C6C6F 20323671 1D
295321	16	1,2,3,4,5	5: 0x02006137 C7
295336	16	1,2,3,4,5	66: 0x61DC13CD AB030003 00030003 00100010 00100010 007CD700 3F020100 01000100 01E30E03 00991000 00100010 00100010 00F0162E 223D5329 68656C6C 6F203236 F7A8
295339	3	2,4,5,6,7,8,9,10,16	5: 0x020013A2 97
295342	16	1,2,3,4,5	82: 0x61DC12CD AB050005 00050005 00100010 00100010 007CD700 3F020100 01000100 01E31E03 02993000 00100010 00100010 08000800 0800080E 000E000E 000E0000 00F0162E 223D52FF 68656C6C 6F203234 376C
295345	5	2,3,4,8,9,10,11,16	5: 0x0200122B 86
295370	5	2,3,4,8,9,10,11,16	82: 0x61DC8ECD AB080008 00080008 00050005 00050005 007CD700 3E020100 01000100 01E31E03 01993000 00100010 00100010 05000500 0500050E 000E000E 000E0000 00F0162E 223D52FF 68656C6C 6F203234 1F8A
295373	8	2,3,4,5,6,7,9,10,11,12,13,14,15	5: 0x02008ECE D8
295394	4	2,3,5,7,8,9,10,11,16	57: 0x61DC04CD AB100010 00100010 00040004 00040004 007EF500 02010001 00010001 E1066304 00000181 F0223D16 2E532568 656C6C6F 203236FE FB
295396	16	1,2,3,4,5	5: 0x0200049C F3
295399	16	1,2,3,4,5	58: 0x61DC14CD AB010001 00010001 00100010 00100010 007CD700 3F020400 04000400 04E10663 04000001 00F0223D 162E5325 68656C6C 6F203236 AF5A
295402	1	16	5: 0x0200141D E3
295405	8	2,3,4,5,6,7,9,10,11,12,13,14,15	82: 0x61DCADCD AB0E000E 000E000E 00080008 00080008 007CD700 3D020100 01000100 01E31E03 00993000 00100010 00100010 05000500 05000508 00080008 00080000 00F0162E 223D52FF 68656C6C 6F203234 3DCB
295408	14	7,8,9,10,11,12,13,15	5: 0x0200AD57 CB
295425	1	16	57: 0x61DC62CD AB100010 00100010 00010001 00010001 007EF700 E30E0301 99100000 04000400 04000400 F0162E22 3D532568 656C6C6F 20323643 A8
295427	16	1,2,3,4,5	5: 0x020062AC F5
295465	16	1,2,3,4,5	66: 0x61DC15CD AB040004 00040004 00100010 00100010 007CD700 3F020100 01000100 01E30E03 00991000 00100010 00100010 00F0162E 223D5325 68656C6C 6F203236 8478
295468	4	2,3,5,7,8,9,10,11,16	5: 0x02001594 F2
295854	10	3,4,5,7,8,9,11,13,14,15	102: 0x61DC0FCD AB030003 00030003 000A000A 000A000A 007A333A 9B01FE08 00F00204 08F00000 FD000000 00000000 02010001 00010001 040E0008 0C000400 00800001 001E003C 081E4040 FFFFFFFF FFFFFFFF 00000000 FD000000 00000000 00000000 00000000 67C8
295858	3	2,4,5,6,7,8,9,10,16	5: 0x02000F4F 4D
296731	8	2,3,4,5,6,7,9,10,11,12,13,14,15	57: 0x61DCAECD AB050005 00050005 00080008 00080008 007EF500 02010001 00010001 E1066304 00000200 F0223D16 2E531668 656C6C6F 203235F8 32
296733	5	2,3,4,8,9,10,11,16	5: 0x0200AECC F9
296743	5	2,3,4,8,9,10,11,16	66: 0x61DC8FCD AB100010 00100010 00050005 00050005 007CD500 3F020800 08000800 08020100 01000100 01E10663 04000001 80F0223D 162E5316 68656C6C 6F203235 68A7
296746	16	1,2,3,4,5	5: 0x02008F47 C9
296777	16	1,2,3,4,5	58: 0x61DC16CD AB010001 00010001 00100010 00100010 007CD700 3E020800 08000800 08E10663 04000001 00F0223D 162E5316 68656C6C 6F203235 4057
296779	1	16	5: 0x0200160F C0
296785	1	16	65: 0x61DC63CD AB100010 00100010 00010001 00010001 007EF700 E3160302 99200000 05000500 05000508 00080008 00080000 F0162E22 3D531668 656C6C6F 20323591 50
296788	16	1,5	5: 0x02006325 E4
296788	6	7,8,9,12,13	102: 0x61DC05CD AB030003 00030003 00060006 00060006 007A333A 9B01FE16 00F00206 08F00000 FD000000 00000000 02010001 00010001 040E0008 0C000400 00800001 001E003C 081E4040 FFFFFFFF FFFFFFFF 00000000 FD000000 00000000 00000000 00000000 FAE9
296800	6	2,3,7,8,9,12,13	102: 0x61DC05CD AB030003 00030003 00060006 00060006 007A333A 9B01FE16 00F00206 08F00000 FD000000 00000000 02010001 00010001 040E0008 0C000400 00800001 001E003C 081E4040 FFFFFFFF FFFFFFFF 00000000 FD000000 00000000 00000000 00000000 FAE9
296804	3	2,4,5,6,7,8,9,10,16	5: 0x02000515 E2
296825	16	1,2,3,4,5	74: 0x61DC17CD AB050005 00050005 00100010 00100010 007CD700 3F020100 01000100 01E31603 01992000 00100010 00100010 08000800 08000800 00F0162E 223D5316 68656C6C 6F203235 982C
296828	5	2,3,4,8,9,10,11,16	5: 0x02001786 D1
296865	5	2,3,4,8,9,10,11,16	74: 0x61DC90CD AB080008 00080008 00050005 00050005 007CD700 3E020100 01000100 01E31603 00992000 00100010 00100010 05000500 05000500 00F0162E 223D5316 68656C6C 6F203235 180C
296868	8	2,3,4,5,6,7,9,10,11,12,13,14,15	5: 0x02009031 21
297076	7	2,3,4,6,8,9,10,12,13,14	57: 0x61DCA8CD AB020002 00020002 00070007 00070007 007EF500 02010001 00010001 E1066304 00000203 F0223D16 2E531B68 656C6C6F 2032347B 39
297078	2	3,4,5,6,7,8,9,16	5: 0x0200A8FA 9C
297114	2	3,4,5,6,7,8,9,16	66: 0x61DC75CD AB100010 00100010 00020002 00020002 007CD500 3F020700 07000700 07020100 01000100 01E10663 04000001 80F0223D 162E531B 68656C6C 6F203234 1AA8
297117	16	1,2,3,4,5	5: 0x02007592 91
297135	16	1,2,3,4,5	58: 0x61DC18CD AB010001 00010001 00100010 00100010 007CD700 3E020700 07000700 07E10663 04000001 00F0223D 162E531B 68656C6C 6F203234 3383
297137	1	16	5: 0x02001871 29
297163	1	16	65: 0x61DC64CD AB100010 00100010 00010001 00010001 007EF700 E3160302 99200000 02000200 02000207 00070007 00070000 F0162E22 3D531B68 656C6C6F 20323420 B9
297166	16	1,2,3,4,5	5: 0x0200649A 90
297208	16	1,2,3,4,5	74: 0x61DC19CD AB020002 00020002 00100010 00100010 007CD700 3F020100 01000100 01E31603 01992000 00100010 00100010 07000700 07000700 00F0162E 223D531B 68656C6C 6F203234 F442
297211	2	3,4,5,6,7,8,9,16	5: 0x020019F8 38
297225	2	3,4,5,6,7,8,9,16	74: 0x61DC76CD AB070007 00070007 00020002 00020002 007CD700 3E020100 01000100 01E31603 00992000 00100010 00100010 02000200 02000200 00F0162E 223D531B 68656C6C 6F203234 E701
297228	7	2,3,4,6,8,9,10,12,13,14	5: 0x02007609 A3
297305	12	6,7,8,9,13,14,15	57: 0x61DC59CD AB080008 00080008 000C000C 000C000C 007EF500 02010001 00010001 E1066304 00000282 F0223D16 2E530768 656C6C6F 20323447 8D
297307	8	2,3,4,5,6,7,9,10,11,12,13,14,15	5: 0x020059FC 7A
297347	8	2,3,4,5,6,7,9,10,11,12,13,14,15	66: 0x61DCAFCD AB050005 00050005 00080008 00080008 007CD500 3F020C00 0C000C00 0C020100 01000100 01E10663 04000002 00F0223D 162E5307 68656C6C 6F203234 6FEF
297350	5	2,3,4,8,9,10,11,16	5: 0x0200AF45 E8
297384	5	2,3,4,8,9,10,11,16	66: 0x61DC91CD AB100010 00100010 00050005 00050005 007CD500 3E020C00 0C000C00 0C020100 01000100 01E10663 04000001 80F0223D 162E5307 68656C6C 6F203234 E7A6
297387	16	1,2,3,4,5	5: 0x020091B8 30
297391	16	1,2,3,4,5	58: 0x61DC1ACD AB010001 00010001 00100010 00100010 007CD700 3D020C00 0C000C00 0CE10663 04000001 00F0223D 162E5307 68656C6C 6F203234 6C51
297393	1	16	5: 0x02001A63 0A
297436	1	16	73: 0x61DC65CD AB100010 00100010 00010001 00010001 007EF700 E31E0303 99300000 05000500 05000508 00080008 00080C00 0C000C00 0C000000 F0162E22 3D530768 656C6C6F 20323467 F3
297439	16	1,2,3,4,5	5: 0x02006513 81
297462	16	1,2,3,4,5	82: 0x61DC1BCD AB050005 00050005 00100010 00100010 007CD700 3F020100 01000100 01E31E03 02993000 00100010 00100010 08000800 0800080C 000C000C 000C0000 00F0162E 223D5307 68656C6C 6F203234 5083
297465	5	2,3,4,8,9,10,11,16	5: 0x02001BEA 1B
297470	5	2,3,4,8,9,10,11,16	82: 0x61DC92CD AB080008 00080008 00050005 00050005 007CD700 3E020100 01000100 01E31E03 01993000 00100010 00100010 05000500 0500050C 000C000C 000C0000 00F0162E 223D5307 68656C6C 6F203234 775D
297473	8	2,3,4,5,6,7,9,10,11,12,13,14,15	5: 0x02009223 02
297513	8	2,3,4,5,6,7,9,10,11,12,13,14,15	82: 0x61DCB0CD AB0C000C 000C000C 00080008 00080008 007CD700 3D020100 01000100 01E31E03 00993000 00100010 00100010 05000500 05000508 00080008 00080000 00F0162E 223D5307 68656C6C 6F203234 45BC
297516	12	6,7,8,9,13,14,15	5: 0x0200B033 00
297600	15	8,9,10,11,12,13,14	57: 0x61DCDDCD AB080008 00080008 000F000F 000F000F 007EF500 02010001 00010001 E1066304 00000284 F0223D16 2E52FB68 656C6C6F 20323469 37
297602	8	2,3,4,5,6,7,9,10,11,12,13,14,15	5: 0x0200DDD0 B8
297623	8	2,3,4,5,6,7,9,10,11,12,13,14,15	66: 0x61DCB1CD AB050005 00050005 00080008 00080008 007CD500 3F020F00 0F000F00 0F020100 01000100 01E10663 04000002 00F0223D 162E52FB 68656C6C 6F203234 83E5
297626	5	2,3,4,8,9,10,11,16	5: 0x0200B1BA 11
297669	5	2,3,4,8,9,10,11,16	66: 0x61DC93CD AB100010 00100010 00050005 00050005 007CD500 3E020F00 0F000F00 0F020100 01000100 01E10663 04000001 80F0223D 162E52FB 68656C6C 6F203234 9E7F
297672	16	1,2,3,4,5	5: 0x020093AA 13
297714	16	1,2,3,4,5	58: 0x61DC1CCD AB010001 00010001 00100010 00100010 007CD700 3D020F00 0F000F00 0FE10663 04000001 00F0223D 162E52FB 68656C6C 6F203234 B171
297716	1	16	5: 0x02001C55 6F
297738	1	16	73: 0x61DC66CD AB100010 00100010 00010001 00010001 007EF700 E31E0303 99300000 05000500 05000508 00080008 00080F00 0F000F00 0F000000 F0162E22 3D52FB68 656C6C6F 2032343A 9A
297741	16	1,2,3,4,5	5: 0x02006688 B3
297780	16	1,2,3,4,5	82: 0x61DC1DCD AB050005 00050005 00100010 00100010 007CD700 3F020100 01000100 01E31E03 02993000 00100010 00100010 08000800 0800080F 000F000F 000F0000 00F0162E 223D52FB 68656C6C 6F203234 3B54
297783	5	2,3,4,8,9,10,11,16	5: 0x02001DDC 7E
297811	5	2,3,4,8,9,10,11,16	82: 0x61DC94CD AB080008 00080008 00050005 00050005 007CD700 3E020100 01000100 01E31E03 01993000 00100010 00100010 05000500 0500050F 000F000F 000F0000 00F0162E 223D52FB 68656C6C 6F203234 1C8A
297814	8	2,3,4,5,6,7,9,10,11,12,13,14,15	5: 0x02009415 67
297818	8	2,3,4,5,6,7,9,10,11,12,13,14,15	82: 0x61DCB2CD AB0F000F 000F000F 00080008 00080008 007CD700 3D020100 01000100 01E31E03 00993000 00100010 00100010 05000500 05000508 00080008 00080000 00F0162E 223D52FB 68656C6C 6F203234 472D
297821	15	8,9,10,11,12,13,14	5: 0x0200B221 23
298735	11	4,5,8,9,10,14,15	97: 0x41D818CD ABFFFF0B 000B000B 000B007A 3B3A1A9B 01FF7800 F0020008 F00000FD 00000000 00000002 01000100 01000104 0E00080C 00040000 80000100 1E003C08 1E4040FF FFFFFFFF FFFFFF00 000000FD 00000000 00000000 00000000 000000A0 0E
299290	9	2,3,4,5,6,7,8,10,11,12,13,14,15	57: 0x61DC6ECD AB050005 00050005 00090009 00090009 007EF500 02010001 00010001 E1066304 00000201 F0223D16 2E531268 656C6C6F 2032351D 8D
299292	5	2,3,4,8,9,10,11,16	5: 0x02006EC0 3F
299321	5	2,3,4,8,9,10,11,16	66: 0x61DC95CD AB100010 00100010 00050005 00050005 007CD500 3F020900 09000900 09020100 01000100 01E10663 04000001 80F0223D 162E5312 68656C6C 6F203235 5162
299324	16	1,2,3,4,5	5: 0x0200959C 76
299333	16	1,2,3,4,5	58: 0x61DC1ECD AB010001 00010001 00100010 00100010 007CD700 3E020900 09000900 09E10663 04000001 00F0223D 162E5312 68656C6C 6F203235 B68A
299335	1	16	5: 0x02001E47 4C
299371	1	16	65: 0x61DC67CD AB100010 00100010 00010001 00010001 007EF700 E3160302 99200000 05000500 05000509 00090009 00090000 F0162E22 3D531268 656C6C6F 2032353D 6C
299374	16	1,2,3,4,5	5: 0x02006701 A2
299405	16	1,2,3,4,5	74: 0x61DC1FCD AB050005 00050005 00100010 00100010 007CD700 3F020100 01000100 01E31603 01992000 00100010 00100010 09000900 09000900 00F0162E 223D5312 68656C6C 6F203235 8127
299408	5	2,3,4,8,9,10,11,16	5: 0x02001FCE 5D
299419	5	2,3,4,8,9,10,11,16	74: 0x61DC96CD AB090009 00090009 00050005 00050005 007CD700 3E020100 01000100 01E31603 00992000 00100010 00100010 05000500 05000500 00F0162E 223D5312 68656C6C 6F203235 94B4
299422	9	2,3,4,5,6,7,8,10,11,12,13,14,15	5: 0x02009607 44
300910	6	2,3,7,8,9,12,13	57: 0x61DC06CD AB020002 00020002 00060006 00060006 007EF500 02010001 00010001 E1066304 00000206 F0223D16 2E531E68 656C6C6F 20323596 BE
300912	2	3,4,5,6,7,8,9,16	5: 0x0200068E D0
300922	2	3,4,5,6,7,8,9,16	66: 0x61DC77CD AB100010 00100010 00020002 00020002 007CD500 3F020600 06000600 06020100 01000100 01E10663 04000001 80F0223D 162E531E 68656C6C 6F203235 9314
300925	16	1,2,3,4,5	5: 0x02007780 B2
300948	16	1,2,3,4,5	58: 0x61DC20CD AB010001 00010001 00100010 00100010 007CD700 3E020600 06000600 06E10663 04000001 00F0223D 162E531E 68656C6C 6F203235 FE44
300950	1	16	5: 0x020020BA 94
300970	1	16	65: 0x61DC68CD AB100010 00100010 00010001 00010001 007EF700 E3160302 99200000 02000200 02000206 00060006 00060000 F0162E22 3D531E68 656C6C6F 2032352B 7C
300973	16	1,2,3,4,5	5: 0x020068F6 5A
300983	16	1,2,3,4,5	74: 0x61DC21CD AB020002 00020002 00100010 00100010 007CD700 3F020100 01000100 01E31603 01992000 00100010 00100010 06000600 06000600 00F0162E 223D531E 68656C6C 6F203235 4342
300986	2	3,4,5,6,7,8,9,16	5: 0x02002133 85
300990	2	3,4,5,6,7,8,9,16	74: 0x61DC78CD AB060006 00060006 00020002 00020002 007CD700 3E020100 01000100 01E31603 00992000 00100010 00100010 02000200 02000200 00F0162E 223D531E 68656C6C 6F203235 4B04
300993	6	2,3,7,8,9,12,13	5: 0x02007877 4A
301096	2	3,4,5,6,7,8,9,16	57: 0x61DC79CD AB100010 00100010 00020002 00020002 007EF500 02010001 00010001 E1066304 00000180 F0223D16 2E532D68 656C6C6F 20323627 C0
301098	16	1,2,3,4,5	5: 0x020079FE 5B
301102	16	1,2,3,4,5	58: 0x61DC22CD AB010001 00010001 00100010 00100010 007CD700 3F020200 02000200 02E10663 04000001 00F0223D 162E532D 68656C6C 6F203236 EA96
301104	1	16	5: 0x020022A8 B7
301118	1	16	57: 0x61DC69CD AB100010 00100010 00010001 00010001 007EF700 E30E0301 99100000 02000200 02000200 F0162E22 3D532D68 656C6C6F 20323609 0C
301120	16	1,2,3,4,5	5: 0x0200697F 4B
301141	16	1,2,3,4,5	66: 0x61DC23CD AB020002 00020002 00100010 00100010 007CD700 3F020100 01000100 01E30E03 00991000 00100010 00100010 00F0162E 223D532D 68656C6C 6F203236 95EF
301144	2	3,4,5,6,7,8,9,16	5: 0x02002321 A6
301332	10	3,4,5,7,8,9,11,13,14,15	57: 0x61DC10CD AB050005 00050005 000A000A 000A000A 007EF500 02010001 00010001 E1066304 00000204 F0223D16 2E530D68 656C6C6F 20323688 EC
301334	5	2,3,4,8,9,10,11,16	5: 0x02001039 A5
301360	5	2,3,4,8,9,10,11,16	66: 0x61DC97CD AB100010 00100010 00050005 00050005 007CD500 3F020A00 0A000A00 0A020100 01000100 01E10663 04000001 80F0223D 162E530D 68656C6C 6F203236 1EA6
301363	16	1,2,3,4,5	5: 0x0200978E 55
301382	16	1,2,3,4,5	58: 0x61DC24CD AB010001 00010001 00100010 00100010 007CD700 3E020A00 0A000A00 0AE10663 04000001 00F0223D 162E530D 68656C6C 6F203236 8D26
301384	1	16	5: 0x0200249E D2
301421	1	16	65: 0x61DC6ACD AB100010 00100010 00010001 00010001 007EF700 E3160302 99200000 05000500 0500050A 000A000A 000A0000 F0162E22 3D530D68 656C6C6F 2032367D 45
301424	16	1,2,3,4,5	5: 0x02006AE4 79
301452	16	1,2,3,4,5	74: 0x61DC25CD AB050005 00050005 00100010 00100010 007CD700 3F020100 01000100 01E31603 01992000 00100010 00100010 0A000A00 0A000A00 00F0162E 223D530D 68656C6C 6F203236 9484
301455	5	2,3,4,8,9,10,11,16	5: 0x02002517 C3
301471	5	2,3,4,8,9,10,11,16	74: 0x61DC98CD AB0A000A 000A000A 00050005 00050005 007CD700 3E020100 01000100 01E31603 00992000 00100010 00100010 05000500 05000500 00F0162E 223D530D 68656C6C 6F203236 B31E
301474	10	3,4,5,7,8,9,11,13,14,15	5: 0x02009879 AD
301883	13	6,7,8,9,10,12,14,15	57: 0x61DC6FCD AB080008 00080008 000D000D 000D000D 007EF500 02010001 00010001 E1066304 00000283 F0223D16 2E530368 656C6C6F 203234CF 74
301885	8	2,3,4,5,6,7,9,10,11,12,13,14,15	5: 0x02006F49 2E
301919	4	2,3,5,7,8,9,10,11,16	102: 0x61DC05CD AB020002 00020002 00040004 00040004 007A333A 9B01FEA8 00F00180 08F00000 FD000000 00000000 02010001 00010001 040E0008 0C000400 00800001 001E003C 081E4040 FFFFFFFF FFFFFFFF 00000000 FD000000 00000000 00000000 00000000 C684
301923	2	3,4,5,6,7,8,9,16	5: 0x02000515 E2
301964	8	2,3,4,5,6,7,9,10,11,12,13,14,15	66: 0x61DCB3CD AB050005 00050005 00080008 00080008 007CD500 3F020D00 0D000D00 0D020100 01000100 01E10663 04000002 00F0223D 162E5303 68656C6C 6F203234 2723
301967	5	2,3,4,8,9,10,11,16	5: 0x0200B3A8 32
302003	5	2,3,4,8,9,10,11,16	66: 0x61DC99CD AB100010 00100010 00050005 00050005 007CD500 3E020D00 0D000D00 0D020100 01000100 01E10663 04000001 80F0223D 162E5303 68656C6C 6F203234 895D
302006	16	1,2,3,4,5	5: 0x020099F0 BC
302019	16	1,2,3,4,5	58: 0x61DC26CD AB010001 00010001 00100010 00100010 007CD700 3D020D00 0D000D00 0DE10663 04000001 00F0223D 162E5303 68656C6C 6F203234 A087
302021	1	16	5: 0x0200268C F1
302040	1	16	73: 0x61DC6BCD AB100010 00100010 00010001 00010001 007EF700 E31E0303 99300000 05000500 05000508 00080008 00080D00 0D000D00 0D000000 F0162E22 3D530368 656C6C6F 20323479 24
302043	16	1,2,3,4,5	5: 0x02006B6D 68
302071	16	1,2,3,4,5	82: 0x61DC27CD AB050005 00050005 00100010 00100010 007CD700 3F020100 01000100 01E31E03 02993000 00100010 00100010 08000800 0800080D 000D000D 000D0000 00F0162E 223D5303 68656C6C 6F203234 DA2C
302074	5	2,3,4,8,9,10,11,16	5: 0x02002705 E0
302095	5	2,3,4,8,9,10,11,16	82: 0x61DC9ACD AB080008 00080008 00050005 00050005 007CD700 3E020100 01000100 01E31E03 01993000 00100010 00100010 05000500 0500050D 000D000D 000D0000 00F0162E 223D5303 68656C6C 6F203234 1FDE
302098	8	2,3,4,5,6,7,9,10,11,12,13,14,15	5: 0x02009A6B 8E
302111	8	2,3,4,5,6,7,9,10,11,12,13,14,15	82: 0x61DCB4CD AB0D000D 000D000D 00080008 00080008 007CD700 3D020100 01000100 01E31E03 00993000 00100010 00100010 05000500 05000508 00080008 00080000 00F0162E 223D5303 68656C6C 6F203234 E91C
302114	13	6,7,8,9,10,12,14,15	5: 0x0200B417 46
302859	5	2,3,4,8,9,10,11,16	57: 0x61DC9BCD AB100010 00100010 00050005 00050005 007EF500 02010001 00010001 E1066304 00000180 F0223D16 2E532068 656C6C6F 20323716 FB
302861	16	1,2,3,4,5	5: 0x02009BE2 9F
302884	16	1,2,3,4,5	58: 0x61DC28CD AB010001 00010001 00100010 00100010 007CD700 3F020500 05000500 05E10663 04000001 00F0223D 162E5320 68656C6C 6F203237 17D0
302886	1	16	5: 0x020028F2 18
302901	1	16	57: 0x61DC6CCD AB100010 00100010 00010001 00010001 007EF700 E30E0301 99100000 05000500 05000500 F0162E22 3D532068 656C6C6F 20323727 6C
302903	16	1,2,3,4,5	5: 0x02006CD2 1C
302927	16	1,2,3,4,5	66: 0x61DC29CD AB050005 00050005 00100010 00100010 007CD700 3F020100 01000100 01E30E03 00991000 00100010 00100010 00F0162E 223D5320 68656C6C 6F203237 7071
302930	5	2,3,4,8,9,10,11,16	5: 0x0200297B 09
304266	11	4,5,8,9,10,14,15	57: 0x61DC19CD AB050005 00050005 000B000B 000B000B 007EF500 02010001 00010001 E1066304 00000200 F0223D16 2E530968 656C6C6F 20323603 86
304268	5	2,3,4,8,9,10,11,16	5: 0x020019F8 38
304306	5	2,3,4,8,9,10,11,16	66: 0x61DC9CCD AB100010 00100010 00050005 00050005 007CD500 3F020B00 0B000B00 0B020100 01000100 01E10663 04000001 80F0223D 162E5309 68656C6C 6F203236 C0DD
304309	16	1,2,3,4,5	5: 0x02009C5D EB
304312	16	1,2,3,4,5	58: 0x61DC2ACD AB010001 00010001 00100010 00100010 007CD700 3E020B00 0B000B00 0BE10663 04000001 00F0223D 162E5309 68656C6C 6F203236 BC14
304314	1	16	5: 0x02002AE0 3B
304333	1	16	65: 0x61DC6DCD AB100010 00100010 00010001 00010001 007EF700 E3160302 99200000 05000500 0500050B 000B000B 000B0000 F0162E22 3D530968 656C6C6F 20323615 E1
304336	16	1,2,3,4,5	5: 0x02006D5B 0D
304377	16	1,2,3,4,5	74: 0x61DC2BCD AB050005 00050005 00100010 00100010 007CD700 3F020100 01000100 01E31603 01992000 00100010 00100010 0B000B00 0B000B00 00F0162E 223D5309 68656C6C 6F203236 72C7
304380	5	2,3,4,8,9,10,11,16	5: 0x02002B69 2A
304397	5	2,3,4,8,9,10,11,16	74: 0x61DC9DCD AB0B000B 000B000B 00050005 00050005 007CD700 3E020100 01000100 01E31603 00992000 00100010 00100010 05000500 05000500 00F0162E 223D5309 68656C6C 6F203236 4806
304400	11	4,5,8,9,10,14,15	5: 0x02009DD4 FA
304412	3	2,4,5,6,7,8,9,10,16	57: 0x61DCD0CD AB100010 00100010 00030003 00030003 007EF500 02010001 00010001 E1066304 00000180 F0223D16 2E532868 656C6C6F 203237B3 AC
304414	16	1,2,3,4,5	5: 0x0200D035 63
304453	16	1,2,3,4,5	58: 0x61DC2CCD AB010001 00010001 00100010 00100010 007CD700 3F020300 03000300 03E10663 04000001 00F0223D 162E5328 68656C6C 6F203237 AFF8
304455	1	16	5: 0x02002CD6 5E
304480	1	16	57: 0x61DC6ECD AB100010 00100010 00010001 00010001 007EF700 E30E0301 99100000 03000300 03000300 F0162E22 3D532868 656C6C6F 20323770 1F
304482	16	1,2,3,4,5	5: 0x02006EC0 3F
304509	16	1,2,3,4,5	66: 0x61DC2DCD AB030003 00030003 00100010 00100010 007CD700 3F020100 01000100 01E30E03 00991000 00100010 00100010 00F0162E 223D5328 68656C6C 6F203237 C952
304512	3	2,4,5,6,7,8,9,10,16	5: 0x02002D5F 4F
304556	4	2,3,5,7,8,9,10,11,16	57: 0x61DC06CD AB100010 00100010 00040004 00040004 007EF500 02010001 00010001 E1066304 00000180 F0223D16 2E532468 656C6C6F 2032374D A9
304558	16	1,2,3,4,5	5: 0x0200068E D0
304573	16	1,2,3,4,5	58: 0x61DC2ECD AB010001 00010001 00100010 00100010 007CD700 3F020400 04000400 04E10663 04000001 00F0223D 162E5324 68656C6C 6F203237 CC78
304575	1	16	5: 0x02002EC4 7D
304591	1	16	57: 0x61DC6FCD AB100010 00100010 00010001 00010001 007EF700 E30E0301 99100000 04000400 04000400 F0162E22 3D532468 656C6C6F 20323795 2A
304593	16	1,2,3,4,5	5: 0x02006F49 2E
304628	16	1,2,3,4,5	66: 0x61DC2FCD AB040004 00040004 00100010 00100010 007CD700 3F020100 01000100 01E30E03 00991000 00100010 00100010 00F0162E 223D5324 68656C6C 6F203237 EB74
304631	4	2,3,5,7,8,9,10,11,16	5: 0x02002F4D 6C
304659	14	7,8,9,10,11,12,13,15	57: 0x61DCB4CD AB080008 00080008 000E000E 000E000E 007EF500 02010001 00010001 E1066304 00000281 F0223D16 2E52FE68 656C6C6F 2032358E 59
304661	8	2,3,4,5,6,7,9,10,11,12,13,14,15	5: 0x0200B417 46
304701	8	2,3,4,5,6,7,9,10,11,12,13,14,15	66: 0x61DCB5CD AB050005 00050005 00080008 00080008 007CD500 3F020E00 0E000E00 0E020100 01000100 01E10663 04000002 00F0223D 162E52FE 68656C6C 6F203235 7B50
304704	5	2,3,4,8,9,10,11,16	5: 0x0200B59E 57
304735	5	2,3,4,8,9,10,11,16	66: 0x61DC9ECD AB100010 00100010 00050005 00050005 007CD500 3E020E00 0E000E00 0E020100 01000100 01E10663 04000001 80F0223D 162E52FE 68656C6C 6F203235 4551
304738	16	1,2,3,4,5	5: 0x02009E4F C8
304762	16	1,2,3,4,5	58: 0x61DC30CD AB010001 00010001 00100010 00100010 007CD700 3D020E00 0E000E00 0EE10663 04000001 00F0223D 162E52FE 68656C6C 6F203235 CCC6
304764	1	16	5: 0x0200303B 84
304807	1	16	73: 0x61DC70CD AB100010 00100010 00010001 00010001 007EF700 E31E0303 99300000 05000500 05000508 00080008 00080E00 0E000E00 0E000000 F0162E22 3D52FE68 656C6C6F 203235DA AE
304810	16	1,2,3,4,5	5: 0x0200703F C6
304821	16	1,2,3,4,5	82: 0x61DC31CD AB050005 00050005 00100010 00100010 007CD700 3F020100 01000100 01E31E03 02993000 00100010 00100010 08000800 0800080E 000E000E 000E0000 00F0162E 223D52FE 68656C6C 6F203235 E085
304824	5	2,3,4,8,9,10,11,16	5: 0x020031B2 95
304843	5	2,3,4,8,9,10,11,16	82: 0x61DC9FCD AB080008 00080008 00050005 00050005 007CD700 3E020100 01000100 01E31E03 01993000 00100010 00100010 05000500 0500050E 000E000E 000E0000 00F0162E 223D52FE 68656C6C 6F203235 E9A4
304846	8	2,3,4,5,6,7,9,10,11,12,13,14,15	5: 0x02009FC6 D9
304875	8	2,3,4,5,6,7,9,10,11,12,13,14,15	82: 0x61DCB6CD AB0E000E 000E000E 00080008 00080008 007CD700 3D020100 01000100 01E31E03 00993000 00100010 00100010 05000500 05000508 00080008 00080000 00F0162E 223D52FE 68656C6C 6F203235 9FD1
304878	14	7,8,9,10,11,12,13,15	5: 0x0200B605 65
304950	12	6,7,8,9,13,14,15	97: 0x41D85ACD ABFFFF0C 000C000C 000C007A 3B3A1A9B 01FEF300 F0028108 F00000FD 00000000 00000002 01000100 01000104 0E00080C 00040000 80000100 1E003C08 1E4040FF FFFFFFFF FFFFFF00 000000FD 00000000 00000000 00000000 000000E1 ED
306239	7	2,3,4,6,8,9,10,12,13,14	57: 0x61DCAACD AB020002 00020002 00070007 00070007 007EF500 02010001 00010001 E1066304 00000202 F0223D16 2E531A68 656C6C6F 203235C8 6B
306241	2	3,4,5,6,7,8,9,16	5: 0x0200AAE8 BF
306254	7	2,3,4,6,8,9,10,12,13,14	102: 0x61DCA9CD AB0E000E 000E000E 00070007 00070007 007A333A 9B01FDEA 00F00202 08F00000 FD000000 00000000 02010001 00010001 040E0008 0C000400 00800001 001E003C 081E4040 FFFFFFFF FFFFFFFF 00000000 FD000000 00000000 00000000 00000000 4F2C
306258	14	7,8,9,10,11,12,13,15	5: 0x0200A973 8D
306268	2	3,4,5,6,7,8,9,16	66: 0x61DC7ACD AB100010 00100010 00020002 00020002 007CD500 3F020700 07000700 07020100 01000100 01E10663 04000001 80F0223D 162E531A 68656C6C 6F203235 3C66
306271	16	1,2,3,4,5	5: 0x02007A65 69
306299	16	1,2,3,4,5	58: 0x61DC32CD AB010001 00010001 00100010 00100010 007CD700 3E020700 07000700 07E10663 04000001 00F0223D 162E531A 68656C6C 6F203235 959C
306301	1	16	5: 0x02003229 A7
306344	1	16	65: 0x61DC71CD AB100010 00100010 00010001 00010001 007EF700 E3160302 99200000 02000200 02000207 00070007 00070000 F0162E22 3D531A68 656C6C6F 203235BE 07
306347	16	1,2,3,4,5	5: 0x020071B6 D7
306363	16	1,2,3,4,5	74: 0x61DC33CD AB020002 00020002 00100010 00100010 007CD700 3F020100 01000100 01E31603 01992000 00100010 00100010 07000700 07000700 00F0162E 223D531A 68656C6C 6F203235 E25A
306366	2	3,4,5,6,7,8,9,16	5: 0x020033A0 B6
306383	2	3,4,5,6,7,8,9,16	74: 0x61DC7BCD AB070007 00070007 00020002 00020002 007CD700 3E020100 01000100 01E31603 00992000 00100010 00100010 02000200 02000200 00F0162E 223D531A 68656C6C 6F203235 4F54
306386	7	2,3,4,6,8,9,10,12,13,14	5: 0x02007BEC 78
306391	8	2,3,4,5,6,7,9,10,11,12,13,14,15	57: 0x61DCB7CD AB050005 00050005 00080008 00080008 007EF500 02010001 00010001 E1066304 00000200 F0223D16 2E531568 656C6C6F 20323685 27
306393	5	2,3,4,8,9,10,11,16	5: 0x0200B78C 74
306420	5	2,3,4,8,9,10,11,16	66: 0x61DCA0CD AB100010 00100010 00050005 00050005 007CD500 3F020800 08000800 08020100 01000100 01E10663 04000001 80F0223D 162E5315 68656C6C 6F203236 595B
306423	16	1,2,3,4,5	5: 0x0200A0B2 10
306439	16	1,2,3,4,5	58: 0x61DC34CD AB010001 00010001 00100010 00100010 007CD700 3E020800 08000800 08E10663 04000001 00F0223D 162E5315 68656C6C 6F203236 E46A
306441	1	16	5: 0x0200341F C2
306450	1	16	65: 0x61DC72CD AB100010 00100010 00010001 00010001 007EF700 E3160302 99200000 05000500 05000508 00080008 00080000 F0162E22 3D531568 656C6C6F 20323606 80
306453	16	1,2,3,4,5	5: 0x0200722D E5
306484	16	1,2,3,4,5	74: 0x61DC35CD AB050005 00050005 00100010 00100010 007CD700 3F020100 01000100 01E31603 01992000 00100010 00100010 08000800 08000800 00F0162E 223D5315 68656C6C 6F203236 326D
306487	5	2,3,4,8,9,10,11,16	5: 0x02003596 D3
306490	5	2,3,4,8,9,10,11,16	74: 0x61DCA1CD AB080008 00080008 00050005 00050005 007CD700 3E020100 01000100 01E31603 00992000 00100010 00100010 05000500 05000500 00F0162E 223D5315 68656C6C 6F203236 7C27
306493	8	2,3,4,5,6,7,9,10,11,12,13,14,15	5: 0x0200A13B 01
306528	5	2,3,4,8,9,10,11,16	102: 0x61DCA2CD AB040004 00040004 00050005 00050005 007A333A 9B01FE9C 00F00180 08F00000 FD000000 00000000 02010001 00010001 040E0008 0C000400 00800001 001E003C 081E4040 FFFFFFFF FFFFFFFF 00000000 FD000000 00000000 00000000 00000000 CFA9
306532	4	2,3,5,7,8,9,10,11,16	5: 0x0200A2A0 33
306951	12	6,7,8,9,13,14,15	57: 0x61DC5BCD AB080008 00080008 000C000C 000C000C 007EF500 02010001 00010001 E1066304 00000281 F0223D16 2E530668 656C6C6F 203235C5 CB
306953	8	2,3,4,5,6,7,9,10,11,12,13,14,15	5: 0x02005BEE 59
306968	8	2,3,4,5,6,7,9,10,11,12,13,14,15	66: 0x61DCB8CD AB050005 00050005 00080008 00080008 007CD500 3F020C00 0C000C00 0C020100 01000100 01E10663 04000002 00F0223D 162E5306 68656C6C 6F203235 8D04
306971	5	2,3,4,8,9,10,11,16	5: 0x0200B87B 8C
306976	5	2,3,4,8,9,10,11,16	66: 0x61DCA3CD AB100010 00100010 00050005 00050005 007CD500 3E020C00 0C000C00 0C020100 01000100 01E10663 04000001 80F0223D 162E5306 68656C6C 6F203235 3B4E
306979	16	1,2,3,4,5	5: 0x0200A329 22
307008	16	1,2,3,4,5	58: 0x61DC36CD AB010001 00010001 00100010 00100010 007CD700 3D020C00 0C000C00 0CE10663 04000001 00F0223D 162E5306 68656C6C 6F203235 0DA1
307010	1	16	5: 0x0200360D E1
307019	1	16	73: 0x61DC73CD AB100010 00100010 00010001 00010001 007EF700 E31E0303 99300000 05000500 05000508 00080008 00080C00 0C000C00 0C000000 F0162E22 3D530668 656C6C6F 203235F5 D1
307022	16	1,2,3,4,5	5: 0x020073A4 F4
307052	16	1,2,3,4,5	82: 0x61DC37CD AB050005 00050005 00100010 00100010 007CD700 3F020100 01000100 01E31E03 02993000 00100010 00100010 08000800 0800080C 000C000C 000C0000 00F0162E 223D5306 68656C6C 6F203235 F944
307055	5	2,3,4,8,9,10,11,16	5: 0x02003784 F0
307097	5	2,3,4,8,9,10,11,16	82: 0x61DCA4CD AB080008 00080008 00050005 00050005 007CD700 3E020100 01000100 01E31E03 01993000 00100010 00100010 05000500 0500050C 000C000C 000C0000 00F0162E 223D5306 68656C6C 6F203235 AF8C
307100	8	2,3,4,5,6,7,9,10,11,12,13,14,15	5: 0x0200A496 56
307143	8	2,3,4,5,6,7,9,10,11,12,13,14,15	82: 0x61DCB9CD AB0C000C 000C000C 00080008 00080008 007CD700 3D020100 01000100 01E31E03 00993000 00100010 00100010 05000500 05000508 00080008 00080000 00F0162E 223D5306 68656C6C 6F203235 8C25
307146	12	6,7,8,9,13,14,15	5: 0x0200B9F2 9D
307355	15	8,9,10,11,12,13,14	57: 0x61DCDECD AB080008 00080008 000F000F 000F000F 007EF500 02010001 00010001 E1066304 00000283 F0223D16 2E52FA68 656C6C6F 203235EA 9D
307357	8	2,3,4,5,6,7,9,10,11,12,13,14,15	5: 0x0200DE4B 8A
307369	8	2,3,4,5,6,7,9,10,11,12,13,14,15	66: 0x61DCBACD AB050005 00050005 00080008 00080008 007CD500 3F020F00 0F000F00 0F020100 01000100 01E10663 04000002 00F0223D 162E52FA 68656C6C 6F203235 F4DD
307372	5	2,3,4,8,9,10,11,16	5: 0x0200BA69 AF
307381	5	2,3,4,8,9,10,11,16	66: 0x61DCA5CD AB100010 00100010 00050005 00050005 007CD500 3E020F00 0F000F00 0F020100 01000100 01E10663 04000001 80F0223D 162E52FA 68656C6C 6F203235 1361
307384	16	1,2,3,4,5	5: 0x0200A51F 47
307388	16	1,2,3,4,5	58: 0x61DC38CD AB010001 00010001 00100010 00100010 007CD700 3D020F00 0F000F00 0FE10663 04000001 00F0223D 162E52FA 68656C6C 6F203235 3A1B
307390	1	16	5: 0x02003873 08
307427	1	16	73: 0x61DC74CD AB100010 00100010 00010001 00010001 007EF700 E31E0303 99300000 05000500 05000508 00080008 00080F00 0F000F00 0F000000 F0162E22 3D52FA68 656C6C6F 203235EB 8D
307430	16	1,2,3,4,5	5: 0x0200741B 80
307448	16	1,2,3,4,5	82: 0x61DC39CD AB050005 00050005 00100010 00100010 007CD700 3F020100 01000100 01E31E03 02993000 00100010 00100010 08000800 0800080F 000F000F 000F0000 00F0162E 223D52FA 68656C6C 6F203235 8806
307451	5	2,3,4,8,9,10,11,16	5: 0x020039FA 19
307460	5	2,3,4,8,9,10,11,16	82: 0x61DCA6CD AB080008 00080008 00050005 00050005 007CD700 3E020100 01000100 01E31E03 01993000 00100010 00100010 05000500 0500050F 000F000F 000F0000 00F0162E 223D52FA 68656C6C 6F203235 4911
307463	8	2,3,4,5,6,7,9,10,11,12,13,14,15	5: 0x0200A684 75
307500	8	2,3,4,5,6,7,9,10,11,12,13,14,15	82: 0x61DCBBCD AB0F000F 000F000F 00080008 00080008 007CD700 3D020100 01000100 01E31E03 00993000 00100010 00100010 05000500 05000508 00080008 00080000 00F0162E 223D52FA 68656C6C 6F203235 8EB4
307503	15	8,9,10,11,12,13,14	5: 0x0200BBE0 BE
307940	13	6,7,8,9,10,12,14,15	102: 0x61DC70CD AB0E000E 000E000E 000D000D 000D000D 007A333A 9B01FD52 00F00282 08F00000 FD000000 00000000 02010001 00010001 040E0008 0C000400 00800001 001E003C 081E4040 FFFFFFFF FFFFFFFF 00000000 FD000000 00000000 00000000 00000000 CC99
307944	14	7,8,9,10,11,12,13,15	5: 0x0200703F C6
308750	9	2,3,4,5,6,7,8,10,11,12,13,14,15	57: 0x61DC6FCD AB050005 00050005 00090009 00090009 007EF500 02010001 00010001 E1066304 00000200 F0223D16 2E531168 656C6C6F 203236F2 23
308752	5	2,3,4,8,9,10,11,16	5: 0x02006F49 2E
308757	5	2,3,4,8,9,10,11,16	66: 0x61DCA7CD AB100010 00100010 00050005 00050005 007CD500 3F020900 09000900 09020100 01000100 01E10663 04000001 80F0223D 162E5311 68656C6C 6F203236 6532
308760	16	1,2,3,4,5	5: 0x0200A70D 64
308763	16	1,2,3,4,5	58: 0x61DC3ACD AB010001 00010001 00100010 00100010 007CD700 3E020900 09000900 09E10663 04000001 00F0223D 162E5311 68656C6C 6F203236 D558
308765	1	16	5: 0x02003A61 2B
308781	1	16	65: 0x61DC75CD AB100010 00100010 00010001 00010001 007EF700 E3160302 99200000 05000500 05000509 00090009 00090000 F0162E22 3D531168 656C6C6F 2032366E 24
308784	16	1,2,3,4,5	5: 0x02007592 91
308822	16	1,2,3,4,5	74: 0x61DC3BCD AB050005 00050005 00100010 00100010 007CD700 3F020100 01000100 01E31603 01992000 00100010 00100010 09000900 09000900 00F0162E 223D5311 68656C6C 6F203236 D42E
308825	5	2,3,4,8,9,10,11,16	5: 0x02003BE8 3A
308832	5	2,3,4,8,9,10,11,16	74: 0x61DCA8CD AB090009 00090009 00050005 00050005 007CD700 3E020100 01000100 01E31603 00992000 00100010 00100010 05000500 05000500 00F0162E 223D5311 68656C6C 6F203236 79AE
308835	9	2,3,4,5,6,7,8,10,11,12,13,14,15	5: 0x0200A8FA 9C
310389	10	3,4,5,7,8,9,11,13,14,15	57: 0x61DC11CD AB050005 00050005 000A000A 000A000A 007EF500 02010001 00010001 E1066304 00000203 F0223D16 2E530C68 656C6C6F 203237DC C6
310391	5	2,3,4,8,9,10,11,16	5: 0x020011B0 B4
310402	5	2,3,4,8,9,10,11,16	66: 0x61DCA9CD AB100010 00100010 00050005 00050005 007CD500 3F020A00 0A000A00 0A020100 01000100 01E10663 04000001 80F0223D 162E530C 68656C6C 6F203237 205C
310405	16	1,2,3,4,5	5: 0x0200A973 8D
310411	16	1,2,3,4,5	58: 0x61DC3CCD AB010001 00010001 00100010 00100010 007CD700 3E020A00 0A000A00 0AE10663 04000001 00F0223D 162E530C 68656C6C 6F203237 D6DD
310413	1	16	5: 0x02003C57 4E
310433	1	16	65: 0x61DC76CD AB100010 00100010 00010001 00010001 007EF700 E3160302 99200000 05000500 0500050A 000A000A 000A0000 F0162E22 3D530C68 656C6C6F 2032378C 29
310436	16	1,2,3,4,5	5: 0x02007609 A3
310466	16	1,2,3,4,5	74: 0x61DC3DCD AB050005 00050005 00100010 00100010 007CD700 3F020100 01000100 01E31603 01992000 00100010 00100010 0A000A00 0A000A00 00F0162E 223D530C 68656C6C 6F203237 0DF3
310469	5	2,3,4,8,9,10,11,16	5: 0x02003DDE 5F
310494	5	2,3,4,8,9,10,11,16	74: 0x61DCAACD AB0A000A 000A000A 00050005 00050005 007CD700 3E020100 01000100 01E31603 00992000 00100010 00100010 05000500 05000500 00F0162E 223D530C 68656C6C 6F203237 482D
310497	10	3,4,5,7,8,9,11,13,14,15	5: 0x0200AAE8 BF
310499	6	2,3,7,8,9,12,13	57: 0x61DC07CD AB020002 00020002 00060006 00060006 007EF500 02010001 00010001 E1066304 00000205 F0223D16 2E531D68 656C6C6F 20323648 04
310501	2	3,4,5,6,7,8,9,16	5: 0x02000707 C1
310509	2	3,4,5,6,7,8,9,16	66: 0x61DC7CCD AB100010 00100010 00020002 00020002 007CD500 3F020600 06000600 06020100 01000100 01E10663 04000001 80F0223D 162E531D 68656C6C 6F203236 0C94
310512	16	1,2,3,4,5	5: 0x02007C53 0C
310533	16	1,2,3,4,5	58: 0x61DC3ECD AB010001 00010001 00100010 00100010 007CD700 3E020600 06000600 06E10663 04000001 00F0223D 162E531D 68656C6C 6F203236 8AE8
310535	1	16	5: 0x02003E45 6D
310564	1	16	65: 0x61DC77CD AB100010 00100010 00010001 00010001 007EF700 E3160302 99200000 02000200 02000206 00060006 00060000 F0162E22 3D531D68 656C6C6F 203236F6 30
310567	16	1,2,3,4,5	5: 0x02007780 B2
310595	16	1,2,3,4,5	74: 0x61DC3FCD AB020002 00020002 00100010 00100010 007CD700 3F020100 01000100 01E31603 01992000 00100010 00100010 06000600 06000600 00F0162E 223D531D 68656C6C 6F203236 CDC5
310598	2	3,4,5,6,7,8,9,16	5: 0x02003FCC 7C
310623	2	3,4,5,6,7,8,9,16	74: 0x61DC7DCD AB060006 00060006 00020002 00020002 007CD700 3E020100 01000100 01E31603 00992000 00100010 00100010 02000200 02000200 00F0162E 223D531D 68656C6C 6F203236 5F08
310626	6	2,3,7,8,9,12,13	5: 0x02007DDA 1D
310933	2	3,4,5,6,7,8,9,16	57: 0x61DC7ECD AB100010 00100010 00020002 00020002 007EF500 02010001 00010001 E1066304 00000180 F0223D16 2E532C68 656C6C6F 20323758 D1
310935	16	1,2,3,4,5	5: 0x02007E41 2F
310958	16	1,2,3,4,5	58: 0x61DC40CD AB010001 00010001 00100010 00100010 007CD700 3F020200 02000200 02E10663 04000001 00F0223D 162E532C 68656C6C 6F203237 B2E4
310960	1	16	5: 0x020040BC F7
310976	1	16	57: 0x61DC78CD AB100010 00100010 00010001 00010001 007EF700 E30E0301 99100000 02000200 02000200 F0162E22 3D532C68 656C6C6F 203237E2 B2
310978	16	1,2,3,4,5	5: 0x02007877 4A
310996	16	1,2,3,4,5	66: 0x61DC41CD AB020002 00020002 00100010 00100010 007CD700 3F020100 01000100 01E30E03 00991000 00100010 00100010 00F0162E 223D532C 68656C6C 6F203237 D1DB
310999	2	3,4,5,6,7,8,9,16	5: 0x02004135 E6
312268	13	6,7,8,9,10,12,14,15	57: 0x61DC71CD AB080008 00080008 000D000D 000D000D 007EF500 02010001 00010001 E1066304 00000282 F0223D16 2E530268 656C6C6F 20323541 1A
312270	8	2,3,4,5,6,7,9,10,11,12,13,14,15	5: 0x020071B6 D7
312312	8	2,3,4,5,6,7,9,10,11,12,13,14,15	66: 0x61DCBCCD AB050005 00050005 00080008 00080008 007CD500 3F020D00 0D000D00 0D020100 01000100 01E10663 04000002 00F0223D 162E5302 68656C6C 6F203235 01ED
312315	5	2,3,4,8,9,10,11,16	5: 0x0200BC5F CA
312318	5	2,3,4,8,9,10,11,16	66: 0x61DCABCD AB100010 00100010 00050005 00050005 007CD500 3E020D00 0D000D00 0D020100 01000100 01E10663 04000001 80F0223D 162E5302 68656C6C 6F203235 55B5
312321	16	1,2,3,4,5	5: 0x0200AB61 AE
312347	16	1,2,3,4,5	58: 0x61DC42CD AB010001 00010001 00100010 00100010 007CD700 3D020D00 0D000D00 0DE10663 04000001 00F0223D 162E5302 68656C6C 6F203235 3F1A
312349	1	16	5: 0x020042AE D4
312392	1	16	73: 0x61DC79CD AB100010 00100010 00010001 00010001 007EF700 E31E0303 99300000 05000500 05000508 00080008 00080D00 0D000D00 0D000000 F0162E22 3D530268 656C6C6F 203235A8 33
312395	16	1,2,3,4,5	5: 0x020079FE 5B
312399	16	1,2,3,4,5	82: 0x61DC43CD AB050005 00050005 00100010 00100010 007CD700 3F020100 01000100 01E31E03 02993000 00100010 00100010 08000800 0800080D 000D000D 000D0000 00F0162E 223D5302 68656C6C 6F203235 FDF6
312402	5	2,3,4,8,9,10,11,16	5: 0x02004327 C5
312432	5	2,3,4,8,9,10,11,16	82: 0x61DCACCD AB080008 00080008 00050005 00050005 007CD700 3E020100 01000100 01E31E03 01993000 00100010 00100010 05000500 0500050D 000D000D 000D0000 00F0162E 223D5302 68656C6C 6F203235 C70F
312435	8	2,3,4,5,6,7,9,10,11,12,13,14,15	5: 0x0200ACDE DA
312451	8	2,3,4,5,6,7,9,10,11,12,13,14,15	82: 0x61DCBDCD AB0D000D 000D000D 00080008 00080008 007CD700 3D020100 01000100 01E31E03 00993000 00100010 00100010 05000500 05000508 00080008 00080000 00F0162E 223D5302 68656C6C 6F203235 2085
312454	13	6,7,8,9,10,12,14,15	5: 0x0200BDD6 DB
313466	5	2,3,4,8,9,10,11,16	57: 0x61DCADCD AB100010 00100010 00050005 00050005 007EF500 02010001 00010001 E1066304 00000180 F0223D16 2E531F68 656C6C6F 20323808 7F
313468	16	1,2,3,4,5	5: 0x0200AD57 CB
313475	16	1,2,3,4,5	58: 0x61DC44CD AB010001 00010001 00100010 00100010 007CD700 3F020500 05000500 05E10663 04000001 00F0223D 162E531F 68656C6C 6F203238 64ED
313477	1	16	5: 0x02004498 B1
313516	1	16	57: 0x61DC7ACD AB100010 00100010 00010001 00010001 007EF700 E30E0301 99100000 05000500 05000500 F0162E22 3D531F68 656C6C6F 203238C1 A5
313518	16	1,2,3,4,5	5: 0x02007A65 69
313553	16	1,2,3,4,5	66: 0x61DC45CD AB050005 00050005 00100010 00100010 007CD700 3F020100 01000100 01E30E03 00991000 00100010 00100010 00F0162E 223D531F 68656C6C 6F203238 F092
313556	5	2,3,4,8,9,10,11,16	5: 0x02004511 A0
313914	9	2,3,4,5,6,7,8,10,11,12,13,14,15	102: 0x61DC70CD AB020002 00020002 00090009 00090009 007A333A 9B01FE14 00F00200 08F00000 FD000000 00000000 02010001 00010001 040E0008 0C000400 00800001 001E003C 081E4040 FFFFFFFF FFFFFFFF 00000000 FD000000 00000000 00000000 00000000 0428
313918	2	3,4,5,6,7,8,9,16	5: 0x0200703F C6
314192	14	7,8,9,10,11,12,13,15	57: 0x61DCB5CD AB080008 00080008 000E000E 000E000E 007EF500 02010001 00010001 E1066304 00000280 F0223D16 2E52FD68 656C6C6F 20323661 F7
314194	8	2,3,4,5,6,7,9,10,11,12,13,14,15	5: 0x0200B59E 57
314220	8	2,3,4,5,6,7,9,10,11,12,13,14,15	66: 0x61DCBECD AB050005 00050005 00080008 00080008 007CD500 3F020E00 0E000E00 0E020100 01000100 01E10663 04000002 00F0223D 162E52FD 68656C6C 6F203236 E4D0
314223	5	2,3,4,8,9,10,11,16	5: 0x0200BE4D E9
314249	5	2,3,4,8,9,10,11,16	66: 0x61DCAECD AB100010 00100010 00050005 00050005 007CD500 3E020E00 0E000E00 0E020100 01000100 01E10663 04000001 80F0223D 162E52FD 68656C6C 6F203236 51FE
314252	16	1,2,3,4,5	5: 0x0200AECC F9
314268	16	1,2,3,4,5	58: 0x61DC46CD AB010001 00010001 00100010 00100010 007CD700 3D020E00 0E000E00 0EE10663 04000001 00F0223D 162E52FD 68656C6C 6F203236 CC7C
314270	1	16	5: 0x0200468A 92
314289	3	2,4,5,6,7,8,9,10,16	57: 0x61DCD1CD AB100010 00100010 00030003 00030003 007EF500 02010001 00010001 E1066304 00000180 F0223D16 2E532768 656C6C6F 2032380F 06
314291	16	1,2,3,4,5	5: 0x0200D1BC 72
314294	16	1,2,3,4,5	58: 0x61DC47CD AB010001 00010001 00100010 00100010 007CD700 3F020300 03000300 03E10663 04000001 00F0223D 162E5327 68656C6C 6F203238 EF73
314297	1	16	5: 0x02004703 83
314306	1	16	73: 0x61DC7BCD AB100010 00100010 00010001 00010001 007EF700 E31E0303 99300000 05000500 05000508 00080008 00080E00 0E000E00 0E000000 F0162E22 3D52FD68 656C6C6F 20323635 75
314309	16	1,2,3,4,5	5: 0x02007BEC 78
314322	1	16	57: 0x61DC7CCD AB100010 00100010 00010001 00010001 007EF700 E30E0301 99100000 03000300 03000300 F0162E22 3D532768 656C6C6F 20323884 D7
314324	16	1,2,3,4,5	5: 0x02007C53 0C
314338	16	1,2,3,4,5	82: 0x61DC48CD AB050005 00050005 00100010 00100010 007CD700 3F020100 01000100 01E31E03 02993000 00100010 00100010 08000800 0800080E 000E000E 000E0000 00F0162E 223D52FD 68656C6C 6F203236 3A4A
314341	5	2,3,4,8,9,10,11,16	5: 0x020048F4 7B
314344	16	1,2,3,4,5	66: 0x61DC49CD AB030003 00030003 00100010 00100010 007CD700 3F020100 01000100 01E30E03 00991000 00100010 00100010 00F0162E 223D5327 68656C6C 6F203238 575D
314347	3	2,4,5,6,7,8,9,10,16	5: 0x0200497D 6A
314356	5	2,3,4,8,9,10,11,16	82: 0x61DCAFCD AB080008 00080008 00050005 00050005 007CD700 3E020100 01000100 01E31E03 01993000 00100010 00100010 05000500 0500050E 000E000E 000E0000 00F0162E 223D52FD 68656C6C 6F203236 1A26
314359	8	2,3,4,5,6,7,9,10,11,12,13,14,15	5: 0x0200AF45 E8
314381	8	2,3,4,5,6,7,9,10,11,12,13,14,15	82: 0x61DCBFCD AB0E000E 000E000E 00080008 00080008 007CD700 3D020100 01000100 01E31E03 00993000 00100010 00100010 05000500 05000508 00080008 00080000 00F0162E 223D52FD 68656C6C 6F203236 BEF0
314384	14	7,8,9,10,11,12,13,15	5: 0x0200BFC4 F8
315132	11	4,5,8,9,10,14,15	57: 0x61DC1ACD AB050005 00050005 000B000B 000B000B 007EF500 02010001 00010001 E1066304 00000200 F0223D16 2E530868 656C6C6F 203237C3 9E
315134	5	2,3,4,8,9,10,11,16	5: 0x02001A63 0A
315143	5	2,3,4,8,9,10,11,16	66: 0x61DCB0CD AB100010 00100010 00050005 00050005 007CD500 3F020B00 0B000B00 0B020100 01000100 01E10663 04000001 80F0223D 162E5308 68656C6C 6F203237 A919
315146	16	1,2,3,4,5	5: 0x0200B033 00
315176	16	1,2,3,4,5	58: 0x61DC4ACD AB010001 00010001 00100010 00100010 007CD700 3E020B00 0B000B00 0BE10663 04000001 00F0223D 162E5308 68656C6C 6F203237 56C4
315178	1	16	5: 0x02004AE6 58
315220	1	16	65: 0x61DC7DCD AB100010 00100010 00010001 00010001 007EF700 E3160302 99200000 05000500 0500050B 000B000B 000B0000 F0162E22 3D530868 656C6C6F 203237D6 FE
315223	16	1,2,3,4,5	5: 0x02007DDA 1D
315239	16	1,2,3,4,5	74: 0x61DC4BCD AB050005 00050005 00100010 00100010 007CD700 3F020100 01000100 01E31603 01992000 00100010 00100010 0B000B00 0B000B00 00F0162E 223D5308 68656C6C 6F203237 B234
315242	5	2,3,4,8,9,10,11,16	5: 0x02004B6F 49
315246	5	2,3,4,8,9,10,11,16	74: 0x61DCB1CD AB0B000B 000B000B 00050005 00050005 007CD700 3E020100 01000100 01E31603 00992000 00100010 00100010 05000500 05000500 00F0162E 223D5308 68656C6C 6F203237 A156
315249	11	4,5,8,9,10,14,15	5: 0x0200B1BA 11
315360	4	2,3,5,7,8,9,10,11,16	57: 0x61DC07CD AB100010 00100010 00040004 00040004 007EF500 02010001 00010001 E1066304 00000180 F0223D16 2E532368 656C6C6F 2032383B 7C
315362	16	1,2,3,4,5	5: 0x02000707 C1
315365	16	1,2,3,4,5	58: 0x61DC4CCD AB010001 00010001 00100010 00100010 007CD700 3F020400 04000400 04E10663 04000001 00F0223D 162E5323 68656C6C 6F203238 F547
315368	1	16	5: 0x02004CD0 3D
315378	1	16	57: 0x61DC7ECD AB100010 00100010 00010001 00010001 007EF700 E30E0301 99100000 04000400 04000400 F0162E22 3D532368 656C6C6F 2032381F D9
315380	16	1,2,3,4,5	5: 0x02007E41 2F
315408	16	1,2,3,4,5	66: 0x61DC4DCD AB040004 00040004 00100010 00100010 007CD700 3F020100 01000100 01E30E03 00991000 00100010 00100010 00F0162E 223D5323 68656C6C 6F203238 CE0D
315411	4	2,3,5,7,8,9,10,11,16	5: 0x02004D59 2C
315605	7	2,3,4,6,8,9,10,12,13,14	57: 0x61DCABCD AB020002 00020002 00070007 00070007 007EF500 02010001 00010001 E1066304 00000201 F0223D16 2E531968 656C6C6F 20323616 D1
315607	2	3,4,5,6,7,8,9,16	5: 0x0200AB61 AE
315635	2	3,4,5,6,7,8,9,16	66: 0x61DC7FCD AB100010 00100010 00020002 00020002 007CD500 3F020700 07000700 07020100 01000100 01E10663 04000001 80F0223D 162E5319 68656C6C 6F203236 610B
315638	16	1,2,3,4,5	5: 0x02007FC8 3E
315648	16	1,2,3,4,5	58: 0x61DC4ECD AB010001 00010001 00100010 00100010 007CD700 3E020700 07000700 07E10663 04000001 00F0223D 162E5319 68656C6C 6F203236 CD1E
315650	1	16	5: 0x02004EC2 1E
315690	1	16	65: 0x61DC7FCD AB100010 00100010 00010001 00010001 007EF700 E3160302 99200000 02000200 02000207 00070007 00070000 F0162E22 3D531968 656C6C6F 20323668 7F
315693	16	1,2,3,4,5	5: 0x02007FC8 3E
315701	16	1,2,3,4,5	74: 0x61DC4FCD AB020002 00020002 00100010 00100010 007CD700 3F020100 01000100 01E31603 01992000 00100010 00100010 07000700 07000700 00F0162E 223D5319 68656C6C 6F203236 8D4A
315704	2	3,4,5,6,7,8,9,16	5: 0x02004F4B 0F
315714	2	3,4,5,6,7,8,9,16	74: 0x61DC80CD AB070007 00070007 00020002 00020002 007CD700 3E020100 01000100 01E31603 00992000 00100010 00100010 02000200 02000200 00F0162E 223D5319 68656C6C 6F203236 53F1
315717	7	2,3,4,6,8,9,10,12,13,14	5: 0x020080B0 31
317072	12	6,7,8,9,13,14,15	57: 0x61DC5CCD AB080008 00080008 000C000C 000C000C 007EF500 02010001 00010001 E1066304 00000280 F0223D16 2E530568 656C6C6F 20323642 EC
317074	8	2,3,4,5,6,7,9,10,11,12,13,14,15	5: 0x02005C51 2D
317106	8	2,3,4,5,6,7,9,10,11,12,13,14,15	57: 0x61DCC0CD AB050005 00050005 00080008 00080008 007EF500 02010001 00010001 E1066304 00000200 F0223D16 2E531468 656C6C6F 2032370E C6
317108	5	2,3,4,8,9,10,11,16	5: 0x0200C0B4 73
317120	8	2,3,4,5,6,7,9,10,11,12,13,14,15	66: 0x61DCC1CD AB050005 00050005 00080008 00080008 007CD500 3F020C00 0C000C00 0C020100 01000100 01E10663 04000002 00F0223D 162E5305 68656C6C 6F203236 552D
317123	5	2,3,4,8,9,10,11,16	5: 0x0200C13D 62
317139	5	2,3,4,8,9,10,11,16	66: 0x61DCB2CD AB100010 00100010 00050005 00050005 007CD500 3F020800 08000800 08020100 01000100 01E10663 04000001 80F0223D 162E5314 68656C6C 6F203237 7A39
317142	16	1,2,3,4,5	5: 0x0200B221 23
317153	16	1,2,3,4,5	58: 0x61DC50CD AB010001 00010001 00100010 00100010 007CD700 3E020800 08000800 08E10663 04000001 00F0223D 162E5314 68656C6C 6F203237 7BF7
317155	1	16	5: 0x0200503D E7
317158	5	2,3,4,8,9,10,11,16	66: 0x61DCB3CD AB100010 00100010 00050005 00050005 007CD500 3E020C00 0C000C00 0C020100 01000100 01E10663 04000001 80F0223D 162E5305 68656C6C 6F203236 D06B
317161	16	1,2,3,4,5	5: 0x0200B3A8 32
317164	16	1,2,3,4,5	58: 0x61DC51CD AB010001 00010001 00100010 00100010 007CD700 3D020C00 0C000C00 0CE10663 04000001 00F0223D 162E5305 68656C6C 6F203236 9177
317166	1	16	5: 0x020051B4 F6
317190	1	16	65: 0x61DC80CD AB100010 00100010 00010001 00010001 007EF700 E3160302 99200000 05000500 05000508 00080008 00080000 F0162E22 3D531468 656C6C6F 20323784 FC
317193	16	1,2,3,4,5	5: 0x020080B0 31
317218	16	1,2,3,4,5	74: 0x61DC52CD AB050005 00050005 00100010 00100010 007CD700 3F020100 01000100 01E31603 01992000 00100010 00100010 08000800 08000800 00F0162E 223D5314 68656C6C 6F203237 2F4E
317221	5	2,3,4,8,9,10,11,16	5: 0x0200522F C4
317227	1	16	73: 0x61DC81CD AB100010 00100010 00010001 00010001 007EF700 E31E0303 99300000 05000500 05000508 00080008 00080C00 0C000C00 0C000000 F0162E22 3D530568 656C6C6F 203236C0 08
317230	5	2,3,4,8,9,10,11,16	74: 0x61DCB4CD AB080008 00080008 00050005 00050005 007CD700 3E020100 01000100 01E31603 00992000 00100010 00100010 05000500 05000500 00F0162E 223D5314 68656C6C 6F203237 3959
317233	8	2,3,4,5,6,7,9,10,11,12,13,14,15	5: 0x0200B417 46
317251	16	1,2,3,4,5	82: 0x61DC53CD AB050005 00050005 00100010 00100010 007CD700 3F020100 01000100 01E31E03 02993000 00100010 00100010 08000800 0800080C 000C000C 000C0000 00F0162E 223D5305 68656C6C 6F203236 3626
317254	5	2,3,4,8,9,10,11,16	5: 0x020053A6 D5
317266	1	16	73: 0x61DC81CD AB100010 00100010 00010001 00010001 007EF700 E31E0303 99300000 05000500 05000508 00080008 00080C00 0C000C00 0C000000 F0162E22 3D530568 656C6C6F 203236C0 08
317269	16	1,2,3,4,5	5: 0x02008139 20
317282	5	2,3,4,8,9,10,11,16	82: 0x61DCB5CD AB080008 00080008 00050005 00050005 007CD700 3E020100 01000100 01E31E03 01993000 00100010 00100010 05000500 0500050C 000C000C 000C0000 00F0162E 223D5305 68656C6C 6F203236 B11A
317285	8	2,3,4,5,6,7,9,10,11,12,13,14,15	5: 0x0200B59E 57
317313	8	2,3,4,5,6,7,9,10,11,12,13,14,15	82: 0x61DCC2CD AB0C000C 000C000C 00080008 00080008 007CD700 3D020100 01000100 01E31E03 00993000 00100010 00100010 05000500 05000508 00080008 00080000 00F0162E 223D5305 68656C6C 6F203236 184B
317316	12	6,7,8,9,13,14,15	5: 0x0200C2A6 50
318264	15	8,9,10,11,12,13,14	57: 0x61DCDFCD AB080008 00080008 000F000F 000F000F 007EF500 02010001 00010001 E1066304 00000282 F0223D16 2E52F968 656C6C6F 20323605 33
318266	8	2,3,4,5,6,7,9,10,11,12,13,14,15	5: 0x0200DFC2 9B
318309	8	2,3,4,5,6,7,9,10,11,12,13,14,15	66: 0x61DCC3CD AB050005 00050005 00080008 00080008 007CD500 3F020F00 0F000F00 0F020100 01000100 01E10663 04000002 00F0223D 162E52F9 68656C6C 6F203236 2CF4
318312	5	2,3,4,8,9,10,11,16	5: 0x0200C32F 41
318320	5	2,3,4,8,9,10,11,16	66: 0x61DCB6CD AB100010 00100010 00050005 00050005 007CD500 3E020F00 0F000F00 0F020100 01000100 01E10663 04000001 80F0223D 162E52F9 68656C6C 6F203236 48C4
318323	16	1,2,3,4,5	5: 0x0200B605 65
318338	16	1,2,3,4,5	58: 0x61DC54CD AB010001 00010001 00100010 00100010 007CD700 3D020F00 0F000F00 0FE10663 04000001 00F0223D 162E52F9 68656C6C 6F203236 A7A4
318340	1	16	5: 0x02005419 A1
318350	1	16	73: 0x61DC82CD AB100010 00100010 00010001 00010001 007EF700 E31E0303 99300000 05000500 05000508 00080008 00080F00 0F000F00 0F000000 F0162E22 3D52F968 656C6C6F 2032369D 61
318353	16	1,2,3,4,5	5: 0x020082A2 12
318390	16	1,2,3,4,5	82: 0x61DC55CD AB050005 00050005 00100010 00100010 007CD700 3F020100 01000100 01E31E03 02993000 00100010 00100010 08000800 0800080F 000F000F 000F0000 00F0162E 223D52F9 68656C6C 6F203236 5DF1
318393	5	2,3,4,8,9,10,11,16	5: 0x02005590 B0
318410	5	2,3,4,8,9,10,11,16	82: 0x61DCB7CD AB080008 00080008 00050005 00050005 007CD700 3E020100 01000100 01E31E03 01993000 00100010 00100010 05000500 0500050F 000F000F 000F0000 00F0162E 223D52F9 68656C6C 6F203236 5787
318413	8	2,3,4,5,6,7,9,10,11,12,13,14,15	5: 0x0200B78C 74
318419	8	2,3,4,5,6,7,9,10,11,12,13,14,15	82: 0x61DCC4CD AB0F000F 000F000F 00080008 00080008 007CD700 3D020100 01000100 01E31E03 00993000 00100010 00100010 05000500 05000508 00080008 00080000 00F0162E 223D52F9 68656C6C 6F203236 9790
318422	15	8,9,10,11,12,13,14	5: 0x0200C490 35
319638	9	2,3,4,5,6,7,8,10,11,12,13,14,15	57: 0x61DC71CD AB050005 00050005 00090009 00090009 007EF500 02010001 00010001 E1066304 00000200 F0223D16 2E531068 656C6C6F 2032376C C3
319640	5	2,3,4,8,9,10,11,16	5: 0x020071B6 D7
319676	5	2,3,4,8,9,10,11,16	66: 0x61DCB8CD AB100010 00100010 00050005 00050005 007CD500 3F020900 09000900 09020100 01000100 01E10663 04000001 80F0223D 162E5310 68656C6C 6F203237 343D
319679	16	1,2,3,4,5	5: 0x0200B87B 8C
319718	16	1,2,3,4,5	58: 0x61DC56CD AB010001 00010001 00100010 00100010 007CD700 3E020900 09000900 09E10663 04000001 00F0223D 162E5310 68656C6C 6F203237 A05F
319720	1	16	5: 0x0200560B 82
319723	1	16	65: 0x61DC83CD AB100010 00100010 00010001 00010001 007EF700 E3160302 99200000 05000500 05000509 00090009 00090000 F0162E22 3D531068 656C6C6F 2032370D 8E
319726	16	1,2,3,4,5	5: 0x0200832B 03
319743	16	1,2,3,4,5	74: 0x61DC57CD AB050005 00050005 00100010 00100010 007CD700 3F020100 01000100 01E31603 01992000 00100010 00100010 09000900 09000900 00F0162E 223D5310 68656C6C 6F203237 EA4C
319746	5	2,3,4,8,9,10,11,16	5: 0x02005782 93
319784	5	2,3,4,8,9,10,11,16	74: 0x61DCB9CD AB090009 00090009 00050005 00050005 007CD700 3E020100 01000100 01E31603 00992000 00100010 00100010 05000500 05000500 00F0162E 223D5310 68656C6C 6F203237 96A0
319787	9	2,3,4,5,6,7,8,10,11,12,13,14,15	5: 0x0200B9F2 9D
320242	6	2,3,7,8,9,12,13	57: 0x61DC08CD AB020002 00020002 00060006 00060006 007EF500 02010001 00010001 E1066304 00000204 F0223D16 2E531C68 656C6C6F 20323759 88
320244	2	3,4,5,6,7,8,9,16	5: 0x020008F0 39
320261	2	3,4,5,6,7,8,9,16	66: 0x61DC81CD AB100010 00100010 00020002 00020002 007CD500 3F020600 06000600 06020100 01000100 01E10663 04000001 80F0223D 162E531C 68656C6C 6F203237 B3C8
320264	16	1,2,3,4,5	5: 0x02008139 20
320305	16	1,2,3,4,5	58: 0x61DC58CD AB010001 00010001 00100010 00100010 007CD700 3E020600 06000600 06E10663 04000001 00F0223D 162E531C 68656C6C 6F203237 A7D7
320307	1	16	5: 0x02005875 6B
320348	1	16	65: 0x61DC84CD AB100010 00100010 00010001 00010001 007EF700 E3160302 99200000 02000200 02000206 00060006 00060000 F0162E22 3D531C68 656C6C6F 203237C8 3B
320351	16	1,2,3,4,5	5: 0x02008494 77
320373	16	1,2,3,4,5	74: 0x61DC59CD AB020002 00020002 00100010 00100010 007CD700 3F020100 01000100 01E31603 01992000 00100010 00100010 06000600 06000600 00F0162E 223D531C 68656C6C 6F203237 F27E
320376	2	3,4,5,6,7,8,9,16	5: 0x020059FC 7A
320384	2	3,4,5,6,7,8,9,16	74: 0x61DC82CD AB060006 00060006 00020002 00020002 007CD700 3E020100 01000100 01E31603 00992000 00100010 00100010 02000200 02000200 00F0162E 223D531C 68656C6C 6F203237 0165
320387	6	2,3,7,8,9,12,13	5: 0x020082A2 12
321090	10	3,4,5,7,8,9,11,13,14,15	57: 0x61DC12CD AB050005 00050005 000A000A 000A000A 007EF500 02010001 00010001 E1066304 00000202 F0223D16 2E530B68 656C6C6F 2032386D 1D
321092	5	2,3,4,8,9,10,11,16	5: 0x0200122B 86
321128	5	2,3,4,8,9,10,11,16	66: 0x61DCBACD AB100010 00100010 00050005 00050005 007CD500 3F020A00 0A000A00 0A020100 01000100 01E10663 04000001 80F0223D 162E530B 68656C6C 6F203238 F20C
321131	16	1,2,3,4,5	5: 0x0200BA69 AF
321159	16	1,2,3,4,5	58: 0x61DC5ACD AB010001 00010001 00100010 00100010 007CD700 3E020A00 0A000A00 0AE10663 04000001 00F0223D 162E530B 68656C6C 6F203238 9AAF
321161	1	16	5: 0x02005A67 48
321164	1	16	65: 0x61DC85CD AB100010 00100010 00010001 00010001 007EF700 E3160302 99200000 05000500 0500050A 000A000A 000A0000 F0162E22 3D530B68 656C6C6F 203238D3 6F
321167	16	1,2,3,4,5	5: 0x0200851D 66
321174	16	1,2,3,4,5	74: 0x61DC5BCD AB050005 00050005 00100010 00100010 007CD700 3F020100 01000100 01E31603 01992000 00100010 00100010 0A000A00 0A000A00 00F0162E 223D530B 68656C6C 6F203238 5305
321177	5	2,3,4,8,9,10,11,16	5: 0x02005BEE 59
321192	5	2,3,4,8,9,10,11,16	74: 0x61DCBBCD AB0A000A 000A000A 00050005 00050005 007CD700 3E020100 01000100 01E31603 00992000 00100010 00100010 05000500 05000500 00F0162E 223D530B 68656C6C 6F203238 C66E
321195	10	3,4,5,7,8,9,11,13,14,15	5: 0x0200BBE0 BE
321530	2	3,4,5,6,7,8,9,16	57: 0x61DC83CD AB100010 00100010 00020002 00020002 007EF500 02010001 00010001 E1066304 00000180 F0223D16 2E532B68 656C6C6F 203238EA D1
321532	16	1,2,3,4,5	5: 0x0200832B 03
321555	16	1,2,3,4,5	58: 0x61DC5CCD AB010001 00010001 00100010 00100010 007CD700 3F020200 02000200 02E10663 04000001 00F0223D 162E532B 68656C6C 6F203238 FD1F
321557	1	16	5: 0x02005C51 2D
321587	1	16	57: 0x61DC86CD AB100010 00100010 00010001 00010001 007EF700 E30E0301 99100000 02000200 02000200 F0162E22 3D532B68 656C6C6F 203238E4 F6
321589	16	1,2,3,4,5	5: 0x02008686 54
321595	16	1,2,3,4,5	66: 0x61DC5DCD AB020002 00020002 00100010 00100010 007CD700 3F020100 01000100 01E30E03 00991000 00100010 00100010 00F0162E 223D532B 68656C6C 6F203238 5119
321598	2	3,4,5,6,7,8,9,16	5: 0x02005DD8 3C
321946	13	6,7,8,9,10,12,14,15	57: 0x61DC72CD AB080008 00080008 000D000D 000D000D 007EF500 02010001 00010001 E1066304 00000281 F0223D16 2E530168 656C6C6F 20323648 20
321948	8	2,3,4,5,6,7,9,10,11,12,13,14,15	5: 0x0200722D E5
321983	8	2,3,4,5,6,7,9,10,11,12,13,14,15	66: 0x61DCC5CD AB050005 00050005 00080008 00080008 007CD500 3F020D00 0D000D00 0D020100 01000100 01E10663 04000002 00F0223D 162E5301 68656C6C 6F203236 D9C4
321986	5	2,3,4,8,9,10,11,16	5: 0x0200C519 24
322018	5	2,3,4,8,9,10,11,16	66: 0x61DCBCCD AB100010 00100010 00050005 00050005 007CD500 3E020D00 0D000D00 0D020100 01000100 01E10663 04000001 80F0223D 162E5301 68656C6C 6F203236 5FE6
322021	16	1,2,3,4,5	5: 0x0200BC5F CA
322043	16	1,2,3,4,5	58: 0x61DC5ECD AB010001 00010001 00100010 00100010 007CD700 3D020D00 0D000D00 0DE10663 04000001 00F0223D 162E5301 68656C6C 6F203236 F914
322045	1	16	5: 0x02005E43 0E
322048	1	16	73: 0x61DC87CD AB100010 00100010 00010001 00010001 007EF700 E31E0303 99300000 05000500 05000508 00080008 00080D00 0D000D00 0D000000 F0162E22 3D530168 656C6C6F 20323658 B5
322052	16	1,2,3,4,5	5: 0x0200870F 45
322092	16	1,2,3,4,5	82: 0x61DC5FCD AB050005 00050005 00100010 00100010 007CD700 3F020100 01000100 01E31E03 02993000 00100010 00100010 08000800 0800080D 000D000D 000D0000 00F0162E 223D5301 68656C6C 6F203236 D3EF
322095	5	2,3,4,8,9,10,11,16	5: 0x02005FCA 1F
322108	5	2,3,4,8,9,10,11,16	82: 0x61DCBDCD AB080008 00080008 00050005 00050005 007CD700 3E020100 01000100 01E31E03 01993000 00100010 00100010 05000500 0500050D 000D000D 000D0000 00F0162E 223D5301 68656C6C 6F203236 D999
322111	8	2,3,4,5,6,7,9,10,11,12,13,14,15	5: 0x0200BDD6 DB
322134	8	2,3,4,5,6,7,9,10,11,12,13,14,15	82: 0x61DCC6CD AB0D000D 000D000D 00080008 00080008 007CD700 3D020100 01000100 01E31E03 00993000 00100010 00100010 05000500 05000508 00080008 00080000 00F0162E 223D5301 68656C6C 6F203236 B4EB
322137	13	6,7,8,9,10,12,14,15	5: 0x0200C682 16
323396	5	2,3,4,8,9,10,11,16	57: 0x61DCBECD AB100010 00100010 00050005 00050005 007EF500 02010001 00010001 E1066304 00000180 F0223D16 2E531E68 656C6C6F 20323934 41
323398	16	1,2,3,4,5	5: 0x0200BE4D E9
323406	16	1,2,3,4,5	58: 0x61DC60CD AB010001 00010001 00100010 00100010 007CD700 3F020500 05000500 05E10663 04000001 00F0223D 162E531E 68656C6C 6F203239 EF87
323408	1	16	5: 0x020060BE D6
323439	1	16	57: 0x61DC88CD AB100010 00100010 00010001 00010001 007EF700 E30E0301 99100000 05000500 05000500 F0162E22 3D531E68 656C6C6F 20323967 B6
323441	16	1,2,3,4,5	5: 0x020088F8 BD
323478	16	1,2,3,4,5	66: 0x61DC61CD AB050005 00050005 00100010 00100010 007CD700 3F020100 01000100 01E30E03 00991000 00100010 00100010 00F0162E 223D531E 68656C6C 6F203239 2AB2
323481	5	2,3,4,8,9,10,11,16	5: 0x02006137 C7
323674	3	2,4,5,6,7,8,9,10,16	57: 0x61DCD2CD AB100010 00100010 00030003 00030003 007EF500 02010001 00010001 E1066304 00000180 F0223D16 2E532668 656C6C6F 203239CF 1E
323676	16	1,2,3,4,5	5: 0x0200D227 40
323682	16	1,2,3,4,5	58: 0x61DC62CD AB010001 00010001 00100010 00100010 007CD700 3F020300 03000300 03E10663 04000001 00F0223D 162E5326 68656C6C 6F203239 3D48
323684	1	16	5: 0x020062AC F5
323711	1	16	57: 0x61DC89CD AB100010 00100010 00010001 00010001 007EF700 E30E0301 99100000 03000300 03000300 F0162E22 3D532668 656C6C6F 20323929 89
323713	16	1,2,3,4,5	5: 0x02008971 AC
323731	16	1,2,3,4,5	66: 0x61DC63CD AB030003 00030003 00100010 00100010 007CD700 3F020100 01000100 01E30E03 00991000 00100010 00100010 00F0162E 223D5326 68656C6C 6F203239 4F90
323734	3	2,4,5,6,7,8,9,10,16	5: 0x02006325 E4
324418	4	2,3,5,7,8,9,10,11,16	57: 0x61DC08CD AB100010 00100010 00040004 00040004 007EF500 02010001 00010001 E1066304 00000180 F0223D16 2E532268 656C6C6F 2032393A 7E
324420	16	1,2,3,4,5	5: 0x020008F0 39
324438	16	1,2,3,4,5	58: 0x61DC64CD AB010001 00010001 00100010 00100010 007CD700 3F020400 04000400 04E10663 04000001 00F0223D 162E5322 68656C6C 6F203239 E1FA
324440	1	16	5: 0x0200649A 90
324476	1	16	57: 0x61DC8ACD AB100010 00100010 00010001 00010001 007EF700 E30E0301 99100000 04000400 04000400 F0162E22 3D532268 656C6C6F 203239D1 43
324478	16	1,2,3,4,5	5: 0x02008AEA 9E
324496	16	1,2,3,4,5	66: 0x61DC65CD AB040004 00040004 00100010 00100010 007CD700 3F020100 01000100 01E30E03 00991000 00100010 00100010 00F0162E 223D5322 68656C6C 6F203239 F63F
324499	4	2,3,5,7,8,9,10,11,16	5: 0x02006513 81
324769	14	7,8,9,10,11,12,13,15	57: 0x61DCB6CD AB080008 00080008 000E000E 000E000E 007EF500 02010001 00010001 E1066304 00000280 F0223D16 2E52FC68 656C6C6F 203237A1 EF
324771	8	2,3,4,5,6,7,9,10,11,12,13,14,15	5: 0x0200B605 65
324813	8	2,3,4,5,6,7,9,10,11,12,13,14,15	66: 0x61DCC7CD AB050005 00050005 00080008 00080008 007CD500 3F020E00 0E000E00 0E020100 01000100 01E10663 04000002 00F0223D 162E52FC 68656C6C 6F203237 D441
324816	5	2,3,4,8,9,10,11,16	5: 0x0200C70B 07
324855	5	2,3,4,8,9,10,11,16	66: 0x61DCBFCD AB100010 00100010 00050005 00050005 007CD500 3E020E00 0E000E00 0E020100 01000100 01E10663 04000001 80F0223D 162E52FC 68656C6C 6F203237 C21C
324858	16	1,2,3,4,5	5: 0x0200BFC4 F8
324888	16	1,2,3,4,5	58: 0x61DC66CD AB010001 00010001 00100010 00100010 007CD700 3D020E00 0E000E00 0EE10663 04000001 00F0223D 162E52FC 68656C6C 6F203237 325B
324890	1	16	5: 0x02006688 B3
324905	1	16	73: 0x61DC8BCD AB100010 00100010 00010001 00010001 007EF700 E31E0303 99300000 05000500 05000508 00080008 00080E00 0E000E00 0E000000 F0162E22 3D52FC68 656C6C6F 20323741 8A
324908	16	1,2,3,4,5	5: 0x02008B63 8F
324925	16	1,2,3,4,5	82: 0x61DC67CD AB050005 00050005 00100010 00100010 007CD700 3F020100 01000100 01E31E03 02993000 00100010 00100010 08000800 0800080E 000E000E 000E0000 00F0162E 223D52FC 68656C6C 6F203237 7A7C
324928	5	2,3,4,8,9,10,11,16	5: 0x02006701 A2
324957	5	2,3,4,8,9,10,11,16	82: 0x61DCC0CD AB080008 00080008 00050005 00050005 007CD700 3E020100 01000100 01E31E03 01993000 00100010 00100010 05000500 0500050E 000E000E 000E0000 00F0162E 223D52FC 68656C6C 6F203237 CE98
324960	8	2,3,4,5,6,7,9,10,11,12,13,14,15	5: 0x0200C0B4 73
324987	8	2,3,4,5,6,7,9,10,11,12,13,14,15	82: 0x61DCC8CD AB0E000E 000E000E 00080008 00080008 007CD700 3D020100 01000100 01E31E03 00993000 00100010 00100010 05000500 05000508 00080008 00080000 00F0162E 223D52FC 68656C6C 6F203237 55F9
324990	14	7,8,9,10,11,12,13,15	5: 0x0200C8FC FF
325025	11	4,5,8,9,10,14,15	57: 0x61DC1BCD AB050005 00050005 000B000B 000B000B 007EF500 02010001 00010001 E1066304 00000200 F0223D16 2E530768 656C6C6F 2032387F 34
325027	5	2,3,4,8,9,10,11,16	5: 0x02001BEA 1B
325066	5	2,3,4,8,9,10,11,16	66: 0x61DCC1CD AB100010 00100010 00050005 00050005 007CD500 3F020B00 0B000B00 0B020100 01000100 01E10663 04000001 80F0223D 162E5307 68656C6C 6F203238 815E
325069	16	1,2,3,4,5	5: 0x0200C13D 62
325079	16	1,2,3,4,5	58: 0x61DC68CD AB010001 00010001 00100010 00100010 007CD700 3E020B00 0B000B00 0BE10663 04000001 00F0223D 162E5307 68656C6C 6F203238 B173
325081	1	16	5: 0x020068F6 5A
325084	1	16	65: 0x61DC8CCD AB100010 00100010 00010001 00010001 007EF700 E3160302 99200000 05000500 0500050B 000B000B 000B0000 F0162E22 3D530768 656C6C6F 2032383B 28
325087	16	1,2,3,4,5	5: 0x02008CDC FB
325114	16	1,2,3,4,5	74: 0x61DC69CD AB050005 00050005 00100010 00100010 007CD700 3F020100 01000100 01E31603 01992000 00100010 00100010 0B000B00 0B000B00 00F0162E 223D5307 68656C6C 6F203238 5BFF
325117	5	2,3,4,8,9,10,11,16	5: 0x0200697F 4B
325143	5	2,3,4,8,9,10,11,16	74: 0x61DCC2CD AB0B000B 000B000B 00050005 00050005 007CD700 3E020100 01000100 01E31603 00992000 00100010 00100010 05000500 05000500 00F0162E 223D5307 68656C6C 6F203238 04FD
325146	11	4,5,8,9,10,14,15	5: 0x0200C2A6 50
325574	11	4,5,8,9,10,14,15	102: 0x61DC1CCD AB040004 00040004 000B000B 000B000B 007A333A 9B01FE04 00F00200 08F00000 FD000000 00000000 02010001 00010001 040E0008 0C000400 00800001 001E003C 081E4040 FFFFFFFF FFFFFFFF 00000000 FD000000 00000000 00000000 00000000 D301
325578	4	2,3,5,7,8,9,10,11,16	5: 0x02001C55 6F
325832	7	2,3,4,6,8,9,10,12,13,14	57: 0x61DCACCD AB020002 00020002 00070007 00070007 007EF500 02010001 00010001 E1066304 00000200 F0223D16 2E531868 656C6C6F 20323779 4E
325834	2	3,4,5,6,7,8,9,16	5: 0x0200ACDE DA
325874	2	3,4,5,6,7,8,9,16	66: 0x61DC84CD AB100010 00100010 00020002 00020002 007CD500 3F020700 07000700 07020100 01000100 01E10663 04000001 80F0223D 162E5318 68656C6C 6F203237 AF5E
325877	16	1,2,3,4,5	5: 0x02008494 77
325899	16	1,2,3,4,5	58: 0x61DC6ACD AB010001 00010001 00100010 00100010 007CD700 3E020700 07000700 07E10663 04000001 00F0223D 162E5318 68656C6C 6F203237 4674
325901	1	16	5: 0x02006AE4 79
325915	1	16	65: 0x61DC8DCD AB100010 00100010 00010001 00010001 007EF700 E3160302 99200000 02000200 02000207 00070007 00070000 F0162E22 3D531868 656C6C6F 203237EA 03
325918	16	1,2,3,4,5	5: 0x02008D55 EA
325952	16	1,2,3,4,5	74: 0x61DC6BCD AB020002 00020002 00100010 00100010 007CD700 3F020100 01000100 01E31603 01992000 00100010 00100010 07000700 07000700 00F0162E 223D5318 68656C6C 6F203237 30FB
325955	2	3,4,5,6,7,8,9,16	5: 0x02006B6D 68
325975	2	3,4,5,6,7,8,9,16	74: 0x61DC85CD AB070007 00070007 00020002 00020002 007CD700 3E020100 01000100 01E31603 00992000 00100010 00100010 02000200 02000200 00F0162E 223D5318 68656C6C 6F203237 AF45
325978	7	2,3,4,6,8,9,10,12,13,14	5: 0x0200851D 66
326176	12	6,7,8,9,13,14,15	57: 0x61DC5DCD AB080008 00080008 000C000C 000C000C 007EF500 02010001 00010001 E1066304 00000280 F0223D16 2E530468 656C6C6F 20323755 74
326178	8	2,3,4,5,6,7,9,10,11,12,13,14,15	5: 0x02005DD8 3C
326206	8	2,3,4,5,6,7,9,10,11,12,13,14,15	66: 0x61DCC9CD AB050005 00050005 00080008 00080008 007CD500 3F020C00 0C000C00 0C020100 01000100 01E10663 04000002 00F0223D 162E5304 68656C6C 6F203237 9295
326209	5	2,3,4,8,9,10,11,16	5: 0x0200C975 EE
326236	5	2,3,4,8,9,10,11,16	66: 0x61DCC3CD AB100010 00100010 00050005 00050005 007CD500 3E020C00 0C000C00 0C020100 01000100 01E10663 04000001 80F0223D 162E5304 68656C6C 6F203237 C361
326239	16	1,2,3,4,5	5: 0x0200C32F 41
326267	16	1,2,3,4,5	58: 0x61DC6CCD AB010001 00010001 00100010 00100010 007CD700 3D020C00 0C000C00 0CE10663 04000001 00F0223D 162E5304 68656C6C 6F203237 6CEB
326269	1	16	5: 0x02006CD2 1C
326284	1	16	73: 0x61DC8ECD AB100010 00100010 00010001 00010001 007EF700 E31E0303 99300000 05000500 05000508 00080008 00080C00 0C000C00 0C000000 F0162E22 3D530468 656C6C6F 20323784 5E
326287	16	1,2,3,4,5	5: 0x02008ECE D8
326300	16	1,2,3,4,5	82: 0x61DC6DCD AB050005 00050005 00100010 00100010 007CD700 3F020100 01000100 01E31E03 02993000 00100010 00100010 08000800 0800080C 000C000C 000C0000 00F0162E 223D5304 68656C6C 6F203237 F462
326303	5	2,3,4,8,9,10,11,16	5: 0x02006D5B 0D
326311	5	2,3,4,8,9,10,11,16	82: 0x61DCC4CD AB080008 00080008 00050005 00050005 007CD700 3E020100 01000100 01E31E03 01993000 00100010 00100010 05000500 0500050C 000C000C 000C0000 00F0162E 223D5304 68656C6C 6F203237 99F8
326314	8	2,3,4,5,6,7,9,10,11,12,13,14,15	5: 0x0200C490 35
326344	8	2,3,4,5,6,7,9,10,11,12,13,14,15	82: 0x61DCCACD AB0C000C 000C000C 00080008 00080008 007CD700 3D020100 01000100 01E31E03 00993000 00100010 00100010 05000500 05000508 00080008 00080000 00F0162E 223D5304 68656C6C 6F203237 7682
326347	12	6,7,8,9,13,14,15	5: 0x0200CAEE DC
327388	8	2,3,4,5,6,7,9,10,11,12,13,14,15	57: 0x61DCCBCD AB050005 00050005 00080008 00080008 007EF500 02010001 00010001 E1066304 00000200 F0223D16 2E531368 656C6C6F 203238D1 80
327390	5	2,3,4,8,9,10,11,16	5: 0x0200CB67 CD
327407	5	2,3,4,8,9,10,11,16	66: 0x61DCC5CD AB100010 00100010 00050005 00050005 007CD500 3F020800 08000800 08020100 01000100 01E10663 04000001 80F0223D 162E5313 68656C6C 6F203238 E908
327410	16	1,2,3,4,5	5: 0x0200C519 24
327432	16	1,2,3,4,5	58: 0x61DC6ECD AB010001 00010001 00100010 00100010 007CD700 3E020800 08000800 08E10663 04000001 00F0223D 162E5313 68656C6C 6F203238 0CD5
327434	1	16	5: 0x02006EC0 3F
327447	1	16	65: 0x61DC8FCD AB100010 00100010 00010001 00010001 007EF700 E3160302 99200000 05000500 05000508 00080008 00080000 F0162E22 3D531368 656C6C6F 20323867 06
327450	16	1,2,3,4,5	5: 0x02008F47 C9
327485	16	1,2,3,4,5	74: 0x61DC6FCD AB050005 00050005 00100010 00100010 007CD700 3F020100 01000100 01E31603 01992000 00100010 00100010 08000800 08000800 00F0162E 223D5313 68656C6C 6F203238 3C01
327488	5	2,3,4,8,9,10,11,16	5: 0x02006F49 2E
327514	5	2,3,4,8,9,10,11,16	74: 0x61DCC6CD AB080008 00080008 00050005 00050005 007CD700 3E020100 01000100 01E31603 00992000 00100010 00100010 05000500 05000500 00F0162E 223D5313 68656C6C 6F203238 7415
327517	8	2,3,4,5,6,7,9,10,11,12,13,14,15	5: 0x0200C682 16
328676	15	8,9,10,11,12,13,14	57: 0x61DCE0CD AB080008 00080008 000F000F 000F000F 007EF500 02010001 00010001 E1066304 00000281 F0223D16 2E52F868 656C6C6F 20323721 C0
328678	8	2,3,4,5,6,7,9,10,11,12,13,14,15	5: 0x0200E0B6 52
328690	8	2,3,4,5,6,7,9,10,11,12,13,14,15	66: 0x61DCCCCD AB050005 00050005 00080008 00080008 007CD500 3F020F00 0F000F00 0F020100 01000100 01E10663 04000002 00F0223D 162E52F8 68656C6C 6F203237 0A3A
328693	5	2,3,4,8,9,10,11,16	5: 0x0200CCD8 B9
328719	5	2,3,4,8,9,10,11,16	66: 0x61DCC7CD AB100010 00100010 00050005 00050005 007CD500 3E020F00 0F000F00 0F020100 01000100 01E10663 04000001 80F0223D 162E52F8 68656C6C 6F203237 CBB1
328722	16	1,2,3,4,5	5: 0x0200C70B 07
328763	16	1,2,3,4,5	58: 0x61DC70CD AB010001 00010001 00100010 00100010 007CD700 3D020F00 0F000F00 0FE10663 04000001 00F0223D 162E52F8 68656C6C 6F203237 2CCE
328765	1	16	5: 0x0200703F C6
328804	1	16	73: 0x61DC90CD AB100010 00100010 00010001 00010001 007EF700 E31E0303 99300000 05000500 05000508 00080008 00080F00 0F000F00 0F000000 F0162E22 3D52F868 656C6C6F 2032374C 76
328807	16	1,2,3,4,5	5: 0x02009031 21
328845	16	1,2,3,4,5	82: 0x61DC71CD AB050005 00050005 00100010 00100010 007CD700 3F020100 01000100 01E31E03 02993000 00100010 00100010 08000800 0800080F 000F000F 000F0000 00F0162E 223D52F8 68656C6C 6F203237 EEA3
328848	5	2,3,4,8,9,10,11,16	5: 0x020071B6 D7
328878	5	2,3,4,8,9,10,11,16	82: 0x61DCC8CD AB080008 00080008 00050005 00050005 007CD700 3E020100 01000100 01E31E03 01993000 00100010 00100010 05000500 0500050F 000F000F 000F0000 00F0162E 223D52F8 68656C6C 6F203237 A61B
328881	8	2,3,4,5,6,7,9,10,11,12,13,14,15	5: 0x0200C8FC FF
328909	8	2,3,4,5,6,7,9,10,11,12,13,14,15	82: 0x61DCCDCD AB0F000F 000F000F 00080008 00080008 007CD700 3D020100 01000100 01E31E03 00993000 00100010 00100010 05000500 05000508 00080008 00080000 00F0162E 223D52F8 68656C6C 6F203237 5E09
328912	15	8,9,10,11,12,13,14	5: 0x0200CD51 A8
329351	6	2,3,7,8,9,12,13	57: 0x61DC09CD AB020002 00020002 00060006 00060006 007EF500 02010001 00010001 E1066304 00000203 F0223D16 2E531B68 656C6C6F 2032386C EF
329353	2	3,4,5,6,7,8,9,16	5: 0x02000979 28
329385	2	3,4,5,6,7,8,9,16	66: 0x61DC86CD AB100010 00100010 00020002 00020002 007CD500 3F020600 06000600 06020100 01000100 01E10663 04000001 80F0223D 162E531B 68656C6C 6F203238 47AF
329388	16	1,2,3,4,5	5: 0x02008686 54
329415	16	1,2,3,4,5	58: 0x61DC72CD AB010001 00010001 00100010 00100010 007CD700 3E020600 06000600 06E10663 04000001 00F0223D 162E531B 68656C6C 6F203238 6085
329417	1	16	5: 0x0200722D E5
329457	1	16	65: 0x61DC91CD AB100010 00100010 00010001 00010001 007EF700 E3160302 99200000 02000200 02000206 00060006 00060000 F0162E22 3D531B68 656C6C6F 20323837 C8
329460	16	1,2,3,4,5	5: 0x020091B8 30
329467	16	1,2,3,4,5	74: 0x61DC73CD AB020002 00020002 00100010 00100010 007CD700 3F020100 01000100 01E31603 01992000 00100010 00100010 06000600 06000600 00F0162E 223D531B 68656C6C 6F203238 852B
329470	2	3,4,5,6,7,8,9,16	5: 0x020073A4 F4
329502	2	3,4,5,6,7,8,9,16	74: 0x61DC87CD AB060006 00060006 00020002 00020002 007CD700 3E020100 01000100 01E31603 00992000 00100010 00100010 02000200 02000200 00F0162E 223D531B 68656C6C 6F203238 9C9C
329505	6	2,3,7,8,9,12,13	5: 0x0200870F 45
330085	9	2,3,4,5,6,7,8,10,11,12,13,14,15	57: 0x61DC72CD AB050005 00050005 00090009 00090009 007EF500 02010001 00010001 E1066304 00000200 F0223D16 2E530F68 656C6C6F 20323893 16
330087	5	2,3,4,8,9,10,11,16	5: 0x0200722D E5
330119	5	2,3,4,8,9,10,11,16	66: 0x61DCC9CD AB100010 00100010 00050005 00050005 007CD500 3F020900 09000900 09020100 01000100 01E10663 04000001 80F0223D 162E530F 68656C6C 6F203238 8885
330122	16	1,2,3,4,5	5: 0x0200C975 EE
330152	16	1,2,3,4,5	58: 0x61DC74CD AB010001 00010001 00100010 00100010 007CD700 3E020900 09000900 09E10663 04000001 00F0223D 162E530F 68656C6C 6F203238 D317
330154	1	16	5: 0x0200741B 80
330185	1	16	65: 0x61DC92CD AB100010 00100010 00010001 00010001 007EF700 E3160302 99200000 05000500 05000509 00090009 00090000 F0162E22 3D530F68 656C6C6F 2032384D 2B
330188	16	1,2,3,4,5	5: 0x02009223 02
330218	16	1,2,3,4,5	74: 0x61DC75CD AB050005 00050005 00100010 00100010 007CD700 3F020100 01000100 01E31603 01992000 00100010 00100010 09000900 09000900 00F0162E 223D530F 68656C6C 6F203238 9778
330221	5	2,3,4,8,9,10,11,16	5: 0x02007592 91
330234	5	2,3,4,8,9,10,11,16	74: 0x61DCCACD AB090009 00090009 00050005 00050005 007CD700 3E020100 01000100 01E31603 00992000 00100010 00100010 05000500 05000500 00F0162E 223D530F 68656C6C 6F203238 A7F4
330237	9	2,3,4,5,6,7,8,10,11,12,13,14,15	5: 0x0200CAEE DC
330251	10	3,4,5,7,8,9,11,13,14,15	57: 0x61DC13CD AB050005 00050005 000A000A 000A000A 007EF500 02010001 00010001 E1066304 00000201 F0223D16 2E530A68 656C6C6F 2032395B 1F
330253	5	2,3,4,8,9,10,11,16	5: 0x020013A2 97
330284	5	2,3,4,8,9,10,11,16	66: 0x61DCCBCD AB100010 00100010 00050005 00050005 007CD500 3F020A00 0A000A00 0A020100 01000100 01E10663 04000001 80F0223D 162E530A 68656C6C 6F203239 7179
330287	16	1,2,3,4,5	5: 0x0200CB67 CD
330296	16	1,2,3,4,5	58: 0x61DC76CD AB010001 00010001 00100010 00100010 007CD700 3E020A00 0A000A00 0AE10663 04000001 00F0223D 162E530A 68656C6C 6F203239 FB5F
330298	1	16	5: 0x02007609 A3
330333	1	16	65: 0x61DC93CD AB100010 00100010 00010001 00010001 007EF700 E3160302 99200000 05000500 0500050A 000A000A 000A0000 F0162E22 3D530A68 656C6C6F 20323989 49
330336	16	1,2,3,4,5	5: 0x020093AA 13
330379	16	1,2,3,4,5	74: 0x61DC77CD AB050005 00050005 00100010 00100010 007CD700 3F020100 01000100 01E31603 01992000 00100010 00100010 0A000A00 0A000A00 00F0162E 223D530A 68656C6C 6F203239 BA55
330382	5	2,3,4,8,9,10,11,16	5: 0x02007780 B2
330391	5	2,3,4,8,9,10,11,16	74: 0x61DCCCCD AB0A000A 000A000A 00050005 00050005 007CD700 3E020100 01000100 01E31603 00992000 00100010 00100010 05000500 05000500 00F0162E 223D530A 68656C6C 6F203239 6287
330394	10	3,4,5,7,8,9,11,13,14,15	5: 0x0200CCD8 B9
330985	13	6,7,8,9,10,12,14,15	57: 0x61DC73CD AB080008 00080008 000D000D 000D000D 007EF500 02010001 00010001 E1066304 00000280 F0223D16 2E530068 656C6C6F 2032374F 36
330987	8	2,3,4,5,6,7,9,10,11,12,13,14,15	5: 0x020073A4 F4
331005	8	2,3,4,5,6,7,9,10,11,12,13,14,15	66: 0x61DCCECD AB050005 00050005 00080008 00080008 007CD500 3F020D00 0D000D00 0D020100 01000100 01E10663 04000002 00F0223D 162E5300 68656C6C 6F203237 AEFC
331008	5	2,3,4,8,9,10,11,16	5: 0x0200CECA 9A
331026	5	2,3,4,8,9,10,11,16	66: 0x61DCCDCD AB100010 00100010 00050005 00050005 007CD500 3E020D00 0D000D00 0D020100 01000100 01E10663 04000001 80F0223D 162E5300 68656C6C 6F203237 DC93
331029	16	1,2,3,4,5	5: 0x0200CD51 A8
331066	16	1,2,3,4,5	58: 0x61DC78CD AB010001 00010001 00100010 00100010 007CD700 3D020D00 0D000D00 0DE10663 04000001 00F0223D 162E5300 68656C6C 6F203237 C0DC
331068	1	16	5: 0x02007877 4A
331072	1	16	73: 0x61DC94CD AB100010 00100010 00010001 00010001 007EF700 E31E0303 99300000 05000500 05000508 00080008 00080D00 0D000D00 0D000000 F0162E22 3D530068 656C6C6F 203237D5 69
331075	16	1,2,3,4,5	5: 0x02009415 67
331078	16	1,2,3,4,5	82: 0x61DC79CD AB050005 00050005 00100010 00100010 007CD700 3F020100 01000100 01E31E03 02993000 00100010 00100010 08000800 0800080D 000D000D 000D0000 00F0162E 223D5300 68656C6C 6F203237 2E1C
331081	5	2,3,4,8,9,10,11,16	5: 0x020079FE 5B
331085	5	2,3,4,8,9,10,11,16	82: 0x61DCCECD AB080008 00080008 00050005 00050005 007CD700 3E020100 01000100 01E31E03 01993000 00100010 00100010 05000500 0500050D 000D000D 000D0000 00F0162E 223D5300 68656C6C 6F203237 BFDA
331088	8	2,3,4,5,6,7,9,10,11,12,13,14,15	5: 0x0200CECA 9A
331130	8	2,3,4,5,6,7,9,10,11,12,13,14,15	82: 0x61DCCFCD AB0D000D 000D000D 00080008 00080008 007CD700 3D020100 01000100 01E31E03 00993000 00100010 00100010 05000500 05000508 00080008 00080000 00F0162E 223D5300 68656C6C 6F203237 7D72
331133	13	6,7,8,9,10,12,14,15	5: 0x0200CF43 8B
331788	2	3,4,5,6,7,8,9,16	57: 0x61DC88CD AB100010 00100010 00020002 00020002 007EF500 02010001 00010001 E1066304 00000180 F0223D16 2E532A68 656C6C6F 20323954 DA
331790	16	1,2,3,4,5	5: 0x020088F8 BD
331821	16	1,2,3,4,5	58: 0x61DC7ACD AB010001 00010001 00100010 00100010 007CD700 3F020200 02000200 02E10663 04000001 00F0223D 162E532A 68656C6C 6F203239 C4D7
331823	1	16	5: 0x02007A65 69
331851	1	16	57: 0x61DC95CD AB100010 00100010 00010001 00010001 007EF700 E30E0301 99100000 02000200 02000200 F0162E22 3D532A68 656C6C6F 203239D8 C8
331853	16	1,2,3,4,5	5: 0x0200959C 76
331865	16	1,2,3,4,5	66: 0x61DC7BCD AB020002 00020002 00100010 00100010 007CD700 3F020100 01000100 01E30E03 00991000 00100010 00100010 00F0162E 223D532A 68656C6C 6F203239 ABC6
331868	2	3,4,5,6,7,8,9,16	5: 0x02007BEC 78
332215	15	8,9,10,11,12,13,14	102: 0x61DCE1CD AB0E000E 000E000E 000F000F 000F000F 007A333A 9B01FD4C 00F00280 08F00000 FD000000 00000000 02010001 00010001 040E0008 0C000400 00800001 001E003C 081E4040 FFFFFFFF FFFFFFFF 00000000 FD000000 00000000 00000000 00000000 5005
332219	14	7,8,9,10,11,12,13,15	5: 0x0200E13F 43
333557	3	2,4,5,6,7,8,9,10,16	57: 0x61DCD3CD AB100010 00100010 00030003 00030003 007EF500 02010001 00010001 E1066304 00000180 F0223D16 2E522F68 656C6C6F 203330A5 40
333559	16	1,2,3,4,5	5: 0x0200D3AE 51
333580	16	1,2,3,4,5	58: 0x61DC7CCD AB010001 00010001 00100010 00100010 007CD700 3F020300 03000300 03E10663 04000001 00F0223D 162E522F 68656C6C 6F203330 DC9A
333582	1	16	5: 0x02007C53 0C
333593	1	16	57: 0x61DC96CD AB100010 00100010 00010001 00010001 007EF700 E30E0301 99100000 03000300 03000300 F0162E22 3D522F68 656C6C6F 203330A9 6B
333595	16	1,2,3,4,5	5: 0x02009607 44
333617	16	1,2,3,4,5	66: 0x61DC7DCD AB030003 00030003 00100010 00100010 007CD700 3F020100 01000100 01E30E03 00991000 00100010 00100010 00F0162E 223D522F 68656C6C 6F203330 F326
333620	3	2,4,5,6,7,8,9,10,16	5: 0x02007DDA 1D
334336	5	2,3,4,8,9,10,11,16	57: 0x61DCCFCD AB100010 00100010 00050005 00050005 007EF500 02010001 00010001 E1066304 00000180 F0223D16 2E522768 656C6C6F 20333007 E7
334338	16	1,2,3,4,5	5: 0x0200CF43 8B
334372	16	1,2,3,4,5	58: 0x61DC7ECD AB010001 00010001 00100010 00100010 007CD700 3F020500 05000500 05E10663 04000001 00F0223D 162E5227 68656C6C 6F203330 A35D
334374	1	16	5: 0x02007E41 2F
334380	1	16	57: 0x61DC97CD AB100010 00100010 00010001 00010001 007EF700 E30E0301 99100000 05000500 05000500 F0162E22 3D522768 656C6C6F 2033304A 5C
334382	16	1,2,3,4,5	5: 0x0200978E 55
334396	16	1,2,3,4,5	66: 0x61DC7FCD AB050005 00050005 00100010 00100010 007CD700 3F020100 01000100 01E30E03 00991000 00100010 00100010 00F0162E 223D5227 68656C6C 6F203330 3B0C
334399	5	2,3,4,8,9,10,11,16	5: 0x02007FC8 3E
334508	14	7,8,9,10,11,12,13,15	57: 0x61DCB7CD AB080008 00080008 000E000E 000E000E 007EF500 02010001 00010001 E1066304 00000280 F0223D16 2E52FB68 656C6C6F 203238D7 3A
334510	8	2,3,4,5,6,7,9,10,11,12,13,14,15	5: 0x0200B78C 74
334547	8	2,3,4,5,6,7,9,10,11,12,13,14,15	66: 0x61DCD0CD AB050005 00050005 00080008 00080008 007CD500 3F020E00 0E000E00 0E020100 01000100 01E10663 04000002 00F0223D 162E52FB 68656C6C 6F203238 57E7
334550	5	2,3,4,8,9,10,11,16	5: 0x0200D035 63
334574	5	2,3,4,8,9,10,11,16	66: 0x61DCD0CD AB100010 00100010 00050005 00050005 007CD500 3E020E00 0E000E00 0E020100 01000100 01E10663 04000001 80F0223D 162E52FB 68656C6C 6F203238 9508
334577	16	1,2,3,4,5	5: 0x0200D035 63
334606	16	1,2,3,4,5	58: 0x61DC80CD AB010001 00010001 00100010 00100010 007CD700 3D020E00 0E000E00 0EE10663 04000001 00F0223D 162E52FB 68656C6C 6F203238 47CF
334608	1	16	5: 0x020080B0 31
334640	1	16	73: 0x61DC98CD AB100010 00100010 00010001 00010001 007EF700 E31E0303 99300000 05000500 05000508 00080008 00080E00 0E000E00 0E000000 F0162E22 3D52FB68 656C6C6F 203238AD 1B
334643	16	1,2,3,4,5	5: 0x02009879 AD
334686	16	1,2,3,4,5	82: 0x61DC81CD AB050005 00050005 00100010 00100010 007CD700 3F020100 01000100 01E31E03 02993000 00100010 00100010 08000800 0800080E 000E000E 000E0000 00F0162E 223D52FB 68656C6C 6F203238 4B53
334689	5	2,3,4,8,9,10,11,16	5: 0x02008139 20
334719	5	2,3,4,8,9,10,11,16	82: 0x61DCD1CD AB080008 00080008 00050005 00050005 007CD700 3E020100 01000100 01E31E03 01993000 00100010 00100010 05000500 0500050E 000E000E 000E0000 00F0162E 223D52FB 68656C6C 6F203238 59FB
334722	8	2,3,4,5,6,7,9,10,11,12,13,14,15	5: 0x0200D1BC 72
334760	8	2,3,4,5,6,7,9,10,11,12,13,14,15	82: 0x61DCD1CD AB0E000E 000E000E 00080008 00080008 007CD700 3D020100 01000100 01E31E03 00993000 00100010 00100010 05000500 05000508 00080008 00080000 00F0162E 223D52FB 68656C6C 6F203238 D80F
334763	14	7,8,9,10,11,12,13,15	5: 0x0200D1BC 72
335227	4	2,3,5,7,8,9,10,11,16	57: 0x61DC09CD AB100010 00100010 00040004 00040004 007EF500 02010001 00010001 E1066304 00000180 F0223D16 2E522B68 656C6C6F 20333050 20
335229	16	1,2,3,4,5	5: 0x02000979 28
335256	16	1,2,3,4,5	58: 0x61DC82CD AB010001 00010001 00100010 00100010 007CD700 3F020400 04000400 04E10663 04000001 00F0223D 162E522B 68656C6C 6F203330 88E5
335258	1	16	5: 0x020082A2 12
335268	1	16	57: 0x61DC99CD AB100010 00100010 00010001 00010001 007EF700 E30E0301 99100000 04000400 04000400 F0162E22 3D522B68 656C6C6F 20333090 BB
335270	16	1,2,3,4,5	5: 0x020099F0 BC
335288	16	1,2,3,4,5	66: 0x61DC83CD AB040004 00040004 00100010 00100010 007CD700 3F020100 01000100 01E30E03 00991000 00100010 00100010 00F0162E 223D522B 68656C6C 6F203330 4000
335291	4	2,3,5,7,8,9,10,11,16	5: 0x0200832B 03
335494	11	4,5,8,9,10,14,15	57: 0x61DC1DCD AB050005 00050005 000B000B 000B000B 007EF500 02010001 00010001 E1066304 00000200 F0223D16 2E530668 656C6C6F 20323963 E1
335496	5	2,3,4,8,9,10,11,16	5: 0x02001DDC 7E
335532	5	2,3,4,8,9,10,11,16	66: 0x61DCD2CD AB100010 00100010 00050005 00050005 007CD500 3F020B00 0B000B00 0B020100 01000100 01E10663 04000001 80F0223D 162E5306 68656C6C 6F203239 3243
335535	16	1,2,3,4,5	5: 0x0200D227 40
335545	16	1,2,3,4,5	58: 0x61DC84CD AB010001 00010001 00100010 00100010 007CD700 3E020B00 0B000B00 0BE10663 04000001 00F0223D 162E5306 68656C6C 6F203239 FD92
335547	1	16	5: 0x02008494 77
335559	1	16	65: 0x61DC9ACD AB100010 00100010 00010001 00010001 007EF700 E3160302 99200000 05000500 0500050B 000B000B 000B0000 F0162E22 3D530668 656C6C6F 20323961 0E
335562	16	1,2,3,4,5	5: 0x02009A6B 8E
335604	16	1,2,3,4,5	74: 0x61DC85CD AB050005 00050005 00100010 00100010 007CD700 3F020100 01000100 01E31603 01992000 00100010 00100010 0B000B00 0B000B00 00F0162E 223D5306 68656C6C 6F203239 CBF8
335607	5	2,3,4,8,9,10,11,16	5: 0x0200851D 66
335614	5	2,3,4,8,9,10,11,16	74: 0x61DCD3CD AB0B000B 000B000B 00050005 00050005 007CD700 3E020100 01000100 01E31603 00992000 00100010 00100010 05000500 05000500 00F0162E 223D5306 68656C6C 6F203239 EBF3
335617	11	4,5,8,9,10,14,15	5: 0x0200D3AE 51
336022	12	6,7,8,9,13,14,15	57: 0x61DC5ECD AB080008 00080008 000C000C 000C000C 007EF500 02010001 00010001 E1066304 00000280 F0223D16 2E530368 656C6C6F 203238F4 21
336024	8	2,3,4,5,6,7,9,10,11,12,13,14,15	5: 0x02005E43 0E
336030	8	2,3,4,5,6,7,9,10,11,12,13,14,15	66: 0x61DCD2CD AB050005 00050005 00080008 00080008 007CD500 3F020C00 0C000C00 0C020100 01000100 01E10663 04000002 00F0223D 162E5303 68656C6C 6F203238 F321
336033	5	2,3,4,8,9,10,11,16	5: 0x0200D227 40
336069	5	2,3,4,8,9,10,11,16	66: 0x61DCD4CD AB100010 00100010 00050005 00050005 007CD500 3E020C00 0C000C00 0C020100 01000100 01E10663 04000001 80F0223D 162E5303 68656C6C 6F203238 40C7
336072	16	1,2,3,4,5	5: 0x0200D411 25
336079	16	1,2,3,4,5	58: 0x61DC86CD AB010001 00010001 00100010 00100010 007CD700 3D020C00 0C000C00 0CE10663 04000001 00F0223D 162E5303 68656C6C 6F203238 86A8
336081	1	16	5: 0x02008686 54
336105	1	16	73: 0x61DC9BCD AB100010 00100010 00010001 00010001 007EF700 E31E0303 99300000 05000500 05000508 00080008 00080C00 0C000C00 0C000000 F0162E22 3D530368 656C6C6F 20323882 64
336108	16	1,2,3,4,5	5: 0x02009BE2 9F
336144	16	1,2,3,4,5	82: 0x61DC87CD AB050005 00050005 00100010 00100010 007CD700 3F020100 01000100 01E31E03 02993000 00100010 00100010 08000800 0800080C 000C000C 000C0000 00F0162E 223D5303 68656C6C 6F203238 5292
336147	5	2,3,4,8,9,10,11,16	5: 0x0200870F 45
336179	5	2,3,4,8,9,10,11,16	82: 0x61DCD5CD AB080008 00080008 00050005 00050005 007CD700 3E020100 01000100 01E31E03 01993000 00100010 00100010 05000500 0500050C 000C000C 000C0000 00F0162E 223D5303 68656C6C 6F203238 0E9B
336182	8	2,3,4,5,6,7,9,10,11,12,13,14,15	5: 0x0200D598 34
336194	8	2,3,4,5,6,7,9,10,11,12,13,14,15	82: 0x61DCD3CD AB0C000C 000C000C 00080008 00080008 007CD700 3D020100 01000100 01E31E03 00993000 00100010 00100010 05000500 05000508 00080008 00080000 00F0162E 223D5303 68656C6C 6F203238 FB74
336197	12	6,7,8,9,13,14,15	5: 0x0200D3AE 51
336469	7	2,3,4,6,8,9,10,12,13,14	57: 0x61DCADCD AB020002 00020002 00070007 00070007 007EF500 02010001 00010001 E1066304 00000200 F0223D16 2E531768 656C6C6F 203238C5 E4
336471	2	3,4,5,6,7,8,9,16	5: 0x0200AD57 CB
336488	2	3,4,5,6,7,8,9,16	66: 0x61DC89CD AB100010 00100010 00020002 00020002 007CD500 3F020700 07000700 07020100 01000100 01E10663 04000001 80F0223D 162E5317 68656C6C 6F203238 025D
336491	16	1,2,3,4,5	5: 0x02008971 AC
336499	16	1,2,3,4,5	58: 0x61DC88CD AB010001 00010001 00100010 00100010 007CD700 3E020700 07000700 07E10663 04000001 00F0223D 162E5317 68656C6C 6F203238 8CD2
336501	1	16	5: 0x020088F8 BD
336538	1	16	65: 0x61DC9CCD AB100010 00100010 00010001 00010001 007EF700 E3160302 99200000 02000200 02000207 00070007 00070000 F0162E22 3D531768 656C6C6F 2032383E 59
336541	16	1,2,3,4,5	5: 0x02009C5D EB
336557	16	1,2,3,4,5	74: 0x61DC89CD AB020002 00020002 00100010 00100010 007CD700 3F020100 01000100 01E31603 01992000 00100010 00100010 07000700 07000700 00F0162E 223D5317 68656C6C 6F203238 A067
336560	2	3,4,5,6,7,8,9,16	5: 0x02008971 AC
336595	2	3,4,5,6,7,8,9,16	74: 0x61DC8ACD AB070007 00070007 00020002 00020002 007CD700 3E020100 01000100 01E31603 00992000 00100010 00100010 02000200 02000200 00F0162E 223D5317 68656C6C 6F203238 F91A
336598	7	2,3,4,6,8,9,10,12,13,14	5: 0x02008AEA 9E
337187	8	2,3,4,5,6,7,9,10,11,12,13,14,15	57: 0x61DCD4CD AB050005 00050005 00080008 00080008 007EF500 02010001 00010001 E1066304 00000200 F0223D16 2E531268 656C6C6F 2032392C A4
337189	5	2,3,4,8,9,10,11,16	5: 0x0200D411 25
337204	5	2,3,4,8,9,10,11,16	66: 0x61DCD6CD AB100010 00100010 00050005 00050005 007CD500 3F020800 08000800 08020100 01000100 01E10663 04000001 80F0223D 162E5312 68656C6C 6F203239 5A15
337207	16	1,2,3,4,5	5: 0x0200D603 06
337231	16	1,2,3,4,5	58: 0x61DC8ACD AB010001 00010001 00100010 00100010 007CD700 3E020800 08000800 08E10663 04000001 00F0223D 162E5312 68656C6C 6F203239 AAAE
337233	1	16	5: 0x02008AEA 9E
337273	1	16	65: 0x61DC9DCD AB100010 00100010 00010001 00010001 007EF700 E3160302 99200000 05000500 05000508 00080008 00080000 F0162E22 3D531268 656C6C6F 203239DC F6
337276	16	1,2,3,4,5	5: 0x02009DD4 FA
337297	16	1,2,3,4,5	74: 0x61DC8BCD AB050005 00050005 00100010 00100010 007CD700 3F020100 01000100 01E31603 01992000 00100010 00100010 08000800 08000800 00F0162E 223D5312 68656C6C 6F203239 F8E7
337300	5	2,3,4,8,9,10,11,16	5: 0x02008B63 8F
337319	5	2,3,4,8,9,10,11,16	74: 0x61DCD7CD AB080008 00080008 00050005 00050005 007CD700 3E020100 01000100 01E31603 00992000 00100010 00100010 05000500 05000500 00F0162E 223D5312 68656C6C 6F203239 9B1B
337322	8	2,3,4,5,6,7,9,10,11,12,13,14,15	5: 0x0200D78A 17
337714	3	2,4,5,6,7,8,9,10,16	102: 0x61DCD4CD AB040004 00040004 00030003 00030003 007A333A 9B01FEA4 00F00180 08F00000 FD000000 00000000 02010001 00010001 040E0008 0C000400 00800001 001E003C 081E4040 FFFFFFFF FFFFFFFF 00000000 FD000000 00000000 00000000 00000000 5DB6
337718	4	2,3,5,7,8,9,10,11,16	5: 0x0200D411 25
338756	15	8,9,10,11,12,13,14	57: 0x61DCE2CD AB080008 00080008 000F000F 000F000F 007EF500 02010001 00010001 E1066304 00000280 F0223D16 2E52F768 656C6C6F 20323839 A0
338758	8	2,3,4,5,6,7,9,10,11,12,13,14,15	5: 0x0200E2A4 71
338782	8	2,3,4,5,6,7,9,10,11,12,13,14,15	66: 0x61DCD5CD AB050005 00050005 00080008 00080008 007CD500 3F020F00 0F000F00 0F020100 01000100 01E10663 04000002 00F0223D 162E52F7 68656C6C 6F203238 810E
338785	5	2,3,4,8,9,10,11,16	5: 0x0200D598 34
338822	5	2,3,4,8,9,10,11,16	66: 0x61DCD8CD AB100010 00100010 00050005 00050005 007CD500 3E020F00 0F000F00 0F020100 01000100 01E10663 04000001 80F0223D 162E52F7 68656C6C 6F203238 318C
338825	16	1,2,3,4,5	5: 0x0200D87D EF
338844	16	1,2,3,4,5	58: 0x61DC8CCD AB010001 00010001 00100010 00100010 007CD700 3D020F00 0F000F00 0FE10663 04000001 00F0223D 162E52F7 68656C6C 6F203238 0E20
338846	1	16	5: 0x02008CDC FB
338859	1	16	73: 0x61DC9ECD AB100010 00100010 00010001 00010001 007EF700 E31E0303 99300000 05000500 05000508 00080008 00080F00 0F000F00 0F000000 F0162E22 3D52F768 656C6C6F 203238FF D9
338862	16	1,2,3,4,5	5: 0x02009E4F C8
338889	16	1,2,3,4,5	82: 0x61DC8DCD AB050005 00050005 00100010 00100010 007CD700 3F020100 01000100 01E31E03 02993000 00100010 00100010 08000800 0800080F 000F000F 000F0000 00F0162E 223D52F7 68656C6C 6F203238 64E5
338892	5	2,3,4,8,9,10,11,16	5: 0x02008D55 EA
338901	5	2,3,4,8,9,10,11,16	82: 0x61DCD9CD AB080008 00080008 00050005 00050005 007CD700 3E020100 01000100 01E31E03 01993000 00100010 00100010 05000500 0500050F 000F000F 000F0000 00F0162E 223D52F7 68656C6C 6F203238 FB07
338904	8	2,3,4,5,6,7,9,10,11,12,13,14,15	5: 0x0200D9F4 FE
338926	8	2,3,4,5,6,7,9,10,11,12,13,14,15	82: 0x61DCD6CD AB0F000F 000F000F 00080008 00080008 007CD700 3D020100 01000100 01E31E03 00993000 00100010 00100010 05000500 05000508 00080008 00080000 00F0162E 223D52F7 68656C6C 6F203238 5721
338929	15	8,9,10,11,12,13,14	5: 0x0200D603 06
340325	13	6,7,8,9,10,12,14,15	57: 0x61DC74CD AB080008 00080008 000D000D 000D000D 007EF500 02010001 00010001 E1066304 00000280 F0223D16 2E52FF68 656C6C6F 203238A5 13
340327	8	2,3,4,5,6,7,9,10,11,12,13,14,15	5: 0x0200741B 80
340338	8	2,3,4,5,6,7,9,10,11,12,13,14,15	66: 0x61DCD7CD AB050005 00050005 00080008 00080008 007CD500 3F020D00 0D000D00 0D020100 01000100 01E10663 04000002 00F0223D 162E52FF 68656C6C 6F203238 1BCE
340341	5	2,3,4,8,9,10,11,16	5: 0x0200D78A 17
340360	5	2,3,4,8,9,10,11,16	66: 0x61DCDACD AB100010 00100010 00050005 00050005 007CD500 3E020D00 0D000D00 0D020100 01000100 01E10663 04000001 80F0223D 162E52FF 68656C6C 6F203238 AB4C
340363	16	1,2,3,4,5	5: 0x0200DA6F CC
340377	16	1,2,3,4,5	58: 0x61DC8ECD AB010001 00010001 00100010 00100010 007CD700 3D020D00 0D000D00 0DE10663 04000001 00F0223D 162E52FF 68656C6C 6F203238 840C
340379	1	16	5: 0x02008ECE D8
340387	1	16	73: 0x61DC9FCD AB100010 00100010 00010001 00010001 007EF700 E31E0303 99300000 05000500 05000508 00080008 00080D00 0D000D00 0D000000 F0162E22 3D52FF68 656C6C6F 20323847 3E
340390	16	1,2,3,4,5	5: 0x02009FC6 D9
340393	6	2,3,7,8,9,12,13	57: 0x61DC0ACD AB020002 00020002 00060006 00060006 007EF500 02010001 00010001 E1066304 00000202 F0223D16 2E531A68 656C6C6F 203239BC 79
340395	2	3,4,5,6,7,8,9,16	5: 0x02000AE2 1A
340406	16	1,2,3,4,5	82: 0x61DC8FCD AB050005 00050005 00100010 00100010 007CD700 3F020100 01000100 01E31E03 02993000 00100010 00100010 08000800 0800080D 000D000D 000D0000 00F0162E 223D52FF 68656C6C 6F203238 CE68
340409	5	2,3,4,8,9,10,11,16	5: 0x02008F47 C9
340431	2	3,4,5,6,7,8,9,16	66: 0x61DC8BCD AB100010 00100010 00020002 00020002 007CD500 3F020600 06000600 06020100 01000100 01E10663 04000001 80F0223D 162E531A 68656C6C 6F203239 419E
340434	16	1,2,3,4,5	5: 0x02008B63 8F
340445	5	2,3,4,8,9,10,11,16	82: 0x61DCDBCD AB080008 00080008 00050005 00050005 007CD700 3E020100 01000100 01E31E03 01993000 00100010 00100010 05000500 0500050D 000D000D 000D0000 00F0162E 223D52FF 68656C6C 6F203238 518A
340448	8	2,3,4,5,6,7,9,10,11,12,13,14,15	5: 0x0200DBE6 DD
340455	8	2,3,4,5,6,7,9,10,11,12,13,14,15	82: 0x61DCD8CD AB0D000D 000D000D 00080008 00080008 007CD700 3D020100 01000100 01E31E03 00993000 00100010 00100010 05000500 05000508 00080008 00080000 00F0162E 223D52FF 68656C6C 6F203238 DD83
340458	13	6,7,8,9,10,12,14,15	5: 0x0200D87D EF
340462	16	1,2,3,4,5	58: 0x61DC90CD AB010001 00010001 00100010 00100010 007CD700 3E020600 06000600 06E10663 04000001 00F0223D 162E531A 68656C6C 6F203239 0111
340464	1	16	5: 0x02009031 21
340469	1	16	65: 0x61DCA0CD AB100010 00100010 00010001 00010001 007EF700 E3160302 99200000 02000200 02000206 00060006 00060000 F0162E22 3D531A68 656C6C6F 20323926 27
340472	16	1,2,3,4,5	5: 0x0200A0B2 10
340505	16	1,2,3,4,5	74: 0x61DC91CD AB020002 00020002 00100010 00100010 007CD700 3F020100 01000100 01E31603 01992000 00100010 00100010 06000600 06000600 00F0162E 223D531A 68656C6C 6F203239 BE85
340508	2	3,4,5,6,7,8,9,16	5: 0x020091B8 30
340511	2	3,4,5,6,7,8,9,16	74: 0x61DC8CCD AB060006 00060006 00020002 00020002 007CD700 3E020100 01000100 01E31603 00992000 00100010 00100010 02000200 02000200 00F0162E 223D531A 68656C6C 6F203239 CB81
340514	6	2,3,7,8,9,12,13	5: 0x02008CDC FB
340662	10	3,4,5,7,8,9,11,13,14,15	57: 0x61DC14CD AB050005 00050005 000A000A 000A000A 007EF500 02010001 00010001 E1066304 00000200 F0223D16 2E521368 656C6C6F 203330DD B9
340664	5	2,3,4,8,9,10,11,16	5: 0x0200141D E3
340669	5	2,3,4,8,9,10,11,16	66: 0x61DCDCCD AB100010 00100010 00050005 00050005 007CD500 3F020A00 0A000A00 0A020100 01000100 01E10663 04000001 80F0223D 162E5213 68656C6C 6F203330 7AAB
340672	16	1,2,3,4,5	5: 0x0200DC59 A9
340694	16	1,2,3,4,5	58: 0x61DC92CD AB010001 00010001 00100010 00100010 007CD700 3E020A00 0A000A00 0AE10663 04000001 00F0223D 162E5213 68656C6C 6F203330 B41D
340696	1	16	5: 0x02009223 02
340715	1	16	65: 0x61DCA1CD AB100010 00100010 00010001 00010001 007EF700 E3160302 99200000 05000500 0500050A 000A000A 000A0000 F0162E22 3D521368 656C6C6F 203330B5 07
340718	16	1,2,3,4,5	5: 0x0200A13B 01
340749	16	1,2,3,4,5	74: 0x61DC93CD AB050005 00050005 00100010 00100010 007CD700 3F020100 01000100 01E31603 01992000 00100010 00100010 0A000A00 0A000A00 00F0162E 223D5213 68656C6C 6F203330 978A
340752	5	2,3,4,8,9,10,11,16	5: 0x020093AA 13
340773	5	2,3,4,8,9,10,11,16	74: 0x61DCDDCD AB0A000A 000A000A 00050005 00050005 007CD700 3E020100 01000100 01E31603 00992000 00100010 00100010 05000500 05000500 00F0162E 223D5213 68656C6C 6F203330 64B0
340776	10	3,4,5,7,8,9,11,13,14,15	5: 0x0200DDD0 B8
340781	9	2,3,4,5,6,7,8,10,11,12,13,14,15	57: 0x61DC73CD AB050005 00050005 00090009 00090009 007EF500 02010001 00010001 E1066304 00000200 F0223D16 2E530E68 656C6C6F 20323984 8E
340783	5	2,3,4,8,9,10,11,16	5: 0x020073A4 F4
340802	5	2,3,4,8,9,10,11,16	66: 0x61DCDECD AB100010 00100010 00050005 00050005 007CD500 3F020900 09000900 09020100 01000100 01E10663 04000001 80F0223D 162E530E 68656C6C 6F203239 6A6E
340805	16	1,2,3,4,5	5: 0x0200DE4B 8A
340809	16	1,2,3,4,5	58: 0x61DC94CD AB010001 00010001 00100010 00100010 007CD700 3E020900 09000900 09E10663 04000001 00F0223D 162E530E 68656C6C 6F203239 0021
340811	1	16	5: 0x02009415 67
340819	1	16	65: 0x61DCA2CD AB100010 00100010 00010001 00010001 007EF700 E3160302 99200000 05000500 05000509 00090009 00090000 F0162E22 3D530E68 656C6C6F 203239E0 B3
340822	16	1,2,3,4,5	5: 0x0200A2A0 33
340827	16	1,2,3,4,5	74: 0x61DC95CD AB050005 00050005 00100010 00100010 007CD700 3F020100 01000100 01E31603 01992000 00100010 00100010 09000900 09000900 00F0162E 223D530E 68656C6C 6F203239 F9EE
340830	5	2,3,4,8,9,10,11,16	5: 0x0200959C 76
340867	5	2,3,4,8,9,10,11,16	74: 0x61DCDFCD AB090009 00090009 00050005 00050005 007CD700 3E020100 01000100 01E31603 00992000 00100010 00100010 05000500 05000500 00F0162E 223D530E 68656C6C 6F203239 E28A
340870	9	2,3,4,5,6,7,8,10,11,12,13,14,15	5: 0x0200DFC2 9B
341715	2	3,4,5,6,7,8,9,16	57: 0x61DC8DCD AB100010 00100010 00020002 00020002 007EF500 02010001 00010001 E1066304 00000180 F0223D16 2E523368 656C6C6F 20333015 72
341717	16	1,2,3,4,5	5: 0x02008D55 EA
341749	16	1,2,3,4,5	58: 0x61DC96CD AB010001 00010001 00100010 00100010 007CD700 3F020200 02000200 02E10663 04000001 00F0223D 162E5233 68656C6C 6F203330 610F
341751	1	16	5: 0x02009607 44
341768	1	16	57: 0x61DCA3CD AB100010 00100010 00010001 00010001 007EF700 E30E0301 99100000 02000200 02000200 F0162E22 3D523368 656C6C6F 20333029 4F
341770	16	1,2,3,4,5	5: 0x0200A329 22
341795	16	1,2,3,4,5	66: 0x61DC97CD AB020002 00020002 00100010 00100010 007CD700 3F020100 01000100 01E30E03 00991000 00100010 00100010 00F0162E 223D5233 68656C6C 6F203330 1A1D
341798	2	3,4,5,6,7,8,9,16	5: 0x0200978E 55
343263	3	2,4,5,6,7,8,9,10,16	57: 0x61DCD5CD AB100010 00100010 00030003 00030003 007EF500 02010001 00010001 E1066304 00000180 F0223D16 2E522E68 656C6C6F 203331B9 95
343265	16	1,2,3,4,5	5: 0x0200D598 34
343282	16	1,2,3,4,5	58: 0x61DC98CD AB010001 00010001 00100010 00100010 007CD700 3F020300 03000300 03E10663 04000001 00F0223D 162E522E 68656C6C 6F203331 7AE1
343284	1	16	5: 0x02009879 AD
343297	1	16	57: 0x61DCA4CD AB100010 00100010 00010001 00010001 007EF700 E30E0301 99100000 03000300 03000300 F0162E22 3D522E68 656C6C6F 2033310E DC
343299	16	1,2,3,4,5	5: 0x0200A496 56
343321	16	1,2,3,4,5	66: 0x61DC99CD AB030003 00030003 00100010 00100010 007CD700 3F020100 01000100 01E30E03 00991000 00100010 00100010 00F0162E 223D522E 68656C6C 6F203331 1820
343324	3	2,4,5,6,7,8,9,10,16	5: 0x020099F0 BC
343613	5	2,3,4,8,9,10,11,16	57: 0x61DCE0CD AB100010 00100010 00050005 00050005 007EF500 02010001 00010001 E1066304 00000180 F0223D16 2E522668 656C6C6F 203331FE A8
343615	16	1,2,3,4,5	5: 0x0200E0B6 52
343641	16	1,2,3,4,5	58: 0x61DC9ACD AB010001 00010001 00100010 00100010 007CD700 3F020500 05000500 05E10663 04000001 00F0223D 162E5226 68656C6C 6F203331 0526
343643	1	16	5: 0x02009A6B 8E
343659	1	16	57: 0x61DCA5CD AB100010 00100010 00010001 00010001 007EF700 E30E0301 99100000 05000500 05000500 F0162E22 3D522668 656C6C6F 203331ED EB
343661	16	1,2,3,4,5	5: 0x0200A51F 47
343693	16	1,2,3,4,5	66: 0x61DC9BCD AB050005 00050005 00100010 00100010 007CD700 3F020100 01000100 01E30E03 00991000 00100010 00100010 00F0162E 223D5226 68656C6C 6F203331 D00A
343696	5	2,3,4,8,9,10,11,16	5: 0x02009BE2 9F
344015	14	7,8,9,10,11,12,13,15	57: 0x61DCB8CD AB080008 00080008 000E000E 000E000E 007EF500 02010001 00010001 E1066304 00000280 F0223D16 2E52FA68 656C6C6F 203239D6 38
344017	8	2,3,4,5,6,7,9,10,11,12,13,14,15	5: 0x0200B87B 8C
344028	8	2,3,4,5,6,7,9,10,11,12,13,14,15	66: 0x61DCD9CD AB050005 00050005 00080008 00080008 007CD500 3F020E00 0E000E00 0E020100 01000100 01E10663 04000002 00F0223D 162E52FA 68656C6C 6F203239 0020
344031	5	2,3,4,8,9,10,11,16	5: 0x0200D9F4 FE
344035	5	2,3,4,8,9,10,11,16	66: 0x61DCE1CD AB100010 00100010 00050005 00050005 007CD500 3E020E00 0E000E00 0E020100 01000100 01E10663 04000001 80F0223D 162E52FA 68656C6C 6F203239 F960
344038	16	1,2,3,4,5	5: 0x0200E13F 43
344081	16	1,2,3,4,5	58: 0x61DC9CCD AB010001 00010001 00100010 00100010 007CD700 3D020E00 0E000E00 0EE10663 04000001 00F0223D 162E52FA 68656C6C 6F203239 6979
344083	1	16	5: 0x02009C5D EB
344107	1	16	73: 0x61DCA6CD AB100010 00100010 00010001 00010001 007EF700 E31E0303 99300000 05000500 05000508 00080008 00080E00 0E000E00 0E000000 F0162E22 3D52FA68 656C6C6F 203239B0 F1
344110	16	1,2,3,4,5	5: 0x0200A684 75
344148	16	1,2,3,4,5	82: 0x61DC9DCD AB050005 00050005 00100010 00100010 007CD700 3F020100 01000100 01E31E03 02993000 00100010 00100010 08000800 0800080E 000E000E 000E0000 00F0162E 223D52FA 68656C6C 6F203239 8DF2
344151	5	2,3,4,8,9,10,11,16	5: 0x02009DD4 FA
344181	5	2,3,4,8,9,10,11,16	82: 0x61DCE2CD AB080008 00080008 00050005 00050005 007CD700 3E020100 01000100 01E31E03 01993000 00100010 00100010 05000500 0500050E 000E000E 000E0000 00F0162E 223D52FA 68656C6C 6F203239 AB30
344184	8	2,3,4,5,6,7,9,10,11,12,13,14,15	5: 0x0200E2A4 71
344195	8	2,3,4,5,6,7,9,10,11,12,13,14,15	82: 0x61DCDACD AB0E000E 000E000E 00080008 00080008 007CD700 3D020100 01000100 01E31E03 00993000 00100010 00100010 05000500 05000508 00080008 00080000 00F0162E 223D52FA 68656C6C 6F203239 5F37
344198	14	7,8,9,10,11,12,13,15	5: 0x0200DA6F CC
345036	11	4,5,8,9,10,14,15	57: 0x61DC1ECD AB050005 00050005 000B000B 000B000B 007EF500 02010001 00010001 E1066304 00000200 F0223D16 2E520F68 656C6C6F 203330DE 3F
345038	5	2,3,4,8,9,10,11,16	5: 0x02001E47 4C
345060	5	2,3,4,8,9,10,11,16	66: 0x61DCE3CD AB100010 00100010 00050005 00050005 007CD500 3F020B00 0B000B00 0B020100 01000100 01E10663 04000001 80F0223D 162E520F 68656C6C 6F203330 23ED
345063	16	1,2,3,4,5	5: 0x0200E32D 60
345106	16	1,2,3,4,5	58: 0x61DC9ECD AB010001 00010001 00100010 00100010 007CD700 3E020B00 0B000B00 0BE10663 04000001 00F0223D 162E520F 68656C6C 6F203330 690D
345108	1	16	5: 0x02009E4F C8
345132	4	2,3,5,7,8,9,10,11,16	57: 0x61DC0ACD AB100010 00100010 00040004 00040004 007EF500 02010001 00010001 E1066304 00000180 F0223D16 2E522A68 656C6C6F 20333190 38
345134	16	1,2,3,4,5	5: 0x02000AE2 1A
345138	1	16	65: 0x61DCA7CD AB100010 00100010 00010001 00010001 007EF700 E3160302 99200000 05000500 0500050B 000B000B 000B0000 F0162E22 3D520F68 656C6C6F 2033303F 54
345141	16	1,2,3,4,5	5: 0x0200A70D 64
345165	16	1,2,3,4,5	74: 0x61DCA0CD AB050005 00050005 00100010 00100010 007CD700 3F020100 01000100 01E31603 01992000 00100010 00100010 0B000B00 0B000B00 00F0162E 223D520F 68656C6C 6F203330 2917
345168	5	2,3,4,8,9,10,11,16	5: 0x0200A0B2 10
345176	16	1,2,3,4,5	58: 0x61DC9FCD AB010001 00010001 00100010 00100010 007CD700 3F020400 04000400 04E10663 04000001 00F0223D 162E522A 68656C6C 6F203331 FF02
345178	1	16	5: 0x02009FC6 D9
345216	1	16	57: 0x61DCA8CD AB100010 00100010 00010001 00010001 007EF700 E30E0301 99100000 04000400 04000400 F0162E22 3D522A68 656C6C6F 20333183 48
345218	16	1,2,3,4,5	5: 0x0200A8FA 9C
345251	5	2,3,4,8,9,10,11,16	74: 0x61DCE4CD AB0B000B 000B000B 00050005 00050005 007CD700 3E020100 01000100 01E31603 00992000 00100010 00100010 05000500 05000500 00F0162E 223D520F 68656C6C 6F203330 E5EE
345254	11	4,5,8,9,10,14,15	5: 0x0200E492 14
345261	16	1,2,3,4,5	66: 0x61DCA1CD AB040004 00040004 00100010 00100010 007CD700 3F020100 01000100 01E30E03 00991000 00100010 00100010 00F0162E 223D522A 68656C6C 6F203331 EB29
345264	4	2,3,5,7,8,9,10,11,16	5: 0x0200A13B 01
345964	12	6,7,8,9,13,14,15	57: 0x61DC5FCD AB080008 00080008 000C000C 000C000C 007EF500 02010001 00010001 E1066304 00000280 F0223D16 2E530268 656C6C6F 203239E3 B9
345966	8	2,3,4,5,6,7,9,10,11,12,13,14,15	5: 0x02005FCA 1F
345976	8	2,3,4,5,6,7,9,10,11,12,13,14,15	66: 0x61DCDBCD AB050005 00050005 00080008 00080008 007CD500 3F020C00 0C000C00 0C020100 01000100 01E10663 04000002 00F0223D 162E5302 68656C6C 6F203239 A4E6
345979	5	2,3,4,8,9,10,11,16	5: 0x0200DBE6 DD
346001	5	2,3,4,8,9,10,11,16	66: 0x61DCE5CD AB100010 00100010 00050005 00050005 007CD500 3E020C00 0C000C00 0C020100 01000100 01E10663 04000001 80F0223D 162E5302 68656C6C 6F203239 2CAF
346004	16	1,2,3,4,5	5: 0x0200E51B 05
346037	16	1,2,3,4,5	58: 0x61DCA2CD AB010001 00010001 00100010 00100010 007CD700 3D020C00 0C000C00 0CE10663 04000001 00F0223D 162E5302 68656C6C 6F203239 0DC2
346039	1	16	5: 0x0200A2A0 33
346076	1	16	73: 0x61DCA9CD AB100010 00100010 00010001 00010001 007EF700 E31E0303 99300000 05000500 05000508 00080008 00080C00 0C000C00 0C000000 F0162E22 3D530268 656C6C6F 2032395A D1
346079	16	1,2,3,4,5	5: 0x0200A973 8D
346091	16	1,2,3,4,5	82: 0x61DCA3CD AB050005 00050005 00100010 00100010 007CD700 3F020100 01000100 01E31E03 02993000 00100010 00100010 08000800 0800080C 000C000C 000C0000 00F0162E 223D5302 68656C6C 6F203239 E1C0
346094	5	2,3,4,8,9,10,11,16	5: 0x0200A329 22
346132	5	2,3,4,8,9,10,11,16	82: 0x61DCE6CD AB080008 00080008 00050005 00050005 007CD700 3E020100 01000100 01E31E03 01993000 00100010 00100010 05000500 0500050C 000C000C 000C0000 00F0162E 223D5302 68656C6C 6F203239 FC50
346135	8	2,3,4,5,6,7,9,10,11,12,13,14,15	5: 0x0200E680 37
346159	8	2,3,4,5,6,7,9,10,11,12,13,14,15	82: 0x61DCDCCD AB0C000C 000C000C 00080008 00080008 007CD700 3D020100 01000100 01E31E03 00993000 00100010 00100010 05000500 05000508 00080008 00080000 00F0162E 223D5302 68656C6C 6F203239 F106
346162	12	6,7,8,9,13,14,15	5: 0x0200DC59 A9
346202	8	2,3,4,5,6,7,9,10,11,12,13,14,15	57: 0x61DCDDCD AB050005 00050005 00080008 00080008 007EF500 02010001 00010001 E1066304 00000200 F0223D16 2E521B68 656C6C6F 20333038 E9
346204	5	2,3,4,8,9,10,11,16	5: 0x0200DDD0 B8
346241	5	2,3,4,8,9,10,11,16	66: 0x61DCE7CD AB100010 00100010 00050005 00050005 007CD500 3F020800 08000800 08020100 01000100 01E10663 04000001 80F0223D 162E521B 68656C6C 6F203330 4BBB
346244	16	1,2,3,4,5	5: 0x0200E709 26
346253	16	1,2,3,4,5	58: 0x61DCA4CD AB010001 00010001 00100010 00100010 007CD700 3E020800 08000800 08E10663 04000001 00F0223D 162E521B 68656C6C 6F203330 043A
346255	1	16	5: 0x0200A496 56
346261	1	16	65: 0x61DCAACD AB100010 00100010 00010001 00010001 007EF700 E3160302 99200000 05000500 05000508 00080008 00080000 F0162E22 3D521B68 656C6C6F 20333029 E6
346264	16	1,2,3,4,5	5: 0x0200AAE8 BF
346290	16	1,2,3,4,5	74: 0x61DCA5CD AB050005 00050005 00100010 00100010 007CD700 3F020100 01000100 01E31603 01992000 00100010 00100010 08000800 08000800 00F0162E 223D521B 68656C6C 6F203330 3949
346293	5	2,3,4,8,9,10,11,16	5: 0x0200A51F 47
346299	5	2,3,4,8,9,10,11,16	74: 0x61DCE8CD AB080008 00080008 00050005 00050005 007CD700 3E020100 01000100 01E31603 00992000 00100010 00100010 05000500 05000500 00F0162E 223D521B 68656C6C 6F203330 C1E7
346302	8	2,3,4,5,6,7,9,10,11,12,13,14,15	5: 0x0200E8FE DE
346411	7	2,3,4,6,8,9,10,12,13,14	57: 0x61DCAECD AB020002 00020002 00070007 00070007 007EF500 02010001 00010001 E1066304 00000200 F0223D16 2E531668 656C6C6F 20323905 FC
346413	2	3,4,5,6,7,8,9,16	5: 0x0200AECC F9
346451	2	3,4,5,6,7,8,9,16	66: 0x61DC8ECD AB100010 00100010 00020002 00020002 007CD500 3F020700 07000700 07020100 01000100 01E10663 04000001 80F0223D 162E5316 68656C6C 6F203239 9777
346454	16	1,2,3,4,5	5: 0x02008ECE D8
346492	16	1,2,3,4,5	58: 0x61DCA6CD AB010001 00010001 00100010 00100010 007CD700 3E020700 07000700 07E10663 04000001 00F0223D 162E5316 68656C6C 6F203239 5F80
346494	1	16	5: 0x0200A684 75
346503	1	16	65: 0x61DCABCD AB100010 00100010 00010001 00010001 007EF700 E3160302 99200000 02000200 02000207 00070007 00070000 F0162E22 3D531668 656C6C6F 203239B6 8F
346506	16	1,2,3,4,5	5: 0x0200AB61 AE
346547	16	1,2,3,4,5	74: 0x61DCA7CD AB020002 00020002 00100010 00100010 007CD700 3F020100 01000100 01E31603 01992000 00100010 00100010 07000700 07000700 00F0162E 223D5316 68656C6C 6F203239 1C0F
346550	2	3,4,5,6,7,8,9,16	5: 0x0200A70D 64
346553	2	3,4,5,6,7,8,9,16	74: 0x61DC8FCD AB070007 00070007 00020002 00020002 007CD700 3E020100 01000100 01E31603 00992000 00100010 00100010 02000200 02000200 00F0162E 223D5316 68656C6C 6F203239 05AE
346556	7	2,3,4,6,8,9,10,12,13,14	5: 0x02008F47 C9
348183	15	8,9,10,11,12,13,14	57: 0x61DCE3CD AB080008 00080008 000F000F 000F000F 007EF500 02010001 00010001 E1066304 00000280 F0223D16 2E52F668 656C6C6F 2032392E 38
348185	8	2,3,4,5,6,7,9,10,11,12,13,14,15	5: 0x0200E32D 60
348194	8	2,3,4,5,6,7,9,10,11,12,13,14,15	66: 0x61DCDECD AB050005 00050005 00080008 00080008 007CD500 3F020F00 0F000F00 0F020100 01000100 01E10663 04000002 00F0223D 162E52F6 68656C6C 6F203239 F636
348197	5	2,3,4,8,9,10,11,16	5: 0x0200DE4B 8A
348221	5	2,3,4,8,9,10,11,16	66: 0x61DCE9CD AB100010 00100010 00050005 00050005 007CD500 3E020F00 0F000F00 0F020100 01000100 01E10663 04000001 80F0223D 162E52F6 68656C6C 6F203239 5DE4
348224	16	1,2,3,4,5	5: 0x0200E977 CF
348227	16	1,2,3,4,5	58: 0x61DCA8CD AB010001 00010001 00100010 00100010 007CD700 3D020F00 0F000F00 0FE10663 04000001 00F0223D 162E52F6 68656C6C 6F203239 854A
348229	1	16	5: 0x0200A8FA 9C
348259	1	16	73: 0x61DCACCD AB100010 00100010 00010001 00010001 007EF700 E31E0303 99300000 05000500 05000508 00080008 00080F00 0F000F00 0F000000 F0162E22 3D52F668 656C6C6F 20323927 6C
348262	16	1,2,3,4,5	5: 0x0200ACDE DA
348290	16	1,2,3,4,5	82: 0x61DCA9CD AB050005 00050005 00100010 00100010 007CD700 3F020100 01000100 01E31E03 02993000 00100010 00100010 08000800 0800080F 000F000F 000F0000 00F0162E 223D52F6 68656C6C 6F203239 D7B7
348293	5	2,3,4,8,9,10,11,16	5: 0x0200A973 8D
348306	5	2,3,4,8,9,10,11,16	82: 0x61DCEACD AB080008 00080008 00050005 00050005 007CD700 3E020100 01000100 01E31E03 01993000 00100010 00100010 05000500 0500050F 000F000F 000F0000 00F0162E 223D52F6 68656C6C 6F203239 09CC
348309	8	2,3,4,5,6,7,9,10,11,12,13,14,15	5: 0x0200EAEC FD
348313	8	2,3,4,5,6,7,9,10,11,12,13,14,15	82: 0x61DCDFCD AB0F000F 000F000F 00080008 00080008 007CD700 3D020100 01000100 01E31E03 00993000 00100010 00100010 05000500 05000508 00080008 00080000 00F0162E 223D52F6 68656C6C 6F203239 9EB8
348316	15	8,9,10,11,12,13,14	5: 0x0200DFC2 9B
349395	6	2,3,7,8,9,12,13	57: 0x61DC0BCD AB020002 00020002 00060006 00060006 007EF500 02010001 00010001 E1066304 00000201 F0223D16 2E522368 656C6C6F 2033305A B5
349397	2	3,4,5,6,7,8,9,16	5: 0x02000B6B 0B
349418	2	3,4,5,6,7,8,9,16	66: 0x61DC90CD AB100010 00100010 00020002 00020002 007CD500 3F020600 06000600 06020100 01000100 01E10663 04000001 80F0223D 162E5223 68656C6C 6F203330 91A9
349421	16	1,2,3,4,5	5: 0x02009031 21
349453	16	1,2,3,4,5	58: 0x61DCAACD AB010001 00010001 00100010 00100010 007CD700 3E020600 06000600 06E10663 04000001 00F0223D 162E5223 68656C6C 6F203330 B2FD
349455	1	16	5: 0x0200AAE8 BF
349490	1	16	65: 0x61DCADCD AB100010 00100010 00010001 00010001 007EF700 E3160302 99200000 02000200 02000206 00060006 00060000 F0162E22 3D522368 656C6C6F 2033300C B1
349493	16	1,2,3,4,5	5: 0x0200AD57 CB
349536	16	1,2,3,4,5	74: 0x61DCABCD AB020002 00020002 00100010 00100010 007CD700 3F020100 01000100 01E31603 01992000 00100010 00100010 06000600 06000600 00F0162E 223D5223 68656C6C 6F203330 C199
349539	2	3,4,5,6,7,8,9,16	5: 0x0200AB61 AE
349578	2	3,4,5,6,7,8,9,16	74: 0x61DC91CD AB060006 00060006 00020002 00020002 007CD700 3E020100 01000100 01E31603 00992000 00100010 00100010 02000200 02000200 00F0162E 223D5223 68656C6C 6F203330 0AD0
349581	6	2,3,7,8,9,12,13	5: 0x020091B8 30
350070	12	6,7,8,9,13,14,15	102: 0x61DC60CD AB0E000E 000E000E 000C000C 000C000C 007A333A 9B01FD58 00F00280 08F00000 FD000000 00000000 02010001 00010001 040E0008 0C000400 00800001 001E003C 081E4040 FFFFFFFF FFFFFFFF 00000000 FD000000 00000000 00000000 00000000 1453
350074	14	7,8,9,10,11,12,13,15	5: 0x020060BE D6
350120	10	3,4,5,7,8,9,11,13,14,15	57: 0x61DC15CD AB050005 00050005 000A000A 000A000A 007EF500 02010001 00010001 E1066304 00000200 F0223D16 2E521268 656C6C6F 203331CA 21
350122	5	2,3,4,8,9,10,11,16	5: 0x02001594 F2
350142	5	2,3,4,8,9,10,11,16	66: 0x61DCEBCD AB100010 00100010 00050005 00050005 007CD500 3F020A00 0A000A00 0A020100 01000100 01E10663 04000001 80F0223D 162E5212 68656C6C 6F203331 67CA
350145	16	1,2,3,4,5	5: 0x0200EB65 EC
350184	16	1,2,3,4,5	58: 0x61DCACCD AB010001 00010001 00100010 00100010 007CD700 3E020A00 0A000A00 0AE10663 04000001 00F0223D 162E5212 68656C6C 6F203331 A272
350186	1	16	5: 0x0200ACDE DA
350224	1	16	65: 0x61DCAECD AB100010 00100010 00010001 00010001 007EF700 E3160302 99200000 05000500 0500050A 000A000A 000A0000 F0162E22 3D521268 656C6C6F 20333137 B0
350227	16	1,2,3,4,5	5: 0x0200AECC F9
350230	16	1,2,3,4,5	74: 0x61DCADCD AB050005 00050005 00100010 00100010 007CD700 3F020100 01000100 01E31603 01992000 00100010 00100010 0A000A00 0A000A00 00F0162E 223D5212 68656C6C 6F203331 9228
350233	5	2,3,4,8,9,10,11,16	5: 0x0200AD57 CB
350253	5	2,3,4,8,9,10,11,16	74: 0x61DCECCD AB0A000A 000A000A 00050005 00050005 007CD700 3E020100 01000100 01E31603 00992000 00100010 00100010 05000500 05000500 00F0162E 223D5212 68656C6C 6F203331 E823
350256	10	3,4,5,7,8,9,11,13,14,15	5: 0x0200ECDA 98
350740	13	6,7,8,9,10,12,14,15	57: 0x61DC75CD AB080008 00080008 000D000D 000D000D 007EF500 02010001 00010001 E1066304 00000280 F0223D16 2E52FE68 656C6C6F 203239B2 8B
350742	8	2,3,4,5,6,7,9,10,11,12,13,14,15	5: 0x02007592 91
350765	8	2,3,4,5,6,7,9,10,11,12,13,14,15	66: 0x61DCE0CD AB050005 00050005 00080008 00080008 007CD500 3F020D00 0D000D00 0D020100 01000100 01E10663 04000002 00F0223D 162E52FE 68656C6C 6F203239 06AF
350768	5	2,3,4,8,9,10,11,16	5: 0x0200E0B6 52
350794	5	2,3,4,8,9,10,11,16	66: 0x61DCEDCD AB100010 00100010 00050005 00050005 007CD500 3E020D00 0D000D00 0D020100 01000100 01E10663 04000001 80F0223D 162E52FE 68656C6C 6F203239 B62D
350797	16	1,2,3,4,5	5: 0x0200ED53 89
350835	16	1,2,3,4,5	58: 0x61DCAECD AB010001 00010001 00100010 00100010 007CD700 3D020D00 0D000D00 0DE10663 04000001 00F0223D 162E52FE 68656C6C 6F203239 7A2B
350837	1	16	5: 0x0200AECC F9
350847	1	16	73: 0x61DCAFCD AB100010 00100010 00010001 00010001 007EF700 E31E0303 99300000 05000500 05000508 00080008 00080D00 0D000D00 0D000000 F0162E22 3D52FE68 656C6C6F 20323936 15
350850	16	1,2,3,4,5	5: 0x0200AF45 E8
350854	16	1,2,3,4,5	82: 0x61DCAFCD AB050005 00050005 00100010 00100010 007CD700 3F020100 01000100 01E31E03 02993000 00100010 00100010 08000800 0800080D 000D000D 000D0000 00F0162E 223D52FE 68656C6C 6F203239 F070
350857	5	2,3,4,8,9,10,11,16	5: 0x0200AF45 E8
350869	9	2,3,4,5,6,7,8,10,11,12,13,14,15	57: 0x61DC74CD AB050005 00050005 00090009 00090009 007EF500 02010001 00010001 E1066304 00000200 F0223D16 2E521768 656C6C6F 20333012 A6
350871	5	2,3,4,8,9,10,11,16	5: 0x0200741B 80
350885	5	2,3,4,8,9,10,11,16	66: 0x61DCEFCD AB100010 00100010 00050005 00050005 007CD500 3F020900 09000900 09020100 01000100 01E10663 04000001 80F0223D 162E5217 68656C6C 6F203330 EF3F
350888	16	1,2,3,4,5	5: 0x0200EF41 AA
350891	5	2,3,4,8,9,10,11,16	82: 0x61DCEECD AB080008 00080008 00050005 00050005 007CD700 3E020100 01000100 01E31E03 01993000 00100010 00100010 05000500 0500050D 000D000D 000D0000 00F0162E 223D52FE 68656C6C 6F203239 60AA
350894	8	2,3,4,5,6,7,9,10,11,12,13,14,15	5: 0x0200EEC8 BB
350908	16	1,2,3,4,5	58: 0x61DCB0CD AB010001 00010001 00100010 00100010 007CD700 3E020900 09000900 09E10663 04000001 00F0223D 162E5217 68656C6C 6F203330 6272
350910	1	16	5: 0x0200B033 00
350934	8	2,3,4,5,6,7,9,10,11,12,13,14,15	82: 0x61DCE1CD AB0D000D 000D000D 00080008 00080008 007CD700 3D020100 01000100 01E31E03 00993000 00100010 00100010 05000500 05000508 00080008 00080000 00F0162E 223D52FE 68656C6C 6F203239 7B7C
350937	13	6,7,8,9,10,12,14,15	5: 0x0200E13F 43
350947	1	16	65: 0x61DCB0CD AB100010 00100010 00010001 00010001 007EF700 E3160302 99200000 05000500 05000509 00090009 00090000 F0162E22 3D521768 656C6C6F 203330B2 7A
350950	16	1,2,3,4,5	5: 0x0200B033 00
350978	16	1,2,3,4,5	74: 0x61DCB1CD AB050005 00050005 00100010 00100010 007CD700 3F020100 01000100 01E31603 01992000 00100010 00100010 09000900 09000900 00F0162E 223D5217 68656C6C 6F203330 AD66
350981	5	2,3,4,8,9,10,11,16	5: 0x0200B1BA 11
351001	5	2,3,4,8,9,10,11,16	74: 0x61DCF0CD AB090009 00090009 00050005 00050005 007CD700 3E020100 01000100 01E31603 00992000 00100010 00100010 05000500 05000500 00F0162E 223D5217 68656C6C 6F203330 9543
351004	9	2,3,4,5,6,7,8,10,11,12,13,14,15	5: 0x0200F037 42
351392	2	3,4,5,6,7,8,9,16	57: 0x61DC92CD AB100010 00100010 00020002 00020002 007EF500 02010001 00010001 E1066304 00000180 F0223D16 2E523268 656C6C6F 203331E8 56
351394	16	1,2,3,4,5	5: 0x02009223 02
351433	16	1,2,3,4,5	58: 0x61DCB2CD AB010001 00010001 00100010 00100010 007CD700 3F020200 02000200 02E10663 04000001 00F0223D 162E5232 68656C6C 6F203331 EA65
351435	1	16	5: 0x0200B221 23
351467	1	16	57: 0x61DCB1CD AB100010 00100010 00010001 00010001 007EF700 E30E0301 99100000 02000200 02000200 F0162E22 3D523268 656C6C6F 20333176 B5
351469	16	1,2,3,4,5	5: 0x0200B1BA 11
351508	16	1,2,3,4,5	66: 0x61DCB3CD AB020002 00020002 00100010 00100010 007CD700 3F020100 01000100 01E30E03 00991000 00100010 00100010 00F0162E 223D5232 68656C6C 6F203331 C03D
351511	2	3,4,5,6,7,8,9,16	5: 0x0200B3A8 32
353040	14	7,8,9,10,11,12,13,15	57: 0x61DCB9CD AB080008 00080008 000E000E 000E000E 007EF500 02010001 00010001 E1066304 00000280 F0223D16 2E520368 656C6C6F 20333082 60
353042	8	2,3,4,5,6,7,9,10,11,12,13,14,15	5: 0x0200B9F2 9D
353083	8	2,3,4,5,6,7,9,10,11,12,13,14,15	66: 0x61DCE2CD AB050005 00050005 00080008 00080008 007CD500 3F020E00 0E000E00 0E020100 01000100 01E10663 04000002 00F0223D 162E5203 68656C6C 6F203330 BC93
353086	5	2,3,4,8,9,10,11,16	5: 0x0200E2A4 71
353096	5	2,3,4,8,9,10,11,16	66: 0x61DCF1CD AB100010 00100010 00050005 00050005 007CD500 3E020E00 0E000E00 0E020100 01000100 01E10663 04000001 80F0223D 162E5203 68656C6C 6F203330 B93D
353099	16	1,2,3,4,5	5: 0x0200F1BE 53
353112	16	1,2,3,4,5	58: 0x61DCB4CD AB010001 00010001 00100010 00100010 007CD700 3D020E00 0E000E00 0EE10663 04000001 00F0223D 162E5203 68656C6C 6F203330 3E04
353114	1	16	5: 0x0200B417 46
353155	1	16	73: 0x61DCB2CD AB100010 00100010 00010001 00010001 007EF700 E31E0303 99300000 05000500 05000508 00080008 00080E00 0E000E00 0E000000 F0162E22 3D520368 656C6C6F 203330C8 8D
353158	16	1,2,3,4,5	5: 0x0200B221 23
353191	16	1,2,3,4,5	82: 0x61DCB5CD AB050005 00050005 00100010 00100010 007CD700 3F020100 01000100 01E31E03 02993000 00100010 00100010 08000800 0800080E 000E000E 000E0000 00F0162E 223D5203 68656C6C 6F203330 EABF
353194	5	2,3,4,8,9,10,11,16	5: 0x0200B59E 57
353199	5	2,3,4,8,9,10,11,16	82: 0x61DCF2CD AB080008 00080008 00050005 00050005 007CD700 3E020100 01000100 01E31E03 01993000 00100010 00100010 05000500 0500050E 000E000E 000E0000 00F0162E 223D5203 68656C6C 6F203330 B98E
353202	8	2,3,4,5,6,7,9,10,11,12,13,14,15	5: 0x0200F225 61
353224	8	2,3,4,5,6,7,9,10,11,12,13,14,15	82: 0x61DCE3CD AB0E000E 000E000E 00080008 00080008 007CD700 3D020100 01000100 01E31E03 00993000 00100010 00100010 05000500 05000508 00080008 00080000 00F0162E 223D5203 68656C6C 6F203330 BA08
353227	14	7,8,9,10,11,12,13,15	5: 0x0200E32D 60
353332	13	6,7,8,9,10,12,14,15	102: 0x61DC76CD AB0A000A 000A000A 000D000D 000D000D 007A333A 9B01FD64 00F00280 08F00000 FD000000 00000000 02010001 00010001 040E0008 0C000400 00800001 001E003C 081E4040 FFFFFFFF FFFFFFFF 00000000 FD000000 00000000 00000000 00000000 C4EE
353336	10	3,4,5,7,8,9,11,13,14,15	5: 0x02007609 A3
353629	5	2,3,4,8,9,10,11,16	57: 0x61DCF3CD AB100010 00100010 00050005 00050005 007EF500 02010001 00010001 E1066304 00000180 F0223D16 2E522568 656C6C6F 2033322A 2E
353631	16	1,2,3,4,5	5: 0x0200F3AC 70
353639	16	1,2,3,4,5	58: 0x61DCB6CD AB010001 00010001 00100010 00100010 007CD700 3F020500 05000500 05E10663 04000001 00F0223D 162E5225 68656C6C 6F203332 8C6E
353641	1	16	5: 0x0200B605 65
353676	1	16	57: 0x61DCB3CD AB100010 00100010 00010001 00010001 007EF700 E30E0301 99100000 05000500 05000500 F0162E22 3D522568 656C6C6F 203332E5 A0
353678	16	1,2,3,4,5	5: 0x0200B3A8 32
353685	16	1,2,3,4,5	66: 0x61DCB7CD AB050005 00050005 00100010 00100010 007CD700 3F020100 01000100 01E30E03 00991000 00100010 00100010 00F0162E 223D5225 68656C6C 6F203332 5176
353688	5	2,3,4,8,9,10,11,16	5: 0x0200B78C 74
353740	3	2,4,5,6,7,8,9,10,16	57: 0x61DCD6CD AB100010 00100010 00030003 00030003 007EF500 02010001 00010001 E1066304 00000180 F0223D16 2E522D68 656C6C6F 20333291 35
353742	16	1,2,3,4,5	5: 0x0200D603 06
353747	16	1,2,3,4,5	58: 0x61DCB8CD AB010001 00010001 00100010 00100010 007CD700 3F020300 03000300 03E10663 04000001 00F0223D 162E522D 68656C6C 6F203332 6C7E
353749	1	16	5: 0x0200B87B 8C
353787	1	16	57: 0x61DCB4CD AB100010 00100010 00010001 00010001 007EF700 E30E0301 99100000 03000300 03000300 F0162E22 3D522D68 656C6C6F 2033326E 1E
353789	16	1,2,3,4,5	5: 0x0200B417 46
353811	16	1,2,3,4,5	66: 0x61DCB9CD AB030003 00030003 00100010 00100010 007CD700 3F020100 01000100 01E30E03 00991000 00100010 00100010 00F0162E 223D522D 68656C6C 6F203332 7B4E
353814	3	2,4,5,6,7,8,9,10,16	5: 0x0200B9F2 9D
354691	11	4,5,8,9,10,14,15	57: 0x61DC1FCD AB050005 00050005 000B000B 000B000B 007EF500 02010001 00010001 E1066304 00000200 F0223D16 2E520E68 656C6C6F 203331C9 A7
354693	5	2,3,4,8,9,10,11,16	5: 0x02001FCE 5D
354712	5	2,3,4,8,9,10,11,16	66: 0x61DCF4CD AB100010 00100010 00050005 00050005 007CD500 3F020B00 0B000B00 0B020100 01000100 01E10663 04000001 80F0223D 162E520E 68656C6C 6F203331 C106
354715	16	1,2,3,4,5	5: 0x0200F413 04
354748	16	1,2,3,4,5	58: 0x61DCBACD AB010001 00010001 00100010 00100010 007CD700 3E020B00 0B000B00 0BE10663 04000001 00F0223D 162E520E 68656C6C 6F203331 E267
354750	1	16	5: 0x0200BA69 AF
354780	1	16	65: 0x61DCB5CD AB100010 00100010 00010001 00010001 007EF700 E3160302 99200000 05000500 0500050B 000B000B 000B0000 F0162E22 3D520E68 656C6C6F 20333184 A4
354783	16	1,2,3,4,5	5: 0x0200B59E 57
354793	4	2,3,5,7,8,9,10,11,16	57: 0x61DC0BCD AB100010 00100010 00040004 00040004 007EF500 02010001 00010001 E1066304 00000180 F0223D16 2E522968 656C6C6F 2033326F 18
354795	16	1,2,3,4,5	5: 0x02000B6B 0B
354799	16	1,2,3,4,5	74: 0x61DCBBCD AB050005 00050005 00100010 00100010 007CD700 3F020100 01000100 01E31603 01992000 00100010 00100010 0B000B00 0B000B00 00F0162E 223D520E 68656C6C 6F203331 C7C0
354802	5	2,3,4,8,9,10,11,16	5: 0x0200BBE0 BE
354821	16	1,2,3,4,5	58: 0x61DCBCCD AB010001 00010001 00100010 00100010 007CD700 3F020400 04000400 04E10663 04000001 00F0223D 162E5229 68656C6C 6F203332 026E
354823	1	16	5: 0x0200BC5F CA
354828	5	2,3,4,8,9,10,11,16	74: 0x61DCF5CD AB0B000B 000B000B 00050005 00050005 007CD700 3E020100 01000100 01E31603 00992000 00100010 00100010 05000500 05000500 00F0162E 223D520E 68656C6C 6F203331 0AE0
354831	11	4,5,8,9,10,14,15	5: 0x0200F59A 15
354856	1	16	57: 0x61DCB6CD AB100010 00100010 00010001 00010001 007EF700 E30E0301 99100000 04000400 04000400 F0162E22 3D522968 656C6C6F 203332F5 10
354858	16	1,2,3,4,5	5: 0x0200B605 65
354870	16	1,2,3,4,5	66: 0x61DCBDCD AB040004 00040004 00100010 00100010 007CD700 3F020100 01000100 01E30E03 00991000 00100010 00100010 00F0162E 223D5229 68656C6C 6F203332 E21E
354873	4	2,3,5,7,8,9,10,11,16	5: 0x0200BDD6 DB
355420	7	2,3,4,6,8,9,10,12,13,14	57: 0x61DCAFCD AB020002 00020002 00070007 00070007 007EF500 02010001 00010001 E1066304 00000200 F0223D16 2E521F68 656C6C6F 2033306F A2
355422	2	3,4,5,6,7,8,9,16	5: 0x0200AF45 E8
355434	2	3,4,5,6,7,8,9,16	66: 0x61DC93CD AB100010 00100010 00020002 00020002 007CD500 3F020700 07000700 07020100 01000100 01E10663 04000001 80F0223D 162E521F 68656C6C 6F203330 9B41
355437	16	1,2,3,4,5	5: 0x020093AA 13
355445	16	1,2,3,4,5	58: 0x61DCBECD AB010001 00010001 00100010 00100010 007CD700 3E020700 07000700 07E10663 04000001 00F0223D 162E521F 68656C6C 6F203330 79BD
355447	1	16	5: 0x0200BE4D E9
355484	1	16	65: 0x61DCB7CD AB100010 00100010 00010001 00010001 007EF700 E3160302 99200000 02000200 02000207 00070007 00070000 F0162E22 3D521F68 656C6C6F 2033303A 25
355487	16	1,2,3,4,5	5: 0x0200B78C 74
355506	16	1,2,3,4,5	74: 0x61DCBFCD AB020002 00020002 00100010 00100010 007CD700 3F020100 01000100 01E31603 01992000 00100010 00100010 07000700 07000700 00F0162E 223D521F 68656C6C 6F203330 F8BE
355509	2	3,4,5,6,7,8,9,16	5: 0x0200BFC4 F8
355524	2	3,4,5,6,7,8,9,16	74: 0x61DC94CD AB070007 00070007 00020002 00020002 007CD700 3E020100 01000100 01E31603 00992000 00100010 00100010 02000200 02000200 00F0162E 223D521F 68656C6C 6F203330 96BF
355527	7	2,3,4,6,8,9,10,12,13,14	5: 0x02009415 67
355659	8	2,3,4,5,6,7,9,10,11,12,13,14,15	57: 0x61DCE4CD AB050005 00050005 00080008 00080008 007EF500 02010001 00010001 E1066304 00000200 F0223D16 2E521A68 656C6C6F 20333155 09
355661	5	2,3,4,8,9,10,11,16	5: 0x0200E492 14
355689	5	2,3,4,8,9,10,11,16	66: 0x61DCF6CD AB100010 00100010 00050005 00050005 007CD500 3F020800 08000800 08020100 01000100 01E10663 04000001 80F0223D 162E521A 68656C6C 6F203331 D859
355692	16	1,2,3,4,5	5: 0x0200F601 27
355714	16	1,2,3,4,5	58: 0x61DCC0CD AB010001 00010001 00100010 00100010 007CD700 3E020800 08000800 08E10663 04000001 00F0223D 162E521A 68656C6C 6F203331 9BA7
355716	1	16	5: 0x0200C0B4 73
355721	1	16	65: 0x61DCB8CD AB100010 00100010 00010001 00010001 007EF700 E3160302 99200000 05000500 05000508 00080008 00080000 F0162E22 3D521A68 656C6C6F 20333192 16
355724	16	1,2,3,4,5	5: 0x0200B87B 8C
355762	16	1,2,3,4,5	74: 0x61DCC1CD AB050005 00050005 00100010 00100010 007CD700 3F020100 01000100 01E31603 01992000 00100010 00100010 08000800 08000800 00F0162E 223D521A 68656C6C 6F203331 53CA
355765	5	2,3,4,8,9,10,11,16	5: 0x0200C13D 62
355782	5	2,3,4,8,9,10,11,16	74: 0x61DCF7CD AB080008 00080008 00050005 00050005 007CD700 3E020100 01000100 01E31603 00992000 00100010 00100010 05000500 05000500 00F0162E 223D521A 68656C6C 6F203331 8540
355785	8	2,3,4,5,6,7,9,10,11,12,13,14,15	5: 0x0200F788 36
356744	12	6,7,8,9,13,14,15	57: 0x61DC61CD AB080008 00080008 000C000C 000C000C 007EF500 02010001 00010001 E1066304 00000280 F0223D16 2E520B68 656C6C6F 203330F8 D2
356746	8	2,3,4,5,6,7,9,10,11,12,13,14,15	5: 0x02006137 C7
356764	8	2,3,4,5,6,7,9,10,11,12,13,14,15	66: 0x61DCE5CD AB050005 00050005 00080008 00080008 007CD500 3F020C00 0C000C00 0C020100 01000100 01E10663 04000002 00F0223D 162E520B 68656C6C 6F203330 E7DA
356767	5	2,3,4,8,9,10,11,16	5: 0x0200E51B 05
356772	5	2,3,4,8,9,10,11,16	66: 0x61DCF8CD AB100010 00100010 00050005 00050005 007CD500 3E020C00 0C000C00 0C020100 01000100 01E10663 04000001 80F0223D 162E520B 68656C6C 6F203330 2099
356775	16	1,2,3,4,5	5: 0x0200F87F CE
356785	16	1,2,3,4,5	58: 0x61DCC2CD AB010001 00010001 00100010 00100010 007CD700 3D020C00 0C000C00 0CE10663 04000001 00F0223D 162E520B 68656C6C 6F203330 9AD4
356787	1	16	5: 0x0200C2A6 50
356824	1	16	73: 0x61DCB9CD AB100010 00100010 00010001 00010001 007EF700 E31E0303 99300000 05000500 05000508 00080008 00080C00 0C000C00 0C000000 F0162E22 3D520B68 656C6C6F 2033305F 9E
356827	16	1,2,3,4,5	5: 0x0200B9F2 9D
356858	16	1,2,3,4,5	82: 0x61DCC3CD AB050005 00050005 00100010 00100010 007CD700 3F020100 01000100 01E31E03 02993000 00100010 00100010 08000800 0800080C 000C000C 000C0000 00F0162E 223D520B 68656C6C 6F203330 3696
356861	5	2,3,4,8,9,10,11,16	5: 0x0200C32F 41
356880	5	2,3,4,8,9,10,11,16	82: 0x61DCF9CD AB080008 00080008 00050005 00050005 007CD700 3E020100 01000100 01E31E03 01993000 00100010 00100010 05000500 0500050C 000C000C 000C0000 00F0162E 223D520B 68656C6C 6F203330 AEC6
356883	8	2,3,4,5,6,7,9,10,11,12,13,14,15	5: 0x0200F9F6 DF
356923	8	2,3,4,5,6,7,9,10,11,12,13,14,15	82: 0x61DCE6CD AB0C000C 000C000C 00080008 00080008 007CD700 3D020100 01000100 01E31E03 00993000 00100010 00100010 05000500 05000508 00080008 00080000 00F0162E 223D520B 68656C6C 6F203330 C3CE
356926	12	6,7,8,9,13,14,15	5: 0x0200E680 37
357898	15	8,9,10,11,12,13,14	57: 0x61DCE4CD AB080008 00080008 000F000F 000F000F 007EF500 02010001 00010001 E1066304 00000280 F0223D16 2E51FF68 656C6C6F 20333062 B7
357900	8	2,3,4,5,6,7,9,10,11,12,13,14,15	5: 0x0200E492 14
357919	8	2,3,4,5,6,7,9,10,11,12,13,14,15	66: 0x61DCE7CD AB050005 00050005 00080008 00080008 007CD500 3F020F00 0F000F00 0F020100 01000100 01E10663 04000002 00F0223D 162E51FF 68656C6C 6F203330 1A24
357922	5	2,3,4,8,9,10,11,16	5: 0x0200E709 26
357945	5	2,3,4,8,9,10,11,16	66: 0x61DCFACD AB100010 00100010 00050005 00050005 007CD500 3E020F00 0F000F00 0F020100 01000100 01E10663 04000001 80F0223D 162E51FF 68656C6C 6F203330 DD67
357948	16	1,2,3,4,5	5: 0x0200FA6D ED
357980	16	1,2,3,4,5	58: 0x61DCC4CD AB010001 00010001 00100010 00100010 007CD700 3D020F00 0F000F00 0FE10663 04000001 00F0223D 162E51FF 68656C6C 6F203330 C3D3
357982	1	16	5: 0x0200C490 35
357996	1	16	73: 0x61DCBACD AB100010 00100010 00010001 00010001 007EF700 E31E0303 99300000 05000500 05000508 00080008 00080F00 0F000F00 0F000000 F0162E22 3D51FF68 656C6C6F 20333086 D0
357999	16	1,2,3,4,5	5: 0x0200BA69 AF
358036	16	1,2,3,4,5	82: 0x61DCC5CD AB050005 00050005 00100010 00100010 007CD700 3F020100 01000100 01E31E03 02993000 00100010 00100010 08000800 0800080F 000F000F 000F0000 00F0162E 223D51FF 68656C6C 6F203330 D966
358039	5	2,3,4,8,9,10,11,16	5: 0x0200C519 24
358080	5	2,3,4,8,9,10,11,16	82: 0x61DCFBCD AB080008 00080008 00050005 00050005 007CD700 3E020100 01000100 01E31E03 01993000 00100010 00100010 05000500 0500050F 000F000F 000F0000 00F0162E 223D51FF 68656C6C 6F203330 CC7C
358083	8	2,3,4,5,6,7,9,10,11,12,13,14,15	5: 0x0200FBE4 FC
358103	8	2,3,4,5,6,7,9,10,11,12,13,14,15	82: 0x61DCE8CD AB0F000F 000F000F 00080008 00080008 007CD700 3D020100 01000100 01E31E03 00993000 00100010 00100010 05000500 05000508 00080008 00080000 00F0162E 223D51FF 68656C6C 6F203330 D2A7
358106	15	8,9,10,11,12,13,14	5: 0x0200E8FE DE
359052	6	2,3,7,8,9,12,13	102: 0x61DC0CCD AB090009 00090009 00060006 00060006 007A333A 9B01FE04 00F00200 08F00000 FD000000 00000000 02010001 00010001 040E0008 0C000400 00800001 001E003C 081E4040 FFFFFFFF FFFFFFFF 00000000 FD000000 00000000 00000000 00000000 F37C
359056	9	2,3,4,5,6,7,8,10,11,12,13,14,15	5: 0x02000CD4 7F
359324	6	2,3,7,8,9,12,13	57: 0x61DC0DCD AB020002 00020002 00060006 00060006 007EF500 02010001 00010001 E1066304 00000200 F0223D16 2E522268 656C6C6F 20333156 EE
359326	2	3,4,5,6,7,8,9,16	5: 0x02000D5D 6E
359338	2	3,4,5,6,7,8,9,16	66: 0x61DC95CD AB100010 00100010 00020002 00020002 007CD500 3F020600 06000600 06020100 01000100 01E10663 04000001 80F0223D 162E5222 68656C6C 6F203331 247C
359341	16	1,2,3,4,5	5: 0x0200959C 76
359344	16	1,2,3,4,5	58: 0x61DCC6CD AB010001 00010001 00100010 00100010 007CD700 3E020600 06000600 06E10663 04000001 00F0223D 162E5222 68656C6C 6F203331 C7FA
359346	1	16	5: 0x0200C682 16
359357	1	16	65: 0x61DCBBCD AB100010 00100010 00010001 00010001 007EF700 E3160302 99200000 02000200 02000206 00060006 00060000 F0162E22 3D522268 656C6C6F 20333156 97
359360	16	1,2,3,4,5	5: 0x0200BBE0 BE
359363	16	1,2,3,4,5	74: 0x61DCC7CD AB020002 00020002 00100010 00100010 007CD700 3F020100 01000100 01E31603 01992000 00100010 00100010 06000600 06000600 00F0162E 223D5222 68656C6C 6F203331 FFFB
359366	2	3,4,5,6,7,8,9,16	5: 0x0200C70B 07
359380	2	3,4,5,6,7,8,9,16	74: 0x61DC96CD AB060006 00060006 00020002 00020002 007CD700 3E020100 01000100 01E31603 00992000 00100010 00100010 02000200 02000200 00F0162E 223D5222 68656C6C 6F203331 A35C
359383	6	2,3,7,8,9,12,13	5: 0x02009607 44
359941	9	2,3,4,5,6,7,8,10,11,12,13,14,15	57: 0x61DC75CD AB050005 00050005 00090009 00090009 007EF500 02010001 00010001 E1066304 00000200 F0223D16 2E521668 656C6C6F 20333105 3E
359943	5	2,3,4,8,9,10,11,16	5: 0x02007592 91
359969	5	2,3,4,8,9,10,11,16	66: 0x61DCFCCD AB100010 00100010 00050005 00050005 007CD500 3F020900 09000900 09020100 01000100 01E10663 04000001 80F0223D 162E5216 68656C6C 6F203331 5C22
359972	16	1,2,3,4,5	5: 0x0200FC5B 88
360010	16	1,2,3,4,5	58: 0x61DCC8CD AB010001 00010001 00100010 00100010 007CD700 3E020900 09000900 09E10663 04000001 00F0223D 162E5216 68656C6C 6F203331 A705
360012	1	16	5: 0x0200C8FC FF
360046	1	16	65: 0x61DCBCCD AB100010 00100010 00010001 00010001 007EF700 E3160302 99200000 05000500 05000509 00090009 00090000 F0162E22 3D521668 656C6C6F 203331F4 55
360049	16	1,2,3,4,5	5: 0x0200BC5F CA
360067	16	1,2,3,4,5	74: 0x61DCC9CD AB050005 00050005 00100010 00100010 007CD700 3F020100 01000100 01E31603 01992000 00100010 00100010 09000900 09000900 00F0162E 223D5216 68656C6C 6F203331 80BE
360070	5	2,3,4,8,9,10,11,16	5: 0x0200C975 EE
360076	5	2,3,4,8,9,10,11,16	74: 0x61DCFDCD AB090009 00090009 00050005 00050005 007CD700 3E020100 01000100 01E31603 00992000 00100010 00100010 05000500 05000500 00F0162E 223D5216 68656C6C 6F203331 3D16
360079	9	2,3,4,5,6,7,8,10,11,12,13,14,15	5: 0x0200FDD2 99
360662	2	3,4,5,6,7,8,9,16	57: 0x61DC97CD AB100010 00100010 00020002 00020002 007EF500 02010001 00010001 E1066304 00000180 F0223D16 2E523168 656C6C6F 203332A8 7F
360664	16	1,2,3,4,5	5: 0x0200978E 55
360705	16	1,2,3,4,5	58: 0x61DCCACD AB010001 00010001 00100010 00100010 007CD700 3F020200 02000200 02E10663 04000001 00F0223D 162E5231 68656C6C 6F203332 C7AA
360707	1	16	5: 0x0200CAEE DC
360712	1	16	57: 0x61DCBDCD AB100010 00100010 00010001 00010001 007EF700 E30E0301 99100000 02000200 02000200 F0162E22 3D523168 656C6C6F 2033322B 4B
360714	16	1,2,3,4,5	5: 0x0200BDD6 DB
360732	16	1,2,3,4,5	66: 0x61DCCBCD AB020002 00020002 00100010 00100010 007CD700 3F020100 01000100 01E30E03 00991000 00100010 00100010 00F0162E 223D5231 68656C6C 6F203332 886B
360735	2	3,4,5,6,7,8,9,16	5: 0x0200CB67 CD
361112	13	6,7,8,9,10,12,14,15	57: 0x61DC77CD AB080008 00080008 000D000D 000D000D 007EF500 02010001 00010001 E1066304 00000280 F0223D16 2E520768 656C6C6F 20333052 97
361114	8	2,3,4,5,6,7,9,10,11,12,13,14,15	5: 0x02007780 B2
361119	10	3,4,5,7,8,9,11,13,14,15	57: 0x61DC16CD AB050005 00050005 000A000A 000A000A 007EF500 02010001 00010001 E1066304 00000200 F0223D16 2E521168 656C6C6F 203332E2 81
361121	5	2,3,4,8,9,10,11,16	5: 0x0200160F C0
361137	5	2,3,4,8,9,10,11,16	66: 0x61DCFECD AB100010 00100010 00050005 00050005 007CD500 3F020A00 0A000A00 0A020100 01000100 01E10663 04000001 80F0223D 162E5211 68656C6C 6F203332 4D66
361140	16	1,2,3,4,5	5: 0x0200FE49 AB
361147	8	2,3,4,5,6,7,9,10,11,12,13,14,15	66: 0x61DCE9CD AB050005 00050005 00080008 00080008 007CD500 3F020D00 0D000D00 0D020100 01000100 01E10663 04000002 00F0223D 162E5207 68656C6C 6F203330 12A8
361150	5	2,3,4,8,9,10,11,16	5: 0x0200E977 CF
361154	5	2,3,4,8,9,10,11,16	66: 0x61DCFFCD AB100010 00100010 00050005 00050005 007CD500 3E020D00 0D000D00 0D020100 01000100 01E10663 04000001 80F0223D 162E5207 68656C6C 6F203330 D68F
361157	16	1,2,3,4,5	5: 0x0200FFC0 BA
361181	16	1,2,3,4,5	58: 0x61DCCCCD AB010001 00010001 00100010 00100010 007CD700 3E020A00 0A000A00 0AE10663 04000001 00F0223D 162E5211 68656C6C 6F203332 A01A
361183	1	16	5: 0x0200CCD8 B9
361186	1	16	65: 0x61DCBECD AB100010 00100010 00010001 00010001 007EF700 E3160302 99200000 05000500 0500050A 000A000A 000A0000 F0162E22 3D521168 656C6C6F 2033321C 17
361189	16	1,2,3,4,5	5: 0x0200BE4D E9
361197	16	1,2,3,4,5	58: 0x61DCCDCD AB010001 00010001 00100010 00100010 007CD700 3D020D00 0D000D00 0DE10663 04000001 00F0223D 162E5207 68656C6C 6F203330 38C8
361199	1	16	5: 0x0200CD51 A8
361207	1	16	73: 0x61DCBFCD AB100010 00100010 00010001 00010001 007EF700 E31E0303 99300000 05000500 05000508 00080008 00080D00 0D000D00 0D000000 F0162E22 3D520768 656C6C6F 2033300D 5C
361210	16	1,2,3,4,5	5: 0x0200BFC4 F8
361213	16	1,2,3,4,5	74: 0x61DCCECD AB050005 00050005 00100010 00100010 007CD700 3F020100 01000100 01E31603 01992000 00100010 00100010 0A000A00 0A000A00 00F0162E 223D5211 68656C6C 6F203332 CDC3
361216	5	2,3,4,8,9,10,11,16	5: 0x0200CECA 9A
361245	5	2,3,4,8,9,10,11,16	74: 0x61DC00CD AB0A000A 000A000A 00050005 00050005 007CD700 3E020100 01000100 01E31603 00992000 00100010 00100010 05000500 05000500 00F0162E 223D5211 68656C6C 6F203332 909C
361248	10	3,4,5,7,8,9,11,13,14,15	5: 0x020000B8 B5
361263	16	1,2,3,4,5	82: 0x61DCCFCD AB050005 00050005 00100010 00100010 007CD700 3F020100 01000100 01E31E03 02993000 00100010 00100010 08000800 0800080D 000D000D 000D0000 00F0162E 223D5207 68656C6C 6F203330 1920
361266	5	2,3,4,8,9,10,11,16	5: 0x0200CF43 8B
361292	5	2,3,4,8,9,10,11,16	82: 0x61DC01CD AB080008 00080008 00050005 00050005 007CD700 3E020100 01000100 01E31E03 01993000 00100010 00100010 05000500 0500050D 000D000D 000D0000 00F0162E 223D5207 68656C6C 6F203330 CECD
361295	8	2,3,4,5,6,7,9,10,11,12,13,14,15	5: 0x02000131 A4
361331	8	2,3,4,5,6,7,9,10,11,12,13,14,15	82: 0x61DCEACD AB0D000D 000D000D 00080008 00080008 007CD700 3D020100 01000100 01E31E03 00993000 00100010 00100010 05000500 05000508 00080008 00080000 00F0162E 223D5207 68656C6C 6F203330 BF84
361334	13	6,7,8,9,10,12,14,15	5: 0x0200EAEC FD
362311	14	7,8,9,10,11,12,13,15	57: 0x61DCBACD AB080008 00080008 000E000E 000E000E 007EF500 02010001 00010001 E1066304 00000280 F0223D16 2E520268 656C6C6F 20333142 78
362313	8	2,3,4,5,6,7,9,10,11,12,13,14,15	5: 0x0200BA69 AF
362324	8	2,3,4,5,6,7,9,10,11,12,13,14,15	66: 0x61DCEBCD AB050005 00050005 00080008 00080008 007CD500 3F020E00 0E000E00 0E020100 01000100 01E10663 04000002 00F0223D 162E5202 68656C6C 6F203331 EB54
362327	5	2,3,4,8,9,10,11,16	5: 0x0200EB65 EC
362331	5	2,3,4,8,9,10,11,16	66: 0x61DC02CD AB100010 00100010 00050005 00050005 007CD500 3E020E00 0E000E00 0E020100 01000100 01E10663 04000001 80F0223D 162E5202 68656C6C 6F203331 C48C
362334	16	1,2,3,4,5	5: 0x020002AA 96
362350	16	1,2,3,4,5	58: 0x61DCD0CD AB010001 00010001 00100010 00100010 007CD700 3D020E00 0E000E00 0EE10663 04000001 00F0223D 162E5202 68656C6C 6F203331 A199
362352	1	16	5: 0x0200D035 63
362356	1	16	73: 0x61DCC0CD AB100010 00100010 00010001 00010001 007EF700 E31E0303 99300000 05000500 05000508 00080008 00080E00 0E000E00 0E000000 F0162E22 3D520268 656C6C6F 20333113 74
362359	16	1,2,3,4,5	5: 0x0200C0B4 73
362371	16	1,2,3,4,5	82: 0x61DCD1CD AB050005 00050005 00100010 00100010 007CD700 3F020100 01000100 01E31E03 02993000 00100010 00100010 08000800 0800080E 000E000E 000E0000 00F0162E 223D5202 68656C6C 6F203331 CD65
362374	5	2,3,4,8,9,10,11,16	5: 0x0200D1BC 72
362384	5	2,3,4,8,9,10,11,16	82: 0x61DC03CD AB080008 00080008 00050005 00050005 007CD700 3E020100 01000100 01E31E03 01993000 00100010 00100010 05000500 0500050E 000E000E 000E0000 00F0162E 223D5202 68656C6C 6F203331 A875
362387	8	2,3,4,5,6,7,9,10,11,12,13,14,15	5: 0x02000323 87
362393	8	2,3,4,5,6,7,9,10,11,12,13,14,15	82: 0x61DCECCD AB0E000E 000E000E 00080008 00080008 007CD700 3D020100 01000100 01E31E03 00993000 00100010 00100010 05000500 05000508 00080008 00080000 00F0162E 223D5202 68656C6C 6F203331 B07A
362396	14	7,8,9,10,11,12,13,15	5: 0x0200ECDA 98
363791	11	4,5,8,9,10,14,15	57: 0x61DC20CD AB050005 00050005 000B000B 000B000B 007EF500 02010001 00010001 E1066304 00000200 F0223D16 2E520D68 656C6C6F 20333224 76
363793	5	2,3,4,8,9,10,11,16	5: 0x020020BA 94
363800	5	2,3,4,8,9,10,11,16	66: 0x61DC04CD AB100010 00100010 00050005 00050005 007CD500 3F020B00 0B000B00 0B020100 01000100 01E10663 04000001 80F0223D 162E520D 68656C6C 6F203332 E48F
363803	16	1,2,3,4,5	5: 0x0200049C F3
363809	16	1,2,3,4,5	58: 0x61DCD2CD AB010001 00010001 00100010 00100010 007CD700 3E020B00 0B000B00 0BE10663 04000001 00F0223D 162E520D 68656C6C 6F203332 0A95
363811	1	16	5: 0x0200D227 40
363853	1	16	65: 0x61DCC1CD AB100010 00100010 00010001 00010001 007EF700 E3160302 99200000 05000500 0500050B 000B000B 000B0000 F0162E22 3D520D68 656C6C6F 203332ED 54
363856	16	1,2,3,4,5	5: 0x0200C13D 62
363863	16	1,2,3,4,5	74: 0x61DCD3CD AB050005 00050005 00100010 00100010 007CD700 3F020100 01000100 01E31603 01992000 00100010 00100010 0B000B00 0B000B00 00F0162E 223D520D 68656C6C 6F203332 BB6A
363866	5	2,3,4,8,9,10,11,16	5: 0x0200D3AE 51
363895	5	2,3,4,8,9,10,11,16	74: 0x61DC05CD AB0B000B 000B000B 00050005 00050005 007CD700 3E020100 01000100 01E31603 00992000 00100010 00100010 05000500 05000500 00F0162E 223D520D 68656C6C 6F203332 3504
363898	11	4,5,8,9,10,14,15	5: 0x02000515 E2
364288	3	2,4,5,6,7,8,9,10,16	57: 0x61DCD7CD AB100010 00100010 00030003 00030003 007EF500 02010001 00010001 E1066304 00000180 F0223D16 2E522C68 656C6C6F 20333386 AD
364290	16	1,2,3,4,5	5: 0x0200D78A 17
364325	16	1,2,3,4,5	58: 0x61DCD4CD AB010001 00010001 00100010 00100010 007CD700 3F020300 03000300 03E10663 04000001 00F0223D 162E522C 68656C6C 6F203333 1979
364327	1	16	5: 0x0200D411 25
364332	5	2,3,4,8,9,10,11,16	57: 0x61DC06CD AB100010 00100010 00050005 00050005 007EF500 02010001 00010001 E1066304 00000180 F0223D16 2E522468 656C6C6F 20333387 70
364334	16	1,2,3,4,5	5: 0x0200068E D0
364349	16	1,2,3,4,5	58: 0x61DCD5CD AB010001 00010001 00100010 00100010 007CD700 3F020500 05000500 05E10663 04000001 00F0223D 162E5224 68656C6C 6F203333 8D4D
364351	1	16	5: 0x0200D598 34
364364	1	16	57: 0x61DCC2CD AB100010 00100010 00010001 00010001 007EF700 E30E0301 99100000 03000300 03000300 F0162E22 3D522C68 656C6C6F 20333386 3B
364366	16	1,2,3,4,5	5: 0x0200C2A6 50
364380	16	1,2,3,4,5	66: 0x61DCD6CD AB030003 00030003 00100010 00100010 007CD700 3F020100 01000100 01E30E03 00991000 00100010 00100010 00F0162E 223D522C 68656C6C 6F203333 4D17
364383	3	2,4,5,6,7,8,9,10,16	5: 0x0200D603 06
364385	1	16	57: 0x61DCC3CD AB100010 00100010 00010001 00010001 007EF700 E30E0301 99100000 05000500 05000500 F0162E22 3D522468 656C6C6F 20333365 0C
364387	16	1,2,3,4,5	5: 0x0200C32F 41
364412	16	1,2,3,4,5	66: 0x61DCD7CD AB050005 00050005 00100010 00100010 007CD700 3F020100 01000100 01E30E03 00991000 00100010 00100010 00F0162E 223D5224 68656C6C 6F203333 35BD
364415	5	2,3,4,8,9,10,11,16	5: 0x0200D78A 17
365211	7	2,3,4,6,8,9,10,12,13,14	57: 0x61DCB0CD AB020002 00020002 00070007 00070007 007EF500 02010001 00010001 E1066304 00000200 F0223D16 2E521E68 656C6C6F 20333192 86
365213	2	3,4,5,6,7,8,9,16	5: 0x0200B033 00
365256	2	3,4,5,6,7,8,9,16	66: 0x61DC98CD AB100010 00100010 00020002 00020002 007CD500 3F020700 07000700 07020100 01000100 01E10663 04000001 80F0223D 162E521E 68656C6C 6F203331 EC79
365259	16	1,2,3,4,5	5: 0x02009879 AD
365289	16	1,2,3,4,5	58: 0x61DCD8CD AB010001 00010001 00100010 00100010 007CD700 3E020700 07000700 07E10663 04000001 00F0223D 162E521E 68656C6C 6F203331 5482
365291	1	16	5: 0x0200D87D EF
365302	1	16	65: 0x61DCC4CD AB100010 00100010 00010001 00010001 007EF700 E3160302 99200000 02000200 02000207 00070007 00070000 F0162E22 3D521E68 656C6C6F 2033319E 23
365305	16	1,2,3,4,5	5: 0x0200C490 35
365338	16	1,2,3,4,5	74: 0x61DCD9CD AB020002 00020002 00100010 00100010 007CD700 3F020100 01000100 01E31603 01992000 00100010 00100010 07000700 07000700 00F0162E 223D521E 68656C6C 6F203331 C705
365341	2	3,4,5,6,7,8,9,16	5: 0x0200D9F4 FE
365352	2	3,4,5,6,7,8,9,16	74: 0x61DC99CD AB070007 00070007 00020002 00020002 007CD700 3E020100 01000100 01E31603 00992000 00100010 00100010 02000200 02000200 00F0162E 223D521E 68656C6C 6F203331 3EEA
365355	7	2,3,4,6,8,9,10,12,13,14	5: 0x020099F0 BC
365696	4	2,3,5,7,8,9,10,11,16	57: 0x61DC0CCD AB100010 00100010 00040004 00040004 007EF500 02010001 00010001 E1066304 00000180 F0223D16 2E522868 656C6C6F 20333310 09
365698	16	1,2,3,4,5	5: 0x02000CD4 7F
365738	16	1,2,3,4,5	58: 0x61DCDACD AB010001 00010001 00100010 00100010 007CD700 3F020400 04000400 04E10663 04000001 00F0223D 162E5228 68656C6C 6F203333 2F51
365740	1	16	5: 0x0200DA6F CC
365748	1	16	57: 0x61DCC5CD AB100010 00100010 00010001 00010001 007EF700 E30E0301 99100000 04000400 04000400 F0162E22 3D522868 656C6C6F 203333C1 F8
365750	16	1,2,3,4,5	5: 0x0200C519 24
365757	16	1,2,3,4,5	66: 0x61DCDBCD AB040004 00040004 00100010 00100010 007CD700 3F020100 01000100 01E30E03 00991000 00100010 00100010 00F0162E 223D5228 68656C6C 6F203333 F7DC
365760	4	2,3,5,7,8,9,10,11,16	5: 0x0200DBE6 DD
366649	8	2,3,4,5,6,7,9,10,11,12,13,14,15	57: 0x61DCEDCD AB050005 00050005 00080008 00080008 007EF500 02010001 00010001 E1066304 00000200 F0223D16 2E521968 656C6C6F 203332D4 3A
366651	5	2,3,4,8,9,10,11,16	5: 0x0200ED53 89
366677	5	2,3,4,8,9,10,11,16	66: 0x61DC07CD AB100010 00100010 00050005 00050005 007CD500 3F020800 08000800 08020100 01000100 01E10663 04000001 80F0223D 162E5219 68656C6C 6F203332 6DAF
366680	16	1,2,3,4,5	5: 0x02000707 C1
366723	16	1,2,3,4,5	58: 0x61DCDCCD AB010001 00010001 00100010 00100010 007CD700 3E020800 08000800 08E10663 04000001 00F0223D 162E5219 68656C6C 6F203332 5DA9
366725	1	16	5: 0x0200DC59 A9
366736	1	16	65: 0x61DCC6CD AB100010 00100010 00010001 00010001 007EF700 E3160302 99200000 05000500 05000508 00080008 00080000 F0162E22 3D521968 656C6C6F 20333250 AC
366739	16	1,2,3,4,5	5: 0x0200C682 16
366751	16	1,2,3,4,5	74: 0x61DCDDCD AB050005 00050005 00100010 00100010 007CD700 3F020100 01000100 01E31603 01992000 00100010 00100010 08000800 08000800 00F0162E 223D5219 68656C6C 6F203332 8875
366754	5	2,3,4,8,9,10,11,16	5: 0x0200DDD0 B8
366790	5	2,3,4,8,9,10,11,16	74: 0x61DC08CD AB080008 00080008 00050005 00050005 007CD700 3E020100 01000100 01E31603 00992000 00100010 00100010 05000500 05000500 00F0162E 223D5219 68656C6C 6F203332 3395
366793	8	2,3,4,5,6,7,9,10,11,12,13,14,15	5: 0x020008F0 39
367034	9	2,3,4,5,6,7,8,10,11,12,13,14,15	102: 0x61DC76CD AB020002 00020002 00090009 00090009 007A333A 9B01FE14 00F00200 08F00000 FD000000 00000000 02010001 00010001 040E0008 0C000400 00800001 001E003C 081E4040 FFFFFFFF FFFFFFFF 00000000 FD000000 00000000 00000000 00000000 0F15
367038	2	3,4,5,6,7,8,9,16	5: 0x02007609 A3
367211	12	6,7,8,9,13,14,15	57: 0x61DC62CD AB080008 00080008 000C000C 000C000C 007EF500 02010001 00010001 E1066304 00000280 F0223D16 2E520A68 656C6C6F 20333138 CA
367213	8	2,3,4,5,6,7,9,10,11,12,13,14,15	5: 0x020062AC F5
367250	8	2,3,4,5,6,7,9,10,11,12,13,14,15	66: 0x61DCEECD AB050005 00050005 00080008 00080008 007CD500 3F020C00 0C000C00 0C020100 01000100 01E10663 04000002 00F0223D 162E520A 68656C6C 6F203331 90E2
367253	5	2,3,4,8,9,10,11,16	5: 0x0200EEC8 BB
367267	5	2,3,4,8,9,10,11,16	66: 0x61DC09CD AB100010 00100010 00050005 00050005 007CD500 3E020C00 0C000C00 0C020100 01000100 01E10663 04000001 80F0223D 162E520A 68656C6C 6F203331 7DD7
367270	16	1,2,3,4,5	5: 0x02000979 28
367275	16	1,2,3,4,5	58: 0x61DCDECD AB010001 00010001 00100010 00100010 007CD700 3D020C00 0C000C00 0CE10663 04000001 00F0223D 162E520A 68656C6C 6F203331 B462
367277	1	16	5: 0x0200DE4B 8A
367300	1	16	73: 0x61DCC7CD AB100010 00100010 00010001 00010001 007EF700 E31E0303 99300000 05000500 05000508 00080008 00080C00 0C000C00 0C000000 F0162E22 3D520A68 656C6C6F 20333141 38
367303	16	1,2,3,4,5	5: 0x0200C70B 07
367327	16	1,2,3,4,5	82: 0x61DCDFCD AB050005 00050005 00100010 00100010 007CD700 3F020100 01000100 01E31E03 02993000 00100010 00100010 08000800 0800080C 000C000C 000C0000 00F0162E 223D520A 68656C6C 6F203331 F037
367330	5	2,3,4,8,9,10,11,16	5: 0x0200DFC2 9B
367336	5	2,3,4,8,9,10,11,16	82: 0x61DC0ACD AB080008 00080008 00050005 00050005 007CD700 3E020100 01000100 01E31E03 01993000 00100010 00100010 05000500 0500050C 000C000C 000C0000 00F0162E 223D520A 68656C6C 6F203331 F19C
367339	8	2,3,4,5,6,7,9,10,11,12,13,14,15	5: 0x02000AE2 1A
367342	8	2,3,4,5,6,7,9,10,11,12,13,14,15	82: 0x61DCEFCD AB0C000C 000C000C 00080008 00080008 007CD700 3D020100 01000100 01E31E03 00993000 00100010 00100010 05000500 05000508 00080008 00080000 00F0162E 223D520A 68656C6C 6F203331 0A57
367346	12	6,7,8,9,13,14,15	5: 0x0200EF41 AA
367851	15	8,9,10,11,12,13,14	57: 0x61DCE5CD AB080008 00080008 000F000F 000F000F 007EF500 02010001 00010001 E1066304 00000280 F0223D16 2E51FE68 656C6C6F 20333175 2F
367853	8	2,3,4,5,6,7,9,10,11,12,13,14,15	5: 0x0200E51B 05
367888	8	2,3,4,5,6,7,9,10,11,12,13,14,15	66: 0x61DCF0CD AB050005 00050005 00080008 00080008 007CD500 3F020F00 0F000F00 0F020100 01000100 01E10663 04000002 00F0223D 162E51FE 68656C6C 6F203331 F8CF
367891	5	2,3,4,8,9,10,11,16	5: 0x0200F037 42
367905	5	2,3,4,8,9,10,11,16	66: 0x61DC0BCD AB100010 00100010 00050005 00050005 007CD500 3E020F00 0F000F00 0F020100 01000100 01E10663 04000001 80F0223D 162E51FE 68656C6C 6F203331 8029
367908	16	1,2,3,4,5	5: 0x02000B6B 0B
367921	16	1,2,3,4,5	58: 0x61DCE0CD AB010001 00010001 00100010 00100010 007CD700 3D020F00 0F000F00 0FE10663 04000001 00F0223D 162E51FE 68656C6C 6F203331 48B9
367923	1	16	5: 0x0200E0B6 52
367935	1	16	73: 0x61DCC8CD AB100010 00100010 00010001 00010001 007EF700 E31E0303 99300000 05000500 05000508 00080008 00080F00 0F000F00 0F000000 F0162E22 3D51FE68 656C6C6F 2033315D 29
367938	16	1,2,3,4,5	5: 0x0200C8FC FF
367949	16	1,2,3,4,5	82: 0x61DCE1CD AB050005 00050005 00100010 00100010 007CD700 3F020100 01000100 01E31E03 02993000 00100010 00100010 08000800 0800080F 000F000F 000F0000 00F0162E 223D51FE 68656C6C 6F203331 6A34
367952	5	2,3,4,8,9,10,11,16	5: 0x0200E13F 43
367971	5	2,3,4,8,9,10,11,16	82: 0x61DC0CCD AB080008 00080008 00050005 00050005 007CD700 3E020100 01000100 01E31E03 01993000 00100010 00100010 05000500 0500050F 000F000F 000F0000 00F0162E 223D51FE 68656C6C 6F203331 1E6C
367974	8	2,3,4,5,6,7,9,10,11,12,13,14,15	5: 0x02000CD4 7F
368007	8	2,3,4,5,6,7,9,10,11,12,13,14,15	82: 0x61DCF1CD AB0F000F 000F000F 00080008 00080008 007CD700 3D020100 01000100 01E31E03 00993000 00100010 00100010 05000500 05000508 00080008 00080000 00F0162E 223D51FE 68656C6C 6F203331 3E1C
368010	15	8,9,10,11,12,13,14	5: 0x0200F1BE 53
369541	6	2,3,7,8,9,12,13	57: 0x61DC0ECD AB020002 00020002 00060006 00060006 007EF500 02010001 00010001 E1066304 00000200 F0223D16 2E522168 656C6C6F 2033327E 4E
369543	2	3,4,5,6,7,8,9,16	5: 0x02000EC6 5C
369582	2	3,4,5,6,7,8,9,16	66: 0x61DC9ACD AB100010 00100010 00020002 00020002 007CD500 3F020600 06000600 06020100 01000100 01E10663 04000001 80F0223D 162E5221 68656C6C 6F203332 EA0A
369585	16	1,2,3,4,5	5: 0x02009A6B 8E
369594	16	1,2,3,4,5	58: 0x61DCE2CD AB010001 00010001 00100010 00100010 007CD700 3E020600 06000600 06E10663 04000001 00F0223D 162E5221 68656C6C 6F203332 A428
369596	1	16	5: 0x0200E2A4 71
369634	1	16	65: 0x61DCC9CD AB100010 00100010 00010001 00010001 007EF700 E3160302 99200000 02000200 02000206 00060006 00060000 F0162E22 3D522168 656C6C6F 203332A6 5E
369637	16	1,2,3,4,5	5: 0x0200C975 EE
369656	16	1,2,3,4,5	74: 0x61DCE3CD AB020002 00020002 00100010 00100010 007CD700 3F020100 01000100 01E31603 01992000 00100010 00100010 06000600 06000600 00F0162E 223D5221 68656C6C 6F203332 AAF2
369659	2	3,4,5,6,7,8,9,16	5: 0x0200E32D 60
369696	2	3,4,5,6,7,8,9,16	74: 0x61DC9BCD AB060006 00060006 00020002 00020002 007CD700 3E020100 01000100 01E31603 00992000 00100010 00100010 02000200 02000200 00F0162E 223D5221 68656C6C 6F203332 E3B1
369699	6	2,3,7,8,9,12,13	5: 0x02009BE2 9F
369705	9	2,3,4,5,6,7,8,10,11,12,13,14,15	57: 0x61DC77CD AB050005 00050005 00090009 00090009 007EF500 02010001 00010001 E1066304 00000200 F0223D16 2E521568 656C6C6F 2033324E 5A
369707	5	2,3,4,8,9,10,11,16	5: 0x02007780 B2
369731	5	2,3,4,8,9,10,11,16	66: 0x61DC0DCD AB100010 00100010 00050005 00050005 007CD500 3F020900 09000900 09020100 01000100 01E10663 04000001 80F0223D 162E5215 68656C6C 6F203332 E9D4
369734	16	1,2,3,4,5	5: 0x02000D5D 6E
369747	16	1,2,3,4,5	58: 0x61DCE4CD AB010001 00010001 00100010 00100010 007CD700 3E020900 09000900 09E10663 04000001 00F0223D 162E5215 68656C6C 6F203332 2E4D
369749	1	16	5: 0x0200E492 14
369789	1	16	65: 0x61DCCACD AB100010 00100010 00010001 00010001 007EF700 E3160302 99200000 05000500 05000509 00090009 00090000 F0162E22 3D521568 656C6C6F 203332E5 4A
369792	16	1,2,3,4,5	5: 0x0200CAEE DC
369812	16	1,2,3,4,5	74: 0x61DCE5CD AB050005 00050005 00100010 00100010 007CD700 3F020100 01000100 01E31603 01992000 00100010 00100010 09000900 09000900 00F0162E 223D5215 68656C6C 6F203332 8156
369815	5	2,3,4,8,9,10,11,16	5: 0x0200E51B 05
369819	5	2,3,4,8,9,10,11,16	74: 0x61DC0ECD AB090009 00090009 00050005 00050005 007CD700 3E020100 01000100 01E31603 00992000 00100010 00100010 05000500 05000500 00F0162E 223D5215 68656C6C 6F203332 7552
369822	9	2,3,4,5,6,7,8,10,11,12,13,14,15	5: 0x02000EC6 5C
370205	10	3,4,5,7,8,9,11,13,14,15	57: 0x61DC17CD AB050005 00050005 000A000A 000A000A 007EF500 02010001 00010001 E1066304 00000200 F0223D16 2E521068 656C6C6F 203333F5 19
370207	5	2,3,4,8,9,10,11,16	5: 0x02001786 D1
370229	5	2,3,4,8,9,10,11,16	66: 0x61DC0FCD AB100010 00100010 00050005 00050005 007CD500 3F020A00 0A000A00 0A020100 01000100 01E10663 04000001 80F0223D 162E5210 68656C6C 6F203333 1028
370232	16	1,2,3,4,5	5: 0x02000F4F 4D
370240	16	1,2,3,4,5	58: 0x61DCE6CD AB010001 00010001 00100010 00100010 007CD700 3E020A00 0A000A00 0AE10663 04000001 00F0223D 162E5210 68656C6C 6F203333 0605
370242	1	16	5: 0x0200E680 37
370253	1	16	65: 0x61DCCBCD AB100010 00100010 00010001 00010001 007EF700 E3160302 99200000 05000500 0500050A 000A000A 000A0000 F0162E22 3D521068 656C6C6F 20333321 28
370256	16	1,2,3,4,5	5: 0x0200CB67 CD
370295	16	1,2,3,4,5	74: 0x61DCE7CD AB050005 00050005 00100010 00100010 007CD700 3F020100 01000100 01E31603 01992000 00100010 00100010 0A000A00 0A000A00 00F0162E 223D5210 68656C6C 6F203333 AC7B
370298	5	2,3,4,8,9,10,11,16	5: 0x0200E709 26
370303	5	2,3,4,8,9,10,11,16	74: 0x61DC10CD AB0A000A 000A000A 00050005 00050005 007CD700 3E020100 01000100 01E31603 00992000 00100010 00100010 05000500 05000500 00F0162E 223D5210 68656C6C 6F203333 5D0A
370306	10	3,4,5,7,8,9,11,13,14,15	5: 0x02001039 A5
371279	13	6,7,8,9,10,12,14,15	57: 0x61DC78CD AB080008 00080008 000D000D 000D000D 007EF500 02010001 00010001 E1066304 00000280 F0223D16 2E520668 656C6C6F 20333153 95
371281	8	2,3,4,5,6,7,9,10,11,12,13,14,15	5: 0x02007877 4A
371309	8	2,3,4,5,6,7,9,10,11,12,13,14,15	66: 0x61DCF2CD AB050005 00050005 00080008 00080008 007CD500 3F020D00 0D000D00 0D020100 01000100 01E10663 04000002 00F0223D 162E5206 68656C6C 6F203331 1251
371312	5	2,3,4,8,9,10,11,16	5: 0x0200F225 61
371316	5	2,3,4,8,9,10,11,16	66: 0x61DC11CD AB100010 00100010 00050005 00050005 007CD500 3E020D00 0D000D00 0D020100 01000100 01E10663 04000001 80F0223D 162E5206 68656C6C 6F203331 AE92
371319	16	1,2,3,4,5	5: 0x020011B0 B4
371325	16	1,2,3,4,5	58: 0x61DCE8CD AB010001 00010001 00100010 00100010 007CD700 3D020D00 0D000D00 0DE10663 04000001 00F0223D 162E5206 68656C6C 6F203331 EAF3
371327	1	16	5: 0x0200E8FE DE
371340	1	16	73: 0x61DCCCCD AB100010 00100010 00010001 00010001 007EF700 E31E0303 99300000 05000500 05000508 00080008 00080D00 0D000D00 0D000000 F0162E22 3D520668 656C6C6F 2033318A 6E
371343	16	1,2,3,4,5	5: 0x0200CCD8 B9
371351	16	1,2,3,4,5	82: 0x61DCE9CD AB050005 00050005 00100010 00100010 007CD700 3F020100 01000100 01E31E03 02993000 00100010 00100010 08000800 0800080D 000D000D 000D0000 00F0162E 223D5206 68656C6C 6F203331 E4D3
371354	5	2,3,4,8,9,10,11,16	5: 0x0200E977 CF
371374	14	7,8,9,10,11,12,13,15	57: 0x61DCBBCD AB080008 00080008 000E000E 000E000E 007EF500 02010001 00010001 E1066304 00000280 F0223D16 2E520168 656C6C6F 203332BD 58
371376	8	2,3,4,5,6,7,9,10,11,12,13,14,15	5: 0x0200BBE0 BE
371386	8	2,3,4,5,6,7,9,10,11,12,13,14,15	66: 0x61DCF3CD AB050005 00050005 00080008 00080008 007CD500 3F020E00 0E000E00 0E020100 01000100 01E10663 04000002 00F0223D 162E5201 68656C6C 6F203332 B395
371389	5	2,3,4,8,9,10,11,16	5: 0x0200F3AC 70
371392	5	2,3,4,8,9,10,11,16	82: 0x61DC12CD AB080008 00080008 00050005 00050005 007CD700 3E020100 01000100 01E31E03 01993000 00100010 00100010 05000500 0500050D 000D000D 000D0000 00F0162E 223D5206 68656C6C 6F203331 7642
371395	8	2,3,4,5,6,7,9,10,11,12,13,14,15	5: 0x0200122B 86
371413	5	2,3,4,8,9,10,11,16	66: 0x61DC13CD AB100010 00100010 00050005 00050005 007CD500 3E020E00 0E000E00 0E020100 01000100 01E10663 04000001 80F0223D 162E5201 68656C6C 6F203332 BFD6
371416	16	1,2,3,4,5	5: 0x020013A2 97
371431	16	1,2,3,4,5	58: 0x61DCEACD AB010001 00010001 00100010 00100010 007CD700 3D020E00 0E000E00 0EE10663 04000001 00F0223D 162E5201 68656C6C 6F203332 2A03
371433	1	16	5: 0x0200EAEC FD
371438	8	2,3,4,5,6,7,9,10,11,12,13,14,15	82: 0x61DCF4CD AB0D000D 000D000D 00080008 00080008 007CD700 3D020100 01000100 01E31E03 00993000 00100010 00100010 05000500 05000508 00080008 00080000 00F0162E 223D5206 68656C6C 6F203331 3784
371441	13	6,7,8,9,10,12,14,15	5: 0x0200F413 04
371459	1	16	73: 0x61DCCDCD AB100010 00100010 00010001 00010001 007EF700 E31E0303 99300000 05000500 05000508 00080008 00080E00 0E000E00 0E000000 F0162E22 3D520168 656C6C6F 20333216 04
371462	16	1,2,3,4,5	5: 0x0200CD51 A8
371465	2	3,4,5,6,7,8,9,16	57: 0x61DC9CCD AB100010 00100010 00020002 00020002 007EF500 02010001 00010001 E1066304 00000180 F0223D16 2E523068 656C6C6F 20333316 74
371467	16	1,2,3,4,5	5: 0x02009C5D EB
371507	16	1,2,3,4,5	58: 0x61DCECCD AB010001 00010001 00100010 00100010 007CD700 3F020200 02000200 02E10663 04000001 00F0223D 162E5230 68656C6C 6F203333 FE62
371509	1	16	5: 0x0200ECDA 98
371519	1	16	57: 0x61DCCECD AB100010 00100010 00010001 00010001 007EF700 E30E0301 99100000 02000200 02000200 F0162E22 3D523068 656C6C6F 2033331F A3
371521	16	1,2,3,4,5	5: 0x0200CECA 9A
371524	16	1,2,3,4,5	82: 0x61DCEBCD AB050005 00050005 00100010 00100010 007CD700 3F020100 01000100 01E31E03 02993000 00100010 00100010 08000800 0800080E 000E000E 000E0000 00F0162E 223D5201 68656C6C 6F203332 6AD3
371528	5	2,3,4,8,9,10,11,16	5: 0x0200EB65 EC
371539	5	2,3,4,8,9,10,11,16	82: 0x61DC14CD AB080008 00080008 00050005 00050005 007CD700 3E020100 01000100 01E31E03 01993000 00100010 00100010 05000500 0500050E 000E000E 000E0000 00F0162E 223D5201 68656C6C 6F203332 7508
371542	8	2,3,4,5,6,7,9,10,11,12,13,14,15	5: 0x0200141D E3
371546	8	6,7,9,10,11,12,13,14,15	82: 0x61DCF5CD AB0E000E 000E000E 00080008 00080008 007CD700 3D020100 01000100 01E31E03 00993000 00100010 00100010 05000500 05000508 00080008 00080000 00F0162E 223D5201 68656C6C 6F203332 B479
371549	14	7,10,11,12,13,15	5: 0x0200F59A 15
371548	16	1	66: 0x61DCEDCD AB020002 00020002 00100010 00100010 007CD700 3F020100 01000100 01E30E03 00991000 00100010 00100010 00F0162E 223D5230 68656C6C 6F203333 72B4
371577	16	1	66: 0x61DCEDCD AB020002 00020002 00100010 00100010 007CD700 3F020100 01000100 01E30E03 00991000 00100010 00100010 00F0162E 223D5230 68656C6C 6F203333 72B4
371579	8	6,7,10,11,12,13,14,15	82: 0x61DCF5CD AB0E000E 000E000E 00080008 00080008 007CD700 3D020100 01000100 01E31E03 00993000 00100010 00100010 05000500 05000508 00080008 00080000 00F0162E 223D5201 68656C6C 6F203332 B479
371582	14	7,8,9,10,11,12,13,15	5: 0x0200F59A 15
371585	16	1,2,3,4,5	66: 0x61DCEDCD AB020002 00020002 00100010 00100010 007CD700 3F020100 01000100 01E30E03 00991000 00100010 00100010 00F0162E 223D5230 68656C6C 6F203333 72B4
371588	2	3,4,5,6,7,8,9,16	5: 0x0200ED53 89
373898	11	4,5,8,9,10,14,15	57: 0x61DC21CD AB050005 00050005 000B000B 000B000B 007EF500 02010001 00010001 E1066304 00000200 F0223D16 2E520C68 656C6C6F 20333333 EE
373900	5	2,3,4,8,9,10,11,16	5: 0x02002133 85
373933	5	2,3,4,8,9,10,11,16	66: 0x61DC15CD AB100010 00100010 00050005 00050005 007CD500 3F020B00 0B000B00 0B020100 01000100 01E10663 04000001 80F0223D 162E520C 68656C6C 6F203333 776D
373936	16	1,2,3,4,5	5: 0x02001594 F2
373952	3	2,4,5,6,7,8,9,10,16	57: 0x61DCD8CD AB100010 00100010 00030003 00030003 007EF500 02010001 00010001 E1066304 00000180 F0223D16 2E522B68 656C6C6F 203334AE 6E
373954	16	1,2,3,4,5	5: 0x0200D87D EF
373969	16	1,2,3,4,5	58: 0x61DCEECD AB010001 00010001 00100010 00100010 007CD700 3E020B00 0B000B00 0BE10663 04000001 00F0223D 162E520C 68656C6C 6F203333 AE58
373971	1	16	5: 0x0200EEC8 BB
373992	16	1,2,3,4,5	58: 0x61DCEFCD AB010001 00010001 00100010 00100010 007CD700 3F020300 03000300 03E10663 04000001 00F0223D 162E522B 68656C6C 6F203334 0ACB
373994	1	16	5: 0x0200EF41 AA
374012	1	16	65: 0x61DCCFCD AB100010 00100010 00010001 00010001 007EF700 E3160302 99200000 05000500 0500050B 000B000B 000B0000 F0162E22 3D520C68 656C6C6F 203333D3 94
374015	16	1,2,3,4,5	5: 0x0200CF43 8B
374036	16	1,2,3,4,5	74: 0x61DCF0CD AB050005 00050005 00100010 00100010 007CD700 3F020100 01000100 01E31603 01992000 00100010 00100010 0B000B00 0B000B00 00F0162E 223D520C 68656C6C 6F203333 DB0B
374039	5	2,3,4,8,9,10,11,16	5: 0x0200F037 42
374056	1	16	57: 0x61DCD0CD AB100010 00100010 00010001 00010001 007EF700 E30E0301 99100000 03000300 03000300 F0162E22 3D522B68 656C6C6F 203334F0 00
374058	16	1,2,3,4,5	5: 0x0200D035 63
374075	5	2,3,4,8,9,10,11,16	74: 0x61DC16CD AB0B000B 000B000B 00050005 00050005 007CD700 3E020100 01000100 01E31603 00992000 00100010 00100010 05000500 05000500 00F0162E 223D520C 68656C6C 6F203333 8F32
374078	11	4,5,8,9,10,14,15	5: 0x0200160F C0
374082	16	1,2,3,4,5	66: 0x61DCF1CD AB030003 00030003 00100010 00100010 007CD700 3F020100 01000100 01E30E03 00991000 00100010 00100010 00F0162E 223D522B 68656C6C 6F203334 0E76
374085	3	2,4,5,6,7,8,9,10,16	5: 0x0200F1BE 53
374418	7	2,3,4,6,8,9,10,12,13,14	57: 0x61DCB1CD AB020002 00020002 00070007 00070007 007EF500 02010001 00010001 E1066304 00000200 F0223D16 2E521D68 656C6C6F 2033326D A6
374420	2	3,4,5,6,7,8,9,16	5: 0x0200B1BA 11
374449	2	3,4,5,6,7,8,9,16	66: 0x61DC9DCD AB100010 00100010 00020002 00020002 007CD500 3F020700 07000700 07020100 01000100 01E10663 04000001 80F0223D 162E521D 68656C6C 6F203332 B114
374452	16	1,2,3,4,5	5: 0x02009DD4 FA
374493	16	1,2,3,4,5	58: 0x61DCF2CD AB010001 00010001 00100010 00100010 007CD700 3E020700 07000700 07E10663 04000001 00F0223D 162E521D 68656C6C 6F203332 1A25
374495	1	16	5: 0x0200F225 61
374503	1	16	65: 0x61DCD1CD AB100010 00100010 00010001 00010001 007EF700 E3160302 99200000 02000200 02000207 00070007 00070000 F0162E22 3D521D68 656C6C6F 203332E8 25
374506	16	1,2,3,4,5	5: 0x0200D1BC 72
374533	16	1,2,3,4,5	74: 0x61DCF3CD AB020002 00020002 00100010 00100010 007CD700 3F020100 01000100 01E31603 01992000 00100010 00100010 07000700 07000700 00F0162E 223D521D 68656C6C 6F203332 39A5
374536	2	3,4,5,6,7,8,9,16	5: 0x0200F3AC 70
374559	2	3,4,5,6,7,8,9,16	74: 0x61DC9ECD AB070007 00070007 00020002 00020002 007CD700 3E020100 01000100 01E31603 00992000 00100010 00100010 02000200 02000200 00F0162E 223D521D 68656C6C 6F203332 7FDE
374562	7	2,3,4,6,8,9,10,12,13,14	5: 0x02009E4F C8
375049	5	2,3,4,8,9,10,11,16	57: 0x61DC17CD AB100010 00100010 00050005 00050005 007EF500 02010001 00010001 E1066304 00000180 F0223D16 2E522368 656C6C6F 20333445 0F
375051	16	1,2,3,4,5	5: 0x02001786 D1
375091	16	1,2,3,4,5	58: 0x61DCF4CD AB010001 00010001 00100010 00100010 007CD700 3F020500 05000500 05E10663 04000001 00F0223D 162E5223 68656C6C 6F203334 03FA
375093	1	16	5: 0x0200F413 04
375099	1	16	57: 0x61DCD2CD AB100010 00100010 00010001 00010001 007EF700 E30E0301 99100000 05000500 05000500 F0162E22 3D522368 656C6C6F 203334A7 73
375101	16	1,2,3,4,5	5: 0x0200D227 40
375115	16	1,2,3,4,5	66: 0x61DCF5CD AB050005 00050005 00100010 00100010 007CD700 3F020100 01000100 01E30E03 00991000 00100010 00100010 00F0162E 223D5223 68656C6C 6F203334 B755
375118	5	2,3,4,8,9,10,11,16	5: 0x0200F59A 15
376386	12	6,7,8,9,13,14,15	57: 0x61DC63CD AB080008 00080008 000C000C 000C000C 007EF500 02010001 00010001 E1066304 00000280 F0223D16 2E520968 656C6C6F 203332C7 EA
376388	8	2,3,4,5,6,7,9,10,11,12,13,14,15	5: 0x02006325 E4
376397	4	2,3,5,7,8,9,10,11,16	57: 0x61DC0DCD AB100010 00100010 00040004 00040004 007EF500 02010001 00010001 E1066304 00000180 F0223D16 2E522768 656C6C6F 203334E4 2F
376399	16	1,2,3,4,5	5: 0x02000D5D 6E
376403	8	2,3,4,5,6,7,9,10,11,12,13,14,15	66: 0x61DCF6CD AB050005 00050005 00080008 00080008 007CD500 3F020C00 0C000C00 0C020100 01000100 01E10663 04000002 00F0223D 162E5209 68656C6C 6F203332 C823
376406	5	2,3,4,8,9,10,11,16	5: 0x0200F601 27
376410	16	1,2,3,4,5	58: 0x61DCF6CD AB010001 00010001 00100010 00100010 007CD700 3F020400 04000400 04E10663 04000001 00F0223D 162E5227 68656C6C 6F203334 AD1F
376412	1	16	5: 0x0200F601 27
376421	1	16	57: 0x61DCD3CD AB100010 00100010 00010001 00010001 007EF700 E30E0301 99100000 04000400 04000400 F0162E22 3D522768 656C6C6F 203334C2 B5
376423	16	1,2,3,4,5	5: 0x0200D3AE 51
376435	16	1,2,3,4,5	66: 0x61DCF7CD AB040004 00040004 00100010 00100010 007CD700 3F020100 01000100 01E30E03 00991000 00100010 00100010 00F0162E 223D5227 68656C6C 6F203334 7DA6
376438	4	2,3,5,7,8,9,10,11,16	5: 0x0200F788 36
376438	5	2,3,4,8,9,10,11,16	66: 0x61DC18CD AB100010 00100010 00050005 00050005 007CD500 3E020C00 0C000C00 0C020100 01000100 01E10663 04000001 80F0223D 162E5209 68656C6C 6F203332 068D
376441	16	1,2,3,4,5	5: 0x02001871 29
376447	16	1,2,3,4,5	58: 0x61DCF8CD AB010001 00010001 00100010 00100010 007CD700 3D020C00 0C000C00 0CE10663 04000001 00F0223D 162E5209 68656C6C 6F203332 6512
376449	1	16	5: 0x0200F87F CE
376464	16	1,2,3,4,5	66: 0x61DCF7CD AB040004 00040004 00100010 00100010 007CD700 3F020100 01000100 01E30E03 00991000 00100010 00100010 00F0162E 223D5227 68656C6C 6F203334 7DA6
376467	4	2,3,5,7,8,9,10,11,16	5: 0x0200F788 36
376486	1	16	73: 0x61DCD4CD AB100010 00100010 00010001 00010001 007EF700 E31E0303 99300000 05000500 05000508 00080008 00080C00 0C000C00 0C000000 F0162E22 3D520968 656C6C6F 20333224 5C
376489	16	1,2,3,4,5	5: 0x0200D411 25
376519	16	1,2,3,4,5	82: 0x61DCF9CD AB050005 00050005 00100010 00100010 007CD700 3F020100 01000100 01E31E03 02993000 00100010 00100010 08000800 0800080C 000C000C 000C0000 00F0162E 223D5209 68656C6C 6F203332 E57C
376522	5	2,3,4,8,9,10,11,16	5: 0x0200F9F6 DF
376525	5	2,3,4,8,9,10,11,16	66: 0x61DC18CD AB100010 00100010 00050005 00050005 007CD500 3E020C00 0C000C00 0C020100 01000100 01E10663 04000001 80F0223D 162E5209 68656C6C 6F203332 068D
376528	16	1,2,3,4,5	5: 0x02001871 29
376538	5	2,3,4,8,9,10,11,16	82: 0x61DC19CD AB080008 00080008 00050005 00050005 007CD700 3E020100 01000100 01E31E03 01993000 00100010 00100010 05000500 0500050C 000C000C 000C0000 00F0162E 223D5209 68656C6C 6F203332 A1AB
376541	8	2,3,4,5,6,7,9,10,11,12,13,14,15	5: 0x020019F8 38
376544	8	2,3,4,5,6,7,9,10,11,12,13,14,15	82: 0x61DCF7CD AB0C000C 000C000C 00080008 00080008 007CD700 3D020100 01000100 01E31E03 00993000 00100010 00100010 05000500 05000508 00080008 00080000 00F0162E 223D5209 68656C6C 6F203332 A904
376548	12	6,7,8,9,13,14,15	5: 0x0200F788 36
377438	15	8,9,10,11,12,13,14	57: 0x61DCE6CD AB080008 00080008 000F000F 000F000F 007EF500 02010001 00010001 E1066304 00000280 F0223D16 2E51FD68 656C6C6F 2033325D 8F
377440	8	2,3,4,5,6,7,9,10,11,12,13,14,15	5: 0x0200E680 37
377461	8	2,3,4,5,6,7,9,10,11,12,13,14,15	66: 0x61DCF8CD AB050005 00050005 00080008 00080008 007CD500 3F020F00 0F000F00 0F020100 01000100 01E10663 04000002 00F0223D 162E51FD 68656C6C 6F203332 D7CF
377464	5	2,3,4,8,9,10,11,16	5: 0x0200F87F CE
377473	5	2,3,4,8,9,10,11,16	66: 0x61DC1ACD AB100010 00100010 00050005 00050005 007CD500 3E020F00 0F000F00 0F020100 01000100 01E10663 04000001 80F0223D 162E51FD 68656C6C 6F203332 FB73
377476	16	1,2,3,4,5	5: 0x02001A63 0A
377484	8	2,3,4,5,6,7,9,10,11,12,13,14,15	57: 0x61DCF9CD AB050005 00050005 00080008 00080008 007EF500 02010001 00010001 E1066304 00000200 F0223D16 2E521868 656C6C6F 203333E3 49
377486	5	2,3,4,8,9,10,11,16	5: 0x0200F9F6 DF
377490	5	2,3,4,8,9,10,11,16	66: 0x61DC1BCD AB100010 00100010 00050005 00050005 007CD500 3F020800 08000800 08020100 01000100 01E10663 04000001 80F0223D 162E5218 68656C6C 6F203333 8C20
377493	16	1,2,3,4,5	5: 0x02001BEA 1B
377504	16	1,2,3,4,5	58: 0x61DCFACD AB010001 00010001 00100010 00100010 007CD700 3D020F00 0F000F00 0FE10663 04000001 00F0223D 162E51FD 68656C6C 6F203332 4958
377506	1	16	5: 0x0200FA6D ED
377513	1	16	73: 0x61DCD5CD AB100010 00100010 00010001 00010001 007EF700 E31E0303 99300000 05000500 05000508 00080008 00080F00 0F000F00 0F000000 F0162E22 3D51FD68 656C6C6F 20333254 8C
377516	16	1,2,3,4,5	5: 0x0200D598 34
377532	16	1,2,3,4,5	58: 0x61DCFBCD AB010001 00010001 00100010 00100010 007CD700 3E020800 08000800 08E10663 04000001 00F0223D 162E5218 68656C6C 6F203333 3D30
377534	1	16	5: 0x0200FBE4 FC
377537	16	1,2,3,4,5	82: 0x61DCFCCD AB050005 00050005 00100010 00100010 007CD700 3F020100 01000100 01E31E03 02993000 00100010 00100010 08000800 0800080F 000F000F 000F0000 00F0162E 223D51FD 68656C6C 6F203332 E37D
377540	5	2,3,4,8,9,10,11,16	5: 0x0200FC5B 88
377567	5	2,3,4,8,9,10,11,16	82: 0x61DC1CCD AB080008 00080008 00050005 00050005 007CD700 3E020100 01000100 01E31E03 01993000 00100010 00100010 05000500 0500050F 000F000F 000F0000 00F0162E 223D51FD 68656C6C 6F203332 A7AA
377570	8	2,3,4,5,6,7,9,10,11,12,13,14,15	5: 0x02001C55 6F
377571	1	16	65: 0x61DCD6CD AB100010 00100010 00010001 00010001 007EF700 E3160302 99200000 05000500 05000508 00080008 00080000 F0162E22 3D521868 656C6C6F 20333393 B3
377574	16	1,2,3,4,5	5: 0x0200D603 06
377596	8	2,3,4,5,6,7,9,10,11,12,13,14,15	82: 0x61DCFACD AB0F000F 000F000F 00080008 00080008 007CD700 3D020100 01000100 01E31E03 00993000 00100010 00100010 05000500 05000508 00080008 00080000 00F0162E 223D51FD 68656C6C 6F203332 519C
377599	15	8,9,10,11,12,13,14	5: 0x0200FA6D ED
377615	16	1,2,3,4,5	74: 0x61DCFDCD AB050005 00050005 00100010 00100010 007CD700 3F020100 01000100 01E31603 01992000 00100010 00100010 08000800 08000800 00F0162E 223D5218 68656C6C 6F203333 9FB4
377618	5	2,3,4,8,9,10,11,16	5: 0x0200FDD2 99
377623	5	2,3,4,8,9,10,11,16	74: 0x61DC1DCD AB080008 00080008 00050005 00050005 007CD700 3E020100 01000100 01E31603 00992000 00100010 00100010 05000500 05000500 00F0162E 223D5218 68656C6C 6F203333 76EB
377626	8	2,3,4,5,6,7,9,10,11,12,13,14,15	5: 0x02001DDC 7E
379022	9	2,3,4,5,6,7,8,10,11,12,13,14,15	57: 0x61DC78CD AB050005 00050005 00090009 00090009 007EF500 02010001 00010001 E1066304 00000200 F0223D16 2E521468 656C6C6F 2033334F 58
379024	5	2,3,4,8,9,10,11,16	5: 0x02007877 4A
379040	5	2,3,4,8,9,10,11,16	66: 0x61DC1ECD AB100010 00100010 00050005 00050005 007CD500 3F020900 09000900 09020100 01000100 01E10663 04000001 80F0223D 162E5214 68656C6C 6F203333 5AC9
379043	16	1,2,3,4,5	5: 0x02001E47 4C
379072	16	1,2,3,4,5	58: 0x61DCFECD AB010001 00010001 00100010 00100010 007CD700 3E020900 09000900 09E10663 04000001 00F0223D 162E5214 68656C6C 6F203333 C714
379074	1	16	5: 0x0200FE49 AB
379090	1	16	65: 0x61DCD7CD AB100010 00100010 00010001 00010001 007EF700 E3160302 99200000 05000500 05000509 00090009 00090000 F0162E22 3D521468 656C6C6F 203333A8 51
379093	16	1,2,3,4,5	5: 0x0200D78A 17
379126	16	1,2,3,4,5	74: 0x61DCFFCD AB050005 00050005 00100010 00100010 007CD700 3F020100 01000100 01E31603 01992000 00100010 00100010 09000900 09000900 00F0162E 223D5214 68656C6C 6F203333 4D19
379129	5	2,3,4,8,9,10,11,16	5: 0x0200FFC0 BA
379141	5	2,3,4,8,9,10,11,16	74: 0x61DC1FCD AB090009 00090009 00050005 00050005 007CD700 3E020100 01000100 01E31603 00992000 00100010 00100010 05000500 05000500 00F0162E 223D5214 68656C6C 6F203333 9A5C
379144	9	2,3,4,5,6,7,8,10,11,12,13,14,15	5: 0x02001FCE 5D
379739	6	2,3,7,8,9,12,13	57: 0x61DC0FCD AB020002 00020002 00060006 00060006 007EF500 02010001 00010001 E1066304 00000200 F0223D16 2E522068 656C6C6F 20333369 D6
379741	2	3,4,5,6,7,8,9,16	5: 0x02000F4F 4D
379762	2	3,4,5,6,7,8,9,16	66: 0x61DC9FCD AB100010 00100010 00020002 00020002 007CD500 3F020600 06000600 06020100 01000100 01E10663 04000001 80F0223D 162E5220 68656C6C 6F203333 5FDF
379765	16	1,2,3,4,5	5: 0x02009FC6 D9
379772	16	1,2,3,4,5	58: 0x61DC00CD AB010001 00010001 00100010 00100010 007CD700 3E020600 06000600 06E10663 04000001 00F0223D 162E5220 68656C6C 6F203333 C5BC
379774	1	16	5: 0x020000B8 B5
379790	1	16	65: 0x61DCD8CD AB100010 00100010 00010001 00010001 007EF700 E3160302 99200000 02000200 02000206 00060006 00060000 F0162E22 3D522068 656C6C6F 203333D9 36
379793	16	1,2,3,4,5	5: 0x0200D87D EF
379824	16	1,2,3,4,5	74: 0x61DC01CD AB020002 00020002 00100010 00100010 007CD700 3F020100 01000100 01E31603 01992000 00100010 00100010 06000600 06000600 00F0162E 223D5220 68656C6C 6F203333 915C
379827	2	3,4,5,6,7,8,9,16	5: 0x02000131 A4
379846	2	3,4,5,6,7,8,9,16	74: 0x61DCA0CD AB060006 00060006 00020002 00020002 007CD700 3E020100 01000100 01E31603 00992000 00100010 00100010 02000200 02000200 00F0162E 223D5220 68656C6C 6F203333 6EFB
379849	6	2,3,7,8,9,12,13	5: 0x0200A0B2 10
380492	2	3,4,5,6,7,8,9,16	102: 0x61DCA1CD AB040004 00040004 00020002 00020002 007A333A 9B01FEA8 00F00180 08F00000 FD000000 00000000 02010001 00010001 040E0008 0C000400 00800001 001E003C 081E4040 FFFFFFFF FFFFFFFF 00000000 FD000000 00000000 00000000 00000000 7CC3
380496	4	2,3,5,7,8,9,10,11,16	5: 0x0200A13B 01
380499	2	3,4,5,6,7,8,9,16	57: 0x61DCA2CD AB100010 00100010 00020002 00020002 007EF500 02010001 00010001 E1066304 00000180 F0223D16 2E522F68 656C6C6F 20333407 98
380502	16	1,2,3,4,5	5: 0x0200A2A0 33
380545	16	1,2,3,4,5	58: 0x61DC02CD AB010001 00010001 00100010 00100010 007CD700 3F020200 02000200 02E10663 04000001 00F0223D 162E522F 68656C6C 6F203334 7760
380547	1	16	5: 0x020002AA 96
380577	1	16	57: 0x61DCD9CD AB100010 00100010 00010001 00010001 007EF700 E30E0301 99100000 02000200 02000200 F0162E22 3D522F68 656C6C6F 203334EB D5
380579	16	1,2,3,4,5	5: 0x0200D9F4 FE
380595	16	1,2,3,4,5	66: 0x61DC03CD AB020002 00020002 00100010 00100010 007CD700 3F020100 01000100 01E30E03 00991000 00100010 00100010 00F0162E 223D522F 68656C6C 6F203334 7DE8
380598	2	3,4,5,6,7,8,9,16	5: 0x02000323 87
380618	14	7,8,9,10,11,12,13,15	57: 0x61DCBCCD AB080008 00080008 000E000E 000E000E 007EF500 02010001 00010001 E1066304 00000280 F0223D16 2E520068 656C6C6F 203333C2 49
380620	8	2,3,4,5,6,7,9,10,11,12,13,14,15	5: 0x0200BC5F CA
380660	8	2,3,4,5,6,7,9,10,11,12,13,14,15	66: 0x61DCFBCD AB050005 00050005 00080008 00080008 007CD500 3F020E00 0E000E00 0E020100 01000100 01E10663 04000002 00F0223D 162E5200 68656C6C 6F203333 742D
380663	5	2,3,4,8,9,10,11,16	5: 0x0200FBE4 FC
380706	5	2,3,4,8,9,10,11,16	66: 0x61DC20CD AB100010 00100010 00050005 00050005 007CD500 3E020E00 0E000E00 0E020100 01000100 01E10663 04000001 80F0223D 162E5200 68656C6C 6F203333 F341
380709	16	1,2,3,4,5	5: 0x020020BA 94
380715	16	1,2,3,4,5	58: 0x61DC04CD AB010001 00010001 00100010 00100010 007CD700 3D020E00 0E000E00 0EE10663 04000001 00F0223D 162E5200 68656C6C 6F203333 D440
380717	1	16	5: 0x0200049C F3
380749	1	16	73: 0x61DCDACD AB100010 00100010 00010001 00010001 007EF700 E31E0303 99300000 05000500 05000508 00080008 00080E00 0E000E00 0E000000 F0162E22 3D520068 656C6C6F 203333D8 ED
380752	16	1,2,3,4,5	5: 0x0200DA6F CC
380785	16	1,2,3,4,5	82: 0x61DC05CD AB050005 00050005 00100010 00100010 007CD700 3F020100 01000100 01E31E03 02993000 00100010 00100010 08000800 0800080E 000E000E 000E0000 00F0162E 223D5200 68656C6C 6F203333 2024
380788	5	2,3,4,8,9,10,11,16	5: 0x02000515 E2
380801	5	2,3,4,8,9,10,11,16	82: 0x61DC21CD AB080008 00080008 00050005 00050005 007CD700 3E020100 01000100 01E31E03 01993000 00100010 00100010 05000500 0500050E 000E000E 000E0000 00F0162E 223D5200 68656C6C 6F203333 4428
380804	8	2,3,4,5,6,7,9,10,11,12,13,14,15	5: 0x02002133 85
380811	8	2,3,4,5,6,7,9,10,11,12,13,14,15	82: 0x61DCFCCD AB0E000E 000E000E 00080008 00080008 007CD700 3D020100 01000100 01E31E03 00993000 00100010 00100010 05000500 05000508 00080008 00080000 00F0162E 223D5200 68656C6C 6F203333 7DE0
380814	14	7,8,9,10,11,12,13,15	5: 0x0200FC5B 88
380887	10	3,4,5,7,8,9,11,13,14,15	57: 0x61DC18CD AB050005 00050005 000A000A 000A000A 007EF500 02010001 00010001 E1066304 00000200 F0223D16 2E520F68 656C6C6F 20333483 5A
380889	5	2,3,4,8,9,10,11,16	5: 0x02001871 29
380920	5	2,3,4,8,9,10,11,16	66: 0x61DC22CD AB100010 00100010 00050005 00050005 007CD500 3F020A00 0A000A00 0A020100 01000100 01E10663 04000001 80F0223D 162E520F 68656C6C 6F203334 9ED2
380923	16	1,2,3,4,5	5: 0x020022A8 B7
380926	16	1,2,3,4,5	58: 0x61DC06CD AB010001 00010001 00100010 00100010 007CD700 3E020A00 0A000A00 0AE10663 04000001 00F0223D 162E520F 68656C6C 6F203334 A272
380928	1	16	5: 0x0200068E D0
380935	1	16	65: 0x61DCDBCD AB100010 00100010 00010001 00010001 007EF700 E3160302 99200000 05000500 0500050A 000A000A 000A0000 F0162E22 3D520F68 656C6C6F 20333495 76
380938	16	1,2,3,4,5	5: 0x0200DBE6 DD
380942	16	1,2,3,4,5	74: 0x61DC07CD AB050005 00050005 00100010 00100010 007CD700 3F020100 01000100 01E31603 01992000 00100010 00100010 0A000A00 0A000A00 00F0162E 223D520F 68656C6C 6F203334 B5AC
380945	5	2,3,4,8,9,10,11,16	5: 0x02000707 C1
380954	5	2,3,4,8,9,10,11,16	74: 0x61DC23CD AB0A000A 000A000A 00050005 00050005 007CD700 3E020100 01000100 01E31603 00992000 00100010 00100010 05000500 05000500 00F0162E 223D520F 68656C6C 6F203334 F3E0
380957	10	3,4,5,7,8,9,11,13,14,15	5: 0x02002321 A6
381500	13	6,7,8,9,10,12,14,15	57: 0x61DC79CD AB080008 00080008 000D000D 000D000D 007EF500 02010001 00010001 E1066304 00000280 F0223D16 2E520568 656C6C6F 203332AC B5
381502	8	2,3,4,5,6,7,9,10,11,12,13,14,15	5: 0x020079FE 5B
381530	8	2,3,4,5,6,7,9,10,11,12,13,14,15	66: 0x61DCFDCD AB050005 00050005 00080008 00080008 007CD500 3F020D00 0D000D00 0D020100 01000100 01E10663 04000002 00F0223D 162E5205 68656C6C 6F203332 DC27
381533	5	2,3,4,8,9,10,11,16	5: 0x0200FDD2 99
381549	5	2,3,4,8,9,10,11,16	66: 0x61DC24CD AB100010 00100010 00050005 00050005 007CD500 3E020D00 0D000D00 0D020100 01000100 01E10663 04000001 80F0223D 162E5205 68656C6C 6F203332 7BB4
381552	16	1,2,3,4,5	5: 0x0200249E D2
381571	16	1,2,3,4,5	58: 0x61DC08CD AB010001 00010001 00100010 00100010 007CD700 3D020D00 0D000D00 0DE10663 04000001 00F0223D 162E5205 68656C6C 6F203332 D17D
381573	1	16	5: 0x020008F0 39
381583	1	16	73: 0x61DCDCCD AB100010 00100010 00010001 00010001 007EF700 E31E0303 99300000 05000500 05000508 00080008 00080D00 0D000D00 0D000000 F0162E22 3D520568 656C6C6F 2033321A 5F
381586	16	1,2,3,4,5	5: 0x0200DC59 A9
381590	16	1,2,3,4,5	82: 0x61DC09CD AB050005 00050005 00100010 00100010 007CD700 3F020100 01000100 01E31E03 02993000 00100010 00100010 08000800 0800080D 000D000D 000D0000 00F0162E 223D5205 68656C6C 6F203332 9FE2
381593	5	2,3,4,8,9,10,11,16	5: 0x02000979 28
381611	5	2,3,4,8,9,10,11,16	82: 0x61DC25CD AB080008 00080008 00050005 00050005 007CD700 3E020100 01000100 01E31E03 01993000 00100010 00100010 05000500 0500050D 000D000D 000D0000 00F0162E 223D5205 68656C6C 6F203332 E17B
381614	8	2,3,4,5,6,7,9,10,11,12,13,14,15	5: 0x02002517 C3
381636	8	2,3,4,5,6,7,9,10,11,12,13,14,15	82: 0x61DCFECD AB0D000D 000D000D 00080008 00080008 007CD700 3D020100 01000100 01E31E03 00993000 00100010 00100010 05000500 05000508 00080008 00080000 00F0162E 223D5205 68656C6C 6F203332 FF54
381639	13	6,7,8,9,10,12,14,15	5: 0x0200FE49 AB
383173	15	8,9,10,11,12,13,14	102: 0x61DCE7CD AB0B000B 000B000B 000F000F 000F000F 007A333A 9B01FD58 00F00280 08F00000 FD000000 00000000 02010001 00010001 040E0008 0C000400 00800001 001E003C 081E4040 FFFFFFFF FFFFFFFF 00000000 FD000000 00000000 00000000 00000000 D811
383177	11	4,5,8,9,10,14,15	5: 0x0200E709 26
383923	7	2,3,4,6,8,9,10,12,13,14	57: 0x61DCB2CD AB020002 00020002 00070007 00070007 007EF500 02010001 00010001 E1066304 00000200 F0223D16 2E521C68 656C6C6F 203333AD BE
383925	2	3,4,5,6,7,8,9,16	5: 0x0200B221 23
383933	2	3,4,5,6,7,8,9,16	66: 0x61DCA3CD AB100010 00100010 00020002 00020002 007CD500 3F020700 07000700 07020100 01000100 01E10663 04000001 80F0223D 162E521C 68656C6C 6F203333 8FEE
383936	16	1,2,3,4,5	5: 0x0200A329 22
383964	16	1,2,3,4,5	58: 0x61DC0ACD AB010001 00010001 00100010 00100010 007CD700 3E020700 07000700 07E10663 04000001 00F0223D 162E521C 68656C6C 6F203333 E6B4
383966	1	16	5: 0x02000AE2 1A
383999	1	16	65: 0x61DCDDCD AB100010 00100010 00010001 00010001 007EF700 E3160302 99200000 02000200 02000207 00070007 00070000 F0162E22 3D521C68 656C6C6F 203333AE 0A
384002	16	1,2,3,4,5	5: 0x0200DDD0 B8
384033	16	1,2,3,4,5	74: 0x61DC0BCD AB020002 00020002 00100010 00100010 007CD700 3F020100 01000100 01E31603 01992000 00100010 00100010 07000700 07000700 00F0162E 223D521C 68656C6C 6F203333 BA18
384036	2	3,4,5,6,7,8,9,16	5: 0x02000B6B 0B
384061	2	3,4,5,6,7,8,9,16	74: 0x61DCA4CD AB070007 00070007 00020002 00020002 007CD700 3E020100 01000100 01E31603 00992000 00100010 00100010 02000200 02000200 00F0162E 223D521C 68656C6C 6F203333 D00C
384064	7	2,3,4,6,8,9,10,12,13,14	5: 0x0200A496 56
384182	3	2,4,5,6,7,8,9,10,16	57: 0x61DCD9CD AB100010 00100010 00030003 00030003 007EF500 02010001 00010001 E1066304 00000180 F0223D16 2E522A68 656C6C6F 203335B9 F6
384184	16	1,2,3,4,5	5: 0x0200D9F4 FE
384200	16	1,2,3,4,5	58: 0x61DC0CCD AB010001 00010001 00100010 00100010 007CD700 3F020300 03000300 03E10663 04000001 00F0223D 162E522A 68656C6C 6F203335 320E
384202	1	16	5: 0x02000CD4 7F
384222	1	16	57: 0x61DCDECD AB100010 00100010 00010001 00010001 007EF700 E30E0301 99100000 03000300 03000300 F0162E22 3D522A68 656C6C6F 20333592 C6
384224	16	1,2,3,4,5	5: 0x0200DE4B 8A
384240	16	1,2,3,4,5	66: 0x61DC0DCD AB030003 00030003 00100010 00100010 007CD700 3F020100 01000100 01E30E03 00991000 00100010 00100010 00F0162E 223D522A 68656C6C 6F203335 2155
384243	3	2,4,5,6,7,8,9,10,16	5: 0x02000D5D 6E
384358	11	4,5,8,9,10,14,15	57: 0x61DC22CD AB050005 00050005 000B000B 000B000B 007EF500 02010001 00010001 E1066304 00000200 F0223D16 2E520B68 656C6C6F 203334DA 37
384360	5	2,3,4,8,9,10,11,16	5: 0x020022A8 B7
384370	5	2,3,4,8,9,10,11,16	66: 0x61DC26CD AB100010 00100010 00050005 00050005 007CD500 3F020B00 0B000B00 0B020100 01000100 01E10663 04000001 80F0223D 162E520B 68656C6C 6F203334 123B
384373	16	1,2,3,4,5	5: 0x0200268C F1
384378	16	1,2,3,4,5	58: 0x61DC0ECD AB010001 00010001 00100010 00100010 007CD700 3E020B00 0B000B00 0BE10663 04000001 00F0223D 162E520B 68656C6C 6F203334 54AF
384380	1	16	5: 0x02000EC6 5C
384398	1	16	65: 0x61DCDFCD AB100010 00100010 00010001 00010001 007EF700 E3160302 99200000 05000500 0500050B 000B000B 000B0000 F0162E22 3D520B68 656C6C6F 20333439 4A
384401	16	1,2,3,4,5	5: 0x0200DFC2 9B
384435	16	1,2,3,4,5	74: 0x61DC0FCD AB050005 00050005 00100010 00100010 007CD700 3F020100 01000100 01E31603 01992000 00100010 00100010 0B000B00 0B000B00 00F0162E 223D520B 68656C6C 6F203334 ACA7
384438	5	2,3,4,8,9,10,11,16	5: 0x02000F4F 4D
384474	5	2,3,4,8,9,10,11,16	74: 0x61DC27CD AB0B000B 000B000B 00050005 00050005 007CD700 3E020100 01000100 01E31603 00992000 00100010 00100010 05000500 05000500 00F0162E 223D520B 68656C6C 6F203334 2A60
384477	11	4,5,8,9,10,14,15	5: 0x02002705 E0
384492	5	2,3,4,8,9,10,11,16	57: 0x61DC28CD AB100010 00100010 00050005 00050005 007EF500 02010001 00010001 E1066304 00000180 F0223D16 2E522268 656C6C6F 20333540 66
384494	16	1,2,3,4,5	5: 0x020028F2 18
384530	16	1,2,3,4,5	58: 0x61DC10CD AB010001 00010001 00100010 00100010 007CD700 3F020500 05000500 05E10663 04000001 00F0223D 162E5222 68656C6C 6F203335 A581
384532	1	16	5: 0x02001039 A5
384535	1	16	57: 0x61DCE0CD AB100010 00100010 00010001 00010001 007EF700 E30E0301 99100000 05000500 05000500 F0162E22 3D522268 656C6C6F 20333500 C4
384538	16	1,2,3,4,5	5: 0x0200E0B6 52
384569	16	1,2,3,4,5	66: 0x61DC11CD AB050005 00050005 00100010 00100010 007CD700 3F020100 01000100 01E30E03 00991000 00100010 00100010 00F0162E 223D5222 68656C6C 6F203335 5C53
384572	5	2,3,4,8,9,10,11,16	5: 0x020011B0 B4
386283	12	6,7,8,9,13,14,15	57: 0x61DC64CD AB080008 00080008 000C000C 000C000C 007EF500 02010001 00010001 E1066304 00000280 F0223D16 2E520868 656C6C6F 203333B8 FB
386285	8	2,3,4,5,6,7,9,10,11,12,13,14,15	5: 0x0200649A 90
386322	8	2,3,4,5,6,7,9,10,11,12,13,14,15	66: 0x61DCFFCD AB050005 00050005 00080008 00080008 007CD500 3F020C00 0C000C00 0C020100 01000100 01E10663 04000002 00F0223D 162E5208 68656C6C 6F203333 9FE4
386325	5	2,3,4,8,9,10,11,16	5: 0x0200FFC0 BA
386346	5	2,3,4,8,9,10,11,16	66: 0x61DC29CD AB100010 00100010 00050005 00050005 007CD500 3E020C00 0C000C00 0C020100 01000100 01E10663 04000001 80F0223D 162E5208 68656C6C 6F203333 6AE5
386349	16	1,2,3,4,5	5: 0x0200297B 09
386387	16	1,2,3,4,5	58: 0x61DC12CD AB010001 00010001 00100010 00100010 007CD700 3D020C00 0C000C00 0CE10663 04000001 00F0223D 162E5208 68656C6C 6F203333 EE1C
386389	1	16	5: 0x0200122B 86
386416	1	16	73: 0x61DCE1CD AB100010 00100010 00010001 00010001 007EF700 E31E0303 99300000 05000500 05000508 00080008 00080C00 0C000C00 0C000000 F0162E22 3D520868 656C6C6F 2033334A 89
386419	16	1,2,3,4,5	5: 0x0200E13F 43
386424	16	1,2,3,4,5	82: 0x61DC13CD AB050005 00050005 00100010 00100010 007CD700 3F020100 01000100 01E31E03 02993000 00100010 00100010 08000800 0800080C 000C000C 000C0000 00F0162E 223D5208 68656C6C 6F203333 22C1
386427	5	2,3,4,8,9,10,11,16	5: 0x020013A2 97
386448	5	2,3,4,8,9,10,11,16	82: 0x61DC2ACD AB080008 00080008 00050005 00050005 007CD700 3E020100 01000100 01E31E03 01993000 00100010 00100010 05000500 0500050C 000C000C 000C0000 00F0162E 223D5208 68656C6C 6F203333 5360
386451	8	2,3,4,5,6,7,9,10,11,12,13,14,15	5: 0x02002AE0 3B
386472	8	2,3,4,5,6,7,9,10,11,12,13,14,15	82: 0x61DC00CD AB0C000C 000C000C 00080008 00080008 007CD700 3D020100 01000100 01E31E03 00993000 00100010 00100010 05000500 05000508 00080008 00080000 00F0162E 223D5208 68656C6C 6F203333 7B14
386475	12	6,7,8,9,13,14,15	5: 0x020000B8 B5
387347	4	2,3,5,7,8,9,10,11,16	57: 0x61DC0ECD AB100010 00100010 00040004 00040004 007EF500 02010001 00010001 E1066304 00000180 F0223D16 2E522668 656C6C6F 20333524 37
387349	16	1,2,3,4,5	5: 0x02000EC6 5C
387352	16	1,2,3,4,5	58: 0x61DC14CD AB010001 00010001 00100010 00100010 007CD700 3F020400 04000400 04E10663 04000001 00F0223D 162E5226 68656C6C 6F203335 CC8B
387355	1	16	5: 0x0200141D E3
387383	1	16	57: 0x61DCE2CD AB100010 00100010 00010001 00010001 007EF700 E30E0301 99100000 04000400 04000400 F0162E22 3D522668 656C6C6F 203335D1 46
387385	16	1,2,3,4,5	5: 0x0200E2A4 71
387391	16	1,2,3,4,5	66: 0x61DC15CD AB040004 00040004 00100010 00100010 007CD700 3F020100 01000100 01E30E03 00991000 00100010 00100010 00F0162E 223D5226 68656C6C 6F203335 E7A9
387394	4	2,3,5,7,8,9,10,11,16	5: 0x02001594 F2
387922	14	7,8,9,10,11,12,13,15	102: 0x61DCBDCD AB0A000A 000A000A 000E000E 000E000E 007A333A 9B01FD60 00F00280 08F00000 FD000000 00000000 02010001 00010001 040E0008 0C000400 00800001 001E003C 081E4040 FFFFFFFF FFFFFFFF 00000000 FD000000 00000000 00000000 00000000 16A9
387926	10	3,4,5,7,8,9,11,13,14,15	5: 0x0200BDD6 DB
388016	8	2,3,4,5,6,7,9,10,11,12,13,14,15	57: 0x61DC01CD AB050005 00050005 00080008 00080008 007EF500 02010001 00010001 E1066304 00000200 F0223D16 2E521768 656C6C6F 2033340F 77
388018	5	2,3,4,8,9,10,11,16	5: 0x02000131 A4
388025	5	2,3,4,8,9,10,11,16	66: 0x61DC2BCD AB100010 00100010 00050005 00050005 007CD500 3F020800 08000800 08020100 01000100 01E10663 04000001 80F0223D 162E5217 68656C6C 6F203334 9389
388028	16	1,2,3,4,5	5: 0x02002B69 2A
388051	15	8,9,10,11,12,13,14	57: 0x61DCE8CD AB080008 00080008 000F000F 000F000F 007EF500 02010001 00010001 E1066304 00000280 F0223D16 2E51FC68 656C6C6F 2033333F 49
388053	8	2,3,4,5,6,7,9,10,11,12,13,14,15	5: 0x0200E8FE DE
388063	16	1,2,3,4,5	58: 0x61DC16CD AB010001 00010001 00100010 00100010 007CD700 3E020800 08000800 08E10663 04000001 00F0223D 162E5217 68656C6C 6F203334 CB3E
388065	1	16	5: 0x0200160F C0
388094	8	2,3,4,5,6,7,9,10,11,12,13,14,15	66: 0x61DC02CD AB050005 00050005 00080008 00080008 007CD500 3F020F00 0F000F00 0F020100 01000100 01E10663 04000002 00F0223D 162E51FC 68656C6C 6F203333 89E5
388097	5	2,3,4,8,9,10,11,16	5: 0x020002AA 96
388099	1	16	65: 0x61DCE3CD AB100010 00100010 00010001 00010001 007EF700 E3160302 99200000 05000500 05000508 00080008 00080000 F0162E22 3D521768 656C6C6F 20333480 34
388102	16	1,2,3,4,5	5: 0x0200E32D 60
388115	5	2,3,4,8,9,10,11,16	66: 0x61DC2CCD AB100010 00100010 00050005 00050005 007CD500 3E020F00 0F000F00 0F020100 01000100 01E10663 04000001 80F0223D 162E51FC 68656C6C 6F203333 766D
388118	16	1,2,3,4,5	5: 0x02002CD6 5E
388135	16	1,2,3,4,5	74: 0x61DC17CD AB050005 00050005 00100010 00100010 007CD700 3F020100 01000100 01E31603 01992000 00100010 00100010 08000800 08000800 00F0162E 223D5217 68656C6C 6F203334 1345
388138	5	2,3,4,8,9,10,11,16	5: 0x02001786 D1
388148	16	1,2,3,4,5	58: 0x61DC18CD AB010001 00010001 00100010 00100010 007CD700 3D020F00 0F000F00 0FE10663 04000001 00F0223D 162E51FC 68656C6C 6F203333 28CC
388150	1	16	5: 0x02001871 29
388155	5	2,3,4,8,9,10,11,16	74: 0x61DC2DCD AB080008 00080008 00050005 00050005 007CD700 3E020100 01000100 01E31603 00992000 00100010 00100010 05000500 05000500 00F0162E 223D5217 68656C6C 6F203334 3B5E
388158	8	2,3,4,5,6,7,9,10,11,12,13,14,15	5: 0x02002D5F 4F
388163	1	16	73: 0x61DCE4CD AB100010 00100010 00010001 00010001 007EF700 E31E0303 99300000 05000500 05000508 00080008 00080F00 0F000F00 0F000000 F0162E22 3D51FC68 656C6C6F 20333379 6C
388166	16	1,2,3,4,5	5: 0x0200E492 14
388169	16	1,2,3,4,5	82: 0x61DC19CD AB050005 00050005 00100010 00100010 007CD700 3F020100 01000100 01E31E03 02993000 00100010 00100010 08000800 0800080F 000F000F 000F0000 00F0162E 223D51FC 68656C6C 6F203333 5AEE
388172	5	2,3,4,8,9,10,11,16	5: 0x020019F8 38
388208	5	2,3,4,8,9,10,11,16	82: 0x61DC2ECD AB080008 00080008 00050005 00050005 007CD700 3E020100 01000100 01E31E03 01993000 00100010 00100010 05000500 0500050F 000F000F 000F0000 00F0162E 223D51FC 68656C6C 6F203333 F231
388211	8	2,3,4,5,6,7,9,10,11,12,13,14,15	5: 0x02002EC4 7D
388239	8	2,3,4,5,6,7,9,10,11,12,13,14,15	82: 0x61DC03CD AB0F000F 000F000F 00080008 00080008 007CD700 3D020100 01000100 01E31E03 00993000 00100010 00100010 05000500 05000508 00080008 00080000 00F0162E 223D51FC 68656C6C 6F203333 5AF2
388242	15	8,9,10,11,12,13,14	5: 0x02000323 87
389767	9	2,3,4,5,6,7,8,10,11,12,13,14,15	57: 0x61DC79CD AB050005 00050005 00090009 00090009 007EF500 02010001 00010001 E1066304 00000200 F0223D16 2E521368 656C6C6F 20333471 01
389769	5	2,3,4,8,9,10,11,16	5: 0x020079FE 5B
389800	5	2,3,4,8,9,10,11,16	66: 0x61DC2FCD AB100010 00100010 00050005 00050005 007CD500 3F020900 09000900 09020100 01000100 01E10663 04000001 80F0223D 162E5213 68656C6C 6F203334 1F60
389803	16	1,2,3,4,5	5: 0x02002F4D 6C
389840	16	1,2,3,4,5	58: 0x61DC1ACD AB010001 00010001 00100010 00100010 007CD700 3E020900 09000900 09E10663 04000001 00F0223D 162E5213 68656C6C 6F203334 48AE
389842	1	16	5: 0x02001A63 0A
389860	1	16	65: 0x61DCE5CD AB100010 00100010 00010001 00010001 007EF700 E3160302 99200000 05000500 05000509 00090009 00090000 F0162E22 3D521368 656C6C6F 20333454 E7
389863	16	1,2,3,4,5	5: 0x0200E51B 05
389897	16	1,2,3,4,5	74: 0x61DC1BCD AB050005 00050005 00100010 00100010 007CD700 3F020100 01000100 01E31603 01992000 00100010 00100010 09000900 09000900 00F0162E 223D5213 68656C6C 6F203334 A03E
389900	5	2,3,4,8,9,10,11,16	5: 0x02001BEA 1B
389914	5	2,3,4,8,9,10,11,16	74: 0x61DC30CD AB090009 00090009 00050005 00050005 007CD700 3E020100 01000100 01E31603 00992000 00100010 00100010 05000500 05000500 00F0162E 223D5213 68656C6C 6F203334 2D6D
389917	9	2,3,4,5,6,7,8,10,11,12,13,14,15	5: 0x0200303B 84
390265	8	2,3,4,5,6,7,9,10,11,12,13,14,15	102: 0x61DC04CD AB020002 00020002 00080008 00080008 007A333A 9B01FE18 00F00200 08F00000 FD000000 00000000 02010001 00010001 040E0008 0C000400 00800001 001E003C 081E4040 FFFFFFFF FFFFFFFF 00000000 FD000000 00000000 00000000 00000000 5E2B
390269	2	3,4,5,6,7,8,9,16	5: 0x0200049C F3
390615	6	2,3,7,8,9,12,13	57: 0x61DC10CD AB020002 00020002 00060006 00060006 007EF500 02010001 00010001 E1066304 00000200 F0223D16 2E521F68 656C6C6F 203334DA 44
390617	2	3,4,5,6,7,8,9,16	5: 0x02001039 A5
390659	2	3,4,5,6,7,8,9,16	66: 0x61DCA5CD AB100010 00100010 00020002 00020002 007CD500 3F020600 06000600 06020100 01000100 01E10663 04000001 80F0223D 162E521F 68656C6C 6F203334 7E65
390662	16	1,2,3,4,5	5: 0x0200A51F 47
390693	13	6,7,8,9,10,12,14,15	57: 0x61DC7ACD AB080008 00080008 000D000D 000D000D 007EF500 02010001 00010001 E1066304 00000280 F0223D16 2E520468 656C6C6F 2033336C AD
390695	8	2,3,4,5,6,7,9,10,11,12,13,14,15	5: 0x02007A65 69
390699	16	1,2,3,4,5	58: 0x61DC1CCD AB010001 00010001 00100010 00100010 007CD700 3E020600 06000600 06E10663 04000001 00F0223D 162E521F 68656C6C 6F203334 A5BC
390701	1	16	5: 0x02001C55 6F
390721	8	2,3,4,5,6,7,9,10,11,12,13,14,15	66: 0x61DC05CD AB050005 00050005 00080008 00080008 007CD500 3F020D00 0D000D00 0D020100 01000100 01E10663 04000002 00F0223D 162E5204 68656C6C 6F203333 A2F2
390724	5	2,3,4,8,9,10,11,16	5: 0x02000515 E2
390725	1	16	65: 0x61DCE6CD AB100010 00100010 00010001 00010001 007EF700 E3160302 99200000 02000200 02000206 00060006 00060000 F0162E22 3D521F68 656C6C6F 20333470 84
390728	16	1,2,3,4,5	5: 0x0200E680 37
390735	16	1,2,3,4,5	74: 0x61DC1DCD AB020002 00020002 00100010 00100010 007CD700 3F020100 01000100 01E31603 01992000 00100010 00100010 06000600 06000600 00F0162E 223D521F 68656C6C 6F203334 ECED
390738	2	3,4,5,6,7,8,9,16	5: 0x02001DDC 7E
390743	5	2,3,4,8,9,10,11,16	66: 0x61DC31CD AB100010 00100010 00050005 00050005 007CD500 3E020D00 0D000D00 0D020100 01000100 01E10663 04000001 80F0223D 162E5204 68656C6C 6F203333 B9A0
390746	16	1,2,3,4,5	5: 0x020031B2 95
390759	16	1,2,3,4,5	58: 0x61DC1ECD AB010001 00010001 00100010 00100010 007CD700 3D020D00 0D000D00 0DE10663 04000001 00F0223D 162E5204 68656C6C 6F203333 A7F3
390760	14	7,10,11,12,13,15	57: 0x61DCBECD AB080008 00080008 000E000E 000E000E 007EF500 02010001 00010001 E1066304 00000280 F0223D16 2E51FF68 656C6C6F 203334F2 75
390761	1	16	5: 0x02001E47 4C
390764	2	3,4,5,6,7,8,9,16	74: 0x61DCA6CD AB060006 00060006 00020002 00020002 007CD700 3E020100 01000100 01E31603 00992000 00100010 00100010 02000200 02000200 00F0162E 223D521F 68656C6C 6F203334 AB59
390767	6	2,3,7,8,9,12,13	5: 0x0200A684 75
390770	14	7,8,9,10,11,12,13,15	57: 0x61DCBECD AB080008 00080008 000E000E 000E000E 007EF500 02010001 00010001 E1066304 00000280 F0223D16 2E51FF68 656C6C6F 203334F2 75
390772	8	2,3,4,5,6,7,9,10,11,12,13,14,15	5: 0x0200BE4D E9
390776	8	2,3,4,5,6,7,9,10,11,12,13,14,15	66: 0x61DC06CD AB050005 00050005 00080008 00080008 007CD500 3F020E00 0E000E00 0E020100 01000100 01E10663 04000002 00F0223D 162E51FF 68656C6C 6F203334 5891
390779	5	2,3,4,8,9,10,11,16	5: 0x0200068E D0
390787	1	16	73: 0x61DCE7CD AB100010 00100010 00010001 00010001 007EF700 E31E0303 99300000 05000500 05000508 00080008 00080D00 0D000D00 0D000000 F0162E22 3D520468 656C6C6F 20333318 4B
390790	16	1,2,3,4,5	5: 0x0200E709 26
390794	16	1,2,3,4,5	82: 0x61DC1FCD AB050005 00050005 00100010 00100010 007CD700 3F020100 01000100 01E31E03 02993000 00100010 00100010 08000800 0800080D 000D000D 000D0000 00F0162E 223D5204 68656C6C 6F203333 0D77
390797	5	2,3,4,8,9,10,11,16	5: 0x02001FCE 5D
390813	5	2,3,4,8,9,10,11,16	66: 0x61DC32CD AB100010 00100010 00050005 00050005 007CD500 3E020E00 0E000E00 0E020100 01000100 01E10663 04000001 80F0223D 162E51FF 68656C6C 6F203334 43C3
390816	16	1,2,3,4,5	5: 0x02003229 A7
390819	5	2,3,4,8,9,10,11,16	82: 0x61DC33CD AB080008 00080008 00050005 00050005 007CD700 3E020100 01000100 01E31E03 01993000 00100010 00100010 05000500 0500050D 000D000D 000D0000 00F0162E 223D5204 68656C6C 6F203333 73EE
390822	8	2,3,4,5,6,7,9,10,11,12,13,14,15	5: 0x020033A0 B6
390835	8	2,3,4,5,6,7,9,10,11,12,13,14,15	82: 0x61DC07CD AB0D000D 000D000D 00080008 00080008 007CD700 3D020100 01000100 01E31E03 00993000 00100010 00100010 05000500 05000508 00080008 00080000 00F0162E 223D5204 68656C6C 6F203333 F43A
390838	13	6,7,8,9,10,12,14,15	5: 0x02000707 C1
390885	16	1,2,3,4,5	58: 0x61DC20CD AB010001 00010001 00100010 00100010 007CD700 3D020E00 0E000E00 0EE10663 04000001 00F0223D 162E51FF 68656C6C 6F203334 CCCA
390887	1	16	5: 0x020020BA 94
390890	1	16	73: 0x61DCE8CD AB100010 00100010 00010001 00010001 007EF700 E31E0303 99300000 05000500 05000508 00080008 00080E00 0E000E00 0E000000 F0162E22 3D51FF68 656C6C6F 20333493 B8
390894	16	1,2,3,4,5	5: 0x0200E8FE DE
390914	16	1,2,3,4,5	82: 0x61DC21CD AB050005 00050005 00100010 00100010 007CD700 3F020100 01000100 01E31E03 02993000 00100010 00100010 08000800 0800080E 000E000E 000E0000 00F0162E 223D51FF 68656C6C 6F203334 0096
390917	5	2,3,4,8,9,10,11,16	5: 0x02002133 85
390951	5	2,3,4,8,9,10,11,16	82: 0x61DC34CD AB080008 00080008 00050005 00050005 007CD700 3E020100 01000100 01E31E03 01993000 00100010 00100010 05000500 0500050E 000E000E 000E0000 00F0162E 223D51FF 68656C6C 6F203334 ACAC
390954	8	2,3,4,5,6,7,9,10,11,12,13,14,15	5: 0x0200341F C2
390962	8	2,3,4,5,6,7,9,10,11,12,13,14,15	82: 0x61DC08CD AB0E000E 000E000E 00080008 00080008 007CD700 3D020100 01000100 01E31E03 00993000 00100010 00100010 05000500 05000508 00080008 00080000 00F0162E 223D51FF 68656C6C 6F203334 D5E1
390965	14	7,8,9,10,11,12,13,15	5: 0x020008F0 39
391011	2	3,4,5,6,7,8,9,16	57: 0x61DCA7CD AB100010 00100010 00020002 00020002 007EF500 02010001 00010001 E1066304 00000180 F0223D16 2E522E68 656C6C6F 203335AF 09
391013	16	1,2,3,4,5	5: 0x0200A70D 64
391035	16	1,2,3,4,5	58: 0x61DC22CD AB010001 00010001 00100010 00100010 007CD700 3F020200 02000200 02E10663 04000001 00F0223D 162E522E 68656C6C 6F203335 8947
391037	1	16	5: 0x020022A8 B7
391077	1	16	57: 0x61DCE9CD AB100010 00100010 00010001 00010001 007EF700 E30E0301 99100000 02000200 02000200 F0162E22 3D522E68 656C6C6F 2033359B E2
391079	16	1,2,3,4,5	5: 0x0200E977 CF
391090	16	1,2,3,4,5	66: 0x61DC23CD AB020002 00020002 00100010 00100010 007CD700 3F020100 01000100 01E30E03 00991000 00100010 00100010 00F0162E 223D522E 68656C6C 6F203335 F63E
391093	2	3,4,5,6,7,8,9,16	5: 0x02002321 A6
391753	10	3,4,5,7,8,9,11,13,14,15	57: 0x61DC19CD AB050005 00050005 000A000A 000A000A 007EF500 02010001 00010001 E1066304 00000200 F0223D16 2E520E68 656C6C6F 20333594 C2
391755	5	2,3,4,8,9,10,11,16	5: 0x020019F8 38
391762	5	2,3,4,8,9,10,11,16	66: 0x61DC35CD AB100010 00100010 00050005 00050005 007CD500 3F020A00 0A000A00 0A020100 01000100 01E10663 04000001 80F0223D 162E520E 68656C6C 6F203335 7C39
391765	16	1,2,3,4,5	5: 0x02003596 D3
391779	16	1,2,3,4,5	58: 0x61DC24CD AB010001 00010001 00100010 00100010 007CD700 3E020A00 0A000A00 0AE10663 04000001 00F0223D 162E520E 68656C6C 6F203335 EEF7
391781	1	16	5: 0x0200249E D2
391809	1	16	65: 0x61DCEACD AB100010 00100010 00010001 00010001 007EF700 E3160302 99200000 05000500 0500050A 000A000A 000A0000 F0162E22 3D520E68 656C6C6F 20333584 99
391812	16	1,2,3,4,5	5: 0x0200EAEC FD
391831	16	1,2,3,4,5	74: 0x61DC25CD AB050005 00050005 00100010 00100010 007CD700 3F020100 01000100 01E31603 01992000 00100010 00100010 0A000A00 0A000A00 00F0162E 223D520E 68656C6C 6F203335 F755
391834	5	2,3,4,8,9,10,11,16	5: 0x02002517 C3
391866	5	2,3,4,8,9,10,11,16	74: 0x61DC36CD AB0A000A 000A000A 00050005 00050005 007CD700 3E020100 01000100 01E31603 00992000 00100010 00100010 05000500 05000500 00F0162E 223D520E 68656C6C 6F203335 B69E
391869	10	3,4,5,7,8,9,11,13,14,15	5: 0x0200360D E1
