No.	Time	From	To	Bytes	Interfered
1	00:02.783	1	16	97	0
2	00:03.455	16	1,2,3,4,5	102	2
3	00:03.459	1	16	5	0
4	00:06.855	16	1,2,3,4,5	102	2
5	00:06.859	1	16	5	0
6	00:09.424	16	1,2,3,4,5	102	2
7	00:09.428	1	16	5	0
8	00:10.333	16	1,2,3,4,5	102	2
9	00:10.337	1	16	5	0
10	00:11.956	1	16	97	0
11	00:14.207	16	1,2,3,4,5	85	2
12	00:14.210	1	16	5	0
13	00:14.233	1	16	43	0
14	00:14.235	16	1,2,3,4,5	5	2
15	00:15.599	7	2,3,4,6,8,9,10,12,13,14	27	2
16	00:18.151	16	1,2,3,4,5	97	2
17	00:18.372	5	2,3,4,8,9,10,11,16	102	3
18	00:18.376	16	1,2,3,4,5	5	2
19	00:18.745	13	6,7,8,9,10,12,14,15	27	4
20	00:19.312	2	3,4,5,6,7,8,9,16	102	3
21	00:19.316	16	1,2,3,4,5	5	2
22	00:19.545	12	6,7,8,9,13,14,15	27	3
23	00:19.719	5	2,3,4,8,9,10,11,16	102	3
24	00:19.723	16	1,2,3,4,5	5	2
25	00:20.239	5	2,3,4,8,9,10,11,16	102	3
26	00:20.243	16	1,2,3,4,5	5	2
27	00:20.525	2	3,4,5,6,7,8,9,16	102	3
28	00:20.529	16	1,2,3,4,5	5	2
29	00:20.949	14	7,8,9,10,11,12,13,15	27	4
30	00:21.121	5	2,3,4,8,9,10,11,16	102	3
31	00:21.125	16	1,2,3,4,5	5	2
32	00:21.711	3	2,4,5,6,7,8,9,10,16	102	4
33	00:21.715	16	1,2,3,4,5	5	2
34	00:22.087	4	2,3,5,7,8,9,10,11,16	102	4
35	00:22.091	16	1,2,3,4,5	5	2
36	00:23.127	4	2,3,5,7,8,9,10,11,16	102	4
37	00:23.131	16	1,2,3,4,5	5	2
38	00:23.670	2	3,4,5,6,7,8,9,16	102	3
39	00:23.674	16	1,2,3,4,5	5	2
40	00:23.799	4	2,3,5,7,8,9,10,11,16	102	4
41	00:23.803	16	1,2,3,4,5	5	2
42	00:23.835	2	3,4,5,6,7,8,9,16	102	3
43	00:23.839	16	1,2,3,4,5	5	2
44	00:23.903	1	16	97	0
45	00:24.816	3	2,4,5,6,7,8,9,10,16	102	4
46	00:24.820	16	1,2,3,4,5	5	2
47	00:24.963	4	2,3,5,7,8,9,10,11,16	27	4
48	00:25.431	3	2,4,5,6,7,8,9,10,16	102	4
49	00:25.435	16	1,2,3,4,5	5	2
50	00:25.458	15	8,9,10,11,12,13,14	27	3
51	00:25.746	10	3,4,5,7,8,9,11,13,14,15	27	2
52	00:25.910	5	2,3,4,8,9,10,11,16	93	3
53	00:25.913	16	1,2,3,4,5	5	2
54	00:25.941	16	1,2,3,4,5	94	2
55	00:25.944	1	16	5	0
56	00:25.958	1	16	51	0
57	00:25.960	16	1,2,3,4,5	5	2
58	00:25.972	16	1,2,3,4,5	60	2
59	00:25.974	5	2,3,4,8,9,10,11,16	5	3
60	00:26.962	3	2,4,5,6,7,8,9,10,16	102	4
61	00:26.966	16	1,2,3,4,5	5	2
62	00:27.003	4	2,3,5,7,8,9,10,11,16	102	4
63	00:27.007	16	1,2,3,4,5	5	2
64	00:27.137	2	3,4,5,6,7,8,9,16	93	3
65	00:27.140	16	1,2,3,4,5	5	2
66	00:27.169	16	1,2,3,4,5	94	2
67	00:27.172	1	16	5	0
68	00:27.206	1	16	51	0
69	00:27.208	16	1,2,3,4,5	5	2
70	00:27.239	16	1,2,3,4,5	60	2
71	00:27.241	2	3,4,5,6,7,8,9,16	5	3
72	00:28.149	5	2,3,4,8,9,10,11,16	97	3
73	00:28.661	8	2,3,4,5,6,7,9,10,11,12,13,14,15	102	1
74	00:28.665	5	2,3,4,8,9,10,11,16	5	3
75	00:28.921	16	1,2,3,4,5	97	2
76	00:29.284	4	2,3,5,7,8,9,10,11,16	93	4
77	00:29.287	16	1,2,3,4,5	5	2
78	00:29.303	16	1,2,3,4,5	94	2
79	00:29.306	1	16	5	0
80	00:29.337	1	16	51	0
81	00:29.339	16	1,2,3,4,5	5	2
82	00:29.347	16	1,2,3,4,5	60	2
83	00:29.349	4	2,3,5,7,8,9,10,11,16	5	4
84	00:29.436	11	4,5,8,9,10,14,15	102	2
85	00:29.440	5	2,3,4,8,9,10,11,16	5	3
86	00:29.589	11	4,5,8,9,10,14,15	102	2
87	00:29.593	5	2,3,4,8,9,10,11,16	5	3
88	00:29.774	6	2,3,7,8,9,12,13	27	2
89	00:29.984	9	2,3,4,5,6,7,8,10,11,12,13,14,15	102	1
90	00:29.988	5	2,3,4,8,9,10,11,16	5	3
91	00:30.576	11	4,5,8,9,10,14,15	102	2
92	00:30.580	5	2,3,4,8,9,10,11,16	5	3
93	00:30.613	10	3,4,5,7,8,9,11,13,14,15	102	2
94	00:30.617	5	2,3,4,8,9,10,11,16	5	3
95	00:30.829	3	2,4,5,6,7,8,9,10,16	93	4
96	00:30.832	16	1,2,3,4,5	5	2
97	00:30.861	16	1,2,3,4,5	94	2
98	00:30.864	1	16	5	0
99	00:30.901	1	16	51	0
100	00:30.903	16	1,2,3,4,5	5	2
101	00:30.909	16	1,2,3,4,5	60	2
102	00:30.911	3	2,4,5,6,7,8,9,10,16	5	4
103	00:31.182	2	3,4,5,6,7,8,9,16	97	3
104	00:31.372	10	3,4,5,7,8,9,11,13,14,15	102	2
105	00:31.376	5	2,3,4,8,9,10,11,16	5	3
106	00:31.528	11	4,5,8,9,10,14,15	102	2
107	00:31.532	5	2,3,4,8,9,10,11,16	5	3
108	00:32.120	5	2,3,4,8,9,10,11,16	56	3
109	00:32.122	16	1,2,3,4,5	5	2
110	00:32.157	16	1,2,3,4,5	57	2
111	00:32.159	1	16	5	0
112	00:32.192	1	16	56	0
113	00:32.194	16	1,2,3,4,5	5	2
114	00:32.197	16	1,2,3,4,5	65	2
115	00:32.200	5	2,3,4,8,9,10,11,16	5	3
116	00:32.493	9	2,3,4,5,6,7,8,10,11,12,13,14,15	102	1
117	00:32.497	5	2,3,4,8,9,10,11,16	5	3
118	00:32.623	8	2,3,4,5,6,7,9,10,11,12,13,14,15	102	1
119	00:32.627	5	2,3,4,8,9,10,11,16	5	3
120	00:32.964	6	2,3,7,8,9,12,13	102	2
121	00:32.968	2	3,4,5,6,7,8,9,16	5	3
122	00:33.306	16	1,2,3,4,5	97	2
123	00:33.403	4	2,3,5,7,8,9,10,11,16	97	4
124	00:33.521	3	2,4,5,6,7,8,9,10,16	97	4
125	00:33.538	7	2,3,4,6,8,9,10,12,13,14	102	2
126	00:33.542	2	3,4,5,6,7,8,9,16	5	3
127	00:33.663	7	2,3,4,6,8,9,10,12,13,14	102	2
128	00:33.667	4	2,3,5,7,8,9,10,11,16	5	4
129	00:34.535	13	6,7,8,9,10,12,14,15	27	4
130	00:34.715	10	3,4,5,7,8,9,11,13,14,15	102	2
131	00:34.719	5	2,3,4,8,9,10,11,16	5	3
132	00:34.823	8	2,3,4,5,6,7,9,10,11,12,13,14,15	102	1
133	00:34.827	5	2,3,4,8,9,10,11,16	5	3
134	00:34.906	11	4,5,8,9,10,14,15	93	2
135	00:34.909	5	2,3,4,8,9,10,11,16	5	3
136	00:34.943	5	2,3,4,8,9,10,11,16	102	3
137	00:34.947	16	1,2,3,4,5	5	2
138	00:34.957	16	1,2,3,4,5	94	2
139	00:34.960	1	16	5	0
140	00:35.003	1	16	59	0
141	00:35.005	16	1,2,3,4,5	5	2
142	00:35.039	16	1,2,3,4,5	68	2
143	00:35.042	5	2,3,4,8,9,10,11,16	5	3
144	00:35.045	5	2,3,4,8,9,10,11,16	68	3
145	00:35.048	11	4,5,8,9,10,14,15	5	2
146	00:35.474	7	2,3,4,6,8,9,10,12,13,14	102	2
147	00:35.478	4	2,3,5,7,8,9,10,11,16	5	4
148	00:35.510	2	3,4,5,6,7,8,9,16	56	3
149	00:35.512	16	1,2,3,4,5	5	2
150	00:35.539	16	1,2,3,4,5	57	2
151	00:35.541	1	16	5	0
152	00:35.565	1	16	56	0
153	00:35.567	16	1,2,3,4,5	5	2
154	00:35.583	16	1,2,3,4,5	65	2
155	00:35.586	2	3,4,5,6,7,8,9,16	5	3
156	00:35.652	6	2,3,7,8,9,12,13	102	2
157	00:35.656	2	3,4,5,6,7,8,9,16	5	3
158	00:35.964	9	2,3,4,5,6,7,8,10,11,12,13,14,15	102	1
159	00:35.968	5	2,3,4,8,9,10,11,16	5	3
160	00:36.359	8	2,3,4,5,6,7,9,10,11,12,13,14,15	102	1
161	00:36.363	5	2,3,4,8,9,10,11,16	5	3
162	00:36.552	5	2,3,4,8,9,10,11,16	97	3
163	00:36.584	10	3,4,5,7,8,9,11,13,14,15	102	2
164	00:36.588	5	2,3,4,8,9,10,11,16	5	3
165	00:37.185	4	2,3,5,7,8,9,10,11,16	56	4
166	00:37.187	16	1,2,3,4,5	5	2
167	00:37.197	16	1,2,3,4,5	57	2
168	00:37.199	1	16	5	0
169	00:37.203	1	16	56	0
170	00:37.205	16	1,2,3,4,5	5	2
171	00:37.232	3	2,4,5,6,7,8,9,10,16	56	4
172	00:37.234	16	1,2,3,4,5	5	2
173	00:37.241	16	1,2,3,4,5	65	2
174	00:37.244	4	2,3,5,7,8,9,10,11,16	5	4
175	00:37.277	16	1,2,3,4,5	57	2
176	00:37.279	1	16	5	0
177	00:37.298	1	16	56	0
178	00:37.300	16	1,2,3,4,5	5	2
179	00:37.327	16	1,2,3,4,5	65	2
180	00:37.330	3	2,4,5,6,7,8,9,10,16	5	4
181	00:37.342	7	2,3,4,6,8,9,10,12,13,14	102	2
182	00:37.346	4	2,3,5,7,8,9,10,11,16	5	4
183	00:37.605	9	2,3,4,5,6,7,8,10,11,12,13,14,15	27	1
184	00:37.708	11	4,5,8,9,10,14,15	56	2
185	00:37.710	5	2,3,4,8,9,10,11,16	5	3
186	00:37.736	5	2,3,4,8,9,10,11,16	65	3
187	00:37.739	16	1,2,3,4,5	5	2
188	00:37.751	16	1,2,3,4,5	57	2
189	00:37.753	1	16	5	0
190	00:37.758	1	16	64	0
191	00:37.760	16	1,2,3,4,5	5	2
192	00:37.803	16	1,2,3,4,5	73	2
193	00:37.806	5	2,3,4,8,9,10,11,16	5	3
194	00:37.821	5	2,3,4,8,9,10,11,16	73	3
195	00:37.824	11	4,5,8,9,10,14,15	5	2
196	00:38.535	11	4,5,8,9,10,14,15	97	2
197	00:38.805	14	7,8,9,10,11,12,13,15	102	4
198	00:38.809	11	4,5,8,9,10,14,15	5	2
199	00:39.195	9	2,3,4,5,6,7,8,10,11,12,13,14,15	102	1
200	00:39.199	5	2,3,4,8,9,10,11,16	5	3
201	00:39.293	6	2,3,7,8,9,12,13	102	2
202	00:39.297	2	3,4,5,6,7,8,9,16	5	3
203	00:39.625	7	2,3,4,6,8,9,10,12,13,14	102	2
204	00:39.629	4	2,3,5,7,8,9,10,11,16	5	4
205	00:39.711	12	6,7,8,9,13,14,15	27	3
206	00:39.826	10	3,4,5,7,8,9,11,13,14,15	93	2
207	00:39.829	5	2,3,4,8,9,10,11,16	5	3
208	00:39.849	14	7,8,9,10,11,12,13,15	102	4
209	00:39.853	11	4,5,8,9,10,14,15	5	2
210	00:39.853	5	2,3,4,8,9,10,11,16	102	3
211	00:39.857	16	1,2,3,4,5	5	2
212	00:39.860	5	2,3,4,8,9,10,11,16	102	3
213	00:39.864	16	1,2,3,4,5	5	2
214	00:39.873	5	2,3,4,8,9,10,11,16	97	3
215	00:39.891	3	2,4,5,6,7,8,9,10,16	97	4
216	00:40.044	2	3,4,5,6,7,8,9,16	97	3
217	00:40.077	16	1,2,3,4,5	94	2
218	00:40.080	1	16	5	0
219	00:40.110	1	16	59	0
220	00:40.112	16	1,2,3,4,5	5	2
221	00:40.139	16	1,2,3,4,5	68	2
222	00:40.142	5	2,3,4,8,9,10,11,16	5	3
223	00:40.183	5	2,3,4,8,9,10,11,16	68	3
224	00:40.186	10	3,4,5,7,8,9,11,13,14,15	5	2
225	00:40.323	15	8,9,10,11,12,13,14	102	3
226	00:40.327	11	4,5,8,9,10,14,15	5	2
227	00:40.419	15	8,9,10,11,12,13,14	102	3
228	00:40.423	11	4,5,8,9,10,14,15	5	2
229	00:40.560	15	8,9,10,11,12,13,14	102	3
230	00:40.564	11	4,5,8,9,10,14,15	5	2
231	00:41.326	4	2,3,5,7,8,9,10,11,16	97	4
232	00:41.421	15	10,11,14	102	7
233	00:41.422	6	2,3	102	7
234	00:41.425	11	4,5,8,9,10,14,15	5	2
235	00:41.426	2	3,4,5,6,7,8,9,16	5	3
236	00:41.819	8	2,3,4,5,6,7,9,10,11,12,13,14,15	93	1
237	00:41.822	5	2,3,4,8,9,10,11,16	5	3
238	00:41.855	5	2,3,4,8,9,10,11,16	102	3
239	00:41.859	16	1,2,3,4,5	5	2
240	00:41.872	16	1,2,3,4,5	94	2
241	00:41.875	1	16	5	0
242	00:41.902	1	16	59	0
243	00:41.904	16	1,2,3,4,5	5	2
244	00:41.931	14	7,8,9,10,11,12,13,15	102	4
245	00:41.935	11	4,5,8,9,10,14,15	5	2
246	00:41.943	16	1,2,3,4,5	68	2
247	00:41.946	5	2,3,4,8,9,10,11,16	5	3
248	00:41.961	5	2,3,4,8,9,10,11,16	68	3
249	00:41.964	8	2,3,4,5,6,7,9,10,11,12,13,14,15	5	1
250	00:41.992	10	3,4,5,7,8,9,11,13,14,15	56	2
251	00:41.994	5	2,3,4,8,9,10,11,16	5	3
252	00:42.002	5	2,3,4,8,9,10,11,16	65	3
253	00:42.005	16	1,2,3,4,5	5	2
254	00:42.039	16	1,2,3,4,5	57	2
255	00:42.041	1	16	5	0
256	00:42.068	1	16	64	0
257	00:42.070	16	1,2,3,4,5	5	2
258	00:42.081	16	1,2,3,4,5	73	2
259	00:42.084	5	2,3,4,8,9,10,11,16	5	3
260	00:42.117	5	2,3,4,8,9,10,11,16	73	3
261	00:42.120	10	3,4,5,7,8,9,11,13,14,15	5	2
262	00:42.304	7	2,3,4,6,8,9,10,12,13,14	93	2
263	00:42.307	4	2,3,5,7,8,9,10,11,16	5	4
264	00:42.324	4	2,3,5,7,8,9,10,11,16	102	4
265	00:42.328	16	1,2,3,4,5	5	2
266	00:42.366	16	1,2,3,4,5	94	2
267	00:42.369	1	16	5	0
268	00:42.379	5	2,3,4,8,9,10,11,16	56	3
269	00:42.381	16	1,2,3,4,5	5	2
270	00:42.401	1	16	59	0
271	00:42.403	16	1,2,3,4,5	5	2
272	00:42.426	16	1,2,3,4,5	68	2
273	00:42.429	4	2,3,5,7,8,9,10,11,16	5	4
274	00:42.437	4	2,3,5,7,8,9,10,11,16	68	4
275	00:42.440	7	2,3,4,6,8,9,10,12,13,14	5	2
276	00:42.465	16	1,2,3,4,5	57	2
277	00:42.467	1	16	5	0
278	00:42.499	1	16	56	0
279	00:42.501	16	1,2,3,4,5	5	2
280	00:42.504	16	1,2,3,4,5	65	2
281	00:42.507	5	2,3,4,8,9,10,11,16	5	3
282	00:43.236	14	7,8,9,10,11,12,13,15	102	4
283	00:43.240	11	4,5,8,9,10,14,15	5	2
284	00:43.611	9	2,3,4,5,6,7,8,10,11,12,13,14,15	93	1
285	00:43.614	5	2,3,4,8,9,10,11,16	5	3
286	00:43.648	5	2,3,4,8,9,10,11,16	102	3
287	00:43.652	16	1,2,3,4,5	5	2
288	00:43.685	16	1,2,3,4,5	94	2
289	00:43.688	1	16	5	0
290	00:43.710	1	16	59	0
291	00:43.712	16	1,2,3,4,5	5	2
292	00:43.719	10	3,4,5,7,8,9,11,13,14,15	97	2
293	00:43.738	16	1,2,3,4,5	68	2
294	00:43.741	5	2,3,4,8,9,10,11,16	5	3
295	00:43.745	5	2,3,4,8,9,10,11,16	68	3
296	00:43.748	9	2,3,4,5,6,7,8,10,11,12,13,14,15	5	1
297	00:44.237	8	2,3,4,5,6,7,9,10,11,12,13,14,15	97	1
298	00:44.895	11	4,5,8,9,10,14,15	97	2
299	00:45.365	7	2,3,4,6,8,9,10,12,13,14	97	2
300	00:45.628	8	2,3,4,5,6,7,9,10,11,12,13,14,15	56	1
301	00:45.630	5	2,3,4,8,9,10,11,16	5	3
302	00:45.635	5	2,3,4,8,9,10,11,16	65	3
303	00:45.638	16	1,2,3,4,5	5	2
304	00:45.644	16	1,2,3,4,5	57	2
305	00:45.646	1	16	5	0
306	00:45.662	1	16	64	0
307	00:45.664	16	1,2,3,4,5	5	2
308	00:45.679	16	1,2,3,4,5	73	2
309	00:45.682	5	2,3,4,8,9,10,11,16	5	3
310	00:45.725	5	2,3,4,8,9,10,11,16	73	3
311	00:45.728	8	2,3,4,5,6,7,9,10,11,12,13,14,15	5	1
312	00:46.030	2	3,4,5,6,7,8,9,16	56	3
313	00:46.032	16	1,2,3,4,5	5	2
314	00:46.057	16	1,2,3,4,5	57	2
315	00:46.059	1	16	5	0
316	00:46.099	1	16	56	0
317	00:46.101	16	1,2,3,4,5	5	2
318	00:46.124	16	1,2,3,4,5	65	2
319	00:46.127	2	3,4,5,6,7,8,9,16	5	3
320	00:46.188	6	2,3,7,8,9,12,13	93	2
321	00:46.191	2	3,4,5,6,7,8,9,16	5	3
322	00:46.196	2	3,4,5,6,7,8,9,16	102	3
323	00:46.200	16	1,2,3,4,5	5	2
324	00:46.234	16	1,2,3,4,5	94	2
325	00:46.237	1	16	5	0
326	00:46.265	1	16	59	0
327	00:46.267	16	1,2,3,4,5	5	2
328	00:46.277	16	1,2,3,4,5	68	2
329	00:46.280	2	3,4,5,6,7,8,9,16	5	3
330	00:46.304	2	3,4,5,6,7,8,9,16	68	3
331	00:46.307	6	2,3,7,8,9,12,13	5	2
332	00:46.498	1	16	97	0
333	00:46.638	12	6,7,8,9,13,14,15	102	3
334	00:46.642	8	2,3,4,5,6,7,9,10,11,12,13,14,15	5	1
335	00:46.650	15	8,9,10,11,12,13,14	93	3
336	00:46.653	11	4,5,8,9,10,14,15	5	2
337	00:46.669	11	4,5,8,9,10,14,15	102	2
338	00:46.673	5	2,3,4,8,9,10,11,16	5	3
339	00:46.701	5	2,3,4,8,9,10,11,16	102	3
340	00:46.705	16	1,2,3,4,5	5	2
341	00:46.728	16	1,2,3,4,5	94	2
342	00:46.731	1	16	5	0
343	00:46.746	3	2,4,5,6,7,8,9,10,16	56	4
344	00:46.748	16	1,2,3,4,5	5	2
345	00:46.764	16	1,2,3,4,5	57	2
346	00:46.766	1	16	5	0
347	00:46.807	1	16	67	0
348	00:46.810	16	1	5	6
349	00:46.810	9	6,7,8,10,11,12,13,14,15	97	5
350	00:46.817	1	16	56	0
351	00:46.819	16	1,2,3,4,5	5	2
352	00:46.834	16	1,2,3,4,5	65	2
353	00:46.837	3	2,4,5,6,7,8,9,10,16	5	4
354	00:46.840	16	1,2,3,4,5	76	2
355	00:46.843	5	2,3,4,8,9,10,11,16	5	3
356	00:46.877	5	2,3,4,8,9,10,11,16	76	3
357	00:46.880	11	4,5,8,9,10,14,15	5	2
358	00:46.911	11	4,5,8,9,10,14,15	76	2
359	00:46.914	15	8,9,10,11,12,13,14	5	3
360	00:47.201	4	2,3,5,7,8,9,10,11,16	56	4
361	00:47.203	16	1,2,3,4,5	5	2
362	00:47.224	16	1,2,3,4,5	57	2
363	00:47.226	1	16	5	0
364	00:47.252	1	16	56	0
365	00:47.254	16	1,2,3,4,5	5	2
366	00:47.263	16	1,2,3,4,5	65	2
367	00:47.266	4	2,3,5,7,8,9,10,11,16	5	4
368	00:47.501	11	4,5,8,9,10,14,15	56	2
369	00:47.503	5	2,3,4,8,9,10,11,16	5	3
370	00:47.536	5	2,3,4,8,9,10,11,16	65	3
371	00:47.539	16	1,2,3,4,5	5	2
372	00:47.569	16	1,2,3,4,5	57	2
373	00:47.571	1	16	5	0
374	00:47.611	1	16	64	0
375	00:47.613	16	1,2,3,4,5	5	2
376	00:47.656	16	1,2,3,4,5	73	2
377	00:47.659	5	2,3,4,8,9,10,11,16	5	3
378	00:47.681	3	2,4,5,6,7,8,9,10,16	97	4
379	00:47.688	5	2,3,4,8,9,10,11,16	73	3
380	00:47.691	11	4,5,8,9,10,14,15	5	2
381	00:47.734	13	6,7,8,9,10,12,14,15	102	4
382	00:47.738	10	3,4,5,7,8,9,11,13,14,15	5	2
383	00:48.168	2	3,4,5,6,7,8,9,16	97	3
384	00:48.243	4	2,3,5,7,8,9,10,11,16	97	4
385	00:48.320	14	7,8,9,10,11,12,13,15	93	4
386	00:48.323	11	4,5,8,9,10,14,15	5	2
387	00:48.343	11	4,5,8,9,10,14,15	102	2
388	00:48.347	5	2,3,4,8,9,10,11,16	5	3
389	00:48.364	5	2,3,4,8,9,10,11,16	102	3
390	00:48.368	16	1,2,3,4,5	5	2
391	00:48.372	16	1,2,3,4,5	94	2
392	00:48.375	1	16	5	0
393	00:48.392	1	16	67	0
394	00:48.395	16	1,2,3,4,5	5	2
395	00:48.398	16	1,2,3,4,5	76	2
396	00:48.401	5	2,3,4,8,9,10,11,16	5	3
397	00:48.428	5	2,3,4,8,9,10,11,16	76	3
398	00:48.431	11	4,5,8,9,10,14,15	5	2
399	00:48.437	11	4,5,8,9,10,14,15	76	2
400	00:48.440	14	7,8,9,10,11,12,13,15	5	4
401	00:48.800	12	6,7,8,9,13,14,15	102	3
402	00:48.804	8	2,3,4,5,6,7,9,10,11,12,13,14,15	5	1
403	00:48.980	5	2,3,4,8,9,10,11,16	97	3
404	00:49.467	15	8,9,10,11,12,13,14	97	3
405	00:49.683	6	2,3,7,8,9,12,13	97	2
406	00:50.032	13	6,7,8,9,10,12,14,15	102	4
407	00:50.036	10	3,4,5,7,8,9,11,13,14,15	5	2
408	00:50.039	12	6,7,8,9,13,14,15	102	3
409	00:50.043	8	2,3,4,5,6,7,9,10,11,12,13,14,15	5	1
410	00:50.625	7	2,3,4,6,8,9,10,12,13,14	56	2
411	00:50.627	4	2,3,5,7,8,9,10,11,16	5	4
412	00:50.634	4	2,3,5,7,8,9,10,11,16	65	4
413	00:50.637	16	1,2,3,4,5	5	2
414	00:50.648	16	1,2,3,4,5	57	2
415	00:50.650	1	16	5	0
416	00:50.659	1	16	64	0
417	00:50.661	16	1,2,3,4,5	5	2
418	00:50.666	16	1,2,3,4,5	73	2
419	00:50.669	4	2,3,5,7,8,9,10,11,16	5	4
420	00:50.711	4	2,3,5,7,8,9,10,11,16	73	4
421	00:50.714	7	2,3,4,6,8,9,10,12,13,14	5	2
422	00:50.936	9	2,3,4,5,6,7,8,10,11,12,13,14,15	56	1
423	00:50.938	5	2,3,4,8,9,10,11,16	5	3
424	00:50.960	5	2,3,4,8,9,10,11,16	65	3
425	00:50.963	16	1,2,3,4,5	5	2
426	00:50.974	16	1,2,3,4,5	57	2
427	00:50.976	1	16	5	0
428	00:50.984	1	16	64	0
429	00:50.986	16	1,2,3,4,5	5	2
430	00:51.012	16	1,2,3,4,5	73	2
431	00:51.015	5	2,3,4,8,9,10,11,16	5	3
432	00:51.052	5	2,3,4,8,9,10,11,16	73	3
433	00:51.055	9	2,3,4,5,6,7,8,10,11,12,13,14,15	5	1
434	00:51.196	12	6,7,8,9,13,14,15	102	3
435	00:51.200	8	2,3,4,5,6,7,9,10,11,12,13,14,15	5	1
436	00:51.763	10	3,4,5,7,8,9,11,13,14,15	97	2
437	00:51.865	13	6,7,8,9,10,12,14,15	102	4
438	00:51.869	10	3,4,5,7,8,9,11,13,14,15	5	2
439	00:52.333	5	2,3,4,8,9,10,11,16	56	3
440	00:52.335	16	1,2,3,4,5	5	2
441	00:52.375	16	1,2,3,4,5	57	2
442	00:52.377	1	16	5	0
443	00:52.410	1	16	56	0
444	00:52.412	16	1,2,3,4,5	5	2
445	00:52.421	16	1,2,3,4,5	65	2
446	00:52.424	5	2,3,4,8,9,10,11,16	5	3
447	00:52.434	14	7,8,9,10,11,12,13,15	97	4
448	00:52.462	7	2,3,4,6,8,9,10,12,13,14	97	2
449	00:52.557	8	2,3,4,5,6,7,9,10,11,12,13,14,15	97	1
450	00:52.780	13	6,7,8,9,10,12,14,15	102	4
451	00:52.784	10	3,4,5,7,8,9,11,13,14,15	5	2
452	00:52.901	10	3,4,5,7,8,9,11,13,14,15	56	2
453	00:52.903	5	2,3,4,8,9,10,11,16	5	3
454	00:52.912	5	2,3,4,8,9,10,11,16	65	3
455	00:52.915	16	1,2,3,4,5	5	2
456	00:52.947	16	1,2,3,4,5	57	2
457	00:52.949	1	16	5	0
458	00:52.963	1	16	64	0
459	00:52.965	16	1,2,3,4,5	5	2
460	00:52.989	16	1,2,3,4,5	73	2
461	00:52.992	5	2,3,4,8,9,10,11,16	5	3
462	00:53.034	5	2,3,4,8,9,10,11,16	73	3
463	00:53.037	10	3,4,5,7,8,9,11,13,14,15	5	2
464	00:53.380	14	7,8,9,10,11,12,13,15	56	4
465	00:53.382	11	4,5,8,9,10,14,15	5	2
466	00:53.394	11	4,5,8,9,10,14,15	65	2
467	00:53.397	5	2,3,4,8,9,10,11,16	5	3
468	00:53.408	5	2,3,4,8,9,10,11,16	65	3
469	00:53.411	16	1,2,3,4,5	5	2
470	00:53.422	16	1,2,3,4,5	97	2
471	00:53.446	16	1,2,3,4,5	57	2
472	00:53.448	1	16	5	0
473	00:53.475	1	16	72	0
474	00:53.478	16	1,2,3,4,5	5	2
475	00:53.520	16	1,2,3,4,5	81	2
476	00:53.523	5	2,3,4,8,9,10,11,16	5	3
477	00:53.532	5	2,3,4,8,9,10,11,16	81	3
478	00:53.535	11	4,5,8,9,10,14,15	5	2
479	00:53.546	11	4,5,8,9,10,14,15	81	2
480	00:53.549	14	7,8,9,10,11,12,13,15	5	4
481	00:53.719	15	8,9,10,11,12,13,14	56	3
482	00:53.721	11	4,5,8,9,10,14,15	5	2
483	00:53.747	11	4,5,8,9,10,14,15	65	2
484	00:53.750	5	2,3,4,8,9,10,11,16	5	3
485	00:53.774	5	2,3,4,8,9,10,11,16	65	3
486	00:53.777	16	1,2,3,4,5	5	2
487	00:53.780	16	1,2,3,4,5	57	2
488	00:53.782	1	16	5	0
489	00:53.825	1	16	72	0
490	00:53.828	16	1,2,3,4,5	5	2
491	00:53.841	16	1,2,3,4,5	81	2
492	00:53.844	5	2,3,4,8,9,10,11,16	5	3
493	00:53.852	5	2,3,4,8,9,10,11,16	81	3
494	00:53.855	11	4,5,8,9,10,14,15	5	2
495	00:53.898	11	4,5,8,9,10,14,15	81	2
496	00:53.901	15	8,9,10,11,12,13,14	5	3
497	00:54.614	9	2,3,4,5,6,7,8,10,11,12,13,14,15	97	1
498	00:54.674	6	2,3,7,8,9,12,13	56	2
499	00:54.676	2	3,4,5,6,7,8,9,16	5	3
500	00:54.718	2	3,4,5,6,7,8,9,16	65	3
501	00:54.721	16	1,2,3,4,5	5	2
502	00:54.746	16	1,2,3,4,5	57	2
503	00:54.748	1	16	5	0
504	00:54.752	1	16	64	0
505	00:54.754	16	1,2,3,4,5	5	2
506	00:54.774	16	1,2,3,4,5	73	2
507	00:54.777	2	3,4,5,6,7,8,9,16	5	3
508	00:54.816	2	3,4,5,6,7,8,9,16	73	3
509	00:54.819	6	2,3,7,8,9,12,13	5	2
510	00:55.196	12	6,7,8,9,13,14,15	93	3
511	00:55.199	8	2,3,4,5,6,7,9,10,11,12,13,14,15	5	1
512	00:55.219	8	2,3,4,5,6,7,9,10,11,12,13,14,15	102	1
513	00:55.223	5	2,3,4,8,9,10,11,16	5	3
514	00:55.228	5	2,3,4,8,9,10,11,16	102	3
515	00:55.232	16	1,2,3,4,5	5	2
516	00:55.269	16	1,2,3,4,5	94	2
517	00:55.272	1	16	5	0
518	00:55.313	1	16	67	0
519	00:55.316	16	1,2,3,4,5	5	2
520	00:55.332	16	1,2,3,4,5	76	2
521	00:55.335	5	2,3,4,8,9,10,11,16	5	3
522	00:55.365	5	2,3,4,8,9,10,11,16	76	3
523	00:55.368	8	2,3,4,5,6,7,9,10,11,12,13,14,15	5	1
524	00:55.400	8	2,3,4,5,6,7,9,10,11,12,13,14,15	76	1
525	00:55.403	12	6,7,8,9,13,14,15	5	3
526	00:55.635	8	2,3,4,5,6,7,9,10,11,12,13,14,15	56	1
527	00:55.637	5	2,3,4,8,9,10,11,16	5	3
528	00:55.642	5	2,3,4,8,9,10,11,16	65	3
529	00:55.645	16	1,2,3,4,5	5	2
530	00:55.683	16	1,2,3,4,5	57	2
531	00:55.685	1	16	5	0
532	00:55.697	1	16	64	0
533	00:55.699	16	1,2,3,4,5	5	2
534	00:55.725	16	1,2,3,4,5	73	2
535	00:55.728	5	2,3,4,8,9,10,11,16	5	3
536	00:55.746	5	2,3,4,8,9,10,11,16	73	3
537	00:55.749	8	2,3,4,5,6,7,9,10,11,12,13,14,15	5	1
538	00:56.028	2	3,4,5,6,7,8,9,16	56	3
539	00:56.030	16	1,2,3,4,5	5	2
540	00:56.056	16	1,2,3,4,5	57	2
541	00:56.058	1	16	5	0
542	00:56.072	1	16	56	0
543	00:56.074	16	1,2,3,4,5	5	2
544	00:56.102	16	1,2,3,4,5	65	2
545	00:56.105	2	3,4,5,6,7,8,9,16	5	3
546	00:56.148	6	2,3,7,8,9,12,13	97	2
547	00:56.406	3	2,4,5,6,7,8,9,10,16	56	4
548	00:56.408	16	1,2,3,4,5	5	2
549	00:56.425	16	1,2,3,4,5	57	2
550	00:56.427	1	16	5	0
551	00:56.444	1	16	56	0
552	00:56.446	16	1,2,3,4,5	5	2
553	00:56.483	16	1,2,3,4,5	65	2
554	00:56.486	3	2,4,5,6,7,8,9,10,16	5	4
555	00:56.580	11	4,5,8,9,10,14,15	56	2
556	00:56.582	5	2,3,4,8,9,10,11,16	5	3
557	00:56.615	5	2,3,4,8,9,10,11,16	65	3
558	00:56.618	16	1,2,3,4,5	5	2
559	00:56.632	16	1,2,3,4,5	57	2
560	00:56.634	1	16	5	0
561	00:56.657	1	16	64	0
562	00:56.659	16	1,2,3,4,5	5	2
563	00:56.701	16	1,2,3,4,5	73	2
564	00:56.704	5	2,3,4,8,9,10,11,16	5	3
565	00:56.711	5	2,3,4,8,9,10,11,16	73	3
566	00:56.714	11	4,5,8,9,10,14,15	5	2
567	00:57.569	15	8,9,10,11,12,13,14	97	3
568	00:57.987	4	2,3,5,7,8,9,10,11,16	56	4
569	00:57.989	16	1,2,3,4,5	5	2
570	00:57.997	16	1,2,3,4,5	57	2
571	00:57.999	1	16	5	0
572	00:58.004	1	16	56	0
573	00:58.006	16	1,2,3,4,5	5	2
574	00:58.012	14	7,8,9,10,11,12,13,15	97	4
575	00:58.015	16	1,2	65	5
576	00:58.023	16	1,2,3,4,5	65	2
577	00:58.026	4	2,3,5,7,8,9,10,11,16	5	4
578	00:58.043	13	6,7,8,9,10,12,14,15	93	4
579	00:58.046	10	3,4,5,7,8,9,11,13,14,15	5	2
580	00:58.070	10	3,4,5,7,8,9,11,13,14,15	102	2
581	00:58.074	5	2,3,4,8,9,10,11,16	5	3
582	00:58.090	5	2,3,4,8,9,10,11,16	102	3
583	00:58.094	16	1,2,3,4,5	5	2
584	00:58.098	16	1,2,3,4,5	94	2
585	00:58.101	1	16	5	0
586	00:58.142	1	16	67	0
587	00:58.145	16	1,2,3,4,5	5	2
588	00:58.150	16	1,2,3,4,5	76	2
589	00:58.153	5	2,3,4,8,9,10,11,16	5	3
590	00:58.158	5	2,3,4,8,9,10,11,16	76	3
591	00:58.161	10	3,4,5,7,8,9,11,13,14,15	5	2
592	00:58.166	10	3,4,5,7,8,9,11,13,14,15	76	2
593	00:58.169	13	6,7,8,9,10,12,14,15	5	4
594	00:58.352	12	6,7,8,9,13,14,15	56	3
595	00:58.354	8	2,3,4,5,6,7,9,10,11,12,13,14,15	5	1
596	00:58.394	8	2,3,4,5,6,7,9,10,11,12,13,14,15	65	1
597	00:58.397	5	2,3,4,8,9,10,11,16	5	3
598	00:58.428	5	2,3,4,8,9,10,11,16	65	3
599	00:58.431	16	1,2,3,4,5	5	2
600	00:58.436	16	1,2,3,4,5	57	2
601	00:58.438	1	16	5	0
602	00:58.481	1	16	72	0
603	00:58.484	16	1,2,3,4,5	5	2
604	00:58.487	16	1,2,3,4,5	81	2
605	00:58.490	5	2,3,4,8,9,10,11,16	5	3
606	00:58.524	5	2,3,4,8,9,10,11,16	81	3
607	00:58.527	8	2,3,4,5,6,7,9,10,11,12,13,14,15	5	1
608	00:58.534	8	2,3,4,5,6,7,9,10,11,12,13,14,15	81	1
609	00:58.537	12	6,7,8,9,13,14,15	5	3
610	00:59.289	12	6,7,8,9,13,14,15	97	3
611	00:59.478	3	2,4,5,6,7,8,9,10,16	97	4
612	01:00.170	9	2,3,4,5,6,7,8,10,11,12,13,14,15	56	1
613	01:00.172	5	2,3,4,8,9,10,11,16	5	3
614	01:00.211	5	2,3,4,8,9,10,11,16	65	3
615	01:00.214	16	1,2,3,4,5	5	2
616	01:00.220	16	1,2,3,4,5	57	2
617	01:00.222	1	16	5	0
618	01:00.226	1	16	64	0
619	01:00.228	16	1,2,3,4,5	5	2
620	01:00.243	16	1,2,3,4,5	73	2
621	01:00.246	5	2,3,4,8,9,10,11,16	5	3
622	01:00.267	5	2,3,4,8,9,10,11,16	73	3
623	01:00.270	9	2,3,4,5,6,7,8,10,11,12,13,14,15	5	1
624	01:00.538	13	6,7,8,9,10,12,14,15	56	4
625	01:00.540	10	3,4,5,7,8,9,11,13,14,15	5	2
626	01:00.576	10	3,4,5,7,8,9,11,13,14,15	65	2
627	01:00.579	5	2,3,4,8,9,10,11,16	5	3
628	01:00.590	5	2,3,4,8,9,10,11,16	65	3
629	01:00.593	16	1,2,3,4,5	5	2
630	01:00.622	16	1,2,3,4,5	57	2
631	01:00.624	1	16	5	0
632	01:00.656	1	16	72	0
633	01:00.659	16	1,2,3,4,5	5	2
634	01:00.659	5	2,3,4,8,9,10,11,16	97	3
635	01:00.688	16	1,2,3,4,5	81	2
636	01:00.691	5	2,3,4,8,9,10,11,16	5	3
637	01:00.719	5	2,3,4,8,9,10,11,16	81	3
638	01:00.722	10	3,4,5,7,8,9,11,13,14,15	5	2
639	01:00.725	10	3,4,5,7,8,9,11,13,14,15	81	2
640	01:00.729	13	6,7,8,9,10,12,14,15	5	4
641	01:00.830	10	3,4,5,7,8,9,11,13,14,15	97	2
642	01:00.908	7	2,3,4,6,8,9,10,12,13,14	56	2
643	01:00.910	4	2,3,5,7,8,9,10,11,16	5	4
644	01:00.931	4	2,3,5,7,8,9,10,11,16	65	4
645	01:00.934	16	1,2,3,4,5	5	2
646	01:00.946	16	1,2,3,4,5	57	2
647	01:00.948	1	16	5	0
648	01:00.985	1	16	64	0
649	01:00.987	16	1,2,3,4,5	5	2
650	01:01.027	16	1,2,3,4,5	73	2
651	01:01.030	4	2,3,5,7,8,9,10,11,16	5	4
652	01:01.073	4	2,3,5,7,8,9,10,11,16	73	4
653	01:01.076	7	2,3,4,6,8,9,10,12,13,14	5	2
654	01:01.536	13	6,7,8,9,10,12,14,15	97	4
655	01:02.111	5	2,3,4,8,9,10,11,16	56	3
656	01:02.113	16	1,2,3,4,5	5	2
657	01:02.118	16	1,2,3,4,5	57	2
658	01:02.120	1	16	5	0
659	01:02.154	1	16	56	0
660	01:02.156	16	1,2,3,4,5	5	2
661	01:02.180	16	1,2,3,4,5	65	2
662	01:02.183	5	2,3,4,8,9,10,11,16	5	3
663	01:02.816	10	3,4,5,7,8,9,11,13,14,15	56	2
664	01:02.818	5	2,3,4,8,9,10,11,16	5	3
665	01:02.821	5	2,3,4,8,9,10,11,16	65	3
666	01:02.824	16	1,2,3,4,5	5	2
667	01:02.835	16	1,2,3,4,5	57	2
668	01:02.837	1	16	5	0
669	01:02.853	1	16	64	0
670	01:02.855	16	1,2,3,4,5	5	2
671	01:02.859	16	1,2,3,4,5	73	2
672	01:02.862	5	2,3,4,8,9,10,11,16	5	3
673	01:02.890	5	2,3,4,8,9,10,11,16	73	3
674	01:02.893	10	3,4,5,7,8,9,11,13,14,15	5	2
675	01:03.101	11	4,5,8,9,10,14,15	97	2
676	01:03.771	14	7,8,9,10,11,12,13,15	56	4
677	01:03.773	11	4,5,8,9,10,14,15	5	2
678	01:03.813	11	4,5,8,9,10,14,15	65	2
679	01:03.816	5	2,3,4,8,9,10,11,16	5	3
680	01:03.849	5	2,3,4,8,9,10,11,16	65	3
681	01:03.852	16	1,2,3,4,5	5	2
682	01:03.886	16	1,2,3,4,5	57	2
683	01:03.888	1	16	5	0
684	01:03.920	1	16	72	0
685	01:03.923	16	1,2,3,4,5	5	2
686	01:03.959	16	1,2,3,4,5	81	2
687	01:03.962	5	2,3,4,8,9,10,11,16	5	3
688	01:03.979	5	2,3,4,8,9,10,11,16	81	3
689	01:03.982	11	4,5,8,9,10,14,15	5	2
690	01:03.991	11	4,5,8,9,10,14,15	81	2
691	01:03.994	14	7,8,9,10,11,12,13,15	5	4
692	01:04.164	15	8,9,10,11,12,13,14	56	3
693	01:04.166	11	4,5,8,9,10,14,15	5	2
694	01:04.178	11	4,5,8,9,10,14,15	65	2
695	01:04.181	5	2,3,4,8,9,10,11,16	5	3
696	01:04.187	5	2,3,4,8,9,10,11,16	65	3
697	01:04.190	16	1,2,3,4,5	5	2
698	01:04.221	16	1,2,3,4,5	57	2
699	01:04.223	1	16	5	0
700	01:04.239	1	16	72	0
701	01:04.242	16	1,2,3,4,5	5	2
702	01:04.285	16	1,2,3,4,5	81	2
703	01:04.288	5	2,3,4,8,9,10,11,16	5	3
704	01:04.294	5	2,3,4,8,9,10,11,16	81	3
705	01:04.297	11	4,5,8,9,10,14,15	5	2
706	01:04.339	11	4,5,8,9,10,14,15	81	2
707	01:04.342	15	8,9,10,11,12,13,14	5	3
708	01:04.545	6	2,3,7,8,9,12,13	56	2
709	01:04.547	2	3,4,5,6,7,8,9,16	5	3
710	01:04.551	2	3,4,5,6,7,8,9,16	65	3
711	01:04.554	16	1,2,3,4,5	5	2
712	01:04.586	16	1,2,3,4,5	57	2
713	01:04.588	1	16	5	0
714	01:04.604	1	16	64	0
715	01:04.606	16	1,2,3,4,5	5	2
716	01:04.611	16	1,2,3,4,5	73	2
717	01:04.614	2	3,4,5,6,7,8,9,16	5	3
718	01:04.618	2	3,4,5,6,7,8,9,16	73	3
719	01:04.621	6	2,3,7,8,9,12,13	5	2
720	01:04.820	4	2,3,5,7,8,9,10,11,16	97	4
721	01:05.083	8	2,3,4,5,6,7,9,10,11,12,13,14,15	56	1
722	01:05.085	5	2,3,4,8,9,10,11,16	5	3
723	01:05.102	5	2,3,4,8,9,10,11,16	65	3
724	01:05.105	16	1,2,3,4,5	5	2
725	01:05.136	16	1,2,3,4,5	57	2
726	01:05.138	1	16	5	0
727	01:05.165	7	2,3,4,6,8,9,10,12,13,14	97	2
728	01:05.181	1	16	64	0
729	01:05.183	16	1,2,3,4,5	5	2
730	01:05.184	9	2,3,4,5,6,7,8,10,11,12,13,14,15	97	1
731	01:05.216	16	1,2,3,4,5	73	2
732	01:05.219	5	2,3,4,8,9,10,11,16	5	3
733	01:05.262	5	2,3,4,8,9,10,11,16	73	3
734	01:05.265	8	2,3,4,5,6,7,9,10,11,12,13,14,15	5	1
735	01:06.176	2	3,4,5,6,7,8,9,16	97	3
736	01:06.283	3	2,4,5,6,7,8,9,10,16	56	4
737	01:06.285	16	1,2,3,4,5	5	2
738	01:06.326	16	1,2,3,4,5	57	2
739	01:06.328	1	16	5	0
740	01:06.369	1	16	56	0
741	01:06.371	16	1,2,3,4,5	5	2
742	01:06.392	16	1,2,3,4,5	65	2
743	01:06.395	3	2,4,5,6,7,8,9,10,16	5	4
744	01:06.471	8	2,3,4,5,6,7,9,10,11,12,13,14,15	97	1
745	01:06.723	11	4,5,8,9,10,14,15	56	2
746	01:06.725	5	2,3,4,8,9,10,11,16	5	3
747	01:06.747	5	2,3,4,8,9,10,11,16	65	3
748	01:06.750	16	1,2,3,4,5	5	2
749	01:06.768	16	1,2,3,4,5	57	2
750	01:06.770	1	16	5	0
751	01:06.783	2	3,4,5,6,7,8,9,16	56	3
752	01:06.785	1	16	64	0
753	01:06.787	16	1,2,3,4,5	5	2
754	01:06.808	2	3,4,5,6,7,8,9,16	56	3
755	01:06.810	16	1,2,3,4,5	5	2
756	01:06.818	16	1,2,3,4,5	57	2
757	01:06.820	1	16	5	0
758	01:06.853	1	16	56	0
759	01:06.855	16	1,2,3,4,5	5	2
760	01:06.864	16	1,2,3,4,5	65	2
761	01:06.867	2	3,4,5,6,7,8,9,16	5	3
762	01:06.874	16	1,2,3,4,5	73	2
763	01:06.877	5	2,3,4,8,9,10,11,16	5	3
764	01:06.906	5	2,3,4,8,9,10,11,16	73	3
765	01:06.909	11	4,5,8,9,10,14,15	5	2
766	01:06.991	12	6,7,8,9,13,14,15	97	3
767	01:08.130	6	2,3,7,8,9,12,13	97	2
768	01:08.202	4	2,3,5,7,8,9,10,11,16	56	4
769	01:08.204	16	1,2,3,4,5	5	2
770	01:08.243	16	1,2,3,4,5	57	2
771	01:08.245	1	16	5	0
772	01:08.268	1	16	56	0
773	01:08.270	16	1,2,3,4,5	5	2
774	01:08.275	16	1,2,3,4,5	65	2
775	01:08.278	4	2,3,5,7,8,9,10,11,16	5	4
776	01:08.291	12	6,7,8,9,13,14,15	56	3
777	01:08.293	8	2,3,4,5,6,7,9,10,11,12,13,14,15	5	1
778	01:08.316	8	2,3,4,5,6,7,9,10,11,12,13,14,15	65	1
779	01:08.319	5	2,3,4,8,9,10,11,16	5	3
780	01:08.358	5	2,3,4,8,9,10,11,16	65	3
781	01:08.361	16	1,2,3,4,5	5	2
782	01:08.386	16	1,2,3,4,5	57	2
783	01:08.388	1	16	5	0
784	01:08.421	1	16	72	0
785	01:08.424	16	1,2,3,4,5	5	2
786	01:08.464	16	1,2,3,4,5	81	2
787	01:08.467	5	2,3,4,8,9,10,11,16	5	3
788	01:08.490	5	2,3,4,8,9,10,11,16	81	3
789	01:08.493	8	2,3,4,5,6,7,9,10,11,12,13,14,15	5	1
790	01:08.519	8	2,3,4,5,6,7,9,10,11,12,13,14,15	81	1
791	01:08.522	12	6,7,8,9,13,14,15	5	3
792	01:09.383	9	2,3,4,5,6,7,8,10,11,12,13,14,15	56	1
793	01:09.385	5	2,3,4,8,9,10,11,16	5	3
794	01:09.402	5	2,3,4,8,9,10,11,16	65	3
795	01:09.405	16	1,2,3,4,5	5	2
796	01:09.434	16	1,2,3,4,5	57	2
797	01:09.436	1	16	5	0
798	01:09.461	1	16	64	0
799	01:09.463	16	1,2,3,4,5	5	2
800	01:09.468	16	1,2,3,4,5	73	2
801	01:09.471	5	2,3,4,8,9,10,11,16	5	3
802	01:09.491	5	2,3,4,8,9,10,11,16	73	3
803	01:09.494	9	2,3,4,5,6,7,8,10,11,12,13,14,15	5	1
804	01:09.814	13	6,7,8,9,10,12,14,15	56	4
805	01:09.816	10	3,4,5,7,8,9,11,13,14,15	5	2
806	01:09.855	10	3,4,5,7,8,9,11,13,14,15	65	2
807	01:09.858	5	2,3,4,8,9,10,11,16	5	3
808	01:09.886	5	2,3,4,8,9,10,11,16	65	3
809	01:09.889	16	1,2,3,4,5	5	2
810	01:09.925	16	1,2,3,4,5	57	2
811	01:09.927	1	16	5	0
812	01:09.949	1	16	72	0
813	01:09.952	16	1,2,3,4,5	5	2
814	01:09.961	16	1,2,3,4,5	81	2
815	01:09.964	5	2,3,4,8,9,10,11,16	5	3
816	01:09.983	5	2,3,4,8,9,10,11,16	81	3
817	01:09.986	10	3,4,5,7,8,9,11,13,14,15	5	2
818	01:09.990	10	3,4,5,7,8,9,11,13,14,15	81	2
819	01:09.993	13	6,7,8,9,10,12,14,15	5	4
820	01:10.041	13	6,7,8,9,10,12,14,15	97	4
821	01:10.421	7	2,3,4,6,8,9,10,12,13,14	56	2
822	01:10.423	4	2,3,5,7,8,9,10,11,16	5	4
823	01:10.446	4	2,3,5,7,8,9,10,11,16	65	4
824	01:10.449	16	1,2,3,4,5	5	2
825	01:10.489	16	1,2,3,4,5	57	2
826	01:10.491	1	16	5	0
827	01:10.517	1	16	64	0
828	01:10.519	16	1,2,3,4,5	5	2
829	01:10.549	16	1,2,3,4,5	73	2
830	01:10.552	4	2,3,5,7,8,9,10,11,16	5	4
831	01:10.587	4	2,3,5,7,8,9,10,11,16	73	4
832	01:10.590	7	2,3,4,6,8,9,10,12,13,14	5	2
833	01:12.113	5	2,3,4,8,9,10,11,16	56	3
834	01:12.115	16	1,2,3,4,5	5	2
835	01:12.157	16	1,2,3,4,5	57	2
836	01:12.159	1	16	5	0
837	01:12.184	1	16	56	0
838	01:12.186	16	1,2,3,4,5	5	2
839	01:12.199	16	1,2,3,4,5	65	2
840	01:12.202	5	2,3,4,8,9,10,11,16	5	3
841	01:12.605	15	8,9,10,11,12,13,14	97	3
842	01:13.116	10	3,4,5,7,8,9,11,13,14,15	56	2
843	01:13.118	5	2,3,4,8,9,10,11,16	5	3
844	01:13.144	5	2,3,4,8,9,10,11,16	65	3
845	01:13.147	16	1,2,3,4,5	5	2
846	01:13.178	16	1,2,3,4,5	57	2
847	01:13.180	1	16	5	0
848	01:13.216	1	16	64	0
849	01:13.218	16	1,2,3,4,5	5	2
850	01:13.234	16	1,2,3,4,5	73	2
851	01:13.237	5	2,3,4,8,9,10,11,16	5	3
852	01:13.260	5	2,3,4,8,9,10,11,16	73	3
853	01:13.263	10	3,4,5,7,8,9,11,13,14,15	5	2
854	01:13.802	6	2,3,7,8,9,12,13	56	2
855	01:13.804	2	3,4,5,6,7,8,9,16	5	3
856	01:13.837	2	3,4,5,6,7,8,9,16	65	3
857	01:13.840	16	1,2,3,4,5	5	2
858	01:13.880	16	1,2,3,4,5	57	2
859	01:13.882	1	16	5	0
860	01:13.890	1	16	64	0
861	01:13.892	16	1,2,3,4,5	5	2
862	01:13.918	16	1,2,3,4,5	73	2
863	01:13.921	2	3,4,5,6,7,8,9,16	5	3
864	01:13.927	2	3,4,5,6,7,8,9,16	73	3
865	01:13.930	6	2,3,7,8,9,12,13	5	2
866	01:14.158	14	7,8,9,10,11,12,13,15	97	4
867	01:14.371	14	7,8,9,10,11,12,13,15	56	4
868	01:14.373	11	4,5,8,9,10,14,15	5	2
869	01:14.401	11	4,5,8,9,10,14,15	65	2
870	01:14.404	5	2,3,4,8,9,10,11,16	5	3
871	01:14.438	5	2,3,4,8,9,10,11,16	65	3
872	01:14.441	16	1,2,3,4,5	5	2
873	01:14.451	16	1,2,3,4,5	57	2
874	01:14.453	1	16	5	0
875	01:14.478	1	16	72	0
876	01:14.481	16	1,2,3,4,5	5	2
877	01:14.523	16	1,2,3,4,5	81	2
878	01:14.526	5	2,3,4,8,9,10,11,16	5	3
879	01:14.540	5	2,3,4,8,9,10,11,16	81	3
880	01:14.543	11	4,5,8,9,10,14,15	5	2
881	01:14.564	11	4,5,8,9,10,14,15	81	2
882	01:14.567	14	7,8,9,10,11,12,13,15	5	4
883	01:15.174	15	8,9,10,11,12,13,14	56	3
884	01:15.176	11	4,5,8,9,10,14,15	5	2
885	01:15.209	11	4,5,8,9,10,14,15	65	2
886	01:15.212	5	2,3,4,8,9,10,11,16	5	3
887	01:15.240	5	2,3,4,8,9,10,11,16	65	3
888	01:15.243	16	1,2,3,4,5	5	2
889	01:15.246	16	1,2,3,4,5	57	2
890	01:15.248	1	16	5	0
891	01:15.258	1	16	72	0
892	01:15.261	16	1,2,3,4,5	5	2
893	01:15.292	16	1,2,3,4,5	81	2
894	01:15.295	5	2,3,4,8,9,10,11,16	5	3
895	01:15.303	5	2,3,4,8,9,10,11,16	81	3
896	01:15.306	11	4,5,8,9,10,14,15	5	2
897	01:15.332	11	4,5,8,9,10,14,15	81	2
898	01:15.335	15	8,9,10,11,12,13,14	5	3
899	01:15.621	8	2,3,4,5,6,7,9,10,11,12,13,14,15	56	1
900	01:15.623	5	2,3,4,8,9,10,11,16	5	3
901	01:15.656	5	2,3,4,8,9,10,11,16	65	3
902	01:15.659	16	1,2,3,4,5	5	2
903	01:15.700	16	1,2,3,4,5	57	2
904	01:15.702	1	16	5	0
905	01:15.744	1	16	64	0
906	01:15.746	16	1,2,3,4,5	5	2
907	01:15.758	16	1,2,3,4,5	73	2
908	01:15.761	5	2,3,4,8,9,10,11,16	5	3
909	01:15.776	5	2,3,4,8,9,10,11,16	73	3
910	01:15.779	8	2,3,4,5,6,7,9,10,11,12,13,14,15	5	1
911	01:16.201	11	4,5,8,9,10,14,15	56	2
912	01:16.203	5	2,3,4,8,9,10,11,16	5	3
913	01:16.239	5	2,3,4,8,9,10,11,16	65	3
914	01:16.242	16	1,2,3,4,5	5	2
915	01:16.285	16	1,2,3,4,5	57	2
916	01:16.287	1	16	5	0
917	01:16.326	1	16	64	0
918	01:16.328	16	1,2,3,4,5	5	2
919	01:16.355	16	1,2,3,4,5	73	2
920	01:16.358	5	2,3,4,8,9,10,11,16	5	3
921	01:16.372	5	2,3,4,8,9,10,11,16	73	3
922	01:16.375	11	4,5,8,9,10,14,15	5	2
923	01:16.449	3	2,4,5,6,7,8,9,10,16	56	4
924	01:16.451	16	1,2,3,4,5	5	2
925	01:16.454	16	1,2,3,4,5	57	2
926	01:16.457	1	16	5	0
927	01:16.496	1	16	56	0
928	01:16.498	16	1,2,3,4,5	5	2
929	01:16.522	16	1,2,3,4,5	65	2
930	01:16.525	3	2,4,5,6,7,8,9,10,16	5	4
931	01:16.725	2	3,4,5,6,7,8,9,16	56	3
932	01:16.727	16	1,2,3,4,5	5	2
933	01:16.768	16	1,2,3,4,5	57	2
934	01:16.770	1	16	5	0
935	01:16.776	1	16	56	0
936	01:16.778	16	1,2,3,4,5	5	2
937	01:16.811	16	1,2,3,4,5	65	2
938	01:16.814	2	3,4,5,6,7,8,9,16	5	3
939	01:17.400	4	2,3,5,7,8,9,10,11,16	56	4
940	01:17.402	16	1,2,3,4,5	5	2
941	01:17.443	16	1,2,3,4,5	57	2
942	01:17.445	1	16	5	0
943	01:17.449	1	16	56	0
944	01:17.451	16	1,2,3,4,5	5	2
945	01:17.456	16	1,2,3,4,5	65	2
946	01:17.459	4	2,3,5,7,8,9,10,11,16	5	4
947	01:18.286	12	6,7,8,9,13,14,15	56	3
948	01:18.288	8	2,3,4,5,6,7,9,10,11,12,13,14,15	5	1
949	01:18.322	8	2,3,4,5,6,7,9,10,11,12,13,14,15	65	1
950	01:18.325	5	2,3,4,8,9,10,11,16	5	3
951	01:18.333	5	2,3,4,8,9,10,11,16	65	3
952	01:18.336	16	1,2,3,4,5	5	2
953	01:18.355	16	1,2,3,4,5	57	2
954	01:18.357	1	16	5	0
955	01:18.394	1	16	72	0
956	01:18.397	16	1,2,3,4,5	5	2
957	01:18.429	16	1,2,3,4,5	81	2
958	01:18.432	5	2,3,4,8,9,10,11,16	5	3
959	01:18.468	5	2,3,4,8,9,10,11,16	81	3
960	01:18.471	8	2,3,4,5,6,7,9,10,11,12,13,14,15	5	1
961	01:18.489	8	2,3,4,5,6,7,9,10,11,12,13,14,15	81	1
962	01:18.492	12	6,7,8,9,13,14,15	5	3
963	01:18.642	9	2,3,4,5,6,7,8,10,11,12,13,14,15	56	1
964	01:18.644	5	2,3,4,8,9,10,11,16	5	3
965	01:18.674	5	2,3,4,8,9,10,11,16	65	3
966	01:18.677	16	1,2,3,4,5	5	2
967	01:18.704	16	1,2,3,4,5	57	2
968	01:18.706	1	16	5	0
969	01:18.713	1	16	64	0
970	01:18.715	16	1,2,3,4,5	5	2
971	01:18.719	16	1,2,3,4,5	73	2
972	01:18.722	5	2,3,4,8,9,10,11,16	5	3
973	01:18.736	5	2,3,4,8,9,10,11,16	73	3
974	01:18.739	9	2,3,4,5,6,7,8,10,11,12,13,14,15	5	1
975	01:19.627	13	6,7,8,9,10,12,14,15	56	4
976	01:19.629	10	3,4,5,7,8,9,11,13,14,15	5	2
977	01:19.644	10	3,4,5,7,8,9,11,13,14,15	65	2
978	01:19.647	5	2,3,4,8,9,10,11,16	5	3
979	01:19.661	5	2,3,4,8,9,10,11,16	65	3
980	01:19.664	16	1,2,3,4,5	5	2
981	01:19.699	16	1,2,3,4,5	57	2
982	01:19.701	1	16	5	0
983	01:19.718	1	16	72	0
984	01:19.721	16	1,2,3,4,5	5	2
985	01:19.745	16	1,2,3,4,5	81	2
986	01:19.748	5	2,3,4,8,9,10,11,16	5	3
987	01:19.775	5	2,3,4,8,9,10,11,16	81	3
988	01:19.778	10	3,4,5,7,8,9,11,13,14,15	5	2
989	01:19.792	10	3,4,5,7,8,9,11,13,14,15	81	2
990	01:19.795	13	6,7,8,9,10,12,14,15	5	4
991	01:20.886	7	2,3,4,6,8,9,10,12,13,14	56	2
992	01:20.888	4	2,3,5,7,8,9,10,11,16	5	4
993	01:20.916	4	2,3,5,7,8,9,10,11,16	65	4
994	01:20.919	16	1,2,3,4,5	5	2
995	01:20.953	16	1,2,3,4,5	57	2
996	01:20.955	1	16	5	0
997	01:20.991	1	16	64	0
998	01:20.993	16	1,2,3,4,5	5	2
999	01:21.018	16	1,2,3,4,5	73	2
1000	01:21.021	4	2,3,5,7,8,9,10,11,16	5	4
1001	01:21.055	4	2,3,5,7,8,9,10,11,16	73	4
1002	01:21.058	7	2,3,4,6,8,9,10,12,13,14	5	2
1003	01:22.512	10	3,4,5,7,8,9,11,13,14,15	56	2
1004	01:22.514	5	2,3,4,8,9,10,11,16	5	3
1005	01:22.523	5	2,3,4,8,9,10,11,16	65	3
1006	01:22.526	16	1,2,3,4,5	5	2
1007	01:22.546	16	1,2,3,4,5	57	2
1008	01:22.548	1	16	5	0
1009	01:22.589	1	16	64	0
1010	01:22.591	16	1,2,3,4,5	5	2
1011	01:22.620	16	1,2,3,4,5	73	2
1012	01:22.623	5	2,3,4,8,9,10,11,16	5	3
1013	01:22.656	5	2,3,4,8,9,10,11,16	73	3
1014	01:22.659	10	3,4,5,7,8,9,11,13,14,15	5	2
1015	01:22.753	12	6,7,8,9,13,14,15	97	3
1016	01:22.873	13	6,7,8,9,10,12,14,15	97	4
1017	01:23.100	5	2,3,4,8,9,10,11,16	56	3
1018	01:23.102	16	1,2,3,4,5	5	2
1019	01:23.138	16	1,2,3,4,5	57	2
1020	01:23.140	1	16	5	0
1021	01:23.153	1	16	56	0
1022	01:23.155	16	1,2,3,4,5	5	2
1023	01:23.185	16	1,2,3,4,5	65	2
1024	01:23.188	5	2,3,4,8,9,10,11,16	5	3
1025	01:23.509	6	2,3,7,8,9,12,13	56	2
1026	01:23.511	2	3,4,5,6,7,8,9,16	5	3
1027	01:23.530	2	3,4,5,6,7,8,9,16	65	3
1028	01:23.533	16	1,2,3,4,5	5	2
1029	01:23.542	16	1,2,3,4,5	57	2
1030	01:23.544	1	16	5	0
1031	01:23.575	1	16	64	0
1032	01:23.577	16	1,2,3,4,5	5	2
1033	01:23.593	16	1,2,3,4,5	73	2
1034	01:23.596	2	3,4,5,6,7,8,9,16	5	3
1035	01:23.638	2	3,4,5,6,7,8,9,16	73	3
1036	01:23.641	6	2,3,7,8,9,12,13	5	2
1037	01:24.483	15	8,9,10,11,12,13,14	56	3
1038	01:24.485	11	4,5,8,9,10,14,15	5	2
1039	01:24.506	11	4,5,8,9,10,14,15	65	2
1040	01:24.509	5	2,3,4,8,9,10,11,16	5	3
1041	01:24.524	5	2,3,4,8,9,10,11,16	65	3
1042	01:24.527	16	1,2,3,4,5	5	2
1043	01:24.535	16	1,2,3,4,5	57	2
1044	01:24.537	1	16	5	0
1045	01:24.540	1	16	72	0
1046	01:24.544	16	1,2,3,4,5	5	2
1047	01:24.565	16	1,2,3,4,5	81	2
1048	01:24.568	5	2,3,4,8,9,10,11,16	5	3
1049	01:24.585	5	2,3,4,8,9,10,11,16	81	3
1050	01:24.588	11	4,5,8,9,10,14,15	5	2
1051	01:24.599	11	4,5,8,9,10,14,15	81	2
1052	01:24.602	15	8,9,10,11,12,13,14	5	3
1053	01:24.632	16	1,2,3,4,5	97	2
1054	01:24.895	14	7,8,9,10,11,12,13,15	56	4
1055	01:24.897	11	4,5,8,9,10,14,15	5	2
1056	01:24.920	11	4,5,8,9,10,14,15	65	2
1057	01:24.923	5	2,3,4,8,9,10,11,16	5	3
1058	01:24.941	5	2,3,4,8,9,10,11,16	65	3
1059	01:24.944	16	1,2,3,4,5	5	2
1060	01:24.984	16	1,2,3,4,5	57	2
1061	01:24.986	1	16	5	0
1062	01:24.999	1	16	72	0
1063	01:25.002	16	1,2,3,4,5	5	2
1064	01:25.020	16	1,2,3,4,5	81	2
1065	01:25.023	5	2,3,4,8,9,10,11,16	5	3
1066	01:25.044	5	2,3,4,8,9,10,11,16	81	3
1067	01:25.047	11	4,5,8,9,10,14,15	5	2
1068	01:25.055	11	4,5,8,9,10,14,15	81	2
1069	01:25.058	14	7,8,9,10,11,12,13,15	5	4
1070	01:25.687	11	4,5,8,9,10,14,15	56	2
1071	01:25.689	5	2,3,4,8,9,10,11,16	5	3
1072	01:25.719	5	2,3,4,8,9,10,11,16	65	3
1073	01:25.722	16	1,2,3,4,5	5	2
1074	01:25.742	16	1,2,3,4,5	57	2
1075	01:25.744	1	16	5	0
1076	01:25.759	1	16	64	0
1077	01:25.761	16	1,2,3,4,5	5	2
1078	01:25.774	16	1	73	6
1079	01:25.775	8	6,7,10,11,12,13,14,15	56	6
1080	01:25.797	16	1,2,3,4,5	73	2
1081	01:25.800	5	2,3,4,8,9,10,11,16	5	3
1082	01:25.809	8	2,3,4,5,6,7,9,10,11,12,13,14,15	56	1
1083	01:25.811	5	2,3,4,8,9,10,11,16	5	3
1084	01:25.825	5	2,3,4,8,9,10,11,16	73	3
1085	01:25.828	11	4,5,8,9,10,14,15	5	2
1086	01:25.840	5	2,3,4,8,9,10,11,16	65	3
1087	01:25.843	16	1,2,3,4,5	5	2
1088	01:25.859	16	1,2,3,4,5	57	2
1089	01:25.861	1	16	5	0
1090	01:25.887	1	16	64	0
1091	01:25.889	16	1,2,3,4,5	5	2
1092	01:25.924	16	1,2,3,4,5	73	2
1093	01:25.927	5	2,3,4,8,9,10,11,16	5	3
1094	01:25.948	5	2,3,4,8,9,10,11,16	73	3
1095	01:25.951	8	2,3,4,5,6,7,9,10,11,12,13,14,15	5	1
1096	01:26.429	2	3,4,5,6,7,8,9,16	56	3
1097	01:26.431	16	1,2,3,4,5	5	2
1098	01:26.439	16	1,2,3,4,5	57	2
1099	01:26.441	1	16	5	0
1100	01:26.444	1	16	56	0
1101	01:26.447	16	1,2,3,4,5	5	2
1102	01:26.454	16	1,2,3,4,5	65	2
1103	01:26.457	2	3,4,5,6,7,8,9,16	5	3
1104	01:26.522	4	2,3,5,7,8,9,10,11,16	102	4
1105	01:26.526	5	2,3,4,8,9,10,11,16	5	3
1106	01:26.880	3	2,4,5,6,7,8,9,10,16	56	4
1107	01:26.882	16	1,2,3,4,5	5	2
1108	01:26.907	16	1,2,3,4,5	57	2
1109	01:26.909	1	16	5	0
1110	01:26.944	1	16	56	0
1111	01:26.946	16	1,2,3,4,5	5	2
1112	01:26.971	16	1,2,3,4,5	65	2
1113	01:26.974	3	2,4,5,6,7,8,9,10,16	5	4
1114	01:28.104	4	2,3,5,7,8,9,10,11,16	56	4
1115	01:28.106	16	1,2,3,4,5	5	2
1116	01:28.148	16	1,2,3,4,5	57	2
1117	01:28.150	1	16	5	0
1118	01:28.179	1	16	56	0
1119	01:28.181	16	1,2,3,4,5	5	2
1120	01:28.189	16	1,2,3,4,5	65	2
1121	01:28.192	4	2,3,5,7,8,9,10,11,16	5	4
1122	01:28.395	9	2,3,4,5,6,7,8,10,11,12,13,14,15	56	1
1123	01:28.397	5	2,3,4,8,9,10,11,16	5	3
1124	01:28.414	5	2,3,4,8,9,10,11,16	65	3
1125	01:28.417	16	1,2,3,4,5	5	2
1126	01:28.441	12	6,7,8,9,13,14,15	56	3
1127	01:28.443	8	2,3,4,5,6,7,9,10,11,12,13,14,15	5	1
1128	01:28.449	8	2,3,4,5,6,7,9,10,11,12,13,14,15	65	1
1129	01:28.452	5	2,3,4,8,9,10,11,16	5	3
1130	01:28.455	16	1,2,3,4,5	57	2
1131	01:28.457	1	16	5	0
1132	01:28.459	5	2,3,4,8,9,10,11,16	65	3
1133	01:28.462	16	1,2,3,4,5	5	2
1134	01:28.479	16	1,2,3,4,5	57	2
1135	01:28.481	1	16	5	0
1136	01:28.484	1	16	64	0
1137	01:28.487	16	1,2,3,4,5	5	2
1138	01:28.514	1	16	72	0
1139	01:28.517	16	1,2,3,4,5	5	2
1140	01:28.529	16	1,2,3,4,5	73	2
1141	01:28.532	5	2,3,4,8,9,10,11,16	5	3
1142	01:28.536	5	2,3,4,8,9,10,11,16	73	3
1143	01:28.539	9	2,3,4,5,6,7,8,10,11,12,13,14,15	5	1
1144	01:28.562	16	1,2,3,4,5	81	2
1145	01:28.565	5	2,3,4,8,9,10,11,16	5	3
1146	01:28.588	5	2,3,4,8,9,10,11,16	81	3
1147	01:28.591	8	2,3,4,5,6,7,9,10,11,12,13,14,15	5	1
1148	01:28.595	8	2,3,4,5,6,7,9,10,11,12,13,14,15	81	1
1149	01:28.598	12	6,7,8,9,13,14,15	5	3
1150	01:29.088	9	2,3,4,5,6,7,8,10,11,12,13,14,15	102	1
1151	01:29.092	2	3,4,5,6,7,8,9,16	5	3
1152	01:29.624	13	6,7,8,9,10,12,14,15	56	4
1153	01:29.626	10	3,4,5,7,8,9,11,13,14,15	5	2
1154	01:29.635	10	3,4,5,7,8,9,11,13,14,15	65	2
1155	01:29.638	5	2,3,4,8,9,10,11,16	5	3
1156	01:29.678	5	2,3,4,8,9,10,11,16	65	3
1157	01:29.681	16	1,2,3,4,5	5	2
1158	01:29.694	16	1,2,3,4,5	57	2
1159	01:29.696	1	16	5	0
1160	01:29.720	1	16	72	0
1161	01:29.723	16	1,2,3,4,5	5	2
1162	01:29.735	16	1,2,3,4,5	81	2
1163	01:29.738	5	2,3,4,8,9,10,11,16	5	3
1164	01:29.759	5	2,3,4,8,9,10,11,16	81	3
1165	01:29.762	10	3,4,5,7,8,9,11,13,14,15	5	2
1166	01:29.771	10	3,4,5,7,8,9,11,13,14,15	81	2
1167	01:29.774	13	6,7,8,9,10,12,14,15	5	4
1168	01:30.135	7	2,3,4,6,8,9,10,12,13,14	56	2
1169	01:30.137	4	2,3,5,7,8,9,10,11,16	5	4
1170	01:30.172	4	2,3,5,7,8,9,10,11,16	65	4
1171	01:30.175	16	1,2,3,4,5	5	2
1172	01:30.204	16	1,2,3,4,5	57	2
1173	01:30.206	1	16	5	0
1174	01:30.241	1	16	64	0
1175	01:30.243	16	1,2,3,4,5	5	2
1176	01:30.263	16	1,2,3,4,5	73	2
1177	01:30.266	4	2,3,5,7,8,9,10,11,16	5	4
1178	01:30.280	4	2,3,5,7,8,9,10,11,16	73	4
1179	01:30.283	7	2,3,4,6,8,9,10,12,13,14	5	2
1180	01:30.311	11	4,5,8,9,10,14,15	97	2
1181	01:31.287	7	2,3,4,6,8,9,10,12,13,14	97	2
1182	01:31.783	3	2,4,5,6,7,8,9,10,16	102	4
1183	01:31.787	5	2,3,4,8,9,10,11,16	5	3
1184	01:32.533	11	4,5,8,9,10,14,15	102	2
1185	01:32.537	4	2,3,5,7,8,9,10,11,16	5	4
1186	01:32.580	8	2,3,4,5,6,7,9,10,11,12,13,14,15	97	1
1187	01:32.760	10	3,4,5,7,8,9,11,13,14,15	56	2
1188	01:32.762	5	2,3,4,8,9,10,11,16	5	3
1189	01:32.776	5	2,3,4,8,9,10,11,16	65	3
1190	01:32.779	16	1,2,3,4,5	5	2
1191	01:32.790	16	1,2,3,4,5	57	2
1192	01:32.792	1	16	5	0
1193	01:32.796	1	16	64	0
1194	01:32.798	16	1,2,3,4,5	5	2
1195	01:32.802	16	1,2,3,4,5	73	2
1196	01:32.805	5	2,3,4,8,9,10,11,16	5	3
1197	01:32.823	5	2,3,4,8,9,10,11,16	73	3
1198	01:32.826	10	3,4,5,7,8,9,11,13,14,15	5	2
1199	01:33.245	5	2,3,4,8,9,10,11,16	56	3
1200	01:33.247	16	1,2,3,4,5	5	2
1201	01:33.258	16	1,2,3,4,5	57	2
1202	01:33.260	1	16	5	0
1203	01:33.282	6	2,3,7,8,9,12,13	56	2
1204	01:33.284	2	3,4,5,6,7,8,9,16	5	3
1205	01:33.298	1	16	56	0
1206	01:33.300	16	1,2,3,4,5	5	2
1207	01:33.319	2	3,4,5,6,7,8,9,16	65	3
1208	01:33.322	16	1,2,3,4,5	5	2
1209	01:33.333	16	1,2,3,4,5	65	2
1210	01:33.336	5	2,3,4,8,9,10,11,16	5	3
1211	01:33.357	16	1,2,3,4,5	57	2
1212	01:33.359	1	16	5	0
1213	01:33.394	1	16	64	0
1214	01:33.396	16	1,2,3,4,5	5	2
1215	01:33.400	16	1,2,3,4,5	73	2
1216	01:33.403	2	3,4,5,6,7,8,9,16	5	3
1217	01:33.407	2	3,4,5,6,7,8,9,16	73	3
1218	01:33.410	6	2,3,7,8,9,12,13	5	2
1219	01:33.864	8	2,3,4,5,6,7,9,10,11,12,13,14,15	102	1
1220	01:33.868	11	4,5,8,9,10,14,15	5	2
1221	01:33.970	4	2,3,5,7,8,9,10,11,16	97	4
1222	01:34.278	14	7,8,9,10,11,12,13,15	97	4
1223	01:34.333	2	3,4,5,6,7,8,9,16	97	3
1224	01:34.580	5	2,3,4,8,9,10,11,16	97	3
1225	01:35.190	15	8,9,10,11,12,13,14	56	3
1226	01:35.192	11	4,5,8,9,10,14,15	5	2
1227	01:35.224	11	4,5,8,9,10,14,15	65	2
1228	01:35.227	5	2,3,4,8,9,10,11,16	5	3
1229	01:35.267	5	2,3,4,8,9,10,11,16	65	3
1230	01:35.270	16	1,2,3,4,5	5	2
1231	01:35.288	16	1,2,3,4,5	57	2
1232	01:35.290	1	16	5	0
1233	01:35.319	1	16	72	0
1234	01:35.322	16	1,2,3,4,5	5	2
1235	01:35.350	16	1,2,3,4,5	81	2
1236	01:35.353	5	2,3,4,8,9,10,11,16	5	3
1237	01:35.384	5	2,3,4,8,9,10,11,16	81	3
1238	01:35.387	11	4,5,8,9,10,14,15	5	2
1239	01:35.425	11	4,5,8,9,10,14,15	81	2
1240	01:35.428	15	8,9,10,11,12,13,14	5	3
1241	01:35.510	2	3,4,5,6,7,8,9,16	56	3
1242	01:35.512	16	1,2,3,4,5	5	2
1243	01:35.531	16	1,2,3,4,5	57	2
1244	01:35.533	1	16	5	0
1245	01:35.568	1	16	56	0
1246	01:35.570	16	1,2,3,4,5	5	2
1247	01:35.574	16	1,2,3,4,5	65	2
1248	01:35.577	2	3,4,5,6,7,8,9,16	5	3
1249	01:35.881	14	7,8,9,10,11,12,13,15	56	4
1250	01:35.883	11	4,5,8,9,10,14,15	5	2
1251	01:35.911	11	4,5,8,9,10,14,15	65	2
1252	01:35.914	5	2,3,4,8,9,10,11,16	5	3
1253	01:35.946	5	2,3,4,8,9,10,11,16	65	3
1254	01:35.949	16	1,2,3,4,5	5	2
1255	01:35.973	16	1,2,3,4,5	57	2
1256	01:35.975	1	16	5	0
1257	01:35.995	1	16	72	0
1258	01:35.998	16	1,2,3,4,5	5	2
1259	01:36.002	16	1,2,3,4,5	81	2
1260	01:36.005	5	2,3,4,8,9,10,11,16	5	3
1261	01:36.033	5	2,3,4,8,9,10,11,16	81	3
1262	01:36.036	11	4,5,8,9,10,14,15	5	2
1263	01:36.078	11	4,5,8,9,10,14,15	81	2
1264	01:36.081	14	7,8,9,10,11,12,13,15	5	4
1265	01:36.142	11	4,5,8,9,10,14,15	56	2
1266	01:36.144	5	2,3,4,8,9,10,11,16	5	3
1267	01:36.147	5	2,3,4,8,9,10,11,16	65	3
1268	01:36.150	16	1,2,3,4,5	5	2
1269	01:36.159	3	2,4,5,6,7,8,9,10,16	56	4
1270	01:36.161	16	1,2,3,4,5	5	2
1271	01:36.170	16	1,2,3,4,5	57	2
1272	01:36.172	1	16	5	0
1273	01:36.190	1	16	64	0
1274	01:36.192	16	1,2,3,4,5	5	2
1275	01:36.214	16	1,2,3,4,5	57	2
1276	01:36.216	1	16	5	0
1277	01:36.219	16	1,2,3,4,5	73	2
1278	01:36.223	5	2,3,4,8,9,10,11,16	5	3
1279	01:36.237	5	2,3,4,8,9,10,11,16	73	3
1280	01:36.240	11	4,5,8,9,10,14,15	5	2
1281	01:36.255	1	16	56	0
1282	01:36.257	16	1,2,3,4,5	5	2
1283	01:36.275	16	1,2,3,4,5	65	2
1284	01:36.278	3	2,4,5,6,7,8,9,10,16	5	4
1285	01:36.618	8	2,3,4,5,6,7,9,10,11,12,13,14,15	56	1
1286	01:36.620	5	2,3,4,8,9,10,11,16	5	3
1287	01:36.635	5	2,3,4,8,9,10,11,16	65	3
1288	01:36.638	16	1,2,3,4,5	5	2
1289	01:36.663	16	1,2,3,4,5	57	2
1290	01:36.665	1	16	5	0
1291	01:36.673	1	16	64	0
1292	01:36.675	16	1,2,3,4,5	5	2
1293	01:36.685	16	1,2,3,4,5	73	2
1294	01:36.688	5	2,3,4,8,9,10,11,16	5	3
1295	01:36.718	5	2,3,4,8,9,10,11,16	73	3
1296	01:36.721	8	2,3,4,5,6,7,9,10,11,12,13,14,15	5	1
1297	01:36.822	3	2,4,5,6,7,8,9,10,16	97	4
1298	01:37.382	4	2,3,5,7,8,9,10,11,16	56	4
1299	01:37.384	16	1,2,3,4,5	5	2
1300	01:37.416	16	1,2,3,4,5	57	2
1301	01:37.418	1	16	5	0
1302	01:37.460	1	16	56	0
1303	01:37.462	16	1,2,3,4,5	5	2
1304	01:37.488	16	1,2,3,4,5	65	2
1305	01:37.491	4	2,3,5,7,8,9,10,11,16	5	4
1306	01:37.578	9	2,3,4,5,6,7,8,10,11,12,13,14,15	56	1
1307	01:37.580	5	2,3,4,8,9,10,11,16	5	3
1308	01:37.612	5	2,3,4,8,9,10,11,16	65	3
1309	01:37.615	16	1,2,3,4,5	5	2
1310	01:37.623	16	1,2,3,4,5	57	2
1311	01:37.625	1	16	5	0
1312	01:37.637	1	16	64	0
1313	01:37.639	16	1,2,3,4,5	5	2
1314	01:37.663	16	1,2,3,4,5	73	2
1315	01:37.666	5	2,3,4,8,9,10,11,16	5	3
1316	01:37.679	5	2,3,4,8,9,10,11,16	73	3
1317	01:37.682	9	2,3,4,5,6,7,8,10,11,12,13,14,15	5	1
1318	01:38.576	7	2,3,4,6,8,9,10,12,13,14	102	2
1319	01:38.580	2	3,4,5,6,7,8,9,16	5	3
1320	01:38.615	12	6,7,8,9,13,14,15	56	3
1321	01:38.617	8	2,3,4,5,6,7,9,10,11,12,13,14,15	5	1
1322	01:38.637	8	2,3,4,5,6,7,9,10,11,12,13,14,15	65	1
1323	01:38.640	5	2,3,4,8,9,10,11,16	5	3
1324	01:38.649	5	2,3,4,8,9,10,11,16	65	3
1325	01:38.652	16	1,2,3,4,5	5	2
1326	01:38.664	16	1,2,3,4,5	57	2
1327	01:38.666	1	16	5	0
1328	01:38.671	1	16	72	0
1329	01:38.674	16	1,2,3,4,5	5	2
1330	01:38.690	9	2,3,4,5,6,7,8,10,11,12,13,14,15	97	1
1331	01:38.712	16	1,2,3,4,5	81	2
1332	01:38.715	5	2,3,4,8,9,10,11,16	5	3
1333	01:38.753	5	2,3,4,8,9,10,11,16	81	3
1334	01:38.756	8	2,3,4,5,6,7,9,10,11,12,13,14,15	5	1
1335	01:38.774	8	2,3,4,5,6,7,9,10,11,12,13,14,15	81	1
1336	01:38.777	12	6,7,8,9,13,14,15	5	3
1337	01:39.221	15	8,9,10,11,12,13,14	102	3
1338	01:39.225	8	2,3,4,5,6,7,9,10,11,12,13,14,15	5	1
1339	01:39.266	5	2,3,4,8,9,10,11,16	102	3
1340	01:39.270	2	3,4,5,6,7,8,9,16	5	3
1341	01:40.107	13	6,7,8,9,10,12,14,15	56	4
1342	01:40.109	10	3,4,5,7,8,9,11,13,14,15	5	2
1343	01:40.134	10	3,4,5,7,8,9,11,13,14,15	65	2
1344	01:40.137	5	2,3,4,8,9,10,11,16	5	3
1345	01:40.150	5	2,3,4,8,9,10,11,16	65	3
1346	01:40.153	16	1,2,3,4,5	5	2
1347	01:40.194	16	1,2,3,4,5	57	2
1348	01:40.196	1	16	5	0
1349	01:40.208	1	16	72	0
1350	01:40.211	16	1,2,3,4,5	5	2
1351	01:40.228	16	1,2,3,4,5	81	2
1352	01:40.231	5	2,3,4,8,9,10,11,16	5	3
1353	01:40.241	5	2,3,4,8,9,10,11,16	81	3
1354	01:40.244	10	3,4,5,7,8,9,11,13,14,15	5	2
1355	01:40.274	10	3,4,5,7,8,9,11,13,14,15	81	2
1356	01:40.277	13	6,7,8,9,10,12,14,15	5	4
1357	01:40.965	7	2,3,4,6,8,9,10,12,13,14	56	2
1358	01:40.967	4	2,3,5,7,8,9,10,11,16	5	4
1359	01:40.990	2	3,4,5,6,7,8,9,16	102	3
1360	01:40.994	5	2,3,4,8,9,10,11,16	5	3
1361	01:41.075	4	2,3,5,7,8,9,10,11,16	65	4
1362	01:41.078	16	1,2,3,4,5	5	2
1363	01:41.088	16	1,2,3,4,5	57	2
1364	01:41.090	1	16	5	0
1365	01:41.126	1	16	64	0
1366	01:41.128	16	1,2,3,4,5	5	2
1367	01:41.163	16	1,2,3,4,5	73	2
1368	01:41.166	4	2,3,5,7,8,9,10,11,16	5	4
1369	01:41.206	4	2,3,5,7,8,9,10,11,16	73	4
1370	01:41.209	7	2,3,4,6,8,9,10,12,13,14	5	2
1371	01:41.459	10	3,4,5,7,8,9,11,13,14,15	97	2
1372	01:42.850	5	2,3,4,8,9,10,11,16	56	3
1373	01:42.852	16	1,2,3,4,5	5	2
1374	01:42.864	16	1,2,3,4,5	57	2
1375	01:42.866	1	16	5	0
1376	01:42.872	1	16	56	0
1377	01:42.874	16	1,2,3,4,5	5	2
1378	01:42.877	16	1,2,3,4,5	65	2
1379	01:42.880	5	2,3,4,8,9,10,11,16	5	3
1380	01:43.003	12	6,7,8,9,13,14,15	97	3
1381	01:43.110	10	3,4,5,7,8,9,11,13,14,15	56	2
1382	01:43.112	5	2,3,4,8,9,10,11,16	5	3
1383	01:43.121	5	2,3,4,8,9,10,11,16	65	3
1384	01:43.124	16	1,2,3,4,5	5	2
1385	01:43.153	16	1,2,3,4,5	57	2
1386	01:43.155	1	16	5	0
1387	01:43.158	1	16	64	0
1388	01:43.161	16	1,2,3,4,5	5	2
1389	01:43.177	16	1,2,3,4,5	73	2
1390	01:43.180	5	2,3,4,8,9,10,11,16	5	3
1391	01:43.193	5	2,3,4,8,9,10,11,16	73	3
1392	01:43.196	10	3,4,5,7,8,9,11,13,14,15	5	2
1393	01:43.402	6	2,3,7,8,9,12,13	97	2
1394	01:43.668	15	8,9,10,11,12,13,14	97	3
1395	01:43.698	6	2,3,7,8,9,12,13	56	2
1396	01:43.700	2	3,4,5,6,7,8,9,16	5	3
1397	01:43.720	2	3,4,5,6,7,8,9,16	65	3
1398	01:43.723	16	1,2,3,4,5	5	2
1399	01:43.765	16	1,2,3,4,5	57	2
1400	01:43.767	1	16	5	0
1401	01:43.805	1	16	64	0
1402	01:43.807	16	1,2,3,4,5	5	2
1403	01:43.838	16	1,2,3,4,5	73	2
1404	01:43.841	2	3,4,5,6,7,8,9,16	5	3
1405	01:43.844	2	3,4,5,6,7,8,9,16	73	3
1406	01:43.847	6	2,3,7,8,9,12,13	5	2
1407	01:44.693	2	3,4,5,6,7,8,9,16	56	3
1408	01:44.695	16	1,2,3,4,5	5	2
1409	01:44.698	16	1,2,3,4,5	57	2
1410	01:44.701	1	16	5	0
1411	01:44.727	1	16	56	0
1412	01:44.729	16	1,2,3,4,5	5	2
1413	01:44.741	16	1,2,3,4,5	65	2
1414	01:44.744	2	3,4,5,6,7,8,9,16	5	3
1415	01:44.944	14	7,8,9,10,11,12,13,15	56	4
1416	01:44.946	11	4,5,8,9,10,14,15	5	2
1417	01:44.976	11	4,5,8,9,10,14,15	65	2
1418	01:44.979	5	2,3,4,8,9,10,11,16	5	3
1419	01:44.984	5	2,3,4,8,9,10,11,16	65	3
1420	01:44.987	16	1,2,3,4,5	5	2
1421	01:44.997	16	1,2,3,4,5	57	2
1422	01:44.999	1	16	5	0
1423	01:45.016	1	16	72	0
1424	01:45.019	16	1,2,3,4,5	5	2
1425	01:45.040	16	1,2,3,4,5	81	2
1426	01:45.043	5	2,3,4,8,9,10,11,16	5	3
1427	01:45.050	5	2,3,4,8,9,10,11,16	81	3
1428	01:45.053	11	4,5,8,9,10,14,15	5	2
1429	01:45.060	11	4,5,8,9,10,14,15	81	2
1430	01:45.063	14	7,8,9,10,11,12,13,15	5	4
1431	01:45.200	15	8,9,10,11,12,13,14	56	3
1432	01:45.202	11	4,5,8,9,10,14,15	5	2
1433	01:45.245	11	4,5,8,9,10,14,15	65	2
1434	01:45.248	5	2,3,4,8,9,10,11,16	5	3
1435	01:45.273	5	2,3,4,8,9,10,11,16	65	3
1436	01:45.276	16	1,2,3,4,5	5	2
1437	01:45.294	16	1,2,3,4,5	57	2
1438	01:45.296	1	16	5	0
1439	01:45.299	1	16	72	0
1440	01:45.303	16	1,2,3,4,5	5	2
1441	01:45.310	16	1,2,3,4,5	81	2
1442	01:45.313	5	2,3,4,8,9,10,11,16	5	3
1443	01:45.324	5	2,3,4,8,9,10,11,16	81	3
1444	01:45.327	11	4,5,8,9,10,14,15	5	2
1445	01:45.368	11	4,5,8,9,10,14,15	81	2
1446	01:45.371	15	8,9,10,11,12,13,14	5	3
1447	01:45.917	3	2,4,5,6,7,8,9,10,16	56	4
1448	01:45.919	16	1,2,3,4,5	5	2
1449	01:45.959	16	1,2,3,4,5	57	2
1450	01:45.961	1	16	5	0
1451	01:45.973	1	16	56	0
1452	01:45.975	16	1,2,3,4,5	5	2
1453	01:45.981	16	1,2,3,4,5	65	2
1454	01:45.984	3	2,4,5,6,7,8,9,10,16	5	4
1455	01:46.033	8	2,3,4,5,6,7,9,10,11,12,13,14,15	56	1
1456	01:46.035	5	2,3,4,8,9,10,11,16	5	3
1457	01:46.071	5	2,3,4,8,9,10,11,16	65	3
1458	01:46.074	16	1,2,3,4,5	5	2
1459	01:46.091	16	1,2,3,4,5	57	2
1460	01:46.093	1	16	5	0
1461	01:46.125	1	16	64	0
1462	01:46.127	16	1,2,3,4,5	5	2
1463	01:46.157	16	1,2,3,4,5	73	2
1464	01:46.160	5	2,3,4,8,9,10,11,16	5	3
1465	01:46.165	5	2,3,4,8,9,10,11,16	73	3
1466	01:46.168	8	2,3,4,5,6,7,9,10,11,12,13,14,15	5	1
1467	01:46.881	11	4,5,8,9,10,14,15	56	2
1468	01:46.883	5	2,3,4,8,9,10,11,16	5	3
1469	01:46.888	5	2,3,4,8,9,10,11,16	65	3
1470	01:46.891	16	1,2,3,4,5	5	2
1471	01:46.894	16	1,2,3,4,5	57	2
1472	01:46.896	1	16	5	0
1473	01:46.936	1	16	64	0
1474	01:46.938	16	1,2,3,4,5	5	2
1475	01:46.970	16	1,2,3,4,5	73	2
1476	01:46.973	5	2,3,4,8,9,10,11,16	5	3
1477	01:46.986	5	2,3,4,8,9,10,11,16	73	3
1478	01:46.989	11	4,5,8,9,10,14,15	5	2
1479	01:47.335	4	2,3,5,7,8,9,10,11,16	56	4
1480	01:47.337	16	1,2,3,4,5	5	2
1481	01:47.380	16	1,2,3,4,5	57	2
1482	01:47.382	1	16	5	0
1483	01:47.422	1	16	56	0
1484	01:47.424	16	1,2,3,4,5	5	2
1485	01:47.439	16	1,2,3,4,5	65	2
1486	01:47.442	4	2,3,5,7,8,9,10,11,16	5	4
1487	01:48.567	9	2,3,4,5,6,7,8,10,11,12,13,14,15	56	1
1488	01:48.569	5	2,3,4,8,9,10,11,16	5	3
1489	01:48.581	5	2,3,4,8,9,10,11,16	65	3
1490	01:48.584	16	1,2,3,4,5	5	2
1491	01:48.621	16	1,2,3,4,5	57	2
1492	01:48.623	1	16	5	0
1493	01:48.640	1	16	64	0
1494	01:48.642	16	1,2,3,4,5	5	2
1495	01:48.666	16	1,2,3,4,5	73	2
1496	01:48.669	5	2,3,4,8,9,10,11,16	5	3
1497	01:48.709	5	2,3,4,8,9,10,11,16	73	3
1498	01:48.712	9	2,3,4,5,6,7,8,10,11,12,13,14,15	5	1
1499	01:49.439	12	6,7,8,9,13,14,15	56	3
1500	01:49.441	8	2,3,4,5,6,7,9,10,11,12,13,14,15	5	1
1501	01:49.483	8	2,3,4,5,6,7,9,10,11,12,13,14,15	65	1
1502	01:49.486	5	2,3,4,8,9,10,11,16	5	3
1503	01:49.501	5	2,3,4,8,9,10,11,16	65	3
1504	01:49.504	16	1,2,3,4,5	5	2
1505	01:49.538	16	1,2,3,4,5	57	2
1506	01:49.540	1	16	5	0
1507	01:49.570	1	16	72	0
1508	01:49.573	16	1,2,3,4,5	5	2
1509	01:49.587	16	1,2,3,4,5	81	2
1510	01:49.590	5	2,3,4,8,9,10,11,16	5	3
1511	01:49.605	5	2,3,4,8,9,10,11,16	81	3
1512	01:49.608	8	2,3,4,5,6,7,9,10,11,12,13,14,15	5	1
1513	01:49.624	8	2,3,4,5,6,7,9,10,11,12,13,14,15	81	1
1514	01:49.627	12	6,7,8,9,13,14,15	5	3
1515	01:50.158	13	6,7,8,9,10,12,14,15	97	4
1516	01:50.263	7	2,3,4,6,8,9,10,12,13,14	56	2
1517	01:50.265	4	2,3,5,7,8,9,10,11,16	5	4
1518	01:50.278	4	2,3,5,7,8,9,10,11,16	65	4
1519	01:50.281	16	1,2,3,4,5	5	2
1520	01:50.299	16	1,2,3,4,5	57	2
1521	01:50.301	1	16	5	0
1522	01:50.311	1	16	64	0
1523	01:50.313	16	1,2,3,4,5	5	2
1524	01:50.337	16	1,2,3,4,5	73	2
1525	01:50.340	4	2,3,5,7,8,9,10,11,16	5	4
1526	01:50.371	4	2,3,5,7,8,9,10,11,16	73	4
1527	01:50.374	7	2,3,4,6,8,9,10,12,13,14	5	2
1528	01:50.629	13	6,7,8,9,10,12,14,15	56	4
1529	01:50.631	10	3,4,5,7,8,9,11,13,14,15	5	2
1530	01:50.643	10	3,4,5,7,8,9,11,13,14,15	65	2
1531	01:50.646	5	2,3,4,8,9,10,11,16	5	3
1532	01:50.667	5	2,3,4,8,9,10,11,16	65	3
1533	01:50.670	16	1,2,3,4,5	5	2
1534	01:50.700	16	1,2,3,4,5	57	2
1535	01:50.702	1	16	5	0
1536	01:50.737	1	16	72	0
1537	01:50.740	16	1,2,3,4,5	5	2
1538	01:50.766	16	1,2,3,4,5	81	2
1539	01:50.769	5	2,3,4,8,9,10,11,16	5	3
1540	01:50.780	5	2,3,4,8,9,10,11,16	81	3
1541	01:50.783	10	3,4,5,7,8,9,11,13,14,15	5	2
1542	01:50.816	10	3,4,5,7,8,9,11,13,14,15	81	2
1543	01:50.819	13	6,7,8,9,10,12,14,15	5	4
1544	01:52.240	10	3,4,5,7,8,9,11,13,14,15	56	2
1545	01:52.242	5	2,3,4,8,9,10,11,16	5	3
1546	01:52.245	5	2,3,4,8,9,10,11,16	65	3
1547	01:52.248	16	1,2,3,4,5	5	2
1548	01:52.284	16	1,2,3,4,5	57	2
1549	01:52.286	1	16	5	0
1550	01:52.321	1	16	64	0
1551	01:52.323	16	1,2,3,4,5	5	2
1552	01:52.357	16	1,2,3,4,5	73	2
1553	01:52.360	5	2,3,4,8,9,10,11,16	5	3
1554	01:52.375	5	2,3,4,8,9,10,11,16	73	3
1555	01:52.378	10	3,4,5,7,8,9,11,13,14,15	5	2
1556	01:52.602	5	2,3,4,8,9,10,11,16	56	3
1557	01:52.604	16	1,2,3,4,5	5	2
1558	01:52.624	16	1,2,3,4,5	57	2
1559	01:52.626	1	16	5	0
1560	01:52.667	1	16	56	0
1561	01:52.669	16	1,2,3,4,5	5	2
1562	01:52.704	16	1,2,3,4,5	65	2
1563	01:52.707	5	2,3,4,8,9,10,11,16	5	3
1564	01:53.231	6	2,3,7,8,9,12,13	56	2
1565	01:53.233	2	3,4,5,6,7,8,9,16	5	3
1566	01:53.264	2	3,4,5,6,7,8,9,16	65	3
1567	01:53.267	16	1,2,3,4,5	5	2
1568	01:53.281	16	1,2,3,4,5	57	2
1569	01:53.283	1	16	5	0
1570	01:53.302	1	16	64	0
1571	01:53.304	16	1,2,3,4,5	5	2
1572	01:53.319	16	1,2,3,4,5	73	2
1573	01:53.322	2	3,4,5,6,7,8,9,16	5	3
1574	01:53.326	2	3,4,5,6,7,8,9,16	73	3
1575	01:53.329	6	2,3,7,8,9,12,13	5	2
1576	01:54.414	14	7,8,9,10,11,12,13,15	56	4
1577	01:54.416	11	4,5,8,9,10,14,15	5	2
1578	01:54.419	11	4,5,8,9,10,14,15	65	2
1579	01:54.422	5	2,3,4,8,9,10,11,16	5	3
1580	01:54.447	5	2,3,4,8,9,10,11,16	65	3
1581	01:54.450	16	1,2,3,4,5	5	2
1582	01:54.485	16	1,2,3,4,5	57	2
1583	01:54.487	1	16	5	0
1584	01:54.503	1	16	72	0
1585	01:54.506	16	1,2,3,4,5	5	2
1586	01:54.518	16	1,2,3,4,5	81	2
1587	01:54.521	5	2,3,4,8,9,10,11,16	5	3
1588	01:54.526	5	2,3,4,8,9,10,11,16	81	3
1589	01:54.529	11	4,5,8,9,10,14,15	5	2
1590	01:54.566	11	4,5,8,9,10,14,15	81	2
1591	01:54.569	14	7,8,9,10,11,12,13,15	5	4
1592	01:54.798	12	6,7,8,9,13,14,15	102	3
1593	01:54.802	7	2,3,4,6,8,9,10,12,13,14	5	2
1594	01:55.074	3	2,4,5,6,7,8,9,10,16	56	4
1595	01:55.076	16	1,2,3,4,5	5	2
1596	01:55.094	16	1,2,3,4,5	57	2
1597	01:55.096	1	16	5	0
1598	01:55.104	1	16	56	0
1599	01:55.106	16	1,2,3,4,5	5	2
1600	01:55.146	16	1,2,3,4,5	65	2
1601	01:55.149	3	2,4,5,6,7,8,9,10,16	5	4
1602	01:55.231	8	2,3,4,5,6,7,9,10,11,12,13,14,15	56	1
1603	01:55.233	5	2,3,4,8,9,10,11,16	5	3
1604	01:55.237	5	2,3,4,8,9,10,11,16	65	3
1605	01:55.240	16	1,2,3,4,5	5	2
1606	01:55.262	16	1,2,3,4,5	57	2
1607	01:55.264	1	16	5	0
1608	01:55.269	1	16	64	0
1609	01:55.271	16	1,2,3,4,5	5	2
1610	01:55.310	16	1,2,3,4,5	73	2
1611	01:55.313	5	2,3,4,8,9,10,11,16	5	3
1612	01:55.342	5	2,3,4,8,9,10,11,16	73	3
1613	01:55.345	8	2,3,4,5,6,7,9,10,11,12,13,14,15	5	1
1614	01:55.520	15	8,9,10,11,12,13,14	56	3
1615	01:55.522	11	4,5,8,9,10,14,15	5	2
1616	01:55.552	11	10,14,15	65	6
1617	01:55.553	2	6,7,16	56	8
1618	01:55.555	16	1,2,3,4,5	5	2
1619	01:55.561	11	4,5,8,9,10,14,15	65	2
1620	01:55.564	5	2,3,4,8,9,10,11,16	5	3
1621	01:55.576	16	1,2,3,4,5	57	2
1622	01:55.578	1	16	5	0
1623	01:55.584	5	2,3,4,8,9,10,11,16	65	3
1624	01:55.587	16	1,2,3,4,5	5	2
1625	01:55.605	1	16	56	0
1626	01:55.607	16	1,2,3,4,5	5	2
1627	01:55.614	16	1,2,3,4,5	57	2
1628	01:55.616	1	16	5	0
1629	01:55.635	1	16	72	0
1630	01:55.638	16	1,2,3,4,5	5	2
1631	01:55.641	16	1,2,3,4,5	65	2
1632	01:55.644	2	3,4,5,6,7,8,9,16	5	3
1633	01:55.659	16	1,2,3,4,5	81	2
1634	01:55.662	5	2,3,4,8,9,10,11,16	5	3
1635	01:55.665	5	2,3,4,8,9,10,11,16	81	3
1636	01:55.669	11	4,5,8,9,10,14,15	5	2
1637	01:55.696	11	4,5,8,9,10,14,15	81	2
1638	01:55.699	15	8,9,10,11,12,13,14	5	3
1639	01:56.062	10	3,4,5,7,8,9,11,13,14,15	102	2
1640	01:56.066	3	2,4,5,6,7,8,9,10,16	5	4
1641	01:57.805	11	4,5,8,9,10,14,15	56	2
1642	01:57.807	5	2,3,4,8,9,10,11,16	5	3
1643	01:57.822	5	2,3,4,8,9,10,11,16	65	3
1644	01:57.825	16	1,2,3,4,5	5	2
1645	01:57.828	16	1,2,3,4,5	57	2
1646	01:57.830	1	16	5	0
1647	01:57.850	1	16	64	0
1648	01:57.852	16	1,2,3,4,5	5	2
1649	01:57.868	16	1,2,3,4,5	73	2
1650	01:57.871	5	2,3,4,8,9,10,11,16	5	3
1651	01:57.903	5	2,3,4,8,9,10,11,16	73	3
1652	01:57.906	11	4,5,8,9,10,14,15	5	2
1653	01:57.970	9	2,3,4,5,6,7,8,10,11,12,13,14,15	56	1
1654	01:57.972	5	2,3,4,8,9,10,11,16	5	3
1655	01:58.000	5	2,3,4,8,9,10,11,16	65	3
1656	01:58.003	16	1,2,3,4,5	5	2
1657	01:58.014	16	1,2,3,4,5	57	2
1658	01:58.016	1	16	5	0
1659	01:58.037	1	16	64	0
1660	01:58.039	16	1,2,3,4,5	5	2
1661	01:58.048	16	1,2,3,4,5	73	2
1662	01:58.051	5	2,3,4,8,9,10,11,16	5	3
1663	01:58.056	5	2,3,4,8,9,10,11,16	73	3
1664	01:58.059	9	2,3,4,5,6,7,8,10,11,12,13,14,15	5	1
1665	01:58.102	4	2,3,5,7,8,9,10,11,16	56	4
1666	01:58.104	16	1,2,3,4,5	5	2
1667	01:58.111	16	1,2,3,4,5	57	2
1668	01:58.113	1	16	5	0
1669	01:58.136	1	16	56	0
1670	01:58.138	16	1,2,3,4,5	5	2
1671	01:58.176	16	1,2,3,4,5	65	2
1672	01:58.179	4	2,3,5,7,8,9,10,11,16	5	4
1673	01:59.572	7	2,3,4,6,8,9,10,12,13,14	56	2
1674	01:59.574	4	2,3,5,7,8,9,10,11,16	5	4
1675	01:59.593	4	2,3,5,7,8,9,10,11,16	65	4
1676	01:59.596	16	1,2,3,4,5	5	2
1677	01:59.617	16	1,2,3,4,5	57	2
1678	01:59.619	1	16	5	0
1679	01:59.645	1	16	64	0
1680	01:59.647	16	1,2,3,4,5	5	2
1681	01:59.667	16	1,2,3,4,5	73	2
1682	01:59.670	4	2,3,5,7,8,9,10,11,16	5	4
1683	01:59.688	4	2,3,5,7,8,9,10,11,16	73	4
1684	01:59.691	7	2,3,4,6,8,9,10,12,13,14	5	2
1685	02:00.158	12	6,7,8,9,13,14,15	56	3
1686	02:00.160	8	2,3,4,5,6,7,9,10,11,12,13,14,15	5	1
1687	02:00.176	8	2,3,4,5,6,7,9,10,11,12,13,14,15	65	1
1688	02:00.179	5	2,3,4,8,9,10,11,16	5	3
1689	02:00.206	5	2,3,4,8,9,10,11,16	65	3
1690	02:00.209	16	1,2,3,4,5	5	2
1691	02:00.249	16	1,2,3,4,5	57	2
1692	02:00.251	1	16	5	0
1693	02:00.283	1	16	72	0
1694	02:00.286	16	1,2,3,4,5	5	2
1695	02:00.318	16	1,2,3,4,5	81	2
1696	02:00.321	5	2,3,4,8,9,10,11,16	5	3
1697	02:00.336	5	2,3,4,8,9,10,11,16	81	3
1698	02:00.339	8	2,3,4,5,6,7,9,10,11,12,13,14,15	5	1
1699	02:00.376	8	2,3,4,5,6,7,9,10,11,12,13,14,15	81	1
1700	02:00.379	12	6,7,8,9,13,14,15	5	3
1701	02:00.949	13	6,7,8,9,10,12,14,15	56	4
1702	02:00.951	10	3,4,5,7,8,9,11,13,14,15	5	2
1703	02:00.955	10	3,4,5,7,8,9,11,13,14,15	65	2
1704	02:00.958	5	2,3,4,8,9,10,11,16	5	3
1705	02:00.983	5	2,3,4,8,9,10,11,16	65	3
1706	02:00.986	16	1,2,3,4,5	5	2
1707	02:01.004	16	1,2,3,4,5	57	2
1708	02:01.006	1	16	5	0
1709	02:01.019	1	16	72	0
1710	02:01.022	16	1,2,3,4,5	5	2
1711	02:01.026	14	7,8,9,10,11,12,13,15	102	4
1712	02:01.030	7	2,3,4,6,8,9,10,12,13,14	5	2
1713	02:01.034	16	1,2,3,4,5	81	2
1714	02:01.037	5	2,3,4,8,9,10,11,16	5	3
1715	02:01.045	5	2,3,4,8,9,10,11,16	81	3
1716	02:01.048	10	3,4,5,7,8,9,11,13,14,15	5	2
1717	02:01.052	10	3,4,5,7,8,9,11,13,14,15	81	2
1718	02:01.055	13	6,7,8,9,10,12,14,15	5	4
1719	02:01.274	10	3,4,5,7,8,9,11,13,14,15	56	2
1720	02:01.276	5	2,3,4,8,9,10,11,16	5	3
1721	02:01.309	5	2,3,4,8,9,10,11,16	65	3
1722	02:01.312	16	1,2,3,4,5	5	2
1723	02:01.340	16	1,2,3,4,5	57	2
1724	02:01.342	1	16	5	0
1725	02:01.377	1	16	64	0
1726	02:01.379	16	1,2,3,4,5	5	2
1727	02:01.421	16	1,2,3,4,5	73	2
1728	02:01.424	5	2,3,4,8,9,10,11,16	5	3
1729	02:01.449	5	2,3,4,8,9,10,11,16	73	3
1730	02:01.452	10	3,4,5,7,8,9,11,13,14,15	5	2
1731	02:03.616	5	2,3,4,8,9,10,11,16	56	3
1732	02:03.618	16	1,2,3,4,5	5	2
1733	02:03.654	16	1,2,3,4,5	57	2
1734	02:03.656	1	16	5	0
1735	02:03.666	6	2,3,7,8,9,12,13	56	2
1736	02:03.668	2	3,4,5,6,7,8,9,16	5	3
1737	02:03.698	1	16	56	0
1738	02:03.700	16	1,2,3,4,5	5	2
1739	02:03.700	2	3,4,5,6,7,8,9,16	65	3
1740	02:03.703	16	1,2,3,4,5	5	2
1741	02:03.718	2	3,4,5,6,7,8,9,16	65	3
1742	02:03.721	16	1,2,3,4,5	5	2
1743	02:03.734	16	1,2,3,4,5	57	2
1744	02:03.736	1	16	5	0
1745	02:03.739	16	1,2,3,4,5	65	2
1746	02:03.742	5	2,3,4,8,9,10,11,16	5	3
1747	02:03.757	14	7,8,9,10,11,12,13,15	56	4
1748	02:03.759	11	4,5,8,9,10,14,15	5	2
1749	02:03.766	11	4,5,8,9,10,14,15	65	2
1750	02:03.769	5	2,3,4,8,9,10,11,16	5	3
1751	02:03.777	1	16	64	0
1752	02:03.779	16	1,2,3,4,5	5	2
1753	02:03.795	5	2,3,4,8,9,10,11,16	65	3
1754	02:03.798	16	1,2,3,4,5	5	2
1755	02:03.816	16	1,2,3,4,5	73	2
1756	02:03.819	2	3,4,5,6,7,8,9,16	5	3
1757	02:03.829	16	1,2,3,4,5	57	2
1758	02:03.831	1	16	5	0
1759	02:03.846	2	3,4,5,6,7,8,9	73	4
1760	02:03.847	1	-	72	1
1761	02:03.849	6	2,3,7,8,9,12,13	5	2
1762	02:03.871	1	16	72	0
1763	02:03.874	16	1,2,3,4,5	5	2
1764	02:03.893	16	1,2,3,4,5	81	2
1765	02:03.896	5	2,3,4,8,9,10,11,16	5	3
1766	02:03.935	5	2,3,4,8,9,10,11,16	81	3
1767	02:03.938	11	4,5,8,9,10,14,15	5	2
1768	02:03.959	11	4,5,8,9,10,14,15	81	2
1769	02:03.962	14	7,8,9,10,11,12,13,15	5	4
1770	02:04.793	8	2,3,4,5,6,7,9,10,11,12,13,14,15	56	1
1771	02:04.795	5	2,3,4,8,9,10,11,16	5	3
1772	02:04.817	5	2,3,4,8,9,10,11,16	65	3
1773	02:04.820	16	1,2,3,4,5	5	2
1774	02:04.855	16	1,2,3,4,5	57	2
1775	02:04.857	1	16	5	0
1776	02:04.889	1	16	64	0
1777	02:04.891	16	1,2,3,4,5	5	2
1778	02:04.895	16	1,2,3,4,5	73	2
1779	02:04.898	5	2,3,4,8,9,10,11,16	5	3
1780	02:04.922	5	2,3,4,8,9,10,11,16	73	3
1781	02:04.925	8	2,3,4,5,6,7,9,10,11,12,13,14,15	5	1
1782	02:05.083	2	3,4,5,6,7,8,9,16	56	3
1783	02:05.085	16	1,2,3,4,5	5	2
1784	02:05.088	16	1,2,3,4,5	57	2
1785	02:05.091	1	16	5	0
1786	02:05.134	1	16	56	0
1787	02:05.136	16	1,2,3,4,5	5	2
1788	02:05.162	16	1,2,3,4,5	65	2
1789	02:05.165	2	3,4,5,6,7,8,9,16	5	3
1790	02:05.556	13	6,7,8,9,10,12,14,15	102	4
1791	02:05.560	6	2,3,7,8,9,12,13	5	2
1792	02:05.644	3	2,4,5,6,7,8,9,10,16	56	4
1793	02:05.646	16	1,2,3,4,5	5	2
1794	02:05.672	16	1,2,3,4,5	57	2
1795	02:05.674	1	16	5	0
1796	02:05.694	1	16	56	0
1797	02:05.696	16	1,2,3,4,5	5	2
1798	02:05.712	16	1,2,3,4,5	65	2
1799	02:05.715	3	2,4,5,6,7,8,9,10,16	5	4
1800	02:06.425	15	8,9,10,11,12,13,14	56	3
1801	02:06.427	11	4,5,8,9,10,14,15	5	2
1802	02:06.449	11	4,5,8,9,10,14,15	65	2
1803	02:06.452	5	2,3,4,8,9,10,11,16	5	3
1804	02:06.473	5	2,3,4,8,9,10,11,16	65	3
1805	02:06.476	16	1,2,3,4,5	5	2
1806	02:06.501	16	1,2,3,4,5	57	2
1807	02:06.503	1	16	5	0
1808	02:06.538	1	16	72	0
1809	02:06.541	16	1,2,3,4,5	5	2
1810	02:06.578	16	1,2,3,4,5	81	2
1811	02:06.581	5	2,3,4,8,9,10,11,16	5	3
1812	02:06.602	5	2,3,4,8,9,10,11,16	81	3
1813	02:06.605	11	4,5,8,9,10,14,15	5	2
1814	02:06.626	11	4,5,8,9,10,14,15	81	2
1815	02:06.629	15	8,9,10,11,12,13,14	5	3
1816	02:06.762	1	16	97	0
1817	02:07.199	4	2,3,5,7,8,9,10,11,16	56	4
1818	02:07.201	16	1,2,3,4,5	5	2
1819	02:07.209	16	1,2,3,4,5	57	2
1820	02:07.211	1	16	5	0
1821	02:07.251	1	16	56	0
1822	02:07.253	16	1,2,3,4,5	5	2
1823	02:07.272	16	1,2,3,4,5	65	2
1824	02:07.275	4	2,3,5,7,8,9,10,11,16	5	4
1825	02:07.750	9	2,3,4,5,6,7,8,10,11,12,13,14,15	56	1
1826	02:07.752	5	2,3,4,8,9,10,11,16	5	3
1827	02:07.772	5	2,3,4,8,9,10,11,16	65	3
1828	02:07.775	16	1,2,3,4,5	5	2
1829	02:07.792	16	1,2,3,4,5	57	2
1830	02:07.794	1	16	5	0
1831	02:07.815	1	16	64	0
1832	02:07.817	16	1,2,3,4,5	5	2
1833	02:07.853	16	1,2,3,4,5	73	2
1834	02:07.856	5	2,3,4,8,9,10,11,16	5	3
1835	02:07.889	5	2,3,4,8,9,10,11,16	73	3
1836	02:07.892	9	2,3,4,5,6,7,8,10,11,12,13,14,15	5	1
1837	02:07.901	11	4,5,8,9,10,14,15	56	2
1838	02:07.903	5	2,3,4,8,9,10,11,16	5	3
1839	02:07.931	5	2,3,4,8,9,10,11,16	65	3
1840	02:07.934	16	1,2,3,4,5	5	2
1841	02:07.937	16	1,2,3,4,5	57	2
1842	02:07.939	1	16	5	0
1843	02:07.942	1	16	64	0
1844	02:07.945	16	1,2,3,4,5	5	2
1845	02:07.959	16	1,2,3,4,5	73	2
1846	02:07.962	5	2,3,4,8,9,10,11,16	5	3
1847	02:07.990	5	2,3,4,8,9,10,11,16	73	3
1848	02:07.993	11	4,5,8,9,10,14,15	5	2
1849	02:09.869	7	2,3,4,6,8,9,10,12,13,14	56	2
1850	02:09.871	4	2,3,5,7,8,9,10,11,16	5	4
1851	02:09.902	4	2,3,5,7,8,9,10,11,16	65	4
1852	02:09.905	16	1,2,3,4,5	5	2
1853	02:09.916	16	1,2,3,4,5	57	2
1854	02:09.918	1	16	5	0
1855	02:09.960	1	16	64	0
1856	02:09.962	16	1,2,3,4,5	5	2
1857	02:10.001	16	1,2,3,4,5	73	2
1858	02:10.004	4	2,3,5,7,8,9,10,11,16	5	4
1859	02:10.045	4	2,3,5,7,8,9,10,11,16	73	4
1860	02:10.048	7	2,3,4,6,8,9,10,12,13,14	5	2
1861	02:10.380	10	3,4,5,7,8,9,11,13,14,15	56	2
1862	02:10.382	5	2,3,4,8,9,10,11,16	5	3
1863	02:10.414	5	2,3,4,8,9,10,11,16	65	3
1864	02:10.417	16	1,2,3,4,5	5	2
1865	02:10.420	16	1,2,3,4,5	57	2
1866	02:10.422	1	16	5	0
1867	02:10.460	1	16	64	0
1868	02:10.462	16	1,2,3,4,5	5	2
1869	02:10.469	16	1,2,3,4,5	73	2
1870	02:10.472	5	16	5	10
1871	02:10.471	13	6,7,12,14,15	56	7
1872	02:10.483	5	2,3,4,8,9,10,11,16	73	3
1873	02:10.486	10	3,4,5,7,8,9,11,13,14,15	5	2
1874	02:10.508	13	6,7,8,9,10,12,14,15	56	4
1875	02:10.510	10	3,4,5,7,8,9,11,13,14,15	5	2
1876	02:10.513	10	3,4,5,7,8,9,11,13,14,15	65	2
1877	02:10.516	5	2,3,4,8,9,10,11,16	5	3
1878	02:10.534	5	2,3,4,8,9,10,11,16	65	3
1879	02:10.537	16	1,2,3,4,5	5	2
1880	02:10.553	16	1,2,3,4,5	57	2
1881	02:10.555	1	16	5	0
1882	02:10.574	1	16	72	0
1883	02:10.577	16	1,2,3,4,5	5	2
1884	02:10.617	16	1,2,3,4,5	81	2
1885	02:10.620	5	2,3,4,8,9,10,11,16	5	3
1886	02:10.656	5	2,3,4,8,9,10,11,16	81	3
1887	02:10.659	10	3,4,5,7,8,9,11,13,14,15	5	2
1888	02:10.686	10	3,4,5,7,8,9,11,13,14,15	81	2
1889	02:10.689	13	6,7,8,9,10,12,14,15	5	4
1890	02:10.787	12	6,7,8,9,13,14,15	56	3
1891	02:10.789	8	2,3,4,5,6,7,9,10,11,12,13,14,15	5	1
1892	02:10.831	8	2,3,4,5,6,7,9,10,11,12,13,14,15	65	1
1893	02:10.834	5	2,3,4,8,9,10,11,16	5	3
1894	02:10.861	5	2,3,4,8,9,10,11,16	65	3
1895	02:10.864	16	1,2,3,4,5	5	2
1896	02:10.881	16	1,2,3,4,5	57	2
1897	02:10.883	1	16	5	0
1898	02:10.901	1	16	72	0
1899	02:10.904	16	1,2,3,4,5	5	2
1900	02:10.939	16	1,2,3,4,5	81	2
1901	02:10.942	5	2,3,4,8,9,10,11,16	5	3
1902	02:10.961	5	2,3,4,8,9,10,11,16	81	3
1903	02:10.964	8	2,3,4,5,6,7,9,10,11,12,13,14,15	5	1
1904	02:10.992	8	2,3,4,5,6,7,9,10,11,12,13,14,15	81	1
1905	02:10.995	12	6,7,8,9,13,14,15	5	3
1906	02:13.232	14	7,8,9,10,11,12,13,15	56	4
1907	02:13.234	11	4,5,8,9,10,14,15	5	2
1908	02:13.263	11	4,5,8,9,10,14,15	65	2
1909	02:13.266	5	2,3,4,8,9,10,11,16	5	3
1910	02:13.272	5	2,3,4,8,9,10,11,16	65	3
1911	02:13.275	16	1,2,3,4,5	5	2
1912	02:13.284	16	1,2,3,4,5	57	2
1913	02:13.286	1	16	5	0
1914	02:13.315	1	16	72	0
1915	02:13.318	16	1,2,3,4,5	5	2
1916	02:13.355	16	1,2,3,4,5	81	2
1917	02:13.358	5	2,3,4,8,9,10,11,16	5	3
1918	02:13.377	5	2,3,4,8,9,10,11,16	81	3
1919	02:13.380	11	4,5,8,9,10,14,15	5	2
1920	02:13.392	11	4,5,8,9,10,14,15	81	2
1921	02:13.395	14	7,8,9,10,11,12,13,15	5	4
1922	02:13.474	5	2,3,4,8,9,10,11,16	57	3
1923	02:13.476	16	1,2,3,4,5	5	2
1924	02:13.495	16	1,2,3,4,5	58	2
1925	02:13.497	1	16	5	0
1926	02:13.538	1	16	57	0
1927	02:13.540	16	1,2,3,4,5	5	2
1928	02:13.569	16	1,2,3,4,5	66	2
1929	02:13.572	5	2,3,4,8,9,10,11,16	5	3
1930	02:14.322	6	2,3,7,8,9,12,13	56	2
1931	02:14.324	2	3,4,5,6,7,8,9,16	5	3
1932	02:14.345	2	3,4,5,6,7,8,9,16	65	3
1933	02:14.348	16	1,2,3,4,5	5	2
1934	02:14.368	16	1,2,3,4,5	57	2
1935	02:14.370	1	16	5	0
1936	02:14.397	1	-	64	1
1937	02:14.397	4	2,3,5,7,8,9,10,11	97	5
1938	02:14.423	1	16	64	0
1939	02:14.425	16	1,2,3,4,5	5	2
1940	02:14.458	16	1,2,3,4,5	73	2
1941	02:14.461	2	3,4,5,6,7,8,9,16	5	3
1942	02:14.494	2	3,4,5,6,7,8,9,16	73	3
1943	02:14.497	6	2,3,7,8,9,12,13	5	2
1944	02:14.782	8	2,3,4,5,6,7,9,10,11,12,13,14,15	56	1
1945	02:14.784	5	2,3,4,8,9,10,11,16	5	3
1946	02:14.825	5	2,3,4,8,9,10,11,16	65	3
1947	02:14.828	16	1,2,3,4,5	5	2
1948	02:14.857	16	1,2,3,4,5	57	2
1949	02:14.859	1	16	5	0
1950	02:14.892	1	16	64	0
1951	02:14.894	16	1,2,3,4,5	5	2
1952	02:14.902	16	1,2,3,4,5	73	2
1953	02:14.905	5	2,3,4,8,9,10,11,16	5	3
1954	02:14.932	5	2,3,4,8,9,10,11,16	73	3
1955	02:14.935	8	2,3,4,5,6,7,9,10,11,12,13,14,15	5	1
1956	02:15.711	2	3,4,5,6,7,8,9,16	57	3
1957	02:15.713	16	1,2,3,4,5	5	2
1958	02:15.723	16	1,2,3,4,5	58	2
1959	02:15.725	1	16	5	0
1960	02:15.733	1	16	57	0
1961	02:15.735	16	1,2,3,4,5	5	2
1962	02:15.763	16	1,2,3,4,5	66	2
1963	02:15.766	2	3,4,5,6,7,8,9,16	5	3
1964	02:16.231	4	2,3,5,7,8,9,10,11,16	57	4
1965	02:16.233	16	1,2,3,4,5	5	2
1966	02:16.270	16	1,2,3,4,5	58	2
1967	02:16.272	1	16	5	0
1968	02:16.279	1	16	57	0
1969	02:16.281	16	1,2,3,4,5	5	2
1970	02:16.287	16	1,2,3,4,5	66	2
1971	02:16.290	4	2,3,5,7,8,9,10,11,16	5	4
1972	02:16.296	3	2,4,5,6,7,8,9,10,16	57	4
1973	02:16.298	16	1,2,3,4,5	5	2
1974	02:16.334	16	1,2,3,4,5	58	2
1975	02:16.336	1	16	5	0
1976	02:16.370	1	16	57	0
1977	02:16.372	16	1,2,3,4,5	5	2
1978	02:16.402	16	1,2,3,4,5	66	2
1979	02:16.405	3	2,4,5,6,7,8,9,10,16	5	4
1980	02:16.517	15	8,9,10,11,12,13,14	56	3
1981	02:16.519	11	4,5,8,9,10,14,15	5	2
1982	02:16.525	11	4,5,8,9,10,14,15	65	2
1983	02:16.528	5	2,3,4,8,9,10,11,16	5	3
1984	02:16.557	5	2,3,4,8,9,10,11,16	65	3
1985	02:16.560	16	1,2,3,4,5	5	2
1986	02:16.592	16	1,2,3,4,5	57	2
1987	02:16.594	1	16	5	0
1988	02:16.603	1	16	72	0
1989	02:16.606	16	1,2,3,4,5	5	2
1990	02:16.625	16	1,2,3,4,5	81	2
1991	02:16.628	5	2,3,4,8,9,10,11,16	5	3
1992	02:16.633	5	2,3,4,8,9,10,11,16	81	3
1993	02:16.636	11	4,5,8,9,10,14,15	5	2
1994	02:16.657	11	4,5,8,9,10,14,15	81	2
1995	02:16.660	15	8,9,10,11,12,13,14	5	3
1996	02:17.077	11	4,5,8,9,10,14,15	57	2
1997	02:17.079	5	2,3,4,8,9,10,11,16	5	3
1998	02:17.105	5	2,3,4,8,9,10,11,16	66	3
1999	02:17.108	16	1,2,3,4,5	5	2
2000	02:17.146	16	1,2,3,4,5	58	2
2001	02:17.148	1	16	5	0
2002	02:17.186	1	16	65	0
2003	02:17.189	16	1,2,3,4,5	5	2
2004	02:17.197	16	1,2,3,4,5	74	2
2005	02:17.200	5	2,3,4,8,9,10,11,16	5	3
2006	02:17.226	5	2,3,4,8,9,10,11,16	74	3
2007	02:17.229	11	4,5,8,9,10,14,15	5	2
2008	02:18.323	10	3,4,5,7,8,9,11,13,14,15	97	2
2009	02:18.549	9	2,3,4,5,6,7,8,10,11,12,13,14,15	56	1
2010	02:18.551	5	2,3,4,8,9,10,11,16	5	3
2011	02:18.555	5	2,3,4,8,9,10,11,16	65	3
2012	02:18.558	16	1,2,3,4,5	5	2
2013	02:18.591	16	1,2,3,4,5	57	2
2014	02:18.593	1	16	5	0
2015	02:18.620	1	16	64	0
2016	02:18.622	16	1,2,3,4,5	5	2
2017	02:18.640	16	1,2,3,4,5	73	2
2018	02:18.643	5	2,3,4,8,9,10,11,16	5	3
2019	02:18.677	5	2,3,4,8,9,10,11,16	73	3
2020	02:18.680	9	2,3,4,5,6,7,8,10,11,12,13,14,15	5	1
2021	02:19.657	10	3,4,5,7,8,9,11,13,14,15	57	2
2022	02:19.659	5	2,3,4,8,9,10,11,16	5	3
2023	02:19.689	5	2,3,4,8,9,10,11,16	66	3
2024	02:19.692	16	1,2,3,4,5	5	2
2025	02:19.698	16	1,2,3,4,5	58	2
2026	02:19.700	1	16	5	0
2027	02:19.710	1	16	65	0
2028	02:19.713	16	1,2,3,4,5	5	2
2029	02:19.732	16	1,2,3,4,5	74	2
2030	02:19.735	5	2,3,4,8,9,10,11,16	5	3
2031	02:19.744	5	2,3,4,8,9,10,11,16	74	3
2032	02:19.747	10	3,4,5,7,8,9,11,13,14,15	5	2
2033	02:19.844	12	6,7,8,9,13,14,15	56	3
2034	02:19.846	8	2,3,4,5,6,7,9,10,11,12,13,14,15	5	1
2035	02:19.852	8	2,3,4,5,6,7,9,10,11,12,13,14,15	65	1
2036	02:19.855	5	2,3,4,8,9,10,11,16	5	3
2037	02:19.859	7	2,3,4,6,8,9,10,12,13,14	56	2
2038	02:19.861	4	2,3,5,7,8,9,10,11,16	5	4
2039	02:19.865	5	2,3,4,8,9,10,11,16	65	3
2040	02:19.868	16	1,2,3,4,5	5	2
2041	02:19.876	4	2,3,5,7,8,9,10,11,16	65	4
2042	02:19.879	16	1,2,3,4,5	5	2
2043	02:19.890	16	1,2,3,4,5	57	2
2044	02:19.892	1	16	5	0
2045	02:19.903	1	16	72	0
2046	02:19.906	16	1,2,3,4,5	5	2
2047	02:19.917	16	1,2,3,4,5	57	2
2048	02:19.919	1	16	5	0
2049	02:19.932	1	16	64	0
2050	02:19.934	16	1,2,3,4,5	5	2
2051	02:19.944	16	1,2,3,4,5	81	2
2052	02:19.947	5	2,3,4,8,9,10,11,16	5	3
2053	02:19.963	16	1,2,3,4,5	73	2
2054	02:19.966	4	2,3,5,7,8,9,10,11,16	5	4
2055	02:19.980	4	2,3,5,7,8,9,10,11,16	73	4
2056	02:19.983	7	2,3,4,6,8,9,10,12,13,14	5	2
2057	02:20.020	5	2,3,4,8,9,10,11,16	81	3
2058	02:20.023	8	2,3,4,5,6,7,9,10,11,12,13,14,15	5	1
2059	02:20.060	8	2,3,4,5,6,7,9,10,11,12,13,14,15	81	1
2060	02:20.063	12	6,7,8,9,13,14,15	5	3
2061	02:20.486	13	6,7,8,9,10,12,14,15	56	4
2062	02:20.488	10	3,4,5,7,8,9,11,13,14,15	5	2
2063	02:20.505	10	3,4,5,7,8,9,11,13,14,15	65	2
2064	02:20.508	5	2,3,4,8,9,10,11,16	5	3
2065	02:20.542	5	2,3,4,8,9,10,11,16	65	3
2066	02:20.545	16	1,2,3,4,5	5	2
2067	02:20.553	16	1,2,3,4,5	57	2
2068	02:20.555	1	16	5	0
2069	02:20.585	1	16	72	0
2070	02:20.588	16	1,2,3,4,5	5	2
2071	02:20.619	16	1,2,3,4,5	81	2
2072	02:20.622	5	2,3,4,8,9,10,11,16	5	3
2073	02:20.658	5	2,3,4,8,9,10,11,16	81	3
2074	02:20.661	10	3,4,5,7,8,9,11,13,14,15	5	2
2075	02:20.701	10	3,4,5,7,8,9,11,13,14,15	81	2
2076	02:20.704	13	6,7,8,9,10,12,14,15	5	4
2077	02:20.803	8	2,3,4,5,6,7,9,10,11,12,13,14,15	102	1
2078	02:20.807	11	4,5,8,9,10,14,15	5	2
2079	02:21.969	6	2,3,7,8,9,12,13	97	2
2080	02:22.548	5	2,3,4,8,9,10,11,16	57	3
2081	02:22.550	16	1,2,3,4,5	5	2
2082	02:22.554	16	1,2,3,4,5	58	2
2083	02:22.556	1	16	5	0
2084	02:22.597	1	16	57	0
2085	02:22.599	16	1,2,3,4,5	5	2
2086	02:22.631	16	1,2,3,4,5	66	2
2087	02:22.634	5	2,3,4,8,9,10,11,16	5	3
2088	02:23.434	14	7,8,9,10,11,12,13,15	56	4
2089	02:23.436	11	4,5,8,9,10,14,15	5	2
2090	02:23.449	11	4,5,8,9,10,14,15	65	2
2091	02:23.452	5	2,3,4,8,9,10,11,16	5	3
2092	02:23.476	5	2,3,4,8,9,10,11,16	65	3
2093	02:23.479	16	1,2,3,4,5	5	2
2094	02:23.511	16	1,2,3,4,5	57	2
2095	02:23.513	1	16	5	0
2096	02:23.550	1	16	72	0
2097	02:23.553	16	1,2,3,4,5	5	2
2098	02:23.558	16	1,2,3,4,5	81	2
2099	02:23.561	5	2,3,4,8,9,10,11,16	5	3
2100	02:23.598	5	2,3,4,8,9,10,11,16	81	3
2101	02:23.601	11	4,5,8,9,10,14,15	5	2
2102	02:23.608	11	4,5,8,9,10,14,15	81	2
2103	02:23.611	14	7,8,9,10,11,12,13,15	5	4
2104	02:23.988	6	2,3,7,8,9,12,13	56	2
2105	02:23.990	2	3,4,5,6,7,8,9,16	5	3
2106	02:23.993	2	3,4,5,6,7,8,9,16	65	3
2107	02:23.996	16	1,2,3,4,5	5	2
2108	02:24.001	16	1,2,3,4,5	57	2
2109	02:24.003	1	16	5	0
2110	02:24.019	1	16	64	0
2111	02:24.021	16	1,2,3,4,5	5	2
2112	02:24.064	16	1,2,3,4,5	73	2
2113	02:24.067	2	3,4,5,6,7,8,9,16	5	3
2114	02:24.105	2	3,4,5,6,7,8,9,16	73	3
2115	02:24.108	6	2,3,7,8,9,12,13	5	2
2116	02:24.522	6	2,3,7,8,9,12,13	102	2
2117	02:24.526	7	2,3,4,6,8,9,10,12,13,14	5	2
2118	02:24.928	16	1,2,3,4,5	97	2
2119	02:25.089	8	2,3,4,5,6,7,9,10,11,12,13,14,15	57	1
2120	02:25.091	5	2,3,4,8,9,10,11,16	5	3
2121	02:25.129	5	2,3,4,8,9,10,11,16	66	3
2122	02:25.132	16	1,2,3,4,5	5	2
2123	02:25.156	16	1,2,3,4,5	58	2
2124	02:25.158	1	16	5	0
2125	02:25.181	1	16	65	0
2126	02:25.184	16	1,2,3,4,5	5	2
2127	02:25.210	16	1,2,3,4,5	74	2
2128	02:25.213	5	2,3,4,8,9,10,11,16	5	3
2129	02:25.256	5	2,3,4,8,9,10,11,16	74	3
2130	02:25.259	8	2,3,4,5,6,7,9,10,11,12,13,14,15	5	1
2131	02:25.363	2	3,4,5,6,7,8,9,16	57	3
2132	02:25.365	16	1,2,3,4,5	5	2
2133	02:25.406	16	1,2,3,4,5	58	2
2134	02:25.408	1	16	5	0
2135	02:25.439	1	16	57	0
2136	02:25.441	16	1,2,3,4,5	5	2
2137	02:25.470	16	1,2,3,4,5	66	2
2138	02:25.473	2	3,4,5,6,7,8,9,16	5	3
2139	02:25.521	3	2,4,5,6,7,8,9,10,16	102	4
2140	02:25.525	5	2,3,4,8,9,10,11,16	5	3
2141	02:25.749	3	2,4,5,6,7,8,9,10,16	97	4
2142	02:25.789	4	2,3,5,7,8,9,10,11,16	57	4
2143	02:25.791	16	1,2,3,4,5	5	2
2144	02:25.832	16	1,2,3,4,5	58	2
2145	02:25.834	1	16	5	0
2146	02:25.847	1	16	57	0
2147	02:25.849	16	1,2,3,4,5	5	2
2148	02:25.880	16	1,2,3,4,5	66	2
2149	02:25.883	4	2,3,5,7,8,9,10,11,16	5	4
2150	02:26.175	3	2,4,5,6,7,8,9,10,16	57	4
2151	02:26.177	16	1,2,3,4,5	5	2
2152	02:26.210	16	1,2,3,4,5	58	2
2153	02:26.212	1	16	5	0
2154	02:26.239	1	16	57	0
2155	02:26.241	16	1,2,3,4,5	5	2
2156	02:26.270	16	1,2,3,4,5	66	2
2157	02:26.273	3	2,4,5,6,7,8,9,10,16	5	4
2158	02:27.028	11	4,5,8,9,10,14,15	57	2
2159	02:27.030	5	2,3,4,8,9,10,11,16	5	3
2160	02:27.061	5	2,3,4,8,9,10,11,16	66	3
2161	02:27.064	16	1,2,3,4,5	5	2
2162	02:27.085	16	1,2,3,4,5	58	2
2163	02:27.087	1	16	5	0
2164	02:27.108	1	16	65	0
2165	02:27.111	16	1,2,3,4,5	5	2
2166	02:27.150	16	1,2,3,4,5	74	2
2167	02:27.153	5	2,3,4,8,9,10,11,16	5	3
2168	02:27.165	5	2,3,4,8,9,10,11,16	74	3
2169	02:27.168	11	4,5,8,9,10,14,15	5	2
2170	02:27.209	15	8,9,10,11,12,13,14	56	3
2171	02:27.211	11	4,5,8,9,10,14,15	5	2
2172	02:27.236	11	4,5,8,9,10,14,15	65	2
2173	02:27.239	5	2,3,4,8,9,10,11,16	5	3
2174	02:27.255	5	2,3,4,8,9,10,11,16	65	3
2175	02:27.258	16	1,2,3,4,5	5	2
2176	02:27.298	16	1,2,3,4,5	57	2
2177	02:27.300	1	16	5	0
2178	02:27.323	1	16	72	0
2179	02:27.326	16	1,2,3,4,5	5	2
2180	02:27.363	16	1,2,3,4,5	81	2
2181	02:27.366	5	2,3,4,8,9,10,11,16	5	3
2182	02:27.388	5	2,3,4,8,9,10,11,16	81	3
2183	02:27.391	11	4,5,8,9,10,14,15	5	2
2184	02:27.430	11	4,5,8,9,10,14,15	81	2
2185	02:27.433	15	8,9,10,11,12,13,14	5	3
2186	02:28.792	10	3,4,5,7,8,9,11,13,14,15	57	2
2187	02:28.794	5	2,3,4,8,9,10,11,16	5	3
2188	02:28.830	5	2,3,4,8,9,10,11,16	66	3
2189	02:28.833	16	1,2,3,4,5	5	2
2190	02:28.845	16	1,2,3,4,5	58	2
2191	02:28.847	1	16	5	0
2192	02:28.887	1	16	65	0
2193	02:28.890	16	1,2,3,4,5	5	2
2194	02:28.921	16	1,2,3,4,5	74	2
2195	02:28.924	5	2,3,4,8,9,10,11,16	5	3
2196	02:28.961	5	2,3,4,8,9,10,11,16	74	3
2197	02:28.964	10	3,4,5,7,8,9,11,13,14,15	5	2
2198	02:29.055	9	2,3,4,5,6,7,8,10,11,12,13,14,15	57	1
2199	02:29.057	5	2,3,4,8,9,10,11,16	5	3
2200	02:29.092	12	6,7,13,14,15	56	5
2201	02:29.093	5	4,11,16	66	8
2202	02:29.096	16	1,2,3,4,5	5	2
2203	02:29.107	12	6,7,8,9,13,14,15	56	3
2204	02:29.109	8	2,3,4,5,6,7,9,10,11,12,13,14,15	5	1
2205	02:29.124	8	2,3,4,5,6,7,9,10,11,12,13,14,15	65	1
2206	02:29.127	5	2,3,4,8,9,10,11,16	5	3
2207	02:29.148	5	2,3,4,8,9,10,11,16	65	3
2208	02:29.151	16	1,2,3,4,5	5	2
2209	02:29.204	16	1,2,3,4,5	58	2
2210	02:29.206	1	16	5	0
2211	02:29.217	1	16	65	0
2212	02:29.220	16	1,2,3,4,5	5	2
2213	02:29.231	16	1,2,3,4,5	57	2
2214	02:29.233	1	16	5	0
2215	02:29.255	16	1,2,3,4,5	74	2
2216	02:29.258	5	2,3,4,8,9,10,11,16	5	3
2217	02:29.272	1	-	72	1
2218	02:29.273	5	2,3,4,8,9,10,11	74	4
2219	02:29.276	9	2,3,4,5,6,7,8,10,11,12,13,14,15	5	1
2220	02:29.319	1	16	72	0
2221	02:29.322	16	1,2,3,4,5	5	2
2222	02:29.363	16	1,2,3,4,5	81	2
2223	02:29.366	5	2,3,4,8,9,10,11,16	5	3
2224	02:29.400	5	2,3,4,8,9,10,11,16	81	3
2225	02:29.403	8	2,3,4,5,6,7,9,10,11,12,13,14,15	5	1
2226	02:29.415	8	2,3,4,5,6,7,9,10,11,12,13,14,15	81	1
2227	02:29.418	12	6,7,8,9,13,14,15	5	3
2228	02:29.854	7	2,3,4,6,8,9,10,12,13,14	57	2
2229	02:29.856	4	2,3,5,7,8,9,10,11,16	5	4
2230	02:29.885	4	2,3,5,7,8,9,10,11,16	66	4
2231	02:29.888	16	1,2,3,4,5	5	2
2232	02:29.923	16	1,2,3,4,5	58	2
2233	02:29.925	1	16	5	0
2234	02:29.965	1	16	65	0
2235	02:29.968	16	1,2,3,4,5	5	2
2236	02:29.991	16	1,2,3,4,5	74	2
2237	02:29.994	4	2,3,5,7,8,9,10,11,16	5	4
2238	02:30.031	4	2,3,5,7,8,9,10,11,16	74	4
2239	02:30.034	7	2,3,4,6,8,9,10,12,13,14	5	2
2240	02:30.746	8	2,3,4,5,6,7,9,10,11,12,13,14,15	97	1
2241	02:30.928	13	6,7,8,9,10,12,14,15	56	4
2242	02:30.930	10	3,4,5,7,8,9,11,13,14,15	5	2
2243	02:30.943	10	3,4,5,7,8,9,11,13,14,15	65	2
2244	02:30.946	5	2,3,4,8,9,10,11,16	5	3
2245	02:30.958	5	2,3,4,8,9,10,11,16	65	3
2246	02:30.961	16	1,2,3,4,5	5	2
2247	02:30.981	16	1,2,3,4,5	57	2
2248	02:30.983	1	16	5	0
2249	02:31.021	1	16	72	0
2250	02:31.024	16	1,2,3,4,5	5	2
2251	02:31.050	16	1,2,3,4,5	81	2
2252	02:31.053	5	2,3,4,8,9,10,11,16	5	3
2253	02:31.083	5	2,3,4,8,9,10,11,16	81	3
2254	02:31.086	10	3,4,5,7,8,9,11,13,14,15	5	2
2255	02:31.129	10	3,4,5,7,8,9,11,13,14,15	81	2
2256	02:31.132	13	6,7,8,9,10,12,14,15	5	4
2257	02:31.199	9	2,3,4,5,6,7,8,10,11,12,13,14,15	102	1
2258	02:31.203	2	3,4,5,6,7,8,9,16	5	3
2259	02:33.003	2	3,4,5,6,7,8,9,16	97	3
2260	02:33.179	5	2,3,4,8,9,10,11,16	57	3
2261	02:33.181	16	1,2,3,4,5	5	2
2262	02:33.187	16	1,2,3,4,5	58	2
2263	02:33.189	1	16	5	0
2264	02:33.201	1	16	57	0
2265	02:33.203	16	1,2,3,4,5	5	2
2266	02:33.220	16	1,2,3,4,5	66	2
2267	02:33.223	5	2,3,4,8,9,10,11,16	5	3
2268	02:34.236	11	4,5,8,9,10,14,15	97	2
2269	02:34.407	6	2,3,7,8,9,12,13	57	2
2270	02:34.409	2	16	5	10
2271	02:34.408	14	10,11,12,13,15	57	7
2272	02:34.411	11	4,5,8,9,10,14,15	5	2
2273	02:34.416	2	3,4,5,6,7,8,9,16	66	3
2274	02:34.419	16	1,2,3,4,5	5	2
2275	02:34.436	11	8,9,10,14,15	66	4
2276	02:34.437	16	1,2	58	5
2277	02:34.439	1	16	5	0
2278	02:34.445	6	2,3,7,8,9,12,13	57	2
2279	02:34.447	2	3,4,5,6,7,8,9,16	5	3
2280	02:34.449	11	4,5,8,9,10,14,15	66	2
2281	02:34.452	5	2,3,4,8,9,10,11,16	5	3
2282	02:34.456	1	16	65	0
2283	02:34.459	16	1,2,3,4,5	5	2
2284	02:34.479	16	1,2,3,4,5	74	2
2285	02:34.482	2	3,4,5,6,7,8,9,16	5	3
2286	02:34.489	5	2,3,4,8,9,10,11,16	66	3
2287	02:34.492	16	1,2,3,4,5	5	2
2288	02:34.507	2	3,4,5,6,7,8,9,16	74	3
2289	02:34.510	6	2,3,7,8,9,12,13	5	2
2290	02:34.524	16	1,2,3,4,5	58	2
2291	02:34.526	1	16	5	0
2292	02:34.557	1	16	73	0
2293	02:34.560	16	1,2,3,4,5	5	2
2294	02:34.571	16	1,2,3,4,5	82	2
2295	02:34.574	5	2,3,4,8,9,10,11,16	5	3
2296	02:34.606	5	2,3,4,8,9,10,11,16	97	3
2297	02:34.614	5	2,3,4,8,9,10,11,16	82	3
2298	02:34.617	11	4,5,8,9,10,14,15	5	2
2299	02:34.640	11	4,5,8,9,10,14,15	82	2
2300	02:34.643	14	7,8,9,10,11,12,13,15	5	4
2301	02:34.698	8	2,3,4,5,6,7,9,10,11,12,13,14,15	57	1
2302	02:34.700	5	2,3,4,8,9,10,11,16	5	3
2303	02:34.718	5	2,3,4,8,9,10,11,16	66	3
2304	02:34.721	16	1,2,3,4,5	5	2
2305	02:34.756	16	1,2,3,4,5	58	2
2306	02:34.758	1	16	5	0
2307	02:34.772	1	16	65	0
2308	02:34.775	16	1,2,3,4,5	5	2
2309	02:34.813	16	1,2,3,4,5	74	2
2310	02:34.816	5	2,3,4,8,9,10,11,16	5	3
2311	02:34.832	5	2,3,4,8,9,10,11,16	74	3
2312	02:34.835	8	2,3,4,5,6,7,9,10,11,12,13,14,15	5	1
2313	02:34.911	2	3,4,5,6,7,8,9,16	57	3
2314	02:34.913	16	1,2,3,4,5	5	2
2315	02:34.945	16	1,2,3,4,5	58	2
2316	02:34.947	1	16	5	0
2317	02:34.969	1	16	57	0
2318	02:34.971	16	1,2,3,4,5	5	2
2319	02:34.977	16	1,2,3,4,5	66	2
2320	02:34.980	2	3,4,5,6,7,8,9,16	5	3
2321	02:35.373	4	2,3,5,7,8,9,10,11,16	57	4
2322	02:35.375	16	1,2,3,4,5	5	2
2323	02:35.408	16	1,2,3,4,5	58	2
2324	02:35.410	1	16	5	0
2325	02:35.433	1	16	57	0
2326	02:35.435	16	1,2,3,4,5	5	2
2327	02:35.453	16	1,2,3,4,5	66	2
2328	02:35.456	4	2,3,5,7,8,9,10,11,16	5	4
2329	02:36.543	11	4,5,8,9,10,14,15	57	2
2330	02:36.545	5	2,3,4,8,9,10,11,16	5	3
2331	02:36.556	5	2,3,4,8,9,10,11,16	66	3
2332	02:36.559	16	1,2,3,4,5	5	2
2333	02:36.595	16	1,2,3,4,5	58	2
2334	02:36.597	1	16	5	0
2335	02:36.632	1	16	65	0
2336	02:36.635	16	1,2,3,4,5	5	2
2337	02:36.644	16	1,2,3,4,5	74	2
2338	02:36.647	5	2,3,4,8,9,10,11,16	5	3
2339	02:36.685	5	2,3,4,8,9,10,11,16	74	3
2340	02:36.688	11	4,5,8,9,10,14,15	5	2
2341	02:36.727	3	2,4,5,6,7,8,9,10,16	57	4
2342	02:36.729	16	1,2,3,4,5	5	2
2343	02:36.759	16	1,2,3,4,5	58	2
2344	02:36.761	1	16	5	0
2345	02:36.784	1	16	57	0
2346	02:36.786	16	1,2,3,4,5	5	2
2347	02:36.816	16	1,2,3,4,5	66	2
2348	02:36.819	3	2,4,5,6,7,8,9,10,16	5	4
2349	02:36.983	12	6,7,8,9,13,14,15	97	3
2350	02:37.702	15	8,9,10,11,12,13,14	57	3
2351	02:37.704	11	4,5,8,9,10,14,15	5	2
2352	02:37.711	11	4,5,8,9,10,14,15	66	2
2353	02:37.714	5	2,3,4,8,9,10,11,16	5	3
2354	02:37.729	5	2,3,4,8,9,10,11,16	66	3
2355	02:37.732	16	1,2,3,4,5	5	2
2356	02:37.742	16	1,2,3,4,5	58	2
2357	02:37.744	1	16	5	0
2358	02:37.784	1	16	73	0
2359	02:37.787	16	1,2,3,4,5	5	2
2360	02:37.792	16	1,2,3,4,5	82	2
2361	02:37.795	5	2,3,4,8,9,10,11,16	5	3
2362	02:37.823	5	2,3,4,8,9,10,11,16	82	3
2363	02:37.826	11	4,5,8,9,10,14,15	5	2
2364	02:37.854	11	4,5,8,9,10,14,15	82	2
2365	02:37.857	15	8,9,10,11,12,13,14	5	3
2366	02:38.637	10	3,4,5,7,8,9,11,13,14,15	57	2
2367	02:38.639	5	2,3,4,8,9,10,11,16	5	3
2368	02:38.669	5	2,3,4,8,9,10,11,16	66	3
2369	02:38.672	16	1,2,3,4,5	5	2
2370	02:38.698	16	1,2,3,4,5	58	2
2371	02:38.700	1	16	5	0
2372	02:38.728	1	16	65	0
2373	02:38.731	16	1,2,3,4,5	5	2
2374	02:38.763	16	1,2,3,4,5	74	2
2375	02:38.766	5	2,3,4,8,9,10,11,16	5	3
2376	02:38.785	5	2,3,4,8,9,10,11,16	74	3
2377	02:38.788	10	3,4,5,7,8,9,11,13,14,15	5	2
2378	02:39.000	12	6,7,8,9,13,14,15	57	3
2379	02:39.002	8	2,3,4,5,6,7,9,10,11,12,13,14,15	5	1
2380	02:39.035	8	2,3,4,5,6,7,9,10,11,12,13,14,15	66	1
2381	02:39.038	5	2,3,4,8,9,10,11,16	5	3
2382	02:39.075	5	2,3,4,8,9,10,11,16	66	3
2383	02:39.078	16	1,2,3,4,5	5	2
2384	02:39.096	16	1,2,3,4,5	58	2
2385	02:39.098	1	16	5	0
2386	02:39.101	1	16	73	0
2387	02:39.105	16	1,2,3,4,5	5	2
2388	02:39.144	16	1,2,3,4,5	82	2
2389	02:39.147	5	2,3,4,8,9,10,11,16	5	3
2390	02:39.172	5	2,3,4,8,9,10,11,16	82	3
2391	02:39.175	8	2,3,4,5,6,7,9,10,11,12,13,14,15	5	1
2392	02:39.211	8	2,3,4,5,6,7,9,10,11,12,13,14,15	82	1
2393	02:39.214	12	6,7,8,9,13,14,15	5	3
2394	02:39.588	9	2,3,4,5,6,7,8,10,11,12,13,14,15	57	1
2395	02:39.590	5	2,3,4,8,9,10,11,16	5	3
2396	02:39.608	5	2,3,4,8,9,10,11,16	66	3
2397	02:39.611	16	1,2,3,4,5	5	2
2398	02:39.614	16	1,2,3,4,5	58	2
2399	02:39.616	1	16	5	0
2400	02:39.621	1	16	65	0
2401	02:39.624	16	1,2,3,4,5	5	2
2402	02:39.655	16	1,2,3,4,5	74	2
2403	02:39.658	5	2,3,4,8,9,10,11,16	5	3
2404	02:39.682	5	2,3,4,8,9,10,11,16	74	3
2405	02:39.685	9	2,3,4,5,6,7,8,10,11,12,13,14,15	5	1
2406	02:40.315	7	2,3,4,6,8,9,10,12,13,14	57	2
2407	02:40.317	4	2,3,5,7,8,9,10,11,16	5	4
2408	02:40.337	4	2,3,5,7,8,9,10,11,16	66	4
2409	02:40.340	16	1,2,3,4,5	5	2
2410	02:40.371	16	1,2,3,4,5	58	2
2411	02:40.373	1	16	5	0
2412	02:40.408	1	16	65	0
2413	02:40.411	16	1,2,3,4,5	5	2
2414	02:40.438	16	1,2,3,4,5	74	2
2415	02:40.441	4	2,3,5,7,8,9,10,11,16	5	4
2416	02:40.466	4	2,3,5,7,8,9,10,11,16	74	4
2417	02:40.469	7	2,3,4,6,8,9,10,12,13,14	5	2
2418	02:40.787	14	7,8,9,10,11,12,13,15	97	4
2419	02:41.507	13	6,7,8,9,10,12,14,15	57	4
2420	02:41.509	10	3,4,5,7,8,9,11,13,14,15	5	2
2421	02:41.537	10	3,4,5,7,8,9,11,13,14,15	66	2
2422	02:41.540	5	2,3,4,8,9,10,11,16	5	3
2423	02:41.557	5	2,3,4,8,9,10,11,16	66	3
2424	02:41.560	16	1,2,3,4,5	5	2
2425	02:41.584	16	1,2,3,4,5	58	2
2426	02:41.586	1	16	5	0
2427	02:41.620	1	16	73	0
2428	02:41.623	16	1,2,3,4,5	5	2
2429	02:41.634	5	2,3,4,8,9,10,11,16	102	3
2430	02:41.638	4	2,3,5,7,8,9,10,11,16	5	4
2431	02:41.645	16	1,2,3,4,5	82	2
2432	02:41.648	5	2,3,4,8,9,10,11,16	5	3
2433	02:41.691	5	2,3,4,8,9,10,11,16	82	3
2434	02:41.694	10	3,4,5,7,8,9,11,13,14,15	5	2
2435	02:41.734	10	3,4,5,7,8,9,11,13,14,15	82	2
2436	02:41.737	13	6,7,8,9,10,12,14,15	5	4
2437	02:43.843	5	2,3,4,8,9,10,11,16	57	3
2438	02:43.845	16	1,2,3,4,5	5	2
2439	02:43.858	16	1,2,3,4,5	58	2
2440	02:43.860	1	16	5	0
2441	02:43.863	1	16	57	0
2442	02:43.866	16	1,2,3,4,5	5	2
2443	02:43.901	16	1,2,3,4,5	66	2
2444	02:43.904	5	2,3,4,8,9,10,11,16	5	3
2445	02:44.479	2	3,4,5,6,7,8,9,16	57	3
2446	02:44.481	16	1,2,3,4,5	5	2
2447	02:44.507	16	1,2,3,4,5	58	2
2448	02:44.509	1	16	5	0
2449	02:44.542	1	16	57	0
2450	02:44.544	16	1,2,3,4,5	5	2
2451	02:44.547	16	1,2,3,4,5	66	2
2452	02:44.550	2	3,4,5,6,7,8,9,16	5	3
2453	02:44.753	15	8,9,10,11,12,13,14	97	3
2454	02:45.022	8	2,3,4,5,6,7,9,10,11,12,13,14,15	57	1
2455	02:45.024	5	2,3,4,8,9,10,11,16	5	3
2456	02:45.027	5	2,3,4,8,9,10,11,16	66	3
2457	02:45.030	16	1,2,3,4,5	5	2
2458	02:45.058	16	1,2,3,4,5	58	2
2459	02:45.060	1	16	5	0
2460	02:45.093	14	7,8,9,10,11,12,13,15	57	4
2461	02:45.095	11	4,5,8,9,10,14,15	5	2
2462	02:45.099	1	16	65	0
2463	02:45.102	16	1,2	5	5
2464	02:45.101	11	8,9,10,14,15	66	4
2465	02:45.107	16	1,2,3,4,5	74	2
2466	02:45.110	5	2,3,4,8,9,10,11,16	5	3
2467	02:45.129	5	2,3,4,8,9,10,11,16	74	3
2468	02:45.132	8	2,3,4,5,6,7,9,10,11,12,13,14,15	5	1
2469	02:45.202	11	4,5,8,9,10,14,15	66	2
2470	02:45.205	5	2,3,4,8,9,10,11,16	5	3
2471	02:45.221	5	2,3,4,8,9,10,11,16	66	3
2472	02:45.224	16	1,2,3,4,5	5	2
2473	02:45.233	16	1,2,3,4,5	58	2
2474	02:45.235	1	16	5	0
2475	02:45.238	1	16	73	0
2476	02:45.242	16	1,2,3,4,5	5	2
2477	02:45.275	16	1,2,3,4,5	82	2
2478	02:45.278	5	2,3,4,8,9,10,11,16	5	3
2479	02:45.316	5	2,3,4,8,9,10,11,16	82	3
2480	02:45.319	11	4,5,8,9,10,14,15	5	2
2481	02:45.329	11	4,5,8,9,10,14,15	82	2
2482	02:45.332	14	7,8,9,10,11,12,13,15	5	4
2483	02:45.369	6	2,3,7,8,9,12,13	57	2
2484	02:45.371	2	3,4,5,6,7,8,9,16	5	3
2485	02:45.405	2	3,4,5,6,7,8,9,16	66	3
2486	02:45.408	16	1,2,3,4,5	5	2
2487	02:45.434	16	1,2,3,4,5	58	2
2488	02:45.436	1	16	5	0
2489	02:45.439	1	16	65	0
2490	02:45.442	16	1,2,3,4,5	5	2
2491	02:45.472	16	1,2,3,4,5	74	2
2492	02:45.475	2	3,4,5,6,7,8,9,16	5	3
2493	02:45.482	2	3,4,5,6,7,8,9,16	74	3
2494	02:45.485	6	2,3,7,8,9,12,13	5	2
2495	02:45.627	4	2,3,5,7,8,9,10,11,16	57	4
2496	02:45.629	16	1,2,3,4,5	5	2
2497	02:45.661	16	1,2,3,4,5	58	2
2498	02:45.663	1	16	5	0
2499	02:45.700	1	16	57	0
2500	02:45.702	16	1,2,3,4,5	5	2
2501	02:45.715	16	1,2,3,4,5	66	2
2502	02:45.718	4	2,3,5,7,8,9,10,11,16	5	4
2503	02:45.871	3	2,4,5,6,7,8,9,10,16	57	4
2504	02:45.873	16	1,2,3,4,5	5	2
2505	02:45.904	16	1,2,3,4,5	58	2
2506	02:45.906	1	16	5	0
2507	02:45.946	1	16	57	0
2508	02:45.948	16	1,2,3,4,5	5	2
2509	02:45.968	16	1,2,3,4,5	66	2
2510	02:45.971	3	2,4,5,6,7,8,9,10,16	5	4
2511	02:47.056	11	4,5,8,9,10,14,15	57	2
2512	02:47.058	5	2,3,4,8,9,10,11,16	5	3
2513	02:47.077	5	2,3,4,8,9,10,11,16	66	3
2514	02:47.080	16	1,2,3,4,5	5	2
2515	02:47.122	16	1,2,3,4,5	58	2
2516	02:47.124	1	16	5	0
2517	02:47.147	1	16	65	0
2518	02:47.150	16	1,2,3,4,5	5	2
2519	02:47.183	16	1,2,3,4,5	74	2
2520	02:47.186	5	2,3,4,8,9,10,11,16	5	3
2521	02:47.209	5	2,3,4,8,9,10,11,16	74	3
2522	02:47.212	11	4,5,8,9,10,14,15	5	2
2523	02:47.773	10	3,4,5,7,8,9,11,13,14,15	57	2
2524	02:47.775	5	2,3,4,8,9,10,11,16	5	3
2525	02:47.818	5	2,3,4,8,9,10,11,16	66	3
2526	02:47.821	16	1,2,3,4,5	5	2
2527	02:47.832	16	1,2,3,4,5	58	2
2528	02:47.834	1	16	5	0
2529	02:47.852	1	16	65	0
2530	02:47.855	16	1,2,3,4,5	5	2
2531	02:47.869	16	1,2,3,4,5	74	2
2532	02:47.872	5	2,3,4,8,9,10,11,16	5	3
2533	02:47.875	5	2,3,4,8,9,10,11,16	74	3
2534	02:47.878	10	3,4,5,7,8,9,11,13,14,15	5	2
2535	02:48.375	9	2,3,4,5,6,7,8,10,11,12,13,14,15	97	1
2536	02:48.485	15	8,9,10,11,12,13,14	57	3
2537	02:48.487	11	4,5,8,9,10,14,15	5	2
2538	02:48.494	11	4,5,8,9,10,14,15	66	2
2539	02:48.497	5	2,3,4,8,9,10,11,16	5	3
2540	02:48.518	5	2,3,4,8,9,10,11,16	66	3
2541	02:48.521	16	1,2,3,4,5	5	2
2542	02:48.562	16	1,2,3,4,5	58	2
2543	02:48.564	1	16	5	0
2544	02:48.601	1	16	73	0
2545	02:48.604	16	1,2,3,4,5	5	2
2546	02:48.608	16	1,2,3,4,5	82	2
2547	02:48.611	5	2,3,4,8,9,10,11,16	5	3
2548	02:48.626	5	2,3,4,8,9,10,11,16	82	3
2549	02:48.629	11	4,5,8,9,10,14,15	5	2
2550	02:48.666	11	4,5,8,9,10,14,15	82	2
2551	02:48.669	15	8,9,10,11,12,13,14	5	3
2552	02:48.795	12	6,7,8,9,13,14,15	57	3
2553	02:48.797	8	2,3,4,5,6,7,9,10,11,12,13,14,15	5	1
2554	02:48.840	8	2,3,4,5,6,7,9,10,11,12,13,14,15	66	1
2555	02:48.843	5	2,3,4,8,9,10,11,16	5	3
2556	02:48.875	5	2,3,4,8,9,10,11,16	66	3
2557	02:48.878	16	1,2,3,4,5	5	2
2558	02:48.898	16	1,2,3,4,5	58	2
2559	02:48.900	1	16	5	0
2560	02:48.934	1	16	73	0
2561	02:48.937	16	1,2,3,4,5	5	2
2562	02:48.953	7	2,3,4,6,8,9,10,12,13,14	97	2
2563	02:48.957	16	1,2,3,4,5	82	2
2564	02:48.960	5	2,3,4,8,9,10,11,16	5	3
2565	02:48.986	5	2,3,4,8,9,10,11,16	82	3
2566	02:48.989	8	2,3,4,5,6,7,9,10,11,12,13,14,15	5	1
2567	02:48.992	8	2,3,4,5,6,7,9,10,11,12,13,14,15	82	1
2568	02:48.996	12	6,7,8,9,13,14,15	5	3
2569	02:49.420	7	2,3,4,6,8,9,10,12,13,14	57	2
2570	02:49.422	4	2,3,5,7,8,9,10,11,16	5	4
2571	02:49.429	4	2,3,5,7,8,9,10,11,16	66	4
2572	02:49.432	16	1,2,3,4,5	5	2
2573	02:49.467	16	1,2,3,4,5	58	2
2574	02:49.469	1	16	5	0
2575	02:49.475	1	16	65	0
2576	02:49.478	16	1,2,3,4,5	5	2
2577	02:49.517	16	1,2,3,4,5	74	2
2578	02:49.520	4	2,3,5,7,8,9,10,11,16	5	4
2579	02:49.539	4	2,3,5,7,8,9,10,11,16	74	4
2580	02:49.542	7	2,3,4,6,8,9,10,12,13,14	5	2
2581	02:50.367	9	2,3,4,5,6,7,8,10,11,12,13,14,15	57	1
2582	02:50.369	5	2,3,4,8,9,10,11,16	5	3
2583	02:50.378	5	2,3,4,8,9,10,11,16	66	3
2584	02:50.381	16	1,2,3,4,5	5	2
2585	02:50.389	16	1,2,3,4,5	58	2
2586	02:50.391	1	16	5	0
2587	02:50.402	1	16	65	0
2588	02:50.405	16	1,2,3,4,5	5	2
2589	02:50.413	16	1,2,3,4,5	74	2
2590	02:50.416	5	2,3,4,8,9,10,11,16	5	3
2591	02:50.435	5	2,3,4,8,9,10,11,16	74	3
2592	02:50.438	9	2,3,4,5,6,7,8,10,11,12,13,14,15	5	1
2593	02:51.835	13	6,7,8,9,10,12,14,15	57	4
2594	02:51.837	10	3,4,5,7,8,9,11,13,14,15	5	2
2595	02:51.876	10	3,4,5,7,8,9,11,13,14,15	66	2
2596	02:51.879	5	2,3,4,8,9,10,11,16	5	3
2597	02:51.910	5	2,3,4,8,9,10,11,16	66	3
2598	02:51.913	16	1,2,3,4,5	5	2
2599	02:51.934	16	1,2,3,4,5	58	2
2600	02:51.936	1	16	5	0
2601	02:51.961	1	16	73	0
2602	02:51.964	16	1,2,3,4,5	5	2
2603	02:51.984	16	1,2,3,4,5	82	2
2604	02:51.987	5	2,3,4,8,9,10,11,16	5	3
2605	02:52.012	5	2,3,4,8,9,10,11,16	82	3
2606	02:52.015	10	3,4,5,7,8,9,11,13,14,15	5	2
2607	02:52.052	10	3,4,5,7,8,9,11,13,14,15	82	2
2608	02:52.055	13	6,7,8,9,10,12,14,15	5	4
2609	02:54.295	2	3,4,5,6,7,8,9,16	57	3
2610	02:54.297	16	1,2,3,4,5	5	2
2611	02:54.303	16	1,2,3,4,5	58	2
2612	02:54.305	1	16	5	0
2613	02:54.308	1	16	57	0
2614	02:54.311	16	1,2,3,4,5	5	2
2615	02:54.351	16	1,2,3,4,5	66	2
2616	02:54.354	2	3,4,5,6,7,8,9,16	5	3
2617	02:54.440	5	2,3,4,8,9,10,11,16	57	3
2618	02:54.442	16	1,2,3,4,5	5	2
2619	02:54.446	16	1,2,3,4,5	58	2
2620	02:54.448	1	16	5	0
2621	02:54.456	1	16	57	0
2622	02:54.458	16	1,2,3,4,5	5	2
2623	02:54.497	16	1,2,3,4,5	66	2
2624	02:54.500	5	2,3,4,8,9,10,11,16	5	3
2625	02:54.917	14	7,8,9,10,11,12,13,15	57	4
2626	02:54.919	11	4,5,8,9,10,14,15	5	2
2627	02:54.933	11	4,5,8,9,10,14,15	66	2
2628	02:54.936	5	2,3,4,8,9,10,11,16	5	3
2629	02:54.959	5	2,3,4,8,9,10,11,16	66	3
2630	02:54.962	16	1,2,3,4,5	5	2
2631	02:55.004	16	1,2,3,4,5	58	2
2632	02:55.006	1	16	5	0
2633	02:55.018	1	16	73	0
2634	02:55.021	16	1,2,3,4,5	5	2
2635	02:55.026	16	1,2,3,4,5	82	2
2636	02:55.029	5	2,3,4,8,9,10,11,16	5	3
2637	02:55.064	5	2,3,4,8,9,10,11,16	82	3
2638	02:55.067	11	4,5,8,9,10,14,15	5	2
2639	02:55.077	11	4,5,8,9,10,14,15	82	2
2640	02:55.080	14	7,8,9,10,11,12,13,15	5	4
2641	02:55.349	4	2,3,5,7,8,9,10,11,16	57	4
2642	02:55.351	16	1,2,3,4,5	5	2
2643	02:55.386	16	1,4,5	58	4
2644	02:55.387	6	7,12,13	57	6
2645	02:55.388	1	16	5	0
2646	02:55.398	1	16	57	0
2647	02:55.400	16	1,2,3,4,5	5	2
2648	02:55.412	6	2,3,7,8,9,12,13	57	2
2649	02:55.414	2	3,4,5,6,7,8,9,16	5	3
2650	02:55.420	2	3,4,5,6,7,8,9,16	66	3
2651	02:55.423	16	1,2,3,4,5	5	2
2652	02:55.426	16	1,2,3,4,5	66	2
2653	02:55.429	4	2,3,5,7,8,9,10,11,16	5	4
2654	02:55.464	16	1,2,3,4,5	58	2
2655	02:55.466	1	16	5	0
2656	02:55.478	1	16	65	0
2657	02:55.481	16	1,2,3,4,5	5	2
2658	02:55.512	16	1,2,3,4,5	74	2
2659	02:55.515	2	3,4,5,6,7,8,9,16	5	3
2660	02:55.554	2	3,4,5,6,7,8,9,16	74	3
2661	02:55.557	6	2,3,7,8,9,12,13	5	2
2662	02:55.712	3	2,4,5,6,7,8,9,10,16	57	4
2663	02:55.714	16	1,2,3,4,5	5	2
2664	02:55.723	8	2,3,4,5,6,7,9,10,11,12,13,14,15	57	1
2665	02:55.725	5	2,3,4,8,9,10,11,16	5	3
2666	02:55.725	16	1,2,3,4,5	58	2
2667	02:55.728	1	16	5	0
2668	02:55.743	5	2,3,4,8,9,10,11,16	66	3
2669	02:55.746	16	1,2,3,4,5	5	2
2670	02:55.757	1	16	57	0
2671	02:55.759	16	1,2,3,4,5	5	2
2672	02:55.785	16	1,2,3,4,5	58	2
2673	02:55.787	1	16	5	0
2674	02:55.801	16	1,2,3,4,5	66	2
2675	02:55.804	3	2,4,5,6,7,8,9,10,16	5	4
2676	02:55.819	16	1,2,3,4,5	58	2
2677	02:55.821	1	16	5	0
2678	02:55.827	1	16	65	0
2679	02:55.830	16	1,2,3,4,5	5	2
2680	02:55.846	16	1,2,3,4,5	74	2
2681	02:55.849	5	2,3,4,8,9,10,11,16	5	3
2682	02:55.861	5	2,3,4,8,9,10,11,16	74	3
2683	02:55.864	8	2,3,4,5,6,7,9,10,11,12,13,14,15	5	1
2684	02:55.995	14	7,8,9,10,11,12,13,15	102	4
2685	02:55.999	7	2,3,4,6,8,9,10,12,13,14	5	2
2686	02:56.789	10	3,4,5,7,8,9,11,13,14,15	57	2
2687	02:56.791	5	2,3,4,8,9,10,11,16	5	3
2688	02:56.797	5	2,3,4,8,9,10,11,16	66	3
2689	02:56.800	16	1,2,3,4,5	5	2
2690	02:56.804	16	1,2,3,4,5	58	2
2691	02:56.806	1	16	5	0
2692	02:56.815	1	16	65	0
2693	02:56.818	16	1,2,3,4,5	5	2
2694	02:56.837	16	1,2,3,4,5	74	2
2695	02:56.840	5	2,3,4,8,9,10,11,16	5	3
2696	02:56.879	5	2,3,4,8,9,10,11,16	74	3
2697	02:56.882	10	3,4,5,7,8,9,11,13,14,15	5	2
2698	02:57.025	12	6,7,8,9,13,14,15	102	3
2699	02:57.029	13	6,7,8,9,10,12,14,15	5	4
2700	02:57.489	11	4,5,8,9,10,14,15	57	2
2701	02:57.491	5	2,3,4,8,9,10,11,16	5	3
2702	02:57.507	5	2,3,4,8,9,10,11,16	66	3
2703	02:57.510	16	1,2,3,4,5	5	2
2704	02:57.514	16	1,2,3,4,5	58	2
2705	02:57.516	1	16	5	0
2706	02:57.547	15	8,9,10,11,12,13,14	57	3
2707	02:57.549	11	4,5,8,9,10,14,15	5	2
2708	02:57.553	1	16	65	0
2709	02:57.556	16	1,2,3,4,5	5	2
2710	02:57.586	11	4,5,8,9,10,14,15	66	2
2711	02:57.589	5	2,3,4,8,9,10,11,16	5	3
2712	02:57.596	16	1,2,3,4,5	74	2
2713	02:57.599	5	2,3,4,8,9,10,11,16	5	3
2714	02:57.603	5	2,3,4,8,9,10,11,16	74	3
2715	02:57.606	11	4,5,8,9,10,14,15	5	2
2716	02:57.629	5	2,3,4,8,9,10,11,16	66	3
2717	02:57.632	16	1,2,3,4,5	5	2
2718	02:57.669	16	1,2,3,4,5	58	2
2719	02:57.671	1	16	5	0
2720	02:57.698	1	16	73	0
2721	02:57.701	16	1,2,3,4,5	5	2
2722	02:57.743	16	1,2,3,4,5	82	2
2723	02:57.746	5	2,3,4,8,9,10,11,16	5	3
2724	02:57.756	5	2,3,4,8,9,10,11,16	82	3
2725	02:57.759	11	4,5,8,9,10,14,15	5	2
2726	02:57.768	11	4,5,8,9,10,14,15	82	2
2727	02:57.771	15	8,9,10,11,12,13,14	5	3
2728	02:58.575	13	6,7,8,9,10,12,14,15	97	4
2729	02:59.203	12	6,7,8,9,13,14,15	57	3
2730	02:59.205	8	2,3,4,5,6,7,9,10,11,12,13,14,15	5	1
2731	02:59.220	8	2,3,4,5,6,7,9,10,11,12,13,14,15	66	1
2732	02:59.223	5	2,3,4,8,9,10,11,16	5	3
2733	02:59.237	5	2,3,4,8,9,10,11,16	66	3
2734	02:59.240	16	1,2,3,4,5	5	2
2735	02:59.246	16	1,2,3,4,5	58	2
2736	02:59.248	1	16	5	0
2737	02:59.279	1	16	73	0
2738	02:59.282	16	1,2,3,4,5	5	2
2739	02:59.318	16	1,2,3,4,5	82	2
2740	02:59.321	5	2,3,4,8,9,10,11,16	5	3
2741	02:59.338	5	2,3,4,8,9,10,11,16	82	3
2742	02:59.341	8	2,3,4,5,6,7,9,10,11,12,13,14,15	5	1
2743	02:59.347	8	2,3,4,5,6,7,9,10,11,12,13,14,15	82	1
2744	02:59.350	12	6,7,8,9,13,14,15	5	3
2745	02:59.830	9	2,3,4,5,6,7,8,10,11,12,13,14,15	57	1
2746	02:59.832	5	2,3,4,8,9,10,11,16	5	3
2747	02:59.839	5	2,3,4,8,9,10,11,16	66	3
2748	02:59.842	16	1,2,3,4,5	5	2
2749	02:59.859	16	1,2,3,4,5	58	2
2750	02:59.861	1	16	5	0
2751	02:59.901	1	16	65	0
2752	02:59.904	16	1,2,3,4,5	5	2
2753	02:59.933	16	1,2,3,4,5	74	2
2754	02:59.936	5	2,3,4,8,9,10,11,16	5	3
2755	02:59.966	5	2,3,4,8,9,10,11,16	74	3
2756	02:59.969	9	2,3,4,5,6,7,8,10,11,12,13,14,15	5	1
2757	03:00.211	7	2,3,4,6,8,9,10,12,13,14	57	2
2758	03:00.213	4	2,3,5,7,8,9,10,11,16	5	4
2759	03:00.243	4	2,3,5,7,8,9,10,11,16	66	4
2760	03:00.246	16	1,2,3,4,5	5	2
2761	03:00.258	16	1,2,3,4,5	58	2
2762	03:00.260	1	16	5	0
2763	03:00.303	1	16	65	0
2764	03:00.306	16	1,2,3,4,5	5	2
2765	03:00.312	16	1,2,3,4,5	74	2
2766	03:00.315	4	2,3,5,7,8,9,10,11,16	5	4
2767	03:00.335	4	2,3,5,7,8,9,10,11,16	74	4
2768	03:00.338	7	2,3,4,6,8,9,10,12,13,14	5	2
2769	03:01.119	13	6,7,8,9,10,12,14,15	57	4
2770	03:01.121	10	3,4,5,7,8,9,11,13,14,15	5	2
2771	03:01.132	10	3,4,5,7,8,9,11,13,14,15	66	2
2772	03:01.135	5	2,3,4,8,9,10,11,16	5	3
2773	03:01.172	5	2,3,4,8,9,10,11,16	66	3
2774	03:01.175	16	1,2,3,4,5	5	2
2775	03:01.196	16	1,2,3,4,5	58	2
2776	03:01.198	1	16	5	0
2777	03:01.203	1	16	73	0
2778	03:01.206	16	1,2,3,4,5	5	2
2779	03:01.244	16	1,2,3,4,5	82	2
2780	03:01.247	5	2,3,4,8,9,10,11,16	5	3
2781	03:01.283	5	2,3,4,8,9,10,11,16	82	3
2782	03:01.286	10	3,4,5,7,8,9,11,13,14,15	5	2
2783	03:01.320	10	3,4,5,7,8,9,11,13,14,15	82	2
2784	03:01.323	13	6,7,8,9,10,12,14,15	5	4
2785	03:03.463	11	4,5,8,9,10,14,15	102	2
2786	03:03.467	10	3,4,5,7,8,9,11,13,14,15	5	2
2787	03:04.260	5	2,3,4,8,9,10,11,16	57	3
2788	03:04.262	16	1,2,3,4,5	5	2
2789	03:04.278	16	1,2,3,4,5	58	2
2790	03:04.280	1	16	5	0
2791	03:04.283	1	16	57	0
2792	03:04.286	16	1,2,3,4,5	5	2
2793	03:04.311	16	1,2,3,4,5	66	2
2794	03:04.314	5	2,3,4,8,9,10,11,16	5	3
2795	03:04.525	14	7,8,9,10,11,12,13,15	57	4
2796	03:04.527	11	4,5,8,9,10,14,15	5	2
2797	03:04.535	2	3,4,5,6,7,8,9,16	57	3
2798	03:04.537	16	1,2,3,4,5	5	2
2799	03:04.542	11	4,5,8,9,10,14,15	66	2
2800	03:04.545	5	2,3,4,8,9,10,11,16	5	3
2801	03:04.557	5	2,3,4,8,9,10,11,16	66	3
2802	03:04.560	16	1,2,3,4,5	5	2
2803	03:04.577	16	1,2,3,4,5	58	2
2804	03:04.579	1	16	5	0
2805	03:04.611	16	1,2,3,4,5	58	2
2806	03:04.613	1	16	5	0
2807	03:04.619	1	16	57	0
2808	03:04.621	16	1,2,3,4,5	5	2
2809	03:04.624	16	1,2,3,4,5	66	2
2810	03:04.627	2	3,4,5,6,7,8,9,16	5	3
2811	03:04.644	1	16	73	0
2812	03:04.647	16	1,2,3,4,5	5	2
2813	03:04.659	16	1,2,3,4,5	82	2
2814	03:04.662	5	2,3,4,8,9,10,11,16	5	3
2815	03:04.693	5	2,3,4,8,9,10,11,16	82	3
2816	03:04.696	11	4,5,8,9,10,14,15	5	2
2817	03:04.723	11	4,5,8,9,10,14,15	82	2
2818	03:04.726	14	7,8,9,10,11,12,13,15	5	4
2819	03:05.175	3	2,4,5,6,7,8,9,10,16	57	4
2820	03:05.177	16	1,2,3,4,5	5	2
2821	03:05.188	16	1,2,3,4,5	58	2
2822	03:05.190	1	16	5	0
2823	03:05.221	1	16	57	0
2824	03:05.223	16	1,2,3,4,5	5	2
2825	03:05.254	16	1,2,3,4,5	66	2
2826	03:05.257	3	2,4,5,6,7,8,9,10,16	5	4
2827	03:05.490	4	2,3,5,7,8,9,10,11,16	57	4
2828	03:05.492	16	1,2,3,4,5	5	2
2829	03:05.513	16	1,2,3,4,5	58	2
2830	03:05.515	1	16	5	0
2831	03:05.557	1	16	57	0
2832	03:05.559	16	1,2,3,4,5	5	2
2833	03:05.581	16	1,2,3,4,5	66	2
2834	03:05.584	4	2,3,5,7,8,9,10,11,16	5	4
2835	03:05.708	6	2,3,7,8,9,12,13	57	2
2836	03:05.710	2	3,4,5,6,7,8,9,16	5	3
2837	03:05.740	2	3,4,5,6,7,8,9,16	66	3
2838	03:05.743	16	1,2,3,4,5	5	2
2839	03:05.768	16	1,2,3,4,5	58	2
2840	03:05.770	1	16	5	0
2841	03:05.802	1	16	65	0
2842	03:05.805	16	1,2,3,4,5	5	2
2843	03:05.846	16	1,2,3,4,5	74	2
2844	03:05.849	2	3,4,5,6,7,8,9,16	5	3
2845	03:05.876	2	3,4,5,6,7,8,9,16	74	3
2846	03:05.879	6	2,3,7,8,9,12,13	5	2
2847	03:06.218	8	2,3,4,5,6,7,9,10,11,12,13,14,15	57	1
2848	03:06.220	5	2,3,4,8,9,10,11,16	5	3
2849	03:06.241	5	2,3,4,8,9,10,11,16	66	3
2850	03:06.244	16	1,2,3,4,5	5	2
2851	03:06.257	16	1,2,3,4,5	58	2
2852	03:06.259	1	16	5	0
2853	03:06.262	1	16	65	0
2854	03:06.265	16	1,2,3,4,5	5	2
2855	03:06.287	16	1,2,3,4,5	74	2
2856	03:06.290	5	2,3,4,8,9,10,11,16	5	3
2857	03:06.299	5	2,3,4,8,9,10,11,16	74	3
2858	03:06.302	8	2,3,4,5,6,7,9,10,11,12,13,14,15	5	1
2859	03:06.636	11	4,5,8,9,10,14,15	57	2
2860	03:06.638	5	2,3,4,8,9,10,11,16	5	3
2861	03:06.648	5	2,3,4,8,9,10,11,16	66	3
2862	03:06.651	16	1,2,3,4,5	5	2
2863	03:06.683	16	1,2,3,4,5	58	2
2864	03:06.685	1	16	5	0
2865	03:06.704	1	16	65	0
2866	03:06.707	16	1,2,3,4,5	5	2
2867	03:06.737	16	1,2,3,4,5	74	2
2868	03:06.740	5	2,3,4,8,9,10,11,16	5	3
2869	03:06.768	5	2,3,4,8,9,10,11,16	74	3
2870	03:06.771	11	4,5,8,9,10,14,15	5	2
2871	03:07.661	10	3,4,5,7,8,9,11,13,14,15	57	2
2872	03:07.663	5	2,3,4,8,9,10,11,16	5	3
2873	03:07.694	5	2,3,4,8,9,10,11,16	66	3
2874	03:07.697	16	1,2,3,4,5	5	2
2875	03:07.720	16	1,2,3,4,5	58	2
2876	03:07.722	1	16	5	0
2877	03:07.730	7	2,3,4,6,8,9,10,12,13,14	102	2
2878	03:07.734	2	3,4,5,6,7,8,9,16	5	3
2879	03:07.743	1	16	65	0
2880	03:07.746	16	1,2,3,4,5	5	2
2881	03:07.767	16	1,2,3,4,5	74	2
2882	03:07.770	5	2,3,4,8,9,10,11,16	5	3
2883	03:07.783	5	2,3,4,8,9,10,11,16	74	3
2884	03:07.786	10	3,4,5,7,8,9,11,13,14,15	5	2
2885	03:08.268	15	8,9,10,11,12,13,14	57	3
2886	03:08.270	11	4,5,8,9,10,14,15	5	2
2887	03:08.310	11	4,5,8,9,10,14,15	66	2
2888	03:08.313	5	2,3,4,8,9,10,11,16	5	3
2889	03:08.318	5	2,3,4,8,9,10,11,16	66	3
2890	03:08.321	16	1,2,3,4,5	5	2
2891	03:08.339	16	1,2,3,4,5	58	2
2892	03:08.341	1	16	5	0
2893	03:08.361	1	16	73	0
2894	03:08.364	16	1,2,3,4,5	5	2
2895	03:08.388	16	1,2,3,4,5	82	2
2896	03:08.391	5	2,3,4,8,9,10,11,16	5	3
2897	03:08.394	5	2,3,4,8,9,10,11,16	82	3
2898	03:08.398	11	4,5,8,9,10,14,15	5	2
2899	03:08.414	11	4,5,8,9,10,14,15	82	2
2900	03:08.417	15	8,9,10,11,12,13,14	5	3
2901	03:09.235	12	6,7,8,9,13,14,15	57	3
2902	03:09.237	8	2,3,4,5,6,7,9,10,11,12,13,14,15	5	1
2903	03:09.272	8	2,3,4,5,6,7,9,10,11,12,13,14,15	66	1
2904	03:09.275	5	2,3,4,8,9,10,11,16	5	3
2905	03:09.286	5	2,3,4,8,9,10,11,16	66	3
2906	03:09.289	16	1,2,3,4,5	5	2
2907	03:09.292	16	1,2,3,4,5	58	2
2908	03:09.294	1	16	5	0
2909	03:09.304	1	16	73	0
2910	03:09.307	16	1,2,3,4,5	5	2
2911	03:09.323	16	1,2,3,4,5	82	2
2912	03:09.326	5	2,3,4,8,9,10,11,16	5	3
2913	03:09.362	5	2,3,4,8,9,10,11,16	82	3
2914	03:09.365	8	2,3,4,5,6,7,9,10,11,12,13,14,15	5	1
2915	03:09.376	8	2,3,4,5,6,7,9,10,11,12,13,14,15	82	1
2916	03:09.379	12	6,7,8,9,13,14,15	5	3
2917	03:09.673	7	2,3,4,6,8,9,10,12,13,14	57	2
2918	03:09.675	4	2,3,5,7,8,9,10,11,16	5	4
2919	03:09.713	4	2,3,5,7,8,9,10,11,16	66	4
2920	03:09.716	16	1,2,3,4,5	5	2
2921	03:09.757	16	1,2,3,4,5	58	2
2922	03:09.759	1	16	5	0
2923	03:09.777	1	16	65	0
2924	03:09.780	16	1,2,3,4,5	5	2
2925	03:09.788	16	1,2,3,4,5	74	2
2926	03:09.791	4	2,3,5,7,8,9,10,11,16	5	4
2927	03:09.817	4	2,3,5,7,8,9,10,11,16	74	4
2928	03:09.820	7	2,3,4,6,8,9,10,12,13,14	5	2
2929	03:09.950	9	2,3,4,5,6,7,8,10,11,12,13,14,15	57	1
2930	03:09.952	5	2,3,4,8,9,10,11,16	5	3
2931	03:09.981	5	2,3,4,8,9,10,11,16	66	3
2932	03:09.984	16	1,2,3,4,5	5	2
2933	03:09.988	16	1,2,3,4,5	58	2
2934	03:09.990	1	16	5	0
2935	03:09.993	1	16	65	0
2936	03:09.996	16	1,2,3,4,5	5	2
2937	03:10.022	16	1,2,3,4,5	74	2
2938	03:10.025	5	2,3,4,8,9,10,11,16	5	3
2939	03:10.052	5	2,3,4,8,9,10,11,16	74	3
2940	03:10.055	9	2,3,4,5,6,7,8,10,11,12,13,14,15	5	1
2941	03:10.500	4	2,3,5,7,8,9,10,11,16	102	4
2942	03:10.504	5	2,3,4,8,9,10,11,16	5	3
2943	03:11.733	13	6,7,8,9,10,12,14,15	57	4
2944	03:11.735	10	3,4,5,7,8,9,11,13,14,15	5	2
2945	03:11.744	10	3,4,5,7,8,9,11,13,14,15	66	2
2946	03:11.747	5	2,3,4,8,9,10,11,16	5	3
2947	03:11.780	5	2,3,4,8,9,10,11,16	66	3
2948	03:11.783	16	1,2,3,4,5	5	2
2949	03:11.814	16	1,2,3,4,5	58	2
2950	03:11.816	1	16	5	0
2951	03:11.831	1	16	73	0
2952	03:11.834	16	1,2,3,4,5	5	2
2953	03:11.837	16	1,2,3,4,5	82	2
2954	03:11.840	5	2,3,4,8,9,10,11,16	5	3
2955	03:11.874	5	2,3,4,8,9,10,11,16	82	3
2956	03:11.877	10	3,4,5,7,8,9,11,13,14,15	5	2
2957	03:11.899	10	3,4,5,7,8,9,11,13,14,15	82	2
2958	03:11.902	13	6,7,8,9,10,12,14,15	5	4
2959	03:13.375	10	3,4,5,7,8,9,11,13,14,15	102	2
2960	03:13.379	3	2,4,5,6,7,8,9,10,16	5	4
2961	03:13.591	14	7,8,9,10,11,12,13,15	57	4
2962	03:13.593	11	4,5,8,9,10,14,15	5	2
2963	03:13.623	11	4,5,8,9,10,14,15	66	2
2964	03:13.626	5	2,3,4,8,9,10,11,16	5	3
2965	03:13.662	5	2,3,4,8,9,10,11,16	66	3
2966	03:13.665	16	1,2,3,4,5	5	2
2967	03:13.684	16	1,2,3,4,5	58	2
2968	03:13.686	1	16	5	0
2969	03:13.701	1	16	73	0
2970	03:13.704	16	1,2,3,4,5	5	2
2971	03:13.715	16	1,2,3,4,5	82	2
2972	03:13.718	5	2,3,4,8,9,10,11,16	5	3
2973	03:13.729	5	2,3,4,8,9,10,11,16	82	3
2974	03:13.732	11	4,5,8,9,10,14,15	5	2
2975	03:13.767	11	4,5,8,9,10,14,15	82	2
2976	03:13.770	14	7,8,9,10,11,12,13,15	5	4
2977	03:14.543	5	2,3,4,8,9,10,11,16	57	3
2978	03:14.545	16	1,2,3,4,5	5	2
2979	03:14.584	16	1,2,3,4,5	58	2
2980	03:14.586	1	16	5	0
2981	03:14.606	1	16	57	0
2982	03:14.608	16	1,2,3,4,5	5	2
2983	03:14.635	16	1,2,3,4,5	66	2
2984	03:14.638	5	2,3,4,8,9,10,11,16	5	3
2985	03:14.836	4	2,3,5,7,8,9,10,11,16	57	4
2986	03:14.838	16	1,2,3,4,5	5	2
2987	03:14.866	16	1,2,3,4,5	58	2
2988	03:14.868	1	16	5	0
2989	03:14.884	1	16	57	0
2990	03:14.886	16	1,2,3,4,5	5	2
2991	03:14.902	16	1,2,3,4,5	66	2
2992	03:14.905	4	2,3,5,7,8,9,10,11,16	5	4
2993	03:15.231	2	3,4,5,6,7,8,9,16	57	3
2994	03:15.233	16	1,2,3,4,5	5	2
2995	03:15.272	16	1,2,3,4,5	58	2
2996	03:15.274	1	16	5	0
2997	03:15.300	1	16	57	0
2998	03:15.302	16	1,2,3,4,5	5	2
2999	03:15.321	16	1,2,3,4,5	66	2
3000	03:15.324	2	3,4,5,6,7,8,9,16	5	3
3001	03:15.403	3	2,4,5,6,7,8,9,10,16	57	4
3002	03:15.405	16	1,2,3,4,5	5	2
3003	03:15.431	16	1,2,3,4,5	58	2
3004	03:15.433	1	16	5	0
3005	03:15.473	1	16	57	0
3006	03:15.475	16	1,2,3,4,5	5	2
3007	03:15.503	16	1,2,3,4,5	66	2
3008	03:15.506	3	2,4,5,6,7,8,9,10,16	5	4
3009	03:15.671	11	4,5,8,9,10,14,15	57	2
3010	03:15.673	5	2,3,4,8,9,10,11,16	5	3
3011	03:15.698	5	2,3,4,8,9,10,11,16	66	3
3012	03:15.701	16	1,2,3,4,5	5	2
3013	03:15.717	16	1,2,3,4,5	58	2
3014	03:15.719	1	16	5	0
3015	03:15.726	1	16	65	0
3016	03:15.729	16	1,2,3,4,5	5	2
3017	03:15.747	16	1,2,3,4,5	74	2
3018	03:15.750	5	2,3,4,8,9,10,11,16	5	3
3019	03:15.788	5	2,3,4,8,9,10,11,16	74	3
3020	03:15.791	11	4,5,8,9,10,14,15	5	2
3021	03:15.815	6	2,3,7,8,9,12,13	57	2
3022	03:15.817	2	3,4,5,6,7,8,9,16	5	3
3023	03:15.828	2	3,4,5,6,7,8,9,16	66	3
3024	03:15.831	16	1,2,3,4,5	5	2
3025	03:15.846	16	1,2,3,4,5	58	2
3026	03:15.848	1	16	5	0
3027	03:15.887	1	16	65	0
3028	03:15.890	16	1,2,3,4,5	5	2
3029	03:15.900	16	1,2,3,4,5	74	2
3030	03:15.903	2	3,4,5,6,7,8,9,16	5	3
3031	03:15.943	2	3,4,5,6,7,8,9,16	74	3
3032	03:15.946	6	2,3,7,8,9,12,13	5	2
3033	03:16.474	8	2,3,4,5,6,7,9,10,11,12,13,14,15	57	1
3034	03:16.476	5	2,3,4,8,9,10,11,16	5	3
3035	03:16.481	5	2,3,4,8,9,10,11,16	66	3
3036	03:16.484	16	1,2,3,4,5	5	2
3037	03:16.521	16	1,2,3,4,5	58	2
3038	03:16.523	1	16	5	0
3039	03:16.537	1	16	65	0
3040	03:16.540	16	1,2,3,4,5	5	2
3041	03:16.583	16	1,2,3,4,5	74	2
3042	03:16.586	5	2,3,4,8,9,10,11,16	5	3
3043	03:16.626	5	2,3,4,8,9,10,11,16	74	3
3044	03:16.629	8	2,3,4,5,6,7,9,10,11,12,13,14,15	5	1
3045	03:17.746	15	8,9,10,11,12,13,14	57	3
3046	03:17.748	11	4,5,8,9,10,14,15	5	2
3047	03:17.771	11	4,5,8,9,10,14,15	66	2
3048	03:17.774	5	2,3,4,8,9,10,11,16	5	3
3049	03:17.786	5	2,3,4,8,9,10,11,16	66	3
3050	03:17.789	16	1,2,3,4,5	5	2
3051	03:17.794	16	1,2,3,4,5	58	2
3052	03:17.796	1	16	5	0
3053	03:17.822	1	16	73	0
3054	03:17.825	16	1,2,3,4,5	5	2
3055	03:17.856	16	1,2,3,4,5	82	2
3056	03:17.859	5	2,3,4,8,9,10,11,16	5	3
3057	03:17.865	5	2,3,4,8,9,10,11,16	82	3
3058	03:17.868	11	4,5,8,9,10,14,15	5	2
3059	03:17.881	11	4,5,8,9,10,14,15	82	2
3060	03:17.884	15	8,9,10,11,12,13,14	5	3
3061	03:17.907	10	3,4,5,7,8,9,11,13,14,15	57	2
3062	03:17.909	5	2,3,4,8,9,10,11,16	5	3
3063	03:17.916	5	2,3,4,8,9,10,11,16	66	3
3064	03:17.919	16	1,2,3,4,5	5	2
3065	03:17.948	16	1,2,3,4,5	58	2
3066	03:17.950	1	16	5	0
3067	03:17.954	1	16	65	0
3068	03:17.957	16	1,2,3,4,5	5	2
3069	03:17.997	16	1,2,3,4,5	74	2
3070	03:18.000	5	2,3,4,8,9,10,11,16	5	3
3071	03:18.041	5	2,3,4,8,9,10,11,16	74	3
3072	03:18.044	10	3,4,5,7,8,9,11,13,14,15	5	2
3073	03:18.952	12	6,7,8,9,13,14,15	57	3
3074	03:18.954	8	2,3,4,5,6,7,9,10,11,12,13,14,15	5	1
3075	03:18.989	8	2,3,4,5,6,7,9,10,11,12,13,14,15	66	1
3076	03:18.992	5	2,3,4,8,9,10,11,16	5	3
3077	03:19.032	5	2,3,4,8,9,10,11,16	66	3
3078	03:19.035	16	1,2,3,4,5	5	2
3079	03:19.062	7	2,3,4,6,8,9,10,12,13,14	57	2
3080	03:19.064	4	2,3,5,7,8,9,10,11,16	5	4
3081	03:19.078	16	1,2,3,4,5	58	2
3082	03:19.080	1	16	5	0
3083	03:19.099	4	2,3,5,7,8,9,10,11,16	66	4
3084	03:19.102	16	1,2,3,4,5	5	2
3085	03:19.121	1	16	73	0
3086	03:19.124	16	1,2,3,4,5	5	2
3087	03:19.142	16	1,2,3,4,5	82	2
3088	03:19.145	5	2,3,4,8,9,10,11,16	5	3
3089	03:19.148	16	1,2,3,4,5	58	2
3090	03:19.151	1	16	5	0
3091	03:19.154	1	16	65	0
3092	03:19.157	16	1,2,3,4,5	5	2
3093	03:19.168	5	2,3,4,8,9,10,11,16	82	3
3094	03:19.171	8	2,3,4,5,6,7,9,10,11,12,13,14,15	5	1
3095	03:19.188	16	1,2,3,4,5	74	2
3096	03:19.191	4	2,3,5,7,8,9,10,11,16	5	4
3097	03:19.197	8	2,3,4,5,6,7,9,10,11,12,13,14,15	82	1
3098	03:19.200	12	6,7,8,9,13,14,15	5	3
3099	03:19.202	4	2,3,5,7,8,9,10,11,16	74	4
3100	03:19.205	7	2,3,4,6,8,9,10,12,13,14	5	2
3101	03:19.592	15	8,9,10,11,12,13,14	102	3
3102	03:19.596	8	2,3,4,5,6,7,9,10,11,12,13,14,15	5	1
3103	03:19.996	9	2,3,4,5,6,7,8,10,11,12,13,14,15	57	1
3104	03:19.998	5	2,3,4,8,9,10,11,16	5	3
3105	03:20.001	5	2,3,4,8,9,10,11,16	66	3
3106	03:20.004	16	1,2,3,4,5	5	2
3107	03:20.023	16	1,2,3,4,5	58	2
3108	03:20.025	1	16	5	0
3109	03:20.066	1	16	65	0
3110	03:20.069	16	1,2,3,4,5	5	2
3111	03:20.078	16	1,2,3,4,5	74	2
3112	03:20.081	5	2,3,4,8,9,10,11,16	5	3
3113	03:20.119	5	2,3,4,8,9,10,11,16	74	3
3114	03:20.122	9	2,3,4,5,6,7,8,10,11,12,13,14,15	5	1
3115	03:20.160	2	3,4,5,6,7,8,9,16	102	3
3116	03:20.164	7	2,3,4,6,8,9,10,12,13,14	5	2
3117	03:21.311	13	6,7,8,9,10,12,14,15	102	4
3118	03:21.315	6	2,3,7,8,9,12,13	5	2
3119	03:21.555	6	2,3,7,8,9,12,13	102	2
3120	03:21.559	13	6,7,8,9,10,12,14,15	5	4
3121	03:22.204	13	6,7,8,9,10,12,14,15	57	4
3122	03:22.206	10	3,4,5,7,8,9,11,13,14,15	5	2
3123	03:22.229	10	3,4,5,7,8,9,11,13,14,15	66	2
3124	03:22.232	5	2,3,4,8,9,10,11,16	5	3
3125	03:22.237	5	2,3,4,8,9,10,11,16	66	3
3126	03:22.240	16	1,2,3,4,5	5	2
3127	03:22.244	16	1,2,3,4,5	58	2
3128	03:22.246	1	16	5	0
3129	03:22.285	1	16	73	0
3130	03:22.288	16	1,2,3,4,5	5	2
3131	03:22.325	16	1,2,3,4,5	82	2
3132	03:22.328	5	2,3,4,8,9,10,11,16	5	3
3133	03:22.338	5	2,3,4,8,9,10,11,16	82	3
3134	03:22.341	10	3,4,5,7,8,9,11,13,14,15	5	2
3135	03:22.371	10	3,4,5,7,8,9,11,13,14,15	82	2
3136	03:22.374	13	6,7,8,9,10,12,14,15	5	4
3137	03:24.308	5	2,3,4,8,9,10,11,16	57	3
3138	03:24.310	16	1,2,3,4,5	5	2
3139	03:24.330	4	2,3,5,7,8,9,10,11,16	57	4
3140	03:24.332	16	1,2,3,4,5	5	2
3141	03:24.344	16	1,2,3,4,5	58	2
3142	03:24.346	1	16	5	0
3143	03:24.367	16	1,2,3,4,5	58	2
3144	03:24.369	1	16	5	0
3145	03:24.388	1	16	57	0
3146	03:24.390	16	1,2,3,4,5	5	2
3147	03:24.392	14	7,8,9,10,11,12,13,15	57	4
3148	03:24.394	11	4,5,8,9,10,14,15	5	2
3149	03:24.411	16	1,2,3,4,5	66	2
3150	03:24.414	5	2,3,4,8,9,10,11,16	5	3
3151	03:24.433	1	16	57	0
3152	03:24.435	16	1,2	5	5
3153	03:24.434	11	8,9,10,14,15	66	4
3154	03:24.457	16	1,2,3,4,5	66	2
3155	03:24.460	4	2,3,5,7,8,9,10,11,16	5	4
3156	03:24.469	11	4,5,8,9,10,14,15	66	2
3157	03:24.472	5	2,3,4,8,9,10,11,16	5	3
3158	03:24.505	5	2,3,4,8,9,10,11,16	66	3
3159	03:24.508	16	1,2,3,4,5	5	2
3160	03:24.541	16	1,2,3,4,5	58	2
3161	03:24.543	1	16	5	0
3162	03:24.586	1	16	73	0
3163	03:24.589	16	1,2,3,4,5	5	2
3164	03:24.619	16	1,2,3,4,5	82	2
3165	03:24.622	5	2,3,4,8,9,10,11,16	5	3
3166	03:24.652	5	2,3,4,8,9,10,11,16	82	3
3167	03:24.655	11	4,5,8,9,10,14,15	5	2
3168	03:24.689	11	4,5,8,9,10,14,15	82	2
3169	03:24.692	14	7,8,9,10,11,12,13,15	5	4
3170	03:24.721	11	4,5,8,9,10,14,15	57	2
3171	03:24.723	5	2,3,4,8,9,10,11,16	5	3
3172	03:24.749	5	2,3,4,8,9,10,11,16	66	3
3173	03:24.752	16	1,2,3,4,5	5	2
3174	03:24.768	16	1,2,3,4,5	58	2
3175	03:24.770	1	16	5	0
3176	03:24.802	1	16	65	0
3177	03:24.805	16	1,2,3,4,5	5	2
3178	03:24.838	16	1,2,3,4,5	74	2
3179	03:24.841	5	2,3,4,8,9,10,11,16	5	3
3180	03:24.873	5	2,3,4,8,9,10,11,16	74	3
3181	03:24.876	11	4,5,8,9,10,14,15	5	2
3182	03:25.369	3	2,4,5,6,7,8,9,10,16	57	4
3183	03:25.371	16	1,2,3,4,5	5	2
3184	03:25.381	16	1,2,3,4,5	58	2
3185	03:25.383	1	16	5	0
3186	03:25.410	1	16	57	0
3187	03:25.412	16	1,2,3,4,5	5	2
3188	03:25.453	16	1,2,3,4,5	66	2
3189	03:25.456	3	2,4,5,6,7,8,9,10,16	5	4
3190	03:25.801	2	3,4,5,6,7,8,9,16	57	3
3191	03:25.803	16	1,2,3,4,5	5	2
3192	03:25.814	16	1,2,3,4,5	58	2
3193	03:25.816	1	16	5	0
3194	03:25.835	1	16	57	0
3195	03:25.837	16	1,2,3,4,5	5	2
3196	03:25.859	16	1,2,3,4,5	66	2
3197	03:25.862	2	3,4,5,6,7,8,9,16	5	3
3198	03:26.568	6	2,3,7,8,9,12,13	57	2
3199	03:26.570	2	3,4,5,6,7,8,9,16	5	3
3200	03:26.607	2	3,4,5,6,7,8,9,16	66	3
3201	03:26.610	16	1,2,3,4,5	5	2
3202	03:26.639	16	1,2,3,4,5	58	2
3203	03:26.641	1	16	5	0
3204	03:26.674	1	16	65	0
3205	03:26.677	16	1,2,3,4,5	5	2
3206	03:26.686	16	1,2,3,4,5	74	2
3207	03:26.689	2	3,4,5,6,7,8,9,16	5	3
3208	03:26.720	2	3,4,5,6,7,8,9,16	74	3
3209	03:26.723	6	2,3,7,8,9,12,13	5	2
3210	03:26.743	8	2,3,4,5,6,7,9,10,11,12,13,14,15	57	1
3211	03:26.745	5	2,3,4,8,9,10,11,16	5	3
3212	03:26.748	5	2,3,4,8,9,10,11,16	66	3
3213	03:26.751	16	1,2,3,4,5	5	2
3214	03:26.758	16	1,2,3,4,5	58	2
3215	03:26.760	1	16	5	0
3216	03:26.781	1	16	65	0
3217	03:26.784	16	1,2,3,4,5	5	2
3218	03:26.791	16	1,2,3,4,5	74	2
3219	03:26.794	5	2,3,4,8,9,10,11,16	5	3
3220	03:26.831	5	2,3,4,8,9,10,11,16	74	3
3221	03:26.834	8	2,3,4,5,6,7,9,10,11,12,13,14,15	5	1
3222	03:27.723	10	3,4,5,7,8,9,11,13,14,15	57	2
3223	03:27.725	5	2,3,4,8,9,10,11,16	5	3
3224	03:27.755	5	2,3,4,8,9,10,11,16	66	3
3225	03:27.758	16	1,2,3,4,5	5	2
3226	03:27.785	16	1,2,3,4,5	58	2
3227	03:27.787	1	16	5	0
3228	03:27.826	1	16	65	0
3229	03:27.829	16	1,2,3,4,5	5	2
3230	03:27.835	16	1,2,3,4,5	74	2
3231	03:27.838	5	2,3,4,8,9,10,11,16	5	3
3232	03:27.874	5	2,3,4,8,9,10,11,16	74	3
3233	03:27.877	10	3,4,5,7,8,9,11,13,14,15	5	2
3234	03:27.948	15	8,9,10,11,12,13,14	57	3
3235	03:27.950	11	4,5,8,9,10,14,15	5	2
3236	03:27.978	11	4,5,8,9,10,14,15	66	2
3237	03:27.981	5	2,3,4,8,9,10,11,16	5	3
3238	03:27.987	5	2,3,4,8,9,10,11,16	66	3
3239	03:27.990	16	1,2,3,4,5	5	2
3240	03:28.022	16	1,2,3,4,5	58	2
3241	03:28.024	1	16	5	0
3242	03:28.053	1	16	73	0
3243	03:28.056	16	1,2,3,4,5	5	2
3244	03:28.079	16	1,2,3,4,5	82	2
3245	03:28.082	5	2,3,4,8,9,10,11,16	5	3
3246	03:28.094	5	2,3,4,8,9,10,11,16	82	3
3247	03:28.097	11	4,5,8,9,10,14,15	5	2
3248	03:28.116	11	4,5,8,9,10,14,15	82	2
3249	03:28.119	15	8,9,10,11,12,13,14	5	3
3250	03:28.633	7	2,3,4,6,8,9,10,12,13,14	57	2
3251	03:28.635	4	2,3,5,7,8,9,10,11,16	5	4
3252	03:28.652	4	2,3,5,7,8,9,10,11,16	66	4
3253	03:28.655	16	1,2,3,4,5	5	2
3254	03:28.691	16	1,2,3,4,5	58	2
3255	03:28.693	1	16	5	0
3256	03:28.726	1	16	65	0
3257	03:28.729	16	1,2,3,4,5	5	2
3258	03:28.745	16	1,2,3,4,5	74	2
3259	03:28.748	4	2,3,5,7,8,9,10,11,16	5	4
3260	03:28.767	4	2,3,5,7,8,9,10,11,16	74	4
3261	03:28.770	7	2,3,4,6,8,9,10,12,13,14	5	2
3262	03:29.074	12	6,7,8,9,13,14,15	57	3
3263	03:29.076	8	2,3,4,5,6,7,9,10,11,12,13,14,15	5	1
3264	03:29.114	8	2,3,4,5,6,7,9,10,11,12,13,14,15	66	1
3265	03:29.117	5	2,3,4,8,9,10,11,16	5	3
3266	03:29.137	5	2,3,4,8,9,10,11,16	66	3
3267	03:29.140	16	1,2,3,4,5	5	2
3268	03:29.157	16	1,2,3,4,5	58	2
3269	03:29.159	1	16	5	0
3270	03:29.172	9	2,3,4,5,6,7,8,10,11,12,13,14,15	57	1
3271	03:29.174	5	2,3,4,8,9,10,11,16	5	3
3272	03:29.179	1	16	73	0
3273	03:29.182	16	1,2,3,4,5	5	2
3274	03:29.186	16	1,2,3,4,5	82	2
3275	03:29.189	5	2,3,4,8,9,10,11,16	5	3
3276	03:29.200	5	2,3,4,8,9,10,11,16	66	3
3277	03:29.203	16	1,2,3,4,5	5	2
3278	03:29.229	5	2,3,4,8,9,10,11,16	82	3
3279	03:29.232	8	2,3,4,5,6,7,9,10,11,12,13,14,15	5	1
3280	03:29.244	16	1,2,3,4,5	58	2
3281	03:29.246	1	16	5	0
3282	03:29.262	8	2,3,4,5,6,7,9,10,11,12,13,14,15	82	1
3283	03:29.265	12	6,7,8,9,13,14,15	5	3
3284	03:29.281	1	16	65	0
3285	03:29.284	16	1,2,3,4,5	5	2
3286	03:29.322	16	1,2,3,4,5	74	2
3287	03:29.325	5	2,3,4,8,9,10,11,16	5	3
3288	03:29.355	5	2,3,4,8,9,10,11,16	74	3
3289	03:29.358	9	2,3,4,5,6,7,8,10,11,12,13,14,15	5	1
3290	03:32.060	13	6,7,8,9,10,12,14,15	57	4
3291	03:32.062	10	3,4,5,7,8,9,11,13,14,15	5	2
3292	03:32.095	10	3,4,5,7,8,9,11,13,14,15	66	2
3293	03:32.098	5	2,3,4,8,9,10,11,16	5	3
3294	03:32.124	5	2,3,4,8,9,10,11,16	66	3
3295	03:32.127	16	1,2,3,4,5	5	2
3296	03:32.130	16	1,2,3,4,5	58	2
3297	03:32.132	1	16	5	0
3298	03:32.151	1	16	73	0
3299	03:32.154	16	1,2,3,4,5	5	2
3300	03:32.164	16	1,2,3,4,5	82	2
3301	03:32.167	5	2,3,4,8,9,10,11,16	5	3
3302	03:32.170	5	2,3,4,8,9,10,11,16	82	3
3303	03:32.174	10	3,4,5,7,8,9,11,13,14,15	5	2
3304	03:32.216	10	3,4,5,7,8,9,11,13,14,15	82	2
3305	03:32.219	13	6,7,8,9,10,12,14,15	5	4
3306	03:33.506	4	2,3,5,7,8,9,10,11,16	57	4
3307	03:33.508	16	1,2,3,4,5	5	2
3308	03:33.534	16	1,2,3,4,5	58	2
3309	03:33.536	1	16	5	0
3310	03:33.570	1	16	57	0
3311	03:33.572	16	1,2,3,4,5	5	2
3312	03:33.599	5	2,3,4,8,9,10,11,16	57	3
3313	03:33.601	16	1,2,3,4,5	5	2
3314	03:33.614	16	1,2,3,4,5	58	2
3315	03:33.616	1	16	5	0
3316	03:33.622	16	1,2,3,4,5	66	2
3317	03:33.625	4	2,3,5,7,8,9,10,11,16	5	4
3318	03:33.628	1	16	57	0
3319	03:33.630	16	1,2,3,4,5	5	2
3320	03:33.633	16	1,2,3,4,5	66	2
3321	03:33.636	5	2,3,4,8,9,10,11,16	5	3
3322	03:34.899	11	4,5,8,9,10,14,15	57	2
3323	03:34.901	5	2,3,4,8,9,10,11,16	5	3
3324	03:34.931	5	2,3,4,8,9,10,11,16	66	3
3325	03:34.934	16	1,2,3,4,5	5	2
3326	03:34.972	16	1,2,3,4,5	58	2
3327	03:34.974	1	16	5	0
3328	03:34.996	1	16	65	0
3329	03:34.999	16	1,2,3,4,5	5	2
3330	03:35.022	16	1,2,3,4,5	74	2
3331	03:35.025	5	2,3,4,8,9,10,11,16	5	3
3332	03:35.047	14	7,8,9,10,11,12,13,15	57	4
3333	03:35.049	11	4,5,8,9,10,14,15	5	2
3334	03:35.061	11	4,5,8,9,10,14,15	66	2
3335	03:35.064	5	2,3,4,8,9,10,11,16	5	3
3336	03:35.100	5	2,3,4,8,9,10,11,16	66	3
3337	03:35.103	16	1,2,3,4,5	5	2
3338	03:35.109	16	1,2,3,4,5	58	2
3339	03:35.111	1	16	5	0
3340	03:35.148	1	16	73	0
3341	03:35.151	16	1,2,3,4,5	5	2
3342	03:35.179	16	1,2,3,4,5	82	2
3343	03:35.182	5	2,3,4,8,9,10,11,16	5	3
3344	03:35.260	5	2,3,4,8,9,10,11,16	74	3
3345	03:35.263	11	4,5,8,9,10,14,15	5	2
3346	03:35.271	5	2,3,4,8,9,10,11,16	82	3
3347	03:35.274	11	4,5,8,9,10,14,15	5	2
3348	03:35.303	11	4,5,8,9,10,14,15	82	2
3349	03:35.306	14	7,8,9,10,11,12,13,15	5	4
3350	03:36.068	2	3,4,5,6,7,8,9,16	57	3
3351	03:36.070	16	1,2,3,4,5	5	2
3352	03:36.085	16	1,2,3,4,5	58	2
3353	03:36.087	1	16	5	0
3354	03:36.123	1	16	57	0
3355	03:36.125	16	1,2,3,4,5	5	2
3356	03:36.163	16	1,2,3,4,5	66	2
3357	03:36.166	2	3,4,5,6,7,8,9,16	5	3
3358	03:36.170	3	2,4,5,6,7,8,9,10,16	57	4
3359	03:36.172	16	1,2,3,4,5	5	2
3360	03:36.189	16	1,2,3,4,5	58	2
3361	03:36.191	1	16	5	0
3362	03:36.202	1	16	57	0
3363	03:36.204	16	1,2,3,4,5	5	2
3364	03:36.233	16	1,2,3,4,5	66	2
3365	03:36.236	3	2,4,5,6,7,8,9,10,16	5	4
3366	03:36.990	6	2,3,7,8,9,12,13	57	2
3367	03:36.992	2	3,4,5,6,7,8,9,16	5	3
3368	03:37.023	2	3,4,5,6,7,8,9,16	66	3
3369	03:37.026	16	1,2,3,4,5	5	2
3370	03:37.041	16	1,2,3,4,5	58	2
3371	03:37.043	1	16	5	0
3372	03:37.068	1	16	65	0
3373	03:37.071	16	1,2,3,4,5	5	2
3374	03:37.089	16	1,2,3,4,5	74	2
3375	03:37.092	2	3,4,5,6,7,8,9,16	5	3
3376	03:37.099	2	3,4,5,6,7,8,9,16	74	3
3377	03:37.102	6	2,3,7,8,9,12,13	5	2
3378	03:37.395	8	2,3,4,5,6,7,9,10,11,12,13,14,15	57	1
3379	03:37.397	5	2,3,4,8,9,10,11,16	5	3
3380	03:37.425	5	2,3,4,8,9,10,11,16	66	3
3381	03:37.428	16	1,2,3,4,5	5	2
3382	03:37.442	16	1,2,3,4,5	58	2
3383	03:37.444	1	16	5	0
3384	03:37.473	1	16	65	0
3385	03:37.476	16	1,2,3,4,5	5	2
3386	03:37.502	16	1,2,3,4,5	74	2
3387	03:37.505	5	2,3,4,8,9,10,11,16	5	3
3388	03:37.534	5	2,3,4,8,9,10,11,16	74	3
3389	03:37.537	8	2,3,4,5,6,7,9,10,11,12,13,14,15	5	1
3390	03:37.706	10	3,4,5,7,8,9,11,13,14,15	57	2
3391	03:37.708	5	2,3,4,8,9,10,11,16	5	3
3392	03:37.750	5	2,3,4,8,9,10,11,16	66	3
3393	03:37.753	16	1,2,3,4,5	5	2
3394	03:37.779	16	1,2,3,4,5	58	2
3395	03:37.781	1	16	5	0
3396	03:37.807	1	16	65	0
3397	03:37.810	16	1,2,3,4,5	5	2
3398	03:37.837	16	1,2,3,4,5	74	2
3399	03:37.840	5	2,3,4,8,9,10,11,16	5	3
3400	03:37.870	5	2,3,4,8,9,10,11,16	74	3
3401	03:37.873	10	3,4,5,7,8,9,11,13,14,15	5	2
3402	03:38.384	9	2,3,4,5,6,7,8,10,11,12,13,14,15	57	1
3403	03:38.386	5	2,3,4,8,9,10,11,16	5	3
3404	03:38.405	5	2,3,4,8,9,10,11,16	66	3
3405	03:38.408	16	1,2,3,4,5	5	2
3406	03:38.444	16	1,2,3,4,5	58	2
3407	03:38.446	1	16	5	0
3408	03:38.453	1	16	65	0
3409	03:38.456	16	1,2,3,4,5	5	2
3410	03:38.463	16	1,2,3,4,5	74	2
3411	03:38.466	5	2,3,4,8,9,10,11,16	5	3
3412	03:38.475	5	2,3,4,8,9,10,11,16	74	3
3413	03:38.478	9	2,3,4,5,6,7,8,10,11,12,13,14,15	5	1
3414	03:38.553	15	8,9,10,11,12,13,14	57	3
3415	03:38.555	11	4,5,8,9,10,14,15	5	2
3416	03:38.560	11	4,5,8,9,10,14,15	66	2
3417	03:38.563	5	2,3,4,8,9,10,11,16	5	3
3418	03:38.566	5	2,3,4,8,9,10,11,16	66	3
3419	03:38.569	16	1,2,3,4,5	5	2
3420	03:38.605	16	1,2,3,4,5	58	2
3421	03:38.607	1	16	5	0
3422	03:38.611	1	16	73	0
3423	03:38.614	16	1,2,3,4,5	5	2
3424	03:38.637	16	1,2,3,4,5	82	2
3425	03:38.640	5	2,3,4,8,9,10,11,16	5	3
3426	03:38.659	5	2,3,4,8,9,10,11,16	82	3
3427	03:38.662	11	4,5,8,9,10,14,15	5	2
3428	03:38.675	11	4,5,8,9,10,14,15	82	2
3429	03:38.678	15	8,9,10,11,12,13,14	5	3
3430	03:38.859	12	6,7,8,9,13,14,15	57	3
3431	03:38.861	8	2,3,4,5,6,7,9,10,11,12,13,14,15	5	1
3432	03:38.891	8	2,3,4,5,6,7,9,10,11,12,13,14,15	66	1
3433	03:38.894	5	2,3,4,8,9,10,11,16	5	3
3434	03:38.909	5	2,3,4,8,9,10,11,16	66	3
3435	03:38.912	16	1,2,3,4,5	5	2
3436	03:38.955	16	1,2,3,4,5	58	2
3437	03:38.957	1	16	5	0
3438	03:38.975	1	16	73	0
3439	03:38.978	16	1,2,3,4,5	5	2
3440	03:39.000	16	1,2,3,4,5	82	2
3441	03:39.003	5	2,3,4,8,9,10,11,16	5	3
3442	03:39.006	5	2,3,4,8,9,10,11,16	82	3
3443	03:39.010	8	2,3,4,5,6,7,9,10,11,12,13,14,15	5	1
3444	03:39.041	8	2,3,4,5,6,7,9,10,11,12,13,14,15	82	1
3445	03:39.044	12	6,7,8,9,13,14,15	5	3
3446	03:39.577	7	2,3,4,6,8,9,10,12,13,14	57	2
3447	03:39.579	4	2,3,5,7,8,9,10,11,16	5	4
3448	03:39.609	4	2,3,5,7,8,9,10,11,16	66	4
3449	03:39.612	16	1,2,3,4,5	5	2
3450	03:39.622	16	1,2,3,4,5	58	2
3451	03:39.624	1	16	5	0
3452	03:39.631	1	16	65	0
3453	03:39.634	16	1,2,3,4,5	5	2
3454	03:39.666	16	1,2,3,4,5	74	2
3455	03:39.669	4	2,3,5,7,8,9,10,11,16	5	4
3456	03:39.681	4	2,3,5,7,8,9,10,11,16	74	4
3457	03:39.684	7	2,3,4,6,8,9,10,12,13,14	5	2
3458	03:42.110	13	6,7,8,9,10,12,14,15	57	4
3459	03:42.112	10	3,4,5,7,8,9,11,13,14,15	5	2
3460	03:42.131	10	3,4,5,7,8,9,11,13,14,15	66	2
3461	03:42.134	5	2,3,4,8,9,10,11,16	5	3
3462	03:42.146	5	2,3,4,8,9,10,11,16	66	3
3463	03:42.149	16	1,2,3,4,5	5	2
3464	03:42.166	16	1,2,3,4,5	58	2
3465	03:42.168	1	16	5	0
3466	03:42.206	1	16	73	0
3467	03:42.209	16	1,2,3,4,5	5	2
3468	03:42.252	16	1,2,3,4,5	82	2
3469	03:42.255	5	2,3,4,8,9,10,11,16	5	3
3470	03:42.278	5	2,3,4,8,9,10,11,16	82	3
3471	03:42.281	10	3,4,5,7,8,9,11,13,14,15	5	2
3472	03:42.286	10	3,4,5,7,8,9,11,13,14,15	82	2
3473	03:42.289	13	6,7,8,9,10,12,14,15	5	4
3474	03:44.151	5	2,3,4,8,9,10,11,16	57	3
3475	03:44.153	16	1,2,3,4,5	5	2
3476	03:44.162	16	1,2,3,4,5	58	2
3477	03:44.164	1	16	5	0
3478	03:44.207	1	16	57	0
3479	03:44.209	16	1,2,3,4,5	5	2
3480	03:44.213	16	1,2,3,4,5	66	2
3481	03:44.216	5	2,3,4,8,9,10,11,16	5	3
3482	03:44.305	4	2,3,5,7,8,9,10,11,16	57	4
3483	03:44.307	16	1,2,3,4,5	5	2
3484	03:44.329	16	1,2,3,4,5	58	2
3485	03:44.331	1	16	5	0
3486	03:44.356	1	16	57	0
3487	03:44.358	16	1,2,3,4,5	5	2
3488	03:44.398	16	1,2,3,4,5	66	2
3489	03:44.401	4	2,3,5,7,8,9,10,11,16	5	4
3490	03:44.688	1	16	97	0
3491	03:44.760	11	4,5,8,9,10,14,15	57	2
3492	03:44.762	5	2,3,4,8,9,10,11,16	5	3
3493	03:44.776	14	7,8,9,10,11,12,13,15	57	4
3494	03:44.778	11	4,5,8,9,10,14,15	5	2
3495	03:44.800	5	2,3,4,8,9,10,11,16	66	3
3496	03:44.803	16	1,2,3,4,5	5	2
3497	03:44.811	16	1,2,3,4,5	58	2
3498	03:44.813	1	16	5	0
3499	03:44.813	11	4,5,8,9,10,14,15	66	2
3500	03:44.816	5	2,3,4,8,9,10,11,16	5	3
3501	03:44.848	5	2,3,4,8,9,10,11	66	4
3502	03:44.849	1	-	65	1
3503	03:44.856	1	16	65	0
3504	03:44.859	16	1,2,3,4,5	5	2
3505	03:44.882	16	1,2,3,4,5	74	2
3506	03:44.885	5	2,3,4,8,9,10,11,16	5	3
3507	03:44.895	5	2,3,4,8,9,10,11,16	66	3
3508	03:44.898	16	1,2,3,4,5	5	2
3509	03:44.918	16	1,2,3,4,5	58	2
3510	03:44.920	1	16	5	0
3511	03:44.946	1	16	73	0
3512	03:44.949	16	1,2,3,4,5	5	2
3513	03:44.969	16	1,2,3,4,5	82	2
3514	03:44.972	5	2,3,4,8,9,10,11,16	5	3
3515	03:44.984	5	2,3,4,8,9,10,11,16	74	3
3516	03:44.987	11	4,5,8,9,10,14,15	5	2
3517	03:45.014	5	2,3,4,8,9,10,11,16	82	3
3518	03:45.017	11	4,5,8,9,10,14,15	5	2
3519	03:45.046	11	4,5,8,9,10,14,15	82	2
3520	03:45.049	14	7,8,9,10,11,12,13,15	5	4
3521	03:46.483	2	3,4,5,6,7,8,9,16	57	3
3522	03:46.485	16	1,2,3,4,5	5	2
3523	03:46.507	3	2,4,5,6,7,8,9,10,16	57	4
3524	03:46.509	16	1,2,3,4,5	5	2
3525	03:46.513	16	1,2,3,4,5	58	2
3526	03:46.515	1	16	5	0
3527	03:46.541	16	1,2,3,4,5	58	2
3528	03:46.543	1	16	5	0
3529	03:46.553	1	16	57	0
3530	03:46.555	16	1,2,3,4,5	5	2
3531	03:46.576	1	16	57	0
3532	03:46.578	16	1,2,3,4,5	5	2
3533	03:46.592	16	1,2,3,4,5	66	2
3534	03:46.595	3	2,4,5,6,7,8,9,10,16	5	4
3535	03:46.635	16	1,2,3,4,5	66	2
3536	03:46.638	2	3,4,5,6,7,8,9,16	5	3
3537	03:47.146	6	2,3,7,8,9,12,13	57	2
3538	03:47.148	2	3,4,5,6,7,8,9,16	5	3
3539	03:47.179	2	3,4,5,6,7,8,9,16	66	3
3540	03:47.182	16	1,2,3,4,5	5	2
3541	03:47.204	16	1,2,3,4,5	58	2
3542	03:47.206	1	16	5	0
3543	03:47.231	1	16	65	0
3544	03:47.234	16	1,2,3,4,5	5	2
3545	03:47.263	16	1,2,3,4,5	74	2
3546	03:47.266	2	3,4,5,6,7,8,9,16	5	3
3547	03:47.269	2	3,4,5,6,7,8,9,16	74	3
3548	03:47.272	6	2,3,7,8,9,12,13	5	2
3549	03:47.633	10	3,4,5,7,8,9,11,13,14,15	57	2
3550	03:47.635	5	2,3,4,8,9,10,11,16	5	3
3551	03:47.662	5	2,3,4,8,9,10,11,16	66	3
3552	03:47.665	16	1,2,3,4,5	5	2
3553	03:47.677	16	1,2,3,4,5	58	2
3554	03:47.679	1	16	5	0
3555	03:47.706	1	16	65	0
3556	03:47.709	16	1,2,3,4,5	5	2
3557	03:47.730	16	1,2,3,4,5	74	2
3558	03:47.733	5	2,3,4,8,9,10,11,16	5	3
3559	03:47.770	5	2,3,4,8,9,10,11,16	74	3
3560	03:47.773	10	3,4,5,7,8,9,11,13,14,15	5	2
3561	03:48.028	8	2,3,4,5,6,7,9,10,11,12,13,14,15	57	1
3562	03:48.030	5	2,3,4,8,9,10,11,16	5	3
3563	03:48.036	5	2,3,4,8,9,10,11,16	66	3
3564	03:48.039	16	1,2,3,4,5	5	2
3565	03:48.045	15	8,9,10,11,12,13,14	57	3
3566	03:48.047	11	4,5,8,9,10,14,15	5	2
3567	03:48.060	16	1,2,3,4,5	58	2
3568	03:48.062	1	16	5	0
3569	03:48.068	11	4,5,8,9,10,14,15	66	2
3570	03:48.071	5	2,3,4,8,9,10,11,16	5	3
3571	03:48.088	5	2,3,4,8,9,10,11,16	66	3
3572	03:48.091	16	1,2,3,4,5	5	2
3573	03:48.096	16	1,2,3,4,5	58	2
3574	03:48.098	1	16	5	0
3575	03:48.104	1	16	65	0
3576	03:48.107	16	1,2,3,4,5	5	2
3577	03:48.130	1	16	73	0
3578	03:48.133	16	1,2,3,4,5	5	2
3579	03:48.144	16	1,2,3,4,5	74	2
3580	03:48.147	5	2,3,4,8,9,10,11,16	5	3
3581	03:48.154	16	1,2,3,4,5	82	2
3582	03:48.157	5	2,3,4,8,9,10,11,16	5	3
3583	03:48.185	5	2,3,4,8,9,10,11,16	82	3
3584	03:48.188	11	4,5,8,9,10,14,15	5	2
3585	03:48.205	5	2,3,4,8,9,10,11,16	74	3
3586	03:48.208	8	2,3,4,5,6,7,9,10,11,12,13,14,15	5	1
3587	03:48.231	11	4,5,8,9,10,14,15	82	2
3588	03:48.234	15	8,9,10,11,12,13,14	5	3
3589	03:49.203	12	6,7,8,9,13,14,15	57	3
3590	03:49.205	8	2,3,4,5,6,7,9,10,11,12,13,14,15	5	1
3591	03:49.218	8	2,3,4,5,6,7,9,10,11,12,13,14,15	66	1
3592	03:49.221	5	2,3,4,8,9,10,11,16	5	3
3593	03:49.236	5	2,3,4,8,9,10,11,16	66	3
3594	03:49.239	16	1,2,3,4,5	5	2
3595	03:49.251	9	2,3,4,5,6,7,8,10,11,12,13,14,15	57	1
3596	03:49.253	5	2,3,4,8,9,10,11,16	5	3
3597	03:49.257	16	1,2,3,4,5	58	2
3598	03:49.259	1	16	5	0
3599	03:49.262	5	2,3,4,8,9,10,11,16	66	3
3600	03:49.265	16	1,2,3,4,5	5	2
3601	03:49.294	1	16	73	0
3602	03:49.297	16	1,2,3,4,5	5	2
3603	03:49.300	16	1,2,3,4,5	58	2
3604	03:49.303	1	16	5	0
3605	03:49.323	16	1,2,3,4,5	82	2
3606	03:49.326	5	2,3,4,8,9,10,11,16	5	3
3607	03:49.340	1	16	65	0
3608	03:49.343	5	2,3,4,8,9,10,11,16	82	3
3609	03:49.346	8	2,3,4,5,6,7,9,10,11,12,13,14,15	5	1
3610	03:49.349	1	16	65	0
3611	03:49.352	16	1,2,3,4,5	5	2
3612	03:49.371	16	1,2,3,4,5	74	2
3613	03:49.373	8	2,3,4,5,6,7,9,10,11,12,13,14,15	82	1
3614	03:49.376	12	6,7,8,9,13,14,15	5	3
3615	03:49.384	5	2,3,4,8,9,10,11,16	74	3
3616	03:49.387	9	2,3,4,5,6,7,8,10,11,12,13,14,15	5	1
3617	03:49.453	16	1,2,3,4,5	74	2
3618	03:49.456	5	2,3,4,8,9,10,11,16	5	3
3619	03:49.604	7	2,3,4,6,8,9,10,12,13,14	57	2
3620	03:49.606	4	2,3,5,7,8,9,10,11,16	5	4
3621	03:49.628	4	2,3,5,7,8,9,10,11,16	66	4
3622	03:49.631	16	1,2,3,4,5	5	2
3623	03:49.649	16	1,2,3,4,5	58	2
3624	03:49.651	1	16	5	0
3625	03:49.689	1	16	65	0
3626	03:49.692	16	1,2,3,4,5	5	2
3627	03:49.695	16	1,2,3,4,5	74	2
3628	03:49.698	4	2,3,5,7,8,9,10,11,16	5	4
3629	03:49.726	4	2,3,5,7,8,9,10,11,16	74	4
3630	03:49.729	7	2,3,4,6,8,9,10,12,13,14	5	2
3631	03:51.487	5	2,3,4,8,9,10,11,16	97	3
3632	03:51.542	13	6,7,8,9,10,12,14,15	57	4
3633	03:51.544	10	3,4,5,7,8,9,11,13,14,15	5	2
3634	03:51.550	10	3,4,5,7,8,9,11,13,14,15	66	2
3635	03:51.553	5	2,3,4,8,9,10,11,16	5	3
3636	03:51.570	5	2,3,4,8,9,10,11,16	66	3
3637	03:51.573	16	1,2,3,4,5	5	2
3638	03:51.609	16	1,2,3,4,5	58	2
3639	03:51.611	1	16	5	0
3640	03:51.654	1	16	73	0
3641	03:51.657	16	1,2,3,4,5	5	2
3642	03:51.672	16	1,2,3,4,5	82	2
3643	03:51.675	5	2,3,4,8,9,10,11,16	5	3
3644	03:51.680	5	2,3,4,8,9,10,11,16	82	3
3645	03:51.683	10	3,4,5,7,8,9,11,13,14,15	5	2
3646	03:51.692	10	3,4,5,7,8,9,11,13,14,15	82	2
3647	03:51.695	13	6,7,8,9,10,12,14,15	5	4
3648	03:53.293	9	2,3,4,5,6,7,8,10,11,12,13,14,15	102	1
3649	03:53.297	2	3,4,5,6,7,8,9,16	5	3
3650	03:54.302	4	2,3,5,7,8,9,10,11,16	57	4
3651	03:54.304	16	1,2,3,4,5	5	2
3652	03:54.317	16	1,2,3,4,5	58	2
3653	03:54.319	1	16	5	0
3654	03:54.339	1	16	57	0
3655	03:54.341	16	1,2,3,4,5	5	2
3656	03:54.349	16	1,2,3,4,5	66	2
3657	03:54.352	4	2,3,5,7,8,9,10,11,16	5	4
3658	03:54.413	5	2,3,4,8,9,10,11,16	57	3
3659	03:54.415	16	1,2,3,4,5	5	2
3660	03:54.425	16	1,2,3,4,5	58	2
3661	03:54.427	1	16	5	0
3662	03:54.457	1	16	57	0
3663	03:54.459	16	1,2,3,4,5	5	2
3664	03:54.491	16	1,2,3,4,5	66	2
3665	03:54.494	5	2,3,4,8,9,10,11,16	5	3
3666	03:54.788	11	4,5,8,9,10,14,15	57	2
3667	03:54.790	5	2,3,4,8,9,10,11,16	5	3
3668	03:54.811	5	2,3,4,8,9,10,11,16	66	3
3669	03:54.814	16	1,2,3,4,5	5	2
3670	03:54.835	16	1,2,3,4,5	58	2
3671	03:54.837	1	16	5	0
3672	03:54.862	1	16	65	0
3673	03:54.865	16	1,2,3,4,5	5	2
3674	03:54.906	16	1,2,3,4,5	74	2
3675	03:54.909	5	2,3,4,8,9,10,11,16	5	3
3676	03:54.923	5	2,3,4,8,9,10,11,16	74	3
3677	03:54.926	11	4,5,8,9,10,14,15	5	2
3678	03:55.054	14	7,8,9,10,11,12,13,15	57	4
3679	03:55.056	11	4,5,8,9,10,14,15	5	2
3680	03:55.088	11	4,5,8,9,10,14,15	66	2
3681	03:55.091	5	2,3,4,8,9,10,11,16	5	3
3682	03:55.108	5	2,3,4,8,9,10,11,16	66	3
3683	03:55.111	16	1,2,3,4,5	5	2
3684	03:55.133	16	1,2,3,4,5	58	2
3685	03:55.135	1	16	5	0
3686	03:55.159	1	16	73	0
3687	03:55.162	16	1,2,3,4,5	5	2
3688	03:55.173	16	1,2,3,4,5	82	2
3689	03:55.176	5	2,3,4,8,9,10,11,16	5	3
3690	03:55.184	5	2,3,4,8,9,10,11,16	82	3
3691	03:55.187	11	4,5,8,9,10,14,15	5	2
3692	03:55.193	11	4,5,8,9,10,14,15	82	2
3693	03:55.196	14	7,8,9,10,11,12,13,15	5	4
3694	03:56.177	3	2,4,5,6,7,8,9,10,16	57	4
3695	03:56.179	16	1,2,3,4,5	5	2
3696	03:56.211	16	1,2,3,4,5	58	2
3697	03:56.213	1	16	5	0
3698	03:56.250	1	16	57	0
3699	03:56.252	16	1,2,3,4,5	5	2
3700	03:56.273	16	1,2,3,4,5	66	2
3701	03:56.276	3	2,4,5,6,7,8,9,10,16	5	4
3702	03:56.778	6	2,3,7,8,9,12,13	57	2
3703	03:56.780	2	3,4,5,6,7,8,9,16	5	3
3704	03:56.789	2	3,4,5,6,7,8,9,16	66	3
3705	03:56.792	16	1,2,3,4,5	5	2
3706	03:56.829	16	1,2,3,4,5	58	2
3707	03:56.831	1	16	5	0
3708	03:56.869	1	16	65	0
3709	03:56.872	16	1,2,3,4,5	5	2
3710	03:56.895	16	1,2,3,4,5	74	2
3711	03:56.898	2	3,4,5,6,7,8,9,16	5	3
3712	03:56.919	2	3,4,5,6,7,8,9,16	74	3
3713	03:56.922	6	2,3,7,8,9,12,13	5	2
3714	03:56.978	10	3,4,5,7,8,9,11,13,14,15	57	2
3715	03:56.980	5	2,3,4,8,9,10,11,16	5	3
3716	03:57.019	5	2,3,4,8,9,10,11,16	66	3
3717	03:57.022	16	1,2,3,4,5	5	2
3718	03:57.026	16	1,2,3,4,5	58	2
3719	03:57.028	1	16	5	0
3720	03:57.038	1	16	65	0
3721	03:57.041	16	1,2,3,4,5	5	2
3722	03:57.079	16	1,2,3,4,5	74	2
3723	03:57.082	5	2,3,4,8,9,10,11,16	5	3
3724	03:57.116	5	2,3,4,8,9,10,11,16	74	3
3725	03:57.119	10	3,4,5,7,8,9,11,13,14,15	5	2
3726	03:57.171	2	3,4,5,6,7,8,9,16	57	3
3727	03:57.173	16	1,2,3,4,5	5	2
3728	03:57.211	16	1,2,3,4,5	58	2
3729	03:57.213	1	16	5	0
3730	03:57.235	1	16	57	0
3731	03:57.237	16	1,2,3,4,5	5	2
3732	03:57.262	16	1,2,3,4,5	66	2
3733	03:57.265	2	3,4,5,6,7,8,9,16	5	3
3734	03:57.313	15	8,9,10,11,12,13,14	57	3
3735	03:57.315	11	4,5,8,9,10,14,15	5	2
3736	03:57.341	11	4,5,8,9,10,14,15	66	2
3737	03:57.344	5	2,3,4,8,9,10,11,16	5	3
3738	03:57.357	5	2,3,4,8,9,10,11,16	66	3
3739	03:57.360	16	1,2,3,4,5	5	2
3740	03:57.375	16	1,2,3,4,5	58	2
3741	03:57.377	1	16	5	0
3742	03:57.407	1	16	73	0
3743	03:57.410	16	1,2,3,4,5	5	2
3744	03:57.425	16	1,2,3,4,5	82	2
3745	03:57.428	5	2,3,4,8,9,10,11,16	5	3
3746	03:57.466	5	2,3,4,8,9,10,11,16	82	3
3747	03:57.469	11	4,5,8,9,10,14,15	5	2
3748	03:57.498	11	4,5,8,9,10,14,15	82	2
3749	03:57.501	15	8,9,10,11,12,13,14	5	3
3750	03:58.280	8	2,3,4,5,6,7,9,10,11,12,13,14,15	57	1
3751	03:58.282	5	2,3,4,8,9,10,11,16	5	3
3752	03:58.308	5	2,3,4,8,9,10,11,16	66	3
3753	03:58.311	16	1,2,3,4,5	5	2
3754	03:58.339	16	1,2,3,4,5	58	2
3755	03:58.341	1	16	5	0
3756	03:58.377	1	16	65	0
3757	03:58.380	16	1,2,3,4,5	5	2
3758	03:58.423	16	1,2,3,4,5	74	2
3759	03:58.426	5	2,3,4,8,9,10,11,16	5	3
3760	03:58.429	5	2,3,4,8,9,10,11,16	74	3
3761	03:58.432	8	2,3,4,5,6,7,9,10,11,12,13,14,15	5	1
3762	03:59.708	12	6,7,8,9,13,14,15	57	3
3763	03:59.710	8	2,3,4,5,6,7,9,10,11,12,13,14,15	5	1
3764	03:59.713	8	2,3,4,5,6,7,9,10,11,12,13,14,15	66	1
3765	03:59.716	5	2,3,4,8,9,10,11,16	5	3
3766	03:59.727	5	2,3,4,8,9,10,11,16	66	3
3767	03:59.730	16	1,2,3,4,5	5	2
3768	03:59.764	16	1,2,3,4,5	58	2
3769	03:59.766	1	16	5	0
3770	03:59.781	1	16	73	0
3771	03:59.784	16	1,2,3,4,5	5	2
3772	03:59.801	16	1,2,3,4,5	82	2
3773	03:59.804	5	2,3,4,8,9,10,11,16	5	3
3774	03:59.807	5	2,3,4,8,9,10,11,16	82	3
3775	03:59.811	8	2,3,4,5,6,7,9,10,11,12,13,14,15	5	1
3776	03:59.836	9	2,3,4,5,6,7,8,10,11,12,13,14,15	57	1
3777	03:59.838	5	2,3,4,8,9,10,11,16	5	3
3778	03:59.847	8	2,3,4,5,6,7,9,10,11,12,13,14,15	82	1
3779	03:59.850	12	6,7,8,9,13,14,15	5	3
3780	03:59.866	5	2,3,4,8,9,10,11,16	66	3
3781	03:59.869	16	1,2,3,4,5	5	2
3782	03:59.906	16	1,2,3,4,5	58	2
3783	03:59.908	1	16	5	0
3784	03:59.951	1	16	65	0
3785	03:59.954	16	1,2,3,4,5	5	2
3786	03:59.991	16	1,2,3,4,5	74	2
3787	03:59.994	5	2,3,4,8,9,10,11,16	5	3
3788	04:00.031	5	2,3,4,8,9,10,11,16	74	3
3789	04:00.034	9	2,3,4,5,6,7,8,10,11,12,13,14,15	5	1
3790	04:00.404	7	2,3,4,6,8,9,10,12,13,14	57	2
3791	04:00.406	4	2,3,5,7,8,9,10,11,16	5	4
3792	04:00.412	4	2,3,5,7,8,9,10,11,16	66	4
3793	04:00.415	16	1,2,3,4,5	5	2
3794	04:00.452	16	1,2,3,4,5	58	2
3795	04:00.454	1	16	5	0
3796	04:00.491	1	16	65	0
3797	04:00.494	16	1,2,3,4,5	5	2
3798	04:00.498	16	1,2,3,4,5	74	2
3799	04:00.501	4	2,3,5,7,8,9,10,11,16	5	4
3800	04:00.517	4	2,3,5,7,8,9,10,11,16	74	4
3801	04:00.520	7	2,3,4,6,8,9,10,12,13,14	5	2
3802	04:00.669	4	2,3,5,7,8,9,10,11,16	97	4
3803	04:00.840	13	6,7,8,9,10,12,14,15	57	4
3804	04:00.842	10	3,4,5,7,8,9,11,13,14,15	5	2
3805	04:00.863	10	3,4,5,7,8,9,11,13,14,15	66	2
3806	04:00.866	5	2,3,4,8,9,10,11,16	5	3
3807	04:00.908	5	2,3,4,8,9,10,11,16	66	3
3808	04:00.911	16	1,2,3,4,5	5	2
3809	04:00.917	16	1,2,3,4,5	58	2
3810	04:00.919	1	16	5	0
3811	04:00.943	1	16	73	0
3812	04:00.946	16	1,2,3,4,5	5	2
3813	04:00.980	16	1,2,3,4,5	82	2
3814	04:00.983	5	2,3,4,8,9,10,11,16	5	3
3815	04:01.007	5	2,3,4,8,9,10,11,16	82	3
3816	04:01.010	10	3,4,5,7,8,9,11,13,14,15	5	2
3817	04:01.014	10	3,4,5,7,8,9,11,13,14,15	82	2
3818	04:01.017	13	6,7,8,9,10,12,14,15	5	4
3819	04:01.371	10	3,4,5,7,8,9,11,13,14,15	102	2
3820	04:01.375	3	2,4,5,6,7,8,9,10,16	5	4
3821	04:03.616	4	2,3,5,7,8,9,10,11,16	57	4
3822	04:03.618	16	1,2,3,4,5	5	2
3823	04:03.635	16	1,2,3,4,5	58	2
3824	04:03.637	1	16	5	0
3825	04:03.644	1	16	57	0
3826	04:03.646	16	1,2,3,4,5	5	2
3827	04:03.685	16	1,2,3,4,5	66	2
3828	04:03.688	4	2,3,5,7,8,9,10,11,16	5	4
3829	04:04.242	5	2,3,4,8,9,10,11,16	57	3
3830	04:04.244	16	1,2,3,4,5	5	2
3831	04:04.263	16	1,2,3,4,5	58	2
3832	04:04.265	1	16	5	0
3833	04:04.306	1	16	57	0
3834	04:04.308	16	1,2,3,4,5	5	2
3835	04:04.323	16	1,2,3,4,5	66	2
3836	04:04.326	5	2,3,4,8,9,10,11,16	5	3
3837	04:04.724	14	7,8,9,10,11,12,13,15	57	4
3838	04:04.726	11	4,5,8,9,10,14,15	5	2
3839	04:04.746	11	4,5,8,9,10,14,15	66	2
3840	04:04.749	5	2,3,4,8,9,10,11,16	5	3
3841	04:04.753	5	2,3,4,8,9,10,11,16	66	3
3842	04:04.756	16	1,2,3,4,5	5	2
3843	04:04.771	16	1,2,3,4,5	58	2
3844	04:04.773	1	16	5	0
3845	04:04.800	1	16	73	0
3846	04:04.803	16	1,2,3,4,5	5	2
3847	04:04.809	16	1,2,3,4,5	82	2
3848	04:04.812	5	2,3,4,8,9,10,11,16	5	3
3849	04:04.831	5	2,3,4,8,9,10,11,16	82	3
3850	04:04.834	11	4,5,8,9,10,14,15	5	2
3851	04:04.866	11	4,5,8,9,10,14,15	82	2
3852	04:04.869	14	7,8,9,10,11,12,13,15	5	4
3853	04:04.892	11	4,5,8,9,10,14,15	57	2
3854	04:04.894	5	2,3,4,8,9,10,11,16	5	3
3855	04:04.935	5	2,3,4,8,9,10,11,16	66	3
3856	04:04.938	16	1,2,3,4,5	5	2
3857	04:04.946	16	1,2,3,4,5	58	2
3858	04:04.948	1	16	5	0
3859	04:04.982	1	16	65	0
3860	04:04.985	16	1,2,3,4,5	5	2
3861	04:05.013	16	1,2,3,4,5	74	2
3862	04:05.016	5	2,3,4,8,9,10,11,16	5	3
3863	04:05.059	5	2,3,4,8,9,10,11,16	74	3
3864	04:05.062	11	4,5,8,9,10,14,15	5	2
3865	04:05.755	10	3,4,5,7,8,9,11,13,14,15	97	2
3866	04:06.288	3	2,4,5,6,7,8,9,10,16	57	4
3867	04:06.290	16	1,2,3,4,5	5	2
3868	04:06.304	16	1,2,3,4,5	58	2
3869	04:06.306	1	16	5	0
3870	04:06.317	1	16	57	0
3871	04:06.319	16	1,2,3,4,5	5	2
3872	04:06.352	16	1,2,3,4,5	66	2
3873	04:06.355	3	2,4,5,6,7,8,9,10,16	5	4
3874	04:06.792	6	2,3,7,8,9,12,13	57	2
3875	04:06.794	2	3,4,5,6,7,8,9,16	5	3
3876	04:06.823	2	3,4,5,6,7,8,9,16	66	3
3877	04:06.826	16	1,2,3,4,5	5	2
3878	04:06.840	16	1,2,3,4,5	58	2
3879	04:06.842	1	16	5	0
3880	04:06.864	1	16	65	0
3881	04:06.867	16	1,2,3,4,5	5	2
3882	04:06.890	16	1,2,3,4,5	74	2
3883	04:06.893	2	3,4,5,6,7,8,9,16	5	3
3884	04:06.901	2	3,4,5,6,7,8,9,16	74	3
3885	04:06.904	6	2,3,7,8,9,12,13	5	2
3886	04:06.912	10	3,4,5,7,8,9,11,13,14,15	57	2
3887	04:06.914	5	2,3,4,8,9,10,11,16	5	3
3888	04:06.945	5	2,3,4,8,9,10,11,16	66	3
3889	04:06.948	16	1,2,3,4,5	5	2
3890	04:06.966	16	1,2,3,4,5	58	2
3891	04:06.968	1	16	5	0
3892	04:07.009	1	16	65	0
3893	04:07.012	16	1,2,3,4,5	5	2
3894	04:07.022	16	1,2,3,4,5	74	2
3895	04:07.025	5	2,3,4,8,9,10,11,16	5	3
3896	04:07.060	5	2,3,4,8,9,10,11,16	74	3
3897	04:07.063	10	3,4,5,7,8,9,11,13,14,15	5	2
3898	04:07.466	15	8,9,10,11,12,13,14	57	3
3899	04:07.468	11	4,5,8,9,10,14,15	5	2
3900	04:07.495	11	4,5,8,9,10,14,15	66	2
3901	04:07.498	5	2,3,4,8,9,10,11,16	5	3
3902	04:07.507	5	2,3,4,8,9,10,11,16	66	3
3903	04:07.510	16	1,2,3,4,5	5	2
3904	04:07.516	2	3,4,5,6,7,8,9,16	57	3
3905	04:07.518	16	1,2,3,4,5	5	2
3906	04:07.526	16	1,2,3,4,5	58	2
3907	04:07.528	1	16	5	0
3908	04:07.545	16	1,2,3,4,5	58	2
3909	04:07.547	1	16	5	0
3910	04:07.564	1	16	73	0
3911	04:07.567	16	1,2,3,4,5	5	2
3912	04:07.585	16	1,2,3,4,5	82	2
3913	04:07.588	5	2,3,4,8,9,10,11,16	5	3
3914	04:07.602	5	2,3,4,8,9,10,11	82	4
3915	04:07.603	1	-	57	1
3916	04:07.605	11	4,5,8,9,10,14,15	5	2
3917	04:07.608	1	16	57	0
3918	04:07.611	16	1,2,3,4,5	5	2
3919	04:07.616	11	4,5,8,9,10,14,15	82	2
3920	04:07.619	15	8,9,10,11,12,13,14	5	3
3921	04:07.654	16	1,2,3,4,5	66	2
3922	04:07.657	2	3,4,5,6,7,8,9,16	5	3
3923	04:07.947	2	3,4,5,6,7,8,9,16	102	3
3924	04:07.951	4	2,3,5,7,8,9,10,11,16	5	4
3925	04:08.364	8	2,3,4,5,6,7,9,10,11,12,13,14,15	102	1
3926	04:08.368	7	2,3,4,6,8,9,10,12,13,14	5	2
3927	04:09.054	12	6,7,8,9,13,14,15	57	3
3928	04:09.056	8	2,3,4,5,6,7,9,10,11,12,13,14,15	5	1
3929	04:09.078	8	2,3,4,5,6,7,9,10,11,12,13,14,15	66	1
3930	04:09.081	5	2,3,4,8,9,10,11,16	5	3
3931	04:09.095	5	2,3,4,8,9,10,11,16	66	3
3932	04:09.098	16	1,2,3,4,5	5	2
3933	04:09.121	8	2,3,4,5,6,7,9,10,11,12,13,14,15	57	1
3934	04:09.123	5	2,3,4,8,9,10,11,16	5	3
3935	04:09.130	16	1,2,3,4,5	58	2
3936	04:09.132	1	16	5	0
3937	04:09.161	1	16	73	0
3938	04:09.164	16	1,2,3,4,5	5	2
3939	04:09.185	5	2,3,4,8,9,10,11,16	66	3
3940	04:09.188	16	1,2,3,4,5	5	2
3941	04:09.192	16	1,2,3,4,5	82	2
3942	04:09.195	5	2,3,4,8,9,10,11,16	5	3
3943	04:09.203	16	1,2,3,4,5	58	2
3944	04:09.205	1	16	5	0
3945	04:09.225	1	16	65	0
3946	04:09.228	16	1,2,3,4,5	5	2
3947	04:09.232	16	1,2,3,4,5	74	2
3948	04:09.235	5	2,3,4,8,9,10,11,16	5	3
3949	04:09.276	5	2,3,4,8,9,10,11,16	82	3
3950	04:09.279	8	2,3,4,5,6,7,9,10,11,12,13,14,15	5	1
3951	04:09.282	8	2,3,4,5,6,7,9,10,11,12,13,14,15	82	1
3952	04:09.286	12	6,7,8,9,13,14,15	5	3
3953	04:09.314	5	2,3,4,8,9,10,11,16	74	3
3954	04:09.317	8	2,3,4,5,6,7,9,10,11,12,13,14,15	5	1
3955	04:10.672	9	2,3,4,5,6,7,8,10,11,12,13,14,15	57	1
3956	04:10.674	5	2,3,4,8,9,10,11,16	5	3
3957	04:10.694	5	2,3,4,8,9,10,11,16	66	3
3958	04:10.697	16	1,2,3,4,5	5	2
3959	04:10.710	16	1,2,3,4,5	58	2
3960	04:10.712	1	16	5	0
3961	04:10.741	1	16	65	0
3962	04:10.744	16	1,2,3,4,5	5	2
3963	04:10.752	16	1,2,3,4,5	74	2
3964	04:10.755	5	2,3,4,8,9,10,11,16	5	3
3965	04:10.779	5	2,3,4,8,9,10,11,16	74	3
3966	04:10.782	9	2,3,4,5,6,7,8,10,11,12,13,14,15	5	1
3967	04:10.927	7	2,3,4,6,8,9,10,12,13,14	57	2
3968	04:10.929	4	2,3,5,7,8,9,10,11,16	5	4
3969	04:10.942	4	2,3,5,7,8,9,10,11,16	66	4
3970	04:10.945	16	1,2,3,4,5	5	2
3971	04:10.951	13	6,7,8,9,10,12,14,15	57	4
3972	04:10.953	10	3,4,5,7,8,9,11,13,14,15	5	2
3973	04:10.969	16	1,2	58	5
3974	04:10.969	10	7,11,13,14,15	66	7
3975	04:10.971	1	16	5	0
3976	04:11.010	10	3,4,5,7,8,9,11,13,14,15	66	2
3977	04:11.011	1	16	65	0
3978	04:11.013	5	2,3,4,8,9,10,11,16	5	3
3979	04:11.035	1	16	65	0
3980	04:11.038	16	1,2,3,4,5	5	2
3981	04:11.047	5	2,3,4,8,9,10,11,16	66	3
3982	04:11.050	16	1,2,3,4,5	5	2
3983	04:11.069	16	1,2,3,4,5	58	2
3984	04:11.071	1	16	5	0
3985	04:11.074	16	1,2,3,4,5	74	2
3986	04:11.077	4	2,3,5,7,8,9,10,11,16	5	4
3987	04:11.092	4	2,3,5,7,8,9,10,11	74	5
3988	04:11.095	7	2,3,4,6,8,9,10,12,13,14	5	2
3989	04:11.094	1	-	73	1
3990	04:11.119	1	16	73	0
3991	04:11.122	16	1,2,3,4,5	5	2
3992	04:11.138	16	1,2,3,4,5	82	2
3993	04:11.141	5	2,3,4,8,9,10,11,16	5	3
3994	04:11.175	5	2,3,4,8,9,10,11,16	82	3
3995	04:11.178	10	3,4,5,7,8,9,11,13,14,15	5	2
3996	04:11.197	10	3,4,5,7,8,9,11,13,14,15	82	2
3997	04:11.200	13	6,7,8,9,10,12,14,15	5	4
3998	04:11.503	12	6,7,8,9,13,14,15	102	3
3999	04:11.507	9	2,3,4,5,6,7,8,10,11,12,13,14,15	5	1
4000	04:13.233	4	2,3,5,7,8,9,10,11,16	102	4
4001	04:13.237	5	2,3,4,8,9,10,11,16	5	3
4002	04:13.871	4	2,3,5,7,8,9,10,11,16	57	4
4003	04:13.873	16	1,2,3,4,5	5	2
4004	04:13.907	16	1,2,3,4,5	58	2
4005	04:13.909	1	16	5	0
4006	04:13.914	1	16	57	0
4007	04:13.916	16	1,2,3,4,5	5	2
4008	04:13.938	16	1,2,3,4,5	66	2
4009	04:13.941	4	2,3,5,7,8,9,10,11,16	5	4
4010	04:13.956	11	4,5,8,9,10,14,15	57	2
4011	04:13.958	5	2,3,4,8,9,10,11,16	5	3
4012	04:13.965	5	2,3,4,8,9,10,11,16	66	3
4013	04:13.968	16	1,2,3,4,5	5	2
4014	04:13.978	16	1,2,3,4,5	58	2
4015	04:13.980	1	16	5	0
4016	04:14.017	1	16	65	0
4017	04:14.020	16	1,2,3,4,5	5	2
4018	04:14.058	16	1,2,3,4,5	74	2
4019	04:14.061	5	2,3,4,8,9,10,11,16	5	3
4020	04:14.064	5	2,3,4,8,9,10,11,16	74	3
4021	04:14.067	11	4,5,8,9,10,14,15	5	2
4022	04:14.342	3	2,4,5,6,7,8,9,10,16	102	4
4023	04:14.346	5	2,3,4,8,9,10,11,16	5	3
4024	04:14.410	6	2,3,7,8,9,12,13	102	2
4025	04:14.414	3	2,4,5,6,7,8,9,10,16	5	4
4026	04:14.530	14	7,8,9,10,11,12,13,15	57	4
4027	04:14.532	11	4,5,8,9,10,14,15	5	2
4028	04:14.562	11	4,5,8,9,10,14,15	66	2
4029	04:14.565	5	2,3,4,8,9,10,11,16	5	3
4030	04:14.584	5	2,3,4,8,9,10,11,16	66	3
4031	04:14.587	16	1,2,3,4,5	5	2
4032	04:14.630	16	1,2,3,4,5	58	2
4033	04:14.632	1	16	5	0
4034	04:14.653	1	16	73	0
4035	04:14.656	16	1,2,3,4,5	5	2
4036	04:14.662	16	1,2,3,4,5	82	2
4037	04:14.665	5	2,3,4,8,9,10,11,16	5	3
4038	04:14.668	5	2,3,4,8,9,10,11,16	82	3
4039	04:14.672	11	4,5,8,9,10,14,15	5	2
4040	04:14.714	11	4,5,8,9,10,14,15	82	2
4041	04:14.717	14	7,8,9,10,11,12,13,15	5	4
4042	04:14.992	5	2,3,4,8,9,10,11,16	57	3
4043	04:14.994	16	1,2,3,4,5	5	2
4044	04:14.999	16	1,2,3,4,5	58	2
4045	04:15.001	1	16	5	0
4046	04:15.030	1	16	57	0
4047	04:15.032	16	1,2,3,4,5	5	2
4048	04:15.053	16	1,2,3,4,5	66	2
4049	04:15.056	5	2,3,4,8,9,10,11,16	5	3
4050	04:16.612	3	2,4,5,6,7,8,9,10,16	57	4
4051	04:16.614	16	1,2,3,4,5	5	2
4052	04:16.634	16	1,2,3,4,5	58	2
4053	04:16.636	1	16	5	0
4054	04:16.642	1	16	57	0
4055	04:16.644	16	1,2,3,4,5	5	2
4056	04:16.664	16	1,2,3,4,5	66	2
4057	04:16.667	3	2,4,5,6,7,8,9,10,16	5	4
4058	04:16.782	2	3,4,5,6,7,8,9,16	97	3
4059	04:16.969	6	2,3,7,8,9,12,13	57	2
4060	04:16.971	2	3,4,5,6,7,8,9,16	5	3
4061	04:16.980	2	3,4,5,6,7,8,9,16	66	3
4062	04:16.983	16	1,2,3,4,5	5	2
4063	04:16.998	16	1,2,3,4,5	58	2
4064	04:17.000	1	16	5	0
4065	04:17.012	1	16	65	0
4066	04:17.015	16	1,2,3,4,5	5	2
4067	04:17.045	16	1,2,3,4,5	74	2
4068	04:17.048	2	3,4,5,6,7,8,9,16	5	3
4069	04:17.088	2	3,4,5,6,7,8,9,16	74	3
4070	04:17.091	6	2,3,7,8,9,12,13	5	2
4071	04:17.181	15	8,9,10,11,12,13,14	57	3
4072	04:17.183	11	4,5,8,9,10,14,15	5	2
4073	04:17.215	11	4,5,8,9,10,14,15	66	2
4074	04:17.218	5	2,3,4,8,9,10,11,16	5	3
4075	04:17.239	5	2,3,4,8,9,10,11,16	66	3
4076	04:17.242	16	1,2,3,4,5	5	2
4077	04:17.275	16	1,2,3,4,5	58	2
4078	04:17.277	1	16	5	0
4079	04:17.284	1	16	73	0
4080	04:17.287	16	1,2,3,4,5	5	2
4081	04:17.313	16	1,2,3,4,5	82	2
4082	04:17.316	5	2,3,4,8,9,10,11,16	5	3
4083	04:17.345	5	2,3,4,8,9,10,11,16	82	3
4084	04:17.348	11	4,5,8,9,10,14,15	5	2
4085	04:17.360	11	4,5,8,9,10,14,15	82	2
4086	04:17.363	15	8,9,10,11,12,13,14	5	3
4087	04:17.389	10	3,4,5,7,8,9,11,13,14,15	57	2
4088	04:17.391	5	2,3,4,8,9,10,11,16	5	3
4089	04:17.410	5	2,3,4,8,9,10,11,16	66	3
4090	04:17.413	16	1,2,3,4,5	5	2
4091	04:17.416	16	1,2,3,4,5	58	2
4092	04:17.418	1	16	5	0
4093	04:17.427	1	16	65	0
4094	04:17.430	16	1,2,3,4,5	5	2
4095	04:17.470	16	1,2,3,4,5	74	2
4096	04:17.473	5	2,3,4,8,9,10,11,16	5	3
4097	04:17.481	5	2,3,4,8,9,10,11,16	74	3
4098	04:17.484	10	3,4,5,7,8,9,11,13,14,15	5	2
4099	04:17.588	2	3,4,5,6,7,8,9,16	57	3
4100	04:17.590	16	1,2,3,4,5	5	2
4101	04:17.603	16	1,2,3,4,5	58	2
4102	04:17.605	1	16	5	0
4103	04:17.645	1	16	57	0
4104	04:17.647	16	1,2,3,4,5	5	2
4105	04:17.669	16	1,2,3,4,5	66	2
4106	04:17.672	2	3,4,5,6,7,8,9,16	5	3
4107	04:18.786	8	2,3,4,5,6,7,9,10,11,12,13,14,15	57	1
4108	04:18.788	5	2,3,4,8,9,10,11,16	5	3
4109	04:18.822	5	2,3,4,8,9,10,11,16	66	3
4110	04:18.825	16	1,2,3,4,5	5	2
4111	04:18.830	16	1,2,3,4,5	58	2
4112	04:18.832	1	16	5	0
4113	04:18.863	1	16	65	0
4114	04:18.866	16	1,2,3,4,5	5	2
4115	04:18.899	16	1,2,3,4,5	74	2
4116	04:18.902	5	2,3,4,8,9,10,11,16	5	3
4117	04:18.918	5	2,3,4,8,9,10,11,16	74	3
4118	04:18.921	8	2,3,4,5,6,7,9,10,11,12,13,14,15	5	1
4119	04:19.248	12	6,7,8,9,13,14,15	57	3
4120	04:19.250	8	2,3,4,5,6,7,9,10,11,12,13,14,15	5	1
4121	04:19.287	8	2,3,4,5,6,7,9,10,11,12,13,14,15	66	1
4122	04:19.290	5	2,3,4,8,9,10,11,16	5	3
4123	04:19.310	5	2,3,4,8,9,10,11,16	66	3
4124	04:19.313	16	1,2,3,4,5	5	2
4125	04:19.340	16	1,2,3,4,5	58	2
4126	04:19.342	1	16	5	0
4127	04:19.356	1	16	73	0
4128	04:19.359	16	1,2,3,4,5	5	2
4129	04:19.373	16	1,2,3,4,5	82	2
4130	04:19.376	5	2,3,4,8,9,10,11,16	5	3
4131	04:19.402	5	2,3,4,8,9,10,11,16	82	3
4132	04:19.405	8	2,3,4,5,6,7,9,10,11,12,13,14,15	5	1
4133	04:19.438	8	2,3,4,5,6,7,9,10,11,12,13,14,15	82	1
4134	04:19.441	12	6,7,8,9,13,14,15	5	3
4135	04:20.528	7	2,3,4,6,8,9,10,12,13,14	57	2
4136	04:20.530	4	2,3,5,7,8,9,10,11,16	5	4
4137	04:20.542	4	2,3,5,7,8,9,10,11,16	66	4
4138	04:20.545	16	1,2,3,4,5	5	2
4139	04:20.549	16	1,2,3,4,5	58	2
4140	04:20.551	1	16	5	0
4141	04:20.573	1	16	65	0
4142	04:20.576	16	1,2,3,4,5	5	2
4143	04:20.587	16	1,2,3,4,5	74	2
4144	04:20.590	4	2,3,5,7,8,9,10,11,16	5	4
4145	04:20.599	4	2,3,5,7,8,9,10,11,16	74	4
4146	04:20.602	7	2,3,4,6,8,9,10,12,13,14	5	2
4147	04:21.067	9	2,3,4,5,6,7,8,10,11,12,13,14,15	57	1
4148	04:21.069	5	2,3,4,8,9,10,11,16	5	3
4149	04:21.111	5	2,3,4,8,9,10,11,16	66	3
4150	04:21.114	16	1,2,3,4,5	5	2
4151	04:21.153	16	1,2,3,4,5	58	2
4152	04:21.155	1	16	5	0
4153	04:21.190	1	16	65	0
4154	04:21.193	16	1,2,3,4,5	5	2
4155	04:21.200	16	1,2,3,4,5	74	2
4156	04:21.203	5	2,3,4,8,9,10,11,16	5	3
4157	04:21.215	5	2,3,4,8,9,10,11,16	74	3
4158	04:21.218	9	2,3,4,5,6,7,8,10,11,12,13,14,15	5	1
4159	04:21.250	13	6,7,8,9,10,12,14,15	57	4
4160	04:21.252	10	3,4,5,7,8,9,11,13,14,15	5	2
4161	04:21.285	10	3,4,5,7,8,9,11,13,14,15	66	2
4162	04:21.288	5	2,3,4,8,9,10,11,16	5	3
4163	04:21.324	5	2,3,4,8,9,10,11,16	66	3
4164	04:21.327	16	1,2,3,4,5	5	2
4165	04:21.345	16	1,2,3,4,5	58	2
4166	04:21.347	1	16	5	0
4167	04:21.365	1	16	73	0
4168	04:21.368	16	1,2,3,4,5	5	2
4169	04:21.371	16	1,2,3,4,5	82	2
4170	04:21.374	5	2,3,4,8,9,10,11,16	5	3
4171	04:21.396	5	2,3,4,8,9,10,11,16	82	3
4172	04:21.399	10	3,4,5,7,8,9,11,13,14,15	5	2
4173	04:21.410	10	3,4,5,7,8,9,11,13,14,15	82	2
4174	04:21.413	13	6,7,8,9,10,12,14,15	5	4
4175	04:22.136	6	2,3,7,8,9,12,13	97	2
4176	04:23.393	4	2,3,5,7,8,9,10,11,16	57	4
4177	04:23.395	16	1,2,3,4,5	5	2
4178	04:23.412	16	1,2,3,4,5	58	2
4179	04:23.414	1	16	5	0
4180	04:23.445	1	16	57	0
4181	04:23.447	16	1,2,3,4,5	5	2
4182	04:23.474	16	1,2,3,4,5	66	2
4183	04:23.477	4	2,3,5,7,8,9,10,11,16	5	4
4184	04:23.666	11	4,5,8,9,10,14,15	57	2
4185	04:23.668	5	2,3,4,8,9,10,11,16	5	3
4186	04:23.706	5	2,3,4,8,9,10,11,16	66	3
4187	04:23.709	16	1,2,3,4,5	5	2
4188	04:23.726	16	1,2,3,4,5	58	2
4189	04:23.728	1	16	5	0
4190	04:23.769	1	16	65	0
4191	04:23.772	16	1,2,3,4,5	5	2
4192	04:23.778	16	1,2,3,4,5	74	2
4193	04:23.781	5	2,3,4,8,9,10,11,16	5	3
4194	04:23.809	5	2,3,4,8,9,10,11,16	74	3
4195	04:23.812	11	4,5,8,9,10,14,15	5	2
4196	04:24.426	3	2,4,5,6,7,8,9,10,16	97	4
4197	04:24.466	14	7,8,9,10,11,12,13,15	57	4
4198	04:24.468	11	4,5,8,9,10,14,15	5	2
4199	04:24.506	11	4,5,8,9,10,14,15	66	2
4200	04:24.509	5	2,3,4,8,9,10,11,16	5	3
4201	04:24.527	5	2,3,4,8,9,10,11,16	66	3
4202	04:24.530	16	1,2,3,4,5	5	2
4203	04:24.557	16	1,2,3,4,5	58	2
4204	04:24.559	1	16	5	0
4205	04:24.592	1	16	73	0
4206	04:24.595	16	1,2,3,4,5	5	2
4207	04:24.631	16	1,2,3,4,5	82	2
4208	04:24.634	5	2,3,4,8,9,10,11,16	5	3
4209	04:24.674	5	2,3,4,8,9,10,11,16	82	3
4210	04:24.677	11	4,5,8,9,10,14,15	5	2
4211	04:24.720	11	4,5,8,9,10,14,15	82	2
4212	04:24.723	14	7,8,9,10,11,12,13,15	5	4
4213	04:25.952	5	2,3,4,8,9,10,11,16	57	3
4214	04:25.954	16	1,2,3,4,5	5	2
4215	04:25.961	16	1,2,3,4,5	58	2
4216	04:25.963	1	16	5	0
4217	04:25.984	1	16	57	0
4218	04:25.986	16	1,2,3,4,5	5	2
4219	04:26.021	16	1,2,3,4,5	66	2
4220	04:26.024	5	2,3,4,8,9,10,11,16	5	3
4221	04:26.271	13	6,7,8,9,10,12,14,15	97	4
4222	04:26.762	15	8,9,10,11,12,13,14	57	3
4223	04:26.764	11	4,5,8,9,10,14,15	5	2
4224	04:26.801	11	4,5,8,9,10,14,15	66	2
4225	04:26.804	5	2,3,4,8,9,10,11,16	5	3
4226	04:26.833	5	2,3,4,8,9,10,11,16	66	3
4227	04:26.836	16	1,2,3,4,5	5	2
4228	04:26.866	16	1,2,3,4,5	58	2
4229	04:26.868	1	16	5	0
4230	04:26.880	1	16	73	0
4231	04:26.883	16	1,2,3,4,5	5	2
4232	04:26.901	16	1,2,3,4,5	82	2
4233	04:26.904	5	2,3,4,8,9,10,11,16	5	3
4234	04:26.916	5	2,3,4,8,9,10,11,16	82	3
4235	04:26.919	11	4,5,8,9,10,14,15	5	2
4236	04:26.926	11	4,5,8,9,10,14,15	82	2
4237	04:26.929	15	8,9,10,11,12,13,14	5	3
4238	04:26.933	3	2,4,5,6,7,8,9,10,16	57	4
4239	04:26.935	16	1,2,3,4,5	5	2
4240	04:26.974	16	1,2,3,4,5	58	2
4241	04:26.976	1	16	5	0
4242	04:26.996	6	2,3,7,8,9,12,13	57	2
4243	04:26.998	2	3,4,5,6,7,8,9,16	5	3
4244	04:26.999	1	16	57	0
4245	04:27.001	16	1,2,3,4,5	5	2
4246	04:27.018	16	1,2,3,4,5	66	2
4247	04:27.021	3	2,4,5,6,7,8,9,10,16	5	4
4248	04:27.039	2	3,4,5,6,7,8,9,16	66	3
4249	04:27.042	16	1,2,3,4,5	5	2
4250	04:27.073	16	1,2,3,4,5	58	2
4251	04:27.075	1	16	5	0
4252	04:27.092	1	16	65	0
4253	04:27.095	16	1,2,3,4,5	5	2
4254	04:27.129	16	1,2,3,4,5	74	2
4255	04:27.132	2	3,4,5,6,7,8,9,16	5	3
4256	04:27.151	2	3,4,5,6,7,8,9,16	74	3
4257	04:27.154	6	2,3,7,8,9,12,13	5	2
4258	04:27.216	2	3,4,5,6,7,8,9,16	57	3
4259	04:27.218	16	1,2,3,4,5	5	2
4260	04:27.253	16	1,2,3,4,5	58	2
4261	04:27.255	1	16	5	0
4262	04:27.268	1	16	57	0
4263	04:27.270	16	1,2,3,4,5	5	2
4264	04:27.301	10	7,8,9,11,13,14,15	57	5
4265	04:27.302	16	1	66	6
4266	04:27.323	16	1,2,3,4,5	66	2
4267	04:27.326	2	3,4,5,6,7,8,9,16	5	3
4268	04:27.331	10	3,4,5,7,8,9,11,13,14,15	57	2
4269	04:27.333	5	2,3,4,8,9,10,11,16	5	3
4270	04:27.366	5	2,3,4,8,9,10,11,16	66	3
4271	04:27.369	16	1,2,3,4,5	5	2
4272	04:27.384	16	1,2,3,4,5	58	2
4273	04:27.386	1	16	5	0
4274	04:27.401	1	16	65	0
4275	04:27.404	16	1,2,3,4,5	5	2
4276	04:27.413	16	1,2,3,4,5	74	2
4277	04:27.416	5	2,3,4,8,9,10,11,16	5	3
4278	04:27.435	5	2,3,4,8,9,10,11,16	74	3
4279	04:27.438	10	3,4,5,7,8,9,11,13,14,15	5	2
4280	04:28.101	5	2,3,4,8,9,10,11,16	102	3
4281	04:28.105	3	2,4,5,6,7,8,9,10,16	5	4
4282	04:28.710	8	2,3,4,5,6,7,9,10,11,12,13,14,15	57	1
4283	04:28.712	5	2,3,4,8,9,10,11,16	5	3
4284	04:28.733	12	6,13	57	8
4285	04:28.733	5	2,3,4,10,11,16	66	5
4286	04:28.736	16	1,2,3,4,5	5	2
4287	04:28.741	16	1,2,3,4,5	58	2
4288	04:28.743	1	16	5	0
4289	04:28.754	12	6,7,8,9,13,14,15	57	3
4290	04:28.756	8	2,3,4,5,6,7,9,10,11,12,13,14,15	5	1
4291	04:28.779	1	16	65	0
4292	04:28.782	16	1,2,3,4,5	5	2
4293	04:28.789	8	2,3,4,5,6,7,9,10,11,12,13,14,15	66	1
4294	04:28.792	5	2,3,4,8,9,10,11,16	5	3
4295	04:28.808	16	1,2,3,4,5	74	2
4296	04:28.811	5	2,3,4,8,9,10,11,16	5	3
4297	04:28.815	5	2,3,4,8,9,10,11,16	66	3
4298	04:28.818	16	1,2,3,4,5	5	2
4299	04:28.835	5	2,3,4,8,9,10,11,16	74	3
4300	04:28.838	8	2,3,4,5,6,7,9,10,11,12,13,14,15	5	1
4301	04:28.845	16	1,2,3,4,5	58	2
4302	04:28.847	1	16	5	0
4303	04:28.887	1	16	73	0
4304	04:28.890	16	1,2,3,4,5	5	2
4305	04:28.911	16	1,2,3,4,5	82	2
4306	04:28.914	5	2,3,4,8,9,10,11,16	5	3
4307	04:28.919	5	2,3,4,8,9,10,11,16	82	3
4308	04:28.922	8	2,3,4,5,6,7,9,10,11,12,13,14,15	5	1
4309	04:28.954	8	2,3,4,5,6,7,9,10,11,12,13,14,15	82	1
4310	04:28.957	12	6,7,8,9,13,14,15	5	3
4311	04:29.609	7	2,3,4,6,8,9,10,12,13,14	57	2
4312	04:29.611	4	2,3,5,7,8,9,10,11,16	5	4
4313	04:29.625	4	2,3,5,7,8,9,10,11,16	66	4
4314	04:29.628	16	1,2,3,4,5	5	2
4315	04:29.664	16	1,2,3,4,5	58	2
4316	04:29.666	1	16	5	0
4317	04:29.695	1	16	65	0
4318	04:29.698	16	1,2,3,4,5	5	2
4319	04:29.737	16	1,2,3,4,5	74	2
4320	04:29.740	4	2,3,5,7,8,9,10,11,16	5	4
4321	04:29.766	4	2,3,5,7,8,9,10,11,16	74	4
4322	04:29.769	7	2,3,4,6,8,9,10,12,13,14	5	2
4323	04:30.134	14	7,8,9,10,11,12,13,15	102	4
4324	04:30.138	13	6,7,8,9,10,12,14,15	5	4
4325	04:30.779	9	2,3,4,5,6,7,8,10,11,12,13,14,15	57	1
4326	04:30.781	5	2,3,4,8,9,10,11,16	5	3
4327	04:30.808	5	2,3,4,8,9,10,11,16	66	3
4328	04:30.811	16	1,2,3,4,5	5	2
4329	04:30.827	13	6,7,8,9,10,12,14,15	57	4
4330	04:30.829	10	3,4,5,7,8,9,11,13,14,15	5	2
4331	04:30.832	16	1,2,3,4,5	58	2
4332	04:30.834	1	16	5	0
4333	04:30.842	10	3,4,5,7,8,9,11,13,14,15	66	2
4334	04:30.845	5	2,3,4,8,9,10,11,16	5	3
4335	04:30.853	1	16	65	0
4336	04:30.856	16	1,2,3,4,5	5	2
4337	04:30.876	5	2,3,4,8,9,10,11,16	66	3
4338	04:30.879	16	1,2,3,4,5	5	2
4339	04:30.892	16	1,2,3,4,5	74	2
4340	04:30.895	5	2,3,4,8,9,10,11,16	5	3
4341	04:30.898	5	2,3,4,8,9,10,11,16	74	3
4342	04:30.901	9	2,3,4,5,6,7,8,10,11,12,13,14,15	5	1
4343	04:30.920	16	1,2,3,4,5	58	2
4344	04:30.922	1	16	5	0
4345	04:30.958	1	16	73	0
4346	04:30.961	16	1,2,3,4,5	5	2
4347	04:31.000	16	1,2,3,4,5	82	2
4348	04:31.003	5	2,3,4,8,9,10,11,16	5	3
4349	04:31.026	5	2,3,4,8,9,10,11,16	82	3
4350	04:31.029	10	3,4,5,7,8,9,11,13,14,15	5	2
4351	04:31.036	10	3,4,5,7,8,9,11,13,14,15	82	2
4352	04:31.039	13	6,7,8,9,10,12,14,15	5	4
4353	04:31.730	15	8,9,10,11,12,13,14	102	3
4354	04:31.734	8	2,3,4,5,6,7,9,10,11,12,13,14,15	5	1
4355	04:33.470	11	4,5,8,9,10,14,15	57	2
4356	04:33.472	5	2,3,4,8,9,10,11,16	5	3
4357	04:33.486	5	2,3,4,8,9,10,11,16	66	3
4358	04:33.489	16	1,2,3,4,5	5	2
4359	04:33.528	16	1,2,3,4,5	58	2
4360	04:33.530	1	16	5	0
4361	04:33.551	1	16	65	0
4362	04:33.554	16	1,2,3,4,5	5	2
4363	04:33.566	16	1,2,3,4,5	74	2
4364	04:33.569	5	2,3,4,8,9,10,11,16	5	3
4365	04:33.593	5	2,3,4,8,9,10,11,16	74	3
4366	04:33.596	11	4,5,8,9,10,14,15	5	2
4367	04:33.998	4	2,3,5,7,8,9,10,11,16	57	4
4368	04:34.000	16	1,2,3,4,5	5	2
4369	04:34.012	16	1,2,3,4,5	58	2
4370	04:34.014	1	16	5	0
4371	04:34.023	1	16	57	0
4372	04:34.025	16	1,2,3,4,5	5	2
4373	04:34.057	16	1,2,3,4,5	66	2
4374	04:34.060	4	2,3,5,7,8,9,10,11,16	5	4
4375	04:34.334	14	7,8,9,10,11,12,13,15	57	4
4376	04:34.336	11	4,5,8,9,10,14,15	5	2
4377	04:34.367	11	4,5,8,9,10,14,15	66	2
4378	04:34.370	5	2,3,4,8,9,10,11,16	5	3
4379	04:34.407	5	2,3,4,8,9,10,11,16	66	3
4380	04:34.410	16	1,2,3,4,5	5	2
4381	04:34.421	16	1,2,3,4,5	58	2
4382	04:34.423	1	16	5	0
4383	04:34.430	1	16	73	0
4384	04:34.433	16	1,2,3,4,5	5	2
4385	04:34.455	11	4,5,8,9,10,14,15	102	2
4386	04:34.459	4	2,3,5,7,8,9,10,11,16	5	4
4387	04:34.473	16	1,2,3,4,5	82	2
4388	04:34.476	5	2,3,4,8,9,10,11,16	5	3
4389	04:34.487	5	2,3,4,8,9,10,11,16	82	3
4390	04:34.490	11	4,5,8,9,10,14,15	5	2
4391	04:34.522	11	4,5,8,9,10,14,15	82	2
4392	04:34.525	14	7,8,9,10,11,12,13,15	5	4
4393	04:36.165	11	4,5,8,9,10,14,15	97	2
4394	04:36.256	3	2,4,5,6,7,8,9,10,16	57	4
4395	04:36.258	16	1,2,3,4,5	5	2
4396	04:36.291	16	1,2,3,4,5	58	2
4397	04:36.293	1	16	5	0
4398	04:36.320	1	16	57	0
4399	04:36.322	16	1,2,3,4,5	5	2
4400	04:36.338	16	1,2,3,4,5	66	2
4401	04:36.341	3	2,4,5,6,7,8,9,10,16	5	4
4402	04:36.519	10	3,4,5,7,8,9,11,13,14,15	57	2
4403	04:36.521	5	2,3,4,8,9,10,11,16	5	3
4404	04:36.527	5	2,3,4,8,9,10,11,16	66	3
4405	04:36.530	16	1,2,3,4,5	5	2
4406	04:36.570	16	1,2,3,4,5	58	2
4407	04:36.572	1	16	5	0
4408	04:36.587	1	16	65	0
4409	04:36.590	16	1,2,3,4,5	5	2
4410	04:36.629	16	1,2,3,4,5	74	2
4411	04:36.632	5	2,3,4,8,9,10,11,16	5	3
4412	04:36.674	5	2,3,4,8,9,10,11,16	74	3
4413	04:36.677	10	3,4,5,7,8,9,11,13,14,15	5	2
4414	04:36.702	2	3,4,5,6,7,8,9,16	57	3
4415	04:36.704	16	1,2,3,4,5	5	2
4416	04:36.709	16	1,2,3,4,5	58	2
4417	04:36.711	1	16	5	0
4418	04:36.725	1	16	57	0
4419	04:36.727	16	1,2,3,4,5	5	2
4420	04:36.763	16	1,2,3,4,5	66	2
4421	04:36.766	2	3,4,5,6,7,8,9,16	5	3
4422	04:36.789	5	2,3,4,8,9,10,11,16	57	3
4423	04:36.791	16	1,2,3,4,5	5	2
4424	04:36.815	16	1,2,3,4,5	58	2
4425	04:36.817	1	16	5	0
4426	04:36.857	1	16	57	0
4427	04:36.859	16	1,2,3,4,5	5	2
4428	04:36.900	16	1,2,3,4,5	66	2
4429	04:36.903	5	2,3,4,8,9,10,11,16	5	3
4430	04:36.906	15	8,9,10,11,12,13,14	57	3
4431	04:36.908	11	4,5,8,9,10,14,15	5	2
4432	04:36.934	11	4,5,8,9,10,14,15	66	2
4433	04:36.937	5	2,3,4,8,9,10,11,16	5	3
4434	04:36.955	5	2,3,4,8,9,10,11,16	66	3
4435	04:36.958	16	1,2,3,4,5	5	2
4436	04:36.981	16	1,2,3,4,5	58	2
4437	04:36.983	1	16	5	0
4438	04:37.024	1	16	73	0
4439	04:37.027	16	1,2,3,4,5	5	2
4440	04:37.052	16	1,2,3,4,5	82	2
4441	04:37.055	5	2,3,4,8,9,10,11,16	5	3
4442	04:37.092	5	2,3,4,8,9,10,11,16	82	3
4443	04:37.095	11	4,5,8,9,10,14,15	5	2
4444	04:37.115	11	4,5,8,9,10,14,15	82	2
4445	04:37.118	15	8,9,10,11,12,13,14	5	3
4446	04:37.126	6	2,3,7,8,9,12,13	57	2
4447	04:37.128	2	3,4,5,6,7,8,9,16	5	3
4448	04:37.141	2	3,4,5,6,7,8,9,16	66	3
4449	04:37.144	16	1,2,3,4,5	5	2
4450	04:37.162	16	1,2,3,4,5	58	2
4451	04:37.164	1	16	5	0
4452	04:37.197	1	16	65	0
4453	04:37.200	16	1,2,3,4,5	5	2
4454	04:37.209	16	1,2,3,4,5	74	2
4455	04:37.212	2	3,4,5,6,7,8,9,16	5	3
4456	04:37.225	2	3,4,5,6,7,8,9,16	74	3
4457	04:37.228	6	2,3,7,8,9,12,13	5	2
4458	04:37.937	8	2,3,4,5,6,7,9,10,11,12,13,14,15	97	1
4459	04:38.729	12	6,7,8,9,13,14,15	57	3
4460	04:38.731	8	2,3,4,5,6,7,9,10,11,12,13,14,15	5	1
4461	04:38.746	8	2,3,4,5,6,7,9,10,11,12,13,14,15	66	1
4462	04:38.749	5	2,3,4,8,9,10,11,16	5	3
4463	04:38.758	5	2,3,4,8,9,10,11,16	66	3
4464	04:38.761	16	1,2,3,4,5	5	2
4465	04:38.777	16	1,2,3,4,5	58	2
4466	04:38.779	1	16	5	0
4467	04:38.819	1	16	73	0
4468	04:38.822	16	1,2,3,4,5	5	2
4469	04:38.849	16	1,2,3,4,5	82	2
4470	04:38.852	5	2,3,4,8,9,10,11,16	5	3
4471	04:38.881	5	2,3,4,8,9,10,11,16	82	3
4472	04:38.884	8	2,3,4,5,6,7,9,10,11,12,13,14,15	5	1
4473	04:38.897	8	2,3,4,5,6,7,9,10,11,12,13,14,15	82	1
4474	04:38.900	12	6,7,8,9,13,14,15	5	3
4475	04:39.385	8	2,3,4,5,6,7,9,10,11,12,13,14,15	57	1
4476	04:39.387	5	2,3,4,8,9,10,11,16	5	3
4477	04:39.399	5	2,3,4,8,9,10,11,16	66	3
4478	04:39.402	16	1,2,3,4,5	5	2
4479	04:39.433	16	1,2,3,4,5	58	2
4480	04:39.435	1	16	5	0
4481	04:39.452	1	16	65	0
4482	04:39.455	16	1,2,3,4,5	5	2
4483	04:39.491	16	1,2,3,4,5	74	2
4484	04:39.494	5	2,3,4,8,9,10,11,16	5	3
4485	04:39.505	5	2,3,4,8,9,10,11,16	74	3
4486	04:39.508	8	2,3,4,5,6,7,9,10,11,12,13,14,15	5	1
4487	04:39.731	16	1,2,3,4,5	97	2
4488	04:40.020	7	2,3,4,6,8,9,10,12,13,14	57	2
4489	04:40.022	4	2,3,5,7,8,9,10,11,16	5	4
4490	04:40.050	4	2,3,5,7,8,9,10,11,16	66	4
4491	04:40.053	16	1,2,3,4,5	5	2
4492	04:40.084	16	1,2,3,4,5	58	2
4493	04:40.086	1	16	5	0
4494	04:40.118	1	16	65	0
4495	04:40.121	16	1,2,3,4,5	5	2
4496	04:40.127	16	1,2,3,4,5	74	2
4497	04:40.130	4	2,3,5,7,8,9,10,11,16	5	4
4498	04:40.138	4	2,3,5,7,8,9,10,11,16	74	4
4499	04:40.141	7	2,3,4,6,8,9,10,12,13,14	5	2
4500	04:40.330	13	6,7,8,9,10,12,14,15	57	4
4501	04:40.332	10	3,4,5,7,8,9,11,13,14,15	5	2
4502	04:40.349	10	3,4,5,7,8,9,11,13,14,15	66	2
4503	04:40.352	5	2,3,4,8,9,10,11,16	5	3
4504	04:40.388	5	2,3,4,8,9,10,11,16	66	3
4505	04:40.391	16	1,2,3,4,5	5	2
4506	04:40.428	16	1,2,3,4,5	58	2
4507	04:40.430	1	16	5	0
4508	04:40.463	1	16	73	0
4509	04:40.466	16	1,2,3,4,5	5	2
4510	04:40.488	16	1,2,3,4,5	82	2
4511	04:40.491	5	2,3,4,8,9,10,11,16	5	3
4512	04:40.519	5	2,3,4,8,9,10,11,16	82	3
4513	04:40.522	10	3,4,5,7,8,9,11,13,14,15	5	2
4514	04:40.538	10	3,4,5,7,8,9,11,13,14,15	82	2
4515	04:40.541	13	6,7,8,9,10,12,14,15	5	4
4516	04:40.646	9	2,3,4,5,6,7,8,10,11,12,13,14,15	57	1
4517	04:40.648	5	2,3,4,8,9,10,11,16	5	3
4518	04:40.667	5	2,3,4,8,9,10,11,16	66	3
4519	04:40.670	16	1,2,3,4,5	5	2
4520	04:40.689	16	1,2,3,4,5	58	2
4521	04:40.691	1	16	5	0
4522	04:40.720	1	16	65	0
4523	04:40.723	16	1,2,3,4,5	5	2
4524	04:40.734	16	1,2,3,4,5	74	2
4525	04:40.737	5	2,3,4,8,9,10,11,16	5	3
4526	04:40.770	5	2,3,4,8,9,10,11,16	74	3
4527	04:40.773	9	2,3,4,5,6,7,8,10,11,12,13,14,15	5	1
4528	04:42.871	7	2,3,4,6,8,9,10,12,13,14	102	2
4529	04:42.875	2	3,4,5,6,7,8,9,16	5	3
4530	04:43.540	11	4,5,8,9,10,14,15	57	2
4531	04:43.542	5	2,3,4,8,9,10,11,16	5	3
4532	04:43.551	5	2,3,4,8,9,10,11,16	66	3
4533	04:43.554	16	1,2,3,4,5	5	2
4534	04:43.585	16	1,2,3,4,5	58	2
4535	04:43.587	1	16	5	0
4536	04:43.599	1	16	65	0
4537	04:43.602	16	1,2,3,4,5	5	2
4538	04:43.606	16	1,2,3,4,5	74	2
4539	04:43.609	5	2,3,4,8,9,10,11,16	5	3
4540	04:43.627	5	2,3,4,8,9,10,11,16	74	3
4541	04:43.630	11	4,5,8,9,10,14,15	5	2
4542	04:44.154	12	6,7,8,9,13,14,15	97	3
4543	04:44.441	4	2,3,5,7,8,9,10,11,16	57	4
4544	04:44.443	16	1,2,3,4,5	5	2
4545	04:44.466	16	1,2,3,4,5	58	2
4546	04:44.468	1	16	5	0
4547	04:44.473	1	16	57	0
4548	04:44.475	16	1,2,3,4,5	5	2
4549	04:44.499	16	1,2,3,4,5	66	2
4550	04:44.502	4	2,3,5,7,8,9,10,11,16	5	4
4551	04:44.827	14	7,8,9,10,11,12,13,15	57	4
4552	04:44.829	11	4,5,8,9,10,14,15	5	2
4553	04:44.863	11	4,5,8,9,10,14,15	66	2
4554	04:44.866	5	2,3,4,8,9,10,11,16	5	3
4555	04:44.884	5	2,3,4,8,9,10,11,16	66	3
4556	04:44.887	16	1,2,3,4,5	5	2
4557	04:44.926	16	1,2,3,4,5	58	2
4558	04:44.928	1	16	5	0
4559	04:44.956	1	16	73	0
4560	04:44.959	16	1,2,3,4,5	5	2
4561	04:44.987	16	1,2,3,4,5	82	2
4562	04:44.990	5	2,3,4,8,9,10,11,16	5	3
4563	04:45.023	5	2,3,4,8,9,10,11,16	82	3
4564	04:45.026	11	4,5,8,9,10,14,15	5	2
4565	04:45.032	11	4,5,8,9,10,14,15	82	2
4566	04:45.035	14	7,8,9,10,11,12,13,15	5	4
4567	04:46.127	15	8,9,10,11,12,13,14	57	3
4568	04:46.129	11	4,5,8,9,10,14,15	5	2
4569	04:46.136	11	4,5,8,9,10,14,15	66	2
4570	04:46.139	5	2,3,4,8,9,10,11,16	5	3
4571	04:46.161	3	2,4,5,6,7,8,9,10,16	57	4
4572	04:46.163	16	1,2,3,4,5	5	2
4573	04:46.178	5	2,3,4,8,9,10,11,16	66	3
4574	04:46.181	16	1,2,3,4,5	5	2
4575	04:46.187	16	1,2,3,4,5	58	2
4576	04:46.189	1	16	5	0
4577	04:46.205	1	16	57	0
4578	04:46.207	16	1,2,3,4,5	5	2
4579	04:46.213	16	1,2,3,4,5	58	2
4580	04:46.215	1	16	5	0
4581	04:46.235	1	16	73	0
4582	04:46.238	16	1,2,3,4,5	5	2
4583	04:46.272	16	1,2,3,4,5	82	2
4584	04:46.275	5	2,3,4,8,9,10,11,16	5	3
4585	04:46.294	5	2,3,4,8,9,10,11,16	82	3
4586	04:46.297	11	4,5,8,9,10,14,15	5	2
4587	04:46.315	16	1,2,3,4,5	66	2
4588	04:46.318	3	2,4,5,6,7,8,9,10,16	5	4
4589	04:46.318	11	4,5,8,9,10,14,15	82	2
4590	04:46.321	15	8,9,10,11,12,13,14	5	3
4591	04:47.086	10	3,4,5,7,8,9,11,13,14,15	57	2
4592	04:47.088	5	2,3,4,8,9,10,11,16	5	3
4593	04:47.092	5	2,3,4,8,9,10,11,16	66	3
4594	04:47.095	16	1,2,3,4,5	5	2
4595	04:47.107	16	1,2,3,4,5	58	2
4596	04:47.109	1	16	5	0
4597	04:47.114	1	16	65	0
4598	04:47.117	16	1,2,3,4,5	5	2
4599	04:47.145	16	1,2,3,4,5	74	2
4600	04:47.148	5	2,3,4,8,9,10,11,16	5	3
4601	04:47.187	5	2,3,4,8,9,10,11,16	74	3
4602	04:47.190	10	3,4,5,7,8,9,11,13,14,15	5	2
4603	04:47.375	2	3,4,5,6,7,8,9,16	57	3
4604	04:47.377	16	1,2,3,4,5	5	2
4605	04:47.411	16	1,2,3,4,5	58	2
4606	04:47.413	1	16	5	0
4607	04:47.449	1	16	57	0
4608	04:47.451	16	1,2,3,4,5	5	2
4609	04:47.454	16	1,2,3,4,5	66	2
4610	04:47.457	2	3,4,5,6,7,8,9,16	5	3
4611	04:47.708	5	2,3,4,8,9,10,11,16	57	3
4612	04:47.710	16	1,2,3,4,5	5	2
4613	04:47.730	16	1,2,3,4,5	58	2
4614	04:47.732	1	16	5	0
4615	04:47.737	1	16	57	0
4616	04:47.739	16	1,2,3,4,5	5	2
4617	04:47.757	16	1,2,3,4,5	66	2
4618	04:47.760	5	2,3,4,8,9,10,11,16	5	3
4619	04:47.895	6	2,3,7,8,9,12,13	57	2
4620	04:47.897	2	3,4,5,6,7,8,9,16	5	3
4621	04:47.934	2	3,4,5,6,7,8,9,16	66	3
4622	04:47.937	16	1,2,3,4,5	5	2
4623	04:47.975	16	1,2,3,4,5	58	2
4624	04:47.977	1	16	5	0
4625	04:48.013	1	16	65	0
4626	04:48.016	16	1,2,3,4,5	5	2
4627	04:48.022	16	1,2,3,4,5	74	2
4628	04:48.025	2	3,4,5,6,7,8,9,16	5	3
4629	04:48.030	2	3,4,5,6,7,8,9,16	74	3
4630	04:48.033	6	2,3,7,8,9,12,13	5	2
4631	04:48.904	15	8,9,10,11,12,13,14	97	3
4632	04:49.026	12	6,7,8,9,13,14,15	57	3
4633	04:49.028	8	2,3,4,5,6,7,9,10,11,12,13,14,15	5	1
4634	04:49.064	8	2,3,4,5,6,7,9,10,11,12,13,14,15	66	1
4635	04:49.067	5	2,3,4,8,9,10,11,16	5	3
4636	04:49.071	5	2,3,4,8,9,10,11,16	66	3
4637	04:49.074	16	1,2,3,4,5	5	2
4638	04:49.079	16	1,2,3,4,5	58	2
4639	04:49.081	1	16	5	0
4640	04:49.114	1	16	73	0
4641	04:49.117	16	1,2,3,4,5	5	2
4642	04:49.150	16	1,2,3,4,5	82	2
4643	04:49.153	5	2,3,4,8,9,10,11,16	5	3
4644	04:49.180	5	2,3,4,8,9,10,11,16	82	3
4645	04:49.183	8	2,3,4,5,6,7,9,10,11,12,13,14,15	5	1
4646	04:49.196	8	2,3,4,5,6,7,9,10,11,12,13,14,15	82	1
4647	04:49.199	12	6,7,8,9,13,14,15	5	3
4648	04:49.371	8	2,3,4,5,6,7,9,10,11,12,13,14,15	57	1
4649	04:49.373	5	2,3,4,8,9,10,11,16	5	3
4650	04:49.395	5	2,3,4,8,9,10,11,16	66	3
4651	04:49.398	16	1,2,3,4,5	5	2
4652	04:49.441	16	1,2,3,4,5	58	2
4653	04:49.443	1	16	5	0
4654	04:49.460	1	16	65	0
4655	04:49.463	16	1,2,3,4,5	5	2
4656	04:49.499	16	1,2,3,4,5	74	2
4657	04:49.502	5	2,3,4,8,9,10,11,16	5	3
4658	04:49.539	5	2,3,4,8,9,10,11,16	74	3
4659	04:49.542	8	2,3,4,5,6,7,9,10,11,12,13,14,15	5	1
4660	04:49.947	9	2,3,4,5,6,7,8,10,11,12,13,14,15	57	1
4661	04:49.949	5	2,3,4,8,9,10,11,16	5	3
4662	04:49.953	5	2,3,4,8,9,10,11,16	66	3
4663	04:49.956	16	1,2,3,4,5	5	2
4664	04:49.980	16	1,2,3,4,5	58	2
4665	04:49.982	1	16	5	0
4666	04:49.993	1	16	65	0
4667	04:49.996	16	1,2,3,4,5	5	2
4668	04:50.004	16	1,2,3,4,5	74	2
4669	04:50.007	5	2,3,4,8,9,10,11,16	5	3
4670	04:50.045	5	2,3,4,8,9,10,11,16	74	3
4671	04:50.048	9	2,3,4,5,6,7,8,10,11,12,13,14,15	5	1
4672	04:50.711	7	2,3,4,6,8,9,10,12,13,14	57	2
4673	04:50.713	4	2,3,5,7,8,9,10,11,16	5	4
4674	04:50.735	4	2,3,5,7,8,9,10,11,16	66	4
4675	04:50.738	16	1,2,3,4,5	5	2
4676	04:50.747	16	1,2,3,4,5	58	2
4677	04:50.749	1	16	5	0
4678	04:50.792	1	16	65	0
4679	04:50.795	16	1,2,3,4,5	5	2
4680	04:50.801	16	1,2,3,4,5	74	2
4681	04:50.804	4	2,3,5,7,8,9,10,11,16	5	4
4682	04:50.839	4	2,3,5,7,8,9,10,11,16	74	4
4683	04:50.842	7	2,3,4,6,8,9,10,12,13,14	5	2
4684	04:51.163	13	6,7,8,9,10,12,14,15	57	4
4685	04:51.165	10	3,4,5,7,8,9,11,13,14,15	5	2
4686	04:51.191	10	3,4,5,7,8,9,11,13,14,15	66	2
4687	04:51.194	5	2,3,4,8,9,10,11,16	5	3
4688	04:51.211	5	2,3,4,8,9,10,11,16	66	3
4689	04:51.214	16	1,2,3,4,5	5	2
4690	04:51.219	16	1,2,3,4,5	58	2
4691	04:51.221	1	16	5	0
4692	04:51.256	1	16	73	0
4693	04:51.259	16	1,2,3,4,5	5	2
4694	04:51.265	16	1,2,3,4,5	82	2
4695	04:51.268	5	2,3,4,8,9,10,11,16	5	3
4696	04:51.271	5	2,3,4,8,9,10,11,16	82	3
4697	04:51.275	10	3,4,5,7,8,9,11,13,14,15	5	2
4698	04:51.314	10	3,4,5,7,8,9,11,13,14,15	82	2
4699	04:51.317	13	6,7,8,9,10,12,14,15	5	4
4700	04:51.422	9	2,3,4,5,6,7,8,10,11,12,13,14,15	97	1
4701	04:52.348	13	6,7,8,9,10,12,14,15	102	4
4702	04:52.352	7	2,3,4,6,8,9,10,12,13,14	5	2
4703	04:53.463	11	4,5,8,9,10,14,15	57	2
4704	04:53.465	5	2,3,4,8,9,10,11,16	5	3
4705	04:53.503	5	2,3,4,8,9,10,11,16	66	3
4706	04:53.506	16	1,2,3,4,5	5	2
4707	04:53.532	16	1,2,3,4,5	58	2
4708	04:53.534	1	16	5	0
4709	04:53.539	1	16	65	0
4710	04:53.542	16	1,2,3,4,5	5	2
4711	04:53.547	16	1,2,3,4,5	74	2
4712	04:53.550	5	2,3,4,8,9,10,11,16	5	3
4713	04:53.561	5	2,3,4,8,9,10,11,16	74	3
4714	04:53.564	11	4,5,8,9,10,14,15	5	2
4715	04:54.573	14	7,8,9,10,11,12,13,15	57	4
4716	04:54.575	11	4,5,8,9,10,14,15	5	2
4717	04:54.614	11	4,5,8,9,10,14,15	66	2
4718	04:54.617	5	2,3,4,8,9,10,11,16	5	3
4719	04:54.637	5	2,3,4,8,9,10,11,16	66	3
4720	04:54.640	16	1,2,3,4,5	5	2
4721	04:54.673	16	1,2,3,4,5	58	2
4722	04:54.675	1	16	5	0
4723	04:54.703	1	16	73	0
4724	04:54.706	16	1,2,3,4,5	5	2
4725	04:54.726	16	1,2,3,4,5	82	2
4726	04:54.729	5	2,3,4,8,9,10,11,16	5	3
4727	04:54.751	5	2,3,4,8,9,10,11,16	82	3
4728	04:54.754	11	4,5,8,9,10,14,15	5	2
4729	04:54.772	11	4,5,8,9,10,14,15	82	2
4730	04:54.775	14	7,8,9,10,11,12,13,15	5	4
4731	04:54.870	4	2,3,5,7,8,9,10,11,16	57	4
4732	04:54.872	16	1,2,3,4,5	5	2
4733	04:54.885	16	1,2,3,4,5	58	2
4734	04:54.887	1	16	5	0
4735	04:54.916	1	16	57	0
4736	04:54.918	16	1,2,3,4,5	5	2
4737	04:54.934	16	1,2,3,4,5	66	2
4738	04:54.937	4	2,3,5,7,8,9,10,11,16	5	4
4739	04:55.532	15	8,9,10,11,12,13,14	57	3
4740	04:55.534	11	4,5,8,9,10,14,15	5	2
4741	04:55.543	11	4,5,8,9,10,14,15	66	2
4742	04:55.546	5	2,3,4,8,9,10,11,16	5	3
4743	04:55.559	5	2,3,4,8,9,10,11,16	66	3
4744	04:55.562	16	1,2,3,4,5	5	2
4745	04:55.589	16	1,2,3,4,5	58	2
4746	04:55.591	1	16	5	0
4747	04:55.629	1	16	73	0
4748	04:55.632	16	1,2,3,4,5	5	2
4749	04:55.669	16	1,2,3,4,5	82	2
4750	04:55.672	5	2,3,4,8,9,10,11,16	5	3
4751	04:55.706	5	2,3,4,8,9,10,11,16	82	3
4752	04:55.709	11	4,5,8,9,10,14,15	5	2
4753	04:55.748	11	4,5,8,9,10,14,15	82	2
4754	04:55.751	15	8,9,10,11,12,13,14	5	3
4755	04:55.999	10	3,4,5,7,8,9,11,13,14,15	102	2
4756	04:56.003	3	2,4,5,6,7,8,9,10,16	5	4
4757	04:56.034	7	2,3,4,6,8,9,10,12,13,14	97	2
4758	04:56.162	3	2,4,5,6,7,8,9,10,16	57	4
4759	04:56.164	16	1,2,3,4,5	5	2
4760	04:56.184	16	1,2,3,4,5	58	2
4761	04:56.186	1	16	5	0
4762	04:56.202	1	16	57	0
4763	04:56.204	16	1,2,3,4,5	5	2
4764	04:56.223	16	1,2,3,4,5	66	2
4765	04:56.226	3	2,4,5,6,7,8,9,10,16	5	4
4766	04:57.242	2	3,4,5,6,7,8,9,16	57	3
4767	04:57.244	16	1,2,3,4,5	5	2
4768	04:57.273	16	1,2,3,4,5	58	2
4769	04:57.275	1	16	5	0
4770	04:57.290	1	16	57	0
4771	04:57.292	16	1,2,3,4,5	5	2
4772	04:57.332	16	1,2,3,4,5	66	2
4773	04:57.335	2	3,4,5,6,7,8,9,16	5	3
4774	04:57.737	6	2,3,7,8,9,12,13	57	2
4775	04:57.739	2	3,4,5,6,7,8,9,16	5	3
4776	04:57.761	2	3,4,5,6,7,8,9,16	66	3
4777	04:57.764	16	1,2,3,4,5	5	2
4778	04:57.797	16	1,2,3,4,5	58	2
4779	04:57.799	1	16	5	0
4780	04:57.814	1	16	65	0
4781	04:57.817	16	1,2,3,4,5	5	2
4782	04:57.845	16	1,2,3,4,5	74	2
4783	04:57.848	2	3,4,5,6,7,8,9,16	5	3
4784	04:57.880	2	3,4,5,6,7,8,9,16	74	3
4785	04:57.883	6	2,3,7,8,9,12,13	5	2
4786	04:57.962	10	3,4,5,7,8,9,11,13,14,15	57	2
4787	04:57.964	5	2,3,4,8,9,10,11,16	5	3
4788	04:57.967	5	2,3,4,8,9,10,11,16	66	3
4789	04:57.970	16	1,2,3,4,5	5	2
4790	04:58.014	16	1,2,3,4,5	58	2
4791	04:58.016	1	16	5	0
4792	04:58.031	1	16	65	0
4793	04:58.034	16	1,2,3,4,5	5	2
4794	04:58.053	16	1,2,3,4,5	74	2
4795	04:58.056	5	2,3,4,8,9,10,11,16	5	3
4796	04:58.067	5	2,3,4,8,9,10,11,16	74	3
4797	04:58.070	10	3,4,5,7,8,9,11,13,14,15	5	2
4798	04:58.556	5	2,3,4,8,9,10,11,16	57	3
4799	04:58.558	16	1,2,3,4,5	5	2
4800	04:58.590	16	1,2,3,4,5	58	2
4801	04:58.592	1	16	5	0
4802	04:58.595	1	16	57	0
4803	04:58.598	16	1,2,3,4,5	5	2
4804	04:58.622	16	1,2,3,4,5	66	2
4805	04:58.625	5	2,3,4,8,9,10,11,16	5	3
4806	04:58.741	8	2,3,4,5,6,7,9,10,11,12,13,14,15	57	1
4807	04:58.743	5	2,3,4,8,9,10,11,16	5	3
4808	04:58.753	5	2,3,4,8,9,10,11,16	66	3
4809	04:58.756	16	1,2,3,4,5	5	2
4810	04:58.763	16	1,2,3,4,5	58	2
4811	04:58.765	1	16	5	0
4812	04:58.772	1	16	65	0
4813	04:58.775	16	1,2,3,4,5	5	2
4814	04:58.779	16	1,2,3,4,5	74	2
4815	04:58.782	5	2,3,4,8,9,10,11,16	5	3
4816	04:58.790	5	2,3,4,8,9,10,11,16	74	3
4817	04:58.793	8	2,3,4,5,6,7,9,10,11,12,13,14,15	5	1
4818	04:58.934	12	6,7,8,9,13,14,15	57	3
4819	04:58.936	8	2,3,4,5,6,7,9,10,11,12,13,14,15	5	1
4820	04:58.946	8	2,3,4,5,6,7,9,10,11,12,13,14,15	66	1
4821	04:58.949	5	2,3,4,8,9,10,11,16	5	3
4822	04:58.985	5	2,3,4,8,9,10,11,16	66	3
4823	04:58.988	16	1,2,3,4,5	5	2
4824	04:59.015	16	1,2,3,4,5	58	2
4825	04:59.017	1	16	5	0
4826	04:59.049	1	16	73	0
4827	04:59.052	16	1,2,3,4,5	5	2
4828	04:59.084	16	1,2,3,4,5	82	2
4829	04:59.087	5	2,3,4,8,9,10,11,16	5	3
4830	04:59.113	5	2,3,4,8,9,10,11,16	82	3
4831	04:59.116	8	2,3,4,5,6,7,9,10,11,12,13,14,15	5	1
4832	04:59.119	8	2,3,4,5,6,7,9,10,11,12,13,14,15	82	1
4833	04:59.123	12	6,7,8,9,13,14,15	5	3
4834	04:59.246	9	2,3,4,5,6,7,8,10,11,12,13,14,15	57	1
4835	04:59.248	5	2,3,4,8,9,10,11,16	5	3
4836	04:59.289	5	2,3,4,8,9,10,11,16	66	3
4837	04:59.292	16	1,2,3,4,5	5	2
4838	04:59.319	16	1,2,3,4,5	58	2
4839	04:59.321	1	16	5	0
4840	04:59.334	1	16	65	0
4841	04:59.337	16	1,2,3,4,5	5	2
4842	04:59.354	16	1,2,3,4,5	74	2
4843	04:59.357	5	2,3,4,8,9,10,11,16	5	3
4844	04:59.387	5	2,3,4,8,9,10,11,16	74	3
4845	04:59.390	9	2,3,4,5,6,7,8,10,11,12,13,14,15	5	1
4846	05:00.194	13	6,7,8,9,10,12,14,15	57	4
4847	05:00.196	10	3,4,5,7,8,9,11,13,14,15	5	2
4848	05:00.200	10	3,4,5,7,8,9,11,13,14,15	66	2
4849	05:00.203	5	2,3,4,8,9,10,11,16	5	3
4850	05:00.213	5	2,3,4,8,9,10,11,16	66	3
4851	05:00.216	16	1,2,3,4,5	5	2
4852	05:00.220	16	1,2,3,4,5	58	2
4853	05:00.222	1	16	5	0
4854	05:00.246	1	16	73	0
4855	05:00.249	16	1,2,3,4,5	5	2
4856	05:00.276	16	1,2,3,4,5	82	2
4857	05:00.279	5	2,3,4,8,9,10,11,16	5	3
4858	05:00.302	5	2,3,4,8,9,10,11,16	82	3
4859	05:00.305	10	3,4,5,7,8,9,11,13,14,15	5	2
4860	05:00.345	10	3,4,5,7,8,9,11,13,14,15	82	2
4861	05:00.348	13	6,7,8,9,10,12,14,15	5	4
4862	05:01.622	7	2,3,4,6,8,9,10,12,13,14	57	2
4863	05:01.624	4	2,3,5,7,8,9,10,11,16	5	4
4864	05:01.634	4	2,3,5,7,8,9,10,11,16	66	4
4865	05:01.637	16	1,2,3,4,5	5	2
4866	05:01.649	16	1,2,3,4,5	58	2
4867	05:01.651	1	16	5	0
4868	05:01.663	1	16	65	0
4869	05:01.666	16	1,2,3,4,5	5	2
4870	05:01.693	16	1,2,3,4,5	74	2
4871	05:01.696	4	2,3,5,7,8,9,10,11,16	5	4
4872	05:01.703	4	2,3,5,7,8,9,10,11,16	74	4
4873	05:01.706	7	2,3,4,6,8,9,10,12,13,14	5	2
4874	05:01.950	6	2,3,7,8,9,12,13	102	2
4875	05:01.954	3	2,4,5,6,7,8,9,10,16	5	4
4876	05:02.096	3	2,4,5,6,7,8,9,10,16	102	4
4877	05:02.100	5	2,3,4,8,9,10,11,16	5	3
4878	05:02.814	11	4,5,8,9,10,14,15	57	2
4879	05:02.816	5	2,3,4,8,9,10,11,16	5	3
4880	05:02.843	5	2,3,4,8,9,10,11,16	66	3
4881	05:02.846	16	1,2,3,4,5	5	2
4882	05:02.874	16	1,2,3,4,5	58	2
4883	05:02.876	1	16	5	0
4884	05:02.914	1	16	65	0
4885	05:02.917	16	1,2,3,4,5	5	2
4886	05:02.930	16	1,2,3,4,5	74	2
4887	05:02.933	5	2,3,4,8,9,10,11,16	5	3
4888	05:02.944	5	2,3,4,8,9,10,11,16	74	3
4889	05:02.947	11	4,5,8,9,10,14,15	5	2
4890	05:03.961	4	2,3,5,7,8,9,10,11,16	57	4
4891	05:03.963	16	1,2,3,4,5	5	2
4892	05:03.975	16	1,2,3,4,5	58	2
4893	05:03.977	1	16	5	0
4894	05:03.995	1	16	57	0
4895	05:03.997	16	1,2,3,4,5	5	2
4896	05:04.009	14	7,8,9,10,11,12,13,15	57	4
4897	05:04.011	11	4,5,8,9,10,14,15	5	2
4898	05:04.014	11	4,5,8,9,10,14,15	66	2
4899	05:04.017	5	2,3,4,8,9,10,11,16	5	3
4900	05:04.036	5	2,3,4,8,9,10,11,16	66	3
4901	05:04.039	16	1,2,3,4,5	5	2
4902	05:04.046	16	1,2,3,4,5	58	2
4903	05:04.048	1	16	5	0
4904	05:04.066	1	16	73	0
4905	05:04.069	16	1,2,3,4,5	5	2
4906	05:04.105	16	1,2,3,4,5	66	2
4907	05:04.108	4	2,3,5,7,8,9,10,11,16	5	4
4908	05:04.111	16	1,2,3,4,5	82	2
4909	05:04.114	5	2,3,4,8,9,10,11,16	5	3
4910	05:04.118	5	2,3,4,8,9,10,11,16	82	3
4911	05:04.121	11	4,5,8,9,10,14,15	5	2
4912	05:04.147	11	4,5,8,9,10,14,15	82	2
4913	05:04.150	14	7,8,9,10,11,12,13,15	5	4
4914	05:04.278	14	7,8,9,10,11,12,13,15	97	4
4915	05:05.003	4	2,3,5,7,8,9,10,11,16	102	4
4916	05:05.007	5	2,3,4,8,9,10,11,16	5	3
4917	05:05.540	15	8,9,10,11,12,13,14	57	3
4918	05:05.542	11	4,5,8,9,10,14,15	5	2
4919	05:05.549	11	4,5,8,9,10,14,15	66	2
4920	05:05.552	5	2,3,4,8,9,10,11,16	5	3
4921	05:05.578	5	2,3,4,8,9,10,11,16	66	3
4922	05:05.581	16	1,2,3,4,5	5	2
4923	05:05.600	16	1,2,3,4,5	58	2
4924	05:05.602	1	16	5	0
4925	05:05.626	1	16	73	0
4926	05:05.629	16	1,2,3,4,5	5	2
4927	05:05.649	16	1,2,3,4,5	82	2
4928	05:05.652	5	2,3,4,8,9,10,11,16	5	3
4929	05:05.656	5	2,3,4,8,9,10,11,16	82	3
4930	05:05.659	11	4,5,8,9,10,14,15	5	2
4931	05:05.674	11	4,5,8,9,10,14,15	82	2
4932	05:05.677	15	8,9,10,11,12,13,14	5	3
4933	05:05.736	3	2,4,5,6,7,8,9,10,16	57	4
4934	05:05.738	16	1,2,3,4,5	5	2
4935	05:05.772	16	1,2,3,4,5	58	2
4936	05:05.774	1	16	5	0
4937	05:05.815	1	16	57	0
4938	05:05.817	16	1,2,3,4,5	5	2
4939	05:05.826	16	1,2,3,4,5	66	2
4940	05:05.829	3	2,4,5,6,7,8,9,10,16	5	4
4941	05:07.408	2	3,4,5,6,7,8,9,16	57	3
4942	05:07.410	16	1,2,3,4,5	5	2
4943	05:07.445	16	1,2,3,4,5	58	2
4944	05:07.447	1	16	5	0
4945	05:07.478	1	16	57	0
4946	05:07.480	16	1,2,3,4,5	5	2
4947	05:07.516	16	1,2,3,4,5	66	2
4948	05:07.519	2	3,4,5,6,7,8,9,16	5	3
4949	05:07.549	6	2,3,7,8,9,12,13	57	2
4950	05:07.551	2	3,4,5,6,7,8,9,16	5	3
4951	05:07.567	2	3,4,5,6,7,8,9,16	66	3
4952	05:07.570	16	1,2,3,4,5	5	2
4953	05:07.588	16	1,2,3,4,5	58	2
4954	05:07.590	1	16	5	0
4955	05:07.597	1	16	65	0
4956	05:07.600	16	1,2,3,4,5	5	2
4957	05:07.603	16	1,2,3,4,5	74	2
4958	05:07.606	2	3,4,5,6,7,8,9,16	5	3
4959	05:07.613	2	3,4,5,6,7,8,9,16	74	3
4960	05:07.616	6	2,3,7,8,9,12,13	5	2
4961	05:07.801	5	2,3,4,8,9,10,11,16	57	3
4962	05:07.803	16	1,2,3,4,5	5	2
4963	05:07.816	16	1,2,3,4,5	58	2
4964	05:07.818	1	16	5	0
4965	05:07.827	1	16	57	0
4966	05:07.829	16	1,2,3,4,5	5	2
4967	05:07.865	16	1,2,3,4,5	66	2
4968	05:07.868	5	2,3,4,8,9,10,11,16	5	3
4969	05:08.663	10	3,4,5,7,8,9,11,13,14,15	57	2
4970	05:08.665	5	2,3,4,8,9,10,11,16	5	3
4971	05:08.673	5	2,3,4,8,9,10,11,16	66	3
4972	05:08.676	16	1,2,3,4,5	5	2
4973	05:08.688	16	1,2,3,4,5	58	2
4974	05:08.690	1	16	5	0
4975	05:08.727	1	16	65	0
4976	05:08.730	16	1,2,3,4,5	5	2
4977	05:08.748	16	1,2,3,4,5	74	2
4978	05:08.751	5	2,3,4,8,9,10,11,16	5	3
4979	05:08.777	5	2,3,4,8,9,10,11,16	74	3
4980	05:08.780	10	3,4,5,7,8,9,11,13,14,15	5	2
4981	05:08.931	12	6,7,8,9,13,14,15	57	3
4982	05:08.933	8	2,3,4,5,6,7,9,10,11,12,13,14,15	5	1
4983	05:08.952	8	2,3,4,5,6,7,9,10,11,12,13,14,15	66	1
4984	05:08.955	5	2,3,4,8,9,10,11,16	5	3
4985	05:08.995	5	2,3,4,8,9,10,11,16	66	3
4986	05:08.998	16	1,2,3,4,5	5	2
4987	05:09.021	16	1,2,3,4,5	58	2
4988	05:09.023	1	16	5	0
4989	05:09.027	1	16	73	0
4990	05:09.030	16	1,2,3,4,5	5	2
4991	05:09.071	16	1,2,3,4,5	82	2
4992	05:09.074	5	2,3,4,8,9,10,11,16	5	3
4993	05:09.087	5	2,3,4,8,9,10,11,16	82	3
4994	05:09.090	8	2,3,4,5,6,7,9,10,11,12,13,14,15	5	1
4995	05:09.109	8	2,3,4,5,6,7,9,10,11,12,13,14,15	82	1
4996	05:09.112	12	6,7,8,9,13,14,15	5	3
4997	05:09.129	9	2,3,4,5,6,7,8,10,11,12,13,14,15	57	1
4998	05:09.131	5	2,3,4,8,9,10,11,16	5	3
4999	05:09.134	5	2,3,4,8,9,10,11,16	66	3
5000	05:09.137	16	1,2,3,4,5	5	2
5001	05:09.174	16	1,2,3,4,5	58	2
5002	05:09.176	1	16	5	0
5003	05:09.186	1	16	65	0
5004	05:09.189	16	1,2,3,4,5	5	2
5005	05:09.196	16	1,2,3,4,5	74	2
5006	05:09.199	5	2,3,4,8,9,10,11,16	5	3
5007	05:09.237	5	2,3,4,8,9,10,11,16	74	3
5008	05:09.240	9	2,3,4,5,6,7,8,10,11,12,13,14,15	5	1
5009	05:09.577	8	2,3,4,5,6,7,9,10,11,12,13,14,15	57	1
5010	05:09.579	5	2,3,4,8,9,10,11,16	5	3
5011	05:09.597	13	6,7,8,9,10,12,14,15	57	4
5012	05:09.599	10	3,4,5,7,8,9,11,13,14,15	5	2
5013	05:09.617	5	2,3,4,8,9,10,11,16	66	3
5014	05:09.620	16	1,2,3,4,5	5	2
5015	05:09.625	10	3,4,5,7,8,9,11,13,14,15	66	2
5016	05:09.628	5	2,3,4,8,9,10,11,16	5	3
5017	05:09.631	5	2,3,4,8,9,10,11,16	66	3
5018	05:09.634	16	1,2,3,4,5	5	2
5019	05:09.638	16	1,2,3,4,5	58	2
5020	05:09.640	1	16	5	0
5021	05:09.643	16	1,2,3,4,5	58	2
5022	05:09.646	1	16	5	0
5023	05:09.656	1	16	65	0
5024	05:09.659	16	1,2,3,4,5	5	2
5025	05:09.684	16	1,2,3,4,5	74	2
5026	05:09.687	5	2,3,4,8,9,10,11,16	5	3
5027	05:09.691	1	-	73	1
5028	05:09.692	5	2,3,4,8,9,10,11	74	4
5029	05:09.695	8	2,3,4,5,6,7,9,10,11,12,13,14,15	5	1
5030	05:09.704	1	16	73	0
5031	05:09.707	16	1,2,3,4,5	5	2
5032	05:09.713	16	1,2,3,4,5	82	2
5033	05:09.716	5	2,3,4,8,9,10,11,16	5	3
5034	05:09.730	5	2,3,4,8,9,10,11,16	82	3
5035	05:09.733	10	3,4,5,7,8,9,11,13,14,15	5	2
5036	05:09.774	10	3,4,5,7,8,9,11,13,14,15	82	2
5037	05:09.777	13	6,7,8,9,10,12,14,15	5	4
5038	05:12.077	7	2,3,4,6,8,9,10,12,13,14	57	2
5039	05:12.079	4	2,3,5,7,8,9,10,11,16	5	4
5040	05:12.088	4	2,3,5,7,8,9,10,11,16	66	4
5041	05:12.091	16	1,2,3,4,5	5	2
5042	05:12.112	16	1,2,3,4,5	58	2
5043	05:12.114	1	16	5	0
5044	05:12.132	1	16	65	0
5045	05:12.135	16	1,2,3,4,5	5	2
5046	05:12.151	16	1,2,3,4,5	74	2
5047	05:12.154	4	2,3,5,7,8,9,10,11,16	5	4
5048	05:12.180	4	2,3,5,7,8,9,10,11,16	74	4
5049	05:12.183	7	2,3,4,6,8,9,10,12,13,14	5	2
5050	05:12.320	11	4,5,8,9,10,14,15	57	2
5051	05:12.322	5	2,3,4,8,9,10,11,16	5	3
5052	05:12.344	5	2,3,4,8,9,10,11,16	66	3
5053	05:12.347	16	1,2,3,4,5	5	2
5054	05:12.386	16	1,2,3,4,5	58	2
5055	05:12.388	1	16	5	0
5056	05:12.419	1	16	65	0
5057	05:12.422	16	1,2,3,4,5	5	2
5058	05:12.429	16	1,2,3,4,5	74	2
5059	05:12.432	5	2,3,4,8,9,10,11,16	5	3
5060	05:12.452	5	2,3,4,8,9,10,11,16	74	3
5061	05:12.455	11	4,5,8,9,10,14,15	5	2
5062	05:13.375	14	7,8,9,10,11,12,13,15	57	4
5063	05:13.377	11	4,5,8,9,10,14,15	5	2
5064	05:13.414	11	4,5,8,9,10,14,15	66	2
5065	05:13.417	5	2,3,4,8,9,10,11,16	5	3
5066	05:13.421	4	2,3,5,7,8,9,10,11,16	57	4
5067	05:13.423	16	1,2,3,4,5	5	2
5068	05:13.439	5	2,3,4,8,9,10,11,16	66	3
5069	05:13.442	16	1,2,3,4,5	5	2
5070	05:13.455	16	1,2,3,4,5	58	2
5071	05:13.457	1	16	5	0
5072	05:13.463	16	1,2,3,4,5	58	2
5073	05:13.465	1	16	5	0
5074	05:13.486	1	16	57	0
5075	05:13.488	16	1,2,3,4,5	5	2
5076	05:13.513	1	16	73	0
5077	05:13.516	16	1,2,3,4,5	5	2
5078	05:13.523	16	1,2,3,4,5	66	2
5079	05:13.526	4	2,3,5,7,8,9,10,11,16	5	4
5080	05:13.543	16	1,2,3,4,5	82	2
5081	05:13.546	5	2,3,4,8,9,10,11,16	5	3
5082	05:13.559	5	2,3,4,8,9,10,11,16	82	3
5083	05:13.562	11	4,5,8,9,10,14,15	5	2
5084	05:13.565	11	4,5,8,9,10,14,15	82	2
5085	05:13.569	14	7,8,9,10,11,12,13,15	5	4
5086	05:15.097	15	8,9,10,11,12,13,14	57	3
5087	05:15.099	11	4,5,8,9,10,14,15	5	2
5088	05:15.105	11	4,5,8,9,10,14,15	66	2
5089	05:15.108	5	2,3,4,8,9,10,11,16	5	3
5090	05:15.149	5	2,3,4,8,9,10,11,16	66	3
5091	05:15.152	16	1,2,3,4,5	5	2
5092	05:15.180	16	1,2,3,4,5	58	2
5093	05:15.182	1	16	5	0
5094	05:15.217	1	16	73	0
5095	05:15.220	16	1,2,3,4,5	5	2
5096	05:15.258	16	1,2,3,4,5	82	2
5097	05:15.261	5	2,3,4,8,9,10,11,16	5	3
5098	05:15.294	5	2,3,4,8,9,10,11,16	82	3
5099	05:15.297	11	4,5,8,9,10,14,15	5	2
5100	05:15.313	11	4,5,8,9,10,14,15	82	2
5101	05:15.316	15	8,9,10,11,12,13,14	5	3
5102	05:16.049	3	2,4,5,6,7,8,9,10,16	57	4
5103	05:16.051	16	1,2,3,4,5	5	2
5104	05:16.088	16	1,2,3,4,5	58	2
5105	05:16.090	1	16	5	0
5106	05:16.119	1	16	57	0
5107	05:16.121	16	1,2,3,4,5	5	2
5108	05:16.157	16	1,2,3,4,5	66	2
5109	05:16.160	3	2,4,5,6,7,8,9,10,16	5	4
5110	05:17.337	5	2,3,4,8,9,10,11,16	57	3
5111	05:17.339	16	1,2,3,4,5	5	2
5112	05:17.375	16	1,2,3,4,5	58	2
5113	05:17.377	1	16	5	0
5114	05:17.393	1	16	57	0
5115	05:17.395	16	1,2,3,4,5	5	2
5116	05:17.399	16	1,2,3,4,5	66	2
5117	05:17.402	5	2,3,4,8,9,10,11,16	5	3
5118	05:17.476	2	3,4,5,6,7,8,9,16	102	3
5119	05:17.480	5	2,3,4,8,9,10,11,16	5	3
5120	05:17.798	10	3,4,5,7,8,9,11,13,14,15	57	2
5121	05:17.800	5	2,3,4,8,9,10,11,16	5	3
5122	05:17.839	5	2,3,4,8,9,10,11,16	66	3
5123	05:17.842	16	1,2,3,4,5	5	2
5124	05:17.871	16	1,2,3,4,5	58	2
5125	05:17.873	1	16	5	0
5126	05:17.892	1	16	65	0
5127	05:17.895	16	1,2,3,4,5	5	2
5128	05:17.899	16	1,2,3,4,5	74	2
5129	05:17.902	5	2,3,4,8,9,10,11,16	5	3
5130	05:17.917	5	2,3,4,8,9,10,11,16	74	3
5131	05:17.920	10	3,4,5,7,8,9,11,13,14,15	5	2
5132	05:18.167	6	2,3,7,8,9,12,13	57	2
5133	05:18.169	2	3,4,5,6,7,8,9,16	5	3
5134	05:18.183	2	3,4,5,6,7,8,9,16	66	3
5135	05:18.186	16	1,2,3,4,5	5	2
5136	05:18.197	16	1,2,3,4,5	58	2
5137	05:18.199	1	16	5	0
5138	05:18.242	1	16	65	0
5139	05:18.245	16	1,2,3,4,5	5	2
5140	05:18.257	16	1,2,3,4,5	74	2
5141	05:18.260	2	3,4,5,6,7,8,9,16	5	3
5142	05:18.282	2	3,4,5,6,7,8,9,16	74	3
5143	05:18.285	6	2,3,7,8,9,12,13	5	2
5144	05:18.366	2	3,4,5,6,7,8,9,16	57	3
5145	05:18.368	16	1,2,3,4,5	5	2
5146	05:18.407	16	1,2,3,4,5	58	2
5147	05:18.409	1	16	5	0
5148	05:18.438	1	16	57	0
5149	05:18.440	16	1,2,3,4,5	5	2
5150	05:18.460	16	1,2,3,4,5	66	2
5151	05:18.463	2	3,4,5,6,7,8,9,16	5	3
5152	05:18.642	13	6,7,8,9,10,12,14,15	57	4
5153	05:18.644	10	3,4,5,7,8,9,11,13,14,15	5	2
5154	05:18.679	10	3,4,5,7,8,9,11,13,14,15	66	2
5155	05:18.682	5	2,3,4,8,9,10,11,16	5	3
5156	05:18.720	5	2,3,4,8,9,10,11,16	66	3
5157	05:18.723	16	1,2,3,4,5	5	2
5158	05:18.735	16	1,2,3,4,5	58	2
5159	05:18.737	1	16	5	0
5160	05:18.763	1	16	73	0
5161	05:18.766	16	1,2,3,4,5	5	2
5162	05:18.773	16	1,2,3,4,5	82	2
5163	05:18.776	5	2,3,4,8,9,10,11,16	5	3
5164	05:18.785	5	2,3,4,8,9,10,11,16	82	3
5165	05:18.788	10	3,4,5,7,8,9,11,13,14,15	5	2
5166	05:18.817	10	3,4,5,7,8,9,11,13,14,15	82	2
5167	05:18.820	13	6,7,8,9,10,12,14,15	5	4
5168	05:19.468	9	2,3,4,5,6,7,8,10,11,12,13,14,15	57	1
5169	05:19.470	5	2,3,4,8,9,10,11,16	5	3
5170	05:19.481	5	2,3,4,8,9,10,11,16	66	3
5171	05:19.484	16	1,2,3,4,5	5	2
5172	05:19.525	16	1,2,3,4,5	58	2
5173	05:19.527	1	16	5	0
5174	05:19.533	1	16	65	0
5175	05:19.536	16	1,2,3,4,5	5	2
5176	05:19.560	16	1,2,3,4,5	74	2
5177	05:19.563	5	2,3,4,8,9,10,11,16	5	3
5178	05:19.588	5	2,3,4,8,9,10,11,16	74	3
5179	05:19.591	9	2,3,4,5,6,7,8,10,11,12,13,14,15	5	1
5180	05:19.774	8	2,3,4,5,6,7,9,10,11,12,13,14,15	57	1
5181	05:19.776	5	2,3,4,8,9,10,11,16	5	3
5182	05:19.811	5	2,3,4,8,9,10,11,16	66	3
5183	05:19.814	16	1,2,3,4,5	5	2
5184	05:19.831	16	1,2,3,4,5	58	2
5185	05:19.833	1	16	5	0
5186	05:19.842	1	16	65	0
5187	05:19.845	16	1,2,3,4,5	5	2
5188	05:19.856	16	1,2,3,4,5	74	2
5189	05:19.859	5	2,3,4,8,9,10,11,16	5	3
5190	05:19.862	5	2,3,4,8,9,10,11,16	74	3
5191	05:19.865	8	2,3,4,5,6,7,9,10,11,12,13,14,15	5	1
5192	05:19.906	12	6,7,8,9,13,14,15	57	3
5193	05:19.908	8	2,3,4,5,6,7,9,10,11,12,13,14,15	5	1
5194	05:19.938	8	2,3,4,5,6,7,9,10,11,12,13,14,15	66	1
5195	05:19.941	5	2,3,4,8,9,10,11,16	5	3
5196	05:19.960	5	2,3,4,8,9,10,11,16	66	3
5197	05:19.963	16	1,2,3,4,5	5	2
5198	05:19.967	16	1,2,3,4,5	58	2
5199	05:19.969	1	16	5	0
5200	05:19.985	1	16	73	0
5201	05:19.988	16	1,2,3,4,5	5	2
5202	05:20.026	16	1,2,3,4,5	82	2
5203	05:20.029	5	2,3,4,8,9,10,11,16	5	3
5204	05:20.065	5	2,3,4,8,9,10,11,16	82	3
5205	05:20.068	8	2,3,4,5,6,7,9,10,11,12,13,14,15	5	1
5206	05:20.091	8	2,3,4,5,6,7,9,10,11,12,13,14,15	82	1
5207	05:20.094	12	6,7,8,9,13,14,15	5	3
5208	05:22.959	11	5,15	57	7
5209	05:22.960	7	2,6,12	57	9
5210	05:22.991	7	2,3,4,6,8,9,10,12,13,14	57	2
5211	05:22.993	4	2,3,5,7,8,9,10,11,16	5	4
5212	05:23.001	4	2,3,5,7,8,9,10,11,16	66	4
5213	05:23.004	16	1,2,3,4,5	5	2
5214	05:23.011	16	1,2,3,4,5	58	2
5215	05:23.013	1	16	5	0
5216	05:23.021	11	4,5,8,9,10,14,15	57	2
5217	05:23.021	1	16	65	0
5218	05:23.023	5	2,3,4,8,9,10,11,16	5	3
5219	05:23.051	5	2,3,4,8,9,10,11,16	66	3
5220	05:23.054	16	1,2,3,4,5	5	2
5221	05:23.060	1	16	65	0
5222	05:23.063	16	1,2,3,4,5	5	2
5223	05:23.088	16	1,2,3,4,5	58	2
5224	05:23.090	1	16	5	0
5225	05:23.111	1	16	65	0
5226	05:23.114	16	1,2,3,4,5	5	2
5227	05:23.125	16	1,2,3,4,5	74	2
5228	05:23.128	4	2,3,5,7,8,9,10,11,16	5	4
5229	05:23.146	4	2,3,5,7,8,9,10,11,16	74	4
5230	05:23.149	7	2,3,4,6,8,9,10,12,13,14	5	2
5231	05:23.190	14	7,8,9,10,11,12,13,15	57	4
5232	05:23.192	11	4,5,8,9,10,14,15	5	2
5233	05:23.217	9	2,3,4,5,6,7,8,10,11,12,13,14,15	102	1
5234	05:23.221	2	3,4,5,6,7,8,9,16	5	3
5235	05:23.226	11	4,5,8,9,10,14,15	66	2
5236	05:23.229	5	2,3,4,8,9,10,11,16	5	3
5237	05:23.236	16	1,2,3,4,5	74	2
5238	05:23.239	5	2,3,4,8,9,10,11,16	5	3
5239	05:23.242	5	2,3,4,8,9,10,11,16	66	3
5240	05:23.245	16	1,2,3,4,5	5	2
5241	05:23.261	16	1,2,3,4,5	58	2
5242	05:23.263	1	16	5	0
5243	05:23.273	1	16	73	0
5244	05:23.276	16	1,2,3,4,5	5	2
5245	05:23.281	4	2,3,5,7,8,9,10,11,16	57	4
5246	05:23.283	16	1,2,3,4,5	5	2
5247	05:23.286	5	2,3,4,8,9,10,11,16	74	3
5248	05:23.289	11	4,5,8,9,10,14,15	5	2
5249	05:23.291	16	1,2,3,4,5	58	2
5250	05:23.293	1	16	5	0
5251	05:23.319	16	1,2,3,4,5	82	2
5252	05:23.322	5	2,3,4,8,9,10,11,16	5	3
5253	05:23.324	1	16	57	0
5254	05:23.326	16	1,2,3,4,5	5	2
5255	05:23.330	5	2,3,4,8,9,10,11,16	82	3
5256	05:23.333	11	4,5,8,9,10,14,15	5	2
5257	05:23.342	11	4,5,8,9,10,14,15	82	2
5258	05:23.345	14	7,8,9,10,11,12,13,15	5	4
5259	05:23.350	16	1,2,3,4,5	66	2
5260	05:23.353	4	2,3,5,7,8,9,10,11,16	5	4
5261	05:25.265	15	8,9,10,11,12,13,14	57	3
5262	05:25.267	11	4,5,8,9,10,14,15	5	2
5263	05:25.310	11	4,5,8,9,10,14,15	66	2
5264	05:25.313	5	2,3,4,8,9,10,11,16	5	3
5265	05:25.341	5	2,3,4,8,9,10,11,16	66	3
5266	05:25.344	16	1,2,3,4,5	5	2
5267	05:25.359	16	1,2,3,4,5	58	2
5268	05:25.361	1	16	5	0
5269	05:25.392	1	16	73	0
5270	05:25.395	16	1,2,3,4,5	5	2
5271	05:25.438	16	1,2,3,4,5	82	2
5272	05:25.441	5	2,3,4,8,9,10,11,16	5	3
5273	05:25.474	5	2,3,4,8,9,10,11,16	82	3
5274	05:25.477	11	4,5,8,9,10,14,15	5	2
5275	05:25.495	11	4,5,8,9,10,14,15	82	2
5276	05:25.498	15	8,9,10,11,12,13,14	5	3
5277	05:26.461	5	2,3,4,8,9,10,11,16	57	3
5278	05:26.463	16	1,2,3,4,5	5	2
5279	05:26.474	16	1,2,3,4,5	58	2
5280	05:26.476	1	16	5	0
5281	05:26.517	1	16	57	0
5282	05:26.519	16	1,2,3,4,5	5	2
5283	05:26.545	16	1,2,3,4,5	66	2
5284	05:26.548	5	2,3,4,8,9,10,11,16	5	3
5285	05:27.017	3	2,4,5,6,7,8,9,10,16	57	4
5286	05:27.019	16	1,2,3,4,5	5	2
5287	05:27.024	16	1,2,3,4,5	58	2
5288	05:27.026	1	16	5	0
5289	05:27.033	1	16	57	0
5290	05:27.035	16	1,2,3,4,5	5	2
5291	05:27.076	16	1,2,3,4,5	66	2
5292	05:27.079	3	2,4,5,6,7,8,9,10,16	5	4
5293	05:27.546	6	2,3,7,8,9,12,13	57	2
5294	05:27.548	2	3,4,5,6,7,8,9,16	5	3
5295	05:27.551	2	3,4,5,6,7,8,9,16	66	3
5296	05:27.554	16	1,2,3,4,5	5	2
5297	05:27.563	16	1,2,3,4,5	58	2
5298	05:27.565	1	16	5	0
5299	05:27.593	1	16	65	0
5300	05:27.596	16	1,2,3,4,5	5	2
5301	05:27.605	16	1,2,3,4,5	74	2
5302	05:27.608	2	3,4,5,6,7,8,9,16	5	3
5303	05:27.622	2	3,4,5,6,7,8,9,16	74	3
5304	05:27.625	6	2,3,7,8,9,12,13	5	2
5305	05:28.008	10	3,4,5,7,8,9,11,13,14,15	57	2
5306	05:28.010	5	2,3,4,8,9,10,11,16	5	3
5307	05:28.027	5	2,3,4,8,9,10,11,16	66	3
5308	05:28.030	16	1,2,3,4,5	5	2
5309	05:28.033	16	1,2,3,4,5	58	2
5310	05:28.035	1	16	5	0
5311	05:28.073	1	16	65	0
5312	05:28.076	16	1,2,3,4,5	5	2
5313	05:28.113	16	1,2,3,4,5	74	2
5314	05:28.116	5	2,3,4,8,9,10,11,16	5	3
5315	05:28.154	5	2,3,4,8,9,10,11,16	74	3
5316	05:28.157	10	3,4,5,7,8,9,11,13,14,15	5	2
5317	05:28.312	2	3,4,5,6,7,8,9,16	57	3
5318	05:28.314	16	1,2,3,4,5	5	2
5319	05:28.317	16	1,2,3,4,5	58	2
5320	05:28.320	1	16	5	0
5321	05:28.355	1	16	57	0
5322	05:28.357	16	1,2,3,4,5	5	2
5323	05:28.382	16	1,2,3,4,5	66	2
5324	05:28.385	2	3,4,5,6,7,8,9,16	5	3
5325	05:29.307	13	6,7,8,9,10,12,14,15	57	4
5326	05:29.309	10	3,4,5,7,8,9,11,13,14,15	5	2
5327	05:29.338	10	3,4,5,7,8,9,11,13,14,15	66	2
5328	05:29.341	5	2,3,4,8,9,10,11,16	5	3
5329	05:29.383	5	2,3,4,8,9,10,11,16	66	3
5330	05:29.386	16	1,2,3,4,5	5	2
5331	05:29.407	16	1,2,3,4,5	58	2
5332	05:29.409	1	16	5	0
5333	05:29.412	1	16	73	0
5334	05:29.416	16	1,2,3,4,5	5	2
5335	05:29.429	16	1,2,3,4,5	82	2
5336	05:29.432	5	2,3,4,8,9,10,11,16	5	3
5337	05:29.459	5	2,3,4,8,9,10,11,16	82	3
5338	05:29.462	10	3,4,5,7,8,9,11,13,14,15	5	2
5339	05:29.494	10	3,4,5,7,8,9,11,13,14,15	82	2
5340	05:29.497	13	6,7,8,9,10,12,14,15	5	4
5341	05:29.979	12	6,7,8,9,13,14,15	57	3
5342	05:29.981	8	2,3,4,5,6,7,9,10,11,12,13,14,15	5	1
5343	05:29.989	8	2,3,4,5,6,7,9,10,11,12,13,14,15	66	1
5344	05:29.992	5	2,3,4,8,9,10,11,16	5	3
5345	05:30.029	5	2,3,4,8,9,10,11,16	66	3
5346	05:30.032	16	1,2,3,4,5	5	2
5347	05:30.054	16	1,2,3,4,5	58	2
5348	05:30.056	1	16	5	0
5349	05:30.068	1	16	73	0
5350	05:30.071	16	1,2,3,4,5	5	2
5351	05:30.098	16	1,2,3,4,5	82	2
5352	05:30.101	5	2,3,4,8,9,10,11,16	5	3
5353	05:30.128	5	2,3,4,8,9,10,11,16	82	3
5354	05:30.131	8	2,3,4,5,6,7,9,10,11,12,13,14,15	5	1
5355	05:30.168	8	2,3,4,5,6,7,9,10,11,12,13,14,15	82	1
5356	05:30.171	12	6,7,8,9,13,14,15	5	3
5357	05:30.401	9	2,3,4,5,6,7,8,10,11,12,13,14,15	57	1
5358	05:30.403	5	2,3,4,8,9,10,11,16	5	3
5359	05:30.427	8	2,3,4,5,6,7,9,10,11,12,13,14,15	57	1
5360	05:30.429	5	2,3,4,8,9,10,11,16	5	3
5361	05:30.443	5	2,3,4,8,9,10,11,16	66	3
5362	05:30.446	16	1,2,3,4,5	5	2
5363	05:30.451	16	1,2,3,4,5	58	2
5364	05:30.453	1	16	5	0
5365	05:30.461	5	2,3,4,8,9,10,11,16	66	3
5366	05:30.464	16	1,2,3,4,5	5	2
5367	05:30.469	16	1,2,3,4,5	58	2
5368	05:30.471	1	16	5	0
5369	05:30.493	1	16	65	0
5370	05:30.496	16	1,2,3,4,5	5	2
5371	05:30.536	16	1,2,3,4,5	74	2
5372	05:30.539	5	2,3,4,8,9,10,11,16	5	3
5373	05:30.545	5	2,3,4,8,9,10,11,16	74	3
5374	05:30.548	9	2,3,4,5,6,7,8,10,11,12,13,14,15	5	1
5375	05:30.626	1	16	65	0
5376	05:30.629	16	1,2,3,4,5	5	2
5377	05:30.660	16	1,2,3,4,5	74	2
5378	05:30.663	5	2,3,4,8,9,10,11,16	5	3
5379	05:30.679	5	2,3,4,8,9,10,11,16	74	3
5380	05:30.682	8	2,3,4,5,6,7,9,10,11,12,13,14,15	5	1
5381	05:32.242	11	4,5,8,9,10,14,15	57	2
5382	05:32.244	5	2,3,4,8,9,10,11,16	5	3
5383	05:32.258	5	2,3,4,8,9,10,11,16	66	3
5384	05:32.261	16	1,2,3,4,5	5	2
5385	05:32.282	16	1,2,3,4,5	58	2
5386	05:32.284	1	16	5	0
5387	05:32.301	1	16	65	0
5388	05:32.304	16	1,2,3,4,5	5	2
5389	05:32.309	16	1,2,3,4,5	74	2
5390	05:32.312	5	2,3,4,8,9,10,11,16	5	3
5391	05:32.315	5	2,3,4,8,9,10,11,16	74	3
5392	05:32.318	11	4,5,8,9,10,14,15	5	2
5393	05:32.337	7	2,3,4,6,8,9,10,12,13,14	57	2
5394	05:32.339	4	2,3,5,7,8,9,10,11,16	5	4
5395	05:32.359	4	2,3,5,7,8,9,10,11,16	66	4
5396	05:32.362	16	1,2,3,4,5	5	2
5397	05:32.371	16	1,2,3,4,5	58	2
5398	05:32.373	1	16	5	0
5399	05:32.383	1	16	65	0
5400	05:32.386	16	1,2,3,4,5	5	2
5401	05:32.424	16	1,2,3,4,5	74	2
5402	05:32.427	4	2,3,5,7,8,9,10,11,16	5	4
5403	05:32.445	4	2,3,5,7,8,9,10,11,16	74	4
5404	05:32.448	7	2,3,4,6,8,9,10,12,13,14	5	2
5405	05:33.397	4	2,3,5,7,8,9,10,11,16	57	4
5406	05:33.399	16	1,2,3,4,5	5	2
5407	05:33.441	16	1,2,3,4,5	58	2
5408	05:33.443	1	16	5	0
5409	05:33.456	1	16	57	0
5410	05:33.458	16	1,2,3,4,5	5	2
5411	05:33.461	16	1,2,3,4,5	66	2
5412	05:33.464	4	2,3,5,7,8,9,10,11,16	5	4
5413	05:33.827	14	7,8,9,10,11,12,13,15	57	4
5414	05:33.829	11	4,5,8,9,10,14,15	5	2
5415	05:33.844	11	4,5,8,9,10,14,15	66	2
5416	05:33.847	5	2,3,4,8,9,10,11,16	5	3
5417	05:33.874	5	2,3,4,8,9,10,11,16	66	3
5418	05:33.877	16	1,2,3,4,5	5	2
5419	05:33.900	16	1,2,3,4,5	58	2
5420	05:33.902	1	16	5	0
5421	05:33.925	1	16	73	0
5422	05:33.928	16	1,2,3,4,5	5	2
5423	05:33.949	16	1,2,3,4,5	82	2
5424	05:33.952	5	2,3,4,8,9,10,11,16	5	3
5425	05:33.988	5	2,3,4,8,9,10,11,16	82	3
5426	05:33.991	11	4,5,8,9,10,14,15	5	2
5427	05:34.027	11	4,5,8,9,10,14,15	82	2
5428	05:34.030	14	7,8,9,10,11,12,13,15	5	4
5429	05:35.270	15	8,9,10,11,12,13,14	57	3
5430	05:35.272	11	4,5,8,9,10,14,15	5	2
5431	05:35.282	11	4,5,8,9,10,14,15	66	2
5432	05:35.285	5	2,3,4,8,9,10,11,16	5	3
5433	05:35.317	5	2,3,4,8,9,10,11,16	66	3
5434	05:35.320	16	1,2,3,4,5	5	2
5435	05:35.333	16	1,2,3,4,5	58	2
5436	05:35.335	1	16	5	0
5437	05:35.347	1	16	73	0
5438	05:35.350	16	1,2,3,4,5	5	2
5439	05:35.378	16	1,2,3,4,5	82	2
5440	05:35.381	5	2,3,4,8,9,10,11,16	5	3
5441	05:35.406	5	2,3,4,8,9,10,11,16	82	3
5442	05:35.409	11	4,5,8,9,10,14,15	5	2
5443	05:35.426	11	4,5,8,9,10,14,15	82	2
5444	05:35.429	15	8,9,10,11,12,13,14	5	3
5445	05:36.826	5	2,3,4,8,9,10,11,16	57	3
5446	05:36.828	16	1,2,3,4,5	5	2
5447	05:36.865	16	1,2,3,4,5	58	2
5448	05:36.867	1	16	5	0
5449	05:36.881	1	16	57	0
5450	05:36.883	16	1,2,3,4,5	5	2
5451	05:36.902	16	1,2,3,4,5	66	2
5452	05:36.905	5	2,3,4,8,9,10,11,16	5	3
5453	05:36.936	3	2,4,5,6,7,8,9,10,16	57	4
5454	05:36.938	16	1,2,3,4,5	5	2
5455	05:36.959	16	1,2,3,4,5	58	2
5456	05:36.961	1	16	5	0
5457	05:37.001	1	16	57	0
5458	05:37.003	16	1,2,3,4,5	5	2
5459	05:37.008	16	1,2,3,4,5	66	2
5460	05:37.011	3	2,4,5,6,7,8,9,10,16	5	4
5461	05:37.248	6	2,3,7,8,9,12,13	57	2
5462	05:37.250	2	3,4,5,6,7,8,9,16	5	3
5463	05:37.284	2	3,4,5,6,7,8,9,16	66	3
5464	05:37.287	16	1,2,3,4,5	5	2
5465	05:37.330	16	1,2,3,4,5	58	2
5466	05:37.332	1	16	5	0
5467	05:37.339	1	16	65	0
5468	05:37.342	16	1,2,3,4,5	5	2
5469	05:37.376	16	1,2,3,4,5	74	2
5470	05:37.379	2	3,4,5,6,7,8,9,16	5	3
5471	05:37.412	2	3,4,5,6,7,8,9,16	74	3
5472	05:37.415	6	2,3,7,8,9,12,13	5	2
5473	05:37.609	10	3,4,5,7,8,9,11,13,14,15	57	2
5474	05:37.611	5	2,3,4,8,9,10,11,16	5	3
5475	05:37.651	5	2,3,4,8,9,10,11,16	66	3
5476	05:37.654	16	1,2,3,4,5	5	2
5477	05:37.688	16	1,2,3,4,5	58	2
5478	05:37.690	1	16	5	0
5479	05:37.707	1	16	65	0
5480	05:37.710	16	1,2,3,4,5	5	2
5481	05:37.724	16	1,2,3,4,5	74	2
5482	05:37.727	5	2,3,4,8,9,10,11,16	5	3
5483	05:37.739	5	2,3,4,8,9,10,11,16	74	3
5484	05:37.742	10	3,4,5,7,8,9,11,13,14,15	5	2
5485	05:37.754	2	3,4,5,6,7,8,9,16	57	3
5486	05:37.756	16	1,2,3,4,5	5	2
5487	05:37.792	16	1,2,3,4,5	58	2
5488	05:37.794	1	16	5	0
5489	05:37.797	1	16	57	0
5490	05:37.800	16	1,2,3,4,5	5	2
5491	05:37.835	16	1,2,3,4,5	66	2
5492	05:37.838	2	3,4,5,6,7,8,9,16	5	3
5493	05:39.294	13	6,7,8,9,10,12,14,15	57	4
5494	05:39.296	10	3,4,5,7,8,9,11,13,14,15	5	2
5495	05:39.305	10	3,4,5,7,8,9,11,13,14,15	66	2
5496	05:39.308	5	2,3,4,8,9,10,11,16	5	3
5497	05:39.311	5	2,3,4,8,9,10,11,16	66	3
5498	05:39.314	16	1,2,3,4,5	5	2
5499	05:39.354	16	1,2,3,4,5	58	2
5500	05:39.356	1	16	5	0
5501	05:39.391	1	16	73	0
5502	05:39.394	16	1,2,3,4,5	5	2
5503	05:39.412	16	1,2,3,4,5	82	2
5504	05:39.415	5	2,3,4,8,9,10,11,16	5	3
5505	05:39.441	5	2,3,4,8,9,10,11,16	82	3
5506	05:39.444	10	3,4,5,7,8,9,11,13,14,15	5	2
5507	05:39.465	10	3,4,5,7,8,9,11,13,14,15	82	2
5508	05:39.468	13	6,7,8,9,10,12,14,15	5	4
5509	05:40.418	8	2,3,4,5,6,7,9,10,11,12,13,14,15	57	1
5510	05:40.420	5	2,3,4,8,9,10,11,16	5	3
5511	05:40.460	5	2,3,4,8,9,10,11,16	66	3
5512	05:40.463	16	1,2,3,4,5	5	2
5513	05:40.491	16	1,2,3,4,5	58	2
5514	05:40.493	1	16	5	0
5515	05:40.499	1	16	65	0
5516	05:40.502	16	1,2,3,4,5	5	2
5517	05:40.513	16	1,2,3,4,5	74	2
5518	05:40.516	5	2,3,4,8,9,10,11,16	5	3
5519	05:40.524	5	2,3,4,8,9,10,11,16	74	3
5520	05:40.527	8	2,3,4,5,6,7,9,10,11,12,13,14,15	5	1
5521	05:40.594	12	6,7,8,9,13,14,15	57	3
5522	05:40.596	8	2,3,4,5,6,7,9,10,11,12,13,14,15	5	1
5523	05:40.605	8	2,3,4,5,6,7,9,10,11,12,13,14,15	66	1
5524	05:40.608	5	2,3,4,8,9,10,11,16	5	3
5525	05:40.632	5	2,3,4,8,9,10,11,16	66	3
5526	05:40.635	16	1,2,3,4,5	5	2
5527	05:40.671	16	1,2,3,4,5	58	2
5528	05:40.673	1	16	5	0
5529	05:40.676	1	16	73	0
5530	05:40.680	16	1,2,3,4,5	5	2
5531	05:40.688	16	1,2,3,4,5	82	2
5532	05:40.691	5	2,3,4,8,9,10,11,16	5	3
5533	05:40.694	5	2,3,4,8,9,10,11,16	82	3
5534	05:40.698	8	2,3,4,5,6,7,9,10,11,12,13,14,15	5	1
5535	05:40.729	8	2,3,4,5,6,7,9,10,11,12,13,14,15	82	1
5536	05:40.732	12	6,7,8,9,13,14,15	5	3
5537	05:41.242	9	2,3,4,5,6,7,8,10,11,12,13,14,15	57	1
5538	05:41.244	5	2,3,4,8,9,10,11,16	5	3
5539	05:41.286	5	2,3,4,8,9,10,11,16	66	3
5540	05:41.289	16	1,2,3,4,5	5	2
5541	05:41.325	16	1,2,3,4,5	58	2
5542	05:41.327	1	16	5	0
5543	05:41.351	11	4,5,8,9,10,14,15	57	2
5544	05:41.353	5	2,3,4,8,9,10,11,16	5	3
5545	05:41.370	1	-	65	1
5546	05:41.371	5	2,3,4,8,9,10,11	66	4
5547	05:41.380	1	16	65	0
5548	05:41.383	16	1,2,3,4,5	5	2
5549	05:41.408	5	2,3,4,8,9,10,11,16	66	3
5550	05:41.411	16	1,2,3,4,5	5	2
5551	05:41.415	16	1,2,3,4,5	74	2
5552	05:41.418	5	2,3,4,8,9,10,11,16	5	3
5553	05:41.424	16	1,2,3,4,5	58	2
5554	05:41.426	1	16	5	0
5555	05:41.448	5	2,3,4,8,9,10,11,16	74	3
5556	05:41.451	9	2,3,4,5,6,7,8,10,11,12,13,14,15	5	1
5557	05:41.456	1	16	65	0
5558	05:41.459	16	1,2,3,4,5	5	2
5559	05:41.485	16	1,2,3,4,5	74	2
5560	05:41.488	5	2,3,4,8,9,10,11,16	5	3
5561	05:41.512	5	2,3,4,8,9,10,11,16	74	3
5562	05:41.515	11	4,5,8,9,10,14,15	5	2
5563	05:42.088	7	2,3,4,6,8,9,10,12,13,14	57	2
5564	05:42.090	4	2,3,5,7,8,9,10,11,16	5	4
5565	05:42.131	4	2,3,5,7,8,9,10,11,16	66	4
5566	05:42.134	16	1,2,3,4,5	5	2
5567	05:42.137	16	1,2,3,4,5	58	2
5568	05:42.139	1	16	5	0
5569	05:42.150	1	16	65	0
5570	05:42.153	16	1,2,3,4,5	5	2
5571	05:42.164	16	1,2,3,4,5	74	2
5572	05:42.167	4	2,3,5,7,8,9,10,11,16	5	4
5573	05:42.173	4	2,3,5,7,8,9,10,11,16	74	4
5574	05:42.176	7	2,3,4,6,8,9,10,12,13,14	5	2
5575	05:43.794	4	2,3,5,7,8,9,10,11,16	57	4
5576	05:43.796	16	1,2,3,4,5	5	2
5577	05:43.826	16	1,2,3,4,5	58	2
5578	05:43.828	1	16	5	0
5579	05:43.840	1	16	57	0
5580	05:43.842	16	1,2,3,4,5	5	2
5581	05:43.864	16	1,2,3,4,5	66	2
5582	05:43.867	4	2,3,5,7,8,9,10,11,16	5	4
5583	05:44.664	14	7,8,9,10,11,12,13,15	57	4
5584	05:44.666	11	4,5,8,9,10,14,15	5	2
5585	05:44.678	12	6,7,8,9,13,14,15	102	3
5586	05:44.682	9	2,3,4,5,6,7,8,10,11,12,13,14,15	5	1
5587	05:44.744	11	4,5,8,9,10,14,15	66	2
5588	05:44.747	5	2,3,4,8,9,10,11,16	5	3
5589	05:44.787	5	2,3,4,8,9,10,11,16	66	3
5590	05:44.790	16	1,2,3,4,5	5	2
5591	05:44.799	16	1,2,3,4,5	58	2
5592	05:44.801	1	16	5	0
5593	05:44.829	1	16	73	0
5594	05:44.832	16	1,2,3,4,5	5	2
5595	05:44.856	16	1,2,3,4,5	82	2
5596	05:44.859	5	2,3,4,8,9,10,11,16	5	3
5597	05:44.888	5	2,3,4,8,9,10,11,16	82	3
5598	05:44.891	11	4,5,8,9,10,14,15	5	2
5599	05:44.933	11	4,5,8,9,10,14,15	82	2
5600	05:44.936	14	7,8,9,10,11,12,13,15	5	4
5601	05:45.820	15	8,9,10,11,12,13,14	57	3
5602	05:45.822	11	4,5,8,9,10,14,15	5	2
5603	05:45.853	11	4,5,8,9,10,14,15	66	2
5604	05:45.856	5	2,3,4,8,9,10,11,16	5	3
5605	05:45.864	5	2,3,4,8,9,10,11,16	66	3
5606	05:45.867	16	1,2,3,4,5	5	2
5607	05:45.871	16	1,2,3,4,5	58	2
5608	05:45.873	1	16	5	0
5609	05:45.890	1	16	73	0
5610	05:45.893	16	1,2,3,4,5	5	2
5611	05:45.896	16	1,2,3,4,5	82	2
5612	05:45.899	5	2,3,4,8,9,10,11,16	5	3
5613	05:45.941	5	2,3,4,8,9,10,11,16	82	3
5614	05:45.944	11	4,5,8,9,10,14,15	5	2
5615	05:45.958	11	4,5,8,9,10,14,15	82	2
5616	05:45.961	15	8,9,10,11,12,13,14	5	3
5617	05:46.140	8	2,3,4,5,6,7,9,10,11,12,13,14,15	102	1
5618	05:46.144	11	4,5,8,9,10,14,15	5	2
5619	05:46.292	3	2,4,5,6,7,8,9,10,16	57	4
5620	05:46.294	16	1,2,3,4,5	5	2
5621	05:46.297	16	1,2,3,4,5	58	2
5622	05:46.300	1	16	5	0
5623	05:46.303	1	16	57	0
5624	05:46.306	16	1,2,3,4,5	5	2
5625	05:46.341	16	1,2,3,4,5	66	2
5626	05:46.344	3	2,4,5,6,7,8,9,10,16	5	4
5627	05:46.755	10	3,4,5,7,8,9,11,13,14,15	57	2
5628	05:46.757	5	2,3,4,8,9,10,11,16	5	3
5629	05:46.783	5	2,3,4,8,9,10,11,16	66	3
5630	05:46.786	16	1,2,3,4,5	5	2
5631	05:46.824	16	1,2,3,4,5	58	2
5632	05:46.826	1	16	5	0
5633	05:46.839	1	16	65	0
5634	05:46.842	16	1,2,3,4,5	5	2
5635	05:46.863	6	2,3,7,8,9,12,13	57	2
5636	05:46.865	2	3,4,5,6,7,8,9,16	5	3
5637	05:46.871	16	1,2,3,4,5	74	2
5638	05:46.874	5	2,3,4,8,9,10,11,16	5	3
5639	05:46.877	5	2,3,4,8,9,10,11,16	74	3
5640	05:46.880	10	3,4,5,7,8,9,11,13,14,15	5	2
5641	05:46.947	2	3,4,5,6,7,8,9,16	66	3
5642	05:46.950	16	1,2,3,4,5	5	2
5643	05:46.987	16	1,2,3,4,5	58	2
5644	05:46.989	1	16	5	0
5645	05:47.025	1	16	65	0
5646	05:47.028	16	1,2,3,4,5	5	2
5647	05:47.054	16	1,2,3,4,5	74	2
5648	05:47.057	2	3,4,5,6,7,8,9,16	5	3
5649	05:47.066	2	3,4,5,6,7,8,9,16	74	3
5650	05:47.069	6	2,3,7,8,9,12,13	5	2
5651	05:47.208	5	2,3,4,8,9,10,11,16	57	3
5652	05:47.210	16	1,2,3,4,5	5	2
5653	05:47.221	16	1,2,3,4,5	58	2
5654	05:47.223	1	16	5	0
5655	05:47.266	1	16	57	0
5656	05:47.268	16	1,2,3,4,5	5	2
5657	05:47.296	16	1,2,3,4,5	66	2
5658	05:47.299	5	2,3,4,8,9,10,11,16	5	3
5659	05:48.094	2	3,4,5,6,7,8,9,16	57	3
5660	05:48.096	16	1,2,3,4,5	5	2
5661	05:48.114	16	1,2,3,4,5	58	2
5662	05:48.116	1	16	5	0
5663	05:48.152	1	16	57	0
5664	05:48.154	16	1,2,3,4,5	5	2
5665	05:48.158	16	1,2,3,4,5	66	2
5666	05:48.161	2	3,4,5,6,7,8,9,16	5	3
5667	05:49.743	12	6,7,8,9,13,14,15	57	3
5668	05:49.745	8	2,3,4,5,6,7,9,10,11,12,13,14,15	5	1
5669	05:49.763	8	2,3,4,5,6,7,9,10,11,12,13,14,15	66	1
5670	05:49.766	5	2,3,4,8,9,10,11,16	5	3
5671	05:49.789	5	2,3,4,8,9,10,11,16	66	3
5672	05:49.792	16	1,2,3,4,5	5	2
5673	05:49.817	16	1,2,3,4,5	58	2
5674	05:49.819	1	16	5	0
5675	05:49.862	1	16	73	0
5676	05:49.865	16	1,2,3,4,5	5	2
5677	05:49.870	16	1,2,3,4,5	82	2
5678	05:49.873	5	2,3,4,8,9,10,11,16	5	3
5679	05:49.891	5	2,3,4,8,9,10,11,16	82	3
5680	05:49.894	8	2,3,4,5,6,7,9,10,11,12,13,14,15	5	1
5681	05:49.934	8	2,3,4,5,6,7,9,10,11,12,13,14,15	82	1
5682	05:49.937	12	6,7,8,9,13,14,15	5	3
5683	05:50.075	13	6,7,8,9,10,12,14,15	57	4
5684	05:50.077	10	3,4,5,7,8,9,11,13,14,15	5	2
5685	05:50.103	10	3,4,5,7,8,9,11,13,14,15	66	2
5686	05:50.106	5	2,3,4,8,9,10,11,16	5	3
5687	05:50.147	5	2,3,4,8,9,10,11,16	66	3
5688	05:50.150	16	1,2,3,4,5	5	2
5689	05:50.153	16	1,2,3,4,5	58	2
5690	05:50.155	1	16	5	0
5691	05:50.170	1	16	73	0
5692	05:50.173	16	1,2,3,4,5	5	2
5693	05:50.207	16	1,2,3,4,5	82	2
5694	05:50.210	5	2,3,4,8,9,10,11,16	5	3
5695	05:50.213	5	2,3,4,8,9,10,11,16	82	3
5696	05:50.217	10	3,4,5,7,8,9,11,13,14,15	5	2
5697	05:50.231	10	3,4,5,7,8,9,11,13,14,15	82	2
5698	05:50.234	13	6,7,8,9,10,12,14,15	5	4
5699	05:50.588	11	4,5,8,9,10,14,15	57	2
5700	05:50.590	5	2,3,4,8,9,10,11,16	5	3
5701	05:50.624	5	2,3,4,8,9,10,11,16	66	3
5702	05:50.627	16	1,2,3,4,5	5	2
5703	05:50.663	16	1,2,3,4,5	58	2
5704	05:50.665	1	16	5	0
5705	05:50.701	1	16	65	0
5706	05:50.704	16	1,2,3,4,5	5	2
5707	05:50.731	16	1,2,3,4,5	74	2
5708	05:50.734	5	2,3,4,8,9,10,11,16	5	3
5709	05:50.746	5	2,3,4,8,9,10,11,16	74	3
5710	05:50.749	11	4,5,8,9,10,14,15	5	2
5711	05:51.063	8	2,3,4,5,6,7,9,10,11,12,13,14,15	57	1
5712	05:51.065	5	2,3,4,8,9,10,11,16	5	3
5713	05:51.082	5	2,3,4,8,9,10,11,16	66	3
5714	05:51.085	16	1,2,3,4,5	5	2
5715	05:51.104	9	2,3,4,5,6,7,8,10,11,12,13,14,15	57	1
5716	05:51.106	5	2,3,4,8,9,10,11,16	5	3
5717	05:51.113	5	2,3,4,8,9,10,11,16	66	3
5718	05:51.116	16	1,2,3,4,5	5	2
5719	05:51.123	16	1,2,3,4,5	58	2
5720	05:51.125	1	16	5	0
5721	05:51.134	1	16	65	0
5722	05:51.137	16	1,2,3,4,5	5	2
5723	05:51.157	16	1,2,3,4,5	58	2
5724	05:51.159	1	16	5	0
5725	05:51.162	16	1,2,3,4,5	74	2
5726	05:51.166	5	2,3,4,8,9,10,11,16	5	3
5727	05:51.169	1	16	65	0
5728	05:51.172	16	1,2,3,4,5	5	2
5729	05:51.202	5	2,3,4,8,9,10,11,16	74	3
5730	05:51.205	8	2,3,4,5,6,7,9,10,11,12,13,14,15	5	1
5731	05:51.243	16	1,2,3,4,5	74	2
5732	05:51.246	5	2,3,4,8,9,10,11,16	5	3
5733	05:51.282	5	2,3,4,8,9,10,11,16	74	3
5734	05:51.285	9	2,3,4,5,6,7,8,10,11,12,13,14,15	5	1
5735	05:52.527	7	2,3,4,6,8,9,10,12,13,14	57	2
5736	05:52.529	4	2,3,5,7,8,9,10,11,16	5	4
5737	05:52.565	4	2,3,5,7,8,9,10,11,16	66	4
5738	05:52.568	16	1,2,3,4,5	5	2
5739	05:52.589	16	1,2,3,4,5	58	2
5740	05:52.591	1	16	5	0
5741	05:52.604	1	16	65	0
5742	05:52.607	16	1,2,3,4,5	5	2
5743	05:52.620	16	1,2,3,4,5	74	2
5744	05:52.623	4	2,3,5,7,8,9,10,11,16	5	4
5745	05:52.640	4	2,3,5,7,8,9,10,11,16	74	4
5746	05:52.643	7	2,3,4,6,8,9,10,12,13,14	5	2
5747	05:53.400	4	2,3,5,7,8,9,10,11,16	57	4
5748	05:53.402	16	1,2,3,4,5	5	2
5749	05:53.431	16	1,2,3,4,5	58	2
5750	05:53.433	1	16	5	0
5751	05:53.473	1	16	57	0
5752	05:53.475	16	1,2,3,4,5	5	2
5753	05:53.481	16	1,2,3,4,5	66	2
5754	05:53.484	4	2,3,5,7,8,9,10,11,16	5	4
5755	05:54.437	14	7,8,9,10,11,12,13,15	57	4
5756	05:54.439	11	4,5,8,9,10,14,15	5	2
5757	05:54.480	11	4,5,8,9,10,14,15	66	2
5758	05:54.483	5	2,3,4,8,9,10,11,16	5	3
5759	05:54.494	5	2,3,4,8,9,10,11,16	66	3
5760	05:54.497	16	1,2,3,4,5	5	2
5761	05:54.523	16	1,2,3,4,5	58	2
5762	05:54.525	1	16	5	0
5763	05:54.544	1	16	73	0
5764	05:54.547	16	1,2,3,4,5	5	2
5765	05:54.579	16	1,2,3,4,5	82	2
5766	05:54.582	5	2,3,4,8,9,10,11,16	5	3
5767	05:54.617	5	2,3,4,8,9,10,11,16	82	3
5768	05:54.620	11	4,5,8,9,10,14,15	5	2
5769	05:54.627	11	4,5,8,9,10,14,15	82	2
5770	05:54.630	14	7,8,9,10,11,12,13,15	5	4
5771	05:55.246	15	8,9,10,11,12,13,14	57	3
5772	05:55.248	11	4,5,8,9,10,14,15	5	2
5773	05:55.283	11	4,5,8,9,10,14,15	66	2
5774	05:55.286	5	2,3,4,8,9,10,11,16	5	3
5775	05:55.292	5	2,3,4,8,9,10,11,16	66	3
5776	05:55.295	16	1,2,3,4,5	5	2
5777	05:55.308	16	1,2,3,4,5	58	2
5778	05:55.310	1	16	5	0
5779	05:55.317	1	16	73	0
5780	05:55.320	16	1,2,3,4,5	5	2
5781	05:55.348	16	1,2,3,4,5	82	2
5782	05:55.351	5	2,3,4,8,9,10,11,16	5	3
5783	05:55.379	5	2,3,4,8,9,10,11,16	82	3
5784	05:55.382	11	4,5,8,9,10,14,15	5	2
5785	05:55.406	11	4,5,8,9,10,14,15	82	2
5786	05:55.409	15	8,9,10,11,12,13,14	5	3
5787	05:56.561	3	2,4,5,6,7,8,9,10,16	57	4
5788	05:56.563	16	1,2,3,4,5	5	2
5789	05:56.568	16	1,2,3,4,5	58	2
5790	05:56.570	1	16	5	0
5791	05:56.595	1	16	57	0
5792	05:56.597	16	1,2,3,4,5	5	2
5793	05:56.605	16	1,2,3,4,5	66	2
5794	05:56.608	3	2,4,5,6,7,8,9,10,16	5	4
5795	05:56.665	5	2,3,4,8,9,10,11,16	57	3
5796	05:56.667	16	1,2,3,4,5	5	2
5797	05:56.695	16	1,2,3,4,5	58	2
5798	05:56.697	1	16	5	0
5799	05:56.738	1	16	57	0
5800	05:56.740	16	1,2,3,4,5	5	2
5801	05:56.776	16	1,2,3,4,5	66	2
5802	05:56.779	5	2,3,4,8,9,10,11,16	5	3
5803	05:57.091	6	2,3,7,8,9,12,13	57	2
5804	05:57.093	2	3,4,5,6,7,8,9,16	5	3
5805	05:57.130	2	3,4,5,6,7,8,9,16	66	3
5806	05:57.133	16	1,2,3,4,5	5	2
5807	05:57.160	16	1,2,3,4,5	58	2
5808	05:57.162	1	16	5	0
5809	05:57.193	1	16	65	0
5810	05:57.196	16	1,2,3,4,5	5	2
5811	05:57.230	16	1,2,3,4,5	74	2
5812	05:57.233	2	3,4,5,6,7,8,9,16	5	3
5813	05:57.265	2	3,4,5,6,7,8,9,16	74	3
5814	05:57.268	6	2,3,7,8,9,12,13	5	2
5815	05:57.396	10	3,4,5,7,8,9,11,13,14,15	57	2
5816	05:57.398	5	2,3,4,8,9,10,11,16	5	3
5817	05:57.438	5	2,3,4,8,9,10,11,16	66	3
5818	05:57.441	16	1,2,3,4,5	5	2
5819	05:57.467	16	1,2,3,4,5	58	2
5820	05:57.469	1	16	5	0
5821	05:57.505	1	16	65	0
5822	05:57.508	16	1,2,3,4,5	5	2
5823	05:57.515	16	1,2,3,4,5	74	2
5824	05:57.518	5	2,3,4,8,9,10,11,16	5	3
5825	05:57.550	5	2,3,4,8,9,10,11,16	74	3
5826	05:57.553	10	3,4,5,7,8,9,11,13,14,15	5	2
5827	05:57.650	2	3,4,5,6,7,8,9,16	57	3
5828	05:57.652	16	1,2,3,4,5	5	2
5829	05:57.680	16	1,2,3,4,5	58	2
5830	05:57.682	1	16	5	0
5831	05:57.724	1	16	57	0
5832	05:57.726	16	1,2,3,4,5	5	2
5833	05:57.742	16	1,2,3,4,5	66	2
5834	05:57.745	2	3,4,5,6,7,8,9,16	5	3
5835	06:00.241	12	6,7,8,9,13,14,15	57	3
5836	06:00.243	8	2,3,4,5,6,7,9,10,11,12,13,14,15	5	1
5837	06:00.267	8	2,3,4,5,6,7,9,10,11,12,13,14,15	66	1
5838	06:00.270	5	2,3,4,8,9,10,11,16	5	3
5839	06:00.291	5	2,3,4,8,9,10,11,16	66	3
5840	06:00.294	16	1,2,3,4,5	5	2
5841	06:00.334	16	1,2,3,4,5	58	2
5842	06:00.336	1	16	5	0
5843	06:00.339	1	16	73	0
5844	06:00.343	16	1,2,3,4,5	5	2
5845	06:00.368	16	1	82	6
5846	06:00.369	8	6,7,10,11,12,13,14,15	57	6
5847	06:00.395	8	2,3,4,5,6,7,9,10,11,12,13,14,15	57	1
5848	06:00.397	5	2,3,4,8,9,10,11,16	5	3
5849	06:00.402	16	1,2,3,4,5	82	2
5850	06:00.405	5	2,3,4,8,9,10,11,16	5	3
5851	06:00.412	5	2,3,4,8,9,10,11,16	82	3
5852	06:00.415	8	2,3,4,5,6,7,9,10,11,12,13,14,15	5	1
5853	06:00.418	5	2,3,4,8,9,10,11,16	66	3
5854	06:00.421	16	1,2,3,4,5	5	2
5855	06:00.440	8	2,3,4,5,6,7,9,10,11,12,13,14,15	82	1
5856	06:00.443	12	6,7,8,9,13,14,15	5	3
5857	06:00.458	16	1,2,3,4,5	58	2
5858	06:00.460	1	16	5	0
5859	06:00.501	1	16	65	0
5860	06:00.504	16	1,2,3,4,5	5	2
5861	06:00.514	13	6,7,8,9,10,12,14,15	57	4
5862	06:00.516	10	3,4,5,7,8,9,11,13,14,15	5	2
5863	06:00.528	10	7,8,9,11,13,14,15	66	5
5864	06:00.530	16	1	74	6
5865	06:00.543	16	1,2,3,4,5	74	2
5866	06:00.546	5	2,3,4,8,9,10,11,16	5	3
5867	06:00.551	10	3,4,5,7,8,9,11,13,14,15	66	2
5868	06:00.554	5	2,3,4,8,9,10,11,16	5	3
5869	06:00.557	5	2,3,4,8,9,10,11,16	66	3
5870	06:00.560	16	1,2,3,4,5	5	2
5871	06:00.577	5	2,3,4,8,9,10,11,16	74	3
5872	06:00.580	8	2,3,4,5,6,7,9,10,11,12,13,14,15	5	1
5873	06:00.593	16	1,2,3,4,5	58	2
5874	06:00.595	1	16	5	0
5875	06:00.635	1	16	73	0
5876	06:00.638	16	1,2,3,4,5	5	2
5877	06:00.641	16	1,2,3,4,5	82	2
5878	06:00.644	5	2,3,4,8,9,10,11,16	5	3
5879	06:00.663	5	2,3,4,8,9,10,11,16	82	3
5880	06:00.666	10	3,4,5,7,8,9,11,13,14,15	5	2
5881	06:00.678	10	3,4,5,7,8,9,11,13,14,15	82	2
5882	06:00.681	13	6,7,8,9,10,12,14,15	5	4
5883	06:01.093	11	4,5,8,9,10,14,15	57	2
5884	06:01.095	5	2,3,4,8,9,10,11,16	5	3
5885	06:01.116	5	2,3,4,8,9,10,11,16	66	3
5886	06:01.119	16	1,2,3,4,5	5	2
5887	06:01.122	16	1,2,3,4,5	58	2
5888	06:01.124	1	16	5	0
5889	06:01.155	1	16	65	0
5890	06:01.158	16	1,2,3,4,5	5	2
5891	06:01.187	16	1,2,3,4,5	74	2
5892	06:01.190	5	2,3,4,8,9,10,11,16	5	3
5893	06:01.198	5	2,3,4,8,9,10,11,16	74	3
5894	06:01.201	11	4,5,8,9,10,14,15	5	2
5895	06:02.081	9	2,3,4,5,6,7,8,10,11,12,13,14,15	57	1
5896	06:02.083	5	2,3,4,8,9,10,11,16	5	3
5897	06:02.111	5	2,3,4,8,9,10,11,16	66	3
5898	06:02.114	16	1,2,3,4,5	5	2
5899	06:02.144	16	1,2,3,4,5	58	2
5900	06:02.146	1	16	5	0
5901	06:02.165	1	16	65	0
5902	06:02.168	16	1,2,3,4,5	5	2
5903	06:02.189	16	1,2,3,4,5	74	2
5904	06:02.192	5	2,3,4,8,9,10,11,16	5	3
5905	06:02.227	5	2,3,4,8,9,10,11,16	74	3
5906	06:02.230	9	2,3,4,5,6,7,8,10,11,12,13,14,15	5	1
5907	06:02.756	7	2,3,4,6,8,9,10,12,13,14	57	2
5908	06:02.758	4	2,3,5,7,8,9,10,11,16	5	4
5909	06:02.780	4	2,3,5,7,8,9,10,11,16	66	4
5910	06:02.783	16	1,2,3,4,5	5	2
5911	06:02.796	16	1,2,3,4,5	58	2
5912	06:02.798	1	16	5	0
5913	06:02.804	1	16	65	0
5914	06:02.807	16	1,2,3,4,5	5	2
5915	06:02.815	16	1,2,3,4,5	74	2
5916	06:02.818	4	2,3,5,7,8,9,10,11,16	5	4
5917	06:02.846	4	2,3,5,7,8,9,10,11,16	74	4
5918	06:02.849	7	2,3,4,6,8,9,10,12,13,14	5	2
5919	06:03.107	4	2,3,5,7,8,9,10,11,16	57	4
5920	06:03.109	16	1,2,3,4,5	5	2
5921	06:03.145	16	1,2,3,4,5	58	2
5922	06:03.147	1	16	5	0
5923	06:03.188	1	16	57	0
5924	06:03.190	16	1,2,3,4,5	5	2
5925	06:03.211	16	1,2,3,4,5	66	2
5926	06:03.214	4	2,3,5,7,8,9,10,11,16	5	4
5927	06:03.319	2	3,4,5,6,7,8,9,16	102	3
5928	06:03.323	5	2,3,4,8,9,10,11,16	5	3
5929	06:04.440	15	8,9,10,11,12,13,14	57	3
5930	06:04.442	11	4,5,8,9,10,14,15	5	2
5931	06:04.469	11	4,5,8,9,10,14,15	66	2
5932	06:04.472	5	2,3,4,8,9,10,11,16	5	3
5933	06:04.481	5	2,3,4,8,9,10,11,16	102	3
5934	06:04.485	2	3,4,5,6,7,8,9,16	5	3
5935	06:04.512	5	2,3,4,8,9,10,11,16	66	3
5936	06:04.515	16	1,2,3,4,5	5	2
5937	06:04.553	16	1,2,3,4,5	58	2
5938	06:04.555	1	16	5	0
5939	06:04.594	1	16	73	0
5940	06:04.597	16	1,2,3,4,5	5	2
5941	06:04.607	16	1,2,3,4,5	82	2
5942	06:04.610	5	2,3,4,8,9,10,11,16	5	3
5943	06:04.611	14	7,8,9,10,11,12,13,15	57	4
5944	06:04.614	11	4,5,8,9,10,14,15	5	2
5945	06:04.629	5	2,3,4,8,9,10,11,16	82	3
5946	06:04.632	11	4,5,8,9,10,14,15	5	2
5947	06:04.635	11	4,5,8,9,10,14,15	66	2
5948	06:04.638	5	2,3,4,8,9,10,11,16	5	3
5949	06:04.660	11	4,5,8,9,10,14,15	82	2
5950	06:04.663	15	8,9,10,11,12,13,14	5	3
5951	06:04.692	5	2,3,4,8,9,10,11,16	66	3
5952	06:04.695	16	1,2,3,4,5	5	2
5953	06:04.726	16	1,2,3,4,5	58	2
5954	06:04.728	1	16	5	0
5955	06:04.743	1	16	73	0
5956	06:04.746	16	1,2,3,4,5	5	2
5957	06:04.761	16	1,2,3,4,5	82	2
5958	06:04.764	5	2,3,4,8,9,10,11,16	5	3
5959	06:04.770	5	2,3,4,8,9,10,11,16	82	3
5960	06:04.773	11	4,5,8,9,10,14,15	5	2
5961	06:04.802	11	4,5,8,9,10,14,15	82	2
5962	06:04.805	14	7,8,9,10,11,12,13,15	5	4
5963	06:06.125	6	2,3,7,8,9,12,13	57	2
5964	06:06.127	2	3,4,5,6,7,8,9,16	5	3
5965	06:06.138	2	3,4,5,6,7,8,9,16	66	3
5966	06:06.141	16	1,2,3,4,5	5	2
5967	06:06.178	16	1,2,3,4,5	58	2
5968	06:06.180	1	16	5	0
5969	06:06.197	3	2,4,5,6,7,8,9,10,16	57	4
5970	06:06.199	16	1,2,3,4,5	5	2
5971	06:06.213	16	1,2,3,4,5	58	2
5972	06:06.215	1	16	5	0
5973	06:06.222	1	16	65	0
5974	06:06.225	16	1,2,3,4,5	5	2
5975	06:06.254	1	16	57	0
5976	06:06.256	16	1,2,3,4,5	5	2
5977	06:06.265	16	1,2,3,4,5	74	2
5978	06:06.268	2	3,4,5,6,7,8,9,16	5	3
5979	06:06.288	16	1,2,3,4,5	66	2
5980	06:06.291	3	2,4,5,6,7,8,9,10,16	5	4
5981	06:06.305	2	3,4,5,6,7,8,9,16	74	3
5982	06:06.308	6	2,3,7,8,9,12,13	5	2
5983	06:07.042	10	3,4,5,7,8,9,11,13,14,15	57	2
5984	06:07.044	5	2,3,4,8,9,10,11,16	5	3
5985	06:07.064	5	2,3,4,8,9,10,11,16	66	3
5986	06:07.067	16	1,2,3,4,5	5	2
5987	06:07.088	16	1,2,3,4,5	58	2
5988	06:07.090	1	16	5	0
5989	06:07.126	1	16	65	0
5990	06:07.129	16	1,2,3,4,5	5	2
5991	06:07.142	16	1,2,3,4,5	74	2
5992	06:07.145	5	2,3,4,8,9,10,11,16	5	3
5993	06:07.181	5	2,3,4,8,9,10,11,16	74	3
5994	06:07.184	10	3,4,5,7,8,9,11,13,14,15	5	2
5995	06:07.450	5	2,3,4,8,9,10,11,16	57	3
5996	06:07.452	16	1,2,3,4,5	5	2
5997	06:07.465	16	1,2,3,4,5	58	2
5998	06:07.467	1	16	5	0
5999	06:07.470	1	16	57	0
6000	06:07.473	16	1,2,3,4,5	5	2
6001	06:07.499	16	1,2,3,4,5	66	2
6002	06:07.502	5	2,3,4,8,9,10,11,16	5	3
6003	06:08.633	2	3,4,5,6,7,8,9,16	57	3
6004	06:08.635	16	1,2,3,4,5	5	2
6005	06:08.652	16	1,2,3,4,5	58	2
6006	06:08.654	1	16	5	0
6007	06:08.677	1	16	57	0
6008	06:08.679	16	1,2,3,4,5	5	2
6009	06:08.685	16	1,2,3,4,5	66	2
6010	06:08.688	2	3,4,5,6,7,8,9,16	5	3
6011	06:10.361	12	6,7,8,9,13,14,15	57	3
6012	06:10.363	8	2,3,4,5,6,7,9,10,11,12,13,14,15	5	1
6013	06:10.379	8	2,3,4,5,6,7,9,10,11,12,13,14,15	66	1
6014	06:10.382	5	2,3,4,8,9,10,11,16	5	3
6015	06:10.405	5	2,3,4,8,9,10,11,16	66	3
6016	06:10.408	16	1,2,3,4,5	5	2
6017	06:10.430	16	1,2,3,4,5	58	2
6018	06:10.432	1	16	5	0
6019	06:10.474	1	16	73	0
6020	06:10.477	16	1,2,3,4,5	5	2
6021	06:10.506	16	1,2,3,4,5	82	2
6022	06:10.509	5	2,3,4,8,9,10,11,16	5	3
6023	06:10.544	5	2,3,4,8,9,10,11,16	82	3
6024	06:10.547	8	2,3,4,5,6,7,9,10,11,12,13,14,15	5	1
6025	06:10.572	8	2,3,4,5,6,7,9,10,11,12,13,14,15	82	1
6026	06:10.575	12	6,7,8,9,13,14,15	5	3
6027	06:11.008	13	6,7,8,9,10,12,14,15	57	4
6028	06:11.010	10	3,4,5,7,8,9,11,13,14,15	5	2
6029	06:11.038	10	3,4,5,7,8,9,11,13,14,15	66	2
6030	06:11.041	5	2,3,4,8,9,10,11,16	5	3
6031	06:11.068	8	2,3,4,5,6,7,9,10,11,12,13,14,15	57	1
6032	06:11.070	5	2,3,4,8,9,10,11,16	5	3
6033	06:11.077	5	2,3,4,8,9,10,11,16	66	3
6034	06:11.080	16	1,2,3,4,5	5	2
6035	06:11.091	16	1,2,3,4,5	58	2
6036	06:11.093	1	16	5	0
6037	06:11.111	1	16	73	0
6038	06:11.114	16	1,2,3,4,5	5	2
6039	06:11.122	16	1,2,3,4,5	82	2
6040	06:11.125	5	2,3,4,8,9,10,11,16	5	3
6041	06:11.149	5	2,3,4,8,9,10,11,16	82	3
6042	06:11.152	10	3,4,5,7,8,9,11,13,14,15	5	2
6043	06:11.162	10	3,4,5,7,8,9,11,13,14,15	82	2
6044	06:11.165	13	6,7,8,9,10,12,14,15	5	4
6045	06:11.198	5	2,3,4,8,9,10,11,16	66	3
6046	06:11.201	16	1,2,3,4,5	5	2
6047	06:11.233	11	4,5,8,9,10,14,15	57	2
6048	06:11.235	16	1,2,3,4,5	58	2
6049	06:11.237	1	16	5	0
6050	06:11.239	11	4,5,8,9,10,14,15	57	2
6051	06:11.241	5	2,3,4,8,9,10,11,16	5	3
6052	06:11.243	1	16	65	0
6053	06:11.246	16	1,2,3,4,5	5	2
6054	06:11.260	5	2,3,4,8,9,10,11,16	66	3
6055	06:11.263	16	1,2,3,4,5	5	2
6056	06:11.267	16	1,2,3,4,5	74	2
6057	06:11.270	5	2,3,4,8,9,10,11,16	5	3
6058	06:11.283	16	1,2,3,4,5	58	2
6059	06:11.285	1	16	5	0
6060	06:11.303	5	2,3,4,8,9,10,11,16	74	3
6061	06:11.306	8	2,3,4,5,6,7,9,10,11,12,13,14,15	5	1
6062	06:11.314	1	16	65	0
6063	06:11.317	16	1,2,3,4,5	5	2
6064	06:11.322	16	1,2,3,4,5	74	2
6065	06:11.325	5	2,3,4,8,9,10,11,16	5	3
6066	06:11.340	5	2,3,4,8,9,10,11,16	74	3
6067	06:11.343	11	4,5,8,9,10,14,15	5	2
6068	06:12.729	9	2,3,4,5,6,7,8,10,11,12,13,14,15	57	1
6069	06:12.731	5	2,3,4,8,9,10,11,16	5	3
6070	06:12.760	5	2,3,4,8,9,10,11,16	66	3
6071	06:12.763	16	1,2,3,4,5	5	2
6072	06:12.793	16	1,2,3,4,5	58	2
6073	06:12.795	1	16	5	0
6074	06:12.807	1	16	65	0
6075	06:12.810	16	1,2,3,4,5	5	2
6076	06:12.837	16	1,2,3,4,5	74	2
6077	06:12.840	5	2,3,4,8,9,10,11,16	5	3
6078	06:12.871	5	2,3,4,8,9,10,11,16	74	3
6079	06:12.874	9	2,3,4,5,6,7,8,10,11,12,13,14,15	5	1
6080	06:12.989	4	2,3,5,7,8,9,10,11,16	57	4
6081	06:12.991	16	1,2,3,4,5	5	2
6082	06:13.028	16	1,2,3,4,5	58	2
6083	06:13.030	1	16	5	0
6084	06:13.061	1	16	57	0
6085	06:13.063	16	1,2,3,4,5	5	2
6086	06:13.086	16	1,2,3,4,5	66	2
6087	06:13.089	4	2,3,5,7,8,9,10,11,16	5	4
6088	06:13.408	7	2,3,4,6,8,9,10,12,13,14	57	2
6089	06:13.410	4	2,3,5,7,8,9,10,11,16	5	4
6090	06:13.415	4	2,3,5,7,8,9,10,11,16	66	4
6091	06:13.418	16	1,2,3,4,5	5	2
6092	06:13.452	16	1,2,3,4,5	58	2
6093	06:13.454	1	16	5	0
6094	06:13.468	1	16	65	0
6095	06:13.471	16	1,2,3,4,5	5	2
6096	06:13.512	16	1,2,3,4,5	74	2
6097	06:13.515	4	2,3,5,7,8,9,10,11,16	5	4
6098	06:13.551	4	2,3,5,7,8,9,10,11,16	74	4
6099	06:13.554	7	2,3,4,6,8,9,10,12,13,14	5	2
6100	06:13.809	15	8,9,10,11,12,13,14	57	3
6101	06:13.811	11	4,5,8,9,10,14,15	5	2
6102	06:13.815	11	4,5,8,9,10,14,15	66	2
6103	06:13.818	5	2,3,4,8,9,10,11,16	5	3
6104	06:13.856	5	2,3,4,8,9,10,11,16	66	3
6105	06:13.859	16	1,2,3,4,5	5	2
6106	06:13.874	16	1,2,3,4,5	58	2
6107	06:13.876	1	16	5	0
6108	06:13.887	1	16	73	0
6109	06:13.890	16	1,2,3,4,5	5	2
6110	06:13.899	16	1,2,3,4,5	82	2
6111	06:13.902	5	2,3,4,8,9,10,11,16	5	3
6112	06:13.933	5	2,3,4,8,9,10,11,16	82	3
6113	06:13.936	11	4,5,8,9,10,14,15	5	2
6114	06:13.959	11	4,5,8,9,10,14,15	82	2
6115	06:13.962	15	8,9,10,11,12,13,14	5	3
6116	06:13.982	14	7,8,9,10,11,12,13,15	57	4
6117	06:13.984	11	4,5,8,9,10,14,15	5	2
6118	06:13.994	11	4,5,8,9,10,14,15	66	2
6119	06:13.997	5	2,3,4,8,9,10,11,16	5	3
6120	06:14.004	5	2,3,4,8,9,10,11,16	66	3
6121	06:14.007	16	1,2,3,4,5	5	2
6122	06:14.010	16	1,2,3,4,5	58	2
6123	06:14.012	1	16	5	0
6124	06:14.025	1	16	73	0
6125	06:14.028	16	1,2,3,4,5	5	2
6126	06:14.069	16	1,2,3,4,5	82	2
6127	06:14.072	5	2,3,4,8,9,10,11,16	5	3
6128	06:14.095	5	2,3,4,8,9,10,11,16	82	3
6129	06:14.098	11	4,5,8,9,10,14,15	5	2
6130	06:14.106	11	4,5,8,9,10,14,15	82	2
6131	06:14.109	14	7,8,9,10,11,12,13,15	5	4
6132	06:15.910	9	2,3,4,5,6,7,8,10,11,12,13,14,15	102	1
6133	06:15.914	3	2,4,5,6,7,8,9,10,16	5	4
6134	06:16.108	6	2,3,7,8,9,12,13	57	2
6135	06:16.110	2	3,4,5,6,7,8,9,16	5	3
6136	06:16.127	3	2,4,5,6,7,8,9,10,16	57	4
6137	06:16.129	16	1,2,3,4,5	5	2
6138	06:16.137	16	1,2,3,4,5	58	2
6139	06:16.139	1	16	5	0
6140	06:16.152	2	3,4,5,6,7,8,9,16	66	3
6141	06:16.155	16	1,2,3,4,5	5	2
6142	06:16.165	1	16	57	0
6143	06:16.167	16	1,2,3,4,5	5	2
6144	06:16.170	16	1,2,3,4,5	66	2
6145	06:16.173	3	2,4,5,6,7,8,9,10,16	5	4
6146	06:16.180	16	1,2,3,4,5	58	2
6147	06:16.182	1	16	5	0
6148	06:16.201	1	16	65	0
6149	06:16.204	16	1,2,3,4,5	5	2
6150	06:16.224	16	1,2,3,4,5	74	2
6151	06:16.227	2	3,4,5,6,7,8,9,16	5	3
6152	06:16.233	2	3,4,5,6,7,8,9,16	74	3
6153	06:16.236	6	2,3,7,8,9,12,13	5	2
6154	06:16.730	10	3,4,5,7,8,9,11,13,14,15	57	2
6155	06:16.732	5	2,3,4,8,9,10,11,16	5	3
6156	06:16.757	5	2,3,4,8,9,10,11,16	66	3
6157	06:16.760	16	1,2,3,4,5	5	2
6158	06:16.796	16	1,2,3,4,5	58	2
6159	06:16.798	1	16	5	0
6160	06:16.830	1	16	65	0
6161	06:16.833	16	1,2,3,4,5	5	2
6162	06:16.859	16	1,2,3,4,5	74	2
6163	06:16.862	5	2,3,4,8,9,10,11,16	5	3
6164	06:16.875	5	2,3,4,8,9,10,11,16	74	3
6165	06:16.878	10	3,4,5,7,8,9,11,13,14,15	5	2
6166	06:17.645	2	3,4,5,6,7,8,9,16	57	3
6167	06:17.647	16	1,2,3,4,5	5	2
6168	06:17.675	16	1,2,3,4,5	58	2
6169	06:17.677	1	16	5	0
6170	06:17.682	1	16	57	0
6171	06:17.684	16	1,2,3,4,5	5	2
6172	06:17.705	16	1,2,3,4,5	66	2
6173	06:17.708	2	3,4,5,6,7,8,9,16	5	3
6174	06:17.815	14	7,8,9,10,11,12,13,15	102	4
6175	06:17.819	7	2,3,4,6,8,9,10,12,13,14	5	2
6176	06:18.071	5	2,3,4,8,9,10,11,16	57	3
6177	06:18.073	16	1,2,3,4,5	5	2
6178	06:18.078	16	1,2,3,4,5	58	2
6179	06:18.080	1	16	5	0
6180	06:18.106	1	16	57	0
6181	06:18.108	16	1,2,3,4,5	5	2
6182	06:18.119	16	1,2,3,4,5	66	2
6183	06:18.122	5	2,3,4,8,9,10,11,16	5	3
6184	06:19.312	11	4,5,8,9,10,14,15	102	2
6185	06:19.316	4	2,3,5,7,8,9,10,11,16	5	4
6186	06:20.005	12	6,7,8,9,13,14,15	57	3
6187	06:20.007	8	2,3,4,5,6,7,9,10,11,12,13,14,15	5	1
6188	06:20.031	8	2,3,4,5,6,7,9,10,11,12,13,14,15	66	1
6189	06:20.034	5	2,3,4,8,9,10,11,16	5	3
6190	06:20.065	5	2,3,4,8,9,10,11,16	66	3
6191	06:20.068	16	1,2,3,4,5	5	2
6192	06:20.108	16	1,2,3,4,5	58	2
6193	06:20.110	1	16	5	0
6194	06:20.153	1	16	73	0
6195	06:20.156	16	1,2,3,4,5	5	2
6196	06:20.182	16	1,2,3,4,5	82	2
6197	06:20.185	5	2,3,4,8,9,10,11,16	5	3
6198	06:20.212	5	2,3,4,8,9,10,11,16	82	3
6199	06:20.215	8	2,3,4,5,6,7,9,10,11,12,13,14,15	5	1
6200	06:20.244	8	2,3,4,5,6,7,9,10,11,12,13,14,15	82	1
6201	06:20.247	12	6,7,8,9,13,14,15	5	3
6202	06:21.446	13	6,7,8,9,10,12,14,15	57	4
6203	06:21.448	10	3,4,5,7,8,9,11,13,14,15	5	2
6204	06:21.459	10	3,4,5,7,8,9,11,13,14,15	66	2
6205	06:21.462	5	2,3,4,8,9,10,11,16	5	3
6206	06:21.476	7	2,3,4,6,8,9,10,12,13,14	102	2
6207	06:21.480	3	2,4,5,6,7,8,9,10,16	5	4
6208	06:21.490	5	2,3,4,8,9,10,11,16	66	3
6209	06:21.493	16	1,2,3,4,5	5	2
6210	06:21.496	16	1,2,3,4,5	58	2
6211	06:21.498	1	16	5	0
6212	06:21.520	1	16	73	0
6213	06:21.523	16	1,2,3,4,5	5	2
6214	06:21.536	16	1,2,3,4,5	82	2
6215	06:21.539	5	2,3,4,8,9,10,11,16	5	3
6216	06:21.554	5	2,3,4,8,9,10,11,16	82	3
6217	06:21.557	10	3,4,5,7,8,9,11,13,14,15	5	2
6218	06:21.560	10	3,4,5,7,8,9,11,13,14,15	82	2
6219	06:21.564	13	6,7,8,9,10,12,14,15	5	4
6220	06:21.589	11	4,5,8,9,10,14,15	57	2
6221	06:21.591	5	2,3,4,8,9,10,11,16	5	3
6222	06:21.603	5	2,3,4,8,9,10,11,16	66	3
6223	06:21.606	16	1,2,3,4,5	5	2
6224	06:21.631	16	1,2,3,4,5	58	2
6225	06:21.633	1	16	5	0
6226	06:21.650	1	16	65	0
6227	06:21.653	16	1,2,3,4,5	5	2
6228	06:21.676	16	1,2,3,4,5	74	2
6229	06:21.679	5	2,3,4,8,9,10,11,16	5	3
6230	06:21.688	5	2,3,4,8,9,10,11,16	74	3
6231	06:21.691	11	4,5,8,9,10,14,15	5	2
6232	06:22.005	8	2,3,4,5,6,7,9,10,11,12,13,14,15	57	1
6233	06:22.007	5	2,3,4,8,9,10,11,16	5	3
6234	06:22.040	5	2,3,4,8,9,10,11,16	66	3
6235	06:22.043	16	1,2,3,4,5	5	2
6236	06:22.052	15	8,9,10,11,12,13,14	102	3
6237	06:22.056	8	2,3,4,5,6,7,9,10,11,12,13,14,15	5	1
6238	06:22.069	16	1,2,3,4,5	58	2
6239	06:22.071	1	16	5	0
6240	06:22.077	4	2,3,5,7,8,9,10,11,16	57	4
6241	06:22.079	16	1,2,3,4,5	5	2
6242	06:22.087	1	16	65	0
6243	06:22.090	16	1,2,3,4,5	5	2
6244	06:22.094	16	1,2,3,4,5	74	2
6245	06:22.097	5	2,3,4,8,9,10,11,16	5	3
6246	06:22.100	16	1,2,3,4,5	58	2
6247	06:22.103	1	16	5	0
6248	06:22.111	1	16	57	0
6249	06:22.113	16	1,2,3,4,5	5	2
6250	06:22.127	5	2,3,4,8,9,10,11,16	74	3
6251	06:22.130	8	2,3,4,5,6,7,9,10,11,12,13,14,15	5	1
6252	06:22.147	16	1,2,3,4,5	66	2
6253	06:22.150	4	2,3,5,7,8,9,10,11,16	5	4
6254	06:22.526	9	2,3,4,5,6,7,8,10,11,12,13,14,15	57	1
6255	06:22.528	5	2,3,4,8,9,10,11,16	5	3
6256	06:22.550	5	2,3,4,8,9,10,11,16	66	3
6257	06:22.553	16	1,2,3,4,5	5	2
6258	06:22.588	16	1,2,3,4,5	58	2
6259	06:22.590	1	16	5	0
6260	06:22.611	1	16	65	0
6261	06:22.614	16	1,2,3,4,5	5	2
6262	06:22.645	13	6,7,8,9,10,12,14,15	102	4
6263	06:22.649	12	6,7,8,9,13,14,15	5	3
6264	06:22.651	16	1,2,3,4,5	74	2
6265	06:22.654	5	2,3,4,8,9,10,11,16	5	3
6266	06:22.679	5	2,3,4,8,9,10,11,16	74	3
6267	06:22.682	9	2,3,4,5,6,7,8,10,11,12,13,14,15	5	1
6268	06:23.670	7	2,3,4,6,8,9,10,12,13,14	57	2
6269	06:23.672	4	2,3,5,7,8,9,10,11,16	5	4
6270	06:23.675	4	2,3,5,7,8,9,10,11,16	66	4
6271	06:23.678	16	1,2,3,4,5	5	2
6272	06:23.704	16	1,2,3,4,5	58	2
6273	06:23.706	1	16	5	0
6274	06:23.733	1	16	65	0
6275	06:23.736	16	1,2,3,4,5	5	2
6276	06:23.753	16	1,2,3,4,5	74	2
6277	06:23.756	4	2,3,5,7,8,9,10,11,16	5	4
6278	06:23.785	4	2,3,5,7,8,9,10,11,16	74	4
6279	06:23.788	7	2,3,4,6,8,9,10,12,13,14	5	2
6280	06:24.152	15	8,9,10,11,12,13,14	57	3
6281	06:24.154	11	4,5,8,9,10,14,15	5	2
6282	06:24.182	11	4,5,8,9,10,14,15	66	2
6283	06:24.185	5	2,3,4,8,9,10,11,16	5	3
6284	06:24.205	5	2,3,4,8,9,10,11,16	66	3
6285	06:24.208	16	1,2,3,4,5	5	2
6286	06:24.240	16	1,2,3,4,5	58	2
6287	06:24.242	1	16	5	0
6288	06:24.263	1	16	73	0
6289	06:24.266	16	1,2,3,4,5	5	2
6290	06:24.286	16	1,2,3,4,5	82	2
6291	06:24.289	5	2,3,4,8,9,10,11,16	5	3
6292	06:24.297	5	2,3,4,8,9,10,11,16	82	3
6293	06:24.300	11	4,5,8,9,10,14,15	5	2
6294	06:24.312	11	4,5,8,9,10,14,15	82	2
6295	06:24.315	15	8,9,10,11,12,13,14	5	3
6296	06:24.853	14	7,8,9,10,11,12,13,15	57	4
6297	06:24.855	11	4,5,8,9,10,14,15	5	2
6298	06:24.888	11	4,5,8,9,10,14,15	66	2
6299	06:24.891	5	2,3,4,8,9,10,11,16	5	3
6300	06:24.932	5	2,3,4,8,9,10,11,16	66	3
6301	06:24.935	16	1,2,3,4,5	5	2
6302	06:24.943	16	1,2,3,4,5	58	2
6303	06:24.945	1	16	5	0
6304	06:24.970	1	16	73	0
6305	06:24.973	16	1,2,3,4,5	5	2
6306	06:25.011	16	1,2,3,4,5	82	2
6307	06:25.014	5	2,3,4,8,9,10,11,16	5	3
6308	06:25.044	5	2,3,4,8,9,10,11,16	82	3
6309	06:25.047	11	4,5,8,9,10,14,15	5	2
6310	06:25.070	11	4,5,8,9,10,14,15	82	2
6311	06:25.073	14	7,8,9,10,11,12,13,15	5	4
6312	06:25.483	3	2,4,5,6,7,8,9,10,16	57	4
6313	06:25.485	16	1,2,3,4,5	5	2
6314	06:25.518	16	1,2,3,4,5	58	2
6315	06:25.520	1	16	5	0
6316	06:25.544	1	16	57	0
6317	06:25.546	16	1,2,3,4,5	5	2
6318	06:25.552	16	1,2,3,4,5	66	2
6319	06:25.555	3	2,4,5,6,7,8,9,10,16	5	4
6320	06:26.451	6	2,3,7,8,9,12,13	57	2
6321	06:26.453	2	3,4,5,6,7,8,9,16	5	3
6322	06:26.479	2	3,4,5,6,7,8,9,16	66	3
6323	06:26.482	16	1,2,3,4,5	5	2
6324	06:26.499	16	1,2,3,4,5	58	2
6325	06:26.501	1	16	5	0
6326	06:26.525	1	16	65	0
6327	06:26.528	16	1,2,3,4,5	5	2
6328	06:26.561	16	1,2,3,4,5	74	2
6329	06:26.564	2	3,4,5,6,7,8,9,16	5	3
6330	06:26.578	2	3,4,5,6,7,8,9,16	74	3
6331	06:26.581	6	2,3,7,8,9,12,13	5	2
6332	06:27.105	2	3,4,5,6,7,8,9,16	57	3
6333	06:27.107	16	1,2,3,4,5	5	2
6334	06:27.130	16	1,2,3,4,5	58	2
6335	06:27.132	1	16	5	0
6336	06:27.173	1	16	57	0
6337	06:27.175	16	1,2,3,4,5	5	2
6338	06:27.200	16	1,2,3,4,5	66	2
6339	06:27.203	2	3,4,5,6,7,8,9,16	5	3
6340	06:27.411	5	2,3,4,8,9,10,11,16	57	3
6341	06:27.413	16	1,2,3,4,5	5	2
6342	06:27.421	16	1,2,3,4,5	58	2
6343	06:27.423	1	16	5	0
6344	06:27.453	10	3,4,5,7,8,9,11,13,14,15	57	2
6345	06:27.455	5	2,3,4,8,9,10,11,16	5	3
6346	06:27.465	1	16	57	0
6347	06:27.467	16	1,2,3,4,5	5	2
6348	06:27.474	5	2,3,4,8,9,10,11,16	66	3
6349	06:27.477	16	1,2,3,4,5	5	2
6350	06:27.481	16	1,2,3,4,5	66	2
6351	06:27.484	5	2,3,4,8,9,10,11,16	5	3
6352	06:27.495	16	1,2,3,4,5	58	2
6353	06:27.497	1	16	5	0
6354	06:27.502	1	16	65	0
6355	06:27.505	16	1,2,3,4,5	5	2
6356	06:27.534	16	1,2,3,4,5	74	2
6357	06:27.537	5	2,3,4,8,9,10,11,16	5	3
6358	06:27.546	5	2,3,4,8,9,10,11,16	74	3
6359	06:27.549	10	3,4,5,7,8,9,11,13,14,15	5	2
6360	06:29.187	10	3,4,5,7,8,9,11,13,14,15	102	2
6361	06:29.191	4	2,3,5,7,8,9,10,11,16	5	4
6362	06:29.344	12	6,7,8,9,13,14,15	57	3
6363	06:29.346	8	2,3,4,5,6,7,9,10,11,12,13,14,15	5	1
6364	06:29.381	8	2,3,4,5,6,7,9,10,11,12,13,14,15	66	1
6365	06:29.384	5	2,3,4,8,9,10,11,16	5	3
6366	06:29.411	5	2,3,4,8,9,10,11,16	66	3
6367	06:29.414	16	1,2,3,4,5	5	2
6368	06:29.452	16	1,2,3,4,5	58	2
6369	06:29.454	1	16	5	0
6370	06:29.484	1	16	73	0
6371	06:29.487	16	1,2,3,4,5	5	2
6372	06:29.524	16	1,2,3,4,5	82	2
6373	06:29.527	5	2,3,4,8,9,10,11,16	5	3
6374	06:29.537	5	2,3,4,8,9,10,11,16	82	3
6375	06:29.540	8	2,3,4,5,6,7,9,10,11,12,13,14,15	5	1
6376	06:29.555	8	2,3,4,5,6,7,9,10,11,12,13,14,15	82	1
6377	06:29.558	12	6,7,8,9,13,14,15	5	3
