00:00.073	ID:8	[INFO: Main      ] Starting Contiki-NG-release/v5.1-199-g2d20e000c-dirty
00:00.073	ID:8	[INFO: Main      ] - Routing: RPL Lite
00:00.073	ID:8	[INFO: Main      ] - Net: sicslowpan
00:00.073	ID:8	[INFO: Main      ] - MAC: CSMA
00:00.073	ID:8	[INFO: Main      ] - 802.15.4 PANID: 0xabcd
00:00.073	ID:8	[INFO: Main      ] - 802.15.4 Default channel: 26
00:00.073	ID:8	[INFO: Main      ] Node ID: 8
00:00.073	ID:8	[INFO: Main      ] Link-layer address: 0008.0008.0008.0008
00:00.073	ID:8	[INFO: Main      ] Tentative link-local IPv6 address: fe80::208:8:8:8
00:00.190	ID:11	[INFO: Main      ] Starting Contiki-NG-release/v5.1-199-g2d20e000c-dirty
00:00.190	ID:11	[INFO: Main      ] - Routing: RPL Lite
00:00.190	ID:11	[INFO: Main      ] - Net: sicslowpan
00:00.190	ID:11	[INFO: Main      ] - MAC: CSMA
00:00.190	ID:11	[INFO: Main      ] - 802.15.4 PANID: 0xabcd
00:00.190	ID:11	[INFO: Main      ] - 802.15.4 Default channel: 26
00:00.190	ID:11	[INFO: Main      ] Node ID: 11
00:00.190	ID:11	[INFO: Main      ] Link-layer address: 000b.000b.000b.000b
00:00.190	ID:11	[INFO: Main      ] Tentative link-local IPv6 address: fe80::20b:b:b:b
00:00.236	ID:2	[INFO: Main      ] Starting Contiki-NG-release/v5.1-199-g2d20e000c-dirty
00:00.236	ID:2	[INFO: Main      ] - Routing: RPL Lite
00:00.236	ID:2	[INFO: Main      ] - Net: sicslowpan
00:00.236	ID:2	[INFO: Main      ] - MAC: CSMA
00:00.236	ID:2	[INFO: Main      ] - 802.15.4 PANID: 0xabcd
00:00.236	ID:2	[INFO: Main      ] - 802.15.4 Default channel: 26
00:00.236	ID:2	[INFO: Main      ] Node ID: 2
00:00.236	ID:2	[INFO: Main      ] Link-layer address: 0002.0002.0002.0002
00:00.236	ID:2	[INFO: Main      ] Tentative link-local IPv6 address: fe80::202:2:2:2
00:00.250	ID:6	[INFO: Main      ] Starting Contiki-NG-release/v5.1-199-g2d20e000c-dirty
00:00.250	ID:6	[INFO: Main      ] - Routing: RPL Lite
00:00.250	ID:6	[INFO: Main      ] - Net: sicslowpan
00:00.250	ID:6	[INFO: Main      ] - MAC: CSMA
00:00.250	ID:6	[INFO: Main      ] - 802.15.4 PANID: 0xabcd
00:00.250	ID:6	[INFO: Main      ] - 802.15.4 Default channel: 26
00:00.250	ID:6	[INFO: Main      ] Node ID: 6
00:00.250	ID:6	[INFO: Main      ] Link-layer address: 0006.0006.0006.0006
00:00.250	ID:6	[INFO: Main      ] Tentative link-local IPv6 address: fe80::206:6:6:6
00:00.348	ID:4	[INFO: Main      ] Starting Contiki-NG-release/v5.1-199-g2d20e000c-dirty
00:00.348	ID:4	[INFO: Main      ] - Routing: RPL Lite
00:00.348	ID:4	[INFO: Main      ] - Net: sicslowpan
00:00.348	ID:4	[INFO: Main      ] - MAC: CSMA
00:00.348	ID:4	[INFO: Main      ] - 802.15.4 PANID: 0xabcd
00:00.348	ID:4	[INFO: Main      ] - 802.15.4 Default channel: 26
00:00.348	ID:4	[INFO: Main      ] Node ID: 4
00:00.348	ID:4	[INFO: Main      ] Link-layer address: 0004.0004.0004.0004
00:00.348	ID:4	[INFO: Main      ] Tentative link-local IPv6 address: fe80::204:4:4:4
00:00.382	ID:1	[INFO: Main      ] Starting Contiki-NG-release/v5.1-199-g2d20e000c-dirty
00:00.382	ID:1	[INFO: Main      ] - Routing: RPL Lite
00:00.382	ID:1	[INFO: Main      ] - Net: sicslowpan
00:00.382	ID:1	[INFO: Main      ] - MAC: CSMA
00:00.382	ID:1	[INFO: Main      ] - 802.15.4 PANID: 0xabcd
00:00.382	ID:1	[INFO: Main      ] - 802.15.4 Default channel: 26
00:00.382	ID:1	[INFO: Main      ] Node ID: 1
00:00.382	ID:1	[INFO: Main      ] Link-layer address: 0001.0001.0001.0001
00:00.382	ID:1	[INFO: Main      ] Tentative link-local IPv6 address: fe80::201:1:1:1
00:00.402	ID:7	[INFO: Main      ] Starting Contiki-NG-release/v5.1-199-g2d20e000c-dirty
00:00.402	ID:7	[INFO: Main      ] - Routing: RPL Lite
00:00.402	ID:7	[INFO: Main      ] - Net: sicslowpan
00:00.402	ID:7	[INFO: Main      ] - MAC: CSMA
00:00.402	ID:7	[INFO: Main      ] - 802.15.4 PANID: 0xabcd
00:00.402	ID:7	[INFO: Main      ] - 802.15.4 Default channel: 26
00:00.402	ID:7	[INFO: Main      ] Node ID: 7
00:00.402	ID:7	[INFO: Main      ] Link-layer address: 0007.0007.0007.0007
00:00.402	ID:7	[INFO: Main      ] Tentative link-local IPv6 address: fe80::207:7:7:7
00:00.450	ID:14	[INFO: Main      ] Starting Contiki-NG-release/v5.1-199-g2d20e000c-dirty
00:00.450	ID:14	[INFO: Main      ] - Routing: RPL Lite
00:00.450	ID:14	[INFO: Main      ] - Net: sicslowpan
00:00.450	ID:14	[INFO: Main      ] - MAC: CSMA
00:00.450	ID:14	[INFO: Main      ] - 802.15.4 PANID: 0xabcd
00:00.450	ID:14	[INFO: Main      ] - 802.15.4 Default channel: 26
00:00.450	ID:14	[INFO: Main      ] Node ID: 14
00:00.450	ID:14	[INFO: Main      ] Link-layer address: 000e.000e.000e.000e
00:00.450	ID:14	[INFO: Main      ] Tentative link-local IPv6 address: fe80::20e:e:e:e
00:00.462	ID:15	[INFO: Main      ] Starting Contiki-NG-release/v5.1-199-g2d20e000c-dirty
00:00.462	ID:15	[INFO: Main      ] - Routing: RPL Lite
00:00.462	ID:15	[INFO: Main      ] - Net: sicslowpan
00:00.462	ID:15	[INFO: Main      ] - MAC: CSMA
00:00.462	ID:15	[INFO: Main      ] - 802.15.4 PANID: 0xabcd
00:00.462	ID:15	[INFO: Main      ] - 802.15.4 Default channel: 26
00:00.462	ID:15	[INFO: Main      ] Node ID: 15
00:00.462	ID:15	[INFO: Main      ] Link-layer address: 000f.000f.000f.000f
00:00.462	ID:15	[INFO: Main      ] Tentative link-local IPv6 address: fe80::20f:f:f:f
00:00.473	ID:16	[INFO: Main      ] Starting Contiki-NG-release/v5.1-199-g2d20e000c-dirty
00:00.473	ID:16	[INFO: Main      ] - Routing: RPL Lite
00:00.473	ID:16	[INFO: Main      ] - Net: sicslowpan
00:00.473	ID:16	[INFO: Main      ] - MAC: CSMA
00:00.473	ID:16	[INFO: Main      ] - 802.15.4 PANID: 0xabcd
00:00.473	ID:16	[INFO: Main      ] - 802.15.4 Default channel: 26
00:00.473	ID:16	[INFO: Main      ] Node ID: 16
00:00.473	ID:16	[INFO: Main      ] Link-layer address: 0010.0010.0010.0010
00:00.473	ID:16	[INFO: Main      ] Tentative link-local IPv6 address: fe80::210:10:10:10
00:00.473	ID:16	[INFO: CONTROL   ] CONTROL ROUTER: started, forwarding enabled
00:00.556	ID:10	[INFO: Main      ] Starting Contiki-NG-release/v5.1-199-g2d20e000c-dirty
00:00.556	ID:10	[INFO: Main      ] - Routing: RPL Lite
00:00.556	ID:10	[INFO: Main      ] - Net: sicslowpan
00:00.556	ID:10	[INFO: Main      ] - MAC: CSMA
00:00.556	ID:10	[INFO: Main      ] - 802.15.4 PANID: 0xabcd
00:00.556	ID:10	[INFO: Main      ] - 802.15.4 Default channel: 26
00:00.556	ID:10	[INFO: Main      ] Node ID: 10
00:00.556	ID:10	[INFO: Main      ] Link-layer address: 000a.000a.000a.000a
00:00.556	ID:10	[INFO: Main      ] Tentative link-local IPv6 address: fe80::20a:a:a:a
00:00.594	ID:12	[INFO: Main      ] Starting Contiki-NG-release/v5.1-199-g2d20e000c-dirty
00:00.594	ID:12	[INFO: Main      ] - Routing: RPL Lite
00:00.594	ID:12	[INFO: Main      ] - Net: sicslowpan
00:00.594	ID:12	[INFO: Main      ] - MAC: CSMA
00:00.594	ID:12	[INFO: Main      ] - 802.15.4 PANID: 0xabcd
00:00.594	ID:12	[INFO: Main      ] - 802.15.4 Default channel: 26
00:00.594	ID:12	[INFO: Main      ] Node ID: 12
00:00.594	ID:12	[INFO: Main      ] Link-layer address: 000c.000c.000c.000c
00:00.594	ID:12	[INFO: Main      ] Tentative link-local IPv6 address: fe80::20c:c:c:c
00:00.708	ID:9	[INFO: Main      ] Starting Contiki-NG-release/v5.1-199-g2d20e000c-dirty
00:00.708	ID:9	[INFO: Main      ] - Routing: RPL Lite
00:00.708	ID:9	[INFO: Main      ] - Net: sicslowpan
00:00.708	ID:9	[INFO: Main      ] - MAC: CSMA
00:00.708	ID:9	[INFO: Main      ] - 802.15.4 PANID: 0xabcd
00:00.708	ID:9	[INFO: Main      ] - 802.15.4 Default channel: 26
00:00.708	ID:9	[INFO: Main      ] Node ID: 9
00:00.708	ID:9	[INFO: Main      ] Link-layer address: 0009.0009.0009.0009
00:00.708	ID:9	[INFO: Main      ] Tentative link-local IPv6 address: fe80::209:9:9:9
00:00.715	ID:5	[INFO: Main      ] Starting Contiki-NG-release/v5.1-199-g2d20e000c-dirty
00:00.715	ID:5	[INFO: Main      ] - Routing: RPL Lite
00:00.715	ID:5	[INFO: Main      ] - Net: sicslowpan
00:00.715	ID:5	[INFO: Main      ] - MAC: CSMA
00:00.715	ID:5	[INFO: Main      ] - 802.15.4 PANID: 0xabcd
00:00.715	ID:5	[INFO: Main      ] - 802.15.4 Default channel: 26
00:00.715	ID:5	[INFO: Main      ] Node ID: 5
00:00.715	ID:5	[INFO: Main      ] Link-layer address: 0005.0005.0005.0005
00:00.715	ID:5	[INFO: Main      ] Tentative link-local IPv6 address: fe80::205:5:5:5
00:00.884	ID:13	[INFO: Main      ] Starting Contiki-NG-release/v5.1-199-g2d20e000c-dirty
00:00.884	ID:13	[INFO: Main      ] - Routing: RPL Lite
00:00.884	ID:13	[INFO: Main      ] - Net: sicslowpan
00:00.884	ID:13	[INFO: Main      ] - MAC: CSMA
00:00.884	ID:13	[INFO: Main      ] - 802.15.4 PANID: 0xabcd
00:00.884	ID:13	[INFO: Main      ] - 802.15.4 Default channel: 26
00:00.884	ID:13	[INFO: Main      ] Node ID: 13
00:00.884	ID:13	[INFO: Main      ] Link-layer address: 000d.000d.000d.000d
00:00.884	ID:13	[INFO: Main      ] Tentative link-local IPv6 address: fe80::20d:d:d:d
00:00.899	ID:3	[INFO: Main      ] Starting Contiki-NG-release/v5.1-199-g2d20e000c-dirty
00:00.899	ID:3	[INFO: Main      ] - Routing: RPL Lite
00:00.899	ID:3	[INFO: Main      ] - Net: sicslowpan
00:00.899	ID:3	[INFO: Main      ] - MAC: CSMA
00:00.899	ID:3	[INFO: Main      ] - 802.15.4 PANID: 0xabcd
00:00.899	ID:3	[INFO: Main      ] - 802.15.4 Default channel: 26
00:00.899	ID:3	[INFO: Main      ] Node ID: 3
00:00.899	ID:3	[INFO: Main      ] Link-layer address: 0003.0003.0003.0003
00:00.899	ID:3	[INFO: Main      ] Tentative link-local IPv6 address: fe80::203:3:3:3
00:03.581	ID:3	[INFO: App       ] Not reachable yet
00:03.813	ID:2	[INFO: App       ] Not reachable yet
00:04.142	ID:7	[INFO: App       ] Not reachable yet
00:04.235	ID:8	[INFO: App       ] Not reachable yet
00:04.453	ID:13	[INFO: App       ] Not reachable yet
00:04.774	ID:11	[INFO: App       ] Not reachable yet
00:05.794	ID:5	[INFO: App       ] Not reachable yet
00:07.322	ID:12	[INFO: App       ] Not reachable yet
00:07.461	ID:4	[INFO: App       ] Not reachable yet
00:08.272	ID:10	[INFO: App       ] Not reachable yet
00:08.851	ID:14	[INFO: App       ] Not reachable yet
00:09.093	ID:6	[INFO: App       ] Not reachable yet
00:09.848	ID:15	[INFO: App       ] Not reachable yet
00:10.241	ID:9	[INFO: App       ] Not reachable yet
00:13.292	ID:3	[INFO: App       ] Not reachable yet
00:13.300	ID:7	[INFO: App       ] Not reachable yet
00:14.258	ID:2	[INFO: App       ] Not reachable yet
00:14.264	ID:13	[INFO: App       ] Not reachable yet
00:14.374	ID:8	[INFO: App       ] Not reachable yet
00:14.579	ID:11	[INFO: App       ] Not reachable yet
00:15.933	ID:5	[INFO: App       ] Not reachable yet
00:17.631	ID:12	[INFO: App       ] Not reachable yet
00:17.807	ID:4	[INFO: App       ] Not reachable yet
00:19.105	ID:10	[INFO: App       ] Not reachable yet
00:19.111	ID:6	[INFO: App       ] Not reachable yet
00:19.463	ID:9	[INFO: App       ] Not reachable yet
00:19.841	ID:14	[INFO: App       ] Not reachable yet
00:19.861	ID:15	[INFO: App       ] Not reachable yet
00:22.558	ID:7	[INFO: App       ] Not reachable yet
00:22.925	ID:3	[INFO: App       ] Not reachable yet
00:23.736	ID:13	[INFO: App       ] Not reachable yet
00:24.200	ID:11	[INFO: App       ] Not reachable yet
00:24.934	ID:2	[INFO: App       ] Not reachable yet
00:25.167	ID:8	[INFO: App       ] Not reachable yet
00:25.697	ID:5	[INFO: App       ] Not reachable yet
00:27.178	ID:4	[INFO: App       ] Not reachable yet
00:27.314	ID:12	[INFO: App       ] Not reachable yet
00:28.915	ID:15	[INFO: App       ] Not reachable yet
00:28.918	ID:6	[INFO: App       ] Not reachable yet
00:29.254	ID:9	[INFO: App       ] Not reachable yet
00:29.306	ID:14	[INFO: App       ] Not reachable yet
00:29.482	ID:10	[INFO: App       ] Not reachable yet
00:32.896	ID:3	[INFO: App       ] Tx/Rx/MissedTx: 0/0/0
00:32.896	ID:3	[INFO: App       ] Sending request 0 to fd00::201:1:1:1
00:32.944	ID:1	[INFO: App       ] Received request 'hello 0' from fd00::203:3:3:3
00:32.944	ID:1	[INFO: App       ] Sending response.
00:32.985	ID:3	[INFO: App       ] Received response 'hello 0' from fd00::201:1:1:1
00:33.390	ID:13	[INFO: App       ] Not reachable yet
00:33.516	ID:7	[INFO: App       ] Not reachable yet
00:34.806	ID:11	[INFO: App       ] Not reachable yet
00:35.038	ID:5	[INFO: App       ] Tx/Rx/MissedTx: 0/0/0
00:35.038	ID:5	[INFO: App       ] Sending request 0 to fd00::201:1:1:1
00:35.083	ID:1	[INFO: App       ] Received request 'hello 0' from fd00::205:5:5:5
00:35.083	ID:1	[INFO: App       ] Sending response.
00:35.126	ID:5	[INFO: App       ] Received response 'hello 0' from fd00::201:1:1:1
00:35.671	ID:2	[INFO: App       ] Tx/Rx/MissedTx: 0/0/0
00:35.671	ID:2	[INFO: App       ] Sending request 0 to fd00::201:1:1:1
00:35.721	ID:1	[INFO: App       ] Received request 'hello 0' from fd00::202:2:2:2
00:35.721	ID:1	[INFO: App       ] Sending response.
00:35.792	ID:2	[INFO: App       ] Received response 'hello 0' from fd00::201:1:1:1
00:35.976	ID:8	[INFO: App       ] Not reachable yet
00:37.134	ID:4	[INFO: App       ] Tx/Rx/MissedTx: 0/0/0
00:37.134	ID:4	[INFO: App       ] Sending request 0 to fd00::201:1:1:1
00:37.193	ID:1	[INFO: App       ] Received request 'hello 0' from fd00::204:4:4:4
00:37.193	ID:1	[INFO: App       ] Sending response.
00:37.232	ID:12	[INFO: App       ] Not reachable yet
00:37.265	ID:4	[INFO: App       ] Received response 'hello 0' from fd00::201:1:1:1
00:38.244	ID:6	[INFO: App       ] Not reachable yet
00:38.442	ID:14	[INFO: App       ] Not reachable yet
00:38.448	ID:15	[INFO: App       ] Not reachable yet
00:39.142	ID:9	[INFO: App       ] Not reachable yet
00:39.862	ID:10	[INFO: App       ] Tx/Rx/MissedTx: 0/0/0
00:39.862	ID:10	[INFO: App       ] Sending request 0 to fd00::201:1:1:1
00:39.955	ID:1	[INFO: App       ] Received request 'hello 0' from fd00::20a:a:a:a
00:39.955	ID:1	[INFO: App       ] Sending response.
00:40.033	ID:10	[INFO: App       ] Received response 'hello 0' from fd00::201:1:1:1
00:42.411	ID:13	[INFO: App       ] Not reachable yet
00:43.241	ID:3	[INFO: App       ] Sending request 1 to fd00::201:1:1:1
00:43.301	ID:1	[INFO: App       ] Received request 'hello 1' from fd00::203:3:3:3
00:43.301	ID:1	[INFO: App       ] Sending response.
00:43.336	ID:3	[INFO: App       ] Received response 'hello 1' from fd00::201:1:1:1
00:43.897	ID:7	[INFO: App       ] Not reachable yet
00:44.260	ID:5	[INFO: App       ] Sending request 1 to fd00::201:1:1:1
00:44.298	ID:1	[INFO: App       ] Received request 'hello 1' from fd00::205:5:5:5
00:44.298	ID:1	[INFO: App       ] Sending response.
00:44.328	ID:5	[INFO: App       ] Received response 'hello 1' from fd00::201:1:1:1
00:45.195	ID:11	[INFO: App       ] Tx/Rx/MissedTx: 0/0/0
00:45.195	ID:11	[INFO: App       ] Sending request 0 to fd00::201:1:1:1
00:45.281	ID:1	[INFO: App       ] Received request 'hello 0' from fd00::20b:b:b:b
00:45.281	ID:1	[INFO: App       ] Sending response.
00:45.417	ID:11	[INFO: App       ] Received response 'hello 0' from fd00::201:1:1:1
00:45.510	ID:8	[INFO: App       ] Tx/Rx/MissedTx: 0/0/0
00:45.510	ID:8	[INFO: App       ] Sending request 0 to fd00::201:1:1:1
00:45.561	ID:1	[INFO: App       ] Received request 'hello 0' from fd00::208:8:8:8
00:45.561	ID:1	[INFO: App       ] Sending response.
00:45.680	ID:8	[INFO: App       ] Received response 'hello 0' from fd00::201:1:1:1
00:46.159	ID:2	[INFO: App       ] Sending request 1 to fd00::201:1:1:1
00:46.226	ID:1	[INFO: App       ] Received request 'hello 1' from fd00::202:2:2:2
00:46.226	ID:1	[INFO: App       ] Sending response.
00:46.260	ID:2	[INFO: App       ] Received response 'hello 1' from fd00::201:1:1:1
00:46.287	ID:4	[INFO: App       ] Sending request 1 to fd00::201:1:1:1
00:46.361	ID:1	[INFO: App       ] Received request 'hello 1' from fd00::204:4:4:4
00:46.361	ID:1	[INFO: App       ] Sending response.
00:46.414	ID:4	[INFO: App       ] Received response 'hello 1' from fd00::201:1:1:1
00:47.696	ID:14	[INFO: App       ] Not reachable yet
00:47.745	ID:12	[INFO: App       ] Not reachable yet
00:47.975	ID:6	[INFO: App       ] Tx/Rx/MissedTx: 0/0/0
00:47.975	ID:6	[INFO: App       ] Sending request 0 to fd00::201:1:1:1
00:48.012	ID:1	[INFO: App       ] Received request 'hello 0' from fd00::206:6:6:6
00:48.012	ID:1	[INFO: App       ] Sending response.
00:48.104	ID:6	[INFO: App       ] Received response 'hello 0' from fd00::201:1:1:1
00:48.410	ID:9	[INFO: App       ] Tx/Rx/MissedTx: 0/0/0
00:48.410	ID:9	[INFO: App       ] Sending request 0 to fd00::201:1:1:1
00:48.470	ID:1	[INFO: App       ] Received request 'hello 0' from fd00::209:9:9:9
00:48.470	ID:1	[INFO: App       ] Sending response.
00:48.538	ID:9	[INFO: App       ] Received response 'hello 0' from fd00::201:1:1:1
00:49.091	ID:15	[INFO: App       ] Not reachable yet
00:49.631	ID:10	[INFO: App       ] Sending request 1 to fd00::201:1:1:1
00:49.672	ID:1	[INFO: App       ] Received request 'hello 1' from fd00::20a:a:a:a
00:49.672	ID:1	[INFO: App       ] Sending response.
00:49.763	ID:10	[INFO: App       ] Received response 'hello 1' from fd00::201:1:1:1
00:52.503	ID:13	[INFO: App       ] Not reachable yet
00:52.562	ID:3	[INFO: App       ] Sending request 2 to fd00::201:1:1:1
00:52.629	ID:1	[INFO: App       ] Received request 'hello 2' from fd00::203:3:3:3
00:52.629	ID:1	[INFO: App       ] Sending response.
00:52.664	ID:3	[INFO: App       ] Received response 'hello 2' from fd00::201:1:1:1
00:53.563	ID:7	[INFO: App       ] Tx/Rx/MissedTx: 0/0/0
00:53.563	ID:7	[INFO: App       ] Sending request 0 to fd00::201:1:1:1
00:53.629	ID:1	[INFO: App       ] Received request 'hello 0' from fd00::207:7:7:7
00:53.629	ID:1	[INFO: App       ] Sending response.
00:53.693	ID:7	[INFO: App       ] Received response 'hello 0' from fd00::201:1:1:1
00:54.385	ID:5	[INFO: App       ] Sending request 2 to fd00::201:1:1:1
00:54.432	ID:1	[INFO: App       ] Received request 'hello 2' from fd00::205:5:5:5
00:54.432	ID:1	[INFO: App       ] Sending response.
00:54.477	ID:5	[INFO: App       ] Received response 'hello 2' from fd00::201:1:1:1
00:54.967	ID:11	[INFO: App       ] Sending request 1 to fd00::201:1:1:1
00:55.016	ID:1	[INFO: App       ] Received request 'hello 1' from fd00::20b:b:b:b
00:55.016	ID:1	[INFO: App       ] Sending response.
00:55.119	ID:11	[INFO: App       ] Received response 'hello 1' from fd00::201:1:1:1
00:56.110	ID:8	[INFO: App       ] Sending request 1 to fd00::201:1:1:1
00:56.206	ID:1	[INFO: App       ] Received request 'hello 1' from fd00::208:8:8:8
00:56.206	ID:1	[INFO: App       ] Sending response.
00:56.314	ID:8	[INFO: App       ] Received response 'hello 1' from fd00::201:1:1:1
00:56.377	ID:2	[INFO: App       ] Sending request 2 to fd00::201:1:1:1
00:56.417	ID:1	[INFO: App       ] Received request 'hello 2' from fd00::202:2:2:2
00:56.417	ID:1	[INFO: App       ] Sending response.
00:56.445	ID:2	[INFO: App       ] Received response 'hello 2' from fd00::201:1:1:1
00:56.568	ID:4	[INFO: App       ] Sending request 2 to fd00::201:1:1:1
00:56.597	ID:1	[INFO: App       ] Received request 'hello 2' from fd00::204:4:4:4
00:56.597	ID:1	[INFO: App       ] Sending response.
00:56.626	ID:4	[INFO: App       ] Received response 'hello 2' from fd00::201:1:1:1
00:57.191	ID:12	[INFO: App       ] Tx/Rx/MissedTx: 0/0/0
00:57.191	ID:12	[INFO: App       ] Sending request 0 to fd00::201:1:1:1
00:57.298	ID:1	[INFO: App       ] Received request 'hello 0' from fd00::20c:c:c:c
00:57.298	ID:1	[INFO: App       ] Sending response.
00:57.440	ID:12	[INFO: App       ] Received response 'hello 0' from fd00::201:1:1:1
00:58.024	ID:6	[INFO: App       ] Sending request 1 to fd00::201:1:1:1
00:58.084	ID:1	[INFO: App       ] Received request 'hello 1' from fd00::206:6:6:6
00:58.084	ID:1	[INFO: App       ] Sending response.
00:58.127	ID:6	[INFO: App       ] Received response 'hello 1' from fd00::201:1:1:1
00:58.443	ID:14	[INFO: App       ] Tx/Rx/MissedTx: 0/0/0
00:58.443	ID:14	[INFO: App       ] Sending request 0 to fd00::201:1:1:1
00:58.517	ID:1	[INFO: App       ] Received request 'hello 0' from fd00::20e:e:e:e
00:58.517	ID:1	[INFO: App       ] Sending response.
00:58.602	ID:9	[INFO: App       ] Sending request 1 to fd00::201:1:1:1
00:58.686	ID:14	[INFO: App       ] Received response 'hello 0' from fd00::201:1:1:1
00:58.708	ID:1	[INFO: App       ] Received request 'hello 1' from fd00::209:9:9:9
00:58.708	ID:1	[INFO: App       ] Sending response.
00:58.772	ID:9	[INFO: App       ] Received response 'hello 1' from fd00::201:1:1:1
00:59.475	ID:15	[INFO: App       ] Tx/Rx/MissedTx: 0/0/0
00:59.475	ID:15	[INFO: App       ] Sending request 0 to fd00::201:1:1:1
00:59.542	ID:1	[INFO: App       ] Received request 'hello 0' from fd00::20f:f:f:f
00:59.542	ID:1	[INFO: App       ] Sending response.
00:59.665	ID:15	[INFO: App       ] Received response 'hello 0' from fd00::201:1:1:1
01:00.101	ID:10	[INFO: App       ] Sending request 2 to fd00::201:1:1:1
01:00.145	ID:1	[INFO: App       ] Received request 'hello 2' from fd00::20a:a:a:a
01:00.145	ID:1	[INFO: App       ] Sending response.
01:00.245	ID:10	[INFO: App       ] Received response 'hello 2' from fd00::201:1:1:1
01:02.177	ID:3	[INFO: App       ] Sending request 3 to fd00::201:1:1:1
01:02.205	ID:1	[INFO: App       ] Received request 'hello 3' from fd00::203:3:3:3
01:02.205	ID:1	[INFO: App       ] Sending response.
01:02.263	ID:3	[INFO: App       ] Received response 'hello 3' from fd00::201:1:1:1
01:03.310	ID:7	[INFO: App       ] Sending request 1 to fd00::201:1:1:1
01:03.325	ID:13	[INFO: App       ] Tx/Rx/MissedTx: 0/0/0
01:03.325	ID:13	[INFO: App       ] Sending request 0 to fd00::201:1:1:1
01:03.383	ID:1	[INFO: App       ] Received request 'hello 1' from fd00::207:7:7:7
01:03.383	ID:1	[INFO: App       ] Sending response.
01:03.430	ID:1	[INFO: App       ] Received request 'hello 0' from fd00::20d:d:d:d
01:03.430	ID:1	[INFO: App       ] Sending response.
01:03.472	ID:7	[INFO: App       ] Received response 'hello 1' from fd00::201:1:1:1
01:03.520	ID:13	[INFO: App       ] Received response 'hello 0' from fd00::201:1:1:1
01:04.975	ID:5	[INFO: App       ] Sending request 3 to fd00::201:1:1:1
01:05.011	ID:1	[INFO: App       ] Received request 'hello 3' from fd00::205:5:5:5
01:05.011	ID:1	[INFO: App       ] Sending response.
01:05.054	ID:5	[INFO: App       ] Received response 'hello 3' from fd00::201:1:1:1
01:05.506	ID:11	[INFO: App       ] Sending request 2 to fd00::201:1:1:1
01:05.543	ID:1	[INFO: App       ] Received request 'hello 2' from fd00::20b:b:b:b
01:05.543	ID:1	[INFO: App       ] Sending response.
01:05.637	ID:11	[INFO: App       ] Received response 'hello 2' from fd00::201:1:1:1
01:05.799	ID:8	[INFO: App       ] Sending request 2 to fd00::201:1:1:1
01:05.876	ID:1	[INFO: App       ] Received request 'hello 2' from fd00::208:8:8:8
01:05.876	ID:1	[INFO: App       ] Sending response.
01:05.960	ID:8	[INFO: App       ] Received response 'hello 2' from fd00::201:1:1:1
01:06.604	ID:4	[INFO: App       ] Sending request 3 to fd00::201:1:1:1
01:06.634	ID:1	[INFO: App       ] Received request 'hello 3' from fd00::204:4:4:4
01:06.634	ID:1	[INFO: App       ] Sending response.
01:06.673	ID:4	[INFO: App       ] Received response 'hello 3' from fd00::201:1:1:1
01:07.315	ID:2	[INFO: App       ] Sending request 3 to fd00::201:1:1:1
01:07.360	ID:12	[INFO: App       ] Sending request 1 to fd00::201:1:1:1
01:07.379	ID:1	[INFO: App       ] Received request 'hello 3' from fd00::202:2:2:2
01:07.379	ID:1	[INFO: App       ] Sending response.
01:07.413	ID:2	[INFO: App       ] Received response 'hello 3' from fd00::201:1:1:1
01:07.490	ID:1	[INFO: App       ] Received request 'hello 1' from fd00::20c:c:c:c
01:07.490	ID:1	[INFO: App       ] Sending response.
01:07.539	ID:14	[INFO: App       ] Sending request 1 to fd00::201:1:1:1
01:07.560	ID:12	[INFO: App       ] Received response 'hello 1' from fd00::201:1:1:1
01:07.693	ID:1	[INFO: App       ] Received request 'hello 1' from fd00::20e:e:e:e
01:07.693	ID:1	[INFO: App       ] Sending response.
01:07.776	ID:14	[INFO: App       ] Received response 'hello 1' from fd00::201:1:1:1
01:08.920	ID:6	[INFO: App       ] Sending request 2 to fd00::201:1:1:1
01:08.987	ID:9	[INFO: App       ] Sending request 2 to fd00::201:1:1:1
01:09.024	ID:1	[INFO: App       ] Received request 'hello 2' from fd00::206:6:6:6
01:09.024	ID:1	[INFO: App       ] Sending response.
01:09.068	ID:1	[INFO: App       ] Received request 'hello 2' from fd00::209:9:9:9
01:09.068	ID:1	[INFO: App       ] Sending response.
01:09.076	ID:6	[INFO: App       ] Received response 'hello 2' from fd00::201:1:1:1
01:09.124	ID:9	[INFO: App       ] Received response 'hello 2' from fd00::201:1:1:1
01:09.728	ID:15	[INFO: App       ] Sending request 1 to fd00::201:1:1:1
01:09.833	ID:1	[INFO: App       ] Received request 'hello 1' from fd00::20f:f:f:f
01:09.833	ID:1	[INFO: App       ] Sending response.
01:09.922	ID:15	[INFO: App       ] Received response 'hello 1' from fd00::201:1:1:1
01:10.334	ID:10	[INFO: App       ] Sending request 3 to fd00::201:1:1:1
01:10.438	ID:1	[INFO: App       ] Received request 'hello 3' from fd00::20a:a:a:a
01:10.438	ID:1	[INFO: App       ] Sending response.
01:10.527	ID:10	[INFO: App       ] Received response 'hello 3' from fd00::201:1:1:1
01:12.075	ID:3	[INFO: App       ] Sending request 4 to fd00::201:1:1:1
01:12.119	ID:1	[INFO: App       ] Received request 'hello 4' from fd00::203:3:3:3
01:12.119	ID:1	[INFO: App       ] Sending response.
01:12.198	ID:3	[INFO: App       ] Received response 'hello 4' from fd00::201:1:1:1
01:13.338	ID:7	[INFO: App       ] Sending request 2 to fd00::201:1:1:1
01:13.412	ID:1	[INFO: App       ] Received request 'hello 2' from fd00::207:7:7:7
01:13.412	ID:1	[INFO: App       ] Sending response.
01:13.492	ID:7	[INFO: App       ] Received response 'hello 2' from fd00::201:1:1:1
01:14.167	ID:13	[INFO: App       ] Sending request 1 to fd00::201:1:1:1
01:14.282	ID:1	[INFO: App       ] Received request 'hello 1' from fd00::20d:d:d:d
01:14.282	ID:1	[INFO: App       ] Sending response.
01:14.396	ID:13	[INFO: App       ] Received response 'hello 1' from fd00::201:1:1:1
01:15.191	ID:5	[INFO: App       ] Sending request 4 to fd00::201:1:1:1
01:15.241	ID:1	[INFO: App       ] Received request 'hello 4' from fd00::205:5:5:5
01:15.241	ID:1	[INFO: App       ] Sending response.
01:15.291	ID:5	[INFO: App       ] Received response 'hello 4' from fd00::201:1:1:1
01:15.488	ID:8	[INFO: App       ] Sending request 3 to fd00::201:1:1:1
01:15.526	ID:1	[INFO: App       ] Received request 'hello 3' from fd00::208:8:8:8
01:15.526	ID:1	[INFO: App       ] Sending response.
01:15.587	ID:8	[INFO: App       ] Received response 'hello 3' from fd00::201:1:1:1
01:15.782	ID:4	[INFO: App       ] Sending request 4 to fd00::201:1:1:1
01:15.862	ID:1	[INFO: App       ] Received request 'hello 4' from fd00::204:4:4:4
01:15.862	ID:1	[INFO: App       ] Sending response.
01:15.896	ID:4	[INFO: App       ] Received response 'hello 4' from fd00::201:1:1:1
01:15.904	ID:11	[INFO: App       ] Sending request 3 to fd00::201:1:1:1
01:15.986	ID:1	[INFO: App       ] Received request 'hello 3' from fd00::20b:b:b:b
01:15.986	ID:1	[INFO: App       ] Sending response.
01:16.069	ID:11	[INFO: App       ] Received response 'hello 3' from fd00::201:1:1:1
01:16.953	ID:12	[INFO: App       ] Sending request 2 to fd00::201:1:1:1
01:17.055	ID:1	[INFO: App       ] Received request 'hello 2' from fd00::20c:c:c:c
01:17.055	ID:1	[INFO: App       ] Sending response.
01:17.177	ID:12	[INFO: App       ] Received response 'hello 2' from fd00::201:1:1:1
01:17.623	ID:14	[INFO: App       ] Sending request 2 to fd00::201:1:1:1
01:17.691	ID:1	[INFO: App       ] Received request 'hello 2' from fd00::20e:e:e:e
01:17.691	ID:1	[INFO: App       ] Sending response.
01:17.772	ID:14	[INFO: App       ] Received response 'hello 2' from fd00::201:1:1:1
01:17.854	ID:2	[INFO: App       ] Sending request 4 to fd00::201:1:1:1
01:17.908	ID:1	[INFO: App       ] Received request 'hello 4' from fd00::202:2:2:2
01:17.908	ID:1	[INFO: App       ] Sending response.
01:17.944	ID:2	[INFO: App       ] Received response 'hello 4' from fd00::201:1:1:1
01:18.462	ID:6	[INFO: App       ] Sending request 3 to fd00::201:1:1:1
01:18.540	ID:1	[INFO: App       ] Received request 'hello 3' from fd00::206:6:6:6
01:18.540	ID:1	[INFO: App       ] Sending response.
01:18.613	ID:6	[INFO: App       ] Received response 'hello 3' from fd00::201:1:1:1
01:18.724	ID:9	[INFO: App       ] Sending request 3 to fd00::201:1:1:1
01:18.782	ID:1	[INFO: App       ] Received request 'hello 3' from fd00::209:9:9:9
01:18.782	ID:1	[INFO: App       ] Sending response.
01:18.843	ID:9	[INFO: App       ] Received response 'hello 3' from fd00::201:1:1:1
01:19.320	ID:15	[INFO: App       ] Sending request 2 to fd00::201:1:1:1
01:19.442	ID:1	[INFO: App       ] Received request 'hello 2' from fd00::20f:f:f:f
01:19.442	ID:1	[INFO: App       ] Sending response.
01:19.544	ID:15	[INFO: App       ] Received response 'hello 2' from fd00::201:1:1:1
01:19.912	ID:10	[INFO: App       ] Sending request 4 to fd00::201:1:1:1
01:20.028	ID:1	[INFO: App       ] Received request 'hello 4' from fd00::20a:a:a:a
01:20.028	ID:1	[INFO: App       ] Sending response.
01:20.079	ID:10	[INFO: App       ] Received response 'hello 4' from fd00::201:1:1:1
01:23.043	ID:3	[INFO: App       ] Sending request 5 to fd00::201:1:1:1
01:23.069	ID:1	[INFO: App       ] Received request 'hello 5' from fd00::203:3:3:3
01:23.069	ID:1	[INFO: App       ] Sending response.
01:23.121	ID:3	[INFO: App       ] Received response 'hello 5' from fd00::201:1:1:1
01:23.998	ID:13	[INFO: App       ] Sending request 2 to fd00::201:1:1:1
01:24.095	ID:1	[INFO: App       ] Received request 'hello 2' from fd00::20d:d:d:d
01:24.095	ID:1	[INFO: App       ] Sending response.
01:24.190	ID:7	[INFO: App       ] Sending request 3 to fd00::201:1:1:1
01:24.229	ID:13	[INFO: App       ] Received response 'hello 2' from fd00::201:1:1:1
01:24.331	ID:1	[INFO: App       ] Received request 'hello 3' from fd00::207:7:7:7
01:24.331	ID:1	[INFO: App       ] Sending response.
01:24.402	ID:7	[INFO: App       ] Received response 'hello 3' from fd00::201:1:1:1
01:24.913	ID:11	[INFO: App       ] Sending request 4 to fd00::201:1:1:1
01:24.980	ID:5	[INFO: App       ] Sending request 5 to fd00::201:1:1:1
01:24.996	ID:1	[INFO: App       ] Received request 'hello 4' from fd00::20b:b:b:b
01:24.996	ID:1	[INFO: App       ] Sending response.
01:25.023	ID:1	[INFO: App       ] Received request 'hello 5' from fd00::205:5:5:5
01:25.023	ID:1	[INFO: App       ] Sending response.
01:25.063	ID:11	[INFO: App       ] Received response 'hello 4' from fd00::201:1:1:1
01:25.142	ID:5	[INFO: App       ] Received response 'hello 5' from fd00::201:1:1:1
01:26.278	ID:8	[INFO: App       ] Sending request 4 to fd00::201:1:1:1
01:26.365	ID:1	[INFO: App       ] Received request 'hello 4' from fd00::208:8:8:8
01:26.365	ID:1	[INFO: App       ] Sending response.
01:26.378	ID:4	[INFO: App       ] Sending request 5 to fd00::201:1:1:1
01:26.427	ID:1	[INFO: App       ] Received request 'hello 5' from fd00::204:4:4:4
01:26.427	ID:1	[INFO: App       ] Sending response.
01:26.440	ID:8	[INFO: App       ] Received response 'hello 4' from fd00::201:1:1:1
01:26.473	ID:4	[INFO: App       ] Received response 'hello 5' from fd00::201:1:1:1
01:27.179	ID:2	[INFO: App       ] Sending request 5 to fd00::201:1:1:1
01:27.221	ID:1	[INFO: App       ] Received request 'hello 5' from fd00::202:2:2:2
01:27.221	ID:1	[INFO: App       ] Sending response.
01:27.273	ID:2	[INFO: App       ] Received response 'hello 5' from fd00::201:1:1:1
01:27.542	ID:12	[INFO: App       ] Sending request 3 to fd00::201:1:1:1
01:27.661	ID:1	[INFO: App       ] Received request 'hello 3' from fd00::20c:c:c:c
01:27.661	ID:1	[INFO: App       ] Sending response.
01:27.732	ID:12	[INFO: App       ] Received response 'hello 3' from fd00::201:1:1:1
01:27.977	ID:14	[INFO: App       ] Sending request 3 to fd00::201:1:1:1
01:28.094	ID:1	[INFO: App       ] Received request 'hello 3' from fd00::20e:e:e:e
01:28.094	ID:1	[INFO: App       ] Sending response.
01:28.210	ID:14	[INFO: App       ] Received response 'hello 3' from fd00::201:1:1:1
01:28.565	ID:6	[INFO: App       ] Sending request 4 to fd00::201:1:1:1
01:28.638	ID:1	[INFO: App       ] Received request 'hello 4' from fd00::206:6:6:6
01:28.638	ID:1	[INFO: App       ] Sending response.
01:28.673	ID:6	[INFO: App       ] Received response 'hello 4' from fd00::201:1:1:1
01:29.544	ID:9	[INFO: App       ] Sending request 4 to fd00::201:1:1:1
01:29.616	ID:1	[INFO: App       ] Received request 'hello 4' from fd00::209:9:9:9
01:29.616	ID:1	[INFO: App       ] Sending response.
01:29.691	ID:9	[INFO: App       ] Received response 'hello 4' from fd00::201:1:1:1
01:29.892	ID:15	[INFO: App       ] Sending request 3 to fd00::201:1:1:1
01:29.986	ID:10	[INFO: App       ] Sending request 5 to fd00::201:1:1:1
01:30.025	ID:1	[INFO: App       ] Received request 'hello 3' from fd00::20f:f:f:f
01:30.025	ID:1	[INFO: App       ] Sending response.
01:30.048	ID:1	[INFO: App       ] Received request 'hello 5' from fd00::20a:a:a:a
01:30.048	ID:1	[INFO: App       ] Sending response.
01:30.151	ID:10	[INFO: App       ] Received response 'hello 5' from fd00::201:1:1:1
01:30.191	ID:15	[INFO: App       ] Received response 'hello 3' from fd00::201:1:1:1
01:32.079	ID:3	[INFO: App       ] Sending request 6 to fd00::201:1:1:1
01:32.113	ID:1	[INFO: App       ] Received request 'hello 6' from fd00::203:3:3:3
01:32.113	ID:1	[INFO: App       ] Sending response.
01:32.140	ID:3	[INFO: App       ] Received response 'hello 6' from fd00::201:1:1:1
01:33.227	ID:7	[INFO: App       ] Sending request 4 to fd00::201:1:1:1
01:33.265	ID:1	[INFO: App       ] Received request 'hello 4' from fd00::207:7:7:7
01:33.265	ID:1	[INFO: App       ] Sending response.
01:33.358	ID:7	[INFO: App       ] Received response 'hello 4' from fd00::201:1:1:1
01:34.127	ID:5	[INFO: App       ] Sending request 6 to fd00::201:1:1:1
01:34.182	ID:1	[INFO: App       ] Received request 'hello 6' from fd00::205:5:5:5
01:34.182	ID:1	[INFO: App       ] Sending response.
01:34.271	ID:5	[INFO: App       ] Received response 'hello 6' from fd00::201:1:1:1
01:34.839	ID:13	[INFO: App       ] Sending request 3 to fd00::201:1:1:1
01:34.869	ID:11	[INFO: App       ] Sending request 5 to fd00::201:1:1:1
01:34.950	ID:1	[INFO: App       ] Received request 'hello 5' from fd00::20b:b:b:b
01:34.950	ID:1	[INFO: App       ] Sending response.
01:35.023	ID:1	[INFO: App       ] Received request 'hello 3' from fd00::20d:d:d:d
01:35.023	ID:1	[INFO: App       ] Sending response.
01:35.117	ID:11	[INFO: App       ] Received response 'hello 5' from fd00::201:1:1:1
01:35.197	ID:13	[INFO: App       ] Received response 'hello 3' from fd00::201:1:1:1
01:36.532	ID:4	[INFO: App       ] Sending request 6 to fd00::201:1:1:1
01:36.588	ID:1	[INFO: App       ] Received request 'hello 6' from fd00::204:4:4:4
01:36.588	ID:1	[INFO: App       ] Sending response.
01:36.628	ID:4	[INFO: App       ] Received response 'hello 6' from fd00::201:1:1:1
01:37.103	ID:8	[INFO: App       ] Sending request 5 to fd00::201:1:1:1
01:37.164	ID:1	[INFO: App       ] Received request 'hello 5' from fd00::208:8:8:8
01:37.164	ID:1	[INFO: App       ] Sending response.
01:37.204	ID:8	[INFO: App       ] Received response 'hello 5' from fd00::201:1:1:1
01:37.307	ID:2	[INFO: App       ] Sending request 6 to fd00::201:1:1:1
01:37.370	ID:1	[INFO: App       ] Received request 'hello 6' from fd00::202:2:2:2
01:37.370	ID:1	[INFO: App       ] Sending response.
01:37.419	ID:2	[INFO: App       ] Received response 'hello 6' from fd00::201:1:1:1
01:37.474	ID:14	[INFO: App       ] Sending request 4 to fd00::201:1:1:1
01:37.555	ID:1	[INFO: App       ] Received request 'hello 4' from fd00::20e:e:e:e
01:37.555	ID:1	[INFO: App       ] Sending response.
01:37.668	ID:14	[INFO: App       ] Received response 'hello 4' from fd00::201:1:1:1
01:38.239	ID:12	[INFO: App       ] Sending request 4 to fd00::201:1:1:1
01:38.447	ID:1	[INFO: App       ] Received request 'hello 4' from fd00::20c:c:c:c
01:38.447	ID:1	[INFO: App       ] Sending response.
01:38.539	ID:12	[INFO: App       ] Received response 'hello 4' from fd00::201:1:1:1
01:38.758	ID:6	[INFO: App       ] Sending request 5 to fd00::201:1:1:1
01:38.866	ID:1	[INFO: App       ] Received request 'hello 5' from fd00::206:6:6:6
01:38.866	ID:1	[INFO: App       ] Sending response.
01:38.943	ID:6	[INFO: App       ] Received response 'hello 5' from fd00::201:1:1:1
01:39.560	ID:10	[INFO: App       ] Sending request 6 to fd00::201:1:1:1
01:39.650	ID:1	[INFO: App       ] Received request 'hello 6' from fd00::20a:a:a:a
01:39.650	ID:1	[INFO: App       ] Sending response.
01:39.723	ID:10	[INFO: App       ] Received response 'hello 6' from fd00::201:1:1:1
01:40.042	ID:15	[INFO: App       ] Sending request 4 to fd00::201:1:1:1
01:40.168	ID:1	[INFO: App       ] Received request 'hello 4' from fd00::20f:f:f:f
01:40.168	ID:1	[INFO: App       ] Sending response.
01:40.266	ID:9	[INFO: App       ] Sending request 5 to fd00::201:1:1:1
01:40.280	ID:15	[INFO: App       ] Received response 'hello 4' from fd00::201:1:1:1
01:40.357	ID:1	[INFO: App       ] Received request 'hello 5' from fd00::209:9:9:9
01:40.357	ID:1	[INFO: App       ] Sending response.
01:40.445	ID:9	[INFO: App       ] Received response 'hello 5' from fd00::201:1:1:1
01:42.987	ID:3	[INFO: App       ] Sending request 7 to fd00::201:1:1:1
01:43.039	ID:1	[INFO: App       ] Received request 'hello 7' from fd00::203:3:3:3
01:43.039	ID:1	[INFO: App       ] Sending response.
01:43.095	ID:3	[INFO: App       ] Received response 'hello 7' from fd00::201:1:1:1
01:43.859	ID:7	[INFO: App       ] Sending request 5 to fd00::201:1:1:1
01:43.932	ID:1	[INFO: App       ] Received request 'hello 5' from fd00::207:7:7:7
01:43.932	ID:1	[INFO: App       ] Sending response.
01:43.997	ID:7	[INFO: App       ] Received response 'hello 5' from fd00::201:1:1:1
01:44.090	ID:13	[INFO: App       ] Sending request 4 to fd00::201:1:1:1
01:44.178	ID:11	[INFO: App       ] Sending request 6 to fd00::201:1:1:1
01:44.286	ID:1	[INFO: App       ] Received request 'hello 4' from fd00::20d:d:d:d
01:44.286	ID:1	[INFO: App       ] Sending response.
01:44.327	ID:1	[INFO: App       ] Received request 'hello 6' from fd00::20b:b:b:b
01:44.327	ID:1	[INFO: App       ] Sending response.
01:44.394	ID:13	[INFO: App       ] Received response 'hello 4' from fd00::201:1:1:1
01:44.440	ID:11	[INFO: App       ] Received response 'hello 6' from fd00::201:1:1:1
01:44.778	ID:5	[INFO: App       ] Sending request 7 to fd00::201:1:1:1
01:44.803	ID:1	[INFO: App       ] Received request 'hello 7' from fd00::205:5:5:5
01:44.803	ID:1	[INFO: App       ] Sending response.
01:44.842	ID:5	[INFO: App       ] Received response 'hello 7' from fd00::201:1:1:1
01:46.697	ID:8	[INFO: App       ] Sending request 6 to fd00::201:1:1:1
01:46.721	ID:4	[INFO: App       ] Sending request 7 to fd00::201:1:1:1
01:46.776	ID:1	[INFO: App       ] Received request 'hello 7' from fd00::204:4:4:4
01:46.776	ID:1	[INFO: App       ] Sending response.
01:46.814	ID:1	[INFO: App       ] Received request 'hello 6' from fd00::208:8:8:8
01:46.814	ID:1	[INFO: App       ] Sending response.
01:46.913	ID:4	[INFO: App       ] Received response 'hello 7' from fd00::201:1:1:1
01:46.970	ID:8	[INFO: App       ] Received response 'hello 6' from fd00::201:1:1:1
01:47.574	ID:2	[INFO: App       ] Sending request 7 to fd00::201:1:1:1
01:47.612	ID:1	[INFO: App       ] Received request 'hello 7' from fd00::202:2:2:2
01:47.612	ID:1	[INFO: App       ] Sending response.
01:47.645	ID:2	[INFO: App       ] Received response 'hello 7' from fd00::201:1:1:1
01:47.906	ID:12	[INFO: App       ] Sending request 5 to fd00::201:1:1:1
01:47.999	ID:1	[INFO: App       ] Received request 'hello 5' from fd00::20c:c:c:c
01:47.999	ID:1	[INFO: App       ] Sending response.
01:48.131	ID:12	[INFO: App       ] Received response 'hello 5' from fd00::201:1:1:1
01:48.290	ID:6	[INFO: App       ] Sending request 6 to fd00::201:1:1:1
01:48.367	ID:1	[INFO: App       ] Received request 'hello 6' from fd00::206:6:6:6
01:48.367	ID:1	[INFO: App       ] Sending response.
01:48.397	ID:6	[INFO: App       ] Received response 'hello 6' from fd00::201:1:1:1
01:48.417	ID:14	[INFO: App       ] Sending request 5 to fd00::201:1:1:1
01:48.547	ID:1	[INFO: App       ] Received request 'hello 5' from fd00::20e:e:e:e
01:48.547	ID:1	[INFO: App       ] Sending response.
01:48.641	ID:14	[INFO: App       ] Received response 'hello 5' from fd00::201:1:1:1
01:49.766	ID:15	[INFO: App       ] Sending request 5 to fd00::201:1:1:1
01:49.830	ID:9	[INFO: App       ] Sending request 6 to fd00::201:1:1:1
01:49.890	ID:1	[INFO: App       ] Received request 'hello 5' from fd00::20f:f:f:f
01:49.890	ID:1	[INFO: App       ] Sending response.
01:49.903	ID:1	[INFO: App       ] Received request 'hello 6' from fd00::209:9:9:9
01:49.903	ID:1	[INFO: App       ] Sending response.
01:50.047	ID:15	[INFO: App       ] Received response 'hello 5' from fd00::201:1:1:1
01:50.075	ID:10	[INFO: App       ] Sending request 7 to fd00::201:1:1:1
01:50.133	ID:9	[INFO: App       ] Received response 'hello 6' from fd00::201:1:1:1
01:50.193	ID:1	[INFO: App       ] Received request 'hello 7' from fd00::20a:a:a:a
01:50.193	ID:1	[INFO: App       ] Sending response.
01:50.255	ID:10	[INFO: App       ] Received response 'hello 7' from fd00::201:1:1:1
01:53.226	ID:13	[INFO: App       ] Sending request 5 to fd00::201:1:1:1
01:53.319	ID:1	[INFO: App       ] Received request 'hello 5' from fd00::20d:d:d:d
01:53.319	ID:1	[INFO: App       ] Sending response.
01:53.371	ID:3	[INFO: App       ] Sending request 8 to fd00::201:1:1:1
01:53.406	ID:1	[INFO: App       ] Received request 'hello 8' from fd00::203:3:3:3
01:53.406	ID:1	[INFO: App       ] Sending response.
01:53.464	ID:13	[INFO: App       ] Received response 'hello 5' from fd00::201:1:1:1
01:53.482	ID:3	[INFO: App       ] Received response 'hello 8' from fd00::201:1:1:1
01:53.681	ID:7	[INFO: App       ] Sending request 6 to fd00::201:1:1:1
01:53.737	ID:1	[INFO: App       ] Received request 'hello 6' from fd00::207:7:7:7
01:53.737	ID:1	[INFO: App       ] Sending response.
01:53.795	ID:7	[INFO: App       ] Received response 'hello 6' from fd00::201:1:1:1
01:55.052	ID:11	[INFO: App       ] Sending request 7 to fd00::201:1:1:1
01:55.141	ID:1	[INFO: App       ] Received request 'hello 7' from fd00::20b:b:b:b
01:55.141	ID:1	[INFO: App       ] Sending response.
01:55.223	ID:11	[INFO: App       ] Received response 'hello 7' from fd00::201:1:1:1
01:55.522	ID:5	[INFO: App       ] Sending request 8 to fd00::201:1:1:1
01:55.545	ID:1	[INFO: App       ] Received request 'hello 8' from fd00::205:5:5:5
01:55.545	ID:1	[INFO: App       ] Sending response.
01:55.581	ID:5	[INFO: App       ] Received response 'hello 8' from fd00::201:1:1:1
01:55.880	ID:8	[INFO: App       ] Sending request 7 to fd00::201:1:1:1
01:55.981	ID:1	[INFO: App       ] Received request 'hello 7' from fd00::208:8:8:8
01:55.981	ID:1	[INFO: App       ] Sending response.
01:56.040	ID:8	[INFO: App       ] Received response 'hello 7' from fd00::201:1:1:1
01:56.405	ID:4	[INFO: App       ] Sending request 8 to fd00::201:1:1:1
01:56.489	ID:1	[INFO: App       ] Received request 'hello 8' from fd00::204:4:4:4
01:56.489	ID:1	[INFO: App       ] Sending response.
01:56.541	ID:4	[INFO: App       ] Received response 'hello 8' from fd00::201:1:1:1
01:57.457	ID:2	[INFO: App       ] Sending request 8 to fd00::201:1:1:1
01:57.509	ID:1	[INFO: App       ] Received request 'hello 8' from fd00::202:2:2:2
01:57.509	ID:1	[INFO: App       ] Sending response.
01:57.529	ID:2	[INFO: App       ] Received response 'hello 8' from fd00::201:1:1:1
01:58.270	ID:12	[INFO: App       ] Sending request 6 to fd00::201:1:1:1
01:58.323	ID:1	[INFO: App       ] Received request 'hello 6' from fd00::20c:c:c:c
01:58.323	ID:1	[INFO: App       ] Sending response.
01:58.442	ID:12	[INFO: App       ] Received response 'hello 6' from fd00::201:1:1:1
01:59.095	ID:6	[INFO: App       ] Sending request 7 to fd00::201:1:1:1
01:59.157	ID:1	[INFO: App       ] Received request 'hello 7' from fd00::206:6:6:6
01:59.157	ID:1	[INFO: App       ] Sending response.
01:59.187	ID:14	[INFO: App       ] Sending request 6 to fd00::201:1:1:1
01:59.217	ID:6	[INFO: App       ] Received response 'hello 7' from fd00::201:1:1:1
01:59.313	ID:1	[INFO: App       ] Received request 'hello 6' from fd00::20e:e:e:e
01:59.313	ID:1	[INFO: App       ] Sending response.
01:59.410	ID:14	[INFO: App       ] Received response 'hello 6' from fd00::201:1:1:1
01:59.663	ID:15	[INFO: App       ] Sending request 6 to fd00::201:1:1:1
01:59.737	ID:1	[INFO: App       ] Received request 'hello 6' from fd00::20f:f:f:f
01:59.737	ID:1	[INFO: App       ] Sending response.
01:59.781	ID:10	[INFO: App       ] Sending request 8 to fd00::201:1:1:1
01:59.868	ID:15	[INFO: App       ] Received response 'hello 6' from fd00::201:1:1:1
01:59.876	ID:1	[INFO: App       ] Received request 'hello 8' from fd00::20a:a:a:a
01:59.876	ID:1	[INFO: App       ] Sending response.
01:59.955	ID:10	[INFO: App       ] Received response 'hello 8' from fd00::201:1:1:1
02:00.471	ID:9	[INFO: App       ] Sending request 7 to fd00::201:1:1:1
02:00.544	ID:1	[INFO: App       ] Received request 'hello 7' from fd00::209:9:9:9
02:00.544	ID:1	[INFO: App       ] Sending response.
02:00.605	ID:9	[INFO: App       ] Received response 'hello 7' from fd00::201:1:1:1
02:03.611	ID:13	[INFO: App       ] Sending request 6 to fd00::201:1:1:1
02:03.653	ID:3	[INFO: App       ] Sending request 9 to fd00::201:1:1:1
02:03.705	ID:1	[INFO: App       ] Received request 'hello 9' from fd00::203:3:3:3
02:03.705	ID:1	[INFO: App       ] Sending response.
02:03.744	ID:1	[INFO: App       ] Received request 'hello 6' from fd00::20d:d:d:d
02:03.744	ID:1	[INFO: App       ] Sending response.
02:03.814	ID:13	[INFO: App       ] Received response 'hello 6' from fd00::201:1:1:1
02:03.829	ID:3	[INFO: App       ] Received response 'hello 9' from fd00::201:1:1:1
02:04.533	ID:7	[INFO: App       ] Sending request 7 to fd00::201:1:1:1
02:04.578	ID:1	[INFO: App       ] Received request 'hello 7' from fd00::207:7:7:7
02:04.578	ID:1	[INFO: App       ] Sending response.
02:04.676	ID:7	[INFO: App       ] Received response 'hello 7' from fd00::201:1:1:1
02:05.371	ID:11	[INFO: App       ] Sending request 8 to fd00::201:1:1:1
02:05.454	ID:1	[INFO: App       ] Received request 'hello 8' from fd00::20b:b:b:b
02:05.454	ID:1	[INFO: App       ] Sending response.
02:05.550	ID:11	[INFO: App       ] Received response 'hello 8' from fd00::201:1:1:1
02:06.101	ID:8	[INFO: App       ] Sending request 8 to fd00::201:1:1:1
02:06.104	ID:4	[INFO: App       ] Sending request 9 to fd00::201:1:1:1
02:06.130	ID:1	[INFO: App       ] Received request 'hello 9' from fd00::204:4:4:4
02:06.130	ID:1	[INFO: App       ] Sending response.
02:06.149	ID:1	[INFO: App       ] Received request 'hello 8' from fd00::208:8:8:8
02:06.149	ID:1	[INFO: App       ] Sending response.
02:06.192	ID:4	[INFO: App       ] Received response 'hello 9' from fd00::201:1:1:1
02:06.237	ID:8	[INFO: App       ] Received response 'hello 8' from fd00::201:1:1:1
02:06.271	ID:5	[INFO: App       ] Sending request 9 to fd00::201:1:1:1
02:06.341	ID:1	[INFO: App       ] Received request 'hello 9' from fd00::205:5:5:5
02:06.341	ID:1	[INFO: App       ] Sending response.
02:06.377	ID:5	[INFO: App       ] Received response 'hello 9' from fd00::201:1:1:1
02:07.693	ID:12	[INFO: App       ] Sending request 7 to fd00::201:1:1:1
02:07.746	ID:2	[INFO: App       ] Sending request 9 to fd00::201:1:1:1
02:07.779	ID:1	[INFO: App       ] Received request 'hello 9' from fd00::202:2:2:2
02:07.779	ID:1	[INFO: App       ] Sending response.
02:07.791	ID:1	[INFO: App       ] Received request 'hello 7' from fd00::20c:c:c:c
02:07.791	ID:1	[INFO: App       ] Sending response.
02:07.823	ID:2	[INFO: App       ] Received response 'hello 9' from fd00::201:1:1:1
02:07.875	ID:12	[INFO: App       ] Received response 'hello 7' from fd00::201:1:1:1
02:08.224	ID:6	[INFO: App       ] Sending request 8 to fd00::201:1:1:1
02:08.270	ID:1	[INFO: App       ] Received request 'hello 8' from fd00::206:6:6:6
02:08.270	ID:1	[INFO: App       ] Sending response.
02:08.349	ID:6	[INFO: App       ] Received response 'hello 8' from fd00::201:1:1:1
02:09.146	ID:10	[INFO: App       ] Sending request 9 to fd00::201:1:1:1
02:09.186	ID:1	[INFO: App       ] Received request 'hello 9' from fd00::20a:a:a:a
02:09.186	ID:1	[INFO: App       ] Sending response.
02:09.278	ID:10	[INFO: App       ] Received response 'hello 9' from fd00::201:1:1:1
02:09.356	ID:14	[INFO: App       ] Sending request 7 to fd00::201:1:1:1
02:09.428	ID:1	[INFO: App       ] Received request 'hello 7' from fd00::20e:e:e:e
02:09.428	ID:1	[INFO: App       ] Sending response.
02:09.493	ID:14	[INFO: App       ] Received response 'hello 7' from fd00::201:1:1:1
02:09.627	ID:15	[INFO: App       ] Sending request 7 to fd00::201:1:1:1
02:09.636	ID:9	[INFO: App       ] Sending request 8 to fd00::201:1:1:1
02:09.764	ID:1	[INFO: App       ] Received request 'hello 8' from fd00::209:9:9:9
02:09.764	ID:1	[INFO: App       ] Sending response.
02:09.784	ID:1	[INFO: App       ] Received request 'hello 7' from fd00::20f:f:f:f
02:09.784	ID:1	[INFO: App       ] Sending response.
02:09.885	ID:9	[INFO: App       ] Received response 'hello 8' from fd00::201:1:1:1
02:09.921	ID:15	[INFO: App       ] Received response 'hello 7' from fd00::201:1:1:1
02:13.237	ID:3	[INFO: App       ] Tx/Rx/MissedTx: 10/10/0
02:13.237	ID:3	[INFO: App       ] Sending request 10 to fd00::201:1:1:1
02:13.302	ID:1	[INFO: App       ] Received request 'hello 10' from fd00::203:3:3:3
02:13.302	ID:1	[INFO: App       ] Sending response.
02:13.349	ID:3	[INFO: App       ] Received response 'hello 10' from fd00::201:1:1:1
02:14.237	ID:13	[INFO: App       ] Sending request 7 to fd00::201:1:1:1
02:14.319	ID:1	[INFO: App       ] Received request 'hello 7' from fd00::20d:d:d:d
02:14.319	ID:1	[INFO: App       ] Sending response.
02:14.391	ID:13	[INFO: App       ] Received response 'hello 7' from fd00::201:1:1:1
02:14.989	ID:7	[INFO: App       ] Sending request 8 to fd00::201:1:1:1
02:15.083	ID:1	[INFO: App       ] Received request 'hello 8' from fd00::207:7:7:7
02:15.083	ID:1	[INFO: App       ] Sending response.
02:15.188	ID:7	[INFO: App       ] Received response 'hello 8' from fd00::201:1:1:1
02:15.471	ID:8	[INFO: App       ] Sending request 9 to fd00::201:1:1:1
02:15.528	ID:1	[INFO: App       ] Received request 'hello 9' from fd00::208:8:8:8
02:15.528	ID:1	[INFO: App       ] Sending response.
02:15.621	ID:8	[INFO: App       ] Received response 'hello 9' from fd00::201:1:1:1
02:15.800	ID:11	[INFO: App       ] Sending request 9 to fd00::201:1:1:1
02:15.852	ID:5	[INFO: App       ] Tx/Rx/MissedTx: 10/10/0
02:15.852	ID:5	[INFO: App       ] Sending request 10 to fd00::201:1:1:1
02:15.866	ID:1	[INFO: App       ] Received request 'hello 9' from fd00::20b:b:b:b
02:15.866	ID:1	[INFO: App       ] Sending response.
02:15.974	ID:1	[INFO: App       ] Received request 'hello 10' from fd00::205:5:5:5
02:15.974	ID:1	[INFO: App       ] Sending response.
02:15.979	ID:11	[INFO: App       ] Received response 'hello 9' from fd00::201:1:1:1
02:16.035	ID:5	[INFO: App       ] Received response 'hello 10' from fd00::201:1:1:1
02:16.571	ID:4	[INFO: App       ] Tx/Rx/MissedTx: 10/10/0
02:16.571	ID:4	[INFO: App       ] Sending request 10 to fd00::201:1:1:1
02:16.630	ID:1	[INFO: App       ] Received request 'hello 10' from fd00::204:4:4:4
02:16.630	ID:1	[INFO: App       ] Sending response.
02:16.650	ID:4	[INFO: App       ] Received response 'hello 10' from fd00::201:1:1:1
02:16.991	ID:2	[INFO: App       ] Tx/Rx/MissedTx: 10/10/0
02:16.991	ID:2	[INFO: App       ] Sending request 10 to fd00::201:1:1:1
02:17.059	ID:1	[INFO: App       ] Received request 'hello 10' from fd00::202:2:2:2
02:17.059	ID:1	[INFO: App       ] Sending response.
02:17.062	ID:12	[INFO: App       ] Sending request 8 to fd00::201:1:1:1
02:17.149	ID:2	[INFO: App       ] Received response 'hello 10' from fd00::201:1:1:1
02:17.198	ID:1	[INFO: App       ] Received request 'hello 8' from fd00::20c:c:c:c
02:17.198	ID:1	[INFO: App       ] Sending response.
02:17.270	ID:12	[INFO: App       ] Received response 'hello 8' from fd00::201:1:1:1
02:17.565	ID:6	[INFO: App       ] Sending request 9 to fd00::201:1:1:1
02:17.647	ID:1	[INFO: App       ] Received request 'hello 9' from fd00::206:6:6:6
02:17.647	ID:1	[INFO: App       ] Sending response.
02:17.703	ID:6	[INFO: App       ] Received response 'hello 9' from fd00::201:1:1:1
02:18.651	ID:15	[INFO: App       ] Sending request 8 to fd00::201:1:1:1
02:18.746	ID:1	[INFO: App       ] Received request 'hello 8' from fd00::20f:f:f:f
02:18.746	ID:1	[INFO: App       ] Sending response.
02:18.818	ID:14	[INFO: App       ] Sending request 8 to fd00::201:1:1:1
02:18.848	ID:15	[INFO: App       ] Received response 'hello 8' from fd00::201:1:1:1
02:18.961	ID:1	[INFO: App       ] Received request 'hello 8' from fd00::20e:e:e:e
02:18.961	ID:1	[INFO: App       ] Sending response.
02:19.075	ID:14	[INFO: App       ] Received response 'hello 8' from fd00::201:1:1:1
02:19.598	ID:9	[INFO: App       ] Sending request 9 to fd00::201:1:1:1
02:19.635	ID:1	[INFO: App       ] Received request 'hello 9' from fd00::209:9:9:9
02:19.635	ID:1	[INFO: App       ] Sending response.
02:19.650	ID:10	[INFO: App       ] Tx/Rx/MissedTx: 10/10/0
02:19.650	ID:10	[INFO: App       ] Sending request 10 to fd00::201:1:1:1
02:19.706	ID:9	[INFO: App       ] Received response 'hello 9' from fd00::201:1:1:1
02:19.710	ID:1	[INFO: App       ] Received request 'hello 10' from fd00::20a:a:a:a
02:19.710	ID:1	[INFO: App       ] Sending response.
02:19.830	ID:10	[INFO: App       ] Received response 'hello 10' from fd00::201:1:1:1
02:23.266	ID:3	[INFO: App       ] Sending request 11 to fd00::201:1:1:1
02:23.315	ID:1	[INFO: App       ] Received request 'hello 11' from fd00::203:3:3:3
02:23.315	ID:1	[INFO: App       ] Sending response.
02:23.353	ID:3	[INFO: App       ] Received response 'hello 11' from fd00::201:1:1:1
02:23.828	ID:13	[INFO: App       ] Sending request 8 to fd00::201:1:1:1
02:23.930	ID:1	[INFO: App       ] Received request 'hello 8' from fd00::20d:d:d:d
02:23.930	ID:1	[INFO: App       ] Sending response.
02:24.051	ID:13	[INFO: App       ] Received response 'hello 8' from fd00::201:1:1:1
02:24.599	ID:7	[INFO: App       ] Sending request 9 to fd00::201:1:1:1
02:24.647	ID:1	[INFO: App       ] Received request 'hello 9' from fd00::207:7:7:7
02:24.647	ID:1	[INFO: App       ] Sending response.
02:24.713	ID:7	[INFO: App       ] Received response 'hello 9' from fd00::201:1:1:1
02:24.831	ID:11	[INFO: App       ] Tx/Rx/MissedTx: 10/10/0
02:24.831	ID:11	[INFO: App       ] Sending request 10 to fd00::201:1:1:1
02:24.915	ID:1	[INFO: App       ] Received request 'hello 10' from fd00::20b:b:b:b
02:24.915	ID:1	[INFO: App       ] Sending response.
02:24.965	ID:11	[INFO: App       ] Received response 'hello 10' from fd00::201:1:1:1
02:25.155	ID:5	[INFO: App       ] Sending request 11 to fd00::201:1:1:1
02:25.180	ID:1	[INFO: App       ] Received request 'hello 11' from fd00::205:5:5:5
02:25.180	ID:1	[INFO: App       ] Sending response.
02:25.258	ID:5	[INFO: App       ] Received response 'hello 11' from fd00::201:1:1:1
02:26.284	ID:8	[INFO: App       ] Tx/Rx/MissedTx: 10/10/0
02:26.284	ID:8	[INFO: App       ] Sending request 10 to fd00::201:1:1:1
02:26.324	ID:1	[INFO: App       ] Received request 'hello 10' from fd00::208:8:8:8
02:26.324	ID:1	[INFO: App       ] Sending response.
02:26.406	ID:8	[INFO: App       ] Received response 'hello 10' from fd00::201:1:1:1
02:26.583	ID:4	[INFO: App       ] Sending request 11 to fd00::201:1:1:1
02:26.628	ID:1	[INFO: App       ] Received request 'hello 11' from fd00::204:4:4:4
02:26.628	ID:1	[INFO: App       ] Sending response.
02:26.681	ID:4	[INFO: App       ] Received response 'hello 11' from fd00::201:1:1:1
02:27.353	ID:2	[INFO: App       ] Sending request 11 to fd00::201:1:1:1
02:27.375	ID:12	[INFO: App       ] Sending request 9 to fd00::201:1:1:1
02:27.378	ID:1	[INFO: App       ] Received request 'hello 11' from fd00::202:2:2:2
02:27.378	ID:1	[INFO: App       ] Sending response.
02:27.431	ID:2	[INFO: App       ] Received response 'hello 11' from fd00::201:1:1:1
02:27.468	ID:1	[INFO: App       ] Received request 'hello 9' from fd00::20c:c:c:c
02:27.468	ID:1	[INFO: App       ] Sending response.
02:27.577	ID:12	[INFO: App       ] Received response 'hello 9' from fd00::201:1:1:1
02:27.869	ID:15	[INFO: App       ] Sending request 9 to fd00::201:1:1:1
02:27.926	ID:6	[INFO: App       ] Tx/Rx/MissedTx: 10/10/0
02:27.926	ID:6	[INFO: App       ] Sending request 10 to fd00::201:1:1:1
02:27.928	ID:1	[INFO: App       ] Received request 'hello 9' from fd00::20f:f:f:f
02:27.928	ID:1	[INFO: App       ] Sending response.
02:27.953	ID:14	[INFO: App       ] Sending request 9 to fd00::201:1:1:1
02:28.043	ID:1	[INFO: App       ] Received request 'hello 10' from fd00::206:6:6:6
02:28.043	ID:1	[INFO: App       ] Sending response.
02:28.094	ID:1	[INFO: App       ] Received request 'hello 9' from fd00::20e:e:e:e
02:28.094	ID:1	[INFO: App       ] Sending response.
02:28.150	ID:15	[INFO: App       ] Received response 'hello 9' from fd00::201:1:1:1
02:28.233	ID:14	[INFO: App       ] Received response 'hello 9' from fd00::201:1:1:1
02:29.691	ID:9	[INFO: App       ] Tx/Rx/MissedTx: 10/10/0
02:29.691	ID:9	[INFO: App       ] Sending request 10 to fd00::201:1:1:1
02:29.753	ID:10	[INFO: App       ] Sending request 11 to fd00::201:1:1:1
02:29.773	ID:1	[INFO: App       ] Received request 'hello 10' from fd00::209:9:9:9
02:29.773	ID:1	[INFO: App       ] Sending response.
02:29.812	ID:1	[INFO: App       ] Received request 'hello 11' from fd00::20a:a:a:a
02:29.812	ID:1	[INFO: App       ] Sending response.
02:29.840	ID:9	[INFO: App       ] Received response 'hello 10' from fd00::201:1:1:1
02:29.955	ID:10	[INFO: App       ] Received response 'hello 11' from fd00::201:1:1:1
02:33.209	ID:13	[INFO: App       ] Sending request 9 to fd00::201:1:1:1
02:33.335	ID:1	[INFO: App       ] Received request 'hello 9' from fd00::20d:d:d:d
02:33.335	ID:1	[INFO: App       ] Sending response.
02:33.440	ID:13	[INFO: App       ] Received response 'hello 9' from fd00::201:1:1:1
02:33.983	ID:3	[INFO: App       ] Sending request 12 to fd00::201:1:1:1
02:34.066	ID:1	[INFO: App       ] Received request 'hello 12' from fd00::203:3:3:3
02:34.066	ID:1	[INFO: App       ] Sending response.
02:34.140	ID:3	[INFO: App       ] Received response 'hello 12' from fd00::201:1:1:1
02:34.164	ID:11	[INFO: App       ] Sending request 11 to fd00::201:1:1:1
02:34.208	ID:1	[INFO: App       ] Received request 'hello 11' from fd00::20b:b:b:b
02:34.208	ID:1	[INFO: App       ] Sending response.
02:34.298	ID:11	[INFO: App       ] Received response 'hello 11' from fd00::201:1:1:1
02:34.352	ID:5	[INFO: App       ] Sending request 12 to fd00::201:1:1:1
02:34.395	ID:1	[INFO: App       ] Received request 'hello 12' from fd00::205:5:5:5
02:34.395	ID:1	[INFO: App       ] Sending response.
02:34.447	ID:5	[INFO: App       ] Received response 'hello 12' from fd00::201:1:1:1
02:34.671	ID:7	[INFO: App       ] Tx/Rx/MissedTx: 10/10/0
02:34.671	ID:7	[INFO: App       ] Sending request 10 to fd00::201:1:1:1
02:34.762	ID:1	[INFO: App       ] Received request 'hello 10' from fd00::207:7:7:7
02:34.762	ID:1	[INFO: App       ] Sending response.
02:34.848	ID:7	[INFO: App       ] Received response 'hello 10' from fd00::201:1:1:1
02:35.320	ID:8	[INFO: App       ] Sending request 11 to fd00::201:1:1:1
02:35.397	ID:1	[INFO: App       ] Received request 'hello 11' from fd00::208:8:8:8
02:35.397	ID:1	[INFO: App       ] Sending response.
02:35.532	ID:8	[INFO: App       ] Received response 'hello 11' from fd00::201:1:1:1
02:36.879	ID:4	[INFO: App       ] Sending request 12 to fd00::201:1:1:1
02:36.936	ID:1	[INFO: App       ] Received request 'hello 12' from fd00::204:4:4:4
02:36.936	ID:1	[INFO: App       ] Sending response.
02:36.961	ID:4	[INFO: App       ] Received response 'hello 12' from fd00::201:1:1:1
02:37.638	ID:14	[INFO: App       ] Tx/Rx/MissedTx: 10/10/0
02:37.638	ID:14	[INFO: App       ] Sending request 10 to fd00::201:1:1:1
02:37.709	ID:2	[INFO: App       ] Sending request 12 to fd00::201:1:1:1
02:37.729	ID:1	[INFO: App       ] Received request 'hello 10' from fd00::20e:e:e:e
02:37.729	ID:1	[INFO: App       ] Sending response.
02:37.781	ID:1	[INFO: App       ] Received request 'hello 12' from fd00::202:2:2:2
02:37.781	ID:1	[INFO: App       ] Sending response.
02:37.786	ID:6	[INFO: App       ] Sending request 11 to fd00::201:1:1:1
02:37.833	ID:2	[INFO: App       ] Received response 'hello 12' from fd00::201:1:1:1
02:37.836	ID:14	[INFO: App       ] Received response 'hello 10' from fd00::201:1:1:1
02:37.905	ID:1	[INFO: App       ] Received request 'hello 11' from fd00::206:6:6:6
02:37.905	ID:1	[INFO: App       ] Sending response.
02:37.929	ID:15	[INFO: App       ] Tx/Rx/MissedTx: 10/10/0
02:37.929	ID:15	[INFO: App       ] Sending request 10 to fd00::201:1:1:1
02:38.008	ID:6	[INFO: App       ] Received response 'hello 11' from fd00::201:1:1:1
02:38.158	ID:1	[INFO: App       ] Received request 'hello 10' from fd00::20f:f:f:f
02:38.158	ID:1	[INFO: App       ] Sending response.
02:38.264	ID:15	[INFO: App       ] Received response 'hello 10' from fd00::201:1:1:1
02:38.326	ID:12	[INFO: App       ] Tx/Rx/MissedTx: 10/10/0
02:38.326	ID:12	[INFO: App       ] Sending request 10 to fd00::201:1:1:1
02:38.422	ID:1	[INFO: App       ] Received request 'hello 10' from fd00::20c:c:c:c
02:38.422	ID:1	[INFO: App       ] Sending response.
02:38.503	ID:12	[INFO: App       ] Received response 'hello 10' from fd00::201:1:1:1
02:38.784	ID:9	[INFO: App       ] Sending request 11 to fd00::201:1:1:1
02:38.847	ID:1	[INFO: App       ] Received request 'hello 11' from fd00::209:9:9:9
02:38.847	ID:1	[INFO: App       ] Sending response.
02:38.924	ID:9	[INFO: App       ] Received response 'hello 11' from fd00::201:1:1:1
02:40.320	ID:10	[INFO: App       ] Sending request 12 to fd00::201:1:1:1
02:40.378	ID:1	[INFO: App       ] Received request 'hello 12' from fd00::20a:a:a:a
02:40.378	ID:1	[INFO: App       ] Sending response.
02:40.442	ID:10	[INFO: App       ] Received response 'hello 12' from fd00::201:1:1:1
02:43.431	ID:3	[INFO: App       ] Sending request 13 to fd00::201:1:1:1
02:43.486	ID:1	[INFO: App       ] Received request 'hello 13' from fd00::203:3:3:3
02:43.486	ID:1	[INFO: App       ] Sending response.
02:43.523	ID:11	[INFO: App       ] Sending request 12 to fd00::201:1:1:1
02:43.538	ID:3	[INFO: App       ] Received response 'hello 13' from fd00::201:1:1:1
02:43.604	ID:1	[INFO: App       ] Received request 'hello 12' from fd00::20b:b:b:b
02:43.604	ID:1	[INFO: App       ] Sending response.
02:43.695	ID:11	[INFO: App       ] Received response 'hello 12' from fd00::201:1:1:1
02:44.030	ID:13	[INFO: App       ] Tx/Rx/MissedTx: 10/10/0
02:44.030	ID:13	[INFO: App       ] Sending request 10 to fd00::201:1:1:1
02:44.151	ID:1	[INFO: App       ] Received request 'hello 10' from fd00::20d:d:d:d
02:44.151	ID:1	[INFO: App       ] Sending response.
02:44.170	ID:7	[INFO: App       ] Sending request 11 to fd00::201:1:1:1
02:44.275	ID:13	[INFO: App       ] Received response 'hello 10' from fd00::201:1:1:1
02:44.292	ID:1	[INFO: App       ] Received request 'hello 11' from fd00::207:7:7:7
02:44.292	ID:1	[INFO: App       ] Sending response.
02:44.326	ID:5	[INFO: App       ] Sending request 13 to fd00::201:1:1:1
02:44.346	ID:7	[INFO: App       ] Received response 'hello 11' from fd00::201:1:1:1
02:44.384	ID:1	[INFO: App       ] Received request 'hello 13' from fd00::205:5:5:5
02:44.384	ID:1	[INFO: App       ] Sending response.
02:44.442	ID:5	[INFO: App       ] Received response 'hello 13' from fd00::201:1:1:1
02:46.101	ID:4	[INFO: App       ] Sending request 13 to fd00::201:1:1:1
02:46.186	ID:1	[INFO: App       ] Received request 'hello 13' from fd00::204:4:4:4
02:46.186	ID:1	[INFO: App       ] Sending response.
02:46.233	ID:4	[INFO: App       ] Received response 'hello 13' from fd00::201:1:1:1
02:46.315	ID:8	[INFO: App       ] Sending request 12 to fd00::201:1:1:1
02:46.403	ID:1	[INFO: App       ] Received request 'hello 12' from fd00::208:8:8:8
02:46.403	ID:1	[INFO: App       ] Sending response.
02:46.467	ID:8	[INFO: App       ] Received response 'hello 12' from fd00::201:1:1:1
02:47.407	ID:12	[INFO: App       ] Sending request 11 to fd00::201:1:1:1
02:47.519	ID:1	[INFO: App       ] Received request 'hello 11' from fd00::20c:c:c:c
02:47.519	ID:1	[INFO: App       ] Sending response.
02:47.620	ID:2	[INFO: App       ] Sending request 13 to fd00::201:1:1:1
02:47.635	ID:12	[INFO: App       ] Received response 'hello 11' from fd00::201:1:1:1
02:47.667	ID:1	[INFO: App       ] Received request 'hello 13' from fd00::202:2:2:2
02:47.667	ID:1	[INFO: App       ] Sending response.
02:47.752	ID:2	[INFO: App       ] Received response 'hello 13' from fd00::201:1:1:1
02:47.927	ID:15	[INFO: App       ] Sending request 11 to fd00::201:1:1:1
02:48.029	ID:1	[INFO: App       ] Received request 'hello 11' from fd00::20f:f:f:f
02:48.029	ID:1	[INFO: App       ] Sending response.
02:48.096	ID:15	[INFO: App       ] Received response 'hello 11' from fd00::201:1:1:1
02:48.322	ID:14	[INFO: App       ] Sending request 11 to fd00::201:1:1:1
02:48.438	ID:1	[INFO: App       ] Received request 'hello 11' from fd00::20e:e:e:e
02:48.438	ID:1	[INFO: App       ] Sending response.
02:48.537	ID:14	[INFO: App       ] Received response 'hello 11' from fd00::201:1:1:1
02:48.684	ID:6	[INFO: App       ] Sending request 12 to fd00::201:1:1:1
02:48.783	ID:1	[INFO: App       ] Received request 'hello 12' from fd00::206:6:6:6
02:48.783	ID:1	[INFO: App       ] Sending response.
02:48.835	ID:6	[INFO: App       ] Received response 'hello 12' from fd00::201:1:1:1
02:48.908	ID:9	[INFO: App       ] Sending request 12 to fd00::201:1:1:1
02:49.021	ID:1	[INFO: App       ] Received request 'hello 12' from fd00::209:9:9:9
02:49.021	ID:1	[INFO: App       ] Sending response.
02:49.063	ID:9	[INFO: App       ] Received response 'hello 12' from fd00::201:1:1:1
02:51.230	ID:10	[INFO: App       ] Sending request 13 to fd00::201:1:1:1
02:51.299	ID:1	[INFO: App       ] Received request 'hello 13' from fd00::20a:a:a:a
02:51.299	ID:1	[INFO: App       ] Sending response.
02:51.379	ID:10	[INFO: App       ] Received response 'hello 13' from fd00::201:1:1:1
02:53.061	ID:11	[INFO: App       ] Sending request 13 to fd00::201:1:1:1
02:53.080	ID:3	[INFO: App       ] Sending request 14 to fd00::201:1:1:1
02:53.136	ID:1	[INFO: App       ] Received request 'hello 13' from fd00::20b:b:b:b
02:53.136	ID:1	[INFO: App       ] Sending response.
02:53.171	ID:1	[INFO: App       ] Received request 'hello 14' from fd00::203:3:3:3
02:53.171	ID:1	[INFO: App       ] Sending response.
02:53.225	ID:11	[INFO: App       ] Received response 'hello 13' from fd00::201:1:1:1
02:53.298	ID:3	[INFO: App       ] Received response 'hello 14' from fd00::201:1:1:1
02:54.220	ID:13	[INFO: App       ] Sending request 11 to fd00::201:1:1:1
02:54.325	ID:1	[INFO: App       ] Received request 'hello 11' from fd00::20d:d:d:d
02:54.325	ID:1	[INFO: App       ] Sending response.
02:54.424	ID:13	[INFO: App       ] Received response 'hello 11' from fd00::201:1:1:1
02:54.523	ID:7	[INFO: App       ] Sending request 12 to fd00::201:1:1:1
02:54.601	ID:1	[INFO: App       ] Received request 'hello 12' from fd00::207:7:7:7
02:54.601	ID:1	[INFO: App       ] Sending response.
02:54.671	ID:7	[INFO: App       ] Received response 'hello 12' from fd00::201:1:1:1
02:55.017	ID:5	[INFO: App       ] Sending request 14 to fd00::201:1:1:1
02:55.040	ID:1	[INFO: App       ] Received request 'hello 14' from fd00::205:5:5:5
02:55.040	ID:1	[INFO: App       ] Sending response.
02:55.114	ID:5	[INFO: App       ] Received response 'hello 14' from fd00::201:1:1:1
02:55.266	ID:4	[INFO: App       ] Sending request 14 to fd00::201:1:1:1
02:55.313	ID:1	[INFO: App       ] Received request 'hello 14' from fd00::204:4:4:4
02:55.313	ID:1	[INFO: App       ] Sending response.
02:55.332	ID:4	[INFO: App       ] Received response 'hello 14' from fd00::201:1:1:1
02:56.974	ID:8	[INFO: App       ] Sending request 13 to fd00::201:1:1:1
02:57.021	ID:1	[INFO: App       ] Received request 'hello 13' from fd00::208:8:8:8
02:57.021	ID:1	[INFO: App       ] Sending response.
02:57.145	ID:8	[INFO: App       ] Received response 'hello 13' from fd00::201:1:1:1
02:57.465	ID:15	[INFO: App       ] Sending request 12 to fd00::201:1:1:1
02:57.550	ID:12	[INFO: App       ] Sending request 12 to fd00::201:1:1:1
02:57.556	ID:14	[INFO: App       ] Sending request 12 to fd00::201:1:1:1
02:57.559	ID:1	[INFO: App       ] Received request 'hello 12' from fd00::20f:f:f:f
02:57.559	ID:1	[INFO: App       ] Sending response.
02:57.590	ID:1	[INFO: App       ] Received request 'hello 12' from fd00::20c:c:c:c
02:57.590	ID:1	[INFO: App       ] Sending response.
02:57.671	ID:15	[INFO: App       ] Received response 'hello 12' from fd00::201:1:1:1
02:57.761	ID:1	[INFO: App       ] Received request 'hello 12' from fd00::20e:e:e:e
02:57.761	ID:1	[INFO: App       ] Sending response.
02:57.823	ID:14	[INFO: App       ] Received response 'hello 12' from fd00::201:1:1:1
02:58.304	ID:9	[INFO: App       ] Sending request 13 to fd00::201:1:1:1
02:58.362	ID:1	[INFO: App       ] Received request 'hello 13' from fd00::209:9:9:9
02:58.362	ID:1	[INFO: App       ] Sending response.
02:58.415	ID:9	[INFO: App       ] Received response 'hello 13' from fd00::201:1:1:1
02:58.447	ID:2	[INFO: App       ] Sending request 14 to fd00::201:1:1:1
02:58.501	ID:1	[INFO: App       ] Received request 'hello 14' from fd00::202:2:2:2
02:58.501	ID:1	[INFO: App       ] Sending response.
02:58.548	ID:2	[INFO: App       ] Received response 'hello 14' from fd00::201:1:1:1
02:58.831	ID:6	[INFO: App       ] Sending request 13 to fd00::201:1:1:1
02:58.886	ID:1	[INFO: App       ] Received request 'hello 13' from fd00::206:6:6:6
02:58.886	ID:1	[INFO: App       ] Sending response.
02:58.955	ID:6	[INFO: App       ] Received response 'hello 13' from fd00::201:1:1:1
03:01.525	ID:10	[INFO: App       ] Sending request 14 to fd00::201:1:1:1
03:01.616	ID:1	[INFO: App       ] Received request 'hello 14' from fd00::20a:a:a:a
03:01.616	ID:1	[INFO: App       ] Sending response.
03:01.731	ID:10	[INFO: App       ] Received response 'hello 14' from fd00::201:1:1:1
03:02.186	ID:11	[INFO: App       ] Sending request 14 to fd00::201:1:1:1
03:02.282	ID:1	[INFO: App       ] Received request 'hello 14' from fd00::20b:b:b:b
03:02.282	ID:1	[INFO: App       ] Sending response.
03:02.311	ID:11	[INFO: App       ] Received response 'hello 14' from fd00::201:1:1:1
03:03.480	ID:3	[INFO: App       ] Sending request 15 to fd00::201:1:1:1
03:03.522	ID:1	[INFO: App       ] Received request 'hello 15' from fd00::203:3:3:3
03:03.522	ID:1	[INFO: App       ] Sending response.
03:03.580	ID:3	[INFO: App       ] Received response 'hello 15' from fd00::201:1:1:1
03:04.461	ID:5	[INFO: App       ] Sending request 15 to fd00::201:1:1:1
03:04.498	ID:1	[INFO: App       ] Received request 'hello 15' from fd00::205:5:5:5
03:04.498	ID:1	[INFO: App       ] Sending response.
03:04.542	ID:5	[INFO: App       ] Received response 'hello 15' from fd00::201:1:1:1
03:04.661	ID:13	[INFO: App       ] Sending request 12 to fd00::201:1:1:1
03:04.789	ID:1	[INFO: App       ] Received request 'hello 12' from fd00::20d:d:d:d
03:04.789	ID:1	[INFO: App       ] Sending response.
03:04.872	ID:13	[INFO: App       ] Received response 'hello 12' from fd00::201:1:1:1
03:05.359	ID:7	[INFO: App       ] Sending request 13 to fd00::201:1:1:1
03:05.419	ID:1	[INFO: App       ] Received request 'hello 13' from fd00::207:7:7:7
03:05.419	ID:1	[INFO: App       ] Sending response.
03:05.420	ID:4	[INFO: App       ] Sending request 15 to fd00::201:1:1:1
03:05.469	ID:1	[INFO: App       ] Received request 'hello 15' from fd00::204:4:4:4
03:05.469	ID:1	[INFO: App       ] Sending response.
03:05.502	ID:7	[INFO: App       ] Received response 'hello 13' from fd00::201:1:1:1
03:05.520	ID:4	[INFO: App       ] Received response 'hello 15' from fd00::201:1:1:1
03:06.088	ID:8	[INFO: App       ] Sending request 14 to fd00::201:1:1:1
03:06.154	ID:1	[INFO: App       ] Received request 'hello 14' from fd00::208:8:8:8
03:06.154	ID:1	[INFO: App       ] Sending response.
03:06.252	ID:8	[INFO: App       ] Received response 'hello 14' from fd00::201:1:1:1
03:06.682	ID:15	[INFO: App       ] Sending request 13 to fd00::201:1:1:1
03:06.758	ID:1	[INFO: App       ] Received request 'hello 13' from fd00::20f:f:f:f
03:06.758	ID:1	[INFO: App       ] Sending response.
03:06.828	ID:15	[INFO: App       ] Received response 'hello 13' from fd00::201:1:1:1
03:06.858	ID:14	[INFO: App       ] Sending request 13 to fd00::201:1:1:1
03:06.925	ID:1	[INFO: App       ] Received request 'hello 13' from fd00::20e:e:e:e
03:06.925	ID:1	[INFO: App       ] Sending response.
03:07.038	ID:14	[INFO: App       ] Received response 'hello 13' from fd00::201:1:1:1
03:08.338	ID:12	[INFO: App       ] Sending request 13 to fd00::201:1:1:1
03:08.401	ID:9	[INFO: App       ] Sending request 14 to fd00::201:1:1:1
03:08.454	ID:1	[INFO: App       ] Received request 'hello 14' from fd00::209:9:9:9
03:08.454	ID:1	[INFO: App       ] Sending response.
03:08.476	ID:1	[INFO: App       ] Received request 'hello 13' from fd00::20c:c:c:c
03:08.476	ID:1	[INFO: App       ] Sending response.
03:08.554	ID:9	[INFO: App       ] Received response 'hello 14' from fd00::201:1:1:1
03:08.602	ID:12	[INFO: App       ] Received response 'hello 13' from fd00::201:1:1:1
03:08.989	ID:6	[INFO: App       ] Sending request 14 to fd00::201:1:1:1
03:09.070	ID:1	[INFO: App       ] Received request 'hello 14' from fd00::206:6:6:6
03:09.070	ID:1	[INFO: App       ] Sending response.
03:09.135	ID:6	[INFO: App       ] Received response 'hello 14' from fd00::201:1:1:1
03:09.137	ID:2	[INFO: App       ] Sending request 15 to fd00::201:1:1:1
03:09.188	ID:1	[INFO: App       ] Received request 'hello 15' from fd00::202:2:2:2
03:09.188	ID:1	[INFO: App       ] Sending response.
03:09.216	ID:2	[INFO: App       ] Received response 'hello 15' from fd00::201:1:1:1
03:10.542	ID:10	[INFO: App       ] Sending request 15 to fd00::201:1:1:1
03:10.618	ID:1	[INFO: App       ] Received request 'hello 15' from fd00::20a:a:a:a
03:10.618	ID:1	[INFO: App       ] Sending response.
03:10.711	ID:10	[INFO: App       ] Received response 'hello 15' from fd00::201:1:1:1
03:13.080	ID:11	[INFO: App       ] Sending request 15 to fd00::201:1:1:1
03:13.174	ID:1	[INFO: App       ] Received request 'hello 15' from fd00::20b:b:b:b
03:13.174	ID:1	[INFO: App       ] Sending response.
03:13.229	ID:11	[INFO: App       ] Received response 'hello 15' from fd00::201:1:1:1
03:13.491	ID:3	[INFO: App       ] Sending request 16 to fd00::201:1:1:1
03:13.549	ID:1	[INFO: App       ] Received request 'hello 16' from fd00::203:3:3:3
03:13.549	ID:1	[INFO: App       ] Sending response.
03:13.604	ID:3	[INFO: App       ] Received response 'hello 16' from fd00::201:1:1:1
03:14.334	ID:13	[INFO: App       ] Sending request 13 to fd00::201:1:1:1
03:14.399	ID:1	[INFO: App       ] Received request 'hello 13' from fd00::20d:d:d:d
03:14.399	ID:1	[INFO: App       ] Sending response.
03:14.490	ID:13	[INFO: App       ] Received response 'hello 13' from fd00::201:1:1:1
03:15.155	ID:5	[INFO: App       ] Sending request 16 to fd00::201:1:1:1
03:15.202	ID:1	[INFO: App       ] Received request 'hello 16' from fd00::205:5:5:5
03:15.202	ID:1	[INFO: App       ] Sending response.
03:15.235	ID:5	[INFO: App       ] Received response 'hello 16' from fd00::201:1:1:1
03:15.433	ID:7	[INFO: App       ] Sending request 14 to fd00::201:1:1:1
03:15.531	ID:1	[INFO: App       ] Received request 'hello 14' from fd00::207:7:7:7
03:15.531	ID:1	[INFO: App       ] Sending response.
03:15.587	ID:7	[INFO: App       ] Received response 'hello 14' from fd00::201:1:1:1
03:16.030	ID:14	[INFO: App       ] Sending request 14 to fd00::201:1:1:1
03:16.145	ID:1	[INFO: App       ] Received request 'hello 14' from fd00::20e:e:e:e
03:16.145	ID:1	[INFO: App       ] Sending response.
03:16.248	ID:14	[INFO: App       ] Received response 'hello 14' from fd00::201:1:1:1
03:16.295	ID:4	[INFO: App       ] Sending request 16 to fd00::201:1:1:1
03:16.325	ID:1	[INFO: App       ] Received request 'hello 16' from fd00::204:4:4:4
03:16.325	ID:1	[INFO: App       ] Sending response.
03:16.375	ID:4	[INFO: App       ] Received response 'hello 16' from fd00::201:1:1:1
03:16.526	ID:8	[INFO: App       ] Sending request 15 to fd00::201:1:1:1
03:16.607	ID:1	[INFO: App       ] Received request 'hello 15' from fd00::208:8:8:8
03:16.607	ID:1	[INFO: App       ] Sending response.
03:16.657	ID:8	[INFO: App       ] Received response 'hello 15' from fd00::201:1:1:1
03:17.261	ID:15	[INFO: App       ] Sending request 14 to fd00::201:1:1:1
03:17.360	ID:1	[INFO: App       ] Received request 'hello 14' from fd00::20f:f:f:f
03:17.360	ID:1	[INFO: App       ] Sending response.
03:17.438	ID:15	[INFO: App       ] Received response 'hello 14' from fd00::201:1:1:1
03:18.836	ID:12	[INFO: App       ] Sending request 14 to fd00::201:1:1:1
03:18.950	ID:1	[INFO: App       ] Received request 'hello 14' from fd00::20c:c:c:c
03:18.950	ID:1	[INFO: App       ] Sending response.
03:19.076	ID:12	[INFO: App       ] Received response 'hello 14' from fd00::201:1:1:1
03:19.114	ID:9	[INFO: App       ] Sending request 15 to fd00::201:1:1:1
03:19.155	ID:6	[INFO: App       ] Sending request 15 to fd00::201:1:1:1
03:19.163	ID:1	[INFO: App       ] Received request 'hello 15' from fd00::209:9:9:9
03:19.163	ID:1	[INFO: App       ] Sending response.
03:19.254	ID:1	[INFO: App       ] Received request 'hello 15' from fd00::206:6:6:6
03:19.254	ID:1	[INFO: App       ] Sending response.
03:19.311	ID:9	[INFO: App       ] Received response 'hello 15' from fd00::201:1:1:1
03:19.363	ID:6	[INFO: App       ] Received response 'hello 15' from fd00::201:1:1:1
03:19.746	ID:2	[INFO: App       ] Sending request 16 to fd00::201:1:1:1
03:19.763	ID:1	[INFO: App       ] Received request 'hello 16' from fd00::202:2:2:2
03:19.763	ID:1	[INFO: App       ] Sending response.
03:19.835	ID:2	[INFO: App       ] Received response 'hello 16' from fd00::201:1:1:1
03:21.203	ID:10	[INFO: App       ] Sending request 16 to fd00::201:1:1:1
03:21.277	ID:1	[INFO: App       ] Received request 'hello 16' from fd00::20a:a:a:a
03:21.277	ID:1	[INFO: App       ] Sending response.
03:21.341	ID:10	[INFO: App       ] Received response 'hello 16' from fd00::201:1:1:1
03:22.793	ID:11	[INFO: App       ] Sending request 16 to fd00::201:1:1:1
03:22.879	ID:1	[INFO: App       ] Received request 'hello 16' from fd00::20b:b:b:b
03:22.879	ID:1	[INFO: App       ] Sending response.
03:22.932	ID:11	[INFO: App       ] Received response 'hello 16' from fd00::201:1:1:1
03:23.845	ID:13	[INFO: App       ] Sending request 14 to fd00::201:1:1:1
03:23.942	ID:1	[INFO: App       ] Received request 'hello 14' from fd00::20d:d:d:d
03:23.942	ID:1	[INFO: App       ] Sending response.
03:24.049	ID:13	[INFO: App       ] Received response 'hello 14' from fd00::201:1:1:1
03:24.413	ID:3	[INFO: App       ] Sending request 17 to fd00::201:1:1:1
03:24.451	ID:1	[INFO: App       ] Received request 'hello 17' from fd00::203:3:3:3
03:24.451	ID:1	[INFO: App       ] Sending response.
03:24.481	ID:3	[INFO: App       ] Received response 'hello 17' from fd00::201:1:1:1
03:24.501	ID:7	[INFO: App       ] Sending request 15 to fd00::201:1:1:1
03:24.568	ID:5	[INFO: App       ] Sending request 17 to fd00::201:1:1:1
03:24.607	ID:1	[INFO: App       ] Received request 'hello 17' from fd00::205:5:5:5
03:24.607	ID:1	[INFO: App       ] Sending response.
03:24.637	ID:5	[INFO: App       ] Received response 'hello 17' from fd00::201:1:1:1
03:24.649	ID:1	[INFO: App       ] Received request 'hello 15' from fd00::207:7:7:7
03:24.649	ID:1	[INFO: App       ] Sending response.
03:24.742	ID:7	[INFO: App       ] Received response 'hello 15' from fd00::201:1:1:1
03:25.142	ID:14	[INFO: App       ] Sending request 15 to fd00::201:1:1:1
03:25.222	ID:1	[INFO: App       ] Received request 'hello 15' from fd00::20e:e:e:e
03:25.222	ID:1	[INFO: App       ] Sending response.
03:25.291	ID:14	[INFO: App       ] Received response 'hello 15' from fd00::201:1:1:1
03:25.406	ID:4	[INFO: App       ] Sending request 17 to fd00::201:1:1:1
03:25.464	ID:1	[INFO: App       ] Received request 'hello 17' from fd00::204:4:4:4
03:25.464	ID:1	[INFO: App       ] Sending response.
03:25.480	ID:4	[INFO: App       ] Received response 'hello 17' from fd00::201:1:1:1
03:26.997	ID:8	[INFO: App       ] Sending request 16 to fd00::201:1:1:1
03:27.046	ID:1	[INFO: App       ] Received request 'hello 16' from fd00::208:8:8:8
03:27.046	ID:1	[INFO: App       ] Sending response.
03:27.167	ID:8	[INFO: App       ] Received response 'hello 16' from fd00::201:1:1:1
03:27.669	ID:15	[INFO: App       ] Sending request 15 to fd00::201:1:1:1
03:27.766	ID:1	[INFO: App       ] Received request 'hello 15' from fd00::20f:f:f:f
03:27.766	ID:1	[INFO: App       ] Sending response.
03:27.918	ID:12	[INFO: App       ] Sending request 15 to fd00::201:1:1:1
03:27.918	ID:15	[INFO: App       ] Received response 'hello 15' from fd00::201:1:1:1
03:28.040	ID:1	[INFO: App       ] Received request 'hello 15' from fd00::20c:c:c:c
03:28.040	ID:1	[INFO: App       ] Sending response.
03:28.117	ID:12	[INFO: App       ] Received response 'hello 15' from fd00::201:1:1:1
03:28.761	ID:6	[INFO: App       ] Sending request 16 to fd00::201:1:1:1
03:28.842	ID:1	[INFO: App       ] Received request 'hello 16' from fd00::206:6:6:6
03:28.842	ID:1	[INFO: App       ] Sending response.
03:28.912	ID:6	[INFO: App       ] Received response 'hello 16' from fd00::201:1:1:1
03:29.360	ID:9	[INFO: App       ] Sending request 16 to fd00::201:1:1:1
03:29.454	ID:1	[INFO: App       ] Received request 'hello 16' from fd00::209:9:9:9
03:29.454	ID:1	[INFO: App       ] Sending response.
03:29.513	ID:9	[INFO: App       ] Received response 'hello 16' from fd00::201:1:1:1
03:30.201	ID:2	[INFO: App       ] Sending request 17 to fd00::201:1:1:1
03:30.237	ID:1	[INFO: App       ] Received request 'hello 17' from fd00::202:2:2:2
03:30.237	ID:1	[INFO: App       ] Sending response.
03:30.320	ID:2	[INFO: App       ] Received response 'hello 17' from fd00::201:1:1:1
03:30.536	ID:10	[INFO: App       ] Sending request 17 to fd00::201:1:1:1
03:30.607	ID:1	[INFO: App       ] Received request 'hello 17' from fd00::20a:a:a:a
03:30.607	ID:1	[INFO: App       ] Sending response.
03:30.662	ID:10	[INFO: App       ] Received response 'hello 17' from fd00::201:1:1:1
03:33.048	ID:13	[INFO: App       ] Sending request 15 to fd00::201:1:1:1
03:33.160	ID:1	[INFO: App       ] Received request 'hello 15' from fd00::20d:d:d:d
03:33.160	ID:1	[INFO: App       ] Sending response.
03:33.233	ID:13	[INFO: App       ] Received response 'hello 15' from fd00::201:1:1:1
03:33.435	ID:11	[INFO: App       ] Sending request 17 to fd00::201:1:1:1
03:33.534	ID:1	[INFO: App       ] Received request 'hello 17' from fd00::20b:b:b:b
03:33.534	ID:1	[INFO: App       ] Sending response.
03:33.576	ID:11	[INFO: App       ] Received response 'hello 17' from fd00::201:1:1:1
03:34.231	ID:3	[INFO: App       ] Sending request 18 to fd00::201:1:1:1
03:34.304	ID:1	[INFO: App       ] Received request 'hello 18' from fd00::203:3:3:3
03:34.304	ID:1	[INFO: App       ] Sending response.
03:34.357	ID:3	[INFO: App       ] Received response 'hello 18' from fd00::201:1:1:1
03:34.370	ID:5	[INFO: App       ] Sending request 18 to fd00::201:1:1:1
03:34.429	ID:1	[INFO: App       ] Received request 'hello 18' from fd00::205:5:5:5
03:34.429	ID:1	[INFO: App       ] Sending response.
03:34.459	ID:5	[INFO: App       ] Received response 'hello 18' from fd00::201:1:1:1
03:34.636	ID:7	[INFO: App       ] Sending request 16 to fd00::201:1:1:1
03:34.698	ID:1	[INFO: App       ] Received request 'hello 16' from fd00::207:7:7:7
03:34.698	ID:1	[INFO: App       ] Sending response.
03:34.769	ID:7	[INFO: App       ] Received response 'hello 16' from fd00::201:1:1:1
03:35.651	ID:14	[INFO: App       ] Sending request 16 to fd00::201:1:1:1
03:35.732	ID:1	[INFO: App       ] Received request 'hello 16' from fd00::20e:e:e:e
03:35.732	ID:1	[INFO: App       ] Sending response.
03:35.821	ID:14	[INFO: App       ] Received response 'hello 16' from fd00::201:1:1:1
03:36.146	ID:8	[INFO: App       ] Sending request 17 to fd00::201:1:1:1
03:36.225	ID:1	[INFO: App       ] Received request 'hello 17' from fd00::208:8:8:8
03:36.225	ID:1	[INFO: App       ] Sending response.
03:36.314	ID:8	[INFO: App       ] Received response 'hello 17' from fd00::201:1:1:1
03:36.399	ID:4	[INFO: App       ] Sending request 18 to fd00::201:1:1:1
03:36.464	ID:1	[INFO: App       ] Received request 'hello 18' from fd00::204:4:4:4
03:36.464	ID:1	[INFO: App       ] Sending response.
03:36.542	ID:4	[INFO: App       ] Received response 'hello 18' from fd00::201:1:1:1
03:37.329	ID:15	[INFO: App       ] Sending request 16 to fd00::201:1:1:1
03:37.407	ID:1	[INFO: App       ] Received request 'hello 16' from fd00::20f:f:f:f
03:37.407	ID:1	[INFO: App       ] Sending response.
03:37.491	ID:15	[INFO: App       ] Received response 'hello 16' from fd00::201:1:1:1
03:38.580	ID:12	[INFO: App       ] Sending request 16 to fd00::201:1:1:1
03:38.685	ID:1	[INFO: App       ] Received request 'hello 16' from fd00::20c:c:c:c
03:38.685	ID:1	[INFO: App       ] Sending response.
03:38.767	ID:12	[INFO: App       ] Received response 'hello 16' from fd00::201:1:1:1
03:39.067	ID:6	[INFO: App       ] Sending request 17 to fd00::201:1:1:1
03:39.106	ID:9	[INFO: App       ] Sending request 17 to fd00::201:1:1:1
03:39.139	ID:1	[INFO: App       ] Received request 'hello 17' from fd00::206:6:6:6
03:39.139	ID:1	[INFO: App       ] Sending response.
03:39.182	ID:1	[INFO: App       ] Received request 'hello 17' from fd00::209:9:9:9
03:39.182	ID:1	[INFO: App       ] Sending response.
03:39.188	ID:6	[INFO: App       ] Received response 'hello 17' from fd00::201:1:1:1
03:39.246	ID:9	[INFO: App       ] Received response 'hello 17' from fd00::201:1:1:1
03:40.320	ID:2	[INFO: App       ] Sending request 18 to fd00::201:1:1:1
03:40.351	ID:1	[INFO: App       ] Received request 'hello 18' from fd00::202:2:2:2
03:40.351	ID:1	[INFO: App       ] Sending response.
03:40.402	ID:2	[INFO: App       ] Received response 'hello 18' from fd00::201:1:1:1
03:41.315	ID:10	[INFO: App       ] Sending request 18 to fd00::201:1:1:1
03:41.370	ID:1	[INFO: App       ] Received request 'hello 18' from fd00::20a:a:a:a
03:41.370	ID:1	[INFO: App       ] Sending response.
03:41.433	ID:10	[INFO: App       ] Received response 'hello 18' from fd00::201:1:1:1
03:43.380	ID:11	[INFO: App       ] Sending request 18 to fd00::201:1:1:1
03:43.459	ID:1	[INFO: App       ] Received request 'hello 18' from fd00::20b:b:b:b
03:43.459	ID:1	[INFO: App       ] Sending response.
03:43.551	ID:11	[INFO: App       ] Received response 'hello 18' from fd00::201:1:1:1
03:43.902	ID:13	[INFO: App       ] Sending request 16 to fd00::201:1:1:1
03:43.971	ID:1	[INFO: App       ] Received request 'hello 16' from fd00::20d:d:d:d
03:43.971	ID:1	[INFO: App       ] Sending response.
03:44.072	ID:13	[INFO: App       ] Received response 'hello 16' from fd00::201:1:1:1
03:44.090	ID:3	[INFO: App       ] Sending request 19 to fd00::201:1:1:1
03:44.109	ID:1	[INFO: App       ] Received request 'hello 19' from fd00::203:3:3:3
03:44.109	ID:1	[INFO: App       ] Sending response.
03:44.148	ID:3	[INFO: App       ] Received response 'hello 19' from fd00::201:1:1:1
03:44.292	ID:5	[INFO: App       ] Sending request 19 to fd00::201:1:1:1
03:44.345	ID:1	[INFO: App       ] Received request 'hello 19' from fd00::205:5:5:5
03:44.345	ID:1	[INFO: App       ] Sending response.
03:44.393	ID:5	[INFO: App       ] Received response 'hello 19' from fd00::201:1:1:1
03:44.966	ID:7	[INFO: App       ] Sending request 17 to fd00::201:1:1:1
03:45.030	ID:1	[INFO: App       ] Received request 'hello 17' from fd00::207:7:7:7
03:45.030	ID:1	[INFO: App       ] Sending response.
03:45.097	ID:7	[INFO: App       ] Received response 'hello 17' from fd00::201:1:1:1
03:45.406	ID:8	[INFO: App       ] Sending request 18 to fd00::201:1:1:1
03:45.486	ID:1	[INFO: App       ] Received request 'hello 18' from fd00::208:8:8:8
03:45.486	ID:1	[INFO: App       ] Sending response.
03:45.558	ID:8	[INFO: App       ] Received response 'hello 18' from fd00::201:1:1:1
03:46.122	ID:14	[INFO: App       ] Sending request 17 to fd00::201:1:1:1
03:46.211	ID:1	[INFO: App       ] Received request 'hello 17' from fd00::20e:e:e:e
03:46.211	ID:1	[INFO: App       ] Sending response.
03:46.309	ID:14	[INFO: App       ] Received response 'hello 17' from fd00::201:1:1:1
03:46.651	ID:4	[INFO: App       ] Sending request 19 to fd00::201:1:1:1
03:46.716	ID:1	[INFO: App       ] Received request 'hello 19' from fd00::204:4:4:4
03:46.716	ID:1	[INFO: App       ] Sending response.
03:46.774	ID:4	[INFO: App       ] Received response 'hello 19' from fd00::201:1:1:1
03:47.745	ID:15	[INFO: App       ] Sending request 17 to fd00::201:1:1:1
03:47.815	ID:1	[INFO: App       ] Received request 'hello 17' from fd00::20f:f:f:f
03:47.815	ID:1	[INFO: App       ] Sending response.
03:47.867	ID:15	[INFO: App       ] Received response 'hello 17' from fd00::201:1:1:1
03:48.620	ID:6	[INFO: App       ] Sending request 18 to fd00::201:1:1:1
03:48.677	ID:1	[INFO: App       ] Received request 'hello 18' from fd00::206:6:6:6
03:48.677	ID:1	[INFO: App       ] Sending response.
03:48.745	ID:6	[INFO: App       ] Received response 'hello 18' from fd00::201:1:1:1
03:48.791	ID:12	[INFO: App       ] Sending request 17 to fd00::201:1:1:1
03:48.873	ID:1	[INFO: App       ] Received request 'hello 17' from fd00::20c:c:c:c
03:48.873	ID:1	[INFO: App       ] Sending response.
03:49.016	ID:12	[INFO: App       ] Received response 'hello 17' from fd00::201:1:1:1
03:49.438	ID:9	[INFO: App       ] Sending request 18 to fd00::201:1:1:1
03:49.489	ID:1	[INFO: App       ] Received request 'hello 18' from fd00::209:9:9:9
03:49.489	ID:1	[INFO: App       ] Sending response.
03:49.586	ID:9	[INFO: App       ] Received response 'hello 18' from fd00::201:1:1:1
03:50.333	ID:2	[INFO: App       ] Sending request 19 to fd00::201:1:1:1
03:50.394	ID:10	[INFO: App       ] Sending request 19 to fd00::201:1:1:1
03:50.414	ID:1	[INFO: App       ] Received request 'hello 19' from fd00::202:2:2:2
03:50.414	ID:1	[INFO: App       ] Sending response.
03:50.460	ID:2	[INFO: App       ] Received response 'hello 19' from fd00::201:1:1:1
03:50.547	ID:1	[INFO: App       ] Received request 'hello 19' from fd00::20a:a:a:a
03:50.547	ID:1	[INFO: App       ] Sending response.
03:50.622	ID:10	[INFO: App       ] Received response 'hello 19' from fd00::201:1:1:1
03:53.165	ID:3	[INFO: App       ] Tx/Rx/MissedTx: 20/20/0
03:53.165	ID:3	[INFO: App       ] Sending request 20 to fd00::201:1:1:1
03:53.242	ID:1	[INFO: App       ] Received request 'hello 20' from fd00::203:3:3:3
03:53.242	ID:1	[INFO: App       ] Sending response.
03:53.296	ID:3	[INFO: App       ] Received response 'hello 20' from fd00::201:1:1:1
03:54.014	ID:5	[INFO: App       ] Tx/Rx/MissedTx: 20/20/0
03:54.014	ID:5	[INFO: App       ] Sending request 20 to fd00::201:1:1:1
03:54.050	ID:1	[INFO: App       ] Received request 'hello 20' from fd00::205:5:5:5
03:54.050	ID:1	[INFO: App       ] Sending response.
03:54.110	ID:5	[INFO: App       ] Received response 'hello 20' from fd00::201:1:1:1
03:54.125	ID:13	[INFO: App       ] Sending request 17 to fd00::201:1:1:1
03:54.198	ID:11	[INFO: App       ] Sending request 19 to fd00::201:1:1:1
03:54.210	ID:1	[INFO: App       ] Received request 'hello 17' from fd00::20d:d:d:d
03:54.210	ID:1	[INFO: App       ] Sending response.
03:54.284	ID:1	[INFO: App       ] Received request 'hello 19' from fd00::20b:b:b:b
03:54.284	ID:1	[INFO: App       ] Sending response.
03:54.331	ID:11	[INFO: App       ] Received response 'hello 19' from fd00::201:1:1:1
03:54.345	ID:13	[INFO: App       ] Received response 'hello 17' from fd00::201:1:1:1
03:55.076	ID:7	[INFO: App       ] Sending request 18 to fd00::201:1:1:1
03:55.117	ID:1	[INFO: App       ] Received request 'hello 18' from fd00::207:7:7:7
03:55.117	ID:1	[INFO: App       ] Sending response.
03:55.195	ID:7	[INFO: App       ] Received response 'hello 18' from fd00::201:1:1:1
03:55.726	ID:8	[INFO: App       ] Sending request 19 to fd00::201:1:1:1
03:55.791	ID:1	[INFO: App       ] Received request 'hello 19' from fd00::208:8:8:8
03:55.791	ID:1	[INFO: App       ] Sending response.
03:55.797	ID:14	[INFO: App       ] Sending request 18 to fd00::201:1:1:1
03:55.889	ID:1	[INFO: App       ] Received request 'hello 18' from fd00::20e:e:e:e
03:55.889	ID:1	[INFO: App       ] Sending response.
03:55.945	ID:8	[INFO: App       ] Received response 'hello 19' from fd00::201:1:1:1
03:55.989	ID:14	[INFO: App       ] Received response 'hello 18' from fd00::201:1:1:1
03:57.028	ID:4	[INFO: App       ] Tx/Rx/MissedTx: 20/20/0
03:57.028	ID:4	[INFO: App       ] Sending request 20 to fd00::201:1:1:1
03:57.077	ID:1	[INFO: App       ] Received request 'hello 20' from fd00::204:4:4:4
03:57.077	ID:1	[INFO: App       ] Sending response.
03:57.141	ID:4	[INFO: App       ] Received response 'hello 20' from fd00::201:1:1:1
03:57.757	ID:6	[INFO: App       ] Sending request 19 to fd00::201:1:1:1
03:57.848	ID:1	[INFO: App       ] Received request 'hello 19' from fd00::206:6:6:6
03:57.848	ID:1	[INFO: App       ] Sending response.
03:57.926	ID:6	[INFO: App       ] Received response 'hello 19' from fd00::201:1:1:1
03:58.092	ID:12	[INFO: App       ] Sending request 18 to fd00::201:1:1:1
03:58.154	ID:1	[INFO: App       ] Received request 'hello 18' from fd00::20c:c:c:c
03:58.154	ID:1	[INFO: App       ] Sending response.
03:58.173	ID:15	[INFO: App       ] Sending request 18 to fd00::201:1:1:1
03:58.256	ID:12	[INFO: App       ] Received response 'hello 18' from fd00::201:1:1:1
03:58.320	ID:1	[INFO: App       ] Received request 'hello 18' from fd00::20f:f:f:f
03:58.320	ID:1	[INFO: App       ] Sending response.
03:58.404	ID:15	[INFO: App       ] Received response 'hello 18' from fd00::201:1:1:1
03:59.815	ID:10	[INFO: App       ] Tx/Rx/MissedTx: 20/20/0
03:59.815	ID:10	[INFO: App       ] Sending request 20 to fd00::201:1:1:1
03:59.909	ID:1	[INFO: App       ] Received request 'hello 20' from fd00::20a:a:a:a
03:59.909	ID:1	[INFO: App       ] Sending response.
03:59.961	ID:10	[INFO: App       ] Received response 'hello 20' from fd00::201:1:1:1
04:00.342	ID:9	[INFO: App       ] Sending request 19 to fd00::201:1:1:1
04:00.441	ID:1	[INFO: App       ] Received request 'hello 19' from fd00::209:9:9:9
04:00.441	ID:1	[INFO: App       ] Sending response.
04:00.539	ID:9	[INFO: App       ] Received response 'hello 19' from fd00::201:1:1:1
04:01.013	ID:2	[INFO: App       ] Tx/Rx/MissedTx: 20/20/0
04:01.013	ID:2	[INFO: App       ] Sending request 20 to fd00::201:1:1:1
04:01.089	ID:1	[INFO: App       ] Received request 'hello 20' from fd00::202:2:2:2
04:01.089	ID:1	[INFO: App       ] Sending response.
04:01.145	ID:2	[INFO: App       ] Received response 'hello 20' from fd00::201:1:1:1
04:03.324	ID:5	[INFO: App       ] Sending request 21 to fd00::201:1:1:1
04:03.356	ID:13	[INFO: App       ] Sending request 18 to fd00::201:1:1:1
04:03.367	ID:1	[INFO: App       ] Received request 'hello 21' from fd00::205:5:5:5
04:03.367	ID:1	[INFO: App       ] Sending response.
04:03.435	ID:5	[INFO: App       ] Received response 'hello 21' from fd00::201:1:1:1
04:03.449	ID:1	[INFO: App       ] Received request 'hello 18' from fd00::20d:d:d:d
04:03.449	ID:1	[INFO: App       ] Sending response.
04:03.554	ID:13	[INFO: App       ] Received response 'hello 18' from fd00::201:1:1:1
04:04.069	ID:11	[INFO: App       ] Tx/Rx/MissedTx: 20/20/0
04:04.069	ID:11	[INFO: App       ] Sending request 20 to fd00::201:1:1:1
04:04.117	ID:3	[INFO: App       ] Sending request 21 to fd00::201:1:1:1
04:04.137	ID:1	[INFO: App       ] Received request 'hello 20' from fd00::20b:b:b:b
04:04.137	ID:1	[INFO: App       ] Sending response.
04:04.162	ID:1	[INFO: App       ] Received request 'hello 21' from fd00::203:3:3:3
04:04.162	ID:1	[INFO: App       ] Sending response.
04:04.219	ID:11	[INFO: App       ] Received response 'hello 20' from fd00::201:1:1:1
04:04.268	ID:3	[INFO: App       ] Received response 'hello 21' from fd00::201:1:1:1
04:05.006	ID:14	[INFO: App       ] Sending request 19 to fd00::201:1:1:1
04:05.114	ID:1	[INFO: App       ] Received request 'hello 19' from fd00::20e:e:e:e
04:05.114	ID:1	[INFO: App       ] Sending response.
04:05.216	ID:7	[INFO: App       ] Sending request 19 to fd00::201:1:1:1
04:05.239	ID:14	[INFO: App       ] Received response 'hello 19' from fd00::201:1:1:1
04:05.307	ID:1	[INFO: App       ] Received request 'hello 19' from fd00::207:7:7:7
04:05.307	ID:1	[INFO: App       ] Sending response.
04:05.364	ID:7	[INFO: App       ] Received response 'hello 19' from fd00::201:1:1:1
04:06.012	ID:8	[INFO: App       ] Tx/Rx/MissedTx: 20/20/0
04:06.012	ID:8	[INFO: App       ] Sending request 20 to fd00::201:1:1:1
04:06.075	ID:1	[INFO: App       ] Received request 'hello 20' from fd00::208:8:8:8
04:06.075	ID:1	[INFO: App       ] Sending response.
04:06.105	ID:8	[INFO: App       ] Received response 'hello 20' from fd00::201:1:1:1
04:06.550	ID:4	[INFO: App       ] Sending request 21 to fd00::201:1:1:1
04:06.623	ID:1	[INFO: App       ] Received request 'hello 21' from fd00::204:4:4:4
04:06.623	ID:1	[INFO: App       ] Sending response.
04:06.652	ID:4	[INFO: App       ] Received response 'hello 21' from fd00::201:1:1:1
04:07.182	ID:12	[INFO: App       ] Sending request 19 to fd00::201:1:1:1
04:07.268	ID:1	[INFO: App       ] Received request 'hello 19' from fd00::20c:c:c:c
04:07.268	ID:1	[INFO: App       ] Sending response.
04:07.342	ID:12	[INFO: App       ] Received response 'hello 19' from fd00::201:1:1:1
04:08.269	ID:15	[INFO: App       ] Sending request 19 to fd00::201:1:1:1
04:08.418	ID:1	[INFO: App       ] Received request 'hello 19' from fd00::20f:f:f:f
04:08.418	ID:1	[INFO: App       ] Sending response.
04:08.514	ID:15	[INFO: App       ] Received response 'hello 19' from fd00::201:1:1:1
04:08.663	ID:6	[INFO: App       ] Tx/Rx/MissedTx: 20/19/0
04:08.663	ID:6	[INFO: App       ] Sending request 20 to fd00::201:1:1:1
04:08.737	ID:1	[INFO: App       ] Received request 'hello 20' from fd00::206:6:6:6
04:08.737	ID:1	[INFO: App       ] Sending response.
04:08.811	ID:6	[INFO: App       ] Received response 'hello 20' from fd00::201:1:1:1
04:09.221	ID:10	[INFO: App       ] Sending request 21 to fd00::201:1:1:1
04:09.310	ID:1	[INFO: App       ] Received request 'hello 21' from fd00::20a:a:a:a
04:09.310	ID:1	[INFO: App       ] Sending response.
04:09.349	ID:9	[INFO: App       ] Tx/Rx/MissedTx: 20/20/0
04:09.349	ID:9	[INFO: App       ] Sending request 20 to fd00::201:1:1:1
04:09.406	ID:10	[INFO: App       ] Received response 'hello 21' from fd00::201:1:1:1
04:09.425	ID:1	[INFO: App       ] Received request 'hello 20' from fd00::209:9:9:9
04:09.425	ID:1	[INFO: App       ] Sending response.
04:09.533	ID:9	[INFO: App       ] Received response 'hello 20' from fd00::201:1:1:1
04:11.138	ID:2	[INFO: App       ] Sending request 21 to fd00::201:1:1:1
04:11.203	ID:1	[INFO: App       ] Received request 'hello 21' from fd00::202:2:2:2
04:11.203	ID:1	[INFO: App       ] Sending response.
04:11.265	ID:2	[INFO: App       ] Received response 'hello 21' from fd00::201:1:1:1
04:12.343	ID:5	[INFO: App       ] Sending request 22 to fd00::201:1:1:1
04:12.419	ID:1	[INFO: App       ] Received request 'hello 22' from fd00::205:5:5:5
04:12.419	ID:1	[INFO: App       ] Sending response.
04:12.461	ID:5	[INFO: App       ] Received response 'hello 22' from fd00::201:1:1:1
04:14.158	ID:3	[INFO: App       ] Sending request 22 to fd00::201:1:1:1
04:14.211	ID:1	[INFO: App       ] Received request 'hello 22' from fd00::203:3:3:3
04:14.211	ID:1	[INFO: App       ] Sending response.
04:14.237	ID:3	[INFO: App       ] Received response 'hello 22' from fd00::201:1:1:1
04:14.289	ID:13	[INFO: App       ] Sending request 19 to fd00::201:1:1:1
04:14.405	ID:1	[INFO: App       ] Received request 'hello 19' from fd00::20d:d:d:d
04:14.405	ID:1	[INFO: App       ] Sending response.
04:14.486	ID:13	[INFO: App       ] Received response 'hello 19' from fd00::201:1:1:1
04:14.733	ID:14	[INFO: App       ] Tx/Rx/MissedTx: 20/20/0
04:14.733	ID:14	[INFO: App       ] Sending request 20 to fd00::201:1:1:1
04:14.844	ID:1	[INFO: App       ] Received request 'hello 20' from fd00::20e:e:e:e
04:14.844	ID:1	[INFO: App       ] Sending response.
04:14.973	ID:11	[INFO: App       ] Sending request 21 to fd00::201:1:1:1
04:14.976	ID:14	[INFO: App       ] Received response 'hello 20' from fd00::201:1:1:1
04:15.067	ID:1	[INFO: App       ] Received request 'hello 21' from fd00::20b:b:b:b
04:15.067	ID:1	[INFO: App       ] Sending response.
04:15.152	ID:11	[INFO: App       ] Received response 'hello 21' from fd00::201:1:1:1
04:15.920	ID:7	[INFO: App       ] Tx/Rx/MissedTx: 20/20/0
04:15.920	ID:7	[INFO: App       ] Sending request 20 to fd00::201:1:1:1
04:15.964	ID:4	[INFO: App       ] Sending request 22 to fd00::201:1:1:1
04:15.969	ID:1	[INFO: App       ] Received request 'hello 20' from fd00::207:7:7:7
04:15.969	ID:1	[INFO: App       ] Sending response.
04:15.994	ID:1	[INFO: App       ] Received request 'hello 22' from fd00::204:4:4:4
04:15.994	ID:1	[INFO: App       ] Sending response.
04:16.045	ID:4	[INFO: App       ] Received response 'hello 22' from fd00::201:1:1:1
04:16.066	ID:7	[INFO: App       ] Received response 'hello 20' from fd00::201:1:1:1
04:16.696	ID:8	[INFO: App       ] Sending request 21 to fd00::201:1:1:1
04:16.753	ID:1	[INFO: App       ] Received request 'hello 21' from fd00::208:8:8:8
04:16.753	ID:1	[INFO: App       ] Sending response.
04:16.789	ID:8	[INFO: App       ] Received response 'hello 21' from fd00::201:1:1:1
04:17.706	ID:15	[INFO: App       ] Tx/Rx/MissedTx: 20/20/0
04:17.706	ID:15	[INFO: App       ] Sending request 20 to fd00::201:1:1:1
04:17.793	ID:1	[INFO: App       ] Received request 'hello 20' from fd00::20f:f:f:f
04:17.793	ID:1	[INFO: App       ] Sending response.
04:17.937	ID:15	[INFO: App       ] Received response 'hello 20' from fd00::201:1:1:1
04:18.113	ID:12	[INFO: App       ] Tx/Rx/MissedTx: 20/19/0
04:18.113	ID:12	[INFO: App       ] Sending request 20 to fd00::201:1:1:1
04:18.211	ID:1	[INFO: App       ] Received request 'hello 20' from fd00::20c:c:c:c
04:18.211	ID:1	[INFO: App       ] Sending response.
04:18.367	ID:12	[INFO: App       ] Received response 'hello 20' from fd00::201:1:1:1
04:18.976	ID:6	[INFO: App       ] Sending request 21 to fd00::201:1:1:1
04:19.039	ID:1	[INFO: App       ] Received request 'hello 21' from fd00::206:6:6:6
04:19.039	ID:1	[INFO: App       ] Sending response.
04:19.123	ID:6	[INFO: App       ] Received response 'hello 21' from fd00::201:1:1:1
04:19.235	ID:9	[INFO: App       ] Sending request 21 to fd00::201:1:1:1
04:19.306	ID:1	[INFO: App       ] Received request 'hello 21' from fd00::209:9:9:9
04:19.306	ID:1	[INFO: App       ] Sending response.
04:19.378	ID:9	[INFO: App       ] Received response 'hello 21' from fd00::201:1:1:1
04:20.025	ID:10	[INFO: App       ] Sending request 22 to fd00::201:1:1:1
04:20.103	ID:1	[INFO: App       ] Received request 'hello 22' from fd00::20a:a:a:a
04:20.103	ID:1	[INFO: App       ] Sending response.
04:20.185	ID:10	[INFO: App       ] Received response 'hello 22' from fd00::201:1:1:1
04:20.873	ID:2	[INFO: App       ] Sending request 22 to fd00::201:1:1:1
04:20.919	ID:1	[INFO: App       ] Received request 'hello 22' from fd00::202:2:2:2
04:20.919	ID:1	[INFO: App       ] Sending response.
04:20.977	ID:2	[INFO: App       ] Received response 'hello 22' from fd00::201:1:1:1
04:23.252	ID:5	[INFO: App       ] Sending request 23 to fd00::201:1:1:1
04:23.282	ID:1	[INFO: App       ] Received request 'hello 23' from fd00::205:5:5:5
04:23.282	ID:1	[INFO: App       ] Sending response.
04:23.312	ID:5	[INFO: App       ] Received response 'hello 23' from fd00::201:1:1:1
04:23.692	ID:13	[INFO: App       ] Tx/Rx/MissedTx: 20/20/0
04:23.692	ID:13	[INFO: App       ] Sending request 20 to fd00::201:1:1:1
04:23.796	ID:1	[INFO: App       ] Received request 'hello 20' from fd00::20d:d:d:d
04:23.796	ID:1	[INFO: App       ] Sending response.
04:23.870	ID:13	[INFO: App       ] Received response 'hello 20' from fd00::201:1:1:1
04:24.554	ID:14	[INFO: App       ] Sending request 21 to fd00::201:1:1:1
04:24.586	ID:3	[INFO: App       ] Sending request 23 to fd00::201:1:1:1
04:24.637	ID:1	[INFO: App       ] Received request 'hello 23' from fd00::203:3:3:3
04:24.637	ID:1	[INFO: App       ] Sending response.
04:24.682	ID:1	[INFO: App       ] Received request 'hello 21' from fd00::20e:e:e:e
04:24.682	ID:1	[INFO: App       ] Sending response.
04:24.722	ID:3	[INFO: App       ] Received response 'hello 23' from fd00::201:1:1:1
04:24.815	ID:14	[INFO: App       ] Received response 'hello 21' from fd00::201:1:1:1
04:25.416	ID:11	[INFO: App       ] Sending request 22 to fd00::201:1:1:1
04:25.500	ID:1	[INFO: App       ] Received request 'hello 22' from fd00::20b:b:b:b
04:25.500	ID:1	[INFO: App       ] Sending response.
04:25.542	ID:11	[INFO: App       ] Received response 'hello 22' from fd00::201:1:1:1
04:25.891	ID:4	[INFO: App       ] Sending request 23 to fd00::201:1:1:1
04:25.907	ID:1	[INFO: App       ] Received request 'hello 23' from fd00::204:4:4:4
04:25.907	ID:1	[INFO: App       ] Sending response.
04:25.963	ID:4	[INFO: App       ] Received response 'hello 23' from fd00::201:1:1:1
04:26.115	ID:7	[INFO: App       ] Sending request 21 to fd00::201:1:1:1
04:26.234	ID:1	[INFO: App       ] Received request 'hello 21' from fd00::207:7:7:7
04:26.234	ID:1	[INFO: App       ] Sending response.
04:26.317	ID:7	[INFO: App       ] Received response 'hello 21' from fd00::201:1:1:1
04:26.473	ID:8	[INFO: App       ] Sending request 22 to fd00::201:1:1:1
04:26.537	ID:1	[INFO: App       ] Received request 'hello 22' from fd00::208:8:8:8
04:26.537	ID:1	[INFO: App       ] Sending response.
04:26.604	ID:8	[INFO: App       ] Received response 'hello 22' from fd00::201:1:1:1
04:27.665	ID:12	[INFO: App       ] Sending request 21 to fd00::201:1:1:1
04:27.770	ID:15	[INFO: App       ] Sending request 21 to fd00::201:1:1:1
04:27.777	ID:1	[INFO: App       ] Received request 'hello 21' from fd00::20c:c:c:c
04:27.777	ID:1	[INFO: App       ] Sending response.
04:27.887	ID:12	[INFO: App       ] Received response 'hello 21' from fd00::201:1:1:1
04:27.908	ID:1	[INFO: App       ] Received request 'hello 21' from fd00::20f:f:f:f
04:27.908	ID:1	[INFO: App       ] Sending response.
04:27.993	ID:15	[INFO: App       ] Received response 'hello 21' from fd00::201:1:1:1
04:29.212	ID:9	[INFO: App       ] Sending request 22 to fd00::201:1:1:1
04:29.270	ID:1	[INFO: App       ] Received request 'hello 22' from fd00::209:9:9:9
04:29.270	ID:1	[INFO: App       ] Sending response.
04:29.292	ID:6	[INFO: App       ] Sending request 22 to fd00::201:1:1:1
04:29.353	ID:9	[INFO: App       ] Received response 'hello 22' from fd00::201:1:1:1
04:29.371	ID:1	[INFO: App       ] Received request 'hello 22' from fd00::206:6:6:6
04:29.371	ID:1	[INFO: App       ] Sending response.
04:29.407	ID:6	[INFO: App       ] Received response 'hello 22' from fd00::201:1:1:1
04:29.935	ID:10	[INFO: App       ] Sending request 23 to fd00::201:1:1:1
04:30.032	ID:1	[INFO: App       ] Received request 'hello 23' from fd00::20a:a:a:a
04:30.032	ID:1	[INFO: App       ] Sending response.
04:30.083	ID:10	[INFO: App       ] Received response 'hello 23' from fd00::201:1:1:1
04:31.707	ID:2	[INFO: App       ] Sending request 23 to fd00::201:1:1:1
04:31.745	ID:1	[INFO: App       ] Received request 'hello 23' from fd00::202:2:2:2
04:31.745	ID:1	[INFO: App       ] Sending response.
04:31.791	ID:2	[INFO: App       ] Received response 'hello 23' from fd00::201:1:1:1
04:33.167	ID:13	[INFO: App       ] Sending request 21 to fd00::201:1:1:1
04:33.230	ID:1	[INFO: App       ] Received request 'hello 21' from fd00::20d:d:d:d
04:33.230	ID:1	[INFO: App       ] Sending response.
04:33.318	ID:13	[INFO: App       ] Received response 'hello 21' from fd00::201:1:1:1
04:33.589	ID:5	[INFO: App       ] Sending request 24 to fd00::201:1:1:1
04:33.637	ID:1	[INFO: App       ] Received request 'hello 24' from fd00::205:5:5:5
04:33.637	ID:1	[INFO: App       ] Sending response.
04:33.692	ID:5	[INFO: App       ] Received response 'hello 24' from fd00::201:1:1:1
04:34.706	ID:14	[INFO: App       ] Sending request 22 to fd00::201:1:1:1
04:34.847	ID:1	[INFO: App       ] Received request 'hello 22' from fd00::20e:e:e:e
04:34.847	ID:1	[INFO: App       ] Sending response.
04:34.947	ID:3	[INFO: App       ] Sending request 24 to fd00::201:1:1:1
04:34.967	ID:1	[INFO: App       ] Received request 'hello 24' from fd00::203:3:3:3
04:34.967	ID:1	[INFO: App       ] Sending response.
04:35.019	ID:14	[INFO: App       ] Received response 'hello 22' from fd00::201:1:1:1
04:35.030	ID:3	[INFO: App       ] Received response 'hello 24' from fd00::201:1:1:1
04:35.404	ID:11	[INFO: App       ] Sending request 23 to fd00::201:1:1:1
04:35.476	ID:1	[INFO: App       ] Received request 'hello 23' from fd00::20b:b:b:b
04:35.476	ID:1	[INFO: App       ] Sending response.
04:35.548	ID:11	[INFO: App       ] Received response 'hello 23' from fd00::201:1:1:1
04:35.993	ID:4	[INFO: App       ] Sending request 24 to fd00::201:1:1:1
04:36.043	ID:1	[INFO: App       ] Received request 'hello 24' from fd00::204:4:4:4
04:36.043	ID:1	[INFO: App       ] Sending response.
04:36.075	ID:4	[INFO: App       ] Received response 'hello 24' from fd00::201:1:1:1
04:36.994	ID:7	[INFO: App       ] Sending request 22 to fd00::201:1:1:1
04:37.089	ID:1	[INFO: App       ] Received request 'hello 22' from fd00::207:7:7:7
04:37.089	ID:1	[INFO: App       ] Sending response.
04:37.185	ID:7	[INFO: App       ] Received response 'hello 22' from fd00::201:1:1:1
04:37.303	ID:12	[INFO: App       ] Sending request 22 to fd00::201:1:1:1
04:37.405	ID:8	[INFO: App       ] Sending request 23 to fd00::201:1:1:1
04:37.408	ID:1	[INFO: App       ] Received request 'hello 22' from fd00::20c:c:c:c
04:37.408	ID:1	[INFO: App       ] Sending response.
04:37.461	ID:15	[INFO: App       ] Sending request 22 to fd00::201:1:1:1
04:37.472	ID:1	[INFO: App       ] Received request 'hello 23' from fd00::208:8:8:8
04:37.472	ID:1	[INFO: App       ] Sending response.
04:37.507	ID:12	[INFO: App       ] Received response 'hello 22' from fd00::201:1:1:1
04:37.544	ID:8	[INFO: App       ] Received response 'hello 23' from fd00::201:1:1:1
04:37.566	ID:1	[INFO: App       ] Received request 'hello 22' from fd00::20f:f:f:f
04:37.566	ID:1	[INFO: App       ] Sending response.
04:37.698	ID:15	[INFO: App       ] Received response 'hello 22' from fd00::201:1:1:1
04:39.227	ID:6	[INFO: App       ] Sending request 23 to fd00::201:1:1:1
04:39.283	ID:1	[INFO: App       ] Received request 'hello 23' from fd00::206:6:6:6
04:39.283	ID:1	[INFO: App       ] Sending response.
04:39.356	ID:9	[INFO: App       ] Sending request 23 to fd00::201:1:1:1
04:39.385	ID:6	[INFO: App       ] Received response 'hello 23' from fd00::201:1:1:1
04:39.403	ID:1	[INFO: App       ] Received request 'hello 23' from fd00::209:9:9:9
04:39.403	ID:1	[INFO: App       ] Sending response.
04:39.504	ID:9	[INFO: App       ] Received response 'hello 23' from fd00::201:1:1:1
04:40.196	ID:10	[INFO: App       ] Sending request 24 to fd00::201:1:1:1
04:40.238	ID:1	[INFO: App       ] Received request 'hello 24' from fd00::20a:a:a:a
04:40.238	ID:1	[INFO: App       ] Sending response.
04:40.352	ID:10	[INFO: App       ] Received response 'hello 24' from fd00::201:1:1:1
04:41.943	ID:2	[INFO: App       ] Sending request 24 to fd00::201:1:1:1
04:41.961	ID:1	[INFO: App       ] Received request 'hello 24' from fd00::202:2:2:2
04:41.961	ID:1	[INFO: App       ] Sending response.
04:42.035	ID:2	[INFO: App       ] Received response 'hello 24' from fd00::201:1:1:1
04:42.908	ID:13	[INFO: App       ] Sending request 22 to fd00::201:1:1:1
04:43.016	ID:1	[INFO: App       ] Received request 'hello 22' from fd00::20d:d:d:d
04:43.016	ID:1	[INFO: App       ] Sending response.
04:43.127	ID:13	[INFO: App       ] Received response 'hello 22' from fd00::201:1:1:1
04:43.198	ID:5	[INFO: App       ] Sending request 25 to fd00::201:1:1:1
04:43.266	ID:1	[INFO: App       ] Received request 'hello 25' from fd00::205:5:5:5
04:43.266	ID:1	[INFO: App       ] Sending response.
04:43.332	ID:5	[INFO: App       ] Received response 'hello 25' from fd00::201:1:1:1
04:44.071	ID:3	[INFO: App       ] Sending request 25 to fd00::201:1:1:1
04:44.117	ID:1	[INFO: App       ] Received request 'hello 25' from fd00::203:3:3:3
04:44.117	ID:1	[INFO: App       ] Sending response.
04:44.163	ID:3	[INFO: App       ] Received response 'hello 25' from fd00::201:1:1:1
04:45.002	ID:11	[INFO: App       ] Sending request 24 to fd00::201:1:1:1
04:45.048	ID:1	[INFO: App       ] Received request 'hello 24' from fd00::20b:b:b:b
04:45.048	ID:1	[INFO: App       ] Sending response.
04:45.134	ID:11	[INFO: App       ] Received response 'hello 24' from fd00::201:1:1:1
04:45.486	ID:14	[INFO: App       ] Sending request 23 to fd00::201:1:1:1
04:45.579	ID:1	[INFO: App       ] Received request 'hello 23' from fd00::20e:e:e:e
04:45.579	ID:1	[INFO: App       ] Sending response.
04:45.685	ID:14	[INFO: App       ] Received response 'hello 23' from fd00::201:1:1:1
04:45.716	ID:4	[INFO: App       ] Sending request 25 to fd00::201:1:1:1
04:45.770	ID:1	[INFO: App       ] Received request 'hello 25' from fd00::204:4:4:4
04:45.770	ID:1	[INFO: App       ] Sending response.
04:45.785	ID:4	[INFO: App       ] Received response 'hello 25' from fd00::201:1:1:1
04:46.809	ID:15	[INFO: App       ] Sending request 23 to fd00::201:1:1:1
04:46.901	ID:1	[INFO: App       ] Received request 'hello 23' from fd00::20f:f:f:f
04:46.901	ID:1	[INFO: App       ] Sending response.
04:47.005	ID:15	[INFO: App       ] Received response 'hello 23' from fd00::201:1:1:1
04:47.064	ID:8	[INFO: App       ] Sending request 24 to fd00::201:1:1:1
04:47.182	ID:1	[INFO: App       ] Received request 'hello 24' from fd00::208:8:8:8
04:47.182	ID:1	[INFO: App       ] Sending response.
04:47.260	ID:8	[INFO: App       ] Received response 'hello 24' from fd00::201:1:1:1
04:47.536	ID:7	[INFO: App       ] Sending request 23 to fd00::201:1:1:1
04:47.619	ID:1	[INFO: App       ] Received request 'hello 23' from fd00::207:7:7:7
04:47.619	ID:1	[INFO: App       ] Sending response.
04:47.675	ID:7	[INFO: App       ] Received response 'hello 23' from fd00::201:1:1:1
04:48.018	ID:12	[INFO: App       ] Sending request 23 to fd00::201:1:1:1
04:48.092	ID:1	[INFO: App       ] Received request 'hello 23' from fd00::20c:c:c:c
04:48.092	ID:1	[INFO: App       ] Sending response.
04:48.191	ID:12	[INFO: App       ] Received response 'hello 23' from fd00::201:1:1:1
04:49.674	ID:9	[INFO: App       ] Sending request 24 to fd00::201:1:1:1
04:49.755	ID:1	[INFO: App       ] Received request 'hello 24' from fd00::209:9:9:9
04:49.755	ID:1	[INFO: App       ] Sending response.
04:49.819	ID:9	[INFO: App       ] Received response 'hello 24' from fd00::201:1:1:1
04:49.985	ID:6	[INFO: App       ] Sending request 24 to fd00::201:1:1:1
04:50.051	ID:1	[INFO: App       ] Received request 'hello 24' from fd00::206:6:6:6
04:50.051	ID:1	[INFO: App       ] Sending response.
04:50.146	ID:6	[INFO: App       ] Received response 'hello 24' from fd00::201:1:1:1
04:50.383	ID:10	[INFO: App       ] Sending request 25 to fd00::201:1:1:1
04:50.496	ID:1	[INFO: App       ] Received request 'hello 25' from fd00::20a:a:a:a
04:50.496	ID:1	[INFO: App       ] Sending response.
04:50.562	ID:10	[INFO: App       ] Received response 'hello 25' from fd00::201:1:1:1
04:51.756	ID:2	[INFO: App       ] Sending request 25 to fd00::201:1:1:1
04:51.784	ID:1	[INFO: App       ] Received request 'hello 25' from fd00::202:2:2:2
04:51.784	ID:1	[INFO: App       ] Sending response.
04:51.813	ID:2	[INFO: App       ] Received response 'hello 25' from fd00::201:1:1:1
04:52.390	ID:13	[INFO: App       ] Sending request 23 to fd00::201:1:1:1
04:52.463	ID:1	[INFO: App       ] Received request 'hello 23' from fd00::20d:d:d:d
04:52.463	ID:1	[INFO: App       ] Sending response.
04:52.552	ID:13	[INFO: App       ] Received response 'hello 23' from fd00::201:1:1:1
04:53.089	ID:5	[INFO: App       ] Sending request 26 to fd00::201:1:1:1
04:53.159	ID:1	[INFO: App       ] Received request 'hello 26' from fd00::205:5:5:5
04:53.159	ID:1	[INFO: App       ] Sending response.
04:53.211	ID:5	[INFO: App       ] Received response 'hello 26' from fd00::201:1:1:1
04:54.952	ID:11	[INFO: App       ] Sending request 25 to fd00::201:1:1:1
04:55.006	ID:3	[INFO: App       ] Sending request 26 to fd00::201:1:1:1
04:55.031	ID:1	[INFO: App       ] Received request 'hello 25' from fd00::20b:b:b:b
04:55.031	ID:1	[INFO: App       ] Sending response.
04:55.110	ID:11	[INFO: App       ] Received response 'hello 25' from fd00::201:1:1:1
04:55.172	ID:14	[INFO: App       ] Sending request 24 to fd00::201:1:1:1
04:55.267	ID:1	[INFO: App       ] Received request 'hello 24' from fd00::20e:e:e:e
04:55.267	ID:1	[INFO: App       ] Sending response.
04:55.292	ID:1	[INFO: App       ] Received request 'hello 26' from fd00::203:3:3:3
04:55.292	ID:1	[INFO: App       ] Sending response.
04:55.339	ID:3	[INFO: App       ] Received response 'hello 26' from fd00::201:1:1:1
04:55.355	ID:4	[INFO: App       ] Sending request 26 to fd00::201:1:1:1
04:55.402	ID:1	[INFO: App       ] Received request 'hello 26' from fd00::204:4:4:4
04:55.402	ID:1	[INFO: App       ] Sending response.
04:55.408	ID:14	[INFO: App       ] Received response 'hello 24' from fd00::201:1:1:1
04:55.468	ID:4	[INFO: App       ] Received response 'hello 26' from fd00::201:1:1:1
04:56.720	ID:8	[INFO: App       ] Sending request 25 to fd00::201:1:1:1
04:56.779	ID:1	[INFO: App       ] Received request 'hello 25' from fd00::208:8:8:8
04:56.779	ID:1	[INFO: App       ] Sending response.
04:56.868	ID:8	[INFO: App       ] Received response 'hello 25' from fd00::201:1:1:1
04:57.048	ID:7	[INFO: App       ] Sending request 24 to fd00::201:1:1:1
04:57.137	ID:1	[INFO: App       ] Received request 'hello 24' from fd00::207:7:7:7
04:57.137	ID:1	[INFO: App       ] Sending response.
04:57.221	ID:12	[INFO: App       ] Sending request 24 to fd00::201:1:1:1
04:57.228	ID:7	[INFO: App       ] Received response 'hello 24' from fd00::201:1:1:1
04:57.393	ID:1	[INFO: App       ] Received request 'hello 24' from fd00::20c:c:c:c
04:57.393	ID:1	[INFO: App       ] Sending response.
04:57.516	ID:12	[INFO: App       ] Received response 'hello 24' from fd00::201:1:1:1
04:57.563	ID:15	[INFO: App       ] Sending request 24 to fd00::201:1:1:1
04:57.716	ID:1	[INFO: App       ] Received request 'hello 24' from fd00::20f:f:f:f
04:57.716	ID:1	[INFO: App       ] Sending response.
04:57.821	ID:15	[INFO: App       ] Received response 'hello 24' from fd00::201:1:1:1
04:59.266	ID:9	[INFO: App       ] Sending request 25 to fd00::201:1:1:1
04:59.335	ID:1	[INFO: App       ] Received request 'hello 25' from fd00::209:9:9:9
04:59.335	ID:1	[INFO: App       ] Sending response.
04:59.422	ID:9	[INFO: App       ] Received response 'hello 25' from fd00::201:1:1:1
05:00.900	ID:6	[INFO: App       ] Sending request 25 to fd00::201:1:1:1
05:00.950	ID:1	[INFO: App       ] Received request 'hello 25' from fd00::206:6:6:6
05:00.950	ID:1	[INFO: App       ] Sending response.
05:00.993	ID:6	[INFO: App       ] Received response 'hello 25' from fd00::201:1:1:1
05:01.053	ID:2	[INFO: App       ] Sending request 26 to fd00::201:1:1:1
05:01.104	ID:1	[INFO: App       ] Received request 'hello 26' from fd00::202:2:2:2
05:01.104	ID:1	[INFO: App       ] Sending response.
05:01.144	ID:2	[INFO: App       ] Received response 'hello 26' from fd00::201:1:1:1
05:01.318	ID:10	[INFO: App       ] Sending request 26 to fd00::201:1:1:1
05:01.384	ID:1	[INFO: App       ] Received request 'hello 26' from fd00::20a:a:a:a
05:01.384	ID:1	[INFO: App       ] Sending response.
05:01.474	ID:10	[INFO: App       ] Received response 'hello 26' from fd00::201:1:1:1
05:01.864	ID:13	[INFO: App       ] Sending request 24 to fd00::201:1:1:1
05:02.021	ID:1	[INFO: App       ] Received request 'hello 24' from fd00::20d:d:d:d
05:02.021	ID:1	[INFO: App       ] Sending response.
05:02.114	ID:13	[INFO: App       ] Received response 'hello 24' from fd00::201:1:1:1
05:02.856	ID:5	[INFO: App       ] Sending request 27 to fd00::201:1:1:1
05:02.886	ID:1	[INFO: App       ] Received request 'hello 27' from fd00::205:5:5:5
05:02.886	ID:1	[INFO: App       ] Sending response.
05:02.930	ID:5	[INFO: App       ] Received response 'hello 27' from fd00::201:1:1:1
05:04.243	ID:11	[INFO: App       ] Sending request 26 to fd00::201:1:1:1
05:04.315	ID:1	[INFO: App       ] Received request 'hello 26' from fd00::20b:b:b:b
05:04.315	ID:1	[INFO: App       ] Sending response.
05:04.400	ID:11	[INFO: App       ] Received response 'hello 26' from fd00::201:1:1:1
05:04.404	ID:3	[INFO: App       ] Sending request 27 to fd00::201:1:1:1
05:04.455	ID:1	[INFO: App       ] Received request 'hello 27' from fd00::203:3:3:3
05:04.455	ID:1	[INFO: App       ] Sending response.
05:04.512	ID:3	[INFO: App       ] Received response 'hello 27' from fd00::201:1:1:1
05:04.516	ID:4	[INFO: App       ] Sending request 27 to fd00::201:1:1:1
05:04.575	ID:1	[INFO: App       ] Received request 'hello 27' from fd00::204:4:4:4
05:04.575	ID:1	[INFO: App       ] Sending response.
05:04.631	ID:4	[INFO: App       ] Received response 'hello 27' from fd00::201:1:1:1
05:04.645	ID:14	[INFO: App       ] Sending request 25 to fd00::201:1:1:1
05:04.764	ID:1	[INFO: App       ] Received request 'hello 25' from fd00::20e:e:e:e
05:04.764	ID:1	[INFO: App       ] Sending response.
05:04.878	ID:14	[INFO: App       ] Received response 'hello 25' from fd00::201:1:1:1
05:06.228	ID:7	[INFO: App       ] Sending request 25 to fd00::201:1:1:1
05:06.301	ID:1	[INFO: App       ] Received request 'hello 25' from fd00::207:7:7:7
05:06.301	ID:1	[INFO: App       ] Sending response.
05:06.386	ID:7	[INFO: App       ] Received response 'hello 25' from fd00::201:1:1:1
05:06.388	ID:8	[INFO: App       ] Sending request 26 to fd00::201:1:1:1
05:06.441	ID:1	[INFO: App       ] Received request 'hello 26' from fd00::208:8:8:8
05:06.441	ID:1	[INFO: App       ] Sending response.
05:06.493	ID:8	[INFO: App       ] Received response 'hello 26' from fd00::201:1:1:1
05:06.910	ID:12	[INFO: App       ] Sending request 25 to fd00::201:1:1:1
05:07.010	ID:1	[INFO: App       ] Received request 'hello 25' from fd00::20c:c:c:c
05:07.010	ID:1	[INFO: App       ] Sending response.
05:07.146	ID:12	[INFO: App       ] Received response 'hello 25' from fd00::201:1:1:1
05:07.341	ID:15	[INFO: App       ] Sending request 25 to fd00::201:1:1:1
05:07.390	ID:1	[INFO: App       ] Received request 'hello 25' from fd00::20f:f:f:f
05:07.390	ID:1	[INFO: App       ] Sending response.
05:07.503	ID:15	[INFO: App       ] Received response 'hello 25' from fd00::201:1:1:1
05:08.714	ID:9	[INFO: App       ] Sending request 26 to fd00::201:1:1:1
05:08.766	ID:1	[INFO: App       ] Received request 'hello 26' from fd00::209:9:9:9
05:08.766	ID:1	[INFO: App       ] Sending response.
05:08.835	ID:9	[INFO: App       ] Received response 'hello 26' from fd00::201:1:1:1
05:10.350	ID:10	[INFO: App       ] Sending request 27 to fd00::201:1:1:1
05:10.413	ID:1	[INFO: App       ] Received request 'hello 27' from fd00::20a:a:a:a
05:10.413	ID:1	[INFO: App       ] Sending response.
05:10.472	ID:6	[INFO: App       ] Sending request 26 to fd00::201:1:1:1
05:10.497	ID:10	[INFO: App       ] Received response 'hello 27' from fd00::201:1:1:1
05:10.535	ID:1	[INFO: App       ] Received request 'hello 26' from fd00::206:6:6:6
05:10.535	ID:1	[INFO: App       ] Sending response.
05:10.626	ID:6	[INFO: App       ] Received response 'hello 26' from fd00::201:1:1:1
05:10.905	ID:2	[INFO: App       ] Sending request 27 to fd00::201:1:1:1
05:10.960	ID:1	[INFO: App       ] Received request 'hello 27' from fd00::202:2:2:2
05:10.960	ID:1	[INFO: App       ] Sending response.
05:10.999	ID:2	[INFO: App       ] Received response 'hello 27' from fd00::201:1:1:1
05:12.259	ID:13	[INFO: App       ] Sending request 25 to fd00::201:1:1:1
05:12.349	ID:1	[INFO: App       ] Received request 'hello 25' from fd00::20d:d:d:d
05:12.349	ID:1	[INFO: App       ] Sending response.
05:12.454	ID:13	[INFO: App       ] Received response 'hello 25' from fd00::201:1:1:1
05:13.445	ID:5	[INFO: App       ] Sending request 28 to fd00::201:1:1:1
05:13.477	ID:1	[INFO: App       ] Received request 'hello 28' from fd00::205:5:5:5
05:13.477	ID:1	[INFO: App       ] Sending response.
05:13.556	ID:5	[INFO: App       ] Received response 'hello 28' from fd00::201:1:1:1
05:14.183	ID:14	[INFO: App       ] Sending request 26 to fd00::201:1:1:1
05:14.252	ID:3	[INFO: App       ] Sending request 28 to fd00::201:1:1:1
05:14.270	ID:1	[INFO: App       ] Received request 'hello 26' from fd00::20e:e:e:e
05:14.270	ID:1	[INFO: App       ] Sending response.
05:14.297	ID:1	[INFO: App       ] Received request 'hello 28' from fd00::203:3:3:3
05:14.297	ID:1	[INFO: App       ] Sending response.
05:14.347	ID:3	[INFO: App       ] Received response 'hello 28' from fd00::201:1:1:1
05:14.384	ID:14	[INFO: App       ] Received response 'hello 26' from fd00::201:1:1:1
05:15.124	ID:11	[INFO: App       ] Sending request 27 to fd00::201:1:1:1
05:15.178	ID:1	[INFO: App       ] Received request 'hello 27' from fd00::20b:b:b:b
05:15.178	ID:1	[INFO: App       ] Sending response.
05:15.249	ID:11	[INFO: App       ] Received response 'hello 27' from fd00::201:1:1:1
05:15.323	ID:4	[INFO: App       ] Sending request 28 to fd00::201:1:1:1
05:15.368	ID:1	[INFO: App       ] Received request 'hello 28' from fd00::204:4:4:4
05:15.368	ID:1	[INFO: App       ] Sending response.
05:15.411	ID:4	[INFO: App       ] Received response 'hello 28' from fd00::201:1:1:1
05:15.589	ID:7	[INFO: App       ] Sending request 26 to fd00::201:1:1:1
05:15.650	ID:1	[INFO: App       ] Received request 'hello 26' from fd00::207:7:7:7
05:15.650	ID:1	[INFO: App       ] Sending response.
05:15.717	ID:7	[INFO: App       ] Received response 'hello 26' from fd00::201:1:1:1
05:17.031	ID:12	[INFO: App       ] Sending request 26 to fd00::201:1:1:1
05:17.071	ID:8	[INFO: App       ] Sending request 27 to fd00::201:1:1:1
05:17.155	ID:1	[INFO: App       ] Received request 'hello 27' from fd00::208:8:8:8
05:17.155	ID:1	[INFO: App       ] Sending response.
05:17.167	ID:1	[INFO: App       ] Received request 'hello 26' from fd00::20c:c:c:c
05:17.167	ID:1	[INFO: App       ] Sending response.
05:17.233	ID:8	[INFO: App       ] Received response 'hello 27' from fd00::201:1:1:1
05:17.316	ID:12	[INFO: App       ] Received response 'hello 26' from fd00::201:1:1:1
05:18.235	ID:15	[INFO: App       ] Sending request 26 to fd00::201:1:1:1
05:18.340	ID:1	[INFO: App       ] Received request 'hello 26' from fd00::20f:f:f:f
05:18.340	ID:1	[INFO: App       ] Sending response.
05:18.422	ID:15	[INFO: App       ] Received response 'hello 26' from fd00::201:1:1:1
05:19.605	ID:9	[INFO: App       ] Sending request 27 to fd00::201:1:1:1
05:19.720	ID:1	[INFO: App       ] Received request 'hello 27' from fd00::209:9:9:9
05:19.720	ID:1	[INFO: App       ] Sending response.
05:19.787	ID:9	[INFO: App       ] Received response 'hello 27' from fd00::201:1:1:1
05:20.217	ID:6	[INFO: App       ] Sending request 27 to fd00::201:1:1:1
05:20.307	ID:1	[INFO: App       ] Received request 'hello 27' from fd00::206:6:6:6
05:20.307	ID:1	[INFO: App       ] Sending response.
05:20.387	ID:6	[INFO: App       ] Received response 'hello 27' from fd00::201:1:1:1
05:21.057	ID:10	[INFO: App       ] Sending request 28 to fd00::201:1:1:1
05:21.161	ID:1	[INFO: App       ] Received request 'hello 28' from fd00::20a:a:a:a
05:21.161	ID:1	[INFO: App       ] Sending response.
05:21.195	ID:10	[INFO: App       ] Received response 'hello 28' from fd00::201:1:1:1
05:21.494	ID:2	[INFO: App       ] Sending request 28 to fd00::201:1:1:1
05:21.557	ID:1	[INFO: App       ] Received request 'hello 28' from fd00::202:2:2:2
05:21.557	ID:1	[INFO: App       ] Sending response.
05:21.598	ID:2	[INFO: App       ] Received response 'hello 28' from fd00::201:1:1:1
05:21.929	ID:13	[INFO: App       ] Sending request 26 to fd00::201:1:1:1
05:22.045	ID:1	[INFO: App       ] Received request 'hello 26' from fd00::20d:d:d:d
05:22.045	ID:1	[INFO: App       ] Sending response.
05:22.137	ID:13	[INFO: App       ] Received response 'hello 26' from fd00::201:1:1:1
05:23.387	ID:5	[INFO: App       ] Sending request 29 to fd00::201:1:1:1
05:23.408	ID:1	[INFO: App       ] Received request 'hello 29' from fd00::205:5:5:5
05:23.408	ID:1	[INFO: App       ] Sending response.
05:23.481	ID:5	[INFO: App       ] Received response 'hello 29' from fd00::201:1:1:1
05:23.631	ID:3	[INFO: App       ] Sending request 29 to fd00::201:1:1:1
05:23.684	ID:1	[INFO: App       ] Received request 'hello 29' from fd00::203:3:3:3
05:23.684	ID:1	[INFO: App       ] Sending response.
05:23.734	ID:3	[INFO: App       ] Received response 'hello 29' from fd00::201:1:1:1
05:24.383	ID:4	[INFO: App       ] Sending request 29 to fd00::201:1:1:1
05:24.440	ID:1	[INFO: App       ] Received request 'hello 29' from fd00::204:4:4:4
05:24.440	ID:1	[INFO: App       ] Sending response.
05:24.499	ID:4	[INFO: App       ] Received response 'hello 29' from fd00::201:1:1:1
05:24.761	ID:14	[INFO: App       ] Sending request 27 to fd00::201:1:1:1
05:24.890	ID:1	[INFO: App       ] Received request 'hello 27' from fd00::20e:e:e:e
05:24.890	ID:1	[INFO: App       ] Sending response.
05:24.990	ID:14	[INFO: App       ] Received response 'hello 27' from fd00::201:1:1:1
05:25.016	ID:11	[INFO: App       ] Sending request 28 to fd00::201:1:1:1
05:25.081	ID:1	[INFO: App       ] Received request 'hello 28' from fd00::20b:b:b:b
05:25.081	ID:1	[INFO: App       ] Sending response.
05:25.146	ID:11	[INFO: App       ] Received response 'hello 28' from fd00::201:1:1:1
05:25.821	ID:7	[INFO: App       ] Sending request 27 to fd00::201:1:1:1
05:25.901	ID:1	[INFO: App       ] Received request 'hello 27' from fd00::207:7:7:7
05:25.901	ID:1	[INFO: App       ] Sending response.
05:25.978	ID:7	[INFO: App       ] Received response 'hello 27' from fd00::201:1:1:1
05:26.169	ID:12	[INFO: App       ] Sending request 27 to fd00::201:1:1:1
05:26.269	ID:1	[INFO: App       ] Received request 'hello 27' from fd00::20c:c:c:c
05:26.269	ID:1	[INFO: App       ] Sending response.
05:26.347	ID:12	[INFO: App       ] Received response 'hello 27' from fd00::201:1:1:1
05:27.381	ID:8	[INFO: App       ] Sending request 28 to fd00::201:1:1:1
05:27.434	ID:1	[INFO: App       ] Received request 'hello 28' from fd00::208:8:8:8
05:27.434	ID:1	[INFO: App       ] Sending response.
05:27.517	ID:8	[INFO: App       ] Received response 'hello 28' from fd00::201:1:1:1
05:28.637	ID:15	[INFO: App       ] Sending request 27 to fd00::201:1:1:1
05:28.765	ID:1	[INFO: App       ] Received request 'hello 27' from fd00::20f:f:f:f
05:28.765	ID:1	[INFO: App       ] Sending response.
05:28.912	ID:15	[INFO: App       ] Received response 'hello 27' from fd00::201:1:1:1
05:29.308	ID:6	[INFO: App       ] Sending request 28 to fd00::201:1:1:1
05:29.417	ID:1	[INFO: App       ] Received request 'hello 28' from fd00::206:6:6:6
05:29.417	ID:1	[INFO: App       ] Sending response.
05:29.505	ID:6	[INFO: App       ] Received response 'hello 28' from fd00::201:1:1:1
05:30.043	ID:9	[INFO: App       ] Sending request 28 to fd00::201:1:1:1
05:30.154	ID:1	[INFO: App       ] Received request 'hello 28' from fd00::209:9:9:9
05:30.154	ID:1	[INFO: App       ] Sending response.
05:30.221	ID:10	[INFO: App       ] Sending request 29 to fd00::201:1:1:1
05:30.237	ID:9	[INFO: App       ] Received response 'hello 28' from fd00::201:1:1:1
05:30.298	ID:1	[INFO: App       ] Received request 'hello 29' from fd00::20a:a:a:a
05:30.298	ID:1	[INFO: App       ] Sending response.
05:30.394	ID:10	[INFO: App       ] Received response 'hello 29' from fd00::201:1:1:1
05:30.954	ID:13	[INFO: App       ] Sending request 27 to fd00::201:1:1:1
05:31.068	ID:1	[INFO: App       ] Received request 'hello 27' from fd00::20d:d:d:d
05:31.068	ID:1	[INFO: App       ] Sending response.
05:31.133	ID:13	[INFO: App       ] Received response 'hello 27' from fd00::201:1:1:1
05:31.765	ID:2	[INFO: App       ] Sending request 29 to fd00::201:1:1:1
05:31.823	ID:1	[INFO: App       ] Received request 'hello 29' from fd00::202:2:2:2
05:31.823	ID:1	[INFO: App       ] Sending response.
05:31.868	ID:2	[INFO: App       ] Received response 'hello 29' from fd00::201:1:1:1
05:33.524	ID:3	[INFO: App       ] Tx/Rx/MissedTx: 30/30/0
05:33.524	ID:3	[INFO: App       ] Sending request 30 to fd00::201:1:1:1
05:33.582	ID:1	[INFO: App       ] Received request 'hello 30' from fd00::203:3:3:3
05:33.582	ID:1	[INFO: App       ] Sending response.
05:33.620	ID:3	[INFO: App       ] Received response 'hello 30' from fd00::201:1:1:1
05:34.305	ID:5	[INFO: App       ] Tx/Rx/MissedTx: 30/30/0
05:34.305	ID:5	[INFO: App       ] Sending request 30 to fd00::201:1:1:1
05:34.374	ID:1	[INFO: App       ] Received request 'hello 30' from fd00::205:5:5:5
05:34.374	ID:1	[INFO: App       ] Sending response.
05:34.399	ID:5	[INFO: App       ] Received response 'hello 30' from fd00::201:1:1:1
05:34.493	ID:14	[INFO: App       ] Sending request 28 to fd00::201:1:1:1
05:34.608	ID:1	[INFO: App       ] Received request 'hello 28' from fd00::20e:e:e:e
05:34.608	ID:1	[INFO: App       ] Sending response.
05:34.763	ID:14	[INFO: App       ] Received response 'hello 28' from fd00::201:1:1:1
05:35.208	ID:4	[INFO: App       ] Tx/Rx/MissedTx: 30/30/0
05:35.208	ID:4	[INFO: App       ] Sending request 30 to fd00::201:1:1:1
05:35.258	ID:1	[INFO: App       ] Received request 'hello 30' from fd00::204:4:4:4
05:35.258	ID:1	[INFO: App       ] Sending response.
05:35.291	ID:4	[INFO: App       ] Received response 'hello 30' from fd00::201:1:1:1
05:35.477	ID:11	[INFO: App       ] Sending request 29 to fd00::201:1:1:1
05:35.547	ID:1	[INFO: App       ] Received request 'hello 29' from fd00::20b:b:b:b
05:35.547	ID:1	[INFO: App       ] Sending response.
05:35.617	ID:11	[INFO: App       ] Received response 'hello 29' from fd00::201:1:1:1
05:36.011	ID:12	[INFO: App       ] Sending request 28 to fd00::201:1:1:1
05:36.081	ID:1	[INFO: App       ] Received request 'hello 28' from fd00::20c:c:c:c
05:36.081	ID:1	[INFO: App       ] Sending response.
05:36.197	ID:12	[INFO: App       ] Received response 'hello 28' from fd00::201:1:1:1
05:36.427	ID:7	[INFO: App       ] Sending request 28 to fd00::201:1:1:1
05:36.501	ID:1	[INFO: App       ] Received request 'hello 28' from fd00::207:7:7:7
05:36.501	ID:1	[INFO: App       ] Sending response.
05:36.598	ID:7	[INFO: App       ] Received response 'hello 28' from fd00::201:1:1:1
05:37.160	ID:8	[INFO: App       ] Sending request 29 to fd00::201:1:1:1
05:37.233	ID:1	[INFO: App       ] Received request 'hello 29' from fd00::208:8:8:8
05:37.233	ID:1	[INFO: App       ] Sending response.
05:37.322	ID:8	[INFO: App       ] Received response 'hello 29' from fd00::201:1:1:1
05:38.751	ID:15	[INFO: App       ] Sending request 28 to fd00::201:1:1:1
05:38.846	ID:1	[INFO: App       ] Received request 'hello 28' from fd00::20f:f:f:f
05:38.846	ID:1	[INFO: App       ] Sending response.
05:38.929	ID:15	[INFO: App       ] Received response 'hello 28' from fd00::201:1:1:1
05:40.298	ID:6	[INFO: App       ] Sending request 29 to fd00::201:1:1:1
05:40.299	ID:13	[INFO: App       ] Sending request 28 to fd00::201:1:1:1
05:40.379	ID:1	[INFO: App       ] Received request 'hello 28' from fd00::20d:d:d:d
05:40.379	ID:1	[INFO: App       ] Sending response.
05:40.458	ID:13	[INFO: App       ] Received response 'hello 28' from fd00::201:1:1:1
05:40.464	ID:1	[INFO: App       ] Received request 'hello 29' from fd00::206:6:6:6
05:40.464	ID:1	[INFO: App       ] Sending response.
05:40.514	ID:6	[INFO: App       ] Received response 'hello 29' from fd00::201:1:1:1
05:40.622	ID:10	[INFO: App       ] Tx/Rx/MissedTx: 30/30/0
05:40.622	ID:10	[INFO: App       ] Sending request 30 to fd00::201:1:1:1
05:40.696	ID:1	[INFO: App       ] Received request 'hello 30' from fd00::20a:a:a:a
05:40.696	ID:1	[INFO: App       ] Sending response.
05:40.749	ID:9	[INFO: App       ] Sending request 29 to fd00::201:1:1:1
05:40.776	ID:10	[INFO: App       ] Received response 'hello 30' from fd00::201:1:1:1
05:40.811	ID:1	[INFO: App       ] Received request 'hello 29' from fd00::209:9:9:9
05:40.811	ID:1	[INFO: App       ] Sending response.
05:40.870	ID:9	[INFO: App       ] Received response 'hello 29' from fd00::201:1:1:1
05:41.690	ID:2	[INFO: App       ] Tx/Rx/MissedTx: 30/30/0
05:41.690	ID:2	[INFO: App       ] Sending request 30 to fd00::201:1:1:1
05:41.751	ID:1	[INFO: App       ] Received request 'hello 30' from fd00::202:2:2:2
05:41.751	ID:1	[INFO: App       ] Sending response.
05:41.798	ID:2	[INFO: App       ] Received response 'hello 30' from fd00::201:1:1:1
05:43.255	ID:3	[INFO: App       ] Sending request 31 to fd00::201:1:1:1
05:43.284	ID:1	[INFO: App       ] Received request 'hello 31' from fd00::203:3:3:3
05:43.284	ID:1	[INFO: App       ] Sending response.
05:43.324	ID:3	[INFO: App       ] Received response 'hello 31' from fd00::201:1:1:1
05:43.573	ID:5	[INFO: App       ] Sending request 31 to fd00::201:1:1:1
05:43.643	ID:1	[INFO: App       ] Received request 'hello 31' from fd00::205:5:5:5
05:43.643	ID:1	[INFO: App       ] Sending response.
05:43.696	ID:5	[INFO: App       ] Received response 'hello 31' from fd00::201:1:1:1
05:44.005	ID:14	[INFO: App       ] Sending request 29 to fd00::201:1:1:1
05:44.083	ID:1	[INFO: App       ] Received request 'hello 29' from fd00::20e:e:e:e
05:44.083	ID:1	[INFO: App       ] Sending response.
05:44.198	ID:14	[INFO: App       ] Received response 'hello 29' from fd00::201:1:1:1
05:45.012	ID:11	[INFO: App       ] Tx/Rx/MissedTx: 30/30/0
05:45.012	ID:11	[INFO: App       ] Sending request 30 to fd00::201:1:1:1
05:45.104	ID:4	[INFO: App       ] Sending request 31 to fd00::201:1:1:1
05:45.108	ID:1	[INFO: App       ] Received request 'hello 30' from fd00::20b:b:b:b
05:45.108	ID:1	[INFO: App       ] Sending response.
05:45.178	ID:1	[INFO: App       ] Received request 'hello 31' from fd00::204:4:4:4
05:45.178	ID:1	[INFO: App       ] Sending response.
05:45.254	ID:11	[INFO: App       ] Received response 'hello 30' from fd00::201:1:1:1
05:45.264	ID:4	[INFO: App       ] Received response 'hello 31' from fd00::201:1:1:1
05:45.928	ID:12	[INFO: App       ] Sending request 29 to fd00::201:1:1:1
05:46.039	ID:1	[INFO: App       ] Received request 'hello 29' from fd00::20c:c:c:c
05:46.039	ID:1	[INFO: App       ] Sending response.
05:46.162	ID:12	[INFO: App       ] Received response 'hello 29' from fd00::201:1:1:1
05:46.176	ID:8	[INFO: App       ] Tx/Rx/MissedTx: 30/30/0
05:46.176	ID:8	[INFO: App       ] Sending request 30 to fd00::201:1:1:1
05:46.255	ID:1	[INFO: App       ] Received request 'hello 30' from fd00::208:8:8:8
05:46.255	ID:1	[INFO: App       ] Sending response.
05:46.302	ID:8	[INFO: App       ] Received response 'hello 30' from fd00::201:1:1:1
05:46.407	ID:7	[INFO: App       ] Sending request 29 to fd00::201:1:1:1
05:46.494	ID:1	[INFO: App       ] Received request 'hello 29' from fd00::207:7:7:7
05:46.494	ID:1	[INFO: App       ] Sending response.
05:46.556	ID:7	[INFO: App       ] Received response 'hello 29' from fd00::201:1:1:1
05:48.158	ID:15	[INFO: App       ] Sending request 29 to fd00::201:1:1:1
05:48.230	ID:1	[INFO: App       ] Received request 'hello 29' from fd00::20f:f:f:f
05:48.230	ID:1	[INFO: App       ] Sending response.
05:48.316	ID:15	[INFO: App       ] Received response 'hello 29' from fd00::201:1:1:1
05:49.386	ID:6	[INFO: App       ] Tx/Rx/MissedTx: 30/29/0
05:49.386	ID:6	[INFO: App       ] Sending request 30 to fd00::201:1:1:1
05:49.455	ID:1	[INFO: App       ] Received request 'hello 30' from fd00::206:6:6:6
05:49.455	ID:1	[INFO: App       ] Sending response.
05:49.581	ID:6	[INFO: App       ] Received response 'hello 30' from fd00::201:1:1:1
05:50.114	ID:10	[INFO: App       ] Sending request 31 to fd00::201:1:1:1
05:50.186	ID:1	[INFO: App       ] Received request 'hello 31' from fd00::20a:a:a:a
05:50.186	ID:1	[INFO: App       ] Sending response.
05:50.256	ID:10	[INFO: App       ] Received response 'hello 31' from fd00::201:1:1:1
05:50.718	ID:13	[INFO: App       ] Sending request 29 to fd00::201:1:1:1
05:50.837	ID:1	[INFO: App       ] Received request 'hello 29' from fd00::20d:d:d:d
05:50.837	ID:1	[INFO: App       ] Sending response.
05:50.839	ID:9	[INFO: App       ] Tx/Rx/MissedTx: 30/30/0
05:50.839	ID:9	[INFO: App       ] Sending request 30 to fd00::201:1:1:1
05:50.910	ID:1	[INFO: App       ] Received request 'hello 30' from fd00::209:9:9:9
05:50.910	ID:1	[INFO: App       ] Sending response.
05:50.937	ID:13	[INFO: App       ] Received response 'hello 29' from fd00::201:1:1:1
05:51.004	ID:9	[INFO: App       ] Received response 'hello 30' from fd00::201:1:1:1
05:51.386	ID:2	[INFO: App       ] Sending request 31 to fd00::201:1:1:1
05:51.435	ID:1	[INFO: App       ] Received request 'hello 31' from fd00::202:2:2:2
05:51.435	ID:1	[INFO: App       ] Sending response.
05:51.511	ID:2	[INFO: App       ] Received response 'hello 31' from fd00::201:1:1:1
05:53.035	ID:14	[INFO: App       ] Tx/Rx/MissedTx: 30/30/0
05:53.035	ID:14	[INFO: App       ] Sending request 30 to fd00::201:1:1:1
05:53.114	ID:1	[INFO: App       ] Received request 'hello 30' from fd00::20e:e:e:e
05:53.114	ID:1	[INFO: App       ] Sending response.
05:53.227	ID:14	[INFO: App       ] Received response 'hello 30' from fd00::201:1:1:1
05:53.601	ID:5	[INFO: App       ] Sending request 32 to fd00::201:1:1:1
05:53.641	ID:1	[INFO: App       ] Received request 'hello 32' from fd00::205:5:5:5
05:53.641	ID:1	[INFO: App       ] Sending response.
05:53.688	ID:5	[INFO: App       ] Received response 'hello 32' from fd00::201:1:1:1
05:53.737	ID:3	[INFO: App       ] Sending request 32 to fd00::201:1:1:1
05:53.749	ID:1	[INFO: App       ] Received request 'hello 32' from fd00::203:3:3:3
05:53.749	ID:1	[INFO: App       ] Sending response.
05:53.814	ID:3	[INFO: App       ] Received response 'hello 32' from fd00::201:1:1:1
05:54.672	ID:11	[INFO: App       ] Sending request 31 to fd00::201:1:1:1
05:54.750	ID:1	[INFO: App       ] Received request 'hello 31' from fd00::20b:b:b:b
05:54.750	ID:1	[INFO: App       ] Sending response.
05:54.770	ID:4	[INFO: App       ] Sending request 32 to fd00::201:1:1:1
05:54.823	ID:1	[INFO: App       ] Received request 'hello 32' from fd00::204:4:4:4
05:54.823	ID:1	[INFO: App       ] Sending response.
05:54.831	ID:11	[INFO: App       ] Received response 'hello 31' from fd00::201:1:1:1
05:54.873	ID:4	[INFO: App       ] Received response 'hello 32' from fd00::201:1:1:1
05:55.412	ID:7	[INFO: App       ] Tx/Rx/MissedTx: 30/30/0
05:55.412	ID:7	[INFO: App       ] Sending request 30 to fd00::201:1:1:1
05:55.447	ID:1	[INFO: App       ] Received request 'hello 30' from fd00::207:7:7:7
05:55.447	ID:1	[INFO: App       ] Sending response.
05:55.527	ID:7	[INFO: App       ] Received response 'hello 30' from fd00::201:1:1:1
05:55.656	ID:8	[INFO: App       ] Sending request 31 to fd00::201:1:1:1
05:55.716	ID:1	[INFO: App       ] Received request 'hello 31' from fd00::208:8:8:8
05:55.716	ID:1	[INFO: App       ] Sending response.
05:55.785	ID:8	[INFO: App       ] Received response 'hello 31' from fd00::201:1:1:1
05:56.718	ID:12	[INFO: App       ] Tx/Rx/MissedTx: 30/29/0
05:56.718	ID:12	[INFO: App       ] Sending request 30 to fd00::201:1:1:1
05:56.787	ID:1	[INFO: App       ] Received request 'hello 30' from fd00::20c:c:c:c
05:56.787	ID:1	[INFO: App       ] Sending response.
05:56.926	ID:12	[INFO: App       ] Received response 'hello 30' from fd00::201:1:1:1
05:57.866	ID:15	[INFO: App       ] Tx/Rx/MissedTx: 30/30/0
05:57.866	ID:15	[INFO: App       ] Sending request 30 to fd00::201:1:1:1
05:57.982	ID:1	[INFO: App       ] Received request 'hello 30' from fd00::20f:f:f:f
05:57.982	ID:1	[INFO: App       ] Sending response.
05:58.106	ID:15	[INFO: App       ] Received response 'hello 30' from fd00::201:1:1:1
05:59.296	ID:6	[INFO: App       ] Sending request 31 to fd00::201:1:1:1
05:59.347	ID:1	[INFO: App       ] Received request 'hello 31' from fd00::206:6:6:6
05:59.347	ID:1	[INFO: App       ] Sending response.
05:59.383	ID:6	[INFO: App       ] Received response 'hello 31' from fd00::201:1:1:1
05:59.904	ID:9	[INFO: App       ] Sending request 31 to fd00::201:1:1:1
06:00.012	ID:1	[INFO: App       ] Received request 'hello 31' from fd00::209:9:9:9
06:00.012	ID:1	[INFO: App       ] Sending response.
06:00.079	ID:9	[INFO: App       ] Received response 'hello 31' from fd00::201:1:1:1
06:00.651	ID:2	[INFO: App       ] Sending request 32 to fd00::201:1:1:1
06:00.707	ID:1	[INFO: App       ] Received request 'hello 32' from fd00::202:2:2:2
06:00.707	ID:1	[INFO: App       ] Sending response.
06:00.735	ID:2	[INFO: App       ] Received response 'hello 32' from fd00::201:1:1:1
06:01.069	ID:13	[INFO: App       ] Tx/Rx/MissedTx: 30/30/0
06:01.069	ID:13	[INFO: App       ] Sending request 30 to fd00::201:1:1:1
06:01.088	ID:10	[INFO: App       ] Sending request 32 to fd00::201:1:1:1
06:01.183	ID:1	[INFO: App       ] Received request 'hello 32' from fd00::20a:a:a:a
06:01.183	ID:1	[INFO: App       ] Sending response.
06:01.199	ID:1	[INFO: App       ] Received request 'hello 30' from fd00::20d:d:d:d
06:01.199	ID:1	[INFO: App       ] Sending response.
06:01.248	ID:10	[INFO: App       ] Received response 'hello 32' from fd00::201:1:1:1
06:01.334	ID:13	[INFO: App       ] Received response 'hello 30' from fd00::201:1:1:1
06:02.279	ID:14	[INFO: App       ] Sending request 31 to fd00::201:1:1:1
06:02.352	ID:1	[INFO: App       ] Received request 'hello 31' from fd00::20e:e:e:e
06:02.352	ID:1	[INFO: App       ] Sending response.
06:02.396	ID:14	[INFO: App       ] Received response 'hello 31' from fd00::201:1:1:1
06:03.748	ID:11	[INFO: App       ] Sending request 32 to fd00::201:1:1:1
06:03.811	ID:1	[INFO: App       ] Received request 'hello 32' from fd00::20b:b:b:b
06:03.811	ID:1	[INFO: App       ] Sending response.
06:03.898	ID:11	[INFO: App       ] Received response 'hello 32' from fd00::201:1:1:1
06:04.255	ID:3	[INFO: App       ] Sending request 33 to fd00::201:1:1:1
06:04.323	ID:5	[INFO: App       ] Sending request 33 to fd00::201:1:1:1
06:04.327	ID:1	[INFO: App       ] Received request 'hello 33' from fd00::203:3:3:3
06:04.327	ID:1	[INFO: App       ] Sending response.
06:04.351	ID:1	[INFO: App       ] Received request 'hello 33' from fd00::205:5:5:5
06:04.351	ID:1	[INFO: App       ] Sending response.
06:04.383	ID:3	[INFO: App       ] Received response 'hello 33' from fd00::201:1:1:1
06:04.415	ID:5	[INFO: App       ] Received response 'hello 33' from fd00::201:1:1:1
06:05.188	ID:7	[INFO: App       ] Sending request 31 to fd00::201:1:1:1
06:05.291	ID:1	[INFO: App       ] Received request 'hello 31' from fd00::207:7:7:7
06:05.291	ID:1	[INFO: App       ] Sending response.
06:05.355	ID:7	[INFO: App       ] Received response 'hello 31' from fd00::201:1:1:1
06:05.668	ID:4	[INFO: App       ] Sending request 33 to fd00::201:1:1:1
06:05.740	ID:1	[INFO: App       ] Received request 'hello 33' from fd00::204:4:4:4
06:05.740	ID:1	[INFO: App       ] Sending response.
06:05.760	ID:4	[INFO: App       ] Received response 'hello 33' from fd00::201:1:1:1
06:06.608	ID:8	[INFO: App       ] Sending request 32 to fd00::201:1:1:1
06:06.725	ID:1	[INFO: App       ] Received request 'hello 32' from fd00::208:8:8:8
06:06.725	ID:1	[INFO: App       ] Sending response.
06:06.793	ID:8	[INFO: App       ] Received response 'hello 32' from fd00::201:1:1:1
06:07.192	ID:12	[INFO: App       ] Sending request 31 to fd00::201:1:1:1
06:07.277	ID:1	[INFO: App       ] Received request 'hello 31' from fd00::20c:c:c:c
06:07.277	ID:1	[INFO: App       ] Sending response.
06:07.346	ID:12	[INFO: App       ] Received response 'hello 31' from fd00::201:1:1:1
06:07.812	ID:15	[INFO: App       ] Sending request 31 to fd00::201:1:1:1
06:07.923	ID:1	[INFO: App       ] Received request 'hello 31' from fd00::20f:f:f:f
06:07.923	ID:1	[INFO: App       ] Sending response.
06:08.010	ID:15	[INFO: App       ] Received response 'hello 31' from fd00::201:1:1:1
06:09.511	ID:6	[INFO: App       ] Sending request 32 to fd00::201:1:1:1
06:09.596	ID:1	[INFO: App       ] Received request 'hello 32' from fd00::206:6:6:6
06:09.596	ID:1	[INFO: App       ] Sending response.
06:09.672	ID:9	[INFO: App       ] Sending request 32 to fd00::201:1:1:1
06:09.699	ID:6	[INFO: App       ] Received response 'hello 32' from fd00::201:1:1:1
06:09.749	ID:1	[INFO: App       ] Received request 'hello 32' from fd00::209:9:9:9
06:09.749	ID:1	[INFO: App       ] Sending response.
06:09.822	ID:9	[INFO: App       ] Received response 'hello 32' from fd00::201:1:1:1
06:10.193	ID:10	[INFO: App       ] Sending request 33 to fd00::201:1:1:1
06:10.242	ID:1	[INFO: App       ] Received request 'hello 33' from fd00::20a:a:a:a
06:10.242	ID:1	[INFO: App       ] Sending response.
06:10.306	ID:10	[INFO: App       ] Received response 'hello 33' from fd00::201:1:1:1
06:11.240	ID:13	[INFO: App       ] Sending request 31 to fd00::201:1:1:1
06:11.327	ID:1	[INFO: App       ] Received request 'hello 31' from fd00::20d:d:d:d
06:11.327	ID:1	[INFO: App       ] Sending response.
06:11.350	ID:14	[INFO: App       ] Sending request 32 to fd00::201:1:1:1
06:11.433	ID:1	[INFO: App       ] Received request 'hello 32' from fd00::20e:e:e:e
06:11.433	ID:1	[INFO: App       ] Sending response.
06:11.441	ID:13	[INFO: App       ] Received response 'hello 31' from fd00::201:1:1:1
06:11.458	ID:2	[INFO: App       ] Sending request 33 to fd00::201:1:1:1
06:11.509	ID:1	[INFO: App       ] Received request 'hello 33' from fd00::202:2:2:2
06:11.509	ID:1	[INFO: App       ] Sending response.
06:11.549	ID:14	[INFO: App       ] Received response 'hello 32' from fd00::201:1:1:1
06:11.588	ID:2	[INFO: App       ] Received response 'hello 33' from fd00::201:1:1:1
06:13.889	ID:11	[INFO: App       ] Sending request 33 to fd00::201:1:1:1
06:13.941	ID:3	[INFO: App       ] Sending request 34 to fd00::201:1:1:1
06:13.971	ID:1	[INFO: App       ] Received request 'hello 33' from fd00::20b:b:b:b
06:13.971	ID:1	[INFO: App       ] Sending response.
06:13.994	ID:1	[INFO: App       ] Received request 'hello 34' from fd00::203:3:3:3
06:13.994	ID:1	[INFO: App       ] Sending response.
06:14.078	ID:11	[INFO: App       ] Received response 'hello 33' from fd00::201:1:1:1
06:14.085	ID:3	[INFO: App       ] Received response 'hello 34' from fd00::201:1:1:1
06:14.386	ID:7	[INFO: App       ] Sending request 32 to fd00::201:1:1:1
06:14.495	ID:1	[INFO: App       ] Received request 'hello 32' from fd00::207:7:7:7
06:14.495	ID:1	[INFO: App       ] Sending response.
06:14.562	ID:7	[INFO: App       ] Received response 'hello 32' from fd00::201:1:1:1
06:15.025	ID:5	[INFO: App       ] Sending request 34 to fd00::201:1:1:1
06:15.093	ID:1	[INFO: App       ] Received request 'hello 34' from fd00::205:5:5:5
06:15.093	ID:1	[INFO: App       ] Sending response.
06:15.118	ID:5	[INFO: App       ] Received response 'hello 34' from fd00::201:1:1:1
06:16.355	ID:12	[INFO: App       ] Sending request 32 to fd00::201:1:1:1
06:16.370	ID:4	[INFO: App       ] Sending request 34 to fd00::201:1:1:1
06:16.412	ID:1	[INFO: App       ] Received request 'hello 34' from fd00::204:4:4:4
06:16.412	ID:1	[INFO: App       ] Sending response.
06:16.438	ID:4	[INFO: App       ] Received response 'hello 34' from fd00::201:1:1:1
06:16.449	ID:1	[INFO: App       ] Received request 'hello 32' from fd00::20c:c:c:c
06:16.449	ID:1	[INFO: App       ] Sending response.
06:16.548	ID:12	[INFO: App       ] Received response 'hello 32' from fd00::201:1:1:1
06:17.424	ID:15	[INFO: App       ] Sending request 32 to fd00::201:1:1:1
06:17.469	ID:8	[INFO: App       ] Sending request 33 to fd00::201:1:1:1
06:17.506	ID:1	[INFO: App       ] Received request 'hello 32' from fd00::20f:f:f:f
06:17.506	ID:1	[INFO: App       ] Sending response.
06:17.534	ID:1	[INFO: App       ] Received request 'hello 33' from fd00::208:8:8:8
06:17.534	ID:1	[INFO: App       ] Sending response.
06:17.599	ID:15	[INFO: App       ] Received response 'hello 32' from fd00::201:1:1:1
06:17.626	ID:8	[INFO: App       ] Received response 'hello 33' from fd00::201:1:1:1
06:19.003	ID:9	[INFO: App       ] Sending request 33 to fd00::201:1:1:1
06:19.074	ID:1	[INFO: App       ] Received request 'hello 33' from fd00::209:9:9:9
06:19.074	ID:1	[INFO: App       ] Sending response.
06:19.144	ID:9	[INFO: App       ] Received response 'hello 33' from fd00::201:1:1:1
06:19.709	ID:6	[INFO: App       ] Sending request 33 to fd00::201:1:1:1
06:19.774	ID:1	[INFO: App       ] Received request 'hello 33' from fd00::206:6:6:6
06:19.774	ID:1	[INFO: App       ] Sending response.
06:19.849	ID:6	[INFO: App       ] Received response 'hello 33' from fd00::201:1:1:1
06:20.487	ID:2	[INFO: App       ] Sending request 34 to fd00::201:1:1:1
06:20.547	ID:1	[INFO: App       ] Received request 'hello 34' from fd00::202:2:2:2
06:20.547	ID:1	[INFO: App       ] Sending response.
06:20.578	ID:14	[INFO: App       ] Sending request 33 to fd00::201:1:1:1
06:20.598	ID:2	[INFO: App       ] Received response 'hello 34' from fd00::201:1:1:1
06:20.717	ID:1	[INFO: App       ] Received request 'hello 33' from fd00::20e:e:e:e
06:20.717	ID:1	[INFO: App       ] Sending response.
06:20.814	ID:14	[INFO: App       ] Received response 'hello 33' from fd00::201:1:1:1
06:20.858	ID:10	[INFO: App       ] Sending request 34 to fd00::201:1:1:1
06:20.929	ID:1	[INFO: App       ] Received request 'hello 34' from fd00::20a:a:a:a
06:20.929	ID:1	[INFO: App       ] Sending response.
06:20.957	ID:10	[INFO: App       ] Received response 'hello 34' from fd00::201:1:1:1
06:21.489	ID:13	[INFO: App       ] Sending request 32 to fd00::201:1:1:1
06:21.573	ID:1	[INFO: App       ] Received request 'hello 32' from fd00::20d:d:d:d
06:21.573	ID:1	[INFO: App       ] Sending response.
06:21.639	ID:13	[INFO: App       ] Received response 'hello 32' from fd00::201:1:1:1
06:23.890	ID:7	[INFO: App       ] Sending request 33 to fd00::201:1:1:1
06:23.966	ID:1	[INFO: App       ] Received request 'hello 33' from fd00::207:7:7:7
06:23.966	ID:1	[INFO: App       ] Sending response.
06:24.064	ID:7	[INFO: App       ] Received response 'hello 33' from fd00::201:1:1:1
06:24.171	ID:3	[INFO: App       ] Sending request 35 to fd00::201:1:1:1
06:24.202	ID:1	[INFO: App       ] Received request 'hello 35' from fd00::203:3:3:3
06:24.202	ID:1	[INFO: App       ] Sending response.
06:24.243	ID:3	[INFO: App       ] Received response 'hello 35' from fd00::201:1:1:1
06:24.346	ID:11	[INFO: App       ] Sending request 34 to fd00::201:1:1:1
06:24.380	ID:1	[INFO: App       ] Received request 'hello 34' from fd00::20b:b:b:b
06:24.380	ID:1	[INFO: App       ] Sending response.
06:24.477	ID:11	[INFO: App       ] Received response 'hello 34' from fd00::201:1:1:1
06:24.479	ID:5	[INFO: App       ] Sending request 35 to fd00::201:1:1:1
06:24.532	ID:1	[INFO: App       ] Received request 'hello 35' from fd00::205:5:5:5
06:24.532	ID:1	[INFO: App       ] Sending response.
06:24.572	ID:5	[INFO: App       ] Received response 'hello 35' from fd00::201:1:1:1
06:26.274	ID:12	[INFO: App       ] Sending request 33 to fd00::201:1:1:1
06:26.389	ID:1	[INFO: App       ] Received request 'hello 33' from fd00::20c:c:c:c
06:26.389	ID:1	[INFO: App       ] Sending response.
06:26.475	ID:12	[INFO: App       ] Received response 'hello 33' from fd00::201:1:1:1
06:27.316	ID:4	[INFO: App       ] Sending request 35 to fd00::201:1:1:1
06:27.355	ID:1	[INFO: App       ] Received request 'hello 35' from fd00::204:4:4:4
06:27.355	ID:1	[INFO: App       ] Sending response.
06:27.394	ID:4	[INFO: App       ] Received response 'hello 35' from fd00::201:1:1:1
06:28.002	ID:8	[INFO: App       ] Sending request 34 to fd00::201:1:1:1
06:28.019	ID:15	[INFO: App       ] Sending request 33 to fd00::201:1:1:1
06:28.065	ID:1	[INFO: App       ] Received request 'hello 34' from fd00::208:8:8:8
06:28.065	ID:1	[INFO: App       ] Sending response.
06:28.150	ID:1	[INFO: App       ] Received request 'hello 33' from fd00::20f:f:f:f
06:28.150	ID:1	[INFO: App       ] Sending response.
06:28.158	ID:8	[INFO: App       ] Received response 'hello 34' from fd00::201:1:1:1
06:28.242	ID:15	[INFO: App       ] Received response 'hello 33' from fd00::201:1:1:1
06:29.727	ID:9	[INFO: App       ] Sending request 34 to fd00::201:1:1:1
06:29.842	ID:1	[INFO: App       ] Received request 'hello 34' from fd00::209:9:9:9
06:29.842	ID:1	[INFO: App       ] Sending response.
06:29.917	ID:9	[INFO: App       ] Received response 'hello 34' from fd00::201:1:1:1
06:30.590	ID:6	[INFO: App       ] Sending request 34 to fd00::201:1:1:1
06:30.663	ID:13	[INFO: App       ] Sending request 33 to fd00::201:1:1:1
06:30.701	ID:1	[INFO: App       ] Received request 'hello 34' from fd00::206:6:6:6
06:30.701	ID:1	[INFO: App       ] Sending response.
06:30.754	ID:14	[INFO: App       ] Sending request 34 to fd00::201:1:1:1
06:30.761	ID:1	[INFO: App       ] Received request 'hello 33' from fd00::20d:d:d:d
06:30.761	ID:1	[INFO: App       ] Sending response.
06:30.767	ID:6	[INFO: App       ] Received response 'hello 34' from fd00::201:1:1:1
06:30.838	ID:13	[INFO: App       ] Received response 'hello 33' from fd00::201:1:1:1
06:30.887	ID:1	[INFO: App       ] Received request 'hello 34' from fd00::20e:e:e:e
06:30.887	ID:1	[INFO: App       ] Sending response.
06:30.965	ID:14	[INFO: App       ] Received response 'hello 34' from fd00::201:1:1:1
06:31.008	ID:2	[INFO: App       ] Sending request 35 to fd00::201:1:1:1
06:31.037	ID:1	[INFO: App       ] Received request 'hello 35' from fd00::202:2:2:2
06:31.037	ID:1	[INFO: App       ] Sending response.
06:31.093	ID:2	[INFO: App       ] Received response 'hello 35' from fd00::201:1:1:1
06:31.725	ID:10	[INFO: App       ] Sending request 35 to fd00::201:1:1:1
06:31.781	ID:1	[INFO: App       ] Received request 'hello 35' from fd00::20a:a:a:a
06:31.781	ID:1	[INFO: App       ] Sending response.
06:31.869	ID:10	[INFO: App       ] Received response 'hello 35' from fd00::201:1:1:1
